HourOfYear,PeriodOfYear,Domestic_electricity
1,1,0.0
2,1,0.0
3,1,0.0
4,1,0.0
5,1,0.0
6,1,0.0
7,1,14.57057358362366
8,1,14.57057358362366
9,1,14.57057358362366
10,1,14.57057358362366
11,1,14.57057358362366
12,1,14.57057358362366
13,1,14.57057358362366
14,1,14.57057358362366
15,1,14.57057358362366
16,1,14.57057358362366
17,1,14.57057358362366
18,1,14.57057358362366
19,1,14.57057358362366
20,1,0.0
21,1,0.0
22,1,0.0
23,1,0.0
24,1,0.0
25,1,0.0
26,1,0.0
27,1,0.0
28,1,0.0
29,1,0.0
30,1,0.0
31,1,14.57057358362366
32,1,14.57057358362366
33,1,14.57057358362366
34,1,14.57057358362366
35,1,14.57057358362366
36,1,14.57057358362366
37,1,14.57057358362366
38,1,14.57057358362366
39,1,14.57057358362366
40,1,14.57057358362366
41,1,14.57057358362366
42,1,14.57057358362366
43,1,14.57057358362366
44,1,0.0
45,1,0.0
46,1,0.0
47,1,0.0
48,1,0.0
49,1,0.0
50,1,0.0
51,1,0.0
52,1,0.0
53,1,0.0
54,1,0.0
55,1,14.57057358362366
56,1,14.57057358362366
57,1,14.57057358362366
58,1,14.57057358362366
59,1,14.57057358362366
60,1,14.57057358362366
61,1,14.57057358362366
62,1,14.57057358362366
63,1,14.57057358362366
64,1,14.57057358362366
65,1,14.57057358362366
66,1,14.57057358362366
67,1,14.57057358362366
68,1,0.0
69,1,0.0
70,1,0.0
71,1,0.0
72,1,0.0
73,1,0.0
74,1,0.0
75,1,0.0
76,1,0.0
77,1,0.0
78,1,0.0
79,1,14.57057358362366
80,1,14.57057358362366
81,1,14.57057358362366
82,1,14.57057358362366
83,1,14.57057358362366
84,1,14.57057358362366
85,1,14.57057358362366
86,1,14.57057358362366
87,1,14.57057358362366
88,1,14.57057358362366
89,1,14.57057358362366
90,1,14.57057358362366
91,1,14.57057358362366
92,1,0.0
93,1,0.0
94,1,0.0
95,1,0.0
96,1,0.0
97,2,0.5564376000000002
98,2,0.5564376000000002
99,2,0.5564376000000002
100,2,0.5564376000000002
101,2,0.5564376000000002
102,2,0.5564376000000002
103,2,31.30064105070348
104,2,33.52639145070348
105,2,33.52639145070348
106,2,33.52639145070348
107,2,33.52639145070348
108,2,33.52639145070348
109,2,33.52639145070348
110,2,33.52639145070348
111,2,33.52639145070348
112,2,33.52639145070348
113,2,33.52639145070348
114,2,33.52639145070348
115,2,33.52639145070348
116,2,18.95581786707982
117,2,16.73006746707982
118,2,16.73006746707982
119,2,0.5564376000000002
120,2,0.5564376000000002
121,3,10.23845184
122,3,13.57707744
123,3,13.57707744
124,3,13.57707744
125,3,13.57707744
126,3,13.57707744
127,3,44.32128089070348
128,3,109.1583646953549
129,3,129.1901182953549
130,3,147.5525590953549
131,3,165.914999895355
132,3,147.5525590953549
133,3,98.30783149535496
134,3,129.1901182953549
135,3,165.914999895355
136,3,147.5525590953549
137,3,144.2139334953549
138,3,109.1583646953549
139,3,46.54703129070347
140,3,31.97645770707982
141,3,29.75070730707982
142,3,29.75070730707982
143,3,13.57707744
144,3,13.57707744
145,1,0.0
146,1,0.0
147,1,0.0
148,1,0.0
149,1,0.0
150,1,0.0
151,1,14.57057358362366
152,1,14.57057358362366
153,1,14.57057358362366
154,1,14.57057358362366
155,1,14.57057358362366
156,1,14.57057358362366
157,1,14.57057358362366
158,1,14.57057358362366
159,1,14.57057358362366
160,1,14.57057358362366
161,1,14.57057358362366
162,1,14.57057358362366
163,1,14.57057358362366
164,1,0.0
165,1,0.0
166,1,0.0
167,1,0.0
168,1,0.0
169,3,10.23845184
170,3,13.57707744
171,3,13.57707744
172,3,13.57707744
173,3,13.57707744
174,3,13.57707744
175,3,44.32128089070348
176,3,109.1583646953549
177,3,129.1901182953549
178,3,147.5525590953549
179,3,165.914999895355
180,3,147.5525590953549
181,3,98.30783149535496
182,3,129.1901182953549
183,3,165.914999895355
184,3,147.5525590953549
185,3,144.2139334953549
186,3,109.1583646953549
187,3,46.54703129070347
188,3,31.97645770707982
189,3,29.75070730707982
190,3,29.75070730707982
191,3,13.57707744
192,3,13.57707744
193,1,0.0
194,1,0.0
195,1,0.0
196,1,0.0
197,1,0.0
198,1,0.0
199,1,14.57057358362366
200,1,14.57057358362366
201,1,14.57057358362366
202,1,14.57057358362366
203,1,14.57057358362366
204,1,14.57057358362366
205,1,14.57057358362366
206,1,14.57057358362366
207,1,14.57057358362366
208,1,14.57057358362366
209,1,14.57057358362366
210,1,14.57057358362366
211,1,14.57057358362366
212,1,0.0
213,1,0.0
214,1,0.0
215,1,0.0
216,1,0.0
217,3,10.23845184
218,3,13.57707744
219,3,13.57707744
220,3,13.57707744
221,3,13.57707744
222,3,13.57707744
223,3,44.32128089070348
224,3,109.1583646953549
225,3,129.1901182953549
226,3,147.5525590953549
227,3,165.914999895355
228,3,147.5525590953549
229,3,98.30783149535496
230,3,129.1901182953549
231,3,165.914999895355
232,3,147.5525590953549
233,3,144.2139334953549
234,3,109.1583646953549
235,3,46.54703129070347
236,3,31.97645770707982
237,3,29.75070730707982
238,3,29.75070730707982
239,3,13.57707744
240,3,13.57707744
241,1,0.0
242,1,0.0
243,1,0.0
244,1,0.0
245,1,0.0
246,1,0.0
247,1,14.57057358362366
248,1,14.57057358362366
249,1,14.57057358362366
250,1,14.57057358362366
251,1,14.57057358362366
252,1,14.57057358362366
253,1,14.57057358362366
254,1,14.57057358362366
255,1,14.57057358362366
256,1,14.57057358362366
257,1,14.57057358362366
258,1,14.57057358362366
259,1,14.57057358362366
260,1,0.0
261,1,0.0
262,1,0.0
263,1,0.0
264,1,0.0
265,3,10.23845184
266,3,13.57707744
267,3,13.57707744
268,3,13.57707744
269,3,13.57707744
270,3,13.57707744
271,3,44.32128089070348
272,3,109.1583646953549
273,3,129.1901182953549
274,3,147.5525590953549
275,3,165.914999895355
276,3,147.5525590953549
277,3,98.30783149535496
278,3,129.1901182953549
279,3,165.914999895355
280,3,147.5525590953549
281,3,144.2139334953549
282,3,109.1583646953549
283,3,46.54703129070347
284,3,31.97645770707982
285,3,29.75070730707982
286,3,29.75070730707982
287,3,13.57707744
288,3,13.57707744
289,3,10.23845184
290,3,13.57707744
291,3,13.57707744
292,3,13.57707744
293,3,13.57707744
294,3,13.57707744
295,3,44.32128089070348
296,3,109.1583646953549
297,3,129.1901182953549
298,3,147.5525590953549
299,3,165.914999895355
300,3,147.5525590953549
301,3,98.30783149535496
302,3,129.1901182953549
303,3,165.914999895355
304,3,147.5525590953549
305,3,144.2139334953549
306,3,109.1583646953549
307,3,46.54703129070347
308,3,31.97645770707982
309,3,29.75070730707982
310,3,29.75070730707982
311,3,13.57707744
312,3,13.57707744
313,3,10.23845184
314,3,13.57707744
315,3,13.57707744
316,3,13.57707744
317,3,13.57707744
318,3,13.57707744
319,3,44.32128089070348
320,3,109.1583646953549
321,3,129.1901182953549
322,3,147.5525590953549
323,3,165.914999895355
324,3,147.5525590953549
325,3,98.30783149535496
326,3,129.1901182953549
327,3,165.914999895355
328,3,147.5525590953549
329,3,144.2139334953549
330,3,109.1583646953549
331,3,46.54703129070347
332,3,31.97645770707982
333,3,29.75070730707982
334,3,29.75070730707982
335,3,13.57707744
336,3,13.57707744
337,3,10.23845184
338,3,13.57707744
339,3,13.57707744
340,3,13.57707744
341,3,13.57707744
342,3,13.57707744
343,3,44.32128089070348
344,3,109.1583646953549
345,3,129.1901182953549
346,3,147.5525590953549
347,3,165.914999895355
348,3,147.5525590953549
349,3,98.30783149535496
350,3,129.1901182953549
351,3,165.914999895355
352,3,147.5525590953549
353,3,144.2139334953549
354,3,109.1583646953549
355,3,46.54703129070347
356,3,31.97645770707982
357,3,29.75070730707982
358,3,29.75070730707982
359,3,13.57707744
360,3,13.57707744
361,3,10.23845184
362,3,13.57707744
363,3,13.57707744
364,3,13.57707744
365,3,13.57707744
366,3,13.57707744
367,3,44.32128089070348
368,3,109.1583646953549
369,3,129.1901182953549
370,3,147.5525590953549
371,3,165.914999895355
372,3,147.5525590953549
373,3,98.30783149535496
374,3,129.1901182953549
375,3,165.914999895355
376,3,147.5525590953549
377,3,144.2139334953549
378,3,109.1583646953549
379,3,46.54703129070347
380,3,31.97645770707982
381,3,29.75070730707982
382,3,29.75070730707982
383,3,13.57707744
384,3,13.57707744
385,2,0.5564376000000002
386,2,0.5564376000000002
387,2,0.5564376000000002
388,2,0.5564376000000002
389,2,0.5564376000000002
390,2,0.5564376000000002
391,2,31.30064105070348
392,2,33.52639145070348
393,2,33.52639145070348
394,2,33.52639145070348
395,2,33.52639145070348
396,2,33.52639145070348
397,2,33.52639145070348
398,2,33.52639145070348
399,2,33.52639145070348
400,2,33.52639145070348
401,2,33.52639145070348
402,2,33.52639145070348
403,2,33.52639145070348
404,2,18.95581786707982
405,2,16.73006746707982
406,2,16.73006746707982
407,2,0.5564376000000002
408,2,0.5564376000000002
409,2,0.5564376000000002
410,2,0.5564376000000002
411,2,0.5564376000000002
412,2,0.5564376000000002
413,2,0.5564376000000002
414,2,0.5564376000000002
415,2,31.30064105070348
416,2,33.52639145070348
417,2,33.52639145070348
418,2,33.52639145070348
419,2,33.52639145070348
420,2,33.52639145070348
421,2,33.52639145070348
422,2,33.52639145070348
423,2,33.52639145070348
424,2,33.52639145070348
425,2,33.52639145070348
426,2,33.52639145070348
427,2,33.52639145070348
428,2,18.95581786707982
429,2,16.73006746707982
430,2,16.73006746707982
431,2,0.5564376000000002
432,2,0.5564376000000002
433,2,0.5564376000000002
434,2,0.5564376000000002
435,2,0.5564376000000002
436,2,0.5564376000000002
437,2,0.5564376000000002
438,2,0.5564376000000002
439,2,31.30064105070348
440,2,33.52639145070348
441,2,33.52639145070348
442,2,33.52639145070348
443,2,33.52639145070348
444,2,33.52639145070348
445,2,33.52639145070348
446,2,33.52639145070348
447,2,33.52639145070348
448,2,33.52639145070348
449,2,33.52639145070348
450,2,33.52639145070348
451,2,33.52639145070348
452,2,18.95581786707982
453,2,16.73006746707982
454,2,16.73006746707982
455,2,0.5564376000000002
456,2,0.5564376000000002
457,3,10.23845184
458,3,13.57707744
459,3,13.57707744
460,3,13.57707744
461,3,13.57707744
462,3,13.57707744
463,3,44.32128089070348
464,3,109.1583646953549
465,3,129.1901182953549
466,3,147.5525590953549
467,3,165.914999895355
468,3,147.5525590953549
469,3,98.30783149535496
470,3,129.1901182953549
471,3,165.914999895355
472,3,147.5525590953549
473,3,144.2139334953549
474,3,109.1583646953549
475,3,46.54703129070347
476,3,31.97645770707982
477,3,29.75070730707982
478,3,29.75070730707982
479,3,13.57707744
480,3,13.57707744
481,4,10.23845184
482,4,13.57707744
483,4,13.57707744
484,4,13.57707744
485,4,13.57707744
486,4,13.57707744
487,4,44.32128089070348
488,4,109.1583646953549
489,4,129.1901182953549
490,4,147.5525590953549
491,4,165.914999895355
492,4,147.5525590953549
493,4,98.30783149535496
494,4,129.1901182953549
495,4,165.914999895355
496,4,147.5525590953549
497,4,144.2139334953549
498,4,109.1583646953549
499,4,46.54703129070347
500,4,31.97645770707982
501,4,29.75070730707982
502,4,29.75070730707982
503,4,13.57707744
504,4,13.57707744
505,4,10.23845184
506,4,13.57707744
507,4,13.57707744
508,4,13.57707744
509,4,13.57707744
510,4,13.57707744
511,4,44.32128089070348
512,4,109.1583646953549
513,4,129.1901182953549
514,4,147.5525590953549
515,4,165.914999895355
516,4,147.5525590953549
517,4,98.30783149535496
518,4,129.1901182953549
519,4,165.914999895355
520,4,147.5525590953549
521,4,144.2139334953549
522,4,109.1583646953549
523,4,46.54703129070347
524,4,31.97645770707982
525,4,29.75070730707982
526,4,29.75070730707982
527,4,13.57707744
528,4,13.57707744
529,3,10.23845184
530,3,13.57707744
531,3,13.57707744
532,3,13.57707744
533,3,13.57707744
534,3,13.57707744
535,3,44.32128089070348
536,3,109.1583646953549
537,3,129.1901182953549
538,3,147.5525590953549
539,3,165.914999895355
540,3,147.5525590953549
541,3,98.30783149535496
542,3,129.1901182953549
543,3,165.914999895355
544,3,147.5525590953549
545,3,144.2139334953549
546,3,109.1583646953549
547,3,46.54703129070347
548,3,31.97645770707982
549,3,29.75070730707982
550,3,29.75070730707982
551,3,13.57707744
552,3,13.57707744
553,3,10.23845184
554,3,13.57707744
555,3,13.57707744
556,3,13.57707744
557,3,13.57707744
558,3,13.57707744
559,3,44.32128089070348
560,3,109.1583646953549
561,3,129.1901182953549
562,3,147.5525590953549
563,3,165.914999895355
564,3,147.5525590953549
565,3,98.30783149535496
566,3,129.1901182953549
567,3,165.914999895355
568,3,147.5525590953549
569,3,144.2139334953549
570,3,109.1583646953549
571,3,46.54703129070347
572,3,31.97645770707982
573,3,29.75070730707982
574,3,29.75070730707982
575,3,13.57707744
576,3,13.57707744
577,3,10.23845184
578,3,13.57707744
579,3,13.57707744
580,3,13.57707744
581,3,13.57707744
582,3,13.57707744
583,3,44.32128089070348
584,3,109.1583646953549
585,3,129.1901182953549
586,3,147.5525590953549
587,3,165.914999895355
588,3,147.5525590953549
589,3,98.30783149535496
590,3,129.1901182953549
591,3,165.914999895355
592,3,147.5525590953549
593,3,144.2139334953549
594,3,109.1583646953549
595,3,46.54703129070347
596,3,31.97645770707982
597,3,29.75070730707982
598,3,29.75070730707982
599,3,13.57707744
600,3,13.57707744
601,3,10.23845184
602,3,13.57707744
603,3,13.57707744
604,3,13.57707744
605,3,13.57707744
606,3,13.57707744
607,3,44.32128089070348
608,3,109.1583646953549
609,3,129.1901182953549
610,3,147.5525590953549
611,3,165.914999895355
612,3,147.5525590953549
613,3,98.30783149535496
614,3,129.1901182953549
615,3,165.914999895355
616,3,147.5525590953549
617,3,144.2139334953549
618,3,109.1583646953549
619,3,46.54703129070347
620,3,31.97645770707982
621,3,29.75070730707982
622,3,29.75070730707982
623,3,13.57707744
624,3,13.57707744
625,4,10.23845184
626,4,13.57707744
627,4,13.57707744
628,4,13.57707744
629,4,13.57707744
630,4,13.57707744
631,4,44.32128089070348
632,4,109.1583646953549
633,4,129.1901182953549
634,4,147.5525590953549
635,4,165.914999895355
636,4,147.5525590953549
637,4,98.30783149535496
638,4,129.1901182953549
639,4,165.914999895355
640,4,147.5525590953549
641,4,144.2139334953549
642,4,109.1583646953549
643,4,46.54703129070347
644,4,31.97645770707982
645,4,29.75070730707982
646,4,29.75070730707982
647,4,13.57707744
648,4,13.57707744
649,4,10.23845184
650,4,13.57707744
651,4,13.57707744
652,4,13.57707744
653,4,13.57707744
654,4,13.57707744
655,4,44.32128089070348
656,4,109.1583646953549
657,4,129.1901182953549
658,4,147.5525590953549
659,4,165.914999895355
660,4,147.5525590953549
661,4,98.30783149535496
662,4,129.1901182953549
663,4,165.914999895355
664,4,147.5525590953549
665,4,144.2139334953549
666,4,109.1583646953549
667,4,46.54703129070347
668,4,31.97645770707982
669,4,29.75070730707982
670,4,29.75070730707982
671,4,13.57707744
672,4,13.57707744
673,2,0.5564376000000002
674,2,0.5564376000000002
675,2,0.5564376000000002
676,2,0.5564376000000002
677,2,0.5564376000000002
678,2,0.5564376000000002
679,2,31.30064105070348
680,2,33.52639145070348
681,2,33.52639145070348
682,2,33.52639145070348
683,2,33.52639145070348
684,2,33.52639145070348
685,2,33.52639145070348
686,2,33.52639145070348
687,2,33.52639145070348
688,2,33.52639145070348
689,2,33.52639145070348
690,2,33.52639145070348
691,2,33.52639145070348
692,2,18.95581786707982
693,2,16.73006746707982
694,2,16.73006746707982
695,2,0.5564376000000002
696,2,0.5564376000000002
697,2,0.5564376000000002
698,2,0.5564376000000002
699,2,0.5564376000000002
700,2,0.5564376000000002
701,2,0.5564376000000002
702,2,0.5564376000000002
703,2,31.30064105070348
704,2,33.52639145070348
705,2,33.52639145070348
706,2,33.52639145070348
707,2,33.52639145070348
708,2,33.52639145070348
709,2,33.52639145070348
710,2,33.52639145070348
711,2,33.52639145070348
712,2,33.52639145070348
713,2,33.52639145070348
714,2,33.52639145070348
715,2,33.52639145070348
716,2,18.95581786707982
717,2,16.73006746707982
718,2,16.73006746707982
719,2,0.5564376000000002
720,2,0.5564376000000002
721,5,14.24480256
722,5,17.58342816
723,5,17.58342816
724,5,17.58342816
725,5,17.58342816
726,5,17.58342816
727,5,48.32763161070348
728,5,141.26387869553
729,5,168.80753989553
730,5,194.68188829553
731,5,220.5562366955301
732,5,194.68188829553
733,5,124.15342249553
734,5,168.80753989553
735,5,220.5562366955301
736,5,194.68188829553
737,5,191.34326269553
738,5,141.26387869553
739,5,50.55338201070348
740,5,35.98280842707981
741,5,33.75705802707981
742,5,33.75705802707981
743,5,17.58342816
744,5,17.58342816
745,1,0.0
746,1,0.0
747,1,0.0
748,1,0.0
749,1,0.0
750,1,0.0
751,1,14.57057358362366
752,1,14.57057358362366
753,1,14.57057358362366
754,1,14.57057358362366
755,1,14.57057358362366
756,1,14.57057358362366
757,1,14.57057358362366
758,1,14.57057358362366
759,1,14.57057358362366
760,1,14.57057358362366
761,1,14.57057358362366
762,1,14.57057358362366
763,1,14.57057358362366
764,1,0.0
765,1,0.0
766,1,0.0
767,1,0.0
768,1,0.0
769,2,0.5564376000000002
770,2,0.5564376000000002
771,2,0.5564376000000002
772,2,0.5564376000000002
773,2,0.5564376000000002
774,2,0.5564376000000002
775,2,31.30064105070348
776,2,33.52639145070348
777,2,33.52639145070348
778,2,33.52639145070348
779,2,33.52639145070348
780,2,33.52639145070348
781,2,33.52639145070348
782,2,33.52639145070348
783,2,33.52639145070348
784,2,33.52639145070348
785,2,33.52639145070348
786,2,33.52639145070348
787,2,33.52639145070348
788,2,18.95581786707982
789,2,16.73006746707982
790,2,16.73006746707982
791,2,0.5564376000000002
792,2,0.5564376000000002
793,2,0.5564376000000002
794,2,0.5564376000000002
795,2,0.5564376000000002
796,2,0.5564376000000002
797,2,0.5564376000000002
798,2,0.5564376000000002
799,2,31.30064105070348
800,2,33.52639145070348
801,2,33.52639145070348
802,2,33.52639145070348
803,2,33.52639145070348
804,2,33.52639145070348
805,2,33.52639145070348
806,2,33.52639145070348
807,2,33.52639145070348
808,2,33.52639145070348
809,2,33.52639145070348
810,2,33.52639145070348
811,2,33.52639145070348
812,2,18.95581786707982
813,2,16.73006746707982
814,2,16.73006746707982
815,2,0.5564376000000002
816,2,0.5564376000000002
817,4,10.23845184
818,4,13.57707744
819,4,13.57707744
820,4,13.57707744
821,4,13.57707744
822,4,13.57707744
823,4,44.32128089070348
824,4,109.1583646953549
825,4,129.1901182953549
826,4,147.5525590953549
827,4,165.914999895355
828,4,147.5525590953549
829,4,98.30783149535496
830,4,129.1901182953549
831,4,165.914999895355
832,4,147.5525590953549
833,4,144.2139334953549
834,4,109.1583646953549
835,4,46.54703129070347
836,4,31.97645770707982
837,4,29.75070730707982
838,4,29.75070730707982
839,4,13.57707744
840,4,13.57707744
841,3,10.23845184
842,3,13.57707744
843,3,13.57707744
844,3,13.57707744
845,3,13.57707744
846,3,13.57707744
847,3,44.32128089070348
848,3,109.1583646953549
849,3,129.1901182953549
850,3,147.5525590953549
851,3,165.914999895355
852,3,147.5525590953549
853,3,98.30783149535496
854,3,129.1901182953549
855,3,165.914999895355
856,3,147.5525590953549
857,3,144.2139334953549
858,3,109.1583646953549
859,3,46.54703129070347
860,3,31.97645770707982
861,3,29.75070730707982
862,3,29.75070730707982
863,3,13.57707744
864,3,13.57707744
865,2,0.5564376000000002
866,2,0.5564376000000002
867,2,0.5564376000000002
868,2,0.5564376000000002
869,2,0.5564376000000002
870,2,0.5564376000000002
871,2,31.30064105070348
872,2,33.52639145070348
873,2,33.52639145070348
874,2,33.52639145070348
875,2,33.52639145070348
876,2,33.52639145070348
877,2,33.52639145070348
878,2,33.52639145070348
879,2,33.52639145070348
880,2,33.52639145070348
881,2,33.52639145070348
882,2,33.52639145070348
883,2,33.52639145070348
884,2,18.95581786707982
885,2,16.73006746707982
886,2,16.73006746707982
887,2,0.5564376000000002
888,2,0.5564376000000002
889,2,0.5564376000000002
890,2,0.5564376000000002
891,2,0.5564376000000002
892,2,0.5564376000000002
893,2,0.5564376000000002
894,2,0.5564376000000002
895,2,31.30064105070348
896,2,33.52639145070348
897,2,33.52639145070348
898,2,33.52639145070348
899,2,33.52639145070348
900,2,33.52639145070348
901,2,33.52639145070348
902,2,33.52639145070348
903,2,33.52639145070348
904,2,33.52639145070348
905,2,33.52639145070348
906,2,33.52639145070348
907,2,33.52639145070348
908,2,18.95581786707982
909,2,16.73006746707982
910,2,16.73006746707982
911,2,0.5564376000000002
912,2,0.5564376000000002
913,4,10.23845184
914,4,13.57707744
915,4,13.57707744
916,4,13.57707744
917,4,13.57707744
918,4,13.57707744
919,4,44.32128089070348
920,4,109.1583646953549
921,4,129.1901182953549
922,4,147.5525590953549
923,4,165.914999895355
924,4,147.5525590953549
925,4,98.30783149535496
926,4,129.1901182953549
927,4,165.914999895355
928,4,147.5525590953549
929,4,144.2139334953549
930,4,109.1583646953549
931,4,46.54703129070347
932,4,31.97645770707982
933,4,29.75070730707982
934,4,29.75070730707982
935,4,13.57707744
936,4,13.57707744
937,2,0.5564376000000002
938,2,0.5564376000000002
939,2,0.5564376000000002
940,2,0.5564376000000002
941,2,0.5564376000000002
942,2,0.5564376000000002
943,2,31.30064105070348
944,2,33.52639145070348
945,2,33.52639145070348
946,2,33.52639145070348
947,2,33.52639145070348
948,2,33.52639145070348
949,2,33.52639145070348
950,2,33.52639145070348
951,2,33.52639145070348
952,2,33.52639145070348
953,2,33.52639145070348
954,2,33.52639145070348
955,2,33.52639145070348
956,2,18.95581786707982
957,2,16.73006746707982
958,2,16.73006746707982
959,2,0.5564376000000002
960,2,0.5564376000000002
961,2,0.5564376000000002
962,2,0.5564376000000002
963,2,0.5564376000000002
964,2,0.5564376000000002
965,2,0.5564376000000002
966,2,0.5564376000000002
967,2,31.30064105070348
968,2,33.52639145070348
969,2,33.52639145070348
970,2,33.52639145070348
971,2,33.52639145070348
972,2,33.52639145070348
973,2,33.52639145070348
974,2,33.52639145070348
975,2,33.52639145070348
976,2,33.52639145070348
977,2,33.52639145070348
978,2,33.52639145070348
979,2,33.52639145070348
980,2,18.95581786707982
981,2,16.73006746707982
982,2,16.73006746707982
983,2,0.5564376000000002
984,2,0.5564376000000002
985,3,10.23845184
986,3,13.57707744
987,3,13.57707744
988,3,13.57707744
989,3,13.57707744
990,3,13.57707744
991,3,44.32128089070348
992,3,109.1583646953549
993,3,129.1901182953549
994,3,147.5525590953549
995,3,165.914999895355
996,3,147.5525590953549
997,3,98.30783149535496
998,3,129.1901182953549
999,3,165.914999895355
1000,3,147.5525590953549
1001,3,144.2139334953549
1002,3,109.1583646953549
1003,3,46.54703129070347
1004,3,31.97645770707982
1005,3,29.75070730707982
1006,3,29.75070730707982
1007,3,13.57707744
1008,3,13.57707744
1009,4,10.23845184
1010,4,13.57707744
1011,4,13.57707744
1012,4,13.57707744
1013,4,13.57707744
1014,4,13.57707744
1015,4,44.32128089070348
1016,4,109.1583646953549
1017,4,129.1901182953549
1018,4,147.5525590953549
1019,4,165.914999895355
1020,4,147.5525590953549
1021,4,98.30783149535496
1022,4,129.1901182953549
1023,4,165.914999895355
1024,4,147.5525590953549
1025,4,144.2139334953549
1026,4,109.1583646953549
1027,4,46.54703129070347
1028,4,31.97645770707982
1029,4,29.75070730707982
1030,4,29.75070730707982
1031,4,13.57707744
1032,4,13.57707744
1033,4,10.23845184
1034,4,13.57707744
1035,4,13.57707744
1036,4,13.57707744
1037,4,13.57707744
1038,4,13.57707744
1039,4,44.32128089070348
1040,4,109.1583646953549
1041,4,129.1901182953549
1042,4,147.5525590953549
1043,4,165.914999895355
1044,4,147.5525590953549
1045,4,98.30783149535496
1046,4,129.1901182953549
1047,4,165.914999895355
1048,4,147.5525590953549
1049,4,144.2139334953549
1050,4,109.1583646953549
1051,4,46.54703129070347
1052,4,31.97645770707982
1053,4,29.75070730707982
1054,4,29.75070730707982
1055,4,13.57707744
1056,4,13.57707744
1057,4,10.23845184
1058,4,13.57707744
1059,4,13.57707744
1060,4,13.57707744
1061,4,13.57707744
1062,4,13.57707744
1063,4,44.32128089070348
1064,4,109.1583646953549
1065,4,129.1901182953549
1066,4,147.5525590953549
1067,4,165.914999895355
1068,4,147.5525590953549
1069,4,98.30783149535496
1070,4,129.1901182953549
1071,4,165.914999895355
1072,4,147.5525590953549
1073,4,144.2139334953549
1074,4,109.1583646953549
1075,4,46.54703129070347
1076,4,31.97645770707982
1077,4,29.75070730707982
1078,4,29.75070730707982
1079,4,13.57707744
1080,4,13.57707744
1081,4,10.23845184
1082,4,13.57707744
1083,4,13.57707744
1084,4,13.57707744
1085,4,13.57707744
1086,4,13.57707744
1087,4,44.32128089070348
1088,4,109.1583646953549
1089,4,129.1901182953549
1090,4,147.5525590953549
1091,4,165.914999895355
1092,4,147.5525590953549
1093,4,98.30783149535496
1094,4,129.1901182953549
1095,4,165.914999895355
1096,4,147.5525590953549
1097,4,144.2139334953549
1098,4,109.1583646953549
1099,4,46.54703129070347
1100,4,31.97645770707982
1101,4,29.75070730707982
1102,4,29.75070730707982
1103,4,13.57707744
1104,4,13.57707744
1105,4,10.23845184
1106,4,13.57707744
1107,4,13.57707744
1108,4,13.57707744
1109,4,13.57707744
1110,4,13.57707744
1111,4,44.32128089070348
1112,4,109.1583646953549
1113,4,129.1901182953549
1114,4,147.5525590953549
1115,4,165.914999895355
1116,4,147.5525590953549
1117,4,98.30783149535496
1118,4,129.1901182953549
1119,4,165.914999895355
1120,4,147.5525590953549
1121,4,144.2139334953549
1122,4,109.1583646953549
1123,4,46.54703129070347
1124,4,31.97645770707982
1125,4,29.75070730707982
1126,4,29.75070730707982
1127,4,13.57707744
1128,4,13.57707744
1129,2,0.5564376000000002
1130,2,0.5564376000000002
1131,2,0.5564376000000002
1132,2,0.5564376000000002
1133,2,0.5564376000000002
1134,2,0.5564376000000002
1135,2,31.30064105070348
1136,2,33.52639145070348
1137,2,33.52639145070348
1138,2,33.52639145070348
1139,2,33.52639145070348
1140,2,33.52639145070348
1141,2,33.52639145070348
1142,2,33.52639145070348
1143,2,33.52639145070348
1144,2,33.52639145070348
1145,2,33.52639145070348
1146,2,33.52639145070348
1147,2,33.52639145070348
1148,2,18.95581786707982
1149,2,16.73006746707982
1150,2,16.73006746707982
1151,2,0.5564376000000002
1152,2,0.5564376000000002
1153,3,10.23845184
1154,3,13.57707744
1155,3,13.57707744
1156,3,13.57707744
1157,3,13.57707744
1158,3,13.57707744
1159,3,44.32128089070348
1160,3,109.1583646953549
1161,3,129.1901182953549
1162,3,147.5525590953549
1163,3,165.914999895355
1164,3,147.5525590953549
1165,3,98.30783149535496
1166,3,129.1901182953549
1167,3,165.914999895355
1168,3,147.5525590953549
1169,3,144.2139334953549
1170,3,109.1583646953549
1171,3,46.54703129070347
1172,3,31.97645770707982
1173,3,29.75070730707982
1174,3,29.75070730707982
1175,3,13.57707744
1176,3,13.57707744
1177,2,0.5564376000000002
1178,2,0.5564376000000002
1179,2,0.5564376000000002
1180,2,0.5564376000000002
1181,2,0.5564376000000002
1182,2,0.5564376000000002
1183,2,31.30064105070348
1184,2,33.52639145070348
1185,2,33.52639145070348
1186,2,33.52639145070348
1187,2,33.52639145070348
1188,2,33.52639145070348
1189,2,33.52639145070348
1190,2,33.52639145070348
1191,2,33.52639145070348
1192,2,33.52639145070348
1193,2,33.52639145070348
1194,2,33.52639145070348
1195,2,33.52639145070348
1196,2,18.95581786707982
1197,2,16.73006746707982
1198,2,16.73006746707982
1199,2,0.5564376000000002
1200,2,0.5564376000000002
1201,2,0.5564376000000002
1202,2,0.5564376000000002
1203,2,0.5564376000000002
1204,2,0.5564376000000002
1205,2,0.5564376000000002
1206,2,0.5564376000000002
1207,2,31.30064105070348
1208,2,33.52639145070348
1209,2,33.52639145070348
1210,2,33.52639145070348
1211,2,33.52639145070348
1212,2,33.52639145070348
1213,2,33.52639145070348
1214,2,33.52639145070348
1215,2,33.52639145070348
1216,2,33.52639145070348
1217,2,33.52639145070348
1218,2,33.52639145070348
1219,2,33.52639145070348
1220,2,18.95581786707982
1221,2,16.73006746707982
1222,2,16.73006746707982
1223,2,0.5564376000000002
1224,2,0.5564376000000002
1225,2,0.5564376000000002
1226,2,0.5564376000000002
1227,2,0.5564376000000002
1228,2,0.5564376000000002
1229,2,0.5564376000000002
1230,2,0.5564376000000002
1231,2,31.30064105070348
1232,2,33.52639145070348
1233,2,33.52639145070348
1234,2,33.52639145070348
1235,2,33.52639145070348
1236,2,33.52639145070348
1237,2,33.52639145070348
1238,2,33.52639145070348
1239,2,33.52639145070348
1240,2,33.52639145070348
1241,2,33.52639145070348
1242,2,33.52639145070348
1243,2,33.52639145070348
1244,2,18.95581786707982
1245,2,16.73006746707982
1246,2,16.73006746707982
1247,2,0.5564376000000002
1248,2,0.5564376000000002
1249,2,0.5564376000000002
1250,2,0.5564376000000002
1251,2,0.5564376000000002
1252,2,0.5564376000000002
1253,2,0.5564376000000002
1254,2,0.5564376000000002
1255,2,31.30064105070348
1256,2,33.52639145070348
1257,2,33.52639145070348
1258,2,33.52639145070348
1259,2,33.52639145070348
1260,2,33.52639145070348
1261,2,33.52639145070348
1262,2,33.52639145070348
1263,2,33.52639145070348
1264,2,33.52639145070348
1265,2,33.52639145070348
1266,2,33.52639145070348
1267,2,33.52639145070348
1268,2,18.95581786707982
1269,2,16.73006746707982
1270,2,16.73006746707982
1271,2,0.5564376000000002
1272,2,0.5564376000000002
1273,2,0.5564376000000002
1274,2,0.5564376000000002
1275,2,0.5564376000000002
1276,2,0.5564376000000002
1277,2,0.5564376000000002
1278,2,0.5564376000000002
1279,2,31.30064105070348
1280,2,33.52639145070348
1281,2,33.52639145070348
1282,2,33.52639145070348
1283,2,33.52639145070348
1284,2,33.52639145070348
1285,2,33.52639145070348
1286,2,33.52639145070348
1287,2,33.52639145070348
1288,2,33.52639145070348
1289,2,33.52639145070348
1290,2,33.52639145070348
1291,2,33.52639145070348
1292,2,18.95581786707982
1293,2,16.73006746707982
1294,2,16.73006746707982
1295,2,0.5564376000000002
1296,2,0.5564376000000002
1297,2,0.5564376000000002
1298,2,0.5564376000000002
1299,2,0.5564376000000002
1300,2,0.5564376000000002
1301,2,0.5564376000000002
1302,2,0.5564376000000002
1303,2,31.30064105070348
1304,2,33.52639145070348
1305,2,33.52639145070348
1306,2,33.52639145070348
1307,2,33.52639145070348
1308,2,33.52639145070348
1309,2,33.52639145070348
1310,2,33.52639145070348
1311,2,33.52639145070348
1312,2,33.52639145070348
1313,2,33.52639145070348
1314,2,33.52639145070348
1315,2,33.52639145070348
1316,2,18.95581786707982
1317,2,16.73006746707982
1318,2,16.73006746707982
1319,2,0.5564376000000002
1320,2,0.5564376000000002
1321,2,0.5564376000000002
1322,2,0.5564376000000002
1323,2,0.5564376000000002
1324,2,0.5564376000000002
1325,2,0.5564376000000002
1326,2,0.5564376000000002
1327,2,31.30064105070348
1328,2,33.52639145070348
1329,2,33.52639145070348
1330,2,33.52639145070348
1331,2,33.52639145070348
1332,2,33.52639145070348
1333,2,33.52639145070348
1334,2,33.52639145070348
1335,2,33.52639145070348
1336,2,33.52639145070348
1337,2,33.52639145070348
1338,2,33.52639145070348
1339,2,33.52639145070348
1340,2,18.95581786707982
1341,2,16.73006746707982
1342,2,16.73006746707982
1343,2,0.5564376000000002
1344,2,0.5564376000000002
1345,3,10.23845184
1346,3,13.57707744
1347,3,13.57707744
1348,3,13.57707744
1349,3,13.57707744
1350,3,13.57707744
1351,3,44.32128089070348
1352,3,109.1583646953549
1353,3,129.1901182953549
1354,3,147.5525590953549
1355,3,165.914999895355
1356,3,147.5525590953549
1357,3,98.30783149535496
1358,3,129.1901182953549
1359,3,165.914999895355
1360,3,147.5525590953549
1361,3,144.2139334953549
1362,3,109.1583646953549
1363,3,46.54703129070347
1364,3,31.97645770707982
1365,3,29.75070730707982
1366,3,29.75070730707982
1367,3,13.57707744
1368,3,13.57707744
1369,2,0.5564376000000002
1370,2,0.5564376000000002
1371,2,0.5564376000000002
1372,2,0.5564376000000002
1373,2,0.5564376000000002
1374,2,0.5564376000000002
1375,2,31.30064105070348
1376,2,33.52639145070348
1377,2,33.52639145070348
1378,2,33.52639145070348
1379,2,33.52639145070348
1380,2,33.52639145070348
1381,2,33.52639145070348
1382,2,33.52639145070348
1383,2,33.52639145070348
1384,2,33.52639145070348
1385,2,33.52639145070348
1386,2,33.52639145070348
1387,2,33.52639145070348
1388,2,18.95581786707982
1389,2,16.73006746707982
1390,2,16.73006746707982
1391,2,0.5564376000000002
1392,2,0.5564376000000002
1393,2,0.5564376000000002
1394,2,0.5564376000000002
1395,2,0.5564376000000002
1396,2,0.5564376000000002
1397,2,0.5564376000000002
1398,2,0.5564376000000002
1399,2,31.30064105070348
1400,2,33.52639145070348
1401,2,33.52639145070348
1402,2,33.52639145070348
1403,2,33.52639145070348
1404,2,33.52639145070348
1405,2,33.52639145070348
1406,2,33.52639145070348
1407,2,33.52639145070348
1408,2,33.52639145070348
1409,2,33.52639145070348
1410,2,33.52639145070348
1411,2,33.52639145070348
1412,2,18.95581786707982
1413,2,16.73006746707982
1414,2,16.73006746707982
1415,2,0.5564376000000002
1416,2,0.5564376000000002
1417,4,10.23845184
1418,4,13.57707744
1419,4,13.57707744
1420,4,13.57707744
1421,4,13.57707744
1422,4,13.57707744
1423,4,44.32128089070348
1424,4,109.1583646953549
1425,4,129.1901182953549
1426,4,147.5525590953549
1427,4,165.914999895355
1428,4,147.5525590953549
1429,4,98.30783149535496
1430,4,129.1901182953549
1431,4,165.914999895355
1432,4,147.5525590953549
1433,4,144.2139334953549
1434,4,109.1583646953549
1435,4,46.54703129070347
1436,4,31.97645770707982
1437,4,29.75070730707982
1438,4,29.75070730707982
1439,4,13.57707744
1440,4,13.57707744
1441,2,0.5564376000000002
1442,2,0.5564376000000002
1443,2,0.5564376000000002
1444,2,0.5564376000000002
1445,2,0.5564376000000002
1446,2,0.5564376000000002
1447,2,31.30064105070348
1448,2,33.52639145070348
1449,2,33.52639145070348
1450,2,33.52639145070348
1451,2,33.52639145070348
1452,2,33.52639145070348
1453,2,33.52639145070348
1454,2,33.52639145070348
1455,2,33.52639145070348
1456,2,33.52639145070348
1457,2,33.52639145070348
1458,2,33.52639145070348
1459,2,33.52639145070348
1460,2,18.95581786707982
1461,2,16.73006746707982
1462,2,16.73006746707982
1463,2,0.5564376000000002
1464,2,0.5564376000000002
1465,2,0.5564376000000002
1466,2,0.5564376000000002
1467,2,0.5564376000000002
1468,2,0.5564376000000002
1469,2,0.5564376000000002
1470,2,0.5564376000000002
1471,2,31.30064105070348
1472,2,33.52639145070348
1473,2,33.52639145070348
1474,2,33.52639145070348
1475,2,33.52639145070348
1476,2,33.52639145070348
1477,2,33.52639145070348
1478,2,33.52639145070348
1479,2,33.52639145070348
1480,2,33.52639145070348
1481,2,33.52639145070348
1482,2,33.52639145070348
1483,2,33.52639145070348
1484,2,18.95581786707982
1485,2,16.73006746707982
1486,2,16.73006746707982
1487,2,0.5564376000000002
1488,2,0.5564376000000002
1489,2,0.5564376000000002
1490,2,0.5564376000000002
1491,2,0.5564376000000002
1492,2,0.5564376000000002
1493,2,0.5564376000000002
1494,2,0.5564376000000002
1495,2,31.30064105070348
1496,2,33.52639145070348
1497,2,33.52639145070348
1498,2,33.52639145070348
1499,2,33.52639145070348
1500,2,33.52639145070348
1501,2,33.52639145070348
1502,2,33.52639145070348
1503,2,33.52639145070348
1504,2,33.52639145070348
1505,2,33.52639145070348
1506,2,33.52639145070348
1507,2,33.52639145070348
1508,2,18.95581786707982
1509,2,16.73006746707982
1510,2,16.73006746707982
1511,2,0.5564376000000002
1512,2,0.5564376000000002
1513,2,0.5564376000000002
1514,2,0.5564376000000002
1515,2,0.5564376000000002
1516,2,0.5564376000000002
1517,2,0.5564376000000002
1518,2,0.5564376000000002
1519,2,31.30064105070348
1520,2,33.52639145070348
1521,2,33.52639145070348
1522,2,33.52639145070348
1523,2,33.52639145070348
1524,2,33.52639145070348
1525,2,33.52639145070348
1526,2,33.52639145070348
1527,2,33.52639145070348
1528,2,33.52639145070348
1529,2,33.52639145070348
1530,2,33.52639145070348
1531,2,33.52639145070348
1532,2,18.95581786707982
1533,2,16.73006746707982
1534,2,16.73006746707982
1535,2,0.5564376000000002
1536,2,0.5564376000000002
1537,2,0.5564376000000002
1538,2,0.5564376000000002
1539,2,0.5564376000000002
1540,2,0.5564376000000002
1541,2,0.5564376000000002
1542,2,0.5564376000000002
1543,2,31.30064105070348
1544,2,33.52639145070348
1545,2,33.52639145070348
1546,2,33.52639145070348
1547,2,33.52639145070348
1548,2,33.52639145070348
1549,2,33.52639145070348
1550,2,33.52639145070348
1551,2,33.52639145070348
1552,2,33.52639145070348
1553,2,33.52639145070348
1554,2,33.52639145070348
1555,2,33.52639145070348
1556,2,18.95581786707982
1557,2,16.73006746707982
1558,2,16.73006746707982
1559,2,0.5564376000000002
1560,2,0.5564376000000002
1561,2,0.5564376000000002
1562,2,0.5564376000000002
1563,2,0.5564376000000002
1564,2,0.5564376000000002
1565,2,0.5564376000000002
1566,2,0.5564376000000002
1567,2,31.30064105070348
1568,2,33.52639145070348
1569,2,33.52639145070348
1570,2,33.52639145070348
1571,2,33.52639145070348
1572,2,33.52639145070348
1573,2,33.52639145070348
1574,2,33.52639145070348
1575,2,33.52639145070348
1576,2,33.52639145070348
1577,2,33.52639145070348
1578,2,33.52639145070348
1579,2,33.52639145070348
1580,2,18.95581786707982
1581,2,16.73006746707982
1582,2,16.73006746707982
1583,2,0.5564376000000002
1584,2,0.5564376000000002
1585,2,0.5564376000000002
1586,2,0.5564376000000002
1587,2,0.5564376000000002
1588,2,0.5564376000000002
1589,2,0.5564376000000002
1590,2,0.5564376000000002
1591,2,31.30064105070348
1592,2,33.52639145070348
1593,2,33.52639145070348
1594,2,33.52639145070348
1595,2,33.52639145070348
1596,2,33.52639145070348
1597,2,33.52639145070348
1598,2,33.52639145070348
1599,2,33.52639145070348
1600,2,33.52639145070348
1601,2,33.52639145070348
1602,2,33.52639145070348
1603,2,33.52639145070348
1604,2,18.95581786707982
1605,2,16.73006746707982
1606,2,16.73006746707982
1607,2,0.5564376000000002
1608,2,0.5564376000000002
1609,2,0.5564376000000002
1610,2,0.5564376000000002
1611,2,0.5564376000000002
1612,2,0.5564376000000002
1613,2,0.5564376000000002
1614,2,0.5564376000000002
1615,2,31.30064105070348
1616,2,33.52639145070348
1617,2,33.52639145070348
1618,2,33.52639145070348
1619,2,33.52639145070348
1620,2,33.52639145070348
1621,2,33.52639145070348
1622,2,33.52639145070348
1623,2,33.52639145070348
1624,2,33.52639145070348
1625,2,33.52639145070348
1626,2,33.52639145070348
1627,2,33.52639145070348
1628,2,18.95581786707982
1629,2,16.73006746707982
1630,2,16.73006746707982
1631,2,0.5564376000000002
1632,2,0.5564376000000002
1633,1,0.0
1634,1,0.0
1635,1,0.0
1636,1,0.0
1637,1,0.0
1638,1,0.0
1639,1,14.57057358362366
1640,1,14.57057358362366
1641,1,14.57057358362366
1642,1,14.57057358362366
1643,1,14.57057358362366
1644,1,14.57057358362366
1645,1,14.57057358362366
1646,1,14.57057358362366
1647,1,14.57057358362366
1648,1,14.57057358362366
1649,1,14.57057358362366
1650,1,14.57057358362366
1651,1,14.57057358362366
1652,1,0.0
1653,1,0.0
1654,1,0.0
1655,1,0.0
1656,1,0.0
1657,1,0.0
1658,1,0.0
1659,1,0.0
1660,1,0.0
1661,1,0.0
1662,1,0.0
1663,1,14.57057358362366
1664,1,14.57057358362366
1665,1,14.57057358362366
1666,1,14.57057358362366
1667,1,14.57057358362366
1668,1,14.57057358362366
1669,1,14.57057358362366
1670,1,14.57057358362366
1671,1,14.57057358362366
1672,1,14.57057358362366
1673,1,14.57057358362366
1674,1,14.57057358362366
1675,1,14.57057358362366
1676,1,0.0
1677,1,0.0
1678,1,0.0
1679,1,0.0
1680,1,0.0
1681,1,0.0
1682,1,0.0
1683,1,0.0
1684,1,0.0
1685,1,0.0
1686,1,0.0
1687,1,14.57057358362366
1688,1,14.57057358362366
1689,1,14.57057358362366
1690,1,14.57057358362366
1691,1,14.57057358362366
1692,1,14.57057358362366
1693,1,14.57057358362366
1694,1,14.57057358362366
1695,1,14.57057358362366
1696,1,14.57057358362366
1697,1,14.57057358362366
1698,1,14.57057358362366
1699,1,14.57057358362366
1700,1,0.0
1701,1,0.0
1702,1,0.0
1703,1,0.0
1704,1,0.0
1705,1,0.0
1706,1,0.0
1707,1,0.0
1708,1,0.0
1709,1,0.0
1710,1,0.0
1711,1,14.57057358362366
1712,1,14.57057358362366
1713,1,14.57057358362366
1714,1,14.57057358362366
1715,1,14.57057358362366
1716,1,14.57057358362366
1717,1,14.57057358362366
1718,1,14.57057358362366
1719,1,14.57057358362366
1720,1,14.57057358362366
1721,1,14.57057358362366
1722,1,14.57057358362366
1723,1,14.57057358362366
1724,1,0.0
1725,1,0.0
1726,1,0.0
1727,1,0.0
1728,1,0.0
1729,1,0.0
1730,1,0.0
1731,1,0.0
1732,1,0.0
1733,1,0.0
1734,1,0.0
1735,1,14.57057358362366
1736,1,14.57057358362366
1737,1,14.57057358362366
1738,1,14.57057358362366
1739,1,14.57057358362366
1740,1,14.57057358362366
1741,1,14.57057358362366
1742,1,14.57057358362366
1743,1,14.57057358362366
1744,1,14.57057358362366
1745,1,14.57057358362366
1746,1,14.57057358362366
1747,1,14.57057358362366
1748,1,0.0
1749,1,0.0
1750,1,0.0
1751,1,0.0
1752,1,0.0
1753,5,14.24480256
1754,5,17.58342816
1755,5,17.58342816
1756,5,17.58342816
1757,5,17.58342816
1758,5,17.58342816
1759,5,48.32763161070348
1760,5,141.26387869553
1761,5,168.80753989553
1762,5,194.68188829553
1763,5,220.5562366955301
1764,5,194.68188829553
1765,5,124.15342249553
1766,5,168.80753989553
1767,5,220.5562366955301
1768,5,194.68188829553
1769,5,191.34326269553
1770,5,141.26387869553
1771,5,50.55338201070348
1772,5,35.98280842707981
1773,5,33.75705802707981
1774,5,33.75705802707981
1775,5,17.58342816
1776,5,17.58342816
1777,5,14.24480256
1778,5,17.58342816
1779,5,17.58342816
1780,5,17.58342816
1781,5,17.58342816
1782,5,17.58342816
1783,5,48.32763161070348
1784,5,141.26387869553
1785,5,168.80753989553
1786,5,194.68188829553
1787,5,220.5562366955301
1788,5,194.68188829553
1789,5,124.15342249553
1790,5,168.80753989553
1791,5,220.5562366955301
1792,5,194.68188829553
1793,5,191.34326269553
1794,5,141.26387869553
1795,5,50.55338201070348
1796,5,35.98280842707981
1797,5,33.75705802707981
1798,5,33.75705802707981
1799,5,17.58342816
1800,5,17.58342816
1801,5,14.24480256
1802,5,17.58342816
1803,5,17.58342816
1804,5,17.58342816
1805,5,17.58342816
1806,5,17.58342816
1807,5,48.32763161070348
1808,5,141.26387869553
1809,5,168.80753989553
1810,5,194.68188829553
1811,5,220.5562366955301
1812,5,194.68188829553
1813,5,124.15342249553
1814,5,168.80753989553
1815,5,220.5562366955301
1816,5,194.68188829553
1817,5,191.34326269553
1818,5,141.26387869553
1819,5,50.55338201070348
1820,5,35.98280842707981
1821,5,33.75705802707981
1822,5,33.75705802707981
1823,5,17.58342816
1824,5,17.58342816
1825,5,14.24480256
1826,5,17.58342816
1827,5,17.58342816
1828,5,17.58342816
1829,5,17.58342816
1830,5,17.58342816
1831,5,48.32763161070348
1832,5,141.26387869553
1833,5,168.80753989553
1834,5,194.68188829553
1835,5,220.5562366955301
1836,5,194.68188829553
1837,5,124.15342249553
1838,5,168.80753989553
1839,5,220.5562366955301
1840,5,194.68188829553
1841,5,191.34326269553
1842,5,141.26387869553
1843,5,50.55338201070348
1844,5,35.98280842707981
1845,5,33.75705802707981
1846,5,33.75705802707981
1847,5,17.58342816
1848,5,17.58342816
1849,5,14.24480256
1850,5,17.58342816
1851,5,17.58342816
1852,5,17.58342816
1853,5,17.58342816
1854,5,17.58342816
1855,5,48.32763161070348
1856,5,141.26387869553
1857,5,168.80753989553
1858,5,194.68188829553
1859,5,220.5562366955301
1860,5,194.68188829553
1861,5,124.15342249553
1862,5,168.80753989553
1863,5,220.5562366955301
1864,5,194.68188829553
1865,5,191.34326269553
1866,5,141.26387869553
1867,5,50.55338201070348
1868,5,35.98280842707981
1869,5,33.75705802707981
1870,5,33.75705802707981
1871,5,17.58342816
1872,5,17.58342816
1873,5,14.24480256
1874,5,17.58342816
1875,5,17.58342816
1876,5,17.58342816
1877,5,17.58342816
1878,5,17.58342816
1879,5,48.32763161070348
1880,5,141.26387869553
1881,5,168.80753989553
1882,5,194.68188829553
1883,5,220.5562366955301
1884,5,194.68188829553
1885,5,124.15342249553
1886,5,168.80753989553
1887,5,220.5562366955301
1888,5,194.68188829553
1889,5,191.34326269553
1890,5,141.26387869553
1891,5,50.55338201070348
1892,5,35.98280842707981
1893,5,33.75705802707981
1894,5,33.75705802707981
1895,5,17.58342816
1896,5,17.58342816
1897,5,14.24480256
1898,5,17.58342816
1899,5,17.58342816
1900,5,17.58342816
1901,5,17.58342816
1902,5,17.58342816
1903,5,48.32763161070348
1904,5,141.26387869553
1905,5,168.80753989553
1906,5,194.68188829553
1907,5,220.5562366955301
1908,5,194.68188829553
1909,5,124.15342249553
1910,5,168.80753989553
1911,5,220.5562366955301
1912,5,194.68188829553
1913,5,191.34326269553
1914,5,141.26387869553
1915,5,50.55338201070348
1916,5,35.98280842707981
1917,5,33.75705802707981
1918,5,33.75705802707981
1919,5,17.58342816
1920,5,17.58342816
1921,5,14.24480256
1922,5,17.58342816
1923,5,17.58342816
1924,5,17.58342816
1925,5,17.58342816
1926,5,17.58342816
1927,5,48.32763161070348
1928,5,141.26387869553
1929,5,168.80753989553
1930,5,194.68188829553
1931,5,220.5562366955301
1932,5,194.68188829553
1933,5,124.15342249553
1934,5,168.80753989553
1935,5,220.5562366955301
1936,5,194.68188829553
1937,5,191.34326269553
1938,5,141.26387869553
1939,5,50.55338201070348
1940,5,35.98280842707981
1941,5,33.75705802707981
1942,5,33.75705802707981
1943,5,17.58342816
1944,5,17.58342816
1945,5,14.24480256
1946,5,17.58342816
1947,5,17.58342816
1948,5,17.58342816
1949,5,17.58342816
1950,5,17.58342816
1951,5,48.32763161070348
1952,5,141.26387869553
1953,5,168.80753989553
1954,5,194.68188829553
1955,5,220.5562366955301
1956,5,194.68188829553
1957,5,124.15342249553
1958,5,168.80753989553
1959,5,220.5562366955301
1960,5,194.68188829553
1961,5,191.34326269553
1962,5,141.26387869553
1963,5,50.55338201070348
1964,5,35.98280842707981
1965,5,33.75705802707981
1966,5,33.75705802707981
1967,5,17.58342816
1968,5,17.58342816
1969,5,14.24480256
1970,5,17.58342816
1971,5,17.58342816
1972,5,17.58342816
1973,5,17.58342816
1974,5,17.58342816
1975,5,48.32763161070348
1976,5,141.26387869553
1977,5,168.80753989553
1978,5,194.68188829553
1979,5,220.5562366955301
1980,5,194.68188829553
1981,5,124.15342249553
1982,5,168.80753989553
1983,5,220.5562366955301
1984,5,194.68188829553
1985,5,191.34326269553
1986,5,141.26387869553
1987,5,50.55338201070348
1988,5,35.98280842707981
1989,5,33.75705802707981
1990,5,33.75705802707981
1991,5,17.58342816
1992,5,17.58342816
1993,5,14.24480256
1994,5,17.58342816
1995,5,17.58342816
1996,5,17.58342816
1997,5,17.58342816
1998,5,17.58342816
1999,5,48.32763161070348
2000,5,141.26387869553
2001,5,168.80753989553
2002,5,194.68188829553
2003,5,220.5562366955301
2004,5,194.68188829553
2005,5,124.15342249553
2006,5,168.80753989553
2007,5,220.5562366955301
2008,5,194.68188829553
2009,5,191.34326269553
2010,5,141.26387869553
2011,5,50.55338201070348
2012,5,35.98280842707981
2013,5,33.75705802707981
2014,5,33.75705802707981
2015,5,17.58342816
2016,5,17.58342816
2017,6,0.5564376000000002
2018,6,0.5564376000000002
2019,6,0.5564376000000002
2020,6,0.5564376000000002
2021,6,0.5564376000000002
2022,6,0.5564376000000002
2023,6,31.30064105070348
2024,6,33.52639145070348
2025,6,33.52639145070348
2026,6,33.52639145070348
2027,6,33.52639145070348
2028,6,33.52639145070348
2029,6,33.52639145070348
2030,6,33.52639145070348
2031,6,33.52639145070348
2032,6,33.52639145070348
2033,6,33.52639145070348
2034,6,33.52639145070348
2035,6,33.52639145070348
2036,6,18.95581786707982
2037,6,16.73006746707982
2038,6,16.73006746707982
2039,6,0.5564376000000002
2040,6,0.5564376000000002
2041,6,0.5564376000000002
2042,6,0.5564376000000002
2043,6,0.5564376000000002
2044,6,0.5564376000000002
2045,6,0.5564376000000002
2046,6,0.5564376000000002
2047,6,31.30064105070348
2048,6,33.52639145070348
2049,6,33.52639145070348
2050,6,33.52639145070348
2051,6,33.52639145070348
2052,6,33.52639145070348
2053,6,33.52639145070348
2054,6,33.52639145070348
2055,6,33.52639145070348
2056,6,33.52639145070348
2057,6,33.52639145070348
2058,6,33.52639145070348
2059,6,33.52639145070348
2060,6,18.95581786707982
2061,6,16.73006746707982
2062,6,16.73006746707982
2063,6,0.5564376000000002
2064,6,0.5564376000000002
2065,5,14.24480256
2066,5,17.58342816
2067,5,17.58342816
2068,5,17.58342816
2069,5,17.58342816
2070,5,17.58342816
2071,5,48.32763161070348
2072,5,141.26387869553
2073,5,168.80753989553
2074,5,194.68188829553
2075,5,220.5562366955301
2076,5,194.68188829553
2077,5,124.15342249553
2078,5,168.80753989553
2079,5,220.5562366955301
2080,5,194.68188829553
2081,5,191.34326269553
2082,5,141.26387869553
2083,5,50.55338201070348
2084,5,35.98280842707981
2085,5,33.75705802707981
2086,5,33.75705802707981
2087,5,17.58342816
2088,5,17.58342816
2089,5,14.24480256
2090,5,17.58342816
2091,5,17.58342816
2092,5,17.58342816
2093,5,17.58342816
2094,5,17.58342816
2095,5,48.32763161070348
2096,5,141.26387869553
2097,5,168.80753989553
2098,5,194.68188829553
2099,5,220.5562366955301
2100,5,194.68188829553
2101,5,124.15342249553
2102,5,168.80753989553
2103,5,220.5562366955301
2104,5,194.68188829553
2105,5,191.34326269553
2106,5,141.26387869553
2107,5,50.55338201070348
2108,5,35.98280842707981
2109,5,33.75705802707981
2110,5,33.75705802707981
2111,5,17.58342816
2112,5,17.58342816
2113,7,0.0
2114,7,0.0
2115,7,0.0
2116,7,0.0
2117,7,0.0
2118,7,0.0
2119,7,14.57057358362366
2120,7,14.57057358362366
2121,7,14.57057358362366
2122,7,14.57057358362366
2123,7,14.57057358362366
2124,7,14.57057358362366
2125,7,14.57057358362366
2126,7,14.57057358362366
2127,7,14.57057358362366
2128,7,14.57057358362366
2129,7,14.57057358362366
2130,7,14.57057358362366
2131,7,14.57057358362366
2132,7,0.0
2133,7,0.0
2134,7,0.0
2135,7,0.0
2136,7,0.0
2137,7,0.0
2138,7,0.0
2139,7,0.0
2140,7,0.0
2141,7,0.0
2142,7,0.0
2143,7,14.57057358362366
2144,7,14.57057358362366
2145,7,14.57057358362366
2146,7,14.57057358362366
2147,7,14.57057358362366
2148,7,14.57057358362366
2149,7,14.57057358362366
2150,7,14.57057358362366
2151,7,14.57057358362366
2152,7,14.57057358362366
2153,7,14.57057358362366
2154,7,14.57057358362366
2155,7,14.57057358362366
2156,7,0.0
2157,7,0.0
2158,7,0.0
2159,7,0.0
2160,7,0.0
2161,1,0.0
2162,1,0.0
2163,1,0.0
2164,1,0.0
2165,1,0.0
2166,1,0.0
2167,1,14.57057358362366
2168,1,14.57057358362366
2169,1,14.57057358362366
2170,1,14.57057358362366
2171,1,14.57057358362366
2172,1,14.57057358362366
2173,1,14.57057358362366
2174,1,14.57057358362366
2175,1,14.57057358362366
2176,1,14.57057358362366
2177,1,14.57057358362366
2178,1,14.57057358362366
2179,1,14.57057358362366
2180,1,0.0
2181,1,0.0
2182,1,0.0
2183,1,0.0
2184,1,0.0
2185,6,0.5564376000000002
2186,6,0.5564376000000002
2187,6,0.5564376000000002
2188,6,0.5564376000000002
2189,6,0.5564376000000002
2190,6,0.5564376000000002
2191,6,31.30064105070348
2192,6,33.52639145070348
2193,6,33.52639145070348
2194,6,33.52639145070348
2195,6,33.52639145070348
2196,6,33.52639145070348
2197,6,33.52639145070348
2198,6,33.52639145070348
2199,6,33.52639145070348
2200,6,33.52639145070348
2201,6,33.52639145070348
2202,6,33.52639145070348
2203,6,33.52639145070348
2204,6,18.95581786707982
2205,6,16.73006746707982
2206,6,16.73006746707982
2207,6,0.5564376000000002
2208,6,0.5564376000000002
2209,5,14.24480256
2210,5,17.58342816
2211,5,17.58342816
2212,5,17.58342816
2213,5,17.58342816
2214,5,17.58342816
2215,5,48.32763161070348
2216,5,141.26387869553
2217,5,168.80753989553
2218,5,194.68188829553
2219,5,220.5562366955301
2220,5,194.68188829553
2221,5,124.15342249553
2222,5,168.80753989553
2223,5,220.5562366955301
2224,5,194.68188829553
2225,5,191.34326269553
2226,5,141.26387869553
2227,5,50.55338201070348
2228,5,35.98280842707981
2229,5,33.75705802707981
2230,5,33.75705802707981
2231,5,17.58342816
2232,5,17.58342816
2233,5,14.24480256
2234,5,17.58342816
2235,5,17.58342816
2236,5,17.58342816
2237,5,17.58342816
2238,5,17.58342816
2239,5,48.32763161070348
2240,5,141.26387869553
2241,5,168.80753989553
2242,5,194.68188829553
2243,5,220.5562366955301
2244,5,194.68188829553
2245,5,124.15342249553
2246,5,168.80753989553
2247,5,220.5562366955301
2248,5,194.68188829553
2249,5,191.34326269553
2250,5,141.26387869553
2251,5,50.55338201070348
2252,5,35.98280842707981
2253,5,33.75705802707981
2254,5,33.75705802707981
2255,5,17.58342816
2256,5,17.58342816
2257,5,14.24480256
2258,5,17.58342816
2259,5,17.58342816
2260,5,17.58342816
2261,5,17.58342816
2262,5,17.58342816
2263,5,48.32763161070348
2264,5,141.26387869553
2265,5,168.80753989553
2266,5,194.68188829553
2267,5,220.5562366955301
2268,5,194.68188829553
2269,5,124.15342249553
2270,5,168.80753989553
2271,5,220.5562366955301
2272,5,194.68188829553
2273,5,191.34326269553
2274,5,141.26387869553
2275,5,50.55338201070348
2276,5,35.98280842707981
2277,5,33.75705802707981
2278,5,33.75705802707981
2279,5,17.58342816
2280,5,17.58342816
2281,6,0.5564376000000002
2282,6,0.5564376000000002
2283,6,0.5564376000000002
2284,6,0.5564376000000002
2285,6,0.5564376000000002
2286,6,0.5564376000000002
2287,6,31.30064105070348
2288,6,33.52639145070348
2289,6,33.52639145070348
2290,6,33.52639145070348
2291,6,33.52639145070348
2292,6,33.52639145070348
2293,6,33.52639145070348
2294,6,33.52639145070348
2295,6,33.52639145070348
2296,6,33.52639145070348
2297,6,33.52639145070348
2298,6,33.52639145070348
2299,6,33.52639145070348
2300,6,18.95581786707982
2301,6,16.73006746707982
2302,6,16.73006746707982
2303,6,0.5564376000000002
2304,6,0.5564376000000002
2305,6,0.5564376000000002
2306,6,0.5564376000000002
2307,6,0.5564376000000002
2308,6,0.5564376000000002
2309,6,0.5564376000000002
2310,6,0.5564376000000002
2311,6,31.30064105070348
2312,6,33.52639145070348
2313,6,33.52639145070348
2314,6,33.52639145070348
2315,6,33.52639145070348
2316,6,33.52639145070348
2317,6,33.52639145070348
2318,6,33.52639145070348
2319,6,33.52639145070348
2320,6,33.52639145070348
2321,6,33.52639145070348
2322,6,33.52639145070348
2323,6,33.52639145070348
2324,6,18.95581786707982
2325,6,16.73006746707982
2326,6,16.73006746707982
2327,6,0.5564376000000002
2328,6,0.5564376000000002
2329,5,14.24480256
2330,5,17.58342816
2331,5,17.58342816
2332,5,17.58342816
2333,5,17.58342816
2334,5,17.58342816
2335,5,48.32763161070348
2336,5,141.26387869553
2337,5,168.80753989553
2338,5,194.68188829553
2339,5,220.5562366955301
2340,5,194.68188829553
2341,5,124.15342249553
2342,5,168.80753989553
2343,5,220.5562366955301
2344,5,194.68188829553
2345,5,191.34326269553
2346,5,141.26387869553
2347,5,50.55338201070348
2348,5,35.98280842707981
2349,5,33.75705802707981
2350,5,33.75705802707981
2351,5,17.58342816
2352,5,17.58342816
2353,5,14.24480256
2354,5,17.58342816
2355,5,17.58342816
2356,5,17.58342816
2357,5,17.58342816
2358,5,17.58342816
2359,5,48.32763161070348
2360,5,141.26387869553
2361,5,168.80753989553
2362,5,194.68188829553
2363,5,220.5562366955301
2364,5,194.68188829553
2365,5,124.15342249553
2366,5,168.80753989553
2367,5,220.5562366955301
2368,5,194.68188829553
2369,5,191.34326269553
2370,5,141.26387869553
2371,5,50.55338201070348
2372,5,35.98280842707981
2373,5,33.75705802707981
2374,5,33.75705802707981
2375,5,17.58342816
2376,5,17.58342816
2377,6,0.5564376000000002
2378,6,0.5564376000000002
2379,6,0.5564376000000002
2380,6,0.5564376000000002
2381,6,0.5564376000000002
2382,6,0.5564376000000002
2383,6,31.30064105070348
2384,6,33.52639145070348
2385,6,33.52639145070348
2386,6,33.52639145070348
2387,6,33.52639145070348
2388,6,33.52639145070348
2389,6,33.52639145070348
2390,6,33.52639145070348
2391,6,33.52639145070348
2392,6,33.52639145070348
2393,6,33.52639145070348
2394,6,33.52639145070348
2395,6,33.52639145070348
2396,6,18.95581786707982
2397,6,16.73006746707982
2398,6,16.73006746707982
2399,6,0.5564376000000002
2400,6,0.5564376000000002
2401,8,0.5564376000000002
2402,8,0.5564376000000002
2403,8,0.5564376000000002
2404,8,0.5564376000000002
2405,8,0.5564376000000002
2406,8,0.5564376000000002
2407,8,31.30064105070348
2408,8,33.52639145070348
2409,8,33.52639145070348
2410,8,33.52639145070348
2411,8,33.52639145070348
2412,8,33.52639145070348
2413,8,33.52639145070348
2414,8,33.52639145070348
2415,8,33.52639145070348
2416,8,33.52639145070348
2417,8,33.52639145070348
2418,8,33.52639145070348
2419,8,33.52639145070348
2420,8,18.95581786707982
2421,8,16.73006746707982
2422,8,16.73006746707982
2423,8,0.5564376000000002
2424,8,0.5564376000000002
2425,6,0.5564376000000002
2426,6,0.5564376000000002
2427,6,0.5564376000000002
2428,6,0.5564376000000002
2429,6,0.5564376000000002
2430,6,0.5564376000000002
2431,6,31.30064105070348
2432,6,33.52639145070348
2433,6,33.52639145070348
2434,6,33.52639145070348
2435,6,33.52639145070348
2436,6,33.52639145070348
2437,6,33.52639145070348
2438,6,33.52639145070348
2439,6,33.52639145070348
2440,6,33.52639145070348
2441,6,33.52639145070348
2442,6,33.52639145070348
2443,6,33.52639145070348
2444,6,18.95581786707982
2445,6,16.73006746707982
2446,6,16.73006746707982
2447,6,0.5564376000000002
2448,6,0.5564376000000002
2449,6,0.5564376000000002
2450,6,0.5564376000000002
2451,6,0.5564376000000002
2452,6,0.5564376000000002
2453,6,0.5564376000000002
2454,6,0.5564376000000002
2455,6,31.30064105070348
2456,6,33.52639145070348
2457,6,33.52639145070348
2458,6,33.52639145070348
2459,6,33.52639145070348
2460,6,33.52639145070348
2461,6,33.52639145070348
2462,6,33.52639145070348
2463,6,33.52639145070348
2464,6,33.52639145070348
2465,6,33.52639145070348
2466,6,33.52639145070348
2467,6,33.52639145070348
2468,6,18.95581786707982
2469,6,16.73006746707982
2470,6,16.73006746707982
2471,6,0.5564376000000002
2472,6,0.5564376000000002
2473,5,14.24480256
2474,5,17.58342816
2475,5,17.58342816
2476,5,17.58342816
2477,5,17.58342816
2478,5,17.58342816
2479,5,48.32763161070348
2480,5,141.26387869553
2481,5,168.80753989553
2482,5,194.68188829553
2483,5,220.5562366955301
2484,5,194.68188829553
2485,5,124.15342249553
2486,5,168.80753989553
2487,5,220.5562366955301
2488,5,194.68188829553
2489,5,191.34326269553
2490,5,141.26387869553
2491,5,50.55338201070348
2492,5,35.98280842707981
2493,5,33.75705802707981
2494,5,33.75705802707981
2495,5,17.58342816
2496,5,17.58342816
2497,1,0.0
2498,1,0.0
2499,1,0.0
2500,1,0.0
2501,1,0.0
2502,1,0.0
2503,1,14.57057358362366
2504,1,14.57057358362366
2505,1,14.57057358362366
2506,1,14.57057358362366
2507,1,14.57057358362366
2508,1,14.57057358362366
2509,1,14.57057358362366
2510,1,14.57057358362366
2511,1,14.57057358362366
2512,1,14.57057358362366
2513,1,14.57057358362366
2514,1,14.57057358362366
2515,1,14.57057358362366
2516,1,0.0
2517,1,0.0
2518,1,0.0
2519,1,0.0
2520,1,0.0
2521,5,14.24480256
2522,5,17.58342816
2523,5,17.58342816
2524,5,17.58342816
2525,5,17.58342816
2526,5,17.58342816
2527,5,48.32763161070348
2528,5,141.26387869553
2529,5,168.80753989553
2530,5,194.68188829553
2531,5,220.5562366955301
2532,5,194.68188829553
2533,5,124.15342249553
2534,5,168.80753989553
2535,5,220.5562366955301
2536,5,194.68188829553
2537,5,191.34326269553
2538,5,141.26387869553
2539,5,50.55338201070348
2540,5,35.98280842707981
2541,5,33.75705802707981
2542,5,33.75705802707981
2543,5,17.58342816
2544,5,17.58342816
2545,6,0.5564376000000002
2546,6,0.5564376000000002
2547,6,0.5564376000000002
2548,6,0.5564376000000002
2549,6,0.5564376000000002
2550,6,0.5564376000000002
2551,6,31.30064105070348
2552,6,33.52639145070348
2553,6,33.52639145070348
2554,6,33.52639145070348
2555,6,33.52639145070348
2556,6,33.52639145070348
2557,6,33.52639145070348
2558,6,33.52639145070348
2559,6,33.52639145070348
2560,6,33.52639145070348
2561,6,33.52639145070348
2562,6,33.52639145070348
2563,6,33.52639145070348
2564,6,18.95581786707982
2565,6,16.73006746707982
2566,6,16.73006746707982
2567,6,0.5564376000000002
2568,6,0.5564376000000002
2569,5,14.24480256
2570,5,17.58342816
2571,5,17.58342816
2572,5,17.58342816
2573,5,17.58342816
2574,5,17.58342816
2575,5,48.32763161070348
2576,5,141.26387869553
2577,5,168.80753989553
2578,5,194.68188829553
2579,5,220.5562366955301
2580,5,194.68188829553
2581,5,124.15342249553
2582,5,168.80753989553
2583,5,220.5562366955301
2584,5,194.68188829553
2585,5,191.34326269553
2586,5,141.26387869553
2587,5,50.55338201070348
2588,5,35.98280842707981
2589,5,33.75705802707981
2590,5,33.75705802707981
2591,5,17.58342816
2592,5,17.58342816
2593,5,14.24480256
2594,5,17.58342816
2595,5,17.58342816
2596,5,17.58342816
2597,5,17.58342816
2598,5,17.58342816
2599,5,48.32763161070348
2600,5,141.26387869553
2601,5,168.80753989553
2602,5,194.68188829553
2603,5,220.5562366955301
2604,5,194.68188829553
2605,5,124.15342249553
2606,5,168.80753989553
2607,5,220.5562366955301
2608,5,194.68188829553
2609,5,191.34326269553
2610,5,141.26387869553
2611,5,50.55338201070348
2612,5,35.98280842707981
2613,5,33.75705802707981
2614,5,33.75705802707981
2615,5,17.58342816
2616,5,17.58342816
2617,5,14.24480256
2618,5,17.58342816
2619,5,17.58342816
2620,5,17.58342816
2621,5,17.58342816
2622,5,17.58342816
2623,5,48.32763161070348
2624,5,141.26387869553
2625,5,168.80753989553
2626,5,194.68188829553
2627,5,220.5562366955301
2628,5,194.68188829553
2629,5,124.15342249553
2630,5,168.80753989553
2631,5,220.5562366955301
2632,5,194.68188829553
2633,5,191.34326269553
2634,5,141.26387869553
2635,5,50.55338201070348
2636,5,35.98280842707981
2637,5,33.75705802707981
2638,5,33.75705802707981
2639,5,17.58342816
2640,5,17.58342816
2641,1,0.0
2642,1,0.0
2643,1,0.0
2644,1,0.0
2645,1,0.0
2646,1,0.0
2647,1,14.57057358362366
2648,1,14.57057358362366
2649,1,14.57057358362366
2650,1,14.57057358362366
2651,1,14.57057358362366
2652,1,14.57057358362366
2653,1,14.57057358362366
2654,1,14.57057358362366
2655,1,14.57057358362366
2656,1,14.57057358362366
2657,1,14.57057358362366
2658,1,14.57057358362366
2659,1,14.57057358362366
2660,1,0.0
2661,1,0.0
2662,1,0.0
2663,1,0.0
2664,1,0.0
2665,1,0.0
2666,1,0.0
2667,1,0.0
2668,1,0.0
2669,1,0.0
2670,1,0.0
2671,1,14.57057358362366
2672,1,14.57057358362366
2673,1,14.57057358362366
2674,1,14.57057358362366
2675,1,14.57057358362366
2676,1,14.57057358362366
2677,1,14.57057358362366
2678,1,14.57057358362366
2679,1,14.57057358362366
2680,1,14.57057358362366
2681,1,14.57057358362366
2682,1,14.57057358362366
2683,1,14.57057358362366
2684,1,0.0
2685,1,0.0
2686,1,0.0
2687,1,0.0
2688,1,0.0
2689,5,14.24480256
2690,5,17.58342816
2691,5,17.58342816
2692,5,17.58342816
2693,5,17.58342816
2694,5,17.58342816
2695,5,48.32763161070348
2696,5,141.26387869553
2697,5,168.80753989553
2698,5,194.68188829553
2699,5,220.5562366955301
2700,5,194.68188829553
2701,5,124.15342249553
2702,5,168.80753989553
2703,5,220.5562366955301
2704,5,194.68188829553
2705,5,191.34326269553
2706,5,141.26387869553
2707,5,50.55338201070348
2708,5,35.98280842707981
2709,5,33.75705802707981
2710,5,33.75705802707981
2711,5,17.58342816
2712,5,17.58342816
2713,1,0.0
2714,1,0.0
2715,1,0.0
2716,1,0.0
2717,1,0.0
2718,1,0.0
2719,1,14.57057358362366
2720,1,14.57057358362366
2721,1,14.57057358362366
2722,1,14.57057358362366
2723,1,14.57057358362366
2724,1,14.57057358362366
2725,1,14.57057358362366
2726,1,14.57057358362366
2727,1,14.57057358362366
2728,1,14.57057358362366
2729,1,14.57057358362366
2730,1,14.57057358362366
2731,1,14.57057358362366
2732,1,0.0
2733,1,0.0
2734,1,0.0
2735,1,0.0
2736,1,0.0
2737,5,14.24480256
2738,5,17.58342816
2739,5,17.58342816
2740,5,17.58342816
2741,5,17.58342816
2742,5,17.58342816
2743,5,48.32763161070348
2744,5,141.26387869553
2745,5,168.80753989553
2746,5,194.68188829553
2747,5,220.5562366955301
2748,5,194.68188829553
2749,5,124.15342249553
2750,5,168.80753989553
2751,5,220.5562366955301
2752,5,194.68188829553
2753,5,191.34326269553
2754,5,141.26387869553
2755,5,50.55338201070348
2756,5,35.98280842707981
2757,5,33.75705802707981
2758,5,33.75705802707981
2759,5,17.58342816
2760,5,17.58342816
2761,5,14.24480256
2762,5,17.58342816
2763,5,17.58342816
2764,5,17.58342816
2765,5,17.58342816
2766,5,17.58342816
2767,5,48.32763161070348
2768,5,141.26387869553
2769,5,168.80753989553
2770,5,194.68188829553
2771,5,220.5562366955301
2772,5,194.68188829553
2773,5,124.15342249553
2774,5,168.80753989553
2775,5,220.5562366955301
2776,5,194.68188829553
2777,5,191.34326269553
2778,5,141.26387869553
2779,5,50.55338201070348
2780,5,35.98280842707981
2781,5,33.75705802707981
2782,5,33.75705802707981
2783,5,17.58342816
2784,5,17.58342816
2785,5,14.24480256
2786,5,17.58342816
2787,5,17.58342816
2788,5,17.58342816
2789,5,17.58342816
2790,5,17.58342816
2791,5,48.32763161070348
2792,5,141.26387869553
2793,5,168.80753989553
2794,5,194.68188829553
2795,5,220.5562366955301
2796,5,194.68188829553
2797,5,124.15342249553
2798,5,168.80753989553
2799,5,220.5562366955301
2800,5,194.68188829553
2801,5,191.34326269553
2802,5,141.26387869553
2803,5,50.55338201070348
2804,5,35.98280842707981
2805,5,33.75705802707981
2806,5,33.75705802707981
2807,5,17.58342816
2808,5,17.58342816
2809,5,14.24480256
2810,5,17.58342816
2811,5,17.58342816
2812,5,17.58342816
2813,5,17.58342816
2814,5,17.58342816
2815,5,48.32763161070348
2816,5,141.26387869553
2817,5,168.80753989553
2818,5,194.68188829553
2819,5,220.5562366955301
2820,5,194.68188829553
2821,5,124.15342249553
2822,5,168.80753989553
2823,5,220.5562366955301
2824,5,194.68188829553
2825,5,191.34326269553
2826,5,141.26387869553
2827,5,50.55338201070348
2828,5,35.98280842707981
2829,5,33.75705802707981
2830,5,33.75705802707981
2831,5,17.58342816
2832,5,17.58342816
2833,8,0.5564376000000002
2834,8,0.5564376000000002
2835,8,0.5564376000000002
2836,8,0.5564376000000002
2837,8,0.5564376000000002
2838,8,0.5564376000000002
2839,8,31.30064105070348
2840,8,33.52639145070348
2841,8,33.52639145070348
2842,8,33.52639145070348
2843,8,33.52639145070348
2844,8,33.52639145070348
2845,8,33.52639145070348
2846,8,33.52639145070348
2847,8,33.52639145070348
2848,8,33.52639145070348
2849,8,33.52639145070348
2850,8,33.52639145070348
2851,8,33.52639145070348
2852,8,18.95581786707982
2853,8,16.73006746707982
2854,8,16.73006746707982
2855,8,0.5564376000000002
2856,8,0.5564376000000002
2857,5,14.24480256
2858,5,17.58342816
2859,5,17.58342816
2860,5,17.58342816
2861,5,17.58342816
2862,5,17.58342816
2863,5,48.32763161070348
2864,5,141.26387869553
2865,5,168.80753989553
2866,5,194.68188829553
2867,5,220.5562366955301
2868,5,194.68188829553
2869,5,124.15342249553
2870,5,168.80753989553
2871,5,220.5562366955301
2872,5,194.68188829553
2873,5,191.34326269553
2874,5,141.26387869553
2875,5,50.55338201070348
2876,5,35.98280842707981
2877,5,33.75705802707981
2878,5,33.75705802707981
2879,5,17.58342816
2880,5,17.58342816
2881,5,14.24480256
2882,5,17.58342816
2883,5,17.58342816
2884,5,17.58342816
2885,5,17.58342816
2886,5,17.58342816
2887,5,48.32763161070348
2888,5,141.26387869553
2889,5,168.80753989553
2890,5,194.68188829553
2891,5,220.5562366955301
2892,5,194.68188829553
2893,5,124.15342249553
2894,5,168.80753989553
2895,5,220.5562366955301
2896,5,194.68188829553
2897,5,191.34326269553
2898,5,141.26387869553
2899,5,50.55338201070348
2900,5,35.98280842707981
2901,5,33.75705802707981
2902,5,33.75705802707981
2903,5,17.58342816
2904,5,17.58342816
2905,8,0.5564376000000002
2906,8,0.5564376000000002
2907,8,0.5564376000000002
2908,8,0.5564376000000002
2909,8,0.5564376000000002
2910,8,0.5564376000000002
2911,8,31.30064105070348
2912,8,33.52639145070348
2913,8,33.52639145070348
2914,8,33.52639145070348
2915,8,33.52639145070348
2916,8,33.52639145070348
2917,8,33.52639145070348
2918,8,33.52639145070348
2919,8,33.52639145070348
2920,8,33.52639145070348
2921,8,33.52639145070348
2922,8,33.52639145070348
2923,8,33.52639145070348
2924,8,18.95581786707982
2925,8,16.73006746707982
2926,8,16.73006746707982
2927,8,0.5564376000000002
2928,8,0.5564376000000002
2929,6,0.5564376000000002
2930,6,0.5564376000000002
2931,6,0.5564376000000002
2932,6,0.5564376000000002
2933,6,0.5564376000000002
2934,6,0.5564376000000002
2935,6,31.30064105070348
2936,6,33.52639145070348
2937,6,33.52639145070348
2938,6,33.52639145070348
2939,6,33.52639145070348
2940,6,33.52639145070348
2941,6,33.52639145070348
2942,6,33.52639145070348
2943,6,33.52639145070348
2944,6,33.52639145070348
2945,6,33.52639145070348
2946,6,33.52639145070348
2947,6,33.52639145070348
2948,6,18.95581786707982
2949,6,16.73006746707982
2950,6,16.73006746707982
2951,6,0.5564376000000002
2952,6,0.5564376000000002
2953,5,14.24480256
2954,5,17.58342816
2955,5,17.58342816
2956,5,17.58342816
2957,5,17.58342816
2958,5,17.58342816
2959,5,48.32763161070348
2960,5,141.26387869553
2961,5,168.80753989553
2962,5,194.68188829553
2963,5,220.5562366955301
2964,5,194.68188829553
2965,5,124.15342249553
2966,5,168.80753989553
2967,5,220.5562366955301
2968,5,194.68188829553
2969,5,191.34326269553
2970,5,141.26387869553
2971,5,50.55338201070348
2972,5,35.98280842707981
2973,5,33.75705802707981
2974,5,33.75705802707981
2975,5,17.58342816
2976,5,17.58342816
2977,8,0.5564376000000002
2978,8,0.5564376000000002
2979,8,0.5564376000000002
2980,8,0.5564376000000002
2981,8,0.5564376000000002
2982,8,0.5564376000000002
2983,8,31.30064105070348
2984,8,33.52639145070348
2985,8,33.52639145070348
2986,8,33.52639145070348
2987,8,33.52639145070348
2988,8,33.52639145070348
2989,8,33.52639145070348
2990,8,33.52639145070348
2991,8,33.52639145070348
2992,8,33.52639145070348
2993,8,33.52639145070348
2994,8,33.52639145070348
2995,8,33.52639145070348
2996,8,18.95581786707982
2997,8,16.73006746707982
2998,8,16.73006746707982
2999,8,0.5564376000000002
3000,8,0.5564376000000002
3001,8,0.5564376000000002
3002,8,0.5564376000000002
3003,8,0.5564376000000002
3004,8,0.5564376000000002
3005,8,0.5564376000000002
3006,8,0.5564376000000002
3007,8,31.30064105070348
3008,8,33.52639145070348
3009,8,33.52639145070348
3010,8,33.52639145070348
3011,8,33.52639145070348
3012,8,33.52639145070348
3013,8,33.52639145070348
3014,8,33.52639145070348
3015,8,33.52639145070348
3016,8,33.52639145070348
3017,8,33.52639145070348
3018,8,33.52639145070348
3019,8,33.52639145070348
3020,8,18.95581786707982
3021,8,16.73006746707982
3022,8,16.73006746707982
3023,8,0.5564376000000002
3024,8,0.5564376000000002
3025,5,14.24480256
3026,5,17.58342816
3027,5,17.58342816
3028,5,17.58342816
3029,5,17.58342816
3030,5,17.58342816
3031,5,48.32763161070348
3032,5,141.26387869553
3033,5,168.80753989553
3034,5,194.68188829553
3035,5,220.5562366955301
3036,5,194.68188829553
3037,5,124.15342249553
3038,5,168.80753989553
3039,5,220.5562366955301
3040,5,194.68188829553
3041,5,191.34326269553
3042,5,141.26387869553
3043,5,50.55338201070348
3044,5,35.98280842707981
3045,5,33.75705802707981
3046,5,33.75705802707981
3047,5,17.58342816
3048,5,17.58342816
3049,8,0.5564376000000002
3050,8,0.5564376000000002
3051,8,0.5564376000000002
3052,8,0.5564376000000002
3053,8,0.5564376000000002
3054,8,0.5564376000000002
3055,8,31.30064105070348
3056,8,33.52639145070348
3057,8,33.52639145070348
3058,8,33.52639145070348
3059,8,33.52639145070348
3060,8,33.52639145070348
3061,8,33.52639145070348
3062,8,33.52639145070348
3063,8,33.52639145070348
3064,8,33.52639145070348
3065,8,33.52639145070348
3066,8,33.52639145070348
3067,8,33.52639145070348
3068,8,18.95581786707982
3069,8,16.73006746707982
3070,8,16.73006746707982
3071,8,0.5564376000000002
3072,8,0.5564376000000002
3073,6,0.5564376000000002
3074,6,0.5564376000000002
3075,6,0.5564376000000002
3076,6,0.5564376000000002
3077,6,0.5564376000000002
3078,6,0.5564376000000002
3079,6,31.30064105070348
3080,6,33.52639145070348
3081,6,33.52639145070348
3082,6,33.52639145070348
3083,6,33.52639145070348
3084,6,33.52639145070348
3085,6,33.52639145070348
3086,6,33.52639145070348
3087,6,33.52639145070348
3088,6,33.52639145070348
3089,6,33.52639145070348
3090,6,33.52639145070348
3091,6,33.52639145070348
3092,6,18.95581786707982
3093,6,16.73006746707982
3094,6,16.73006746707982
3095,6,0.5564376000000002
3096,6,0.5564376000000002
3097,6,0.5564376000000002
3098,6,0.5564376000000002
3099,6,0.5564376000000002
3100,6,0.5564376000000002
3101,6,0.5564376000000002
3102,6,0.5564376000000002
3103,6,31.30064105070348
3104,6,33.52639145070348
3105,6,33.52639145070348
3106,6,33.52639145070348
3107,6,33.52639145070348
3108,6,33.52639145070348
3109,6,33.52639145070348
3110,6,33.52639145070348
3111,6,33.52639145070348
3112,6,33.52639145070348
3113,6,33.52639145070348
3114,6,33.52639145070348
3115,6,33.52639145070348
3116,6,18.95581786707982
3117,6,16.73006746707982
3118,6,16.73006746707982
3119,6,0.5564376000000002
3120,6,0.5564376000000002
3121,6,0.5564376000000002
3122,6,0.5564376000000002
3123,6,0.5564376000000002
3124,6,0.5564376000000002
3125,6,0.5564376000000002
3126,6,0.5564376000000002
3127,6,31.30064105070348
3128,6,33.52639145070348
3129,6,33.52639145070348
3130,6,33.52639145070348
3131,6,33.52639145070348
3132,6,33.52639145070348
3133,6,33.52639145070348
3134,6,33.52639145070348
3135,6,33.52639145070348
3136,6,33.52639145070348
3137,6,33.52639145070348
3138,6,33.52639145070348
3139,6,33.52639145070348
3140,6,18.95581786707982
3141,6,16.73006746707982
3142,6,16.73006746707982
3143,6,0.5564376000000002
3144,6,0.5564376000000002
3145,5,14.24480256
3146,5,17.58342816
3147,5,17.58342816
3148,5,17.58342816
3149,5,17.58342816
3150,5,17.58342816
3151,5,48.32763161070348
3152,5,141.26387869553
3153,5,168.80753989553
3154,5,194.68188829553
3155,5,220.5562366955301
3156,5,194.68188829553
3157,5,124.15342249553
3158,5,168.80753989553
3159,5,220.5562366955301
3160,5,194.68188829553
3161,5,191.34326269553
3162,5,141.26387869553
3163,5,50.55338201070348
3164,5,35.98280842707981
3165,5,33.75705802707981
3166,5,33.75705802707981
3167,5,17.58342816
3168,5,17.58342816
3169,8,0.5564376000000002
3170,8,0.5564376000000002
3171,8,0.5564376000000002
3172,8,0.5564376000000002
3173,8,0.5564376000000002
3174,8,0.5564376000000002
3175,8,31.30064105070348
3176,8,33.52639145070348
3177,8,33.52639145070348
3178,8,33.52639145070348
3179,8,33.52639145070348
3180,8,33.52639145070348
3181,8,33.52639145070348
3182,8,33.52639145070348
3183,8,33.52639145070348
3184,8,33.52639145070348
3185,8,33.52639145070348
3186,8,33.52639145070348
3187,8,33.52639145070348
3188,8,18.95581786707982
3189,8,16.73006746707982
3190,8,16.73006746707982
3191,8,0.5564376000000002
3192,8,0.5564376000000002
3193,7,0.0
3194,7,0.0
3195,7,0.0
3196,7,0.0
3197,7,0.0
3198,7,0.0
3199,7,14.57057358362366
3200,7,14.57057358362366
3201,7,14.57057358362366
3202,7,14.57057358362366
3203,7,14.57057358362366
3204,7,14.57057358362366
3205,7,14.57057358362366
3206,7,14.57057358362366
3207,7,14.57057358362366
3208,7,14.57057358362366
3209,7,14.57057358362366
3210,7,14.57057358362366
3211,7,14.57057358362366
3212,7,0.0
3213,7,0.0
3214,7,0.0
3215,7,0.0
3216,7,0.0
3217,7,0.0
3218,7,0.0
3219,7,0.0
3220,7,0.0
3221,7,0.0
3222,7,0.0
3223,7,14.57057358362366
3224,7,14.57057358362366
3225,7,14.57057358362366
3226,7,14.57057358362366
3227,7,14.57057358362366
3228,7,14.57057358362366
3229,7,14.57057358362366
3230,7,14.57057358362366
3231,7,14.57057358362366
3232,7,14.57057358362366
3233,7,14.57057358362366
3234,7,14.57057358362366
3235,7,14.57057358362366
3236,7,0.0
3237,7,0.0
3238,7,0.0
3239,7,0.0
3240,7,0.0
3241,7,0.0
3242,7,0.0
3243,7,0.0
3244,7,0.0
3245,7,0.0
3246,7,0.0
3247,7,14.57057358362366
3248,7,14.57057358362366
3249,7,14.57057358362366
3250,7,14.57057358362366
3251,7,14.57057358362366
3252,7,14.57057358362366
3253,7,14.57057358362366
3254,7,14.57057358362366
3255,7,14.57057358362366
3256,7,14.57057358362366
3257,7,14.57057358362366
3258,7,14.57057358362366
3259,7,14.57057358362366
3260,7,0.0
3261,7,0.0
3262,7,0.0
3263,7,0.0
3264,7,0.0
3265,6,0.5564376000000002
3266,6,0.5564376000000002
3267,6,0.5564376000000002
3268,6,0.5564376000000002
3269,6,0.5564376000000002
3270,6,0.5564376000000002
3271,6,31.30064105070348
3272,6,33.52639145070348
3273,6,33.52639145070348
3274,6,33.52639145070348
3275,6,33.52639145070348
3276,6,33.52639145070348
3277,6,33.52639145070348
3278,6,33.52639145070348
3279,6,33.52639145070348
3280,6,33.52639145070348
3281,6,33.52639145070348
3282,6,33.52639145070348
3283,6,33.52639145070348
3284,6,18.95581786707982
3285,6,16.73006746707982
3286,6,16.73006746707982
3287,6,0.5564376000000002
3288,6,0.5564376000000002
3289,6,0.5564376000000002
3290,6,0.5564376000000002
3291,6,0.5564376000000002
3292,6,0.5564376000000002
3293,6,0.5564376000000002
3294,6,0.5564376000000002
3295,6,31.30064105070348
3296,6,33.52639145070348
3297,6,33.52639145070348
3298,6,33.52639145070348
3299,6,33.52639145070348
3300,6,33.52639145070348
3301,6,33.52639145070348
3302,6,33.52639145070348
3303,6,33.52639145070348
3304,6,33.52639145070348
3305,6,33.52639145070348
3306,6,33.52639145070348
3307,6,33.52639145070348
3308,6,18.95581786707982
3309,6,16.73006746707982
3310,6,16.73006746707982
3311,6,0.5564376000000002
3312,6,0.5564376000000002
3313,7,0.0
3314,7,0.0
3315,7,0.0
3316,7,0.0
3317,7,0.0
3318,7,0.0
3319,7,14.57057358362366
3320,7,14.57057358362366
3321,7,14.57057358362366
3322,7,14.57057358362366
3323,7,14.57057358362366
3324,7,14.57057358362366
3325,7,14.57057358362366
3326,7,14.57057358362366
3327,7,14.57057358362366
3328,7,14.57057358362366
3329,7,14.57057358362366
3330,7,14.57057358362366
3331,7,14.57057358362366
3332,7,0.0
3333,7,0.0
3334,7,0.0
3335,7,0.0
3336,7,0.0
3337,7,0.0
3338,7,0.0
3339,7,0.0
3340,7,0.0
3341,7,0.0
3342,7,0.0
3343,7,14.57057358362366
3344,7,14.57057358362366
3345,7,14.57057358362366
3346,7,14.57057358362366
3347,7,14.57057358362366
3348,7,14.57057358362366
3349,7,14.57057358362366
3350,7,14.57057358362366
3351,7,14.57057358362366
3352,7,14.57057358362366
3353,7,14.57057358362366
3354,7,14.57057358362366
3355,7,14.57057358362366
3356,7,0.0
3357,7,0.0
3358,7,0.0
3359,7,0.0
3360,7,0.0
3361,8,0.5564376000000002
3362,8,0.5564376000000002
3363,8,0.5564376000000002
3364,8,0.5564376000000002
3365,8,0.5564376000000002
3366,8,0.5564376000000002
3367,8,31.30064105070348
3368,8,33.52639145070348
3369,8,33.52639145070348
3370,8,33.52639145070348
3371,8,33.52639145070348
3372,8,33.52639145070348
3373,8,33.52639145070348
3374,8,33.52639145070348
3375,8,33.52639145070348
3376,8,33.52639145070348
3377,8,33.52639145070348
3378,8,33.52639145070348
3379,8,33.52639145070348
3380,8,18.95581786707982
3381,8,16.73006746707982
3382,8,16.73006746707982
3383,8,0.5564376000000002
3384,8,0.5564376000000002
3385,6,0.5564376000000002
3386,6,0.5564376000000002
3387,6,0.5564376000000002
3388,6,0.5564376000000002
3389,6,0.5564376000000002
3390,6,0.5564376000000002
3391,6,31.30064105070348
3392,6,33.52639145070348
3393,6,33.52639145070348
3394,6,33.52639145070348
3395,6,33.52639145070348
3396,6,33.52639145070348
3397,6,33.52639145070348
3398,6,33.52639145070348
3399,6,33.52639145070348
3400,6,33.52639145070348
3401,6,33.52639145070348
3402,6,33.52639145070348
3403,6,33.52639145070348
3404,6,18.95581786707982
3405,6,16.73006746707982
3406,6,16.73006746707982
3407,6,0.5564376000000002
3408,6,0.5564376000000002
3409,8,0.5564376000000002
3410,8,0.5564376000000002
3411,8,0.5564376000000002
3412,8,0.5564376000000002
3413,8,0.5564376000000002
3414,8,0.5564376000000002
3415,8,31.30064105070348
3416,8,33.52639145070348
3417,8,33.52639145070348
3418,8,33.52639145070348
3419,8,33.52639145070348
3420,8,33.52639145070348
3421,8,33.52639145070348
3422,8,33.52639145070348
3423,8,33.52639145070348
3424,8,33.52639145070348
3425,8,33.52639145070348
3426,8,33.52639145070348
3427,8,33.52639145070348
3428,8,18.95581786707982
3429,8,16.73006746707982
3430,8,16.73006746707982
3431,8,0.5564376000000002
3432,8,0.5564376000000002
3433,8,0.5564376000000002
3434,8,0.5564376000000002
3435,8,0.5564376000000002
3436,8,0.5564376000000002
3437,8,0.5564376000000002
3438,8,0.5564376000000002
3439,8,31.30064105070348
3440,8,33.52639145070348
3441,8,33.52639145070348
3442,8,33.52639145070348
3443,8,33.52639145070348
3444,8,33.52639145070348
3445,8,33.52639145070348
3446,8,33.52639145070348
3447,8,33.52639145070348
3448,8,33.52639145070348
3449,8,33.52639145070348
3450,8,33.52639145070348
3451,8,33.52639145070348
3452,8,18.95581786707982
3453,8,16.73006746707982
3454,8,16.73006746707982
3455,8,0.5564376000000002
3456,8,0.5564376000000002
3457,6,0.5564376000000002
3458,6,0.5564376000000002
3459,6,0.5564376000000002
3460,6,0.5564376000000002
3461,6,0.5564376000000002
3462,6,0.5564376000000002
3463,6,31.30064105070348
3464,6,33.52639145070348
3465,6,33.52639145070348
3466,6,33.52639145070348
3467,6,33.52639145070348
3468,6,33.52639145070348
3469,6,33.52639145070348
3470,6,33.52639145070348
3471,6,33.52639145070348
3472,6,33.52639145070348
3473,6,33.52639145070348
3474,6,33.52639145070348
3475,6,33.52639145070348
3476,6,18.95581786707982
3477,6,16.73006746707982
3478,6,16.73006746707982
3479,6,0.5564376000000002
3480,6,0.5564376000000002
3481,9,0.0
3482,9,0.0
3483,9,0.0
3484,9,0.0
3485,9,0.0
3486,9,0.0
3487,9,14.57057358362366
3488,9,14.57057358362366
3489,9,14.57057358362366
3490,9,14.57057358362366
3491,9,14.57057358362366
3492,9,14.57057358362366
3493,9,14.57057358362366
3494,9,14.57057358362366
3495,9,14.57057358362366
3496,9,14.57057358362366
3497,9,14.57057358362366
3498,9,14.57057358362366
3499,9,14.57057358362366
3500,9,0.0
3501,9,0.0
3502,9,0.0
3503,9,0.0
3504,9,0.0
3505,9,0.0
3506,9,0.0
3507,9,0.0
3508,9,0.0
3509,9,0.0
3510,9,0.0
3511,9,14.57057358362366
3512,9,14.57057358362366
3513,9,14.57057358362366
3514,9,14.57057358362366
3515,9,14.57057358362366
3516,9,14.57057358362366
3517,9,14.57057358362366
3518,9,14.57057358362366
3519,9,14.57057358362366
3520,9,14.57057358362366
3521,9,14.57057358362366
3522,9,14.57057358362366
3523,9,14.57057358362366
3524,9,0.0
3525,9,0.0
3526,9,0.0
3527,9,0.0
3528,9,0.0
3529,9,0.0
3530,9,0.0
3531,9,0.0
3532,9,0.0
3533,9,0.0
3534,9,0.0
3535,9,14.57057358362366
3536,9,14.57057358362366
3537,9,14.57057358362366
3538,9,14.57057358362366
3539,9,14.57057358362366
3540,9,14.57057358362366
3541,9,14.57057358362366
3542,9,14.57057358362366
3543,9,14.57057358362366
3544,9,14.57057358362366
3545,9,14.57057358362366
3546,9,14.57057358362366
3547,9,14.57057358362366
3548,9,0.0
3549,9,0.0
3550,9,0.0
3551,9,0.0
3552,9,0.0
3553,10,2.2257504
3554,10,5.564376
3555,10,5.564376
3556,10,5.564376
3557,10,5.564376
3558,10,5.564376
3559,10,36.30857945070348
3560,10,44.94733669500484
3561,10,49.95527509500483
3562,10,53.29390069500484
3563,10,56.63252629500483
3564,10,53.29390069500484
3565,10,46.61664949500484
3566,10,49.95527509500483
3567,10,56.63252629500483
3568,10,53.29390069500484
3569,10,49.95527509500483
3570,10,44.94733669500484
3571,10,38.53432985070348
3572,10,23.96375626707982
3573,10,21.73800586707982
3574,10,21.73800586707982
3575,10,5.564376
3576,10,5.564376
3577,6,0.5564376000000002
3578,6,0.5564376000000002
3579,6,0.5564376000000002
3580,6,0.5564376000000002
3581,6,0.5564376000000002
3582,6,0.5564376000000002
3583,6,31.30064105070348
3584,6,33.52639145070348
3585,6,33.52639145070348
3586,6,33.52639145070348
3587,6,33.52639145070348
3588,6,33.52639145070348
3589,6,33.52639145070348
3590,6,33.52639145070348
3591,6,33.52639145070348
3592,6,33.52639145070348
3593,6,33.52639145070348
3594,6,33.52639145070348
3595,6,33.52639145070348
3596,6,18.95581786707982
3597,6,16.73006746707982
3598,6,16.73006746707982
3599,6,0.5564376000000002
3600,6,0.5564376000000002
3601,8,0.5564376000000002
3602,8,0.5564376000000002
3603,8,0.5564376000000002
3604,8,0.5564376000000002
3605,8,0.5564376000000002
3606,8,0.5564376000000002
3607,8,31.30064105070348
3608,8,33.52639145070348
3609,8,33.52639145070348
3610,8,33.52639145070348
3611,8,33.52639145070348
3612,8,33.52639145070348
3613,8,33.52639145070348
3614,8,33.52639145070348
3615,8,33.52639145070348
3616,8,33.52639145070348
3617,8,33.52639145070348
3618,8,33.52639145070348
3619,8,33.52639145070348
3620,8,18.95581786707982
3621,8,16.73006746707982
3622,8,16.73006746707982
3623,8,0.5564376000000002
3624,8,0.5564376000000002
3625,8,0.5564376000000002
3626,8,0.5564376000000002
3627,8,0.5564376000000002
3628,8,0.5564376000000002
3629,8,0.5564376000000002
3630,8,0.5564376000000002
3631,8,31.30064105070348
3632,8,33.52639145070348
3633,8,33.52639145070348
3634,8,33.52639145070348
3635,8,33.52639145070348
3636,8,33.52639145070348
3637,8,33.52639145070348
3638,8,33.52639145070348
3639,8,33.52639145070348
3640,8,33.52639145070348
3641,8,33.52639145070348
3642,8,33.52639145070348
3643,8,33.52639145070348
3644,8,18.95581786707982
3645,8,16.73006746707982
3646,8,16.73006746707982
3647,8,0.5564376000000002
3648,8,0.5564376000000002
3649,6,0.5564376000000002
3650,6,0.5564376000000002
3651,6,0.5564376000000002
3652,6,0.5564376000000002
3653,6,0.5564376000000002
3654,6,0.5564376000000002
3655,6,31.30064105070348
3656,6,33.52639145070348
3657,6,33.52639145070348
3658,6,33.52639145070348
3659,6,33.52639145070348
3660,6,33.52639145070348
3661,6,33.52639145070348
3662,6,33.52639145070348
3663,6,33.52639145070348
3664,6,33.52639145070348
3665,6,33.52639145070348
3666,6,33.52639145070348
3667,6,33.52639145070348
3668,6,18.95581786707982
3669,6,16.73006746707982
3670,6,16.73006746707982
3671,6,0.5564376000000002
3672,6,0.5564376000000002
3673,10,2.2257504
3674,10,5.564376
3675,10,5.564376
3676,10,5.564376
3677,10,5.564376
3678,10,5.564376
3679,10,36.30857945070348
3680,10,44.94733669500484
3681,10,49.95527509500483
3682,10,53.29390069500484
3683,10,56.63252629500483
3684,10,53.29390069500484
3685,10,46.61664949500484
3686,10,49.95527509500483
3687,10,56.63252629500483
3688,10,53.29390069500484
3689,10,49.95527509500483
3690,10,44.94733669500484
3691,10,38.53432985070348
3692,10,23.96375626707982
3693,10,21.73800586707982
3694,10,21.73800586707982
3695,10,5.564376
3696,10,5.564376
3697,6,0.5564376000000002
3698,6,0.5564376000000002
3699,6,0.5564376000000002
3700,6,0.5564376000000002
3701,6,0.5564376000000002
3702,6,0.5564376000000002
3703,6,31.30064105070348
3704,6,33.52639145070348
3705,6,33.52639145070348
3706,6,33.52639145070348
3707,6,33.52639145070348
3708,6,33.52639145070348
3709,6,33.52639145070348
3710,6,33.52639145070348
3711,6,33.52639145070348
3712,6,33.52639145070348
3713,6,33.52639145070348
3714,6,33.52639145070348
3715,6,33.52639145070348
3716,6,18.95581786707982
3717,6,16.73006746707982
3718,6,16.73006746707982
3719,6,0.5564376000000002
3720,6,0.5564376000000002
3721,8,0.5564376000000002
3722,8,0.5564376000000002
3723,8,0.5564376000000002
3724,8,0.5564376000000002
3725,8,0.5564376000000002
3726,8,0.5564376000000002
3727,8,31.30064105070348
3728,8,33.52639145070348
3729,8,33.52639145070348
3730,8,33.52639145070348
3731,8,33.52639145070348
3732,8,33.52639145070348
3733,8,33.52639145070348
3734,8,33.52639145070348
3735,8,33.52639145070348
3736,8,33.52639145070348
3737,8,33.52639145070348
3738,8,33.52639145070348
3739,8,33.52639145070348
3740,8,18.95581786707982
3741,8,16.73006746707982
3742,8,16.73006746707982
3743,8,0.5564376000000002
3744,8,0.5564376000000002
3745,7,0.0
3746,7,0.0
3747,7,0.0
3748,7,0.0
3749,7,0.0
3750,7,0.0
3751,7,14.57057358362366
3752,7,14.57057358362366
3753,7,14.57057358362366
3754,7,14.57057358362366
3755,7,14.57057358362366
3756,7,14.57057358362366
3757,7,14.57057358362366
3758,7,14.57057358362366
3759,7,14.57057358362366
3760,7,14.57057358362366
3761,7,14.57057358362366
3762,7,14.57057358362366
3763,7,14.57057358362366
3764,7,0.0
3765,7,0.0
3766,7,0.0
3767,7,0.0
3768,7,0.0
3769,8,0.5564376000000002
3770,8,0.5564376000000002
3771,8,0.5564376000000002
3772,8,0.5564376000000002
3773,8,0.5564376000000002
3774,8,0.5564376000000002
3775,8,31.30064105070348
3776,8,33.52639145070348
3777,8,33.52639145070348
3778,8,33.52639145070348
3779,8,33.52639145070348
3780,8,33.52639145070348
3781,8,33.52639145070348
3782,8,33.52639145070348
3783,8,33.52639145070348
3784,8,33.52639145070348
3785,8,33.52639145070348
3786,8,33.52639145070348
3787,8,33.52639145070348
3788,8,18.95581786707982
3789,8,16.73006746707982
3790,8,16.73006746707982
3791,8,0.5564376000000002
3792,8,0.5564376000000002
3793,6,0.5564376000000002
3794,6,0.5564376000000002
3795,6,0.5564376000000002
3796,6,0.5564376000000002
3797,6,0.5564376000000002
3798,6,0.5564376000000002
3799,6,31.30064105070348
3800,6,33.52639145070348
3801,6,33.52639145070348
3802,6,33.52639145070348
3803,6,33.52639145070348
3804,6,33.52639145070348
3805,6,33.52639145070348
3806,6,33.52639145070348
3807,6,33.52639145070348
3808,6,33.52639145070348
3809,6,33.52639145070348
3810,6,33.52639145070348
3811,6,33.52639145070348
3812,6,18.95581786707982
3813,6,16.73006746707982
3814,6,16.73006746707982
3815,6,0.5564376000000002
3816,6,0.5564376000000002
3817,8,0.5564376000000002
3818,8,0.5564376000000002
3819,8,0.5564376000000002
3820,8,0.5564376000000002
3821,8,0.5564376000000002
3822,8,0.5564376000000002
3823,8,31.30064105070348
3824,8,33.52639145070348
3825,8,33.52639145070348
3826,8,33.52639145070348
3827,8,33.52639145070348
3828,8,33.52639145070348
3829,8,33.52639145070348
3830,8,33.52639145070348
3831,8,33.52639145070348
3832,8,33.52639145070348
3833,8,33.52639145070348
3834,8,33.52639145070348
3835,8,33.52639145070348
3836,8,18.95581786707982
3837,8,16.73006746707982
3838,8,16.73006746707982
3839,8,0.5564376000000002
3840,8,0.5564376000000002
3841,7,0.0
3842,7,0.0
3843,7,0.0
3844,7,0.0
3845,7,0.0
3846,7,0.0
3847,7,14.57057358362366
3848,7,14.57057358362366
3849,7,14.57057358362366
3850,7,14.57057358362366
3851,7,14.57057358362366
3852,7,14.57057358362366
3853,7,14.57057358362366
3854,7,14.57057358362366
3855,7,14.57057358362366
3856,7,14.57057358362366
3857,7,14.57057358362366
3858,7,14.57057358362366
3859,7,14.57057358362366
3860,7,0.0
3861,7,0.0
3862,7,0.0
3863,7,0.0
3864,7,0.0
3865,7,0.0
3866,7,0.0
3867,7,0.0
3868,7,0.0
3869,7,0.0
3870,7,0.0
3871,7,14.57057358362366
3872,7,14.57057358362366
3873,7,14.57057358362366
3874,7,14.57057358362366
3875,7,14.57057358362366
3876,7,14.57057358362366
3877,7,14.57057358362366
3878,7,14.57057358362366
3879,7,14.57057358362366
3880,7,14.57057358362366
3881,7,14.57057358362366
3882,7,14.57057358362366
3883,7,14.57057358362366
3884,7,0.0
3885,7,0.0
3886,7,0.0
3887,7,0.0
3888,7,0.0
3889,9,0.0
3890,9,0.0
3891,9,0.0
3892,9,0.0
3893,9,0.0
3894,9,0.0
3895,9,14.57057358362366
3896,9,14.57057358362366
3897,9,14.57057358362366
3898,9,14.57057358362366
3899,9,14.57057358362366
3900,9,14.57057358362366
3901,9,14.57057358362366
3902,9,14.57057358362366
3903,9,14.57057358362366
3904,9,14.57057358362366
3905,9,14.57057358362366
3906,9,14.57057358362366
3907,9,14.57057358362366
3908,9,0.0
3909,9,0.0
3910,9,0.0
3911,9,0.0
3912,9,0.0
3913,10,2.2257504
3914,10,5.564376
3915,10,5.564376
3916,10,5.564376
3917,10,5.564376
3918,10,5.564376
3919,10,36.30857945070348
3920,10,44.94733669500484
3921,10,49.95527509500483
3922,10,53.29390069500484
3923,10,56.63252629500483
3924,10,53.29390069500484
3925,10,46.61664949500484
3926,10,49.95527509500483
3927,10,56.63252629500483
3928,10,53.29390069500484
3929,10,49.95527509500483
3930,10,44.94733669500484
3931,10,38.53432985070348
3932,10,23.96375626707982
3933,10,21.73800586707982
3934,10,21.73800586707982
3935,10,5.564376
3936,10,5.564376
3937,8,0.5564376000000002
3938,8,0.5564376000000002
3939,8,0.5564376000000002
3940,8,0.5564376000000002
3941,8,0.5564376000000002
3942,8,0.5564376000000002
3943,8,31.30064105070348
3944,8,33.52639145070348
3945,8,33.52639145070348
3946,8,33.52639145070348
3947,8,33.52639145070348
3948,8,33.52639145070348
3949,8,33.52639145070348
3950,8,33.52639145070348
3951,8,33.52639145070348
3952,8,33.52639145070348
3953,8,33.52639145070348
3954,8,33.52639145070348
3955,8,33.52639145070348
3956,8,18.95581786707982
3957,8,16.73006746707982
3958,8,16.73006746707982
3959,8,0.5564376000000002
3960,8,0.5564376000000002
3961,8,0.5564376000000002
3962,8,0.5564376000000002
3963,8,0.5564376000000002
3964,8,0.5564376000000002
3965,8,0.5564376000000002
3966,8,0.5564376000000002
3967,8,31.30064105070348
3968,8,33.52639145070348
3969,8,33.52639145070348
3970,8,33.52639145070348
3971,8,33.52639145070348
3972,8,33.52639145070348
3973,8,33.52639145070348
3974,8,33.52639145070348
3975,8,33.52639145070348
3976,8,33.52639145070348
3977,8,33.52639145070348
3978,8,33.52639145070348
3979,8,33.52639145070348
3980,8,18.95581786707982
3981,8,16.73006746707982
3982,8,16.73006746707982
3983,8,0.5564376000000002
3984,8,0.5564376000000002
3985,7,0.0
3986,7,0.0
3987,7,0.0
3988,7,0.0
3989,7,0.0
3990,7,0.0
3991,7,14.57057358362366
3992,7,14.57057358362366
3993,7,14.57057358362366
3994,7,14.57057358362366
3995,7,14.57057358362366
3996,7,14.57057358362366
3997,7,14.57057358362366
3998,7,14.57057358362366
3999,7,14.57057358362366
4000,7,14.57057358362366
4001,7,14.57057358362366
4002,7,14.57057358362366
4003,7,14.57057358362366
4004,7,0.0
4005,7,0.0
4006,7,0.0
4007,7,0.0
4008,7,0.0
4009,7,0.0
4010,7,0.0
4011,7,0.0
4012,7,0.0
4013,7,0.0
4014,7,0.0
4015,7,14.57057358362366
4016,7,14.57057358362366
4017,7,14.57057358362366
4018,7,14.57057358362366
4019,7,14.57057358362366
4020,7,14.57057358362366
4021,7,14.57057358362366
4022,7,14.57057358362366
4023,7,14.57057358362366
4024,7,14.57057358362366
4025,7,14.57057358362366
4026,7,14.57057358362366
4027,7,14.57057358362366
4028,7,0.0
4029,7,0.0
4030,7,0.0
4031,7,0.0
4032,7,0.0
4033,10,2.2257504
4034,10,5.564376
4035,10,5.564376
4036,10,5.564376
4037,10,5.564376
4038,10,5.564376
4039,10,36.30857945070348
4040,10,44.94733669500484
4041,10,49.95527509500483
4042,10,53.29390069500484
4043,10,56.63252629500483
4044,10,53.29390069500484
4045,10,46.61664949500484
4046,10,49.95527509500483
4047,10,56.63252629500483
4048,10,53.29390069500484
4049,10,49.95527509500483
4050,10,44.94733669500484
4051,10,38.53432985070348
4052,10,23.96375626707982
4053,10,21.73800586707982
4054,10,21.73800586707982
4055,10,5.564376
4056,10,5.564376
4057,9,0.0
4058,9,0.0
4059,9,0.0
4060,9,0.0
4061,9,0.0
4062,9,0.0
4063,9,14.57057358362366
4064,9,14.57057358362366
4065,9,14.57057358362366
4066,9,14.57057358362366
4067,9,14.57057358362366
4068,9,14.57057358362366
4069,9,14.57057358362366
4070,9,14.57057358362366
4071,9,14.57057358362366
4072,9,14.57057358362366
4073,9,14.57057358362366
4074,9,14.57057358362366
4075,9,14.57057358362366
4076,9,0.0
4077,9,0.0
4078,9,0.0
4079,9,0.0
4080,9,0.0
4081,9,0.0
4082,9,0.0
4083,9,0.0
4084,9,0.0
4085,9,0.0
4086,9,0.0
4087,9,14.57057358362366
4088,9,14.57057358362366
4089,9,14.57057358362366
4090,9,14.57057358362366
4091,9,14.57057358362366
4092,9,14.57057358362366
4093,9,14.57057358362366
4094,9,14.57057358362366
4095,9,14.57057358362366
4096,9,14.57057358362366
4097,9,14.57057358362366
4098,9,14.57057358362366
4099,9,14.57057358362366
4100,9,0.0
4101,9,0.0
4102,9,0.0
4103,9,0.0
4104,9,0.0
4105,9,0.0
4106,9,0.0
4107,9,0.0
4108,9,0.0
4109,9,0.0
4110,9,0.0
4111,9,14.57057358362366
4112,9,14.57057358362366
4113,9,14.57057358362366
4114,9,14.57057358362366
4115,9,14.57057358362366
4116,9,14.57057358362366
4117,9,14.57057358362366
4118,9,14.57057358362366
4119,9,14.57057358362366
4120,9,14.57057358362366
4121,9,14.57057358362366
4122,9,14.57057358362366
4123,9,14.57057358362366
4124,9,0.0
4125,9,0.0
4126,9,0.0
4127,9,0.0
4128,9,0.0
4129,10,2.2257504
4130,10,5.564376
4131,10,5.564376
4132,10,5.564376
4133,10,5.564376
4134,10,5.564376
4135,10,36.30857945070348
4136,10,44.94733669500484
4137,10,49.95527509500483
4138,10,53.29390069500484
4139,10,56.63252629500483
4140,10,53.29390069500484
4141,10,46.61664949500484
4142,10,49.95527509500483
4143,10,56.63252629500483
4144,10,53.29390069500484
4145,10,49.95527509500483
4146,10,44.94733669500484
4147,10,38.53432985070348
4148,10,23.96375626707982
4149,10,21.73800586707982
4150,10,21.73800586707982
4151,10,5.564376
4152,10,5.564376
4153,10,2.2257504
4154,10,5.564376
4155,10,5.564376
4156,10,5.564376
4157,10,5.564376
4158,10,5.564376
4159,10,36.30857945070348
4160,10,44.94733669500484
4161,10,49.95527509500483
4162,10,53.29390069500484
4163,10,56.63252629500483
4164,10,53.29390069500484
4165,10,46.61664949500484
4166,10,49.95527509500483
4167,10,56.63252629500483
4168,10,53.29390069500484
4169,10,49.95527509500483
4170,10,44.94733669500484
4171,10,38.53432985070348
4172,10,23.96375626707982
4173,10,21.73800586707982
4174,10,21.73800586707982
4175,10,5.564376
4176,10,5.564376
4177,7,0.0
4178,7,0.0
4179,7,0.0
4180,7,0.0
4181,7,0.0
4182,7,0.0
4183,7,14.57057358362366
4184,7,14.57057358362366
4185,7,14.57057358362366
4186,7,14.57057358362366
4187,7,14.57057358362366
4188,7,14.57057358362366
4189,7,14.57057358362366
4190,7,14.57057358362366
4191,7,14.57057358362366
4192,7,14.57057358362366
4193,7,14.57057358362366
4194,7,14.57057358362366
4195,7,14.57057358362366
4196,7,0.0
4197,7,0.0
4198,7,0.0
4199,7,0.0
4200,7,0.0
4201,9,0.0
4202,9,0.0
4203,9,0.0
4204,9,0.0
4205,9,0.0
4206,9,0.0
4207,9,14.57057358362366
4208,9,14.57057358362366
4209,9,14.57057358362366
4210,9,14.57057358362366
4211,9,14.57057358362366
4212,9,14.57057358362366
4213,9,14.57057358362366
4214,9,14.57057358362366
4215,9,14.57057358362366
4216,9,14.57057358362366
4217,9,14.57057358362366
4218,9,14.57057358362366
4219,9,14.57057358362366
4220,9,0.0
4221,9,0.0
4222,9,0.0
4223,9,0.0
4224,9,0.0
4225,8,0.5564376000000002
4226,8,0.5564376000000002
4227,8,0.5564376000000002
4228,8,0.5564376000000002
4229,8,0.5564376000000002
4230,8,0.5564376000000002
4231,8,31.30064105070348
4232,8,33.52639145070348
4233,8,33.52639145070348
4234,8,33.52639145070348
4235,8,33.52639145070348
4236,8,33.52639145070348
4237,8,33.52639145070348
4238,8,33.52639145070348
4239,8,33.52639145070348
4240,8,33.52639145070348
4241,8,33.52639145070348
4242,8,33.52639145070348
4243,8,33.52639145070348
4244,8,18.95581786707982
4245,8,16.73006746707982
4246,8,16.73006746707982
4247,8,0.5564376000000002
4248,8,0.5564376000000002
4249,10,2.2257504
4250,10,5.564376
4251,10,5.564376
4252,10,5.564376
4253,10,5.564376
4254,10,5.564376
4255,10,36.30857945070348
4256,10,44.94733669500484
4257,10,49.95527509500483
4258,10,53.29390069500484
4259,10,56.63252629500483
4260,10,53.29390069500484
4261,10,46.61664949500484
4262,10,49.95527509500483
4263,10,56.63252629500483
4264,10,53.29390069500484
4265,10,49.95527509500483
4266,10,44.94733669500484
4267,10,38.53432985070348
4268,10,23.96375626707982
4269,10,21.73800586707982
4270,10,21.73800586707982
4271,10,5.564376
4272,10,5.564376
4273,10,2.2257504
4274,10,5.564376
4275,10,5.564376
4276,10,5.564376
4277,10,5.564376
4278,10,5.564376
4279,10,36.30857945070348
4280,10,44.94733669500484
4281,10,49.95527509500483
4282,10,53.29390069500484
4283,10,56.63252629500483
4284,10,53.29390069500484
4285,10,46.61664949500484
4286,10,49.95527509500483
4287,10,56.63252629500483
4288,10,53.29390069500484
4289,10,49.95527509500483
4290,10,44.94733669500484
4291,10,38.53432985070348
4292,10,23.96375626707982
4293,10,21.73800586707982
4294,10,21.73800586707982
4295,10,5.564376
4296,10,5.564376
4297,10,2.2257504
4298,10,5.564376
4299,10,5.564376
4300,10,5.564376
4301,10,5.564376
4302,10,5.564376
4303,10,36.30857945070348
4304,10,44.94733669500484
4305,10,49.95527509500483
4306,10,53.29390069500484
4307,10,56.63252629500483
4308,10,53.29390069500484
4309,10,46.61664949500484
4310,10,49.95527509500483
4311,10,56.63252629500483
4312,10,53.29390069500484
4313,10,49.95527509500483
4314,10,44.94733669500484
4315,10,38.53432985070348
4316,10,23.96375626707982
4317,10,21.73800586707982
4318,10,21.73800586707982
4319,10,5.564376
4320,10,5.564376
4321,6,0.5564376000000002
4322,6,0.5564376000000002
4323,6,0.5564376000000002
4324,6,0.5564376000000002
4325,6,0.5564376000000002
4326,6,0.5564376000000002
4327,6,31.30064105070348
4328,6,33.52639145070348
4329,6,33.52639145070348
4330,6,33.52639145070348
4331,6,33.52639145070348
4332,6,33.52639145070348
4333,6,33.52639145070348
4334,6,33.52639145070348
4335,6,33.52639145070348
4336,6,33.52639145070348
4337,6,33.52639145070348
4338,6,33.52639145070348
4339,6,33.52639145070348
4340,6,18.95581786707982
4341,6,16.73006746707982
4342,6,16.73006746707982
4343,6,0.5564376000000002
4344,6,0.5564376000000002
4345,8,0.5564376000000002
4346,8,0.5564376000000002
4347,8,0.5564376000000002
4348,8,0.5564376000000002
4349,8,0.5564376000000002
4350,8,0.5564376000000002
4351,8,31.30064105070348
4352,8,33.52639145070348
4353,8,33.52639145070348
4354,8,33.52639145070348
4355,8,33.52639145070348
4356,8,33.52639145070348
4357,8,33.52639145070348
4358,8,33.52639145070348
4359,8,33.52639145070348
4360,8,33.52639145070348
4361,8,33.52639145070348
4362,8,33.52639145070348
4363,8,33.52639145070348
4364,8,18.95581786707982
4365,8,16.73006746707982
4366,8,16.73006746707982
4367,8,0.5564376000000002
4368,8,0.5564376000000002
4369,9,0.0
4370,9,0.0
4371,9,0.0
4372,9,0.0
4373,9,0.0
4374,9,0.0
4375,9,14.57057358362366
4376,9,14.57057358362366
4377,9,14.57057358362366
4378,9,14.57057358362366
4379,9,14.57057358362366
4380,9,14.57057358362366
4381,9,14.57057358362366
4382,9,14.57057358362366
4383,9,14.57057358362366
4384,9,14.57057358362366
4385,9,14.57057358362366
4386,9,14.57057358362366
4387,9,14.57057358362366
4388,9,0.0
4389,9,0.0
4390,9,0.0
4391,9,0.0
4392,9,0.0
4393,8,0.5564376000000002
4394,8,0.5564376000000002
4395,8,0.5564376000000002
4396,8,0.5564376000000002
4397,8,0.5564376000000002
4398,8,0.5564376000000002
4399,8,31.30064105070348
4400,8,33.52639145070348
4401,8,33.52639145070348
4402,8,33.52639145070348
4403,8,33.52639145070348
4404,8,33.52639145070348
4405,8,33.52639145070348
4406,8,33.52639145070348
4407,8,33.52639145070348
4408,8,33.52639145070348
4409,8,33.52639145070348
4410,8,33.52639145070348
4411,8,33.52639145070348
4412,8,18.95581786707982
4413,8,16.73006746707982
4414,8,16.73006746707982
4415,8,0.5564376000000002
4416,8,0.5564376000000002
4417,10,2.2257504
4418,10,5.564376
4419,10,5.564376
4420,10,5.564376
4421,10,5.564376
4422,10,5.564376
4423,10,36.30857945070348
4424,10,44.94733669500484
4425,10,49.95527509500483
4426,10,53.29390069500484
4427,10,56.63252629500483
4428,10,53.29390069500484
4429,10,46.61664949500484
4430,10,49.95527509500483
4431,10,56.63252629500483
4432,10,53.29390069500484
4433,10,49.95527509500483
4434,10,44.94733669500484
4435,10,38.53432985070348
4436,10,23.96375626707982
4437,10,21.73800586707982
4438,10,21.73800586707982
4439,10,5.564376
4440,10,5.564376
4441,8,0.5564376000000002
4442,8,0.5564376000000002
4443,8,0.5564376000000002
4444,8,0.5564376000000002
4445,8,0.5564376000000002
4446,8,0.5564376000000002
4447,8,31.30064105070348
4448,8,33.52639145070348
4449,8,33.52639145070348
4450,8,33.52639145070348
4451,8,33.52639145070348
4452,8,33.52639145070348
4453,8,33.52639145070348
4454,8,33.52639145070348
4455,8,33.52639145070348
4456,8,33.52639145070348
4457,8,33.52639145070348
4458,8,33.52639145070348
4459,8,33.52639145070348
4460,8,18.95581786707982
4461,8,16.73006746707982
4462,8,16.73006746707982
4463,8,0.5564376000000002
4464,8,0.5564376000000002
4465,7,0.0
4466,7,0.0
4467,7,0.0
4468,7,0.0
4469,7,0.0
4470,7,0.0
4471,7,14.57057358362366
4472,7,14.57057358362366
4473,7,14.57057358362366
4474,7,14.57057358362366
4475,7,14.57057358362366
4476,7,14.57057358362366
4477,7,14.57057358362366
4478,7,14.57057358362366
4479,7,14.57057358362366
4480,7,14.57057358362366
4481,7,14.57057358362366
4482,7,14.57057358362366
4483,7,14.57057358362366
4484,7,0.0
4485,7,0.0
4486,7,0.0
4487,7,0.0
4488,7,0.0
4489,8,0.5564376000000002
4490,8,0.5564376000000002
4491,8,0.5564376000000002
4492,8,0.5564376000000002
4493,8,0.5564376000000002
4494,8,0.5564376000000002
4495,8,31.30064105070348
4496,8,33.52639145070348
4497,8,33.52639145070348
4498,8,33.52639145070348
4499,8,33.52639145070348
4500,8,33.52639145070348
4501,8,33.52639145070348
4502,8,33.52639145070348
4503,8,33.52639145070348
4504,8,33.52639145070348
4505,8,33.52639145070348
4506,8,33.52639145070348
4507,8,33.52639145070348
4508,8,18.95581786707982
4509,8,16.73006746707982
4510,8,16.73006746707982
4511,8,0.5564376000000002
4512,8,0.5564376000000002
4513,7,0.0
4514,7,0.0
4515,7,0.0
4516,7,0.0
4517,7,0.0
4518,7,0.0
4519,7,14.57057358362366
4520,7,14.57057358362366
4521,7,14.57057358362366
4522,7,14.57057358362366
4523,7,14.57057358362366
4524,7,14.57057358362366
4525,7,14.57057358362366
4526,7,14.57057358362366
4527,7,14.57057358362366
4528,7,14.57057358362366
4529,7,14.57057358362366
4530,7,14.57057358362366
4531,7,14.57057358362366
4532,7,0.0
4533,7,0.0
4534,7,0.0
4535,7,0.0
4536,7,0.0
4537,9,0.0
4538,9,0.0
4539,9,0.0
4540,9,0.0
4541,9,0.0
4542,9,0.0
4543,9,14.57057358362366
4544,9,14.57057358362366
4545,9,14.57057358362366
4546,9,14.57057358362366
4547,9,14.57057358362366
4548,9,14.57057358362366
4549,9,14.57057358362366
4550,9,14.57057358362366
4551,9,14.57057358362366
4552,9,14.57057358362366
4553,9,14.57057358362366
4554,9,14.57057358362366
4555,9,14.57057358362366
4556,9,0.0
4557,9,0.0
4558,9,0.0
4559,9,0.0
4560,9,0.0
4561,10,2.2257504
4562,10,5.564376
4563,10,5.564376
4564,10,5.564376
4565,10,5.564376
4566,10,5.564376
4567,10,36.30857945070348
4568,10,44.94733669500484
4569,10,49.95527509500483
4570,10,53.29390069500484
4571,10,56.63252629500483
4572,10,53.29390069500484
4573,10,46.61664949500484
4574,10,49.95527509500483
4575,10,56.63252629500483
4576,10,53.29390069500484
4577,10,49.95527509500483
4578,10,44.94733669500484
4579,10,38.53432985070348
4580,10,23.96375626707982
4581,10,21.73800586707982
4582,10,21.73800586707982
4583,10,5.564376
4584,10,5.564376
4585,9,0.0
4586,9,0.0
4587,9,0.0
4588,9,0.0
4589,9,0.0
4590,9,0.0
4591,9,14.57057358362366
4592,9,14.57057358362366
4593,9,14.57057358362366
4594,9,14.57057358362366
4595,9,14.57057358362366
4596,9,14.57057358362366
4597,9,14.57057358362366
4598,9,14.57057358362366
4599,9,14.57057358362366
4600,9,14.57057358362366
4601,9,14.57057358362366
4602,9,14.57057358362366
4603,9,14.57057358362366
4604,9,0.0
4605,9,0.0
4606,9,0.0
4607,9,0.0
4608,9,0.0
4609,10,2.2257504
4610,10,5.564376
4611,10,5.564376
4612,10,5.564376
4613,10,5.564376
4614,10,5.564376
4615,10,36.30857945070348
4616,10,44.94733669500484
4617,10,49.95527509500483
4618,10,53.29390069500484
4619,10,56.63252629500483
4620,10,53.29390069500484
4621,10,46.61664949500484
4622,10,49.95527509500483
4623,10,56.63252629500483
4624,10,53.29390069500484
4625,10,49.95527509500483
4626,10,44.94733669500484
4627,10,38.53432985070348
4628,10,23.96375626707982
4629,10,21.73800586707982
4630,10,21.73800586707982
4631,10,5.564376
4632,10,5.564376
4633,10,2.2257504
4634,10,5.564376
4635,10,5.564376
4636,10,5.564376
4637,10,5.564376
4638,10,5.564376
4639,10,36.30857945070348
4640,10,44.94733669500484
4641,10,49.95527509500483
4642,10,53.29390069500484
4643,10,56.63252629500483
4644,10,53.29390069500484
4645,10,46.61664949500484
4646,10,49.95527509500483
4647,10,56.63252629500483
4648,10,53.29390069500484
4649,10,49.95527509500483
4650,10,44.94733669500484
4651,10,38.53432985070348
4652,10,23.96375626707982
4653,10,21.73800586707982
4654,10,21.73800586707982
4655,10,5.564376
4656,10,5.564376
4657,7,0.0
4658,7,0.0
4659,7,0.0
4660,7,0.0
4661,7,0.0
4662,7,0.0
4663,7,14.57057358362366
4664,7,14.57057358362366
4665,7,14.57057358362366
4666,7,14.57057358362366
4667,7,14.57057358362366
4668,7,14.57057358362366
4669,7,14.57057358362366
4670,7,14.57057358362366
4671,7,14.57057358362366
4672,7,14.57057358362366
4673,7,14.57057358362366
4674,7,14.57057358362366
4675,7,14.57057358362366
4676,7,0.0
4677,7,0.0
4678,7,0.0
4679,7,0.0
4680,7,0.0
4681,8,0.5564376000000002
4682,8,0.5564376000000002
4683,8,0.5564376000000002
4684,8,0.5564376000000002
4685,8,0.5564376000000002
4686,8,0.5564376000000002
4687,8,31.30064105070348
4688,8,33.52639145070348
4689,8,33.52639145070348
4690,8,33.52639145070348
4691,8,33.52639145070348
4692,8,33.52639145070348
4693,8,33.52639145070348
4694,8,33.52639145070348
4695,8,33.52639145070348
4696,8,33.52639145070348
4697,8,33.52639145070348
4698,8,33.52639145070348
4699,8,33.52639145070348
4700,8,18.95581786707982
4701,8,16.73006746707982
4702,8,16.73006746707982
4703,8,0.5564376000000002
4704,8,0.5564376000000002
4705,10,2.2257504
4706,10,5.564376
4707,10,5.564376
4708,10,5.564376
4709,10,5.564376
4710,10,5.564376
4711,10,36.30857945070348
4712,10,44.94733669500484
4713,10,49.95527509500483
4714,10,53.29390069500484
4715,10,56.63252629500483
4716,10,53.29390069500484
4717,10,46.61664949500484
4718,10,49.95527509500483
4719,10,56.63252629500483
4720,10,53.29390069500484
4721,10,49.95527509500483
4722,10,44.94733669500484
4723,10,38.53432985070348
4724,10,23.96375626707982
4725,10,21.73800586707982
4726,10,21.73800586707982
4727,10,5.564376
4728,10,5.564376
4729,8,0.5564376000000002
4730,8,0.5564376000000002
4731,8,0.5564376000000002
4732,8,0.5564376000000002
4733,8,0.5564376000000002
4734,8,0.5564376000000002
4735,8,31.30064105070348
4736,8,33.52639145070348
4737,8,33.52639145070348
4738,8,33.52639145070348
4739,8,33.52639145070348
4740,8,33.52639145070348
4741,8,33.52639145070348
4742,8,33.52639145070348
4743,8,33.52639145070348
4744,8,33.52639145070348
4745,8,33.52639145070348
4746,8,33.52639145070348
4747,8,33.52639145070348
4748,8,18.95581786707982
4749,8,16.73006746707982
4750,8,16.73006746707982
4751,8,0.5564376000000002
4752,8,0.5564376000000002
4753,9,0.0
4754,9,0.0
4755,9,0.0
4756,9,0.0
4757,9,0.0
4758,9,0.0
4759,9,14.57057358362366
4760,9,14.57057358362366
4761,9,14.57057358362366
4762,9,14.57057358362366
4763,9,14.57057358362366
4764,9,14.57057358362366
4765,9,14.57057358362366
4766,9,14.57057358362366
4767,9,14.57057358362366
4768,9,14.57057358362366
4769,9,14.57057358362366
4770,9,14.57057358362366
4771,9,14.57057358362366
4772,9,0.0
4773,9,0.0
4774,9,0.0
4775,9,0.0
4776,9,0.0
4777,10,2.2257504
4778,10,5.564376
4779,10,5.564376
4780,10,5.564376
4781,10,5.564376
4782,10,5.564376
4783,10,36.30857945070348
4784,10,44.94733669500484
4785,10,49.95527509500483
4786,10,53.29390069500484
4787,10,56.63252629500483
4788,10,53.29390069500484
4789,10,46.61664949500484
4790,10,49.95527509500483
4791,10,56.63252629500483
4792,10,53.29390069500484
4793,10,49.95527509500483
4794,10,44.94733669500484
4795,10,38.53432985070348
4796,10,23.96375626707982
4797,10,21.73800586707982
4798,10,21.73800586707982
4799,10,5.564376
4800,10,5.564376
4801,10,2.2257504
4802,10,5.564376
4803,10,5.564376
4804,10,5.564376
4805,10,5.564376
4806,10,5.564376
4807,10,36.30857945070348
4808,10,44.94733669500484
4809,10,49.95527509500483
4810,10,53.29390069500484
4811,10,56.63252629500483
4812,10,53.29390069500484
4813,10,46.61664949500484
4814,10,49.95527509500483
4815,10,56.63252629500483
4816,10,53.29390069500484
4817,10,49.95527509500483
4818,10,44.94733669500484
4819,10,38.53432985070348
4820,10,23.96375626707982
4821,10,21.73800586707982
4822,10,21.73800586707982
4823,10,5.564376
4824,10,5.564376
4825,9,0.0
4826,9,0.0
4827,9,0.0
4828,9,0.0
4829,9,0.0
4830,9,0.0
4831,9,14.57057358362366
4832,9,14.57057358362366
4833,9,14.57057358362366
4834,9,14.57057358362366
4835,9,14.57057358362366
4836,9,14.57057358362366
4837,9,14.57057358362366
4838,9,14.57057358362366
4839,9,14.57057358362366
4840,9,14.57057358362366
4841,9,14.57057358362366
4842,9,14.57057358362366
4843,9,14.57057358362366
4844,9,0.0
4845,9,0.0
4846,9,0.0
4847,9,0.0
4848,9,0.0
4849,9,0.0
4850,9,0.0
4851,9,0.0
4852,9,0.0
4853,9,0.0
4854,9,0.0
4855,9,14.57057358362366
4856,9,14.57057358362366
4857,9,14.57057358362366
4858,9,14.57057358362366
4859,9,14.57057358362366
4860,9,14.57057358362366
4861,9,14.57057358362366
4862,9,14.57057358362366
4863,9,14.57057358362366
4864,9,14.57057358362366
4865,9,14.57057358362366
4866,9,14.57057358362366
4867,9,14.57057358362366
4868,9,0.0
4869,9,0.0
4870,9,0.0
4871,9,0.0
4872,9,0.0
4873,10,2.2257504
4874,10,5.564376
4875,10,5.564376
4876,10,5.564376
4877,10,5.564376
4878,10,5.564376
4879,10,36.30857945070348
4880,10,44.94733669500484
4881,10,49.95527509500483
4882,10,53.29390069500484
4883,10,56.63252629500483
4884,10,53.29390069500484
4885,10,46.61664949500484
4886,10,49.95527509500483
4887,10,56.63252629500483
4888,10,53.29390069500484
4889,10,49.95527509500483
4890,10,44.94733669500484
4891,10,38.53432985070348
4892,10,23.96375626707982
4893,10,21.73800586707982
4894,10,21.73800586707982
4895,10,5.564376
4896,10,5.564376
4897,10,2.2257504
4898,10,5.564376
4899,10,5.564376
4900,10,5.564376
4901,10,5.564376
4902,10,5.564376
4903,10,36.30857945070348
4904,10,44.94733669500484
4905,10,49.95527509500483
4906,10,53.29390069500484
4907,10,56.63252629500483
4908,10,53.29390069500484
4909,10,46.61664949500484
4910,10,49.95527509500483
4911,10,56.63252629500483
4912,10,53.29390069500484
4913,10,49.95527509500483
4914,10,44.94733669500484
4915,10,38.53432985070348
4916,10,23.96375626707982
4917,10,21.73800586707982
4918,10,21.73800586707982
4919,10,5.564376
4920,10,5.564376
4921,10,2.2257504
4922,10,5.564376
4923,10,5.564376
4924,10,5.564376
4925,10,5.564376
4926,10,5.564376
4927,10,36.30857945070348
4928,10,44.94733669500484
4929,10,49.95527509500483
4930,10,53.29390069500484
4931,10,56.63252629500483
4932,10,53.29390069500484
4933,10,46.61664949500484
4934,10,49.95527509500483
4935,10,56.63252629500483
4936,10,53.29390069500484
4937,10,49.95527509500483
4938,10,44.94733669500484
4939,10,38.53432985070348
4940,10,23.96375626707982
4941,10,21.73800586707982
4942,10,21.73800586707982
4943,10,5.564376
4944,10,5.564376
4945,10,2.2257504
4946,10,5.564376
4947,10,5.564376
4948,10,5.564376
4949,10,5.564376
4950,10,5.564376
4951,10,36.30857945070348
4952,10,44.94733669500484
4953,10,49.95527509500483
4954,10,53.29390069500484
4955,10,56.63252629500483
4956,10,53.29390069500484
4957,10,46.61664949500484
4958,10,49.95527509500483
4959,10,56.63252629500483
4960,10,53.29390069500484
4961,10,49.95527509500483
4962,10,44.94733669500484
4963,10,38.53432985070348
4964,10,23.96375626707982
4965,10,21.73800586707982
4966,10,21.73800586707982
4967,10,5.564376
4968,10,5.564376
4969,10,2.2257504
4970,10,5.564376
4971,10,5.564376
4972,10,5.564376
4973,10,5.564376
4974,10,5.564376
4975,10,36.30857945070348
4976,10,44.94733669500484
4977,10,49.95527509500483
4978,10,53.29390069500484
4979,10,56.63252629500483
4980,10,53.29390069500484
4981,10,46.61664949500484
4982,10,49.95527509500483
4983,10,56.63252629500483
4984,10,53.29390069500484
4985,10,49.95527509500483
4986,10,44.94733669500484
4987,10,38.53432985070348
4988,10,23.96375626707982
4989,10,21.73800586707982
4990,10,21.73800586707982
4991,10,5.564376
4992,10,5.564376
4993,10,2.2257504
4994,10,5.564376
4995,10,5.564376
4996,10,5.564376
4997,10,5.564376
4998,10,5.564376
4999,10,36.30857945070348
5000,10,44.94733669500484
5001,10,49.95527509500483
5002,10,53.29390069500484
5003,10,56.63252629500483
5004,10,53.29390069500484
5005,10,46.61664949500484
5006,10,49.95527509500483
5007,10,56.63252629500483
5008,10,53.29390069500484
5009,10,49.95527509500483
5010,10,44.94733669500484
5011,10,38.53432985070348
5012,10,23.96375626707982
5013,10,21.73800586707982
5014,10,21.73800586707982
5015,10,5.564376
5016,10,5.564376
5017,9,0.0
5018,9,0.0
5019,9,0.0
5020,9,0.0
5021,9,0.0
5022,9,0.0
5023,9,14.57057358362366
5024,9,14.57057358362366
5025,9,14.57057358362366
5026,9,14.57057358362366
5027,9,14.57057358362366
5028,9,14.57057358362366
5029,9,14.57057358362366
5030,9,14.57057358362366
5031,9,14.57057358362366
5032,9,14.57057358362366
5033,9,14.57057358362366
5034,9,14.57057358362366
5035,9,14.57057358362366
5036,9,0.0
5037,9,0.0
5038,9,0.0
5039,9,0.0
5040,9,0.0
5041,8,0.5564376000000002
5042,8,0.5564376000000002
5043,8,0.5564376000000002
5044,8,0.5564376000000002
5045,8,0.5564376000000002
5046,8,0.5564376000000002
5047,8,31.30064105070348
5048,8,33.52639145070348
5049,8,33.52639145070348
5050,8,33.52639145070348
5051,8,33.52639145070348
5052,8,33.52639145070348
5053,8,33.52639145070348
5054,8,33.52639145070348
5055,8,33.52639145070348
5056,8,33.52639145070348
5057,8,33.52639145070348
5058,8,33.52639145070348
5059,8,33.52639145070348
5060,8,18.95581786707982
5061,8,16.73006746707982
5062,8,16.73006746707982
5063,8,0.5564376000000002
5064,8,0.5564376000000002
5065,10,2.2257504
5066,10,5.564376
5067,10,5.564376
5068,10,5.564376
5069,10,5.564376
5070,10,5.564376
5071,10,36.30857945070348
5072,10,44.94733669500484
5073,10,49.95527509500483
5074,10,53.29390069500484
5075,10,56.63252629500483
5076,10,53.29390069500484
5077,10,46.61664949500484
5078,10,49.95527509500483
5079,10,56.63252629500483
5080,10,53.29390069500484
5081,10,49.95527509500483
5082,10,44.94733669500484
5083,10,38.53432985070348
5084,10,23.96375626707982
5085,10,21.73800586707982
5086,10,21.73800586707982
5087,10,5.564376
5088,10,5.564376
5089,8,0.5564376000000002
5090,8,0.5564376000000002
5091,8,0.5564376000000002
5092,8,0.5564376000000002
5093,8,0.5564376000000002
5094,8,0.5564376000000002
5095,8,31.30064105070348
5096,8,33.52639145070348
5097,8,33.52639145070348
5098,8,33.52639145070348
5099,8,33.52639145070348
5100,8,33.52639145070348
5101,8,33.52639145070348
5102,8,33.52639145070348
5103,8,33.52639145070348
5104,8,33.52639145070348
5105,8,33.52639145070348
5106,8,33.52639145070348
5107,8,33.52639145070348
5108,8,18.95581786707982
5109,8,16.73006746707982
5110,8,16.73006746707982
5111,8,0.5564376000000002
5112,8,0.5564376000000002
5113,10,2.2257504
5114,10,5.564376
5115,10,5.564376
5116,10,5.564376
5117,10,5.564376
5118,10,5.564376
5119,10,36.30857945070348
5120,10,44.94733669500484
5121,10,49.95527509500483
5122,10,53.29390069500484
5123,10,56.63252629500483
5124,10,53.29390069500484
5125,10,46.61664949500484
5126,10,49.95527509500483
5127,10,56.63252629500483
5128,10,53.29390069500484
5129,10,49.95527509500483
5130,10,44.94733669500484
5131,10,38.53432985070348
5132,10,23.96375626707982
5133,10,21.73800586707982
5134,10,21.73800586707982
5135,10,5.564376
5136,10,5.564376
5137,8,0.5564376000000002
5138,8,0.5564376000000002
5139,8,0.5564376000000002
5140,8,0.5564376000000002
5141,8,0.5564376000000002
5142,8,0.5564376000000002
5143,8,31.30064105070348
5144,8,33.52639145070348
5145,8,33.52639145070348
5146,8,33.52639145070348
5147,8,33.52639145070348
5148,8,33.52639145070348
5149,8,33.52639145070348
5150,8,33.52639145070348
5151,8,33.52639145070348
5152,8,33.52639145070348
5153,8,33.52639145070348
5154,8,33.52639145070348
5155,8,33.52639145070348
5156,8,18.95581786707982
5157,8,16.73006746707982
5158,8,16.73006746707982
5159,8,0.5564376000000002
5160,8,0.5564376000000002
5161,7,0.0
5162,7,0.0
5163,7,0.0
5164,7,0.0
5165,7,0.0
5166,7,0.0
5167,7,14.57057358362366
5168,7,14.57057358362366
5169,7,14.57057358362366
5170,7,14.57057358362366
5171,7,14.57057358362366
5172,7,14.57057358362366
5173,7,14.57057358362366
5174,7,14.57057358362366
5175,7,14.57057358362366
5176,7,14.57057358362366
5177,7,14.57057358362366
5178,7,14.57057358362366
5179,7,14.57057358362366
5180,7,0.0
5181,7,0.0
5182,7,0.0
5183,7,0.0
5184,7,0.0
5185,7,0.0
5186,7,0.0
5187,7,0.0
5188,7,0.0
5189,7,0.0
5190,7,0.0
5191,7,14.57057358362366
5192,7,14.57057358362366
5193,7,14.57057358362366
5194,7,14.57057358362366
5195,7,14.57057358362366
5196,7,14.57057358362366
5197,7,14.57057358362366
5198,7,14.57057358362366
5199,7,14.57057358362366
5200,7,14.57057358362366
5201,7,14.57057358362366
5202,7,14.57057358362366
5203,7,14.57057358362366
5204,7,0.0
5205,7,0.0
5206,7,0.0
5207,7,0.0
5208,7,0.0
5209,7,0.0
5210,7,0.0
5211,7,0.0
5212,7,0.0
5213,7,0.0
5214,7,0.0
5215,7,14.57057358362366
5216,7,14.57057358362366
5217,7,14.57057358362366
5218,7,14.57057358362366
5219,7,14.57057358362366
5220,7,14.57057358362366
5221,7,14.57057358362366
5222,7,14.57057358362366
5223,7,14.57057358362366
5224,7,14.57057358362366
5225,7,14.57057358362366
5226,7,14.57057358362366
5227,7,14.57057358362366
5228,7,0.0
5229,7,0.0
5230,7,0.0
5231,7,0.0
5232,7,0.0
5233,8,0.5564376000000002
5234,8,0.5564376000000002
5235,8,0.5564376000000002
5236,8,0.5564376000000002
5237,8,0.5564376000000002
5238,8,0.5564376000000002
5239,8,31.30064105070348
5240,8,33.52639145070348
5241,8,33.52639145070348
5242,8,33.52639145070348
5243,8,33.52639145070348
5244,8,33.52639145070348
5245,8,33.52639145070348
5246,8,33.52639145070348
5247,8,33.52639145070348
5248,8,33.52639145070348
5249,8,33.52639145070348
5250,8,33.52639145070348
5251,8,33.52639145070348
5252,8,18.95581786707982
5253,8,16.73006746707982
5254,8,16.73006746707982
5255,8,0.5564376000000002
5256,8,0.5564376000000002
5257,8,0.5564376000000002
5258,8,0.5564376000000002
5259,8,0.5564376000000002
5260,8,0.5564376000000002
5261,8,0.5564376000000002
5262,8,0.5564376000000002
5263,8,31.30064105070348
5264,8,33.52639145070348
5265,8,33.52639145070348
5266,8,33.52639145070348
5267,8,33.52639145070348
5268,8,33.52639145070348
5269,8,33.52639145070348
5270,8,33.52639145070348
5271,8,33.52639145070348
5272,8,33.52639145070348
5273,8,33.52639145070348
5274,8,33.52639145070348
5275,8,33.52639145070348
5276,8,18.95581786707982
5277,8,16.73006746707982
5278,8,16.73006746707982
5279,8,0.5564376000000002
5280,8,0.5564376000000002
5281,7,0.0
5282,7,0.0
5283,7,0.0
5284,7,0.0
5285,7,0.0
5286,7,0.0
5287,7,14.57057358362366
5288,7,14.57057358362366
5289,7,14.57057358362366
5290,7,14.57057358362366
5291,7,14.57057358362366
5292,7,14.57057358362366
5293,7,14.57057358362366
5294,7,14.57057358362366
5295,7,14.57057358362366
5296,7,14.57057358362366
5297,7,14.57057358362366
5298,7,14.57057358362366
5299,7,14.57057358362366
5300,7,0.0
5301,7,0.0
5302,7,0.0
5303,7,0.0
5304,7,0.0
5305,10,2.2257504
5306,10,5.564376
5307,10,5.564376
5308,10,5.564376
5309,10,5.564376
5310,10,5.564376
5311,10,36.30857945070348
5312,10,44.94733669500484
5313,10,49.95527509500483
5314,10,53.29390069500484
5315,10,56.63252629500483
5316,10,53.29390069500484
5317,10,46.61664949500484
5318,10,49.95527509500483
5319,10,56.63252629500483
5320,10,53.29390069500484
5321,10,49.95527509500483
5322,10,44.94733669500484
5323,10,38.53432985070348
5324,10,23.96375626707982
5325,10,21.73800586707982
5326,10,21.73800586707982
5327,10,5.564376
5328,10,5.564376
5329,9,0.0
5330,9,0.0
5331,9,0.0
5332,9,0.0
5333,9,0.0
5334,9,0.0
5335,9,14.57057358362366
5336,9,14.57057358362366
5337,9,14.57057358362366
5338,9,14.57057358362366
5339,9,14.57057358362366
5340,9,14.57057358362366
5341,9,14.57057358362366
5342,9,14.57057358362366
5343,9,14.57057358362366
5344,9,14.57057358362366
5345,9,14.57057358362366
5346,9,14.57057358362366
5347,9,14.57057358362366
5348,9,0.0
5349,9,0.0
5350,9,0.0
5351,9,0.0
5352,9,0.0
5353,7,0.0
5354,7,0.0
5355,7,0.0
5356,7,0.0
5357,7,0.0
5358,7,0.0
5359,7,14.57057358362366
5360,7,14.57057358362366
5361,7,14.57057358362366
5362,7,14.57057358362366
5363,7,14.57057358362366
5364,7,14.57057358362366
5365,7,14.57057358362366
5366,7,14.57057358362366
5367,7,14.57057358362366
5368,7,14.57057358362366
5369,7,14.57057358362366
5370,7,14.57057358362366
5371,7,14.57057358362366
5372,7,0.0
5373,7,0.0
5374,7,0.0
5375,7,0.0
5376,7,0.0
5377,8,0.5564376000000002
5378,8,0.5564376000000002
5379,8,0.5564376000000002
5380,8,0.5564376000000002
5381,8,0.5564376000000002
5382,8,0.5564376000000002
5383,8,31.30064105070348
5384,8,33.52639145070348
5385,8,33.52639145070348
5386,8,33.52639145070348
5387,8,33.52639145070348
5388,8,33.52639145070348
5389,8,33.52639145070348
5390,8,33.52639145070348
5391,8,33.52639145070348
5392,8,33.52639145070348
5393,8,33.52639145070348
5394,8,33.52639145070348
5395,8,33.52639145070348
5396,8,18.95581786707982
5397,8,16.73006746707982
5398,8,16.73006746707982
5399,8,0.5564376000000002
5400,8,0.5564376000000002
5401,9,0.0
5402,9,0.0
5403,9,0.0
5404,9,0.0
5405,9,0.0
5406,9,0.0
5407,9,14.57057358362366
5408,9,14.57057358362366
5409,9,14.57057358362366
5410,9,14.57057358362366
5411,9,14.57057358362366
5412,9,14.57057358362366
5413,9,14.57057358362366
5414,9,14.57057358362366
5415,9,14.57057358362366
5416,9,14.57057358362366
5417,9,14.57057358362366
5418,9,14.57057358362366
5419,9,14.57057358362366
5420,9,0.0
5421,9,0.0
5422,9,0.0
5423,9,0.0
5424,9,0.0
5425,10,2.2257504
5426,10,5.564376
5427,10,5.564376
5428,10,5.564376
5429,10,5.564376
5430,10,5.564376
5431,10,36.30857945070348
5432,10,44.94733669500484
5433,10,49.95527509500483
5434,10,53.29390069500484
5435,10,56.63252629500483
5436,10,53.29390069500484
5437,10,46.61664949500484
5438,10,49.95527509500483
5439,10,56.63252629500483
5440,10,53.29390069500484
5441,10,49.95527509500483
5442,10,44.94733669500484
5443,10,38.53432985070348
5444,10,23.96375626707982
5445,10,21.73800586707982
5446,10,21.73800586707982
5447,10,5.564376
5448,10,5.564376
5449,10,2.2257504
5450,10,5.564376
5451,10,5.564376
5452,10,5.564376
5453,10,5.564376
5454,10,5.564376
5455,10,36.30857945070348
5456,10,44.94733669500484
5457,10,49.95527509500483
5458,10,53.29390069500484
5459,10,56.63252629500483
5460,10,53.29390069500484
5461,10,46.61664949500484
5462,10,49.95527509500483
5463,10,56.63252629500483
5464,10,53.29390069500484
5465,10,49.95527509500483
5466,10,44.94733669500484
5467,10,38.53432985070348
5468,10,23.96375626707982
5469,10,21.73800586707982
5470,10,21.73800586707982
5471,10,5.564376
5472,10,5.564376
5473,9,0.0
5474,9,0.0
5475,9,0.0
5476,9,0.0
5477,9,0.0
5478,9,0.0
5479,9,14.57057358362366
5480,9,14.57057358362366
5481,9,14.57057358362366
5482,9,14.57057358362366
5483,9,14.57057358362366
5484,9,14.57057358362366
5485,9,14.57057358362366
5486,9,14.57057358362366
5487,9,14.57057358362366
5488,9,14.57057358362366
5489,9,14.57057358362366
5490,9,14.57057358362366
5491,9,14.57057358362366
5492,9,0.0
5493,9,0.0
5494,9,0.0
5495,9,0.0
5496,9,0.0
5497,9,0.0
5498,9,0.0
5499,9,0.0
5500,9,0.0
5501,9,0.0
5502,9,0.0
5503,9,14.57057358362366
5504,9,14.57057358362366
5505,9,14.57057358362366
5506,9,14.57057358362366
5507,9,14.57057358362366
5508,9,14.57057358362366
5509,9,14.57057358362366
5510,9,14.57057358362366
5511,9,14.57057358362366
5512,9,14.57057358362366
5513,9,14.57057358362366
5514,9,14.57057358362366
5515,9,14.57057358362366
5516,9,0.0
5517,9,0.0
5518,9,0.0
5519,9,0.0
5520,9,0.0
5521,9,0.0
5522,9,0.0
5523,9,0.0
5524,9,0.0
5525,9,0.0
5526,9,0.0
5527,9,14.57057358362366
5528,9,14.57057358362366
5529,9,14.57057358362366
5530,9,14.57057358362366
5531,9,14.57057358362366
5532,9,14.57057358362366
5533,9,14.57057358362366
5534,9,14.57057358362366
5535,9,14.57057358362366
5536,9,14.57057358362366
5537,9,14.57057358362366
5538,9,14.57057358362366
5539,9,14.57057358362366
5540,9,0.0
5541,9,0.0
5542,9,0.0
5543,9,0.0
5544,9,0.0
5545,9,0.0
5546,9,0.0
5547,9,0.0
5548,9,0.0
5549,9,0.0
5550,9,0.0
5551,9,14.57057358362366
5552,9,14.57057358362366
5553,9,14.57057358362366
5554,9,14.57057358362366
5555,9,14.57057358362366
5556,9,14.57057358362366
5557,9,14.57057358362366
5558,9,14.57057358362366
5559,9,14.57057358362366
5560,9,14.57057358362366
5561,9,14.57057358362366
5562,9,14.57057358362366
5563,9,14.57057358362366
5564,9,0.0
5565,9,0.0
5566,9,0.0
5567,9,0.0
5568,9,0.0
5569,10,2.2257504
5570,10,5.564376
5571,10,5.564376
5572,10,5.564376
5573,10,5.564376
5574,10,5.564376
5575,10,36.30857945070348
5576,10,44.94733669500484
5577,10,49.95527509500483
5578,10,53.29390069500484
5579,10,56.63252629500483
5580,10,53.29390069500484
5581,10,46.61664949500484
5582,10,49.95527509500483
5583,10,56.63252629500483
5584,10,53.29390069500484
5585,10,49.95527509500483
5586,10,44.94733669500484
5587,10,38.53432985070348
5588,10,23.96375626707982
5589,10,21.73800586707982
5590,10,21.73800586707982
5591,10,5.564376
5592,10,5.564376
5593,7,0.0
5594,7,0.0
5595,7,0.0
5596,7,0.0
5597,7,0.0
5598,7,0.0
5599,7,14.57057358362366
5600,7,14.57057358362366
5601,7,14.57057358362366
5602,7,14.57057358362366
5603,7,14.57057358362366
5604,7,14.57057358362366
5605,7,14.57057358362366
5606,7,14.57057358362366
5607,7,14.57057358362366
5608,7,14.57057358362366
5609,7,14.57057358362366
5610,7,14.57057358362366
5611,7,14.57057358362366
5612,7,0.0
5613,7,0.0
5614,7,0.0
5615,7,0.0
5616,7,0.0
5617,6,0.5564376000000002
5618,6,0.5564376000000002
5619,6,0.5564376000000002
5620,6,0.5564376000000002
5621,6,0.5564376000000002
5622,6,0.5564376000000002
5623,6,31.30064105070348
5624,6,33.52639145070348
5625,6,33.52639145070348
5626,6,33.52639145070348
5627,6,33.52639145070348
5628,6,33.52639145070348
5629,6,33.52639145070348
5630,6,33.52639145070348
5631,6,33.52639145070348
5632,6,33.52639145070348
5633,6,33.52639145070348
5634,6,33.52639145070348
5635,6,33.52639145070348
5636,6,18.95581786707982
5637,6,16.73006746707982
5638,6,16.73006746707982
5639,6,0.5564376000000002
5640,6,0.5564376000000002
5641,8,0.5564376000000002
5642,8,0.5564376000000002
5643,8,0.5564376000000002
5644,8,0.5564376000000002
5645,8,0.5564376000000002
5646,8,0.5564376000000002
5647,8,31.30064105070348
5648,8,33.52639145070348
5649,8,33.52639145070348
5650,8,33.52639145070348
5651,8,33.52639145070348
5652,8,33.52639145070348
5653,8,33.52639145070348
5654,8,33.52639145070348
5655,8,33.52639145070348
5656,8,33.52639145070348
5657,8,33.52639145070348
5658,8,33.52639145070348
5659,8,33.52639145070348
5660,8,18.95581786707982
5661,8,16.73006746707982
5662,8,16.73006746707982
5663,8,0.5564376000000002
5664,8,0.5564376000000002
5665,10,2.2257504
5666,10,5.564376
5667,10,5.564376
5668,10,5.564376
5669,10,5.564376
5670,10,5.564376
5671,10,36.30857945070348
5672,10,44.94733669500484
5673,10,49.95527509500483
5674,10,53.29390069500484
5675,10,56.63252629500483
5676,10,53.29390069500484
5677,10,46.61664949500484
5678,10,49.95527509500483
5679,10,56.63252629500483
5680,10,53.29390069500484
5681,10,49.95527509500483
5682,10,44.94733669500484
5683,10,38.53432985070348
5684,10,23.96375626707982
5685,10,21.73800586707982
5686,10,21.73800586707982
5687,10,5.564376
5688,10,5.564376
5689,10,2.2257504
5690,10,5.564376
5691,10,5.564376
5692,10,5.564376
5693,10,5.564376
5694,10,5.564376
5695,10,36.30857945070348
5696,10,44.94733669500484
5697,10,49.95527509500483
5698,10,53.29390069500484
5699,10,56.63252629500483
5700,10,53.29390069500484
5701,10,46.61664949500484
5702,10,49.95527509500483
5703,10,56.63252629500483
5704,10,53.29390069500484
5705,10,49.95527509500483
5706,10,44.94733669500484
5707,10,38.53432985070348
5708,10,23.96375626707982
5709,10,21.73800586707982
5710,10,21.73800586707982
5711,10,5.564376
5712,10,5.564376
5713,8,0.5564376000000002
5714,8,0.5564376000000002
5715,8,0.5564376000000002
5716,8,0.5564376000000002
5717,8,0.5564376000000002
5718,8,0.5564376000000002
5719,8,31.30064105070348
5720,8,33.52639145070348
5721,8,33.52639145070348
5722,8,33.52639145070348
5723,8,33.52639145070348
5724,8,33.52639145070348
5725,8,33.52639145070348
5726,8,33.52639145070348
5727,8,33.52639145070348
5728,8,33.52639145070348
5729,8,33.52639145070348
5730,8,33.52639145070348
5731,8,33.52639145070348
5732,8,18.95581786707982
5733,8,16.73006746707982
5734,8,16.73006746707982
5735,8,0.5564376000000002
5736,8,0.5564376000000002
5737,8,0.5564376000000002
5738,8,0.5564376000000002
5739,8,0.5564376000000002
5740,8,0.5564376000000002
5741,8,0.5564376000000002
5742,8,0.5564376000000002
5743,8,31.30064105070348
5744,8,33.52639145070348
5745,8,33.52639145070348
5746,8,33.52639145070348
5747,8,33.52639145070348
5748,8,33.52639145070348
5749,8,33.52639145070348
5750,8,33.52639145070348
5751,8,33.52639145070348
5752,8,33.52639145070348
5753,8,33.52639145070348
5754,8,33.52639145070348
5755,8,33.52639145070348
5756,8,18.95581786707982
5757,8,16.73006746707982
5758,8,16.73006746707982
5759,8,0.5564376000000002
5760,8,0.5564376000000002
5761,8,0.5564376000000002
5762,8,0.5564376000000002
5763,8,0.5564376000000002
5764,8,0.5564376000000002
5765,8,0.5564376000000002
5766,8,0.5564376000000002
5767,8,31.30064105070348
5768,8,33.52639145070348
5769,8,33.52639145070348
5770,8,33.52639145070348
5771,8,33.52639145070348
5772,8,33.52639145070348
5773,8,33.52639145070348
5774,8,33.52639145070348
5775,8,33.52639145070348
5776,8,33.52639145070348
5777,8,33.52639145070348
5778,8,33.52639145070348
5779,8,33.52639145070348
5780,8,18.95581786707982
5781,8,16.73006746707982
5782,8,16.73006746707982
5783,8,0.5564376000000002
5784,8,0.5564376000000002
5785,10,2.2257504
5786,10,5.564376
5787,10,5.564376
5788,10,5.564376
5789,10,5.564376
5790,10,5.564376
5791,10,36.30857945070348
5792,10,44.94733669500484
5793,10,49.95527509500483
5794,10,53.29390069500484
5795,10,56.63252629500483
5796,10,53.29390069500484
5797,10,46.61664949500484
5798,10,49.95527509500483
5799,10,56.63252629500483
5800,10,53.29390069500484
5801,10,49.95527509500483
5802,10,44.94733669500484
5803,10,38.53432985070348
5804,10,23.96375626707982
5805,10,21.73800586707982
5806,10,21.73800586707982
5807,10,5.564376
5808,10,5.564376
5809,10,2.2257504
5810,10,5.564376
5811,10,5.564376
5812,10,5.564376
5813,10,5.564376
5814,10,5.564376
5815,10,36.30857945070348
5816,10,44.94733669500484
5817,10,49.95527509500483
5818,10,53.29390069500484
5819,10,56.63252629500483
5820,10,53.29390069500484
5821,10,46.61664949500484
5822,10,49.95527509500483
5823,10,56.63252629500483
5824,10,53.29390069500484
5825,10,49.95527509500483
5826,10,44.94733669500484
5827,10,38.53432985070348
5828,10,23.96375626707982
5829,10,21.73800586707982
5830,10,21.73800586707982
5831,10,5.564376
5832,10,5.564376
5833,10,2.2257504
5834,10,5.564376
5835,10,5.564376
5836,10,5.564376
5837,10,5.564376
5838,10,5.564376
5839,10,36.30857945070348
5840,10,44.94733669500484
5841,10,49.95527509500483
5842,10,53.29390069500484
5843,10,56.63252629500483
5844,10,53.29390069500484
5845,10,46.61664949500484
5846,10,49.95527509500483
5847,10,56.63252629500483
5848,10,53.29390069500484
5849,10,49.95527509500483
5850,10,44.94733669500484
5851,10,38.53432985070348
5852,10,23.96375626707982
5853,10,21.73800586707982
5854,10,21.73800586707982
5855,10,5.564376
5856,10,5.564376
5857,10,2.2257504
5858,10,5.564376
5859,10,5.564376
5860,10,5.564376
5861,10,5.564376
5862,10,5.564376
5863,10,36.30857945070348
5864,10,44.94733669500484
5865,10,49.95527509500483
5866,10,53.29390069500484
5867,10,56.63252629500483
5868,10,53.29390069500484
5869,10,46.61664949500484
5870,10,49.95527509500483
5871,10,56.63252629500483
5872,10,53.29390069500484
5873,10,49.95527509500483
5874,10,44.94733669500484
5875,10,38.53432985070348
5876,10,23.96375626707982
5877,10,21.73800586707982
5878,10,21.73800586707982
5879,10,5.564376
5880,10,5.564376
5881,8,0.5564376000000002
5882,8,0.5564376000000002
5883,8,0.5564376000000002
5884,8,0.5564376000000002
5885,8,0.5564376000000002
5886,8,0.5564376000000002
5887,8,31.30064105070348
5888,8,33.52639145070348
5889,8,33.52639145070348
5890,8,33.52639145070348
5891,8,33.52639145070348
5892,8,33.52639145070348
5893,8,33.52639145070348
5894,8,33.52639145070348
5895,8,33.52639145070348
5896,8,33.52639145070348
5897,8,33.52639145070348
5898,8,33.52639145070348
5899,8,33.52639145070348
5900,8,18.95581786707982
5901,8,16.73006746707982
5902,8,16.73006746707982
5903,8,0.5564376000000002
5904,8,0.5564376000000002
5905,8,0.5564376000000002
5906,8,0.5564376000000002
5907,8,0.5564376000000002
5908,8,0.5564376000000002
5909,8,0.5564376000000002
5910,8,0.5564376000000002
5911,8,31.30064105070348
5912,8,33.52639145070348
5913,8,33.52639145070348
5914,8,33.52639145070348
5915,8,33.52639145070348
5916,8,33.52639145070348
5917,8,33.52639145070348
5918,8,33.52639145070348
5919,8,33.52639145070348
5920,8,33.52639145070348
5921,8,33.52639145070348
5922,8,33.52639145070348
5923,8,33.52639145070348
5924,8,18.95581786707982
5925,8,16.73006746707982
5926,8,16.73006746707982
5927,8,0.5564376000000002
5928,8,0.5564376000000002
5929,10,2.2257504
5930,10,5.564376
5931,10,5.564376
5932,10,5.564376
5933,10,5.564376
5934,10,5.564376
5935,10,36.30857945070348
5936,10,44.94733669500484
5937,10,49.95527509500483
5938,10,53.29390069500484
5939,10,56.63252629500483
5940,10,53.29390069500484
5941,10,46.61664949500484
5942,10,49.95527509500483
5943,10,56.63252629500483
5944,10,53.29390069500484
5945,10,49.95527509500483
5946,10,44.94733669500484
5947,10,38.53432985070348
5948,10,23.96375626707982
5949,10,21.73800586707982
5950,10,21.73800586707982
5951,10,5.564376
5952,10,5.564376
5953,10,2.2257504
5954,10,5.564376
5955,10,5.564376
5956,10,5.564376
5957,10,5.564376
5958,10,5.564376
5959,10,36.30857945070348
5960,10,44.94733669500484
5961,10,49.95527509500483
5962,10,53.29390069500484
5963,10,56.63252629500483
5964,10,53.29390069500484
5965,10,46.61664949500484
5966,10,49.95527509500483
5967,10,56.63252629500483
5968,10,53.29390069500484
5969,10,49.95527509500483
5970,10,44.94733669500484
5971,10,38.53432985070348
5972,10,23.96375626707982
5973,10,21.73800586707982
5974,10,21.73800586707982
5975,10,5.564376
5976,10,5.564376
5977,6,0.5564376000000002
5978,6,0.5564376000000002
5979,6,0.5564376000000002
5980,6,0.5564376000000002
5981,6,0.5564376000000002
5982,6,0.5564376000000002
5983,6,31.30064105070348
5984,6,33.52639145070348
5985,6,33.52639145070348
5986,6,33.52639145070348
5987,6,33.52639145070348
5988,6,33.52639145070348
5989,6,33.52639145070348
5990,6,33.52639145070348
5991,6,33.52639145070348
5992,6,33.52639145070348
5993,6,33.52639145070348
5994,6,33.52639145070348
5995,6,33.52639145070348
5996,6,18.95581786707982
5997,6,16.73006746707982
5998,6,16.73006746707982
5999,6,0.5564376000000002
6000,6,0.5564376000000002
6001,8,0.5564376000000002
6002,8,0.5564376000000002
6003,8,0.5564376000000002
6004,8,0.5564376000000002
6005,8,0.5564376000000002
6006,8,0.5564376000000002
6007,8,31.30064105070348
6008,8,33.52639145070348
6009,8,33.52639145070348
6010,8,33.52639145070348
6011,8,33.52639145070348
6012,8,33.52639145070348
6013,8,33.52639145070348
6014,8,33.52639145070348
6015,8,33.52639145070348
6016,8,33.52639145070348
6017,8,33.52639145070348
6018,8,33.52639145070348
6019,8,33.52639145070348
6020,8,18.95581786707982
6021,8,16.73006746707982
6022,8,16.73006746707982
6023,8,0.5564376000000002
6024,8,0.5564376000000002
6025,8,0.5564376000000002
6026,8,0.5564376000000002
6027,8,0.5564376000000002
6028,8,0.5564376000000002
6029,8,0.5564376000000002
6030,8,0.5564376000000002
6031,8,31.30064105070348
6032,8,33.52639145070348
6033,8,33.52639145070348
6034,8,33.52639145070348
6035,8,33.52639145070348
6036,8,33.52639145070348
6037,8,33.52639145070348
6038,8,33.52639145070348
6039,8,33.52639145070348
6040,8,33.52639145070348
6041,8,33.52639145070348
6042,8,33.52639145070348
6043,8,33.52639145070348
6044,8,18.95581786707982
6045,8,16.73006746707982
6046,8,16.73006746707982
6047,8,0.5564376000000002
6048,8,0.5564376000000002
6049,6,0.5564376000000002
6050,6,0.5564376000000002
6051,6,0.5564376000000002
6052,6,0.5564376000000002
6053,6,0.5564376000000002
6054,6,0.5564376000000002
6055,6,31.30064105070348
6056,6,33.52639145070348
6057,6,33.52639145070348
6058,6,33.52639145070348
6059,6,33.52639145070348
6060,6,33.52639145070348
6061,6,33.52639145070348
6062,6,33.52639145070348
6063,6,33.52639145070348
6064,6,33.52639145070348
6065,6,33.52639145070348
6066,6,33.52639145070348
6067,6,33.52639145070348
6068,6,18.95581786707982
6069,6,16.73006746707982
6070,6,16.73006746707982
6071,6,0.5564376000000002
6072,6,0.5564376000000002
6073,6,0.5564376000000002
6074,6,0.5564376000000002
6075,6,0.5564376000000002
6076,6,0.5564376000000002
6077,6,0.5564376000000002
6078,6,0.5564376000000002
6079,6,31.30064105070348
6080,6,33.52639145070348
6081,6,33.52639145070348
6082,6,33.52639145070348
6083,6,33.52639145070348
6084,6,33.52639145070348
6085,6,33.52639145070348
6086,6,33.52639145070348
6087,6,33.52639145070348
6088,6,33.52639145070348
6089,6,33.52639145070348
6090,6,33.52639145070348
6091,6,33.52639145070348
6092,6,18.95581786707982
6093,6,16.73006746707982
6094,6,16.73006746707982
6095,6,0.5564376000000002
6096,6,0.5564376000000002
6097,6,0.5564376000000002
6098,6,0.5564376000000002
6099,6,0.5564376000000002
6100,6,0.5564376000000002
6101,6,0.5564376000000002
6102,6,0.5564376000000002
6103,6,31.30064105070348
6104,6,33.52639145070348
6105,6,33.52639145070348
6106,6,33.52639145070348
6107,6,33.52639145070348
6108,6,33.52639145070348
6109,6,33.52639145070348
6110,6,33.52639145070348
6111,6,33.52639145070348
6112,6,33.52639145070348
6113,6,33.52639145070348
6114,6,33.52639145070348
6115,6,33.52639145070348
6116,6,18.95581786707982
6117,6,16.73006746707982
6118,6,16.73006746707982
6119,6,0.5564376000000002
6120,6,0.5564376000000002
6121,5,14.24480256
6122,5,17.58342816
6123,5,17.58342816
6124,5,17.58342816
6125,5,17.58342816
6126,5,17.58342816
6127,5,48.32763161070348
6128,5,141.26387869553
6129,5,168.80753989553
6130,5,194.68188829553
6131,5,220.5562366955301
6132,5,194.68188829553
6133,5,124.15342249553
6134,5,168.80753989553
6135,5,220.5562366955301
6136,5,194.68188829553
6137,5,191.34326269553
6138,5,141.26387869553
6139,5,50.55338201070348
6140,5,35.98280842707981
6141,5,33.75705802707981
6142,5,33.75705802707981
6143,5,17.58342816
6144,5,17.58342816
6145,8,0.5564376000000002
6146,8,0.5564376000000002
6147,8,0.5564376000000002
6148,8,0.5564376000000002
6149,8,0.5564376000000002
6150,8,0.5564376000000002
6151,8,31.30064105070348
6152,8,33.52639145070348
6153,8,33.52639145070348
6154,8,33.52639145070348
6155,8,33.52639145070348
6156,8,33.52639145070348
6157,8,33.52639145070348
6158,8,33.52639145070348
6159,8,33.52639145070348
6160,8,33.52639145070348
6161,8,33.52639145070348
6162,8,33.52639145070348
6163,8,33.52639145070348
6164,8,18.95581786707982
6165,8,16.73006746707982
6166,8,16.73006746707982
6167,8,0.5564376000000002
6168,8,0.5564376000000002
6169,6,0.5564376000000002
6170,6,0.5564376000000002
6171,6,0.5564376000000002
6172,6,0.5564376000000002
6173,6,0.5564376000000002
6174,6,0.5564376000000002
6175,6,31.30064105070348
6176,6,33.52639145070348
6177,6,33.52639145070348
6178,6,33.52639145070348
6179,6,33.52639145070348
6180,6,33.52639145070348
6181,6,33.52639145070348
6182,6,33.52639145070348
6183,6,33.52639145070348
6184,6,33.52639145070348
6185,6,33.52639145070348
6186,6,33.52639145070348
6187,6,33.52639145070348
6188,6,18.95581786707982
6189,6,16.73006746707982
6190,6,16.73006746707982
6191,6,0.5564376000000002
6192,6,0.5564376000000002
6193,6,0.5564376000000002
6194,6,0.5564376000000002
6195,6,0.5564376000000002
6196,6,0.5564376000000002
6197,6,0.5564376000000002
6198,6,0.5564376000000002
6199,6,31.30064105070348
6200,6,33.52639145070348
6201,6,33.52639145070348
6202,6,33.52639145070348
6203,6,33.52639145070348
6204,6,33.52639145070348
6205,6,33.52639145070348
6206,6,33.52639145070348
6207,6,33.52639145070348
6208,6,33.52639145070348
6209,6,33.52639145070348
6210,6,33.52639145070348
6211,6,33.52639145070348
6212,6,18.95581786707982
6213,6,16.73006746707982
6214,6,16.73006746707982
6215,6,0.5564376000000002
6216,6,0.5564376000000002
6217,1,0.0
6218,1,0.0
6219,1,0.0
6220,1,0.0
6221,1,0.0
6222,1,0.0
6223,1,14.57057358362366
6224,1,14.57057358362366
6225,1,14.57057358362366
6226,1,14.57057358362366
6227,1,14.57057358362366
6228,1,14.57057358362366
6229,1,14.57057358362366
6230,1,14.57057358362366
6231,1,14.57057358362366
6232,1,14.57057358362366
6233,1,14.57057358362366
6234,1,14.57057358362366
6235,1,14.57057358362366
6236,1,0.0
6237,1,0.0
6238,1,0.0
6239,1,0.0
6240,1,0.0
6241,6,0.5564376000000002
6242,6,0.5564376000000002
6243,6,0.5564376000000002
6244,6,0.5564376000000002
6245,6,0.5564376000000002
6246,6,0.5564376000000002
6247,6,31.30064105070348
6248,6,33.52639145070348
6249,6,33.52639145070348
6250,6,33.52639145070348
6251,6,33.52639145070348
6252,6,33.52639145070348
6253,6,33.52639145070348
6254,6,33.52639145070348
6255,6,33.52639145070348
6256,6,33.52639145070348
6257,6,33.52639145070348
6258,6,33.52639145070348
6259,6,33.52639145070348
6260,6,18.95581786707982
6261,6,16.73006746707982
6262,6,16.73006746707982
6263,6,0.5564376000000002
6264,6,0.5564376000000002
6265,6,0.5564376000000002
6266,6,0.5564376000000002
6267,6,0.5564376000000002
6268,6,0.5564376000000002
6269,6,0.5564376000000002
6270,6,0.5564376000000002
6271,6,31.30064105070348
6272,6,33.52639145070348
6273,6,33.52639145070348
6274,6,33.52639145070348
6275,6,33.52639145070348
6276,6,33.52639145070348
6277,6,33.52639145070348
6278,6,33.52639145070348
6279,6,33.52639145070348
6280,6,33.52639145070348
6281,6,33.52639145070348
6282,6,33.52639145070348
6283,6,33.52639145070348
6284,6,18.95581786707982
6285,6,16.73006746707982
6286,6,16.73006746707982
6287,6,0.5564376000000002
6288,6,0.5564376000000002
6289,6,0.5564376000000002
6290,6,0.5564376000000002
6291,6,0.5564376000000002
6292,6,0.5564376000000002
6293,6,0.5564376000000002
6294,6,0.5564376000000002
6295,6,31.30064105070348
6296,6,33.52639145070348
6297,6,33.52639145070348
6298,6,33.52639145070348
6299,6,33.52639145070348
6300,6,33.52639145070348
6301,6,33.52639145070348
6302,6,33.52639145070348
6303,6,33.52639145070348
6304,6,33.52639145070348
6305,6,33.52639145070348
6306,6,33.52639145070348
6307,6,33.52639145070348
6308,6,18.95581786707982
6309,6,16.73006746707982
6310,6,16.73006746707982
6311,6,0.5564376000000002
6312,6,0.5564376000000002
6313,6,0.5564376000000002
6314,6,0.5564376000000002
6315,6,0.5564376000000002
6316,6,0.5564376000000002
6317,6,0.5564376000000002
6318,6,0.5564376000000002
6319,6,31.30064105070348
6320,6,33.52639145070348
6321,6,33.52639145070348
6322,6,33.52639145070348
6323,6,33.52639145070348
6324,6,33.52639145070348
6325,6,33.52639145070348
6326,6,33.52639145070348
6327,6,33.52639145070348
6328,6,33.52639145070348
6329,6,33.52639145070348
6330,6,33.52639145070348
6331,6,33.52639145070348
6332,6,18.95581786707982
6333,6,16.73006746707982
6334,6,16.73006746707982
6335,6,0.5564376000000002
6336,6,0.5564376000000002
6337,8,0.5564376000000002
6338,8,0.5564376000000002
6339,8,0.5564376000000002
6340,8,0.5564376000000002
6341,8,0.5564376000000002
6342,8,0.5564376000000002
6343,8,31.30064105070348
6344,8,33.52639145070348
6345,8,33.52639145070348
6346,8,33.52639145070348
6347,8,33.52639145070348
6348,8,33.52639145070348
6349,8,33.52639145070348
6350,8,33.52639145070348
6351,8,33.52639145070348
6352,8,33.52639145070348
6353,8,33.52639145070348
6354,8,33.52639145070348
6355,8,33.52639145070348
6356,8,18.95581786707982
6357,8,16.73006746707982
6358,8,16.73006746707982
6359,8,0.5564376000000002
6360,8,0.5564376000000002
6361,8,0.5564376000000002
6362,8,0.5564376000000002
6363,8,0.5564376000000002
6364,8,0.5564376000000002
6365,8,0.5564376000000002
6366,8,0.5564376000000002
6367,8,31.30064105070348
6368,8,33.52639145070348
6369,8,33.52639145070348
6370,8,33.52639145070348
6371,8,33.52639145070348
6372,8,33.52639145070348
6373,8,33.52639145070348
6374,8,33.52639145070348
6375,8,33.52639145070348
6376,8,33.52639145070348
6377,8,33.52639145070348
6378,8,33.52639145070348
6379,8,33.52639145070348
6380,8,18.95581786707982
6381,8,16.73006746707982
6382,8,16.73006746707982
6383,8,0.5564376000000002
6384,8,0.5564376000000002
6385,6,0.5564376000000002
6386,6,0.5564376000000002
6387,6,0.5564376000000002
6388,6,0.5564376000000002
6389,6,0.5564376000000002
6390,6,0.5564376000000002
6391,6,31.30064105070348
6392,6,33.52639145070348
6393,6,33.52639145070348
6394,6,33.52639145070348
6395,6,33.52639145070348
6396,6,33.52639145070348
6397,6,33.52639145070348
6398,6,33.52639145070348
6399,6,33.52639145070348
6400,6,33.52639145070348
6401,6,33.52639145070348
6402,6,33.52639145070348
6403,6,33.52639145070348
6404,6,18.95581786707982
6405,6,16.73006746707982
6406,6,16.73006746707982
6407,6,0.5564376000000002
6408,6,0.5564376000000002
6409,8,0.5564376000000002
6410,8,0.5564376000000002
6411,8,0.5564376000000002
6412,8,0.5564376000000002
6413,8,0.5564376000000002
6414,8,0.5564376000000002
6415,8,31.30064105070348
6416,8,33.52639145070348
6417,8,33.52639145070348
6418,8,33.52639145070348
6419,8,33.52639145070348
6420,8,33.52639145070348
6421,8,33.52639145070348
6422,8,33.52639145070348
6423,8,33.52639145070348
6424,8,33.52639145070348
6425,8,33.52639145070348
6426,8,33.52639145070348
6427,8,33.52639145070348
6428,8,18.95581786707982
6429,8,16.73006746707982
6430,8,16.73006746707982
6431,8,0.5564376000000002
6432,8,0.5564376000000002
6433,6,0.5564376000000002
6434,6,0.5564376000000002
6435,6,0.5564376000000002
6436,6,0.5564376000000002
6437,6,0.5564376000000002
6438,6,0.5564376000000002
6439,6,31.30064105070348
6440,6,33.52639145070348
6441,6,33.52639145070348
6442,6,33.52639145070348
6443,6,33.52639145070348
6444,6,33.52639145070348
6445,6,33.52639145070348
6446,6,33.52639145070348
6447,6,33.52639145070348
6448,6,33.52639145070348
6449,6,33.52639145070348
6450,6,33.52639145070348
6451,6,33.52639145070348
6452,6,18.95581786707982
6453,6,16.73006746707982
6454,6,16.73006746707982
6455,6,0.5564376000000002
6456,6,0.5564376000000002
6457,6,0.5564376000000002
6458,6,0.5564376000000002
6459,6,0.5564376000000002
6460,6,0.5564376000000002
6461,6,0.5564376000000002
6462,6,0.5564376000000002
6463,6,31.30064105070348
6464,6,33.52639145070348
6465,6,33.52639145070348
6466,6,33.52639145070348
6467,6,33.52639145070348
6468,6,33.52639145070348
6469,6,33.52639145070348
6470,6,33.52639145070348
6471,6,33.52639145070348
6472,6,33.52639145070348
6473,6,33.52639145070348
6474,6,33.52639145070348
6475,6,33.52639145070348
6476,6,18.95581786707982
6477,6,16.73006746707982
6478,6,16.73006746707982
6479,6,0.5564376000000002
6480,6,0.5564376000000002
6481,6,0.5564376000000002
6482,6,0.5564376000000002
6483,6,0.5564376000000002
6484,6,0.5564376000000002
6485,6,0.5564376000000002
6486,6,0.5564376000000002
6487,6,31.30064105070348
6488,6,33.52639145070348
6489,6,33.52639145070348
6490,6,33.52639145070348
6491,6,33.52639145070348
6492,6,33.52639145070348
6493,6,33.52639145070348
6494,6,33.52639145070348
6495,6,33.52639145070348
6496,6,33.52639145070348
6497,6,33.52639145070348
6498,6,33.52639145070348
6499,6,33.52639145070348
6500,6,18.95581786707982
6501,6,16.73006746707982
6502,6,16.73006746707982
6503,6,0.5564376000000002
6504,6,0.5564376000000002
6505,6,0.5564376000000002
6506,6,0.5564376000000002
6507,6,0.5564376000000002
6508,6,0.5564376000000002
6509,6,0.5564376000000002
6510,6,0.5564376000000002
6511,6,31.30064105070348
6512,6,33.52639145070348
6513,6,33.52639145070348
6514,6,33.52639145070348
6515,6,33.52639145070348
6516,6,33.52639145070348
6517,6,33.52639145070348
6518,6,33.52639145070348
6519,6,33.52639145070348
6520,6,33.52639145070348
6521,6,33.52639145070348
6522,6,33.52639145070348
6523,6,33.52639145070348
6524,6,18.95581786707982
6525,6,16.73006746707982
6526,6,16.73006746707982
6527,6,0.5564376000000002
6528,6,0.5564376000000002
6529,8,0.5564376000000002
6530,8,0.5564376000000002
6531,8,0.5564376000000002
6532,8,0.5564376000000002
6533,8,0.5564376000000002
6534,8,0.5564376000000002
6535,8,31.30064105070348
6536,8,33.52639145070348
6537,8,33.52639145070348
6538,8,33.52639145070348
6539,8,33.52639145070348
6540,8,33.52639145070348
6541,8,33.52639145070348
6542,8,33.52639145070348
6543,8,33.52639145070348
6544,8,33.52639145070348
6545,8,33.52639145070348
6546,8,33.52639145070348
6547,8,33.52639145070348
6548,8,18.95581786707982
6549,8,16.73006746707982
6550,8,16.73006746707982
6551,8,0.5564376000000002
6552,8,0.5564376000000002
6553,5,14.24480256
6554,5,17.58342816
6555,5,17.58342816
6556,5,17.58342816
6557,5,17.58342816
6558,5,17.58342816
6559,5,48.32763161070348
6560,5,141.26387869553
6561,5,168.80753989553
6562,5,194.68188829553
6563,5,220.5562366955301
6564,5,194.68188829553
6565,5,124.15342249553
6566,5,168.80753989553
6567,5,220.5562366955301
6568,5,194.68188829553
6569,5,191.34326269553
6570,5,141.26387869553
6571,5,50.55338201070348
6572,5,35.98280842707981
6573,5,33.75705802707981
6574,5,33.75705802707981
6575,5,17.58342816
6576,5,17.58342816
6577,5,14.24480256
6578,5,17.58342816
6579,5,17.58342816
6580,5,17.58342816
6581,5,17.58342816
6582,5,17.58342816
6583,5,48.32763161070348
6584,5,141.26387869553
6585,5,168.80753989553
6586,5,194.68188829553
6587,5,220.5562366955301
6588,5,194.68188829553
6589,5,124.15342249553
6590,5,168.80753989553
6591,5,220.5562366955301
6592,5,194.68188829553
6593,5,191.34326269553
6594,5,141.26387869553
6595,5,50.55338201070348
6596,5,35.98280842707981
6597,5,33.75705802707981
6598,5,33.75705802707981
6599,5,17.58342816
6600,5,17.58342816
6601,5,14.24480256
6602,5,17.58342816
6603,5,17.58342816
6604,5,17.58342816
6605,5,17.58342816
6606,5,17.58342816
6607,5,48.32763161070348
6608,5,141.26387869553
6609,5,168.80753989553
6610,5,194.68188829553
6611,5,220.5562366955301
6612,5,194.68188829553
6613,5,124.15342249553
6614,5,168.80753989553
6615,5,220.5562366955301
6616,5,194.68188829553
6617,5,191.34326269553
6618,5,141.26387869553
6619,5,50.55338201070348
6620,5,35.98280842707981
6621,5,33.75705802707981
6622,5,33.75705802707981
6623,5,17.58342816
6624,5,17.58342816
6625,5,14.24480256
6626,5,17.58342816
6627,5,17.58342816
6628,5,17.58342816
6629,5,17.58342816
6630,5,17.58342816
6631,5,48.32763161070348
6632,5,141.26387869553
6633,5,168.80753989553
6634,5,194.68188829553
6635,5,220.5562366955301
6636,5,194.68188829553
6637,5,124.15342249553
6638,5,168.80753989553
6639,5,220.5562366955301
6640,5,194.68188829553
6641,5,191.34326269553
6642,5,141.26387869553
6643,5,50.55338201070348
6644,5,35.98280842707981
6645,5,33.75705802707981
6646,5,33.75705802707981
6647,5,17.58342816
6648,5,17.58342816
6649,5,14.24480256
6650,5,17.58342816
6651,5,17.58342816
6652,5,17.58342816
6653,5,17.58342816
6654,5,17.58342816
6655,5,48.32763161070348
6656,5,141.26387869553
6657,5,168.80753989553
6658,5,194.68188829553
6659,5,220.5562366955301
6660,5,194.68188829553
6661,5,124.15342249553
6662,5,168.80753989553
6663,5,220.5562366955301
6664,5,194.68188829553
6665,5,191.34326269553
6666,5,141.26387869553
6667,5,50.55338201070348
6668,5,35.98280842707981
6669,5,33.75705802707981
6670,5,33.75705802707981
6671,5,17.58342816
6672,5,17.58342816
6673,5,14.24480256
6674,5,17.58342816
6675,5,17.58342816
6676,5,17.58342816
6677,5,17.58342816
6678,5,17.58342816
6679,5,48.32763161070348
6680,5,141.26387869553
6681,5,168.80753989553
6682,5,194.68188829553
6683,5,220.5562366955301
6684,5,194.68188829553
6685,5,124.15342249553
6686,5,168.80753989553
6687,5,220.5562366955301
6688,5,194.68188829553
6689,5,191.34326269553
6690,5,141.26387869553
6691,5,50.55338201070348
6692,5,35.98280842707981
6693,5,33.75705802707981
6694,5,33.75705802707981
6695,5,17.58342816
6696,5,17.58342816
6697,5,14.24480256
6698,5,17.58342816
6699,5,17.58342816
6700,5,17.58342816
6701,5,17.58342816
6702,5,17.58342816
6703,5,48.32763161070348
6704,5,141.26387869553
6705,5,168.80753989553
6706,5,194.68188829553
6707,5,220.5562366955301
6708,5,194.68188829553
6709,5,124.15342249553
6710,5,168.80753989553
6711,5,220.5562366955301
6712,5,194.68188829553
6713,5,191.34326269553
6714,5,141.26387869553
6715,5,50.55338201070348
6716,5,35.98280842707981
6717,5,33.75705802707981
6718,5,33.75705802707981
6719,5,17.58342816
6720,5,17.58342816
6721,6,0.5564376000000002
6722,6,0.5564376000000002
6723,6,0.5564376000000002
6724,6,0.5564376000000002
6725,6,0.5564376000000002
6726,6,0.5564376000000002
6727,6,31.30064105070348
6728,6,33.52639145070348
6729,6,33.52639145070348
6730,6,33.52639145070348
6731,6,33.52639145070348
6732,6,33.52639145070348
6733,6,33.52639145070348
6734,6,33.52639145070348
6735,6,33.52639145070348
6736,6,33.52639145070348
6737,6,33.52639145070348
6738,6,33.52639145070348
6739,6,33.52639145070348
6740,6,18.95581786707982
6741,6,16.73006746707982
6742,6,16.73006746707982
6743,6,0.5564376000000002
6744,6,0.5564376000000002
6745,6,0.5564376000000002
6746,6,0.5564376000000002
6747,6,0.5564376000000002
6748,6,0.5564376000000002
6749,6,0.5564376000000002
6750,6,0.5564376000000002
6751,6,31.30064105070348
6752,6,33.52639145070348
6753,6,33.52639145070348
6754,6,33.52639145070348
6755,6,33.52639145070348
6756,6,33.52639145070348
6757,6,33.52639145070348
6758,6,33.52639145070348
6759,6,33.52639145070348
6760,6,33.52639145070348
6761,6,33.52639145070348
6762,6,33.52639145070348
6763,6,33.52639145070348
6764,6,18.95581786707982
6765,6,16.73006746707982
6766,6,16.73006746707982
6767,6,0.5564376000000002
6768,6,0.5564376000000002
6769,6,0.5564376000000002
6770,6,0.5564376000000002
6771,6,0.5564376000000002
6772,6,0.5564376000000002
6773,6,0.5564376000000002
6774,6,0.5564376000000002
6775,6,31.30064105070348
6776,6,33.52639145070348
6777,6,33.52639145070348
6778,6,33.52639145070348
6779,6,33.52639145070348
6780,6,33.52639145070348
6781,6,33.52639145070348
6782,6,33.52639145070348
6783,6,33.52639145070348
6784,6,33.52639145070348
6785,6,33.52639145070348
6786,6,33.52639145070348
6787,6,33.52639145070348
6788,6,18.95581786707982
6789,6,16.73006746707982
6790,6,16.73006746707982
6791,6,0.5564376000000002
6792,6,0.5564376000000002
6793,6,0.5564376000000002
6794,6,0.5564376000000002
6795,6,0.5564376000000002
6796,6,0.5564376000000002
6797,6,0.5564376000000002
6798,6,0.5564376000000002
6799,6,31.30064105070348
6800,6,33.52639145070348
6801,6,33.52639145070348
6802,6,33.52639145070348
6803,6,33.52639145070348
6804,6,33.52639145070348
6805,6,33.52639145070348
6806,6,33.52639145070348
6807,6,33.52639145070348
6808,6,33.52639145070348
6809,6,33.52639145070348
6810,6,33.52639145070348
6811,6,33.52639145070348
6812,6,18.95581786707982
6813,6,16.73006746707982
6814,6,16.73006746707982
6815,6,0.5564376000000002
6816,6,0.5564376000000002
6817,5,14.24480256
6818,5,17.58342816
6819,5,17.58342816
6820,5,17.58342816
6821,5,17.58342816
6822,5,17.58342816
6823,5,48.32763161070348
6824,5,141.26387869553
6825,5,168.80753989553
6826,5,194.68188829553
6827,5,220.5562366955301
6828,5,194.68188829553
6829,5,124.15342249553
6830,5,168.80753989553
6831,5,220.5562366955301
6832,5,194.68188829553
6833,5,191.34326269553
6834,5,141.26387869553
6835,5,50.55338201070348
6836,5,35.98280842707981
6837,5,33.75705802707981
6838,5,33.75705802707981
6839,5,17.58342816
6840,5,17.58342816
6841,6,0.5564376000000002
6842,6,0.5564376000000002
6843,6,0.5564376000000002
6844,6,0.5564376000000002
6845,6,0.5564376000000002
6846,6,0.5564376000000002
6847,6,31.30064105070348
6848,6,33.52639145070348
6849,6,33.52639145070348
6850,6,33.52639145070348
6851,6,33.52639145070348
6852,6,33.52639145070348
6853,6,33.52639145070348
6854,6,33.52639145070348
6855,6,33.52639145070348
6856,6,33.52639145070348
6857,6,33.52639145070348
6858,6,33.52639145070348
6859,6,33.52639145070348
6860,6,18.95581786707982
6861,6,16.73006746707982
6862,6,16.73006746707982
6863,6,0.5564376000000002
6864,6,0.5564376000000002
6865,5,14.24480256
6866,5,17.58342816
6867,5,17.58342816
6868,5,17.58342816
6869,5,17.58342816
6870,5,17.58342816
6871,5,48.32763161070348
6872,5,141.26387869553
6873,5,168.80753989553
6874,5,194.68188829553
6875,5,220.5562366955301
6876,5,194.68188829553
6877,5,124.15342249553
6878,5,168.80753989553
6879,5,220.5562366955301
6880,5,194.68188829553
6881,5,191.34326269553
6882,5,141.26387869553
6883,5,50.55338201070348
6884,5,35.98280842707981
6885,5,33.75705802707981
6886,5,33.75705802707981
6887,5,17.58342816
6888,5,17.58342816
6889,6,0.5564376000000002
6890,6,0.5564376000000002
6891,6,0.5564376000000002
6892,6,0.5564376000000002
6893,6,0.5564376000000002
6894,6,0.5564376000000002
6895,6,31.30064105070348
6896,6,33.52639145070348
6897,6,33.52639145070348
6898,6,33.52639145070348
6899,6,33.52639145070348
6900,6,33.52639145070348
6901,6,33.52639145070348
6902,6,33.52639145070348
6903,6,33.52639145070348
6904,6,33.52639145070348
6905,6,33.52639145070348
6906,6,33.52639145070348
6907,6,33.52639145070348
6908,6,18.95581786707982
6909,6,16.73006746707982
6910,6,16.73006746707982
6911,6,0.5564376000000002
6912,6,0.5564376000000002
6913,5,14.24480256
6914,5,17.58342816
6915,5,17.58342816
6916,5,17.58342816
6917,5,17.58342816
6918,5,17.58342816
6919,5,48.32763161070348
6920,5,141.26387869553
6921,5,168.80753989553
6922,5,194.68188829553
6923,5,220.5562366955301
6924,5,194.68188829553
6925,5,124.15342249553
6926,5,168.80753989553
6927,5,220.5562366955301
6928,5,194.68188829553
6929,5,191.34326269553
6930,5,141.26387869553
6931,5,50.55338201070348
6932,5,35.98280842707981
6933,5,33.75705802707981
6934,5,33.75705802707981
6935,5,17.58342816
6936,5,17.58342816
6937,5,14.24480256
6938,5,17.58342816
6939,5,17.58342816
6940,5,17.58342816
6941,5,17.58342816
6942,5,17.58342816
6943,5,48.32763161070348
6944,5,141.26387869553
6945,5,168.80753989553
6946,5,194.68188829553
6947,5,220.5562366955301
6948,5,194.68188829553
6949,5,124.15342249553
6950,5,168.80753989553
6951,5,220.5562366955301
6952,5,194.68188829553
6953,5,191.34326269553
6954,5,141.26387869553
6955,5,50.55338201070348
6956,5,35.98280842707981
6957,5,33.75705802707981
6958,5,33.75705802707981
6959,5,17.58342816
6960,5,17.58342816
6961,5,14.24480256
6962,5,17.58342816
6963,5,17.58342816
6964,5,17.58342816
6965,5,17.58342816
6966,5,17.58342816
6967,5,48.32763161070348
6968,5,141.26387869553
6969,5,168.80753989553
6970,5,194.68188829553
6971,5,220.5562366955301
6972,5,194.68188829553
6973,5,124.15342249553
6974,5,168.80753989553
6975,5,220.5562366955301
6976,5,194.68188829553
6977,5,191.34326269553
6978,5,141.26387869553
6979,5,50.55338201070348
6980,5,35.98280842707981
6981,5,33.75705802707981
6982,5,33.75705802707981
6983,5,17.58342816
6984,5,17.58342816
6985,5,14.24480256
6986,5,17.58342816
6987,5,17.58342816
6988,5,17.58342816
6989,5,17.58342816
6990,5,17.58342816
6991,5,48.32763161070348
6992,5,141.26387869553
6993,5,168.80753989553
6994,5,194.68188829553
6995,5,220.5562366955301
6996,5,194.68188829553
6997,5,124.15342249553
6998,5,168.80753989553
6999,5,220.5562366955301
7000,5,194.68188829553
7001,5,191.34326269553
7002,5,141.26387869553
7003,5,50.55338201070348
7004,5,35.98280842707981
7005,5,33.75705802707981
7006,5,33.75705802707981
7007,5,17.58342816
7008,5,17.58342816
7009,5,14.24480256
7010,5,17.58342816
7011,5,17.58342816
7012,5,17.58342816
7013,5,17.58342816
7014,5,17.58342816
7015,5,48.32763161070348
7016,5,141.26387869553
7017,5,168.80753989553
7018,5,194.68188829553
7019,5,220.5562366955301
7020,5,194.68188829553
7021,5,124.15342249553
7022,5,168.80753989553
7023,5,220.5562366955301
7024,5,194.68188829553
7025,5,191.34326269553
7026,5,141.26387869553
7027,5,50.55338201070348
7028,5,35.98280842707981
7029,5,33.75705802707981
7030,5,33.75705802707981
7031,5,17.58342816
7032,5,17.58342816
7033,5,14.24480256
7034,5,17.58342816
7035,5,17.58342816
7036,5,17.58342816
7037,5,17.58342816
7038,5,17.58342816
7039,5,48.32763161070348
7040,5,141.26387869553
7041,5,168.80753989553
7042,5,194.68188829553
7043,5,220.5562366955301
7044,5,194.68188829553
7045,5,124.15342249553
7046,5,168.80753989553
7047,5,220.5562366955301
7048,5,194.68188829553
7049,5,191.34326269553
7050,5,141.26387869553
7051,5,50.55338201070348
7052,5,35.98280842707981
7053,5,33.75705802707981
7054,5,33.75705802707981
7055,5,17.58342816
7056,5,17.58342816
7057,6,0.5564376000000002
7058,6,0.5564376000000002
7059,6,0.5564376000000002
7060,6,0.5564376000000002
7061,6,0.5564376000000002
7062,6,0.5564376000000002
7063,6,31.30064105070348
7064,6,33.52639145070348
7065,6,33.52639145070348
7066,6,33.52639145070348
7067,6,33.52639145070348
7068,6,33.52639145070348
7069,6,33.52639145070348
7070,6,33.52639145070348
7071,6,33.52639145070348
7072,6,33.52639145070348
7073,6,33.52639145070348
7074,6,33.52639145070348
7075,6,33.52639145070348
7076,6,18.95581786707982
7077,6,16.73006746707982
7078,6,16.73006746707982
7079,6,0.5564376000000002
7080,6,0.5564376000000002
7081,6,0.5564376000000002
7082,6,0.5564376000000002
7083,6,0.5564376000000002
7084,6,0.5564376000000002
7085,6,0.5564376000000002
7086,6,0.5564376000000002
7087,6,31.30064105070348
7088,6,33.52639145070348
7089,6,33.52639145070348
7090,6,33.52639145070348
7091,6,33.52639145070348
7092,6,33.52639145070348
7093,6,33.52639145070348
7094,6,33.52639145070348
7095,6,33.52639145070348
7096,6,33.52639145070348
7097,6,33.52639145070348
7098,6,33.52639145070348
7099,6,33.52639145070348
7100,6,18.95581786707982
7101,6,16.73006746707982
7102,6,16.73006746707982
7103,6,0.5564376000000002
7104,6,0.5564376000000002
7105,5,14.24480256
7106,5,17.58342816
7107,5,17.58342816
7108,5,17.58342816
7109,5,17.58342816
7110,5,17.58342816
7111,5,48.32763161070348
7112,5,141.26387869553
7113,5,168.80753989553
7114,5,194.68188829553
7115,5,220.5562366955301
7116,5,194.68188829553
7117,5,124.15342249553
7118,5,168.80753989553
7119,5,220.5562366955301
7120,5,194.68188829553
7121,5,191.34326269553
7122,5,141.26387869553
7123,5,50.55338201070348
7124,5,35.98280842707981
7125,5,33.75705802707981
7126,5,33.75705802707981
7127,5,17.58342816
7128,5,17.58342816
7129,5,14.24480256
7130,5,17.58342816
7131,5,17.58342816
7132,5,17.58342816
7133,5,17.58342816
7134,5,17.58342816
7135,5,48.32763161070348
7136,5,141.26387869553
7137,5,168.80753989553
7138,5,194.68188829553
7139,5,220.5562366955301
7140,5,194.68188829553
7141,5,124.15342249553
7142,5,168.80753989553
7143,5,220.5562366955301
7144,5,194.68188829553
7145,5,191.34326269553
7146,5,141.26387869553
7147,5,50.55338201070348
7148,5,35.98280842707981
7149,5,33.75705802707981
7150,5,33.75705802707981
7151,5,17.58342816
7152,5,17.58342816
7153,1,0.0
7154,1,0.0
7155,1,0.0
7156,1,0.0
7157,1,0.0
7158,1,0.0
7159,1,14.57057358362366
7160,1,14.57057358362366
7161,1,14.57057358362366
7162,1,14.57057358362366
7163,1,14.57057358362366
7164,1,14.57057358362366
7165,1,14.57057358362366
7166,1,14.57057358362366
7167,1,14.57057358362366
7168,1,14.57057358362366
7169,1,14.57057358362366
7170,1,14.57057358362366
7171,1,14.57057358362366
7172,1,0.0
7173,1,0.0
7174,1,0.0
7175,1,0.0
7176,1,0.0
7177,5,14.24480256
7178,5,17.58342816
7179,5,17.58342816
7180,5,17.58342816
7181,5,17.58342816
7182,5,17.58342816
7183,5,48.32763161070348
7184,5,141.26387869553
7185,5,168.80753989553
7186,5,194.68188829553
7187,5,220.5562366955301
7188,5,194.68188829553
7189,5,124.15342249553
7190,5,168.80753989553
7191,5,220.5562366955301
7192,5,194.68188829553
7193,5,191.34326269553
7194,5,141.26387869553
7195,5,50.55338201070348
7196,5,35.98280842707981
7197,5,33.75705802707981
7198,5,33.75705802707981
7199,5,17.58342816
7200,5,17.58342816
7201,1,0.0
7202,1,0.0
7203,1,0.0
7204,1,0.0
7205,1,0.0
7206,1,0.0
7207,1,14.57057358362366
7208,1,14.57057358362366
7209,1,14.57057358362366
7210,1,14.57057358362366
7211,1,14.57057358362366
7212,1,14.57057358362366
7213,1,14.57057358362366
7214,1,14.57057358362366
7215,1,14.57057358362366
7216,1,14.57057358362366
7217,1,14.57057358362366
7218,1,14.57057358362366
7219,1,14.57057358362366
7220,1,0.0
7221,1,0.0
7222,1,0.0
7223,1,0.0
7224,1,0.0
7225,1,0.0
7226,1,0.0
7227,1,0.0
7228,1,0.0
7229,1,0.0
7230,1,0.0
7231,1,14.57057358362366
7232,1,14.57057358362366
7233,1,14.57057358362366
7234,1,14.57057358362366
7235,1,14.57057358362366
7236,1,14.57057358362366
7237,1,14.57057358362366
7238,1,14.57057358362366
7239,1,14.57057358362366
7240,1,14.57057358362366
7241,1,14.57057358362366
7242,1,14.57057358362366
7243,1,14.57057358362366
7244,1,0.0
7245,1,0.0
7246,1,0.0
7247,1,0.0
7248,1,0.0
7249,6,0.5564376000000002
7250,6,0.5564376000000002
7251,6,0.5564376000000002
7252,6,0.5564376000000002
7253,6,0.5564376000000002
7254,6,0.5564376000000002
7255,6,31.30064105070348
7256,6,33.52639145070348
7257,6,33.52639145070348
7258,6,33.52639145070348
7259,6,33.52639145070348
7260,6,33.52639145070348
7261,6,33.52639145070348
7262,6,33.52639145070348
7263,6,33.52639145070348
7264,6,33.52639145070348
7265,6,33.52639145070348
7266,6,33.52639145070348
7267,6,33.52639145070348
7268,6,18.95581786707982
7269,6,16.73006746707982
7270,6,16.73006746707982
7271,6,0.5564376000000002
7272,6,0.5564376000000002
7273,1,0.0
7274,1,0.0
7275,1,0.0
7276,1,0.0
7277,1,0.0
7278,1,0.0
7279,1,14.57057358362366
7280,1,14.57057358362366
7281,1,14.57057358362366
7282,1,14.57057358362366
7283,1,14.57057358362366
7284,1,14.57057358362366
7285,1,14.57057358362366
7286,1,14.57057358362366
7287,1,14.57057358362366
7288,1,14.57057358362366
7289,1,14.57057358362366
7290,1,14.57057358362366
7291,1,14.57057358362366
7292,1,0.0
7293,1,0.0
7294,1,0.0
7295,1,0.0
7296,1,0.0
7297,1,0.0
7298,1,0.0
7299,1,0.0
7300,1,0.0
7301,1,0.0
7302,1,0.0
7303,1,14.57057358362366
7304,1,14.57057358362366
7305,1,14.57057358362366
7306,1,14.57057358362366
7307,1,14.57057358362366
7308,1,14.57057358362366
7309,1,14.57057358362366
7310,1,14.57057358362366
7311,1,14.57057358362366
7312,1,14.57057358362366
7313,1,14.57057358362366
7314,1,14.57057358362366
7315,1,14.57057358362366
7316,1,0.0
7317,1,0.0
7318,1,0.0
7319,1,0.0
7320,1,0.0
7321,1,0.0
7322,1,0.0
7323,1,0.0
7324,1,0.0
7325,1,0.0
7326,1,0.0
7327,1,14.57057358362366
7328,1,14.57057358362366
7329,1,14.57057358362366
7330,1,14.57057358362366
7331,1,14.57057358362366
7332,1,14.57057358362366
7333,1,14.57057358362366
7334,1,14.57057358362366
7335,1,14.57057358362366
7336,1,14.57057358362366
7337,1,14.57057358362366
7338,1,14.57057358362366
7339,1,14.57057358362366
7340,1,0.0
7341,1,0.0
7342,1,0.0
7343,1,0.0
7344,1,0.0
7345,1,0.0
7346,1,0.0
7347,1,0.0
7348,1,0.0
7349,1,0.0
7350,1,0.0
7351,1,14.57057358362366
7352,1,14.57057358362366
7353,1,14.57057358362366
7354,1,14.57057358362366
7355,1,14.57057358362366
7356,1,14.57057358362366
7357,1,14.57057358362366
7358,1,14.57057358362366
7359,1,14.57057358362366
7360,1,14.57057358362366
7361,1,14.57057358362366
7362,1,14.57057358362366
7363,1,14.57057358362366
7364,1,0.0
7365,1,0.0
7366,1,0.0
7367,1,0.0
7368,1,0.0
7369,1,0.0
7370,1,0.0
7371,1,0.0
7372,1,0.0
7373,1,0.0
7374,1,0.0
7375,1,14.57057358362366
7376,1,14.57057358362366
7377,1,14.57057358362366
7378,1,14.57057358362366
7379,1,14.57057358362366
7380,1,14.57057358362366
7381,1,14.57057358362366
7382,1,14.57057358362366
7383,1,14.57057358362366
7384,1,14.57057358362366
7385,1,14.57057358362366
7386,1,14.57057358362366
7387,1,14.57057358362366
7388,1,0.0
7389,1,0.0
7390,1,0.0
7391,1,0.0
7392,1,0.0
7393,1,0.0
7394,1,0.0
7395,1,0.0
7396,1,0.0
7397,1,0.0
7398,1,0.0
7399,1,14.57057358362366
7400,1,14.57057358362366
7401,1,14.57057358362366
7402,1,14.57057358362366
7403,1,14.57057358362366
7404,1,14.57057358362366
7405,1,14.57057358362366
7406,1,14.57057358362366
7407,1,14.57057358362366
7408,1,14.57057358362366
7409,1,14.57057358362366
7410,1,14.57057358362366
7411,1,14.57057358362366
7412,1,0.0
7413,1,0.0
7414,1,0.0
7415,1,0.0
7416,1,0.0
7417,1,0.0
7418,1,0.0
7419,1,0.0
7420,1,0.0
7421,1,0.0
7422,1,0.0
7423,1,14.57057358362366
7424,1,14.57057358362366
7425,1,14.57057358362366
7426,1,14.57057358362366
7427,1,14.57057358362366
7428,1,14.57057358362366
7429,1,14.57057358362366
7430,1,14.57057358362366
7431,1,14.57057358362366
7432,1,14.57057358362366
7433,1,14.57057358362366
7434,1,14.57057358362366
7435,1,14.57057358362366
7436,1,0.0
7437,1,0.0
7438,1,0.0
7439,1,0.0
7440,1,0.0
7441,1,0.0
7442,1,0.0
7443,1,0.0
7444,1,0.0
7445,1,0.0
7446,1,0.0
7447,1,14.57057358362366
7448,1,14.57057358362366
7449,1,14.57057358362366
7450,1,14.57057358362366
7451,1,14.57057358362366
7452,1,14.57057358362366
7453,1,14.57057358362366
7454,1,14.57057358362366
7455,1,14.57057358362366
7456,1,14.57057358362366
7457,1,14.57057358362366
7458,1,14.57057358362366
7459,1,14.57057358362366
7460,1,0.0
7461,1,0.0
7462,1,0.0
7463,1,0.0
7464,1,0.0
7465,1,0.0
7466,1,0.0
7467,1,0.0
7468,1,0.0
7469,1,0.0
7470,1,0.0
7471,1,14.57057358362366
7472,1,14.57057358362366
7473,1,14.57057358362366
7474,1,14.57057358362366
7475,1,14.57057358362366
7476,1,14.57057358362366
7477,1,14.57057358362366
7478,1,14.57057358362366
7479,1,14.57057358362366
7480,1,14.57057358362366
7481,1,14.57057358362366
7482,1,14.57057358362366
7483,1,14.57057358362366
7484,1,0.0
7485,1,0.0
7486,1,0.0
7487,1,0.0
7488,1,0.0
7489,5,14.24480256
7490,5,17.58342816
7491,5,17.58342816
7492,5,17.58342816
7493,5,17.58342816
7494,5,17.58342816
7495,5,48.32763161070348
7496,5,141.26387869553
7497,5,168.80753989553
7498,5,194.68188829553
7499,5,220.5562366955301
7500,5,194.68188829553
7501,5,124.15342249553
7502,5,168.80753989553
7503,5,220.5562366955301
7504,5,194.68188829553
7505,5,191.34326269553
7506,5,141.26387869553
7507,5,50.55338201070348
7508,5,35.98280842707981
7509,5,33.75705802707981
7510,5,33.75705802707981
7511,5,17.58342816
7512,5,17.58342816
7513,5,14.24480256
7514,5,17.58342816
7515,5,17.58342816
7516,5,17.58342816
7517,5,17.58342816
7518,5,17.58342816
7519,5,48.32763161070348
7520,5,141.26387869553
7521,5,168.80753989553
7522,5,194.68188829553
7523,5,220.5562366955301
7524,5,194.68188829553
7525,5,124.15342249553
7526,5,168.80753989553
7527,5,220.5562366955301
7528,5,194.68188829553
7529,5,191.34326269553
7530,5,141.26387869553
7531,5,50.55338201070348
7532,5,35.98280842707981
7533,5,33.75705802707981
7534,5,33.75705802707981
7535,5,17.58342816
7536,5,17.58342816
7537,5,14.24480256
7538,5,17.58342816
7539,5,17.58342816
7540,5,17.58342816
7541,5,17.58342816
7542,5,17.58342816
7543,5,48.32763161070348
7544,5,141.26387869553
7545,5,168.80753989553
7546,5,194.68188829553
7547,5,220.5562366955301
7548,5,194.68188829553
7549,5,124.15342249553
7550,5,168.80753989553
7551,5,220.5562366955301
7552,5,194.68188829553
7553,5,191.34326269553
7554,5,141.26387869553
7555,5,50.55338201070348
7556,5,35.98280842707981
7557,5,33.75705802707981
7558,5,33.75705802707981
7559,5,17.58342816
7560,5,17.58342816
7561,1,0.0
7562,1,0.0
7563,1,0.0
7564,1,0.0
7565,1,0.0
7566,1,0.0
7567,1,14.57057358362366
7568,1,14.57057358362366
7569,1,14.57057358362366
7570,1,14.57057358362366
7571,1,14.57057358362366
7572,1,14.57057358362366
7573,1,14.57057358362366
7574,1,14.57057358362366
7575,1,14.57057358362366
7576,1,14.57057358362366
7577,1,14.57057358362366
7578,1,14.57057358362366
7579,1,14.57057358362366
7580,1,0.0
7581,1,0.0
7582,1,0.0
7583,1,0.0
7584,1,0.0
7585,1,0.0
7586,1,0.0
7587,1,0.0
7588,1,0.0
7589,1,0.0
7590,1,0.0
7591,1,14.57057358362366
7592,1,14.57057358362366
7593,1,14.57057358362366
7594,1,14.57057358362366
7595,1,14.57057358362366
7596,1,14.57057358362366
7597,1,14.57057358362366
7598,1,14.57057358362366
7599,1,14.57057358362366
7600,1,14.57057358362366
7601,1,14.57057358362366
7602,1,14.57057358362366
7603,1,14.57057358362366
7604,1,0.0
7605,1,0.0
7606,1,0.0
7607,1,0.0
7608,1,0.0
7609,1,0.0
7610,1,0.0
7611,1,0.0
7612,1,0.0
7613,1,0.0
7614,1,0.0
7615,1,14.57057358362366
7616,1,14.57057358362366
7617,1,14.57057358362366
7618,1,14.57057358362366
7619,1,14.57057358362366
7620,1,14.57057358362366
7621,1,14.57057358362366
7622,1,14.57057358362366
7623,1,14.57057358362366
7624,1,14.57057358362366
7625,1,14.57057358362366
7626,1,14.57057358362366
7627,1,14.57057358362366
7628,1,0.0
7629,1,0.0
7630,1,0.0
7631,1,0.0
7632,1,0.0
7633,2,0.5564376000000002
7634,2,0.5564376000000002
7635,2,0.5564376000000002
7636,2,0.5564376000000002
7637,2,0.5564376000000002
7638,2,0.5564376000000002
7639,2,31.30064105070348
7640,2,33.52639145070348
7641,2,33.52639145070348
7642,2,33.52639145070348
7643,2,33.52639145070348
7644,2,33.52639145070348
7645,2,33.52639145070348
7646,2,33.52639145070348
7647,2,33.52639145070348
7648,2,33.52639145070348
7649,2,33.52639145070348
7650,2,33.52639145070348
7651,2,33.52639145070348
7652,2,18.95581786707982
7653,2,16.73006746707982
7654,2,16.73006746707982
7655,2,0.5564376000000002
7656,2,0.5564376000000002
7657,5,14.24480256
7658,5,17.58342816
7659,5,17.58342816
7660,5,17.58342816
7661,5,17.58342816
7662,5,17.58342816
7663,5,48.32763161070348
7664,5,141.26387869553
7665,5,168.80753989553
7666,5,194.68188829553
7667,5,220.5562366955301
7668,5,194.68188829553
7669,5,124.15342249553
7670,5,168.80753989553
7671,5,220.5562366955301
7672,5,194.68188829553
7673,5,191.34326269553
7674,5,141.26387869553
7675,5,50.55338201070348
7676,5,35.98280842707981
7677,5,33.75705802707981
7678,5,33.75705802707981
7679,5,17.58342816
7680,5,17.58342816
7681,1,0.0
7682,1,0.0
7683,1,0.0
7684,1,0.0
7685,1,0.0
7686,1,0.0
7687,1,14.57057358362366
7688,1,14.57057358362366
7689,1,14.57057358362366
7690,1,14.57057358362366
7691,1,14.57057358362366
7692,1,14.57057358362366
7693,1,14.57057358362366
7694,1,14.57057358362366
7695,1,14.57057358362366
7696,1,14.57057358362366
7697,1,14.57057358362366
7698,1,14.57057358362366
7699,1,14.57057358362366
7700,1,0.0
7701,1,0.0
7702,1,0.0
7703,1,0.0
7704,1,0.0
7705,1,0.0
7706,1,0.0
7707,1,0.0
7708,1,0.0
7709,1,0.0
7710,1,0.0
7711,1,14.57057358362366
7712,1,14.57057358362366
7713,1,14.57057358362366
7714,1,14.57057358362366
7715,1,14.57057358362366
7716,1,14.57057358362366
7717,1,14.57057358362366
7718,1,14.57057358362366
7719,1,14.57057358362366
7720,1,14.57057358362366
7721,1,14.57057358362366
7722,1,14.57057358362366
7723,1,14.57057358362366
7724,1,0.0
7725,1,0.0
7726,1,0.0
7727,1,0.0
7728,1,0.0
7729,1,0.0
7730,1,0.0
7731,1,0.0
7732,1,0.0
7733,1,0.0
7734,1,0.0
7735,1,14.57057358362366
7736,1,14.57057358362366
7737,1,14.57057358362366
7738,1,14.57057358362366
7739,1,14.57057358362366
7740,1,14.57057358362366
7741,1,14.57057358362366
7742,1,14.57057358362366
7743,1,14.57057358362366
7744,1,14.57057358362366
7745,1,14.57057358362366
7746,1,14.57057358362366
7747,1,14.57057358362366
7748,1,0.0
7749,1,0.0
7750,1,0.0
7751,1,0.0
7752,1,0.0
7753,1,0.0
7754,1,0.0
7755,1,0.0
7756,1,0.0
7757,1,0.0
7758,1,0.0
7759,1,14.57057358362366
7760,1,14.57057358362366
7761,1,14.57057358362366
7762,1,14.57057358362366
7763,1,14.57057358362366
7764,1,14.57057358362366
7765,1,14.57057358362366
7766,1,14.57057358362366
7767,1,14.57057358362366
7768,1,14.57057358362366
7769,1,14.57057358362366
7770,1,14.57057358362366
7771,1,14.57057358362366
7772,1,0.0
7773,1,0.0
7774,1,0.0
7775,1,0.0
7776,1,0.0
7777,5,14.24480256
7778,5,17.58342816
7779,5,17.58342816
7780,5,17.58342816
7781,5,17.58342816
7782,5,17.58342816
7783,5,48.32763161070348
7784,5,141.26387869553
7785,5,168.80753989553
7786,5,194.68188829553
7787,5,220.5562366955301
7788,5,194.68188829553
7789,5,124.15342249553
7790,5,168.80753989553
7791,5,220.5562366955301
7792,5,194.68188829553
7793,5,191.34326269553
7794,5,141.26387869553
7795,5,50.55338201070348
7796,5,35.98280842707981
7797,5,33.75705802707981
7798,5,33.75705802707981
7799,5,17.58342816
7800,5,17.58342816
7801,1,0.0
7802,1,0.0
7803,1,0.0
7804,1,0.0
7805,1,0.0
7806,1,0.0
7807,1,14.57057358362366
7808,1,14.57057358362366
7809,1,14.57057358362366
7810,1,14.57057358362366
7811,1,14.57057358362366
7812,1,14.57057358362366
7813,1,14.57057358362366
7814,1,14.57057358362366
7815,1,14.57057358362366
7816,1,14.57057358362366
7817,1,14.57057358362366
7818,1,14.57057358362366
7819,1,14.57057358362366
7820,1,0.0
7821,1,0.0
7822,1,0.0
7823,1,0.0
7824,1,0.0
7825,1,0.0
7826,1,0.0
7827,1,0.0
7828,1,0.0
7829,1,0.0
7830,1,0.0
7831,1,14.57057358362366
7832,1,14.57057358362366
7833,1,14.57057358362366
7834,1,14.57057358362366
7835,1,14.57057358362366
7836,1,14.57057358362366
7837,1,14.57057358362366
7838,1,14.57057358362366
7839,1,14.57057358362366
7840,1,14.57057358362366
7841,1,14.57057358362366
7842,1,14.57057358362366
7843,1,14.57057358362366
7844,1,0.0
7845,1,0.0
7846,1,0.0
7847,1,0.0
7848,1,0.0
7849,1,0.0
7850,1,0.0
7851,1,0.0
7852,1,0.0
7853,1,0.0
7854,1,0.0
7855,1,14.57057358362366
7856,1,14.57057358362366
7857,1,14.57057358362366
7858,1,14.57057358362366
7859,1,14.57057358362366
7860,1,14.57057358362366
7861,1,14.57057358362366
7862,1,14.57057358362366
7863,1,14.57057358362366
7864,1,14.57057358362366
7865,1,14.57057358362366
7866,1,14.57057358362366
7867,1,14.57057358362366
7868,1,0.0
7869,1,0.0
7870,1,0.0
7871,1,0.0
7872,1,0.0
7873,1,0.0
7874,1,0.0
7875,1,0.0
7876,1,0.0
7877,1,0.0
7878,1,0.0
7879,1,14.57057358362366
7880,1,14.57057358362366
7881,1,14.57057358362366
7882,1,14.57057358362366
7883,1,14.57057358362366
7884,1,14.57057358362366
7885,1,14.57057358362366
7886,1,14.57057358362366
7887,1,14.57057358362366
7888,1,14.57057358362366
7889,1,14.57057358362366
7890,1,14.57057358362366
7891,1,14.57057358362366
7892,1,0.0
7893,1,0.0
7894,1,0.0
7895,1,0.0
7896,1,0.0
7897,2,0.5564376000000002
7898,2,0.5564376000000002
7899,2,0.5564376000000002
7900,2,0.5564376000000002
7901,2,0.5564376000000002
7902,2,0.5564376000000002
7903,2,31.30064105070348
7904,2,33.52639145070348
7905,2,33.52639145070348
7906,2,33.52639145070348
7907,2,33.52639145070348
7908,2,33.52639145070348
7909,2,33.52639145070348
7910,2,33.52639145070348
7911,2,33.52639145070348
7912,2,33.52639145070348
7913,2,33.52639145070348
7914,2,33.52639145070348
7915,2,33.52639145070348
7916,2,18.95581786707982
7917,2,16.73006746707982
7918,2,16.73006746707982
7919,2,0.5564376000000002
7920,2,0.5564376000000002
7921,2,0.5564376000000002
7922,2,0.5564376000000002
7923,2,0.5564376000000002
7924,2,0.5564376000000002
7925,2,0.5564376000000002
7926,2,0.5564376000000002
7927,2,31.30064105070348
7928,2,33.52639145070348
7929,2,33.52639145070348
7930,2,33.52639145070348
7931,2,33.52639145070348
7932,2,33.52639145070348
7933,2,33.52639145070348
7934,2,33.52639145070348
7935,2,33.52639145070348
7936,2,33.52639145070348
7937,2,33.52639145070348
7938,2,33.52639145070348
7939,2,33.52639145070348
7940,2,18.95581786707982
7941,2,16.73006746707982
7942,2,16.73006746707982
7943,2,0.5564376000000002
7944,2,0.5564376000000002
7945,3,10.23845184
7946,3,13.57707744
7947,3,13.57707744
7948,3,13.57707744
7949,3,13.57707744
7950,3,13.57707744
7951,3,44.32128089070348
7952,3,109.1583646953549
7953,3,129.1901182953549
7954,3,147.5525590953549
7955,3,165.914999895355
7956,3,147.5525590953549
7957,3,98.30783149535496
7958,3,129.1901182953549
7959,3,165.914999895355
7960,3,147.5525590953549
7961,3,144.2139334953549
7962,3,109.1583646953549
7963,3,46.54703129070347
7964,3,31.97645770707982
7965,3,29.75070730707982
7966,3,29.75070730707982
7967,3,13.57707744
7968,3,13.57707744
7969,2,0.5564376000000002
7970,2,0.5564376000000002
7971,2,0.5564376000000002
7972,2,0.5564376000000002
7973,2,0.5564376000000002
7974,2,0.5564376000000002
7975,2,31.30064105070348
7976,2,33.52639145070348
7977,2,33.52639145070348
7978,2,33.52639145070348
7979,2,33.52639145070348
7980,2,33.52639145070348
7981,2,33.52639145070348
7982,2,33.52639145070348
7983,2,33.52639145070348
7984,2,33.52639145070348
7985,2,33.52639145070348
7986,2,33.52639145070348
7987,2,33.52639145070348
7988,2,18.95581786707982
7989,2,16.73006746707982
7990,2,16.73006746707982
7991,2,0.5564376000000002
7992,2,0.5564376000000002
7993,1,0.0
7994,1,0.0
7995,1,0.0
7996,1,0.0
7997,1,0.0
7998,1,0.0
7999,1,14.57057358362366
8000,1,14.57057358362366
8001,1,14.57057358362366
8002,1,14.57057358362366
8003,1,14.57057358362366
8004,1,14.57057358362366
8005,1,14.57057358362366
8006,1,14.57057358362366
8007,1,14.57057358362366
8008,1,14.57057358362366
8009,1,14.57057358362366
8010,1,14.57057358362366
8011,1,14.57057358362366
8012,1,0.0
8013,1,0.0
8014,1,0.0
8015,1,0.0
8016,1,0.0
8017,1,0.0
8018,1,0.0
8019,1,0.0
8020,1,0.0
8021,1,0.0
8022,1,0.0
8023,1,14.57057358362366
8024,1,14.57057358362366
8025,1,14.57057358362366
8026,1,14.57057358362366
8027,1,14.57057358362366
8028,1,14.57057358362366
8029,1,14.57057358362366
8030,1,14.57057358362366
8031,1,14.57057358362366
8032,1,14.57057358362366
8033,1,14.57057358362366
8034,1,14.57057358362366
8035,1,14.57057358362366
8036,1,0.0
8037,1,0.0
8038,1,0.0
8039,1,0.0
8040,1,0.0
8041,3,10.23845184
8042,3,13.57707744
8043,3,13.57707744
8044,3,13.57707744
8045,3,13.57707744
8046,3,13.57707744
8047,3,44.32128089070348
8048,3,109.1583646953549
8049,3,129.1901182953549
8050,3,147.5525590953549
8051,3,165.914999895355
8052,3,147.5525590953549
8053,3,98.30783149535496
8054,3,129.1901182953549
8055,3,165.914999895355
8056,3,147.5525590953549
8057,3,144.2139334953549
8058,3,109.1583646953549
8059,3,46.54703129070347
8060,3,31.97645770707982
8061,3,29.75070730707982
8062,3,29.75070730707982
8063,3,13.57707744
8064,3,13.57707744
8065,2,0.5564376000000002
8066,2,0.5564376000000002
8067,2,0.5564376000000002
8068,2,0.5564376000000002
8069,2,0.5564376000000002
8070,2,0.5564376000000002
8071,2,31.30064105070348
8072,2,33.52639145070348
8073,2,33.52639145070348
8074,2,33.52639145070348
8075,2,33.52639145070348
8076,2,33.52639145070348
8077,2,33.52639145070348
8078,2,33.52639145070348
8079,2,33.52639145070348
8080,2,33.52639145070348
8081,2,33.52639145070348
8082,2,33.52639145070348
8083,2,33.52639145070348
8084,2,18.95581786707982
8085,2,16.73006746707982
8086,2,16.73006746707982
8087,2,0.5564376000000002
8088,2,0.5564376000000002
8089,1,0.0
8090,1,0.0
8091,1,0.0
8092,1,0.0
8093,1,0.0
8094,1,0.0
8095,1,14.57057358362366
8096,1,14.57057358362366
8097,1,14.57057358362366
8098,1,14.57057358362366
8099,1,14.57057358362366
8100,1,14.57057358362366
8101,1,14.57057358362366
8102,1,14.57057358362366
8103,1,14.57057358362366
8104,1,14.57057358362366
8105,1,14.57057358362366
8106,1,14.57057358362366
8107,1,14.57057358362366
8108,1,0.0
8109,1,0.0
8110,1,0.0
8111,1,0.0
8112,1,0.0
8113,3,10.23845184
8114,3,13.57707744
8115,3,13.57707744
8116,3,13.57707744
8117,3,13.57707744
8118,3,13.57707744
8119,3,44.32128089070348
8120,3,109.1583646953549
8121,3,129.1901182953549
8122,3,147.5525590953549
8123,3,165.914999895355
8124,3,147.5525590953549
8125,3,98.30783149535496
8126,3,129.1901182953549
8127,3,165.914999895355
8128,3,147.5525590953549
8129,3,144.2139334953549
8130,3,109.1583646953549
8131,3,46.54703129070347
8132,3,31.97645770707982
8133,3,29.75070730707982
8134,3,29.75070730707982
8135,3,13.57707744
8136,3,13.57707744
8137,3,10.23845184
8138,3,13.57707744
8139,3,13.57707744
8140,3,13.57707744
8141,3,13.57707744
8142,3,13.57707744
8143,3,44.32128089070348
8144,3,109.1583646953549
8145,3,129.1901182953549
8146,3,147.5525590953549
8147,3,165.914999895355
8148,3,147.5525590953549
8149,3,98.30783149535496
8150,3,129.1901182953549
8151,3,165.914999895355
8152,3,147.5525590953549
8153,3,144.2139334953549
8154,3,109.1583646953549
8155,3,46.54703129070347
8156,3,31.97645770707982
8157,3,29.75070730707982
8158,3,29.75070730707982
8159,3,13.57707744
8160,3,13.57707744
8161,1,0.0
8162,1,0.0
8163,1,0.0
8164,1,0.0
8165,1,0.0
8166,1,0.0
8167,1,14.57057358362366
8168,1,14.57057358362366
8169,1,14.57057358362366
8170,1,14.57057358362366
8171,1,14.57057358362366
8172,1,14.57057358362366
8173,1,14.57057358362366
8174,1,14.57057358362366
8175,1,14.57057358362366
8176,1,14.57057358362366
8177,1,14.57057358362366
8178,1,14.57057358362366
8179,1,14.57057358362366
8180,1,0.0
8181,1,0.0
8182,1,0.0
8183,1,0.0
8184,1,0.0
8185,1,0.0
8186,1,0.0
8187,1,0.0
8188,1,0.0
8189,1,0.0
8190,1,0.0
8191,1,14.57057358362366
8192,1,14.57057358362366
8193,1,14.57057358362366
8194,1,14.57057358362366
8195,1,14.57057358362366
8196,1,14.57057358362366
8197,1,14.57057358362366
8198,1,14.57057358362366
8199,1,14.57057358362366
8200,1,14.57057358362366
8201,1,14.57057358362366
8202,1,14.57057358362366
8203,1,14.57057358362366
8204,1,0.0
8205,1,0.0
8206,1,0.0
8207,1,0.0
8208,1,0.0
8209,1,0.0
8210,1,0.0
8211,1,0.0
8212,1,0.0
8213,1,0.0
8214,1,0.0
8215,1,14.57057358362366
8216,1,14.57057358362366
8217,1,14.57057358362366
8218,1,14.57057358362366
8219,1,14.57057358362366
8220,1,14.57057358362366
8221,1,14.57057358362366
8222,1,14.57057358362366
8223,1,14.57057358362366
8224,1,14.57057358362366
8225,1,14.57057358362366
8226,1,14.57057358362366
8227,1,14.57057358362366
8228,1,0.0
8229,1,0.0
8230,1,0.0
8231,1,0.0
8232,1,0.0
8233,1,0.0
8234,1,0.0
8235,1,0.0
8236,1,0.0
8237,1,0.0
8238,1,0.0
8239,1,14.57057358362366
8240,1,14.57057358362366
8241,1,14.57057358362366
8242,1,14.57057358362366
8243,1,14.57057358362366
8244,1,14.57057358362366
8245,1,14.57057358362366
8246,1,14.57057358362366
8247,1,14.57057358362366
8248,1,14.57057358362366
8249,1,14.57057358362366
8250,1,14.57057358362366
8251,1,14.57057358362366
8252,1,0.0
8253,1,0.0
8254,1,0.0
8255,1,0.0
8256,1,0.0
8257,1,0.0
8258,1,0.0
8259,1,0.0
8260,1,0.0
8261,1,0.0
8262,1,0.0
8263,1,14.57057358362366
8264,1,14.57057358362366
8265,1,14.57057358362366
8266,1,14.57057358362366
8267,1,14.57057358362366
8268,1,14.57057358362366
8269,1,14.57057358362366
8270,1,14.57057358362366
8271,1,14.57057358362366
8272,1,14.57057358362366
8273,1,14.57057358362366
8274,1,14.57057358362366
8275,1,14.57057358362366
8276,1,0.0
8277,1,0.0
8278,1,0.0
8279,1,0.0
8280,1,0.0
8281,1,0.0
8282,1,0.0
8283,1,0.0
8284,1,0.0
8285,1,0.0
8286,1,0.0
8287,1,14.57057358362366
8288,1,14.57057358362366
8289,1,14.57057358362366
8290,1,14.57057358362366
8291,1,14.57057358362366
8292,1,14.57057358362366
8293,1,14.57057358362366
8294,1,14.57057358362366
8295,1,14.57057358362366
8296,1,14.57057358362366
8297,1,14.57057358362366
8298,1,14.57057358362366
8299,1,14.57057358362366
8300,1,0.0
8301,1,0.0
8302,1,0.0
8303,1,0.0
8304,1,0.0
8305,1,0.0
8306,1,0.0
8307,1,0.0
8308,1,0.0
8309,1,0.0
8310,1,0.0
8311,1,14.57057358362366
8312,1,14.57057358362366
8313,1,14.57057358362366
8314,1,14.57057358362366
8315,1,14.57057358362366
8316,1,14.57057358362366
8317,1,14.57057358362366
8318,1,14.57057358362366
8319,1,14.57057358362366
8320,1,14.57057358362366
8321,1,14.57057358362366
8322,1,14.57057358362366
8323,1,14.57057358362366
8324,1,0.0
8325,1,0.0
8326,1,0.0
8327,1,0.0
8328,1,0.0
8329,1,0.0
8330,1,0.0
8331,1,0.0
8332,1,0.0
8333,1,0.0
8334,1,0.0
8335,1,14.57057358362366
8336,1,14.57057358362366
8337,1,14.57057358362366
8338,1,14.57057358362366
8339,1,14.57057358362366
8340,1,14.57057358362366
8341,1,14.57057358362366
8342,1,14.57057358362366
8343,1,14.57057358362366
8344,1,14.57057358362366
8345,1,14.57057358362366
8346,1,14.57057358362366
8347,1,14.57057358362366
8348,1,0.0
8349,1,0.0
8350,1,0.0
8351,1,0.0
8352,1,0.0
8353,1,0.0
8354,1,0.0
8355,1,0.0
8356,1,0.0
8357,1,0.0
8358,1,0.0
8359,1,14.57057358362366
8360,1,14.57057358362366
8361,1,14.57057358362366
8362,1,14.57057358362366
8363,1,14.57057358362366
8364,1,14.57057358362366
8365,1,14.57057358362366
8366,1,14.57057358362366
8367,1,14.57057358362366
8368,1,14.57057358362366
8369,1,14.57057358362366
8370,1,14.57057358362366
8371,1,14.57057358362366
8372,1,0.0
8373,1,0.0
8374,1,0.0
8375,1,0.0
8376,1,0.0
8377,1,0.0
8378,1,0.0
8379,1,0.0
8380,1,0.0
8381,1,0.0
8382,1,0.0
8383,1,14.57057358362366
8384,1,14.57057358362366
8385,1,14.57057358362366
8386,1,14.57057358362366
8387,1,14.57057358362366
8388,1,14.57057358362366
8389,1,14.57057358362366
8390,1,14.57057358362366
8391,1,14.57057358362366
8392,1,14.57057358362366
8393,1,14.57057358362366
8394,1,14.57057358362366
8395,1,14.57057358362366
8396,1,0.0
8397,1,0.0
8398,1,0.0
8399,1,0.0
8400,1,0.0
8401,1,0.0
8402,1,0.0
8403,1,0.0
8404,1,0.0
8405,1,0.0
8406,1,0.0
8407,1,14.57057358362366
8408,1,14.57057358362366
8409,1,14.57057358362366
8410,1,14.57057358362366
8411,1,14.57057358362366
8412,1,14.57057358362366
8413,1,14.57057358362366
8414,1,14.57057358362366
8415,1,14.57057358362366
8416,1,14.57057358362366
8417,1,14.57057358362366
8418,1,14.57057358362366
8419,1,14.57057358362366
8420,1,0.0
8421,1,0.0
8422,1,0.0
8423,1,0.0
8424,1,0.0
8425,5,14.24480256
8426,5,17.58342816
8427,5,17.58342816
8428,5,17.58342816
8429,5,17.58342816
8430,5,17.58342816
8431,5,48.32763161070348
8432,5,141.26387869553
8433,5,168.80753989553
8434,5,194.68188829553
8435,5,220.5562366955301
8436,5,194.68188829553
8437,5,124.15342249553
8438,5,168.80753989553
8439,5,220.5562366955301
8440,5,194.68188829553
8441,5,191.34326269553
8442,5,141.26387869553
8443,5,50.55338201070348
8444,5,35.98280842707981
8445,5,33.75705802707981
8446,5,33.75705802707981
8447,5,17.58342816
8448,5,17.58342816
8449,1,0.0
8450,1,0.0
8451,1,0.0
8452,1,0.0
8453,1,0.0
8454,1,0.0
8455,1,14.57057358362366
8456,1,14.57057358362366
8457,1,14.57057358362366
8458,1,14.57057358362366
8459,1,14.57057358362366
8460,1,14.57057358362366
8461,1,14.57057358362366
8462,1,14.57057358362366
8463,1,14.57057358362366
8464,1,14.57057358362366
8465,1,14.57057358362366
8466,1,14.57057358362366
8467,1,14.57057358362366
8468,1,0.0
8469,1,0.0
8470,1,0.0
8471,1,0.0
8472,1,0.0
8473,1,0.0
8474,1,0.0
8475,1,0.0
8476,1,0.0
8477,1,0.0
8478,1,0.0
8479,1,14.57057358362366
8480,1,14.57057358362366
8481,1,14.57057358362366
8482,1,14.57057358362366
8483,1,14.57057358362366
8484,1,14.57057358362366
8485,1,14.57057358362366
8486,1,14.57057358362366
8487,1,14.57057358362366
8488,1,14.57057358362366
8489,1,14.57057358362366
8490,1,14.57057358362366
8491,1,14.57057358362366
8492,1,0.0
8493,1,0.0
8494,1,0.0
8495,1,0.0
8496,1,0.0
8497,1,0.0
8498,1,0.0
8499,1,0.0
8500,1,0.0
8501,1,0.0
8502,1,0.0
8503,1,14.57057358362366
8504,1,14.57057358362366
8505,1,14.57057358362366
8506,1,14.57057358362366
8507,1,14.57057358362366
8508,1,14.57057358362366
8509,1,14.57057358362366
8510,1,14.57057358362366
8511,1,14.57057358362366
8512,1,14.57057358362366
8513,1,14.57057358362366
8514,1,14.57057358362366
8515,1,14.57057358362366
8516,1,0.0
8517,1,0.0
8518,1,0.0
8519,1,0.0
8520,1,0.0
8521,1,0.0
8522,1,0.0
8523,1,0.0
8524,1,0.0
8525,1,0.0
8526,1,0.0
8527,1,14.57057358362366
8528,1,14.57057358362366
8529,1,14.57057358362366
8530,1,14.57057358362366
8531,1,14.57057358362366
8532,1,14.57057358362366
8533,1,14.57057358362366
8534,1,14.57057358362366
8535,1,14.57057358362366
8536,1,14.57057358362366
8537,1,14.57057358362366
8538,1,14.57057358362366
8539,1,14.57057358362366
8540,1,0.0
8541,1,0.0
8542,1,0.0
8543,1,0.0
8544,1,0.0
8545,1,0.0
8546,1,0.0
8547,1,0.0
8548,1,0.0
8549,1,0.0
8550,1,0.0
8551,1,14.57057358362366
8552,1,14.57057358362366
8553,1,14.57057358362366
8554,1,14.57057358362366
8555,1,14.57057358362366
8556,1,14.57057358362366
8557,1,14.57057358362366
8558,1,14.57057358362366
8559,1,14.57057358362366
8560,1,14.57057358362366
8561,1,14.57057358362366
8562,1,14.57057358362366
8563,1,14.57057358362366
8564,1,0.0
8565,1,0.0
8566,1,0.0
8567,1,0.0
8568,1,0.0
8569,3,10.23845184
8570,3,13.57707744
8571,3,13.57707744
8572,3,13.57707744
8573,3,13.57707744
8574,3,13.57707744
8575,3,44.32128089070348
8576,3,109.1583646953549
8577,3,129.1901182953549
8578,3,147.5525590953549
8579,3,165.914999895355
8580,3,147.5525590953549
8581,3,98.30783149535496
8582,3,129.1901182953549
8583,3,165.914999895355
8584,3,147.5525590953549
8585,3,144.2139334953549
8586,3,109.1583646953549
8587,3,46.54703129070347
8588,3,31.97645770707982
8589,3,29.75070730707982
8590,3,29.75070730707982
8591,3,13.57707744
8592,3,13.57707744
8593,3,10.23845184
8594,3,13.57707744
8595,3,13.57707744
8596,3,13.57707744
8597,3,13.57707744
8598,3,13.57707744
8599,3,44.32128089070348
8600,3,109.1583646953549
8601,3,129.1901182953549
8602,3,147.5525590953549
8603,3,165.914999895355
8604,3,147.5525590953549
8605,3,98.30783149535496
8606,3,129.1901182953549
8607,3,165.914999895355
8608,3,147.5525590953549
8609,3,144.2139334953549
8610,3,109.1583646953549
8611,3,46.54703129070347
8612,3,31.97645770707982
8613,3,29.75070730707982
8614,3,29.75070730707982
8615,3,13.57707744
8616,3,13.57707744
8617,3,10.23845184
8618,3,13.57707744
8619,3,13.57707744
8620,3,13.57707744
8621,3,13.57707744
8622,3,13.57707744
8623,3,44.32128089070348
8624,3,109.1583646953549
8625,3,129.1901182953549
8626,3,147.5525590953549
8627,3,165.914999895355
8628,3,147.5525590953549
8629,3,98.30783149535496
8630,3,129.1901182953549
8631,3,165.914999895355
8632,3,147.5525590953549
8633,3,144.2139334953549
8634,3,109.1583646953549
8635,3,46.54703129070347
8636,3,31.97645770707982
8637,3,29.75070730707982
8638,3,29.75070730707982
8639,3,13.57707744
8640,3,13.57707744
8641,2,0.5564376000000002
8642,2,0.5564376000000002
8643,2,0.5564376000000002
8644,2,0.5564376000000002
8645,2,0.5564376000000002
8646,2,0.5564376000000002
8647,2,31.30064105070348
8648,2,33.52639145070348
8649,2,33.52639145070348
8650,2,33.52639145070348
8651,2,33.52639145070348
8652,2,33.52639145070348
8653,2,33.52639145070348
8654,2,33.52639145070348
8655,2,33.52639145070348
8656,2,33.52639145070348
8657,2,33.52639145070348
8658,2,33.52639145070348
8659,2,33.52639145070348
8660,2,18.95581786707982
8661,2,16.73006746707982
8662,2,16.73006746707982
8663,2,0.5564376000000002
8664,2,0.5564376000000002
8665,1,0.0
8666,1,0.0
8667,1,0.0
8668,1,0.0
8669,1,0.0
8670,1,0.0
8671,1,14.57057358362366
8672,1,14.57057358362366
8673,1,14.57057358362366
8674,1,14.57057358362366
8675,1,14.57057358362366
8676,1,14.57057358362366
8677,1,14.57057358362366
8678,1,14.57057358362366
8679,1,14.57057358362366
8680,1,14.57057358362366
8681,1,14.57057358362366
8682,1,14.57057358362366
8683,1,14.57057358362366
8684,1,0.0
8685,1,0.0
8686,1,0.0
8687,1,0.0
8688,1,0.0
8689,1,0.0
8690,1,0.0
8691,1,0.0
8692,1,0.0
8693,1,0.0
8694,1,0.0
8695,1,14.57057358362366
8696,1,14.57057358362366
8697,1,14.57057358362366
8698,1,14.57057358362366
8699,1,14.57057358362366
8700,1,14.57057358362366
8701,1,14.57057358362366
8702,1,14.57057358362366
8703,1,14.57057358362366
8704,1,14.57057358362366
8705,1,14.57057358362366
8706,1,14.57057358362366
8707,1,14.57057358362366
8708,1,0.0
8709,1,0.0
8710,1,0.0
8711,1,0.0
8712,1,0.0
8713,1,0.0
8714,1,0.0
8715,1,0.0
8716,1,0.0
8717,1,0.0
8718,1,0.0
8719,1,14.57057358362366
8720,1,14.57057358362366
8721,1,14.57057358362366
8722,1,14.57057358362366
8723,1,14.57057358362366
8724,1,14.57057358362366
8725,1,14.57057358362366
8726,1,14.57057358362366
8727,1,14.57057358362366
8728,1,14.57057358362366
8729,1,14.57057358362366
8730,1,14.57057358362366
8731,1,14.57057358362366
8732,1,0.0
8733,1,0.0
8734,1,0.0
8735,1,0.0
8736,1,0.0
8737,1,0.0
8738,1,0.0
8739,1,0.0
8740,1,0.0
8741,1,0.0
8742,1,0.0
8743,1,14.57057358362366
8744,1,14.57057358362366
8745,1,14.57057358362366
8746,1,14.57057358362366
8747,1,14.57057358362366
8748,1,14.57057358362366
8749,1,14.57057358362366
8750,1,14.57057358362366
8751,1,14.57057358362366
8752,1,14.57057358362366
8753,1,14.57057358362366
8754,1,14.57057358362366
8755,1,14.57057358362366
8756,1,0.0
8757,1,0.0
8758,1,0.0
8759,1,0.0
8760,1,0.0
