Hour,gwp
1,164.798
2,143.957
3,139.208
4,136.77
5,130.657
6,132.947
7,133.381
8,135.47799999999998
9,135.471
10,135.768
11,134.91299999999998
12,128.474
13,130.101
14,126.606
15,131.886
16,140.452
17,145.761
18,144.596
19,140.938
20,149.045
21,136.003
22,124.716
23,130.29
24,124.24
25,120.684
26,124.052
27,125.594
28,123.815
29,125.537
30,132.452
31,139.168
32,156.274
33,175.59400000000002
34,177.975
35,186.824
36,183.782
37,172.396
38,175.649
39,195.687
40,210.153
41,233.513
42,241.857
43,275.615
44,284.36400000000003
45,282.993
46,265.851
47,283.156
48,275.29200000000003
49,277.524
50,272.245
51,278.553
52,259.086
53,244.973
54,270.85900000000004
55,288.486
56,260.374
57,298.61
58,289.282
59,293.3
60,286.974
61,269.159
62,266.321
63,287.346
64,292.22900000000004
65,288.75
66,269.56
67,276.48
68,296.515
69,324.637
70,350.028
71,347.089
72,326.916
73,325.947
74,332.295
75,333.94
76,330.969
77,307.36
78,302.52
79,259.619
80,263.677
81,269.586
82,276.836
83,261.099
84,238.74
85,199.091
86,215.102
87,227.479
88,249.579
89,244.465
90,261.051
91,243.401
92,253.401
93,255.319
94,240.558
95,221.372
96,192.996
97,185.006
98,166.093
99,171.455
100,170.387
101,167.954
102,176.488
103,180.538
104,182.322
105,190.658
106,217.942
107,253.362
108,224.211
109,214.655
110,227.225
111,240.295
112,253.798
113,261.961
114,263.968
115,248.671
116,266.599
117,281.045
118,263.75
119,262.326
120,257.519
121,278.215
122,300.687
123,306.163
124,297.034
125,268.97900000000004
126,283.457
127,297.935
128,319.079
129,317.492
130,311.472
131,306.055
132,319.251
133,325.303
134,328.879
135,340.526
136,351.117
137,333.27
138,338.43800000000005
139,330.389
140,334.62300000000005
141,346.18699999999995
142,354.157
143,341.684
144,334.288
145,308.952
146,323.7
147,326.758
148,304.47700000000003
149,317.007
150,335.082
151,302.422
152,284.464
153,254.989
154,250.965
155,237.961
156,249.881
157,234.89
158,241.465
159,266.947
160,255.545
161,244.01
162,231.583
163,238.746
164,229.319
165,210.704
166,203.084
167,186.739
168,168.52700000000002
169,146.395
170,143.222
171,143.644
172,142.737
173,143.71
174,153.653
175,173.021
176,211.258
177,217.201
178,214.073
179,206.024
180,197.566
181,216.478
182,230.482
183,215.446
184,201.064
185,202.275
186,231.068
187,233.163
188,232.229
189,201.473
190,176.979
191,176.898
192,157.51
193,145.792
194,143.947
195,148.028
196,148.804
197,151.776
198,183.482
199,213.605
200,250.379
201,235.521
202,234.508
203,229.36900000000003
204,239.123
205,235.051
206,231.538
207,240.375
208,238.741
209,242.849
210,222.051
211,240.903
212,231.719
213,259.251
214,277.193
215,267.131
216,264.934
217,252.095
218,287.397
219,278.219
220,300.61400000000003
221,305.717
222,316.91700000000003
223,311.998
224,230.729
225,224.823
226,227.433
227,219.444
228,215.929
229,211.75
230,207.815
231,204.881
232,204.734
233,216.631
234,222.015
235,224.446
236,224.72
237,249.539
238,315.953
239,345.909
240,346.24800000000005
241,332.351
242,330.56
243,316.975
244,307.495
245,304.208
246,315.407
247,331.476
248,282.186
249,264.53
250,264.851
251,254.065
252,243.991
253,222.47
254,220.14
255,230.988
256,234.47
257,246.855
258,245.663
259,240.624
260,241.258
261,246.094
262,262.173
263,250.771
264,255.479
265,258.232
266,260.625
267,255.217
268,254.283
269,252.49
270,249.215
271,252.633
272,249.241
273,249.563
274,241.164
275,229.822
276,212.923
277,192.755
278,180.523
279,187.364
280,189.79
281,194.074
282,196.218
283,191.101
284,182.983
285,171.798
286,167.68400000000003
287,162.785
288,161.241
289,150.873
290,145.914
291,149.958
292,152.191
293,147.42600000000002
294,147.526
295,147.965
296,145.888
297,143.334
298,141.41899999999998
299,135.136
300,141.629
301,139.882
302,123.387
303,120.857
304,121.323
305,123.235
306,127.409
307,121.795
308,118.555
309,108.677
310,114.857
311,116.216
312,115.215
313,109.438
314,111.817
315,114.999
316,118.229
317,122.749
318,138.576
319,152.237
320,186.322
321,189.295
322,188.719
323,173.22400000000002
324,161.678
325,161.369
326,163.726
327,168.979
328,186.30900000000003
329,194.455
330,198.293
331,197.423
332,196.306
333,186.902
334,217.061
335,219.983
336,203.776
337,199.378
338,192.7
339,196.644
340,192.754
341,190.874
342,216.016
343,233.961
344,231.44
345,226.372
346,225.674
347,224.533
348,217.028
349,205.818
350,209.30900000000003
351,201.178
352,200.389
353,217.847
354,201.458
355,198.489
356,194.782
357,196.003
358,189.54
359,182.159
360,182.912
361,166.196
362,175.36700000000002
363,182.156
364,186.892
365,185.645
366,201.792
367,230.154
368,216.571
369,222.677
370,218.195
371,216.126
372,203.951
373,162.499
374,178.96099999999998
375,204.739
376,228.367
377,237.864
378,215.485
379,210.187
380,208.625
381,202.151
382,205.439
383,204.882
384,189.825
385,169.57
386,165.937
387,169.22299999999998
388,172.21200000000002
389,169.315
390,191.347
391,223.287
392,220.08900000000003
393,223.085
394,218.284
395,204.397
396,211.427
397,215.927
398,222.173
399,238.852
400,246.958
401,242.468
402,219.147
403,219.598
404,206.874
405,205.68
406,228.576
407,218.083
408,228.493
409,246.157
410,255.889
411,269.308
412,294.414
413,324.733
414,330.079
415,270.224
416,257.755
417,267.008
418,267.028
419,258.034
420,255.021
421,255.192
422,244.335
423,255.924
424,266.28700000000003
425,251.015
426,217.645
427,243.894
428,240.891
429,251.683
430,319.393
431,328.754
432,321.56
433,311.538
434,353.727
435,383.253
436,359.543
437,371.299
438,356.855
439,342.88
440,340.279
441,322.16
442,288.27
443,304.866
444,290.848
445,263.64
446,265.122
447,276.223
448,295.958
449,313.925
450,284.706
451,268.94
452,277.772
453,313.469
454,326.599
455,284.519
456,270.943
457,304.039
458,313.445
459,324.982
460,336.31199999999995
461,340.82199999999995
462,343.26800000000003
463,358.00199999999995
464,363.198
465,365.008
466,333.38699999999994
467,302.59
468,292.05400000000003
469,282.97900000000004
470,291.035
471,338.884
472,331.17900000000003
473,297.038
474,290.215
475,233.957
476,243.238
477,285.027
478,320.253
479,335.281
480,315.28700000000003
481,358.436
482,365.408
483,366.48800000000006
484,353.666
485,354.921
486,349.265
487,283.829
488,219.854
489,230.756
490,227.993
491,230.412
492,201.052
493,199.075
494,212.829
495,231.427
496,221.081
497,194.225
498,227.67
499,233.318
500,228.746
501,193.197
502,230.932
503,258.621
504,280.432
505,318.623
506,342.196
507,316.861
508,309.91900000000004
509,300.545
510,302.67900000000003
511,303.701
512,259.67
513,247.011
514,257.153
515,236.866
516,222.593
517,201.717
518,201.117
519,216.452
520,236.263
521,236.696
522,225.374
523,225.833
524,210.766
525,210.0
526,248.705
527,274.244
528,297.291
529,308.472
530,320.935
531,325.818
532,305.28700000000003
533,297.58
534,313.118
535,260.463
536,252.333
537,265.566
538,241.772
539,245.541
540,236.206
541,226.338
542,222.146
543,226.449
544,238.661
545,237.204
546,227.993
547,227.562
548,228.462
549,215.438
550,227.055
551,238.787
552,241.084
553,280.706
554,273.583
555,296.806
556,302.085
557,287.705
558,268.322
559,214.968
560,238.537
561,238.386
562,237.922
563,247.071
564,238.014
565,252.286
566,247.09
567,231.478
568,228.197
569,224.262
570,239.154
571,249.357
572,243.574
573,212.363
574,221.11900000000003
575,227.899
576,270.051
577,302.896
578,298.242
579,330.75699999999995
580,311.898
581,290.507
582,268.244
583,230.544
584,229.689
585,223.187
586,219.563
587,200.615
588,201.044
589,164.984
590,181.382
591,201.947
592,226.835
593,223.518
594,221.347
595,238.102
596,222.451
597,211.918
598,261.545
599,250.686
600,245.828
601,255.061
602,241.641
603,257.524
604,256.48
605,262.48900000000003
606,276.085
607,280.26
608,275.43
609,287.784
610,295.699
611,264.411
612,257.101
613,254.65
614,246.009
615,235.168
616,213.834
617,211.996
618,240.983
619,251.052
620,248.073
621,238.566
622,213.028
623,224.132
624,211.978
625,185.38
626,185.722
627,182.655
628,159.018
629,153.834
630,154.985
631,159.7
632,156.317
633,173.255
634,191.816
635,208.786
636,184.189
637,208.996
638,192.843
639,186.167
640,175.206
641,182.205
642,223.167
643,270.482
644,292.253
645,303.075
646,268.74
647,274.697
648,268.389
649,253.657
650,245.586
651,200.804
652,186.179
653,199.921
654,232.819
655,243.851
656,279.492
657,288.85400000000004
658,287.966
659,268.465
660,263.529
661,244.153
662,259.557
663,261.54200000000003
664,250.731
665,255.652
666,238.355
667,261.447
668,257.086
669,248.93400000000003
670,294.815
671,291.556
672,301.335
673,299.342
674,299.002
675,295.881
676,300.326
677,306.66700000000003
678,329.351
679,314.998
680,288.78
681,283.8745
682,278.969
683,285.688
684,264.064
685,265.502
686,276.059
687,286.616
688,276.761
689,267.997
690,246.027
691,263.809
692,272.527
693,272.536
694,325.024
695,330.14300000000003
696,343.94699999999995
697,288.932
698,300.211
699,289.059
700,276.904
701,273.401
702,297.244
703,304.302
704,279.498
705,274.642
706,274.738
707,263.83
708,245.721
709,253.526
710,242.787
711,261.93
712,264.435
713,265.076
714,269.41549999999995
715,273.755
716,254.246
717,243.556
718,285.759
719,304.857
720,298.499
721,311.257
722,302.944
723,312.752
724,321.143
725,341.713
726,354.915
727,326.779
728,283.97
729,305.349
730,295.862
731,284.156
732,282.219
733,284.318
734,295.37
735,283.089
736,278.627
737,282.769
738,274.642
739,286.332
740,255.838
741,281.656
742,280.693
743,281.875
744,288.107
745,272.375
746,254.361
747,249.959
748,218.884
749,207.071
750,241.956
751,279.273
752,263.846
753,268.521
754,267.157
755,257.698
756,267.012
757,263.533
758,276.30400000000003
759,270.177
760,269.87
761,258.612
762,253.875
763,252.881
764,244.408
765,242.713
766,296.258
767,308.35900000000004
768,325.361
769,312.951
770,295.773
771,268.881
772,238.912
773,229.781
774,238.633
775,260.166
776,281.821
777,288.72
778,290.695
779,279.777
780,265.057
781,277.67
782,261.0
783,257.534
784,263.41900000000004
785,244.213
786,248.937
787,279.046
788,350.325
789,363.489
790,368.0
791,376.78
792,369.391
793,370.27
794,349.963
795,322.23
796,276.779
797,256.777
798,265.016
799,301.396
800,322.312
801,331.19199999999995
802,324.98900000000003
803,325.105
804,305.442
805,298.421
806,311.883
807,318.378
808,312.709
809,301.51
810,290.246
811,327.875
812,346.333
813,332.042
814,336.565
815,335.444
816,331.365
817,323.9755
818,316.586
819,304.84
820,279.93
821,277.42400000000004
822,319.432
823,331.085
824,321.691
825,320.699
826,303.514
827,295.197
828,285.647
829,267.1135
830,248.58
831,253.141
832,268.259
833,269.34
834,275.842
835,272.445
836,262.48400000000004
837,253.781
838,256.38
839,254.497
840,248.417
841,250.186
842,243.56
843,256.49
844,279.497
845,298.33
846,315.868
847,298.155
848,288.187
849,286.96
850,277.85
851,261.67
852,263.231
853,263.065
854,263.065
855,262.899
856,254.161
857,261.9625
858,269.764
859,285.1685
860,300.573
861,301.318
862,331.629
863,323.621
864,318.863
865,302.74
866,285.533
867,292.123
868,275.471
869,259.431
870,291.635
871,307.235
872,288.9
873,278.731
874,277.437
875,270.54400000000004
876,273.49850000000004
877,276.453
878,279.199
879,285.982
880,290.708
881,272.731
882,276.252
883,283.323
884,276.621
885,292.353
886,300.694
887,299.057
888,311.443
889,274.72
890,257.574
891,257.66
892,225.925
893,205.565
894,221.253
895,255.058
896,268.848
897,258.843
898,255.0735
899,251.304
900,227.795
901,216.702
902,222.928
903,220.899
904,212.105
905,216.541
906,222.9075
907,229.274
908,226.591
909,215.193
910,202.633
911,192.75
912,200.614
913,180.225
914,186.999
915,191.882
916,188.5
917,197.036
918,218.83900000000003
919,228.855
920,250.674
921,250.475
922,230.47
923,216.28
924,215.864
925,207.025
926,186.34
927,182.535
928,193.348
929,187.487
930,202.215
931,221.002
932,203.557
933,183.343
934,168.908
935,149.77
936,155.243
937,137.345
938,125.021
939,119.224
940,116.568
941,109.582
942,117.046
943,121.181
944,124.187
945,138.156
946,131.424
947,132.465
948,131.315
949,119.233
950,119.467
951,116.689
952,120.13
953,133.94899999999998
954,145.615
955,174.292
956,169.75099999999998
957,151.817
958,130.705
959,144.451
960,131.95600000000002
961,148.876
962,125.097
963,124.534
964,112.454
965,104.367
966,112.864
967,115.685
968,120.895
969,115.2
970,114.464
971,114.722
972,113.838
973,115.389
974,112.962
975,105.073
976,98.291
977,96.648
978,109.251
979,113.535
980,125.52
981,118.863
982,113.57
983,121.877
984,122.431
985,133.05
986,135.168
987,132.46200000000002
988,125.245
989,128.364
990,146.55100000000002
991,188.429
992,218.172
993,256.709
994,246.677
995,250.191
996,239.073
997,200.94
998,193.548
999,199.058
1000,210.416
1001,216.733
1002,231.539
1003,228.36900000000003
1004,229.816
1005,232.163
1006,224.93
1007,227.097
1008,232.346
1009,213.634
1010,199.351
1011,203.09
1012,205.769
1013,217.631
1014,260.6
1015,290.701
1016,296.627
1017,315.119
1018,311.189
1019,300.183
1020,308.269
1021,295.22700000000003
1022,284.159
1023,284.788
1024,281.959
1025,292.931
1026,309.618
1027,321.121
1028,286.995
1029,283.8
1030,267.571
1031,264.23900000000003
1032,271.514
1033,258.194
1034,253.906
1035,245.023
1036,237.138
1037,261.28
1038,259.394
1039,295.66700000000003
1040,292.375
1041,275.636
1042,273.083
1043,277.035
1044,280.182
1045,266.198
1046,264.99
1047,275.508
1048,271.381
1049,272.508
1050,289.509
1051,286.397
1052,272.499
1053,294.035
1054,304.006
1055,306.564
1056,297.678
1057,290.766
1058,293.83
1059,301.473
1060,301.836
1061,299.1
1062,312.92400000000004
1063,320.848
1064,261.85200000000003
1065,265.491
1066,275.392
1067,280.896
1068,272.546
1069,272.53
1070,282.516
1071,272.205
1072,260.243
1073,248.504
1074,229.293
1075,246.726
1076,257.749
1077,284.337
1078,295.654
1079,318.827
1080,326.583
1081,311.16
1082,281.15
1083,299.555
1084,298.634
1085,289.243
1086,311.454
1087,272.952
1088,260.747
1089,258.298
1090,286.357
1091,292.127
1092,299.378
1093,277.791
1094,269.277
1095,252.907
1096,231.048
1097,221.323
1098,206.604
1099,216.615
1100,199.315
1101,226.618
1102,245.228
1103,252.773
1104,252.835
1105,236.334
1106,234.103
1107,255.904
1108,253.656
1109,257.17
1110,257.811
1111,256.875
1112,248.314
1113,254.368
1114,234.905
1115,230.835
1116,258.326
1117,256.802
1118,234.217
1119,241.155
1120,240.316
1121,221.627
1122,218.911
1123,242.005
1124,252.798
1125,277.828
1126,274.862
1127,269.025
1128,313.889
1129,305.461
1130,310.04200000000003
1131,311.816
1132,277.684
1133,250.312
1134,266.524
1135,270.826
1136,251.11
1137,238.584
1138,242.896
1139,237.484
1140,238.843
1141,235.475
1142,211.031
1143,200.191
1144,200.93400000000003
1145,181.835
1146,165.627
1147,169.118
1148,202.671
1149,222.53
1150,221.68400000000003
1151,247.335
1152,258.414
1153,228.467
1154,224.337
1155,231.065
1156,219.703
1157,230.334
1158,251.115
1159,237.978
1160,222.754
1161,242.445
1162,248.465
1163,252.136
1164,248.003
1165,241.478
1166,244.2
1167,243.599
1168,239.192
1169,212.707
1170,154.514
1171,210.798
1172,221.008
1173,227.36900000000003
1174,240.908
1175,241.331
1176,239.926
1177,268.03
1178,243.719
1179,248.804
1180,254.218
1181,263.284
1182,279.961
1183,270.594
1184,272.324
1185,263.78700000000003
1186,262.846
1187,260.095
1188,239.947
1189,206.659
1190,208.877
1191,221.554
1192,235.134
1193,231.888
1194,248.356
1195,278.123
1196,279.055
1197,252.334
1198,248.522
1199,254.547
1200,247.511
1201,252.514
1202,251.078
1203,251.97
1204,264.903
1205,271.54900000000004
1206,279.17400000000004
1207,292.029
1208,269.767
1209,275.128
1210,265.574
1211,260.784
1212,254.49400000000003
1213,240.85
1214,240.152
1215,231.174
1216,212.817
1217,210.349
1218,207.237
1219,240.62
1220,253.725
1221,258.895
1222,243.45
1223,251.134
1224,260.527
1225,234.532
1226,229.509
1227,232.928
1228,232.102
1229,237.099
1230,262.98400000000004
1231,273.528
1232,270.278
1233,260.488
1234,271.475
1235,260.367
1236,255.193
1237,228.133
1238,220.404
1239,216.524
1240,223.308
1241,219.432
1242,194.813
1243,240.487
1244,233.692
1245,259.867
1246,276.508
1247,287.778
1248,288.67900000000003
1249,293.488
1250,288.313
1251,295.818
1252,281.289
1253,274.107
1254,293.881
1255,296.129
1256,273.079
1257,257.269
1258,261.215
1259,253.628
1260,234.982
1261,224.584
1262,206.195
1263,212.236
1264,204.593
1265,203.902
1266,203.086
1267,219.549
1268,221.171
1269,222.732
1270,229.205
1271,238.012
1272,244.061
1273,252.169
1274,246.752
1275,245.917
1276,229.68
1277,217.738
1278,234.921
1279,243.318
1280,235.917
1281,248.939
1282,257.138
1283,240.813
1284,231.265
1285,246.378
1286,242.793
1287,230.532
1288,205.887
1289,213.469
1290,214.166
1291,182.201
1292,196.015
1293,220.571
1294,219.669
1295,251.109
1296,283.184
1297,284.737
1298,289.534
1299,275.66700000000003
1300,260.566
1301,245.664
1302,260.067
1303,270.738
1304,269.85200000000003
1305,262.639
1306,252.617
1307,241.324
1308,232.826
1309,221.428
1310,186.543
1311,161.516
1312,175.899
1313,185.84
1314,188.771
1315,204.521
1316,192.952
1317,210.425
1318,213.325
1319,241.47
1320,275.485
1321,270.643
1322,278.841
1323,269.536
1324,249.468
1325,244.765
1326,264.7
1327,276.60400000000004
1328,231.424
1329,247.939
1330,259.349
1331,270.607
1332,255.161
1333,243.317
1334,233.904
1335,219.157
1336,214.341
1337,192.639
1338,196.64
1339,227.765
1340,227.919
1341,227.182
1342,237.844
1343,249.466
1344,258.54400000000004
1345,270.875
1346,253.776
1347,242.834
1348,237.987
1349,232.268
1350,249.342
1351,236.346
1352,244.129
1353,243.31
1354,241.927
1355,241.46400000000003
1356,229.378
1357,212.849
1358,209.547
1359,195.499
1360,187.076
1361,193.833
1362,169.628
1363,209.035
1364,221.545
1365,161.351
1366,184.009
1367,198.529
1368,228.794
1369,231.367
1370,219.811
1371,216.898
1372,195.551
1373,190.362
1374,213.21
1375,206.832
1376,234.028
1377,227.746
1378,218.428
1379,232.425
1380,210.843
1381,210.978
1382,191.83
1383,179.17700000000002
1384,185.136
1385,197.672
1386,220.444
1387,225.754
1388,232.914
1389,240.242
1390,212.374
1391,225.028
1392,221.691
1393,196.367
1394,181.004
1395,179.838
1396,169.21900000000002
1397,167.61900000000003
1398,177.945
1399,209.844
1400,225.052
1401,244.627
1402,218.498
1403,204.703
1404,210.735
1405,182.157
1406,166.12
1407,168.085
1408,174.24400000000003
1409,173.655
1410,164.00099999999998
1411,219.122
1412,219.238
1413,196.834
1414,169.75099999999998
1415,195.653
1416,194.742
1417,182.094
1418,181.256
1419,180.065
1420,163.842
1421,152.69899999999998
1422,169.52700000000002
1423,185.268
1424,226.257
1425,235.772
1426,216.094
1427,231.402
1428,235.361
1429,226.162
1430,197.423
1431,205.628
1432,213.31
1433,197.033
1434,209.62
1435,221.093
1436,219.13
1437,218.277
1438,205.24
1439,233.614
1440,246.943
1441,222.3
1442,213.265
1443,190.55
1444,170.44400000000002
1445,166.46099999999998
1446,175.266
1447,187.411
1448,180.177
1449,198.685
1450,185.62
1451,186.937
1452,170.11
1453,178.58
1454,127.201
1455,135.342
1456,134.17700000000002
1457,140.753
1458,128.58100000000002
1459,153.387
1460,162.05700000000002
1461,150.638
1462,138.773
1463,149.93200000000002
1464,143.82399999999998
1465,133.89600000000002
1466,132.045
1467,131.82399999999998
1468,125.24
1469,125.251
1470,118.344
1471,115.229
1472,115.075
1473,115.749
1474,107.898
1475,100.794
1476,103.66
1477,109.07
1478,103.816
1479,91.164
1480,79.138
1481,74.373
1482,91.684
1483,161.80200000000002
1484,184.779
1485,156.565
1486,126.823
1487,141.053
1488,127.714
1489,120.954
1490,121.674
1491,118.197
1492,118.985
1493,114.53
1494,118.935
1495,129.899
1496,139.857
1497,162.55200000000002
1498,171.947
1499,160.434
1500,172.392
1501,166.46599999999998
1502,152.224
1503,141.481
1504,126.205
1505,128.608
1506,143.421
1507,210.206
1508,214.262
1509,168.84400000000002
1510,154.571
1511,151.536
1512,130.484
1513,117.581
1514,114.194
1515,118.143
1516,121.041
1517,123.826
1518,141.3
1519,173.794
1520,233.856
1521,225.59
1522,200.792
1523,185.8
1524,163.121
1525,157.95600000000002
1526,151.89700000000002
1527,153.846
1528,163.884
1529,168.878
1530,189.421
1531,232.451
1532,230.528
1533,202.241
1534,160.63299999999998
1535,157.424
1536,149.85
1537,123.726
1538,126.791
1539,126.522
1540,118.483
1541,120.788
1542,140.313
1543,135.717
1544,165.423
1545,177.389
1546,174.498
1547,151.092
1548,156.55200000000002
1549,162.713
1550,169.826
1551,156.149
1552,131.416
1553,144.52200000000002
1554,192.19
1555,219.557
1556,213.556
1557,202.01
1558,143.56799999999998
1559,150.964
1560,155.05200000000002
1561,144.565
1562,148.58100000000002
1563,129.013
1564,125.147
1565,114.158
1566,125.226
1567,165.602
1568,191.341
1569,169.639
1570,149.089
1571,129.601
1572,135.121
1573,127.429
1574,120.287
1575,112.932
1576,111.146
1577,113.047
1578,132.62
1579,171.442
1580,193.911
1581,171.16099999999997
1582,142.424
1583,135.872
1584,120.302
1585,131.55100000000002
1586,130.243
1587,127.336
1588,127.597
1589,125.259
1590,138.159
1591,166.078
1592,222.543
1593,245.773
1594,235.713
1595,224.069
1596,209.012
1597,175.40099999999998
1598,143.951
1599,134.79399999999998
1600,133.02100000000002
1601,147.138
1602,156.398
1603,206.491
1604,220.241
1605,181.519
1606,161.77100000000002
1607,182.465
1608,162.934
1609,135.607
1610,121.648
1611,117.64
1612,110.353
1613,101.239
1614,107.982
1615,120.372
1616,121.761
1617,123.268
1618,116.363
1619,119.86
1620,121.903
1621,108.087
1622,109.138
1623,104.252
1624,101.809
1625,113.303
1626,119.113
1627,138.643
1628,145.864
1629,132.148
1630,121.269
1631,132.836
1632,115.203
1633,125.128
1634,123.682
1635,121.327
1636,123.262
1637,121.048
1638,118.749
1639,113.884
1640,103.391
1641,105.284
1642,94.006
1643,90.838
1644,82.37
1645,85.006
1646,70.439
1647,76.602
1648,90.359
1649,87.67299999999999
1650,67.816
1651,87.49700000000001
1652,118.916
1653,109.189
1654,100.994
1655,104.582
1656,110.652
1657,111.857
1658,105.033
1659,108.527
1660,104.054
1661,110.31
1662,118.769
1663,143.702
1664,227.22
1665,247.854
1666,229.973
1667,217.889
1668,183.923
1669,161.631
1670,155.36700000000002
1671,147.002
1672,149.519
1673,152.339
1674,186.889
1675,237.463
1676,261.48900000000003
1677,256.54
1678,225.741
1679,227.664
1680,196.731
1681,177.352
1682,186.959
1683,171.768
1684,148.931
1685,130.83
1686,157.94899999999998
1687,196.362
1688,257.247
1689,264.541
1690,255.257
1691,186.664
1692,157.738
1693,143.578
1694,135.94
1695,129.22799999999998
1696,131.609
1697,135.44
1698,150.588
1699,191.176
1700,207.253
1701,157.817
1702,136.284
1703,131.537
1704,120.198
1705,112.805
1706,115.404
1707,120.472
1708,126.566
1709,126.689
1710,132.6
1711,155.64600000000002
1712,181.832
1713,163.083
1714,150.778
1715,135.125
1716,132.38
1717,138.56
1718,149.44899999999998
1719,129.97799999999998
1720,124.146
1721,134.588
1722,148.917
1723,173.265
1724,189.728
1725,179.678
1726,171.59
1727,165.218
1728,152.172
1729,138.014
1730,134.349
1731,126.453
1732,115.507
1733,114.205
1734,130.09
1735,159.114
1736,212.912
1737,200.937
1738,157.737
1739,146.101
1740,138.525
1741,142.377
1742,137.082
1743,134.055
1744,140.843
1745,140.24200000000002
1746,141.035
1747,149.8
1748,175.892
1749,154.363
1750,136.214
1751,142.746
1752,132.22799999999998
1753,118.6
1754,120.985
1755,115.045
1756,105.278
1757,98.735
1758,104.483
1759,132.20600000000002
1760,193.051
1761,199.439
1762,183.61900000000003
1763,187.841
1764,162.512
1765,142.577
1766,114.783
1767,107.299
1768,109.749
1769,110.496
1770,130.04
1771,164.675
1772,162.889
1773,129.96
1774,120.803
1775,119.749
1776,122.146
1777,110.377
1778,109.483
1779,109.53
1780,99.34
1781,97.385
1782,101.277
1783,103.247
1784,100.499
1785,113.794
1786,110.533
1787,111.134
1788,106.229
1789,117.925
1790,99.91
1791,93.076
1792,90.675
1793,83.461
1794,91.043
1795,129.273
1796,162.558
1797,132.859
1798,96.724
1799,114.067
1800,108.47
1801,120.703
1802,119.262
1803,121.065
1804,112.415
1805,112.481
1806,112.777
1807,113.957
1808,111.958
1809,105.275
1810,103.836
1811,99.738
1812,97.774
1813,96.09
1814,96.551
1815,95.235
1816,91.047
1817,93.78
1818,104.169
1819,197.532
1820,235.073
1821,226.268
1822,154.45
1823,162.406
1824,139.109
1825,129.096
1826,130.869
1827,131.91299999999998
1828,129.923
1829,144.476
1830,174.25099999999998
1831,224.925
1832,284.47700000000003
1833,274.428
1834,230.404
1835,220.249
1836,215.962
1837,211.639
1838,225.05900000000003
1839,227.356
1840,226.126
1841,226.533
1842,248.491
1843,265.851
1844,266.845
1845,258.694
1846,264.835
1847,271.476
1848,267.288
1849,242.671
1850,241.672
1851,242.318
1852,245.416
1853,230.232
1854,262.527
1855,279.123
1856,287.89
1857,287.629
1858,286.015
1859,275.35900000000004
1860,283.166
1861,269.742
1862,268.028
1863,241.711
1864,242.667
1865,227.895
1866,207.982
1867,242.513
1868,249.491
1869,249.488
1870,232.834
1871,278.94
1872,297.996
1873,257.473
1874,248.239
1875,240.342
1876,234.236
1877,220.593
1878,259.535
1879,258.993
1880,272.145
1881,256.283
1882,245.648
1883,254.669
1884,246.734
1885,226.655
1886,214.55
1887,198.129
1888,200.424
1889,206.106
1890,205.882
1891,240.007
1892,251.055
1893,248.908
1894,237.14
1895,239.285
1896,272.719
1897,254.799
1898,257.125
1899,251.023
1900,232.606
1901,221.275
1902,253.133
1903,260.05
1904,274.323
1905,273.97
1906,247.01
1907,243.402
1908,228.966
1909,219.661
1910,201.354
1911,185.746
1912,200.199
1913,199.834
1914,215.817
1915,250.474
1916,246.728
1917,253.395
1918,246.553
1919,249.938
1920,266.573
1921,265.978
1922,259.449
1923,257.373
1924,242.804
1925,235.38
1926,261.47
1927,271.378
1928,258.375
1929,248.937
1930,243.23
1931,238.969
1932,219.769
1933,210.678
1934,201.963
1935,187.743
1936,173.86900000000003
1937,173.356
1938,186.679
1939,242.672
1940,253.26
1941,247.425
1942,247.387
1943,259.939
1944,257.945
1945,260.263
1946,259.633
1947,260.094
1948,253.715
1949,246.678
1950,265.319
1951,263.119
1952,262.066
1953,255.752
1954,243.114
1955,221.156
1956,216.98
1957,218.30900000000003
1958,188.32
1959,175.241
1960,177.25799999999998
1961,183.793
1962,188.983
1963,179.505
1964,248.561
1965,203.654
1966,188.174
1967,217.092
1968,240.223
1969,238.221
1970,234.817
1971,221.664
1972,201.322
1973,194.457
1974,196.183
1975,193.221
1976,172.75799999999998
1977,149.976
1978,128.454
1979,103.02
1980,102.899
1981,122.131
1982,87.98299999999999
1983,62.605
1984,76.509
1985,71.834
1986,70.973
1987,117.799
1988,223.356
1989,187.61900000000003
1990,175.71099999999998
1991,191.96400000000003
1992,230.154
1993,203.033
1994,189.276
1995,178.593
1996,158.262
1997,152.9
1998,180.608
1999,199.769
2000,214.846
2001,205.234
2002,152.841
2003,136.516
2004,131.085
2005,133.995
2006,148.85399999999998
2007,144.77100000000002
2008,139.63299999999998
2009,143.197
2010,165.385
2011,196.163
2012,256.531
2013,238.321
2014,178.578
2015,194.253
2016,204.621
2017,222.036
2018,215.368
2019,193.24
2020,184.517
2021,185.357
2022,205.4
2023,225.924
2024,258.483
2025,238.239
2026,228.007
2027,200.774
2028,199.798
2029,191.061
2030,176.282
2031,167.942
2032,162.399
2033,162.433
2034,160.1
2035,189.865
2036,259.563
2037,266.048
2038,214.481
2039,243.64
2040,263.44
2041,240.778
2042,248.458
2043,247.393
2044,221.641
2045,207.545
2046,237.84
2047,262.881
2048,270.738
2049,259.495
2050,227.915
2051,204.145
2052,191.34
2053,179.271
2054,178.2
2055,162.835
2056,162.643
2057,163.827
2058,162.274
2059,213.504
2060,247.555
2061,226.051
2062,217.673
2063,247.344
2064,267.327
2065,253.399
2066,259.915
2067,241.362
2068,237.251
2069,225.419
2070,252.007
2071,225.281
2072,234.782
2073,227.405
2074,217.093
2075,184.123
2076,169.425
2077,155.186
2078,150.259
2079,159.32399999999998
2080,165.90099999999998
2081,168.002
2082,206.886
2083,228.097
2084,241.029
2085,212.125
2086,165.57
2087,156.121
2088,185.99
2089,192.341
2090,202.008
2091,203.606
2092,181.496
2093,161.904
2094,190.396
2095,225.367
2096,250.474
2097,238.46400000000003
2098,212.286
2099,186.178
2100,194.004
2101,188.736
2102,180.02700000000002
2103,176.005
2104,179.398
2105,160.762
2106,189.256
2107,221.111
2108,242.778
2109,222.086
2110,171.234
2111,203.9
2112,235.763
2113,190.862
2114,175.80200000000002
2115,167.201
2116,136.526
2117,139.43
2118,152.055
2119,160.304
2120,149.268
2121,143.395
2122,160.026
2123,165.476
2124,149.214
2125,142.317
2126,129.41
2127,122.191
2128,128.649
2129,125.328
2130,132.55
2131,175.78599999999997
2132,252.153
2133,195.675
2134,137.977
2135,172.13299999999998
2136,181.908
2137,207.435
2138,231.837
2139,224.0765
2140,216.316
2141,171.315
2142,151.001
2143,161.002
2144,159.03799999999998
2145,151.994
2146,116.287
2147,78.667
2148,77.984
2149,90.12
2150,73.263
2151,62.481
2152,66.548
2153,72.01100000000001
2154,73.482
2155,85.681
2156,103.044
2157,145.969
2158,137.559
2159,153.514
2160,151.511
2161,131.499
2162,122.123
2163,122.887
2164,113.202
2165,114.733
2166,146.94
2167,202.118
2168,255.469
2169,262.721
2170,253.651
2171,203.637
2172,174.389
2173,174.6
2174,179.955
2175,162.628
2176,155.516
2177,159.68
2178,152.584
2179,180.979
2180,234.027
2181,228.972
2182,199.437
2183,194.825
2184,183.157
2185,179.713
2186,170.264
2187,159.034
2188,138.148
2189,127.704
2190,150.768
2191,210.03
2192,245.137
2193,265.983
2194,227.175
2195,198.759
2196,192.423
2197,180.07299999999998
2198,178.868
2199,167.956
2200,163.917
2201,151.352
2202,150.64600000000002
2203,180.16
2204,191.801
2205,200.769
2206,208.281
2207,226.452
2208,224.029
2209,218.552
2210,205.58900000000003
2211,194.341
2212,187.373
2213,172.53099999999998
2214,221.328
2215,242.113
2216,245.705
2217,257.75
2218,250.87
2219,244.064
2220,246.61900000000003
2221,235.897
2222,222.219
2223,232.55
2224,236.504
2225,239.064
2226,234.002
2227,252.608
2228,253.989
2229,247.86
2230,244.126
2231,228.899
2232,252.2
2233,234.364
2234,234.56
2235,224.857
2236,211.491
2237,223.647
2238,253.0
2239,250.562
2240,260.191
2241,267.496
2242,270.941
2243,259.672
2244,278.672
2245,286.493
2246,276.408
2247,249.374
2248,244.636
2249,244.254
2250,236.569
2251,243.808
2252,243.091
2253,245.713
2254,248.199
2255,250.718
2256,254.465
2257,246.626
2258,229.081
2259,225.253
2260,207.672
2261,212.799
2262,238.658
2263,270.848
2264,282.439
2265,264.641
2266,249.136
2267,241.82
2268,258.491
2269,252.665
2270,230.666
2271,223.707
2272,213.812
2273,213.069
2274,211.41
2275,232.574
2276,244.888
2277,242.708
2278,221.651
2279,234.635
2280,243.801
2281,243.858
2282,242.268
2283,233.783
2284,208.274
2285,195.837
2286,207.026
2287,227.071
2288,222.653
2289,237.582
2290,239.355
2291,232.636
2292,225.412
2293,212.969
2294,202.01
2295,190.891
2296,194.242
2297,197.93400000000003
2298,197.38
2299,224.563
2300,236.758
2301,225.216
2302,212.523
2303,230.549
2304,230.551
2305,241.174
2306,250.399
2307,244.43400000000003
2308,217.74400000000003
2309,200.738
2310,198.37
2311,202.849
2312,191.223
2313,175.149
2314,157.166
2315,153.116
2316,144.444
2317,139.797
2318,117.162
2319,102.269
2320,93.512
2321,92.341
2322,111.258
2323,160.39700000000002
2324,208.031
2325,230.591
2326,214.226
2327,203.102
2328,229.045
2329,246.516
2330,245.518
2331,244.18
2332,216.034
2333,214.855
2334,214.302
2335,233.849
2336,247.545
2337,249.691
2338,249.546
2339,233.966
2340,226.651
2341,204.359
2342,203.231
2343,200.083
2344,209.243
2345,209.387
2346,198.752
2347,224.712
2348,239.722
2349,224.49400000000003
2350,214.158
2351,223.667
2352,208.274
2353,223.438
2354,232.42
2355,226.835
2356,203.833
2357,201.44
2358,215.33900000000003
2359,262.153
2360,259.105
2361,256.74
2362,263.308
2363,233.993
2364,224.544
2365,212.86
2366,206.138
2367,192.448
2368,190.358
2369,187.875
2370,174.416
2371,176.888
2372,200.752
2373,203.294
2374,188.312
2375,213.603
2376,221.167
2377,231.787
2378,230.977
2379,218.051
2380,192.699
2381,182.582
2382,190.646
2383,226.261
2384,249.266
2385,247.389
2386,233.168
2387,208.052
2388,196.421
2389,197.31
2390,192.823
2391,189.453
2392,198.547
2393,199.315
2394,190.799
2395,203.83
2396,210.535
2397,206.573
2398,212.639
2399,221.705
2400,244.821
2401,230.338
2402,219.1
2403,218.203
2404,195.479
2405,188.944
2406,217.51
2407,262.46
2408,264.397
2409,252.576
2410,249.793
2411,246.987
2412,236.467
2413,232.439
2414,208.873
2415,203.163
2416,199.156
2417,191.403
2418,192.205
2419,211.36900000000003
2420,219.828
2421,224.595
2422,241.778
2423,232.445
2424,237.9
2425,223.855
2426,219.033
2427,207.035
2428,196.745
2429,195.318
2430,218.077
2431,249.222
2432,234.132
2433,233.255
2434,238.785
2435,233.737
2436,231.197
2437,210.392
2438,197.375
2439,181.718
2440,181.399
2441,170.49599999999998
2442,174.365
2443,184.995
2444,192.228
2445,193.905
2446,208.753
2447,235.688
2448,248.891
2449,247.046
2450,249.389
2451,246.269
2452,240.29
2453,238.447
2454,241.375
2455,255.054
2456,251.707
2457,260.832
2458,250.132
2459,191.531
2460,182.406
2461,172.668
2462,177.453
2463,173.882
2464,158.164
2465,158.834
2466,198.442
2467,236.389
2468,256.048
2469,247.942
2470,238.588
2471,237.024
2472,240.56
2473,212.67
2474,215.817
2475,221.435
2476,217.514
2477,231.414
2478,237.499
2479,240.251
2480,226.981
2481,218.344
2482,199.824
2483,174.334
2484,159.045
2485,151.811
2486,143.79399999999998
2487,136.665
2488,131.245
2489,129.24
2490,160.513
2491,205.044
2492,236.047
2493,246.778
2494,247.732
2495,246.492
2496,245.963
2497,213.773
2498,229.168
2499,243.282
2500,245.003
2501,239.826
2502,250.298
2503,251.304
2504,272.575
2505,266.824
2506,263.37
2507,262.41900000000004
2508,244.805
2509,212.11
2510,176.78799999999998
2511,159.82299999999998
2512,168.764
2513,173.037
2514,173.16099999999997
2515,182.914
2516,182.576
2517,189.142
2518,212.04
2519,197.117
2520,202.012
2521,180.635
2522,166.826
2523,180.09400000000002
2524,164.06
2525,168.50599999999997
2526,193.986
2527,201.583
2528,248.287
2529,233.378
2530,218.429
2531,184.913
2532,183.169
2533,169.405
2534,179.638
2535,175.394
2536,185.213
2537,190.663
2538,189.277
2539,175.135
2540,213.915
2541,202.671
2542,226.056
2543,236.815
2544,235.698
2545,203.275
2546,191.677
2547,190.399
2548,181.601
2549,179.31400000000002
2550,198.082
2551,213.825
2552,221.043
2553,212.657
2554,207.333
2555,200.162
2556,201.776
2557,163.661
2558,161.572
2559,159.274
2560,164.638
2561,158.092
2562,161.29399999999998
2563,169.59900000000002
2564,153.782
2565,150.42700000000002
2566,168.95
2567,175.99900000000002
2568,185.724
2569,185.28
2570,169.423
2571,150.06
2572,146.844
2573,142.859
2574,170.187
2575,180.09799999999998
2576,191.597
2577,228.837
2578,201.538
2579,183.649
2580,162.92700000000002
2581,149.314
2582,143.502
2583,130.982
2584,130.415
2585,129.151
2586,135.07399999999998
2587,150.858
2588,171.361
2589,154.976
2590,169.438
2591,170.896
2592,156.922
2593,136.77
2594,123.798
2595,122.265
2596,124.24
2597,118.847
2598,126.242
2599,136.213
2600,144.674
2601,174.628
2602,154.826
2603,146.678
2604,125.416
2605,120.39
2606,115.279
2607,119.666
2608,111.707
2609,100.49
2610,104.908
2611,88.965
2612,100.769
2613,124.523
2614,153.637
2615,159.89600000000002
2616,127.1
2617,96.464
2618,83.887
2619,77.577
2620,74.044
2621,66.389
2622,60.002
2623,51.188
2624,52.231
2625,51.35
2626,53.058
2627,34.303000000000004
2628,67.835
2629,77.555
2630,68.783
2631,58.891000000000005
2632,56.545
2633,46.801
2634,65.60300000000001
2635,84.007
2636,102.153
2637,85.24700000000001
2638,70.79
2639,53.574
2640,46.885
2641,66.222
2642,67.182
2643,61.766000000000005
2644,57.665
2645,63.226000000000006
2646,99.72
2647,105.675
2648,96.895
2649,84.06200000000001
2650,70.58
2651,74.327
2652,65.637
2653,65.339
2654,66.77600000000001
2655,66.388
2656,55.486
2657,77.411
2658,82.15899999999999
2659,111.231
2660,127.997
2661,131.136
2662,108.35
2663,89.04299999999999
2664,57.074
2665,31.82
2666,40.336
2667,56.661
2668,67.316
2669,64.836
2670,55.328
2671,44.56
2672,39.233
2673,49.956
2674,66.058
2675,70.875
2676,71.093
2677,73.5
2678,64.664
2679,76.153
2680,73.233
2681,73.229
2682,72.171
2683,62.526
2684,70.58800000000001
2685,78.938
2686,79.008
2687,81.40100000000001
2688,80.723
2689,76.309
2690,75.732
2691,76.09
2692,71.206
2693,61.426
2694,63.55
2695,49.158
2696,99.518
2697,111.807
2698,101.959
2699,79.918
2700,83.15299999999999
2701,80.316
2702,76.179
2703,75.036
2704,79.645
2705,65.056
2706,100.091
2707,150.83100000000002
2708,197.465
2709,173.048
2710,143.445
2711,128.564
2712,75.36399999999999
2713,54.169
2714,58.928
2715,50.238
2716,37.645
2717,33.909
2718,38.601
2719,112.724
2720,207.919
2721,231.775
2722,191.206
2723,84.39399999999999
2724,51.479
2725,56.674
2726,56.845
2727,47.014
2728,56.045
2729,50.752
2730,102.429
2731,208.233
2732,237.596
2733,189.9
2734,165.981
2735,147.606
2736,111.631
2737,54.722
2738,45.443000000000005
2739,49.407
2740,65.152
2741,52.267
2742,164.146
2743,234.233
2744,229.622
2745,244.91
2746,243.812
2747,191.663
2748,183.136
2749,192.405
2750,137.011
2751,127.879
2752,138.246
2753,162.445
2754,182.346
2755,195.672
2756,215.607
2757,238.857
2758,235.693
2759,242.597
2760,203.602
2761,129.572
2762,70.628
2763,67.455
2764,71.616
2765,77.303
2766,138.739
2767,207.572
2768,260.773
2769,268.475
2770,273.205
2771,267.045
2772,260.295
2773,227.483
2774,176.11700000000002
2775,134.221
2776,106.65
2777,90.562
2778,114.546
2779,137.09
2780,141.30700000000002
2781,141.101
2782,140.863
2783,140.55700000000002
2784,110.075
2785,41.283
2786,28.357
2787,29.18
2788,25.776
2789,20.947
2790,24.991
2791,35.589
2792,45.044
2793,54.988
2794,65.191
2795,73.107
2796,73.845
2797,64.477
2798,63.583
2799,44.84
2800,33.06
2801,26.639
2802,84.711
2803,167.533
2804,176.108
2805,159.745
2806,150.99200000000002
2807,129.36
2808,88.834
2809,52.315
2810,44.42100000000001
2811,17.352
2812,14.654000000000002
2813,31.459
2814,47.398
2815,43.086000000000006
2816,43.235
2817,62.682
2818,92.282
2819,107.749
2820,119.593
2821,113.429
2822,105.337
2823,88.78
2824,83.546
2825,97.825
2826,101.9
2827,89.839
2828,173.861
2829,204.007
2830,235.93400000000003
2831,222.702
2832,128.569
2833,64.215
2834,47.225
2835,44.199
2836,42.236
2837,46.091
2838,78.373
2839,194.161
2840,241.844
2841,253.25
2842,234.478
2843,185.795
2844,159.361
2845,84.01799999999999
2846,77.57600000000001
2847,66.348
2848,75.5
2849,76.38600000000001
2850,96.913
2851,128.36700000000002
2852,196.634
2853,169.357
2854,162.063
2855,122.97
2856,109.157
2857,95.794
2858,72.419
2859,48.903
2860,45.102
2861,45.547
2862,77.10300000000001
2863,201.901
2864,235.774
2865,237.396
2866,239.104
2867,243.807
2868,163.726
2869,79.318
2870,76.811
2871,75.422
2872,65.185
2873,50.195
2874,74.362
2875,186.647
2876,221.404
2877,216.773
2878,205.207
2879,188.84
2880,95.742
2881,47.063
2882,36.28
2883,31.891
2884,32.05
2885,34.196
2886,84.12
2887,92.633
2888,90.987
2889,74.273
2890,78.859
2891,89.479
2892,91.718
2893,83.845
2894,83.836
2895,79.155
2896,78.301
2897,77.217
2898,73.699
2899,71.279
2900,63.781000000000006
2901,53.105
2902,65.512
2903,51.781000000000006
2904,51.465
2905,84.98200000000001
2906,107.173
2907,94.686
2908,80.988
2909,76.934
2910,90.588
2911,88.82700000000001
2912,218.74400000000003
2913,229.614
2914,205.725
2915,169.524
2916,136.847
2917,113.236
2918,130.239
2919,125.262
2920,119.2
2921,85.631
2922,72.131
2923,209.801
2924,228.646
2925,207.512
2926,162.172
2927,86.505
2928,95.723
2929,98.379
2930,95.284
2931,84.006
2932,77.734
2933,65.792
2934,82.662
2935,105.942
2936,227.075
2937,259.415
2938,264.619
2939,252.022
2940,238.427
2941,187.693
2942,141.921
2943,112.541
2944,102.654
2945,84.803
2946,104.867
2947,132.332
2948,198.331
2949,233.682
2950,202.579
2951,174.69
2952,125.717
2953,125.977
2954,116.409
2955,102.78
2956,79.241
2957,77.186
2958,74.34899999999999
2959,69.292
2960,78.098
2961,115.676
2962,74.07300000000001
2963,62.427
2964,61.497
2965,77.525
2966,94.541
2967,79.99
2968,76.741
2969,75.342
2970,75.65899999999999
2971,84.024
2972,76.628
2973,80.025
2974,95.251
2975,128.872
2976,121.214
2977,112.966
2978,107.315
2979,86.28
2980,93.264
2981,92.79
2982,90.5
2983,82.70100000000001
2984,79.671
2985,88.36399999999999
2986,104.021
2987,108.759
2988,105.443
2989,102.475
2990,94.437
2991,89.98299999999999
2992,85.03200000000001
2993,74.867
2994,57.379
2995,68.734
2996,93.391
2997,103.899
2998,130.316
2999,131.1
3000,123.819
3001,141.569
3002,155.608
3003,148.439
3004,125.545
3005,138.091
3006,175.908
3007,204.212
3008,237.469
3009,248.111
3010,244.986
3011,209.622
3012,223.338
3013,200.966
3014,179.965
3015,194.086
3016,152.822
3017,146.97899999999998
3018,168.54
3019,234.726
3020,254.763
3021,246.285
3022,239.025
3023,233.97
3024,226.298
3025,237.731
3026,251.971
3027,230.332
3028,215.082
3029,223.049
3030,215.852
3031,224.402
3032,233.402
3033,221.507
3034,215.268
3035,204.097
3036,201.333
3037,179.06099999999998
3038,190.648
3039,194.143
3040,164.21599999999998
3041,164.31
3042,208.321
3043,224.759
3044,234.978
3045,228.452
3046,228.503
3047,230.1
3048,169.892
3049,167.43599999999998
3050,141.82
3051,131.455
3052,87.324
3053,73.583
3054,93.657
3055,139.026
3056,194.547
3057,189.3
3058,184.571
3059,156.372
3060,148.116
3061,153.145
3062,151.881
3063,134.317
3064,118.725
3065,132.283
3066,139.32
3067,162.509
3068,167.812
3069,146.343
3070,151.31799999999998
3071,177.298
3072,157.016
3073,138.649
3074,122.895
3075,116.812
3076,107.746
3077,92.253
3078,103.861
3079,138.251
3080,161.002
3081,178.90599999999998
3082,199.57
3083,200.394
3084,172.528
3085,159.19899999999998
3086,151.487
3087,140.835
3088,128.70600000000002
3089,128.707
3090,155.921
3091,177.44
3092,204.864
3093,196.168
3094,167.178
3095,167.078
3096,157.43
3097,147.191
3098,137.32299999999998
3099,112.018
3100,93.703
3101,86.898
3102,144.928
3103,161.745
3104,201.443
3105,219.937
3106,212.409
3107,201.502
3108,214.43
3109,208.109
3110,170.14700000000002
3111,157.171
3112,153.45
3113,136.766
3114,144.52
3115,179.435
3116,173.303
3117,182.851
3118,190.31
3119,182.853
3120,176.866
3121,65.365
3122,42.699
3123,33.124
3124,30.601
3125,28.08
3126,27.052
3127,22.414
3128,34.866
3129,44.582
3130,40.288
3131,35.715
3132,46.42100000000001
3133,55.966
3134,61.691
3135,62.244
3136,60.173
3137,61.019
3138,63.258
3139,70.52
3140,65.257
3141,74.074
3142,73.745
3143,121.846
3144,109.636
3145,118.714
3146,102.348
3147,163.46200000000002
3148,190.291
3149,109.48
3150,99.719
3151,104.585
3152,101.591
3153,110.781
3154,98.103
3155,82.295
3156,77.334
3157,89.727
3158,102.31
3159,86.9
3160,77.475
3161,85.46799999999999
3162,60.801
3163,108.737
3164,157.246
3165,176.45
3166,161.209
3167,163.733
3168,140.25799999999998
3169,120.533
3170,123.954
3171,117.479
3172,105.368
3173,95.903
3174,93.708
3175,115.733
3176,203.456
3177,207.563
3178,156.90200000000002
3179,152.403
3180,138.113
3181,119.947
3182,125.92
3183,114.308
3184,110.895
3185,105.516
3186,105.11
3187,123.042
3188,123.373
3189,131.234
3190,121.612
3191,135.81
3192,141.865
3193,141.861
3194,137.195
3195,135.994
3196,135.659
3197,131.766
3198,147.435
3199,172.85299999999998
3200,208.003
3201,220.145
3202,140.01
3203,136.046
3204,123.95
3205,117.628
3206,118.678
3207,120.534
3208,114.627
3209,119.34
3210,127.724
3211,138.405
3212,119.348
3213,157.35399999999998
3214,147.406
3215,141.518
3216,171.239
3217,173.217
3218,174.542
3219,162.304
3220,136.08700000000002
3221,124.002
3222,135.196
3223,120.529
3224,178.234
3225,190.22
3226,144.918
3227,136.702
3228,142.658
3229,150.349
3230,138.975
3231,127.818
3232,106.234
3233,99.796
3234,99.349
3235,102.412
3236,119.357
3237,105.847
3238,98.891
3239,69.973
3240,109.144
3241,111.129
3242,107.099
3243,94.189
3244,96.503
3245,88.74799999999999
3246,104.278
3247,112.177
3248,163.9065
3249,215.636
3250,164.96200000000002
3251,111.174
3252,103.895
3253,85.671
3254,70.161
3255,80.755
3256,84.531
3257,81.809
3258,86.84899999999999
3259,122.628
3260,177.701
3261,175.125
3262,158.512
3263,132.513
3264,124.228
3265,91.146
3266,88.95
3267,75.893
3268,53.22
3269,44.001000000000005
3270,58.499
3271,117.18
3272,182.977
3273,192.591
3274,189.811
3275,167.43900000000002
3276,147.752
3277,133.548
3278,158.41299999999998
3279,153.905
3280,128.908
3281,120.323
3282,105.512
3283,168.167
3284,199.548
3285,192.04
3286,142.893
3287,129.71200000000002
3288,151.029
3289,109.1
3290,106.586
3291,102.787
3292,85.45700000000001
3293,77.65100000000001
3294,87.40899999999999
3295,66.393
3296,70.52600000000001
3297,97.201
3298,107.181
3299,105.676
3300,121.724
3301,139.776
3302,128.404
3303,117.152
3304,111.509
3305,103.186
3306,108.069
3307,103.121
3308,123.749
3309,114.323
3310,139.028
3311,131.246
3312,101.378
3313,117.242
3314,88.296
3315,86.741
3316,57.699
3317,52.804
3318,56.412
3319,33.124
3320,36.877
3321,67.384
3322,46.86
3323,35.329
3324,38.112
3325,61.536
3326,69.005
3327,55.0
3328,25.52
3329,28.799
3330,32.027
3331,60.69
3332,65.531
3333,72.944
3334,91.045
3335,103.516
3336,87.051
3337,75.71300000000001
3338,49.81100000000001
3339,19.646
3340,20.098
3341,44.36600000000001
3342,57.595
3343,109.559
3344,251.395
3345,253.638
3346,250.526
3347,256.553
3348,236.921
3349,244.424
3350,238.577
3351,235.046
3352,234.25
3353,196.819
3354,175.304
3355,180.958
3356,174.15400000000002
3357,118.967
3358,100.838
3359,115.207
3360,113.949
3361,102.179
3362,95.735
3363,96.579
3364,78.697
3365,76.283
3366,84.641
3367,110.01
3368,192.452
3369,239.858
3370,223.986
3371,197.614
3372,162.842
3373,144.246
3374,125.65
3375,104.316
3376,94.192
3377,94.367
3378,108.938
3379,142.36700000000002
3380,155.997
3381,97.848
3382,115.044
3383,121.733
3384,115.993
3385,124.267
3386,110.055
3387,98.031
3388,90.342
3389,87.804
3390,86.645
3391,83.705
3392,149.85299999999998
3393,213.605
3394,197.66
3395,155.847
3396,106.877
3397,99.867
3398,105.355
3399,106.611
3400,110.152
3401,107.023
3402,94.994
3403,119.634
3404,189.037
3405,181.13
3406,168.618
3407,193.085
3408,94.055
3409,51.038
3410,40.751
3411,44.058
3412,43.091
3413,33.271
3414,40.051
3415,111.272
3416,182.308
3417,190.902
3418,106.682
3419,85.58
3420,111.299
3421,97.298
3422,91.563
3423,92.832
3424,93.894
3425,88.042
3426,68.072
3427,177.679
3428,216.543
3429,212.39
3430,187.838
3431,185.485
3432,109.38
3433,56.086000000000006
3434,51.902
3435,53.254
3436,46.167
3437,44.632
3438,51.299
3439,130.093
3440,177.89
3441,199.239
3442,101.916
3443,113.844
3444,119.083
3445,102.3
3446,102.685
3447,102.182
3448,87.84299999999999
3449,79.831
3450,53.395
3451,73.104
3452,122.011
3453,122.742
3454,122.615
3455,116.188
3456,78.319
3457,61.002
3458,42.802
3459,40.584
3460,39.332
3461,39.84
3462,37.472
3463,40.404
3464,43.588
3465,56.063
3466,64.36399999999999
3467,78.181
3468,107.63
3469,77.96
3470,54.052
3471,48.285
3472,48.513000000000005
3473,41.336000000000006
3474,38.909
3475,59.19
3476,85.87
3477,136.39600000000002
3478,152.499
3479,150.312
3480,87.991
3481,43.62
3482,32.325
3483,35.964
3484,40.155
3485,29.226
3486,25.461
3487,28.921
3488,31.245
3489,41.552
3490,24.49
3491,30.925
3492,35.433
3493,46.592
3494,40.736
3495,29.794
3496,17.935
3497,22.729
3498,23.843000000000004
3499,25.434
3500,32.365
3501,33.33
3502,31.743
3503,34.32
3504,31.882
3505,47.992
3506,51.369
3507,41.549
3508,42.607
3509,39.704
3510,37.133
3511,55.682
3512,169.43400000000003
3513,171.55900000000003
3514,189.162
3515,103.163
3516,104.469
3517,101.973
3518,100.27
3519,97.358
3520,99.165
3521,92.504
3522,92.397
3523,160.26
3524,177.28799999999998
3525,154.439
3526,150.187
3527,159.537
3528,69.99
3529,47.56100000000001
3530,42.996
3531,42.935
3532,43.144
3533,49.935
3534,88.34700000000001
3535,174.933
3536,199.942
3537,201.101
3538,202.518
3539,209.416
3540,205.893
3541,167.713
3542,161.054
3543,160.66899999999998
3544,122.053
3545,141.576
3546,148.611
3547,160.766
3548,166.53
3549,155.954
3550,143.184
3551,125.969
3552,75.214
3553,46.462
3554,37.434
3555,35.38
3556,29.067
3557,28.029
3558,37.821
3559,124.496
3560,197.288
3561,228.396
3562,210.766
3563,144.05700000000002
3564,141.175
3565,117.526
3566,102.52
3567,89.93
3568,86.666
3569,95.8
3570,195.004
3571,207.695
3572,205.596
3573,192.16
3574,197.016
3575,133.53
3576,45.746
3577,42.412
3578,64.44
3579,67.475
3580,63.886
3581,59.021
3582,56.902
3583,61.544
3584,65.148
3585,60.414
3586,64.99
3587,72.558
3588,76.618
3589,81.562
3590,84.75399999999999
3591,82.51299999999999
3592,80.915
3593,57.64
3594,49.636
3595,41.592
3596,65.763
3597,89.84
3598,116.718
3599,143.165
3600,83.24600000000001
3601,75.12100000000001
3602,65.535
3603,64.351
3604,55.083
3605,58.446000000000005
3606,48.708
3607,61.615
3608,146.42
3609,189.155
3610,187.805
3611,121.227
3612,99.506
3613,69.718
3614,51.731
3615,58.565
3616,66.236
3617,60.873000000000005
3618,83.971
3619,162.689
3620,169.86
3621,172.793
3622,174.417
3623,211.037
3624,150.484
3625,48.233
3626,26.073
3627,31.346
3628,30.8
3629,34.603
3630,33.348
3631,48.804
3632,54.585
3633,47.468
3634,71.406
3635,86.454
3636,99.362
3637,102.505
3638,80.26100000000001
3639,81.468
3640,78.012
3641,88.925
3642,77.806
3643,79.5
3644,132.88
3645,167.857
3646,156.386
3647,150.778
3648,67.771
3649,45.383
3650,38.737
3651,25.9
3652,24.533
3653,26.566
3654,29.87
3655,31.802
3656,33.438
3657,40.32
3658,61.152
3659,69.02
3660,84.385
3661,103.664
3662,111.184
3663,112.401
3664,106.061
3665,85.148
3666,72.743
3667,131.658
3668,194.545
3669,215.941
3670,233.921
3671,250.837
3672,225.667
3673,100.529
3674,98.408
3675,70.65899999999999
3676,69.195
3677,74.197
3678,97.16
3679,165.859
3680,240.721
3681,261.905
3682,268.134
3683,238.26
3684,234.807
3685,244.811
3686,248.713
3687,233.099
3688,220.022
3689,213.47
3690,233.478
3691,298.089
3692,320.475
3693,315.946
3694,303.552
3695,314.873
3696,244.706
3697,132.474
3698,122.657
3699,107.096
3700,103.007
3701,100.509
3702,110.395
3703,256.474
3704,307.603
3705,292.118
3706,270.192
3707,211.503
3708,213.838
3709,204.458
3710,187.761
3711,191.835
3712,192.936
3713,179.78400000000002
3714,210.138
3715,253.764
3716,265.001
3717,252.268
3718,184.363
3719,177.675
3720,178.075
3721,139.84
3722,132.345
3723,118.128
3724,103.541
3725,94.694
3726,152.289
3727,190.853
3728,305.152
3729,291.738
3730,282.022
3731,262.389
3732,263.569
3733,276.01
3734,277.445
3735,278.88
3736,265.772
3737,252.32
3738,284.646
3739,298.862
3740,292.305
3741,296.65
3742,247.564
3743,195.157
3744,167.593
3745,164.465
3746,133.281
3747,124.501
3748,121.093
3749,108.771
3750,128.828
3751,170.28599999999997
3752,265.098
3753,281.74
3754,286.577
3755,252.713
3756,233.121
3757,216.855
3758,214.221
3759,208.856
3760,199.916
3761,198.566
3762,219.321
3763,239.484
3764,260.248
3765,258.94
3766,256.831
3767,270.783
3768,229.803
3769,220.403
3770,150.81
3771,119.489
3772,113.737
3773,122.272
3774,141.319
3775,224.574
3776,243.092
3777,227.666
3778,209.219
3779,188.026
3780,172.873
3781,147.46200000000002
3782,141.16
3783,135.477
3784,138.628
3785,150.195
3786,160.359
3787,213.652
3788,221.572
3789,189.084
3790,157.296
3791,167.96
3792,151.30700000000002
3793,76.134
3794,85.06700000000001
3795,94.759
3796,93.773
3797,87.116
3798,86.7
3799,87.95299999999999
3800,89.01299999999999
3801,92.673
3802,95.051
3803,90.13
3804,89.001
3805,86.973
3806,90.488
3807,102.044
3808,99.265
3809,99.891
3810,99.287
3811,111.748
3812,140.507
3813,189.803
3814,191.415
3815,230.524
3816,183.38
3817,173.25400000000002
3818,139.389
3819,135.207
3820,122.385
3821,113.105
3822,119.536
3823,120.518
3824,134.658
3825,151.451
3826,170.19799999999998
3827,170.227
3828,171.584
3829,173.81099999999998
3830,172.553
3831,152.625
3832,169.605
3833,196.898
3834,200.877
3835,272.576
3836,296.155
3837,303.673
3838,256.902
3839,242.92
3840,208.739
3841,188.247
3842,162.779
3843,143.47299999999998
3844,110.411
3845,113.483
3846,112.625
3847,118.23
3848,132.511
3849,139.244
3850,135.247
3851,137.471
3852,142.266
3853,139.707
3854,144.439
3855,135.29
3856,124.809
3857,122.813
3858,154.099
3859,224.521
3860,264.986
3861,259.096
3862,237.382
3863,209.375
3864,155.496
3865,148.49
3866,129.629
3867,132.909
3868,121.013
3869,115.504
3870,133.364
3871,210.919
3872,300.949
3873,313.29900000000004
3874,310.85900000000004
3875,298.97
3876,295.238
3877,294.92400000000004
3878,280.901
3879,280.39
3880,269.946
3881,268.278
3882,282.157
3883,295.774
3884,309.62
3885,305.839
3886,291.718
3887,311.14
3888,246.496
3889,183.29
3890,158.023
3891,131.114
3892,117.779
3893,114.526
3894,157.878
3895,239.648
3896,282.589
3897,297.414
3898,291.17900000000003
3899,282.328
3900,282.122
3901,268.42
3902,221.963
3903,239.817
3904,218.319
3905,237.46400000000003
3906,246.864
3907,255.75
3908,292.85
3909,240.577
3910,238.56
3911,230.755
3912,164.972
3913,124.466
3914,106.466
3915,106.338
3916,115.633
3917,111.922
3918,135.641
3919,172.06099999999998
3920,230.95
3921,232.391
3922,145.933
3923,149.785
3924,151.343
3925,149.91
3926,135.875
3927,142.762
3928,145.328
3929,164.446
3930,201.888
3931,247.293
3932,243.162
3933,248.268
3934,230.685
3935,254.882
3936,180.414
3937,141.3
3938,124.789
3939,118.268
3940,116.607
3941,117.064
3942,126.662
3943,215.576
3944,258.641
3945,267.666
3946,272.008
3947,248.659
3948,236.228
3949,214.345
3950,218.371
3951,209.649
3952,211.319
3953,214.053
3954,244.308
3955,257.781
3956,251.276
3957,252.201
3958,237.298
3959,244.573
3960,239.485
3961,176.513
3962,136.578
3963,125.599
3964,84.62700000000001
3965,75.493
3966,70.264
3967,83.62799999999999
3968,123.663
3969,151.42600000000002
3970,163.395
3971,151.474
3972,136.156
3973,137.70600000000002
3974,133.789
3975,126.95
3976,113.251
3977,108.636
3978,111.787
3979,135.071
3980,155.07299999999998
3981,142.887
3982,143.384
3983,172.024
3984,169.898
3985,134.895
3986,109.469
3987,110.744
3988,116.018
3989,113.808
3990,110.316
3991,116.983
3992,119.759
3993,119.783
3994,111.425
3995,143.366
3996,136.708
3997,144.74
3998,138.197
3999,139.406
4000,143.371
4001,146.944
4002,133.718
4003,207.549
4004,253.621
4005,257.546
4006,237.683
4007,230.413
4008,221.391
4009,181.377
4010,135.07
4011,115.498
4012,98.834
4013,90.551
4014,140.19299999999998
4015,207.874
4016,196.062
4017,197.655
4018,183.541
4019,154.724
4020,179.321
4021,179.34599999999998
4022,173.886
4023,185.068
4024,181.18400000000003
4025,177.735
4026,211.343
4027,269.435
4028,243.774
4029,213.33
4030,165.89700000000002
4031,235.336
4032,191.041
4033,161.268
4034,131.02
4035,116.082
4036,114.568
4037,115.364
4038,135.47799999999998
4039,173.312
4040,196.536
4041,245.931
4042,240.273
4043,218.472
4044,228.968
4045,191.907
4046,188.613
4047,188.912
4048,200.04
4049,225.332
4050,243.754
4051,256.94
4052,277.33
4053,261.242
4054,241.946
4055,251.12
4056,209.124
4057,179.085
4058,146.221
4059,154.72
4060,145.615
4061,156.474
4062,169.858
4063,227.542
4064,246.373
4065,271.967
4066,279.934
4067,289.246
4068,279.782
4069,239.236
4070,220.533
4071,252.46400000000003
4072,237.062
4073,244.442
4074,249.576
4075,255.197
4076,260.658
4077,240.167
4078,243.776
4079,264.522
4080,225.639
4081,171.498
4082,165.46400000000003
4083,151.844
4084,134.907
4085,131.558
4086,132.648
4087,154.205
4088,217.816
4089,241.185
4090,245.522
4091,230.651
4092,218.972
4093,229.99
4094,204.57
4095,193.852
4096,188.887
4097,194.296
4098,217.933
4099,269.461
4100,256.839
4101,237.441
4102,252.847
4103,262.531
4104,203.611
4105,187.135
4106,167.828
4107,165.866
4108,153.418
4109,152.293
4110,156.24200000000002
4111,199.906
4112,261.079
4113,259.91200000000003
4114,255.455
4115,240.553
4116,237.353
4117,213.581
4118,207.403
4119,211.177
4120,217.7
4121,209.948
4122,230.404
4123,251.401
4124,262.384
4125,260.932
4126,246.553
4127,237.535
4128,188.678
4129,214.843
4130,165.65200000000002
4131,155.983
4132,139.495
4133,115.372
4134,93.765
4135,128.51
4136,156.864
4137,159.954
4138,146.21
4139,124.947
4140,126.881
4141,113.264
4142,94.465
4143,65.964
4144,58.21
4145,106.65
4146,130.344
4147,172.975
4148,185.46400000000003
4149,188.144
4150,167.593
4151,157.118
4152,125.54
4153,95.817
4154,86.069
4155,66.579
4156,64.29899999999999
4157,57.211000000000006
4158,57.872
4159,47.075
4160,74.773
4161,87.36200000000001
4162,93.479
4163,97.569
4164,50.163
4165,53.391000000000005
4166,39.252
4167,37.143
4168,35.318000000000005
4169,58.074
4170,92.433
4171,135.875
4172,156.692
4173,169.179
4174,160.129
4175,174.465
4176,126.018
4177,91.08
4178,53.619
4179,45.382
4180,47.007
4181,37.514
4182,70.758
4183,126.421
4184,181.662
4185,183.051
4186,182.36
4187,172.44400000000002
4188,200.105
4189,180.354
4190,169.602
4191,161.997
4192,182.124
4193,220.505
4194,236.767
4195,220.663
4196,226.469
4197,199.296
4198,180.603
4199,162.253
4200,142.499
4201,112.998
4202,91.906
4203,78.488
4204,84.51700000000001
4205,104.017
4206,113.971
4207,175.495
4208,229.83900000000003
4209,261.836
4210,264.786
4211,263.422
4212,266.99
4213,260.8
4214,221.296
4215,209.906
4216,217.122
4217,242.224
4218,246.181
4219,257.283
4220,260.485
4221,233.181
4222,229.497
4223,255.056
4224,237.512
4225,192.991
4226,197.297
4227,186.355
4228,191.797
4229,167.903
4230,171.024
4231,227.808
4232,230.712
4233,248.36900000000003
4234,248.927
4235,239.844
4236,227.642
4237,219.399
4238,212.181
4239,201.826
4240,207.697
4241,217.158
4242,212.271
4243,234.717
4244,257.785
4245,243.978
4246,199.112
4247,229.27
4248,187.542
4249,150.916
4250,135.484
4251,129.733
4252,114.7
4253,118.911
4254,132.02100000000002
4255,161.377
4256,190.739
4257,221.37
4258,184.82
4259,177.206
4260,186.645
4261,194.45
4262,170.625
4263,168.498
4264,185.662
4265,194.017
4266,205.334
4267,242.694
4268,249.623
4269,228.62
4270,194.49
4271,228.833
4272,183.694
4273,150.92600000000002
4274,155.54
4275,153.019
4276,126.266
4277,139.125
4278,156.283
4279,172.366
4280,197.341
4281,204.691
4282,199.907
4283,222.862
4284,218.716
4285,178.872
4286,151.506
4287,157.506
4288,153.07399999999998
4289,168.197
4290,210.648
4291,245.29
4292,254.602
4293,237.642
4294,231.754
4295,238.936
4296,194.458
4297,178.565
4298,165.015
4299,151.47
4300,144.07299999999998
4301,146.688
4302,144.339
4303,152.46
4304,160.418
4305,175.61900000000003
4306,168.537
4307,159.061
4308,171.33700000000002
4309,158.791
4310,154.063
4311,160.884
4312,163.855
4313,162.415
4314,173.875
4315,208.557
4316,233.926
4317,241.379
4318,236.014
4319,244.914
4320,184.014
4321,168.82
4322,154.042
4323,110.151
4324,106.732
4325,106.927
4326,99.382
4327,100.117
4328,102.022
4329,130.989
4330,128.35
4331,123.736
4332,124.785
4333,122.54
4334,102.447
4335,90.221
4336,81.80199999999999
4337,83.617
4338,144.493
4339,206.699
4340,222.752
4341,224.634
4342,234.033
4343,238.466
4344,215.868
4345,169.835
4346,140.746
4347,111.657
4348,104.332
4349,104.564
4350,116.184
4351,170.7
4352,196.573
4353,266.291
4354,265.971
4355,265.629
4356,250.066
4357,208.947
4358,166.696
4359,159.095
4360,160.66899999999998
4361,156.079
4362,190.005
4363,247.274
4364,269.069
4365,252.516
4366,198.126
4367,209.529
4368,179.71200000000002
4369,150.314
4370,140.594
4371,115.497
4372,96.937
4373,110.639
4374,119.987
4375,158.116
4376,205.277
4377,241.923
4378,215.023
4379,179.445
4380,179.345
4381,173.361
4382,174.96099999999998
4383,168.857
4384,153.833
4385,149.35299999999998
4386,173.111
4387,247.818
4388,256.529
4389,230.035
4390,182.28
4391,227.639
4392,203.432
4393,136.438
4394,129.79
4395,117.194
4396,114.245
4397,100.246
4398,120.585
4399,158.135
4400,253.924
4401,267.812
4402,241.52
4403,192.209
4404,179.08599999999998
4405,149.583
4406,143.60299999999998
4407,163.268
4408,168.4
4409,164.34
4410,167.567
4411,220.356
4412,253.937
4413,218.315
4414,192.944
4415,216.884
4416,185.313
4417,122.301
4418,114.061
4419,109.38
4420,110.076
4421,122.617
4422,137.126
4423,177.89700000000002
4424,239.588
4425,264.077
4426,214.287
4427,164.155
4428,176.595
4429,170.293
4430,156.269
4431,154.293
4432,157.097
4433,156.171
4434,186.605
4435,252.158
4436,263.064
4437,266.434
4438,254.01
4439,262.81
4440,228.24
4441,118.276
4442,80.608
4443,74.55
4444,71.243
4445,70.139
4446,78.498
4447,181.166
4448,258.43
4449,242.733
4450,243.409
4451,239.315
4452,221.4
4453,127.006
4454,109.462
4455,124.107
4456,131.06
4457,134.717
4458,189.846
4459,235.257
4460,265.922
4461,255.876
4462,239.19
4463,242.313
4464,249.075
4465,238.302
4466,199.901
4467,138.778
4468,112.192
4469,85.103
4470,73.119
4471,72.803
4472,102.174
4473,114.807
4474,122.664
4475,141.512
4476,127.364
4477,115.258
4478,107.969
4479,114.617
4480,131.577
4481,126.892
4482,126.486
4483,186.594
4484,180.292
4485,141.086
4486,137.47899999999998
4487,138.29
4488,115.705
4489,142.69899999999998
4490,71.936
4491,59.31
4492,55.715
4493,44.95
4494,45.818000000000005
4495,43.575
4496,43.795
4497,48.364
4498,74.836
4499,63.891000000000005
4500,101.575
4501,87.925
4502,37.822
4503,32.678000000000004
4504,40.629
4505,38.581
4506,61.595
4507,89.95299999999999
4508,155.781
4509,150.363
4510,175.201
4511,199.932
4512,180.411
4513,144.836
4514,107.397
4515,88.04899999999999
4516,70.501
4517,78.688
4518,87.896
4519,127.36
4520,221.201
4521,231.487
4522,218.727
4523,194.52
4524,186.842
4525,198.242
4526,173.738
4527,172.797
4528,170.354
4529,178.34900000000002
4530,184.677
4531,213.847
4532,229.61
4533,225.396
4534,226.341
4535,232.161
4536,135.013
4537,89.43700000000001
4538,73.47399999999999
4539,67.354
4540,63.277
4541,66.995
4542,75.762
4543,130.041
4544,236.129
4545,231.072
4546,230.789
4547,210.722
4548,197.899
4549,194.227
4550,174.172
4551,153.869
4552,159.673
4553,158.22899999999998
4554,171.218
4555,210.447
4556,213.326
4557,202.941
4558,185.575
4559,209.278
4560,165.226
4561,108.196
4562,92.29
4563,82.569
4564,66.67399999999999
4565,71.40899999999999
4566,88.65
4567,130.102
4568,211.938
4569,219.524
4570,212.407
4571,166.01
4572,162.321
4573,144.961
4574,96.863
4575,97.062
4576,108.158
4577,101.29
4578,172.65599999999998
4579,194.338
4580,206.433
4581,209.38
4582,204.529
4583,198.444
4584,148.135
4585,107.332
4586,100.064
4587,87.006
4588,78.813
4589,69.36399999999999
4590,89.68
4591,154.43
4592,220.96400000000003
4593,236.784
4594,241.034
4595,243.758
4596,241.147
4597,226.959
4598,218.753
4599,225.465
4600,216.708
4601,225.353
4602,208.183
4603,210.796
4604,208.568
4605,199.038
4606,206.181
4607,209.203
4608,152.34799999999998
4609,110.115
4610,99.646
4611,81.92200000000001
4612,77.554
4613,78.232
4614,88.338
4615,147.95
4616,193.736
4617,220.103
4618,216.501
4619,207.522
4620,206.511
4621,195.984
4622,149.951
4623,136.86700000000002
4624,120.578
4625,107.999
4626,110.866
4627,161.685
4628,166.86900000000003
4629,152.035
4630,138.244
4631,168.55900000000003
4632,108.839
4633,107.478
4634,96.768
4635,89.338
4636,70.808
4637,70.818
4638,57.108
4639,69.266
4640,85.874
4641,113.702
4642,103.537
4643,106.027
4644,104.655
4645,98.428
4646,76.512
4647,63.396
4648,62.825
4649,73.098
4650,77.347
4651,77.687
4652,84.25299999999999
4653,87.56
4654,80.583
4655,137.622
4656,76.251
4657,73.654
4658,72.404
4659,52.717
4660,48.82
4661,42.012
4662,37.223
4663,38.088
4664,51.225
4665,61.11600000000001
4666,74.46300000000001
4667,79.345
4668,81.43
4669,82.23
4670,49.763000000000005
4671,45.467
4672,65.99600000000001
4673,64.078
4674,66.405
4675,85.368
4676,127.357
4677,148.69
4678,149.536
4679,164.96900000000002
4680,140.486
4681,125.562
4682,103.938
4683,100.464
4684,101.136
4685,98.418
4686,106.406
4687,134.694
4688,148.185
4689,185.672
4690,193.757
4691,177.96900000000002
4692,147.56799999999998
4693,148.95
4694,125.214
4695,126.816
4696,124.893
4697,117.014
4698,112.774
4699,129.036
4700,150.38
4701,138.046
4702,135.374
4703,140.40200000000002
4704,101.889
4705,89.85600000000001
4706,89.02
4707,74.71300000000001
4708,62.169
4709,56.802
4710,77.295
4711,104.854
4712,145.829
4713,177.28400000000002
4714,160.285
4715,112.392
4716,113.603
4717,112.867
4718,138.727
4719,142.126
4720,127.419
4721,121.486
4722,105.846
4723,171.429
4724,195.395
4725,193.874
4726,188.299
4727,175.442
4728,133.86700000000002
4729,92.543
4730,80.96600000000001
4731,76.984
4732,61.049
4733,76.075
4734,82.52
4735,106.917
4736,157.66899999999998
4737,160.957
4738,164.245
4739,151.035
4740,115.149
4741,95.692
4742,91.355
4743,86.477
4744,96.83
4745,102.356
4746,124.845
4747,184.959
4748,203.891
4749,202.088
4750,186.428
4751,194.78
4752,108.812
4753,84.28200000000001
4754,84.475
4755,85.59299999999999
4756,84.625
4757,82.79299999999999
4758,82.63600000000001
4759,91.354
4760,111.092
4761,168.162
4762,152.475
4763,113.787
4764,95.034
4765,87.469
4766,91.687
4767,106.149
4768,108.976
4769,97.844
4770,101.897
4771,134.803
4772,170.15200000000002
4773,157.533
4774,154.11
4775,186.034
4776,127.56
4777,86.257
4778,87.319
4779,84.616
4780,77.75
4781,80.816
4782,83.463
4783,106.337
4784,186.403
4785,217.634
4786,216.739
4787,214.585
4788,206.859
4789,128.66899999999998
4790,103.969
4791,102.615
4792,105.423
4793,116.517
4794,186.929
4795,206.834
4796,207.203
4797,194.031
4798,191.687
4799,208.414
4800,148.148
4801,102.845
4802,82.054
4803,78.52600000000001
4804,62.349
4805,53.368
4806,44.691
4807,52.177
4808,61.927
4809,54.955
4810,78.947
4811,69.137
4812,81.535
4813,102.913
4814,104.338
4815,99.81
4816,99.193
4817,81.90899999999999
4818,74.94800000000001
4819,98.78
4820,103.704
4821,98.245
4822,96.231
4823,83.26899999999999
4824,80.632
4825,68.53399999999999
4826,78.689
4827,69.768
4828,48.036
4829,53.63
4830,51.29
4831,61.287
4832,52.141000000000005
4833,34.162
4834,41.077
4835,68.538
4836,76.285
4837,91.205
4838,80.087
4839,82.425
4840,75.931
4841,74.585
4842,57.258
4843,71.89
4844,111.13
4845,114.068
4846,126.978
4847,141.591
4848,97.943
4849,85.76
4850,67.65899999999999
4851,63.369
4852,59.195
4853,57.722
4854,71.54
4855,109.82
4856,131.135
4857,182.654
4858,146.05200000000002
4859,112.569
4860,121.586
4861,114.013
4862,127.292
4863,110.396
4864,110.145
4865,124.346
4866,146.317
4867,192.377
4868,220.065
4869,228.5
4870,226.187
4871,210.55
4872,140.64600000000002
4873,99.322
4874,102.563
4875,102.539
4876,90.435
4877,82.361
4878,90.521
4879,142.662
4880,190.782
4881,205.417
4882,191.398
4883,150.763
4884,124.082
4885,115.702
4886,114.956
4887,130.08700000000002
4888,126.884
4889,167.183
4890,207.754
4891,208.626
4892,210.968
4893,208.19
4894,195.942
4895,186.072
4896,173.578
4897,109.909
4898,102.954
4899,93.691
4900,83.17399999999999
4901,82.221
4902,92.703
4903,103.243
4904,184.881
4905,195.446
4906,169.018
4907,153.959
4908,152.822
4909,159.303
4910,182.329
4911,182.779
4912,192.161
4913,201.199
4914,241.268
4915,246.011
4916,249.352
4917,246.191
4918,243.921
4919,233.932
4920,200.706
4921,163.494
4922,139.485
4923,117.432
4924,115.115
4925,100.347
4926,125.678
4927,172.96900000000002
4928,217.326
4929,222.41
4930,216.18400000000003
4931,219.66
4932,232.062
4933,197.782
4934,196.37
4935,178.22099999999998
4936,178.092
4937,227.426
4938,237.819
4939,253.346
4940,248.122
4941,247.54
4942,244.632
4943,229.88
4944,153.62
4945,122.655
4946,99.431
4947,83.18700000000001
4948,92.762
4949,101.726
4950,122.196
4951,178.43099999999998
4952,218.626
4953,226.587
4954,231.14
4955,241.605
4956,239.171
4957,228.789
4958,221.931
4959,203.515
4960,216.627
4961,215.377
4962,231.862
4963,234.847
4964,256.009
4965,238.412
4966,226.459
4967,224.391
4968,202.133
4969,178.94
4970,140.077
4971,120.934
4972,112.361
4973,106.563
4974,116.72
4975,101.24
4976,79.19
4977,144.50799999999998
4978,184.686
4979,123.481
4980,119.546
4981,132.1
4982,118.398
4983,125.247
4984,135.56799999999998
4985,122.079
4986,106.499
4987,126.954
4988,99.588
4989,109.139
4990,129.597
4991,146.60399999999998
4992,78.403
4993,81.34899999999999
4994,78.52
4995,67.343
4996,53.16
4997,51.067
4998,58.285
4999,56.852
5000,44.0
5001,51.881
5002,50.333
5003,43.701
5004,55.729
5005,45.737
5006,40.374
5007,38.627
5008,47.768
5009,49.886
5010,58.135
5011,67.835
5012,96.81
5013,115.508
5014,109.295
5015,118.533
5016,79.697
5017,73.532
5018,47.032
5019,47.123000000000005
5020,45.922
5021,47.891000000000005
5022,61.578
5023,102.79
5024,145.384
5025,148.0215
5026,150.659
5027,91.247
5028,102.753
5029,77.04
5030,87.413
5031,88.55
5032,107.24
5033,97.525
5034,117.16
5035,177.166
5036,161.33
5037,143.637
5038,132.73
5039,141.879
5040,132.744
5041,107.015
5042,97.106
5043,89.896
5044,77.578
5045,75.671
5046,92.684
5047,119.633
5048,133.892
5049,126.87
5050,154.144
5051,179.5
5052,140.082
5053,132.496
5054,114.437
5055,113.721
5056,113.887
5057,139.02100000000002
5058,160.91
5059,174.761
5060,175.28
5061,166.132
5062,168.976
5063,171.43099999999998
5064,125.24
5065,101.24
5066,66.992
5067,52.117
5068,44.04
5069,45.264
5070,52.696000000000005
5071,97.766
5072,144.516
5073,182.23
5074,191.984
5075,198.43400000000003
5076,174.421
5077,152.515
5078,128.944
5079,141.46200000000002
5080,126.061
5081,131.16299999999998
5082,167.132
5083,193.707
5084,190.411
5085,197.578
5086,200.322
5087,194.747
5088,165.675
5089,106.099
5090,85.486
5091,81.846
5092,88.855
5093,87.715
5094,92.872
5095,113.914
5096,183.505
5097,193.01
5098,126.379
5099,134.71200000000002
5100,107.827
5101,118.216
5102,147.688
5103,149.345
5104,147.286
5105,201.676
5106,209.422
5107,231.685
5108,239.786
5109,236.399
5110,230.495
5111,242.847
5112,169.361
5113,154.097
5114,110.595
5115,108.822
5116,108.143
5117,107.366
5118,113.831
5119,143.292
5120,216.024
5121,234.243
5122,225.221
5123,179.388
5124,174.317
5125,178.62099999999998
5126,173.75599999999997
5127,144.968
5128,162.243
5129,159.328
5130,160.036
5131,194.815
5132,206.612
5133,201.307
5134,208.914
5135,203.701
5136,204.733
5137,132.285
5138,83.98899999999999
5139,84.978
5140,77.262
5141,106.854
5142,77.442
5143,74.742
5144,86.76
5145,139.733
5146,124.608
5147,96.48
5148,85.76299999999999
5149,108.93
5150,83.684
5151,76.1
5152,72.452
5153,71.574
5154,88.65700000000001
5155,137.967
5156,205.512
5157,216.806
5158,199.428
5159,195.614
5160,155.088
5161,111.702
5162,93.553
5163,92.586
5164,68.71300000000001
5165,78.35
5166,75.642
5167,73.926
5168,54.86600000000001
5169,72.4
5170,82.042
5171,68.747
5172,80.317
5173,90.628
5174,55.031000000000006
5175,53.821000000000005
5176,57.337
5177,60.499
5178,74.6
5179,113.226
5180,169.895
5181,222.227
5182,225.39
5183,222.562
5184,192.453
5185,114.864
5186,86.67
5187,71.53699999999999
5188,91.982
5189,88.65899999999999
5190,95.161
5191,107.266
5192,164.863
5193,224.779
5194,230.88
5195,223.797
5196,207.926
5197,199.005
5198,171.865
5199,112.284
5200,117.619
5201,121.485
5202,127.327
5203,206.157
5204,224.949
5205,226.546
5206,212.959
5207,213.937
5208,127.567
5209,122.345
5210,106.635
5211,105.832
5212,99.788
5213,98.315
5214,122.017
5215,175.453
5216,190.989
5217,245.806
5218,247.17
5219,231.278
5220,196.648
5221,166.176
5222,144.629
5223,147.033
5224,121.681
5225,128.901
5226,144.844
5227,172.46099999999998
5228,223.046
5229,204.027
5230,200.065
5231,223.023
5232,148.524
5233,99.172
5234,108.644
5235,106.588
5236,95.408
5237,93.168
5238,97.097
5239,111.671
5240,129.612
5241,194.971
5242,220.363
5243,220.41
5244,194.319
5245,144.66299999999998
5246,103.128
5247,96.189
5248,94.45
5249,95.618
5250,99.473
5251,142.25799999999998
5252,196.277
5253,161.116
5254,169.315
5255,168.268
5256,118.76
5257,86.47399999999999
5258,79.596
5259,76.416
5260,74.345
5261,72.33800000000001
5262,80.048
5263,88.84299999999999
5264,132.377
5265,147.428
5266,132.68
5267,116.473
5268,100.404
5269,107.294
5270,116.22
5271,112.285
5272,108.127
5273,85.995
5274,90.198
5275,131.474
5276,201.965
5277,208.93400000000003
5278,214.634
5279,209.682
5280,175.519
5281,114.594
5282,95.278
5283,106.23
5284,102.619
5285,93.924
5286,104.144
5287,62.005
5288,116.592
5289,198.293
5290,202.703
5291,199.731
5292,213.052
5293,223.69
5294,216.885
5295,194.64
5296,193.38
5297,166.347
5298,147.944
5299,140.515
5300,128.891
5301,124.572
5302,137.18
5303,135.566
5304,114.886
5305,93.296
5306,70.59100000000001
5307,52.777
5308,55.23
5309,57.139
5310,55.369
5311,63.146
5312,55.524
5313,69.48
5314,69.124
5315,70.842
5316,82.515
5317,83.42200000000001
5318,84.385
5319,85.88600000000001
5320,87.022
5321,88.859
5322,89.569
5323,76.02199999999999
5324,83.25200000000001
5325,137.255
5326,187.773
5327,191.274
5328,133.69
5329,95.659
5330,93.248
5331,94.942
5332,95.084
5333,90.196
5334,80.751
5335,78.858
5336,83.521
5337,73.465
5338,77.55
5339,69.48100000000001
5340,69.343
5341,87.494
5342,66.47800000000001
5343,66.99
5344,69.317
5345,55.38
5346,67.767
5347,118.636
5348,165.045
5349,151.675
5350,160.226
5351,193.901
5352,169.079
5353,82.20700000000001
5354,59.56
5355,42.075
5356,42.002
5357,47.227
5358,87.236
5359,99.13
5360,145.939
5361,175.155
5362,182.468
5363,185.775
5364,172.084
5365,161.036
5366,141.423
5367,126.523
5368,137.69299999999998
5369,137.005
5370,118.06
5371,135.46200000000002
5372,146.405
5373,126.234
5374,135.351
5375,158.388
5376,130.833
5377,113.22
5378,100.292
5379,97.351
5380,92.655
5381,92.927
5382,96.873
5383,112.566
5384,139.394
5385,170.636
5386,163.565
5387,152.971
5388,142.377
5389,132.97899999999998
5390,127.065
5391,136.912
5392,116.433
5393,124.204
5394,131.719
5395,153.309
5396,161.22899999999998
5397,161.95
5398,163.092
5399,177.57
5400,167.334
5401,136.815
5402,129.709
5403,113.22
5404,121.007
5405,119.057
5406,125.816
5407,129.507
5408,158.143
5409,177.368
5410,162.12
5411,147.874
5412,125.504
5413,120.466
5414,116.323
5415,108.108
5416,104.9
5417,88.26299999999999
5418,84.631
5419,118.036
5420,122.267
5421,98.691
5422,109.681
5423,111.129
5424,95.749
5425,80.304
5426,68.47800000000001
5427,64.142
5428,55.271
5429,58.442
5430,59.24100000000001
5431,70.227
5432,74.658
5433,76.992
5434,84.75
5435,96.858
5436,92.648
5437,110.926
5438,83.376
5439,78.544
5440,77.976
5441,66.357
5442,81.9
5443,106.885
5444,172.733
5445,222.701
5446,236.911
5447,226.015
5448,216.595
5449,178.68
5450,152.491
5451,94.27
5452,77.181
5453,75.722
5454,117.269
5455,167.361
5456,206.315
5457,225.729
5458,225.191
5459,224.73
5460,228.928
5461,227.402
5462,163.84900000000002
5463,117.338
5464,120.693
5465,136.719
5466,169.667
5467,183.034
5468,189.785
5469,197.342
5470,210.329
5471,209.374
5472,206.917
5473,84.34200000000001
5474,71.367
5475,63.18600000000001
5476,55.128
5477,45.136
5478,42.971
5479,63.44
5480,65.135
5481,84.494
5482,107.165
5483,103.677
5484,111.954
5485,109.311
5486,100.296
5487,75.623
5488,76.814
5489,71.27600000000001
5490,68.108
5491,173.263
5492,200.749
5493,195.225
5494,198.997
5495,197.922
5496,164.76
5497,107.144
5498,86.98
5499,76.41
5500,74.90899999999999
5501,73.007
5502,67.544
5503,58.63399999999999
5504,66.014
5505,90.285
5506,90.469
5507,80.32600000000001
5508,60.062
5509,67.562
5510,73.418
5511,73.166
5512,67.671
5513,67.15
5514,70.402
5515,95.349
5516,128.82
5517,146.727
5518,147.35
5519,126.093
5520,117.059
5521,78.13
5522,74.303
5523,75.406
5524,80.579
5525,75.816
5526,59.369
5527,98.311
5528,112.464
5529,194.481
5530,178.87900000000002
5531,180.308
5532,154.738
5533,133.721
5534,124.063
5535,125.475
5536,119.49
5537,122.684
5538,163.968
5539,178.67
5540,191.002
5541,200.797
5542,192.429
5543,190.625
5544,169.08599999999998
5545,138.07
5546,124.308
5547,134.738
5548,115.139
5549,115.584
5550,133.747
5551,136.338
5552,146.968
5553,188.671
5554,199.657
5555,181.641
5556,173.56
5557,168.041
5558,169.945
5559,159.44299999999998
5560,171.142
5561,174.222
5562,163.471
5563,189.284
5564,193.585
5565,189.02
5566,183.368
5567,193.488
5568,163.188
5569,147.298
5570,133.114
5571,105.546
5572,102.013
5573,89.0
5574,114.103
5575,132.423
5576,134.517
5577,183.054
5578,186.037
5579,158.749
5580,155.342
5581,156.31
5582,156.832
5583,140.648
5584,144.358
5585,138.898
5586,172.753
5587,190.659
5588,179.18599999999998
5589,183.236
5590,188.022
5591,187.423
5592,174.03799999999998
5593,160.292
5594,89.89200000000001
5595,67.582
5596,60.346
5597,53.963
5598,70.598
5599,106.082
5600,158.27700000000002
5601,200.438
5602,191.27
5603,166.542
5604,158.974
5605,107.568
5606,102.699
5607,89.455
5608,88.309
5609,110.637
5610,163.164
5611,190.7
5612,185.395
5613,185.187
5614,179.545
5615,171.00799999999998
5616,162.83
5617,143.19
5618,85.411
5619,76.613
5620,65.85600000000001
5621,67.452
5622,94.758
5623,114.651
5624,184.087
5625,210.106
5626,202.676
5627,193.295
5628,193.709
5629,177.607
5630,179.269
5631,181.193
5632,176.924
5633,178.47299999999998
5634,186.005
5635,192.063
5636,191.072
5637,185.174
5638,176.146
5639,172.46200000000002
5640,161.321
5641,150.27700000000002
5642,122.772
5643,120.037
5644,114.444
5645,84.133
5646,85.111
5647,88.905
5648,97.978
5649,102.438
5650,111.559
5651,110.981
5652,80.751
5653,84.444
5654,78.76
5655,84.096
5656,82.09700000000001
5657,73.983
5658,148.385
5659,174.282
5660,165.274
5661,173.761
5662,179.08700000000002
5663,185.343
5664,129.54
5665,96.116
5666,57.749
5667,54.478
5668,51.255
5669,49.776
5670,47.615
5671,52.29
5672,73.432
5673,68.817
5674,85.785
5675,67.278
5676,68.335
5677,67.403
5678,74.324
5679,69.07300000000001
5680,64.666
5681,65.122
5682,82.913
5683,167.445
5684,174.77900000000002
5685,176.27200000000002
5686,184.96400000000003
5687,184.293
5688,166.525
5689,142.211
5690,134.934
5691,111.448
5692,82.557
5693,65.916
5694,111.752
5695,183.487
5696,193.663
5697,202.845
5698,197.253
5699,194.784
5700,191.80900000000003
5701,186.056
5702,192.157
5703,188.984
5704,181.586
5705,195.114
5706,204.584
5707,206.394
5708,207.455
5709,206.683
5710,208.459
5711,202.512
5712,188.971
5713,151.3
5714,125.695
5715,122.663
5716,110.413
5717,102.786
5718,132.52700000000002
5719,198.985
5720,207.658
5721,203.088
5722,202.297
5723,202.225
5724,205.606
5725,211.606
5726,221.654
5727,220.701
5728,226.655
5729,208.775
5730,210.402
5731,212.565
5732,214.477
5733,212.397
5734,212.137
5735,206.08900000000003
5736,124.324
5737,121.403
5738,116.792
5739,103.358
5740,96.704
5741,101.052
5742,103.637
5743,135.685
5744,186.596
5745,200.757
5746,196.107
5747,183.906
5748,188.871
5749,180.047
5750,165.043
5751,162.457
5752,163.148
5753,177.178
5754,192.428
5755,201.327
5756,200.424
5757,202.667
5758,200.781
5759,192.984
5760,126.324
5761,126.605
5762,114.99
5763,107.342
5764,93.924
5765,99.134
5766,112.234
5767,126.551
5768,193.818
5769,197.86900000000003
5770,190.557
5771,191.74400000000003
5772,176.368
5773,143.63
5774,141.309
5775,153.532
5776,143.411
5777,151.119
5778,194.74400000000003
5779,214.209
5780,213.288
5781,210.446
5782,209.565
5783,199.902
5784,191.509
5785,108.931
5786,78.65
5787,70.488
5788,58.122
5789,78.27
5790,92.483
5791,182.268
5792,197.081
5793,200.661
5794,192.961
5795,152.95600000000002
5796,156.52200000000002
5797,164.53900000000002
5798,162.565
5799,162.425
5800,168.762
5801,125.178
5802,158.75799999999998
5803,184.884
5804,183.723
5805,185.378
5806,184.09
5807,184.116
5808,123.685
5809,62.306
5810,81.597
5811,73.115
5812,65.061
5813,74.63600000000001
5814,56.368
5815,50.252
5816,40.765
5817,46.268
5818,62.594
5819,105.431
5820,124.548
5821,132.971
5822,145.11
5823,123.779
5824,128.565
5825,115.933
5826,82.804
5827,84.376
5828,132.438
5829,126.166
5830,75.831
5831,101.274
5832,124.849
5833,120.473
5834,129.287
5835,110.287
5836,104.609
5837,80.78
5838,88.538
5839,90.159
5840,98.749
5841,96.726
5842,93.462
5843,79.232
5844,91.722
5845,96.993
5846,81.38600000000001
5847,95.146
5848,87.34100000000001
5849,74.157
5850,80.033
5851,50.147
5852,79.454
5853,100.162
5854,84.721
5855,60.499
5856,94.127
5857,102.115
5858,93.438
5859,83.728
5860,68.444
5861,54.252
5862,79.939
5863,70.277
5864,170.03799999999998
5865,171.993
5866,176.666
5867,109.511
5868,110.042
5869,124.233
5870,124.876
5871,129.235
5872,123.04
5873,111.814
5874,83.73700000000001
5875,173.78799999999998
5876,192.08900000000003
5877,182.992
5878,176.956
5879,133.629
5880,74.609
5881,115.541
5882,120.597
5883,95.501
5884,76.188
5885,75.442
5886,90.82
5887,122.188
5888,120.581
5889,131.05100000000002
5890,122.422
5891,129.306
5892,130.321
5893,121.661
5894,144.987
5895,150.766
5896,154.852
5897,151.381
5898,113.216
5899,180.473
5900,188.297
5901,188.484
5902,180.534
5903,115.561
5904,81.732
5905,65.583
5906,78.425
5907,73.775
5908,45.539
5909,37.182
5910,57.072
5911,154.035
5912,176.78599999999997
5913,191.284
5914,181.623
5915,130.30100000000002
5916,141.266
5917,121.029
5918,123.361
5919,120.254
5920,120.179
5921,112.56
5922,99.404
5923,136.49
5924,175.58900000000003
5925,165.616
5926,104.992
5927,85.766
5928,86.385
5929,78.687
5930,66.112
5931,72.94
5932,57.632
5933,53.13399999999999
5934,56.073
5935,90.105
5936,143.127
5937,156.716
5938,163.291
5939,146.273
5940,142.279
5941,140.404
5942,131.196
5943,118.492
5944,113.241
5945,112.331
5946,111.323
5947,127.287
5948,143.468
5949,146.065
5950,109.303
5951,111.273
5952,114.718
5953,119.045
5954,78.417
5955,83.285
5956,75.278
5957,70.348
5958,77.487
5959,84.021
5960,122.878
5961,147.606
5962,136.575
5963,116.409
5964,134.741
5965,129.833
5966,107.087
5967,104.691
5968,97.38
5969,100.926
5970,100.068
5971,121.375
5972,178.021
5973,197.211
5974,165.075
5975,154.69899999999998
5976,109.33
5977,112.309
5978,113.761
5979,99.808
5980,97.051
5981,96.59
5982,96.647
5983,89.274
5984,83.105
5985,105.825
5986,128.716
5987,134.704
5988,152.987
5989,106.798
5990,83.574
5991,94.134
5992,75.723
5993,60.978
5994,81.304
5995,128.683
5996,152.667
5997,169.609
5998,130.77
5999,103.117
6000,76.691
6001,100.7
6002,105.84
6003,109.127
6004,99.443
6005,85.039
6006,78.817
6007,98.589
6008,80.097
6009,76.752
6010,65.205
6011,64.105
6012,53.61600000000001
6013,51.764
6014,51.443000000000005
6015,49.398
6016,74.869
6017,53.555
6018,81.377
6019,110.747
6020,149.44299999999998
6021,199.046
6022,182.586
6023,188.753
6024,52.651
6025,60.027
6026,98.403
6027,69.605
6028,61.74
6029,56.409
6030,63.637
6031,160.664
6032,204.813
6033,212.898
6034,219.511
6035,194.112
6036,189.314
6037,161.204
6038,157.808
6039,152.61
6040,137.3
6041,108.257
6042,148.49
6043,173.75799999999998
6044,178.19299999999998
6045,181.198
6046,163.965
6047,93.667
6048,73.976
6049,92.191
6050,82.094
6051,85.42200000000001
6052,74.50399999999999
6053,70.115
6054,79.808
6055,113.623
6056,144.339
6057,161.07399999999998
6058,134.648
6059,115.836
6060,138.035
6061,141.29399999999998
6062,143.764
6063,141.629
6064,132.95
6065,119.473
6066,94.42
6067,125.804
6068,154.454
6069,159.89600000000002
6070,136.6
6071,77.673
6072,100.44
6073,78.071
6074,86.63
6075,97.711
6076,91.717
6077,85.574
6078,93.098
6079,104.954
6080,160.186
6081,168.38099999999997
6082,109.58
6083,135.862
6084,134.369
6085,131.09
6086,135.844
6087,135.615
6088,127.753
6089,123.516
6090,94.378
6091,97.599
6092,103.902
6093,118.024
6094,129.293
6095,139.584
6096,150.847
6097,127.243
6098,121.504
6099,118.44
6100,97.415
6101,95.312
6102,83.83200000000001
6103,159.516
6104,215.222
6105,216.322
6106,202.652
6107,166.77
6108,154.879
6109,161.995
6110,152.483
6111,151.827
6112,145.15
6113,147.18
6114,134.268
6115,167.325
6116,197.67
6117,201.182
6118,166.52200000000002
6119,144.855
6120,127.823
6121,137.458
6122,114.747
6123,109.286
6124,86.97
6125,85.26100000000001
6126,102.024
6127,93.344
6128,178.179
6129,212.51
6130,214.033
6131,195.469
6132,186.804
6133,179.574
6134,159.597
6135,156.078
6136,151.18
6137,137.355
6138,117.585
6139,189.073
6140,219.195
6141,224.936
6142,156.502
6143,131.77200000000002
6144,95.661
6145,123.265
6146,118.269
6147,126.598
6148,114.78
6149,111.307
6150,106.938
6151,98.998
6152,82.655
6153,78.767
6154,93.434
6155,123.382
6156,127.968
6157,150.502
6158,146.286
6159,148.276
6160,134.686
6161,122.094
6162,107.488
6163,155.099
6164,183.016
6165,198.224
6166,174.324
6167,128.572
6168,171.235
6169,139.863
6170,125.903
6171,105.235
6172,90.924
6173,92.615
6174,94.263
6175,97.374
6176,91.603
6177,102.683
6178,108.998
6179,115.605
6180,110.426
6181,120.103
6182,126.497
6183,127.091
6184,118.596
6185,115.994
6186,128.768
6187,111.693
6188,142.715
6189,171.283
6190,119.828
6191,123.587
6192,158.43200000000002
6193,165.078
6194,158.049
6195,147.685
6196,142.898
6197,138.776
6198,144.053
6199,218.86900000000003
6200,243.933
6201,249.654
6202,246.074
6203,250.41
6204,242.479
6205,232.513
6206,230.985
6207,232.001
6208,231.629
6209,236.144
6210,238.937
6211,251.004
6212,252.153
6213,253.903
6214,234.363
6215,218.564
6216,186.118
6217,158.681
6218,161.16
6219,147.799
6220,140.752
6221,140.24200000000002
6222,137.885
6223,170.209
6224,218.927
6225,225.725
6226,229.75
6227,175.162
6228,185.844
6229,167.47299999999998
6230,155.624
6231,150.248
6232,145.547
6233,145.621
6234,157.58
6235,184.956
6236,199.332
6237,201.315
6238,161.291
6239,150.203
6240,142.80700000000002
6241,136.421
6242,128.014
6243,123.957
6244,114.559
6245,115.721
6246,129.32399999999998
6247,146.07
6248,200.782
6249,226.178
6250,219.631
6251,199.757
6252,194.898
6253,198.24400000000003
6254,179.919
6255,162.946
6256,171.755
6257,172.054
6258,190.261
6259,225.358
6260,220.929
6261,221.772
6262,195.197
6263,194.304
6264,209.334
6265,183.68400000000003
6266,174.715
6267,193.057
6268,181.366
6269,133.33700000000002
6270,165.239
6271,189.204
6272,210.211
6273,231.837
6274,205.205
6275,228.575
6276,204.963
6277,210.778
6278,200.965
6279,179.197
6280,192.531
6281,201.228
6282,214.917
6283,215.825
6284,239.656
6285,244.66
6286,209.883
6287,198.166
6288,219.966
6289,214.048
6290,202.856
6291,196.492
6292,188.449
6293,185.519
6294,178.562
6295,166.239
6296,201.658
6297,227.276
6298,186.817
6299,191.757
6300,187.913
6301,180.587
6302,171.842
6303,162.91
6304,167.275
6305,167.12599999999998
6306,161.515
6307,159.727
6308,174.59
6309,157.267
6310,157.291
6311,176.797
6312,197.72
6313,172.92700000000002
6314,155.681
6315,143.834
6316,151.04399999999998
6317,146.13
6318,143.968
6319,157.343
6320,135.409
6321,131.53
6322,131.164
6323,138.868
6324,146.037
6325,149.195
6326,143.389
6327,146.496
6328,144.554
6329,147.243
6330,137.925
6331,136.058
6332,135.91899999999998
6333,151.497
6334,161.447
6335,177.297
6336,173.58700000000002
6337,163.94400000000002
6338,150.846
6339,149.43
6340,134.42600000000002
6341,130.47899999999998
6342,125.127
6343,128.359
6344,107.132
6345,111.038
6346,126.532
6347,118.322
6348,132.463
6349,148.408
6350,129.11
6351,115.714
6352,105.056
6353,102.522
6354,151.484
6355,131.164
6356,128.691
6357,150.464
6358,155.903
6359,176.918
6360,173.17
6361,161.197
6362,148.953
6363,151.286
6364,141.799
6365,132.312
6366,149.624
6367,163.94
6368,159.929
6369,166.581
6370,184.441
6371,188.759
6372,182.898
6373,179.079
6374,171.954
6375,164.562
6376,144.761
6377,137.528
6378,133.782
6379,175.94799999999998
6380,224.118
6381,221.381
6382,135.597
6383,177.68099999999998
6384,151.296
6385,130.045
6386,134.37
6387,144.659
6388,130.625
6389,112.228
6390,137.004
6391,145.694
6392,181.764
6393,175.66099999999997
6394,163.957
6395,162.681
6396,159.17600000000002
6397,131.65200000000002
6398,138.57399999999998
6399,147.825
6400,150.208
6401,159.035
6402,196.912
6403,198.688
6404,241.877
6405,232.758
6406,162.251
6407,164.989
6408,133.201
6409,139.832
6410,149.189
6411,139.817
6412,128.67700000000002
6413,111.084
6414,124.244
6415,164.87
6416,200.665
6417,186.002
6418,193.049
6419,196.778
6420,171.424
6421,169.145
6422,158.976
6423,152.482
6424,145.72799999999998
6425,160.306
6426,180.986
6427,185.442
6428,214.083
6429,220.541
6430,166.761
6431,160.887
6432,168.968
6433,160.468
6434,157.718
6435,145.46200000000002
6436,130.226
6437,131.094
6438,140.827
6439,154.438
6440,175.153
6441,199.962
6442,176.11
6443,150.483
6444,161.423
6445,160.971
6446,171.26
6447,182.268
6448,172.829
6449,176.18400000000003
6450,159.195
6451,155.835
6452,145.782
6453,129.349
6454,154.975
6455,158.363
6456,153.54399999999998
6457,140.825
6458,134.775
6459,133.254
6460,127.221
6461,120.399
6462,133.986
6463,149.034
6464,135.482
6465,171.796
6466,185.48
6467,172.298
6468,142.013
6469,136.007
6470,132.57299999999998
6471,139.808
6472,137.993
6473,141.687
6474,143.304
6475,125.545
6476,142.585
6477,140.946
6478,138.313
6479,129.135
6480,138.87
6481,103.414
6482,85.115
6483,89.38
6484,82.07600000000001
6485,78.084
6486,73.374
6487,77.08800000000001
6488,81.92399999999999
6489,106.519
6490,117.384
6491,106.964
6492,101.856
6493,90.518
6494,86.45
6495,88.12799999999999
6496,90.495
6497,84.904
6498,102.835
6499,127.43
6500,145.51
6501,131.865
6502,121.048
6503,117.666
6504,105.689
6505,93.239
6506,96.68
6507,106.257
6508,92.83
6509,89.635
6510,91.241
6511,87.96
6512,87.333
6513,78.642
6514,70.85
6515,64.038
6516,57.011
6517,81.993
6518,82.5
6519,85.365
6520,78.39699999999999
6521,75.862
6522,82.101
6523,90.622
6524,108.342
6525,110.992
6526,94.348
6527,117.87
6528,110.792
6529,107.447
6530,109.961
6531,104.596
6532,102.299
6533,95.416
6534,96.538
6535,97.368
6536,156.175
6537,170.734
6538,169.261
6539,148.894
6540,141.1
6541,135.649
6542,136.976
6543,129.016
6544,134.435
6545,135.393
6546,159.892
6547,186.21
6548,237.268
6549,194.298
6550,158.716
6551,163.935
6552,150.96200000000002
6553,144.504
6554,139.611
6555,132.714
6556,134.45
6557,125.229
6558,145.936
6559,131.266
6560,188.681
6561,183.666
6562,153.622
6563,173.085
6564,172.243
6565,179.89700000000002
6566,170.675
6567,163.358
6568,155.861
6569,151.411
6570,131.33700000000002
6571,144.892
6572,204.217
6573,192.082
6574,148.138
6575,165.16299999999998
6576,156.537
6577,149.47899999999998
6578,130.14
6579,120.735
6580,114.967
6581,107.732
6582,116.265
6583,133.17600000000002
6584,160.971
6585,169.296
6586,194.969
6587,175.016
6588,162.695
6589,157.555
6590,157.357
6591,151.921
6592,151.986
6593,161.86700000000002
6594,156.186
6595,161.811
6596,206.808
6597,185.243
6598,170.658
6599,161.232
6600,150.428
6601,147.67600000000002
6602,142.077
6603,134.828
6604,130.787
6605,135.333
6606,151.89600000000002
6607,195.734
6608,217.7
6609,230.737
6610,227.029
6611,213.96400000000003
6612,225.672
6613,209.169
6614,199.455
6615,197.152
6616,210.401
6617,209.488
6618,205.518
6619,200.842
6620,228.933
6621,232.682
6622,225.84
6623,195.173
6624,199.104
6625,182.201
6626,179.40099999999998
6627,168.28799999999998
6628,155.31
6629,140.372
6630,140.125
6631,154.115
6632,151.597
6633,174.77900000000002
6634,167.642
6635,170.93099999999998
6636,179.41
6637,166.68599999999998
6638,179.66
6639,174.581
6640,180.752
6641,181.571
6642,170.924
6643,156.07399999999998
6644,189.921
6645,208.784
6646,201.764
6647,186.34
6648,187.016
6649,187.891
6650,182.003
6651,177.21900000000002
6652,157.565
6653,141.43200000000002
6654,146.306
6655,166.991
6656,190.626
6657,207.428
6658,198.526
6659,197.394
6660,201.396
6661,192.985
6662,189.499
6663,187.851
6664,186.594
6665,155.821
6666,134.97
6667,152.149
6668,205.719
6669,207.815
6670,189.126
6671,191.95
6672,191.741
6673,173.759
6674,176.918
6675,162.41899999999998
6676,132.083
6677,120.452
6678,118.586
6679,131.002
6680,129.493
6681,139.74200000000002
6682,141.29399999999998
6683,134.909
6684,142.792
6685,157.993
6686,115.362
6687,103.238
6688,101.713
6689,97.361
6690,130.107
6691,171.355
6692,211.031
6693,212.602
6694,173.90099999999998
6695,188.881
6696,190.521
6697,176.81099999999998
6698,166.804
6699,159.506
6700,164.51
6701,162.81
6702,183.556
6703,173.843
6704,216.818
6705,229.729
6706,206.142
6707,225.182
6708,229.141
6709,213.915
6710,235.541
6711,240.236
6712,215.315
6713,193.024
6714,205.682
6715,220.296
6716,227.692
6717,234.474
6718,236.007
6719,238.257
6720,205.281
6721,198.966
6722,176.29
6723,163.219
6724,129.33700000000002
6725,115.941
6726,145.375
6727,183.266
6728,216.857
6729,253.252
6730,229.897
6731,203.55900000000003
6732,195.552
6733,210.431
6734,217.17
6735,200.05900000000003
6736,193.422
6737,202.59
6738,209.269
6739,248.07
6740,246.125
6741,224.899
6742,206.628
6743,197.142
6744,187.527
6745,178.72299999999998
6746,149.805
6747,144.21
6748,129.036
6749,121.068
6750,151.787
6751,194.648
6752,238.218
6753,254.025
6754,265.754
6755,245.529
6756,213.549
6757,208.233
6758,204.456
6759,203.349
6760,201.291
6761,194.223
6762,195.091
6763,233.373
6764,238.198
6765,221.355
6766,197.938
6767,183.45
6768,171.608
6769,143.44
6770,128.516
6771,117.251
6772,108.728
6773,103.141
6774,115.793
6775,172.48
6776,200.087
6777,214.707
6778,218.608
6779,215.37
6780,203.213
6781,178.468
6782,156.425
6783,143.474
6784,143.064
6785,155.375
6786,171.972
6787,215.249
6788,237.044
6789,221.228
6790,173.355
6791,162.799
6792,140.30200000000002
6793,131.605
6794,119.823
6795,118.263
6796,113.94
6797,106.572
6798,115.941
6799,132.181
6800,187.43
6801,192.475
6802,183.729
6803,172.732
6804,138.85299999999998
6805,130.944
6806,121.282
6807,115.011
6808,113.299
6809,118.14
6810,122.221
6811,144.80100000000002
6812,181.392
6813,143.009
6814,126.341
6815,120.771
6816,125.241
6817,110.515
6818,105.693
6819,110.106
6820,109.258
6821,106.197
6822,99.074
6823,98.525
6824,111.941
6825,118.893
6826,122.895
6827,118.048
6828,119.437
6829,126.698
6830,121.471
6831,121.359
6832,126.874
6833,120.497
6834,125.22
6835,160.61700000000002
6836,204.423
6837,200.958
6838,155.914
6839,169.009
6840,175.426
6841,146.458
6842,133.789
6843,131.683
6844,123.279
6845,131.17600000000002
6846,132.94
6847,126.584
6848,114.916
6849,113.071
6850,89.21
6851,71.785
6852,75.359
6853,76.285
6854,79.485
6855,80.251
6856,72.935
6857,71.92399999999999
6858,91.711
6859,112.457
6860,168.268
6861,156.806
6862,114.452
6863,114.282
6864,128.875
6865,122.683
6866,123.991
6867,119.165
6868,108.145
6869,118.035
6870,132.549
6871,145.40200000000002
6872,163.82
6873,167.352
6874,180.218
6875,159.257
6876,193.751
6877,213.468
6878,207.083
6879,197.811
6880,186.314
6881,144.54
6882,139.351
6883,171.74400000000003
6884,182.732
6885,188.153
6886,192.078
6887,206.847
6888,195.473
6889,187.186
6890,166.271
6891,164.888
6892,147.08100000000002
6893,147.22899999999998
6894,174.84799999999998
6895,163.985
6896,179.47299999999998
6897,182.774
6898,178.795
6899,208.298
6900,202.454
6901,176.009
6902,163.658
6903,162.085
6904,131.9
6905,132.817
6906,163.93200000000002
6907,180.47
6908,187.811
6909,176.482
6910,127.899
6911,166.81799999999998
6912,201.894
6913,191.454
6914,158.91
6915,155.954
6916,141.437
6917,139.084
6918,154.615
6919,139.481
6920,165.03400000000002
6921,199.953
6922,201.861
6923,150.041
6924,154.63299999999998
6925,168.108
6926,165.14
6927,163.109
6928,148.774
6929,141.747
6930,131.72799999999998
6931,158.94
6932,199.133
6933,194.381
6934,194.33
6935,184.892
6936,194.652
6937,187.621
6938,183.18
6939,179.122
6940,166.89700000000002
6941,164.134
6942,193.219
6943,210.699
6944,230.357
6945,224.412
6946,233.834
6947,224.42
6948,222.421
6949,189.788
6950,180.665
6951,183.784
6952,184.295
6953,186.45
6954,189.814
6955,201.629
6956,203.712
6957,190.355
6958,211.468
6959,199.86
6960,188.275
6961,185.195
6962,182.226
6963,177.175
6964,168.125
6965,155.585
6966,158.369
6967,165.921
6968,195.543
6969,194.637
6970,211.401
6971,192.462
6972,180.308
6973,184.28
6974,168.43400000000003
6975,154.33700000000002
6976,147.386
6977,151.27200000000002
6978,170.96
6979,183.023
6980,181.177
6981,184.269
6982,166.81
6983,171.368
6984,166.051
6985,163.08700000000002
6986,152.795
6987,138.22299999999998
6988,129.433
6989,114.451
6990,118.643
6991,133.23
6992,137.00799999999998
6993,154.437
6994,164.476
6995,162.112
6996,164.168
6997,160.168
6998,150.26
6999,154.999
7000,146.175
7001,144.618
7002,145.39600000000002
7003,147.81799999999998
7004,163.374
7005,169.243
7006,171.873
7007,186.404
7008,198.817
7009,176.329
7010,166.168
7011,165.635
7012,141.803
7013,103.999
7014,103.327
7015,94.571
7016,108.175
7017,113.172
7018,132.406
7019,112.794
7020,111.771
7021,130.866
7022,110.158
7023,120.256
7024,117.898
7025,95.9
7026,103.677
7027,113.109
7028,172.364
7029,169.11900000000003
7030,142.555
7031,168.755
7032,173.922
7033,188.749
7034,183.749
7035,179.296
7036,169.547
7037,165.468
7038,174.40599999999998
7039,179.97299999999998
7040,195.277
7041,200.436
7042,189.528
7043,203.871
7044,197.946
7045,193.201
7046,215.517
7047,245.17
7048,219.176
7049,205.965
7050,209.897
7051,217.411
7052,213.332
7053,217.231
7054,199.301
7055,212.635
7056,220.922
7057,245.481
7058,225.849
7059,220.004
7060,203.627
7061,196.33900000000003
7062,200.61
7063,167.886
7064,177.91299999999998
7065,198.33900000000003
7066,186.536
7067,199.458
7068,203.36
7069,180.449
7070,171.805
7071,209.444
7072,214.32
7073,159.86700000000002
7074,159.40200000000002
7075,185.833
7076,190.218
7077,167.097
7078,191.084
7079,202.663
7080,229.364
7081,211.639
7082,182.7
7083,172.332
7084,168.732
7085,160.513
7086,173.947
7087,146.933
7088,160.485
7089,181.778
7090,174.41
7091,161.265
7092,151.49
7093,132.006
7094,142.942
7095,182.104
7096,198.211
7097,186.027
7098,158.91299999999998
7099,185.867
7100,182.628
7101,170.377
7102,183.737
7103,193.281
7104,194.758
7105,184.821
7106,158.94299999999998
7107,148.656
7108,128.798
7109,117.251
7110,134.264
7111,141.509
7112,159.812
7113,187.343
7114,180.197
7115,175.14
7116,170.59799999999998
7117,166.017
7118,157.82299999999998
7119,160.769
7120,145.623
7121,146.68
7122,130.32
7123,181.668
7124,182.534
7125,178.43099999999998
7126,154.618
7127,156.72899999999998
7128,148.438
7129,158.314
7130,147.892
7131,138.504
7132,127.433
7133,119.316
7134,140.811
7135,139.05200000000002
7136,143.961
7137,162.185
7138,142.679
7139,119.59
7140,117.267
7141,113.62
7142,126.502
7143,127.187
7144,130.511
7145,127.702
7146,131.233
7147,179.782
7148,182.325
7149,165.055
7150,154.901
7151,152.009
7152,145.132
7153,132.627
7154,128.351
7155,123.91
7156,124.917
7157,115.818
7158,116.721
7159,113.923
7160,131.52
7161,171.378
7162,162.984
7163,106.914
7164,103.769
7165,96.678
7166,99.966
7167,104.551
7168,101.801
7169,105.51
7170,104.638
7171,147.137
7172,161.954
7173,158.039
7174,129.494
7175,147.988
7176,140.592
7177,139.855
7178,113.284
7179,99.908
7180,95.38
7181,96.366
7182,104.375
7183,111.028
7184,102.687
7185,123.67
7186,119.767
7187,108.835
7188,121.022
7189,126.098
7190,123.804
7191,120.203
7192,102.132
7193,114.707
7194,180.387
7195,221.98
7196,213.443
7197,213.278
7198,185.399
7199,154.049
7200,152.378
7201,150.707
7202,141.28799999999998
7203,145.224
7204,147.64700000000002
7205,156.253
7206,179.054
7207,198.571
7208,241.456
7209,245.654
7210,239.512
7211,241.648
7212,263.61400000000003
7213,236.341
7214,265.407
7215,278.098
7216,262.697
7217,205.467
7218,198.527
7219,196.611
7220,196.822
7221,220.537
7222,255.988
7223,268.98900000000003
7224,270.432
7225,250.807
7226,244.719
7227,215.997
7228,201.138
7229,188.542
7230,194.583
7231,216.896
7232,215.4
7233,213.628
7234,225.458
7235,223.261
7236,237.185
7237,217.748
7238,211.05900000000003
7239,212.366
7240,192.721
7241,170.183
7242,157.986
7243,180.723
7244,184.863
7245,228.901
7246,227.618
7247,254.653
7248,255.529
7249,202.355
7250,192.701
7251,201.065
7252,173.692
7253,160.933
7254,184.187
7255,189.982
7256,159.554
7257,162.047
7258,207.099
7259,229.771
7260,226.173
7261,218.364
7262,222.538
7263,213.051
7264,183.327
7265,170.574
7266,172.08599999999998
7267,191.669
7268,177.71400000000003
7269,203.849
7270,207.237
7271,208.135
7272,212.061
7273,262.289
7274,229.838
7275,210.901
7276,192.626
7277,176.32
7278,215.508
7279,225.315
7280,242.208
7281,248.125
7282,243.153
7283,229.668
7284,229.273
7285,231.699
7286,241.962
7287,244.956
7288,259.584
7289,222.602
7290,154.863
7291,164.649
7292,193.432
7293,223.544
7294,193.357
7295,201.791
7296,204.142
7297,171.33599999999998
7298,173.862
7299,157.989
7300,144.636
7301,131.287
7302,119.963
7303,122.227
7304,107.362
7305,101.159
7306,81.173
7307,70.169
7308,66.015
7309,105.504
7310,87.844
7311,89.462
7312,125.52
7313,112.602
7314,118.946
7315,148.759
7316,153.69799999999998
7317,146.589
7318,154.04399999999998
7319,148.252
7320,143.874
7321,123.226
7322,112.834
7323,103.557
7324,95.198
7325,93.614
7326,88.205
7327,97.531
7328,96.717
7329,98.522
7330,118.646
7331,94.364
7332,87.271
7333,98.008
7334,99.718
7335,92.438
7336,86.113
7337,86.571
7338,80.66
7339,117.76
7340,101.62
7341,103.675
7342,115.281
7343,112.132
7344,117.81
7345,103.181
7346,94.209
7347,86.762
7348,76.04
7349,68.564
7350,65.514
7351,63.882
7352,49.323
7353,46.335
7354,37.519
7355,45.792
7356,168.537
7357,156.031
7358,101.706
7359,99.205
7360,84.65700000000001
7361,102.985
7362,148.043
7363,152.849
7364,132.124
7365,141.222
7366,99.883
7367,82.895
7368,75.759
7369,45.851000000000006
7370,27.588
7371,28.661
7372,31.664
7373,32.548
7374,47.685
7375,110.485
7376,134.661
7377,176.045
7378,163.119
7379,168.43
7380,180.926
7381,140.195
7382,147.768
7383,157.621
7384,147.541
7385,131.279
7386,165.957
7387,171.604
7388,138.303
7389,128.85399999999998
7390,151.233
7391,144.623
7392,162.252
7393,156.494
7394,125.381
7395,97.437
7396,66.069
7397,55.342
7398,104.027
7399,122.014
7400,122.475
7401,166.354
7402,180.707
7403,179.15200000000002
7404,181.879
7405,165.472
7406,164.86
7407,161.08100000000002
7408,156.523
7409,146.572
7410,170.845
7411,172.2
7412,171.079
7413,143.22299999999998
7414,151.334
7415,67.806
7416,87.439
7417,159.847
7418,147.418
7419,130.775
7420,99.994
7421,72.327
7422,101.281
7423,111.435
7424,156.81799999999998
7425,155.748
7426,162.364
7427,152.882
7428,153.678
7429,155.425
7430,157.313
7431,156.635
7432,156.619
7433,168.56099999999998
7434,180.509
7435,191.624
7436,176.649
7437,172.703
7438,141.215
7439,128.812
7440,190.186
7441,211.505
7442,147.037
7443,138.14700000000002
7444,127.845
7445,123.926
7446,152.172
7447,152.205
7448,126.818
7449,153.735
7450,151.787
7451,182.006
7452,197.566
7453,179.726
7454,191.504
7455,200.567
7456,222.211
7457,227.331
7458,231.046
7459,231.906
7460,219.904
7461,227.23
7462,228.893
7463,211.58
7464,203.148
7465,216.828
7466,211.73
7467,213.928
7468,204.322
7469,200.236
7470,223.146
7471,219.018
7472,179.78
7473,190.695
7474,207.602
7475,215.292
7476,192.428
7477,185.246
7478,153.489
7479,162.483
7480,184.477
7481,143.799
7482,173.627
7483,177.606
7484,201.797
7485,207.29
7486,293.11
7487,273.84
7488,231.148
7489,275.117
7490,287.476
7491,277.199
7492,255.74400000000003
7493,257.508
7494,273.001
7495,280.101
7496,275.591
7497,251.537
7498,220.976
7499,213.75
7500,193.922
7501,196.959
7502,205.335
7503,220.69
7504,205.988
7505,179.989
7506,185.071
7507,226.388
7508,242.361
7509,268.22
7510,280.97
7511,297.849
7512,281.138
7513,258.7
7514,270.771
7515,253.417
7516,230.892
7517,211.045
7518,232.632
7519,264.03700000000003
7520,253.947
7521,232.844
7522,218.088
7523,220.537
7524,214.567
7525,219.666
7526,190.795
7527,197.054
7528,154.341
7529,121.678
7530,145.30200000000002
7531,162.776
7532,195.817
7533,231.377
7534,260.638
7535,266.392
7536,282.672
7537,254.93
7538,279.536
7539,253.9545
7540,253.9545
7541,228.373
7542,251.5
7543,211.343
7544,179.43400000000003
7545,219.5
7546,232.002
7547,239.335
7548,221.887
7549,221.304
7550,220.46400000000003
7551,222.766
7552,222.703
7553,221.499
7554,229.915
7555,255.374
7556,244.095
7557,240.689
7558,221.912
7559,202.798
7560,205.753
7561,199.622
7562,200.58900000000003
7563,207.86
7564,205.249
7565,218.426
7566,240.832
7567,233.328
7568,264.696
7569,262.0875
7570,259.47900000000004
7571,254.421
7572,251.608
7573,235.767
7574,252.142
7575,266.956
7576,263.28700000000003
7577,274.223
7578,264.612
7579,263.597
7580,249.185
7581,235.947
7582,229.975
7583,242.812
7584,241.878
7585,235.835
7586,244.752
7587,249.168
7588,253.659
7589,257.518
7590,269.894
7591,263.526
7592,251.052
7593,267.251
7594,261.128
7595,259.981
7596,242.868
7597,227.17
7598,210.018
7599,229.695
7600,277.442
7601,273.246
7602,245.656
7603,245.358
7604,248.329
7605,266.296
7606,280.096
7607,292.8
7608,292.718
7609,313.261
7610,306.342
7611,306.79900000000004
7612,294.641
7613,296.666
7614,310.178
7615,323.52
7616,284.896
7617,294.469
7618,287.672
7619,280.258
7620,265.776
7621,259.216
7622,260.545
7623,263.79400000000004
7624,286.882
7625,275.98900000000003
7626,247.533
7627,222.756
7628,226.754
7629,215.468
7630,207.413
7631,205.314
7632,218.102
7633,210.368
7634,179.01
7635,180.358
7636,191.799
7637,190.685
7638,211.779
7639,205.583
7640,197.766
7641,211.278
7642,211.853
7643,218.159
7644,222.479
7645,238.159
7646,236.696
7647,245.506
7648,265.80400000000003
7649,261.17
7650,252.416
7651,230.818
7652,242.771
7653,241.674
7654,256.863
7655,250.635
7656,251.552
7657,238.228
7658,251.462
7659,257.59
7660,263.275
7661,268.951
7662,270.1
7663,269.779
7664,278.828
7665,294.374
7666,232.819
7667,211.174
7668,208.282
7669,184.974
7670,179.62099999999998
7671,209.233
7672,236.857
7673,236.074
7674,209.968
7675,208.192
7676,194.931
7677,190.79
7678,194.391
7679,201.279
7680,201.169
7681,186.052
7682,193.409
7683,199.767
7684,196.818
7685,188.572
7686,206.592
7687,216.789
7688,244.718
7689,267.41700000000003
7690,276.751
7691,262.04200000000003
7692,255.202
7693,226.272
7694,240.608
7695,261.853
7696,274.347
7697,265.877
7698,273.308
7699,229.653
7700,220.452
7701,224.445
7702,252.439
7703,229.462
7704,225.924
7705,195.006
7706,204.1
7707,213.8835
7708,223.667
7709,266.323
7710,306.487
7711,277.873
7712,246.027
7713,222.54
7714,223.721
7715,221.083
7716,233.419
7717,243.126
7718,250.036
7719,261.244
7720,263.371
7721,261.633
7722,252.765
7723,211.025
7724,208.475
7725,195.765
7726,206.985
7727,150.023
7728,132.542
7729,110.468
7730,117.254
7731,123.768
7732,136.69
7733,145.717
7734,178.675
7735,200.784
7736,219.981
7737,233.998
7738,243.092
7739,247.677
7740,242.191
7741,234.226
7742,241.447
7743,257.55400000000003
7744,274.782
7745,260.209
7746,213.628
7747,222.472
7748,235.231
7749,243.453
7750,278.177
7751,236.532
7752,206.517
7753,237.043
7754,256.996
7755,253.939
7756,269.668
7757,297.744
7758,288.779
7759,276.605
7760,240.693
7761,224.634
7762,233.824
7763,237.985
7764,236.867
7765,234.301
7766,238.26
7767,261.507
7768,273.893
7769,263.763
7770,233.221
7771,225.737
7772,212.296
7773,243.544
7774,254.961
7775,211.545
7776,203.386
7777,219.924
7778,225.673
7779,262.053
7780,287.53
7781,295.117
7782,286.902
7783,233.476
7784,216.11900000000003
7785,195.947
7786,210.376
7787,215.418
7788,218.996
7789,210.118
7790,233.188
7791,255.317
7792,262.625
7793,272.95
7794,275.26
7795,241.751
7796,232.678
7797,248.213
7798,250.122
7799,193.904
7800,211.81
7801,232.853
7802,263.829
7803,287.086
7804,288.995
7805,283.736
7806,291.67900000000003
7807,282.215
7808,273.185
7809,276.927
7810,270.203
7811,258.313
7812,249.747
7813,227.769
7814,261.931
7815,282.002
7816,280.001
7817,274.325
7818,270.533
7819,245.086
7820,256.751
7821,228.222
7822,229.382
7823,216.679
7824,216.788
7825,214.892
7826,196.07
7827,172.19400000000002
7828,157.679
7829,145.654
7830,155.762
7831,166.583
7832,175.139
7833,178.078
7834,156.39600000000002
7835,160.075
7836,146.08700000000002
7837,136.418
7838,164.79
7839,171.71599999999998
7840,181.411
7841,177.02599999999998
7842,205.433
7843,206.487
7844,207.182
7845,168.45
7846,160.072
7847,125.114
7848,127.272
7849,126.729
7850,126.004
7851,130.141
7852,137.388
7853,142.179
7854,147.931
7855,165.614
7856,175.047
7857,188.377
7858,213.716
7859,223.613
7860,207.084
7861,200.514
7862,226.049
7863,217.721
7864,223.752
7865,191.129
7866,156.243
7867,145.153
7868,185.635
7869,209.165
7870,226.215
7871,225.834
7872,238.989
7873,229.676
7874,201.341
7875,179.922
7876,175.28
7877,185.566
7878,242.003
7879,210.113
7880,187.009
7881,198.746
7882,181.21
7883,152.966
7884,158.313
7885,166.94799999999998
7886,163.119
7887,146.412
7888,153.525
7889,183.549
7890,188.696
7891,200.232
7892,202.499
7893,193.832
7894,237.33900000000003
7895,271.23
7896,295.741
7897,279.128
7898,269.951
7899,259.193
7900,247.697
7901,243.591
7902,252.82
7903,295.531
7904,280.377
7905,229.696
7906,233.885
7907,190.652
7908,189.649
7909,179.484
7910,188.613
7911,231.196
7912,221.491
7913,229.011
7914,226.81
7915,245.08900000000003
7916,260.055
7917,272.41700000000003
7918,256.737
7919,239.717
7920,245.819
7921,221.105
7922,206.811
7923,182.93400000000003
7924,161.967
7925,159.454
7926,189.546
7927,221.648
7928,245.092
7929,236.534
7930,229.139
7931,230.086
7932,217.738
7933,212.344
7934,205.96400000000003
7935,203.004
7936,183.813
7937,186.329
7938,192.745
7939,221.448
7940,230.643
7941,199.895
7942,193.126
7943,177.524
7944,175.521
7945,149.72799999999998
7946,125.417
7947,125.642
7948,123.843
7949,123.363
7950,132.251
7951,165.47400000000002
7952,181.613
7953,202.586
7954,197.196
7955,192.456
7956,184.47
7957,174.34
7958,174.5
7959,178.675
7960,168.097
7961,163.917
7962,181.721
7963,189.868
7964,193.391
7965,176.90200000000002
7966,173.37
7967,157.86
7968,146.171
7969,141.64600000000002
7970,141.903
7971,142.39700000000002
7972,147.776
7973,147.12
7974,167.675
7975,201.499
7976,200.008
7977,220.174
7978,203.591
7979,188.476
7980,180.063
7981,177.158
7982,186.262
7983,199.108
7984,224.413
7985,215.021
7986,229.021
7987,228.289
7988,219.562
7989,218.432
7990,238.625
7991,240.696
7992,255.791
7993,270.524
7994,273.193
7995,277.91900000000004
7996,260.039
7997,249.101
7998,264.98400000000004
7999,266.35900000000004
8000,264.874
8001,267.517
8002,270.398
8003,252.551
8004,265.016
8005,275.414
8006,265.262
8007,264.139
8008,224.231
8009,157.924
8010,171.923
8011,231.908
8012,245.759
8013,278.462
8014,305.074
8015,311.48400000000004
8016,312.994
8017,323.394
8018,293.837
8019,282.284
8020,264.81
8021,240.96
8022,263.763
8023,261.353
8024,277.517
8025,297.539
8026,289.945
8027,293.247
8028,272.997
8029,261.805
8030,292.134
8031,309.083
8032,281.601
8033,258.873
8034,261.326
8035,269.158
8036,281.195
8037,311.168
8038,317.096
8039,295.061
8040,295.34
8041,268.866
8042,278.015
8043,255.109
8044,229.945
8045,225.445
8046,281.152
8047,276.283
8048,215.127
8049,228.21
8050,223.428
8051,216.353
8052,233.554
8053,243.177
8054,237.411
8055,257.728
8056,254.191
8057,246.815
8058,229.904
8059,226.275
8060,212.392
8061,241.865
8062,263.657
8063,243.857
8064,269.78
8065,294.972
8066,271.749
8067,284.305
8068,293.237
8069,286.567
8070,308.855
8071,243.297
8072,192.921
8073,213.725
8074,215.799
8075,223.632
8076,240.212
8077,225.213
8078,232.471
8079,263.972
8080,268.896
8081,250.91
8082,224.643
8083,206.81
8084,207.863
8085,178.601
8086,191.041
8087,187.592
8088,202.063
8089,209.24400000000003
8090,220.762
8091,239.483
8092,255.603
8093,265.681
8094,257.22700000000003
8095,207.661
8096,235.824
8097,241.079
8098,249.221
8099,247.676
8100,241.96400000000003
8101,227.67
8102,232.187
8103,261.96
8104,254.111
8105,237.354
8106,219.371
8107,235.877
8108,221.533
8109,233.939
8110,225.651
8111,213.889
8112,216.094
8113,205.011
8114,217.458
8115,240.27
8116,248.463
8117,255.515
8118,264.943
8119,237.14
8120,240.76
8121,265.54
8122,256.131
8123,257.187
8124,232.046
8125,215.912
8126,227.58
8127,235.487
8128,248.375
8129,246.911
8130,243.179
8131,227.67
8132,198.533
8133,191.855
8134,185.336
8135,154.34
8136,138.203
8137,167.602
8138,163.459
8139,156.929
8140,162.25799999999998
8141,170.032
8142,182.29
8143,221.513
8144,231.881
8145,241.71400000000003
8146,216.734
8147,216.61
8148,205.533
8149,181.186
8150,175.938
8151,199.277
8152,207.405
8153,199.324
8154,187.55
8155,186.748
8156,188.455
8157,142.58100000000002
8158,136.36700000000002
8159,131.841
8160,118.823
8161,107.693
8162,106.387
8163,111.624
8164,112.727
8165,112.935
8166,110.253
8167,108.058
8168,107.225
8169,115.742
8170,132.059
8171,126.661
8172,123.108
8173,116.027
8174,130.115
8175,144.341
8176,169.57299999999998
8177,181.958
8178,189.084
8179,189.866
8180,186.867
8181,179.16299999999998
8182,167.855
8183,158.845
8184,130.736
8185,127.214
8186,123.686
8187,122.293
8188,118.429
8189,117.238
8190,122.498
8191,119.596
8192,120.303
8193,111.083
8194,104.002
8195,98.129
8196,102.559
8197,96.277
8198,99.443
8199,98.586
8200,97.389
8201,99.415
8202,114.728
8203,128.19899999999998
8204,128.664
8205,106.744
8206,109.162
8207,108.083
8208,108.157
8209,109.012
8210,108.127
8211,105.203
8212,103.959
8213,106.365
8214,120.929
8215,129.471
8216,154.83
8217,176.245
8218,174.19299999999998
8219,164.366
8220,170.666
8221,171.21
8222,174.646
8223,173.65599999999998
8224,193.128
8225,191.908
8226,233.076
8227,231.95
8228,214.409
8229,186.859
8230,201.88
8231,176.26
8232,168.93900000000002
8233,142.092
8234,138.043
8235,139.299
8236,148.18200000000002
8237,175.924
8238,208.706
8239,268.98400000000004
8240,264.802
8241,258.30400000000003
8242,268.191
8243,247.658
8244,241.974
8245,258.071
8246,251.021
8247,238.33900000000003
8248,249.374
8249,260.682
8250,269.057
8251,253.01
8252,237.939
8253,217.218
8254,185.992
8255,185.787
8256,158.356
8257,156.891
8258,146.114
8259,149.869
8260,159.586
8261,173.597
8262,183.46
8263,229.313
8264,259.753
8265,265.208
8266,266.47
8267,252.895
8268,271.769
8269,268.597
8270,260.318
8271,264.053
8272,250.548
8273,230.082
8274,247.588
8275,264.198
8276,243.949
8277,256.215
8278,261.272
8279,247.146
8280,262.249
8281,259.618
8282,250.186
8283,248.982
8284,231.484
8285,220.17
8286,222.984
8287,245.897
8288,260.753
8289,248.812
8290,256.262
8291,250.676
8292,227.534
8293,215.534
8294,204.74400000000003
8295,211.79
8296,208.549
8297,224.067
8298,248.845
8299,249.17
8300,210.232
8301,199.942
8302,183.907
8303,169.22400000000002
8304,176.83
8305,159.33100000000002
8306,151.631
8307,146.631
8308,124.388
8309,114.369
8310,148.974
8311,187.652
8312,213.125
8313,207.285
8314,203.015
8315,222.954
8316,222.668
8317,197.417
8318,204.33
8319,222.617
8320,197.159
8321,201.842
8322,236.71400000000003
8323,229.268
8324,213.03
8325,176.646
8326,173.425
8327,172.19400000000002
8328,178.265
8329,158.188
8330,121.017
8331,108.589
8332,86.137
8333,77.51100000000001
8334,79.109
8335,77.369
8336,106.139
8337,112.561
8338,96.621
8339,93.586
8340,84.853
8341,84.404
8342,91.369
8343,90.836
8344,84.195
8345,92.068
8346,105.285
8347,108.878
8348,95.281
8349,93.563
8350,103.388
8351,106.892
8352,104.017
8353,110.135
8354,120.788
8355,118.08
8356,106.229
8357,106.311
8358,112.868
8359,115.981
8360,114.512
8361,109.643
8362,110.203
8363,106.153
8364,110.536
8365,112.54
8366,112.992
8367,120.7
8368,104.084
8369,109.137
8370,136.148
8371,146.226
8372,144.951
8373,149.349
8374,147.74200000000002
8375,159.77700000000002
8376,161.249
8377,161.892
8378,167.305
8379,170.69099999999997
8380,159.721
8381,163.94400000000002
8382,158.814
8383,181.623
8384,234.638
8385,258.712
8386,244.001
8387,249.545
8388,244.555
8389,241.989
8390,248.297
8391,239.267
8392,250.866
8393,230.553
8394,228.041
8395,233.865
8396,245.673
8397,236.17
8398,222.685
8399,202.305
8400,221.91
8401,163.756
8402,161.77700000000002
8403,172.049
8404,154.885
8405,151.031
8406,135.326
8407,203.454
8408,240.771
8409,233.863
8410,235.021
8411,233.437
8412,207.128
8413,188.885
8414,195.616
8415,205.807
8416,207.825
8417,208.341
8418,231.513
8419,208.283
8420,183.437
8421,189.71400000000003
8422,183.487
8423,158.482
8424,146.856
8425,127.351
8426,121.646
8427,127.124
8428,127.503
8429,132.67
8430,138.204
8431,170.86700000000002
8432,216.635
8433,236.212
8434,203.836
8435,222.775
8436,210.947
8437,182.492
8438,171.796
8439,164.808
8440,161.267
8441,148.605
8442,167.97799999999998
8443,178.708
8444,192.562
8445,162.095
8446,160.482
8447,138.591
8448,129.716
8449,91.323
8450,79.188
8451,78.531
8452,77.369
8453,75.28
8454,79.60600000000001
8455,92.229
8456,138.334
8457,161.196
8458,148.542
8459,134.489
8460,124.033
8461,126.014
8462,121.04
8463,119.021
8464,125.354
8465,135.558
8466,163.129
8467,174.78099999999998
8468,164.68599999999998
8469,124.222
8470,117.811
8471,88.42
8472,88.079
8473,80.253
8474,79.483
8475,86.589
8476,76.851
8477,77.847
8478,80.54
8479,105.525
8480,127.488
8481,121.177
8482,116.277
8483,110.202
8484,116.782
8485,113.416
8486,112.263
8487,106.911
8488,102.241
8489,102.828
8490,143.937
8491,148.065
8492,136.642
8493,125.782
8494,98.323
8495,100.808
8496,94.717
8497,79.13
8498,77.971
8499,79.041
8500,86.095
8501,74.322
8502,68.086
8503,86.554
8504,98.875
8505,90.595
8506,97.54
8507,89.575
8508,70.518
8509,54.74100000000001
8510,37.906
8511,30.342
8512,47.538
8513,97.8
8514,98.022
8515,98.869
8516,90.848
8517,91.588
8518,83.741
8519,76.773
8520,48.736
8521,56.099
8522,54.291
8523,51.475
8524,59.838
8525,53.899
8526,42.698
8527,54.9
8528,52.896
8529,54.879
8530,56.776
8531,52.968
8532,58.308
8533,66.05
8534,43.39
8535,41.771
8536,56.256
8537,103.406
8538,108.737
8539,89.92299999999999
8540,93.185
8541,93.204
8542,82.56
8543,51.389
8544,56.499
8545,45.452
8546,57.435
8547,63.566
8548,74.857
8549,75.81
8550,72.793
8551,75.63600000000001
8552,85.70200000000001
8553,115.066
8554,122.556
8555,105.327
8556,89.984
8557,81.979
8558,79.711
8559,83.46799999999999
8560,99.428
8561,105.102
8562,140.968
8563,166.854
8564,153.64700000000002
8565,114.547
8566,99.531
8567,88.791
8568,85.28
8569,93.611
8570,92.766
8571,87.068
8572,83.626
8573,77.07
8574,76.633
8575,84.12200000000001
8576,84.04799999999999
8577,80.465
8578,99.662
8579,91.816
8580,90.366
8581,78.306
8582,64.33800000000001
8583,86.03
8584,94.489
8585,98.15
8586,114.45
8587,110.359
8588,99.149
8589,85.92
8590,77.209
8591,70.62899999999999
8592,65.322
8593,43.277
8594,56.679
8595,52.382
8596,40.398
8597,51.444
8598,49.717
8599,37.109
8600,40.133
8601,32.124
8602,27.281
8603,53.525
8604,61.441
8605,83.85
8606,99.257
8607,90.256
8608,53.228
8609,31.996
8610,33.092
8611,28.963
8612,29.448
8613,31.521
8614,31.059
8615,34.827
8616,42.822
8617,37.433
8618,44.428
8619,60.895
8620,73.363
8621,74.92399999999999
8622,72.469
8623,38.559
8624,34.09
8625,30.001
8626,34.125
8627,62.709
8628,69.37100000000001
8629,81.947
8630,79.881
8631,64.642
8632,47.401
8633,64.86399999999999
8634,112.004
8635,114.624
8636,55.4
8637,45.988
8638,37.554
8639,33.763000000000005
8640,36.587
8641,32.814
8642,28.005
8643,37.489
8644,34.939
8645,32.163000000000004
8646,41.011
8647,73.919
8648,86.535
8649,81.892
8650,101.633
8651,90.365
8652,69.96
8653,67.426
8654,64.658
8655,87.53399999999999
8656,112.278
8657,138.284
8658,168.574
8659,149.105
8660,117.181
8661,85.31200000000001
8662,91.531
8663,69.884
8664,75.508
8665,36.865
8666,35.227
8667,37.146
8668,48.842
8669,53.637
8670,38.177
8671,78.298
8672,94.353
8673,146.721
8674,124.362
8675,111.754
8676,80.718
8677,73.76
8678,78.199
8679,75.031
8680,77.09899999999999
8681,103.557
8682,141.506
8683,198.654
8684,189.64
8685,144.366
8686,143.929
8687,157.704
8688,146.895
8689,154.338
8690,171.06599999999997
8691,174.313
8692,167.088
8693,170.53099999999998
8694,167.815
8695,146.349
8696,130.567
8697,142.306
8698,129.292
8699,109.52
8700,112.334
8701,121.645
8702,127.674
8703,102.258
8704,114.49
8705,123.586
8706,162.29399999999998
8707,228.499
8708,233.51
8709,227.169
8710,207.432
8711,201.15
8712,199.226
8713,172.554
8714,167.984
8715,178.24599999999998
8716,172.208
8717,164.544
8718,163.377
8719,179.479
8720,209.382
8721,217.924
8722,204.286
8723,185.233
8724,183.488
8725,172.924
8726,183.666
8727,191.16
8728,190.213
8729,195.596
8730,229.076
8731,247.386
8732,233.129
8733,224.467
8734,204.525
8735,220.211
8736,200.126
8737,187.928
8738,165.292
8739,158.819
8740,150.95
8741,154.866
8742,158.355
8743,188.145
8744,219.825
8745,249.536
8746,239.805
8747,227.918
8748,216.6
8749,210.999
8750,204.284
8751,191.449
8752,180.633
8753,196.787
8754,220.855
8755,230.343
8756,233.825
8757,226.876
8758,224.646
8759,215.801
8760,216.539
