HourOfYear,electricity_demand
1,417.05471499169
2,417.05471499169
3,417.05471499169
4,417.05471499169
5,417.05471499169
6,417.05471499169
7,447.7989184423935
8,450.0246688423935
9,450.0246688423935
10,450.0246688423935
11,450.0246688423935
12,450.0246688423935
13,450.0246688423935
14,450.0246688423935
15,450.0246688423935
16,450.0246688423935
17,450.0246688423935
18,450.0246688423935
19,450.0246688423935
20,435.4540952587698
21,433.22834485876984
22,433.22834485876984
23,417.05471499169
24,417.05471499169
25,417.05471499169
26,417.05471499169
27,417.05471499169
28,417.05471499169
29,417.05471499169
30,417.05471499169
31,447.7989184423935
32,450.0246688423935
33,450.0246688423935
34,450.0246688423935
35,450.0246688423935
36,450.0246688423935
37,450.0246688423935
38,450.0246688423935
39,450.0246688423935
40,450.0246688423935
41,450.0246688423935
42,450.0246688423935
43,450.0246688423935
44,435.4540952587698
45,433.22834485876984
46,433.22834485876984
47,417.05471499169
48,417.05471499169
49,417.05471499169
50,417.05471499169
51,417.05471499169
52,417.05471499169
53,417.05471499169
54,417.05471499169
55,447.7989184423935
56,450.0246688423935
57,450.0246688423935
58,450.0246688423935
59,450.0246688423935
60,450.0246688423935
61,450.0246688423935
62,450.0246688423935
63,450.0246688423935
64,450.0246688423935
65,450.0246688423935
66,450.0246688423935
67,450.0246688423935
68,435.4540952587698
69,433.22834485876984
70,433.22834485876984
71,417.05471499169
72,417.05471499169
73,417.05471499169
74,417.05471499169
75,417.05471499169
76,417.05471499169
77,417.05471499169
78,417.05471499169
79,447.7989184423935
80,450.0246688423935
81,450.0246688423935
82,450.0246688423935
83,450.0246688423935
84,450.0246688423935
85,450.0246688423935
86,450.0246688423935
87,450.0246688423935
88,450.0246688423935
89,450.0246688423935
90,450.0246688423935
91,450.0246688423935
92,435.4540952587698
93,433.22834485876984
94,433.22834485876984
95,417.05471499169
96,417.05471499169
97,417.05471499169
98,417.05471499169
99,417.05471499169
100,417.05471499169
101,417.05471499169
102,417.05471499169
103,447.7989184423935
104,450.0246688423935
105,450.0246688423935
106,450.0246688423935
107,450.0246688423935
108,450.0246688423935
109,450.0246688423935
110,450.0246688423935
111,450.0246688423935
112,450.0246688423935
113,450.0246688423935
114,450.0246688423935
115,450.0246688423935
116,435.4540952587698
117,433.22834485876984
118,433.22834485876984
119,417.05471499169
120,417.05471499169
121,417.05471499169
122,417.05471499169
123,417.05471499169
124,417.05471499169
125,417.05471499169
126,417.05471499169
127,447.7989184423935
128,450.0246688423935
129,450.0246688423935
130,450.0246688423935
131,450.0246688423935
132,450.0246688423935
133,450.0246688423935
134,450.0246688423935
135,450.0246688423935
136,450.0246688423935
137,450.0246688423935
138,450.0246688423935
139,450.0246688423935
140,435.4540952587698
141,433.22834485876984
142,433.22834485876984
143,417.05471499169
144,417.05471499169
145,417.05471499169
146,417.05471499169
147,417.05471499169
148,417.05471499169
149,417.05471499169
150,417.05471499169
151,447.7989184423935
152,450.0246688423935
153,450.0246688423935
154,450.0246688423935
155,450.0246688423935
156,450.0246688423935
157,450.0246688423935
158,450.0246688423935
159,450.0246688423935
160,450.0246688423935
161,450.0246688423935
162,450.0246688423935
163,450.0246688423935
164,435.4540952587698
165,433.22834485876984
166,433.22834485876984
167,417.05471499169
168,417.05471499169
169,417.05471499169
170,417.05471499169
171,417.05471499169
172,417.05471499169
173,417.05471499169
174,417.05471499169
175,447.7989184423935
176,450.0246688423935
177,450.0246688423935
178,450.0246688423935
179,450.0246688423935
180,450.0246688423935
181,450.0246688423935
182,450.0246688423935
183,450.0246688423935
184,450.0246688423935
185,450.0246688423935
186,450.0246688423935
187,450.0246688423935
188,435.4540952587698
189,433.22834485876984
190,433.22834485876984
191,417.05471499169
192,417.05471499169
193,429.40762971169
194,432.74625531169
195,432.74625531169
196,432.74625531169
197,432.74625531169
198,432.74625531169
199,463.4904587623935
200,547.0603180871616
201,571.1871424248817
202,595.4703892871617
203,618.8407684871618
204,595.4703892871617
205,445.0148219763217
206,572.1000100871618
207,618.8407684871618
208,595.4703892871617
209,592.1317636871618
210,547.0603180871616
211,465.7162091623935
212,451.1456355787698
213,448.91988517876985
214,448.91988517876985
215,432.74625531169
216,432.74625531169
217,417.05471499169
218,417.05471499169
219,417.05471499169
220,417.05471499169
221,417.05471499169
222,417.05471499169
223,447.7989184423935
224,450.0246688423935
225,450.0246688423935
226,450.0246688423935
227,450.0246688423935
228,450.0246688423935
229,450.0246688423935
230,450.0246688423935
231,450.0246688423935
232,450.0246688423935
233,450.0246688423935
234,450.0246688423935
235,450.0246688423935
236,435.4540952587698
237,433.22834485876984
238,433.22834485876984
239,417.05471499169
240,417.05471499169
241,417.05471499169
242,417.05471499169
243,417.05471499169
244,417.05471499169
245,417.05471499169
246,417.05471499169
247,447.7989184423935
248,450.0246688423935
249,450.0246688423935
250,450.0246688423935
251,450.0246688423935
252,450.0246688423935
253,450.0246688423935
254,450.0246688423935
255,450.0246688423935
256,450.0246688423935
257,450.0246688423935
258,450.0246688423935
259,450.0246688423935
260,435.4540952587698
261,433.22834485876984
262,433.22834485876984
263,417.05471499169
264,417.05471499169
265,417.05471499169
266,417.05471499169
267,417.05471499169
268,417.05471499169
269,417.05471499169
270,417.05471499169
271,447.7989184423935
272,450.0246688423935
273,450.0246688423935
274,450.0246688423935
275,450.0246688423935
276,450.0246688423935
277,450.0246688423935
278,450.0246688423935
279,450.0246688423935
280,450.0246688423935
281,450.0246688423935
282,450.0246688423935
283,450.0246688423935
284,435.4540952587698
285,433.22834485876984
286,433.22834485876984
287,417.05471499169
288,417.05471499169
289,417.05471499169
290,417.05471499169
291,417.05471499169
292,417.05471499169
293,417.05471499169
294,417.05471499169
295,447.7989184423935
296,450.0246688423935
297,450.0246688423935
298,450.0246688423935
299,450.0246688423935
300,450.0246688423935
301,450.0246688423935
302,450.0246688423935
303,450.0246688423935
304,450.0246688423935
305,450.0246688423935
306,450.0246688423935
307,450.0246688423935
308,435.4540952587698
309,433.22834485876984
310,433.22834485876984
311,417.05471499169
312,417.05471499169
313,417.05471499169
314,417.05471499169
315,417.05471499169
316,417.05471499169
317,417.05471499169
318,417.05471499169
319,447.7989184423935
320,450.0246688423935
321,450.0246688423935
322,450.0246688423935
323,450.0246688423935
324,450.0246688423935
325,450.0246688423935
326,450.0246688423935
327,450.0246688423935
328,450.0246688423935
329,450.0246688423935
330,450.0246688423935
331,450.0246688423935
332,435.4540952587698
333,433.22834485876984
334,433.22834485876984
335,417.05471499169
336,417.05471499169
337,430.74307995169
338,201.52519039569
339,322.37428133167
340,328.02354792933
341,338.60912267427
342,382.48064847642996
343,464.8259090023935
344,557.76215608722
345,169.02925688503
346,585.55346969432
347,249.01319115361008
348,505.85521241205004
349,441.14363970682996
350,169.01869899652
351,250.6528776832601
352,441.09811644872
353,262.10545772732
354,144.23440479342
355,467.0516594023935
356,452.4810858187698
357,88.2891213125998
358,351.3747822618898
359,434.08170555169
360,269.17166740294
361,417.05471499169
362,417.05471499169
363,417.05471499169
364,417.05471499169
365,417.05471499169
366,417.05471499169
367,447.7989184423935
368,450.0246688423935
369,450.0246688423935
370,450.0246688423935
371,450.0246688423935
372,450.0246688423935
373,450.0246688423935
374,450.0246688423935
375,450.0246688423935
376,450.0246688423935
377,450.0246688423935
378,450.0246688423935
379,450.0246688423935
380,435.4540952587698
381,433.22834485876984
382,433.22834485876984
383,417.05471499169
384,417.05471499169
385,430.74307995169
386,201.52519039569
387,322.37428133167
388,328.02354792933
389,338.60912267427
390,382.48064847642996
391,464.8259090023935
392,557.76215608722
393,169.02925688503
394,585.55346969432
395,249.01319115361008
396,505.85521241205004
397,441.14363970682996
398,169.01869899652
399,250.6528776832601
400,441.09811644872
401,262.10545772732
402,144.23440479342
403,467.0516594023935
404,452.4810858187698
405,88.2891213125998
406,351.3747822618898
407,434.08170555169
408,269.17166740294
409,417.05471499169
410,417.05471499169
411,417.05471499169
412,417.05471499169
413,417.05471499169
414,417.05471499169
415,447.7989184423935
416,450.0246688423935
417,450.0246688423935
418,450.0246688423935
419,450.0246688423935
420,450.0246688423935
421,450.0246688423935
422,450.0246688423935
423,450.0246688423935
424,450.0246688423935
425,450.0246688423935
426,450.0246688423935
427,450.0246688423935
428,435.4540952587698
429,433.22834485876984
430,433.22834485876984
431,417.05471499169
432,417.05471499169
433,417.05471499169
434,417.05471499169
435,417.05471499169
436,417.05471499169
437,417.05471499169
438,417.05471499169
439,447.7989184423935
440,450.0246688423935
441,450.0246688423935
442,450.0246688423935
443,450.0246688423935
444,450.0246688423935
445,450.0246688423935
446,450.0246688423935
447,450.0246688423935
448,450.0246688423935
449,450.0246688423935
450,450.0246688423935
451,450.0246688423935
452,435.4540952587698
453,433.22834485876984
454,433.22834485876984
455,417.05471499169
456,417.05471499169
457,417.05471499169
458,417.05471499169
459,417.05471499169
460,417.05471499169
461,417.05471499169
462,417.05471499169
463,447.7989184423935
464,450.0246688423935
465,450.0246688423935
466,450.0246688423935
467,450.0246688423935
468,450.0246688423935
469,450.0246688423935
470,450.0246688423935
471,450.0246688423935
472,450.0246688423935
473,450.0246688423935
474,450.0246688423935
475,450.0246688423935
476,435.4540952587698
477,433.22834485876984
478,433.22834485876984
479,417.05471499169
480,417.05471499169
481,429.40762971169
482,432.74625531169
483,432.74625531169
484,432.74625531169
485,432.74625531169
486,432.74625531169
487,463.4904587623935
488,547.0603180871616
489,571.1871424248817
490,595.4703892871617
491,618.8407684871618
492,595.4703892871617
493,445.0148219763217
494,572.1000100871618
495,618.8407684871618
496,595.4703892871617
497,592.1317636871618
498,547.0603180871616
499,465.7162091623935
500,451.1456355787698
501,448.91988517876985
502,448.91988517876985
503,432.74625531169
504,432.74625531169
505,429.40762971169
506,432.74625531169
507,432.74625531169
508,432.74625531169
509,432.74625531169
510,432.74625531169
511,463.4904587623935
512,547.0603180871616
513,571.1871424248817
514,595.4703892871617
515,618.8407684871618
516,595.4703892871617
517,445.0148219763217
518,572.1000100871618
519,618.8407684871618
520,595.4703892871617
521,592.1317636871618
522,547.0603180871616
523,465.7162091623935
524,451.1456355787698
525,448.91988517876985
526,448.91988517876985
527,432.74625531169
528,432.74625531169
529,429.40762971169
530,432.74625531169
531,432.74625531169
532,432.74625531169
533,432.74625531169
534,432.74625531169
535,463.4904587623935
536,547.0603180871616
537,571.1871424248817
538,595.4703892871617
539,618.8407684871618
540,595.4703892871617
541,445.0148219763217
542,572.1000100871618
543,618.8407684871618
544,595.4703892871617
545,592.1317636871618
546,547.0603180871616
547,465.7162091623935
548,451.1456355787698
549,448.91988517876985
550,448.91988517876985
551,432.74625531169
552,432.74625531169
553,417.05471499169
554,417.05471499169
555,417.05471499169
556,417.05471499169
557,417.05471499169
558,417.05471499169
559,447.7989184423935
560,450.0246688423935
561,450.0246688423935
562,450.0246688423935
563,450.0246688423935
564,450.0246688423935
565,450.0246688423935
566,450.0246688423935
567,450.0246688423935
568,450.0246688423935
569,450.0246688423935
570,450.0246688423935
571,450.0246688423935
572,435.4540952587698
573,433.22834485876984
574,433.22834485876984
575,417.05471499169
576,417.05471499169
577,429.40762971169
578,432.74625531169
579,432.74625531169
580,432.74625531169
581,432.74625531169
582,432.74625531169
583,463.4904587623935
584,547.0603180871616
585,571.1871424248817
586,595.4703892871617
587,618.8407684871618
588,595.4703892871617
589,445.0148219763217
590,572.1000100871618
591,618.8407684871618
592,595.4703892871617
593,592.1317636871618
594,547.0603180871616
595,465.7162091623935
596,451.1456355787698
597,448.91988517876985
598,448.91988517876985
599,432.74625531169
600,432.74625531169
601,429.40762971169
602,432.74625531169
603,432.74625531169
604,432.74625531169
605,432.74625531169
606,432.74625531169
607,463.4904587623935
608,547.0603180871616
609,571.1871424248817
610,595.4703892871617
611,618.8407684871618
612,595.4703892871617
613,445.0148219763217
614,572.1000100871618
615,618.8407684871618
616,595.4703892871617
617,592.1317636871618
618,547.0603180871616
619,465.7162091623935
620,451.1456355787698
621,448.91988517876985
622,448.91988517876985
623,432.74625531169
624,432.74625531169
625,429.40762971169
626,432.74625531169
627,432.74625531169
628,432.74625531169
629,432.74625531169
630,432.74625531169
631,463.4904587623935
632,547.0603180871616
633,571.1871424248817
634,595.4703892871617
635,618.8407684871618
636,595.4703892871617
637,445.0148219763217
638,572.1000100871618
639,618.8407684871618
640,595.4703892871617
641,592.1317636871618
642,547.0603180871616
643,465.7162091623935
644,451.1456355787698
645,448.91988517876985
646,448.91988517876985
647,432.74625531169
648,432.74625531169
649,429.40762971169
650,432.74625531169
651,432.74625531169
652,432.74625531169
653,432.74625531169
654,432.74625531169
655,463.4904587623935
656,547.0603180871616
657,571.1871424248817
658,595.4703892871617
659,618.8407684871618
660,595.4703892871617
661,445.0148219763217
662,572.1000100871618
663,618.8407684871618
664,595.4703892871617
665,592.1317636871618
666,547.0603180871616
667,465.7162091623935
668,451.1456355787698
669,448.91988517876985
670,448.91988517876985
671,432.74625531169
672,432.74625531169
673,429.40762971169
674,432.74625531169
675,432.74625531169
676,432.74625531169
677,432.74625531169
678,432.74625531169
679,463.4904587623935
680,547.0603180871616
681,571.1871424248817
682,595.4703892871617
683,618.8407684871618
684,595.4703892871617
685,445.0148219763217
686,572.1000100871618
687,618.8407684871618
688,595.4703892871617
689,592.1317636871618
690,547.0603180871616
691,465.7162091623935
692,451.1456355787698
693,448.91988517876985
694,448.91988517876985
695,432.74625531169
696,432.74625531169
697,417.05471499169
698,417.05471499169
699,417.05471499169
700,417.05471499169
701,417.05471499169
702,417.05471499169
703,447.7989184423935
704,450.0246688423935
705,450.0246688423935
706,450.0246688423935
707,450.0246688423935
708,450.0246688423935
709,450.0246688423935
710,450.0246688423935
711,450.0246688423935
712,450.0246688423935
713,450.0246688423935
714,450.0246688423935
715,450.0246688423935
716,435.4540952587698
717,433.22834485876984
718,433.22834485876984
719,417.05471499169
720,417.05471499169
721,417.05471499169
722,417.05471499169
723,417.05471499169
724,417.05471499169
725,417.05471499169
726,417.05471499169
727,447.7989184423935
728,450.0246688423935
729,450.0246688423935
730,450.0246688423935
731,450.0246688423935
732,450.0246688423935
733,450.0246688423935
734,450.0246688423935
735,450.0246688423935
736,450.0246688423935
737,450.0246688423935
738,450.0246688423935
739,450.0246688423935
740,435.4540952587698
741,433.22834485876984
742,433.22834485876984
743,417.05471499169
744,417.05471499169
745,430.74307995169
746,201.52519039569
747,322.37428133167
748,328.02354792933
749,338.60912267427
750,382.48064847642996
751,464.8259090023935
752,557.76215608722
753,169.02925688503
754,585.55346969432
755,249.01319115361008
756,505.85521241205004
757,441.14363970682996
758,169.01869899652
759,250.6528776832601
760,441.09811644872
761,262.10545772732
762,144.23440479342
763,467.0516594023935
764,452.4810858187698
765,88.2891213125998
766,351.3747822618898
767,434.08170555169
768,269.17166740294
769,417.05471499169
770,417.05471499169
771,417.05471499169
772,417.05471499169
773,417.05471499169
774,417.05471499169
775,447.7989184423935
776,450.0246688423935
777,450.0246688423935
778,450.0246688423935
779,450.0246688423935
780,450.0246688423935
781,450.0246688423935
782,450.0246688423935
783,450.0246688423935
784,450.0246688423935
785,450.0246688423935
786,450.0246688423935
787,450.0246688423935
788,435.4540952587698
789,433.22834485876984
790,433.22834485876984
791,417.05471499169
792,417.05471499169
793,417.05471499169
794,417.05471499169
795,417.05471499169
796,417.05471499169
797,417.05471499169
798,417.05471499169
799,447.7989184423935
800,450.0246688423935
801,450.0246688423935
802,450.0246688423935
803,450.0246688423935
804,450.0246688423935
805,450.0246688423935
806,450.0246688423935
807,450.0246688423935
808,450.0246688423935
809,450.0246688423935
810,450.0246688423935
811,450.0246688423935
812,435.4540952587698
813,433.22834485876984
814,433.22834485876984
815,417.05471499169
816,417.05471499169
817,429.40762971169
818,432.74625531169
819,432.74625531169
820,432.74625531169
821,432.74625531169
822,432.74625531169
823,463.4904587623935
824,547.0603180871616
825,571.1871424248817
826,595.4703892871617
827,618.8407684871618
828,595.4703892871617
829,445.0148219763217
830,572.1000100871618
831,618.8407684871618
832,595.4703892871617
833,592.1317636871618
834,547.0603180871616
835,465.7162091623935
836,451.1456355787698
837,448.91988517876985
838,448.91988517876985
839,432.74625531169
840,432.74625531169
841,417.05471499169
842,417.05471499169
843,417.05471499169
844,417.05471499169
845,417.05471499169
846,417.05471499169
847,447.7989184423935
848,450.0246688423935
849,450.0246688423935
850,450.0246688423935
851,450.0246688423935
852,450.0246688423935
853,450.0246688423935
854,450.0246688423935
855,450.0246688423935
856,450.0246688423935
857,450.0246688423935
858,450.0246688423935
859,450.0246688423935
860,435.4540952587698
861,433.22834485876984
862,433.22834485876984
863,417.05471499169
864,417.05471499169
865,430.74307995169
866,201.52519039569
867,322.37428133167
868,328.02354792933
869,338.60912267427
870,382.48064847642996
871,464.8259090023935
872,557.76215608722
873,169.02925688503
874,585.55346969432
875,249.01319115361008
876,505.85521241205004
877,441.14363970682996
878,169.01869899652
879,250.6528776832601
880,441.09811644872
881,262.10545772732
882,144.23440479342
883,467.0516594023935
884,452.4810858187698
885,88.2891213125998
886,351.3747822618898
887,434.08170555169
888,269.17166740294
889,417.05471499169
890,417.05471499169
891,417.05471499169
892,417.05471499169
893,417.05471499169
894,417.05471499169
895,447.7989184423935
896,450.0246688423935
897,450.0246688423935
898,450.0246688423935
899,450.0246688423935
900,450.0246688423935
901,450.0246688423935
902,450.0246688423935
903,450.0246688423935
904,450.0246688423935
905,450.0246688423935
906,450.0246688423935
907,450.0246688423935
908,435.4540952587698
909,433.22834485876984
910,433.22834485876984
911,417.05471499169
912,417.05471499169
913,429.40762971169
914,432.74625531169
915,432.74625531169
916,432.74625531169
917,432.74625531169
918,432.74625531169
919,463.4904587623935
920,547.0603180871616
921,571.1871424248817
922,595.4703892871617
923,618.8407684871618
924,595.4703892871617
925,445.0148219763217
926,572.1000100871618
927,618.8407684871618
928,595.4703892871617
929,592.1317636871618
930,547.0603180871616
931,465.7162091623935
932,451.1456355787698
933,448.91988517876985
934,448.91988517876985
935,432.74625531169
936,432.74625531169
937,417.05471499169
938,417.05471499169
939,417.05471499169
940,417.05471499169
941,417.05471499169
942,417.05471499169
943,447.7989184423935
944,450.0246688423935
945,450.0246688423935
946,450.0246688423935
947,450.0246688423935
948,450.0246688423935
949,450.0246688423935
950,450.0246688423935
951,450.0246688423935
952,450.0246688423935
953,450.0246688423935
954,450.0246688423935
955,450.0246688423935
956,435.4540952587698
957,433.22834485876984
958,433.22834485876984
959,417.05471499169
960,417.05471499169
961,417.05471499169
962,417.05471499169
963,417.05471499169
964,417.05471499169
965,417.05471499169
966,417.05471499169
967,447.7989184423935
968,450.0246688423935
969,450.0246688423935
970,450.0246688423935
971,450.0246688423935
972,450.0246688423935
973,450.0246688423935
974,450.0246688423935
975,450.0246688423935
976,450.0246688423935
977,450.0246688423935
978,450.0246688423935
979,450.0246688423935
980,435.4540952587698
981,433.22834485876984
982,433.22834485876984
983,417.05471499169
984,417.05471499169
985,429.40762971169
986,432.74625531169
987,432.74625531169
988,432.74625531169
989,432.74625531169
990,432.74625531169
991,463.4904587623935
992,547.0603180871616
993,571.1871424248817
994,595.4703892871617
995,618.8407684871618
996,595.4703892871617
997,445.0148219763217
998,572.1000100871618
999,618.8407684871618
1000,595.4703892871617
1001,592.1317636871618
1002,547.0603180871616
1003,465.7162091623935
1004,451.1456355787698
1005,448.91988517876985
1006,448.91988517876985
1007,432.74625531169
1008,432.74625531169
1009,429.40762971169
1010,432.74625531169
1011,432.74625531169
1012,432.74625531169
1013,432.74625531169
1014,432.74625531169
1015,463.4904587623935
1016,547.0603180871616
1017,571.1871424248817
1018,595.4703892871617
1019,618.8407684871618
1020,595.4703892871617
1021,445.0148219763217
1022,572.1000100871618
1023,618.8407684871618
1024,595.4703892871617
1025,592.1317636871618
1026,547.0603180871616
1027,465.7162091623935
1028,451.1456355787698
1029,448.91988517876985
1030,448.91988517876985
1031,432.74625531169
1032,432.74625531169
1033,429.40762971169
1034,432.74625531169
1035,432.74625531169
1036,432.74625531169
1037,432.74625531169
1038,432.74625531169
1039,463.4904587623935
1040,547.0603180871616
1041,571.1871424248817
1042,595.4703892871617
1043,618.8407684871618
1044,595.4703892871617
1045,445.0148219763217
1046,572.1000100871618
1047,618.8407684871618
1048,595.4703892871617
1049,592.1317636871618
1050,547.0603180871616
1051,465.7162091623935
1052,451.1456355787698
1053,448.91988517876985
1054,448.91988517876985
1055,432.74625531169
1056,432.74625531169
1057,429.40762971169
1058,432.74625531169
1059,432.74625531169
1060,432.74625531169
1061,432.74625531169
1062,432.74625531169
1063,463.4904587623935
1064,547.0603180871616
1065,571.1871424248817
1066,595.4703892871617
1067,618.8407684871618
1068,595.4703892871617
1069,445.0148219763217
1070,572.1000100871618
1071,618.8407684871618
1072,595.4703892871617
1073,592.1317636871618
1074,547.0603180871616
1075,465.7162091623935
1076,451.1456355787698
1077,448.91988517876985
1078,448.91988517876985
1079,432.74625531169
1080,432.74625531169
1081,429.40762971169
1082,432.74625531169
1083,432.74625531169
1084,432.74625531169
1085,432.74625531169
1086,432.74625531169
1087,463.4904587623935
1088,547.0603180871616
1089,571.1871424248817
1090,595.4703892871617
1091,618.8407684871618
1092,595.4703892871617
1093,445.0148219763217
1094,572.1000100871618
1095,618.8407684871618
1096,595.4703892871617
1097,592.1317636871618
1098,547.0603180871616
1099,465.7162091623935
1100,451.1456355787698
1101,448.91988517876985
1102,448.91988517876985
1103,432.74625531169
1104,432.74625531169
1105,429.40762971169
1106,432.74625531169
1107,432.74625531169
1108,432.74625531169
1109,432.74625531169
1110,432.74625531169
1111,463.4904587623935
1112,547.0603180871616
1113,571.1871424248817
1114,595.4703892871617
1115,618.8407684871618
1116,595.4703892871617
1117,445.0148219763217
1118,572.1000100871618
1119,618.8407684871618
1120,595.4703892871617
1121,592.1317636871618
1122,547.0603180871616
1123,465.7162091623935
1124,451.1456355787698
1125,448.91988517876985
1126,448.91988517876985
1127,432.74625531169
1128,432.74625531169
1129,417.05471499169
1130,417.05471499169
1131,417.05471499169
1132,417.05471499169
1133,417.05471499169
1134,417.05471499169
1135,447.7989184423935
1136,450.0246688423935
1137,450.0246688423935
1138,450.0246688423935
1139,450.0246688423935
1140,450.0246688423935
1141,450.0246688423935
1142,450.0246688423935
1143,450.0246688423935
1144,450.0246688423935
1145,450.0246688423935
1146,450.0246688423935
1147,450.0246688423935
1148,435.4540952587698
1149,433.22834485876984
1150,433.22834485876984
1151,417.05471499169
1152,417.05471499169
1153,417.05471499169
1154,417.05471499169
1155,417.05471499169
1156,417.05471499169
1157,417.05471499169
1158,417.05471499169
1159,447.7989184423935
1160,450.0246688423935
1161,450.0246688423935
1162,450.0246688423935
1163,450.0246688423935
1164,450.0246688423935
1165,450.0246688423935
1166,450.0246688423935
1167,450.0246688423935
1168,450.0246688423935
1169,450.0246688423935
1170,450.0246688423935
1171,450.0246688423935
1172,435.4540952587698
1173,433.22834485876984
1174,433.22834485876984
1175,417.05471499169
1176,417.05471499169
1177,417.05471499169
1178,417.05471499169
1179,417.05471499169
1180,417.05471499169
1181,417.05471499169
1182,417.05471499169
1183,447.7989184423935
1184,450.0246688423935
1185,450.0246688423935
1186,450.0246688423935
1187,450.0246688423935
1188,450.0246688423935
1189,450.0246688423935
1190,450.0246688423935
1191,450.0246688423935
1192,450.0246688423935
1193,450.0246688423935
1194,450.0246688423935
1195,450.0246688423935
1196,435.4540952587698
1197,433.22834485876984
1198,433.22834485876984
1199,417.05471499169
1200,417.05471499169
1201,430.74307995169
1202,201.52519039569
1203,322.37428133167
1204,328.02354792933
1205,338.60912267427
1206,382.48064847642996
1207,464.8259090023935
1208,557.76215608722
1209,169.02925688503
1210,585.55346969432
1211,249.01319115361008
1212,505.85521241205004
1213,441.14363970682996
1214,169.01869899652
1215,250.6528776832601
1216,441.09811644872
1217,262.10545772732
1218,144.23440479342
1219,467.0516594023935
1220,452.4810858187698
1221,88.2891213125998
1222,351.3747822618898
1223,434.08170555169
1224,269.17166740294
1225,430.74307995169
1226,201.52519039569
1227,322.37428133167
1228,328.02354792933
1229,338.60912267427
1230,382.48064847642996
1231,464.8259090023935
1232,557.76215608722
1233,169.02925688503
1234,585.55346969432
1235,249.01319115361008
1236,505.85521241205004
1237,441.14363970682996
1238,169.01869899652
1239,250.6528776832601
1240,441.09811644872
1241,262.10545772732
1242,144.23440479342
1243,467.0516594023935
1244,452.4810858187698
1245,88.2891213125998
1246,351.3747822618898
1247,434.08170555169
1248,269.17166740294
1249,417.05471499169
1250,417.05471499169
1251,417.05471499169
1252,417.05471499169
1253,417.05471499169
1254,417.05471499169
1255,447.7989184423935
1256,450.0246688423935
1257,450.0246688423935
1258,450.0246688423935
1259,450.0246688423935
1260,450.0246688423935
1261,450.0246688423935
1262,450.0246688423935
1263,450.0246688423935
1264,450.0246688423935
1265,450.0246688423935
1266,450.0246688423935
1267,450.0246688423935
1268,435.4540952587698
1269,433.22834485876984
1270,433.22834485876984
1271,417.05471499169
1272,417.05471499169
1273,426.73672923169
1274,260.08415994776
1275,388.14799093992997
1276,393.797257094
1277,390.60419380848
1278,394.53411795456
1279,391.69928059497346
1280,358.1786500716649
1281,415.90866672061486
1282,458.55640029009487
1283,186.65341790511502
1284,148.87284077508488
1285,378.29942442748495
1286,129.40127739634488
1287,230.63957449242503
1288,281.6004350379849
1289,316.1074788154749
1290,474.1562937209349
1291,168.53748804066348
1292,448.4747350987698
1293,446.24898469876985
1294,446.24898469876985
1295,51.670264782900006
1296,430.07535483169
1297,426.73672923169
1298,260.08415994776
1299,388.14799093992997
1300,393.797257094
1301,390.60419380848
1302,394.53411795456
1303,391.69928059497346
1304,358.1786500716649
1305,415.90866672061486
1306,458.55640029009487
1307,186.65341790511502
1308,148.87284077508488
1309,378.29942442748495
1310,129.40127739634488
1311,230.63957449242503
1312,281.6004350379849
1313,316.1074788154749
1314,474.1562937209349
1315,168.53748804066348
1316,448.4747350987698
1317,446.24898469876985
1318,446.24898469876985
1319,51.670264782900006
1320,430.07535483169
1321,426.73672923169
1322,260.08415994776
1323,388.14799093992997
1324,393.797257094
1325,390.60419380848
1326,394.53411795456
1327,391.69928059497346
1328,358.1786500716649
1329,415.90866672061486
1330,458.55640029009487
1331,186.65341790511502
1332,148.87284077508488
1333,378.29942442748495
1334,129.40127739634488
1335,230.63957449242503
1336,281.6004350379849
1337,316.1074788154749
1338,474.1562937209349
1339,168.53748804066348
1340,448.4747350987698
1341,446.24898469876985
1342,446.24898469876985
1343,51.670264782900006
1344,430.07535483169
1345,426.73672923169
1346,260.08415994776
1347,388.14799093992997
1348,393.797257094
1349,390.60419380848
1350,394.53411795456
1351,391.69928059497346
1352,358.1786500716649
1353,415.90866672061486
1354,458.55640029009487
1355,186.65341790511502
1356,148.87284077508488
1357,378.29942442748495
1358,129.40127739634488
1359,230.63957449242503
1360,281.6004350379849
1361,316.1074788154749
1362,474.1562937209349
1363,168.53748804066348
1364,448.4747350987698
1365,446.24898469876985
1366,446.24898469876985
1367,51.670264782900006
1368,430.07535483169
1369,417.05471499169
1370,417.05471499169
1371,417.05471499169
1372,417.05471499169
1373,417.05471499169
1374,417.05471499169
1375,447.7989184423935
1376,450.0246688423935
1377,450.0246688423935
1378,450.0246688423935
1379,450.0246688423935
1380,450.0246688423935
1381,450.0246688423935
1382,450.0246688423935
1383,450.0246688423935
1384,450.0246688423935
1385,450.0246688423935
1386,450.0246688423935
1387,450.0246688423935
1388,435.4540952587698
1389,433.22834485876984
1390,433.22834485876984
1391,417.05471499169
1392,417.05471499169
1393,429.40762971169
1394,432.74625531169
1395,432.74625531169
1396,432.74625531169
1397,432.74625531169
1398,432.74625531169
1399,463.4904587623935
1400,547.0603180871616
1401,571.1871424248817
1402,595.4703892871617
1403,618.8407684871618
1404,595.4703892871617
1405,445.0148219763217
1406,572.1000100871618
1407,618.8407684871618
1408,595.4703892871617
1409,592.1317636871618
1410,547.0603180871616
1411,465.7162091623935
1412,451.1456355787698
1413,448.91988517876985
1414,448.91988517876985
1415,432.74625531169
1416,432.74625531169
1417,429.40762971169
1418,432.74625531169
1419,432.74625531169
1420,432.74625531169
1421,432.74625531169
1422,432.74625531169
1423,463.4904587623935
1424,547.0603180871616
1425,571.1871424248817
1426,595.4703892871617
1427,618.8407684871618
1428,595.4703892871617
1429,445.0148219763217
1430,572.1000100871618
1431,618.8407684871618
1432,595.4703892871617
1433,592.1317636871618
1434,547.0603180871616
1435,465.7162091623935
1436,451.1456355787698
1437,448.91988517876985
1438,448.91988517876985
1439,432.74625531169
1440,432.74625531169
1441,417.05471499169
1442,417.05471499169
1443,417.05471499169
1444,417.05471499169
1445,417.05471499169
1446,417.05471499169
1447,447.7989184423935
1448,450.0246688423935
1449,450.0246688423935
1450,450.0246688423935
1451,450.0246688423935
1452,450.0246688423935
1453,450.0246688423935
1454,450.0246688423935
1455,450.0246688423935
1456,450.0246688423935
1457,450.0246688423935
1458,450.0246688423935
1459,450.0246688423935
1460,435.4540952587698
1461,433.22834485876984
1462,433.22834485876984
1463,417.05471499169
1464,417.05471499169
1465,417.05471499169
1466,417.05471499169
1467,417.05471499169
1468,417.05471499169
1469,417.05471499169
1470,417.05471499169
1471,447.7989184423935
1472,450.0246688423935
1473,450.0246688423935
1474,450.0246688423935
1475,450.0246688423935
1476,450.0246688423935
1477,450.0246688423935
1478,450.0246688423935
1479,450.0246688423935
1480,450.0246688423935
1481,450.0246688423935
1482,450.0246688423935
1483,450.0246688423935
1484,435.4540952587698
1485,433.22834485876984
1486,433.22834485876984
1487,417.05471499169
1488,417.05471499169
1489,417.05471499169
1490,417.05471499169
1491,417.05471499169
1492,417.05471499169
1493,417.05471499169
1494,417.05471499169
1495,447.7989184423935
1496,450.0246688423935
1497,450.0246688423935
1498,450.0246688423935
1499,450.0246688423935
1500,450.0246688423935
1501,450.0246688423935
1502,450.0246688423935
1503,450.0246688423935
1504,450.0246688423935
1505,450.0246688423935
1506,450.0246688423935
1507,450.0246688423935
1508,435.4540952587698
1509,433.22834485876984
1510,433.22834485876984
1511,417.05471499169
1512,417.05471499169
1513,417.05471499169
1514,417.05471499169
1515,417.05471499169
1516,417.05471499169
1517,417.05471499169
1518,417.05471499169
1519,447.7989184423935
1520,450.0246688423935
1521,450.0246688423935
1522,450.0246688423935
1523,450.0246688423935
1524,450.0246688423935
1525,450.0246688423935
1526,450.0246688423935
1527,450.0246688423935
1528,450.0246688423935
1529,450.0246688423935
1530,450.0246688423935
1531,450.0246688423935
1532,435.4540952587698
1533,433.22834485876984
1534,433.22834485876984
1535,417.05471499169
1536,417.05471499169
1537,429.40762971169
1538,432.74625531169
1539,432.74625531169
1540,432.74625531169
1541,432.74625531169
1542,432.74625531169
1543,463.4904587623935
1544,547.0603180871616
1545,571.1871424248817
1546,595.4703892871617
1547,618.8407684871618
1548,595.4703892871617
1549,445.0148219763217
1550,572.1000100871618
1551,618.8407684871618
1552,595.4703892871617
1553,592.1317636871618
1554,547.0603180871616
1555,465.7162091623935
1556,451.1456355787698
1557,448.91988517876985
1558,448.91988517876985
1559,432.74625531169
1560,432.74625531169
1561,417.05471499169
1562,417.05471499169
1563,417.05471499169
1564,417.05471499169
1565,417.05471499169
1566,417.05471499169
1567,447.7989184423935
1568,450.0246688423935
1569,450.0246688423935
1570,450.0246688423935
1571,450.0246688423935
1572,450.0246688423935
1573,450.0246688423935
1574,450.0246688423935
1575,450.0246688423935
1576,450.0246688423935
1577,450.0246688423935
1578,450.0246688423935
1579,450.0246688423935
1580,435.4540952587698
1581,433.22834485876984
1582,433.22834485876984
1583,417.05471499169
1584,417.05471499169
1585,426.73672923169
1586,260.08415994776
1587,388.14799093992997
1588,393.797257094
1589,390.60419380848
1590,394.53411795456
1591,391.69928059497346
1592,358.1786500716649
1593,415.90866672061486
1594,458.55640029009487
1595,186.65341790511502
1596,148.87284077508488
1597,378.29942442748495
1598,129.40127739634488
1599,230.63957449242503
1600,281.6004350379849
1601,316.1074788154749
1602,474.1562937209349
1603,168.53748804066348
1604,448.4747350987698
1605,446.24898469876985
1606,446.24898469876985
1607,51.670264782900006
1608,430.07535483169
1609,430.74307995169
1610,201.52519039569
1611,322.37428133167
1612,328.02354792933
1613,338.60912267427
1614,382.48064847642996
1615,464.8259090023935
1616,557.76215608722
1617,169.02925688503
1618,585.55346969432
1619,249.01319115361008
1620,505.85521241205004
1621,441.14363970682996
1622,169.01869899652
1623,250.6528776832601
1624,441.09811644872
1625,262.10545772732
1626,144.23440479342
1627,467.0516594023935
1628,452.4810858187698
1629,88.2891213125998
1630,351.3747822618898
1631,434.08170555169
1632,269.17166740294
1633,430.74307995169
1634,201.52519039569
1635,322.37428133167
1636,328.02354792933
1637,338.60912267427
1638,382.48064847642996
1639,464.8259090023935
1640,557.76215608722
1641,169.02925688503
1642,585.55346969432
1643,249.01319115361008
1644,505.85521241205004
1645,441.14363970682996
1646,169.01869899652
1647,250.6528776832601
1648,441.09811644872
1649,262.10545772732
1650,144.23440479342
1651,467.0516594023935
1652,452.4810858187698
1653,88.2891213125998
1654,351.3747822618898
1655,434.08170555169
1656,269.17166740294
1657,430.74307995169
1658,201.52519039569
1659,322.37428133167
1660,328.02354792933
1661,338.60912267427
1662,382.48064847642996
1663,464.8259090023935
1664,557.76215608722
1665,169.02925688503
1666,585.55346969432
1667,249.01319115361008
1668,505.85521241205004
1669,441.14363970682996
1670,169.01869899652
1671,250.6528776832601
1672,441.09811644872
1673,262.10545772732
1674,144.23440479342
1675,467.0516594023935
1676,452.4810858187698
1677,88.2891213125998
1678,351.3747822618898
1679,434.08170555169
1680,269.17166740294
1681,430.74307995169
1682,201.52519039569
1683,322.37428133167
1684,328.02354792933
1685,338.60912267427
1686,382.48064847642996
1687,464.8259090023935
1688,557.76215608722
1689,169.02925688503
1690,585.55346969432
1691,249.01319115361008
1692,505.85521241205004
1693,441.14363970682996
1694,169.01869899652
1695,250.6528776832601
1696,441.09811644872
1697,262.10545772732
1698,144.23440479342
1699,467.0516594023935
1700,452.4810858187698
1701,88.2891213125998
1702,351.3747822618898
1703,434.08170555169
1704,269.17166740294
1705,426.73672923169
1706,260.08415994776
1707,388.14799093992997
1708,393.797257094
1709,390.60419380848
1710,394.53411795456
1711,391.69928059497346
1712,358.1786500716649
1713,415.90866672061486
1714,458.55640029009487
1715,186.65341790511502
1716,148.87284077508488
1717,378.29942442748495
1718,129.40127739634488
1719,230.63957449242503
1720,281.6004350379849
1721,316.1074788154749
1722,474.1562937209349
1723,168.53748804066348
1724,448.4747350987698
1725,446.24898469876985
1726,446.24898469876985
1727,51.670264782900006
1728,430.07535483169
1729,184.32137922318
1730,193.75128635505
1731,199.20415741819002
1732,249.39708821813002
1733,363.80658755274
1734,19.36089422138
1735,219.2072501192235
1736,244.8570122744784
1737,402.6766326197684
1738,235.5873476765184
1739,271.9860310904984
1740,211.71194637531838
1741,134.0889011753184
1742,196.08315812619838
1743,279.6664161267284
1744,227.6010047813484
1745,382.34412722215836
1746,154.9362427934784
1747,160.09788740374347
1748,241.1610436737298
1749,398.32895555378985
1750,96.31814644539982
1751,241.4508440957
1752,243.36658119462
1753,184.32137922318
1754,193.75128635505
1755,199.20415741819002
1756,249.39708821813002
1757,363.80658755274
1758,19.36089422138
1759,219.2072501192235
1760,244.8570122744784
1761,402.6766326197684
1762,235.5873476765184
1763,271.9860310904984
1764,211.71194637531838
1765,134.0889011753184
1766,196.08315812619838
1767,279.6664161267284
1768,227.6010047813484
1769,382.34412722215836
1770,154.9362427934784
1771,160.09788740374347
1772,241.1610436737298
1773,398.32895555378985
1774,96.31814644539982
1775,241.4508440957
1776,243.36658119462
1777,430.74307995169
1778,201.52519039569
1779,322.37428133167
1780,328.02354792933
1781,338.60912267427
1782,382.48064847642996
1783,464.8259090023935
1784,557.76215608722
1785,169.02925688503
1786,585.55346969432
1787,249.01319115361008
1788,505.85521241205004
1789,441.14363970682996
1790,169.01869899652
1791,250.6528776832601
1792,441.09811644872
1793,262.10545772732
1794,144.23440479342
1795,467.0516594023935
1796,452.4810858187698
1797,88.2891213125998
1798,351.3747822618898
1799,434.08170555169
1800,269.17166740294
1801,430.74307995169
1802,201.52519039569
1803,322.37428133167
1804,328.02354792933
1805,338.60912267427
1806,382.48064847642996
1807,464.8259090023935
1808,557.76215608722
1809,169.02925688503
1810,585.55346969432
1811,249.01319115361008
1812,505.85521241205004
1813,441.14363970682996
1814,169.01869899652
1815,250.6528776832601
1816,441.09811644872
1817,262.10545772732
1818,144.23440479342
1819,467.0516594023935
1820,452.4810858187698
1821,88.2891213125998
1822,351.3747822618898
1823,434.08170555169
1824,269.17166740294
1825,430.74307995169
1826,201.52519039569
1827,322.37428133167
1828,328.02354792933
1829,338.60912267427
1830,382.48064847642996
1831,464.8259090023935
1832,557.76215608722
1833,169.02925688503
1834,585.55346969432
1835,249.01319115361008
1836,505.85521241205004
1837,441.14363970682996
1838,169.01869899652
1839,250.6528776832601
1840,441.09811644872
1841,262.10545772732
1842,144.23440479342
1843,467.0516594023935
1844,452.4810858187698
1845,88.2891213125998
1846,351.3747822618898
1847,434.08170555169
1848,269.17166740294
1849,430.74307995169
1850,201.52519039569
1851,322.37428133167
1852,328.02354792933
1853,338.60912267427
1854,382.48064847642996
1855,464.8259090023935
1856,557.76215608722
1857,169.02925688503
1858,585.55346969432
1859,249.01319115361008
1860,505.85521241205004
1861,441.14363970682996
1862,169.01869899652
1863,250.6528776832601
1864,441.09811644872
1865,262.10545772732
1866,144.23440479342
1867,467.0516594023935
1868,452.4810858187698
1869,88.2891213125998
1870,351.3747822618898
1871,434.08170555169
1872,269.17166740294
1873,426.73672923169
1874,260.08415994776
1875,388.14799093992997
1876,393.797257094
1877,390.60419380848
1878,394.53411795456
1879,391.69928059497346
1880,358.1786500716649
1881,415.90866672061486
1882,458.55640029009487
1883,186.65341790511502
1884,148.87284077508488
1885,378.29942442748495
1886,129.40127739634488
1887,230.63957449242503
1888,281.6004350379849
1889,316.1074788154749
1890,474.1562937209349
1891,168.53748804066348
1892,448.4747350987698
1893,446.24898469876985
1894,446.24898469876985
1895,51.670264782900006
1896,430.07535483169
1897,417.05471499169
1898,417.05471499169
1899,417.05471499169
1900,417.05471499169
1901,417.05471499169
1902,417.05471499169
1903,447.7989184423935
1904,450.0246688423935
1905,450.0246688423935
1906,450.0246688423935
1907,450.0246688423935
1908,450.0246688423935
1909,450.0246688423935
1910,450.0246688423935
1911,450.0246688423935
1912,450.0246688423935
1913,450.0246688423935
1914,450.0246688423935
1915,450.0246688423935
1916,435.4540952587698
1917,433.22834485876984
1918,433.22834485876984
1919,417.05471499169
1920,417.05471499169
1921,430.74307995169
1922,201.52519039569
1923,322.37428133167
1924,328.02354792933
1925,338.60912267427
1926,382.48064847642996
1927,464.8259090023935
1928,557.76215608722
1929,169.02925688503
1930,585.55346969432
1931,249.01319115361008
1932,505.85521241205004
1933,441.14363970682996
1934,169.01869899652
1935,250.6528776832601
1936,441.09811644872
1937,262.10545772732
1938,144.23440479342
1939,467.0516594023935
1940,452.4810858187698
1941,88.2891213125998
1942,351.3747822618898
1943,434.08170555169
1944,269.17166740294
1945,430.74307995169
1946,201.52519039569
1947,322.37428133167
1948,328.02354792933
1949,338.60912267427
1950,382.48064847642996
1951,464.8259090023935
1952,557.76215608722
1953,169.02925688503
1954,585.55346969432
1955,249.01319115361008
1956,505.85521241205004
1957,441.14363970682996
1958,169.01869899652
1959,250.6528776832601
1960,441.09811644872
1961,262.10545772732
1962,144.23440479342
1963,467.0516594023935
1964,452.4810858187698
1965,88.2891213125998
1966,351.3747822618898
1967,434.08170555169
1968,269.17166740294
1969,417.05471499169
1970,417.05471499169
1971,417.05471499169
1972,417.05471499169
1973,417.05471499169
1974,417.05471499169
1975,447.7989184423935
1976,450.0246688423935
1977,450.0246688423935
1978,450.0246688423935
1979,450.0246688423935
1980,450.0246688423935
1981,450.0246688423935
1982,450.0246688423935
1983,450.0246688423935
1984,450.0246688423935
1985,450.0246688423935
1986,450.0246688423935
1987,450.0246688423935
1988,435.4540952587698
1989,433.22834485876984
1990,433.22834485876984
1991,417.05471499169
1992,417.05471499169
1993,430.74307995169
1994,201.52519039569
1995,322.37428133167
1996,328.02354792933
1997,338.60912267427
1998,382.48064847642996
1999,464.8259090023935
2000,557.76215608722
2001,169.02925688503
2002,585.55346969432
2003,249.01319115361008
2004,505.85521241205004
2005,441.14363970682996
2006,169.01869899652
2007,250.6528776832601
2008,441.09811644872
2009,262.10545772732
2010,144.23440479342
2011,467.0516594023935
2012,452.4810858187698
2013,88.2891213125998
2014,351.3747822618898
2015,434.08170555169
2016,269.17166740294
2017,426.73672923169
2018,260.08415994776
2019,388.14799093992997
2020,393.797257094
2021,390.60419380848
2022,394.53411795456
2023,391.69928059497346
2024,358.1786500716649
2025,415.90866672061486
2026,458.55640029009487
2027,186.65341790511502
2028,148.87284077508488
2029,378.29942442748495
2030,129.40127739634488
2031,230.63957449242503
2032,281.6004350379849
2033,316.1074788154749
2034,474.1562937209349
2035,168.53748804066348
2036,448.4747350987698
2037,446.24898469876985
2038,446.24898469876985
2039,51.670264782900006
2040,430.07535483169
2041,426.73672923169
2042,260.08415994776
2043,388.14799093992997
2044,393.797257094
2045,390.60419380848
2046,394.53411795456
2047,391.69928059497346
2048,358.1786500716649
2049,415.90866672061486
2050,458.55640029009487
2051,186.65341790511502
2052,148.87284077508488
2053,378.29942442748495
2054,129.40127739634488
2055,230.63957449242503
2056,281.6004350379849
2057,316.1074788154749
2058,474.1562937209349
2059,168.53748804066348
2060,448.4747350987698
2061,446.24898469876985
2062,446.24898469876985
2063,51.670264782900006
2064,430.07535483169
2065,426.73672923169
2066,260.08415994776
2067,388.14799093992997
2068,393.797257094
2069,390.60419380848
2070,394.53411795456
2071,391.69928059497346
2072,358.1786500716649
2073,415.90866672061486
2074,458.55640029009487
2075,186.65341790511502
2076,148.87284077508488
2077,378.29942442748495
2078,129.40127739634488
2079,230.63957449242503
2080,281.6004350379849
2081,316.1074788154749
2082,474.1562937209349
2083,168.53748804066348
2084,448.4747350987698
2085,446.24898469876985
2086,446.24898469876985
2087,51.670264782900006
2088,430.07535483169
2089,184.32137922318
2090,193.75128635505
2091,199.20415741819002
2092,249.39708821813002
2093,363.80658755274
2094,19.36089422138
2095,219.2072501192235
2096,244.8570122744784
2097,402.6766326197684
2098,235.5873476765184
2099,271.9860310904984
2100,211.71194637531838
2101,134.0889011753184
2102,196.08315812619838
2103,279.6664161267284
2104,227.6010047813484
2105,382.34412722215836
2106,154.9362427934784
2107,160.09788740374347
2108,241.1610436737298
2109,398.32895555378985
2110,96.31814644539982
2111,241.4508440957
2112,243.36658119462
2113,184.32137922318
2114,193.75128635505
2115,199.20415741819002
2116,249.39708821813002
2117,363.80658755274
2118,19.36089422138
2119,219.2072501192235
2120,244.8570122744784
2121,402.6766326197684
2122,235.5873476765184
2123,271.9860310904984
2124,211.71194637531838
2125,134.0889011753184
2126,196.08315812619838
2127,279.6664161267284
2128,227.6010047813484
2129,382.34412722215836
2130,154.9362427934784
2131,160.09788740374347
2132,241.1610436737298
2133,398.32895555378985
2134,96.31814644539982
2135,241.4508440957
2136,243.36658119462
2137,430.74307995169
2138,201.52519039569
2139,322.37428133167
2140,328.02354792933
2141,338.60912267427
2142,382.48064847642996
2143,464.8259090023935
2144,557.76215608722
2145,169.02925688503
2146,585.55346969432
2147,249.01319115361008
2148,505.85521241205004
2149,441.14363970682996
2150,169.01869899652
2151,250.6528776832601
2152,441.09811644872
2153,262.10545772732
2154,144.23440479342
2155,467.0516594023935
2156,452.4810858187698
2157,88.2891213125998
2158,351.3747822618898
2159,434.08170555169
2160,269.17166740294
2161,184.32137922318
2162,193.75128635505
2163,199.20415741819002
2164,249.39708821813002
2165,363.80658755274
2166,19.36089422138
2167,219.2072501192235
2168,244.8570122744784
2169,402.6766326197684
2170,235.5873476765184
2171,271.9860310904984
2172,211.71194637531838
2173,134.0889011753184
2174,196.08315812619838
2175,279.6664161267284
2176,227.6010047813484
2177,382.34412722215836
2178,154.9362427934784
2179,160.09788740374347
2180,241.1610436737298
2181,398.32895555378985
2182,96.31814644539982
2183,241.4508440957
2184,243.36658119462
2185,184.32137922318
2186,193.75128635505
2187,199.20415741819002
2188,249.39708821813002
2189,363.80658755274
2190,19.36089422138
2191,219.2072501192235
2192,244.8570122744784
2193,402.6766326197684
2194,235.5873476765184
2195,271.9860310904984
2196,211.71194637531838
2197,134.0889011753184
2198,196.08315812619838
2199,279.6664161267284
2200,227.6010047813484
2201,382.34412722215836
2202,154.9362427934784
2203,160.09788740374347
2204,241.1610436737298
2205,398.32895555378985
2206,96.31814644539982
2207,241.4508440957
2208,243.36658119462
2209,184.32137922318
2210,193.75128635505
2211,199.20415741819002
2212,249.39708821813002
2213,363.80658755274
2214,19.36089422138
2215,219.2072501192235
2216,244.8570122744784
2217,402.6766326197684
2218,235.5873476765184
2219,271.9860310904984
2220,211.71194637531838
2221,134.0889011753184
2222,196.08315812619838
2223,279.6664161267284
2224,227.6010047813484
2225,382.34412722215836
2226,154.9362427934784
2227,160.09788740374347
2228,241.1610436737298
2229,398.32895555378985
2230,96.31814644539982
2231,241.4508440957
2232,243.36658119462
2233,426.73672923169
2234,260.08415994776
2235,388.14799093992997
2236,393.797257094
2237,390.60419380848
2238,394.53411795456
2239,391.69928059497346
2240,358.1786500716649
2241,415.90866672061486
2242,458.55640029009487
2243,186.65341790511502
2244,148.87284077508488
2245,378.29942442748495
2246,129.40127739634488
2247,230.63957449242503
2248,281.6004350379849
2249,316.1074788154749
2250,474.1562937209349
2251,168.53748804066348
2252,448.4747350987698
2253,446.24898469876985
2254,446.24898469876985
2255,51.670264782900006
2256,430.07535483169
2257,426.73672923169
2258,260.08415994776
2259,388.14799093992997
2260,393.797257094
2261,390.60419380848
2262,394.53411795456
2263,391.69928059497346
2264,358.1786500716649
2265,415.90866672061486
2266,458.55640029009487
2267,186.65341790511502
2268,148.87284077508488
2269,378.29942442748495
2270,129.40127739634488
2271,230.63957449242503
2272,281.6004350379849
2273,316.1074788154749
2274,474.1562937209349
2275,168.53748804066348
2276,448.4747350987698
2277,446.24898469876985
2278,446.24898469876985
2279,51.670264782900006
2280,430.07535483169
2281,426.73672923169
2282,260.08415994776
2283,388.14799093992997
2284,393.797257094
2285,390.60419380848
2286,394.53411795456
2287,391.69928059497346
2288,358.1786500716649
2289,415.90866672061486
2290,458.55640029009487
2291,186.65341790511502
2292,148.87284077508488
2293,378.29942442748495
2294,129.40127739634488
2295,230.63957449242503
2296,281.6004350379849
2297,316.1074788154749
2298,474.1562937209349
2299,168.53748804066348
2300,448.4747350987698
2301,446.24898469876985
2302,446.24898469876985
2303,51.670264782900006
2304,430.07535483169
2305,430.74307995169
2306,201.52519039569
2307,322.37428133167
2308,328.02354792933
2309,338.60912267427
2310,382.48064847642996
2311,464.8259090023935
2312,557.76215608722
2313,169.02925688503
2314,585.55346969432
2315,249.01319115361008
2316,505.85521241205004
2317,441.14363970682996
2318,169.01869899652
2319,250.6528776832601
2320,441.09811644872
2321,262.10545772732
2322,144.23440479342
2323,467.0516594023935
2324,452.4810858187698
2325,88.2891213125998
2326,351.3747822618898
2327,434.08170555169
2328,269.17166740294
2329,430.74307995169
2330,201.52519039569
2331,322.37428133167
2332,328.02354792933
2333,338.60912267427
2334,382.48064847642996
2335,464.8259090023935
2336,557.76215608722
2337,169.02925688503
2338,585.55346969432
2339,249.01319115361008
2340,505.85521241205004
2341,441.14363970682996
2342,169.01869899652
2343,250.6528776832601
2344,441.09811644872
2345,262.10545772732
2346,144.23440479342
2347,467.0516594023935
2348,452.4810858187698
2349,88.2891213125998
2350,351.3747822618898
2351,434.08170555169
2352,269.17166740294
2353,380.01023476463996
2354,297.04124111283
2355,233.18880151502
2356,231.02744368565
2357,384.99238439244
2358,358.69828177526
2359,48.769647432083474
2360,163.96403543071
2361,238.6195395998
2362,256.00606824526
2363,312.4465973343001
2364,221.64846865927
2365,154.25006348326
2366,323.30507752676
2367,220.76739579652008
2368,375.55998115373
2369,192.88730498446
2370,278.61225190269
2371,414.3845652134235
2372,112.89743034042982
2373,270.4857747208498
2374,134.77313255021983
2375,18.02544398138
2376,373.76966962089
2377,380.01023476463996
2378,297.04124111283
2379,233.18880151502
2380,231.02744368565
2381,384.99238439244
2382,358.69828177526
2383,48.769647432083474
2384,163.96403543071
2385,238.6195395998
2386,256.00606824526
2387,312.4465973343001
2388,221.64846865927
2389,154.25006348326
2390,323.30507752676
2391,220.76739579652008
2392,375.55998115373
2393,192.88730498446
2394,278.61225190269
2395,414.3845652134235
2396,112.89743034042982
2397,270.4857747208498
2398,134.77313255021983
2399,18.02544398138
2400,373.76966962089
2401,426.73672923169
2402,260.08415994776
2403,388.14799093992997
2404,393.797257094
2405,390.60419380848
2406,394.53411795456
2407,391.69928059497346
2408,358.1786500716649
2409,415.90866672061486
2410,458.55640029009487
2411,186.65341790511502
2412,148.87284077508488
2413,378.29942442748495
2414,129.40127739634488
2415,230.63957449242503
2416,281.6004350379849
2417,316.1074788154749
2418,474.1562937209349
2419,168.53748804066348
2420,448.4747350987698
2421,446.24898469876985
2422,446.24898469876985
2423,51.670264782900006
2424,430.07535483169
2425,380.01023476463996
2426,297.04124111283
2427,233.18880151502
2428,231.02744368565
2429,384.99238439244
2430,358.69828177526
2431,48.769647432083474
2432,163.96403543071
2433,238.6195395998
2434,256.00606824526
2435,312.4465973343001
2436,221.64846865927
2437,154.25006348326
2438,323.30507752676
2439,220.76739579652008
2440,375.55998115373
2441,192.88730498446
2442,278.61225190269
2443,414.3845652134235
2444,112.89743034042982
2445,270.4857747208498
2446,134.77313255021983
2447,18.02544398138
2448,373.76966962089
2449,380.01023476463996
2450,297.04124111283
2451,233.18880151502
2452,231.02744368565
2453,384.99238439244
2454,358.69828177526
2455,48.769647432083474
2456,163.96403543071
2457,238.6195395998
2458,256.00606824526
2459,312.4465973343001
2460,221.64846865927
2461,154.25006348326
2462,323.30507752676
2463,220.76739579652008
2464,375.55998115373
2465,192.88730498446
2466,278.61225190269
2467,414.3845652134235
2468,112.89743034042982
2469,270.4857747208498
2470,134.77313255021983
2471,18.02544398138
2472,373.76966962089
2473,417.05471499169
2474,417.05471499169
2475,417.05471499169
2476,417.05471499169
2477,417.05471499169
2478,417.05471499169
2479,447.7989184423935
2480,450.0246688423935
2481,450.0246688423935
2482,450.0246688423935
2483,450.0246688423935
2484,450.0246688423935
2485,450.0246688423935
2486,450.0246688423935
2487,450.0246688423935
2488,450.0246688423935
2489,450.0246688423935
2490,450.0246688423935
2491,450.0246688423935
2492,435.4540952587698
2493,433.22834485876984
2494,433.22834485876984
2495,417.05471499169
2496,417.05471499169
2497,417.05471499169
2498,417.05471499169
2499,417.05471499169
2500,417.05471499169
2501,417.05471499169
2502,417.05471499169
2503,447.7989184423935
2504,450.0246688423935
2505,450.0246688423935
2506,450.0246688423935
2507,450.0246688423935
2508,450.0246688423935
2509,450.0246688423935
2510,450.0246688423935
2511,450.0246688423935
2512,450.0246688423935
2513,450.0246688423935
2514,450.0246688423935
2515,450.0246688423935
2516,435.4540952587698
2517,433.22834485876984
2518,433.22834485876984
2519,417.05471499169
2520,417.05471499169
2521,426.73672923169
2522,260.08415994776
2523,388.14799093992997
2524,393.797257094
2525,390.60419380848
2526,394.53411795456
2527,391.69928059497346
2528,358.1786500716649
2529,415.90866672061486
2530,458.55640029009487
2531,186.65341790511502
2532,148.87284077508488
2533,378.29942442748495
2534,129.40127739634488
2535,230.63957449242503
2536,281.6004350379849
2537,316.1074788154749
2538,474.1562937209349
2539,168.53748804066348
2540,448.4747350987698
2541,446.24898469876985
2542,446.24898469876985
2543,51.670264782900006
2544,430.07535483169
2545,426.73672923169
2546,260.08415994776
2547,388.14799093992997
2548,393.797257094
2549,390.60419380848
2550,394.53411795456
2551,391.69928059497346
2552,358.1786500716649
2553,415.90866672061486
2554,458.55640029009487
2555,186.65341790511502
2556,148.87284077508488
2557,378.29942442748495
2558,129.40127739634488
2559,230.63957449242503
2560,281.6004350379849
2561,316.1074788154749
2562,474.1562937209349
2563,168.53748804066348
2564,448.4747350987698
2565,446.24898469876985
2566,446.24898469876985
2567,51.670264782900006
2568,430.07535483169
2569,426.73672923169
2570,260.08415994776
2571,388.14799093992997
2572,393.797257094
2573,390.60419380848
2574,394.53411795456
2575,391.69928059497346
2576,358.1786500716649
2577,415.90866672061486
2578,458.55640029009487
2579,186.65341790511502
2580,148.87284077508488
2581,378.29942442748495
2582,129.40127739634488
2583,230.63957449242503
2584,281.6004350379849
2585,316.1074788154749
2586,474.1562937209349
2587,168.53748804066348
2588,448.4747350987698
2589,446.24898469876985
2590,446.24898469876985
2591,51.670264782900006
2592,430.07535483169
2593,426.73672923169
2594,260.08415994776
2595,388.14799093992997
2596,393.797257094
2597,390.60419380848
2598,394.53411795456
2599,391.69928059497346
2600,358.1786500716649
2601,415.90866672061486
2602,458.55640029009487
2603,186.65341790511502
2604,148.87284077508488
2605,378.29942442748495
2606,129.40127739634488
2607,230.63957449242503
2608,281.6004350379849
2609,316.1074788154749
2610,474.1562937209349
2611,168.53748804066348
2612,448.4747350987698
2613,446.24898469876985
2614,446.24898469876985
2615,51.670264782900006
2616,430.07535483169
2617,426.73672923169
2618,260.08415994776
2619,388.14799093992997
2620,393.797257094
2621,390.60419380848
2622,394.53411795456
2623,391.69928059497346
2624,358.1786500716649
2625,415.90866672061486
2626,458.55640029009487
2627,186.65341790511502
2628,148.87284077508488
2629,378.29942442748495
2630,129.40127739634488
2631,230.63957449242503
2632,281.6004350379849
2633,316.1074788154749
2634,474.1562937209349
2635,168.53748804066348
2636,448.4747350987698
2637,446.24898469876985
2638,446.24898469876985
2639,51.670264782900006
2640,430.07535483169
2641,426.73672923169
2642,260.08415994776
2643,388.14799093992997
2644,393.797257094
2645,390.60419380848
2646,394.53411795456
2647,391.69928059497346
2648,358.1786500716649
2649,415.90866672061486
2650,458.55640029009487
2651,186.65341790511502
2652,148.87284077508488
2653,378.29942442748495
2654,129.40127739634488
2655,230.63957449242503
2656,281.6004350379849
2657,316.1074788154749
2658,474.1562937209349
2659,168.53748804066348
2660,448.4747350987698
2661,446.24898469876985
2662,446.24898469876985
2663,51.670264782900006
2664,430.07535483169
2665,426.73672923169
2666,260.08415994776
2667,388.14799093992997
2668,393.797257094
2669,390.60419380848
2670,394.53411795456
2671,391.69928059497346
2672,358.1786500716649
2673,415.90866672061486
2674,458.55640029009487
2675,186.65341790511502
2676,148.87284077508488
2677,378.29942442748495
2678,129.40127739634488
2679,230.63957449242503
2680,281.6004350379849
2681,316.1074788154749
2682,474.1562937209349
2683,168.53748804066348
2684,448.4747350987698
2685,446.24898469876985
2686,446.24898469876985
2687,51.670264782900006
2688,430.07535483169
2689,426.73672923169
2690,260.08415994776
2691,388.14799093992997
2692,393.797257094
2693,390.60419380848
2694,394.53411795456
2695,391.69928059497346
2696,358.1786500716649
2697,415.90866672061486
2698,458.55640029009487
2699,186.65341790511502
2700,148.87284077508488
2701,378.29942442748495
2702,129.40127739634488
2703,230.63957449242503
2704,281.6004350379849
2705,316.1074788154749
2706,474.1562937209349
2707,168.53748804066348
2708,448.4747350987698
2709,446.24898469876985
2710,446.24898469876985
2711,51.670264782900006
2712,430.07535483169
2713,426.73672923169
2714,260.08415994776
2715,388.14799093992997
2716,393.797257094
2717,390.60419380848
2718,394.53411795456
2719,391.69928059497346
2720,358.1786500716649
2721,415.90866672061486
2722,458.55640029009487
2723,186.65341790511502
2724,148.87284077508488
2725,378.29942442748495
2726,129.40127739634488
2727,230.63957449242503
2728,281.6004350379849
2729,316.1074788154749
2730,474.1562937209349
2731,168.53748804066348
2732,448.4747350987698
2733,446.24898469876985
2734,446.24898469876985
2735,51.670264782900006
2736,430.07535483169
2737,380.01023476463996
2738,297.04124111283
2739,233.18880151502
2740,231.02744368565
2741,384.99238439244
2742,358.69828177526
2743,48.769647432083474
2744,163.96403543071
2745,238.6195395998
2746,256.00606824526
2747,312.4465973343001
2748,221.64846865927
2749,154.25006348326
2750,323.30507752676
2751,220.76739579652008
2752,375.55998115373
2753,192.88730498446
2754,278.61225190269
2755,414.3845652134235
2756,112.89743034042982
2757,270.4857747208498
2758,134.77313255021983
2759,18.02544398138
2760,373.76966962089
2761,170.33651525749002
2762,42.72291536584
2763,45.195091914710005
2764,52.134927194910006
2765,20.239160079730002
2766,20.239160079730002
2767,49.87424095169348
2768,185.1817654904984
2769,182.22450619657837
2770,210.60282379657838
2771,240.09026397531838
2772,213.3621907934784
2773,133.21063531696842
2774,182.4553629169684
2775,603.3073130659584
2776,210.8336805169684
2777,411.3598796988684
2778,511.59064217244844
2779,342.6335306094235
2780,37.760274488459814
2781,75.42207473166982
2782,60.288191248009824
2783,52.134927194910006
2784,20.239160079730002
2785,16.900534479730002
2786,19.13003750099
2787,52.134927194910006
2788,19.13003750099
2789,19.13003750099
2790,21.889404497890002
2791,51.20712413963348
2792,152.40773251696842
2793,247.14565997448838
2794,210.8336805169684
2795,239.4308872194384
2796,210.8336805169684
2797,133.9620202053284
2798,183.33362877531837
2799,238.98114139657838
2800,210.60282379657838
2801,207.26419819657838
2802,152.1768757965784
2803,53.209113930433475
2804,38.63854034680982
2805,35.303667368069824
2806,36.953911786229824
2807,19.36089422138
2808,255.43483818116002
2809,16.900534479730002
2810,19.13003750099
2811,52.134927194910006
2812,19.13003750099
2813,19.13003750099
2814,21.889404497890002
2815,51.20712413963348
2816,152.40773251696842
2817,247.14565997448838
2818,210.8336805169684
2819,239.4308872194384
2820,210.8336805169684
2821,133.9620202053284
2822,183.33362877531837
2823,238.98114139657838
2824,210.60282379657838
2825,207.26419819657838
2826,152.1768757965784
2827,53.209113930433475
2828,38.63854034680982
2829,35.303667368069824
2830,36.953911786229824
2831,19.36089422138
2832,255.43483818116002
2833,170.33651525749002
2834,42.72291536584
2835,45.195091914710005
2836,52.134927194910006
2837,20.239160079730002
2838,20.239160079730002
2839,49.87424095169348
2840,185.1817654904984
2841,182.22450619657837
2842,210.60282379657838
2843,240.09026397531838
2844,213.3621907934784
2845,133.21063531696842
2846,182.4553629169684
2847,603.3073130659584
2848,210.8336805169684
2849,411.3598796988684
2850,511.59064217244844
2851,342.6335306094235
2852,37.760274488459814
2853,75.42207473166982
2854,60.288191248009824
2855,52.134927194910006
2856,20.239160079730002
2857,184.32137922318
2858,193.75128635505
2859,199.20415741819002
2860,249.39708821813002
2861,363.80658755274
2862,19.36089422138
2863,219.2072501192235
2864,244.8570122744784
2865,402.6766326197684
2866,235.5873476765184
2867,271.9860310904984
2868,211.71194637531838
2869,134.0889011753184
2870,196.08315812619838
2871,279.6664161267284
2872,227.6010047813484
2873,382.34412722215836
2874,154.9362427934784
2875,160.09788740374347
2876,241.1610436737298
2877,398.32895555378985
2878,96.31814644539982
2879,241.4508440957
2880,243.36658119462
2881,16.900534479730002
2882,19.13003750099
2883,52.134927194910006
2884,19.13003750099
2885,19.13003750099
2886,21.889404497890002
2887,51.20712413963348
2888,152.40773251696842
2889,247.14565997448838
2890,210.8336805169684
2891,239.4308872194384
2892,210.8336805169684
2893,133.9620202053284
2894,183.33362877531837
2895,238.98114139657838
2896,210.60282379657838
2897,207.26419819657838
2898,152.1768757965784
2899,53.209113930433475
2900,38.63854034680982
2901,35.303667368069824
2902,36.953911786229824
2903,19.36089422138
2904,255.43483818116002
2905,16.900534479730002
2906,19.13003750099
2907,52.134927194910006
2908,19.13003750099
2909,19.13003750099
2910,21.889404497890002
2911,51.20712413963348
2912,152.40773251696842
2913,247.14565997448838
2914,210.8336805169684
2915,239.4308872194384
2916,210.8336805169684
2917,133.9620202053284
2918,183.33362877531837
2919,238.98114139657838
2920,210.60282379657838
2921,207.26419819657838
2922,152.1768757965784
2923,53.209113930433475
2924,38.63854034680982
2925,35.303667368069824
2926,36.953911786229824
2927,19.36089422138
2928,255.43483818116002
2929,380.01023476463996
2930,297.04124111283
2931,233.18880151502
2932,231.02744368565
2933,384.99238439244
2934,358.69828177526
2935,48.769647432083474
2936,163.96403543071
2937,238.6195395998
2938,256.00606824526
2939,312.4465973343001
2940,221.64846865927
2941,154.25006348326
2942,323.30507752676
2943,220.76739579652008
2944,375.55998115373
2945,192.88730498446
2946,278.61225190269
2947,414.3845652134235
2948,112.89743034042982
2949,270.4857747208498
2950,134.77313255021983
2951,18.02544398138
2952,373.76966962089
2953,16.900534479730002
2954,19.13003750099
2955,52.134927194910006
2956,19.13003750099
2957,19.13003750099
2958,21.889404497890002
2959,51.20712413963348
2960,152.40773251696842
2961,247.14565997448838
2962,210.8336805169684
2963,239.4308872194384
2964,210.8336805169684
2965,133.9620202053284
2966,183.33362877531837
2967,238.98114139657838
2968,210.60282379657838
2969,207.26419819657838
2970,152.1768757965784
2971,53.209113930433475
2972,38.63854034680982
2973,35.303667368069824
2974,36.953911786229824
2975,19.36089422138
2976,255.43483818116002
2977,16.900534479730002
2978,19.13003750099
2979,52.134927194910006
2980,19.13003750099
2981,19.13003750099
2982,21.889404497890002
2983,51.20712413963348
2984,152.40773251696842
2985,247.14565997448838
2986,210.8336805169684
2987,239.4308872194384
2988,210.8336805169684
2989,133.9620202053284
2990,183.33362877531837
2991,238.98114139657838
2992,210.60282379657838
2993,207.26419819657838
2994,152.1768757965784
2995,53.209113930433475
2996,38.63854034680982
2997,35.303667368069824
2998,36.953911786229824
2999,19.36089422138
3000,255.43483818116002
3001,16.900534479730002
3002,19.13003750099
3003,52.134927194910006
3004,19.13003750099
3005,19.13003750099
3006,21.889404497890002
3007,51.20712413963348
3008,152.40773251696842
3009,247.14565997448838
3010,210.8336805169684
3011,239.4308872194384
3012,210.8336805169684
3013,133.9620202053284
3014,183.33362877531837
3015,238.98114139657838
3016,210.60282379657838
3017,207.26419819657838
3018,152.1768757965784
3019,53.209113930433475
3020,38.63854034680982
3021,35.303667368069824
3022,36.953911786229824
3023,19.36089422138
3024,255.43483818116002
3025,0.9984534213800003
3026,302.90261459246
3027,140.50868704551002
3028,81.88784910377
3029,0.6407157310100002
3030,0.7675967009900002
3031,31.51180015169348
3032,33.73755055169348
3033,33.73755055169348
3034,33.73755055169348
3035,33.73755055169348
3036,33.73755055169348
3037,33.73755055169348
3038,33.73755055169348
3039,35.38779496985348
3040,33.968407272083475
3041,159.64250160891348
3042,33.73755055169348
3043,33.52639145070348
3044,18.95581786707982
3045,16.73006746707982
3046,16.73006746707982
3047,0.5564376000000002
3048,0.5564376000000002
3049,0.9984534213800003
3050,302.90261459246
3051,140.50868704551002
3052,81.88784910377
3053,0.6407157310100002
3054,0.7675967009900002
3055,31.51180015169348
3056,33.73755055169348
3057,33.73755055169348
3058,33.73755055169348
3059,33.73755055169348
3060,33.73755055169348
3061,33.73755055169348
3062,33.73755055169348
3063,35.38779496985348
3064,33.968407272083475
3065,159.64250160891348
3066,33.73755055169348
3067,33.52639145070348
3068,18.95581786707982
3069,16.73006746707982
3070,16.73006746707982
3071,0.5564376000000002
3072,0.5564376000000002
3073,0.0
3074,0.0
3075,0.0
3076,0.0
3077,0.0
3078,0.0
3079,14.57057358362366
3080,14.57057358362366
3081,14.57057358362366
3082,14.57057358362366
3083,14.57057358362366
3084,14.57057358362366
3085,14.57057358362366
3086,14.57057358362366
3087,14.57057358362366
3088,14.57057358362366
3089,14.57057358362366
3090,14.57057358362366
3091,14.57057358362366
3092,0.0
3093,0.0
3094,0.0
3095,0.0
3096,0.0
3097,16.900534479730002
3098,19.13003750099
3099,52.134927194910006
3100,19.13003750099
3101,19.13003750099
3102,21.889404497890002
3103,51.20712413963348
3104,152.40773251696842
3105,247.14565997448838
3106,210.8336805169684
3107,239.4308872194384
3108,210.8336805169684
3109,133.9620202053284
3110,183.33362877531837
3111,238.98114139657838
3112,210.60282379657838
3113,207.26419819657838
3114,152.1768757965784
3115,53.209113930433475
3116,38.63854034680982
3117,35.303667368069824
3118,36.953911786229824
3119,19.36089422138
3120,255.43483818116002
3121,16.900534479730002
3122,19.13003750099
3123,52.134927194910006
3124,19.13003750099
3125,19.13003750099
3126,21.889404497890002
3127,51.20712413963348
3128,152.40773251696842
3129,247.14565997448838
3130,210.8336805169684
3131,239.4308872194384
3132,210.8336805169684
3133,133.9620202053284
3134,183.33362877531837
3135,238.98114139657838
3136,210.60282379657838
3137,207.26419819657838
3138,152.1768757965784
3139,53.209113930433475
3140,38.63854034680982
3141,35.303667368069824
3142,36.953911786229824
3143,19.36089422138
3144,255.43483818116002
3145,170.33651525749002
3146,42.72291536584
3147,45.195091914710005
3148,52.134927194910006
3149,20.239160079730002
3150,20.239160079730002
3151,49.87424095169348
3152,185.1817654904984
3153,182.22450619657837
3154,210.60282379657838
3155,240.09026397531838
3156,213.3621907934784
3157,133.21063531696842
3158,182.4553629169684
3159,603.3073130659584
3160,210.8336805169684
3161,411.3598796988684
3162,511.59064217244844
3163,342.6335306094235
3164,37.760274488459814
3165,75.42207473166982
3166,60.288191248009824
3167,52.134927194910006
3168,20.239160079730002
3169,16.900534479730002
3170,19.13003750099
3171,52.134927194910006
3172,19.13003750099
3173,19.13003750099
3174,21.889404497890002
3175,51.20712413963348
3176,152.40773251696842
3177,247.14565997448838
3178,210.8336805169684
3179,239.4308872194384
3180,210.8336805169684
3181,133.9620202053284
3182,183.33362877531837
3183,238.98114139657838
3184,210.60282379657838
3185,207.26419819657838
3186,152.1768757965784
3187,53.209113930433475
3188,38.63854034680982
3189,35.303667368069824
3190,36.953911786229824
3191,19.36089422138
3192,255.43483818116002
3193,184.32137922318
3194,193.75128635505
3195,199.20415741819002
3196,249.39708821813002
3197,363.80658755274
3198,19.36089422138
3199,219.2072501192235
3200,244.8570122744784
3201,402.6766326197684
3202,235.5873476765184
3203,271.9860310904984
3204,211.71194637531838
3205,134.0889011753184
3206,196.08315812619838
3207,279.6664161267284
3208,227.6010047813484
3209,382.34412722215836
3210,154.9362427934784
3211,160.09788740374347
3212,241.1610436737298
3213,398.32895555378985
3214,96.31814644539982
3215,241.4508440957
3216,243.36658119462
3217,184.32137922318
3218,193.75128635505
3219,199.20415741819002
3220,249.39708821813002
3221,363.80658755274
3222,19.36089422138
3223,219.2072501192235
3224,244.8570122744784
3225,402.6766326197684
3226,235.5873476765184
3227,271.9860310904984
3228,211.71194637531838
3229,134.0889011753184
3230,196.08315812619838
3231,279.6664161267284
3232,227.6010047813484
3233,382.34412722215836
3234,154.9362427934784
3235,160.09788740374347
3236,241.1610436737298
3237,398.32895555378985
3238,96.31814644539982
3239,241.4508440957
3240,243.36658119462
3241,170.33651525749002
3242,42.72291536584
3243,45.195091914710005
3244,52.134927194910006
3245,20.239160079730002
3246,20.239160079730002
3247,49.87424095169348
3248,185.1817654904984
3249,182.22450619657837
3250,210.60282379657838
3251,240.09026397531838
3252,213.3621907934784
3253,133.21063531696842
3254,182.4553629169684
3255,603.3073130659584
3256,210.8336805169684
3257,411.3598796988684
3258,511.59064217244844
3259,342.6335306094235
3260,37.760274488459814
3261,75.42207473166982
3262,60.288191248009824
3263,52.134927194910006
3264,20.239160079730002
3265,16.900534479730002
3266,19.13003750099
3267,52.134927194910006
3268,19.13003750099
3269,19.13003750099
3270,21.889404497890002
3271,51.20712413963348
3272,152.40773251696842
3273,247.14565997448838
3274,210.8336805169684
3275,239.4308872194384
3276,210.8336805169684
3277,133.9620202053284
3278,183.33362877531837
3279,238.98114139657838
3280,210.60282379657838
3281,207.26419819657838
3282,152.1768757965784
3283,53.209113930433475
3284,38.63854034680982
3285,35.303667368069824
3286,36.953911786229824
3287,19.36089422138
3288,255.43483818116002
3289,16.900534479730002
3290,19.13003750099
3291,52.134927194910006
3292,19.13003750099
3293,19.13003750099
3294,21.889404497890002
3295,51.20712413963348
3296,152.40773251696842
3297,247.14565997448838
3298,210.8336805169684
3299,239.4308872194384
3300,210.8336805169684
3301,133.9620202053284
3302,183.33362877531837
3303,238.98114139657838
3304,210.60282379657838
3305,207.26419819657838
3306,152.1768757965784
3307,53.209113930433475
3308,38.63854034680982
3309,35.303667368069824
3310,36.953911786229824
3311,19.36089422138
3312,255.43483818116002
3313,170.33651525749002
3314,42.72291536584
3315,45.195091914710005
3316,52.134927194910006
3317,20.239160079730002
3318,20.239160079730002
3319,49.87424095169348
3320,185.1817654904984
3321,182.22450619657837
3322,210.60282379657838
3323,240.09026397531838
3324,213.3621907934784
3325,133.21063531696842
3326,182.4553629169684
3327,603.3073130659584
3328,210.8336805169684
3329,411.3598796988684
3330,511.59064217244844
3331,342.6335306094235
3332,37.760274488459814
3333,75.42207473166982
3334,60.288191248009824
3335,52.134927194910006
3336,20.239160079730002
3337,16.900534479730002
3338,19.13003750099
3339,52.134927194910006
3340,19.13003750099
3341,19.13003750099
3342,21.889404497890002
3343,51.20712413963348
3344,152.40773251696842
3345,247.14565997448838
3346,210.8336805169684
3347,239.4308872194384
3348,210.8336805169684
3349,133.9620202053284
3350,183.33362877531837
3351,238.98114139657838
3352,210.60282379657838
3353,207.26419819657838
3354,152.1768757965784
3355,53.209113930433475
3356,38.63854034680982
3357,35.303667368069824
3358,36.953911786229824
3359,19.36089422138
3360,255.43483818116002
3361,0.0
3362,0.0
3363,0.0
3364,0.0
3365,0.0
3366,0.0
3367,14.57057358362366
3368,14.57057358362366
3369,14.57057358362366
3370,14.57057358362366
3371,14.57057358362366
3372,14.57057358362366
3373,14.57057358362366
3374,14.57057358362366
3375,14.57057358362366
3376,14.57057358362366
3377,14.57057358362366
3378,14.57057358362366
3379,14.57057358362366
3380,0.0
3381,0.0
3382,0.0
3383,0.0
3384,0.0
3385,16.900534479730002
3386,19.13003750099
3387,52.134927194910006
3388,19.13003750099
3389,19.13003750099
3390,21.889404497890002
3391,51.20712413963348
3392,152.40773251696842
3393,247.14565997448838
3394,210.8336805169684
3395,239.4308872194384
3396,210.8336805169684
3397,133.9620202053284
3398,183.33362877531837
3399,238.98114139657838
3400,210.60282379657838
3401,207.26419819657838
3402,152.1768757965784
3403,53.209113930433475
3404,38.63854034680982
3405,35.303667368069824
3406,36.953911786229824
3407,19.36089422138
3408,255.43483818116002
3409,0.0
3410,0.0
3411,0.0
3412,0.0
3413,0.0
3414,0.0
3415,14.57057358362366
3416,14.57057358362366
3417,14.57057358362366
3418,14.57057358362366
3419,14.57057358362366
3420,14.57057358362366
3421,14.57057358362366
3422,14.57057358362366
3423,14.57057358362366
3424,14.57057358362366
3425,14.57057358362366
3426,14.57057358362366
3427,14.57057358362366
3428,0.0
3429,0.0
3430,0.0
3431,0.0
3432,0.0
3433,0.0
3434,0.0
3435,0.0
3436,0.0
3437,0.0
3438,0.0
3439,14.57057358362366
3440,14.57057358362366
3441,14.57057358362366
3442,14.57057358362366
3443,14.57057358362366
3444,14.57057358362366
3445,14.57057358362366
3446,14.57057358362366
3447,14.57057358362366
3448,14.57057358362366
3449,14.57057358362366
3450,14.57057358362366
3451,14.57057358362366
3452,0.0
3453,0.0
3454,0.0
3455,0.0
3456,0.0
3457,0.0
3458,0.0
3459,0.0
3460,0.0
3461,0.0
3462,0.0
3463,14.57057358362366
3464,14.57057358362366
3465,14.57057358362366
3466,14.57057358362366
3467,14.57057358362366
3468,14.57057358362366
3469,14.57057358362366
3470,14.57057358362366
3471,14.57057358362366
3472,14.57057358362366
3473,14.57057358362366
3474,14.57057358362366
3475,14.57057358362366
3476,0.0
3477,0.0
3478,0.0
3479,0.0
3480,0.0
3481,0.0
3482,0.0
3483,0.0
3484,0.0
3485,0.0
3486,0.0
3487,14.57057358362366
3488,14.57057358362366
3489,14.57057358362366
3490,14.57057358362366
3491,14.57057358362366
3492,14.57057358362366
3493,14.57057358362366
3494,14.57057358362366
3495,14.57057358362366
3496,14.57057358362366
3497,14.57057358362366
3498,14.57057358362366
3499,14.57057358362366
3500,0.0
3501,0.0
3502,0.0
3503,0.0
3504,0.0
3505,184.32137922318
3506,193.75128635505
3507,199.20415741819002
3508,249.39708821813002
3509,363.80658755274
3510,19.36089422138
3511,219.2072501192235
3512,244.8570122744784
3513,402.6766326197684
3514,235.5873476765184
3515,271.9860310904984
3516,211.71194637531838
3517,134.0889011753184
3518,196.08315812619838
3519,279.6664161267284
3520,227.6010047813484
3521,382.34412722215836
3522,154.9362427934784
3523,160.09788740374347
3524,241.1610436737298
3525,398.32895555378985
3526,96.31814644539982
3527,241.4508440957
3528,243.36658119462
3529,16.900534479730002
3530,19.13003750099
3531,52.134927194910006
3532,19.13003750099
3533,19.13003750099
3534,21.889404497890002
3535,51.20712413963348
3536,152.40773251696842
3537,247.14565997448838
3538,210.8336805169684
3539,239.4308872194384
3540,210.8336805169684
3541,133.9620202053284
3542,183.33362877531837
3543,238.98114139657838
3544,210.60282379657838
3545,207.26419819657838
3546,152.1768757965784
3547,53.209113930433475
3548,38.63854034680982
3549,35.303667368069824
3550,36.953911786229824
3551,19.36089422138
3552,255.43483818116002
3553,0.0
3554,0.0
3555,0.0
3556,0.0
3557,0.0
3558,0.0
3559,14.57057358362366
3560,14.57057358362366
3561,14.57057358362366
3562,14.57057358362366
3563,14.57057358362366
3564,14.57057358362366
3565,14.57057358362366
3566,14.57057358362366
3567,14.57057358362366
3568,14.57057358362366
3569,14.57057358362366
3570,14.57057358362366
3571,14.57057358362366
3572,0.0
3573,0.0
3574,0.0
3575,0.0
3576,0.0
3577,0.0
3578,0.0
3579,0.0
3580,0.0
3581,0.0
3582,0.0
3583,14.57057358362366
3584,14.57057358362366
3585,14.57057358362366
3586,14.57057358362366
3587,14.57057358362366
3588,14.57057358362366
3589,14.57057358362366
3590,14.57057358362366
3591,14.57057358362366
3592,14.57057358362366
3593,14.57057358362366
3594,14.57057358362366
3595,14.57057358362366
3596,0.0
3597,0.0
3598,0.0
3599,0.0
3600,0.0
3601,184.32137922318
3602,193.75128635505
3603,199.20415741819002
3604,249.39708821813002
3605,363.80658755274
3606,19.36089422138
3607,219.2072501192235
3608,244.8570122744784
3609,402.6766326197684
3610,235.5873476765184
3611,271.9860310904984
3612,211.71194637531838
3613,134.0889011753184
3614,196.08315812619838
3615,279.6664161267284
3616,227.6010047813484
3617,382.34412722215836
3618,154.9362427934784
3619,160.09788740374347
3620,241.1610436737298
3621,398.32895555378985
3622,96.31814644539982
3623,241.4508440957
3624,243.36658119462
3625,170.33651525749002
3626,42.72291536584
3627,45.195091914710005
3628,52.134927194910006
3629,20.239160079730002
3630,20.239160079730002
3631,49.87424095169348
3632,185.1817654904984
3633,182.22450619657837
3634,210.60282379657838
3635,240.09026397531838
3636,213.3621907934784
3637,133.21063531696842
3638,182.4553629169684
3639,603.3073130659584
3640,210.8336805169684
3641,411.3598796988684
3642,511.59064217244844
3643,342.6335306094235
3644,37.760274488459814
3645,75.42207473166982
3646,60.288191248009824
3647,52.134927194910006
3648,20.239160079730002
3649,170.33651525749002
3650,42.72291536584
3651,45.195091914710005
3652,52.134927194910006
3653,20.239160079730002
3654,20.239160079730002
3655,49.87424095169348
3656,185.1817654904984
3657,182.22450619657837
3658,210.60282379657838
3659,240.09026397531838
3660,213.3621907934784
3661,133.21063531696842
3662,182.4553629169684
3663,603.3073130659584
3664,210.8336805169684
3665,411.3598796988684
3666,511.59064217244844
3667,342.6335306094235
3668,37.760274488459814
3669,75.42207473166982
3670,60.288191248009824
3671,52.134927194910006
3672,20.239160079730002
3673,16.900534479730002
3674,19.13003750099
3675,52.134927194910006
3676,19.13003750099
3677,19.13003750099
3678,21.889404497890002
3679,51.20712413963348
3680,152.40773251696842
3681,247.14565997448838
3682,210.8336805169684
3683,239.4308872194384
3684,210.8336805169684
3685,133.9620202053284
3686,183.33362877531837
3687,238.98114139657838
3688,210.60282379657838
3689,207.26419819657838
3690,152.1768757965784
3691,53.209113930433475
3692,38.63854034680982
3693,35.303667368069824
3694,36.953911786229824
3695,19.36089422138
3696,255.43483818116002
3697,184.32137922318
3698,193.75128635505
3699,199.20415741819002
3700,249.39708821813002
3701,363.80658755274
3702,19.36089422138
3703,219.2072501192235
3704,244.8570122744784
3705,402.6766326197684
3706,235.5873476765184
3707,271.9860310904984
3708,211.71194637531838
3709,134.0889011753184
3710,196.08315812619838
3711,279.6664161267284
3712,227.6010047813484
3713,382.34412722215836
3714,154.9362427934784
3715,160.09788740374347
3716,241.1610436737298
3717,398.32895555378985
3718,96.31814644539982
3719,241.4508440957
3720,243.36658119462
3721,380.01023476463996
3722,297.04124111283
3723,233.18880151502
3724,231.02744368565
3725,384.99238439244
3726,358.69828177526
3727,48.769647432083474
3728,163.96403543071
3729,238.6195395998
3730,256.00606824526
3731,312.4465973343001
3732,221.64846865927
3733,154.25006348326
3734,323.30507752676
3735,220.76739579652008
3736,375.55998115373
3737,192.88730498446
3738,278.61225190269
3739,414.3845652134235
3740,112.89743034042982
3741,270.4857747208498
3742,134.77313255021983
3743,18.02544398138
3744,373.76966962089
3745,430.74307995169
3746,201.52519039569
3747,322.37428133167
3748,328.02354792933
3749,338.60912267427
3750,382.48064847642996
3751,464.8259090023935
3752,557.76215608722
3753,169.02925688503
3754,585.55346969432
3755,249.01319115361008
3756,505.85521241205004
3757,441.14363970682996
3758,169.01869899652
3759,250.6528776832601
3760,441.09811644872
3761,262.10545772732
3762,144.23440479342
3763,467.0516594023935
3764,452.4810858187698
3765,88.2891213125998
3766,351.3747822618898
3767,434.08170555169
3768,269.17166740294
3769,184.32137922318
3770,193.75128635505
3771,199.20415741819002
3772,249.39708821813002
3773,363.80658755274
3774,19.36089422138
3775,219.2072501192235
3776,244.8570122744784
3777,402.6766326197684
3778,235.5873476765184
3779,271.9860310904984
3780,211.71194637531838
3781,134.0889011753184
3782,196.08315812619838
3783,279.6664161267284
3784,227.6010047813484
3785,382.34412722215836
3786,154.9362427934784
3787,160.09788740374347
3788,241.1610436737298
3789,398.32895555378985
3790,96.31814644539982
3791,241.4508440957
3792,243.36658119462
3793,184.32137922318
3794,193.75128635505
3795,199.20415741819002
3796,249.39708821813002
3797,363.80658755274
3798,19.36089422138
3799,219.2072501192235
3800,244.8570122744784
3801,402.6766326197684
3802,235.5873476765184
3803,271.9860310904984
3804,211.71194637531838
3805,134.0889011753184
3806,196.08315812619838
3807,279.6664161267284
3808,227.6010047813484
3809,382.34412722215836
3810,154.9362427934784
3811,160.09788740374347
3812,241.1610436737298
3813,398.32895555378985
3814,96.31814644539982
3815,241.4508440957
3816,243.36658119462
3817,16.900534479730002
3818,19.13003750099
3819,52.134927194910006
3820,19.13003750099
3821,19.13003750099
3822,21.889404497890002
3823,51.20712413963348
3824,152.40773251696842
3825,247.14565997448838
3826,210.8336805169684
3827,239.4308872194384
3828,210.8336805169684
3829,133.9620202053284
3830,183.33362877531837
3831,238.98114139657838
3832,210.60282379657838
3833,207.26419819657838
3834,152.1768757965784
3835,53.209113930433475
3836,38.63854034680982
3837,35.303667368069824
3838,36.953911786229824
3839,19.36089422138
3840,255.43483818116002
3841,170.33651525749002
3842,42.72291536584
3843,45.195091914710005
3844,52.134927194910006
3845,20.239160079730002
3846,20.239160079730002
3847,49.87424095169348
3848,185.1817654904984
3849,182.22450619657837
3850,210.60282379657838
3851,240.09026397531838
3852,213.3621907934784
3853,133.21063531696842
3854,182.4553629169684
3855,603.3073130659584
3856,210.8336805169684
3857,411.3598796988684
3858,511.59064217244844
3859,342.6335306094235
3860,37.760274488459814
3861,75.42207473166982
3862,60.288191248009824
3863,52.134927194910006
3864,20.239160079730002
3865,170.33651525749002
3866,42.72291536584
3867,45.195091914710005
3868,52.134927194910006
3869,20.239160079730002
3870,20.239160079730002
3871,49.87424095169348
3872,185.1817654904984
3873,182.22450619657837
3874,210.60282379657838
3875,240.09026397531838
3876,213.3621907934784
3877,133.21063531696842
3878,182.4553629169684
3879,603.3073130659584
3880,210.8336805169684
3881,411.3598796988684
3882,511.59064217244844
3883,342.6335306094235
3884,37.760274488459814
3885,75.42207473166982
3886,60.288191248009824
3887,52.134927194910006
3888,20.239160079730002
3889,16.900534479730002
3890,19.13003750099
3891,52.134927194910006
3892,19.13003750099
3893,19.13003750099
3894,21.889404497890002
3895,51.20712413963348
3896,152.40773251696842
3897,247.14565997448838
3898,210.8336805169684
3899,239.4308872194384
3900,210.8336805169684
3901,133.9620202053284
3902,183.33362877531837
3903,238.98114139657838
3904,210.60282379657838
3905,207.26419819657838
3906,152.1768757965784
3907,53.209113930433475
3908,38.63854034680982
3909,35.303667368069824
3910,36.953911786229824
3911,19.36089422138
3912,255.43483818116002
3913,16.900534479730002
3914,19.13003750099
3915,52.134927194910006
3916,19.13003750099
3917,19.13003750099
3918,21.889404497890002
3919,51.20712413963348
3920,152.40773251696842
3921,247.14565997448838
3922,210.8336805169684
3923,239.4308872194384
3924,210.8336805169684
3925,133.9620202053284
3926,183.33362877531837
3927,238.98114139657838
3928,210.60282379657838
3929,207.26419819657838
3930,152.1768757965784
3931,53.209113930433475
3932,38.63854034680982
3933,35.303667368069824
3934,36.953911786229824
3935,19.36089422138
3936,255.43483818116002
3937,16.900534479730002
3938,19.13003750099
3939,52.134927194910006
3940,19.13003750099
3941,19.13003750099
3942,21.889404497890002
3943,51.20712413963348
3944,152.40773251696842
3945,247.14565997448838
3946,210.8336805169684
3947,239.4308872194384
3948,210.8336805169684
3949,133.9620202053284
3950,183.33362877531837
3951,238.98114139657838
3952,210.60282379657838
3953,207.26419819657838
3954,152.1768757965784
3955,53.209113930433475
3956,38.63854034680982
3957,35.303667368069824
3958,36.953911786229824
3959,19.36089422138
3960,255.43483818116002
3961,184.32137922318
3962,193.75128635505
3963,199.20415741819002
3964,249.39708821813002
3965,363.80658755274
3966,19.36089422138
3967,219.2072501192235
3968,244.8570122744784
3969,402.6766326197684
3970,235.5873476765184
3971,271.9860310904984
3972,211.71194637531838
3973,134.0889011753184
3974,196.08315812619838
3975,279.6664161267284
3976,227.6010047813484
3977,382.34412722215836
3978,154.9362427934784
3979,160.09788740374347
3980,241.1610436737298
3981,398.32895555378985
3982,96.31814644539982
3983,241.4508440957
3984,243.36658119462
3985,184.32137922318
3986,193.75128635505
3987,199.20415741819002
3988,249.39708821813002
3989,363.80658755274
3990,19.36089422138
3991,219.2072501192235
3992,244.8570122744784
3993,402.6766326197684
3994,235.5873476765184
3995,271.9860310904984
3996,211.71194637531838
3997,134.0889011753184
3998,196.08315812619838
3999,279.6664161267284
4000,227.6010047813484
4001,382.34412722215836
4002,154.9362427934784
4003,160.09788740374347
4004,241.1610436737298
4005,398.32895555378985
4006,96.31814644539982
4007,241.4508440957
4008,243.36658119462
4009,170.33651525749002
4010,42.72291536584
4011,45.195091914710005
4012,52.134927194910006
4013,20.239160079730002
4014,20.239160079730002
4015,49.87424095169348
4016,185.1817654904984
4017,182.22450619657837
4018,210.60282379657838
4019,240.09026397531838
4020,213.3621907934784
4021,133.21063531696842
4022,182.4553629169684
4023,603.3073130659584
4024,210.8336805169684
4025,411.3598796988684
4026,511.59064217244844
4027,342.6335306094235
4028,37.760274488459814
4029,75.42207473166982
4030,60.288191248009824
4031,52.134927194910006
4032,20.239160079730002
4033,0.0
4034,0.0
4035,0.0
4036,0.0
4037,0.0
4038,0.0
4039,14.57057358362366
4040,14.57057358362366
4041,14.57057358362366
4042,14.57057358362366
4043,14.57057358362366
4044,14.57057358362366
4045,14.57057358362366
4046,14.57057358362366
4047,14.57057358362366
4048,14.57057358362366
4049,14.57057358362366
4050,14.57057358362366
4051,14.57057358362366
4052,0.0
4053,0.0
4054,0.0
4055,0.0
4056,0.0
4057,0.0
4058,0.0
4059,0.0
4060,0.0
4061,0.0
4062,0.0
4063,14.57057358362366
4064,14.57057358362366
4065,14.57057358362366
4066,14.57057358362366
4067,14.57057358362366
4068,14.57057358362366
4069,14.57057358362366
4070,14.57057358362366
4071,14.57057358362366
4072,14.57057358362366
4073,14.57057358362366
4074,14.57057358362366
4075,14.57057358362366
4076,0.0
4077,0.0
4078,0.0
4079,0.0
4080,0.0
4081,0.0
4082,0.0
4083,0.0
4084,0.0
4085,0.0
4086,0.0
4087,14.57057358362366
4088,14.57057358362366
4089,14.57057358362366
4090,14.57057358362366
4091,14.57057358362366
4092,14.57057358362366
4093,14.57057358362366
4094,14.57057358362366
4095,14.57057358362366
4096,14.57057358362366
4097,14.57057358362366
4098,14.57057358362366
4099,14.57057358362366
4100,0.0
4101,0.0
4102,0.0
4103,0.0
4104,0.0
4105,0.9984534213800003
4106,302.90261459246
4107,140.50868704551002
4108,81.88784910377
4109,0.6407157310100002
4110,0.7675967009900002
4111,31.51180015169348
4112,33.73755055169348
4113,33.73755055169348
4114,33.73755055169348
4115,33.73755055169348
4116,33.73755055169348
4117,33.73755055169348
4118,33.73755055169348
4119,35.38779496985348
4120,33.968407272083475
4121,159.64250160891348
4122,33.73755055169348
4123,33.52639145070348
4124,18.95581786707982
4125,16.73006746707982
4126,16.73006746707982
4127,0.5564376000000002
4128,0.5564376000000002
4129,0.9984534213800003
4130,302.90261459246
4131,140.50868704551002
4132,81.88784910377
4133,0.6407157310100002
4134,0.7675967009900002
4135,31.51180015169348
4136,33.73755055169348
4137,33.73755055169348
4138,33.73755055169348
4139,33.73755055169348
4140,33.73755055169348
4141,33.73755055169348
4142,33.73755055169348
4143,35.38779496985348
4144,33.968407272083475
4145,159.64250160891348
4146,33.73755055169348
4147,33.52639145070348
4148,18.95581786707982
4149,16.73006746707982
4150,16.73006746707982
4151,0.5564376000000002
4152,0.5564376000000002
4153,0.9984534213800003
4154,302.90261459246
4155,140.50868704551002
4156,81.88784910377
4157,0.6407157310100002
4158,0.7675967009900002
4159,31.51180015169348
4160,33.73755055169348
4161,33.73755055169348
4162,33.73755055169348
4163,33.73755055169348
4164,33.73755055169348
4165,33.73755055169348
4166,33.73755055169348
4167,35.38779496985348
4168,33.968407272083475
4169,159.64250160891348
4170,33.73755055169348
4171,33.52639145070348
4172,18.95581786707982
4173,16.73006746707982
4174,16.73006746707982
4175,0.5564376000000002
4176,0.5564376000000002
4177,0.9984534213800003
4178,302.90261459246
4179,140.50868704551002
4180,81.88784910377
4181,0.6407157310100002
4182,0.7675967009900002
4183,31.51180015169348
4184,33.73755055169348
4185,33.73755055169348
4186,33.73755055169348
4187,33.73755055169348
4188,33.73755055169348
4189,33.73755055169348
4190,33.73755055169348
4191,35.38779496985348
4192,33.968407272083475
4193,159.64250160891348
4194,33.73755055169348
4195,33.52639145070348
4196,18.95581786707982
4197,16.73006746707982
4198,16.73006746707982
4199,0.5564376000000002
4200,0.5564376000000002
4201,0.0
4202,0.0
4203,0.0
4204,0.0
4205,0.0
4206,0.0
4207,14.57057358362366
4208,14.57057358362366
4209,14.57057358362366
4210,14.57057358362366
4211,14.57057358362366
4212,14.57057358362366
4213,14.57057358362366
4214,14.57057358362366
4215,14.57057358362366
4216,14.57057358362366
4217,14.57057358362366
4218,14.57057358362366
4219,14.57057358362366
4220,0.0
4221,0.0
4222,0.0
4223,0.0
4224,0.0
4225,0.0
4226,0.0
4227,0.0
4228,0.0
4229,0.0
4230,0.0
4231,14.57057358362366
4232,14.57057358362366
4233,14.57057358362366
4234,14.57057358362366
4235,14.57057358362366
4236,14.57057358362366
4237,14.57057358362366
4238,14.57057358362366
4239,14.57057358362366
4240,14.57057358362366
4241,14.57057358362366
4242,14.57057358362366
4243,14.57057358362366
4244,0.0
4245,0.0
4246,0.0
4247,0.0
4248,0.0
4249,0.0
4250,0.0
4251,0.0
4252,0.0
4253,0.0
4254,0.0
4255,14.57057358362366
4256,14.57057358362366
4257,14.57057358362366
4258,14.57057358362366
4259,14.57057358362366
4260,14.57057358362366
4261,14.57057358362366
4262,14.57057358362366
4263,14.57057358362366
4264,14.57057358362366
4265,14.57057358362366
4266,14.57057358362366
4267,14.57057358362366
4268,0.0
4269,0.0
4270,0.0
4271,0.0
4272,0.0
4273,0.0
4274,0.0
4275,0.0
4276,0.0
4277,0.0
4278,0.0
4279,14.57057358362366
4280,14.57057358362366
4281,14.57057358362366
4282,14.57057358362366
4283,14.57057358362366
4284,14.57057358362366
4285,14.57057358362366
4286,14.57057358362366
4287,14.57057358362366
4288,14.57057358362366
4289,14.57057358362366
4290,14.57057358362366
4291,14.57057358362366
4292,0.0
4293,0.0
4294,0.0
4295,0.0
4296,0.0
4297,0.9984534213800003
4298,302.90261459246
4299,140.50868704551002
4300,81.88784910377
4301,0.6407157310100002
4302,0.7675967009900002
4303,31.51180015169348
4304,33.73755055169348
4305,33.73755055169348
4306,33.73755055169348
4307,33.73755055169348
4308,33.73755055169348
4309,33.73755055169348
4310,33.73755055169348
4311,35.38779496985348
4312,33.968407272083475
4313,159.64250160891348
4314,33.73755055169348
4315,33.52639145070348
4316,18.95581786707982
4317,16.73006746707982
4318,16.73006746707982
4319,0.5564376000000002
4320,0.5564376000000002
4321,0.0
4322,0.0
4323,0.0
4324,0.0
4325,0.0
4326,0.0
4327,14.57057358362366
4328,14.57057358362366
4329,14.57057358362366
4330,14.57057358362366
4331,14.57057358362366
4332,14.57057358362366
4333,14.57057358362366
4334,14.57057358362366
4335,14.57057358362366
4336,14.57057358362366
4337,14.57057358362366
4338,14.57057358362366
4339,14.57057358362366
4340,0.0
4341,0.0
4342,0.0
4343,0.0
4344,0.0
4345,0.0
4346,0.0
4347,0.0
4348,0.0
4349,0.0
4350,0.0
4351,14.57057358362366
4352,14.57057358362366
4353,14.57057358362366
4354,14.57057358362366
4355,14.57057358362366
4356,14.57057358362366
4357,14.57057358362366
4358,14.57057358362366
4359,14.57057358362366
4360,14.57057358362366
4361,14.57057358362366
4362,14.57057358362366
4363,14.57057358362366
4364,0.0
4365,0.0
4366,0.0
4367,0.0
4368,0.0
4369,0.0
4370,0.0
4371,0.0
4372,0.0
4373,0.0
4374,0.0
4375,14.57057358362366
4376,14.57057358362366
4377,14.57057358362366
4378,14.57057358362366
4379,14.57057358362366
4380,14.57057358362366
4381,14.57057358362366
4382,14.57057358362366
4383,14.57057358362366
4384,14.57057358362366
4385,14.57057358362366
4386,14.57057358362366
4387,14.57057358362366
4388,0.0
4389,0.0
4390,0.0
4391,0.0
4392,0.0
4393,170.33651525749002
4394,42.72291536584
4395,45.195091914710005
4396,52.134927194910006
4397,20.239160079730002
4398,20.239160079730002
4399,49.87424095169348
4400,185.1817654904984
4401,182.22450619657837
4402,210.60282379657838
4403,240.09026397531838
4404,213.3621907934784
4405,133.21063531696842
4406,182.4553629169684
4407,603.3073130659584
4408,210.8336805169684
4409,411.3598796988684
4410,511.59064217244844
4411,342.6335306094235
4412,37.760274488459814
4413,75.42207473166982
4414,60.288191248009824
4415,52.134927194910006
4416,20.239160079730002
4417,170.33651525749002
4418,42.72291536584
4419,45.195091914710005
4420,52.134927194910006
4421,20.239160079730002
4422,20.239160079730002
4423,49.87424095169348
4424,185.1817654904984
4425,182.22450619657837
4426,210.60282379657838
4427,240.09026397531838
4428,213.3621907934784
4429,133.21063531696842
4430,182.4553629169684
4431,603.3073130659584
4432,210.8336805169684
4433,411.3598796988684
4434,511.59064217244844
4435,342.6335306094235
4436,37.760274488459814
4437,75.42207473166982
4438,60.288191248009824
4439,52.134927194910006
4440,20.239160079730002
4441,0.0
4442,0.0
4443,0.0
4444,0.0
4445,0.0
4446,0.0
4447,14.57057358362366
4448,14.57057358362366
4449,14.57057358362366
4450,14.57057358362366
4451,14.57057358362366
4452,14.57057358362366
4453,14.57057358362366
4454,14.57057358362366
4455,14.57057358362366
4456,14.57057358362366
4457,14.57057358362366
4458,14.57057358362366
4459,14.57057358362366
4460,0.0
4461,0.0
4462,0.0
4463,0.0
4464,0.0
4465,0.0
4466,0.0
4467,0.0
4468,0.0
4469,0.0
4470,0.0
4471,14.57057358362366
4472,14.57057358362366
4473,14.57057358362366
4474,14.57057358362366
4475,14.57057358362366
4476,14.57057358362366
4477,14.57057358362366
4478,14.57057358362366
4479,14.57057358362366
4480,14.57057358362366
4481,14.57057358362366
4482,14.57057358362366
4483,14.57057358362366
4484,0.0
4485,0.0
4486,0.0
4487,0.0
4488,0.0
4489,0.0
4490,0.0
4491,0.0
4492,0.0
4493,0.0
4494,0.0
4495,14.57057358362366
4496,14.57057358362366
4497,14.57057358362366
4498,14.57057358362366
4499,14.57057358362366
4500,14.57057358362366
4501,14.57057358362366
4502,14.57057358362366
4503,14.57057358362366
4504,14.57057358362366
4505,14.57057358362366
4506,14.57057358362366
4507,14.57057358362366
4508,0.0
4509,0.0
4510,0.0
4511,0.0
4512,0.0
4513,0.0
4514,0.0
4515,0.0
4516,0.0
4517,0.0
4518,0.0
4519,14.57057358362366
4520,14.57057358362366
4521,14.57057358362366
4522,14.57057358362366
4523,14.57057358362366
4524,14.57057358362366
4525,14.57057358362366
4526,14.57057358362366
4527,14.57057358362366
4528,14.57057358362366
4529,14.57057358362366
4530,14.57057358362366
4531,14.57057358362366
4532,0.0
4533,0.0
4534,0.0
4535,0.0
4536,0.0
4537,16.900534479730002
4538,19.13003750099
4539,52.134927194910006
4540,19.13003750099
4541,19.13003750099
4542,21.889404497890002
4543,51.20712413963348
4544,152.40773251696842
4545,247.14565997448838
4546,210.8336805169684
4547,239.4308872194384
4548,210.8336805169684
4549,133.9620202053284
4550,183.33362877531837
4551,238.98114139657838
4552,210.60282379657838
4553,207.26419819657838
4554,152.1768757965784
4555,53.209113930433475
4556,38.63854034680982
4557,35.303667368069824
4558,36.953911786229824
4559,19.36089422138
4560,255.43483818116002
4561,0.0
4562,0.0
4563,0.0
4564,0.0
4565,0.0
4566,0.0
4567,14.57057358362366
4568,14.57057358362366
4569,14.57057358362366
4570,14.57057358362366
4571,14.57057358362366
4572,14.57057358362366
4573,14.57057358362366
4574,14.57057358362366
4575,14.57057358362366
4576,14.57057358362366
4577,14.57057358362366
4578,14.57057358362366
4579,14.57057358362366
4580,0.0
4581,0.0
4582,0.0
4583,0.0
4584,0.0
4585,0.0
4586,0.0
4587,0.0
4588,0.0
4589,0.0
4590,0.0
4591,14.57057358362366
4592,14.57057358362366
4593,14.57057358362366
4594,14.57057358362366
4595,14.57057358362366
4596,14.57057358362366
4597,14.57057358362366
4598,14.57057358362366
4599,14.57057358362366
4600,14.57057358362366
4601,14.57057358362366
4602,14.57057358362366
4603,14.57057358362366
4604,0.0
4605,0.0
4606,0.0
4607,0.0
4608,0.0
4609,0.0
4610,0.0
4611,0.0
4612,0.0
4613,0.0
4614,0.0
4615,14.57057358362366
4616,14.57057358362366
4617,14.57057358362366
4618,14.57057358362366
4619,14.57057358362366
4620,14.57057358362366
4621,14.57057358362366
4622,14.57057358362366
4623,14.57057358362366
4624,14.57057358362366
4625,14.57057358362366
4626,14.57057358362366
4627,14.57057358362366
4628,0.0
4629,0.0
4630,0.0
4631,0.0
4632,0.0
4633,0.0
4634,0.0
4635,0.0
4636,0.0
4637,0.0
4638,0.0
4639,14.57057358362366
4640,14.57057358362366
4641,14.57057358362366
4642,14.57057358362366
4643,14.57057358362366
4644,14.57057358362366
4645,14.57057358362366
4646,14.57057358362366
4647,14.57057358362366
4648,14.57057358362366
4649,14.57057358362366
4650,14.57057358362366
4651,14.57057358362366
4652,0.0
4653,0.0
4654,0.0
4655,0.0
4656,0.0
4657,0.0
4658,0.0
4659,0.0
4660,0.0
4661,0.0
4662,0.0
4663,14.57057358362366
4664,14.57057358362366
4665,14.57057358362366
4666,14.57057358362366
4667,14.57057358362366
4668,14.57057358362366
4669,14.57057358362366
4670,14.57057358362366
4671,14.57057358362366
4672,14.57057358362366
4673,14.57057358362366
4674,14.57057358362366
4675,14.57057358362366
4676,0.0
4677,0.0
4678,0.0
4679,0.0
4680,0.0
4681,0.0
4682,0.0
4683,0.0
4684,0.0
4685,0.0
4686,0.0
4687,14.57057358362366
4688,14.57057358362366
4689,14.57057358362366
4690,14.57057358362366
4691,14.57057358362366
4692,14.57057358362366
4693,14.57057358362366
4694,14.57057358362366
4695,14.57057358362366
4696,14.57057358362366
4697,14.57057358362366
4698,14.57057358362366
4699,14.57057358362366
4700,0.0
4701,0.0
4702,0.0
4703,0.0
4704,0.0
4705,0.9984534213800003
4706,302.90261459246
4707,140.50868704551002
4708,81.88784910377
4709,0.6407157310100002
4710,0.7675967009900002
4711,31.51180015169348
4712,33.73755055169348
4713,33.73755055169348
4714,33.73755055169348
4715,33.73755055169348
4716,33.73755055169348
4717,33.73755055169348
4718,33.73755055169348
4719,35.38779496985348
4720,33.968407272083475
4721,159.64250160891348
4722,33.73755055169348
4723,33.52639145070348
4724,18.95581786707982
4725,16.73006746707982
4726,16.73006746707982
4727,0.5564376000000002
4728,0.5564376000000002
4729,0.9984534213800003
4730,302.90261459246
4731,140.50868704551002
4732,81.88784910377
4733,0.6407157310100002
4734,0.7675967009900002
4735,31.51180015169348
4736,33.73755055169348
4737,33.73755055169348
4738,33.73755055169348
4739,33.73755055169348
4740,33.73755055169348
4741,33.73755055169348
4742,33.73755055169348
4743,35.38779496985348
4744,33.968407272083475
4745,159.64250160891348
4746,33.73755055169348
4747,33.52639145070348
4748,18.95581786707982
4749,16.73006746707982
4750,16.73006746707982
4751,0.5564376000000002
4752,0.5564376000000002
4753,16.900534479730002
4754,19.13003750099
4755,52.134927194910006
4756,19.13003750099
4757,19.13003750099
4758,21.889404497890002
4759,51.20712413963348
4760,152.40773251696842
4761,247.14565997448838
4762,210.8336805169684
4763,239.4308872194384
4764,210.8336805169684
4765,133.9620202053284
4766,183.33362877531837
4767,238.98114139657838
4768,210.60282379657838
4769,207.26419819657838
4770,152.1768757965784
4771,53.209113930433475
4772,38.63854034680982
4773,35.303667368069824
4774,36.953911786229824
4775,19.36089422138
4776,255.43483818116002
4777,0.0
4778,0.0
4779,0.0
4780,0.0
4781,0.0
4782,0.0
4783,14.57057358362366
4784,14.57057358362366
4785,14.57057358362366
4786,14.57057358362366
4787,14.57057358362366
4788,14.57057358362366
4789,14.57057358362366
4790,14.57057358362366
4791,14.57057358362366
4792,14.57057358362366
4793,14.57057358362366
4794,14.57057358362366
4795,14.57057358362366
4796,0.0
4797,0.0
4798,0.0
4799,0.0
4800,0.0
4801,0.9984534213800003
4802,302.90261459246
4803,140.50868704551002
4804,81.88784910377
4805,0.6407157310100002
4806,0.7675967009900002
4807,31.51180015169348
4808,33.73755055169348
4809,33.73755055169348
4810,33.73755055169348
4811,33.73755055169348
4812,33.73755055169348
4813,33.73755055169348
4814,33.73755055169348
4815,35.38779496985348
4816,33.968407272083475
4817,159.64250160891348
4818,33.73755055169348
4819,33.52639145070348
4820,18.95581786707982
4821,16.73006746707982
4822,16.73006746707982
4823,0.5564376000000002
4824,0.5564376000000002
4825,0.9984534213800003
4826,302.90261459246
4827,140.50868704551002
4828,81.88784910377
4829,0.6407157310100002
4830,0.7675967009900002
4831,31.51180015169348
4832,33.73755055169348
4833,33.73755055169348
4834,33.73755055169348
4835,33.73755055169348
4836,33.73755055169348
4837,33.73755055169348
4838,33.73755055169348
4839,35.38779496985348
4840,33.968407272083475
4841,159.64250160891348
4842,33.73755055169348
4843,33.52639145070348
4844,18.95581786707982
4845,16.73006746707982
4846,16.73006746707982
4847,0.5564376000000002
4848,0.5564376000000002
4849,0.9984534213800003
4850,302.90261459246
4851,140.50868704551002
4852,81.88784910377
4853,0.6407157310100002
4854,0.7675967009900002
4855,31.51180015169348
4856,33.73755055169348
4857,33.73755055169348
4858,33.73755055169348
4859,33.73755055169348
4860,33.73755055169348
4861,33.73755055169348
4862,33.73755055169348
4863,35.38779496985348
4864,33.968407272083475
4865,159.64250160891348
4866,33.73755055169348
4867,33.52639145070348
4868,18.95581786707982
4869,16.73006746707982
4870,16.73006746707982
4871,0.5564376000000002
4872,0.5564376000000002
4873,0.9984534213800003
4874,302.90261459246
4875,140.50868704551002
4876,81.88784910377
4877,0.6407157310100002
4878,0.7675967009900002
4879,31.51180015169348
4880,33.73755055169348
4881,33.73755055169348
4882,33.73755055169348
4883,33.73755055169348
4884,33.73755055169348
4885,33.73755055169348
4886,33.73755055169348
4887,35.38779496985348
4888,33.968407272083475
4889,159.64250160891348
4890,33.73755055169348
4891,33.52639145070348
4892,18.95581786707982
4893,16.73006746707982
4894,16.73006746707982
4895,0.5564376000000002
4896,0.5564376000000002
4897,0.9984534213800003
4898,302.90261459246
4899,140.50868704551002
4900,81.88784910377
4901,0.6407157310100002
4902,0.7675967009900002
4903,31.51180015169348
4904,33.73755055169348
4905,33.73755055169348
4906,33.73755055169348
4907,33.73755055169348
4908,33.73755055169348
4909,33.73755055169348
4910,33.73755055169348
4911,35.38779496985348
4912,33.968407272083475
4913,159.64250160891348
4914,33.73755055169348
4915,33.52639145070348
4916,18.95581786707982
4917,16.73006746707982
4918,16.73006746707982
4919,0.5564376000000002
4920,0.5564376000000002
4921,0.9984534213800003
4922,302.90261459246
4923,140.50868704551002
4924,81.88784910377
4925,0.6407157310100002
4926,0.7675967009900002
4927,31.51180015169348
4928,33.73755055169348
4929,33.73755055169348
4930,33.73755055169348
4931,33.73755055169348
4932,33.73755055169348
4933,33.73755055169348
4934,33.73755055169348
4935,35.38779496985348
4936,33.968407272083475
4937,159.64250160891348
4938,33.73755055169348
4939,33.52639145070348
4940,18.95581786707982
4941,16.73006746707982
4942,16.73006746707982
4943,0.5564376000000002
4944,0.5564376000000002
4945,0.9984534213800003
4946,302.90261459246
4947,140.50868704551002
4948,81.88784910377
4949,0.6407157310100002
4950,0.7675967009900002
4951,31.51180015169348
4952,33.73755055169348
4953,33.73755055169348
4954,33.73755055169348
4955,33.73755055169348
4956,33.73755055169348
4957,33.73755055169348
4958,33.73755055169348
4959,35.38779496985348
4960,33.968407272083475
4961,159.64250160891348
4962,33.73755055169348
4963,33.52639145070348
4964,18.95581786707982
4965,16.73006746707982
4966,16.73006746707982
4967,0.5564376000000002
4968,0.5564376000000002
4969,0.9984534213800003
4970,302.90261459246
4971,140.50868704551002
4972,81.88784910377
4973,0.6407157310100002
4974,0.7675967009900002
4975,31.51180015169348
4976,33.73755055169348
4977,33.73755055169348
4978,33.73755055169348
4979,33.73755055169348
4980,33.73755055169348
4981,33.73755055169348
4982,33.73755055169348
4983,35.38779496985348
4984,33.968407272083475
4985,159.64250160891348
4986,33.73755055169348
4987,33.52639145070348
4988,18.95581786707982
4989,16.73006746707982
4990,16.73006746707982
4991,0.5564376000000002
4992,0.5564376000000002
4993,0.0
4994,0.0
4995,0.0
4996,0.0
4997,0.0
4998,0.0
4999,14.57057358362366
5000,14.57057358362366
5001,14.57057358362366
5002,14.57057358362366
5003,14.57057358362366
5004,14.57057358362366
5005,14.57057358362366
5006,14.57057358362366
5007,14.57057358362366
5008,14.57057358362366
5009,14.57057358362366
5010,14.57057358362366
5011,14.57057358362366
5012,0.0
5013,0.0
5014,0.0
5015,0.0
5016,0.0
5017,170.33651525749002
5018,42.72291536584
5019,45.195091914710005
5020,52.134927194910006
5021,20.239160079730002
5022,20.239160079730002
5023,49.87424095169348
5024,185.1817654904984
5025,182.22450619657837
5026,210.60282379657838
5027,240.09026397531838
5028,213.3621907934784
5029,133.21063531696842
5030,182.4553629169684
5031,603.3073130659584
5032,210.8336805169684
5033,411.3598796988684
5034,511.59064217244844
5035,342.6335306094235
5036,37.760274488459814
5037,75.42207473166982
5038,60.288191248009824
5039,52.134927194910006
5040,20.239160079730002
5041,0.0
5042,0.0
5043,0.0
5044,0.0
5045,0.0
5046,0.0
5047,14.57057358362366
5048,14.57057358362366
5049,14.57057358362366
5050,14.57057358362366
5051,14.57057358362366
5052,14.57057358362366
5053,14.57057358362366
5054,14.57057358362366
5055,14.57057358362366
5056,14.57057358362366
5057,14.57057358362366
5058,14.57057358362366
5059,14.57057358362366
5060,0.0
5061,0.0
5062,0.0
5063,0.0
5064,0.0
5065,0.0
5066,0.0
5067,0.0
5068,0.0
5069,0.0
5070,0.0
5071,14.57057358362366
5072,14.57057358362366
5073,14.57057358362366
5074,14.57057358362366
5075,14.57057358362366
5076,14.57057358362366
5077,14.57057358362366
5078,14.57057358362366
5079,14.57057358362366
5080,14.57057358362366
5081,14.57057358362366
5082,14.57057358362366
5083,14.57057358362366
5084,0.0
5085,0.0
5086,0.0
5087,0.0
5088,0.0
5089,0.9984534213800003
5090,302.90261459246
5091,140.50868704551002
5092,81.88784910377
5093,0.6407157310100002
5094,0.7675967009900002
5095,31.51180015169348
5096,33.73755055169348
5097,33.73755055169348
5098,33.73755055169348
5099,33.73755055169348
5100,33.73755055169348
5101,33.73755055169348
5102,33.73755055169348
5103,35.38779496985348
5104,33.968407272083475
5105,159.64250160891348
5106,33.73755055169348
5107,33.52639145070348
5108,18.95581786707982
5109,16.73006746707982
5110,16.73006746707982
5111,0.5564376000000002
5112,0.5564376000000002
5113,170.33651525749002
5114,42.72291536584
5115,45.195091914710005
5116,52.134927194910006
5117,20.239160079730002
5118,20.239160079730002
5119,49.87424095169348
5120,185.1817654904984
5121,182.22450619657837
5122,210.60282379657838
5123,240.09026397531838
5124,213.3621907934784
5125,133.21063531696842
5126,182.4553629169684
5127,603.3073130659584
5128,210.8336805169684
5129,411.3598796988684
5130,511.59064217244844
5131,342.6335306094235
5132,37.760274488459814
5133,75.42207473166982
5134,60.288191248009824
5135,52.134927194910006
5136,20.239160079730002
5137,16.900534479730002
5138,19.13003750099
5139,52.134927194910006
5140,19.13003750099
5141,19.13003750099
5142,21.889404497890002
5143,51.20712413963348
5144,152.40773251696842
5145,247.14565997448838
5146,210.8336805169684
5147,239.4308872194384
5148,210.8336805169684
5149,133.9620202053284
5150,183.33362877531837
5151,238.98114139657838
5152,210.60282379657838
5153,207.26419819657838
5154,152.1768757965784
5155,53.209113930433475
5156,38.63854034680982
5157,35.303667368069824
5158,36.953911786229824
5159,19.36089422138
5160,255.43483818116002
5161,0.0
5162,0.0
5163,0.0
5164,0.0
5165,0.0
5166,0.0
5167,14.57057358362366
5168,14.57057358362366
5169,14.57057358362366
5170,14.57057358362366
5171,14.57057358362366
5172,14.57057358362366
5173,14.57057358362366
5174,14.57057358362366
5175,14.57057358362366
5176,14.57057358362366
5177,14.57057358362366
5178,14.57057358362366
5179,14.57057358362366
5180,0.0
5181,0.0
5182,0.0
5183,0.0
5184,0.0
5185,0.9984534213800003
5186,302.90261459246
5187,140.50868704551002
5188,81.88784910377
5189,0.6407157310100002
5190,0.7675967009900002
5191,31.51180015169348
5192,33.73755055169348
5193,33.73755055169348
5194,33.73755055169348
5195,33.73755055169348
5196,33.73755055169348
5197,33.73755055169348
5198,33.73755055169348
5199,35.38779496985348
5200,33.968407272083475
5201,159.64250160891348
5202,33.73755055169348
5203,33.52639145070348
5204,18.95581786707982
5205,16.73006746707982
5206,16.73006746707982
5207,0.5564376000000002
5208,0.5564376000000002
5209,0.0
5210,0.0
5211,0.0
5212,0.0
5213,0.0
5214,0.0
5215,14.57057358362366
5216,14.57057358362366
5217,14.57057358362366
5218,14.57057358362366
5219,14.57057358362366
5220,14.57057358362366
5221,14.57057358362366
5222,14.57057358362366
5223,14.57057358362366
5224,14.57057358362366
5225,14.57057358362366
5226,14.57057358362366
5227,14.57057358362366
5228,0.0
5229,0.0
5230,0.0
5231,0.0
5232,0.0
5233,170.33651525749002
5234,42.72291536584
5235,45.195091914710005
5236,52.134927194910006
5237,20.239160079730002
5238,20.239160079730002
5239,49.87424095169348
5240,185.1817654904984
5241,182.22450619657837
5242,210.60282379657838
5243,240.09026397531838
5244,213.3621907934784
5245,133.21063531696842
5246,182.4553629169684
5247,603.3073130659584
5248,210.8336805169684
5249,411.3598796988684
5250,511.59064217244844
5251,342.6335306094235
5252,37.760274488459814
5253,75.42207473166982
5254,60.288191248009824
5255,52.134927194910006
5256,20.239160079730002
5257,380.01023476463996
5258,297.04124111283
5259,233.18880151502
5260,231.02744368565
5261,384.99238439244
5262,358.69828177526
5263,48.769647432083474
5264,163.96403543071
5265,238.6195395998
5266,256.00606824526
5267,312.4465973343001
5268,221.64846865927
5269,154.25006348326
5270,323.30507752676
5271,220.76739579652008
5272,375.55998115373
5273,192.88730498446
5274,278.61225190269
5275,414.3845652134235
5276,112.89743034042982
5277,270.4857747208498
5278,134.77313255021983
5279,18.02544398138
5280,373.76966962089
5281,380.01023476463996
5282,297.04124111283
5283,233.18880151502
5284,231.02744368565
5285,384.99238439244
5286,358.69828177526
5287,48.769647432083474
5288,163.96403543071
5289,238.6195395998
5290,256.00606824526
5291,312.4465973343001
5292,221.64846865927
5293,154.25006348326
5294,323.30507752676
5295,220.76739579652008
5296,375.55998115373
5297,192.88730498446
5298,278.61225190269
5299,414.3845652134235
5300,112.89743034042982
5301,270.4857747208498
5302,134.77313255021983
5303,18.02544398138
5304,373.76966962089
5305,170.33651525749002
5306,42.72291536584
5307,45.195091914710005
5308,52.134927194910006
5309,20.239160079730002
5310,20.239160079730002
5311,49.87424095169348
5312,185.1817654904984
5313,182.22450619657837
5314,210.60282379657838
5315,240.09026397531838
5316,213.3621907934784
5317,133.21063531696842
5318,182.4553629169684
5319,603.3073130659584
5320,210.8336805169684
5321,411.3598796988684
5322,511.59064217244844
5323,342.6335306094235
5324,37.760274488459814
5325,75.42207473166982
5326,60.288191248009824
5327,52.134927194910006
5328,20.239160079730002
5329,16.900534479730002
5330,19.13003750099
5331,52.134927194910006
5332,19.13003750099
5333,19.13003750099
5334,21.889404497890002
5335,51.20712413963348
5336,152.40773251696842
5337,247.14565997448838
5338,210.8336805169684
5339,239.4308872194384
5340,210.8336805169684
5341,133.9620202053284
5342,183.33362877531837
5343,238.98114139657838
5344,210.60282379657838
5345,207.26419819657838
5346,152.1768757965784
5347,53.209113930433475
5348,38.63854034680982
5349,35.303667368069824
5350,36.953911786229824
5351,19.36089422138
5352,255.43483818116002
5353,0.9984534213800003
5354,302.90261459246
5355,140.50868704551002
5356,81.88784910377
5357,0.6407157310100002
5358,0.7675967009900002
5359,31.51180015169348
5360,33.73755055169348
5361,33.73755055169348
5362,33.73755055169348
5363,33.73755055169348
5364,33.73755055169348
5365,33.73755055169348
5366,33.73755055169348
5367,35.38779496985348
5368,33.968407272083475
5369,159.64250160891348
5370,33.73755055169348
5371,33.52639145070348
5372,18.95581786707982
5373,16.73006746707982
5374,16.73006746707982
5375,0.5564376000000002
5376,0.5564376000000002
5377,0.9984534213800003
5378,302.90261459246
5379,140.50868704551002
5380,81.88784910377
5381,0.6407157310100002
5382,0.7675967009900002
5383,31.51180015169348
5384,33.73755055169348
5385,33.73755055169348
5386,33.73755055169348
5387,33.73755055169348
5388,33.73755055169348
5389,33.73755055169348
5390,33.73755055169348
5391,35.38779496985348
5392,33.968407272083475
5393,159.64250160891348
5394,33.73755055169348
5395,33.52639145070348
5396,18.95581786707982
5397,16.73006746707982
5398,16.73006746707982
5399,0.5564376000000002
5400,0.5564376000000002
5401,0.9984534213800003
5402,302.90261459246
5403,140.50868704551002
5404,81.88784910377
5405,0.6407157310100002
5406,0.7675967009900002
5407,31.51180015169348
5408,33.73755055169348
5409,33.73755055169348
5410,33.73755055169348
5411,33.73755055169348
5412,33.73755055169348
5413,33.73755055169348
5414,33.73755055169348
5415,35.38779496985348
5416,33.968407272083475
5417,159.64250160891348
5418,33.73755055169348
5419,33.52639145070348
5420,18.95581786707982
5421,16.73006746707982
5422,16.73006746707982
5423,0.5564376000000002
5424,0.5564376000000002
5425,0.9984534213800003
5426,302.90261459246
5427,140.50868704551002
5428,81.88784910377
5429,0.6407157310100002
5430,0.7675967009900002
5431,31.51180015169348
5432,33.73755055169348
5433,33.73755055169348
5434,33.73755055169348
5435,33.73755055169348
5436,33.73755055169348
5437,33.73755055169348
5438,33.73755055169348
5439,35.38779496985348
5440,33.968407272083475
5441,159.64250160891348
5442,33.73755055169348
5443,33.52639145070348
5444,18.95581786707982
5445,16.73006746707982
5446,16.73006746707982
5447,0.5564376000000002
5448,0.5564376000000002
5449,170.33651525749002
5450,42.72291536584
5451,45.195091914710005
5452,52.134927194910006
5453,20.239160079730002
5454,20.239160079730002
5455,49.87424095169348
5456,185.1817654904984
5457,182.22450619657837
5458,210.60282379657838
5459,240.09026397531838
5460,213.3621907934784
5461,133.21063531696842
5462,182.4553629169684
5463,603.3073130659584
5464,210.8336805169684
5465,411.3598796988684
5466,511.59064217244844
5467,342.6335306094235
5468,37.760274488459814
5469,75.42207473166982
5470,60.288191248009824
5471,52.134927194910006
5472,20.239160079730002
5473,16.900534479730002
5474,19.13003750099
5475,52.134927194910006
5476,19.13003750099
5477,19.13003750099
5478,21.889404497890002
5479,51.20712413963348
5480,152.40773251696842
5481,247.14565997448838
5482,210.8336805169684
5483,239.4308872194384
5484,210.8336805169684
5485,133.9620202053284
5486,183.33362877531837
5487,238.98114139657838
5488,210.60282379657838
5489,207.26419819657838
5490,152.1768757965784
5491,53.209113930433475
5492,38.63854034680982
5493,35.303667368069824
5494,36.953911786229824
5495,19.36089422138
5496,255.43483818116002
5497,16.900534479730002
5498,19.13003750099
5499,52.134927194910006
5500,19.13003750099
5501,19.13003750099
5502,21.889404497890002
5503,51.20712413963348
5504,152.40773251696842
5505,247.14565997448838
5506,210.8336805169684
5507,239.4308872194384
5508,210.8336805169684
5509,133.9620202053284
5510,183.33362877531837
5511,238.98114139657838
5512,210.60282379657838
5513,207.26419819657838
5514,152.1768757965784
5515,53.209113930433475
5516,38.63854034680982
5517,35.303667368069824
5518,36.953911786229824
5519,19.36089422138
5520,255.43483818116002
5521,16.900534479730002
5522,19.13003750099
5523,52.134927194910006
5524,19.13003750099
5525,19.13003750099
5526,21.889404497890002
5527,51.20712413963348
5528,152.40773251696842
5529,247.14565997448838
5530,210.8336805169684
5531,239.4308872194384
5532,210.8336805169684
5533,133.9620202053284
5534,183.33362877531837
5535,238.98114139657838
5536,210.60282379657838
5537,207.26419819657838
5538,152.1768757965784
5539,53.209113930433475
5540,38.63854034680982
5541,35.303667368069824
5542,36.953911786229824
5543,19.36089422138
5544,255.43483818116002
5545,184.32137922318
5546,193.75128635505
5547,199.20415741819002
5548,249.39708821813002
5549,363.80658755274
5550,19.36089422138
5551,219.2072501192235
5552,244.8570122744784
5553,402.6766326197684
5554,235.5873476765184
5555,271.9860310904984
5556,211.71194637531838
5557,134.0889011753184
5558,196.08315812619838
5559,279.6664161267284
5560,227.6010047813484
5561,382.34412722215836
5562,154.9362427934784
5563,160.09788740374347
5564,241.1610436737298
5565,398.32895555378985
5566,96.31814644539982
5567,241.4508440957
5568,243.36658119462
5569,184.32137922318
5570,193.75128635505
5571,199.20415741819002
5572,249.39708821813002
5573,363.80658755274
5574,19.36089422138
5575,219.2072501192235
5576,244.8570122744784
5577,402.6766326197684
5578,235.5873476765184
5579,271.9860310904984
5580,211.71194637531838
5581,134.0889011753184
5582,196.08315812619838
5583,279.6664161267284
5584,227.6010047813484
5585,382.34412722215836
5586,154.9362427934784
5587,160.09788740374347
5588,241.1610436737298
5589,398.32895555378985
5590,96.31814644539982
5591,241.4508440957
5592,243.36658119462
5593,16.900534479730002
5594,19.13003750099
5595,52.134927194910006
5596,19.13003750099
5597,19.13003750099
5598,21.889404497890002
5599,51.20712413963348
5600,152.40773251696842
5601,247.14565997448838
5602,210.8336805169684
5603,239.4308872194384
5604,210.8336805169684
5605,133.9620202053284
5606,183.33362877531837
5607,238.98114139657838
5608,210.60282379657838
5609,207.26419819657838
5610,152.1768757965784
5611,53.209113930433475
5612,38.63854034680982
5613,35.303667368069824
5614,36.953911786229824
5615,19.36089422138
5616,255.43483818116002
5617,16.900534479730002
5618,19.13003750099
5619,52.134927194910006
5620,19.13003750099
5621,19.13003750099
5622,21.889404497890002
5623,51.20712413963348
5624,152.40773251696842
5625,247.14565997448838
5626,210.8336805169684
5627,239.4308872194384
5628,210.8336805169684
5629,133.9620202053284
5630,183.33362877531837
5631,238.98114139657838
5632,210.60282379657838
5633,207.26419819657838
5634,152.1768757965784
5635,53.209113930433475
5636,38.63854034680982
5637,35.303667368069824
5638,36.953911786229824
5639,19.36089422138
5640,255.43483818116002
5641,16.900534479730002
5642,19.13003750099
5643,52.134927194910006
5644,19.13003750099
5645,19.13003750099
5646,21.889404497890002
5647,51.20712413963348
5648,152.40773251696842
5649,247.14565997448838
5650,210.8336805169684
5651,239.4308872194384
5652,210.8336805169684
5653,133.9620202053284
5654,183.33362877531837
5655,238.98114139657838
5656,210.60282379657838
5657,207.26419819657838
5658,152.1768757965784
5659,53.209113930433475
5660,38.63854034680982
5661,35.303667368069824
5662,36.953911786229824
5663,19.36089422138
5664,255.43483818116002
5665,0.0
5666,0.0
5667,0.0
5668,0.0
5669,0.0
5670,0.0
5671,14.57057358362366
5672,14.57057358362366
5673,14.57057358362366
5674,14.57057358362366
5675,14.57057358362366
5676,14.57057358362366
5677,14.57057358362366
5678,14.57057358362366
5679,14.57057358362366
5680,14.57057358362366
5681,14.57057358362366
5682,14.57057358362366
5683,14.57057358362366
5684,0.0
5685,0.0
5686,0.0
5687,0.0
5688,0.0
5689,0.0
5690,0.0
5691,0.0
5692,0.0
5693,0.0
5694,0.0
5695,14.57057358362366
5696,14.57057358362366
5697,14.57057358362366
5698,14.57057358362366
5699,14.57057358362366
5700,14.57057358362366
5701,14.57057358362366
5702,14.57057358362366
5703,14.57057358362366
5704,14.57057358362366
5705,14.57057358362366
5706,14.57057358362366
5707,14.57057358362366
5708,0.0
5709,0.0
5710,0.0
5711,0.0
5712,0.0
5713,0.0
5714,0.0
5715,0.0
5716,0.0
5717,0.0
5718,0.0
5719,14.57057358362366
5720,14.57057358362366
5721,14.57057358362366
5722,14.57057358362366
5723,14.57057358362366
5724,14.57057358362366
5725,14.57057358362366
5726,14.57057358362366
5727,14.57057358362366
5728,14.57057358362366
5729,14.57057358362366
5730,14.57057358362366
5731,14.57057358362366
5732,0.0
5733,0.0
5734,0.0
5735,0.0
5736,0.0
5737,16.900534479730002
5738,19.13003750099
5739,52.134927194910006
5740,19.13003750099
5741,19.13003750099
5742,21.889404497890002
5743,51.20712413963348
5744,152.40773251696842
5745,247.14565997448838
5746,210.8336805169684
5747,239.4308872194384
5748,210.8336805169684
5749,133.9620202053284
5750,183.33362877531837
5751,238.98114139657838
5752,210.60282379657838
5753,207.26419819657838
5754,152.1768757965784
5755,53.209113930433475
5756,38.63854034680982
5757,35.303667368069824
5758,36.953911786229824
5759,19.36089422138
5760,255.43483818116002
5761,170.33651525749002
5762,42.72291536584
5763,45.195091914710005
5764,52.134927194910006
5765,20.239160079730002
5766,20.239160079730002
5767,49.87424095169348
5768,185.1817654904984
5769,182.22450619657837
5770,210.60282379657838
5771,240.09026397531838
5772,213.3621907934784
5773,133.21063531696842
5774,182.4553629169684
5775,603.3073130659584
5776,210.8336805169684
5777,411.3598796988684
5778,511.59064217244844
5779,342.6335306094235
5780,37.760274488459814
5781,75.42207473166982
5782,60.288191248009824
5783,52.134927194910006
5784,20.239160079730002
5785,184.32137922318
5786,193.75128635505
5787,199.20415741819002
5788,249.39708821813002
5789,363.80658755274
5790,19.36089422138
5791,219.2072501192235
5792,244.8570122744784
5793,402.6766326197684
5794,235.5873476765184
5795,271.9860310904984
5796,211.71194637531838
5797,134.0889011753184
5798,196.08315812619838
5799,279.6664161267284
5800,227.6010047813484
5801,382.34412722215836
5802,154.9362427934784
5803,160.09788740374347
5804,241.1610436737298
5805,398.32895555378985
5806,96.31814644539982
5807,241.4508440957
5808,243.36658119462
5809,16.900534479730002
5810,19.13003750099
5811,52.134927194910006
5812,19.13003750099
5813,19.13003750099
5814,21.889404497890002
5815,51.20712413963348
5816,152.40773251696842
5817,247.14565997448838
5818,210.8336805169684
5819,239.4308872194384
5820,210.8336805169684
5821,133.9620202053284
5822,183.33362877531837
5823,238.98114139657838
5824,210.60282379657838
5825,207.26419819657838
5826,152.1768757965784
5827,53.209113930433475
5828,38.63854034680982
5829,35.303667368069824
5830,36.953911786229824
5831,19.36089422138
5832,255.43483818116002
5833,16.900534479730002
5834,19.13003750099
5835,52.134927194910006
5836,19.13003750099
5837,19.13003750099
5838,21.889404497890002
5839,51.20712413963348
5840,152.40773251696842
5841,247.14565997448838
5842,210.8336805169684
5843,239.4308872194384
5844,210.8336805169684
5845,133.9620202053284
5846,183.33362877531837
5847,238.98114139657838
5848,210.60282379657838
5849,207.26419819657838
5850,152.1768757965784
5851,53.209113930433475
5852,38.63854034680982
5853,35.303667368069824
5854,36.953911786229824
5855,19.36089422138
5856,255.43483818116002
5857,16.900534479730002
5858,19.13003750099
5859,52.134927194910006
5860,19.13003750099
5861,19.13003750099
5862,21.889404497890002
5863,51.20712413963348
5864,152.40773251696842
5865,247.14565997448838
5866,210.8336805169684
5867,239.4308872194384
5868,210.8336805169684
5869,133.9620202053284
5870,183.33362877531837
5871,238.98114139657838
5872,210.60282379657838
5873,207.26419819657838
5874,152.1768757965784
5875,53.209113930433475
5876,38.63854034680982
5877,35.303667368069824
5878,36.953911786229824
5879,19.36089422138
5880,255.43483818116002
5881,16.900534479730002
5882,19.13003750099
5883,52.134927194910006
5884,19.13003750099
5885,19.13003750099
5886,21.889404497890002
5887,51.20712413963348
5888,152.40773251696842
5889,247.14565997448838
5890,210.8336805169684
5891,239.4308872194384
5892,210.8336805169684
5893,133.9620202053284
5894,183.33362877531837
5895,238.98114139657838
5896,210.60282379657838
5897,207.26419819657838
5898,152.1768757965784
5899,53.209113930433475
5900,38.63854034680982
5901,35.303667368069824
5902,36.953911786229824
5903,19.36089422138
5904,255.43483818116002
5905,0.0
5906,0.0
5907,0.0
5908,0.0
5909,0.0
5910,0.0
5911,14.57057358362366
5912,14.57057358362366
5913,14.57057358362366
5914,14.57057358362366
5915,14.57057358362366
5916,14.57057358362366
5917,14.57057358362366
5918,14.57057358362366
5919,14.57057358362366
5920,14.57057358362366
5921,14.57057358362366
5922,14.57057358362366
5923,14.57057358362366
5924,0.0
5925,0.0
5926,0.0
5927,0.0
5928,0.0
5929,0.0
5930,0.0
5931,0.0
5932,0.0
5933,0.0
5934,0.0
5935,14.57057358362366
5936,14.57057358362366
5937,14.57057358362366
5938,14.57057358362366
5939,14.57057358362366
5940,14.57057358362366
5941,14.57057358362366
5942,14.57057358362366
5943,14.57057358362366
5944,14.57057358362366
5945,14.57057358362366
5946,14.57057358362366
5947,14.57057358362366
5948,0.0
5949,0.0
5950,0.0
5951,0.0
5952,0.0
5953,0.0
5954,0.0
5955,0.0
5956,0.0
5957,0.0
5958,0.0
5959,14.57057358362366
5960,14.57057358362366
5961,14.57057358362366
5962,14.57057358362366
5963,14.57057358362366
5964,14.57057358362366
5965,14.57057358362366
5966,14.57057358362366
5967,14.57057358362366
5968,14.57057358362366
5969,14.57057358362366
5970,14.57057358362366
5971,14.57057358362366
5972,0.0
5973,0.0
5974,0.0
5975,0.0
5976,0.0
5977,16.900534479730002
5978,19.13003750099
5979,52.134927194910006
5980,19.13003750099
5981,19.13003750099
5982,21.889404497890002
5983,51.20712413963348
5984,152.40773251696842
5985,247.14565997448838
5986,210.8336805169684
5987,239.4308872194384
5988,210.8336805169684
5989,133.9620202053284
5990,183.33362877531837
5991,238.98114139657838
5992,210.60282379657838
5993,207.26419819657838
5994,152.1768757965784
5995,53.209113930433475
5996,38.63854034680982
5997,35.303667368069824
5998,36.953911786229824
5999,19.36089422138
6000,255.43483818116002
6001,170.33651525749002
6002,42.72291536584
6003,45.195091914710005
6004,52.134927194910006
6005,20.239160079730002
6006,20.239160079730002
6007,49.87424095169348
6008,185.1817654904984
6009,182.22450619657837
6010,210.60282379657838
6011,240.09026397531838
6012,213.3621907934784
6013,133.21063531696842
6014,182.4553629169684
6015,603.3073130659584
6016,210.8336805169684
6017,411.3598796988684
6018,511.59064217244844
6019,342.6335306094235
6020,37.760274488459814
6021,75.42207473166982
6022,60.288191248009824
6023,52.134927194910006
6024,20.239160079730002
6025,16.900534479730002
6026,19.13003750099
6027,52.134927194910006
6028,19.13003750099
6029,19.13003750099
6030,21.889404497890002
6031,51.20712413963348
6032,152.40773251696842
6033,247.14565997448838
6034,210.8336805169684
6035,239.4308872194384
6036,210.8336805169684
6037,133.9620202053284
6038,183.33362877531837
6039,238.98114139657838
6040,210.60282379657838
6041,207.26419819657838
6042,152.1768757965784
6043,53.209113930433475
6044,38.63854034680982
6045,35.303667368069824
6046,36.953911786229824
6047,19.36089422138
6048,255.43483818116002
6049,184.32137922318
6050,193.75128635505
6051,199.20415741819002
6052,249.39708821813002
6053,363.80658755274
6054,19.36089422138
6055,219.2072501192235
6056,244.8570122744784
6057,402.6766326197684
6058,235.5873476765184
6059,271.9860310904984
6060,211.71194637531838
6061,134.0889011753184
6062,196.08315812619838
6063,279.6664161267284
6064,227.6010047813484
6065,382.34412722215836
6066,154.9362427934784
6067,160.09788740374347
6068,241.1610436737298
6069,398.32895555378985
6070,96.31814644539982
6071,241.4508440957
6072,243.36658119462
6073,184.32137922318
6074,193.75128635505
6075,199.20415741819002
6076,249.39708821813002
6077,363.80658755274
6078,19.36089422138
6079,219.2072501192235
6080,244.8570122744784
6081,402.6766326197684
6082,235.5873476765184
6083,271.9860310904984
6084,211.71194637531838
6085,134.0889011753184
6086,196.08315812619838
6087,279.6664161267284
6088,227.6010047813484
6089,382.34412722215836
6090,154.9362427934784
6091,160.09788740374347
6092,241.1610436737298
6093,398.32895555378985
6094,96.31814644539982
6095,241.4508440957
6096,243.36658119462
6097,170.33651525749002
6098,42.72291536584
6099,45.195091914710005
6100,52.134927194910006
6101,20.239160079730002
6102,20.239160079730002
6103,49.87424095169348
6104,185.1817654904984
6105,182.22450619657837
6106,210.60282379657838
6107,240.09026397531838
6108,213.3621907934784
6109,133.21063531696842
6110,182.4553629169684
6111,603.3073130659584
6112,210.8336805169684
6113,411.3598796988684
6114,511.59064217244844
6115,342.6335306094235
6116,37.760274488459814
6117,75.42207473166982
6118,60.288191248009824
6119,52.134927194910006
6120,20.239160079730002
6121,170.33651525749002
6122,42.72291536584
6123,45.195091914710005
6124,52.134927194910006
6125,20.239160079730002
6126,20.239160079730002
6127,49.87424095169348
6128,185.1817654904984
6129,182.22450619657837
6130,210.60282379657838
6131,240.09026397531838
6132,213.3621907934784
6133,133.21063531696842
6134,182.4553629169684
6135,603.3073130659584
6136,210.8336805169684
6137,411.3598796988684
6138,511.59064217244844
6139,342.6335306094235
6140,37.760274488459814
6141,75.42207473166982
6142,60.288191248009824
6143,52.134927194910006
6144,20.239160079730002
6145,170.33651525749002
6146,42.72291536584
6147,45.195091914710005
6148,52.134927194910006
6149,20.239160079730002
6150,20.239160079730002
6151,49.87424095169348
6152,185.1817654904984
6153,182.22450619657837
6154,210.60282379657838
6155,240.09026397531838
6156,213.3621907934784
6157,133.21063531696842
6158,182.4553629169684
6159,603.3073130659584
6160,210.8336805169684
6161,411.3598796988684
6162,511.59064217244844
6163,342.6335306094235
6164,37.760274488459814
6165,75.42207473166982
6166,60.288191248009824
6167,52.134927194910006
6168,20.239160079730002
6169,184.32137922318
6170,193.75128635505
6171,199.20415741819002
6172,249.39708821813002
6173,363.80658755274
6174,19.36089422138
6175,219.2072501192235
6176,244.8570122744784
6177,402.6766326197684
6178,235.5873476765184
6179,271.9860310904984
6180,211.71194637531838
6181,134.0889011753184
6182,196.08315812619838
6183,279.6664161267284
6184,227.6010047813484
6185,382.34412722215836
6186,154.9362427934784
6187,160.09788740374347
6188,241.1610436737298
6189,398.32895555378985
6190,96.31814644539982
6191,241.4508440957
6192,243.36658119462
6193,380.01023476463996
6194,297.04124111283
6195,233.18880151502
6196,231.02744368565
6197,384.99238439244
6198,358.69828177526
6199,48.769647432083474
6200,163.96403543071
6201,238.6195395998
6202,256.00606824526
6203,312.4465973343001
6204,221.64846865927
6205,154.25006348326
6206,323.30507752676
6207,220.76739579652008
6208,375.55998115373
6209,192.88730498446
6210,278.61225190269
6211,414.3845652134235
6212,112.89743034042982
6213,270.4857747208498
6214,134.77313255021983
6215,18.02544398138
6216,373.76966962089
6217,184.32137922318
6218,193.75128635505
6219,199.20415741819002
6220,249.39708821813002
6221,363.80658755274
6222,19.36089422138
6223,219.2072501192235
6224,244.8570122744784
6225,402.6766326197684
6226,235.5873476765184
6227,271.9860310904984
6228,211.71194637531838
6229,134.0889011753184
6230,196.08315812619838
6231,279.6664161267284
6232,227.6010047813484
6233,382.34412722215836
6234,154.9362427934784
6235,160.09788740374347
6236,241.1610436737298
6237,398.32895555378985
6238,96.31814644539982
6239,241.4508440957
6240,243.36658119462
6241,184.32137922318
6242,193.75128635505
6243,199.20415741819002
6244,249.39708821813002
6245,363.80658755274
6246,19.36089422138
6247,219.2072501192235
6248,244.8570122744784
6249,402.6766326197684
6250,235.5873476765184
6251,271.9860310904984
6252,211.71194637531838
6253,134.0889011753184
6254,196.08315812619838
6255,279.6664161267284
6256,227.6010047813484
6257,382.34412722215836
6258,154.9362427934784
6259,160.09788740374347
6260,241.1610436737298
6261,398.32895555378985
6262,96.31814644539982
6263,241.4508440957
6264,243.36658119462
6265,170.33651525749002
6266,42.72291536584
6267,45.195091914710005
6268,52.134927194910006
6269,20.239160079730002
6270,20.239160079730002
6271,49.87424095169348
6272,185.1817654904984
6273,182.22450619657837
6274,210.60282379657838
6275,240.09026397531838
6276,213.3621907934784
6277,133.21063531696842
6278,182.4553629169684
6279,603.3073130659584
6280,210.8336805169684
6281,411.3598796988684
6282,511.59064217244844
6283,342.6335306094235
6284,37.760274488459814
6285,75.42207473166982
6286,60.288191248009824
6287,52.134927194910006
6288,20.239160079730002
6289,170.33651525749002
6290,42.72291536584
6291,45.195091914710005
6292,52.134927194910006
6293,20.239160079730002
6294,20.239160079730002
6295,49.87424095169348
6296,185.1817654904984
6297,182.22450619657837
6298,210.60282379657838
6299,240.09026397531838
6300,213.3621907934784
6301,133.21063531696842
6302,182.4553629169684
6303,603.3073130659584
6304,210.8336805169684
6305,411.3598796988684
6306,511.59064217244844
6307,342.6335306094235
6308,37.760274488459814
6309,75.42207473166982
6310,60.288191248009824
6311,52.134927194910006
6312,20.239160079730002
6313,170.33651525749002
6314,42.72291536584
6315,45.195091914710005
6316,52.134927194910006
6317,20.239160079730002
6318,20.239160079730002
6319,49.87424095169348
6320,185.1817654904984
6321,182.22450619657837
6322,210.60282379657838
6323,240.09026397531838
6324,213.3621907934784
6325,133.21063531696842
6326,182.4553629169684
6327,603.3073130659584
6328,210.8336805169684
6329,411.3598796988684
6330,511.59064217244844
6331,342.6335306094235
6332,37.760274488459814
6333,75.42207473166982
6334,60.288191248009824
6335,52.134927194910006
6336,20.239160079730002
6337,170.33651525749002
6338,42.72291536584
6339,45.195091914710005
6340,52.134927194910006
6341,20.239160079730002
6342,20.239160079730002
6343,49.87424095169348
6344,185.1817654904984
6345,182.22450619657837
6346,210.60282379657838
6347,240.09026397531838
6348,213.3621907934784
6349,133.21063531696842
6350,182.4553629169684
6351,603.3073130659584
6352,210.8336805169684
6353,411.3598796988684
6354,511.59064217244844
6355,342.6335306094235
6356,37.760274488459814
6357,75.42207473166982
6358,60.288191248009824
6359,52.134927194910006
6360,20.239160079730002
6361,170.33651525749002
6362,42.72291536584
6363,45.195091914710005
6364,52.134927194910006
6365,20.239160079730002
6366,20.239160079730002
6367,49.87424095169348
6368,185.1817654904984
6369,182.22450619657837
6370,210.60282379657838
6371,240.09026397531838
6372,213.3621907934784
6373,133.21063531696842
6374,182.4553629169684
6375,603.3073130659584
6376,210.8336805169684
6377,411.3598796988684
6378,511.59064217244844
6379,342.6335306094235
6380,37.760274488459814
6381,75.42207473166982
6382,60.288191248009824
6383,52.134927194910006
6384,20.239160079730002
6385,170.33651525749002
6386,42.72291536584
6387,45.195091914710005
6388,52.134927194910006
6389,20.239160079730002
6390,20.239160079730002
6391,49.87424095169348
6392,185.1817654904984
6393,182.22450619657837
6394,210.60282379657838
6395,240.09026397531838
6396,213.3621907934784
6397,133.21063531696842
6398,182.4553629169684
6399,603.3073130659584
6400,210.8336805169684
6401,411.3598796988684
6402,511.59064217244844
6403,342.6335306094235
6404,37.760274488459814
6405,75.42207473166982
6406,60.288191248009824
6407,52.134927194910006
6408,20.239160079730002
6409,170.33651525749002
6410,42.72291536584
6411,45.195091914710005
6412,52.134927194910006
6413,20.239160079730002
6414,20.239160079730002
6415,49.87424095169348
6416,185.1817654904984
6417,182.22450619657837
6418,210.60282379657838
6419,240.09026397531838
6420,213.3621907934784
6421,133.21063531696842
6422,182.4553629169684
6423,603.3073130659584
6424,210.8336805169684
6425,411.3598796988684
6426,511.59064217244844
6427,342.6335306094235
6428,37.760274488459814
6429,75.42207473166982
6430,60.288191248009824
6431,52.134927194910006
6432,20.239160079730002
6433,170.33651525749002
6434,42.72291536584
6435,45.195091914710005
6436,52.134927194910006
6437,20.239160079730002
6438,20.239160079730002
6439,49.87424095169348
6440,185.1817654904984
6441,182.22450619657837
6442,210.60282379657838
6443,240.09026397531838
6444,213.3621907934784
6445,133.21063531696842
6446,182.4553629169684
6447,603.3073130659584
6448,210.8336805169684
6449,411.3598796988684
6450,511.59064217244844
6451,342.6335306094235
6452,37.760274488459814
6453,75.42207473166982
6454,60.288191248009824
6455,52.134927194910006
6456,20.239160079730002
6457,170.33651525749002
6458,42.72291536584
6459,45.195091914710005
6460,52.134927194910006
6461,20.239160079730002
6462,20.239160079730002
6463,49.87424095169348
6464,185.1817654904984
6465,182.22450619657837
6466,210.60282379657838
6467,240.09026397531838
6468,213.3621907934784
6469,133.21063531696842
6470,182.4553629169684
6471,603.3073130659584
6472,210.8336805169684
6473,411.3598796988684
6474,511.59064217244844
6475,342.6335306094235
6476,37.760274488459814
6477,75.42207473166982
6478,60.288191248009824
6479,52.134927194910006
6480,20.239160079730002
6481,170.33651525749002
6482,42.72291536584
6483,45.195091914710005
6484,52.134927194910006
6485,20.239160079730002
6486,20.239160079730002
6487,49.87424095169348
6488,185.1817654904984
6489,182.22450619657837
6490,210.60282379657838
6491,240.09026397531838
6492,213.3621907934784
6493,133.21063531696842
6494,182.4553629169684
6495,603.3073130659584
6496,210.8336805169684
6497,411.3598796988684
6498,511.59064217244844
6499,342.6335306094235
6500,37.760274488459814
6501,75.42207473166982
6502,60.288191248009824
6503,52.134927194910006
6504,20.239160079730002
6505,170.33651525749002
6506,42.72291536584
6507,45.195091914710005
6508,52.134927194910006
6509,20.239160079730002
6510,20.239160079730002
6511,49.87424095169348
6512,185.1817654904984
6513,182.22450619657837
6514,210.60282379657838
6515,240.09026397531838
6516,213.3621907934784
6517,133.21063531696842
6518,182.4553629169684
6519,603.3073130659584
6520,210.8336805169684
6521,411.3598796988684
6522,511.59064217244844
6523,342.6335306094235
6524,37.760274488459814
6525,75.42207473166982
6526,60.288191248009824
6527,52.134927194910006
6528,20.239160079730002
6529,170.33651525749002
6530,42.72291536584
6531,45.195091914710005
6532,52.134927194910006
6533,20.239160079730002
6534,20.239160079730002
6535,49.87424095169348
6536,185.1817654904984
6537,182.22450619657837
6538,210.60282379657838
6539,240.09026397531838
6540,213.3621907934784
6541,133.21063531696842
6542,182.4553629169684
6543,603.3073130659584
6544,210.8336805169684
6545,411.3598796988684
6546,511.59064217244844
6547,342.6335306094235
6548,37.760274488459814
6549,75.42207473166982
6550,60.288191248009824
6551,52.134927194910006
6552,20.239160079730002
6553,170.33651525749002
6554,42.72291536584
6555,45.195091914710005
6556,52.134927194910006
6557,20.239160079730002
6558,20.239160079730002
6559,49.87424095169348
6560,185.1817654904984
6561,182.22450619657837
6562,210.60282379657838
6563,240.09026397531838
6564,213.3621907934784
6565,133.21063531696842
6566,182.4553629169684
6567,603.3073130659584
6568,210.8336805169684
6569,411.3598796988684
6570,511.59064217244844
6571,342.6335306094235
6572,37.760274488459814
6573,75.42207473166982
6574,60.288191248009824
6575,52.134927194910006
6576,20.239160079730002
6577,170.33651525749002
6578,42.72291536584
6579,45.195091914710005
6580,52.134927194910006
6581,20.239160079730002
6582,20.239160079730002
6583,49.87424095169348
6584,185.1817654904984
6585,182.22450619657837
6586,210.60282379657838
6587,240.09026397531838
6588,213.3621907934784
6589,133.21063531696842
6590,182.4553629169684
6591,603.3073130659584
6592,210.8336805169684
6593,411.3598796988684
6594,511.59064217244844
6595,342.6335306094235
6596,37.760274488459814
6597,75.42207473166982
6598,60.288191248009824
6599,52.134927194910006
6600,20.239160079730002
6601,170.33651525749002
6602,42.72291536584
6603,45.195091914710005
6604,52.134927194910006
6605,20.239160079730002
6606,20.239160079730002
6607,49.87424095169348
6608,185.1817654904984
6609,182.22450619657837
6610,210.60282379657838
6611,240.09026397531838
6612,213.3621907934784
6613,133.21063531696842
6614,182.4553629169684
6615,603.3073130659584
6616,210.8336805169684
6617,411.3598796988684
6618,511.59064217244844
6619,342.6335306094235
6620,37.760274488459814
6621,75.42207473166982
6622,60.288191248009824
6623,52.134927194910006
6624,20.239160079730002
6625,170.33651525749002
6626,42.72291536584
6627,45.195091914710005
6628,52.134927194910006
6629,20.239160079730002
6630,20.239160079730002
6631,49.87424095169348
6632,185.1817654904984
6633,182.22450619657837
6634,210.60282379657838
6635,240.09026397531838
6636,213.3621907934784
6637,133.21063531696842
6638,182.4553629169684
6639,603.3073130659584
6640,210.8336805169684
6641,411.3598796988684
6642,511.59064217244844
6643,342.6335306094235
6644,37.760274488459814
6645,75.42207473166982
6646,60.288191248009824
6647,52.134927194910006
6648,20.239160079730002
6649,184.32137922318
6650,193.75128635505
6651,199.20415741819002
6652,249.39708821813002
6653,363.80658755274
6654,19.36089422138
6655,219.2072501192235
6656,244.8570122744784
6657,402.6766326197684
6658,235.5873476765184
6659,271.9860310904984
6660,211.71194637531838
6661,134.0889011753184
6662,196.08315812619838
6663,279.6664161267284
6664,227.6010047813484
6665,382.34412722215836
6666,154.9362427934784
6667,160.09788740374347
6668,241.1610436737298
6669,398.32895555378985
6670,96.31814644539982
6671,241.4508440957
6672,243.36658119462
6673,184.32137922318
6674,193.75128635505
6675,199.20415741819002
6676,249.39708821813002
6677,363.80658755274
6678,19.36089422138
6679,219.2072501192235
6680,244.8570122744784
6681,402.6766326197684
6682,235.5873476765184
6683,271.9860310904984
6684,211.71194637531838
6685,134.0889011753184
6686,196.08315812619838
6687,279.6664161267284
6688,227.6010047813484
6689,382.34412722215836
6690,154.9362427934784
6691,160.09788740374347
6692,241.1610436737298
6693,398.32895555378985
6694,96.31814644539982
6695,241.4508440957
6696,243.36658119462
6697,184.32137922318
6698,193.75128635505
6699,199.20415741819002
6700,249.39708821813002
6701,363.80658755274
6702,19.36089422138
6703,219.2072501192235
6704,244.8570122744784
6705,402.6766326197684
6706,235.5873476765184
6707,271.9860310904984
6708,211.71194637531838
6709,134.0889011753184
6710,196.08315812619838
6711,279.6664161267284
6712,227.6010047813484
6713,382.34412722215836
6714,154.9362427934784
6715,160.09788740374347
6716,241.1610436737298
6717,398.32895555378985
6718,96.31814644539982
6719,241.4508440957
6720,243.36658119462
6721,184.32137922318
6722,193.75128635505
6723,199.20415741819002
6724,249.39708821813002
6725,363.80658755274
6726,19.36089422138
6727,219.2072501192235
6728,244.8570122744784
6729,402.6766326197684
6730,235.5873476765184
6731,271.9860310904984
6732,211.71194637531838
6733,134.0889011753184
6734,196.08315812619838
6735,279.6664161267284
6736,227.6010047813484
6737,382.34412722215836
6738,154.9362427934784
6739,160.09788740374347
6740,241.1610436737298
6741,398.32895555378985
6742,96.31814644539982
6743,241.4508440957
6744,243.36658119462
6745,184.32137922318
6746,193.75128635505
6747,199.20415741819002
6748,249.39708821813002
6749,363.80658755274
6750,19.36089422138
6751,219.2072501192235
6752,244.8570122744784
6753,402.6766326197684
6754,235.5873476765184
6755,271.9860310904984
6756,211.71194637531838
6757,134.0889011753184
6758,196.08315812619838
6759,279.6664161267284
6760,227.6010047813484
6761,382.34412722215836
6762,154.9362427934784
6763,160.09788740374347
6764,241.1610436737298
6765,398.32895555378985
6766,96.31814644539982
6767,241.4508440957
6768,243.36658119462
6769,430.74307995169
6770,201.52519039569
6771,322.37428133167
6772,328.02354792933
6773,338.60912267427
6774,382.48064847642996
6775,464.8259090023935
6776,557.76215608722
6777,169.02925688503
6778,585.55346969432
6779,249.01319115361008
6780,505.85521241205004
6781,441.14363970682996
6782,169.01869899652
6783,250.6528776832601
6784,441.09811644872
6785,262.10545772732
6786,144.23440479342
6787,467.0516594023935
6788,452.4810858187698
6789,88.2891213125998
6790,351.3747822618898
6791,434.08170555169
6792,269.17166740294
6793,430.74307995169
6794,201.52519039569
6795,322.37428133167
6796,328.02354792933
6797,338.60912267427
6798,382.48064847642996
6799,464.8259090023935
6800,557.76215608722
6801,169.02925688503
6802,585.55346969432
6803,249.01319115361008
6804,505.85521241205004
6805,441.14363970682996
6806,169.01869899652
6807,250.6528776832601
6808,441.09811644872
6809,262.10545772732
6810,144.23440479342
6811,467.0516594023935
6812,452.4810858187698
6813,88.2891213125998
6814,351.3747822618898
6815,434.08170555169
6816,269.17166740294
6817,426.73672923169
6818,260.08415994776
6819,388.14799093992997
6820,393.797257094
6821,390.60419380848
6822,394.53411795456
6823,391.69928059497346
6824,358.1786500716649
6825,415.90866672061486
6826,458.55640029009487
6827,186.65341790511502
6828,148.87284077508488
6829,378.29942442748495
6830,129.40127739634488
6831,230.63957449242503
6832,281.6004350379849
6833,316.1074788154749
6834,474.1562937209349
6835,168.53748804066348
6836,448.4747350987698
6837,446.24898469876985
6838,446.24898469876985
6839,51.670264782900006
6840,430.07535483169
6841,184.32137922318
6842,193.75128635505
6843,199.20415741819002
6844,249.39708821813002
6845,363.80658755274
6846,19.36089422138
6847,219.2072501192235
6848,244.8570122744784
6849,402.6766326197684
6850,235.5873476765184
6851,271.9860310904984
6852,211.71194637531838
6853,134.0889011753184
6854,196.08315812619838
6855,279.6664161267284
6856,227.6010047813484
6857,382.34412722215836
6858,154.9362427934784
6859,160.09788740374347
6860,241.1610436737298
6861,398.32895555378985
6862,96.31814644539982
6863,241.4508440957
6864,243.36658119462
6865,380.01023476463996
6866,297.04124111283
6867,233.18880151502
6868,231.02744368565
6869,384.99238439244
6870,358.69828177526
6871,48.769647432083474
6872,163.96403543071
6873,238.6195395998
6874,256.00606824526
6875,312.4465973343001
6876,221.64846865927
6877,154.25006348326
6878,323.30507752676
6879,220.76739579652008
6880,375.55998115373
6881,192.88730498446
6882,278.61225190269
6883,414.3845652134235
6884,112.89743034042982
6885,270.4857747208498
6886,134.77313255021983
6887,18.02544398138
6888,373.76966962089
6889,380.01023476463996
6890,297.04124111283
6891,233.18880151502
6892,231.02744368565
6893,384.99238439244
6894,358.69828177526
6895,48.769647432083474
6896,163.96403543071
6897,238.6195395998
6898,256.00606824526
6899,312.4465973343001
6900,221.64846865927
6901,154.25006348326
6902,323.30507752676
6903,220.76739579652008
6904,375.55998115373
6905,192.88730498446
6906,278.61225190269
6907,414.3845652134235
6908,112.89743034042982
6909,270.4857747208498
6910,134.77313255021983
6911,18.02544398138
6912,373.76966962089
6913,184.32137922318
6914,193.75128635505
6915,199.20415741819002
6916,249.39708821813002
6917,363.80658755274
6918,19.36089422138
6919,219.2072501192235
6920,244.8570122744784
6921,402.6766326197684
6922,235.5873476765184
6923,271.9860310904984
6924,211.71194637531838
6925,134.0889011753184
6926,196.08315812619838
6927,279.6664161267284
6928,227.6010047813484
6929,382.34412722215836
6930,154.9362427934784
6931,160.09788740374347
6932,241.1610436737298
6933,398.32895555378985
6934,96.31814644539982
6935,241.4508440957
6936,243.36658119462
6937,184.32137922318
6938,193.75128635505
6939,199.20415741819002
6940,249.39708821813002
6941,363.80658755274
6942,19.36089422138
6943,219.2072501192235
6944,244.8570122744784
6945,402.6766326197684
6946,235.5873476765184
6947,271.9860310904984
6948,211.71194637531838
6949,134.0889011753184
6950,196.08315812619838
6951,279.6664161267284
6952,227.6010047813484
6953,382.34412722215836
6954,154.9362427934784
6955,160.09788740374347
6956,241.1610436737298
6957,398.32895555378985
6958,96.31814644539982
6959,241.4508440957
6960,243.36658119462
6961,184.32137922318
6962,193.75128635505
6963,199.20415741819002
6964,249.39708821813002
6965,363.80658755274
6966,19.36089422138
6967,219.2072501192235
6968,244.8570122744784
6969,402.6766326197684
6970,235.5873476765184
6971,271.9860310904984
6972,211.71194637531838
6973,134.0889011753184
6974,196.08315812619838
6975,279.6664161267284
6976,227.6010047813484
6977,382.34412722215836
6978,154.9362427934784
6979,160.09788740374347
6980,241.1610436737298
6981,398.32895555378985
6982,96.31814644539982
6983,241.4508440957
6984,243.36658119462
6985,170.33651525749002
6986,42.72291536584
6987,45.195091914710005
6988,52.134927194910006
6989,20.239160079730002
6990,20.239160079730002
6991,49.87424095169348
6992,185.1817654904984
6993,182.22450619657837
6994,210.60282379657838
6995,240.09026397531838
6996,213.3621907934784
6997,133.21063531696842
6998,182.4553629169684
6999,603.3073130659584
7000,210.8336805169684
7001,411.3598796988684
7002,511.59064217244844
7003,342.6335306094235
7004,37.760274488459814
7005,75.42207473166982
7006,60.288191248009824
7007,52.134927194910006
7008,20.239160079730002
7009,184.32137922318
7010,193.75128635505
7011,199.20415741819002
7012,249.39708821813002
7013,363.80658755274
7014,19.36089422138
7015,219.2072501192235
7016,244.8570122744784
7017,402.6766326197684
7018,235.5873476765184
7019,271.9860310904984
7020,211.71194637531838
7021,134.0889011753184
7022,196.08315812619838
7023,279.6664161267284
7024,227.6010047813484
7025,382.34412722215836
7026,154.9362427934784
7027,160.09788740374347
7028,241.1610436737298
7029,398.32895555378985
7030,96.31814644539982
7031,241.4508440957
7032,243.36658119462
7033,170.33651525749002
7034,42.72291536584
7035,45.195091914710005
7036,52.134927194910006
7037,20.239160079730002
7038,20.239160079730002
7039,49.87424095169348
7040,185.1817654904984
7041,182.22450619657837
7042,210.60282379657838
7043,240.09026397531838
7044,213.3621907934784
7045,133.21063531696842
7046,182.4553629169684
7047,603.3073130659584
7048,210.8336805169684
7049,411.3598796988684
7050,511.59064217244844
7051,342.6335306094235
7052,37.760274488459814
7053,75.42207473166982
7054,60.288191248009824
7055,52.134927194910006
7056,20.239160079730002
7057,170.33651525749002
7058,42.72291536584
7059,45.195091914710005
7060,52.134927194910006
7061,20.239160079730002
7062,20.239160079730002
7063,49.87424095169348
7064,185.1817654904984
7065,182.22450619657837
7066,210.60282379657838
7067,240.09026397531838
7068,213.3621907934784
7069,133.21063531696842
7070,182.4553629169684
7071,603.3073130659584
7072,210.8336805169684
7073,411.3598796988684
7074,511.59064217244844
7075,342.6335306094235
7076,37.760274488459814
7077,75.42207473166982
7078,60.288191248009824
7079,52.134927194910006
7080,20.239160079730002
7081,380.01023476463996
7082,297.04124111283
7083,233.18880151502
7084,231.02744368565
7085,384.99238439244
7086,358.69828177526
7087,48.769647432083474
7088,163.96403543071
7089,238.6195395998
7090,256.00606824526
7091,312.4465973343001
7092,221.64846865927
7093,154.25006348326
7094,323.30507752676
7095,220.76739579652008
7096,375.55998115373
7097,192.88730498446
7098,278.61225190269
7099,414.3845652134235
7100,112.89743034042982
7101,270.4857747208498
7102,134.77313255021983
7103,18.02544398138
7104,373.76966962089
7105,184.32137922318
7106,193.75128635505
7107,199.20415741819002
7108,249.39708821813002
7109,363.80658755274
7110,19.36089422138
7111,219.2072501192235
7112,244.8570122744784
7113,402.6766326197684
7114,235.5873476765184
7115,271.9860310904984
7116,211.71194637531838
7117,134.0889011753184
7118,196.08315812619838
7119,279.6664161267284
7120,227.6010047813484
7121,382.34412722215836
7122,154.9362427934784
7123,160.09788740374347
7124,241.1610436737298
7125,398.32895555378985
7126,96.31814644539982
7127,241.4508440957
7128,243.36658119462
7129,170.33651525749002
7130,42.72291536584
7131,45.195091914710005
7132,52.134927194910006
7133,20.239160079730002
7134,20.239160079730002
7135,49.87424095169348
7136,185.1817654904984
7137,182.22450619657837
7138,210.60282379657838
7139,240.09026397531838
7140,213.3621907934784
7141,133.21063531696842
7142,182.4553629169684
7143,603.3073130659584
7144,210.8336805169684
7145,411.3598796988684
7146,511.59064217244844
7147,342.6335306094235
7148,37.760274488459814
7149,75.42207473166982
7150,60.288191248009824
7151,52.134927194910006
7152,20.239160079730002
7153,170.33651525749002
7154,42.72291536584
7155,45.195091914710005
7156,52.134927194910006
7157,20.239160079730002
7158,20.239160079730002
7159,49.87424095169348
7160,185.1817654904984
7161,182.22450619657837
7162,210.60282379657838
7163,240.09026397531838
7164,213.3621907934784
7165,133.21063531696842
7166,182.4553629169684
7167,603.3073130659584
7168,210.8336805169684
7169,411.3598796988684
7170,511.59064217244844
7171,342.6335306094235
7172,37.760274488459814
7173,75.42207473166982
7174,60.288191248009824
7175,52.134927194910006
7176,20.239160079730002
7177,380.01023476463996
7178,297.04124111283
7179,233.18880151502
7180,231.02744368565
7181,384.99238439244
7182,358.69828177526
7183,48.769647432083474
7184,163.96403543071
7185,238.6195395998
7186,256.00606824526
7187,312.4465973343001
7188,221.64846865927
7189,154.25006348326
7190,323.30507752676
7191,220.76739579652008
7192,375.55998115373
7193,192.88730498446
7194,278.61225190269
7195,414.3845652134235
7196,112.89743034042982
7197,270.4857747208498
7198,134.77313255021983
7199,18.02544398138
7200,373.76966962089
7201,170.33651525749002
7202,42.72291536584
7203,45.195091914710005
7204,52.134927194910006
7205,20.239160079730002
7206,20.239160079730002
7207,49.87424095169348
7208,185.1817654904984
7209,182.22450619657837
7210,210.60282379657838
7211,240.09026397531838
7212,213.3621907934784
7213,133.21063531696842
7214,182.4553629169684
7215,603.3073130659584
7216,210.8336805169684
7217,411.3598796988684
7218,511.59064217244844
7219,342.6335306094235
7220,37.760274488459814
7221,75.42207473166982
7222,60.288191248009824
7223,52.134927194910006
7224,20.239160079730002
7225,380.01023476463996
7226,297.04124111283
7227,233.18880151502
7228,231.02744368565
7229,384.99238439244
7230,358.69828177526
7231,48.769647432083474
7232,163.96403543071
7233,238.6195395998
7234,256.00606824526
7235,312.4465973343001
7236,221.64846865927
7237,154.25006348326
7238,323.30507752676
7239,220.76739579652008
7240,375.55998115373
7241,192.88730498446
7242,278.61225190269
7243,414.3845652134235
7244,112.89743034042982
7245,270.4857747208498
7246,134.77313255021983
7247,18.02544398138
7248,373.76966962089
7249,380.01023476463996
7250,297.04124111283
7251,233.18880151502
7252,231.02744368565
7253,384.99238439244
7254,358.69828177526
7255,48.769647432083474
7256,163.96403543071
7257,238.6195395998
7258,256.00606824526
7259,312.4465973343001
7260,221.64846865927
7261,154.25006348326
7262,323.30507752676
7263,220.76739579652008
7264,375.55998115373
7265,192.88730498446
7266,278.61225190269
7267,414.3845652134235
7268,112.89743034042982
7269,270.4857747208498
7270,134.77313255021983
7271,18.02544398138
7272,373.76966962089
7273,380.01023476463996
7274,297.04124111283
7275,233.18880151502
7276,231.02744368565
7277,384.99238439244
7278,358.69828177526
7279,48.769647432083474
7280,163.96403543071
7281,238.6195395998
7282,256.00606824526
7283,312.4465973343001
7284,221.64846865927
7285,154.25006348326
7286,323.30507752676
7287,220.76739579652008
7288,375.55998115373
7289,192.88730498446
7290,278.61225190269
7291,414.3845652134235
7292,112.89743034042982
7293,270.4857747208498
7294,134.77313255021983
7295,18.02544398138
7296,373.76966962089
7297,184.32137922318
7298,193.75128635505
7299,199.20415741819002
7300,249.39708821813002
7301,363.80658755274
7302,19.36089422138
7303,219.2072501192235
7304,244.8570122744784
7305,402.6766326197684
7306,235.5873476765184
7307,271.9860310904984
7308,211.71194637531838
7309,134.0889011753184
7310,196.08315812619838
7311,279.6664161267284
7312,227.6010047813484
7313,382.34412722215836
7314,154.9362427934784
7315,160.09788740374347
7316,241.1610436737298
7317,398.32895555378985
7318,96.31814644539982
7319,241.4508440957
7320,243.36658119462
7321,184.32137922318
7322,193.75128635505
7323,199.20415741819002
7324,249.39708821813002
7325,363.80658755274
7326,19.36089422138
7327,219.2072501192235
7328,244.8570122744784
7329,402.6766326197684
7330,235.5873476765184
7331,271.9860310904984
7332,211.71194637531838
7333,134.0889011753184
7334,196.08315812619838
7335,279.6664161267284
7336,227.6010047813484
7337,382.34412722215836
7338,154.9362427934784
7339,160.09788740374347
7340,241.1610436737298
7341,398.32895555378985
7342,96.31814644539982
7343,241.4508440957
7344,243.36658119462
7345,184.32137922318
7346,193.75128635505
7347,199.20415741819002
7348,249.39708821813002
7349,363.80658755274
7350,19.36089422138
7351,219.2072501192235
7352,244.8570122744784
7353,402.6766326197684
7354,235.5873476765184
7355,271.9860310904984
7356,211.71194637531838
7357,134.0889011753184
7358,196.08315812619838
7359,279.6664161267284
7360,227.6010047813484
7361,382.34412722215836
7362,154.9362427934784
7363,160.09788740374347
7364,241.1610436737298
7365,398.32895555378985
7366,96.31814644539982
7367,241.4508440957
7368,243.36658119462
7369,380.01023476463996
7370,297.04124111283
7371,233.18880151502
7372,231.02744368565
7373,384.99238439244
7374,358.69828177526
7375,48.769647432083474
7376,163.96403543071
7377,238.6195395998
7378,256.00606824526
7379,312.4465973343001
7380,221.64846865927
7381,154.25006348326
7382,323.30507752676
7383,220.76739579652008
7384,375.55998115373
7385,192.88730498446
7386,278.61225190269
7387,414.3845652134235
7388,112.89743034042982
7389,270.4857747208498
7390,134.77313255021983
7391,18.02544398138
7392,373.76966962089
7393,380.01023476463996
7394,297.04124111283
7395,233.18880151502
7396,231.02744368565
7397,384.99238439244
7398,358.69828177526
7399,48.769647432083474
7400,163.96403543071
7401,238.6195395998
7402,256.00606824526
7403,312.4465973343001
7404,221.64846865927
7405,154.25006348326
7406,323.30507752676
7407,220.76739579652008
7408,375.55998115373
7409,192.88730498446
7410,278.61225190269
7411,414.3845652134235
7412,112.89743034042982
7413,270.4857747208498
7414,134.77313255021983
7415,18.02544398138
7416,373.76966962089
7417,184.32137922318
7418,193.75128635505
7419,199.20415741819002
7420,249.39708821813002
7421,363.80658755274
7422,19.36089422138
7423,219.2072501192235
7424,244.8570122744784
7425,402.6766326197684
7426,235.5873476765184
7427,271.9860310904984
7428,211.71194637531838
7429,134.0889011753184
7430,196.08315812619838
7431,279.6664161267284
7432,227.6010047813484
7433,382.34412722215836
7434,154.9362427934784
7435,160.09788740374347
7436,241.1610436737298
7437,398.32895555378985
7438,96.31814644539982
7439,241.4508440957
7440,243.36658119462
7441,380.01023476463996
7442,297.04124111283
7443,233.18880151502
7444,231.02744368565
7445,384.99238439244
7446,358.69828177526
7447,48.769647432083474
7448,163.96403543071
7449,238.6195395998
7450,256.00606824526
7451,312.4465973343001
7452,221.64846865927
7453,154.25006348326
7454,323.30507752676
7455,220.76739579652008
7456,375.55998115373
7457,192.88730498446
7458,278.61225190269
7459,414.3845652134235
7460,112.89743034042982
7461,270.4857747208498
7462,134.77313255021983
7463,18.02544398138
7464,373.76966962089
7465,380.01023476463996
7466,297.04124111283
7467,233.18880151502
7468,231.02744368565
7469,384.99238439244
7470,358.69828177526
7471,48.769647432083474
7472,163.96403543071
7473,238.6195395998
7474,256.00606824526
7475,312.4465973343001
7476,221.64846865927
7477,154.25006348326
7478,323.30507752676
7479,220.76739579652008
7480,375.55998115373
7481,192.88730498446
7482,278.61225190269
7483,414.3845652134235
7484,112.89743034042982
7485,270.4857747208498
7486,134.77313255021983
7487,18.02544398138
7488,373.76966962089
7489,380.01023476463996
7490,297.04124111283
7491,233.18880151502
7492,231.02744368565
7493,384.99238439244
7494,358.69828177526
7495,48.769647432083474
7496,163.96403543071
7497,238.6195395998
7498,256.00606824526
7499,312.4465973343001
7500,221.64846865927
7501,154.25006348326
7502,323.30507752676
7503,220.76739579652008
7504,375.55998115373
7505,192.88730498446
7506,278.61225190269
7507,414.3845652134235
7508,112.89743034042982
7509,270.4857747208498
7510,134.77313255021983
7511,18.02544398138
7512,373.76966962089
7513,380.01023476463996
7514,297.04124111283
7515,233.18880151502
7516,231.02744368565
7517,384.99238439244
7518,358.69828177526
7519,48.769647432083474
7520,163.96403543071
7521,238.6195395998
7522,256.00606824526
7523,312.4465973343001
7524,221.64846865927
7525,154.25006348326
7526,323.30507752676
7527,220.76739579652008
7528,375.55998115373
7529,192.88730498446
7530,278.61225190269
7531,414.3845652134235
7532,112.89743034042982
7533,270.4857747208498
7534,134.77313255021983
7535,18.02544398138
7536,373.76966962089
7537,380.01023476463996
7538,297.04124111283
7539,233.18880151502
7540,231.02744368565
7541,384.99238439244
7542,358.69828177526
7543,48.769647432083474
7544,163.96403543071
7545,238.6195395998
7546,256.00606824526
7547,312.4465973343001
7548,221.64846865927
7549,154.25006348326
7550,323.30507752676
7551,220.76739579652008
7552,375.55998115373
7553,192.88730498446
7554,278.61225190269
7555,414.3845652134235
7556,112.89743034042982
7557,270.4857747208498
7558,134.77313255021983
7559,18.02544398138
7560,373.76966962089
7561,184.32137922318
7562,193.75128635505
7563,199.20415741819002
7564,249.39708821813002
7565,363.80658755274
7566,19.36089422138
7567,219.2072501192235
7568,244.8570122744784
7569,402.6766326197684
7570,235.5873476765184
7571,271.9860310904984
7572,211.71194637531838
7573,134.0889011753184
7574,196.08315812619838
7575,279.6664161267284
7576,227.6010047813484
7577,382.34412722215836
7578,154.9362427934784
7579,160.09788740374347
7580,241.1610436737298
7581,398.32895555378985
7582,96.31814644539982
7583,241.4508440957
7584,243.36658119462
7585,380.01023476463996
7586,297.04124111283
7587,233.18880151502
7588,231.02744368565
7589,384.99238439244
7590,358.69828177526
7591,48.769647432083474
7592,163.96403543071
7593,238.6195395998
7594,256.00606824526
7595,312.4465973343001
7596,221.64846865927
7597,154.25006348326
7598,323.30507752676
7599,220.76739579652008
7600,375.55998115373
7601,192.88730498446
7602,278.61225190269
7603,414.3845652134235
7604,112.89743034042982
7605,270.4857747208498
7606,134.77313255021983
7607,18.02544398138
7608,373.76966962089
7609,380.01023476463996
7610,297.04124111283
7611,233.18880151502
7612,231.02744368565
7613,384.99238439244
7614,358.69828177526
7615,48.769647432083474
7616,163.96403543071
7617,238.6195395998
7618,256.00606824526
7619,312.4465973343001
7620,221.64846865927
7621,154.25006348326
7622,323.30507752676
7623,220.76739579652008
7624,375.55998115373
7625,192.88730498446
7626,278.61225190269
7627,414.3845652134235
7628,112.89743034042982
7629,270.4857747208498
7630,134.77313255021983
7631,18.02544398138
7632,373.76966962089
7633,380.01023476463996
7634,297.04124111283
7635,233.18880151502
7636,231.02744368565
7637,384.99238439244
7638,358.69828177526
7639,48.769647432083474
7640,163.96403543071
7641,238.6195395998
7642,256.00606824526
7643,312.4465973343001
7644,221.64846865927
7645,154.25006348326
7646,323.30507752676
7647,220.76739579652008
7648,375.55998115373
7649,192.88730498446
7650,278.61225190269
7651,414.3845652134235
7652,112.89743034042982
7653,270.4857747208498
7654,134.77313255021983
7655,18.02544398138
7656,373.76966962089
7657,380.01023476463996
7658,297.04124111283
7659,233.18880151502
7660,231.02744368565
7661,384.99238439244
7662,358.69828177526
7663,48.769647432083474
7664,163.96403543071
7665,238.6195395998
7666,256.00606824526
7667,312.4465973343001
7668,221.64846865927
7669,154.25006348326
7670,323.30507752676
7671,220.76739579652008
7672,375.55998115373
7673,192.88730498446
7674,278.61225190269
7675,414.3845652134235
7676,112.89743034042982
7677,270.4857747208498
7678,134.77313255021983
7679,18.02544398138
7680,373.76966962089
7681,380.01023476463996
7682,297.04124111283
7683,233.18880151502
7684,231.02744368565
7685,384.99238439244
7686,358.69828177526
7687,48.769647432083474
7688,163.96403543071
7689,238.6195395998
7690,256.00606824526
7691,312.4465973343001
7692,221.64846865927
7693,154.25006348326
7694,323.30507752676
7695,220.76739579652008
7696,375.55998115373
7697,192.88730498446
7698,278.61225190269
7699,414.3845652134235
7700,112.89743034042982
7701,270.4857747208498
7702,134.77313255021983
7703,18.02544398138
7704,373.76966962089
7705,380.01023476463996
7706,297.04124111283
7707,233.18880151502
7708,231.02744368565
7709,384.99238439244
7710,358.69828177526
7711,48.769647432083474
7712,163.96403543071
7713,238.6195395998
7714,256.00606824526
7715,312.4465973343001
7716,221.64846865927
7717,154.25006348326
7718,323.30507752676
7719,220.76739579652008
7720,375.55998115373
7721,192.88730498446
7722,278.61225190269
7723,414.3845652134235
7724,112.89743034042982
7725,270.4857747208498
7726,134.77313255021983
7727,18.02544398138
7728,373.76966962089
7729,380.01023476463996
7730,297.04124111283
7731,233.18880151502
7732,231.02744368565
7733,384.99238439244
7734,358.69828177526
7735,48.769647432083474
7736,163.96403543071
7737,238.6195395998
7738,256.00606824526
7739,312.4465973343001
7740,221.64846865927
7741,154.25006348326
7742,323.30507752676
7743,220.76739579652008
7744,375.55998115373
7745,192.88730498446
7746,278.61225190269
7747,414.3845652134235
7748,112.89743034042982
7749,270.4857747208498
7750,134.77313255021983
7751,18.02544398138
7752,373.76966962089
7753,380.01023476463996
7754,297.04124111283
7755,233.18880151502
7756,231.02744368565
7757,384.99238439244
7758,358.69828177526
7759,48.769647432083474
7760,163.96403543071
7761,238.6195395998
7762,256.00606824526
7763,312.4465973343001
7764,221.64846865927
7765,154.25006348326
7766,323.30507752676
7767,220.76739579652008
7768,375.55998115373
7769,192.88730498446
7770,278.61225190269
7771,414.3845652134235
7772,112.89743034042982
7773,270.4857747208498
7774,134.77313255021983
7775,18.02544398138
7776,373.76966962089
7777,184.32137922318
7778,193.75128635505
7779,199.20415741819002
7780,249.39708821813002
7781,363.80658755274
7782,19.36089422138
7783,219.2072501192235
7784,244.8570122744784
7785,402.6766326197684
7786,235.5873476765184
7787,271.9860310904984
7788,211.71194637531838
7789,134.0889011753184
7790,196.08315812619838
7791,279.6664161267284
7792,227.6010047813484
7793,382.34412722215836
7794,154.9362427934784
7795,160.09788740374347
7796,241.1610436737298
7797,398.32895555378985
7798,96.31814644539982
7799,241.4508440957
7800,243.36658119462
7801,380.01023476463996
7802,297.04124111283
7803,233.18880151502
7804,231.02744368565
7805,384.99238439244
7806,358.69828177526
7807,48.769647432083474
7808,163.96403543071
7809,238.6195395998
7810,256.00606824526
7811,312.4465973343001
7812,221.64846865927
7813,154.25006348326
7814,323.30507752676
7815,220.76739579652008
7816,375.55998115373
7817,192.88730498446
7818,278.61225190269
7819,414.3845652134235
7820,112.89743034042982
7821,270.4857747208498
7822,134.77313255021983
7823,18.02544398138
7824,373.76966962089
7825,430.74307995169
7826,201.52519039569
7827,322.37428133167
7828,328.02354792933
7829,338.60912267427
7830,382.48064847642996
7831,464.8259090023935
7832,557.76215608722
7833,169.02925688503
7834,585.55346969432
7835,249.01319115361008
7836,505.85521241205004
7837,441.14363970682996
7838,169.01869899652
7839,250.6528776832601
7840,441.09811644872
7841,262.10545772732
7842,144.23440479342
7843,467.0516594023935
7844,452.4810858187698
7845,88.2891213125998
7846,351.3747822618898
7847,434.08170555169
7848,269.17166740294
7849,430.74307995169
7850,201.52519039569
7851,322.37428133167
7852,328.02354792933
7853,338.60912267427
7854,382.48064847642996
7855,464.8259090023935
7856,557.76215608722
7857,169.02925688503
7858,585.55346969432
7859,249.01319115361008
7860,505.85521241205004
7861,441.14363970682996
7862,169.01869899652
7863,250.6528776832601
7864,441.09811644872
7865,262.10545772732
7866,144.23440479342
7867,467.0516594023935
7868,452.4810858187698
7869,88.2891213125998
7870,351.3747822618898
7871,434.08170555169
7872,269.17166740294
7873,430.74307995169
7874,201.52519039569
7875,322.37428133167
7876,328.02354792933
7877,338.60912267427
7878,382.48064847642996
7879,464.8259090023935
7880,557.76215608722
7881,169.02925688503
7882,585.55346969432
7883,249.01319115361008
7884,505.85521241205004
7885,441.14363970682996
7886,169.01869899652
7887,250.6528776832601
7888,441.09811644872
7889,262.10545772732
7890,144.23440479342
7891,467.0516594023935
7892,452.4810858187698
7893,88.2891213125998
7894,351.3747822618898
7895,434.08170555169
7896,269.17166740294
7897,430.74307995169
7898,201.52519039569
7899,322.37428133167
7900,328.02354792933
7901,338.60912267427
7902,382.48064847642996
7903,464.8259090023935
7904,557.76215608722
7905,169.02925688503
7906,585.55346969432
7907,249.01319115361008
7908,505.85521241205004
7909,441.14363970682996
7910,169.01869899652
7911,250.6528776832601
7912,441.09811644872
7913,262.10545772732
7914,144.23440479342
7915,467.0516594023935
7916,452.4810858187698
7917,88.2891213125998
7918,351.3747822618898
7919,434.08170555169
7920,269.17166740294
7921,430.74307995169
7922,201.52519039569
7923,322.37428133167
7924,328.02354792933
7925,338.60912267427
7926,382.48064847642996
7927,464.8259090023935
7928,557.76215608722
7929,169.02925688503
7930,585.55346969432
7931,249.01319115361008
7932,505.85521241205004
7933,441.14363970682996
7934,169.01869899652
7935,250.6528776832601
7936,441.09811644872
7937,262.10545772732
7938,144.23440479342
7939,467.0516594023935
7940,452.4810858187698
7941,88.2891213125998
7942,351.3747822618898
7943,434.08170555169
7944,269.17166740294
7945,430.74307995169
7946,201.52519039569
7947,322.37428133167
7948,328.02354792933
7949,338.60912267427
7950,382.48064847642996
7951,464.8259090023935
7952,557.76215608722
7953,169.02925688503
7954,585.55346969432
7955,249.01319115361008
7956,505.85521241205004
7957,441.14363970682996
7958,169.01869899652
7959,250.6528776832601
7960,441.09811644872
7961,262.10545772732
7962,144.23440479342
7963,467.0516594023935
7964,452.4810858187698
7965,88.2891213125998
7966,351.3747822618898
7967,434.08170555169
7968,269.17166740294
7969,430.74307995169
7970,201.52519039569
7971,322.37428133167
7972,328.02354792933
7973,338.60912267427
7974,382.48064847642996
7975,464.8259090023935
7976,557.76215608722
7977,169.02925688503
7978,585.55346969432
7979,249.01319115361008
7980,505.85521241205004
7981,441.14363970682996
7982,169.01869899652
7983,250.6528776832601
7984,441.09811644872
7985,262.10545772732
7986,144.23440479342
7987,467.0516594023935
7988,452.4810858187698
7989,88.2891213125998
7990,351.3747822618898
7991,434.08170555169
7992,269.17166740294
7993,380.01023476463996
7994,297.04124111283
7995,233.18880151502
7996,231.02744368565
7997,384.99238439244
7998,358.69828177526
7999,48.769647432083474
8000,163.96403543071
8001,238.6195395998
8002,256.00606824526
8003,312.4465973343001
8004,221.64846865927
8005,154.25006348326
8006,323.30507752676
8007,220.76739579652008
8008,375.55998115373
8009,192.88730498446
8010,278.61225190269
8011,414.3845652134235
8012,112.89743034042982
8013,270.4857747208498
8014,134.77313255021983
8015,18.02544398138
8016,373.76966962089
8017,430.74307995169
8018,201.52519039569
8019,322.37428133167
8020,328.02354792933
8021,338.60912267427
8022,382.48064847642996
8023,464.8259090023935
8024,557.76215608722
8025,169.02925688503
8026,585.55346969432
8027,249.01319115361008
8028,505.85521241205004
8029,441.14363970682996
8030,169.01869899652
8031,250.6528776832601
8032,441.09811644872
8033,262.10545772732
8034,144.23440479342
8035,467.0516594023935
8036,452.4810858187698
8037,88.2891213125998
8038,351.3747822618898
8039,434.08170555169
8040,269.17166740294
8041,430.74307995169
8042,201.52519039569
8043,322.37428133167
8044,328.02354792933
8045,338.60912267427
8046,382.48064847642996
8047,464.8259090023935
8048,557.76215608722
8049,169.02925688503
8050,585.55346969432
8051,249.01319115361008
8052,505.85521241205004
8053,441.14363970682996
8054,169.01869899652
8055,250.6528776832601
8056,441.09811644872
8057,262.10545772732
8058,144.23440479342
8059,467.0516594023935
8060,452.4810858187698
8061,88.2891213125998
8062,351.3747822618898
8063,434.08170555169
8064,269.17166740294
8065,430.74307995169
8066,201.52519039569
8067,322.37428133167
8068,328.02354792933
8069,338.60912267427
8070,382.48064847642996
8071,464.8259090023935
8072,557.76215608722
8073,169.02925688503
8074,585.55346969432
8075,249.01319115361008
8076,505.85521241205004
8077,441.14363970682996
8078,169.01869899652
8079,250.6528776832601
8080,441.09811644872
8081,262.10545772732
8082,144.23440479342
8083,467.0516594023935
8084,452.4810858187698
8085,88.2891213125998
8086,351.3747822618898
8087,434.08170555169
8088,269.17166740294
8089,430.74307995169
8090,201.52519039569
8091,322.37428133167
8092,328.02354792933
8093,338.60912267427
8094,382.48064847642996
8095,464.8259090023935
8096,557.76215608722
8097,169.02925688503
8098,585.55346969432
8099,249.01319115361008
8100,505.85521241205004
8101,441.14363970682996
8102,169.01869899652
8103,250.6528776832601
8104,441.09811644872
8105,262.10545772732
8106,144.23440479342
8107,467.0516594023935
8108,452.4810858187698
8109,88.2891213125998
8110,351.3747822618898
8111,434.08170555169
8112,269.17166740294
8113,430.74307995169
8114,201.52519039569
8115,322.37428133167
8116,328.02354792933
8117,338.60912267427
8118,382.48064847642996
8119,464.8259090023935
8120,557.76215608722
8121,169.02925688503
8122,585.55346969432
8123,249.01319115361008
8124,505.85521241205004
8125,441.14363970682996
8126,169.01869899652
8127,250.6528776832601
8128,441.09811644872
8129,262.10545772732
8130,144.23440479342
8131,467.0516594023935
8132,452.4810858187698
8133,88.2891213125998
8134,351.3747822618898
8135,434.08170555169
8136,269.17166740294
8137,430.74307995169
8138,201.52519039569
8139,322.37428133167
8140,328.02354792933
8141,338.60912267427
8142,382.48064847642996
8143,464.8259090023935
8144,557.76215608722
8145,169.02925688503
8146,585.55346969432
8147,249.01319115361008
8148,505.85521241205004
8149,441.14363970682996
8150,169.01869899652
8151,250.6528776832601
8152,441.09811644872
8153,262.10545772732
8154,144.23440479342
8155,467.0516594023935
8156,452.4810858187698
8157,88.2891213125998
8158,351.3747822618898
8159,434.08170555169
8160,269.17166740294
8161,430.74307995169
8162,201.52519039569
8163,322.37428133167
8164,328.02354792933
8165,338.60912267427
8166,382.48064847642996
8167,464.8259090023935
8168,557.76215608722
8169,169.02925688503
8170,585.55346969432
8171,249.01319115361008
8172,505.85521241205004
8173,441.14363970682996
8174,169.01869899652
8175,250.6528776832601
8176,441.09811644872
8177,262.10545772732
8178,144.23440479342
8179,467.0516594023935
8180,452.4810858187698
8181,88.2891213125998
8182,351.3747822618898
8183,434.08170555169
8184,269.17166740294
8185,430.74307995169
8186,201.52519039569
8187,322.37428133167
8188,328.02354792933
8189,338.60912267427
8190,382.48064847642996
8191,464.8259090023935
8192,557.76215608722
8193,169.02925688503
8194,585.55346969432
8195,249.01319115361008
8196,505.85521241205004
8197,441.14363970682996
8198,169.01869899652
8199,250.6528776832601
8200,441.09811644872
8201,262.10545772732
8202,144.23440479342
8203,467.0516594023935
8204,452.4810858187698
8205,88.2891213125998
8206,351.3747822618898
8207,434.08170555169
8208,269.17166740294
8209,430.74307995169
8210,201.52519039569
8211,322.37428133167
8212,328.02354792933
8213,338.60912267427
8214,382.48064847642996
8215,464.8259090023935
8216,557.76215608722
8217,169.02925688503
8218,585.55346969432
8219,249.01319115361008
8220,505.85521241205004
8221,441.14363970682996
8222,169.01869899652
8223,250.6528776832601
8224,441.09811644872
8225,262.10545772732
8226,144.23440479342
8227,467.0516594023935
8228,452.4810858187698
8229,88.2891213125998
8230,351.3747822618898
8231,434.08170555169
8232,269.17166740294
8233,430.74307995169
8234,201.52519039569
8235,322.37428133167
8236,328.02354792933
8237,338.60912267427
8238,382.48064847642996
8239,464.8259090023935
8240,557.76215608722
8241,169.02925688503
8242,585.55346969432
8243,249.01319115361008
8244,505.85521241205004
8245,441.14363970682996
8246,169.01869899652
8247,250.6528776832601
8248,441.09811644872
8249,262.10545772732
8250,144.23440479342
8251,467.0516594023935
8252,452.4810858187698
8253,88.2891213125998
8254,351.3747822618898
8255,434.08170555169
8256,269.17166740294
8257,430.74307995169
8258,201.52519039569
8259,322.37428133167
8260,328.02354792933
8261,338.60912267427
8262,382.48064847642996
8263,464.8259090023935
8264,557.76215608722
8265,169.02925688503
8266,585.55346969432
8267,249.01319115361008
8268,505.85521241205004
8269,441.14363970682996
8270,169.01869899652
8271,250.6528776832601
8272,441.09811644872
8273,262.10545772732
8274,144.23440479342
8275,467.0516594023935
8276,452.4810858187698
8277,88.2891213125998
8278,351.3747822618898
8279,434.08170555169
8280,269.17166740294
8281,430.74307995169
8282,201.52519039569
8283,322.37428133167
8284,328.02354792933
8285,338.60912267427
8286,382.48064847642996
8287,464.8259090023935
8288,557.76215608722
8289,169.02925688503
8290,585.55346969432
8291,249.01319115361008
8292,505.85521241205004
8293,441.14363970682996
8294,169.01869899652
8295,250.6528776832601
8296,441.09811644872
8297,262.10545772732
8298,144.23440479342
8299,467.0516594023935
8300,452.4810858187698
8301,88.2891213125998
8302,351.3747822618898
8303,434.08170555169
8304,269.17166740294
8305,430.74307995169
8306,201.52519039569
8307,322.37428133167
8308,328.02354792933
8309,338.60912267427
8310,382.48064847642996
8311,464.8259090023935
8312,557.76215608722
8313,169.02925688503
8314,585.55346969432
8315,249.01319115361008
8316,505.85521241205004
8317,441.14363970682996
8318,169.01869899652
8319,250.6528776832601
8320,441.09811644872
8321,262.10545772732
8322,144.23440479342
8323,467.0516594023935
8324,452.4810858187698
8325,88.2891213125998
8326,351.3747822618898
8327,434.08170555169
8328,269.17166740294
8329,430.74307995169
8330,201.52519039569
8331,322.37428133167
8332,328.02354792933
8333,338.60912267427
8334,382.48064847642996
8335,464.8259090023935
8336,557.76215608722
8337,169.02925688503
8338,585.55346969432
8339,249.01319115361008
8340,505.85521241205004
8341,441.14363970682996
8342,169.01869899652
8343,250.6528776832601
8344,441.09811644872
8345,262.10545772732
8346,144.23440479342
8347,467.0516594023935
8348,452.4810858187698
8349,88.2891213125998
8350,351.3747822618898
8351,434.08170555169
8352,269.17166740294
8353,430.74307995169
8354,201.52519039569
8355,322.37428133167
8356,328.02354792933
8357,338.60912267427
8358,382.48064847642996
8359,464.8259090023935
8360,557.76215608722
8361,169.02925688503
8362,585.55346969432
8363,249.01319115361008
8364,505.85521241205004
8365,441.14363970682996
8366,169.01869899652
8367,250.6528776832601
8368,441.09811644872
8369,262.10545772732
8370,144.23440479342
8371,467.0516594023935
8372,452.4810858187698
8373,88.2891213125998
8374,351.3747822618898
8375,434.08170555169
8376,269.17166740294
8377,430.74307995169
8378,201.52519039569
8379,322.37428133167
8380,328.02354792933
8381,338.60912267427
8382,382.48064847642996
8383,464.8259090023935
8384,557.76215608722
8385,169.02925688503
8386,585.55346969432
8387,249.01319115361008
8388,505.85521241205004
8389,441.14363970682996
8390,169.01869899652
8391,250.6528776832601
8392,441.09811644872
8393,262.10545772732
8394,144.23440479342
8395,467.0516594023935
8396,452.4810858187698
8397,88.2891213125998
8398,351.3747822618898
8399,434.08170555169
8400,269.17166740294
8401,417.05471499169
8402,417.05471499169
8403,417.05471499169
8404,417.05471499169
8405,417.05471499169
8406,417.05471499169
8407,447.7989184423935
8408,450.0246688423935
8409,450.0246688423935
8410,450.0246688423935
8411,450.0246688423935
8412,450.0246688423935
8413,450.0246688423935
8414,450.0246688423935
8415,450.0246688423935
8416,450.0246688423935
8417,450.0246688423935
8418,450.0246688423935
8419,450.0246688423935
8420,435.4540952587698
8421,433.22834485876984
8422,433.22834485876984
8423,417.05471499169
8424,417.05471499169
8425,417.05471499169
8426,417.05471499169
8427,417.05471499169
8428,417.05471499169
8429,417.05471499169
8430,417.05471499169
8431,447.7989184423935
8432,450.0246688423935
8433,450.0246688423935
8434,450.0246688423935
8435,450.0246688423935
8436,450.0246688423935
8437,450.0246688423935
8438,450.0246688423935
8439,450.0246688423935
8440,450.0246688423935
8441,450.0246688423935
8442,450.0246688423935
8443,450.0246688423935
8444,435.4540952587698
8445,433.22834485876984
8446,433.22834485876984
8447,417.05471499169
8448,417.05471499169
8449,429.40762971169
8450,432.74625531169
8451,432.74625531169
8452,432.74625531169
8453,432.74625531169
8454,432.74625531169
8455,463.4904587623935
8456,547.0603180871616
8457,571.1871424248817
8458,595.4703892871617
8459,618.8407684871618
8460,595.4703892871617
8461,445.0148219763217
8462,572.1000100871618
8463,618.8407684871618
8464,595.4703892871617
8465,592.1317636871618
8466,547.0603180871616
8467,465.7162091623935
8468,451.1456355787698
8469,448.91988517876985
8470,448.91988517876985
8471,432.74625531169
8472,432.74625531169
8473,417.05471499169
8474,417.05471499169
8475,417.05471499169
8476,417.05471499169
8477,417.05471499169
8478,417.05471499169
8479,447.7989184423935
8480,450.0246688423935
8481,450.0246688423935
8482,450.0246688423935
8483,450.0246688423935
8484,450.0246688423935
8485,450.0246688423935
8486,450.0246688423935
8487,450.0246688423935
8488,450.0246688423935
8489,450.0246688423935
8490,450.0246688423935
8491,450.0246688423935
8492,435.4540952587698
8493,433.22834485876984
8494,433.22834485876984
8495,417.05471499169
8496,417.05471499169
8497,417.05471499169
8498,417.05471499169
8499,417.05471499169
8500,417.05471499169
8501,417.05471499169
8502,417.05471499169
8503,447.7989184423935
8504,450.0246688423935
8505,450.0246688423935
8506,450.0246688423935
8507,450.0246688423935
8508,450.0246688423935
8509,450.0246688423935
8510,450.0246688423935
8511,450.0246688423935
8512,450.0246688423935
8513,450.0246688423935
8514,450.0246688423935
8515,450.0246688423935
8516,435.4540952587698
8517,433.22834485876984
8518,433.22834485876984
8519,417.05471499169
8520,417.05471499169
8521,430.74307995169
8522,201.52519039569
8523,322.37428133167
8524,328.02354792933
8525,338.60912267427
8526,382.48064847642996
8527,464.8259090023935
8528,557.76215608722
8529,169.02925688503
8530,585.55346969432
8531,249.01319115361008
8532,505.85521241205004
8533,441.14363970682996
8534,169.01869899652
8535,250.6528776832601
8536,441.09811644872
8537,262.10545772732
8538,144.23440479342
8539,467.0516594023935
8540,452.4810858187698
8541,88.2891213125998
8542,351.3747822618898
8543,434.08170555169
8544,269.17166740294
8545,430.74307995169
8546,201.52519039569
8547,322.37428133167
8548,328.02354792933
8549,338.60912267427
8550,382.48064847642996
8551,464.8259090023935
8552,557.76215608722
8553,169.02925688503
8554,585.55346969432
8555,249.01319115361008
8556,505.85521241205004
8557,441.14363970682996
8558,169.01869899652
8559,250.6528776832601
8560,441.09811644872
8561,262.10545772732
8562,144.23440479342
8563,467.0516594023935
8564,452.4810858187698
8565,88.2891213125998
8566,351.3747822618898
8567,434.08170555169
8568,269.17166740294
8569,430.74307995169
8570,201.52519039569
8571,322.37428133167
8572,328.02354792933
8573,338.60912267427
8574,382.48064847642996
8575,464.8259090023935
8576,557.76215608722
8577,169.02925688503
8578,585.55346969432
8579,249.01319115361008
8580,505.85521241205004
8581,441.14363970682996
8582,169.01869899652
8583,250.6528776832601
8584,441.09811644872
8585,262.10545772732
8586,144.23440479342
8587,467.0516594023935
8588,452.4810858187698
8589,88.2891213125998
8590,351.3747822618898
8591,434.08170555169
8592,269.17166740294
8593,430.74307995169
8594,201.52519039569
8595,322.37428133167
8596,328.02354792933
8597,338.60912267427
8598,382.48064847642996
8599,464.8259090023935
8600,557.76215608722
8601,169.02925688503
8602,585.55346969432
8603,249.01319115361008
8604,505.85521241205004
8605,441.14363970682996
8606,169.01869899652
8607,250.6528776832601
8608,441.09811644872
8609,262.10545772732
8610,144.23440479342
8611,467.0516594023935
8612,452.4810858187698
8613,88.2891213125998
8614,351.3747822618898
8615,434.08170555169
8616,269.17166740294
8617,430.74307995169
8618,201.52519039569
8619,322.37428133167
8620,328.02354792933
8621,338.60912267427
8622,382.48064847642996
8623,464.8259090023935
8624,557.76215608722
8625,169.02925688503
8626,585.55346969432
8627,249.01319115361008
8628,505.85521241205004
8629,441.14363970682996
8630,169.01869899652
8631,250.6528776832601
8632,441.09811644872
8633,262.10545772732
8634,144.23440479342
8635,467.0516594023935
8636,452.4810858187698
8637,88.2891213125998
8638,351.3747822618898
8639,434.08170555169
8640,269.17166740294
8641,430.74307995169
8642,201.52519039569
8643,322.37428133167
8644,328.02354792933
8645,338.60912267427
8646,382.48064847642996
8647,464.8259090023935
8648,557.76215608722
8649,169.02925688503
8650,585.55346969432
8651,249.01319115361008
8652,505.85521241205004
8653,441.14363970682996
8654,169.01869899652
8655,250.6528776832601
8656,441.09811644872
8657,262.10545772732
8658,144.23440479342
8659,467.0516594023935
8660,452.4810858187698
8661,88.2891213125998
8662,351.3747822618898
8663,434.08170555169
8664,269.17166740294
8665,430.74307995169
8666,201.52519039569
8667,322.37428133167
8668,328.02354792933
8669,338.60912267427
8670,382.48064847642996
8671,464.8259090023935
8672,557.76215608722
8673,169.02925688503
8674,585.55346969432
8675,249.01319115361008
8676,505.85521241205004
8677,441.14363970682996
8678,169.01869899652
8679,250.6528776832601
8680,441.09811644872
8681,262.10545772732
8682,144.23440479342
8683,467.0516594023935
8684,452.4810858187698
8685,88.2891213125998
8686,351.3747822618898
8687,434.08170555169
8688,269.17166740294
8689,430.74307995169
8690,201.52519039569
8691,322.37428133167
8692,328.02354792933
8693,338.60912267427
8694,382.48064847642996
8695,464.8259090023935
8696,557.76215608722
8697,169.02925688503
8698,585.55346969432
8699,249.01319115361008
8700,505.85521241205004
8701,441.14363970682996
8702,169.01869899652
8703,250.6528776832601
8704,441.09811644872
8705,262.10545772732
8706,144.23440479342
8707,467.0516594023935
8708,452.4810858187698
8709,88.2891213125998
8710,351.3747822618898
8711,434.08170555169
8712,269.17166740294
8713,417.05471499169
8714,417.05471499169
8715,417.05471499169
8716,417.05471499169
8717,417.05471499169
8718,417.05471499169
8719,447.7989184423935
8720,450.0246688423935
8721,450.0246688423935
8722,450.0246688423935
8723,450.0246688423935
8724,450.0246688423935
8725,450.0246688423935
8726,450.0246688423935
8727,450.0246688423935
8728,450.0246688423935
8729,450.0246688423935
8730,450.0246688423935
8731,450.0246688423935
8732,435.4540952587698
8733,433.22834485876984
8734,433.22834485876984
8735,417.05471499169
8736,417.05471499169
8737,430.74307995169
8738,201.52519039569
8739,322.37428133167
8740,328.02354792933
8741,338.60912267427
8742,382.48064847642996
8743,464.8259090023935
8744,557.76215608722
8745,169.02925688503
8746,585.55346969432
8747,249.01319115361008
8748,505.85521241205004
8749,441.14363970682996
8750,169.01869899652
8751,250.6528776832601
8752,441.09811644872
8753,262.10545772732
8754,144.23440479342
8755,467.0516594023935
8756,452.4810858187698
8757,88.2891213125998
8758,351.3747822618898
8759,434.08170555169
8760,269.17166740294
