HourOfYear,PeriodOfYear,House_Q_heating
1,1,640.64568595416
2,1,0.0
3,1,411.61904
4,1,640.64568595416
5,1,640.64568595416
6,1,380.59088154492
7,1,0.0
8,1,596.82590604234
9,1,0.0
10,1,526.60302081397
11,1,486.5353035864
12,1,0.0
13,1,32.36535216437
14,1,0.0
15,1,0.0
16,1,0.0
17,1,284.92932428654
18,1,0.0
19,1,111.78855769537
20,1,507.14474589564
21,1,522.51316189564
22,1,0.0
23,1,125.15367246245
24,1,322.90804
25,1,640.64568595416
26,1,0.0
27,1,411.61904
28,1,640.64568595416
29,1,640.64568595416
30,1,380.59088154492
31,1,0.0
32,1,596.82590604234
33,1,0.0
34,1,526.60302081397
35,1,486.5353035864
36,1,0.0
37,1,32.36535216437
38,1,0.0
39,1,0.0
40,1,0.0
41,1,284.92932428654
42,1,0.0
43,1,111.78855769537
44,1,507.14474589564
45,1,522.51316189564
46,1,0.0
47,1,125.15367246245
48,1,322.90804
49,1,640.64568595416
50,1,0.0
51,1,411.61904
52,1,640.64568595416
53,1,640.64568595416
54,1,380.59088154492
55,1,0.0
56,1,596.82590604234
57,1,0.0
58,1,526.60302081397
59,1,486.5353035864
60,1,0.0
61,1,32.36535216437
62,1,0.0
63,1,0.0
64,1,0.0
65,1,284.92932428654
66,1,0.0
67,1,111.78855769537
68,1,507.14474589564
69,1,522.51316189564
70,1,0.0
71,1,125.15367246245
72,1,322.90804
73,1,640.64568595416
74,1,0.0
75,1,411.61904
76,1,640.64568595416
77,1,640.64568595416
78,1,380.59088154492
79,1,0.0
80,1,596.82590604234
81,1,0.0
82,1,526.60302081397
83,1,486.5353035864
84,1,0.0
85,1,32.36535216437
86,1,0.0
87,1,0.0
88,1,0.0
89,1,284.92932428654
90,1,0.0
91,1,111.78855769537
92,1,507.14474589564
93,1,522.51316189564
94,1,0.0
95,1,125.15367246245
96,1,322.90804
97,1,640.64568595416
98,1,0.0
99,1,411.61904
100,1,640.64568595416
101,1,640.64568595416
102,1,380.59088154492
103,1,0.0
104,1,596.82590604234
105,1,0.0
106,1,526.60302081397
107,1,486.5353035864
108,1,0.0
109,1,32.36535216437
110,1,0.0
111,1,0.0
112,1,0.0
113,1,284.92932428654
114,1,0.0
115,1,111.78855769537
116,1,507.14474589564
117,1,522.51316189564
118,1,0.0
119,1,125.15367246245
120,1,322.90804
121,1,640.64568595416
122,1,0.0
123,1,411.61904
124,1,640.64568595416
125,1,640.64568595416
126,1,380.59088154492
127,1,0.0
128,1,596.82590604234
129,1,0.0
130,1,526.60302081397
131,1,486.5353035864
132,1,0.0
133,1,32.36535216437
134,1,0.0
135,1,0.0
136,1,0.0
137,1,284.92932428654
138,1,0.0
139,1,111.78855769537
140,1,507.14474589564
141,1,522.51316189564
142,1,0.0
143,1,125.15367246245
144,1,322.90804
145,1,640.64568595416
146,1,0.0
147,1,411.61904
148,1,640.64568595416
149,1,640.64568595416
150,1,380.59088154492
151,1,0.0
152,1,596.82590604234
153,1,0.0
154,1,526.60302081397
155,1,486.5353035864
156,1,0.0
157,1,32.36535216437
158,1,0.0
159,1,0.0
160,1,0.0
161,1,284.92932428654
162,1,0.0
163,1,111.78855769537
164,1,507.14474589564
165,1,522.51316189564
166,1,0.0
167,1,125.15367246245
168,1,322.90804
169,2,593.831444
170,2,615.122084
171,2,636.412724
172,2,635.72796781021
173,2,0.0
174,2,0.0
175,2,630.70854673703
176,2,0.0
177,2,330.7614288829
178,2,538.48152496127
179,2,5.47198672363
180,2,212.45375527741
181,2,326.7958137481
182,2,0.0
183,2,0.0
184,2,0.0
185,2,6.09963291083
186,2,78.15334849008
187,2,237.12906754196
188,2,595.71049067528
189,2,625.41792189564
190,2,640.63543452559
191,2,640.63543452559
192,2,0.0
193,2,593.831444
194,2,615.122084
195,2,636.412724
196,2,635.72796781021
197,2,0.0
198,2,0.0
199,2,630.70854673703
200,2,0.0
201,2,330.7614288829
202,2,538.48152496127
203,2,5.47198672363
204,2,212.45375527741
205,2,326.7958137481
206,2,0.0
207,2,0.0
208,2,0.0
209,2,6.09963291083
210,2,78.15334849008
211,2,237.12906754196
212,2,595.71049067528
213,2,625.41792189564
214,2,640.63543452559
215,2,640.63543452559
216,2,0.0
217,2,593.831444
218,2,615.122084
219,2,636.412724
220,2,635.72796781021
221,2,0.0
222,2,0.0
223,2,630.70854673703
224,2,0.0
225,2,330.7614288829
226,2,538.48152496127
227,2,5.47198672363
228,2,212.45375527741
229,2,326.7958137481
230,2,0.0
231,2,0.0
232,2,0.0
233,2,6.09963291083
234,2,78.15334849008
235,2,237.12906754196
236,2,595.71049067528
237,2,625.41792189564
238,2,640.63543452559
239,2,640.63543452559
240,2,0.0
241,2,593.831444
242,2,615.122084
243,2,636.412724
244,2,635.72796781021
245,2,0.0
246,2,0.0
247,2,630.70854673703
248,2,0.0
249,2,330.7614288829
250,2,538.48152496127
251,2,5.47198672363
252,2,212.45375527741
253,2,326.7958137481
254,2,0.0
255,2,0.0
256,2,0.0
257,2,6.09963291083
258,2,78.15334849008
259,2,237.12906754196
260,2,595.71049067528
261,2,625.41792189564
262,2,640.63543452559
263,2,640.63543452559
264,2,0.0
265,2,593.831444
266,2,615.122084
267,2,636.412724
268,2,635.72796781021
269,2,0.0
270,2,0.0
271,2,630.70854673703
272,2,0.0
273,2,330.7614288829
274,2,538.48152496127
275,2,5.47198672363
276,2,212.45375527741
277,2,326.7958137481
278,2,0.0
279,2,0.0
280,2,0.0
281,2,6.09963291083
282,2,78.15334849008
283,2,237.12906754196
284,2,595.71049067528
285,2,625.41792189564
286,2,640.63543452559
287,2,640.63543452559
288,2,0.0
289,2,593.831444
290,2,615.122084
291,2,636.412724
292,2,635.72796781021
293,2,0.0
294,2,0.0
295,2,630.70854673703
296,2,0.0
297,2,330.7614288829
298,2,538.48152496127
299,2,5.47198672363
300,2,212.45375527741
301,2,326.7958137481
302,2,0.0
303,2,0.0
304,2,0.0
305,2,6.09963291083
306,2,78.15334849008
307,2,237.12906754196
308,2,595.71049067528
309,2,625.41792189564
310,2,640.63543452559
311,2,640.63543452559
312,2,0.0
313,2,593.831444
314,2,615.122084
315,2,636.412724
316,2,635.72796781021
317,2,0.0
318,2,0.0
319,2,630.70854673703
320,2,0.0
321,2,330.7614288829
322,2,538.48152496127
323,2,5.47198672363
324,2,212.45375527741
325,2,326.7958137481
326,2,0.0
327,2,0.0
328,2,0.0
329,2,6.09963291083
330,2,78.15334849008
331,2,237.12906754196
332,2,595.71049067528
333,2,625.41792189564
334,2,640.63543452559
335,2,640.63543452559
336,2,0.0
337,2,593.831444
338,2,615.122084
339,2,636.412724
340,2,635.72796781021
341,2,0.0
342,2,0.0
343,2,630.70854673703
344,2,0.0
345,2,330.7614288829
346,2,538.48152496127
347,2,5.47198672363
348,2,212.45375527741
349,2,326.7958137481
350,2,0.0
351,2,0.0
352,2,0.0
353,2,6.09963291083
354,2,78.15334849008
355,2,237.12906754196
356,2,595.71049067528
357,2,625.41792189564
358,2,640.63543452559
359,2,640.63543452559
360,2,0.0
361,2,593.831444
362,2,615.122084
363,2,636.412724
364,2,635.72796781021
365,2,0.0
366,2,0.0
367,2,630.70854673703
368,2,0.0
369,2,330.7614288829
370,2,538.48152496127
371,2,5.47198672363
372,2,212.45375527741
373,2,326.7958137481
374,2,0.0
375,2,0.0
376,2,0.0
377,2,6.09963291083
378,2,78.15334849008
379,2,237.12906754196
380,2,595.71049067528
381,2,625.41792189564
382,2,640.63543452559
383,2,640.63543452559
384,2,0.0
385,2,593.831444
386,2,615.122084
387,2,636.412724
388,2,635.72796781021
389,2,0.0
390,2,0.0
391,2,630.70854673703
392,2,0.0
393,2,330.7614288829
394,2,538.48152496127
395,2,5.47198672363
396,2,212.45375527741
397,2,326.7958137481
398,2,0.0
399,2,0.0
400,2,0.0
401,2,6.09963291083
402,2,78.15334849008
403,2,237.12906754196
404,2,595.71049067528
405,2,625.41792189564
406,2,640.63543452559
407,2,640.63543452559
408,2,0.0
409,2,593.831444
410,2,615.122084
411,2,636.412724
412,2,635.72796781021
413,2,0.0
414,2,0.0
415,2,630.70854673703
416,2,0.0
417,2,330.7614288829
418,2,538.48152496127
419,2,5.47198672363
420,2,212.45375527741
421,2,326.7958137481
422,2,0.0
423,2,0.0
424,2,0.0
425,2,6.09963291083
426,2,78.15334849008
427,2,237.12906754196
428,2,595.71049067528
429,2,625.41792189564
430,2,640.63543452559
431,2,640.63543452559
432,2,0.0
433,2,593.831444
434,2,615.122084
435,2,636.412724
436,2,635.72796781021
437,2,0.0
438,2,0.0
439,2,630.70854673703
440,2,0.0
441,2,330.7614288829
442,2,538.48152496127
443,2,5.47198672363
444,2,212.45375527741
445,2,326.7958137481
446,2,0.0
447,2,0.0
448,2,0.0
449,2,6.09963291083
450,2,78.15334849008
451,2,237.12906754196
452,2,595.71049067528
453,2,625.41792189564
454,2,640.63543452559
455,2,640.63543452559
456,2,0.0
457,2,593.831444
458,2,615.122084
459,2,636.412724
460,2,635.72796781021
461,2,0.0
462,2,0.0
463,2,630.70854673703
464,2,0.0
465,2,330.7614288829
466,2,538.48152496127
467,2,5.47198672363
468,2,212.45375527741
469,2,326.7958137481
470,2,0.0
471,2,0.0
472,2,0.0
473,2,6.09963291083
474,2,78.15334849008
475,2,237.12906754196
476,2,595.71049067528
477,2,625.41792189564
478,2,640.63543452559
479,2,640.63543452559
480,2,0.0
481,2,593.831444
482,2,615.122084
483,2,636.412724
484,2,635.72796781021
485,2,0.0
486,2,0.0
487,2,630.70854673703
488,2,0.0
489,2,330.7614288829
490,2,538.48152496127
491,2,5.47198672363
492,2,212.45375527741
493,2,326.7958137481
494,2,0.0
495,2,0.0
496,2,0.0
497,2,6.09963291083
498,2,78.15334849008
499,2,237.12906754196
500,2,595.71049067528
501,2,625.41792189564
502,2,640.63543452559
503,2,640.63543452559
504,2,0.0
505,3,80.37325441606
506,3,528.71756000002
507,3,640.63492195416
508,3,640.63492195416
509,3,443.88326552726
510,3,601.15344500056
511,3,568.41388746506
512,3,559.76647835789
513,3,640.63492195416
514,3,291.4080054958
515,3,593.54443119386
516,3,523.89152702988
517,3,0.0
518,3,0.0
519,3,0.0
520,3,0.0
521,3,20.86097135602
522,3,128.44552810985
523,3,421.71919205468
524,3,621.28134899116
525,3,639.61168189564
526,3,640.64568595416
527,3,0.0
528,3,0.0
529,3,80.37325441606
530,3,528.71756000002
531,3,640.63492195416
532,3,640.63492195416
533,3,443.88326552726
534,3,601.15344500056
535,3,568.41388746506
536,3,559.76647835789
537,3,640.63492195416
538,3,291.4080054958
539,3,593.54443119386
540,3,523.89152702988
541,3,0.0
542,3,0.0
543,3,0.0
544,3,0.0
545,3,20.86097135602
546,3,128.44552810985
547,3,421.71919205468
548,3,621.28134899116
549,3,639.61168189564
550,3,640.64568595416
551,3,0.0
552,3,0.0
553,3,80.37325441606
554,3,528.71756000002
555,3,640.63492195416
556,3,640.63492195416
557,3,443.88326552726
558,3,601.15344500056
559,3,568.41388746506
560,3,559.76647835789
561,3,640.63492195416
562,3,291.4080054958
563,3,593.54443119386
564,3,523.89152702988
565,3,0.0
566,3,0.0
567,3,0.0
568,3,0.0
569,3,20.86097135602
570,3,128.44552810985
571,3,421.71919205468
572,3,621.28134899116
573,3,639.61168189564
574,3,640.64568595416
575,3,0.0
576,3,0.0
577,3,80.37325441606
578,3,528.71756000002
579,3,640.63492195416
580,3,640.63492195416
581,3,443.88326552726
582,3,601.15344500056
583,3,568.41388746506
584,3,559.76647835789
585,3,640.63492195416
586,3,291.4080054958
587,3,593.54443119386
588,3,523.89152702988
589,3,0.0
590,3,0.0
591,3,0.0
592,3,0.0
593,3,20.86097135602
594,3,128.44552810985
595,3,421.71919205468
596,3,621.28134899116
597,3,639.61168189564
598,3,640.64568595416
599,3,0.0
600,3,0.0
601,3,80.37325441606
602,3,528.71756000002
603,3,640.63492195416
604,3,640.63492195416
605,3,443.88326552726
606,3,601.15344500056
607,3,568.41388746506
608,3,559.76647835789
609,3,640.63492195416
610,3,291.4080054958
611,3,593.54443119386
612,3,523.89152702988
613,3,0.0
614,3,0.0
615,3,0.0
616,3,0.0
617,3,20.86097135602
618,3,128.44552810985
619,3,421.71919205468
620,3,621.28134899116
621,3,639.61168189564
622,3,640.64568595416
623,3,0.0
624,3,0.0
625,3,80.37325441606
626,3,528.71756000002
627,3,640.63492195416
628,3,640.63492195416
629,3,443.88326552726
630,3,601.15344500056
631,3,568.41388746506
632,3,559.76647835789
633,3,640.63492195416
634,3,291.4080054958
635,3,593.54443119386
636,3,523.89152702988
637,3,0.0
638,3,0.0
639,3,0.0
640,3,0.0
641,3,20.86097135602
642,3,128.44552810985
643,3,421.71919205468
644,3,621.28134899116
645,3,639.61168189564
646,3,640.64568595416
647,3,0.0
648,3,0.0
649,3,80.37325441606
650,3,528.71756000002
651,3,640.63492195416
652,3,640.63492195416
653,3,443.88326552726
654,3,601.15344500056
655,3,568.41388746506
656,3,559.76647835789
657,3,640.63492195416
658,3,291.4080054958
659,3,593.54443119386
660,3,523.89152702988
661,3,0.0
662,3,0.0
663,3,0.0
664,3,0.0
665,3,20.86097135602
666,3,128.44552810985
667,3,421.71919205468
668,3,621.28134899116
669,3,639.61168189564
670,3,640.64568595416
671,3,0.0
672,3,0.0
673,4,640.63492195416
674,4,260.60019351411
675,4,454.20032
676,4,640.64568595416
677,4,640.64143375345
678,4,640.64568595416
679,4,3.68148539477
680,4,640.64568595416
681,4,0.0
682,4,592.84212888236
683,4,559.04482560939
684,4,0.0
685,4,265.52705326202
686,4,0.0
687,4,448.01991855538
688,4,439.45934132914
689,4,471.27621540373
690,4,0.0
691,4,595.85088060942
692,4,0.0
693,4,154.46650568937
694,4,405.34733389564
695,4,493.12127269327
696,4,640.64568595416
697,4,640.63492195416
698,4,260.60019351411
699,4,454.20032
700,4,640.64568595416
701,4,640.64143375345
702,4,640.64568595416
703,4,3.68148539477
704,4,640.64568595416
705,4,0.0
706,4,592.84212888236
707,4,559.04482560939
708,4,0.0
709,4,265.52705326202
710,4,0.0
711,4,448.01991855538
712,4,439.45934132914
713,4,471.27621540373
714,4,0.0
715,4,595.85088060942
716,4,0.0
717,4,154.46650568937
718,4,405.34733389564
719,4,493.12127269327
720,4,640.64568595416
721,4,640.63492195416
722,4,260.60019351411
723,4,454.20032
724,4,640.64568595416
725,4,640.64143375345
726,4,640.64568595416
727,4,3.68148539477
728,4,640.64568595416
729,4,0.0
730,4,592.84212888236
731,4,559.04482560939
732,4,0.0
733,4,265.52705326202
734,4,0.0
735,4,448.01991855538
736,4,439.45934132914
737,4,471.27621540373
738,4,0.0
739,4,595.85088060942
740,4,0.0
741,4,154.46650568937
742,4,405.34733389564
743,4,493.12127269327
744,4,640.64568595416
745,4,640.63492195416
746,4,260.60019351411
747,4,454.20032
748,4,640.64568595416
749,4,640.64143375345
750,4,640.64568595416
751,4,3.68148539477
752,4,640.64568595416
753,4,0.0
754,4,592.84212888236
755,4,559.04482560939
756,4,0.0
757,4,265.52705326202
758,4,0.0
759,4,448.01991855538
760,4,439.45934132914
761,4,471.27621540373
762,4,0.0
763,4,595.85088060942
764,4,0.0
765,4,154.46650568937
766,4,405.34733389564
767,4,493.12127269327
768,4,640.64568595416
769,4,640.63492195416
770,4,260.60019351411
771,4,454.20032
772,4,640.64568595416
773,4,640.64143375345
774,4,640.64568595416
775,4,3.68148539477
776,4,640.64568595416
777,4,0.0
778,4,592.84212888236
779,4,559.04482560939
780,4,0.0
781,4,265.52705326202
782,4,0.0
783,4,448.01991855538
784,4,439.45934132914
785,4,471.27621540373
786,4,0.0
787,4,595.85088060942
788,4,0.0
789,4,154.46650568937
790,4,405.34733389564
791,4,493.12127269327
792,4,640.64568595416
793,4,640.63492195416
794,4,260.60019351411
795,4,454.20032
796,4,640.64568595416
797,4,640.64143375345
798,4,640.64568595416
799,4,3.68148539477
800,4,640.64568595416
801,4,0.0
802,4,592.84212888236
803,4,559.04482560939
804,4,0.0
805,4,265.52705326202
806,4,0.0
807,4,448.01991855538
808,4,439.45934132914
809,4,471.27621540373
810,4,0.0
811,4,595.85088060942
812,4,0.0
813,4,154.46650568937
814,4,405.34733389564
815,4,493.12127269327
816,4,640.64568595416
817,4,640.63492195416
818,4,260.60019351411
819,4,454.20032
820,4,640.64568595416
821,4,640.64143375345
822,4,640.64568595416
823,4,3.68148539477
824,4,640.64568595416
825,4,0.0
826,4,592.84212888236
827,4,559.04482560939
828,4,0.0
829,4,265.52705326202
830,4,0.0
831,4,448.01991855538
832,4,439.45934132914
833,4,471.27621540373
834,4,0.0
835,4,595.85088060942
836,4,0.0
837,4,154.46650568937
838,4,405.34733389564
839,4,493.12127269327
840,4,640.64568595416
841,3,80.37325441606
842,3,528.71756000002
843,3,640.63492195416
844,3,640.63492195416
845,3,443.88326552726
846,3,601.15344500056
847,3,568.41388746506
848,3,559.76647835789
849,3,640.63492195416
850,3,291.4080054958
851,3,593.54443119386
852,3,523.89152702988
853,3,0.0
854,3,0.0
855,3,0.0
856,3,0.0
857,3,20.86097135602
858,3,128.44552810985
859,3,421.71919205468
860,3,621.28134899116
861,3,639.61168189564
862,3,640.64568595416
863,3,0.0
864,3,0.0
865,3,80.37325441606
866,3,528.71756000002
867,3,640.63492195416
868,3,640.63492195416
869,3,443.88326552726
870,3,601.15344500056
871,3,568.41388746506
872,3,559.76647835789
873,3,640.63492195416
874,3,291.4080054958
875,3,593.54443119386
876,3,523.89152702988
877,3,0.0
878,3,0.0
879,3,0.0
880,3,0.0
881,3,20.86097135602
882,3,128.44552810985
883,3,421.71919205468
884,3,621.28134899116
885,3,639.61168189564
886,3,640.64568595416
887,3,0.0
888,3,0.0
889,3,80.37325441606
890,3,528.71756000002
891,3,640.63492195416
892,3,640.63492195416
893,3,443.88326552726
894,3,601.15344500056
895,3,568.41388746506
896,3,559.76647835789
897,3,640.63492195416
898,3,291.4080054958
899,3,593.54443119386
900,3,523.89152702988
901,3,0.0
902,3,0.0
903,3,0.0
904,3,0.0
905,3,20.86097135602
906,3,128.44552810985
907,3,421.71919205468
908,3,621.28134899116
909,3,639.61168189564
910,3,640.64568595416
911,3,0.0
912,3,0.0
913,3,80.37325441606
914,3,528.71756000002
915,3,640.63492195416
916,3,640.63492195416
917,3,443.88326552726
918,3,601.15344500056
919,3,568.41388746506
920,3,559.76647835789
921,3,640.63492195416
922,3,291.4080054958
923,3,593.54443119386
924,3,523.89152702988
925,3,0.0
926,3,0.0
927,3,0.0
928,3,0.0
929,3,20.86097135602
930,3,128.44552810985
931,3,421.71919205468
932,3,621.28134899116
933,3,639.61168189564
934,3,640.64568595416
935,3,0.0
936,3,0.0
937,3,80.37325441606
938,3,528.71756000002
939,3,640.63492195416
940,3,640.63492195416
941,3,443.88326552726
942,3,601.15344500056
943,3,568.41388746506
944,3,559.76647835789
945,3,640.63492195416
946,3,291.4080054958
947,3,593.54443119386
948,3,523.89152702988
949,3,0.0
950,3,0.0
951,3,0.0
952,3,0.0
953,3,20.86097135602
954,3,128.44552810985
955,3,421.71919205468
956,3,621.28134899116
957,3,639.61168189564
958,3,640.64568595416
959,3,0.0
960,3,0.0
961,3,80.37325441606
962,3,528.71756000002
963,3,640.63492195416
964,3,640.63492195416
965,3,443.88326552726
966,3,601.15344500056
967,3,568.41388746506
968,3,559.76647835789
969,3,640.63492195416
970,3,291.4080054958
971,3,593.54443119386
972,3,523.89152702988
973,3,0.0
974,3,0.0
975,3,0.0
976,3,0.0
977,3,20.86097135602
978,3,128.44552810985
979,3,421.71919205468
980,3,621.28134899116
981,3,639.61168189564
982,3,640.64568595416
983,3,0.0
984,3,0.0
985,3,80.37325441606
986,3,528.71756000002
987,3,640.63492195416
988,3,640.63492195416
989,3,443.88326552726
990,3,601.15344500056
991,3,568.41388746506
992,3,559.76647835789
993,3,640.63492195416
994,3,291.4080054958
995,3,593.54443119386
996,3,523.89152702988
997,3,0.0
998,3,0.0
999,3,0.0
1000,3,0.0
1001,3,20.86097135602
1002,3,128.44552810985
1003,3,421.71919205468
1004,3,621.28134899116
1005,3,639.61168189564
1006,3,640.64568595416
1007,3,0.0
1008,3,0.0
1009,5,640.64568595416
1010,5,0.0
1011,5,464.84564
1012,5,640.64568595416
1013,5,640.62422682022
1014,5,148.3670190617
1015,5,640.63492195416
1016,5,640.41506266667
1017,5,0.0
1018,5,594.78612434464
1019,5,0.0
1020,5,264.31871002717
1021,5,421.27080199851
1022,5,0.0
1023,5,0.0
1024,5,0.0
1025,5,310.77511615775
1026,5,352.44210924788
1027,5,458.40883708543
1028,5,0.0
1029,5,23.39235730427
1030,5,640.64568595416
1031,5,223.0051476428
1032,5,468.39408
1033,5,640.64568595416
1034,5,0.0
1035,5,464.84564
1036,5,640.64568595416
1037,5,640.62422682022
1038,5,148.3670190617
1039,5,640.63492195416
1040,5,640.41506266667
1041,5,0.0
1042,5,594.78612434464
1043,5,0.0
1044,5,264.31871002717
1045,5,421.27080199851
1046,5,0.0
1047,5,0.0
1048,5,0.0
1049,5,310.77511615775
1050,5,352.44210924788
1051,5,458.40883708543
1052,5,0.0
1053,5,23.39235730427
1054,5,640.64568595416
1055,5,223.0051476428
1056,5,468.39408
1057,5,640.64568595416
1058,5,0.0
1059,5,464.84564
1060,5,640.64568595416
1061,5,640.62422682022
1062,5,148.3670190617
1063,5,640.63492195416
1064,5,640.41506266667
1065,5,0.0
1066,5,594.78612434464
1067,5,0.0
1068,5,264.31871002717
1069,5,421.27080199851
1070,5,0.0
1071,5,0.0
1072,5,0.0
1073,5,310.77511615775
1074,5,352.44210924788
1075,5,458.40883708543
1076,5,0.0
1077,5,23.39235730427
1078,5,640.64568595416
1079,5,223.0051476428
1080,5,468.39408
1081,5,640.64568595416
1082,5,0.0
1083,5,464.84564
1084,5,640.64568595416
1085,5,640.62422682022
1086,5,148.3670190617
1087,5,640.63492195416
1088,5,640.41506266667
1089,5,0.0
1090,5,594.78612434464
1091,5,0.0
1092,5,264.31871002717
1093,5,421.27080199851
1094,5,0.0
1095,5,0.0
1096,5,0.0
1097,5,310.77511615775
1098,5,352.44210924788
1099,5,458.40883708543
1100,5,0.0
1101,5,23.39235730427
1102,5,640.64568595416
1103,5,223.0051476428
1104,5,468.39408
1105,5,640.64568595416
1106,5,0.0
1107,5,464.84564
1108,5,640.64568595416
1109,5,640.62422682022
1110,5,148.3670190617
1111,5,640.63492195416
1112,5,640.41506266667
1113,5,0.0
1114,5,594.78612434464
1115,5,0.0
1116,5,264.31871002717
1117,5,421.27080199851
1118,5,0.0
1119,5,0.0
1120,5,0.0
1121,5,310.77511615775
1122,5,352.44210924788
1123,5,458.40883708543
1124,5,0.0
1125,5,23.39235730427
1126,5,640.64568595416
1127,5,223.0051476428
1128,5,468.39408
1129,5,640.64568595416
1130,5,0.0
1131,5,464.84564
1132,5,640.64568595416
1133,5,640.62422682022
1134,5,148.3670190617
1135,5,640.63492195416
1136,5,640.41506266667
1137,5,0.0
1138,5,594.78612434464
1139,5,0.0
1140,5,264.31871002717
1141,5,421.27080199851
1142,5,0.0
1143,5,0.0
1144,5,0.0
1145,5,310.77511615775
1146,5,352.44210924788
1147,5,458.40883708543
1148,5,0.0
1149,5,23.39235730427
1150,5,640.64568595416
1151,5,223.0051476428
1152,5,468.39408
1153,5,640.64568595416
1154,5,0.0
1155,5,464.84564
1156,5,640.64568595416
1157,5,640.62422682022
1158,5,148.3670190617
1159,5,640.63492195416
1160,5,640.41506266667
1161,5,0.0
1162,5,594.78612434464
1163,5,0.0
1164,5,264.31871002717
1165,5,421.27080199851
1166,5,0.0
1167,5,0.0
1168,5,0.0
1169,5,310.77511615775
1170,5,352.44210924788
1171,5,458.40883708543
1172,5,0.0
1173,5,23.39235730427
1174,5,640.64568595416
1175,5,223.0051476428
1176,5,468.39408
1177,4,640.63492195416
1178,4,260.60019351411
1179,4,454.20032
1180,4,640.64568595416
1181,4,640.64143375345
1182,4,640.64568595416
1183,4,3.68148539477
1184,4,640.64568595416
1185,4,0.0
1186,4,592.84212888236
1187,4,559.04482560939
1188,4,0.0
1189,4,265.52705326202
1190,4,0.0
1191,4,448.01991855538
1192,4,439.45934132914
1193,4,471.27621540373
1194,4,0.0
1195,4,595.85088060942
1196,4,0.0
1197,4,154.46650568937
1198,4,405.34733389564
1199,4,493.12127269327
1200,4,640.64568595416
1201,4,640.63492195416
1202,4,260.60019351411
1203,4,454.20032
1204,4,640.64568595416
1205,4,640.64143375345
1206,4,640.64568595416
1207,4,3.68148539477
1208,4,640.64568595416
1209,4,0.0
1210,4,592.84212888236
1211,4,559.04482560939
1212,4,0.0
1213,4,265.52705326202
1214,4,0.0
1215,4,448.01991855538
1216,4,439.45934132914
1217,4,471.27621540373
1218,4,0.0
1219,4,595.85088060942
1220,4,0.0
1221,4,154.46650568937
1222,4,405.34733389564
1223,4,493.12127269327
1224,4,640.64568595416
1225,4,640.63492195416
1226,4,260.60019351411
1227,4,454.20032
1228,4,640.64568595416
1229,4,640.64143375345
1230,4,640.64568595416
1231,4,3.68148539477
1232,4,640.64568595416
1233,4,0.0
1234,4,592.84212888236
1235,4,559.04482560939
1236,4,0.0
1237,4,265.52705326202
1238,4,0.0
1239,4,448.01991855538
1240,4,439.45934132914
1241,4,471.27621540373
1242,4,0.0
1243,4,595.85088060942
1244,4,0.0
1245,4,154.46650568937
1246,4,405.34733389564
1247,4,493.12127269327
1248,4,640.64568595416
1249,4,640.63492195416
1250,4,260.60019351411
1251,4,454.20032
1252,4,640.64568595416
1253,4,640.64143375345
1254,4,640.64568595416
1255,4,3.68148539477
1256,4,640.64568595416
1257,4,0.0
1258,4,592.84212888236
1259,4,559.04482560939
1260,4,0.0
1261,4,265.52705326202
1262,4,0.0
1263,4,448.01991855538
1264,4,439.45934132914
1265,4,471.27621540373
1266,4,0.0
1267,4,595.85088060942
1268,4,0.0
1269,4,154.46650568937
1270,4,405.34733389564
1271,4,493.12127269327
1272,4,640.64568595416
1273,4,640.63492195416
1274,4,260.60019351411
1275,4,454.20032
1276,4,640.64568595416
1277,4,640.64143375345
1278,4,640.64568595416
1279,4,3.68148539477
1280,4,640.64568595416
1281,4,0.0
1282,4,592.84212888236
1283,4,559.04482560939
1284,4,0.0
1285,4,265.52705326202
1286,4,0.0
1287,4,448.01991855538
1288,4,439.45934132914
1289,4,471.27621540373
1290,4,0.0
1291,4,595.85088060942
1292,4,0.0
1293,4,154.46650568937
1294,4,405.34733389564
1295,4,493.12127269327
1296,4,640.64568595416
1297,4,640.63492195416
1298,4,260.60019351411
1299,4,454.20032
1300,4,640.64568595416
1301,4,640.64143375345
1302,4,640.64568595416
1303,4,3.68148539477
1304,4,640.64568595416
1305,4,0.0
1306,4,592.84212888236
1307,4,559.04482560939
1308,4,0.0
1309,4,265.52705326202
1310,4,0.0
1311,4,448.01991855538
1312,4,439.45934132914
1313,4,471.27621540373
1314,4,0.0
1315,4,595.85088060942
1316,4,0.0
1317,4,154.46650568937
1318,4,405.34733389564
1319,4,493.12127269327
1320,4,640.64568595416
1321,4,640.63492195416
1322,4,260.60019351411
1323,4,454.20032
1324,4,640.64568595416
1325,4,640.64143375345
1326,4,640.64568595416
1327,4,3.68148539477
1328,4,640.64568595416
1329,4,0.0
1330,4,592.84212888236
1331,4,559.04482560939
1332,4,0.0
1333,4,265.52705326202
1334,4,0.0
1335,4,448.01991855538
1336,4,439.45934132914
1337,4,471.27621540373
1338,4,0.0
1339,4,595.85088060942
1340,4,0.0
1341,4,154.46650568937
1342,4,405.34733389564
1343,4,493.12127269327
1344,4,640.64568595416
1345,3,80.37325441606
1346,3,528.71756000002
1347,3,640.63492195416
1348,3,640.63492195416
1349,3,443.88326552726
1350,3,601.15344500056
1351,3,568.41388746506
1352,3,559.76647835789
1353,3,640.63492195416
1354,3,291.4080054958
1355,3,593.54443119386
1356,3,523.89152702988
1357,3,0.0
1358,3,0.0
1359,3,0.0
1360,3,0.0
1361,3,20.86097135602
1362,3,128.44552810985
1363,3,421.71919205468
1364,3,621.28134899116
1365,3,639.61168189564
1366,3,640.64568595416
1367,3,0.0
1368,3,0.0
1369,3,80.37325441606
1370,3,528.71756000002
1371,3,640.63492195416
1372,3,640.63492195416
1373,3,443.88326552726
1374,3,601.15344500056
1375,3,568.41388746506
1376,3,559.76647835789
1377,3,640.63492195416
1378,3,291.4080054958
1379,3,593.54443119386
1380,3,523.89152702988
1381,3,0.0
1382,3,0.0
1383,3,0.0
1384,3,0.0
1385,3,20.86097135602
1386,3,128.44552810985
1387,3,421.71919205468
1388,3,621.28134899116
1389,3,639.61168189564
1390,3,640.64568595416
1391,3,0.0
1392,3,0.0
1393,3,80.37325441606
1394,3,528.71756000002
1395,3,640.63492195416
1396,3,640.63492195416
1397,3,443.88326552726
1398,3,601.15344500056
1399,3,568.41388746506
1400,3,559.76647835789
1401,3,640.63492195416
1402,3,291.4080054958
1403,3,593.54443119386
1404,3,523.89152702988
1405,3,0.0
1406,3,0.0
1407,3,0.0
1408,3,0.0
1409,3,20.86097135602
1410,3,128.44552810985
1411,3,421.71919205468
1412,3,621.28134899116
1413,3,639.61168189564
1414,3,640.64568595416
1415,3,0.0
1416,3,0.0
1417,3,80.37325441606
1418,3,528.71756000002
1419,3,640.63492195416
1420,3,640.63492195416
1421,3,443.88326552726
1422,3,601.15344500056
1423,3,568.41388746506
1424,3,559.76647835789
1425,3,640.63492195416
1426,3,291.4080054958
1427,3,593.54443119386
1428,3,523.89152702988
1429,3,0.0
1430,3,0.0
1431,3,0.0
1432,3,0.0
1433,3,20.86097135602
1434,3,128.44552810985
1435,3,421.71919205468
1436,3,621.28134899116
1437,3,639.61168189564
1438,3,640.64568595416
1439,3,0.0
1440,3,0.0
1441,3,80.37325441606
1442,3,528.71756000002
1443,3,640.63492195416
1444,3,640.63492195416
1445,3,443.88326552726
1446,3,601.15344500056
1447,3,568.41388746506
1448,3,559.76647835789
1449,3,640.63492195416
1450,3,291.4080054958
1451,3,593.54443119386
1452,3,523.89152702988
1453,3,0.0
1454,3,0.0
1455,3,0.0
1456,3,0.0
1457,3,20.86097135602
1458,3,128.44552810985
1459,3,421.71919205468
1460,3,621.28134899116
1461,3,639.61168189564
1462,3,640.64568595416
1463,3,0.0
1464,3,0.0
1465,3,80.37325441606
1466,3,528.71756000002
1467,3,640.63492195416
1468,3,640.63492195416
1469,3,443.88326552726
1470,3,601.15344500056
1471,3,568.41388746506
1472,3,559.76647835789
1473,3,640.63492195416
1474,3,291.4080054958
1475,3,593.54443119386
1476,3,523.89152702988
1477,3,0.0
1478,3,0.0
1479,3,0.0
1480,3,0.0
1481,3,20.86097135602
1482,3,128.44552810985
1483,3,421.71919205468
1484,3,621.28134899116
1485,3,639.61168189564
1486,3,640.64568595416
1487,3,0.0
1488,3,0.0
1489,3,80.37325441606
1490,3,528.71756000002
1491,3,640.63492195416
1492,3,640.63492195416
1493,3,443.88326552726
1494,3,601.15344500056
1495,3,568.41388746506
1496,3,559.76647835789
1497,3,640.63492195416
1498,3,291.4080054958
1499,3,593.54443119386
1500,3,523.89152702988
1501,3,0.0
1502,3,0.0
1503,3,0.0
1504,3,0.0
1505,3,20.86097135602
1506,3,128.44552810985
1507,3,421.71919205468
1508,3,621.28134899116
1509,3,639.61168189564
1510,3,640.64568595416
1511,3,0.0
1512,3,0.0
1513,4,640.63492195416
1514,4,260.60019351411
1515,4,454.20032
1516,4,640.64568595416
1517,4,640.64143375345
1518,4,640.64568595416
1519,4,3.68148539477
1520,4,640.64568595416
1521,4,0.0
1522,4,592.84212888236
1523,4,559.04482560939
1524,4,0.0
1525,4,265.52705326202
1526,4,0.0
1527,4,448.01991855538
1528,4,439.45934132914
1529,4,471.27621540373
1530,4,0.0
1531,4,595.85088060942
1532,4,0.0
1533,4,154.46650568937
1534,4,405.34733389564
1535,4,493.12127269327
1536,4,640.64568595416
1537,4,640.63492195416
1538,4,260.60019351411
1539,4,454.20032
1540,4,640.64568595416
1541,4,640.64143375345
1542,4,640.64568595416
1543,4,3.68148539477
1544,4,640.64568595416
1545,4,0.0
1546,4,592.84212888236
1547,4,559.04482560939
1548,4,0.0
1549,4,265.52705326202
1550,4,0.0
1551,4,448.01991855538
1552,4,439.45934132914
1553,4,471.27621540373
1554,4,0.0
1555,4,595.85088060942
1556,4,0.0
1557,4,154.46650568937
1558,4,405.34733389564
1559,4,493.12127269327
1560,4,640.64568595416
1561,4,640.63492195416
1562,4,260.60019351411
1563,4,454.20032
1564,4,640.64568595416
1565,4,640.64143375345
1566,4,640.64568595416
1567,4,3.68148539477
1568,4,640.64568595416
1569,4,0.0
1570,4,592.84212888236
1571,4,559.04482560939
1572,4,0.0
1573,4,265.52705326202
1574,4,0.0
1575,4,448.01991855538
1576,4,439.45934132914
1577,4,471.27621540373
1578,4,0.0
1579,4,595.85088060942
1580,4,0.0
1581,4,154.46650568937
1582,4,405.34733389564
1583,4,493.12127269327
1584,4,640.64568595416
1585,4,640.63492195416
1586,4,260.60019351411
1587,4,454.20032
1588,4,640.64568595416
1589,4,640.64143375345
1590,4,640.64568595416
1591,4,3.68148539477
1592,4,640.64568595416
1593,4,0.0
1594,4,592.84212888236
1595,4,559.04482560939
1596,4,0.0
1597,4,265.52705326202
1598,4,0.0
1599,4,448.01991855538
1600,4,439.45934132914
1601,4,471.27621540373
1602,4,0.0
1603,4,595.85088060942
1604,4,0.0
1605,4,154.46650568937
1606,4,405.34733389564
1607,4,493.12127269327
1608,4,640.64568595416
1609,4,640.63492195416
1610,4,260.60019351411
1611,4,454.20032
1612,4,640.64568595416
1613,4,640.64143375345
1614,4,640.64568595416
1615,4,3.68148539477
1616,4,640.64568595416
1617,4,0.0
1618,4,592.84212888236
1619,4,559.04482560939
1620,4,0.0
1621,4,265.52705326202
1622,4,0.0
1623,4,448.01991855538
1624,4,439.45934132914
1625,4,471.27621540373
1626,4,0.0
1627,4,595.85088060942
1628,4,0.0
1629,4,154.46650568937
1630,4,405.34733389564
1631,4,493.12127269327
1632,4,640.64568595416
1633,4,640.63492195416
1634,4,260.60019351411
1635,4,454.20032
1636,4,640.64568595416
1637,4,640.64143375345
1638,4,640.64568595416
1639,4,3.68148539477
1640,4,640.64568595416
1641,4,0.0
1642,4,592.84212888236
1643,4,559.04482560939
1644,4,0.0
1645,4,265.52705326202
1646,4,0.0
1647,4,448.01991855538
1648,4,439.45934132914
1649,4,471.27621540373
1650,4,0.0
1651,4,595.85088060942
1652,4,0.0
1653,4,154.46650568937
1654,4,405.34733389564
1655,4,493.12127269327
1656,4,640.64568595416
1657,4,640.63492195416
1658,4,260.60019351411
1659,4,454.20032
1660,4,640.64568595416
1661,4,640.64143375345
1662,4,640.64568595416
1663,4,3.68148539477
1664,4,640.64568595416
1665,4,0.0
1666,4,592.84212888236
1667,4,559.04482560939
1668,4,0.0
1669,4,265.52705326202
1670,4,0.0
1671,4,448.01991855538
1672,4,439.45934132914
1673,4,471.27621540373
1674,4,0.0
1675,4,595.85088060942
1676,4,0.0
1677,4,154.46650568937
1678,4,405.34733389564
1679,4,493.12127269327
1680,4,640.64568595416
1681,6,640.63492195416
1682,6,640.64568595416
1683,6,640.62422682022
1684,6,255.69132710792
1685,6,640.62422682022
1686,6,640.63492195416
1687,6,640.63492195416
1688,6,427.1823861676
1689,6,640.63492195416
1690,6,640.63492195416
1691,6,640.63492195416
1692,6,64.85372659052
1693,6,639.03310119226
1694,6,86.08755989532
1695,6,535.79047222997
1696,6,508.84986088078
1697,6,511.33972476382
1698,6,555.34287865778
1699,6,4.28555399702
1700,6,0.0
1701,6,546.11027789564
1702,6,557.93025389565
1703,6,640.63492195416
1704,6,640.63492195416
1705,6,640.63492195416
1706,6,640.64568595416
1707,6,640.62422682022
1708,6,255.69132710792
1709,6,640.62422682022
1710,6,640.63492195416
1711,6,640.63492195416
1712,6,427.1823861676
1713,6,640.63492195416
1714,6,640.63492195416
1715,6,640.63492195416
1716,6,64.85372659052
1717,6,639.03310119226
1718,6,86.08755989532
1719,6,535.79047222997
1720,6,508.84986088078
1721,6,511.33972476382
1722,6,555.34287865778
1723,6,4.28555399702
1724,6,0.0
1725,6,546.11027789564
1726,6,557.93025389565
1727,6,640.63492195416
1728,6,640.63492195416
1729,6,640.63492195416
1730,6,640.64568595416
1731,6,640.62422682022
1732,6,255.69132710792
1733,6,640.62422682022
1734,6,640.63492195416
1735,6,640.63492195416
1736,6,427.1823861676
1737,6,640.63492195416
1738,6,640.63492195416
1739,6,640.63492195416
1740,6,64.85372659052
1741,6,639.03310119226
1742,6,86.08755989532
1743,6,535.79047222997
1744,6,508.84986088078
1745,6,511.33972476382
1746,6,555.34287865778
1747,6,4.28555399702
1748,6,0.0
1749,6,546.11027789564
1750,6,557.93025389565
1751,6,640.63492195416
1752,6,640.63492195416
1753,6,640.63492195416
1754,6,640.64568595416
1755,6,640.62422682022
1756,6,255.69132710792
1757,6,640.62422682022
1758,6,640.63492195416
1759,6,640.63492195416
1760,6,427.1823861676
1761,6,640.63492195416
1762,6,640.63492195416
1763,6,640.63492195416
1764,6,64.85372659052
1765,6,639.03310119226
1766,6,86.08755989532
1767,6,535.79047222997
1768,6,508.84986088078
1769,6,511.33972476382
1770,6,555.34287865778
1771,6,4.28555399702
1772,6,0.0
1773,6,546.11027789564
1774,6,557.93025389565
1775,6,640.63492195416
1776,6,640.63492195416
1777,6,640.63492195416
1778,6,640.64568595416
1779,6,640.62422682022
1780,6,255.69132710792
1781,6,640.62422682022
1782,6,640.63492195416
1783,6,640.63492195416
1784,6,427.1823861676
1785,6,640.63492195416
1786,6,640.63492195416
1787,6,640.63492195416
1788,6,64.85372659052
1789,6,639.03310119226
1790,6,86.08755989532
1791,6,535.79047222997
1792,6,508.84986088078
1793,6,511.33972476382
1794,6,555.34287865778
1795,6,4.28555399702
1796,6,0.0
1797,6,546.11027789564
1798,6,557.93025389565
1799,6,640.63492195416
1800,6,640.63492195416
1801,6,640.63492195416
1802,6,640.64568595416
1803,6,640.62422682022
1804,6,255.69132710792
1805,6,640.62422682022
1806,6,640.63492195416
1807,6,640.63492195416
1808,6,427.1823861676
1809,6,640.63492195416
1810,6,640.63492195416
1811,6,640.63492195416
1812,6,64.85372659052
1813,6,639.03310119226
1814,6,86.08755989532
1815,6,535.79047222997
1816,6,508.84986088078
1817,6,511.33972476382
1818,6,555.34287865778
1819,6,4.28555399702
1820,6,0.0
1821,6,546.11027789564
1822,6,557.93025389565
1823,6,640.63492195416
1824,6,640.63492195416
1825,6,640.63492195416
1826,6,640.64568595416
1827,6,640.62422682022
1828,6,255.69132710792
1829,6,640.62422682022
1830,6,640.63492195416
1831,6,640.63492195416
1832,6,427.1823861676
1833,6,640.63492195416
1834,6,640.63492195416
1835,6,640.63492195416
1836,6,64.85372659052
1837,6,639.03310119226
1838,6,86.08755989532
1839,6,535.79047222997
1840,6,508.84986088078
1841,6,511.33972476382
1842,6,555.34287865778
1843,6,4.28555399702
1844,6,0.0
1845,6,546.11027789564
1846,6,557.93025389565
1847,6,640.63492195416
1848,6,640.63492195416
1849,6,640.63492195416
1850,6,640.64568595416
1851,6,640.62422682022
1852,6,255.69132710792
1853,6,640.62422682022
1854,6,640.63492195416
1855,6,640.63492195416
1856,6,427.1823861676
1857,6,640.63492195416
1858,6,640.63492195416
1859,6,640.63492195416
1860,6,64.85372659052
1861,6,639.03310119226
1862,6,86.08755989532
1863,6,535.79047222997
1864,6,508.84986088078
1865,6,511.33972476382
1866,6,555.34287865778
1867,6,4.28555399702
1868,6,0.0
1869,6,546.11027789564
1870,6,557.93025389565
1871,6,640.63492195416
1872,6,640.63492195416
1873,6,640.63492195416
1874,6,640.64568595416
1875,6,640.62422682022
1876,6,255.69132710792
1877,6,640.62422682022
1878,6,640.63492195416
1879,6,640.63492195416
1880,6,427.1823861676
1881,6,640.63492195416
1882,6,640.63492195416
1883,6,640.63492195416
1884,6,64.85372659052
1885,6,639.03310119226
1886,6,86.08755989532
1887,6,535.79047222997
1888,6,508.84986088078
1889,6,511.33972476382
1890,6,555.34287865778
1891,6,4.28555399702
1892,6,0.0
1893,6,546.11027789564
1894,6,557.93025389565
1895,6,640.63492195416
1896,6,640.63492195416
1897,6,640.63492195416
1898,6,640.64568595416
1899,6,640.62422682022
1900,6,255.69132710792
1901,6,640.62422682022
1902,6,640.63492195416
1903,6,640.63492195416
1904,6,427.1823861676
1905,6,640.63492195416
1906,6,640.63492195416
1907,6,640.63492195416
1908,6,64.85372659052
1909,6,639.03310119226
1910,6,86.08755989532
1911,6,535.79047222997
1912,6,508.84986088078
1913,6,511.33972476382
1914,6,555.34287865778
1915,6,4.28555399702
1916,6,0.0
1917,6,546.11027789564
1918,6,557.93025389565
1919,6,640.63492195416
1920,6,640.63492195416
1921,6,640.63492195416
1922,6,640.64568595416
1923,6,640.62422682022
1924,6,255.69132710792
1925,6,640.62422682022
1926,6,640.63492195416
1927,6,640.63492195416
1928,6,427.1823861676
1929,6,640.63492195416
1930,6,640.63492195416
1931,6,640.63492195416
1932,6,64.85372659052
1933,6,639.03310119226
1934,6,86.08755989532
1935,6,535.79047222997
1936,6,508.84986088078
1937,6,511.33972476382
1938,6,555.34287865778
1939,6,4.28555399702
1940,6,0.0
1941,6,546.11027789564
1942,6,557.93025389565
1943,6,640.63492195416
1944,6,640.63492195416
1945,6,640.63492195416
1946,6,640.64568595416
1947,6,640.62422682022
1948,6,255.69132710792
1949,6,640.62422682022
1950,6,640.63492195416
1951,6,640.63492195416
1952,6,427.1823861676
1953,6,640.63492195416
1954,6,640.63492195416
1955,6,640.63492195416
1956,6,64.85372659052
1957,6,639.03310119226
1958,6,86.08755989532
1959,6,535.79047222997
1960,6,508.84986088078
1961,6,511.33972476382
1962,6,555.34287865778
1963,6,4.28555399702
1964,6,0.0
1965,6,546.11027789564
1966,6,557.93025389565
1967,6,640.63492195416
1968,6,640.63492195416
1969,6,640.63492195416
1970,6,640.64568595416
1971,6,640.62422682022
1972,6,255.69132710792
1973,6,640.62422682022
1974,6,640.63492195416
1975,6,640.63492195416
1976,6,427.1823861676
1977,6,640.63492195416
1978,6,640.63492195416
1979,6,640.63492195416
1980,6,64.85372659052
1981,6,639.03310119226
1982,6,86.08755989532
1983,6,535.79047222997
1984,6,508.84986088078
1985,6,511.33972476382
1986,6,555.34287865778
1987,6,4.28555399702
1988,6,0.0
1989,6,546.11027789564
1990,6,557.93025389565
1991,6,640.63492195416
1992,6,640.63492195416
1993,6,640.63492195416
1994,6,640.64568595416
1995,6,640.62422682022
1996,6,255.69132710792
1997,6,640.62422682022
1998,6,640.63492195416
1999,6,640.63492195416
2000,6,427.1823861676
2001,6,640.63492195416
2002,6,640.63492195416
2003,6,640.63492195416
2004,6,64.85372659052
2005,6,639.03310119226
2006,6,86.08755989532
2007,6,535.79047222997
2008,6,508.84986088078
2009,6,511.33972476382
2010,6,555.34287865778
2011,6,4.28555399702
2012,6,0.0
2013,6,546.11027789564
2014,6,557.93025389565
2015,6,640.63492195416
2016,6,640.63492195416
2017,7,640.64568595416
2018,7,443.48266318407
2019,7,592.58948
2020,7,589.04104000001
2021,7,640.64568595416
2022,7,534.81583209089
2023,7,551.15916268334
2024,7,640.64568595416
2025,7,640.64568595416
2026,7,640.64568595416
2027,7,0.0
2028,7,497.52510630426
2029,7,534.43452562761
2030,7,0.0
2031,7,0.0
2032,7,230.63890671918
2033,7,477.45710833579
2034,7,21.84133498687
2035,7,588.09565186875
2036,7,631.34014589564
2037,7,640.64568595416
2038,7,223.91464247461
2039,7,640.64568595416
2040,7,0.0
2041,7,640.64568595416
2042,7,443.48266318407
2043,7,592.58948
2044,7,589.04104000001
2045,7,640.64568595416
2046,7,534.81583209089
2047,7,551.15916268334
2048,7,640.64568595416
2049,7,640.64568595416
2050,7,640.64568595416
2051,7,0.0
2052,7,497.52510630426
2053,7,534.43452562761
2054,7,0.0
2055,7,0.0
2056,7,230.63890671918
2057,7,477.45710833579
2058,7,21.84133498687
2059,7,588.09565186875
2060,7,631.34014589564
2061,7,640.64568595416
2062,7,223.91464247461
2063,7,640.64568595416
2064,7,0.0
2065,7,640.64568595416
2066,7,443.48266318407
2067,7,592.58948
2068,7,589.04104000001
2069,7,640.64568595416
2070,7,534.81583209089
2071,7,551.15916268334
2072,7,640.64568595416
2073,7,640.64568595416
2074,7,640.64568595416
2075,7,0.0
2076,7,497.52510630426
2077,7,534.43452562761
2078,7,0.0
2079,7,0.0
2080,7,230.63890671918
2081,7,477.45710833579
2082,7,21.84133498687
2083,7,588.09565186875
2084,7,631.34014589564
2085,7,640.64568595416
2086,7,223.91464247461
2087,7,640.64568595416
2088,7,0.0
2089,7,640.64568595416
2090,7,443.48266318407
2091,7,592.58948
2092,7,589.04104000001
2093,7,640.64568595416
2094,7,534.81583209089
2095,7,551.15916268334
2096,7,640.64568595416
2097,7,640.64568595416
2098,7,640.64568595416
2099,7,0.0
2100,7,497.52510630426
2101,7,534.43452562761
2102,7,0.0
2103,7,0.0
2104,7,230.63890671918
2105,7,477.45710833579
2106,7,21.84133498687
2107,7,588.09565186875
2108,7,631.34014589564
2109,7,640.64568595416
2110,7,223.91464247461
2111,7,640.64568595416
2112,7,0.0
2113,7,640.64568595416
2114,7,443.48266318407
2115,7,592.58948
2116,7,589.04104000001
2117,7,640.64568595416
2118,7,534.81583209089
2119,7,551.15916268334
2120,7,640.64568595416
2121,7,640.64568595416
2122,7,640.64568595416
2123,7,0.0
2124,7,497.52510630426
2125,7,534.43452562761
2126,7,0.0
2127,7,0.0
2128,7,230.63890671918
2129,7,477.45710833579
2130,7,21.84133498687
2131,7,588.09565186875
2132,7,631.34014589564
2133,7,640.64568595416
2134,7,223.91464247461
2135,7,640.64568595416
2136,7,0.0
2137,7,640.64568595416
2138,7,443.48266318407
2139,7,592.58948
2140,7,589.04104000001
2141,7,640.64568595416
2142,7,534.81583209089
2143,7,551.15916268334
2144,7,640.64568595416
2145,7,640.64568595416
2146,7,640.64568595416
2147,7,0.0
2148,7,497.52510630426
2149,7,534.43452562761
2150,7,0.0
2151,7,0.0
2152,7,230.63890671918
2153,7,477.45710833579
2154,7,21.84133498687
2155,7,588.09565186875
2156,7,631.34014589564
2157,7,640.64568595416
2158,7,223.91464247461
2159,7,640.64568595416
2160,7,0.0
2161,7,640.64568595416
2162,7,443.48266318407
2163,7,592.58948
2164,7,589.04104000001
2165,7,640.64568595416
2166,7,534.81583209089
2167,7,551.15916268334
2168,7,640.64568595416
2169,7,640.64568595416
2170,7,640.64568595416
2171,7,0.0
2172,7,497.52510630426
2173,7,534.43452562761
2174,7,0.0
2175,7,0.0
2176,7,230.63890671918
2177,7,477.45710833579
2178,7,21.84133498687
2179,7,588.09565186875
2180,7,631.34014589564
2181,7,640.64568595416
2182,7,223.91464247461
2183,7,640.64568595416
2184,7,0.0
2185,8,640.61473321632
2186,8,640.64568595416
2187,8,221.48358223962
2188,8,550.0082
2189,8,567.7504
2190,8,640.63492195416
2191,8,640.63492195416
2192,8,640.63492195416
2193,8,353.83478957359
2194,8,640.63492195416
2195,8,518.00367955223
2196,8,634.7052730786
2197,8,605.56807346229
2198,8,0.0
2199,8,0.0
2200,8,622.94936594575
2201,8,176.85536107199
2202,8,628.08221474483
2203,8,639.07103521885
2204,8,640.64568595416
2205,8,0.0
2206,8,522.44585389565
2207,8,546.45976
2208,8,640.58317870542
2209,8,640.61473321632
2210,8,640.64568595416
2211,8,221.48358223962
2212,8,550.0082
2213,8,567.7504
2214,8,640.63492195416
2215,8,640.63492195416
2216,8,640.63492195416
2217,8,353.83478957359
2218,8,640.63492195416
2219,8,518.00367955223
2220,8,634.7052730786
2221,8,605.56807346229
2222,8,0.0
2223,8,0.0
2224,8,622.94936594575
2225,8,176.85536107199
2226,8,628.08221474483
2227,8,639.07103521885
2228,8,640.64568595416
2229,8,0.0
2230,8,522.44585389565
2231,8,546.45976
2232,8,640.58317870542
2233,8,640.61473321632
2234,8,640.64568595416
2235,8,221.48358223962
2236,8,550.0082
2237,8,567.7504
2238,8,640.63492195416
2239,8,640.63492195416
2240,8,640.63492195416
2241,8,353.83478957359
2242,8,640.63492195416
2243,8,518.00367955223
2244,8,634.7052730786
2245,8,605.56807346229
2246,8,0.0
2247,8,0.0
2248,8,622.94936594575
2249,8,176.85536107199
2250,8,628.08221474483
2251,8,639.07103521885
2252,8,640.64568595416
2253,8,0.0
2254,8,522.44585389565
2255,8,546.45976
2256,8,640.58317870542
2257,8,640.61473321632
2258,8,640.64568595416
2259,8,221.48358223962
2260,8,550.0082
2261,8,567.7504
2262,8,640.63492195416
2263,8,640.63492195416
2264,8,640.63492195416
2265,8,353.83478957359
2266,8,640.63492195416
2267,8,518.00367955223
2268,8,634.7052730786
2269,8,605.56807346229
2270,8,0.0
2271,8,0.0
2272,8,622.94936594575
2273,8,176.85536107199
2274,8,628.08221474483
2275,8,639.07103521885
2276,8,640.64568595416
2277,8,0.0
2278,8,522.44585389565
2279,8,546.45976
2280,8,640.58317870542
2281,8,640.61473321632
2282,8,640.64568595416
2283,8,221.48358223962
2284,8,550.0082
2285,8,567.7504
2286,8,640.63492195416
2287,8,640.63492195416
2288,8,640.63492195416
2289,8,353.83478957359
2290,8,640.63492195416
2291,8,518.00367955223
2292,8,634.7052730786
2293,8,605.56807346229
2294,8,0.0
2295,8,0.0
2296,8,622.94936594575
2297,8,176.85536107199
2298,8,628.08221474483
2299,8,639.07103521885
2300,8,640.64568595416
2301,8,0.0
2302,8,522.44585389565
2303,8,546.45976
2304,8,640.58317870542
2305,8,640.61473321632
2306,8,640.64568595416
2307,8,221.48358223962
2308,8,550.0082
2309,8,567.7504
2310,8,640.63492195416
2311,8,640.63492195416
2312,8,640.63492195416
2313,8,353.83478957359
2314,8,640.63492195416
2315,8,518.00367955223
2316,8,634.7052730786
2317,8,605.56807346229
2318,8,0.0
2319,8,0.0
2320,8,622.94936594575
2321,8,176.85536107199
2322,8,628.08221474483
2323,8,639.07103521885
2324,8,640.64568595416
2325,8,0.0
2326,8,522.44585389565
2327,8,546.45976
2328,8,640.58317870542
2329,8,640.61473321632
2330,8,640.64568595416
2331,8,221.48358223962
2332,8,550.0082
2333,8,567.7504
2334,8,640.63492195416
2335,8,640.63492195416
2336,8,640.63492195416
2337,8,353.83478957359
2338,8,640.63492195416
2339,8,518.00367955223
2340,8,634.7052730786
2341,8,605.56807346229
2342,8,0.0
2343,8,0.0
2344,8,622.94936594575
2345,8,176.85536107199
2346,8,628.08221474483
2347,8,639.07103521885
2348,8,640.64568595416
2349,8,0.0
2350,8,522.44585389565
2351,8,546.45976
2352,8,640.58317870542
2353,7,640.64568595416
2354,7,443.48266318407
2355,7,592.58948
2356,7,589.04104000001
2357,7,640.64568595416
2358,7,534.81583209089
2359,7,551.15916268334
2360,7,640.64568595416
2361,7,640.64568595416
2362,7,640.64568595416
2363,7,0.0
2364,7,497.52510630426
2365,7,534.43452562761
2366,7,0.0
2367,7,0.0
2368,7,230.63890671918
2369,7,477.45710833579
2370,7,21.84133498687
2371,7,588.09565186875
2372,7,631.34014589564
2373,7,640.64568595416
2374,7,223.91464247461
2375,7,640.64568595416
2376,7,0.0
2377,7,640.64568595416
2378,7,443.48266318407
2379,7,592.58948
2380,7,589.04104000001
2381,7,640.64568595416
2382,7,534.81583209089
2383,7,551.15916268334
2384,7,640.64568595416
2385,7,640.64568595416
2386,7,640.64568595416
2387,7,0.0
2388,7,497.52510630426
2389,7,534.43452562761
2390,7,0.0
2391,7,0.0
2392,7,230.63890671918
2393,7,477.45710833579
2394,7,21.84133498687
2395,7,588.09565186875
2396,7,631.34014589564
2397,7,640.64568595416
2398,7,223.91464247461
2399,7,640.64568595416
2400,7,0.0
2401,7,640.64568595416
2402,7,443.48266318407
2403,7,592.58948
2404,7,589.04104000001
2405,7,640.64568595416
2406,7,534.81583209089
2407,7,551.15916268334
2408,7,640.64568595416
2409,7,640.64568595416
2410,7,640.64568595416
2411,7,0.0
2412,7,497.52510630426
2413,7,534.43452562761
2414,7,0.0
2415,7,0.0
2416,7,230.63890671918
2417,7,477.45710833579
2418,7,21.84133498687
2419,7,588.09565186875
2420,7,631.34014589564
2421,7,640.64568595416
2422,7,223.91464247461
2423,7,640.64568595416
2424,7,0.0
2425,7,640.64568595416
2426,7,443.48266318407
2427,7,592.58948
2428,7,589.04104000001
2429,7,640.64568595416
2430,7,534.81583209089
2431,7,551.15916268334
2432,7,640.64568595416
2433,7,640.64568595416
2434,7,640.64568595416
2435,7,0.0
2436,7,497.52510630426
2437,7,534.43452562761
2438,7,0.0
2439,7,0.0
2440,7,230.63890671918
2441,7,477.45710833579
2442,7,21.84133498687
2443,7,588.09565186875
2444,7,631.34014589564
2445,7,640.64568595416
2446,7,223.91464247461
2447,7,640.64568595416
2448,7,0.0
2449,7,640.64568595416
2450,7,443.48266318407
2451,7,592.58948
2452,7,589.04104000001
2453,7,640.64568595416
2454,7,534.81583209089
2455,7,551.15916268334
2456,7,640.64568595416
2457,7,640.64568595416
2458,7,640.64568595416
2459,7,0.0
2460,7,497.52510630426
2461,7,534.43452562761
2462,7,0.0
2463,7,0.0
2464,7,230.63890671918
2465,7,477.45710833579
2466,7,21.84133498687
2467,7,588.09565186875
2468,7,631.34014589564
2469,7,640.64568595416
2470,7,223.91464247461
2471,7,640.64568595416
2472,7,0.0
2473,7,640.64568595416
2474,7,443.48266318407
2475,7,592.58948
2476,7,589.04104000001
2477,7,640.64568595416
2478,7,534.81583209089
2479,7,551.15916268334
2480,7,640.64568595416
2481,7,640.64568595416
2482,7,640.64568595416
2483,7,0.0
2484,7,497.52510630426
2485,7,534.43452562761
2486,7,0.0
2487,7,0.0
2488,7,230.63890671918
2489,7,477.45710833579
2490,7,21.84133498687
2491,7,588.09565186875
2492,7,631.34014589564
2493,7,640.64568595416
2494,7,223.91464247461
2495,7,640.64568595416
2496,7,0.0
2497,7,640.64568595416
2498,7,443.48266318407
2499,7,592.58948
2500,7,589.04104000001
2501,7,640.64568595416
2502,7,534.81583209089
2503,7,551.15916268334
2504,7,640.64568595416
2505,7,640.64568595416
2506,7,640.64568595416
2507,7,0.0
2508,7,497.52510630426
2509,7,534.43452562761
2510,7,0.0
2511,7,0.0
2512,7,230.63890671918
2513,7,477.45710833579
2514,7,21.84133498687
2515,7,588.09565186875
2516,7,631.34014589564
2517,7,640.64568595416
2518,7,223.91464247461
2519,7,640.64568595416
2520,7,0.0
2521,9,640.64568595416
2522,9,640.64568595416
2523,9,315.13308160629
2524,9,640.64568595416
2525,9,522.53376709
2526,9,640.63543452559
2527,9,640.63543452559
2528,9,640.63543452559
2529,9,0.0
2530,9,365.78098818734
2531,9,533.75566419286
2532,9,0.0
2533,9,401.18172317541
2534,9,0.0
2535,9,0.0
2536,9,6.1478428735
2537,9,115.90157776462
2538,9,206.00917500229
2539,9,217.03789842038
2540,9,489.40254589564
2541,9,0.0
2542,9,491.75185789564
2543,9,505.120444
2544,9,0.0
2545,9,640.64568595416
2546,9,640.64568595416
2547,9,315.13308160629
2548,9,640.64568595416
2549,9,522.53376709
2550,9,640.63543452559
2551,9,640.63543452559
2552,9,640.63543452559
2553,9,0.0
2554,9,365.78098818734
2555,9,533.75566419286
2556,9,0.0
2557,9,401.18172317541
2558,9,0.0
2559,9,0.0
2560,9,6.1478428735
2561,9,115.90157776462
2562,9,206.00917500229
2563,9,217.03789842038
2564,9,489.40254589564
2565,9,0.0
2566,9,491.75185789564
2567,9,505.120444
2568,9,0.0
2569,9,640.64568595416
2570,9,640.64568595416
2571,9,315.13308160629
2572,9,640.64568595416
2573,9,522.53376709
2574,9,640.63543452559
2575,9,640.63543452559
2576,9,640.63543452559
2577,9,0.0
2578,9,365.78098818734
2579,9,533.75566419286
2580,9,0.0
2581,9,401.18172317541
2582,9,0.0
2583,9,0.0
2584,9,6.1478428735
2585,9,115.90157776462
2586,9,206.00917500229
2587,9,217.03789842038
2588,9,489.40254589564
2589,9,0.0
2590,9,491.75185789564
2591,9,505.120444
2592,9,0.0
2593,9,640.64568595416
2594,9,640.64568595416
2595,9,315.13308160629
2596,9,640.64568595416
2597,9,522.53376709
2598,9,640.63543452559
2599,9,640.63543452559
2600,9,640.63543452559
2601,9,0.0
2602,9,365.78098818734
2603,9,533.75566419286
2604,9,0.0
2605,9,401.18172317541
2606,9,0.0
2607,9,0.0
2608,9,6.1478428735
2609,9,115.90157776462
2610,9,206.00917500229
2611,9,217.03789842038
2612,9,489.40254589564
2613,9,0.0
2614,9,491.75185789564
2615,9,505.120444
2616,9,0.0
2617,9,640.64568595416
2618,9,640.64568595416
2619,9,315.13308160629
2620,9,640.64568595416
2621,9,522.53376709
2622,9,640.63543452559
2623,9,640.63543452559
2624,9,640.63543452559
2625,9,0.0
2626,9,365.78098818734
2627,9,533.75566419286
2628,9,0.0
2629,9,401.18172317541
2630,9,0.0
2631,9,0.0
2632,9,6.1478428735
2633,9,115.90157776462
2634,9,206.00917500229
2635,9,217.03789842038
2636,9,489.40254589564
2637,9,0.0
2638,9,491.75185789564
2639,9,505.120444
2640,9,0.0
2641,9,640.64568595416
2642,9,640.64568595416
2643,9,315.13308160629
2644,9,640.64568595416
2645,9,522.53376709
2646,9,640.63543452559
2647,9,640.63543452559
2648,9,640.63543452559
2649,9,0.0
2650,9,365.78098818734
2651,9,533.75566419286
2652,9,0.0
2653,9,401.18172317541
2654,9,0.0
2655,9,0.0
2656,9,6.1478428735
2657,9,115.90157776462
2658,9,206.00917500229
2659,9,217.03789842038
2660,9,489.40254589564
2661,9,0.0
2662,9,491.75185789564
2663,9,505.120444
2664,9,0.0
2665,9,640.64568595416
2666,9,640.64568595416
2667,9,315.13308160629
2668,9,640.64568595416
2669,9,522.53376709
2670,9,640.63543452559
2671,9,640.63543452559
2672,9,640.63543452559
2673,9,0.0
2674,9,365.78098818734
2675,9,533.75566419286
2676,9,0.0
2677,9,401.18172317541
2678,9,0.0
2679,9,0.0
2680,9,6.1478428735
2681,9,115.90157776462
2682,9,206.00917500229
2683,9,217.03789842038
2684,9,489.40254589564
2685,9,0.0
2686,9,491.75185789564
2687,9,505.120444
2688,9,0.0
2689,10,43.07369414099
2690,10,547.701724
2691,10,74.21536134031
2692,10,579.637684
2693,10,593.831444
2694,10,0.0
2695,10,581.37092642037
2696,10,0.0
2697,10,313.65981270686
2698,10,335.68418646733
2699,10,388.17497015152
2700,10,583.61531495029
2701,10,569.35950574947
2702,10,0.0
2703,10,534.93986853241
2704,10,532.10970221529
2705,10,0.0
2706,10,454.17855466231
2707,10,0.0
2708,10,640.63492195416
2709,10,640.63492195416
2710,10,522.44582688316
2711,10,0.0
2712,10,613.07255691459
2713,10,43.07369414099
2714,10,547.701724
2715,10,74.21536134031
2716,10,579.637684
2717,10,593.831444
2718,10,0.0
2719,10,581.37092642037
2720,10,0.0
2721,10,313.65981270686
2722,10,335.68418646733
2723,10,388.17497015152
2724,10,583.61531495029
2725,10,569.35950574947
2726,10,0.0
2727,10,534.93986853241
2728,10,532.10970221529
2729,10,0.0
2730,10,454.17855466231
2731,10,0.0
2732,10,640.63492195416
2733,10,640.63492195416
2734,10,522.44582688316
2735,10,0.0
2736,10,613.07255691459
2737,10,43.07369414099
2738,10,547.701724
2739,10,74.21536134031
2740,10,579.637684
2741,10,593.831444
2742,10,0.0
2743,10,581.37092642037
2744,10,0.0
2745,10,313.65981270686
2746,10,335.68418646733
2747,10,388.17497015152
2748,10,583.61531495029
2749,10,569.35950574947
2750,10,0.0
2751,10,534.93986853241
2752,10,532.10970221529
2753,10,0.0
2754,10,454.17855466231
2755,10,0.0
2756,10,640.63492195416
2757,10,640.63492195416
2758,10,522.44582688316
2759,10,0.0
2760,10,613.07255691459
2761,10,43.07369414099
2762,10,547.701724
2763,10,74.21536134031
2764,10,579.637684
2765,10,593.831444
2766,10,0.0
2767,10,581.37092642037
2768,10,0.0
2769,10,313.65981270686
2770,10,335.68418646733
2771,10,388.17497015152
2772,10,583.61531495029
2773,10,569.35950574947
2774,10,0.0
2775,10,534.93986853241
2776,10,532.10970221529
2777,10,0.0
2778,10,454.17855466231
2779,10,0.0
2780,10,640.63492195416
2781,10,640.63492195416
2782,10,522.44582688316
2783,10,0.0
2784,10,613.07255691459
2785,10,43.07369414099
2786,10,547.701724
2787,10,74.21536134031
2788,10,579.637684
2789,10,593.831444
2790,10,0.0
2791,10,581.37092642037
2792,10,0.0
2793,10,313.65981270686
2794,10,335.68418646733
2795,10,388.17497015152
2796,10,583.61531495029
2797,10,569.35950574947
2798,10,0.0
2799,10,534.93986853241
2800,10,532.10970221529
2801,10,0.0
2802,10,454.17855466231
2803,10,0.0
2804,10,640.63492195416
2805,10,640.63492195416
2806,10,522.44582688316
2807,10,0.0
2808,10,613.07255691459
2809,10,43.07369414099
2810,10,547.701724
2811,10,74.21536134031
2812,10,579.637684
2813,10,593.831444
2814,10,0.0
2815,10,581.37092642037
2816,10,0.0
2817,10,313.65981270686
2818,10,335.68418646733
2819,10,388.17497015152
2820,10,583.61531495029
2821,10,569.35950574947
2822,10,0.0
2823,10,534.93986853241
2824,10,532.10970221529
2825,10,0.0
2826,10,454.17855466231
2827,10,0.0
2828,10,640.63492195416
2829,10,640.63492195416
2830,10,522.44582688316
2831,10,0.0
2832,10,613.07255691459
2833,10,43.07369414099
2834,10,547.701724
2835,10,74.21536134031
2836,10,579.637684
2837,10,593.831444
2838,10,0.0
2839,10,581.37092642037
2840,10,0.0
2841,10,313.65981270686
2842,10,335.68418646733
2843,10,388.17497015152
2844,10,583.61531495029
2845,10,569.35950574947
2846,10,0.0
2847,10,534.93986853241
2848,10,532.10970221529
2849,10,0.0
2850,10,454.17855466231
2851,10,0.0
2852,10,640.63492195416
2853,10,640.63492195416
2854,10,522.44582688316
2855,10,0.0
2856,10,613.07255691459
2857,7,640.64568595416
2858,7,443.48266318407
2859,7,592.58948
2860,7,589.04104000001
2861,7,640.64568595416
2862,7,534.81583209089
2863,7,551.15916268334
2864,7,640.64568595416
2865,7,640.64568595416
2866,7,640.64568595416
2867,7,0.0
2868,7,497.52510630426
2869,7,534.43452562761
2870,7,0.0
2871,7,0.0
2872,7,230.63890671918
2873,7,477.45710833579
2874,7,21.84133498687
2875,7,588.09565186875
2876,7,631.34014589564
2877,7,640.64568595416
2878,7,223.91464247461
2879,7,640.64568595416
2880,7,0.0
2881,7,640.64568595416
2882,7,443.48266318407
2883,7,592.58948
2884,7,589.04104000001
2885,7,640.64568595416
2886,7,534.81583209089
2887,7,551.15916268334
2888,7,640.64568595416
2889,7,640.64568595416
2890,7,640.64568595416
2891,7,0.0
2892,7,497.52510630426
2893,7,534.43452562761
2894,7,0.0
2895,7,0.0
2896,7,230.63890671918
2897,7,477.45710833579
2898,7,21.84133498687
2899,7,588.09565186875
2900,7,631.34014589564
2901,7,640.64568595416
2902,7,223.91464247461
2903,7,640.64568595416
2904,7,0.0
2905,7,640.64568595416
2906,7,443.48266318407
2907,7,592.58948
2908,7,589.04104000001
2909,7,640.64568595416
2910,7,534.81583209089
2911,7,551.15916268334
2912,7,640.64568595416
2913,7,640.64568595416
2914,7,640.64568595416
2915,7,0.0
2916,7,497.52510630426
2917,7,534.43452562761
2918,7,0.0
2919,7,0.0
2920,7,230.63890671918
2921,7,477.45710833579
2922,7,21.84133498687
2923,7,588.09565186875
2924,7,631.34014589564
2925,7,640.64568595416
2926,7,223.91464247461
2927,7,640.64568595416
2928,7,0.0
2929,7,640.64568595416
2930,7,443.48266318407
2931,7,592.58948
2932,7,589.04104000001
2933,7,640.64568595416
2934,7,534.81583209089
2935,7,551.15916268334
2936,7,640.64568595416
2937,7,640.64568595416
2938,7,640.64568595416
2939,7,0.0
2940,7,497.52510630426
2941,7,534.43452562761
2942,7,0.0
2943,7,0.0
2944,7,230.63890671918
2945,7,477.45710833579
2946,7,21.84133498687
2947,7,588.09565186875
2948,7,631.34014589564
2949,7,640.64568595416
2950,7,223.91464247461
2951,7,640.64568595416
2952,7,0.0
2953,7,640.64568595416
2954,7,443.48266318407
2955,7,592.58948
2956,7,589.04104000001
2957,7,640.64568595416
2958,7,534.81583209089
2959,7,551.15916268334
2960,7,640.64568595416
2961,7,640.64568595416
2962,7,640.64568595416
2963,7,0.0
2964,7,497.52510630426
2965,7,534.43452562761
2966,7,0.0
2967,7,0.0
2968,7,230.63890671918
2969,7,477.45710833579
2970,7,21.84133498687
2971,7,588.09565186875
2972,7,631.34014589564
2973,7,640.64568595416
2974,7,223.91464247461
2975,7,640.64568595416
2976,7,0.0
2977,7,640.64568595416
2978,7,443.48266318407
2979,7,592.58948
2980,7,589.04104000001
2981,7,640.64568595416
2982,7,534.81583209089
2983,7,551.15916268334
2984,7,640.64568595416
2985,7,640.64568595416
2986,7,640.64568595416
2987,7,0.0
2988,7,497.52510630426
2989,7,534.43452562761
2990,7,0.0
2991,7,0.0
2992,7,230.63890671918
2993,7,477.45710833579
2994,7,21.84133498687
2995,7,588.09565186875
2996,7,631.34014589564
2997,7,640.64568595416
2998,7,223.91464247461
2999,7,640.64568595416
3000,7,0.0
3001,7,640.64568595416
3002,7,443.48266318407
3003,7,592.58948
3004,7,589.04104000001
3005,7,640.64568595416
3006,7,534.81583209089
3007,7,551.15916268334
3008,7,640.64568595416
3009,7,640.64568595416
3010,7,640.64568595416
3011,7,0.0
3012,7,497.52510630426
3013,7,534.43452562761
3014,7,0.0
3015,7,0.0
3016,7,230.63890671918
3017,7,477.45710833579
3018,7,21.84133498687
3019,7,588.09565186875
3020,7,631.34014589564
3021,7,640.64568595416
3022,7,223.91464247461
3023,7,640.64568595416
3024,7,0.0
3025,7,640.64568595416
3026,7,443.48266318407
3027,7,592.58948
3028,7,589.04104000001
3029,7,640.64568595416
3030,7,534.81583209089
3031,7,551.15916268334
3032,7,640.64568595416
3033,7,640.64568595416
3034,7,640.64568595416
3035,7,0.0
3036,7,497.52510630426
3037,7,534.43452562761
3038,7,0.0
3039,7,0.0
3040,7,230.63890671918
3041,7,477.45710833579
3042,7,21.84133498687
3043,7,588.09565186875
3044,7,631.34014589564
3045,7,640.64568595416
3046,7,223.91464247461
3047,7,640.64568595416
3048,7,0.0
3049,7,640.64568595416
3050,7,443.48266318407
3051,7,592.58948
3052,7,589.04104000001
3053,7,640.64568595416
3054,7,534.81583209089
3055,7,551.15916268334
3056,7,640.64568595416
3057,7,640.64568595416
3058,7,640.64568595416
3059,7,0.0
3060,7,497.52510630426
3061,7,534.43452562761
3062,7,0.0
3063,7,0.0
3064,7,230.63890671918
3065,7,477.45710833579
3066,7,21.84133498687
3067,7,588.09565186875
3068,7,631.34014589564
3069,7,640.64568595416
3070,7,223.91464247461
3071,7,640.64568595416
3072,7,0.0
3073,7,640.64568595416
3074,7,443.48266318407
3075,7,592.58948
3076,7,589.04104000001
3077,7,640.64568595416
3078,7,534.81583209089
3079,7,551.15916268334
3080,7,640.64568595416
3081,7,640.64568595416
3082,7,640.64568595416
3083,7,0.0
3084,7,497.52510630426
3085,7,534.43452562761
3086,7,0.0
3087,7,0.0
3088,7,230.63890671918
3089,7,477.45710833579
3090,7,21.84133498687
3091,7,588.09565186875
3092,7,631.34014589564
3093,7,640.64568595416
3094,7,223.91464247461
3095,7,640.64568595416
3096,7,0.0
3097,7,640.64568595416
3098,7,443.48266318407
3099,7,592.58948
3100,7,589.04104000001
3101,7,640.64568595416
3102,7,534.81583209089
3103,7,551.15916268334
3104,7,640.64568595416
3105,7,640.64568595416
3106,7,640.64568595416
3107,7,0.0
3108,7,497.52510630426
3109,7,534.43452562761
3110,7,0.0
3111,7,0.0
3112,7,230.63890671918
3113,7,477.45710833579
3114,7,21.84133498687
3115,7,588.09565186875
3116,7,631.34014589564
3117,7,640.64568595416
3118,7,223.91464247461
3119,7,640.64568595416
3120,7,0.0
3121,7,640.64568595416
3122,7,443.48266318407
3123,7,592.58948
3124,7,589.04104000001
3125,7,640.64568595416
3126,7,534.81583209089
3127,7,551.15916268334
3128,7,640.64568595416
3129,7,640.64568595416
3130,7,640.64568595416
3131,7,0.0
3132,7,497.52510630426
3133,7,534.43452562761
3134,7,0.0
3135,7,0.0
3136,7,230.63890671918
3137,7,477.45710833579
3138,7,21.84133498687
3139,7,588.09565186875
3140,7,631.34014589564
3141,7,640.64568595416
3142,7,223.91464247461
3143,7,640.64568595416
3144,7,0.0
3145,7,640.64568595416
3146,7,443.48266318407
3147,7,592.58948
3148,7,589.04104000001
3149,7,640.64568595416
3150,7,534.81583209089
3151,7,551.15916268334
3152,7,640.64568595416
3153,7,640.64568595416
3154,7,640.64568595416
3155,7,0.0
3156,7,497.52510630426
3157,7,534.43452562761
3158,7,0.0
3159,7,0.0
3160,7,230.63890671918
3161,7,477.45710833579
3162,7,21.84133498687
3163,7,588.09565186875
3164,7,631.34014589564
3165,7,640.64568595416
3166,7,223.91464247461
3167,7,640.64568595416
3168,7,0.0
3169,7,640.64568595416
3170,7,443.48266318407
3171,7,592.58948
3172,7,589.04104000001
3173,7,640.64568595416
3174,7,534.81583209089
3175,7,551.15916268334
3176,7,640.64568595416
3177,7,640.64568595416
3178,7,640.64568595416
3179,7,0.0
3180,7,497.52510630426
3181,7,534.43452562761
3182,7,0.0
3183,7,0.0
3184,7,230.63890671918
3185,7,477.45710833579
3186,7,21.84133498687
3187,7,588.09565186875
3188,7,631.34014589564
3189,7,640.64568595416
3190,7,223.91464247461
3191,7,640.64568595416
3192,7,0.0
3193,11,0.0
3194,11,628.37702035956
3195,11,640.64568595416
3196,11,640.64568595416
3197,11,0.0
3198,11,303.83453529559
3199,11,640.64568595416
3200,11,288.843016
3201,11,640.63492195416
3202,11,640.63492195416
3203,11,0.0
3204,11,482.58784
3205,11,580.2794109203
3206,11,640.64568595416
3207,11,640.64568595416
3208,11,0.0
3209,11,640.64568595416
3210,11,152.13746792473
3211,11,333.33380278704
3212,11,307.80857077968
3213,11,353.74166987772
3214,11,542.19078803151
3215,11,0.0
3216,11,423.20674634112
3217,11,584.03874031213
3218,11,0.0
3219,11,628.37702035956
3220,11,640.64568595416
3221,11,640.64568595416
3222,11,0.0
3223,11,303.83453529559
3224,11,640.64568595416
3225,11,288.843016
3226,11,640.63492195416
3227,11,640.63492195416
3228,11,0.0
3229,11,482.58784
3230,11,580.2794109203
3231,11,640.64568595416
3232,11,640.64568595416
3233,11,0.0
3234,11,640.64568595416
3235,11,152.13746792473
3236,11,333.33380278704
3237,11,307.80857077968
3238,11,353.74166987772
3239,11,542.19078803151
3240,11,0.0
3241,11,423.20674634112
3242,11,584.03874031213
3243,11,0.0
3244,11,628.37702035956
3245,11,640.64568595416
3246,11,640.64568595416
3247,11,0.0
3248,11,303.83453529559
3249,11,640.64568595416
3250,11,288.843016
3251,11,640.63492195416
3252,11,640.63492195416
3253,11,0.0
3254,11,482.58784
3255,11,580.2794109203
3256,11,640.64568595416
3257,11,640.64568595416
3258,11,0.0
3259,11,640.64568595416
3260,11,152.13746792473
3261,11,333.33380278704
3262,11,307.80857077968
3263,11,353.74166987772
3264,11,542.19078803151
3265,11,0.0
3266,11,423.20674634112
3267,11,584.03874031213
3268,11,0.0
3269,11,628.37702035956
3270,11,640.64568595416
3271,11,640.64568595416
3272,11,0.0
3273,11,303.83453529559
3274,11,640.64568595416
3275,11,288.843016
3276,11,640.63492195416
3277,11,640.63492195416
3278,11,0.0
3279,11,482.58784
3280,11,580.2794109203
3281,11,640.64568595416
3282,11,640.64568595416
3283,11,0.0
3284,11,640.64568595416
3285,11,152.13746792473
3286,11,333.33380278704
3287,11,307.80857077968
3288,11,353.74166987772
3289,11,542.19078803151
3290,11,0.0
3291,11,423.20674634112
3292,11,584.03874031213
3293,11,0.0
3294,11,628.37702035956
3295,11,640.64568595416
3296,11,640.64568595416
3297,11,0.0
3298,11,303.83453529559
3299,11,640.64568595416
3300,11,288.843016
3301,11,640.63492195416
3302,11,640.63492195416
3303,11,0.0
3304,11,482.58784
3305,11,580.2794109203
3306,11,640.64568595416
3307,11,640.64568595416
3308,11,0.0
3309,11,640.64568595416
3310,11,152.13746792473
3311,11,333.33380278704
3312,11,307.80857077968
3313,11,353.74166987772
3314,11,542.19078803151
3315,11,0.0
3316,11,423.20674634112
3317,11,584.03874031213
3318,11,0.0
3319,11,628.37702035956
3320,11,640.64568595416
3321,11,640.64568595416
3322,11,0.0
3323,11,303.83453529559
3324,11,640.64568595416
3325,11,288.843016
3326,11,640.63492195416
3327,11,640.63492195416
3328,11,0.0
3329,11,482.58784
3330,11,580.2794109203
3331,11,640.64568595416
3332,11,640.64568595416
3333,11,0.0
3334,11,640.64568595416
3335,11,152.13746792473
3336,11,333.33380278704
3337,11,307.80857077968
3338,11,353.74166987772
3339,11,542.19078803151
3340,11,0.0
3341,11,423.20674634112
3342,11,584.03874031213
3343,11,0.0
3344,11,628.37702035956
3345,11,640.64568595416
3346,11,640.64568595416
3347,11,0.0
3348,11,303.83453529559
3349,11,640.64568595416
3350,11,288.843016
3351,11,640.63492195416
3352,11,640.63492195416
3353,11,0.0
3354,11,482.58784
3355,11,580.2794109203
3356,11,640.64568595416
3357,11,640.64568595416
3358,11,0.0
3359,11,640.64568595416
3360,11,152.13746792473
3361,12,640.55531785893
3362,12,639.03258862083
3363,12,639.03258862083
3364,12,489.17941620363
3365,12,640.63492195416
3366,12,640.63492195416
3367,12,640.63492195416
3368,12,639.03258862083
3369,12,639.04979555406
3370,12,640.64568595416
3371,12,640.64568595416
3372,12,640.64568595416
3373,12,640.64568595416
3374,12,640.64568595416
3375,12,0.0
3376,12,640.55531785893
3377,12,640.63492195416
3378,12,640.6414063735
3379,12,640.64568595416
3380,12,640.64568595416
3381,12,640.64568595416
3382,12,640.64568595416
3383,12,640.64568595416
3384,12,640.64568595416
3385,12,640.64568595416
3386,12,640.55531785893
3387,12,639.03258862083
3388,12,639.03258862083
3389,12,489.17941620363
3390,12,640.63492195416
3391,12,640.63492195416
3392,12,640.63492195416
3393,12,639.03258862083
3394,12,639.04979555406
3395,12,640.64568595416
3396,12,640.64568595416
3397,12,640.64568595416
3398,12,640.64568595416
3399,12,640.64568595416
3400,12,0.0
3401,12,640.55531785893
3402,12,640.63492195416
3403,12,640.6414063735
3404,12,640.64568595416
3405,12,640.64568595416
3406,12,640.64568595416
3407,12,640.64568595416
3408,12,640.64568595416
3409,12,640.64568595416
3410,12,640.64568595416
3411,12,640.55531785893
3412,12,639.03258862083
3413,12,639.03258862083
3414,12,489.17941620363
3415,12,640.63492195416
3416,12,640.63492195416
3417,12,640.63492195416
3418,12,639.03258862083
3419,12,639.04979555406
3420,12,640.64568595416
3421,12,640.64568595416
3422,12,640.64568595416
3423,12,640.64568595416
3424,12,640.64568595416
3425,12,0.0
3426,12,640.55531785893
3427,12,640.63492195416
3428,12,640.6414063735
3429,12,640.64568595416
3430,12,640.64568595416
3431,12,640.64568595416
3432,12,640.64568595416
3433,12,640.64568595416
3434,12,640.64568595416
3435,12,640.64568595416
3436,12,640.55531785893
3437,12,639.03258862083
3438,12,639.03258862083
3439,12,489.17941620363
3440,12,640.63492195416
3441,12,640.63492195416
3442,12,640.63492195416
3443,12,639.03258862083
3444,12,639.04979555406
3445,12,640.64568595416
3446,12,640.64568595416
3447,12,640.64568595416
3448,12,640.64568595416
3449,12,640.64568595416
3450,12,0.0
3451,12,640.55531785893
3452,12,640.63492195416
3453,12,640.6414063735
3454,12,640.64568595416
3455,12,640.64568595416
3456,12,640.64568595416
3457,12,640.64568595416
3458,12,640.64568595416
3459,12,640.64568595416
3460,12,640.64568595416
3461,12,640.55531785893
3462,12,639.03258862083
3463,12,639.03258862083
3464,12,489.17941620363
3465,12,640.63492195416
3466,12,640.63492195416
3467,12,640.63492195416
3468,12,639.03258862083
3469,12,639.04979555406
3470,12,640.64568595416
3471,12,640.64568595416
3472,12,640.64568595416
3473,12,640.64568595416
3474,12,640.64568595416
3475,12,0.0
3476,12,640.55531785893
3477,12,640.63492195416
3478,12,640.6414063735
3479,12,640.64568595416
3480,12,640.64568595416
3481,12,640.64568595416
3482,12,640.64568595416
3483,12,640.64568595416
3484,12,640.64568595416
3485,12,640.64568595416
3486,12,640.55531785893
3487,12,639.03258862083
3488,12,639.03258862083
3489,12,489.17941620363
3490,12,640.63492195416
3491,12,640.63492195416
3492,12,640.63492195416
3493,12,639.03258862083
3494,12,639.04979555406
3495,12,640.64568595416
3496,12,640.64568595416
3497,12,640.64568595416
3498,12,640.64568595416
3499,12,640.64568595416
3500,12,0.0
3501,12,640.55531785893
3502,12,640.63492195416
3503,12,640.6414063735
3504,12,640.64568595416
3505,12,640.64568595416
3506,12,640.64568595416
3507,12,640.64568595416
3508,12,640.64568595416
3509,12,640.64568595416
3510,12,640.64568595416
3511,12,640.55531785893
3512,12,639.03258862083
3513,12,639.03258862083
3514,12,489.17941620363
3515,12,640.63492195416
3516,12,640.63492195416
3517,12,640.63492195416
3518,12,639.03258862083
3519,12,639.04979555406
3520,12,640.64568595416
3521,12,640.64568595416
3522,12,640.64568595416
3523,12,640.64568595416
3524,12,640.64568595416
3525,12,0.0
3526,12,640.55531785893
3527,12,640.63492195416
3528,12,640.6414063735
3529,12,640.64568595416
3530,12,640.64568595416
3531,12,640.64568595416
3532,12,640.64568595416
3533,12,640.64568595416
3534,12,640.64568595416
3535,12,640.64568595416
3536,12,640.55531785893
3537,12,639.03258862083
3538,12,639.03258862083
3539,12,489.17941620363
3540,12,640.63492195416
3541,12,640.63492195416
3542,12,640.63492195416
3543,12,639.03258862083
3544,12,639.04979555406
3545,12,640.64568595416
3546,12,640.64568595416
3547,12,640.64568595416
3548,12,640.64568595416
3549,12,640.64568595416
3550,12,0.0
3551,12,640.55531785893
3552,12,640.63492195416
3553,12,640.6414063735
3554,12,640.64568595416
3555,12,640.64568595416
3556,12,640.64568595416
3557,12,640.64568595416
3558,12,640.64568595416
3559,12,640.64568595416
3560,12,640.64568595416
3561,12,640.55531785893
3562,12,639.03258862083
3563,12,639.03258862083
3564,12,489.17941620363
3565,12,640.63492195416
3566,12,640.63492195416
3567,12,640.63492195416
3568,12,639.03258862083
3569,12,639.04979555406
3570,12,640.64568595416
3571,12,640.64568595416
3572,12,640.64568595416
3573,12,640.64568595416
3574,12,640.64568595416
3575,12,0.0
3576,12,640.55531785893
3577,12,640.63492195416
3578,12,640.6414063735
3579,12,640.64568595416
3580,12,640.64568595416
3581,12,640.64568595416
3582,12,640.64568595416
3583,12,640.64568595416
3584,12,640.64568595416
3585,12,640.64568595416
3586,12,640.55531785893
3587,12,639.03258862083
3588,12,639.03258862083
3589,12,489.17941620363
3590,12,640.63492195416
3591,12,640.63492195416
3592,12,640.63492195416
3593,12,639.03258862083
3594,12,639.04979555406
3595,12,640.64568595416
3596,12,640.64568595416
3597,12,640.64568595416
3598,12,640.64568595416
3599,12,640.64568595416
3600,12,0.0
3601,12,640.55531785893
3602,12,640.63492195416
3603,12,640.6414063735
3604,12,640.64568595416
3605,12,640.64568595416
3606,12,640.64568595416
3607,12,640.64568595416
3608,12,640.64568595416
3609,12,640.64568595416
3610,12,640.64568595416
3611,12,640.55531785893
3612,12,639.03258862083
3613,12,639.03258862083
3614,12,489.17941620363
3615,12,640.63492195416
3616,12,640.63492195416
3617,12,640.63492195416
3618,12,639.03258862083
3619,12,639.04979555406
3620,12,640.64568595416
3621,12,640.64568595416
3622,12,640.64568595416
3623,12,640.64568595416
3624,12,640.64568595416
3625,12,0.0
3626,12,640.55531785893
3627,12,640.63492195416
3628,12,640.6414063735
3629,12,640.64568595416
3630,12,640.64568595416
3631,12,640.64568595416
3632,12,640.64568595416
3633,12,640.64568595416
3634,12,640.64568595416
3635,12,640.64568595416
3636,12,640.55531785893
3637,12,639.03258862083
3638,12,639.03258862083
3639,12,489.17941620363
3640,12,640.63492195416
3641,12,640.63492195416
3642,12,640.63492195416
3643,12,639.03258862083
3644,12,639.04979555406
3645,12,640.64568595416
3646,12,640.64568595416
3647,12,640.64568595416
3648,12,640.64568595416
3649,12,640.64568595416
3650,12,0.0
3651,12,640.55531785893
3652,12,640.63492195416
3653,12,640.6414063735
3654,12,640.64568595416
3655,12,640.64568595416
3656,12,640.64568595416
3657,12,640.64568595416
3658,12,640.64568595416
3659,12,640.64568595416
3660,12,640.64568595416
3661,12,640.55531785893
3662,12,639.03258862083
3663,12,639.03258862083
3664,12,489.17941620363
3665,12,640.63492195416
3666,12,640.63492195416
3667,12,640.63492195416
3668,12,639.03258862083
3669,12,639.04979555406
3670,12,640.64568595416
3671,12,640.64568595416
3672,12,640.64568595416
3673,12,640.64568595416
3674,12,640.64568595416
3675,12,0.0
3676,12,640.55531785893
3677,12,640.63492195416
3678,12,640.6414063735
3679,12,640.64568595416
3680,12,640.64568595416
3681,12,640.64568595416
3682,12,640.64568595416
3683,12,640.64568595416
3684,12,640.64568595416
3685,12,640.64568595416
3686,12,640.55531785893
3687,12,639.03258862083
3688,12,639.03258862083
3689,12,489.17941620363
3690,12,640.63492195416
3691,12,640.63492195416
3692,12,640.63492195416
3693,12,639.03258862083
3694,12,639.04979555406
3695,12,640.64568595416
3696,12,640.64568595416
3697,11,0.0
3698,11,303.83453529559
3699,11,640.64568595416
3700,11,288.843016
3701,11,640.63492195416
3702,11,640.63492195416
3703,11,0.0
3704,11,482.58784
3705,11,580.2794109203
3706,11,640.64568595416
3707,11,640.64568595416
3708,11,0.0
3709,11,640.64568595416
3710,11,152.13746792473
3711,11,333.33380278704
3712,11,307.80857077968
3713,11,353.74166987772
3714,11,542.19078803151
3715,11,0.0
3716,11,423.20674634112
3717,11,584.03874031213
3718,11,0.0
3719,11,628.37702035956
3720,11,640.64568595416
3721,11,640.64568595416
3722,11,0.0
3723,11,303.83453529559
3724,11,640.64568595416
3725,11,288.843016
3726,11,640.63492195416
3727,11,640.63492195416
3728,11,0.0
3729,11,482.58784
3730,11,580.2794109203
3731,11,640.64568595416
3732,11,640.64568595416
3733,11,0.0
3734,11,640.64568595416
3735,11,152.13746792473
3736,11,333.33380278704
3737,11,307.80857077968
3738,11,353.74166987772
3739,11,542.19078803151
3740,11,0.0
3741,11,423.20674634112
3742,11,584.03874031213
3743,11,0.0
3744,11,628.37702035956
3745,11,640.64568595416
3746,11,640.64568595416
3747,11,0.0
3748,11,303.83453529559
3749,11,640.64568595416
3750,11,288.843016
3751,11,640.63492195416
3752,11,640.63492195416
3753,11,0.0
3754,11,482.58784
3755,11,580.2794109203
3756,11,640.64568595416
3757,11,640.64568595416
3758,11,0.0
3759,11,640.64568595416
3760,11,152.13746792473
3761,11,333.33380278704
3762,11,307.80857077968
3763,11,353.74166987772
3764,11,542.19078803151
3765,11,0.0
3766,11,423.20674634112
3767,11,584.03874031213
3768,11,0.0
3769,11,628.37702035956
3770,11,640.64568595416
3771,11,640.64568595416
3772,11,0.0
3773,11,303.83453529559
3774,11,640.64568595416
3775,11,288.843016
3776,11,640.63492195416
3777,11,640.63492195416
3778,11,0.0
3779,11,482.58784
3780,11,580.2794109203
3781,11,640.64568595416
3782,11,640.64568595416
3783,11,0.0
3784,11,640.64568595416
3785,11,152.13746792473
3786,11,333.33380278704
3787,11,307.80857077968
3788,11,353.74166987772
3789,11,542.19078803151
3790,11,0.0
3791,11,423.20674634112
3792,11,584.03874031213
3793,11,0.0
3794,11,628.37702035956
3795,11,640.64568595416
3796,11,640.64568595416
3797,11,0.0
3798,11,303.83453529559
3799,11,640.64568595416
3800,11,288.843016
3801,11,640.63492195416
3802,11,640.63492195416
3803,11,0.0
3804,11,482.58784
3805,11,580.2794109203
3806,11,640.64568595416
3807,11,640.64568595416
3808,11,0.0
3809,11,640.64568595416
3810,11,152.13746792473
3811,11,333.33380278704
3812,11,307.80857077968
3813,11,353.74166987772
3814,11,542.19078803151
3815,11,0.0
3816,11,423.20674634112
3817,11,584.03874031213
3818,11,0.0
3819,11,628.37702035956
3820,11,640.64568595416
3821,11,640.64568595416
3822,11,0.0
3823,11,303.83453529559
3824,11,640.64568595416
3825,11,288.843016
3826,11,640.63492195416
3827,11,640.63492195416
3828,11,0.0
3829,11,482.58784
3830,11,580.2794109203
3831,11,640.64568595416
3832,11,640.64568595416
3833,11,0.0
3834,11,640.64568595416
3835,11,152.13746792473
3836,11,333.33380278704
3837,11,307.80857077968
3838,11,353.74166987772
3839,11,542.19078803151
3840,11,0.0
3841,11,423.20674634112
3842,11,584.03874031213
3843,11,0.0
3844,11,628.37702035956
3845,11,640.64568595416
3846,11,640.64568595416
3847,11,0.0
3848,11,303.83453529559
3849,11,640.64568595416
3850,11,288.843016
3851,11,640.63492195416
3852,11,640.63492195416
3853,11,0.0
3854,11,482.58784
3855,11,580.2794109203
3856,11,640.64568595416
3857,11,640.64568595416
3858,11,0.0
3859,11,640.64568595416
3860,11,152.13746792473
3861,11,333.33380278704
3862,11,307.80857077968
3863,11,353.74166987772
3864,11,542.19078803151
3865,12,640.63492195416
3866,12,640.63492195416
3867,12,640.63492195416
3868,12,639.03258862083
3869,12,639.04979555406
3870,12,640.64568595416
3871,12,640.64568595416
3872,12,640.64568595416
3873,12,640.64568595416
3874,12,640.64568595416
3875,12,0.0
3876,12,640.55531785893
3877,12,640.63492195416
3878,12,640.6414063735
3879,12,640.64568595416
3880,12,640.64568595416
3881,12,640.64568595416
3882,12,640.64568595416
3883,12,640.64568595416
3884,12,640.64568595416
3885,12,640.64568595416
3886,12,640.55531785893
3887,12,639.03258862083
3888,12,639.03258862083
3889,12,489.17941620363
3890,12,640.63492195416
3891,12,640.63492195416
3892,12,640.63492195416
3893,12,639.03258862083
3894,12,639.04979555406
3895,12,640.64568595416
3896,12,640.64568595416
3897,12,640.64568595416
3898,12,640.64568595416
3899,12,640.64568595416
3900,12,0.0
3901,12,640.55531785893
3902,12,640.63492195416
3903,12,640.6414063735
3904,12,640.64568595416
3905,12,640.64568595416
3906,12,640.64568595416
3907,12,640.64568595416
3908,12,640.64568595416
3909,12,640.64568595416
3910,12,640.64568595416
3911,12,640.55531785893
3912,12,639.03258862083
3913,12,639.03258862083
3914,12,489.17941620363
3915,12,640.63492195416
3916,12,640.63492195416
3917,12,640.63492195416
3918,12,639.03258862083
3919,12,639.04979555406
3920,12,640.64568595416
3921,12,640.64568595416
3922,12,640.64568595416
3923,12,640.64568595416
3924,12,640.64568595416
3925,12,0.0
3926,12,640.55531785893
3927,12,640.63492195416
3928,12,640.6414063735
3929,12,640.64568595416
3930,12,640.64568595416
3931,12,640.64568595416
3932,12,640.64568595416
3933,12,640.64568595416
3934,12,640.64568595416
3935,12,640.64568595416
3936,12,640.55531785893
3937,12,639.03258862083
3938,12,639.03258862083
3939,12,489.17941620363
3940,12,640.63492195416
3941,12,640.63492195416
3942,12,640.63492195416
3943,12,639.03258862083
3944,12,639.04979555406
3945,12,640.64568595416
3946,12,640.64568595416
3947,12,640.64568595416
3948,12,640.64568595416
3949,12,640.64568595416
3950,12,0.0
3951,12,640.55531785893
3952,12,640.63492195416
3953,12,640.6414063735
3954,12,640.64568595416
3955,12,640.64568595416
3956,12,640.64568595416
3957,12,640.64568595416
3958,12,640.64568595416
3959,12,640.64568595416
3960,12,640.64568595416
3961,12,640.55531785893
3962,12,639.03258862083
3963,12,639.03258862083
3964,12,489.17941620363
3965,12,640.63492195416
3966,12,640.63492195416
3967,12,640.63492195416
3968,12,639.03258862083
3969,12,639.04979555406
3970,12,640.64568595416
3971,12,640.64568595416
3972,12,640.64568595416
3973,12,640.64568595416
3974,12,640.64568595416
3975,12,0.0
3976,12,640.55531785893
3977,12,640.63492195416
3978,12,640.6414063735
3979,12,640.64568595416
3980,12,640.64568595416
3981,12,640.64568595416
3982,12,640.64568595416
3983,12,640.64568595416
3984,12,640.64568595416
3985,12,640.64568595416
3986,12,640.55531785893
3987,12,639.03258862083
3988,12,639.03258862083
3989,12,489.17941620363
3990,12,640.63492195416
3991,12,640.63492195416
3992,12,640.63492195416
3993,12,639.03258862083
3994,12,639.04979555406
3995,12,640.64568595416
3996,12,640.64568595416
3997,12,640.64568595416
3998,12,640.64568595416
3999,12,640.64568595416
4000,12,0.0
4001,12,640.55531785893
4002,12,640.63492195416
4003,12,640.6414063735
4004,12,640.64568595416
4005,12,640.64568595416
4006,12,640.64568595416
4007,12,640.64568595416
4008,12,640.64568595416
4009,12,640.64568595416
4010,12,640.64568595416
4011,12,640.55531785893
4012,12,639.03258862083
4013,12,639.03258862083
4014,12,489.17941620363
4015,12,640.63492195416
4016,12,640.63492195416
4017,12,640.63492195416
4018,12,639.03258862083
4019,12,639.04979555406
4020,12,640.64568595416
4021,12,640.64568595416
4022,12,640.64568595416
4023,12,640.64568595416
4024,12,640.64568595416
4025,12,0.0
4026,12,640.55531785893
4027,12,640.63492195416
4028,12,640.6414063735
4029,12,640.64568595416
4030,12,640.64568595416
4031,12,640.64568595416
4032,12,640.64568595416
4033,13,640.64568595416
4034,13,640.63543452559
4035,13,640.63543452559
4036,13,640.63543452559
4037,13,536.83967275126
4038,13,586.23617300385
4039,13,640.64568595416
4040,13,640.63543452559
4041,13,640.63543452559
4042,13,0.0
4043,13,397.87427606612
4044,13,384.90909045592
4045,13,598.47600030784
4046,13,0.0
4047,13,453.02937862357
4048,13,422.78065162631
4049,13,435.69549239144
4050,13,0.0
4051,13,583.25224374349
4052,13,525.6753085449
4053,13,0.0
4054,13,0.0
4055,13,418.71592
4056,13,418.71592000001
4057,13,640.64568595416
4058,13,640.63543452559
4059,13,640.63543452559
4060,13,640.63543452559
4061,13,536.83967275126
4062,13,586.23617300385
4063,13,640.64568595416
4064,13,640.63543452559
4065,13,640.63543452559
4066,13,0.0
4067,13,397.87427606612
4068,13,384.90909045592
4069,13,598.47600030784
4070,13,0.0
4071,13,453.02937862357
4072,13,422.78065162631
4073,13,435.69549239144
4074,13,0.0
4075,13,583.25224374349
4076,13,525.6753085449
4077,13,0.0
4078,13,0.0
4079,13,418.71592
4080,13,418.71592000001
4081,13,640.64568595416
4082,13,640.63543452559
4083,13,640.63543452559
4084,13,640.63543452559
4085,13,536.83967275126
4086,13,586.23617300385
4087,13,640.64568595416
4088,13,640.63543452559
4089,13,640.63543452559
4090,13,0.0
4091,13,397.87427606612
4092,13,384.90909045592
4093,13,598.47600030784
4094,13,0.0
4095,13,453.02937862357
4096,13,422.78065162631
4097,13,435.69549239144
4098,13,0.0
4099,13,583.25224374349
4100,13,525.6753085449
4101,13,0.0
4102,13,0.0
4103,13,418.71592
4104,13,418.71592000001
4105,13,640.64568595416
4106,13,640.63543452559
4107,13,640.63543452559
4108,13,640.63543452559
4109,13,536.83967275126
4110,13,586.23617300385
4111,13,640.64568595416
4112,13,640.63543452559
4113,13,640.63543452559
4114,13,0.0
4115,13,397.87427606612
4116,13,384.90909045592
4117,13,598.47600030784
4118,13,0.0
4119,13,453.02937862357
4120,13,422.78065162631
4121,13,435.69549239144
4122,13,0.0
4123,13,583.25224374349
4124,13,525.6753085449
4125,13,0.0
4126,13,0.0
4127,13,418.71592
4128,13,418.71592000001
4129,13,640.64568595416
4130,13,640.63543452559
4131,13,640.63543452559
4132,13,640.63543452559
4133,13,536.83967275126
4134,13,586.23617300385
4135,13,640.64568595416
4136,13,640.63543452559
4137,13,640.63543452559
4138,13,0.0
4139,13,397.87427606612
4140,13,384.90909045592
4141,13,598.47600030784
4142,13,0.0
4143,13,453.02937862357
4144,13,422.78065162631
4145,13,435.69549239144
4146,13,0.0
4147,13,583.25224374349
4148,13,525.6753085449
4149,13,0.0
4150,13,0.0
4151,13,418.71592
4152,13,418.71592000001
4153,13,640.64568595416
4154,13,640.63543452559
4155,13,640.63543452559
4156,13,640.63543452559
4157,13,536.83967275126
4158,13,586.23617300385
4159,13,640.64568595416
4160,13,640.63543452559
4161,13,640.63543452559
4162,13,0.0
4163,13,397.87427606612
4164,13,384.90909045592
4165,13,598.47600030784
4166,13,0.0
4167,13,453.02937862357
4168,13,422.78065162631
4169,13,435.69549239144
4170,13,0.0
4171,13,583.25224374349
4172,13,525.6753085449
4173,13,0.0
4174,13,0.0
4175,13,418.71592
4176,13,418.71592000001
4177,13,640.64568595416
4178,13,640.63543452559
4179,13,640.63543452559
4180,13,640.63543452559
4181,13,536.83967275126
4182,13,586.23617300385
4183,13,640.64568595416
4184,13,640.63543452559
4185,13,640.63543452559
4186,13,0.0
4187,13,397.87427606612
4188,13,384.90909045592
4189,13,598.47600030784
4190,13,0.0
4191,13,453.02937862357
4192,13,422.78065162631
4193,13,435.69549239144
4194,13,0.0
4195,13,583.25224374349
4196,13,525.6753085449
4197,13,0.0
4198,13,0.0
4199,13,418.71592
4200,13,418.71592000001
4201,13,640.64568595416
4202,13,640.63543452559
4203,13,640.63543452559
4204,13,640.63543452559
4205,13,536.83967275126
4206,13,586.23617300385
4207,13,640.64568595416
4208,13,640.63543452559
4209,13,640.63543452559
4210,13,0.0
4211,13,397.87427606612
4212,13,384.90909045592
4213,13,598.47600030784
4214,13,0.0
4215,13,453.02937862357
4216,13,422.78065162631
4217,13,435.69549239144
4218,13,0.0
4219,13,583.25224374349
4220,13,525.6753085449
4221,13,0.0
4222,13,0.0
4223,13,418.71592
4224,13,418.71592000001
4225,13,640.64568595416
4226,13,640.63543452559
4227,13,640.63543452559
4228,13,640.63543452559
4229,13,536.83967275126
4230,13,586.23617300385
4231,13,640.64568595416
4232,13,640.63543452559
4233,13,640.63543452559
4234,13,0.0
4235,13,397.87427606612
4236,13,384.90909045592
4237,13,598.47600030784
4238,13,0.0
4239,13,453.02937862357
4240,13,422.78065162631
4241,13,435.69549239144
4242,13,0.0
4243,13,583.25224374349
4244,13,525.6753085449
4245,13,0.0
4246,13,0.0
4247,13,418.71592
4248,13,418.71592000001
4249,13,640.64568595416
4250,13,640.63543452559
4251,13,640.63543452559
4252,13,640.63543452559
4253,13,536.83967275126
4254,13,586.23617300385
4255,13,640.64568595416
4256,13,640.63543452559
4257,13,640.63543452559
4258,13,0.0
4259,13,397.87427606612
4260,13,384.90909045592
4261,13,598.47600030784
4262,13,0.0
4263,13,453.02937862357
4264,13,422.78065162631
4265,13,435.69549239144
4266,13,0.0
4267,13,583.25224374349
4268,13,525.6753085449
4269,13,0.0
4270,13,0.0
4271,13,418.71592
4272,13,418.71592000001
4273,13,640.64568595416
4274,13,640.63543452559
4275,13,640.63543452559
4276,13,640.63543452559
4277,13,536.83967275126
4278,13,586.23617300385
4279,13,640.64568595416
4280,13,640.63543452559
4281,13,640.63543452559
4282,13,0.0
4283,13,397.87427606612
4284,13,384.90909045592
4285,13,598.47600030784
4286,13,0.0
4287,13,453.02937862357
4288,13,422.78065162631
4289,13,435.69549239144
4290,13,0.0
4291,13,583.25224374349
4292,13,525.6753085449
4293,13,0.0
4294,13,0.0
4295,13,418.71592
4296,13,418.71592000001
4297,13,640.64568595416
4298,13,640.63543452559
4299,13,640.63543452559
4300,13,640.63543452559
4301,13,536.83967275126
4302,13,586.23617300385
4303,13,640.64568595416
4304,13,640.63543452559
4305,13,640.63543452559
4306,13,0.0
4307,13,397.87427606612
4308,13,384.90909045592
4309,13,598.47600030784
4310,13,0.0
4311,13,453.02937862357
4312,13,422.78065162631
4313,13,435.69549239144
4314,13,0.0
4315,13,583.25224374349
4316,13,525.6753085449
4317,13,0.0
4318,13,0.0
4319,13,418.71592
4320,13,418.71592000001
4321,13,640.64568595416
4322,13,640.63543452559
4323,13,640.63543452559
4324,13,640.63543452559
4325,13,536.83967275126
4326,13,586.23617300385
4327,13,640.64568595416
4328,13,640.63543452559
4329,13,640.63543452559
4330,13,0.0
4331,13,397.87427606612
4332,13,384.90909045592
4333,13,598.47600030784
4334,13,0.0
4335,13,453.02937862357
4336,13,422.78065162631
4337,13,435.69549239144
4338,13,0.0
4339,13,583.25224374349
4340,13,525.6753085449
4341,13,0.0
4342,13,0.0
4343,13,418.71592
4344,13,418.71592000001
4345,13,640.64568595416
4346,13,640.63543452559
4347,13,640.63543452559
4348,13,640.63543452559
4349,13,536.83967275126
4350,13,586.23617300385
4351,13,640.64568595416
4352,13,640.63543452559
4353,13,640.63543452559
4354,13,0.0
4355,13,397.87427606612
4356,13,384.90909045592
4357,13,598.47600030784
4358,13,0.0
4359,13,453.02937862357
4360,13,422.78065162631
4361,13,435.69549239144
4362,13,0.0
4363,13,583.25224374349
4364,13,525.6753085449
4365,13,0.0
4366,13,0.0
4367,13,418.71592
4368,13,418.71592000001
4369,12,639.04979555406
4370,12,640.64568595416
4371,12,640.64568595416
4372,12,640.64568595416
4373,12,640.64568595416
4374,12,640.64568595416
4375,12,0.0
4376,12,640.55531785893
4377,12,640.63492195416
4378,12,640.6414063735
4379,12,640.64568595416
4380,12,640.64568595416
4381,12,640.64568595416
4382,12,640.64568595416
4383,12,640.64568595416
4384,12,640.64568595416
4385,12,640.64568595416
4386,12,640.55531785893
4387,12,639.03258862083
4388,12,639.03258862083
4389,12,489.17941620363
4390,12,640.63492195416
4391,12,640.63492195416
4392,12,640.63492195416
4393,12,639.03258862083
4394,12,639.04979555406
4395,12,640.64568595416
4396,12,640.64568595416
4397,12,640.64568595416
4398,12,640.64568595416
4399,12,640.64568595416
4400,12,0.0
4401,12,640.55531785893
4402,12,640.63492195416
4403,12,640.6414063735
4404,12,640.64568595416
4405,12,640.64568595416
4406,12,640.64568595416
4407,12,640.64568595416
4408,12,640.64568595416
4409,12,640.64568595416
4410,12,640.64568595416
4411,12,640.55531785893
4412,12,639.03258862083
4413,12,639.03258862083
4414,12,489.17941620363
4415,12,640.63492195416
4416,12,640.63492195416
4417,12,640.63492195416
4418,12,639.03258862083
4419,12,639.04979555406
4420,12,640.64568595416
4421,12,640.64568595416
4422,12,640.64568595416
4423,12,640.64568595416
4424,12,640.64568595416
4425,12,0.0
4426,12,640.55531785893
4427,12,640.63492195416
4428,12,640.6414063735
4429,12,640.64568595416
4430,12,640.64568595416
4431,12,640.64568595416
4432,12,640.64568595416
4433,12,640.64568595416
4434,12,640.64568595416
4435,12,640.64568595416
4436,12,640.55531785893
4437,12,639.03258862083
4438,12,639.03258862083
4439,12,489.17941620363
4440,12,640.63492195416
4441,12,640.63492195416
4442,12,640.63492195416
4443,12,639.03258862083
4444,12,639.04979555406
4445,12,640.64568595416
4446,12,640.64568595416
4447,12,640.64568595416
4448,12,640.64568595416
4449,12,640.64568595416
4450,12,0.0
4451,12,640.55531785893
4452,12,640.63492195416
4453,12,640.6414063735
4454,12,640.64568595416
4455,12,640.64568595416
4456,12,640.64568595416
4457,12,640.64568595416
4458,12,640.64568595416
4459,12,640.64568595416
4460,12,640.64568595416
4461,12,640.55531785893
4462,12,639.03258862083
4463,12,639.03258862083
4464,12,489.17941620363
4465,12,640.63492195416
4466,12,640.63492195416
4467,12,640.63492195416
4468,12,639.03258862083
4469,12,639.04979555406
4470,12,640.64568595416
4471,12,640.64568595416
4472,12,640.64568595416
4473,12,640.64568595416
4474,12,640.64568595416
4475,12,0.0
4476,12,640.55531785893
4477,12,640.63492195416
4478,12,640.6414063735
4479,12,640.64568595416
4480,12,640.64568595416
4481,12,640.64568595416
4482,12,640.64568595416
4483,12,640.64568595416
4484,12,640.64568595416
4485,12,640.64568595416
4486,12,640.55531785893
4487,12,639.03258862083
4488,12,639.03258862083
4489,12,489.17941620363
4490,12,640.63492195416
4491,12,640.63492195416
4492,12,640.63492195416
4493,12,639.03258862083
4494,12,639.04979555406
4495,12,640.64568595416
4496,12,640.64568595416
4497,12,640.64568595416
4498,12,640.64568595416
4499,12,640.64568595416
4500,12,0.0
4501,12,640.55531785893
4502,12,640.63492195416
4503,12,640.6414063735
4504,12,640.64568595416
4505,12,640.64568595416
4506,12,640.64568595416
4507,12,640.64568595416
4508,12,640.64568595416
4509,12,640.64568595416
4510,12,640.64568595416
4511,12,640.55531785893
4512,12,639.03258862083
4513,12,639.03258862083
4514,12,489.17941620363
4515,12,640.63492195416
4516,12,640.63492195416
4517,12,640.63492195416
4518,12,639.03258862083
4519,12,639.04979555406
4520,12,640.64568595416
4521,12,640.64568595416
4522,12,640.64568595416
4523,12,640.64568595416
4524,12,640.64568595416
4525,12,0.0
4526,12,640.55531785893
4527,12,640.63492195416
4528,12,640.6414063735
4529,12,640.64568595416
4530,12,640.64568595416
4531,12,640.64568595416
4532,12,640.64568595416
4533,12,640.64568595416
4534,12,640.64568595416
4535,12,640.64568595416
4536,12,640.55531785893
4537,13,640.64568595416
4538,13,640.63543452559
4539,13,640.63543452559
4540,13,640.63543452559
4541,13,536.83967275126
4542,13,586.23617300385
4543,13,640.64568595416
4544,13,640.63543452559
4545,13,640.63543452559
4546,13,0.0
4547,13,397.87427606612
4548,13,384.90909045592
4549,13,598.47600030784
4550,13,0.0
4551,13,453.02937862357
4552,13,422.78065162631
4553,13,435.69549239144
4554,13,0.0
4555,13,583.25224374349
4556,13,525.6753085449
4557,13,0.0
4558,13,0.0
4559,13,418.71592
4560,13,418.71592000001
4561,13,640.64568595416
4562,13,640.63543452559
4563,13,640.63543452559
4564,13,640.63543452559
4565,13,536.83967275126
4566,13,586.23617300385
4567,13,640.64568595416
4568,13,640.63543452559
4569,13,640.63543452559
4570,13,0.0
4571,13,397.87427606612
4572,13,384.90909045592
4573,13,598.47600030784
4574,13,0.0
4575,13,453.02937862357
4576,13,422.78065162631
4577,13,435.69549239144
4578,13,0.0
4579,13,583.25224374349
4580,13,525.6753085449
4581,13,0.0
4582,13,0.0
4583,13,418.71592
4584,13,418.71592000001
4585,13,640.64568595416
4586,13,640.63543452559
4587,13,640.63543452559
4588,13,640.63543452559
4589,13,536.83967275126
4590,13,586.23617300385
4591,13,640.64568595416
4592,13,640.63543452559
4593,13,640.63543452559
4594,13,0.0
4595,13,397.87427606612
4596,13,384.90909045592
4597,13,598.47600030784
4598,13,0.0
4599,13,453.02937862357
4600,13,422.78065162631
4601,13,435.69549239144
4602,13,0.0
4603,13,583.25224374349
4604,13,525.6753085449
4605,13,0.0
4606,13,0.0
4607,13,418.71592
4608,13,418.71592000001
4609,13,640.64568595416
4610,13,640.63543452559
4611,13,640.63543452559
4612,13,640.63543452559
4613,13,536.83967275126
4614,13,586.23617300385
4615,13,640.64568595416
4616,13,640.63543452559
4617,13,640.63543452559
4618,13,0.0
4619,13,397.87427606612
4620,13,384.90909045592
4621,13,598.47600030784
4622,13,0.0
4623,13,453.02937862357
4624,13,422.78065162631
4625,13,435.69549239144
4626,13,0.0
4627,13,583.25224374349
4628,13,525.6753085449
4629,13,0.0
4630,13,0.0
4631,13,418.71592
4632,13,418.71592000001
4633,13,640.64568595416
4634,13,640.63543452559
4635,13,640.63543452559
4636,13,640.63543452559
4637,13,536.83967275126
4638,13,586.23617300385
4639,13,640.64568595416
4640,13,640.63543452559
4641,13,640.63543452559
4642,13,0.0
4643,13,397.87427606612
4644,13,384.90909045592
4645,13,598.47600030784
4646,13,0.0
4647,13,453.02937862357
4648,13,422.78065162631
4649,13,435.69549239144
4650,13,0.0
4651,13,583.25224374349
4652,13,525.6753085449
4653,13,0.0
4654,13,0.0
4655,13,418.71592
4656,13,418.71592000001
4657,13,640.64568595416
4658,13,640.63543452559
4659,13,640.63543452559
4660,13,640.63543452559
4661,13,536.83967275126
4662,13,586.23617300385
4663,13,640.64568595416
4664,13,640.63543452559
4665,13,640.63543452559
4666,13,0.0
4667,13,397.87427606612
4668,13,384.90909045592
4669,13,598.47600030784
4670,13,0.0
4671,13,453.02937862357
4672,13,422.78065162631
4673,13,435.69549239144
4674,13,0.0
4675,13,583.25224374349
4676,13,525.6753085449
4677,13,0.0
4678,13,0.0
4679,13,418.71592
4680,13,418.71592000001
4681,13,640.64568595416
4682,13,640.63543452559
4683,13,640.63543452559
4684,13,640.63543452559
4685,13,536.83967275126
4686,13,586.23617300385
4687,13,640.64568595416
4688,13,640.63543452559
4689,13,640.63543452559
4690,13,0.0
4691,13,397.87427606612
4692,13,384.90909045592
4693,13,598.47600030784
4694,13,0.0
4695,13,453.02937862357
4696,13,422.78065162631
4697,13,435.69549239144
4698,13,0.0
4699,13,583.25224374349
4700,13,525.6753085449
4701,13,0.0
4702,13,0.0
4703,13,418.71592
4704,13,418.71592000001
4705,13,640.64568595416
4706,13,640.63543452559
4707,13,640.63543452559
4708,13,640.63543452559
4709,13,536.83967275126
4710,13,586.23617300385
4711,13,640.64568595416
4712,13,640.63543452559
4713,13,640.63543452559
4714,13,0.0
4715,13,397.87427606612
4716,13,384.90909045592
4717,13,598.47600030784
4718,13,0.0
4719,13,453.02937862357
4720,13,422.78065162631
4721,13,435.69549239144
4722,13,0.0
4723,13,583.25224374349
4724,13,525.6753085449
4725,13,0.0
4726,13,0.0
4727,13,418.71592
4728,13,418.71592000001
4729,13,640.64568595416
4730,13,640.63543452559
4731,13,640.63543452559
4732,13,640.63543452559
4733,13,536.83967275126
4734,13,586.23617300385
4735,13,640.64568595416
4736,13,640.63543452559
4737,13,640.63543452559
4738,13,0.0
4739,13,397.87427606612
4740,13,384.90909045592
4741,13,598.47600030784
4742,13,0.0
4743,13,453.02937862357
4744,13,422.78065162631
4745,13,435.69549239144
4746,13,0.0
4747,13,583.25224374349
4748,13,525.6753085449
4749,13,0.0
4750,13,0.0
4751,13,418.71592
4752,13,418.71592000001
4753,13,640.64568595416
4754,13,640.63543452559
4755,13,640.63543452559
4756,13,640.63543452559
4757,13,536.83967275126
4758,13,586.23617300385
4759,13,640.64568595416
4760,13,640.63543452559
4761,13,640.63543452559
4762,13,0.0
4763,13,397.87427606612
4764,13,384.90909045592
4765,13,598.47600030784
4766,13,0.0
4767,13,453.02937862357
4768,13,422.78065162631
4769,13,435.69549239144
4770,13,0.0
4771,13,583.25224374349
4772,13,525.6753085449
4773,13,0.0
4774,13,0.0
4775,13,418.71592
4776,13,418.71592000001
4777,13,640.64568595416
4778,13,640.63543452559
4779,13,640.63543452559
4780,13,640.63543452559
4781,13,536.83967275126
4782,13,586.23617300385
4783,13,640.64568595416
4784,13,640.63543452559
4785,13,640.63543452559
4786,13,0.0
4787,13,397.87427606612
4788,13,384.90909045592
4789,13,598.47600030784
4790,13,0.0
4791,13,453.02937862357
4792,13,422.78065162631
4793,13,435.69549239144
4794,13,0.0
4795,13,583.25224374349
4796,13,525.6753085449
4797,13,0.0
4798,13,0.0
4799,13,418.71592
4800,13,418.71592000001
4801,13,640.64568595416
4802,13,640.63543452559
4803,13,640.63543452559
4804,13,640.63543452559
4805,13,536.83967275126
4806,13,586.23617300385
4807,13,640.64568595416
4808,13,640.63543452559
4809,13,640.63543452559
4810,13,0.0
4811,13,397.87427606612
4812,13,384.90909045592
4813,13,598.47600030784
4814,13,0.0
4815,13,453.02937862357
4816,13,422.78065162631
4817,13,435.69549239144
4818,13,0.0
4819,13,583.25224374349
4820,13,525.6753085449
4821,13,0.0
4822,13,0.0
4823,13,418.71592
4824,13,418.71592000001
4825,13,640.64568595416
4826,13,640.63543452559
4827,13,640.63543452559
4828,13,640.63543452559
4829,13,536.83967275126
4830,13,586.23617300385
4831,13,640.64568595416
4832,13,640.63543452559
4833,13,640.63543452559
4834,13,0.0
4835,13,397.87427606612
4836,13,384.90909045592
4837,13,598.47600030784
4838,13,0.0
4839,13,453.02937862357
4840,13,422.78065162631
4841,13,435.69549239144
4842,13,0.0
4843,13,583.25224374349
4844,13,525.6753085449
4845,13,0.0
4846,13,0.0
4847,13,418.71592
4848,13,418.71592000001
4849,13,640.64568595416
4850,13,640.63543452559
4851,13,640.63543452559
4852,13,640.63543452559
4853,13,536.83967275126
4854,13,586.23617300385
4855,13,640.64568595416
4856,13,640.63543452559
4857,13,640.63543452559
4858,13,0.0
4859,13,397.87427606612
4860,13,384.90909045592
4861,13,598.47600030784
4862,13,0.0
4863,13,453.02937862357
4864,13,422.78065162631
4865,13,435.69549239144
4866,13,0.0
4867,13,583.25224374349
4868,13,525.6753085449
4869,13,0.0
4870,13,0.0
4871,13,418.71592
4872,13,418.71592000001
4873,13,640.64568595416
4874,13,640.63543452559
4875,13,640.63543452559
4876,13,640.63543452559
4877,13,536.83967275126
4878,13,586.23617300385
4879,13,640.64568595416
4880,13,640.63543452559
4881,13,640.63543452559
4882,13,0.0
4883,13,397.87427606612
4884,13,384.90909045592
4885,13,598.47600030784
4886,13,0.0
4887,13,453.02937862357
4888,13,422.78065162631
4889,13,435.69549239144
4890,13,0.0
4891,13,583.25224374349
4892,13,525.6753085449
4893,13,0.0
4894,13,0.0
4895,13,418.71592
4896,13,418.71592000001
4897,13,640.64568595416
4898,13,640.63543452559
4899,13,640.63543452559
4900,13,640.63543452559
4901,13,536.83967275126
4902,13,586.23617300385
4903,13,640.64568595416
4904,13,640.63543452559
4905,13,640.63543452559
4906,13,0.0
4907,13,397.87427606612
4908,13,384.90909045592
4909,13,598.47600030784
4910,13,0.0
4911,13,453.02937862357
4912,13,422.78065162631
4913,13,435.69549239144
4914,13,0.0
4915,13,583.25224374349
4916,13,525.6753085449
4917,13,0.0
4918,13,0.0
4919,13,418.71592
4920,13,418.71592000001
4921,13,640.64568595416
4922,13,640.63543452559
4923,13,640.63543452559
4924,13,640.63543452559
4925,13,536.83967275126
4926,13,586.23617300385
4927,13,640.64568595416
4928,13,640.63543452559
4929,13,640.63543452559
4930,13,0.0
4931,13,397.87427606612
4932,13,384.90909045592
4933,13,598.47600030784
4934,13,0.0
4935,13,453.02937862357
4936,13,422.78065162631
4937,13,435.69549239144
4938,13,0.0
4939,13,583.25224374349
4940,13,525.6753085449
4941,13,0.0
4942,13,0.0
4943,13,418.71592
4944,13,418.71592000001
4945,13,640.64568595416
4946,13,640.63543452559
4947,13,640.63543452559
4948,13,640.63543452559
4949,13,536.83967275126
4950,13,586.23617300385
4951,13,640.64568595416
4952,13,640.63543452559
4953,13,640.63543452559
4954,13,0.0
4955,13,397.87427606612
4956,13,384.90909045592
4957,13,598.47600030784
4958,13,0.0
4959,13,453.02937862357
4960,13,422.78065162631
4961,13,435.69549239144
4962,13,0.0
4963,13,583.25224374349
4964,13,525.6753085449
4965,13,0.0
4966,13,0.0
4967,13,418.71592
4968,13,418.71592000001
4969,13,640.64568595416
4970,13,640.63543452559
4971,13,640.63543452559
4972,13,640.63543452559
4973,13,536.83967275126
4974,13,586.23617300385
4975,13,640.64568595416
4976,13,640.63543452559
4977,13,640.63543452559
4978,13,0.0
4979,13,397.87427606612
4980,13,384.90909045592
4981,13,598.47600030784
4982,13,0.0
4983,13,453.02937862357
4984,13,422.78065162631
4985,13,435.69549239144
4986,13,0.0
4987,13,583.25224374349
4988,13,525.6753085449
4989,13,0.0
4990,13,0.0
4991,13,418.71592
4992,13,418.71592000001
4993,13,640.64568595416
4994,13,640.63543452559
4995,13,640.63543452559
4996,13,640.63543452559
4997,13,536.83967275126
4998,13,586.23617300385
4999,13,640.64568595416
5000,13,640.63543452559
5001,13,640.63543452559
5002,13,0.0
5003,13,397.87427606612
5004,13,384.90909045592
5005,13,598.47600030784
5006,13,0.0
5007,13,453.02937862357
5008,13,422.78065162631
5009,13,435.69549239144
5010,13,0.0
5011,13,583.25224374349
5012,13,525.6753085449
5013,13,0.0
5014,13,0.0
5015,13,418.71592
5016,13,418.71592000001
5017,13,640.64568595416
5018,13,640.63543452559
5019,13,640.63543452559
5020,13,640.63543452559
5021,13,536.83967275126
5022,13,586.23617300385
5023,13,640.64568595416
5024,13,640.63543452559
5025,13,640.63543452559
5026,13,0.0
5027,13,397.87427606612
5028,13,384.90909045592
5029,13,598.47600030784
5030,13,0.0
5031,13,453.02937862357
5032,13,422.78065162631
5033,13,435.69549239144
5034,13,0.0
5035,13,583.25224374349
5036,13,525.6753085449
5037,13,0.0
5038,13,0.0
5039,13,418.71592
5040,13,418.71592000001
5041,14,454.20032
5042,14,493.23316
5043,14,528.71756
5044,14,640.64568595416
5045,14,640.64568595416
5046,14,640.64568595416
5047,14,350.08193966525
5048,14,640.64568595416
5049,14,478.10909643696
5050,14,527.49551220303
5051,14,569.83883390918
5052,14,639.03258862083
5053,14,639.1127052875
5054,14,0.0
5055,14,567.27097640892
5056,14,0.0
5057,14,531.36942712586
5058,14,578.65988194704
5059,14,94.89571217806
5060,14,640.64568595416
5061,14,640.64568595416
5062,14,640.64568595416
5063,14,640.62511708799
5064,14,640.64568595416
5065,14,454.20032
5066,14,493.23316
5067,14,528.71756
5068,14,640.64568595416
5069,14,640.64568595416
5070,14,640.64568595416
5071,14,350.08193966525
5072,14,640.64568595416
5073,14,478.10909643696
5074,14,527.49551220303
5075,14,569.83883390918
5076,14,639.03258862083
5077,14,639.1127052875
5078,14,0.0
5079,14,567.27097640892
5080,14,0.0
5081,14,531.36942712586
5082,14,578.65988194704
5083,14,94.89571217806
5084,14,640.64568595416
5085,14,640.64568595416
5086,14,640.64568595416
5087,14,640.62511708799
5088,14,640.64568595416
5089,14,454.20032
5090,14,493.23316
5091,14,528.71756
5092,14,640.64568595416
5093,14,640.64568595416
5094,14,640.64568595416
5095,14,350.08193966525
5096,14,640.64568595416
5097,14,478.10909643696
5098,14,527.49551220303
5099,14,569.83883390918
5100,14,639.03258862083
5101,14,639.1127052875
5102,14,0.0
5103,14,567.27097640892
5104,14,0.0
5105,14,531.36942712586
5106,14,578.65988194704
5107,14,94.89571217806
5108,14,640.64568595416
5109,14,640.64568595416
5110,14,640.64568595416
5111,14,640.62511708799
5112,14,640.64568595416
5113,14,454.20032
5114,14,493.23316
5115,14,528.71756
5116,14,640.64568595416
5117,14,640.64568595416
5118,14,640.64568595416
5119,14,350.08193966525
5120,14,640.64568595416
5121,14,478.10909643696
5122,14,527.49551220303
5123,14,569.83883390918
5124,14,639.03258862083
5125,14,639.1127052875
5126,14,0.0
5127,14,567.27097640892
5128,14,0.0
5129,14,531.36942712586
5130,14,578.65988194704
5131,14,94.89571217806
5132,14,640.64568595416
5133,14,640.64568595416
5134,14,640.64568595416
5135,14,640.62511708799
5136,14,640.64568595416
5137,14,454.20032
5138,14,493.23316
5139,14,528.71756
5140,14,640.64568595416
5141,14,640.64568595416
5142,14,640.64568595416
5143,14,350.08193966525
5144,14,640.64568595416
5145,14,478.10909643696
5146,14,527.49551220303
5147,14,569.83883390918
5148,14,639.03258862083
5149,14,639.1127052875
5150,14,0.0
5151,14,567.27097640892
5152,14,0.0
5153,14,531.36942712586
5154,14,578.65988194704
5155,14,94.89571217806
5156,14,640.64568595416
5157,14,640.64568595416
5158,14,640.64568595416
5159,14,640.62511708799
5160,14,640.64568595416
5161,14,454.20032
5162,14,493.23316
5163,14,528.71756
5164,14,640.64568595416
5165,14,640.64568595416
5166,14,640.64568595416
5167,14,350.08193966525
5168,14,640.64568595416
5169,14,478.10909643696
5170,14,527.49551220303
5171,14,569.83883390918
5172,14,639.03258862083
5173,14,639.1127052875
5174,14,0.0
5175,14,567.27097640892
5176,14,0.0
5177,14,531.36942712586
5178,14,578.65988194704
5179,14,94.89571217806
5180,14,640.64568595416
5181,14,640.64568595416
5182,14,640.64568595416
5183,14,640.62511708799
5184,14,640.64568595416
5185,14,454.20032
5186,14,493.23316
5187,14,528.71756
5188,14,640.64568595416
5189,14,640.64568595416
5190,14,640.64568595416
5191,14,350.08193966525
5192,14,640.64568595416
5193,14,478.10909643696
5194,14,527.49551220303
5195,14,569.83883390918
5196,14,639.03258862083
5197,14,639.1127052875
5198,14,0.0
5199,14,567.27097640892
5200,14,0.0
5201,14,531.36942712586
5202,14,578.65988194704
5203,14,94.89571217806
5204,14,640.64568595416
5205,14,640.64568595416
5206,14,640.64568595416
5207,14,640.62511708799
5208,14,640.64568595416
5209,12,640.64568595416
5210,12,640.64568595416
5211,12,640.55531785893
5212,12,639.03258862083
5213,12,639.03258862083
5214,12,489.17941620363
5215,12,640.63492195416
5216,12,640.63492195416
5217,12,640.63492195416
5218,12,639.03258862083
5219,12,639.04979555406
5220,12,640.64568595416
5221,12,640.64568595416
5222,12,640.64568595416
5223,12,640.64568595416
5224,12,640.64568595416
5225,12,0.0
5226,12,640.55531785893
5227,12,640.63492195416
5228,12,640.6414063735
5229,12,640.64568595416
5230,12,640.64568595416
5231,12,640.64568595416
5232,12,640.64568595416
5233,12,640.64568595416
5234,12,640.64568595416
5235,12,640.64568595416
5236,12,640.55531785893
5237,12,639.03258862083
5238,12,639.03258862083
5239,12,489.17941620363
5240,12,640.63492195416
5241,12,640.63492195416
5242,12,640.63492195416
5243,12,639.03258862083
5244,12,639.04979555406
5245,12,640.64568595416
5246,12,640.64568595416
5247,12,640.64568595416
5248,12,640.64568595416
5249,12,640.64568595416
5250,12,0.0
5251,12,640.55531785893
5252,12,640.63492195416
5253,12,640.6414063735
5254,12,640.64568595416
5255,12,640.64568595416
5256,12,640.64568595416
5257,12,640.64568595416
5258,12,640.64568595416
5259,12,640.64568595416
5260,12,640.64568595416
5261,12,640.55531785893
5262,12,639.03258862083
5263,12,639.03258862083
5264,12,489.17941620363
5265,12,640.63492195416
5266,12,640.63492195416
5267,12,640.63492195416
5268,12,639.03258862083
5269,12,639.04979555406
5270,12,640.64568595416
5271,12,640.64568595416
5272,12,640.64568595416
5273,12,640.64568595416
5274,12,640.64568595416
5275,12,0.0
5276,12,640.55531785893
5277,12,640.63492195416
5278,12,640.6414063735
5279,12,640.64568595416
5280,12,640.64568595416
5281,12,640.64568595416
5282,12,640.64568595416
5283,12,640.64568595416
5284,12,640.64568595416
5285,12,640.64568595416
5286,12,640.55531785893
5287,12,639.03258862083
5288,12,639.03258862083
5289,12,489.17941620363
5290,12,640.63492195416
5291,12,640.63492195416
5292,12,640.63492195416
5293,12,639.03258862083
5294,12,639.04979555406
5295,12,640.64568595416
5296,12,640.64568595416
5297,12,640.64568595416
5298,12,640.64568595416
5299,12,640.64568595416
5300,12,0.0
5301,12,640.55531785893
5302,12,640.63492195416
5303,12,640.6414063735
5304,12,640.64568595416
5305,12,640.64568595416
5306,12,640.64568595416
5307,12,640.64568595416
5308,12,640.64568595416
5309,12,640.64568595416
5310,12,640.64568595416
5311,12,640.55531785893
5312,12,639.03258862083
5313,12,639.03258862083
5314,12,489.17941620363
5315,12,640.63492195416
5316,12,640.63492195416
5317,12,640.63492195416
5318,12,639.03258862083
5319,12,639.04979555406
5320,12,640.64568595416
5321,12,640.64568595416
5322,12,640.64568595416
5323,12,640.64568595416
5324,12,640.64568595416
5325,12,0.0
5326,12,640.55531785893
5327,12,640.63492195416
5328,12,640.6414063735
5329,12,640.64568595416
5330,12,640.64568595416
5331,12,640.64568595416
5332,12,640.64568595416
5333,12,640.64568595416
5334,12,640.64568595416
5335,12,640.64568595416
5336,12,640.55531785893
5337,12,639.03258862083
5338,12,639.03258862083
5339,12,489.17941620363
5340,12,640.63492195416
5341,12,640.63492195416
5342,12,640.63492195416
5343,12,639.03258862083
5344,12,639.04979555406
5345,12,640.64568595416
5346,12,640.64568595416
5347,12,640.64568595416
5348,12,640.64568595416
5349,12,640.64568595416
5350,12,0.0
5351,12,640.55531785893
5352,12,640.63492195416
5353,12,640.6414063735
5354,12,640.64568595416
5355,12,640.64568595416
5356,12,640.64568595416
5357,12,640.64568595416
5358,12,640.64568595416
5359,12,640.64568595416
5360,12,640.64568595416
5361,12,640.55531785893
5362,12,639.03258862083
5363,12,639.03258862083
5364,12,489.17941620363
5365,12,640.63492195416
5366,12,640.63492195416
5367,12,640.63492195416
5368,12,639.03258862083
5369,12,639.04979555406
5370,12,640.64568595416
5371,12,640.64568595416
5372,12,640.64568595416
5373,12,640.64568595416
5374,12,640.64568595416
5375,12,0.0
5376,12,640.55531785893
5377,13,640.64568595416
5378,13,640.63543452559
5379,13,640.63543452559
5380,13,640.63543452559
5381,13,536.83967275126
5382,13,586.23617300385
5383,13,640.64568595416
5384,13,640.63543452559
5385,13,640.63543452559
5386,13,0.0
5387,13,397.87427606612
5388,13,384.90909045592
5389,13,598.47600030784
5390,13,0.0
5391,13,453.02937862357
5392,13,422.78065162631
5393,13,435.69549239144
5394,13,0.0
5395,13,583.25224374349
5396,13,525.6753085449
5397,13,0.0
5398,13,0.0
5399,13,418.71592
5400,13,418.71592000001
5401,13,640.64568595416
5402,13,640.63543452559
5403,13,640.63543452559
5404,13,640.63543452559
5405,13,536.83967275126
5406,13,586.23617300385
5407,13,640.64568595416
5408,13,640.63543452559
5409,13,640.63543452559
5410,13,0.0
5411,13,397.87427606612
5412,13,384.90909045592
5413,13,598.47600030784
5414,13,0.0
5415,13,453.02937862357
5416,13,422.78065162631
5417,13,435.69549239144
5418,13,0.0
5419,13,583.25224374349
5420,13,525.6753085449
5421,13,0.0
5422,13,0.0
5423,13,418.71592
5424,13,418.71592000001
5425,13,640.64568595416
5426,13,640.63543452559
5427,13,640.63543452559
5428,13,640.63543452559
5429,13,536.83967275126
5430,13,586.23617300385
5431,13,640.64568595416
5432,13,640.63543452559
5433,13,640.63543452559
5434,13,0.0
5435,13,397.87427606612
5436,13,384.90909045592
5437,13,598.47600030784
5438,13,0.0
5439,13,453.02937862357
5440,13,422.78065162631
5441,13,435.69549239144
5442,13,0.0
5443,13,583.25224374349
5444,13,525.6753085449
5445,13,0.0
5446,13,0.0
5447,13,418.71592
5448,13,418.71592000001
5449,13,640.64568595416
5450,13,640.63543452559
5451,13,640.63543452559
5452,13,640.63543452559
5453,13,536.83967275126
5454,13,586.23617300385
5455,13,640.64568595416
5456,13,640.63543452559
5457,13,640.63543452559
5458,13,0.0
5459,13,397.87427606612
5460,13,384.90909045592
5461,13,598.47600030784
5462,13,0.0
5463,13,453.02937862357
5464,13,422.78065162631
5465,13,435.69549239144
5466,13,0.0
5467,13,583.25224374349
5468,13,525.6753085449
5469,13,0.0
5470,13,0.0
5471,13,418.71592
5472,13,418.71592000001
5473,13,640.64568595416
5474,13,640.63543452559
5475,13,640.63543452559
5476,13,640.63543452559
5477,13,536.83967275126
5478,13,586.23617300385
5479,13,640.64568595416
5480,13,640.63543452559
5481,13,640.63543452559
5482,13,0.0
5483,13,397.87427606612
5484,13,384.90909045592
5485,13,598.47600030784
5486,13,0.0
5487,13,453.02937862357
5488,13,422.78065162631
5489,13,435.69549239144
5490,13,0.0
5491,13,583.25224374349
5492,13,525.6753085449
5493,13,0.0
5494,13,0.0
5495,13,418.71592
5496,13,418.71592000001
5497,13,640.64568595416
5498,13,640.63543452559
5499,13,640.63543452559
5500,13,640.63543452559
5501,13,536.83967275126
5502,13,586.23617300385
5503,13,640.64568595416
5504,13,640.63543452559
5505,13,640.63543452559
5506,13,0.0
5507,13,397.87427606612
5508,13,384.90909045592
5509,13,598.47600030784
5510,13,0.0
5511,13,453.02937862357
5512,13,422.78065162631
5513,13,435.69549239144
5514,13,0.0
5515,13,583.25224374349
5516,13,525.6753085449
5517,13,0.0
5518,13,0.0
5519,13,418.71592
5520,13,418.71592000001
5521,13,640.64568595416
5522,13,640.63543452559
5523,13,640.63543452559
5524,13,640.63543452559
5525,13,536.83967275126
5526,13,586.23617300385
5527,13,640.64568595416
5528,13,640.63543452559
5529,13,640.63543452559
5530,13,0.0
5531,13,397.87427606612
5532,13,384.90909045592
5533,13,598.47600030784
5534,13,0.0
5535,13,453.02937862357
5536,13,422.78065162631
5537,13,435.69549239144
5538,13,0.0
5539,13,583.25224374349
5540,13,525.6753085449
5541,13,0.0
5542,13,0.0
5543,13,418.71592
5544,13,418.71592000001
5545,12,640.64568595416
5546,12,640.64568595416
5547,12,640.64568595416
5548,12,640.64568595416
5549,12,640.64568595416
5550,12,0.0
5551,12,640.55531785893
5552,12,640.63492195416
5553,12,640.6414063735
5554,12,640.64568595416
5555,12,640.64568595416
5556,12,640.64568595416
5557,12,640.64568595416
5558,12,640.64568595416
5559,12,640.64568595416
5560,12,640.64568595416
5561,12,640.55531785893
5562,12,639.03258862083
5563,12,639.03258862083
5564,12,489.17941620363
5565,12,640.63492195416
5566,12,640.63492195416
5567,12,640.63492195416
5568,12,639.03258862083
5569,12,639.04979555406
5570,12,640.64568595416
5571,12,640.64568595416
5572,12,640.64568595416
5573,12,640.64568595416
5574,12,640.64568595416
5575,12,0.0
5576,12,640.55531785893
5577,12,640.63492195416
5578,12,640.6414063735
5579,12,640.64568595416
5580,12,640.64568595416
5581,12,640.64568595416
5582,12,640.64568595416
5583,12,640.64568595416
5584,12,640.64568595416
5585,12,640.64568595416
5586,12,640.55531785893
5587,12,639.03258862083
5588,12,639.03258862083
5589,12,489.17941620363
5590,12,640.63492195416
5591,12,640.63492195416
5592,12,640.63492195416
5593,12,639.03258862083
5594,12,639.04979555406
5595,12,640.64568595416
5596,12,640.64568595416
5597,12,640.64568595416
5598,12,640.64568595416
5599,12,640.64568595416
5600,12,0.0
5601,12,640.55531785893
5602,12,640.63492195416
5603,12,640.6414063735
5604,12,640.64568595416
5605,12,640.64568595416
5606,12,640.64568595416
5607,12,640.64568595416
5608,12,640.64568595416
5609,12,640.64568595416
5610,12,640.64568595416
5611,12,640.55531785893
5612,12,639.03258862083
5613,12,639.03258862083
5614,12,489.17941620363
5615,12,640.63492195416
5616,12,640.63492195416
5617,12,640.63492195416
5618,12,639.03258862083
5619,12,639.04979555406
5620,12,640.64568595416
5621,12,640.64568595416
5622,12,640.64568595416
5623,12,640.64568595416
5624,12,640.64568595416
5625,12,0.0
5626,12,640.55531785893
5627,12,640.63492195416
5628,12,640.6414063735
5629,12,640.64568595416
5630,12,640.64568595416
5631,12,640.64568595416
5632,12,640.64568595416
5633,12,640.64568595416
5634,12,640.64568595416
5635,12,640.64568595416
5636,12,640.55531785893
5637,12,639.03258862083
5638,12,639.03258862083
5639,12,489.17941620363
5640,12,640.63492195416
5641,12,640.63492195416
5642,12,640.63492195416
5643,12,639.03258862083
5644,12,639.04979555406
5645,12,640.64568595416
5646,12,640.64568595416
5647,12,640.64568595416
5648,12,640.64568595416
5649,12,640.64568595416
5650,12,0.0
5651,12,640.55531785893
5652,12,640.63492195416
5653,12,640.6414063735
5654,12,640.64568595416
5655,12,640.64568595416
5656,12,640.64568595416
5657,12,640.64568595416
5658,12,640.64568595416
5659,12,640.64568595416
5660,12,640.64568595416
5661,12,640.55531785893
5662,12,639.03258862083
5663,12,639.03258862083
5664,12,489.17941620363
5665,12,640.63492195416
5666,12,640.63492195416
5667,12,640.63492195416
5668,12,639.03258862083
5669,12,639.04979555406
5670,12,640.64568595416
5671,12,640.64568595416
5672,12,640.64568595416
5673,12,640.64568595416
5674,12,640.64568595416
5675,12,0.0
5676,12,640.55531785893
5677,12,640.63492195416
5678,12,640.6414063735
5679,12,640.64568595416
5680,12,640.64568595416
5681,12,640.64568595416
5682,12,640.64568595416
5683,12,640.64568595416
5684,12,640.64568595416
5685,12,640.64568595416
5686,12,640.55531785893
5687,12,639.03258862083
5688,12,639.03258862083
5689,12,489.17941620363
5690,12,640.63492195416
5691,12,640.63492195416
5692,12,640.63492195416
5693,12,639.03258862083
5694,12,639.04979555406
5695,12,640.64568595416
5696,12,640.64568595416
5697,12,640.64568595416
5698,12,640.64568595416
5699,12,640.64568595416
5700,12,0.0
5701,12,640.55531785893
5702,12,640.63492195416
5703,12,640.6414063735
5704,12,640.64568595416
5705,12,640.64568595416
5706,12,640.64568595416
5707,12,640.64568595416
5708,12,640.64568595416
5709,12,640.64568595416
5710,12,640.64568595416
5711,12,640.55531785893
5712,12,639.03258862083
5713,12,639.03258862083
5714,12,489.17941620363
5715,12,640.63492195416
5716,12,640.63492195416
5717,12,640.63492195416
5718,12,639.03258862083
5719,12,639.04979555406
5720,12,640.64568595416
5721,12,640.64568595416
5722,12,640.64568595416
5723,12,640.64568595416
5724,12,640.64568595416
5725,12,0.0
5726,12,640.55531785893
5727,12,640.63492195416
5728,12,640.6414063735
5729,12,640.64568595416
5730,12,640.64568595416
5731,12,640.64568595416
5732,12,640.64568595416
5733,12,640.64568595416
5734,12,640.64568595416
5735,12,640.64568595416
5736,12,640.55531785893
5737,12,639.03258862083
5738,12,639.03258862083
5739,12,489.17941620363
5740,12,640.63492195416
5741,12,640.63492195416
5742,12,640.63492195416
5743,12,639.03258862083
5744,12,639.04979555406
5745,12,640.64568595416
5746,12,640.64568595416
5747,12,640.64568595416
5748,12,640.64568595416
5749,12,640.64568595416
5750,12,0.0
5751,12,640.55531785893
5752,12,640.63492195416
5753,12,640.6414063735
5754,12,640.64568595416
5755,12,640.64568595416
5756,12,640.64568595416
5757,12,640.64568595416
5758,12,640.64568595416
5759,12,640.64568595416
5760,12,640.64568595416
5761,12,640.55531785893
5762,12,639.03258862083
5763,12,639.03258862083
5764,12,489.17941620363
5765,12,640.63492195416
5766,12,640.63492195416
5767,12,640.63492195416
5768,12,639.03258862083
5769,12,639.04979555406
5770,12,640.64568595416
5771,12,640.64568595416
5772,12,640.64568595416
5773,12,640.64568595416
5774,12,640.64568595416
5775,12,0.0
5776,12,640.55531785893
5777,12,640.63492195416
5778,12,640.6414063735
5779,12,640.64568595416
5780,12,640.64568595416
5781,12,640.64568595416
5782,12,640.64568595416
5783,12,640.64568595416
5784,12,640.64568595416
5785,12,640.64568595416
5786,12,640.55531785893
5787,12,639.03258862083
5788,12,639.03258862083
5789,12,489.17941620363
5790,12,640.63492195416
5791,12,640.63492195416
5792,12,640.63492195416
5793,12,639.03258862083
5794,12,639.04979555406
5795,12,640.64568595416
5796,12,640.64568595416
5797,12,640.64568595416
5798,12,640.64568595416
5799,12,640.64568595416
5800,12,0.0
5801,12,640.55531785893
5802,12,640.63492195416
5803,12,640.6414063735
5804,12,640.64568595416
5805,12,640.64568595416
5806,12,640.64568595416
5807,12,640.64568595416
5808,12,640.64568595416
5809,12,640.64568595416
5810,12,640.64568595416
5811,12,640.55531785893
5812,12,639.03258862083
5813,12,639.03258862083
5814,12,489.17941620363
5815,12,640.63492195416
5816,12,640.63492195416
5817,12,640.63492195416
5818,12,639.03258862083
5819,12,639.04979555406
5820,12,640.64568595416
5821,12,640.64568595416
5822,12,640.64568595416
5823,12,640.64568595416
5824,12,640.64568595416
5825,12,0.0
5826,12,640.55531785893
5827,12,640.63492195416
5828,12,640.6414063735
5829,12,640.64568595416
5830,12,640.64568595416
5831,12,640.64568595416
5832,12,640.64568595416
5833,12,640.64568595416
5834,12,640.64568595416
5835,12,640.64568595416
5836,12,640.55531785893
5837,12,639.03258862083
5838,12,639.03258862083
5839,12,489.17941620363
5840,12,640.63492195416
5841,12,640.63492195416
5842,12,640.63492195416
5843,12,639.03258862083
5844,12,639.04979555406
5845,12,640.64568595416
5846,12,640.64568595416
5847,12,640.64568595416
5848,12,640.64568595416
5849,12,640.64568595416
5850,12,0.0
5851,12,640.55531785893
5852,12,640.63492195416
5853,12,640.6414063735
5854,12,640.64568595416
5855,12,640.64568595416
5856,12,640.64568595416
5857,12,640.64568595416
5858,12,640.64568595416
5859,12,640.64568595416
5860,12,640.64568595416
5861,12,640.55531785893
5862,12,639.03258862083
5863,12,639.03258862083
5864,12,489.17941620363
5865,12,640.63492195416
5866,12,640.63492195416
5867,12,640.63492195416
5868,12,639.03258862083
5869,12,639.04979555406
5870,12,640.64568595416
5871,12,640.64568595416
5872,12,640.64568595416
5873,12,640.64568595416
5874,12,640.64568595416
5875,12,0.0
5876,12,640.55531785893
5877,12,640.63492195416
5878,12,640.6414063735
5879,12,640.64568595416
5880,12,640.64568595416
5881,14,454.20032
5882,14,493.23316
5883,14,528.71756
5884,14,640.64568595416
5885,14,640.64568595416
5886,14,640.64568595416
5887,14,350.08193966525
5888,14,640.64568595416
5889,14,478.10909643696
5890,14,527.49551220303
5891,14,569.83883390918
5892,14,639.03258862083
5893,14,639.1127052875
5894,14,0.0
5895,14,567.27097640892
5896,14,0.0
5897,14,531.36942712586
5898,14,578.65988194704
5899,14,94.89571217806
5900,14,640.64568595416
5901,14,640.64568595416
5902,14,640.64568595416
5903,14,640.62511708799
5904,14,640.64568595416
5905,14,454.20032
5906,14,493.23316
5907,14,528.71756
5908,14,640.64568595416
5909,14,640.64568595416
5910,14,640.64568595416
5911,14,350.08193966525
5912,14,640.64568595416
5913,14,478.10909643696
5914,14,527.49551220303
5915,14,569.83883390918
5916,14,639.03258862083
5917,14,639.1127052875
5918,14,0.0
5919,14,567.27097640892
5920,14,0.0
5921,14,531.36942712586
5922,14,578.65988194704
5923,14,94.89571217806
5924,14,640.64568595416
5925,14,640.64568595416
5926,14,640.64568595416
5927,14,640.62511708799
5928,14,640.64568595416
5929,14,454.20032
5930,14,493.23316
5931,14,528.71756
5932,14,640.64568595416
5933,14,640.64568595416
5934,14,640.64568595416
5935,14,350.08193966525
5936,14,640.64568595416
5937,14,478.10909643696
5938,14,527.49551220303
5939,14,569.83883390918
5940,14,639.03258862083
5941,14,639.1127052875
5942,14,0.0
5943,14,567.27097640892
5944,14,0.0
5945,14,531.36942712586
5946,14,578.65988194704
5947,14,94.89571217806
5948,14,640.64568595416
5949,14,640.64568595416
5950,14,640.64568595416
5951,14,640.62511708799
5952,14,640.64568595416
5953,14,454.20032
5954,14,493.23316
5955,14,528.71756
5956,14,640.64568595416
5957,14,640.64568595416
5958,14,640.64568595416
5959,14,350.08193966525
5960,14,640.64568595416
5961,14,478.10909643696
5962,14,527.49551220303
5963,14,569.83883390918
5964,14,639.03258862083
5965,14,639.1127052875
5966,14,0.0
5967,14,567.27097640892
5968,14,0.0
5969,14,531.36942712586
5970,14,578.65988194704
5971,14,94.89571217806
5972,14,640.64568595416
5973,14,640.64568595416
5974,14,640.64568595416
5975,14,640.62511708799
5976,14,640.64568595416
5977,14,454.20032
5978,14,493.23316
5979,14,528.71756
5980,14,640.64568595416
5981,14,640.64568595416
5982,14,640.64568595416
5983,14,350.08193966525
5984,14,640.64568595416
5985,14,478.10909643696
5986,14,527.49551220303
5987,14,569.83883390918
5988,14,639.03258862083
5989,14,639.1127052875
5990,14,0.0
5991,14,567.27097640892
5992,14,0.0
5993,14,531.36942712586
5994,14,578.65988194704
5995,14,94.89571217806
5996,14,640.64568595416
5997,14,640.64568595416
5998,14,640.64568595416
5999,14,640.62511708799
6000,14,640.64568595416
6001,14,454.20032
6002,14,493.23316
6003,14,528.71756
6004,14,640.64568595416
6005,14,640.64568595416
6006,14,640.64568595416
6007,14,350.08193966525
6008,14,640.64568595416
6009,14,478.10909643696
6010,14,527.49551220303
6011,14,569.83883390918
6012,14,639.03258862083
6013,14,639.1127052875
6014,14,0.0
6015,14,567.27097640892
6016,14,0.0
6017,14,531.36942712586
6018,14,578.65988194704
6019,14,94.89571217806
6020,14,640.64568595416
6021,14,640.64568595416
6022,14,640.64568595416
6023,14,640.62511708799
6024,14,640.64568595416
6025,14,454.20032
6026,14,493.23316
6027,14,528.71756
6028,14,640.64568595416
6029,14,640.64568595416
6030,14,640.64568595416
6031,14,350.08193966525
6032,14,640.64568595416
6033,14,478.10909643696
6034,14,527.49551220303
6035,14,569.83883390918
6036,14,639.03258862083
6037,14,639.1127052875
6038,14,0.0
6039,14,567.27097640892
6040,14,0.0
6041,14,531.36942712586
6042,14,578.65988194704
6043,14,94.89571217806
6044,14,640.64568595416
6045,14,640.64568595416
6046,14,640.64568595416
6047,14,640.62511708799
6048,14,640.64568595416
6049,15,640.63543452559
6050,15,608.70511145216
6051,15,640.55531785893
6052,15,640.6414063735
6053,15,640.64568595416
6054,15,570.93968150206
6055,15,640.64568595416
6056,15,640.64568595416
6057,15,640.64568595416
6058,15,359.7581856665
6059,15,518.74447852449
6060,15,474.00224308944
6061,15,639.02278375465
6062,15,617.59400601846
6063,15,0.0
6064,15,185.38643143458
6065,15,606.1679678115
6066,15,638.24385442037
6067,15,362.12206704324
6068,15,0.0
6069,15,443.20551789564
6070,15,640.63492195416
6071,15,286.18580758505
6072,15,640.63492195416
6073,15,640.63543452559
6074,15,608.70511145216
6075,15,640.55531785893
6076,15,640.6414063735
6077,15,640.64568595416
6078,15,570.93968150206
6079,15,640.64568595416
6080,15,640.64568595416
6081,15,640.64568595416
6082,15,359.7581856665
6083,15,518.74447852449
6084,15,474.00224308944
6085,15,639.02278375465
6086,15,617.59400601846
6087,15,0.0
6088,15,185.38643143458
6089,15,606.1679678115
6090,15,638.24385442037
6091,15,362.12206704324
6092,15,0.0
6093,15,443.20551789564
6094,15,640.63492195416
6095,15,286.18580758505
6096,15,640.63492195416
6097,15,640.63543452559
6098,15,608.70511145216
6099,15,640.55531785893
6100,15,640.6414063735
6101,15,640.64568595416
6102,15,570.93968150206
6103,15,640.64568595416
6104,15,640.64568595416
6105,15,640.64568595416
6106,15,359.7581856665
6107,15,518.74447852449
6108,15,474.00224308944
6109,15,639.02278375465
6110,15,617.59400601846
6111,15,0.0
6112,15,185.38643143458
6113,15,606.1679678115
6114,15,638.24385442037
6115,15,362.12206704324
6116,15,0.0
6117,15,443.20551789564
6118,15,640.63492195416
6119,15,286.18580758505
6120,15,640.63492195416
6121,15,640.63543452559
6122,15,608.70511145216
6123,15,640.55531785893
6124,15,640.6414063735
6125,15,640.64568595416
6126,15,570.93968150206
6127,15,640.64568595416
6128,15,640.64568595416
6129,15,640.64568595416
6130,15,359.7581856665
6131,15,518.74447852449
6132,15,474.00224308944
6133,15,639.02278375465
6134,15,617.59400601846
6135,15,0.0
6136,15,185.38643143458
6137,15,606.1679678115
6138,15,638.24385442037
6139,15,362.12206704324
6140,15,0.0
6141,15,443.20551789564
6142,15,640.63492195416
6143,15,286.18580758505
6144,15,640.63492195416
6145,15,640.63543452559
6146,15,608.70511145216
6147,15,640.55531785893
6148,15,640.6414063735
6149,15,640.64568595416
6150,15,570.93968150206
6151,15,640.64568595416
6152,15,640.64568595416
6153,15,640.64568595416
6154,15,359.7581856665
6155,15,518.74447852449
6156,15,474.00224308944
6157,15,639.02278375465
6158,15,617.59400601846
6159,15,0.0
6160,15,185.38643143458
6161,15,606.1679678115
6162,15,638.24385442037
6163,15,362.12206704324
6164,15,0.0
6165,15,443.20551789564
6166,15,640.63492195416
6167,15,286.18580758505
6168,15,640.63492195416
6169,15,640.63543452559
6170,15,608.70511145216
6171,15,640.55531785893
6172,15,640.6414063735
6173,15,640.64568595416
6174,15,570.93968150206
6175,15,640.64568595416
6176,15,640.64568595416
6177,15,640.64568595416
6178,15,359.7581856665
6179,15,518.74447852449
6180,15,474.00224308944
6181,15,639.02278375465
6182,15,617.59400601846
6183,15,0.0
6184,15,185.38643143458
6185,15,606.1679678115
6186,15,638.24385442037
6187,15,362.12206704324
6188,15,0.0
6189,15,443.20551789564
6190,15,640.63492195416
6191,15,286.18580758505
6192,15,640.63492195416
6193,15,640.63543452559
6194,15,608.70511145216
6195,15,640.55531785893
6196,15,640.6414063735
6197,15,640.64568595416
6198,15,570.93968150206
6199,15,640.64568595416
6200,15,640.64568595416
6201,15,640.64568595416
6202,15,359.7581856665
6203,15,518.74447852449
6204,15,474.00224308944
6205,15,639.02278375465
6206,15,617.59400601846
6207,15,0.0
6208,15,185.38643143458
6209,15,606.1679678115
6210,15,638.24385442037
6211,15,362.12206704324
6212,15,0.0
6213,15,443.20551789564
6214,15,640.63492195416
6215,15,286.18580758505
6216,15,640.63492195416
6217,15,640.63543452559
6218,15,608.70511145216
6219,15,640.55531785893
6220,15,640.6414063735
6221,15,640.64568595416
6222,15,570.93968150206
6223,15,640.64568595416
6224,15,640.64568595416
6225,15,640.64568595416
6226,15,359.7581856665
6227,15,518.74447852449
6228,15,474.00224308944
6229,15,639.02278375465
6230,15,617.59400601846
6231,15,0.0
6232,15,185.38643143458
6233,15,606.1679678115
6234,15,638.24385442037
6235,15,362.12206704324
6236,15,0.0
6237,15,443.20551789564
6238,15,640.63492195416
6239,15,286.18580758505
6240,15,640.63492195416
6241,15,640.63543452559
6242,15,608.70511145216
6243,15,640.55531785893
6244,15,640.6414063735
6245,15,640.64568595416
6246,15,570.93968150206
6247,15,640.64568595416
6248,15,640.64568595416
6249,15,640.64568595416
6250,15,359.7581856665
6251,15,518.74447852449
6252,15,474.00224308944
6253,15,639.02278375465
6254,15,617.59400601846
6255,15,0.0
6256,15,185.38643143458
6257,15,606.1679678115
6258,15,638.24385442037
6259,15,362.12206704324
6260,15,0.0
6261,15,443.20551789564
6262,15,640.63492195416
6263,15,286.18580758505
6264,15,640.63492195416
6265,15,640.63543452559
6266,15,608.70511145216
6267,15,640.55531785893
6268,15,640.6414063735
6269,15,640.64568595416
6270,15,570.93968150206
6271,15,640.64568595416
6272,15,640.64568595416
6273,15,640.64568595416
6274,15,359.7581856665
6275,15,518.74447852449
6276,15,474.00224308944
6277,15,639.02278375465
6278,15,617.59400601846
6279,15,0.0
6280,15,185.38643143458
6281,15,606.1679678115
6282,15,638.24385442037
6283,15,362.12206704324
6284,15,0.0
6285,15,443.20551789564
6286,15,640.63492195416
6287,15,286.18580758505
6288,15,640.63492195416
6289,15,640.63543452559
6290,15,608.70511145216
6291,15,640.55531785893
6292,15,640.6414063735
6293,15,640.64568595416
6294,15,570.93968150206
6295,15,640.64568595416
6296,15,640.64568595416
6297,15,640.64568595416
6298,15,359.7581856665
6299,15,518.74447852449
6300,15,474.00224308944
6301,15,639.02278375465
6302,15,617.59400601846
6303,15,0.0
6304,15,185.38643143458
6305,15,606.1679678115
6306,15,638.24385442037
6307,15,362.12206704324
6308,15,0.0
6309,15,443.20551789564
6310,15,640.63492195416
6311,15,286.18580758505
6312,15,640.63492195416
6313,15,640.63543452559
6314,15,608.70511145216
6315,15,640.55531785893
6316,15,640.6414063735
6317,15,640.64568595416
6318,15,570.93968150206
6319,15,640.64568595416
6320,15,640.64568595416
6321,15,640.64568595416
6322,15,359.7581856665
6323,15,518.74447852449
6324,15,474.00224308944
6325,15,639.02278375465
6326,15,617.59400601846
6327,15,0.0
6328,15,185.38643143458
6329,15,606.1679678115
6330,15,638.24385442037
6331,15,362.12206704324
6332,15,0.0
6333,15,443.20551789564
6334,15,640.63492195416
6335,15,286.18580758505
6336,15,640.63492195416
6337,15,640.63543452559
6338,15,608.70511145216
6339,15,640.55531785893
6340,15,640.6414063735
6341,15,640.64568595416
6342,15,570.93968150206
6343,15,640.64568595416
6344,15,640.64568595416
6345,15,640.64568595416
6346,15,359.7581856665
6347,15,518.74447852449
6348,15,474.00224308944
6349,15,639.02278375465
6350,15,617.59400601846
6351,15,0.0
6352,15,185.38643143458
6353,15,606.1679678115
6354,15,638.24385442037
6355,15,362.12206704324
6356,15,0.0
6357,15,443.20551789564
6358,15,640.63492195416
6359,15,286.18580758505
6360,15,640.63492195416
6361,15,640.63543452559
6362,15,608.70511145216
6363,15,640.55531785893
6364,15,640.6414063735
6365,15,640.64568595416
6366,15,570.93968150206
6367,15,640.64568595416
6368,15,640.64568595416
6369,15,640.64568595416
6370,15,359.7581856665
6371,15,518.74447852449
6372,15,474.00224308944
6373,15,639.02278375465
6374,15,617.59400601846
6375,15,0.0
6376,15,185.38643143458
6377,15,606.1679678115
6378,15,638.24385442037
6379,15,362.12206704324
6380,15,0.0
6381,15,443.20551789564
6382,15,640.63492195416
6383,15,286.18580758505
6384,15,640.63492195416
6385,11,152.13746792473
6386,11,333.33380278704
6387,11,307.80857077968
6388,11,353.74166987772
6389,11,542.19078803151
6390,11,0.0
6391,11,423.20674634112
6392,11,584.03874031213
6393,11,0.0
6394,11,628.37702035956
6395,11,640.64568595416
6396,11,640.64568595416
6397,11,0.0
6398,11,303.83453529559
6399,11,640.64568595416
6400,11,288.843016
6401,11,640.63492195416
6402,11,640.63492195416
6403,11,0.0
6404,11,482.58784
6405,11,580.2794109203
6406,11,640.64568595416
6407,11,640.64568595416
6408,11,0.0
6409,11,640.64568595416
6410,11,152.13746792473
6411,11,333.33380278704
6412,11,307.80857077968
6413,11,353.74166987772
6414,11,542.19078803151
6415,11,0.0
6416,11,423.20674634112
6417,11,584.03874031213
6418,11,0.0
6419,11,628.37702035956
6420,11,640.64568595416
6421,11,640.64568595416
6422,11,0.0
6423,11,303.83453529559
6424,11,640.64568595416
6425,11,288.843016
6426,11,640.63492195416
6427,11,640.63492195416
6428,11,0.0
6429,11,482.58784
6430,11,580.2794109203
6431,11,640.64568595416
6432,11,640.64568595416
6433,11,0.0
6434,11,640.64568595416
6435,11,152.13746792473
6436,11,333.33380278704
6437,11,307.80857077968
6438,11,353.74166987772
6439,11,542.19078803151
6440,11,0.0
6441,11,423.20674634112
6442,11,584.03874031213
6443,11,0.0
6444,11,628.37702035956
6445,11,640.64568595416
6446,11,640.64568595416
6447,11,0.0
6448,11,303.83453529559
6449,11,640.64568595416
6450,11,288.843016
6451,11,640.63492195416
6452,11,640.63492195416
6453,11,0.0
6454,11,482.58784
6455,11,580.2794109203
6456,11,640.64568595416
6457,11,640.64568595416
6458,11,0.0
6459,11,640.64568595416
6460,11,152.13746792473
6461,11,333.33380278704
6462,11,307.80857077968
6463,11,353.74166987772
6464,11,542.19078803151
6465,11,0.0
6466,11,423.20674634112
6467,11,584.03874031213
6468,11,0.0
6469,11,628.37702035956
6470,11,640.64568595416
6471,11,640.64568595416
6472,11,0.0
6473,11,303.83453529559
6474,11,640.64568595416
6475,11,288.843016
6476,11,640.63492195416
6477,11,640.63492195416
6478,11,0.0
6479,11,482.58784
6480,11,580.2794109203
6481,11,640.64568595416
6482,11,640.64568595416
6483,11,0.0
6484,11,640.64568595416
6485,11,152.13746792473
6486,11,333.33380278704
6487,11,307.80857077968
6488,11,353.74166987772
6489,11,542.19078803151
6490,11,0.0
6491,11,423.20674634112
6492,11,584.03874031213
6493,11,0.0
6494,11,628.37702035956
6495,11,640.64568595416
6496,11,640.64568595416
6497,11,0.0
6498,11,303.83453529559
6499,11,640.64568595416
6500,11,288.843016
6501,11,640.63492195416
6502,11,640.63492195416
6503,11,0.0
6504,11,482.58784
6505,11,580.2794109203
6506,11,640.64568595416
6507,11,640.64568595416
6508,11,0.0
6509,11,640.64568595416
6510,11,152.13746792473
6511,11,333.33380278704
6512,11,307.80857077968
6513,11,353.74166987772
6514,11,542.19078803151
6515,11,0.0
6516,11,423.20674634112
6517,11,584.03874031213
6518,11,0.0
6519,11,628.37702035956
6520,11,640.64568595416
6521,11,640.64568595416
6522,11,0.0
6523,11,303.83453529559
6524,11,640.64568595416
6525,11,288.843016
6526,11,640.63492195416
6527,11,640.63492195416
6528,11,0.0
6529,11,482.58784
6530,11,580.2794109203
6531,11,640.64568595416
6532,11,640.64568595416
6533,11,0.0
6534,11,640.64568595416
6535,11,152.13746792473
6536,11,333.33380278704
6537,11,307.80857077968
6538,11,353.74166987772
6539,11,542.19078803151
6540,11,0.0
6541,11,423.20674634112
6542,11,584.03874031213
6543,11,0.0
6544,11,628.37702035956
6545,11,640.64568595416
6546,11,640.64568595416
6547,11,0.0
6548,11,303.83453529559
6549,11,640.64568595416
6550,11,288.843016
6551,11,640.63492195416
6552,11,640.63492195416
6553,10,43.07369414099
6554,10,547.701724
6555,10,74.21536134031
6556,10,579.637684
6557,10,593.831444
6558,10,0.0
6559,10,581.37092642037
6560,10,0.0
6561,10,313.65981270686
6562,10,335.68418646733
6563,10,388.17497015152
6564,10,583.61531495029
6565,10,569.35950574947
6566,10,0.0
6567,10,534.93986853241
6568,10,532.10970221529
6569,10,0.0
6570,10,454.17855466231
6571,10,0.0
6572,10,640.63492195416
6573,10,640.63492195416
6574,10,522.44582688316
6575,10,0.0
6576,10,613.07255691459
6577,10,43.07369414099
6578,10,547.701724
6579,10,74.21536134031
6580,10,579.637684
6581,10,593.831444
6582,10,0.0
6583,10,581.37092642037
6584,10,0.0
6585,10,313.65981270686
6586,10,335.68418646733
6587,10,388.17497015152
6588,10,583.61531495029
6589,10,569.35950574947
6590,10,0.0
6591,10,534.93986853241
6592,10,532.10970221529
6593,10,0.0
6594,10,454.17855466231
6595,10,0.0
6596,10,640.63492195416
6597,10,640.63492195416
6598,10,522.44582688316
6599,10,0.0
6600,10,613.07255691459
6601,10,43.07369414099
6602,10,547.701724
6603,10,74.21536134031
6604,10,579.637684
6605,10,593.831444
6606,10,0.0
6607,10,581.37092642037
6608,10,0.0
6609,10,313.65981270686
6610,10,335.68418646733
6611,10,388.17497015152
6612,10,583.61531495029
6613,10,569.35950574947
6614,10,0.0
6615,10,534.93986853241
6616,10,532.10970221529
6617,10,0.0
6618,10,454.17855466231
6619,10,0.0
6620,10,640.63492195416
6621,10,640.63492195416
6622,10,522.44582688316
6623,10,0.0
6624,10,613.07255691459
6625,10,43.07369414099
6626,10,547.701724
6627,10,74.21536134031
6628,10,579.637684
6629,10,593.831444
6630,10,0.0
6631,10,581.37092642037
6632,10,0.0
6633,10,313.65981270686
6634,10,335.68418646733
6635,10,388.17497015152
6636,10,583.61531495029
6637,10,569.35950574947
6638,10,0.0
6639,10,534.93986853241
6640,10,532.10970221529
6641,10,0.0
6642,10,454.17855466231
6643,10,0.0
6644,10,640.63492195416
6645,10,640.63492195416
6646,10,522.44582688316
6647,10,0.0
6648,10,613.07255691459
6649,10,43.07369414099
6650,10,547.701724
6651,10,74.21536134031
6652,10,579.637684
6653,10,593.831444
6654,10,0.0
6655,10,581.37092642037
6656,10,0.0
6657,10,313.65981270686
6658,10,335.68418646733
6659,10,388.17497015152
6660,10,583.61531495029
6661,10,569.35950574947
6662,10,0.0
6663,10,534.93986853241
6664,10,532.10970221529
6665,10,0.0
6666,10,454.17855466231
6667,10,0.0
6668,10,640.63492195416
6669,10,640.63492195416
6670,10,522.44582688316
6671,10,0.0
6672,10,613.07255691459
6673,10,43.07369414099
6674,10,547.701724
6675,10,74.21536134031
6676,10,579.637684
6677,10,593.831444
6678,10,0.0
6679,10,581.37092642037
6680,10,0.0
6681,10,313.65981270686
6682,10,335.68418646733
6683,10,388.17497015152
6684,10,583.61531495029
6685,10,569.35950574947
6686,10,0.0
6687,10,534.93986853241
6688,10,532.10970221529
6689,10,0.0
6690,10,454.17855466231
6691,10,0.0
6692,10,640.63492195416
6693,10,640.63492195416
6694,10,522.44582688316
6695,10,0.0
6696,10,613.07255691459
6697,10,43.07369414099
6698,10,547.701724
6699,10,74.21536134031
6700,10,579.637684
6701,10,593.831444
6702,10,0.0
6703,10,581.37092642037
6704,10,0.0
6705,10,313.65981270686
6706,10,335.68418646733
6707,10,388.17497015152
6708,10,583.61531495029
6709,10,569.35950574947
6710,10,0.0
6711,10,534.93986853241
6712,10,532.10970221529
6713,10,0.0
6714,10,454.17855466231
6715,10,0.0
6716,10,640.63492195416
6717,10,640.63492195416
6718,10,522.44582688316
6719,10,0.0
6720,10,613.07255691459
6721,7,640.64568595416
6722,7,443.48266318407
6723,7,592.58948
6724,7,589.04104000001
6725,7,640.64568595416
6726,7,534.81583209089
6727,7,551.15916268334
6728,7,640.64568595416
6729,7,640.64568595416
6730,7,640.64568595416
6731,7,0.0
6732,7,497.52510630426
6733,7,534.43452562761
6734,7,0.0
6735,7,0.0
6736,7,230.63890671918
6737,7,477.45710833579
6738,7,21.84133498687
6739,7,588.09565186875
6740,7,631.34014589564
6741,7,640.64568595416
6742,7,223.91464247461
6743,7,640.64568595416
6744,7,0.0
6745,7,640.64568595416
6746,7,443.48266318407
6747,7,592.58948
6748,7,589.04104000001
6749,7,640.64568595416
6750,7,534.81583209089
6751,7,551.15916268334
6752,7,640.64568595416
6753,7,640.64568595416
6754,7,640.64568595416
6755,7,0.0
6756,7,497.52510630426
6757,7,534.43452562761
6758,7,0.0
6759,7,0.0
6760,7,230.63890671918
6761,7,477.45710833579
6762,7,21.84133498687
6763,7,588.09565186875
6764,7,631.34014589564
6765,7,640.64568595416
6766,7,223.91464247461
6767,7,640.64568595416
6768,7,0.0
6769,7,640.64568595416
6770,7,443.48266318407
6771,7,592.58948
6772,7,589.04104000001
6773,7,640.64568595416
6774,7,534.81583209089
6775,7,551.15916268334
6776,7,640.64568595416
6777,7,640.64568595416
6778,7,640.64568595416
6779,7,0.0
6780,7,497.52510630426
6781,7,534.43452562761
6782,7,0.0
6783,7,0.0
6784,7,230.63890671918
6785,7,477.45710833579
6786,7,21.84133498687
6787,7,588.09565186875
6788,7,631.34014589564
6789,7,640.64568595416
6790,7,223.91464247461
6791,7,640.64568595416
6792,7,0.0
6793,7,640.64568595416
6794,7,443.48266318407
6795,7,592.58948
6796,7,589.04104000001
6797,7,640.64568595416
6798,7,534.81583209089
6799,7,551.15916268334
6800,7,640.64568595416
6801,7,640.64568595416
6802,7,640.64568595416
6803,7,0.0
6804,7,497.52510630426
6805,7,534.43452562761
6806,7,0.0
6807,7,0.0
6808,7,230.63890671918
6809,7,477.45710833579
6810,7,21.84133498687
6811,7,588.09565186875
6812,7,631.34014589564
6813,7,640.64568595416
6814,7,223.91464247461
6815,7,640.64568595416
6816,7,0.0
6817,7,640.64568595416
6818,7,443.48266318407
6819,7,592.58948
6820,7,589.04104000001
6821,7,640.64568595416
6822,7,534.81583209089
6823,7,551.15916268334
6824,7,640.64568595416
6825,7,640.64568595416
6826,7,640.64568595416
6827,7,0.0
6828,7,497.52510630426
6829,7,534.43452562761
6830,7,0.0
6831,7,0.0
6832,7,230.63890671918
6833,7,477.45710833579
6834,7,21.84133498687
6835,7,588.09565186875
6836,7,631.34014589564
6837,7,640.64568595416
6838,7,223.91464247461
6839,7,640.64568595416
6840,7,0.0
6841,7,640.64568595416
6842,7,443.48266318407
6843,7,592.58948
6844,7,589.04104000001
6845,7,640.64568595416
6846,7,534.81583209089
6847,7,551.15916268334
6848,7,640.64568595416
6849,7,640.64568595416
6850,7,640.64568595416
6851,7,0.0
6852,7,497.52510630426
6853,7,534.43452562761
6854,7,0.0
6855,7,0.0
6856,7,230.63890671918
6857,7,477.45710833579
6858,7,21.84133498687
6859,7,588.09565186875
6860,7,631.34014589564
6861,7,640.64568595416
6862,7,223.91464247461
6863,7,640.64568595416
6864,7,0.0
6865,7,640.64568595416
6866,7,443.48266318407
6867,7,592.58948
6868,7,589.04104000001
6869,7,640.64568595416
6870,7,534.81583209089
6871,7,551.15916268334
6872,7,640.64568595416
6873,7,640.64568595416
6874,7,640.64568595416
6875,7,0.0
6876,7,497.52510630426
6877,7,534.43452562761
6878,7,0.0
6879,7,0.0
6880,7,230.63890671918
6881,7,477.45710833579
6882,7,21.84133498687
6883,7,588.09565186875
6884,7,631.34014589564
6885,7,640.64568595416
6886,7,223.91464247461
6887,7,640.64568595416
6888,7,0.0
6889,10,43.07369414099
6890,10,547.701724
6891,10,74.21536134031
6892,10,579.637684
6893,10,593.831444
6894,10,0.0
6895,10,581.37092642037
6896,10,0.0
6897,10,313.65981270686
6898,10,335.68418646733
6899,10,388.17497015152
6900,10,583.61531495029
6901,10,569.35950574947
6902,10,0.0
6903,10,534.93986853241
6904,10,532.10970221529
6905,10,0.0
6906,10,454.17855466231
6907,10,0.0
6908,10,640.63492195416
6909,10,640.63492195416
6910,10,522.44582688316
6911,10,0.0
6912,10,613.07255691459
6913,10,43.07369414099
6914,10,547.701724
6915,10,74.21536134031
6916,10,579.637684
6917,10,593.831444
6918,10,0.0
6919,10,581.37092642037
6920,10,0.0
6921,10,313.65981270686
6922,10,335.68418646733
6923,10,388.17497015152
6924,10,583.61531495029
6925,10,569.35950574947
6926,10,0.0
6927,10,534.93986853241
6928,10,532.10970221529
6929,10,0.0
6930,10,454.17855466231
6931,10,0.0
6932,10,640.63492195416
6933,10,640.63492195416
6934,10,522.44582688316
6935,10,0.0
6936,10,613.07255691459
6937,10,43.07369414099
6938,10,547.701724
6939,10,74.21536134031
6940,10,579.637684
6941,10,593.831444
6942,10,0.0
6943,10,581.37092642037
6944,10,0.0
6945,10,313.65981270686
6946,10,335.68418646733
6947,10,388.17497015152
6948,10,583.61531495029
6949,10,569.35950574947
6950,10,0.0
6951,10,534.93986853241
6952,10,532.10970221529
6953,10,0.0
6954,10,454.17855466231
6955,10,0.0
6956,10,640.63492195416
6957,10,640.63492195416
6958,10,522.44582688316
6959,10,0.0
6960,10,613.07255691459
6961,10,43.07369414099
6962,10,547.701724
6963,10,74.21536134031
6964,10,579.637684
6965,10,593.831444
6966,10,0.0
6967,10,581.37092642037
6968,10,0.0
6969,10,313.65981270686
6970,10,335.68418646733
6971,10,388.17497015152
6972,10,583.61531495029
6973,10,569.35950574947
6974,10,0.0
6975,10,534.93986853241
6976,10,532.10970221529
6977,10,0.0
6978,10,454.17855466231
6979,10,0.0
6980,10,640.63492195416
6981,10,640.63492195416
6982,10,522.44582688316
6983,10,0.0
6984,10,613.07255691459
6985,10,43.07369414099
6986,10,547.701724
6987,10,74.21536134031
6988,10,579.637684
6989,10,593.831444
6990,10,0.0
6991,10,581.37092642037
6992,10,0.0
6993,10,313.65981270686
6994,10,335.68418646733
6995,10,388.17497015152
6996,10,583.61531495029
6997,10,569.35950574947
6998,10,0.0
6999,10,534.93986853241
7000,10,532.10970221529
7001,10,0.0
7002,10,454.17855466231
7003,10,0.0
7004,10,640.63492195416
7005,10,640.63492195416
7006,10,522.44582688316
7007,10,0.0
7008,10,613.07255691459
7009,10,43.07369414099
7010,10,547.701724
7011,10,74.21536134031
7012,10,579.637684
7013,10,593.831444
7014,10,0.0
7015,10,581.37092642037
7016,10,0.0
7017,10,313.65981270686
7018,10,335.68418646733
7019,10,388.17497015152
7020,10,583.61531495029
7021,10,569.35950574947
7022,10,0.0
7023,10,534.93986853241
7024,10,532.10970221529
7025,10,0.0
7026,10,454.17855466231
7027,10,0.0
7028,10,640.63492195416
7029,10,640.63492195416
7030,10,522.44582688316
7031,10,0.0
7032,10,613.07255691459
7033,10,43.07369414099
7034,10,547.701724
7035,10,74.21536134031
7036,10,579.637684
7037,10,593.831444
7038,10,0.0
7039,10,581.37092642037
7040,10,0.0
7041,10,313.65981270686
7042,10,335.68418646733
7043,10,388.17497015152
7044,10,583.61531495029
7045,10,569.35950574947
7046,10,0.0
7047,10,534.93986853241
7048,10,532.10970221529
7049,10,0.0
7050,10,454.17855466231
7051,10,0.0
7052,10,640.63492195416
7053,10,640.63492195416
7054,10,522.44582688316
7055,10,0.0
7056,10,613.07255691459
7057,16,640.63492195416
7058,16,640.63492195416
7059,16,99.17296635071
7060,16,640.63492195416
7061,16,640.63492195416
7062,16,640.63492195416
7063,16,240.78347206851
7064,16,640.63492195416
7065,16,640.63492195416
7066,16,640.63492195416
7067,16,111.87427177262
7068,16,639.03258862083
7069,16,639.09200397822
7070,16,415.25620523553
7071,16,0.0
7072,16,580.05485089354
7073,16,618.70981956067
7074,16,639.03258862083
7075,16,146.23263629391
7076,16,0.0
7077,16,640.63492195416
7078,16,640.63492195416
7079,16,615.35317285718
7080,16,0.0
7081,16,640.63492195416
7082,16,640.63492195416
7083,16,99.17296635071
7084,16,640.63492195416
7085,16,640.63492195416
7086,16,640.63492195416
7087,16,240.78347206851
7088,16,640.63492195416
7089,16,640.63492195416
7090,16,640.63492195416
7091,16,111.87427177262
7092,16,639.03258862083
7093,16,639.09200397822
7094,16,415.25620523553
7095,16,0.0
7096,16,580.05485089354
7097,16,618.70981956067
7098,16,639.03258862083
7099,16,146.23263629391
7100,16,0.0
7101,16,640.63492195416
7102,16,640.63492195416
7103,16,615.35317285718
7104,16,0.0
7105,16,640.63492195416
7106,16,640.63492195416
7107,16,99.17296635071
7108,16,640.63492195416
7109,16,640.63492195416
7110,16,640.63492195416
7111,16,240.78347206851
7112,16,640.63492195416
7113,16,640.63492195416
7114,16,640.63492195416
7115,16,111.87427177262
7116,16,639.03258862083
7117,16,639.09200397822
7118,16,415.25620523553
7119,16,0.0
7120,16,580.05485089354
7121,16,618.70981956067
7122,16,639.03258862083
7123,16,146.23263629391
7124,16,0.0
7125,16,640.63492195416
7126,16,640.63492195416
7127,16,615.35317285718
7128,16,0.0
7129,16,640.63492195416
7130,16,640.63492195416
7131,16,99.17296635071
7132,16,640.63492195416
7133,16,640.63492195416
7134,16,640.63492195416
7135,16,240.78347206851
7136,16,640.63492195416
7137,16,640.63492195416
7138,16,640.63492195416
7139,16,111.87427177262
7140,16,639.03258862083
7141,16,639.09200397822
7142,16,415.25620523553
7143,16,0.0
7144,16,580.05485089354
7145,16,618.70981956067
7146,16,639.03258862083
7147,16,146.23263629391
7148,16,0.0
7149,16,640.63492195416
7150,16,640.63492195416
7151,16,615.35317285718
7152,16,0.0
7153,16,640.63492195416
7154,16,640.63492195416
7155,16,99.17296635071
7156,16,640.63492195416
7157,16,640.63492195416
7158,16,640.63492195416
7159,16,240.78347206851
7160,16,640.63492195416
7161,16,640.63492195416
7162,16,640.63492195416
7163,16,111.87427177262
7164,16,639.03258862083
7165,16,639.09200397822
7166,16,415.25620523553
7167,16,0.0
7168,16,580.05485089354
7169,16,618.70981956067
7170,16,639.03258862083
7171,16,146.23263629391
7172,16,0.0
7173,16,640.63492195416
7174,16,640.63492195416
7175,16,615.35317285718
7176,16,0.0
7177,16,640.63492195416
7178,16,640.63492195416
7179,16,99.17296635071
7180,16,640.63492195416
7181,16,640.63492195416
7182,16,640.63492195416
7183,16,240.78347206851
7184,16,640.63492195416
7185,16,640.63492195416
7186,16,640.63492195416
7187,16,111.87427177262
7188,16,639.03258862083
7189,16,639.09200397822
7190,16,415.25620523553
7191,16,0.0
7192,16,580.05485089354
7193,16,618.70981956067
7194,16,639.03258862083
7195,16,146.23263629391
7196,16,0.0
7197,16,640.63492195416
7198,16,640.63492195416
7199,16,615.35317285718
7200,16,0.0
7201,16,640.63492195416
7202,16,640.63492195416
7203,16,99.17296635071
7204,16,640.63492195416
7205,16,640.63492195416
7206,16,640.63492195416
7207,16,240.78347206851
7208,16,640.63492195416
7209,16,640.63492195416
7210,16,640.63492195416
7211,16,111.87427177262
7212,16,639.03258862083
7213,16,639.09200397822
7214,16,415.25620523553
7215,16,0.0
7216,16,580.05485089354
7217,16,618.70981956067
7218,16,639.03258862083
7219,16,146.23263629391
7220,16,0.0
7221,16,640.63492195416
7222,16,640.63492195416
7223,16,615.35317285718
7224,16,0.0
7225,16,640.63492195416
7226,16,640.63492195416
7227,16,99.17296635071
7228,16,640.63492195416
7229,16,640.63492195416
7230,16,640.63492195416
7231,16,240.78347206851
7232,16,640.63492195416
7233,16,640.63492195416
7234,16,640.63492195416
7235,16,111.87427177262
7236,16,639.03258862083
7237,16,639.09200397822
7238,16,415.25620523553
7239,16,0.0
7240,16,580.05485089354
7241,16,618.70981956067
7242,16,639.03258862083
7243,16,146.23263629391
7244,16,0.0
7245,16,640.63492195416
7246,16,640.63492195416
7247,16,615.35317285718
7248,16,0.0
7249,16,640.63492195416
7250,16,640.63492195416
7251,16,99.17296635071
7252,16,640.63492195416
7253,16,640.63492195416
7254,16,640.63492195416
7255,16,240.78347206851
7256,16,640.63492195416
7257,16,640.63492195416
7258,16,640.63492195416
7259,16,111.87427177262
7260,16,639.03258862083
7261,16,639.09200397822
7262,16,415.25620523553
7263,16,0.0
7264,16,580.05485089354
7265,16,618.70981956067
7266,16,639.03258862083
7267,16,146.23263629391
7268,16,0.0
7269,16,640.63492195416
7270,16,640.63492195416
7271,16,615.35317285718
7272,16,0.0
7273,16,640.63492195416
7274,16,640.63492195416
7275,16,99.17296635071
7276,16,640.63492195416
7277,16,640.63492195416
7278,16,640.63492195416
7279,16,240.78347206851
7280,16,640.63492195416
7281,16,640.63492195416
7282,16,640.63492195416
7283,16,111.87427177262
7284,16,639.03258862083
7285,16,639.09200397822
7286,16,415.25620523553
7287,16,0.0
7288,16,580.05485089354
7289,16,618.70981956067
7290,16,639.03258862083
7291,16,146.23263629391
7292,16,0.0
7293,16,640.63492195416
7294,16,640.63492195416
7295,16,615.35317285718
7296,16,0.0
7297,16,640.63492195416
7298,16,640.63492195416
7299,16,99.17296635071
7300,16,640.63492195416
7301,16,640.63492195416
7302,16,640.63492195416
7303,16,240.78347206851
7304,16,640.63492195416
7305,16,640.63492195416
7306,16,640.63492195416
7307,16,111.87427177262
7308,16,639.03258862083
7309,16,639.09200397822
7310,16,415.25620523553
7311,16,0.0
7312,16,580.05485089354
7313,16,618.70981956067
7314,16,639.03258862083
7315,16,146.23263629391
7316,16,0.0
7317,16,640.63492195416
7318,16,640.63492195416
7319,16,615.35317285718
7320,16,0.0
7321,16,640.63492195416
7322,16,640.63492195416
7323,16,99.17296635071
7324,16,640.63492195416
7325,16,640.63492195416
7326,16,640.63492195416
7327,16,240.78347206851
7328,16,640.63492195416
7329,16,640.63492195416
7330,16,640.63492195416
7331,16,111.87427177262
7332,16,639.03258862083
7333,16,639.09200397822
7334,16,415.25620523553
7335,16,0.0
7336,16,580.05485089354
7337,16,618.70981956067
7338,16,639.03258862083
7339,16,146.23263629391
7340,16,0.0
7341,16,640.63492195416
7342,16,640.63492195416
7343,16,615.35317285718
7344,16,0.0
7345,16,640.63492195416
7346,16,640.63492195416
7347,16,99.17296635071
7348,16,640.63492195416
7349,16,640.63492195416
7350,16,640.63492195416
7351,16,240.78347206851
7352,16,640.63492195416
7353,16,640.63492195416
7354,16,640.63492195416
7355,16,111.87427177262
7356,16,639.03258862083
7357,16,639.09200397822
7358,16,415.25620523553
7359,16,0.0
7360,16,580.05485089354
7361,16,618.70981956067
7362,16,639.03258862083
7363,16,146.23263629391
7364,16,0.0
7365,16,640.63492195416
7366,16,640.63492195416
7367,16,615.35317285718
7368,16,0.0
7369,16,640.63492195416
7370,16,640.63492195416
7371,16,99.17296635071
7372,16,640.63492195416
7373,16,640.63492195416
7374,16,640.63492195416
7375,16,240.78347206851
7376,16,640.63492195416
7377,16,640.63492195416
7378,16,640.63492195416
7379,16,111.87427177262
7380,16,639.03258862083
7381,16,639.09200397822
7382,16,415.25620523553
7383,16,0.0
7384,16,580.05485089354
7385,16,618.70981956067
7386,16,639.03258862083
7387,16,146.23263629391
7388,16,0.0
7389,16,640.63492195416
7390,16,640.63492195416
7391,16,615.35317285718
7392,16,0.0
7393,6,640.63492195416
7394,6,640.64568595416
7395,6,640.62422682022
7396,6,255.69132710792
7397,6,640.62422682022
7398,6,640.63492195416
7399,6,640.63492195416
7400,6,427.1823861676
7401,6,640.63492195416
7402,6,640.63492195416
7403,6,640.63492195416
7404,6,64.85372659052
7405,6,639.03310119226
7406,6,86.08755989532
7407,6,535.79047222997
7408,6,508.84986088078
7409,6,511.33972476382
7410,6,555.34287865778
7411,6,4.28555399702
7412,6,0.0
7413,6,546.11027789564
7414,6,557.93025389565
7415,6,640.63492195416
7416,6,640.63492195416
7417,6,640.63492195416
7418,6,640.64568595416
7419,6,640.62422682022
7420,6,255.69132710792
7421,6,640.62422682022
7422,6,640.63492195416
7423,6,640.63492195416
7424,6,427.1823861676
7425,6,640.63492195416
7426,6,640.63492195416
7427,6,640.63492195416
7428,6,64.85372659052
7429,6,639.03310119226
7430,6,86.08755989532
7431,6,535.79047222997
7432,6,508.84986088078
7433,6,511.33972476382
7434,6,555.34287865778
7435,6,4.28555399702
7436,6,0.0
7437,6,546.11027789564
7438,6,557.93025389565
7439,6,640.63492195416
7440,6,640.63492195416
7441,6,640.63492195416
7442,6,640.64568595416
7443,6,640.62422682022
7444,6,255.69132710792
7445,6,640.62422682022
7446,6,640.63492195416
7447,6,640.63492195416
7448,6,427.1823861676
7449,6,640.63492195416
7450,6,640.63492195416
7451,6,640.63492195416
7452,6,64.85372659052
7453,6,639.03310119226
7454,6,86.08755989532
7455,6,535.79047222997
7456,6,508.84986088078
7457,6,511.33972476382
7458,6,555.34287865778
7459,6,4.28555399702
7460,6,0.0
7461,6,546.11027789564
7462,6,557.93025389565
7463,6,640.63492195416
7464,6,640.63492195416
7465,6,640.63492195416
7466,6,640.64568595416
7467,6,640.62422682022
7468,6,255.69132710792
7469,6,640.62422682022
7470,6,640.63492195416
7471,6,640.63492195416
7472,6,427.1823861676
7473,6,640.63492195416
7474,6,640.63492195416
7475,6,640.63492195416
7476,6,64.85372659052
7477,6,639.03310119226
7478,6,86.08755989532
7479,6,535.79047222997
7480,6,508.84986088078
7481,6,511.33972476382
7482,6,555.34287865778
7483,6,4.28555399702
7484,6,0.0
7485,6,546.11027789564
7486,6,557.93025389565
7487,6,640.63492195416
7488,6,640.63492195416
7489,6,640.63492195416
7490,6,640.64568595416
7491,6,640.62422682022
7492,6,255.69132710792
7493,6,640.62422682022
7494,6,640.63492195416
7495,6,640.63492195416
7496,6,427.1823861676
7497,6,640.63492195416
7498,6,640.63492195416
7499,6,640.63492195416
7500,6,64.85372659052
7501,6,639.03310119226
7502,6,86.08755989532
7503,6,535.79047222997
7504,6,508.84986088078
7505,6,511.33972476382
7506,6,555.34287865778
7507,6,4.28555399702
7508,6,0.0
7509,6,546.11027789564
7510,6,557.93025389565
7511,6,640.63492195416
7512,6,640.63492195416
7513,6,640.63492195416
7514,6,640.64568595416
7515,6,640.62422682022
7516,6,255.69132710792
7517,6,640.62422682022
7518,6,640.63492195416
7519,6,640.63492195416
7520,6,427.1823861676
7521,6,640.63492195416
7522,6,640.63492195416
7523,6,640.63492195416
7524,6,64.85372659052
7525,6,639.03310119226
7526,6,86.08755989532
7527,6,535.79047222997
7528,6,508.84986088078
7529,6,511.33972476382
7530,6,555.34287865778
7531,6,4.28555399702
7532,6,0.0
7533,6,546.11027789564
7534,6,557.93025389565
7535,6,640.63492195416
7536,6,640.63492195416
7537,6,640.63492195416
7538,6,640.64568595416
7539,6,640.62422682022
7540,6,255.69132710792
7541,6,640.62422682022
7542,6,640.63492195416
7543,6,640.63492195416
7544,6,427.1823861676
7545,6,640.63492195416
7546,6,640.63492195416
7547,6,640.63492195416
7548,6,64.85372659052
7549,6,639.03310119226
7550,6,86.08755989532
7551,6,535.79047222997
7552,6,508.84986088078
7553,6,511.33972476382
7554,6,555.34287865778
7555,6,4.28555399702
7556,6,0.0
7557,6,546.11027789564
7558,6,557.93025389565
7559,6,640.63492195416
7560,6,640.63492195416
7561,6,640.63492195416
7562,6,640.64568595416
7563,6,640.62422682022
7564,6,255.69132710792
7565,6,640.62422682022
7566,6,640.63492195416
7567,6,640.63492195416
7568,6,427.1823861676
7569,6,640.63492195416
7570,6,640.63492195416
7571,6,640.63492195416
7572,6,64.85372659052
7573,6,639.03310119226
7574,6,86.08755989532
7575,6,535.79047222997
7576,6,508.84986088078
7577,6,511.33972476382
7578,6,555.34287865778
7579,6,4.28555399702
7580,6,0.0
7581,6,546.11027789564
7582,6,557.93025389565
7583,6,640.63492195416
7584,6,640.63492195416
7585,6,640.63492195416
7586,6,640.64568595416
7587,6,640.62422682022
7588,6,255.69132710792
7589,6,640.62422682022
7590,6,640.63492195416
7591,6,640.63492195416
7592,6,427.1823861676
7593,6,640.63492195416
7594,6,640.63492195416
7595,6,640.63492195416
7596,6,64.85372659052
7597,6,639.03310119226
7598,6,86.08755989532
7599,6,535.79047222997
7600,6,508.84986088078
7601,6,511.33972476382
7602,6,555.34287865778
7603,6,4.28555399702
7604,6,0.0
7605,6,546.11027789564
7606,6,557.93025389565
7607,6,640.63492195416
7608,6,640.63492195416
7609,6,640.63492195416
7610,6,640.64568595416
7611,6,640.62422682022
7612,6,255.69132710792
7613,6,640.62422682022
7614,6,640.63492195416
7615,6,640.63492195416
7616,6,427.1823861676
7617,6,640.63492195416
7618,6,640.63492195416
7619,6,640.63492195416
7620,6,64.85372659052
7621,6,639.03310119226
7622,6,86.08755989532
7623,6,535.79047222997
7624,6,508.84986088078
7625,6,511.33972476382
7626,6,555.34287865778
7627,6,4.28555399702
7628,6,0.0
7629,6,546.11027789564
7630,6,557.93025389565
7631,6,640.63492195416
7632,6,640.63492195416
7633,6,640.63492195416
7634,6,640.64568595416
7635,6,640.62422682022
7636,6,255.69132710792
7637,6,640.62422682022
7638,6,640.63492195416
7639,6,640.63492195416
7640,6,427.1823861676
7641,6,640.63492195416
7642,6,640.63492195416
7643,6,640.63492195416
7644,6,64.85372659052
7645,6,639.03310119226
7646,6,86.08755989532
7647,6,535.79047222997
7648,6,508.84986088078
7649,6,511.33972476382
7650,6,555.34287865778
7651,6,4.28555399702
7652,6,0.0
7653,6,546.11027789564
7654,6,557.93025389565
7655,6,640.63492195416
7656,6,640.63492195416
7657,6,640.63492195416
7658,6,640.64568595416
7659,6,640.62422682022
7660,6,255.69132710792
7661,6,640.62422682022
7662,6,640.63492195416
7663,6,640.63492195416
7664,6,427.1823861676
7665,6,640.63492195416
7666,6,640.63492195416
7667,6,640.63492195416
7668,6,64.85372659052
7669,6,639.03310119226
7670,6,86.08755989532
7671,6,535.79047222997
7672,6,508.84986088078
7673,6,511.33972476382
7674,6,555.34287865778
7675,6,4.28555399702
7676,6,0.0
7677,6,546.11027789564
7678,6,557.93025389565
7679,6,640.63492195416
7680,6,640.63492195416
7681,6,640.63492195416
7682,6,640.64568595416
7683,6,640.62422682022
7684,6,255.69132710792
7685,6,640.62422682022
7686,6,640.63492195416
7687,6,640.63492195416
7688,6,427.1823861676
7689,6,640.63492195416
7690,6,640.63492195416
7691,6,640.63492195416
7692,6,64.85372659052
7693,6,639.03310119226
7694,6,86.08755989532
7695,6,535.79047222997
7696,6,508.84986088078
7697,6,511.33972476382
7698,6,555.34287865778
7699,6,4.28555399702
7700,6,0.0
7701,6,546.11027789564
7702,6,557.93025389565
7703,6,640.63492195416
7704,6,640.63492195416
7705,6,640.63492195416
7706,6,640.64568595416
7707,6,640.62422682022
7708,6,255.69132710792
7709,6,640.62422682022
7710,6,640.63492195416
7711,6,640.63492195416
7712,6,427.1823861676
7713,6,640.63492195416
7714,6,640.63492195416
7715,6,640.63492195416
7716,6,64.85372659052
7717,6,639.03310119226
7718,6,86.08755989532
7719,6,535.79047222997
7720,6,508.84986088078
7721,6,511.33972476382
7722,6,555.34287865778
7723,6,4.28555399702
7724,6,0.0
7725,6,546.11027789564
7726,6,557.93025389565
7727,6,640.63492195416
7728,6,640.63492195416
7729,16,640.63492195416
7730,16,640.63492195416
7731,16,99.17296635071
7732,16,640.63492195416
7733,16,640.63492195416
7734,16,640.63492195416
7735,16,240.78347206851
7736,16,640.63492195416
7737,16,640.63492195416
7738,16,640.63492195416
7739,16,111.87427177262
7740,16,639.03258862083
7741,16,639.09200397822
7742,16,415.25620523553
7743,16,0.0
7744,16,580.05485089354
7745,16,618.70981956067
7746,16,639.03258862083
7747,16,146.23263629391
7748,16,0.0
7749,16,640.63492195416
7750,16,640.63492195416
7751,16,615.35317285718
7752,16,0.0
7753,16,640.63492195416
7754,16,640.63492195416
7755,16,99.17296635071
7756,16,640.63492195416
7757,16,640.63492195416
7758,16,640.63492195416
7759,16,240.78347206851
7760,16,640.63492195416
7761,16,640.63492195416
7762,16,640.63492195416
7763,16,111.87427177262
7764,16,639.03258862083
7765,16,639.09200397822
7766,16,415.25620523553
7767,16,0.0
7768,16,580.05485089354
7769,16,618.70981956067
7770,16,639.03258862083
7771,16,146.23263629391
7772,16,0.0
7773,16,640.63492195416
7774,16,640.63492195416
7775,16,615.35317285718
7776,16,0.0
7777,16,640.63492195416
7778,16,640.63492195416
7779,16,99.17296635071
7780,16,640.63492195416
7781,16,640.63492195416
7782,16,640.63492195416
7783,16,240.78347206851
7784,16,640.63492195416
7785,16,640.63492195416
7786,16,640.63492195416
7787,16,111.87427177262
7788,16,639.03258862083
7789,16,639.09200397822
7790,16,415.25620523553
7791,16,0.0
7792,16,580.05485089354
7793,16,618.70981956067
7794,16,639.03258862083
7795,16,146.23263629391
7796,16,0.0
7797,16,640.63492195416
7798,16,640.63492195416
7799,16,615.35317285718
7800,16,0.0
7801,16,640.63492195416
7802,16,640.63492195416
7803,16,99.17296635071
7804,16,640.63492195416
7805,16,640.63492195416
7806,16,640.63492195416
7807,16,240.78347206851
7808,16,640.63492195416
7809,16,640.63492195416
7810,16,640.63492195416
7811,16,111.87427177262
7812,16,639.03258862083
7813,16,639.09200397822
7814,16,415.25620523553
7815,16,0.0
7816,16,580.05485089354
7817,16,618.70981956067
7818,16,639.03258862083
7819,16,146.23263629391
7820,16,0.0
7821,16,640.63492195416
7822,16,640.63492195416
7823,16,615.35317285718
7824,16,0.0
7825,16,640.63492195416
7826,16,640.63492195416
7827,16,99.17296635071
7828,16,640.63492195416
7829,16,640.63492195416
7830,16,640.63492195416
7831,16,240.78347206851
7832,16,640.63492195416
7833,16,640.63492195416
7834,16,640.63492195416
7835,16,111.87427177262
7836,16,639.03258862083
7837,16,639.09200397822
7838,16,415.25620523553
7839,16,0.0
7840,16,580.05485089354
7841,16,618.70981956067
7842,16,639.03258862083
7843,16,146.23263629391
7844,16,0.0
7845,16,640.63492195416
7846,16,640.63492195416
7847,16,615.35317285718
7848,16,0.0
7849,16,640.63492195416
7850,16,640.63492195416
7851,16,99.17296635071
7852,16,640.63492195416
7853,16,640.63492195416
7854,16,640.63492195416
7855,16,240.78347206851
7856,16,640.63492195416
7857,16,640.63492195416
7858,16,640.63492195416
7859,16,111.87427177262
7860,16,639.03258862083
7861,16,639.09200397822
7862,16,415.25620523553
7863,16,0.0
7864,16,580.05485089354
7865,16,618.70981956067
7866,16,639.03258862083
7867,16,146.23263629391
7868,16,0.0
7869,16,640.63492195416
7870,16,640.63492195416
7871,16,615.35317285718
7872,16,0.0
7873,16,640.63492195416
7874,16,640.63492195416
7875,16,99.17296635071
7876,16,640.63492195416
7877,16,640.63492195416
7878,16,640.63492195416
7879,16,240.78347206851
7880,16,640.63492195416
7881,16,640.63492195416
7882,16,640.63492195416
7883,16,111.87427177262
7884,16,639.03258862083
7885,16,639.09200397822
7886,16,415.25620523553
7887,16,0.0
7888,16,580.05485089354
7889,16,618.70981956067
7890,16,639.03258862083
7891,16,146.23263629391
7892,16,0.0
7893,16,640.63492195416
7894,16,640.63492195416
7895,16,615.35317285718
7896,16,0.0
7897,1,640.64568595416
7898,1,0.0
7899,1,411.61904
7900,1,640.64568595416
7901,1,640.64568595416
7902,1,380.59088154492
7903,1,0.0
7904,1,596.82590604234
7905,1,0.0
7906,1,526.60302081397
7907,1,486.5353035864
7908,1,0.0
7909,1,32.36535216437
7910,1,0.0
7911,1,0.0
7912,1,0.0
7913,1,284.92932428654
7914,1,0.0
7915,1,111.78855769537
7916,1,507.14474589564
7917,1,522.51316189564
7918,1,0.0
7919,1,125.15367246245
7920,1,322.90804
7921,1,640.64568595416
7922,1,0.0
7923,1,411.61904
7924,1,640.64568595416
7925,1,640.64568595416
7926,1,380.59088154492
7927,1,0.0
7928,1,596.82590604234
7929,1,0.0
7930,1,526.60302081397
7931,1,486.5353035864
7932,1,0.0
7933,1,32.36535216437
7934,1,0.0
7935,1,0.0
7936,1,0.0
7937,1,284.92932428654
7938,1,0.0
7939,1,111.78855769537
7940,1,507.14474589564
7941,1,522.51316189564
7942,1,0.0
7943,1,125.15367246245
7944,1,322.90804
7945,1,640.64568595416
7946,1,0.0
7947,1,411.61904
7948,1,640.64568595416
7949,1,640.64568595416
7950,1,380.59088154492
7951,1,0.0
7952,1,596.82590604234
7953,1,0.0
7954,1,526.60302081397
7955,1,486.5353035864
7956,1,0.0
7957,1,32.36535216437
7958,1,0.0
7959,1,0.0
7960,1,0.0
7961,1,284.92932428654
7962,1,0.0
7963,1,111.78855769537
7964,1,507.14474589564
7965,1,522.51316189564
7966,1,0.0
7967,1,125.15367246245
7968,1,322.90804
7969,1,640.64568595416
7970,1,0.0
7971,1,411.61904
7972,1,640.64568595416
7973,1,640.64568595416
7974,1,380.59088154492
7975,1,0.0
7976,1,596.82590604234
7977,1,0.0
7978,1,526.60302081397
7979,1,486.5353035864
7980,1,0.0
7981,1,32.36535216437
7982,1,0.0
7983,1,0.0
7984,1,0.0
7985,1,284.92932428654
7986,1,0.0
7987,1,111.78855769537
7988,1,507.14474589564
7989,1,522.51316189564
7990,1,0.0
7991,1,125.15367246245
7992,1,322.90804
7993,1,640.64568595416
7994,1,0.0
7995,1,411.61904
7996,1,640.64568595416
7997,1,640.64568595416
7998,1,380.59088154492
7999,1,0.0
8000,1,596.82590604234
8001,1,0.0
8002,1,526.60302081397
8003,1,486.5353035864
8004,1,0.0
8005,1,32.36535216437
8006,1,0.0
8007,1,0.0
8008,1,0.0
8009,1,284.92932428654
8010,1,0.0
8011,1,111.78855769537
8012,1,507.14474589564
8013,1,522.51316189564
8014,1,0.0
8015,1,125.15367246245
8016,1,322.90804
8017,1,640.64568595416
8018,1,0.0
8019,1,411.61904
8020,1,640.64568595416
8021,1,640.64568595416
8022,1,380.59088154492
8023,1,0.0
8024,1,596.82590604234
8025,1,0.0
8026,1,526.60302081397
8027,1,486.5353035864
8028,1,0.0
8029,1,32.36535216437
8030,1,0.0
8031,1,0.0
8032,1,0.0
8033,1,284.92932428654
8034,1,0.0
8035,1,111.78855769537
8036,1,507.14474589564
8037,1,522.51316189564
8038,1,0.0
8039,1,125.15367246245
8040,1,322.90804
8041,1,640.64568595416
8042,1,0.0
8043,1,411.61904
8044,1,640.64568595416
8045,1,640.64568595416
8046,1,380.59088154492
8047,1,0.0
8048,1,596.82590604234
8049,1,0.0
8050,1,526.60302081397
8051,1,486.5353035864
8052,1,0.0
8053,1,32.36535216437
8054,1,0.0
8055,1,0.0
8056,1,0.0
8057,1,284.92932428654
8058,1,0.0
8059,1,111.78855769537
8060,1,507.14474589564
8061,1,522.51316189564
8062,1,0.0
8063,1,125.15367246245
8064,1,322.90804
8065,1,640.64568595416
8066,1,0.0
8067,1,411.61904
8068,1,640.64568595416
8069,1,640.64568595416
8070,1,380.59088154492
8071,1,0.0
8072,1,596.82590604234
8073,1,0.0
8074,1,526.60302081397
8075,1,486.5353035864
8076,1,0.0
8077,1,32.36535216437
8078,1,0.0
8079,1,0.0
8080,1,0.0
8081,1,284.92932428654
8082,1,0.0
8083,1,111.78855769537
8084,1,507.14474589564
8085,1,522.51316189564
8086,1,0.0
8087,1,125.15367246245
8088,1,322.90804
8089,1,640.64568595416
8090,1,0.0
8091,1,411.61904
8092,1,640.64568595416
8093,1,640.64568595416
8094,1,380.59088154492
8095,1,0.0
8096,1,596.82590604234
8097,1,0.0
8098,1,526.60302081397
8099,1,486.5353035864
8100,1,0.0
8101,1,32.36535216437
8102,1,0.0
8103,1,0.0
8104,1,0.0
8105,1,284.92932428654
8106,1,0.0
8107,1,111.78855769537
8108,1,507.14474589564
8109,1,522.51316189564
8110,1,0.0
8111,1,125.15367246245
8112,1,322.90804
8113,1,640.64568595416
8114,1,0.0
8115,1,411.61904
8116,1,640.64568595416
8117,1,640.64568595416
8118,1,380.59088154492
8119,1,0.0
8120,1,596.82590604234
8121,1,0.0
8122,1,526.60302081397
8123,1,486.5353035864
8124,1,0.0
8125,1,32.36535216437
8126,1,0.0
8127,1,0.0
8128,1,0.0
8129,1,284.92932428654
8130,1,0.0
8131,1,111.78855769537
8132,1,507.14474589564
8133,1,522.51316189564
8134,1,0.0
8135,1,125.15367246245
8136,1,322.90804
8137,1,640.64568595416
8138,1,0.0
8139,1,411.61904
8140,1,640.64568595416
8141,1,640.64568595416
8142,1,380.59088154492
8143,1,0.0
8144,1,596.82590604234
8145,1,0.0
8146,1,526.60302081397
8147,1,486.5353035864
8148,1,0.0
8149,1,32.36535216437
8150,1,0.0
8151,1,0.0
8152,1,0.0
8153,1,284.92932428654
8154,1,0.0
8155,1,111.78855769537
8156,1,507.14474589564
8157,1,522.51316189564
8158,1,0.0
8159,1,125.15367246245
8160,1,322.90804
8161,1,640.64568595416
8162,1,0.0
8163,1,411.61904
8164,1,640.64568595416
8165,1,640.64568595416
8166,1,380.59088154492
8167,1,0.0
8168,1,596.82590604234
8169,1,0.0
8170,1,526.60302081397
8171,1,486.5353035864
8172,1,0.0
8173,1,32.36535216437
8174,1,0.0
8175,1,0.0
8176,1,0.0
8177,1,284.92932428654
8178,1,0.0
8179,1,111.78855769537
8180,1,507.14474589564
8181,1,522.51316189564
8182,1,0.0
8183,1,125.15367246245
8184,1,322.90804
8185,1,640.64568595416
8186,1,0.0
8187,1,411.61904
8188,1,640.64568595416
8189,1,640.64568595416
8190,1,380.59088154492
8191,1,0.0
8192,1,596.82590604234
8193,1,0.0
8194,1,526.60302081397
8195,1,486.5353035864
8196,1,0.0
8197,1,32.36535216437
8198,1,0.0
8199,1,0.0
8200,1,0.0
8201,1,284.92932428654
8202,1,0.0
8203,1,111.78855769537
8204,1,507.14474589564
8205,1,522.51316189564
8206,1,0.0
8207,1,125.15367246245
8208,1,322.90804
8209,1,640.64568595416
8210,1,0.0
8211,1,411.61904
8212,1,640.64568595416
8213,1,640.64568595416
8214,1,380.59088154492
8215,1,0.0
8216,1,596.82590604234
8217,1,0.0
8218,1,526.60302081397
8219,1,486.5353035864
8220,1,0.0
8221,1,32.36535216437
8222,1,0.0
8223,1,0.0
8224,1,0.0
8225,1,284.92932428654
8226,1,0.0
8227,1,111.78855769537
8228,1,507.14474589564
8229,1,522.51316189564
8230,1,0.0
8231,1,125.15367246245
8232,1,322.90804
8233,2,593.831444
8234,2,615.122084
8235,2,636.412724
8236,2,635.72796781021
8237,2,0.0
8238,2,0.0
8239,2,630.70854673703
8240,2,0.0
8241,2,330.7614288829
8242,2,538.48152496127
8243,2,5.47198672363
8244,2,212.45375527741
8245,2,326.7958137481
8246,2,0.0
8247,2,0.0
8248,2,0.0
8249,2,6.09963291083
8250,2,78.15334849008
8251,2,237.12906754196
8252,2,595.71049067528
8253,2,625.41792189564
8254,2,640.63543452559
8255,2,640.63543452559
8256,2,0.0
8257,2,593.831444
8258,2,615.122084
8259,2,636.412724
8260,2,635.72796781021
8261,2,0.0
8262,2,0.0
8263,2,630.70854673703
8264,2,0.0
8265,2,330.7614288829
8266,2,538.48152496127
8267,2,5.47198672363
8268,2,212.45375527741
8269,2,326.7958137481
8270,2,0.0
8271,2,0.0
8272,2,0.0
8273,2,6.09963291083
8274,2,78.15334849008
8275,2,237.12906754196
8276,2,595.71049067528
8277,2,625.41792189564
8278,2,640.63543452559
8279,2,640.63543452559
8280,2,0.0
8281,2,593.831444
8282,2,615.122084
8283,2,636.412724
8284,2,635.72796781021
8285,2,0.0
8286,2,0.0
8287,2,630.70854673703
8288,2,0.0
8289,2,330.7614288829
8290,2,538.48152496127
8291,2,5.47198672363
8292,2,212.45375527741
8293,2,326.7958137481
8294,2,0.0
8295,2,0.0
8296,2,0.0
8297,2,6.09963291083
8298,2,78.15334849008
8299,2,237.12906754196
8300,2,595.71049067528
8301,2,625.41792189564
8302,2,640.63543452559
8303,2,640.63543452559
8304,2,0.0
8305,2,593.831444
8306,2,615.122084
8307,2,636.412724
8308,2,635.72796781021
8309,2,0.0
8310,2,0.0
8311,2,630.70854673703
8312,2,0.0
8313,2,330.7614288829
8314,2,538.48152496127
8315,2,5.47198672363
8316,2,212.45375527741
8317,2,326.7958137481
8318,2,0.0
8319,2,0.0
8320,2,0.0
8321,2,6.09963291083
8322,2,78.15334849008
8323,2,237.12906754196
8324,2,595.71049067528
8325,2,625.41792189564
8326,2,640.63543452559
8327,2,640.63543452559
8328,2,0.0
8329,2,593.831444
8330,2,615.122084
8331,2,636.412724
8332,2,635.72796781021
8333,2,0.0
8334,2,0.0
8335,2,630.70854673703
8336,2,0.0
8337,2,330.7614288829
8338,2,538.48152496127
8339,2,5.47198672363
8340,2,212.45375527741
8341,2,326.7958137481
8342,2,0.0
8343,2,0.0
8344,2,0.0
8345,2,6.09963291083
8346,2,78.15334849008
8347,2,237.12906754196
8348,2,595.71049067528
8349,2,625.41792189564
8350,2,640.63543452559
8351,2,640.63543452559
8352,2,0.0
8353,2,593.831444
8354,2,615.122084
8355,2,636.412724
8356,2,635.72796781021
8357,2,0.0
8358,2,0.0
8359,2,630.70854673703
8360,2,0.0
8361,2,330.7614288829
8362,2,538.48152496127
8363,2,5.47198672363
8364,2,212.45375527741
8365,2,326.7958137481
8366,2,0.0
8367,2,0.0
8368,2,0.0
8369,2,6.09963291083
8370,2,78.15334849008
8371,2,237.12906754196
8372,2,595.71049067528
8373,2,625.41792189564
8374,2,640.63543452559
8375,2,640.63543452559
8376,2,0.0
8377,2,593.831444
8378,2,615.122084
8379,2,636.412724
8380,2,635.72796781021
8381,2,0.0
8382,2,0.0
8383,2,630.70854673703
8384,2,0.0
8385,2,330.7614288829
8386,2,538.48152496127
8387,2,5.47198672363
8388,2,212.45375527741
8389,2,326.7958137481
8390,2,0.0
8391,2,0.0
8392,2,0.0
8393,2,6.09963291083
8394,2,78.15334849008
8395,2,237.12906754196
8396,2,595.71049067528
8397,2,625.41792189564
8398,2,640.63543452559
8399,2,640.63543452559
8400,2,0.0
8401,16,640.63492195416
8402,16,640.63492195416
8403,16,99.17296635071
8404,16,640.63492195416
8405,16,640.63492195416
8406,16,640.63492195416
8407,16,240.78347206851
8408,16,640.63492195416
8409,16,640.63492195416
8410,16,640.63492195416
8411,16,111.87427177262
8412,16,639.03258862083
8413,16,639.09200397822
8414,16,415.25620523553
8415,16,0.0
8416,16,580.05485089354
8417,16,618.70981956067
8418,16,639.03258862083
8419,16,146.23263629391
8420,16,0.0
8421,16,640.63492195416
8422,16,640.63492195416
8423,16,615.35317285718
8424,16,0.0
8425,16,640.63492195416
8426,16,640.63492195416
8427,16,99.17296635071
8428,16,640.63492195416
8429,16,640.63492195416
8430,16,640.63492195416
8431,16,240.78347206851
8432,16,640.63492195416
8433,16,640.63492195416
8434,16,640.63492195416
8435,16,111.87427177262
8436,16,639.03258862083
8437,16,639.09200397822
8438,16,415.25620523553
8439,16,0.0
8440,16,580.05485089354
8441,16,618.70981956067
8442,16,639.03258862083
8443,16,146.23263629391
8444,16,0.0
8445,16,640.63492195416
8446,16,640.63492195416
8447,16,615.35317285718
8448,16,0.0
8449,16,640.63492195416
8450,16,640.63492195416
8451,16,99.17296635071
8452,16,640.63492195416
8453,16,640.63492195416
8454,16,640.63492195416
8455,16,240.78347206851
8456,16,640.63492195416
8457,16,640.63492195416
8458,16,640.63492195416
8459,16,111.87427177262
8460,16,639.03258862083
8461,16,639.09200397822
8462,16,415.25620523553
8463,16,0.0
8464,16,580.05485089354
8465,16,618.70981956067
8466,16,639.03258862083
8467,16,146.23263629391
8468,16,0.0
8469,16,640.63492195416
8470,16,640.63492195416
8471,16,615.35317285718
8472,16,0.0
8473,16,640.63492195416
8474,16,640.63492195416
8475,16,99.17296635071
8476,16,640.63492195416
8477,16,640.63492195416
8478,16,640.63492195416
8479,16,240.78347206851
8480,16,640.63492195416
8481,16,640.63492195416
8482,16,640.63492195416
8483,16,111.87427177262
8484,16,639.03258862083
8485,16,639.09200397822
8486,16,415.25620523553
8487,16,0.0
8488,16,580.05485089354
8489,16,618.70981956067
8490,16,639.03258862083
8491,16,146.23263629391
8492,16,0.0
8493,16,640.63492195416
8494,16,640.63492195416
8495,16,615.35317285718
8496,16,0.0
8497,16,640.63492195416
8498,16,640.63492195416
8499,16,99.17296635071
8500,16,640.63492195416
8501,16,640.63492195416
8502,16,640.63492195416
8503,16,240.78347206851
8504,16,640.63492195416
8505,16,640.63492195416
8506,16,640.63492195416
8507,16,111.87427177262
8508,16,639.03258862083
8509,16,639.09200397822
8510,16,415.25620523553
8511,16,0.0
8512,16,580.05485089354
8513,16,618.70981956067
8514,16,639.03258862083
8515,16,146.23263629391
8516,16,0.0
8517,16,640.63492195416
8518,16,640.63492195416
8519,16,615.35317285718
8520,16,0.0
8521,16,640.63492195416
8522,16,640.63492195416
8523,16,99.17296635071
8524,16,640.63492195416
8525,16,640.63492195416
8526,16,640.63492195416
8527,16,240.78347206851
8528,16,640.63492195416
8529,16,640.63492195416
8530,16,640.63492195416
8531,16,111.87427177262
8532,16,639.03258862083
8533,16,639.09200397822
8534,16,415.25620523553
8535,16,0.0
8536,16,580.05485089354
8537,16,618.70981956067
8538,16,639.03258862083
8539,16,146.23263629391
8540,16,0.0
8541,16,640.63492195416
8542,16,640.63492195416
8543,16,615.35317285718
8544,16,0.0
8545,16,640.63492195416
8546,16,640.63492195416
8547,16,99.17296635071
8548,16,640.63492195416
8549,16,640.63492195416
8550,16,640.63492195416
8551,16,240.78347206851
8552,16,640.63492195416
8553,16,640.63492195416
8554,16,640.63492195416
8555,16,111.87427177262
8556,16,639.03258862083
8557,16,639.09200397822
8558,16,415.25620523553
8559,16,0.0
8560,16,580.05485089354
8561,16,618.70981956067
8562,16,639.03258862083
8563,16,146.23263629391
8564,16,0.0
8565,16,640.63492195416
8566,16,640.63492195416
8567,16,615.35317285718
8568,16,0.0
8569,2,593.831444
8570,2,615.122084
8571,2,636.412724
8572,2,635.72796781021
8573,2,0.0
8574,2,0.0
8575,2,630.70854673703
8576,2,0.0
8577,2,330.7614288829
8578,2,538.48152496127
8579,2,5.47198672363
8580,2,212.45375527741
8581,2,326.7958137481
8582,2,0.0
8583,2,0.0
8584,2,0.0
8585,2,6.09963291083
8586,2,78.15334849008
8587,2,237.12906754196
8588,2,595.71049067528
8589,2,625.41792189564
8590,2,640.63543452559
8591,2,640.63543452559
8592,2,0.0
8593,2,593.831444
8594,2,615.122084
8595,2,636.412724
8596,2,635.72796781021
8597,2,0.0
8598,2,0.0
8599,2,630.70854673703
8600,2,0.0
8601,2,330.7614288829
8602,2,538.48152496127
8603,2,5.47198672363
8604,2,212.45375527741
8605,2,326.7958137481
8606,2,0.0
8607,2,0.0
8608,2,0.0
8609,2,6.09963291083
8610,2,78.15334849008
8611,2,237.12906754196
8612,2,595.71049067528
8613,2,625.41792189564
8614,2,640.63543452559
8615,2,640.63543452559
8616,2,0.0
8617,2,593.831444
8618,2,615.122084
8619,2,636.412724
8620,2,635.72796781021
8621,2,0.0
8622,2,0.0
8623,2,630.70854673703
8624,2,0.0
8625,2,330.7614288829
8626,2,538.48152496127
8627,2,5.47198672363
8628,2,212.45375527741
8629,2,326.7958137481
8630,2,0.0
8631,2,0.0
8632,2,0.0
8633,2,6.09963291083
8634,2,78.15334849008
8635,2,237.12906754196
8636,2,595.71049067528
8637,2,625.41792189564
8638,2,640.63543452559
8639,2,640.63543452559
8640,2,0.0
8641,2,593.831444
8642,2,615.122084
8643,2,636.412724
8644,2,635.72796781021
8645,2,0.0
8646,2,0.0
8647,2,630.70854673703
8648,2,0.0
8649,2,330.7614288829
8650,2,538.48152496127
8651,2,5.47198672363
8652,2,212.45375527741
8653,2,326.7958137481
8654,2,0.0
8655,2,0.0
8656,2,0.0
8657,2,6.09963291083
8658,2,78.15334849008
8659,2,237.12906754196
8660,2,595.71049067528
8661,2,625.41792189564
8662,2,640.63543452559
8663,2,640.63543452559
8664,2,0.0
8665,2,593.831444
8666,2,615.122084
8667,2,636.412724
8668,2,635.72796781021
8669,2,0.0
8670,2,0.0
8671,2,630.70854673703
8672,2,0.0
8673,2,330.7614288829
8674,2,538.48152496127
8675,2,5.47198672363
8676,2,212.45375527741
8677,2,326.7958137481
8678,2,0.0
8679,2,0.0
8680,2,0.0
8681,2,6.09963291083
8682,2,78.15334849008
8683,2,237.12906754196
8684,2,595.71049067528
8685,2,625.41792189564
8686,2,640.63543452559
8687,2,640.63543452559
8688,2,0.0
8689,2,593.831444
8690,2,615.122084
8691,2,636.412724
8692,2,635.72796781021
8693,2,0.0
8694,2,0.0
8695,2,630.70854673703
8696,2,0.0
8697,2,330.7614288829
8698,2,538.48152496127
8699,2,5.47198672363
8700,2,212.45375527741
8701,2,326.7958137481
8702,2,0.0
8703,2,0.0
8704,2,0.0
8705,2,6.09963291083
8706,2,78.15334849008
8707,2,237.12906754196
8708,2,595.71049067528
8709,2,625.41792189564
8710,2,640.63543452559
8711,2,640.63543452559
8712,2,0.0
8713,2,593.831444
8714,2,615.122084
8715,2,636.412724
8716,2,635.72796781021
8717,2,0.0
8718,2,0.0
8719,2,630.70854673703
8720,2,0.0
8721,2,330.7614288829
8722,2,538.48152496127
8723,2,5.47198672363
8724,2,212.45375527741
8725,2,326.7958137481
8726,2,0.0
8727,2,0.0
8728,2,0.0
8729,2,6.09963291083
8730,2,78.15334849008
8731,2,237.12906754196
8732,2,595.71049067528
8733,2,625.41792189564
8734,2,640.63543452559
8735,2,640.63543452559
8736,2,0.0
