Hour,Load_Profile
1,88.33744450000002
2,89.133577
3,90.20306030000002
4,88.373456
5,86.9467102
6,88.11409329999998
7,88.4317268
8,88.37807289999999
9,88.4769539
10,88.4450432
11,88.79109230000002
12,86.2093823
13,85.44087650000002
14,83.59044639999999
15,84.8587364
16,86.58767050000002
17,85.90499949999997
18,85.58492629999999
19,87.2202511
20,87.36257970000001
21,86.83504660000001
22,84.8654865
23,88.91054310000001
24,91.73624970000002
25,90.8108669
26,89.71081960000001
27,90.2672643
28,88.8324119
29,89.24204280000001
30,88.72305379999999
31,87.3860297
32,89.37951360000001
33,87.4259765
34,87.03260670000002
35,88.572559
36,88.6939903
37,87.17051710000003
38,87.50703310000002
39,85.42223000000001
40,83.57997680000003
41,83.81162670000002
42,83.64749640000002
43,82.68285980000002
44,81.89624090000001
45,81.5308839
46,80.5839936
47,82.11565999999999
48,82.66352360000002
49,83.3060429
50,84.41289009999998
51,85.0418964
52,85.10961010000001
53,85.18619690000001
54,86.00513770000002
55,85.83041010000001
56,85.2054168
57,83.76392980000001
58,84.56534329999998
59,84.766267
60,84.51919680000002
61,84.14844989999997
62,83.21479709999998
63,81.18257289999998
64,86.0549767
65,85.74439960000001
66,84.46908789999999
67,85.71446050000002
68,85.62857739999998
69,85.49777639999999
70,85.78746999999998
71,86.67538080000003
72,86.50281729999999
73,85.8637259
74,84.79147399999998
75,84.14352550000002
76,84.39570939999997
77,84.93836719999999
78,84.07716719999999
79,82.826164
80,81.30125939999999
81,80.1289435
82,80.5516272
83,81.70767939999998
84,84.68144709999999
85,83.09464990000001
86,83.49287750000002
87,83.50588450000001
88,82.20314299999998
89,83.3724342
90,85.1873869
91,86.77159669999999
92,86.36432939999999
93,85.22758069999999
94,86.1424772
95,85.4564702
96,85.47633269999999
97,83.25819410000004
98,83.54587009999999
99,82.7727795
100,82.49505730000003
101,84.04281930000002
102,83.40605710000001
103,83.8384558
104,85.06491010000002
105,86.4350964
106,87.87417990000002
107,87.87384
108,87.27293719999999
109,87.3414199
110,87.77055560000001
111,87.83508020000001
112,87.2685693
113,85.84109150000002
114,85.0197469
115,85.18370960000001
116,85.62395710000001
117,86.25542110000002
118,85.73903419999998
119,86.03858940000002
120,87.57810329999997
121,89.29909930000002
122,88.98724019999999
123,89.53675229999997
124,87.55523939999999
125,87.27832369999999
126,86.1275292
127,85.6270939
128,85.91524660000002
129,85.65702989999998
130,86.134824
131,88.1150334
132,87.97796290000001
133,87.5153297
134,89.5276974
135,90.21646940000001
136,89.88264699999998
137,89.33857710000001
138,89.97854619999998
139,89.65242250000001
140,90.04613970000001
141,91.38120050000002
142,91.2494103
143,91.29197009999997
144,87.6022298
145,86.76194979999995
146,87.71677630000002
147,86.30212999999999
148,87.2934763
149,88.43515609999999
150,89.21182029999999
151,89.06000900000002
152,90.90704699999999
153,91.60542629999999
154,91.2244869
155,90.5775302
156,90.77119319999997
157,89.10813029999998
158,90.13966440000002
159,90.9063888
160,89.47561020000002
161,89.4006526
162,87.55106610000001
163,87.4183232
164,86.3681076
165,84.7854159
166,86.13235699999998
167,85.61952609999999
168,85.91285069999998
169,85.40532050000002
170,87.23758039999998
171,88.43283089999998
172,88.43498290000001
173,88.2110876
174,87.7435021
175,84.82801610000003
176,84.6056607
177,85.2095498
178,85.89069670000002
179,87.25846319999997
180,89.6977395
181,87.96127019999999
182,90.0916664
183,89.58375099999999
184,88.3870137
185,87.54502780000003
186,84.47663969999999
187,88.56782259999999
188,88.8125634
189,89.24793369999999
190,90.72632199999997
191,90.44588720000002
192,89.7286403
193,87.6986008
194,89.94471779999998
195,87.6111664
196,87.3591471
197,87.053961
198,86.2616932
199,85.0703834
200,84.65457330000001
201,85.094307
202,86.0681638
203,83.53170019999997
204,83.27315249999998
205,83.6464466
206,82.06984310000001
207,80.1779426
208,82.40165700000001
209,86.8090173
210,85.8695327
211,83.8862968
212,83.60743730000002
213,82.2283566
214,83.037947
215,84.0369929
216,84.91654269999997
217,84.2108668
218,84.01681619999998
219,84.409947
220,83.54962640000001
221,83.3327699
222,82.6448207
223,82.820774
224,82.15867329999999
225,84.56205369999999
226,87.20934099999998
227,89.28110740000001
228,87.17804339999999
229,86.5863806
230,85.89098640000002
231,84.3862504
232,81.63572700000002
233,81.52296649999997
234,82.16488030000001
235,82.9288933
236,80.47643339999998
237,79.40685649999999
238,81.02223349999998
239,81.5535235
240,83.70368239999999
241,84.59601390000002
242,85.1267524
243,84.77001420000002
244,83.76673000000001
245,82.15698030000001
246,81.94932589999999
247,80.6562677
248,79.36595590000002
249,78.2373829
250,78.7784639
251,78.44515409999998
252,77.1310092
253,77.3821306
254,77.14356749999997
255,75.04490369999999
256,76.07046000000001
257,79.93867459999998
258,79.40498000000001
259,78.9782804
260,80.09403670000002
261,80.3356236
262,79.48351670000001
263,78.167174
264,78.3687206
265,77.3069367
266,76.9864232
267,76.83534660000001
268,76.54086709999999
269,76.63057970000001
270,76.25730389999998
271,74.2743967
272,73.71071040000002
273,73.7362205
274,74.10991669999999
275,75.43701919999998
276,75.52277350000001
277,76.1417337
278,76.2024806
279,76.55359079999998
280,76.26405979999998
281,74.6068626
282,73.5706536
283,72.7536733
284,74.45250329999998
285,74.20440689999998
286,74.8271806
287,74.9455307
288,77.6196566
289,77.23903080000004
290,77.3507072
291,76.56742349999999
292,76.78620290000002
293,76.85659249999998
294,76.76403700000003
295,75.901113
296,74.3026562
297,73.88765319999999
298,73.31890649999998
299,71.97821710000001
300,71.483243
301,73.7245565
302,79.84062
303,82.35311959999999
304,82.02828009999999
305,80.78769049999998
306,81.10264770000002
307,79.29552039999997
308,78.68137999999999
309,79.91556939999998
310,80.57020630000001
311,82.43520969999999
312,84.0197862
313,83.38836009999999
314,79.22459309999998
315,76.99235350000001
316,75.9392403
317,74.6162601
318,74.58988770000002
319,74.16872319999999
320,73.74462700000002
321,72.2829373
322,71.36086989999998
323,73.52851940000002
324,75.24667369999999
325,77.67073309999999
326,77.35366669999999
327,79.3176328
328,78.48338320000002
329,80.35260289999998
330,78.8789967
331,79.54346030000002
332,80.11020709999998
333,76.1782099
334,77.597896
335,81.0519237
336,80.58338640000002
337,81.79603629999997
338,82.80908930000001
339,83.5930504
340,85.19797729999999
341,80.26571340000001
342,80.2742098
343,77.4029792
344,75.5572794
345,75.21223690000001
346,75.76468329999999
347,77.38563280000001
348,77.07373619999998
349,75.34661740000001
350,77.6401438
351,77.97757700000005
352,78.92323620000002
353,79.96133350000001
354,76.95047699999999
355,76.64224710000002
356,76.44757290000001
357,74.62020720000001
358,76.3129138
359,78.99815050000001
360,80.50792660000002
361,79.37478999999998
362,79.40096060000002
363,77.8936934
364,77.20544859999998
365,76.13814550000001
366,75.28537989999998
367,75.01088280000002
368,72.46114680000001
369,74.0067828
370,73.0660532
371,74.79117339999999
372,77.33784759999999
373,77.69837990000002
374,78.09634910000001
375,79.7197208
376,79.5333704
377,79.81719640000001
378,76.29282319999999
379,78.78365299999997
380,79.81482
381,80.39674649999999
382,83.4220671
383,82.7227499
384,79.359381
385,82.39799379999998
386,86.56500449999999
387,86.34000610000001
388,87.09646610000001
389,86.2614834
390,87.40525359999998
391,83.42126259999999
392,81.4924768
393,81.00894239999998
394,80.3262733
395,79.5376376
396,81.8403292
397,83.88903269999999
398,83.2993129
399,85.017504
400,86.68787950000001
401,84.77192679999999
402,86.80585400000001
403,87.20888350000001
404,87.86223740000001
405,87.72168339999997
406,87.99630639999997
407,86.6434437
408,90.6435466
409,89.12123010000002
410,90.02750900000001
411,88.26023980000001
412,87.0357097
413,88.7939042
414,86.57819880000001
415,83.2807208
416,83.0071394
417,83.99602950000002
418,86.97038280000002
419,89.63109049999998
420,86.4503199
421,86.79343719999997
422,86.48128349999999
423,85.3259425
424,83.6420532
425,83.5847332
426,84.52852220000003
427,88.4027503
428,87.91202939999998
429,88.43136650000001
430,87.69377029999997
431,88.76669949999999
432,88.79727039999999
433,89.28175659999998
434,90.7541333
435,92.3170757
436,90.42246380000002
437,89.9357761
438,88.2830165
439,86.8904065
440,86.53018329999999
441,86.28168360000001
442,86.18600970000001
443,86.79140149999999
444,87.35859020000001
445,88.29479079999999
446,87.08507400000002
447,87.6504641
448,85.20629079999999
449,83.6598632
450,83.21948699999999
451,82.67582060000001
452,85.2331993
453,88.46741089999999
454,87.96755970000001
455,87.7635366
456,87.94810670000003
457,86.94264270000001
458,88.40790640000002
459,89.7947765
460,88.04745310000001
461,86.9943765
462,86.06409570000001
463,84.78617990000002
464,83.24232079999999
465,83.15918620000002
466,82.75771419999998
467,83.2056235
468,84.3533904
469,84.87140809999997
470,87.23038330000001
471,88.25161309999999
472,90.05025089999998
473,90.32267389999998
474,88.50571950000003
475,87.32170670000001
476,87.74699330000001
477,88.6057168
478,88.6354803
479,89.0117056
480,89.859723
481,86.75912690000001
482,87.8240265
483,88.00401389999999
484,85.3022196
485,83.62518770000001
486,83.6435833
487,83.79552050000001
488,84.2803907
489,84.61984039999997
490,83.2802134
491,83.6208734
492,79.28037319999997
493,78.19077690000002
494,78.40475299699999
495,76.95820623200001
496,80.34242079999999
497,79.8154
498,79.8474
499,79.87939999999999
500,79.9114
501,79.9434
502,79.9754
503,80.00739999999999
504,80.0394
505,79.3034
506,79.33539999999999
507,79.36739999999999
508,79.3994
509,79.4314
510,79.4634
511,79.49539999999999
512,79.5274
513,79.6544034
514,79.4522862
515,77.17516609999998
516,76.9876434
517,78.68746289999999
518,78.4040563
519,76.92223679999998
520,75.80774319999999
521,75.46607450000002
522,78.3623994
523,78.120281
524,79.28286
525,83.47839670000002
526,83.76328570000001
527,86.36756359999998
528,87.63401959999999
529,86.51958379999998
530,87.9322302
531,88.2900138
532,82.91122259999999
533,81.2332367
534,80.32330670000002
535,76.44708009999998
536,75.6504863
537,77.0313068
538,76.36880289999998
539,79.45766650000002
540,78.2962764
541,77.62614740000001
542,78.7601993
543,81.76502310000001
544,80.54188710000001
545,81.43166599999999
546,80.57046759999997
547,80.59296999999998
548,81.03615020000001
549,84.99280419999998
550,88.68120340000002
551,89.54637979999998
552,86.7866169
553,86.00889089999998
554,91.4658707
555,93.38264729999997
556,89.73752929999999
557,87.60381299999997
558,87.38160340000003
559,86.9403826
560,86.27901519999999
561,85.78609669999996
562,84.98638749999998
563,86.8276667
564,87.99523409999999
565,89.80157030000002
566,88.08237029999998
567,86.6609031
568,85.1867107
569,81.9754339
570,85.23219229999998
571,94.16440390000002
572,94.27864700000002
573,92.5057298
574,93.99548670000001
575,93.6850939
576,93.806707
577,96.59763710000003
578,96.16323630000002
579,96.2413633
580,94.824297
581,92.92000320000001
582,91.8720243
583,90.9447873
584,90.7824538
585,90.98520959999999
586,91.48449039999998
587,92.8053613
588,93.26441610000002
589,95.5595932
590,88.09377429999999
591,84.53291600000001
592,86.39542710000003
593,85.9781133
594,86.96065999999999
595,88.5005409
596,88.2436435
597,87.85514979999998
598,87.247097
599,86.27695940000001
600,89.87262890000002
601,88.99645330000001
602,89.78928610000001
603,88.8658636
604,88.2425196
605,86.48584679999999
606,86.7586735
607,85.27193930000001
608,84.4189527
609,83.15078989999999
610,83.77715640000002
611,83.1665369
612,83.6026766
613,84.31770279999996
614,87.2510633
615,88.6679259
616,88.803107
617,89.8948095
618,90.5703462
619,91.0041781
620,91.47782710000001
621,91.00785979999999
622,88.66448199999999
623,90.5444465
624,88.76232579999999
625,89.09471980000002
626,89.03586080000001
627,91.0858105
628,91.0754227
629,90.3070996
630,90.04125649999999
631,89.3000294
632,90.56465230000002
633,89.18388619999999
634,90.09016659999999
635,89.7858968
636,91.76288019999998
637,92.16986980000001
638,90.4049459
639,89.74123380000002
640,90.86953010000003
641,91.0182024
642,89.7441733
643,91.12198710000001
644,93.31464260000003
645,94.2325829
646,90.01513770000001
647,91.23315650000002
648,93.1481368
649,92.36938339999999
650,91.64590399999999
651,93.8102161
652,93.25019660000001
653,93.63232719999999
654,93.57049670000004
655,93.70160559999998
656,93.95522109999997
657,92.353061
658,91.94238420000002
659,91.0623744
660,91.10761079999999
661,90.8951167
662,90.72075509999999
663,89.24869089999997
664,88.94313679999998
665,88.32683360000003
666,91.64856739999999
667,91.98270020000002
668,92.95384409999998
669,91.84012010000004
670,92.69766979999999
671,93.7842033
672,94.8652742
673,93.38735989999996
674,95.60359290000002
675,96.17400749999999
676,95.8928721
677,94.33610629999998
678,92.75873270000004
679,91.72952679999999
680,88.9880958
681,87.1525897
682,87.31226330000001
683,89.93197620000001
684,92.26205979999997
685,92.0295826
686,93.13345959999998
687,92.44290690000003
688,92.9631601
689,91.92856460000002
690,92.0565932
691,93.18657660000001
692,92.39335639999997
693,95.03081660000001
694,96.2680132
695,96.8989633
696,97.4008085
697,97.43110680000001
698,96.21984970000001
699,97.98842129999998
700,94.23048049999998
701,92.869294
702,92.72199290000003
703,91.87494590000001
704,90.41993030000003
705,92.1948799
706,92.70582
707,91.65017680000001
708,95.38404329999997
709,96.6433854
710,97.17603289999997
711,95.0687164
712,92.46265980000001
713,95.52999959999998
714,92.59713369999999
715,93.8731603
716,90.05768929999998
717,87.16240640000001
718,88.37917980000002
719,85.8968365
720,79.6600831
721,76.74912659999998
722,75.91890939999999
723,75.7445864
724,74.48789969999999
725,74.4756691
726,72.93525360000001
727,72.4597869
728,71.20973719999999
729,70.3941504
730,70.5309433
731,72.43235630000001
732,77.2626294
733,83.11781039999998
734,82.4179415
735,80.0455279
736,80.42211969999998
737,77.1783566
738,76.25427279999998
739,76.7002407
740,75.2223803
741,76.82921379999999
742,77.0912239
743,74.9920838
744,75.30366620000001
745,73.9108397
746,78.00755989999998
747,78.8734334
748,78.6920331
749,78.13912710000001
750,77.94424960000002
751,77.81286399999999
752,77.5826971
753,77.22251109999999
754,77.21982369999999
755,75.93270460000001
756,76.7054436
757,80.5507755
758,81.9463004
759,82.32318660000001
760,84.7763236
761,84.7803095
762,84.06185349999998
763,83.8311737
764,84.51924930000001
765,83.11340350000002
766,81.35420080000002
767,79.30877590000001
768,76.89712719999999
769,74.35791650000002
770,74.16467269999998
771,74.33798680000001
772,73.00078049999999
773,71.2182937
774,70.74203720000001
775,70.45393669999999
776,70.34774030000003
777,69.92844679999999
778,69.8683038
779,69.50225019999999
780,68.9062598
781,68.82668340000001
782,67.1209031
783,67.71856079999999
784,67.89469659999999
785,68.86946979999999
786,69.66890370000002
787,70.28855949999999
788,70.9391638
789,70.7244695
790,71.12313689999999
791,72.1039595
792,72.7059075
793,72.31103639999999
794,72.37394600000003
795,70.57008259999998
796,70.0945058
797,68.2133497
798,67.2808865
799,67.19174000000001
800,67.12217319999998
801,67.8132932
802,68.97781679999999
803,69.9432027
804,70.8130722
805,69.22345320000001
806,70.2371673
807,82.20281039999999
808,91.2116905
809,91.59260990000001
810,93.3092245
811,76.08468029999999
812,74.9317969
813,75.69045569999999
814,74.8425671
815,75.56078319999999
816,76.81645919999998
817,75.0524567
818,71.50703679999998
819,73.95163029999999
820,75.23018640000001
821,73.56818709999999
822,73.8915198
823,73.17878409999999
824,72.6403962
825,70.712673
826,68.24635329999998
827,71.61938310000002
828,75.4347967
829,75.34194640000001
830,76.85817689999998
831,78.09749910000001
832,77.87056020000001
833,79.11912280000001
834,79.0712639
835,85.23503020000003
836,86.29993139999999
837,84.06915629999999
838,83.87968999999998
839,82.84824739999996
840,81.38846360000001
841,79.39404649999999
842,78.0873104
843,80.3459661
844,81.04654680000002
845,79.36731350000001
846,79.01763019999997
847,78.4572065
848,78.00370370000002
849,76.8430099
850,75.89490970000001
851,75.39403320000001
852,76.8809674
853,79.02588349999999
854,79.82887290000001
855,79.7776402
856,80.62297999999998
857,78.8070162
858,76.41681649999998
859,78.83028040000002
860,79.56331009999998
861,78.5749868
862,76.93047649999998
863,76.90483699999999
864,76.29813959999998
865,73.86698620000001
866,72.9414366
867,72.77609629999999
868,72.30682569999999
869,73.04425670000002
870,72.9989065
871,72.74197300000002
872,72.67838349999998
873,72.19837030000002
874,72.30370309999999
875,73.01290009999998
876,73.80089300000002
877,75.03871380000001
878,75.59163639999998
879,75.45904030000001
880,75.02947989999998
881,76.91465
882,78.12911330000003
883,77.98984390000001
884,77.48078980000003
885,76.62358730000001
886,76.14100669999999
887,78.08873089999999
888,78.7419745
889,77.98975
890,76.86704429999999
891,75.00645630000001
892,74.04889680000001
893,73.70117640000001
894,73.57721350000001
895,73.36614850000001
896,72.90747650000002
897,72.32494340000002
898,71.87954309999999
899,73.73886409999999
900,73.5334478
901,71.1798398
902,72.7775802
903,74.27873999999998
904,72.60673
905,74.36822319999999
906,74.52676020000001
907,76.77364689999999
908,76.4526196
909,75.51295370000001
910,76.39209940000002
911,77.3812473
912,77.59577389999998
913,79.4385239
914,74.70807289999999
915,74.3079933
916,75.9937694
917,77.485067
918,75.98878069999999
919,75.2857965
920,75.4402263
921,75.90107990000001
922,76.19521069999999
923,75.98946269999999
924,78.18010240000001
925,79.7252642
926,79.4413434
927,80.75601600000002
928,82.39775570000002
929,82.4671565
930,83.1092529
931,82.02248099999998
932,82.22373389999998
933,75.96138680000003
934,75.1280533
935,74.40713949999999
936,77.8425763
937,78.97560709999999
938,79.1869801
939,79.41151699999999
940,76.6462531
941,79.92182350000002
942,80.06405880000001
943,79.87939589999999
944,79.99869980000001
945,80.27104970000002
946,80.0426444
947,80.2056178
948,80.78065019999998
949,81.1953026
950,80.91985329999997
951,80.13026289999999
952,78.08905709999998
953,78.59233370000001
954,82.47554279999999
955,83.52056929999999
956,83.5173708
957,82.8919369
958,76.45527730000002
959,76.70427009999999
960,79.01180360000001
961,78.1688294
962,77.4333964
963,77.6772928
964,79.0020496
965,75.84680000000003
966,73.877219
967,74.4475595
968,74.0065602
969,74.0463329
970,73.96749060000002
971,74.493867
972,70.2004471
973,65.04711979999999
974,67.18411730000001
975,70.8500774
976,70.99357969999998
977,75.0683366
978,77.8959502
979,76.6296925
980,75.15979010000001
981,72.5487097
982,72.7770595
983,73.77141349999998
984,75.41623269999998
985,74.45086669999999
986,75.3918343
987,74.06218000000001
988,73.50590150000001
989,72.1417068
990,72.68518570000002
991,74.2314832
992,73.85486970000001
993,73.6123471
994,73.18898279999999
995,74.25237989999998
996,76.11203040000001
997,76.49196049999999
998,72.3228762
999,75.2286997
1000,74.0209631
1001,74.48097320000001
1002,71.9703604
1003,73.18540979999997
1004,72.54923299999999
1005,70.75706689999998
1006,68.73357050000001
1007,69.9960301
1008,72.52506709999997
1009,72.7394504
1010,73.76203699999998
1011,74.72085979999999
1012,74.1322774
1013,73.41990679999999
1014,73.8665503
1015,72.2097197
1016,70.88442949999998
1017,69.810784
1018,69.6910201
1019,70.92572309999998
1020,70.10221629999998
1021,74.20293269999999
1022,72.725037
1023,74.20225319999999
1024,78.23553940000001
1025,78.3939666
1026,78.73547040000001
1027,78.8619962
1028,80.26862999999999
1029,81.967973
1030,81.6339676
1031,80.3270471
1032,80.1886572
1033,77.73543049999999
1034,81.00619680000001
1035,78.0169733
1036,79.22773349999999
1037,79.7426329
1038,79.6994826
1039,82.06839699999999
1040,81.1214336
1041,81.44372290000003
1042,84.66986630000001
1043,85.1723739
1044,84.5551169
1045,82.67230889999999
1046,80.92011039999998
1047,82.2766195
1048,82.18285270000001
1049,81.75883110000001
1050,81.05258380000001
1051,82.60093300000003
1052,83.10736309999999
1053,83.76819789999999
1054,83.29709290000002
1055,79.4380999
1056,77.5798231
1057,76.4340558
1058,78.37903029999998
1059,78.1434376
1060,79.6114139
1061,79.86114010000001
1062,82.6362625
1063,81.23896000000002
1064,81.20045009999998
1065,81.36628329999999
1066,81.14741030000002
1067,87.49656330000002
1068,93.10435279999999
1069,93.4937062
1070,90.66812660000001
1071,84.09536119999999
1072,81.8926727
1073,81.03704710000002
1074,83.39635299999998
1075,84.6511133
1076,81.49311290000003
1077,80.06698930000002
1078,76.50019329999999
1079,75.59656980000001
1080,72.61743030000001
1081,70.86398610000002
1082,71.18282999999998
1083,71.48088270000002
1084,72.7654532
1085,71.97223369999998
1086,71.97033289999999
1087,71.05754380000002
1088,71.02042680000001
1089,70.92592749999997
1090,71.16901740000002
1091,72.89600630000002
1092,74.8344159
1093,77.6342724
1094,74.6544361
1095,70.98702730000001
1096,73.19292060000001
1097,70.8186695
1098,75.87620259999998
1099,80.1791365
1100,77.01328969999997
1101,73.9515036
1102,71.9886529
1103,71.4314933
1104,71.7750132
1105,70.56427409999998
1106,72.4013728
1107,73.31806700000001
1108,73.6806909
1109,72.6517411
1110,72.80321749999999
1111,72.38869039999999
1112,71.30173330000001
1113,70.23347659999999
1114,70.25018669999999
1115,70.40765989999998
1116,69.4815978
1117,69.62521000000002
1118,70.8537165
1119,73.0561274
1120,71.2932929
1121,68.69424070000001
1122,68.2277196
1123,69.52094279999997
1124,68.90878350000001
1125,70.07411280000002
1126,71.54219930000001
1127,72.16768680000001
1128,71.68286989999999
1129,68.49568699999999
1130,64.4535801
1131,64.5105501
1132,65.8261034
1133,70.57002730000002
1134,69.6836536
1135,71.58811030000001
1136,66.8735369
1137,65.10527669999999
1138,65.43138040000002
1139,66.4584399
1140,66.28052280000001
1141,64.22274349999999
1142,64.6174862
1143,65.9287499
1144,65.0432768
1145,65.14362229999999
1146,66.9528928
1147,67.3658232
1148,68.32563630000001
1149,71.40654269999999
1150,71.28707390000001
1151,72.85735000000001
1152,74.6726334
1153,73.75588669999999
1154,72.6543364
1155,72.58810700000001
1156,71.4988037
1157,72.09308630000001
1158,72.4915498
1159,69.5461803
1160,69.3282231
1161,69.7022496
1162,69.18831959999999
1163,67.7820701
1164,67.9126668
1165,69.53955729999998
1166,67.3838776
1167,70.97199360000002
1168,77.10063180000002
1169,77.9282268
1170,74.14069690000001
1171,71.40872630000001
1172,76.87897960000001
1173,76.2546098
1174,74.38866960000001
1175,71.8428931
1176,74.55544719999999
1177,72.6706629
1178,78.37220939999999
1179,75.61369289999998
1180,75.04931090000001
1181,74.8003697
1182,73.70994680000003
1183,73.9488943
1184,73.56498389999997
1185,72.05962339999999
1186,71.1971775
1187,70.5282568
1188,69.70790309999998
1189,70.5542334
1190,73.97866990000001
1191,74.6757665
1192,73.88232740000001
1193,77.62840349999999
1194,76.15135050000002
1195,79.3642204
1196,79.0732963
1197,76.6720966
1198,77.2895901
1199,77.3025236
1200,78.63479719999998
1201,79.2397524
1202,80.68811299999999
1203,80.80701479999998
1204,82.72298399999998
1205,81.61798660000002
1206,79.83885360000001
1207,75.5114806
1208,72.1379169
1209,70.37530430000001
1210,70.00389650000001
1211,73.39060339999999
1212,76.04679909999997
1213,75.08788290000003
1214,73.7897263
1215,73.6155494
1216,77.14903279999999
1217,77.64101659999999
1218,75.99361090000001
1219,76.4299695
1220,76.4305459
1221,73.3781103
1222,75.75402700000001
1223,77.14511360000002
1224,78.3031837
1225,79.49443990000002
1226,81.22209090000001
1227,81.438157
1228,82.2260398
1229,82.3677109
1230,80.71324429999999
1231,80.28082339999996
1232,75.74917949999997
1233,74.3504471
1234,72.7070372
1235,72.696136
1236,74.25908069999997
1237,75.7930197
1238,77.87402739999999
1239,79.80946730000001
1240,79.07604990000002
1241,79.97041380000002
1242,81.41983739999999
1243,80.6300257
1244,80.57773039999998
1245,79.85578929999997
1246,79.6690368
1247,78.7297734
1248,79.5015232
1249,80.68585089999996
1250,82.29466240000002
1251,82.50486280000001
1252,80.10553320000002
1253,78.90839269999998
1254,78.84760650000001
1255,77.96869600000002
1256,74.89220620000002
1257,74.0822296
1258,73.6281766
1259,75.24710990000001
1260,76.0341133
1261,79.9080105
1262,84.6067236
1263,84.2002267
1264,94.52342369999998
1265,89.2140435
1266,87.18555909999999
1267,84.84797569999998
1268,86.6329363
1269,87.16019429999997
1270,87.26365630000001
1271,85.46522009999998
1272,84.283847
1273,82.5150032
1274,81.81410960000001
1275,79.4356065
1276,76.94923080000004
1277,76.00883010000003
1278,73.94886619999998
1279,74.33323270000001
1280,74.05748980000003
1281,73.826297
1282,73.5896039
1283,74.4345771
1284,76.2364767
1285,76.3455141
1286,76.8939275
1287,76.2752404
1288,76.9355238
1289,77.91895059999999
1290,76.5652067
1291,75.83278040000002
1292,76.13596649999998
1293,75.6566129
1294,76.3790832
1295,75.55883910000001
1296,74.38351680000001
1297,75.8028772
1298,75.56196680000002
1299,73.12688589999999
1300,70.78915710000001
1301,72.39305630000001
1302,71.22842080000002
1303,71.2189865
1304,70.51985379999999
1305,69.13024979999999
1306,68.56022030000001
1307,68.5287501
1308,67.6062435
1309,70.9896491
1310,73.65068609999999
1311,75.85639549999999
1312,76.75761619999999
1313,79.69226020000002
1314,82.37683669999998
1315,82.6418166
1316,81.88922349999996
1317,80.10824009999997
1318,78.6683309
1319,79.4100864
1320,79.63810769999999
1321,80.32827650000002
1322,78.26892049999996
1323,77.38623290000001
1324,76.4979735
1325,75.7118303
1326,75.5276236
1327,74.9584362
1328,73.8409012
1329,77.68385059999999
1330,79.62581540000001
1331,81.62853970000002
1332,87.28953390000001
1333,87.1108103
1334,77.1177039
1335,77.90698049999997
1336,79.26147309999999
1337,81.05871730000001
1338,80.77864720000002
1339,80.3157564
1340,81.08534279999998
1341,77.4202068
1342,77.10354300000002
1343,77.551491
1344,78.2203174
1345,76.71389669999998
1346,76.92948659999999
1347,78.97617359999998
1348,80.16621620000002
1349,79.91328050000003
1350,79.30583039999999
1351,79.44962609999999
1352,78.53060269999999
1353,78.10570010000002
1354,76.4419764
1355,74.00957380000001
1356,74.1115327
1357,75.288669
1358,74.4278736
1359,77.215263
1360,79.1250372
1361,78.307653
1362,81.3415897
1363,82.18205300000001
1364,81.34457600000002
1365,80.73018090000001
1366,80.7717872
1367,81.4120869
1368,80.8811804
1369,80.5557565
1370,81.34771009999999
1371,82.7010301
1372,83.03553020000001
1373,81.93101030000003
1374,81.08346619999999
1375,81.01855669999999
1376,77.29380029999999
1377,75.00597320000003
1378,85.5704731
1379,87.1131408
1380,83.24486939999997
1381,82.6312422
1382,81.3989762
1383,80.4879097
1384,77.8776367
1385,77.20790980000001
1386,79.1423602
1387,78.13757283000001
1388,80.78478670000001
1389,80.99898300000004
1390,81.4105207
1391,82.75852379999999
1392,82.25592385
1393,81.49739239999998
1394,80.397089665
1395,79.8341367
1396,79.25046600000002
1397,75.199853565
1398,74.23490280000001
1399,73.077987
1400,66.92200980999999
1401,40.09758322
1402,37.86229999999999
1403,37.89429999999999
1404,37.92629999999999
1405,37.95829999999999
1406,35.993946715999996
1407,57.10788669000001
1408,65.92870302000001
1409,64.71322953999999
1410,64.4670767
1411,64.45581
1412,64.48803000000001
1413,64.4757732
1414,64.4195533
1415,64.6264534
1416,65.0433433
1417,64.53605350000001
1418,64.47272000000001
1419,64.54219300000001
1420,64.5671533
1421,64.61668
1422,64.63160990000002
1423,64.73566000000001
1424,64.83080000000001
1425,64.50988330000001
1426,72.7948162
1427,75.25843979999999
1428,77.7482072
1429,77.0822933
1430,75.9789101
1431,78.2397679
1432,78.3842228
1433,80.0141195
1434,80.03600039999999
1435,86.6051898
1436,88.99723959999999
1437,91.2763927
1438,83.73533280000002
1439,83.78584990000002
1440,83.51175640000002
1441,82.97395960000001
1442,83.1590432
1443,83.4519999
1444,82.8607393
1445,83.2939095
1446,81.70419589999999
1447,79.10708759999999
1448,79.32905749999999
1449,78.5048901
1450,79.34916709999997
1451,78.3954563
1452,77.9558869
1453,78.57246350000001
1454,78.0102802
1455,78.1165673
1456,79.13075650000002
1457,78.36243270000001
1458,79.28044680000002
1459,80.5480391
1460,81.68605299999999
1461,81.2827106
1462,82.04338580000001
1463,80.8251265
1464,81.9777332
1465,81.2528999
1466,80.35041349999997
1467,80.08017020000001
1468,80.25869019999996
1469,78.9423104
1470,77.75526899999998
1471,77.65042899999999
1472,76.7688432
1473,74.78754950000001
1474,76.10178319999999
1475,78.4131314
1476,79.0238772
1477,78.48409710000001
1478,78.71626020000001
1479,79.5633234
1480,80.5343202
1481,78.8505765
1482,79.53142949999999
1483,80.6018301
1484,79.4386797
1485,80.3708468
1486,80.05766679999999
1487,80.34365730000002
1488,80.16548290000003
1489,79.55538020000003
1490,78.5775795
1491,77.04706630000001
1492,77.96515330000003
1493,78.36968580000003
1494,76.8372462
1495,78.3083403
1496,77.45388710000002
1497,78.2998864
1498,76.24980610000001
1499,75.0621265
1500,71.94255309999998
1501,70.87081239999999
1502,71.20171979999999
1503,72.60109470000002
1504,72.6901465
1505,73.1061931
1506,73.6905036
1507,73.82172320000002
1508,73.55551290000001
1509,73.5023723
1510,73.7776206
1511,74.82822069999999
1512,76.46178379999999
1513,75.6974973
1514,76.1337833
1515,76.0109765
1516,76.81514109999999
1517,76.49891649999998
1518,76.12386020000001
1519,76.10988080000001
1520,76.12398660000001
1521,75.379534
1522,74.56302970000002
1523,72.1371168
1524,70.21852330000002
1525,70.82344
1526,70.9855703
1527,69.18548270000001
1528,69.02678000000002
1529,68.3352003
1530,68.9525107
1531,68.90278029999999
1532,68.57464010000002
1533,68.54225310000002
1534,68.631013
1535,69.14136690000001
1536,71.0592794
1537,69.83097620000001
1538,68.7294633
1539,68.67863299999999
1540,68.2840159
1541,68.1233338
1542,67.85574729999999
1543,68.13913269999999
1544,68.51741439999999
1545,68.18586250000001
1546,68.0447605
1547,67.33679000000001
1548,67.41044380000001
1549,68.5020005
1550,68.89777070000001
1551,68.94465650000001
1552,69.37603010000001
1553,69.5499676
1554,69.8836596
1555,69.5871639
1556,69.38504670000002
1557,69.89624329999998
1558,70.4173396
1559,70.30128
1560,72.36919629999998
1561,71.5255262
1562,70.03904979999997
1563,69.15925980000002
1564,69.0309534
1565,68.87518429999999
1566,68.46470690000001
1567,67.83274650000001
1568,68.0756528
1569,69.03264320000001
1570,67.96519320000002
1571,68.0630469
1572,69.4089609
1573,71.0032532
1574,70.31688009999999
1575,70.8844334
1576,71.66102339999999
1577,75.25694949999998
1578,73.7955889
1579,74.0992903
1580,72.7063866
1581,73.09834379999998
1582,73.076884
1583,72.05860300000002
1584,72.57104609999999
1585,72.11105659999998
1586,72.10774699999999
1587,71.26356019999999
1588,70.75494699999999
1589,70.6083065
1590,69.1663958
1591,68.5788044
1592,69.1509032
1593,68.4745031
1594,67.7223508
1595,72.58510980000003
1596,73.26468009999999
1597,74.01871960000001
1598,74.1970563
1599,72.62925290000001
1600,72.77059280000002
1601,72.5135866
1602,71.7322839
1603,71.2585034
1604,71.7702498
1605,70.9050155
1606,70.46944289999999
1607,70.83386309999999
1608,71.7314167
1609,70.9108836
1610,71.2780169
1611,71.07109600000003
1612,70.384393
1613,70.1854298
1614,70.67669679999999
1615,70.1926864
1616,70.31228369999998
1617,69.74067699999998
1618,69.3642837
1619,69.2293762
1620,69.10788980000001
1621,69.14671000000001
1622,68.55141719999997
1623,69.02748770000001
1624,68.58813679999999
1625,68.61412320000001
1626,68.83719339999999
1627,68.69502670000001
1628,68.92143270000001
1629,68.9476035
1630,68.9660364
1631,68.46790969999999
1632,69.34892660000001
1633,67.1981636
1634,67.14850659999999
1635,67.21724649999999
1636,67.1818532
1637,67.22316579999999
1638,67.57583300000002
1639,67.6098131
1640,67.65574740000001
1641,67.47687640000001
1642,67.28330429999998
1643,67.2628697
1644,67.47798350000001
1645,68.8436605
1646,68.85465080000002
1647,68.6200837
1648,70.0289161
1649,69.78353349999999
1650,69.9953831
1651,70.4762202
1652,70.8937337
1653,71.2790905
1654,71.08683570000001
1655,73.2864233
1656,73.331807
1657,73.24621950000001
1658,72.34754790000002
1659,73.78318349999998
1660,72.6087036
1661,71.07654
1662,70.50451
1663,70.51828680000001
1664,69.7568561
1665,69.92467090000001
1666,70.34064380000001
1667,71.2080561
1668,70.6089858
1669,69.17468659999999
1670,69.3542333
1671,69.41622760000001
1672,68.95769960000001
1673,71.5054734
1674,70.5243365
1675,70.01884050000001
1676,67.8167038
1677,68.03456659999999
1678,68.11500300000002
1679,68.2245164
1680,68.9696467
1681,66.7066831
1682,66.57896430000001
1683,67.48230989999999
1684,67.91918280000002
1685,68.0012336
1686,67.5502404
1687,67.3758795
1688,66.7473304
1689,66.74886030000002
1690,66.58714900000001
1691,66.3733367
1692,66.0664265
1693,66.4713631
1694,67.35861379999999
1695,73.9247962
1696,74.98877960000002
1697,75.6750962
1698,75.9400036
1699,74.0777292
1700,73.93574620000001
1701,74.43187379999999
1702,69.06855640000002
1703,68.08983989999999
1704,67.23912639999999
1705,65.91989039999999
1706,67.6985063
1707,68.70389730000001
1708,68.4179596
1709,68.7834064
1710,67.75275090000001
1711,68.45985669999999
1712,68.75919269999999
1713,68.84707329999999
1714,68.3836343
1715,67.8337332
1716,69.43448029999998
1717,68.6780734
1718,69.27741689999998
1719,71.25560940000001
1720,72.3703404
1721,73.97900590000002
1722,74.5720071
1723,73.9035995
1724,73.1057234
1725,74.33107590000002
1726,74.10607880000002
1727,75.21347760000003
1728,78.64656640000001
1729,77.36047620000001
1730,78.292167
1731,79.0415868
1732,79.92421619999999
1733,79.28558309999998
1734,79.11043239999998
1735,77.14721699999998
1736,75.23188669999998
1737,75.11766010000001
1738,75.1985732
1739,74.09343
1740,73.92816350000001
1741,74.45435630000001
1742,75.08713960000001
1743,75.59169940000001
1744,76.88341959999998
1745,77.63797380000001
1746,79.62379409999998
1747,80.92354359999999
1748,80.36557579999996
1749,79.01946050000001
1750,77.95915940000002
1751,78.59729639999998
1752,80.14861700000002
1753,78.68106370000001
1754,78.2217667
1755,77.69438049999998
1756,77.56262669999998
1757,77.08250330000001
1758,76.94266349999998
1759,77.28288289999996
1760,77.41901690000002
1761,77.3961629
1762,76.8485731
1763,77.8814274
1764,77.54595350000001
1765,77.8174238
1766,78.6345672
1767,76.00255009999998
1768,76.4088801
1769,72.86166300000001
1770,74.03238259999999
1771,74.84017709999999
1772,75.20287300000001
1773,75.2385395
1774,73.0711266
1775,74.6247943
1776,75.97077960000001
1777,75.34967640000002
1778,76.35565299999999
1779,76.43147179999998
1780,76.08136649999999
1781,75.75487660000002
1782,75.43364670000004
1783,74.68072299999999
1784,74.3436002
1785,74.25929319999999
1786,75.86634659999999
1787,78.25029300000001
1788,78.9726167
1789,78.8318432
1790,78.1120306
1791,77.2941705
1792,77.06572689999997
1793,76.87472019999998
1794,76.66889919999998
1795,76.5636572
1796,77.05934280000001
1797,76.9961933
1798,76.8521936
1799,76.4444871
1800,75.7838527
1801,75.40749940000002
1802,75.45706309999998
1803,75.3820331
1804,74.71040020000001
1805,72.95717359999999
1806,73.04884619999999
1807,72.35345290000002
1808,71.6683635
1809,72.30972659999999
1810,72.44890350000001
1811,72.96559960000002
1812,73.11903990000002
1813,73.4336671
1814,74.65693059999998
1815,74.80373319999998
1816,75.44784619999999
1817,76.61937310000002
1818,77.36058009999999
1819,76.40012270000001
1820,76.8041794
1821,76.24844979999999
1822,78.51466059999998
1823,78.50045940000003
1824,80.11040949999997
1825,79.41325950000001
1826,79.62173750000001
1827,80.63856659999999
1828,80.17409929999998
1829,79.83019330000002
1830,77.9495664
1831,77.39981339999999
1832,77.27664010000004
1833,77.66309639999999
1834,78.0444553
1835,77.57217950000003
1836,79.69769979999998
1837,79.89367299999998
1838,79.24389420000001
1839,80.62148640000001
1840,80.21238719999998
1841,79.8783069
1842,80.1846836
1843,79.79688639999999
1844,79.61907969999999
1845,78.87594639999999
1846,78.7823268
1847,80.09014340000002
1848,81.0309997
1849,80.9101759
1850,80.78462000000002
1851,80.23846019999998
1852,79.89822
1853,79.7871836
1854,79.84215379999999
1855,79.29269260000001
1856,78.74730399999999
1857,78.36837940000002
1858,80.07197589999996
1859,83.0448998
1860,82.40465259999998
1861,80.2635672
1862,79.2065652
1863,81.71730690000001
1864,80.6837371
1865,80.15957610000001
1866,80.07024650000001
1867,77.9756898
1868,75.9530364
1869,77.1314204
1870,79.2091264
1871,79.32601109999999
1872,78.91254709999998
1873,79.143064
1874,77.24206989999999
1875,76.06762770000002
1876,75.4309369
1877,75.5217858
1878,75.0417166
1879,74.89636030000001
1880,74.07607999999999
1881,74.1882697
1882,74.21333929999999
1883,75.2083164
1884,74.3364838
1885,73.67819630000001
1886,73.75844920000002
1887,74.08997949999998
1888,73.97872380000001
1889,74.23369290000001
1890,74.2611464
1891,73.9532833
1892,73.2498597
1893,73.6140239
1894,72.08013629999999
1895,70.23454629999999
1896,72.21673679999999
1897,73.03227030000002
1898,73.3263633
1899,73.2388667
1900,73.22356669999999
1901,73.1835533
1902,73.5489434
1903,73.26825
1904,73.30751
1905,73.32598
1906,73.35948330000001
1907,73.39394
1908,73.4223466
1909,73.4604333
1910,73.4818367
1911,73.51313999999999
1912,73.7479434
1913,73.73040660000001
1914,73.91933999999999
1915,74.3271367
1916,73.7059567
1917,75.42301050000002
1918,75.597571
1919,76.0753996
1920,76.75016660000003
1921,76.4997997
1922,76.4074272
1923,75.4890269
1924,74.74578289999998
1925,74.94501920000002
1926,74.68920350000002
1927,74.74998739999998
1928,75.2945505
1929,77.45611400000001
1930,76.35408590000002
1931,77.98999640000001
1932,78.15352049999998
1933,77.82376590000001
1934,79.25316930000001
1935,77.49756049999999
1936,76.22074460000002
1937,75.55879030000001
1938,76.0083504
1939,77.82264279999998
1940,76.91883659999999
1941,78.39579690000001
1942,80.08149960000001
1943,82.6168801
1944,82.8229734
1945,80.6561864
1946,80.1632663
1947,79.71313689999998
1948,80.2654003
1949,79.3594296
1950,80.1453138
1951,79.99731620000001
1952,80.428507
1953,80.7874999
1954,82.30134659999999
1955,82.7968872
1956,81.70135010000001
1957,80.64416629999998
1958,78.35296710000001
1959,80.5990105
1960,79.31115700000001
1961,78.88665709999998
1962,77.59990290000003
1963,79.00924969999998
1964,78.2705163
1965,76.21214990000001
1966,75.5554037
1967,75.8004
1968,75.2320937
1969,74.8120327
1970,74.02665979999999
1971,74.02302060000001
1972,74.18456339999997
1973,74.10736940000001
1974,73.95117700000002
1975,73.77362529999999
1976,73.26607709999999
1977,73.07162380000001
1978,76.398269
1979,76.5470541
1980,77.28782019999998
1981,76.84905689999998
1982,76.5361332
1983,76.42575679999999
1984,77.11948019999998
1985,75.91709740000003
1986,76.4740164
1987,77.326947
1988,79.32750739999999
1989,79.19014389999998
1990,80.2185593
1991,81.2072294
1992,82.82781350000002
1993,80.67693979999999
1994,78.9993941
1995,76.50850710000002
1996,76.840403
1997,76.3603539
1998,76.401867
1999,75.7855632
2000,75.6080862
2001,74.8734231
2002,73.67712700000001
2003,75.82409679999999
2004,77.99706439999999
2005,76.60658009999999
2006,76.6148931
2007,79.09102029999998
2008,79.65996650000001
2009,80.3181606
2010,81.178974
2011,81.96729629999999
2012,81.01666680000002
2013,81.06303969999999
2014,78.60966300000001
2015,77.96725380000001
2016,76.81744950000001
2017,75.9449956
2018,76.59831260000001
2019,77.61679280000001
2020,76.42405409999999
2021,75.81248010000003
2022,72.5136233
2023,70.2781573
2024,70.00582389999998
2025,70.28708289999999
2026,73.38009039999999
2027,75.25268380000003
2028,76.7984673
2029,77.43084720000003
2030,77.39739699999998
2031,76.54811349999997
2032,76.34005630000001
2033,76.62846709999997
2034,76.98240059999999
2035,76.33203289999999
2036,72.6795461
2037,72.43676690000001
2038,71.8141196
2039,71.32413380000001
2040,71.626404
2041,71.85897359999998
2042,72.37365360000001
2043,71.3062396
2044,72.29087589999999
2045,71.1942036
2046,71.65705309999998
2047,70.79145299999999
2048,70.97851709999999
2049,70.55969999999999
2050,70.5917
2051,70.6237
2052,70.6557
2053,70.68769999999999
2054,70.7197
2055,70.7517
2056,70.7837
2057,70.81569999999999
2058,70.8477
2059,70.8797
2060,70.9117
2061,70.94369999999999
2062,70.9757
2063,71.0077
2064,71.0397
2065,70.3277
2066,70.3597
2067,70.3917
2068,70.4237
2069,70.4557
2070,70.4637
2071,70.4957
2072,70.5277
2073,70.55969999999999
2074,70.5917
2075,70.6237
2076,70.6557
2077,70.68769999999999
2078,70.7197
2079,70.7517
2080,70.7837
2081,70.81569999999999
2082,70.8477
2083,70.8797
2084,70.9117
2085,70.94369999999999
2086,70.9757
2087,71.0077
2088,71.0397
2089,70.3277
2090,70.3597
2091,70.3917
2092,70.4237
2093,70.4557
2094,70.4637
2095,70.4957
2096,70.5277
2097,70.55969999999999
2098,70.5917
2099,70.6237
2100,70.6557
2101,70.68769999999999
2102,70.7197
2103,70.7517
2104,70.7837
2105,70.81569999999999
2106,70.8477
2107,70.8797
2108,70.9117
2109,70.94369999999999
2110,70.9757
2111,71.0077
2112,71.0397
2113,70.3277
2114,70.3597
2115,70.3917
2116,70.4237
2117,70.4557
2118,70.4637
2119,70.4957
2120,70.5277
2121,70.55969999999999
2122,70.5917
2123,70.6237
2124,70.6557
2125,70.68769999999999
2126,70.7197
2127,70.7517
2128,70.7837
2129,70.81569999999999
2130,70.8477
2131,70.8797
2132,70.9117
2133,70.94369999999999
2134,70.9757
2135,71.0077
2136,71.0397
2137,70.3277
2138,70.3597
2139,70.3917
2140,70.4237
2141,70.4557
2142,70.4637
2143,70.4957
2144,70.5277
2145,70.55969999999999
2146,70.5917
2147,70.6237
2148,70.6557
2149,70.68769999999999
2150,70.7197
2151,70.7654866
2152,71.05444659999999
2153,71.0931568
2154,71.12094
2155,71.0975
2156,70.9712466
2157,70.93009669999999
2158,70.8933833
2159,70.85875999999999
2160,70.92761
2161,70.23233
2162,70.3115201
2163,70.63183000000001
2164,70.2850267
2165,70.31427670000001
2166,70.33984
2167,70.3546434
2168,70.3910066
2169,70.4233733
2170,71.09825039999998
2171,80.0795209
2172,79.0445201
2173,77.4447065
2174,78.82622310000002
2175,76.10880999999998
2176,73.30141696
2177,77.45966260000002
2178,75.90784659999998
2179,77.32012569999999
2180,77.20560650000002
2181,75.54632010000002
2182,73.70923639999998
2183,73.8669307
2184,74.79238600000001
2185,75.35704739999997
2186,76.42697030000001
2187,75.85444639999999
2188,75.81901619999998
2189,76.6480028
2190,76.5460766
2191,76.01469339999998
2192,75.79919319999999
2193,75.6349902
2194,75.8697924
2195,76.45740300000001
2196,79.97006009999998
2197,80.92415329999996
2198,77.44865639999999
2199,76.9411419
2200,79.8712028
2201,81.80272029999999
2202,81.21553059999998
2203,79.1672458
2204,78.2873823
2205,75.25005319999998
2206,75.3041397
2207,76.22019710000001
2208,76.5286997
2209,71.8400892
2210,70.4435942
2211,70.47229420000001
2212,71.66538089999999
2213,71.01567400000002
2214,70.5706943
2215,70.0612735
2216,70.3101936
2217,69.7728693
2218,71.87543600000001
2219,74.937497
2220,76.51598630000002
2221,79.62710639999997
2222,78.37335350000001
2223,76.83811009999998
2224,76.85438009999999
2225,79.07192959999999
2226,79.00548349999998
2227,80.37005990000002
2228,78.62556070000002
2229,78.18745549999998
2230,76.40068050000002
2231,75.84194290000002
2232,75.5658697
2233,74.39150350000001
2234,76.75293609999999
2235,75.98663020000002
2236,75.9337839
2237,74.35321979999999
2238,72.88175589999999
2239,71.38956049999999
2240,70.34073679999999
2241,70.1139431
2242,70.77650059999999
2243,73.04865079999999
2244,80.78372879999999
2245,80.40169039999999
2246,79.56417649999999
2247,77.8807992
2248,77.86887359999999
2249,76.62315519999999
2250,76.38931699999999
2251,76.476427
2252,76.29381740000001
2253,75.6730771
2254,74.73986280000001
2255,75.76013980000002
2256,75.33340419999998
2257,73.53669359999999
2258,72.69613629999998
2259,72.2266844
2260,71.41564330000003
2261,70.9845431
2262,70.65198269999999
2263,69.6574257
2264,66.0469236
2265,67.5833575
2266,66.6123035
2267,68.64241730000002
2268,72.4264454
2269,72.36644779999999
2270,72.31279390000002
2271,72.05967279999999
2272,73.1935067
2273,72.21460630000003
2274,70.14476300000001
2275,69.59207660000001
2276,71.06133770000001
2277,69.64757039999999
2278,69.91441989999998
2279,69.113024
2280,69.3933663
2281,68.24679309999999
2282,68.1228866
2283,67.82484980000001
2284,68.2384764
2285,68.5660465
2286,68.1282905
2287,68.2519939
2288,68.4770433
2289,69.0957097
2290,69.231256
2291,69.93374410000001
2292,69.54557970000002
2293,70.2776571
2294,71.47851670000001
2295,71.25575650000002
2296,70.80265700000001
2297,71.83594950000001
2298,72.1586439
2299,71.7852566
2300,71.36669690000001
2301,71.10895670000001
2302,71.0907596
2303,70.93092050000003
2304,68.0668399
2305,66.6114232
2306,66.8534864
2307,67.0130871
2308,66.60516079999998
2309,66.4096431
2310,66.4026468
2311,65.98735049999999
2312,66.8120836
2313,64.8973399
2314,66.21846640000001
2315,65.53828969999999
2316,67.00403050000001
2317,68.2694968
2318,69.5426998
2319,70.0660334
2320,70.6903829
2321,70.03150930000001
2322,70.0532061
2323,70.0122411
2324,69.69851010000001
2325,70.13868279999998
2326,69.27345010000002
2327,68.7932168
2328,68.23334319999998
2329,69.24816020000002
2330,69.35407980000001
2331,70.0039505
2332,67.20917030000003
2333,67.4518198
2334,64.1613974
2335,64.19763930000002
2336,63.76234990000002
2337,64.5436599
2338,65.24269050000001
2339,65.1423874
2340,65.9573203
2341,67.56450990000002
2342,68.32638639999999
2343,69.78375720000003
2344,70.72962670000001
2345,70.61857960000002
2346,70.95930360000001
2347,68.1338597
2348,69.954561
2349,69.3051734
2350,69.7882007
2351,67.60064650000001
2352,67.7282636
2353,88.33744450000002
2354,89.133577
2355,90.20306030000002
2356,88.373456
2357,86.9467102
2358,88.11409329999998
2359,88.4317268
2360,88.37807289999999
2361,88.4769539
2362,88.4450432
2363,88.79109230000002
2364,86.2093823
2365,85.44087650000002
2366,83.59044639999999
2367,84.8587364
2368,86.58767050000002
2369,85.90499949999997
2370,85.58492629999999
2371,87.2202511
2372,87.36257970000001
2373,86.83504660000001
2374,84.8654865
2375,88.91054310000001
2376,91.73624970000002
2377,90.8108669
2378,89.71081960000001
2379,90.2672643
2380,88.8324119
2381,89.24204280000001
2382,88.72305379999999
2383,87.3860297
2384,89.37951360000001
2385,87.4259765
2386,87.03260670000002
2387,88.572559
2388,88.6939903
2389,87.17051710000003
2390,87.50703310000002
2391,85.42223000000001
2392,83.57997680000003
2393,83.81162670000002
2394,83.64749640000002
2395,82.68285980000002
2396,81.89624090000001
2397,81.5308839
2398,80.5839936
2399,82.11565999999999
2400,82.66352360000002
2401,83.3060429
2402,84.41289009999998
2403,85.0418964
2404,85.10961010000001
2405,85.18619690000001
2406,86.00513770000002
2407,85.83041010000001
2408,85.2054168
2409,83.76392980000001
2410,84.56534329999998
2411,84.766267
2412,84.51919680000002
2413,84.14844989999997
2414,83.21479709999998
2415,81.18257289999998
2416,86.0549767
2417,85.74439960000001
2418,84.46908789999999
2419,85.71446050000002
2420,85.62857739999998
2421,85.49777639999999
2422,85.78746999999998
2423,86.67538080000003
2424,86.50281729999999
2425,85.8637259
2426,84.79147399999998
2427,84.14352550000002
2428,84.39570939999997
2429,84.93836719999999
2430,84.07716719999999
2431,82.826164
2432,81.30125939999999
2433,80.1289435
2434,80.5516272
2435,81.70767939999998
2436,84.68144709999999
2437,83.09464990000001
2438,83.49287750000002
2439,83.50588450000001
2440,82.20314299999998
2441,83.3724342
2442,85.1873869
2443,86.77159669999999
2444,86.36432939999999
2445,85.22758069999999
2446,86.1424772
2447,85.4564702
2448,85.47633269999999
2449,83.25819410000004
2450,83.54587009999999
2451,82.7727795
2452,82.49505730000003
2453,84.04281930000002
2454,83.40605710000001
2455,83.8384558
2456,85.06491010000002
2457,86.4350964
2458,87.87417990000002
2459,87.87384
2460,87.27293719999999
2461,87.3414199
2462,87.77055560000001
2463,87.83508020000001
2464,87.2685693
2465,85.84109150000002
2466,85.0197469
2467,85.18370960000001
2468,85.62395710000001
2469,86.25542110000002
2470,85.73903419999998
2471,86.03858940000002
2472,87.57810329999997
2473,89.29909930000002
2474,88.98724019999999
2475,89.53675229999997
2476,87.55523939999999
2477,87.27832369999999
2478,86.1275292
2479,85.6270939
2480,85.91524660000002
2481,85.65702989999998
2482,86.134824
2483,88.1150334
2484,87.97796290000001
2485,87.5153297
2486,89.5276974
2487,90.21646940000001
2488,89.88264699999998
2489,89.33857710000001
2490,89.97854619999998
2491,89.65242250000001
2492,90.04613970000001
2493,91.38120050000002
2494,91.2494103
2495,91.29197009999997
2496,87.6022298
2497,86.76194979999995
2498,87.71677630000002
2499,86.30212999999999
2500,87.2934763
2501,88.43515609999999
2502,89.21182029999999
2503,89.06000900000002
2504,90.90704699999999
2505,91.60542629999999
2506,91.2244869
2507,90.5775302
2508,90.77119319999997
2509,89.10813029999998
2510,90.13966440000002
2511,90.9063888
2512,89.47561020000002
2513,89.4006526
2514,87.55106610000001
2515,87.4183232
2516,86.3681076
2517,84.7854159
2518,86.13235699999998
2519,85.61952609999999
2520,85.91285069999998
2521,85.40532050000002
2522,87.23758039999998
2523,88.43283089999998
2524,88.43498290000001
2525,88.2110876
2526,87.7435021
2527,84.82801610000003
2528,84.6056607
2529,85.2095498
2530,85.89069670000002
2531,87.25846319999997
2532,89.6977395
2533,87.96127019999999
2534,90.0916664
2535,89.58375099999999
2536,88.3870137
2537,87.54502780000003
2538,84.47663969999999
2539,88.56782259999999
2540,88.8125634
2541,89.24793369999999
2542,90.72632199999997
2543,90.44588720000002
2544,89.7286403
2545,87.6986008
2546,89.94471779999998
2547,87.6111664
2548,87.3591471
2549,87.053961
2550,86.2616932
2551,85.0703834
2552,84.65457330000001
2553,85.094307
2554,86.0681638
2555,83.53170019999997
2556,83.27315249999998
2557,83.6464466
2558,82.06984310000001
2559,80.1779426
2560,82.40165700000001
2561,86.8090173
2562,85.8695327
2563,83.8862968
2564,83.60743730000002
2565,82.2283566
2566,83.037947
2567,84.0369929
2568,84.91654269999997
2569,84.2108668
2570,84.01681619999998
2571,84.409947
2572,83.54962640000001
2573,83.3327699
2574,82.6448207
2575,82.820774
2576,82.15867329999999
2577,84.56205369999999
2578,87.20934099999998
2579,89.28110740000001
2580,87.17804339999999
2581,86.5863806
2582,85.89098640000002
2583,84.3862504
2584,81.63572700000002
2585,81.52296649999997
2586,82.16488030000001
2587,82.9288933
2588,80.47643339999998
2589,79.40685649999999
2590,81.02223349999998
2591,81.5535235
2592,83.70368239999999
2593,84.59601390000002
2594,85.1267524
2595,84.77001420000002
2596,83.76673000000001
2597,82.15698030000001
2598,81.94932589999999
2599,80.6562677
2600,79.36595590000002
2601,78.2373829
2602,78.7784639
2603,78.44515409999998
2604,77.1310092
2605,77.3821306
2606,77.14356749999997
2607,75.04490369999999
2608,76.07046000000001
2609,79.93867459999998
2610,79.40498000000001
2611,78.9782804
2612,80.09403670000002
2613,80.3356236
2614,79.48351670000001
2615,78.167174
2616,78.3687206
2617,77.3069367
2618,76.9864232
2619,76.83534660000001
2620,76.54086709999999
2621,76.63057970000001
2622,76.25730389999998
2623,74.2743967
2624,73.71071040000002
2625,73.7362205
2626,74.10991669999999
2627,75.43701919999998
2628,75.52277350000001
2629,76.1417337
2630,76.2024806
2631,76.55359079999998
2632,76.26405979999998
2633,74.6068626
2634,73.5706536
2635,72.7536733
2636,74.45250329999998
2637,74.20440689999998
2638,74.8271806
2639,74.9455307
2640,77.6196566
2641,77.23903080000004
2642,77.3507072
2643,76.56742349999999
2644,76.78620290000002
2645,76.85659249999998
2646,76.76403700000003
2647,75.901113
2648,74.3026562
2649,73.88765319999999
2650,73.31890649999998
2651,71.97821710000001
2652,71.483243
2653,73.7245565
2654,79.84062
2655,82.35311959999999
2656,82.02828009999999
2657,80.78769049999998
2658,81.10264770000002
2659,79.29552039999997
2660,78.68137999999999
2661,79.91556939999998
2662,80.57020630000001
2663,82.43520969999999
2664,84.0197862
2665,83.38836009999999
2666,79.22459309999998
2667,76.99235350000001
2668,75.9392403
2669,74.6162601
2670,74.58988770000002
2671,74.16872319999999
2672,73.74462700000002
2673,72.2829373
2674,71.36086989999998
2675,73.52851940000002
2676,75.24667369999999
2677,77.67073309999999
2678,77.35366669999999
2679,79.3176328
2680,78.48338320000002
2681,80.35260289999998
2682,78.8789967
2683,79.54346030000002
2684,80.11020709999998
2685,76.1782099
2686,77.597896
2687,81.0519237
2688,80.58338640000002
2689,81.79603629999997
2690,82.80908930000001
2691,83.5930504
2692,85.19797729999999
2693,80.26571340000001
2694,80.2742098
2695,77.4029792
2696,75.5572794
2697,75.21223690000001
2698,75.76468329999999
2699,77.38563280000001
2700,77.07373619999998
2701,75.34661740000001
2702,77.6401438
2703,77.97757700000005
2704,78.92323620000002
2705,79.96133350000001
2706,76.95047699999999
2707,76.64224710000002
2708,76.44757290000001
2709,74.62020720000001
2710,76.3129138
2711,78.99815050000001
2712,80.50792660000002
2713,79.37478999999998
2714,79.40096060000002
2715,77.8936934
2716,77.20544859999998
2717,76.13814550000001
2718,75.28537989999998
2719,75.01088280000002
2720,72.46114680000001
2721,74.0067828
2722,73.0660532
2723,74.79117339999999
2724,77.33784759999999
2725,77.69837990000002
2726,78.09634910000001
2727,79.7197208
2728,79.5333704
2729,79.81719640000001
2730,76.29282319999999
2731,78.78365299999997
2732,79.81482
2733,80.39674649999999
2734,83.4220671
2735,82.7227499
2736,79.359381
2737,82.39799379999998
2738,86.56500449999999
2739,86.34000610000001
2740,87.09646610000001
2741,86.2614834
2742,87.40525359999998
2743,83.42126259999999
2744,81.4924768
2745,81.00894239999998
2746,80.3262733
2747,79.5376376
2748,81.8403292
2749,83.88903269999999
2750,83.2993129
2751,85.017504
2752,86.68787950000001
2753,84.77192679999999
2754,86.80585400000001
2755,87.20888350000001
2756,87.86223740000001
2757,87.72168339999997
2758,87.99630639999997
2759,86.6434437
2760,90.6435466
2761,89.12123010000002
2762,90.02750900000001
2763,88.26023980000001
2764,87.0357097
2765,88.7939042
2766,86.57819880000001
2767,83.2807208
2768,83.0071394
2769,83.99602950000002
2770,86.97038280000002
2771,89.63109049999998
2772,86.4503199
2773,86.79343719999997
2774,86.48128349999999
2775,85.3259425
2776,83.6420532
2777,83.5847332
2778,84.52852220000003
2779,88.4027503
2780,87.91202939999998
2781,88.43136650000001
2782,87.69377029999997
2783,88.76669949999999
2784,88.79727039999999
2785,89.28175659999998
2786,90.7541333
2787,92.3170757
2788,90.42246380000002
2789,89.9357761
2790,88.2830165
2791,86.8904065
2792,86.53018329999999
2793,86.28168360000001
2794,86.18600970000001
2795,86.79140149999999
2796,87.35859020000001
2797,88.29479079999999
2798,87.08507400000002
2799,87.6504641
2800,85.20629079999999
2801,83.6598632
2802,83.21948699999999
2803,82.67582060000001
2804,85.2331993
2805,88.46741089999999
2806,87.96755970000001
2807,87.7635366
2808,87.94810670000003
2809,86.94264270000001
2810,88.40790640000002
2811,89.7947765
2812,88.04745310000001
2813,86.9943765
2814,86.06409570000001
2815,84.78617990000002
2816,83.24232079999999
2817,83.15918620000002
2818,82.75771419999998
2819,83.2056235
2820,84.3533904
2821,84.87140809999997
2822,87.23038330000001
2823,88.25161309999999
2824,90.05025089999998
2825,90.32267389999998
2826,88.50571950000003
2827,87.32170670000001
2828,87.74699330000001
2829,88.6057168
2830,88.6354803
2831,89.0117056
2832,89.859723
2833,86.75912690000001
2834,87.8240265
2835,88.00401389999999
2836,85.3022196
2837,83.62518770000001
2838,83.6435833
2839,83.79552050000001
2840,84.2803907
2841,84.61984039999997
2842,83.2802134
2843,83.6208734
2844,79.28037319999997
2845,78.19077690000002
2846,78.40475299699999
2847,76.95820623200001
2848,80.34242079999999
2849,79.8154
2850,79.8474
2851,79.87939999999999
2852,79.9114
2853,79.9434
2854,79.9754
2855,80.00739999999999
2856,80.0394
2857,79.3034
2858,79.33539999999999
2859,79.36739999999999
2860,79.3994
2861,79.4314
2862,79.4634
2863,79.49539999999999
2864,79.5274
2865,79.6544034
2866,79.4522862
2867,77.17516609999998
2868,76.9876434
2869,78.68746289999999
2870,78.4040563
2871,76.92223679999998
2872,75.80774319999999
2873,75.46607450000002
2874,78.3623994
2875,78.120281
2876,79.28286
2877,83.47839670000002
2878,83.76328570000001
2879,86.36756359999998
2880,87.63401959999999
2881,86.51958379999998
2882,87.9322302
2883,88.2900138
2884,82.91122259999999
2885,81.2332367
2886,80.32330670000002
2887,76.44708009999998
2888,75.6504863
2889,77.0313068
2890,76.36880289999998
2891,79.45766650000002
2892,78.2962764
2893,77.62614740000001
2894,78.7601993
2895,81.76502310000001
2896,80.54188710000001
2897,81.43166599999999
2898,80.57046759999997
2899,80.59296999999998
2900,81.03615020000001
2901,84.99280419999998
2902,88.68120340000002
2903,89.54637979999998
2904,86.7866169
2905,86.00889089999998
2906,91.4658707
2907,93.38264729999997
2908,89.73752929999999
2909,87.60381299999997
2910,87.38160340000003
2911,86.9403826
2912,86.27901519999999
2913,85.78609669999996
2914,84.98638749999998
2915,86.8276667
2916,87.99523409999999
2917,89.80157030000002
2918,88.08237029999998
2919,86.6609031
2920,85.1867107
2921,81.9754339
2922,85.23219229999998
2923,94.16440390000002
2924,94.27864700000002
2925,92.5057298
2926,93.99548670000001
2927,93.6850939
2928,93.806707
2929,96.59763710000003
2930,96.16323630000002
2931,96.2413633
2932,94.824297
2933,92.92000320000001
2934,91.8720243
2935,90.9447873
2936,90.7824538
2937,90.98520959999999
2938,91.48449039999998
2939,92.8053613
2940,93.26441610000002
2941,95.5595932
2942,88.09377429999999
2943,84.53291600000001
2944,86.39542710000003
2945,85.9781133
2946,86.96065999999999
2947,88.5005409
2948,88.2436435
2949,87.85514979999998
2950,87.247097
2951,86.27695940000001
2952,89.87262890000002
2953,88.99645330000001
2954,89.78928610000001
2955,88.8658636
2956,88.2425196
2957,86.48584679999999
2958,86.7586735
2959,85.27193930000001
2960,84.4189527
2961,83.15078989999999
2962,83.77715640000002
2963,83.1665369
2964,83.6026766
2965,84.31770279999996
2966,87.2510633
2967,88.6679259
2968,88.803107
2969,89.8948095
2970,90.5703462
2971,91.0041781
2972,91.47782710000001
2973,91.00785979999999
2974,88.66448199999999
2975,90.5444465
2976,88.76232579999999
2977,89.09471980000002
2978,89.03586080000001
2979,91.0858105
2980,91.0754227
2981,90.3070996
2982,90.04125649999999
2983,89.3000294
2984,90.56465230000002
2985,89.18388619999999
2986,90.09016659999999
2987,89.7858968
2988,91.76288019999998
2989,92.16986980000001
2990,90.4049459
2991,89.74123380000002
2992,90.86953010000003
2993,91.0182024
2994,89.7441733
2995,91.12198710000001
2996,93.31464260000003
2997,94.2325829
2998,90.01513770000001
2999,91.23315650000002
3000,93.1481368
3001,92.36938339999999
3002,91.64590399999999
3003,93.8102161
3004,93.25019660000001
3005,93.63232719999999
3006,93.57049670000004
3007,93.70160559999998
3008,93.95522109999997
3009,92.353061
3010,91.94238420000002
3011,91.0623744
3012,91.10761079999999
3013,90.8951167
3014,90.72075509999999
3015,89.24869089999997
3016,88.94313679999998
3017,88.32683360000003
3018,91.64856739999999
3019,91.98270020000002
3020,92.95384409999998
3021,91.84012010000004
3022,92.69766979999999
3023,93.7842033
3024,94.8652742
3025,93.38735989999996
3026,95.60359290000002
3027,96.17400749999999
3028,95.8928721
3029,94.33610629999998
3030,92.75873270000004
3031,91.72952679999999
3032,88.9880958
3033,87.1525897
3034,87.31226330000001
3035,89.93197620000001
3036,92.26205979999997
3037,92.0295826
3038,93.13345959999998
3039,92.44290690000003
3040,92.9631601
3041,91.92856460000002
3042,92.0565932
3043,93.18657660000001
3044,92.39335639999997
3045,95.03081660000001
3046,96.2680132
3047,96.8989633
3048,97.4008085
3049,97.43110680000001
3050,96.21984970000001
3051,97.98842129999998
3052,94.23048049999998
3053,92.869294
3054,92.72199290000003
3055,91.87494590000001
3056,90.41993030000003
3057,92.1948799
3058,92.70582
3059,91.65017680000001
3060,95.38404329999997
3061,96.6433854
3062,97.17603289999997
3063,95.0687164
3064,92.46265980000001
3065,95.52999959999998
3066,92.59713369999999
3067,93.8731603
3068,90.05768929999998
3069,87.16240640000001
3070,88.37917980000002
3071,85.8968365
3072,79.6600831
3073,76.74912659999998
3074,75.91890939999999
3075,75.7445864
3076,74.48789969999999
3077,74.4756691
3078,72.93525360000001
3079,72.4597869
3080,71.20973719999999
3081,70.3941504
3082,70.5309433
3083,72.43235630000001
3084,77.2626294
3085,83.11781039999998
3086,82.4179415
3087,80.0455279
3088,80.42211969999998
3089,77.1783566
3090,76.25427279999998
3091,76.7002407
3092,75.2223803
3093,76.82921379999999
3094,77.0912239
3095,74.9920838
3096,75.30366620000001
3097,73.9108397
3098,78.00755989999998
3099,78.8734334
3100,78.6920331
3101,78.13912710000001
3102,77.94424960000002
3103,77.81286399999999
3104,77.5826971
3105,77.22251109999999
3106,77.21982369999999
3107,75.93270460000001
3108,76.7054436
3109,80.5507755
3110,81.9463004
3111,82.32318660000001
3112,84.7763236
3113,84.7803095
3114,84.06185349999998
3115,83.8311737
3116,84.51924930000001
3117,83.11340350000002
3118,81.35420080000002
3119,79.30877590000001
3120,76.89712719999999
3121,74.35791650000002
3122,74.16467269999998
3123,74.33798680000001
3124,73.00078049999999
3125,71.2182937
3126,70.74203720000001
3127,70.45393669999999
3128,70.34774030000003
3129,69.92844679999999
3130,69.8683038
3131,69.50225019999999
3132,68.9062598
3133,68.82668340000001
3134,67.1209031
3135,67.71856079999999
3136,67.89469659999999
3137,68.86946979999999
3138,69.66890370000002
3139,70.28855949999999
3140,70.9391638
3141,70.7244695
3142,71.12313689999999
3143,72.1039595
3144,72.7059075
3145,72.31103639999999
3146,72.37394600000003
3147,70.57008259999998
3148,70.0945058
3149,68.2133497
3150,67.2808865
3151,67.19174000000001
3152,67.12217319999998
3153,67.8132932
3154,68.97781679999999
3155,69.9432027
3156,70.8130722
3157,69.22345320000001
3158,70.2371673
3159,82.20281039999999
3160,91.2116905
3161,91.59260990000001
3162,93.3092245
3163,76.08468029999999
3164,74.9317969
3165,75.69045569999999
3166,74.8425671
3167,75.56078319999999
3168,76.81645919999998
3169,75.0524567
3170,71.50703679999998
3171,73.95163029999999
3172,75.23018640000001
3173,73.56818709999999
3174,73.8915198
3175,73.17878409999999
3176,72.6403962
3177,70.712673
3178,68.24635329999998
3179,71.61938310000002
3180,75.4347967
3181,75.34194640000001
3182,76.85817689999998
3183,78.09749910000001
3184,77.87056020000001
3185,79.11912280000001
3186,79.0712639
3187,85.23503020000003
3188,86.29993139999999
3189,84.06915629999999
3190,83.87968999999998
3191,82.84824739999996
3192,81.38846360000001
3193,79.39404649999999
3194,78.0873104
3195,80.3459661
3196,81.04654680000002
3197,79.36731350000001
3198,79.01763019999997
3199,78.4572065
3200,78.00370370000002
3201,76.8430099
3202,75.89490970000001
3203,75.39403320000001
3204,76.8809674
3205,79.02588349999999
3206,79.82887290000001
3207,79.7776402
3208,80.62297999999998
3209,78.8070162
3210,76.41681649999998
3211,78.83028040000002
3212,79.56331009999998
3213,78.5749868
3214,76.93047649999998
3215,76.90483699999999
3216,76.29813959999998
3217,73.86698620000001
3218,72.9414366
3219,72.77609629999999
3220,72.30682569999999
3221,73.04425670000002
3222,72.9989065
3223,72.74197300000002
3224,72.67838349999998
3225,72.19837030000002
3226,72.30370309999999
3227,73.01290009999998
3228,73.80089300000002
3229,75.03871380000001
3230,75.59163639999998
3231,75.45904030000001
3232,75.02947989999998
3233,76.91465
3234,78.12911330000003
3235,77.98984390000001
3236,77.48078980000003
3237,76.62358730000001
3238,76.14100669999999
3239,78.08873089999999
3240,78.7419745
3241,77.98975
3242,76.86704429999999
3243,75.00645630000001
3244,74.04889680000001
3245,73.70117640000001
3246,73.57721350000001
3247,73.36614850000001
3248,72.90747650000002
3249,72.32494340000002
3250,71.87954309999999
3251,73.73886409999999
3252,73.5334478
3253,71.1798398
3254,72.7775802
3255,74.27873999999998
3256,72.60673
3257,74.36822319999999
3258,74.52676020000001
3259,76.77364689999999
3260,76.4526196
3261,75.51295370000001
3262,76.39209940000002
3263,77.3812473
3264,77.59577389999998
3265,79.4385239
3266,74.70807289999999
3267,74.3079933
3268,75.9937694
3269,77.485067
3270,75.98878069999999
3271,75.2857965
3272,75.4402263
3273,75.90107990000001
3274,76.19521069999999
3275,75.98946269999999
3276,78.18010240000001
3277,79.7252642
3278,79.4413434
3279,80.75601600000002
3280,82.39775570000002
3281,82.4671565
3282,83.1092529
3283,82.02248099999998
3284,82.22373389999998
3285,75.96138680000003
3286,75.1280533
3287,74.40713949999999
3288,77.8425763
3289,78.97560709999999
3290,79.1869801
3291,79.41151699999999
3292,76.6462531
3293,79.92182350000002
3294,80.06405880000001
3295,79.87939589999999
3296,79.99869980000001
3297,80.27104970000002
3298,80.0426444
3299,80.2056178
3300,80.78065019999998
3301,81.1953026
3302,80.91985329999997
3303,80.13026289999999
3304,78.08905709999998
3305,78.59233370000001
3306,82.47554279999999
3307,83.52056929999999
3308,83.5173708
3309,82.8919369
3310,76.45527730000002
3311,76.70427009999999
3312,79.01180360000001
3313,78.1688294
3314,77.4333964
3315,77.6772928
3316,79.0020496
3317,75.84680000000003
3318,73.877219
3319,74.4475595
3320,74.0065602
3321,74.0463329
3322,73.96749060000002
3323,74.493867
3324,70.2004471
3325,65.04711979999999
3326,67.18411730000001
3327,70.8500774
3328,70.99357969999998
3329,75.0683366
3330,77.8959502
3331,76.6296925
3332,75.15979010000001
3333,72.5487097
3334,72.7770595
3335,73.77141349999998
3336,75.41623269999998
3337,74.45086669999999
3338,75.3918343
3339,74.06218000000001
3340,73.50590150000001
3341,72.1417068
3342,72.68518570000002
3343,74.2314832
3344,73.85486970000001
3345,73.6123471
3346,73.18898279999999
3347,74.25237989999998
3348,76.11203040000001
3349,76.49196049999999
3350,72.3228762
3351,75.2286997
3352,74.0209631
3353,74.48097320000001
3354,71.9703604
3355,73.18540979999997
3356,72.54923299999999
3357,70.75706689999998
3358,68.73357050000001
3359,69.9960301
3360,72.52506709999997
3361,72.7394504
3362,73.76203699999998
3363,74.72085979999999
3364,74.1322774
3365,73.41990679999999
3366,73.8665503
3367,72.2097197
3368,70.88442949999998
3369,69.810784
3370,69.6910201
3371,70.92572309999998
3372,70.10221629999998
3373,74.20293269999999
3374,72.725037
3375,74.20225319999999
3376,78.23553940000001
3377,78.3939666
3378,78.73547040000001
3379,78.8619962
3380,80.26862999999999
3381,81.967973
3382,81.6339676
3383,80.3270471
3384,80.1886572
3385,77.73543049999999
3386,81.00619680000001
3387,78.0169733
3388,79.22773349999999
3389,79.7426329
3390,79.6994826
3391,82.06839699999999
3392,81.1214336
3393,81.44372290000003
3394,84.66986630000001
3395,85.1723739
3396,84.5551169
3397,82.67230889999999
3398,80.92011039999998
3399,82.2766195
3400,82.18285270000001
3401,81.75883110000001
3402,81.05258380000001
3403,82.60093300000003
3404,83.10736309999999
3405,83.76819789999999
3406,83.29709290000002
3407,79.4380999
3408,77.5798231
3409,76.4340558
3410,78.37903029999998
3411,78.1434376
3412,79.6114139
3413,79.86114010000001
3414,82.6362625
3415,81.23896000000002
3416,81.20045009999998
3417,81.36628329999999
3418,81.14741030000002
3419,87.49656330000002
3420,93.10435279999999
3421,93.4937062
3422,90.66812660000001
3423,84.09536119999999
3424,81.8926727
3425,81.03704710000002
3426,83.39635299999998
3427,84.6511133
3428,81.49311290000003
3429,80.06698930000002
3430,76.50019329999999
3431,75.59656980000001
3432,72.61743030000001
3433,70.86398610000002
3434,71.18282999999998
3435,71.48088270000002
3436,72.7654532
3437,71.97223369999998
3438,71.97033289999999
3439,71.05754380000002
3440,71.02042680000001
3441,70.92592749999997
3442,71.16901740000002
3443,72.89600630000002
3444,74.8344159
3445,77.6342724
3446,74.6544361
3447,70.98702730000001
3448,73.19292060000001
3449,70.8186695
3450,75.87620259999998
3451,80.1791365
3452,77.01328969999997
3453,73.9515036
3454,71.9886529
3455,71.4314933
3456,71.7750132
3457,70.56427409999998
3458,72.4013728
3459,73.31806700000001
3460,73.6806909
3461,72.6517411
3462,72.80321749999999
3463,72.38869039999999
3464,71.30173330000001
3465,70.23347659999999
3466,70.25018669999999
3467,70.40765989999998
3468,69.4815978
3469,69.62521000000002
3470,70.8537165
3471,73.0561274
3472,71.2932929
3473,68.69424070000001
3474,68.2277196
3475,69.52094279999997
3476,68.90878350000001
3477,70.07411280000002
3478,71.54219930000001
3479,72.16768680000001
3480,71.68286989999999
3481,68.49568699999999
3482,64.4535801
3483,64.5105501
3484,65.8261034
3485,70.57002730000002
3486,69.6836536
3487,71.58811030000001
3488,66.8735369
3489,65.10527669999999
3490,65.43138040000002
3491,66.4584399
3492,66.28052280000001
3493,64.22274349999999
3494,64.6174862
3495,65.9287499
3496,65.0432768
3497,65.14362229999999
3498,66.9528928
3499,67.3658232
3500,68.32563630000001
3501,71.40654269999999
3502,71.28707390000001
3503,72.85735000000001
3504,74.6726334
3505,73.75588669999999
3506,72.6543364
3507,72.58810700000001
3508,71.4988037
3509,72.09308630000001
3510,72.4915498
3511,69.5461803
3512,69.3282231
3513,69.7022496
3514,69.18831959999999
3515,67.7820701
3516,67.9126668
3517,69.53955729999998
3518,67.3838776
3519,70.97199360000002
3520,77.10063180000002
3521,77.9282268
3522,74.14069690000001
3523,71.40872630000001
3524,76.87897960000001
3525,76.2546098
3526,74.38866960000001
3527,71.8428931
3528,74.55544719999999
3529,72.6706629
3530,78.37220939999999
3531,75.61369289999998
3532,75.04931090000001
3533,74.8003697
3534,73.70994680000003
3535,73.9488943
3536,73.56498389999997
3537,72.05962339999999
3538,71.1971775
3539,70.5282568
3540,69.70790309999998
3541,70.5542334
3542,73.97866990000001
3543,74.6757665
3544,73.88232740000001
3545,77.62840349999999
3546,76.15135050000002
3547,79.3642204
3548,79.0732963
3549,76.6720966
3550,77.2895901
3551,77.3025236
3552,78.63479719999998
3553,79.2397524
3554,80.68811299999999
3555,80.80701479999998
3556,82.72298399999998
3557,81.61798660000002
3558,79.83885360000001
3559,75.5114806
3560,72.1379169
3561,70.37530430000001
3562,70.00389650000001
3563,73.39060339999999
3564,76.04679909999997
3565,75.08788290000003
3566,73.7897263
3567,73.6155494
3568,77.14903279999999
3569,77.64101659999999
3570,75.99361090000001
3571,76.4299695
3572,76.4305459
3573,73.3781103
3574,75.75402700000001
3575,77.14511360000002
3576,78.3031837
3577,79.49443990000002
3578,81.22209090000001
3579,81.438157
3580,82.2260398
3581,82.3677109
3582,80.71324429999999
3583,80.28082339999996
3584,75.74917949999997
3585,74.3504471
3586,72.7070372
3587,72.696136
3588,74.25908069999997
3589,75.7930197
3590,77.87402739999999
3591,79.80946730000001
3592,79.07604990000002
3593,79.97041380000002
3594,81.41983739999999
3595,80.6300257
3596,80.57773039999998
3597,79.85578929999997
3598,79.6690368
3599,78.7297734
3600,79.5015232
3601,80.68585089999996
3602,82.29466240000002
3603,82.50486280000001
3604,80.10553320000002
3605,78.90839269999998
3606,78.84760650000001
3607,77.96869600000002
3608,74.89220620000002
3609,74.0822296
3610,73.6281766
3611,75.24710990000001
3612,76.0341133
3613,79.9080105
3614,84.6067236
3615,84.2002267
3616,94.52342369999998
3617,89.2140435
3618,87.18555909999999
3619,84.84797569999998
3620,86.6329363
3621,87.16019429999997
3622,87.26365630000001
3623,85.46522009999998
3624,84.283847
3625,82.5150032
3626,81.81410960000001
3627,79.4356065
3628,76.94923080000004
3629,76.00883010000003
3630,73.94886619999998
3631,74.33323270000001
3632,74.05748980000003
3633,73.826297
3634,73.5896039
3635,74.4345771
3636,76.2364767
3637,76.3455141
3638,76.8939275
3639,76.2752404
3640,76.9355238
3641,77.91895059999999
3642,76.5652067
3643,75.83278040000002
3644,76.13596649999998
3645,75.6566129
3646,76.3790832
3647,75.55883910000001
3648,74.38351680000001
3649,75.8028772
3650,75.56196680000002
3651,73.12688589999999
3652,70.78915710000001
3653,72.39305630000001
3654,71.22842080000002
3655,71.2189865
3656,70.51985379999999
3657,69.13024979999999
3658,68.56022030000001
3659,68.5287501
3660,67.6062435
3661,70.9896491
3662,73.65068609999999
3663,75.85639549999999
3664,76.75761619999999
3665,79.69226020000002
3666,82.37683669999998
3667,82.6418166
3668,81.88922349999996
3669,80.10824009999997
3670,78.6683309
3671,79.4100864
3672,79.63810769999999
3673,80.32827650000002
3674,78.26892049999996
3675,77.38623290000001
3676,76.4979735
3677,75.7118303
3678,75.5276236
3679,74.9584362
3680,73.8409012
3681,77.68385059999999
3682,79.62581540000001
3683,81.62853970000002
3684,87.28953390000001
3685,87.1108103
3686,77.1177039
3687,77.90698049999997
3688,79.26147309999999
3689,81.05871730000001
3690,80.77864720000002
3691,80.3157564
3692,81.08534279999998
3693,77.4202068
3694,77.10354300000002
3695,77.551491
3696,78.2203174
3697,76.71389669999998
3698,76.92948659999999
3699,78.97617359999998
3700,80.16621620000002
3701,79.91328050000003
3702,79.30583039999999
3703,79.44962609999999
3704,78.53060269999999
3705,78.10570010000002
3706,76.4419764
3707,74.00957380000001
3708,74.1115327
3709,75.288669
3710,74.4278736
3711,77.215263
3712,79.1250372
3713,78.307653
3714,81.3415897
3715,82.18205300000001
3716,81.34457600000002
3717,80.73018090000001
3718,80.7717872
3719,81.4120869
3720,80.8811804
3721,80.5557565
3722,81.34771009999999
3723,82.7010301
3724,83.03553020000001
3725,81.93101030000003
3726,81.08346619999999
3727,81.01855669999999
3728,77.29380029999999
3729,75.00597320000003
3730,85.5704731
3731,87.1131408
3732,83.24486939999997
3733,82.6312422
3734,81.3989762
3735,80.4879097
3736,77.8776367
3737,77.20790980000001
3738,79.1423602
3739,78.13757283000001
3740,80.78478670000001
3741,80.99898300000004
3742,81.4105207
3743,82.75852379999999
3744,82.25592385
3745,81.49739239999998
3746,80.397089665
3747,79.8341367
3748,79.25046600000002
3749,75.199853565
3750,74.23490280000001
3751,73.077987
3752,66.92200980999999
3753,40.09758322
3754,37.86229999999999
3755,37.89429999999999
3756,37.92629999999999
3757,37.95829999999999
3758,35.993946715999996
3759,57.10788669000001
3760,65.92870302000001
3761,64.71322953999999
3762,64.4670767
3763,64.45581
3764,64.48803000000001
3765,64.4757732
3766,64.4195533
3767,64.6264534
3768,65.0433433
3769,64.53605350000001
3770,64.47272000000001
3771,64.54219300000001
3772,64.5671533
3773,64.61668
3774,64.63160990000002
3775,64.73566000000001
3776,64.83080000000001
3777,64.50988330000001
3778,72.7948162
3779,75.25843979999999
3780,77.7482072
3781,77.0822933
3782,75.9789101
3783,78.2397679
3784,78.3842228
3785,80.0141195
3786,80.03600039999999
3787,86.6051898
3788,88.99723959999999
3789,91.2763927
3790,83.73533280000002
3791,83.78584990000002
3792,83.51175640000002
3793,82.97395960000001
3794,83.1590432
3795,83.4519999
3796,82.8607393
3797,83.2939095
3798,81.70419589999999
3799,79.10708759999999
3800,79.32905749999999
3801,78.5048901
3802,79.34916709999997
3803,78.3954563
3804,77.9558869
3805,78.57246350000001
3806,78.0102802
3807,78.1165673
3808,79.13075650000002
3809,78.36243270000001
3810,79.28044680000002
3811,80.5480391
3812,81.68605299999999
3813,81.2827106
3814,82.04338580000001
3815,80.8251265
3816,81.9777332
3817,81.2528999
3818,80.35041349999997
3819,80.08017020000001
3820,80.25869019999996
3821,78.9423104
3822,77.75526899999998
3823,77.65042899999999
3824,76.7688432
3825,74.78754950000001
3826,76.10178319999999
3827,78.4131314
3828,79.0238772
3829,78.48409710000001
3830,78.71626020000001
3831,79.5633234
3832,80.5343202
3833,78.8505765
3834,79.53142949999999
3835,80.6018301
3836,79.4386797
3837,80.3708468
3838,80.05766679999999
3839,80.34365730000002
3840,80.16548290000003
3841,79.55538020000003
3842,78.5775795
3843,77.04706630000001
3844,77.96515330000003
3845,78.36968580000003
3846,76.8372462
3847,78.3083403
3848,77.45388710000002
3849,78.2998864
3850,76.24980610000001
3851,75.0621265
3852,71.94255309999998
3853,70.87081239999999
3854,71.20171979999999
3855,72.60109470000002
3856,72.6901465
3857,73.1061931
3858,73.6905036
3859,73.82172320000002
3860,73.55551290000001
3861,73.5023723
3862,73.7776206
3863,74.82822069999999
3864,76.46178379999999
3865,75.6974973
3866,76.1337833
3867,76.0109765
3868,76.81514109999999
3869,76.49891649999998
3870,76.12386020000001
3871,76.10988080000001
3872,76.12398660000001
3873,75.379534
3874,74.56302970000002
3875,72.1371168
3876,70.21852330000002
3877,70.82344
3878,70.9855703
3879,69.18548270000001
3880,69.02678000000002
3881,68.3352003
3882,68.9525107
3883,68.90278029999999
3884,68.57464010000002
3885,68.54225310000002
3886,68.631013
3887,69.14136690000001
3888,71.0592794
3889,69.83097620000001
3890,68.7294633
3891,68.67863299999999
3892,68.2840159
3893,68.1233338
3894,67.85574729999999
3895,68.13913269999999
3896,68.51741439999999
3897,68.18586250000001
3898,68.0447605
3899,67.33679000000001
3900,67.41044380000001
3901,68.5020005
3902,68.89777070000001
3903,68.94465650000001
3904,69.37603010000001
3905,69.5499676
3906,69.8836596
3907,69.5871639
3908,69.38504670000002
3909,69.89624329999998
3910,70.4173396
3911,70.30128
3912,72.36919629999998
3913,71.5255262
3914,70.03904979999997
3915,69.15925980000002
3916,69.0309534
3917,68.87518429999999
3918,68.46470690000001
3919,67.83274650000001
3920,68.0756528
3921,69.03264320000001
3922,67.96519320000002
3923,68.0630469
3924,69.4089609
3925,71.0032532
3926,70.31688009999999
3927,70.8844334
3928,71.66102339999999
3929,75.25694949999998
3930,73.7955889
3931,74.0992903
3932,72.7063866
3933,73.09834379999998
3934,73.076884
3935,72.05860300000002
3936,72.57104609999999
3937,72.11105659999998
3938,72.10774699999999
3939,71.26356019999999
3940,70.75494699999999
3941,70.6083065
3942,69.1663958
3943,68.5788044
3944,69.1509032
3945,68.4745031
3946,67.7223508
3947,72.58510980000003
3948,73.26468009999999
3949,74.01871960000001
3950,74.1970563
3951,72.62925290000001
3952,72.77059280000002
3953,72.5135866
3954,71.7322839
3955,71.2585034
3956,71.7702498
3957,70.9050155
3958,70.46944289999999
3959,70.83386309999999
3960,71.7314167
3961,70.9108836
3962,71.2780169
3963,71.07109600000003
3964,70.384393
3965,70.1854298
3966,70.67669679999999
3967,70.1926864
3968,70.31228369999998
3969,69.74067699999998
3970,69.3642837
3971,69.2293762
3972,69.10788980000001
3973,69.14671000000001
3974,68.55141719999997
3975,69.02748770000001
3976,68.58813679999999
3977,68.61412320000001
3978,68.83719339999999
3979,68.69502670000001
3980,68.92143270000001
3981,68.9476035
3982,68.9660364
3983,68.46790969999999
3984,69.34892660000001
3985,67.1981636
3986,67.14850659999999
3987,67.21724649999999
3988,67.1818532
3989,67.22316579999999
3990,67.57583300000002
3991,67.6098131
3992,67.65574740000001
3993,67.47687640000001
3994,67.28330429999998
3995,67.2628697
3996,67.47798350000001
3997,68.8436605
3998,68.85465080000002
3999,68.6200837
4000,70.0289161
4001,69.78353349999999
4002,69.9953831
4003,70.4762202
4004,70.8937337
4005,71.2790905
4006,71.08683570000001
4007,73.2864233
4008,73.331807
4009,73.24621950000001
4010,72.34754790000002
4011,73.78318349999998
4012,72.6087036
4013,71.07654
4014,70.50451
4015,70.51828680000001
4016,69.7568561
4017,69.92467090000001
4018,70.34064380000001
4019,71.2080561
4020,70.6089858
4021,69.17468659999999
4022,69.3542333
4023,69.41622760000001
4024,68.95769960000001
4025,71.5054734
4026,70.5243365
4027,70.01884050000001
4028,67.8167038
4029,68.03456659999999
4030,68.11500300000002
4031,68.2245164
4032,68.9696467
4033,66.7066831
4034,66.57896430000001
4035,67.48230989999999
4036,67.91918280000002
4037,68.0012336
4038,67.5502404
4039,67.3758795
4040,66.7473304
4041,66.74886030000002
4042,66.58714900000001
4043,66.3733367
4044,66.0664265
4045,66.4713631
4046,67.35861379999999
4047,73.9247962
4048,74.98877960000002
4049,75.6750962
4050,75.9400036
4051,74.0777292
4052,73.93574620000001
4053,74.43187379999999
4054,69.06855640000002
4055,68.08983989999999
4056,67.23912639999999
4057,65.91989039999999
4058,67.6985063
4059,68.70389730000001
4060,68.4179596
4061,68.7834064
4062,67.75275090000001
4063,68.45985669999999
4064,68.75919269999999
4065,68.84707329999999
4066,68.3836343
4067,67.8337332
4068,69.43448029999998
4069,68.6780734
4070,69.27741689999998
4071,71.25560940000001
4072,72.3703404
4073,73.97900590000002
4074,74.5720071
4075,73.9035995
4076,73.1057234
4077,74.33107590000002
4078,74.10607880000002
4079,75.21347760000003
4080,78.64656640000001
4081,77.36047620000001
4082,78.292167
4083,79.0415868
4084,79.92421619999999
4085,79.28558309999998
4086,79.11043239999998
4087,77.14721699999998
4088,75.23188669999998
4089,75.11766010000001
4090,75.1985732
4091,74.09343
4092,73.92816350000001
4093,74.45435630000001
4094,75.08713960000001
4095,75.59169940000001
4096,76.88341959999998
4097,77.63797380000001
4098,79.62379409999998
4099,80.92354359999999
4100,80.36557579999996
4101,79.01946050000001
4102,77.95915940000002
4103,78.59729639999998
4104,80.14861700000002
4105,78.68106370000001
4106,78.2217667
4107,77.69438049999998
4108,77.56262669999998
4109,77.08250330000001
4110,76.94266349999998
4111,77.28288289999996
4112,77.41901690000002
4113,77.3961629
4114,76.8485731
4115,77.8814274
4116,77.54595350000001
4117,77.8174238
4118,78.6345672
4119,76.00255009999998
4120,76.4088801
4121,72.86166300000001
4122,74.03238259999999
4123,74.84017709999999
4124,75.20287300000001
4125,75.2385395
4126,73.0711266
4127,74.6247943
4128,75.97077960000001
4129,75.34967640000002
4130,76.35565299999999
4131,76.43147179999998
4132,76.08136649999999
4133,75.75487660000002
4134,75.43364670000004
4135,74.68072299999999
4136,74.3436002
4137,74.25929319999999
4138,75.86634659999999
4139,78.25029300000001
4140,78.9726167
4141,78.8318432
4142,78.1120306
4143,77.2941705
4144,77.06572689999997
4145,76.87472019999998
4146,76.66889919999998
4147,76.5636572
4148,77.05934280000001
4149,76.9961933
4150,76.8521936
4151,76.4444871
4152,75.7838527
4153,75.40749940000002
4154,75.45706309999998
4155,75.3820331
4156,74.71040020000001
4157,72.95717359999999
4158,73.04884619999999
4159,72.35345290000002
4160,71.6683635
4161,72.30972659999999
4162,72.44890350000001
4163,72.96559960000002
4164,73.11903990000002
4165,73.4336671
4166,74.65693059999998
4167,74.80373319999998
4168,75.44784619999999
4169,76.61937310000002
4170,77.36058009999999
4171,76.40012270000001
4172,76.8041794
4173,76.24844979999999
4174,78.51466059999998
4175,78.50045940000003
4176,80.11040949999997
4177,79.41325950000001
4178,79.62173750000001
4179,80.63856659999999
4180,80.17409929999998
4181,79.83019330000002
4182,77.9495664
4183,77.39981339999999
4184,77.27664010000004
4185,77.66309639999999
4186,78.0444553
4187,77.57217950000003
4188,79.69769979999998
4189,79.89367299999998
4190,79.24389420000001
4191,80.62148640000001
4192,80.21238719999998
4193,79.8783069
4194,80.1846836
4195,79.79688639999999
4196,79.61907969999999
4197,78.87594639999999
4198,78.7823268
4199,80.09014340000002
4200,81.0309997
4201,80.9101759
4202,80.78462000000002
4203,80.23846019999998
4204,79.89822
4205,79.7871836
4206,79.84215379999999
4207,79.29269260000001
4208,78.74730399999999
4209,78.36837940000002
4210,80.07197589999996
4211,83.0448998
4212,82.40465259999998
4213,80.2635672
4214,79.2065652
4215,81.71730690000001
4216,80.6837371
4217,80.15957610000001
4218,80.07024650000001
4219,77.9756898
4220,75.9530364
4221,77.1314204
4222,79.2091264
4223,79.32601109999999
4224,78.91254709999998
4225,79.143064
4226,77.24206989999999
4227,76.06762770000002
4228,75.4309369
4229,75.5217858
4230,75.0417166
4231,74.89636030000001
4232,74.07607999999999
4233,74.1882697
4234,74.21333929999999
4235,75.2083164
4236,74.3364838
4237,73.67819630000001
4238,73.75844920000002
4239,74.08997949999998
4240,73.97872380000001
4241,74.23369290000001
4242,74.2611464
4243,73.9532833
4244,73.2498597
4245,73.6140239
4246,72.08013629999999
4247,70.23454629999999
4248,72.21673679999999
4249,73.03227030000002
4250,73.3263633
4251,73.2388667
4252,73.22356669999999
4253,73.1835533
4254,73.5489434
4255,73.26825
4256,73.30751
4257,73.32598
4258,73.35948330000001
4259,73.39394
4260,73.4223466
4261,73.4604333
4262,73.4818367
4263,73.51313999999999
4264,73.7479434
4265,73.73040660000001
4266,73.91933999999999
4267,74.3271367
4268,73.7059567
4269,75.42301050000002
4270,75.597571
4271,76.0753996
4272,76.75016660000003
4273,76.4997997
4274,76.4074272
4275,75.4890269
4276,74.74578289999998
4277,74.94501920000002
4278,74.68920350000002
4279,74.74998739999998
4280,75.2945505
4281,77.45611400000001
4282,76.35408590000002
4283,77.98999640000001
4284,78.15352049999998
4285,77.82376590000001
4286,79.25316930000001
4287,77.49756049999999
4288,76.22074460000002
4289,75.55879030000001
4290,76.0083504
4291,77.82264279999998
4292,76.91883659999999
4293,78.39579690000001
4294,80.08149960000001
4295,82.6168801
4296,82.8229734
4297,80.6561864
4298,80.1632663
4299,79.71313689999998
4300,80.2654003
4301,79.3594296
4302,80.1453138
4303,79.99731620000001
4304,80.428507
4305,80.7874999
4306,82.30134659999999
4307,82.7968872
4308,81.70135010000001
4309,80.64416629999998
4310,78.35296710000001
4311,80.5990105
4312,79.31115700000001
4313,78.88665709999998
4314,77.59990290000003
4315,79.00924969999998
4316,78.2705163
4317,76.21214990000001
4318,75.5554037
4319,75.8004
4320,75.2320937
4321,74.8120327
4322,74.02665979999999
4323,74.02302060000001
4324,74.18456339999997
4325,74.10736940000001
4326,73.95117700000002
4327,73.77362529999999
4328,73.26607709999999
4329,73.07162380000001
4330,76.398269
4331,76.5470541
4332,77.28782019999998
4333,76.84905689999998
4334,76.5361332
4335,76.42575679999999
4336,77.11948019999998
4337,75.91709740000003
4338,76.4740164
4339,77.326947
4340,79.32750739999999
4341,79.19014389999998
4342,80.2185593
4343,81.2072294
4344,82.82781350000002
4345,80.67693979999999
4346,78.9993941
4347,76.50850710000002
4348,76.840403
4349,76.3603539
4350,76.401867
4351,75.7855632
4352,75.6080862
4353,74.8734231
4354,73.67712700000001
4355,75.82409679999999
4356,77.99706439999999
4357,76.60658009999999
4358,76.6148931
4359,79.09102029999998
4360,79.65996650000001
4361,80.3181606
4362,81.178974
4363,81.96729629999999
4364,81.01666680000002
4365,81.06303969999999
4366,78.60966300000001
4367,77.96725380000001
4368,76.81744950000001
4369,75.9449956
4370,76.59831260000001
4371,77.61679280000001
4372,76.42405409999999
4373,75.81248010000003
4374,72.5136233
4375,70.2781573
4376,70.00582389999998
4377,70.28708289999999
4378,73.38009039999999
4379,75.25268380000003
4380,76.7984673
4381,77.43084720000003
4382,77.39739699999998
4383,76.54811349999997
4384,76.34005630000001
4385,76.62846709999997
4386,76.98240059999999
4387,76.33203289999999
4388,72.6795461
4389,72.43676690000001
4390,71.8141196
4391,71.32413380000001
4392,71.626404
4393,71.85897359999998
4394,72.37365360000001
4395,71.3062396
4396,72.29087589999999
4397,71.1942036
4398,71.65705309999998
4399,70.79145299999999
4400,70.97851709999999
4401,70.55969999999999
4402,70.5917
4403,70.6237
4404,70.6557
4405,70.68769999999999
4406,70.7197
4407,70.7517
4408,70.7837
4409,70.81569999999999
4410,70.8477
4411,70.8797
4412,70.9117
4413,70.94369999999999
4414,70.9757
4415,71.0077
4416,71.0397
4417,70.3277
4418,70.3597
4419,70.3917
4420,70.4237
4421,70.4557
4422,70.4637
4423,70.4957
4424,70.5277
4425,70.55969999999999
4426,70.5917
4427,70.6237
4428,70.6557
4429,70.68769999999999
4430,70.7197
4431,70.7517
4432,70.7837
4433,70.81569999999999
4434,70.8477
4435,70.8797
4436,70.9117
4437,70.94369999999999
4438,70.9757
4439,71.0077
4440,71.0397
4441,70.3277
4442,70.3597
4443,70.3917
4444,70.4237
4445,70.4557
4446,70.4637
4447,70.4957
4448,70.5277
4449,70.55969999999999
4450,70.5917
4451,70.6237
4452,70.6557
4453,70.68769999999999
4454,70.7197
4455,70.7517
4456,70.7837
4457,70.81569999999999
4458,70.8477
4459,70.8797
4460,70.9117
4461,70.94369999999999
4462,70.9757
4463,71.0077
4464,71.0397
4465,70.3277
4466,70.3597
4467,70.3917
4468,70.4237
4469,70.4557
4470,70.4637
4471,70.4957
4472,70.5277
4473,70.55969999999999
4474,70.5917
4475,70.6237
4476,70.6557
4477,70.68769999999999
4478,70.7197
4479,70.7517
4480,70.7837
4481,70.81569999999999
4482,70.8477
4483,70.8797
4484,70.9117
4485,70.94369999999999
4486,70.9757
4487,71.0077
4488,71.0397
4489,70.3277
4490,70.3597
4491,70.3917
4492,70.4237
4493,70.4557
4494,70.4637
4495,70.4957
4496,70.5277
4497,70.55969999999999
4498,70.5917
4499,70.6237
4500,70.6557
4501,70.68769999999999
4502,70.7197
4503,70.7654866
4504,71.05444659999999
4505,71.0931568
4506,71.12094
4507,71.0975
4508,70.9712466
4509,70.93009669999999
4510,70.8933833
4511,70.85875999999999
4512,70.92761
4513,70.23233
4514,70.3115201
4515,70.63183000000001
4516,70.2850267
4517,70.31427670000001
4518,70.33984
4519,70.3546434
4520,70.3910066
4521,70.4233733
4522,71.09825039999998
4523,80.0795209
4524,79.0445201
4525,77.4447065
4526,78.82622310000002
4527,76.10880999999998
4528,73.30141696
4529,77.45966260000002
4530,75.90784659999998
4531,77.32012569999999
4532,77.20560650000002
4533,75.54632010000002
4534,73.70923639999998
4535,73.8669307
4536,74.79238600000001
4537,75.35704739999997
4538,76.42697030000001
4539,75.85444639999999
4540,75.81901619999998
4541,76.6480028
4542,76.5460766
4543,76.01469339999998
4544,75.79919319999999
4545,75.6349902
4546,75.8697924
4547,76.45740300000001
4548,79.97006009999998
4549,80.92415329999996
4550,77.44865639999999
4551,76.9411419
4552,79.8712028
4553,81.80272029999999
4554,81.21553059999998
4555,79.1672458
4556,78.2873823
4557,75.25005319999998
4558,75.3041397
4559,76.22019710000001
4560,76.5286997
4561,71.8400892
4562,70.4435942
4563,70.47229420000001
4564,71.66538089999999
4565,71.01567400000002
4566,70.5706943
4567,70.0612735
4568,70.3101936
4569,69.7728693
4570,71.87543600000001
4571,74.937497
4572,76.51598630000002
4573,79.62710639999997
4574,78.37335350000001
4575,76.83811009999998
4576,76.85438009999999
4577,79.07192959999999
4578,79.00548349999998
4579,80.37005990000002
4580,78.62556070000002
4581,78.18745549999998
4582,76.40068050000002
4583,75.84194290000002
4584,75.5658697
4585,74.39150350000001
4586,76.75293609999999
4587,75.98663020000002
4588,75.9337839
4589,74.35321979999999
4590,72.88175589999999
4591,71.38956049999999
4592,70.34073679999999
4593,70.1139431
4594,70.77650059999999
4595,73.04865079999999
4596,80.78372879999999
4597,80.40169039999999
4598,79.56417649999999
4599,77.8807992
4600,77.86887359999999
4601,76.62315519999999
4602,76.38931699999999
4603,76.476427
4604,76.29381740000001
4605,75.6730771
4606,74.73986280000001
4607,75.76013980000002
4608,75.33340419999998
4609,73.53669359999999
4610,72.69613629999998
4611,72.2266844
4612,71.41564330000003
4613,70.9845431
4614,70.65198269999999
4615,69.6574257
4616,66.0469236
4617,67.5833575
4618,66.6123035
4619,68.64241730000002
4620,72.4264454
4621,72.36644779999999
4622,72.31279390000002
4623,72.05967279999999
4624,73.1935067
4625,72.21460630000003
4626,70.14476300000001
4627,69.59207660000001
4628,71.06133770000001
4629,69.64757039999999
4630,69.91441989999998
4631,69.113024
4632,69.3933663
4633,68.24679309999999
4634,68.1228866
4635,67.82484980000001
4636,68.2384764
4637,68.5660465
4638,68.1282905
4639,68.2519939
4640,68.4770433
4641,69.0957097
4642,69.231256
4643,69.93374410000001
4644,69.54557970000002
4645,70.2776571
4646,71.47851670000001
4647,71.25575650000002
4648,70.80265700000001
4649,71.83594950000001
4650,72.1586439
4651,71.7852566
4652,71.36669690000001
4653,71.10895670000001
4654,71.0907596
4655,70.93092050000003
4656,68.0668399
4657,66.6114232
4658,66.8534864
4659,67.0130871
4660,66.60516079999998
4661,66.4096431
4662,66.4026468
4663,65.98735049999999
4664,66.8120836
4665,64.8973399
4666,66.21846640000001
4667,65.53828969999999
4668,67.00403050000001
4669,68.2694968
4670,69.5426998
4671,70.0660334
4672,70.6903829
4673,70.03150930000001
4674,70.0532061
4675,70.0122411
4676,69.69851010000001
4677,70.13868279999998
4678,69.27345010000002
4679,68.7932168
4680,68.23334319999998
4681,69.24816020000002
4682,69.35407980000001
4683,70.0039505
4684,67.20917030000003
4685,67.4518198
4686,64.1613974
4687,64.19763930000002
4688,63.76234990000002
4689,64.5436599
4690,65.24269050000001
4691,65.1423874
4692,65.9573203
4693,67.56450990000002
4694,68.32638639999999
4695,69.78375720000003
4696,70.72962670000001
4697,70.61857960000002
4698,70.95930360000001
4699,68.1338597
4700,69.954561
4701,69.3051734
4702,69.7882007
4703,67.60064650000001
4704,67.7282636
4705,88.33744450000002
4706,89.133577
4707,90.20306030000002
4708,88.373456
4709,86.9467102
4710,88.11409329999998
4711,88.4317268
4712,88.37807289999999
4713,88.4769539
4714,88.4450432
4715,88.79109230000002
4716,86.2093823
4717,85.44087650000002
4718,83.59044639999999
4719,84.8587364
4720,86.58767050000002
4721,85.90499949999997
4722,85.58492629999999
4723,87.2202511
4724,87.36257970000001
4725,86.83504660000001
4726,84.8654865
4727,88.91054310000001
4728,91.73624970000002
4729,90.8108669
4730,89.71081960000001
4731,90.2672643
4732,88.8324119
4733,89.24204280000001
4734,88.72305379999999
4735,87.3860297
4736,89.37951360000001
4737,87.4259765
4738,87.03260670000002
4739,88.572559
4740,88.6939903
4741,87.17051710000003
4742,87.50703310000002
4743,85.42223000000001
4744,83.57997680000003
4745,83.81162670000002
4746,83.64749640000002
4747,82.68285980000002
4748,81.89624090000001
4749,81.5308839
4750,80.5839936
4751,82.11565999999999
4752,82.66352360000002
4753,83.3060429
4754,84.41289009999998
4755,85.0418964
4756,85.10961010000001
4757,85.18619690000001
4758,86.00513770000002
4759,85.83041010000001
4760,85.2054168
4761,83.76392980000001
4762,84.56534329999998
4763,84.766267
4764,84.51919680000002
4765,84.14844989999997
4766,83.21479709999998
4767,81.18257289999998
4768,86.0549767
4769,85.74439960000001
4770,84.46908789999999
4771,85.71446050000002
4772,85.62857739999998
4773,85.49777639999999
4774,85.78746999999998
4775,86.67538080000003
4776,86.50281729999999
4777,85.8637259
4778,84.79147399999998
4779,84.14352550000002
4780,84.39570939999997
4781,84.93836719999999
4782,84.07716719999999
4783,82.826164
4784,81.30125939999999
4785,80.1289435
4786,80.5516272
4787,81.70767939999998
4788,84.68144709999999
4789,83.09464990000001
4790,83.49287750000002
4791,83.50588450000001
4792,82.20314299999998
4793,83.3724342
4794,85.1873869
4795,86.77159669999999
4796,86.36432939999999
4797,85.22758069999999
4798,86.1424772
4799,85.4564702
4800,85.47633269999999
4801,83.25819410000004
4802,83.54587009999999
4803,82.7727795
4804,82.49505730000003
4805,84.04281930000002
4806,83.40605710000001
4807,83.8384558
4808,85.06491010000002
4809,86.4350964
4810,87.87417990000002
4811,87.87384
4812,87.27293719999999
4813,87.3414199
4814,87.77055560000001
4815,87.83508020000001
4816,87.2685693
4817,85.84109150000002
4818,85.0197469
4819,85.18370960000001
4820,85.62395710000001
4821,86.25542110000002
4822,85.73903419999998
4823,86.03858940000002
4824,87.57810329999997
4825,89.29909930000002
4826,88.98724019999999
4827,89.53675229999997
4828,87.55523939999999
4829,87.27832369999999
4830,86.1275292
4831,85.6270939
4832,85.91524660000002
4833,85.65702989999998
4834,86.134824
4835,88.1150334
4836,87.97796290000001
4837,87.5153297
4838,89.5276974
4839,90.21646940000001
4840,89.88264699999998
4841,89.33857710000001
4842,89.97854619999998
4843,89.65242250000001
4844,90.04613970000001
4845,91.38120050000002
4846,91.2494103
4847,91.29197009999997
4848,87.6022298
4849,86.76194979999995
4850,87.71677630000002
4851,86.30212999999999
4852,87.2934763
4853,88.43515609999999
4854,89.21182029999999
4855,89.06000900000002
4856,90.90704699999999
4857,91.60542629999999
4858,91.2244869
4859,90.5775302
4860,90.77119319999997
4861,89.10813029999998
4862,90.13966440000002
4863,90.9063888
4864,89.47561020000002
4865,89.4006526
4866,87.55106610000001
4867,87.4183232
4868,86.3681076
4869,84.7854159
4870,86.13235699999998
4871,85.61952609999999
4872,85.91285069999998
4873,85.40532050000002
4874,87.23758039999998
4875,88.43283089999998
4876,88.43498290000001
4877,88.2110876
4878,87.7435021
4879,84.82801610000003
4880,84.6056607
4881,85.2095498
4882,85.89069670000002
4883,87.25846319999997
4884,89.6977395
4885,87.96127019999999
4886,90.0916664
4887,89.58375099999999
4888,88.3870137
4889,87.54502780000003
4890,84.47663969999999
4891,88.56782259999999
4892,88.8125634
4893,89.24793369999999
4894,90.72632199999997
4895,90.44588720000002
4896,89.7286403
4897,87.6986008
4898,89.94471779999998
4899,87.6111664
4900,87.3591471
4901,87.053961
4902,86.2616932
4903,85.0703834
4904,84.65457330000001
4905,85.094307
4906,86.0681638
4907,83.53170019999997
4908,83.27315249999998
4909,83.6464466
4910,82.06984310000001
4911,80.1779426
4912,82.40165700000001
4913,86.8090173
4914,85.8695327
4915,83.8862968
4916,83.60743730000002
4917,82.2283566
4918,83.037947
4919,84.0369929
4920,84.91654269999997
4921,84.2108668
4922,84.01681619999998
4923,84.409947
4924,83.54962640000001
4925,83.3327699
4926,82.6448207
4927,82.820774
4928,82.15867329999999
4929,84.56205369999999
4930,87.20934099999998
4931,89.28110740000001
4932,87.17804339999999
4933,86.5863806
4934,85.89098640000002
4935,84.3862504
4936,81.63572700000002
4937,81.52296649999997
4938,82.16488030000001
4939,82.9288933
4940,80.47643339999998
4941,79.40685649999999
4942,81.02223349999998
4943,81.5535235
4944,83.70368239999999
4945,84.59601390000002
4946,85.1267524
4947,84.77001420000002
4948,83.76673000000001
4949,82.15698030000001
4950,81.94932589999999
4951,80.6562677
4952,79.36595590000002
4953,78.2373829
4954,78.7784639
4955,78.44515409999998
4956,77.1310092
4957,77.3821306
4958,77.14356749999997
4959,75.04490369999999
4960,76.07046000000001
4961,79.93867459999998
4962,79.40498000000001
4963,78.9782804
4964,80.09403670000002
4965,80.3356236
4966,79.48351670000001
4967,78.167174
4968,78.3687206
4969,77.3069367
4970,76.9864232
4971,76.83534660000001
4972,76.54086709999999
4973,76.63057970000001
4974,76.25730389999998
4975,74.2743967
4976,73.71071040000002
4977,73.7362205
4978,74.10991669999999
4979,75.43701919999998
4980,75.52277350000001
4981,76.1417337
4982,76.2024806
4983,76.55359079999998
4984,76.26405979999998
4985,74.6068626
4986,73.5706536
4987,72.7536733
4988,74.45250329999998
4989,74.20440689999998
4990,74.8271806
4991,74.9455307
4992,77.6196566
4993,77.23903080000004
4994,77.3507072
4995,76.56742349999999
4996,76.78620290000002
4997,76.85659249999998
4998,76.76403700000003
4999,75.901113
5000,74.3026562
5001,73.88765319999999
5002,73.31890649999998
5003,71.97821710000001
5004,71.483243
5005,73.7245565
5006,79.84062
5007,82.35311959999999
5008,82.02828009999999
5009,80.78769049999998
5010,81.10264770000002
5011,79.29552039999997
5012,78.68137999999999
5013,79.91556939999998
5014,80.57020630000001
5015,82.43520969999999
5016,84.0197862
5017,83.38836009999999
5018,79.22459309999998
5019,76.99235350000001
5020,75.9392403
5021,74.6162601
5022,74.58988770000002
5023,74.16872319999999
5024,73.74462700000002
5025,72.2829373
5026,71.36086989999998
5027,73.52851940000002
5028,75.24667369999999
5029,77.67073309999999
5030,77.35366669999999
5031,79.3176328
5032,78.48338320000002
5033,80.35260289999998
5034,78.8789967
5035,79.54346030000002
5036,80.11020709999998
5037,76.1782099
5038,77.597896
5039,81.0519237
5040,80.58338640000002
5041,81.79603629999997
5042,82.80908930000001
5043,83.5930504
5044,85.19797729999999
5045,80.26571340000001
5046,80.2742098
5047,77.4029792
5048,75.5572794
5049,75.21223690000001
5050,75.76468329999999
5051,77.38563280000001
5052,77.07373619999998
5053,75.34661740000001
5054,77.6401438
5055,77.97757700000005
5056,78.92323620000002
5057,79.96133350000001
5058,76.95047699999999
5059,76.64224710000002
5060,76.44757290000001
5061,74.62020720000001
5062,76.3129138
5063,78.99815050000001
5064,80.50792660000002
5065,79.37478999999998
5066,79.40096060000002
5067,77.8936934
5068,77.20544859999998
5069,76.13814550000001
5070,75.28537989999998
5071,75.01088280000002
5072,72.46114680000001
5073,74.0067828
5074,73.0660532
5075,74.79117339999999
5076,77.33784759999999
5077,77.69837990000002
5078,78.09634910000001
5079,79.7197208
5080,79.5333704
5081,79.81719640000001
5082,76.29282319999999
5083,78.78365299999997
5084,79.81482
5085,80.39674649999999
5086,83.4220671
5087,82.7227499
5088,79.359381
5089,82.39799379999998
5090,86.56500449999999
5091,86.34000610000001
5092,87.09646610000001
5093,86.2614834
5094,87.40525359999998
5095,83.42126259999999
5096,81.4924768
5097,81.00894239999998
5098,80.3262733
5099,79.5376376
5100,81.8403292
5101,83.88903269999999
5102,83.2993129
5103,85.017504
5104,86.68787950000001
5105,84.77192679999999
5106,86.80585400000001
5107,87.20888350000001
5108,87.86223740000001
5109,87.72168339999997
5110,87.99630639999997
5111,86.6434437
5112,90.6435466
5113,89.12123010000002
5114,90.02750900000001
5115,88.26023980000001
5116,87.0357097
5117,88.7939042
5118,86.57819880000001
5119,83.2807208
5120,83.0071394
5121,83.99602950000002
5122,86.97038280000002
5123,89.63109049999998
5124,86.4503199
5125,86.79343719999997
5126,86.48128349999999
5127,85.3259425
5128,83.6420532
5129,83.5847332
5130,84.52852220000003
5131,88.4027503
5132,87.91202939999998
5133,88.43136650000001
5134,87.69377029999997
5135,88.76669949999999
5136,88.79727039999999
5137,89.28175659999998
5138,90.7541333
5139,92.3170757
5140,90.42246380000002
5141,89.9357761
5142,88.2830165
5143,86.8904065
5144,86.53018329999999
5145,86.28168360000001
5146,86.18600970000001
5147,86.79140149999999
5148,87.35859020000001
5149,88.29479079999999
5150,87.08507400000002
5151,87.6504641
5152,85.20629079999999
5153,83.6598632
5154,83.21948699999999
5155,82.67582060000001
5156,85.2331993
5157,88.46741089999999
5158,87.96755970000001
5159,87.7635366
5160,87.94810670000003
5161,86.94264270000001
5162,88.40790640000002
5163,89.7947765
5164,88.04745310000001
5165,86.9943765
5166,86.06409570000001
5167,84.78617990000002
5168,83.24232079999999
5169,83.15918620000002
5170,82.75771419999998
5171,83.2056235
5172,84.3533904
5173,84.87140809999997
5174,87.23038330000001
5175,88.25161309999999
5176,90.05025089999998
5177,90.32267389999998
5178,88.50571950000003
5179,87.32170670000001
5180,87.74699330000001
5181,88.6057168
5182,88.6354803
5183,89.0117056
5184,89.859723
5185,86.75912690000001
5186,87.8240265
5187,88.00401389999999
5188,85.3022196
5189,83.62518770000001
5190,83.6435833
5191,83.79552050000001
5192,84.2803907
5193,84.61984039999997
5194,83.2802134
5195,83.6208734
5196,79.28037319999997
5197,78.19077690000002
5198,78.40475299699999
5199,76.95820623200001
5200,80.34242079999999
5201,79.8154
5202,79.8474
5203,79.87939999999999
5204,79.9114
5205,79.9434
5206,79.9754
5207,80.00739999999999
5208,80.0394
5209,79.3034
5210,79.33539999999999
5211,79.36739999999999
5212,79.3994
5213,79.4314
5214,79.4634
5215,79.49539999999999
5216,79.5274
5217,79.6544034
5218,79.4522862
5219,77.17516609999998
5220,76.9876434
5221,78.68746289999999
5222,78.4040563
5223,76.92223679999998
5224,75.80774319999999
5225,75.46607450000002
5226,78.3623994
5227,78.120281
5228,79.28286
5229,83.47839670000002
5230,83.76328570000001
5231,86.36756359999998
5232,87.63401959999999
5233,86.51958379999998
5234,87.9322302
5235,88.2900138
5236,82.91122259999999
5237,81.2332367
5238,80.32330670000002
5239,76.44708009999998
5240,75.6504863
5241,77.0313068
5242,76.36880289999998
5243,79.45766650000002
5244,78.2962764
5245,77.62614740000001
5246,78.7601993
5247,81.76502310000001
5248,80.54188710000001
5249,81.43166599999999
5250,80.57046759999997
5251,80.59296999999998
5252,81.03615020000001
5253,84.99280419999998
5254,88.68120340000002
5255,89.54637979999998
5256,86.7866169
5257,86.00889089999998
5258,91.4658707
5259,93.38264729999997
5260,89.73752929999999
5261,87.60381299999997
5262,87.38160340000003
5263,86.9403826
5264,86.27901519999999
5265,85.78609669999996
5266,84.98638749999998
5267,86.8276667
5268,87.99523409999999
5269,89.80157030000002
5270,88.08237029999998
5271,86.6609031
5272,85.1867107
5273,81.9754339
5274,85.23219229999998
5275,94.16440390000002
5276,94.27864700000002
5277,92.5057298
5278,93.99548670000001
5279,93.6850939
5280,93.806707
5281,96.59763710000003
5282,96.16323630000002
5283,96.2413633
5284,94.824297
5285,92.92000320000001
5286,91.8720243
5287,90.9447873
5288,90.7824538
5289,90.98520959999999
5290,91.48449039999998
5291,92.8053613
5292,93.26441610000002
5293,95.5595932
5294,88.09377429999999
5295,84.53291600000001
5296,86.39542710000003
5297,85.9781133
5298,86.96065999999999
5299,88.5005409
5300,88.2436435
5301,87.85514979999998
5302,87.247097
5303,86.27695940000001
5304,89.87262890000002
5305,88.99645330000001
5306,89.78928610000001
5307,88.8658636
5308,88.2425196
5309,86.48584679999999
5310,86.7586735
5311,85.27193930000001
5312,84.4189527
5313,83.15078989999999
5314,83.77715640000002
5315,83.1665369
5316,83.6026766
5317,84.31770279999996
5318,87.2510633
5319,88.6679259
5320,88.803107
5321,89.8948095
5322,90.5703462
5323,91.0041781
5324,91.47782710000001
5325,91.00785979999999
5326,88.66448199999999
5327,90.5444465
5328,88.76232579999999
5329,89.09471980000002
5330,89.03586080000001
5331,91.0858105
5332,91.0754227
5333,90.3070996
5334,90.04125649999999
5335,89.3000294
5336,90.56465230000002
5337,89.18388619999999
5338,90.09016659999999
5339,89.7858968
5340,91.76288019999998
5341,92.16986980000001
5342,90.4049459
5343,89.74123380000002
5344,90.86953010000003
5345,91.0182024
5346,89.7441733
5347,91.12198710000001
5348,93.31464260000003
5349,94.2325829
5350,90.01513770000001
5351,91.23315650000002
5352,93.1481368
5353,92.36938339999999
5354,91.64590399999999
5355,93.8102161
5356,93.25019660000001
5357,93.63232719999999
5358,93.57049670000004
5359,93.70160559999998
5360,93.95522109999997
5361,92.353061
5362,91.94238420000002
5363,91.0623744
5364,91.10761079999999
5365,90.8951167
5366,90.72075509999999
5367,89.24869089999997
5368,88.94313679999998
5369,88.32683360000003
5370,91.64856739999999
5371,91.98270020000002
5372,92.95384409999998
5373,91.84012010000004
5374,92.69766979999999
5375,93.7842033
5376,94.8652742
5377,93.38735989999996
5378,95.60359290000002
5379,96.17400749999999
5380,95.8928721
5381,94.33610629999998
5382,92.75873270000004
5383,91.72952679999999
5384,88.9880958
5385,87.1525897
5386,87.31226330000001
5387,89.93197620000001
5388,92.26205979999997
5389,92.0295826
5390,93.13345959999998
5391,92.44290690000003
5392,92.9631601
5393,91.92856460000002
5394,92.0565932
5395,93.18657660000001
5396,92.39335639999997
5397,95.03081660000001
5398,96.2680132
5399,96.8989633
5400,97.4008085
5401,97.43110680000001
5402,96.21984970000001
5403,97.98842129999998
5404,94.23048049999998
5405,92.869294
5406,92.72199290000003
5407,91.87494590000001
5408,90.41993030000003
5409,92.1948799
5410,92.70582
5411,91.65017680000001
5412,95.38404329999997
5413,96.6433854
5414,97.17603289999997
5415,95.0687164
5416,92.46265980000001
5417,95.52999959999998
5418,92.59713369999999
5419,93.8731603
5420,90.05768929999998
5421,87.16240640000001
5422,88.37917980000002
5423,85.8968365
5424,79.6600831
5425,76.74912659999998
5426,75.91890939999999
5427,75.7445864
5428,74.48789969999999
5429,74.4756691
5430,72.93525360000001
5431,72.4597869
5432,71.20973719999999
5433,70.3941504
5434,70.5309433
5435,72.43235630000001
5436,77.2626294
5437,83.11781039999998
5438,82.4179415
5439,80.0455279
5440,80.42211969999998
5441,77.1783566
5442,76.25427279999998
5443,76.7002407
5444,75.2223803
5445,76.82921379999999
5446,77.0912239
5447,74.9920838
5448,75.30366620000001
5449,73.9108397
5450,78.00755989999998
5451,78.8734334
5452,78.6920331
5453,78.13912710000001
5454,77.94424960000002
5455,77.81286399999999
5456,77.5826971
5457,77.22251109999999
5458,77.21982369999999
5459,75.93270460000001
5460,76.7054436
5461,80.5507755
5462,81.9463004
5463,82.32318660000001
5464,84.7763236
5465,84.7803095
5466,84.06185349999998
5467,83.8311737
5468,84.51924930000001
5469,83.11340350000002
5470,81.35420080000002
5471,79.30877590000001
5472,76.89712719999999
5473,74.35791650000002
5474,74.16467269999998
5475,74.33798680000001
5476,73.00078049999999
5477,71.2182937
5478,70.74203720000001
5479,70.45393669999999
5480,70.34774030000003
5481,69.92844679999999
5482,69.8683038
5483,69.50225019999999
5484,68.9062598
5485,68.82668340000001
5486,67.1209031
5487,67.71856079999999
5488,67.89469659999999
5489,68.86946979999999
5490,69.66890370000002
5491,70.28855949999999
5492,70.9391638
5493,70.7244695
5494,71.12313689999999
5495,72.1039595
5496,72.7059075
5497,72.31103639999999
5498,72.37394600000003
5499,70.57008259999998
5500,70.0945058
5501,68.2133497
5502,67.2808865
5503,67.19174000000001
5504,67.12217319999998
5505,67.8132932
5506,68.97781679999999
5507,69.9432027
5508,70.8130722
5509,69.22345320000001
5510,70.2371673
5511,82.20281039999999
5512,91.2116905
5513,91.59260990000001
5514,93.3092245
5515,76.08468029999999
5516,74.9317969
5517,75.69045569999999
5518,74.8425671
5519,75.56078319999999
5520,76.81645919999998
5521,75.0524567
5522,71.50703679999998
5523,73.95163029999999
5524,75.23018640000001
5525,73.56818709999999
5526,73.8915198
5527,73.17878409999999
5528,72.6403962
5529,70.712673
5530,68.24635329999998
5531,71.61938310000002
5532,75.4347967
5533,75.34194640000001
5534,76.85817689999998
5535,78.09749910000001
5536,77.87056020000001
5537,79.11912280000001
5538,79.0712639
5539,85.23503020000003
5540,86.29993139999999
5541,84.06915629999999
5542,83.87968999999998
5543,82.84824739999996
5544,81.38846360000001
5545,79.39404649999999
5546,78.0873104
5547,80.3459661
5548,81.04654680000002
5549,79.36731350000001
5550,79.01763019999997
5551,78.4572065
5552,78.00370370000002
5553,76.8430099
5554,75.89490970000001
5555,75.39403320000001
5556,76.8809674
5557,79.02588349999999
5558,79.82887290000001
5559,79.7776402
5560,80.62297999999998
5561,78.8070162
5562,76.41681649999998
5563,78.83028040000002
5564,79.56331009999998
5565,78.5749868
5566,76.93047649999998
5567,76.90483699999999
5568,76.29813959999998
5569,73.86698620000001
5570,72.9414366
5571,72.77609629999999
5572,72.30682569999999
5573,73.04425670000002
5574,72.9989065
5575,72.74197300000002
5576,72.67838349999998
5577,72.19837030000002
5578,72.30370309999999
5579,73.01290009999998
5580,73.80089300000002
5581,75.03871380000001
5582,75.59163639999998
5583,75.45904030000001
5584,75.02947989999998
5585,76.91465
5586,78.12911330000003
5587,77.98984390000001
5588,77.48078980000003
5589,76.62358730000001
5590,76.14100669999999
5591,78.08873089999999
5592,78.7419745
5593,77.98975
5594,76.86704429999999
5595,75.00645630000001
5596,74.04889680000001
5597,73.70117640000001
5598,73.57721350000001
5599,73.36614850000001
5600,72.90747650000002
5601,72.32494340000002
5602,71.87954309999999
5603,73.73886409999999
5604,73.5334478
5605,71.1798398
5606,72.7775802
5607,74.27873999999998
5608,72.60673
5609,74.36822319999999
5610,74.52676020000001
5611,76.77364689999999
5612,76.4526196
5613,75.51295370000001
5614,76.39209940000002
5615,77.3812473
5616,77.59577389999998
5617,79.4385239
5618,74.70807289999999
5619,74.3079933
5620,75.9937694
5621,77.485067
5622,75.98878069999999
5623,75.2857965
5624,75.4402263
5625,75.90107990000001
5626,76.19521069999999
5627,75.98946269999999
5628,78.18010240000001
5629,79.7252642
5630,79.4413434
5631,80.75601600000002
5632,82.39775570000002
5633,82.4671565
5634,83.1092529
5635,82.02248099999998
5636,82.22373389999998
5637,75.96138680000003
5638,75.1280533
5639,74.40713949999999
5640,77.8425763
5641,78.97560709999999
5642,79.1869801
5643,79.41151699999999
5644,76.6462531
5645,79.92182350000002
5646,80.06405880000001
5647,79.87939589999999
5648,79.99869980000001
5649,80.27104970000002
5650,80.0426444
5651,80.2056178
5652,80.78065019999998
5653,81.1953026
5654,80.91985329999997
5655,80.13026289999999
5656,78.08905709999998
5657,78.59233370000001
5658,82.47554279999999
5659,83.52056929999999
5660,83.5173708
5661,82.8919369
5662,76.45527730000002
5663,76.70427009999999
5664,79.01180360000001
5665,78.1688294
5666,77.4333964
5667,77.6772928
5668,79.0020496
5669,75.84680000000003
5670,73.877219
5671,74.4475595
5672,74.0065602
5673,74.0463329
5674,73.96749060000002
5675,74.493867
5676,70.2004471
5677,65.04711979999999
5678,67.18411730000001
5679,70.8500774
5680,70.99357969999998
5681,75.0683366
5682,77.8959502
5683,76.6296925
5684,75.15979010000001
5685,72.5487097
5686,72.7770595
5687,73.77141349999998
5688,75.41623269999998
5689,74.45086669999999
5690,75.3918343
5691,74.06218000000001
5692,73.50590150000001
5693,72.1417068
5694,72.68518570000002
5695,74.2314832
5696,73.85486970000001
5697,73.6123471
5698,73.18898279999999
5699,74.25237989999998
5700,76.11203040000001
5701,76.49196049999999
5702,72.3228762
5703,75.2286997
5704,74.0209631
5705,74.48097320000001
5706,71.9703604
5707,73.18540979999997
5708,72.54923299999999
5709,70.75706689999998
5710,68.73357050000001
5711,69.9960301
5712,72.52506709999997
5713,72.7394504
5714,73.76203699999998
5715,74.72085979999999
5716,74.1322774
5717,73.41990679999999
5718,73.8665503
5719,72.2097197
5720,70.88442949999998
5721,69.810784
5722,69.6910201
5723,70.92572309999998
5724,70.10221629999998
5725,74.20293269999999
5726,72.725037
5727,74.20225319999999
5728,78.23553940000001
5729,78.3939666
5730,78.73547040000001
5731,78.8619962
5732,80.26862999999999
5733,81.967973
5734,81.6339676
5735,80.3270471
5736,80.1886572
5737,77.73543049999999
5738,81.00619680000001
5739,78.0169733
5740,79.22773349999999
5741,79.7426329
5742,79.6994826
5743,82.06839699999999
5744,81.1214336
5745,81.44372290000003
5746,84.66986630000001
5747,85.1723739
5748,84.5551169
5749,82.67230889999999
5750,80.92011039999998
5751,82.2766195
5752,82.18285270000001
5753,81.75883110000001
5754,81.05258380000001
5755,82.60093300000003
5756,83.10736309999999
5757,83.76819789999999
5758,83.29709290000002
5759,79.4380999
5760,77.5798231
5761,76.4340558
5762,78.37903029999998
5763,78.1434376
5764,79.6114139
5765,79.86114010000001
5766,82.6362625
5767,81.23896000000002
5768,81.20045009999998
5769,81.36628329999999
5770,81.14741030000002
5771,87.49656330000002
5772,93.10435279999999
5773,93.4937062
5774,90.66812660000001
5775,84.09536119999999
5776,81.8926727
5777,81.03704710000002
5778,83.39635299999998
5779,84.6511133
5780,81.49311290000003
5781,80.06698930000002
5782,76.50019329999999
5783,75.59656980000001
5784,72.61743030000001
5785,70.86398610000002
5786,71.18282999999998
5787,71.48088270000002
5788,72.7654532
5789,71.97223369999998
5790,71.97033289999999
5791,71.05754380000002
5792,71.02042680000001
5793,70.92592749999997
5794,71.16901740000002
5795,72.89600630000002
5796,74.8344159
5797,77.6342724
5798,74.6544361
5799,70.98702730000001
5800,73.19292060000001
5801,70.8186695
5802,75.87620259999998
5803,80.1791365
5804,77.01328969999997
5805,73.9515036
5806,71.9886529
5807,71.4314933
5808,71.7750132
5809,70.56427409999998
5810,72.4013728
5811,73.31806700000001
5812,73.6806909
5813,72.6517411
5814,72.80321749999999
5815,72.38869039999999
5816,71.30173330000001
5817,70.23347659999999
5818,70.25018669999999
5819,70.40765989999998
5820,69.4815978
5821,69.62521000000002
5822,70.8537165
5823,73.0561274
5824,71.2932929
5825,68.69424070000001
5826,68.2277196
5827,69.52094279999997
5828,68.90878350000001
5829,70.07411280000002
5830,71.54219930000001
5831,72.16768680000001
5832,71.68286989999999
5833,68.49568699999999
5834,64.4535801
5835,64.5105501
5836,65.8261034
5837,70.57002730000002
5838,69.6836536
5839,71.58811030000001
5840,66.8735369
5841,65.10527669999999
5842,65.43138040000002
5843,66.4584399
5844,66.28052280000001
5845,64.22274349999999
5846,64.6174862
5847,65.9287499
5848,65.0432768
5849,65.14362229999999
5850,66.9528928
5851,67.3658232
5852,68.32563630000001
5853,71.40654269999999
5854,71.28707390000001
5855,72.85735000000001
5856,74.6726334
5857,73.75588669999999
5858,72.6543364
5859,72.58810700000001
5860,71.4988037
5861,72.09308630000001
5862,72.4915498
5863,69.5461803
5864,69.3282231
5865,69.7022496
5866,69.18831959999999
5867,67.7820701
5868,67.9126668
5869,69.53955729999998
5870,67.3838776
5871,70.97199360000002
5872,77.10063180000002
5873,77.9282268
5874,74.14069690000001
5875,71.40872630000001
5876,76.87897960000001
5877,76.2546098
5878,74.38866960000001
5879,71.8428931
5880,74.55544719999999
5881,72.6706629
5882,78.37220939999999
5883,75.61369289999998
5884,75.04931090000001
5885,74.8003697
5886,73.70994680000003
5887,73.9488943
5888,73.56498389999997
5889,72.05962339999999
5890,71.1971775
5891,70.5282568
5892,69.70790309999998
5893,70.5542334
5894,73.97866990000001
5895,74.6757665
5896,73.88232740000001
5897,77.62840349999999
5898,76.15135050000002
5899,79.3642204
5900,79.0732963
5901,76.6720966
5902,77.2895901
5903,77.3025236
5904,78.63479719999998
5905,79.2397524
5906,80.68811299999999
5907,80.80701479999998
5908,82.72298399999998
5909,81.61798660000002
5910,79.83885360000001
5911,75.5114806
5912,72.1379169
5913,70.37530430000001
5914,70.00389650000001
5915,73.39060339999999
5916,76.04679909999997
5917,75.08788290000003
5918,73.7897263
5919,73.6155494
5920,77.14903279999999
5921,77.64101659999999
5922,75.99361090000001
5923,76.4299695
5924,76.4305459
5925,73.3781103
5926,75.75402700000001
5927,77.14511360000002
5928,78.3031837
5929,79.49443990000002
5930,81.22209090000001
5931,81.438157
5932,82.2260398
5933,82.3677109
5934,80.71324429999999
5935,80.28082339999996
5936,75.74917949999997
5937,74.3504471
5938,72.7070372
5939,72.696136
5940,74.25908069999997
5941,75.7930197
5942,77.87402739999999
5943,79.80946730000001
5944,79.07604990000002
5945,79.97041380000002
5946,81.41983739999999
5947,80.6300257
5948,80.57773039999998
5949,79.85578929999997
5950,79.6690368
5951,78.7297734
5952,79.5015232
5953,80.68585089999996
5954,82.29466240000002
5955,82.50486280000001
5956,80.10553320000002
5957,78.90839269999998
5958,78.84760650000001
5959,77.96869600000002
5960,74.89220620000002
5961,74.0822296
5962,73.6281766
5963,75.24710990000001
5964,76.0341133
5965,79.9080105
5966,84.6067236
5967,84.2002267
5968,94.52342369999998
5969,89.2140435
5970,87.18555909999999
5971,84.84797569999998
5972,86.6329363
5973,87.16019429999997
5974,87.26365630000001
5975,85.46522009999998
5976,84.283847
5977,82.5150032
5978,81.81410960000001
5979,79.4356065
5980,76.94923080000004
5981,76.00883010000003
5982,73.94886619999998
5983,74.33323270000001
5984,74.05748980000003
5985,73.826297
5986,73.5896039
5987,74.4345771
5988,76.2364767
5989,76.3455141
5990,76.8939275
5991,76.2752404
5992,76.9355238
5993,77.91895059999999
5994,76.5652067
5995,75.83278040000002
5996,76.13596649999998
5997,75.6566129
5998,76.3790832
5999,75.55883910000001
6000,74.38351680000001
6001,75.8028772
6002,75.56196680000002
6003,73.12688589999999
6004,70.78915710000001
6005,72.39305630000001
6006,71.22842080000002
6007,71.2189865
6008,70.51985379999999
6009,69.13024979999999
6010,68.56022030000001
6011,68.5287501
6012,67.6062435
6013,70.9896491
6014,73.65068609999999
6015,75.85639549999999
6016,76.75761619999999
6017,79.69226020000002
6018,82.37683669999998
6019,82.6418166
6020,81.88922349999996
6021,80.10824009999997
6022,78.6683309
6023,79.4100864
6024,79.63810769999999
6025,80.32827650000002
6026,78.26892049999996
6027,77.38623290000001
6028,76.4979735
6029,75.7118303
6030,75.5276236
6031,74.9584362
6032,73.8409012
6033,77.68385059999999
6034,79.62581540000001
6035,81.62853970000002
6036,87.28953390000001
6037,87.1108103
6038,77.1177039
6039,77.90698049999997
6040,79.26147309999999
6041,81.05871730000001
6042,80.77864720000002
6043,80.3157564
6044,81.08534279999998
6045,77.4202068
6046,77.10354300000002
6047,77.551491
6048,78.2203174
6049,76.71389669999998
6050,76.92948659999999
6051,78.97617359999998
6052,80.16621620000002
6053,79.91328050000003
6054,79.30583039999999
6055,79.44962609999999
6056,78.53060269999999
6057,78.10570010000002
6058,76.4419764
6059,74.00957380000001
6060,74.1115327
6061,75.288669
6062,74.4278736
6063,77.215263
6064,79.1250372
6065,78.307653
6066,81.3415897
6067,82.18205300000001
6068,81.34457600000002
6069,80.73018090000001
6070,80.7717872
6071,81.4120869
6072,80.8811804
6073,80.5557565
6074,81.34771009999999
6075,82.7010301
6076,83.03553020000001
6077,81.93101030000003
6078,81.08346619999999
6079,81.01855669999999
6080,77.29380029999999
6081,75.00597320000003
6082,85.5704731
6083,87.1131408
6084,83.24486939999997
6085,82.6312422
6086,81.3989762
6087,80.4879097
6088,77.8776367
6089,77.20790980000001
6090,79.1423602
6091,78.13757283000001
6092,80.78478670000001
6093,80.99898300000004
6094,81.4105207
6095,82.75852379999999
6096,82.25592385
6097,81.49739239999998
6098,80.397089665
6099,79.8341367
6100,79.25046600000002
6101,75.199853565
6102,74.23490280000001
6103,73.077987
6104,66.92200980999999
6105,40.09758322
6106,37.86229999999999
6107,37.89429999999999
6108,37.92629999999999
6109,37.95829999999999
6110,35.993946715999996
6111,57.10788669000001
6112,65.92870302000001
6113,64.71322953999999
6114,64.4670767
6115,64.45581
6116,64.48803000000001
6117,64.4757732
6118,64.4195533
6119,64.6264534
6120,65.0433433
6121,64.53605350000001
6122,64.47272000000001
6123,64.54219300000001
6124,64.5671533
6125,64.61668
6126,64.63160990000002
6127,64.73566000000001
6128,64.83080000000001
6129,64.50988330000001
6130,72.7948162
6131,75.25843979999999
6132,77.7482072
6133,77.0822933
6134,75.9789101
6135,78.2397679
6136,78.3842228
6137,80.0141195
6138,80.03600039999999
6139,86.6051898
6140,88.99723959999999
6141,91.2763927
6142,83.73533280000002
6143,83.78584990000002
6144,83.51175640000002
6145,82.97395960000001
6146,83.1590432
6147,83.4519999
6148,82.8607393
6149,83.2939095
6150,81.70419589999999
6151,79.10708759999999
6152,79.32905749999999
6153,78.5048901
6154,79.34916709999997
6155,78.3954563
6156,77.9558869
6157,78.57246350000001
6158,78.0102802
6159,78.1165673
6160,79.13075650000002
6161,78.36243270000001
6162,79.28044680000002
6163,80.5480391
6164,81.68605299999999
6165,81.2827106
6166,82.04338580000001
6167,80.8251265
6168,81.9777332
6169,81.2528999
6170,80.35041349999997
6171,80.08017020000001
6172,80.25869019999996
6173,78.9423104
6174,77.75526899999998
6175,77.65042899999999
6176,76.7688432
6177,74.78754950000001
6178,76.10178319999999
6179,78.4131314
6180,79.0238772
6181,78.48409710000001
6182,78.71626020000001
6183,79.5633234
6184,80.5343202
6185,78.8505765
6186,79.53142949999999
6187,80.6018301
6188,79.4386797
6189,80.3708468
6190,80.05766679999999
6191,80.34365730000002
6192,80.16548290000003
6193,79.55538020000003
6194,78.5775795
6195,77.04706630000001
6196,77.96515330000003
6197,78.36968580000003
6198,76.8372462
6199,78.3083403
6200,77.45388710000002
6201,78.2998864
6202,76.24980610000001
6203,75.0621265
6204,71.94255309999998
6205,70.87081239999999
6206,71.20171979999999
6207,72.60109470000002
6208,72.6901465
6209,73.1061931
6210,73.6905036
6211,73.82172320000002
6212,73.55551290000001
6213,73.5023723
6214,73.7776206
6215,74.82822069999999
6216,76.46178379999999
6217,75.6974973
6218,76.1337833
6219,76.0109765
6220,76.81514109999999
6221,76.49891649999998
6222,76.12386020000001
6223,76.10988080000001
6224,76.12398660000001
6225,75.379534
6226,74.56302970000002
6227,72.1371168
6228,70.21852330000002
6229,70.82344
6230,70.9855703
6231,69.18548270000001
6232,69.02678000000002
6233,68.3352003
6234,68.9525107
6235,68.90278029999999
6236,68.57464010000002
6237,68.54225310000002
6238,68.631013
6239,69.14136690000001
6240,71.0592794
6241,69.83097620000001
6242,68.7294633
6243,68.67863299999999
6244,68.2840159
6245,68.1233338
6246,67.85574729999999
6247,68.13913269999999
6248,68.51741439999999
6249,68.18586250000001
6250,68.0447605
6251,67.33679000000001
6252,67.41044380000001
6253,68.5020005
6254,68.89777070000001
6255,68.94465650000001
6256,69.37603010000001
6257,69.5499676
6258,69.8836596
6259,69.5871639
6260,69.38504670000002
6261,69.89624329999998
6262,70.4173396
6263,70.30128
6264,72.36919629999998
6265,71.5255262
6266,70.03904979999997
6267,69.15925980000002
6268,69.0309534
6269,68.87518429999999
6270,68.46470690000001
6271,67.83274650000001
6272,68.0756528
6273,69.03264320000001
6274,67.96519320000002
6275,68.0630469
6276,69.4089609
6277,71.0032532
6278,70.31688009999999
6279,70.8844334
6280,71.66102339999999
6281,75.25694949999998
6282,73.7955889
6283,74.0992903
6284,72.7063866
6285,73.09834379999998
6286,73.076884
6287,72.05860300000002
6288,72.57104609999999
6289,72.11105659999998
6290,72.10774699999999
6291,71.26356019999999
6292,70.75494699999999
6293,70.6083065
6294,69.1663958
6295,68.5788044
6296,69.1509032
6297,68.4745031
6298,67.7223508
6299,72.58510980000003
6300,73.26468009999999
6301,74.01871960000001
6302,74.1970563
6303,72.62925290000001
6304,72.77059280000002
6305,72.5135866
6306,71.7322839
6307,71.2585034
6308,71.7702498
6309,70.9050155
6310,70.46944289999999
6311,70.83386309999999
6312,71.7314167
6313,70.9108836
6314,71.2780169
6315,71.07109600000003
6316,70.384393
6317,70.1854298
6318,70.67669679999999
6319,70.1926864
6320,70.31228369999998
6321,69.74067699999998
6322,69.3642837
6323,69.2293762
6324,69.10788980000001
6325,69.14671000000001
6326,68.55141719999997
6327,69.02748770000001
6328,68.58813679999999
6329,68.61412320000001
6330,68.83719339999999
6331,68.69502670000001
6332,68.92143270000001
6333,68.9476035
6334,68.9660364
6335,68.46790969999999
6336,69.34892660000001
6337,67.1981636
6338,67.14850659999999
6339,67.21724649999999
6340,67.1818532
6341,67.22316579999999
6342,67.57583300000002
6343,67.6098131
6344,67.65574740000001
6345,67.47687640000001
6346,67.28330429999998
6347,67.2628697
6348,67.47798350000001
6349,68.8436605
6350,68.85465080000002
6351,68.6200837
6352,70.0289161
6353,69.78353349999999
6354,69.9953831
6355,70.4762202
6356,70.8937337
6357,71.2790905
6358,71.08683570000001
6359,73.2864233
6360,73.331807
6361,73.24621950000001
6362,72.34754790000002
6363,73.78318349999998
6364,72.6087036
6365,71.07654
6366,70.50451
6367,70.51828680000001
6368,69.7568561
6369,69.92467090000001
6370,70.34064380000001
6371,71.2080561
6372,70.6089858
6373,69.17468659999999
6374,69.3542333
6375,69.41622760000001
6376,68.95769960000001
6377,71.5054734
6378,70.5243365
6379,70.01884050000001
6380,67.8167038
6381,68.03456659999999
6382,68.11500300000002
6383,68.2245164
6384,68.9696467
6385,66.7066831
6386,66.57896430000001
6387,67.48230989999999
6388,67.91918280000002
6389,68.0012336
6390,67.5502404
6391,67.3758795
6392,66.7473304
6393,66.74886030000002
6394,66.58714900000001
6395,66.3733367
6396,66.0664265
6397,66.4713631
6398,67.35861379999999
6399,73.9247962
6400,74.98877960000002
6401,75.6750962
6402,75.9400036
6403,74.0777292
6404,73.93574620000001
6405,74.43187379999999
6406,69.06855640000002
6407,68.08983989999999
6408,67.23912639999999
6409,65.91989039999999
6410,67.6985063
6411,68.70389730000001
6412,68.4179596
6413,68.7834064
6414,67.75275090000001
6415,68.45985669999999
6416,68.75919269999999
6417,68.84707329999999
6418,68.3836343
6419,67.8337332
6420,69.43448029999998
6421,68.6780734
6422,69.27741689999998
6423,71.25560940000001
6424,72.3703404
6425,73.97900590000002
6426,74.5720071
6427,73.9035995
6428,73.1057234
6429,74.33107590000002
6430,74.10607880000002
6431,75.21347760000003
6432,78.64656640000001
6433,77.36047620000001
6434,78.292167
6435,79.0415868
6436,79.92421619999999
6437,79.28558309999998
6438,79.11043239999998
6439,77.14721699999998
6440,75.23188669999998
6441,75.11766010000001
6442,75.1985732
6443,74.09343
6444,73.92816350000001
6445,74.45435630000001
6446,75.08713960000001
6447,75.59169940000001
6448,76.88341959999998
6449,77.63797380000001
6450,79.62379409999998
6451,80.92354359999999
6452,80.36557579999996
6453,79.01946050000001
6454,77.95915940000002
6455,78.59729639999998
6456,80.14861700000002
6457,78.68106370000001
6458,78.2217667
6459,77.69438049999998
6460,77.56262669999998
6461,77.08250330000001
6462,76.94266349999998
6463,77.28288289999996
6464,77.41901690000002
6465,77.3961629
6466,76.8485731
6467,77.8814274
6468,77.54595350000001
6469,77.8174238
6470,78.6345672
6471,76.00255009999998
6472,76.4088801
6473,72.86166300000001
6474,74.03238259999999
6475,74.84017709999999
6476,75.20287300000001
6477,75.2385395
6478,73.0711266
6479,74.6247943
6480,75.97077960000001
6481,75.34967640000002
6482,76.35565299999999
6483,76.43147179999998
6484,76.08136649999999
6485,75.75487660000002
6486,75.43364670000004
6487,74.68072299999999
6488,74.3436002
6489,74.25929319999999
6490,75.86634659999999
6491,78.25029300000001
6492,78.9726167
6493,78.8318432
6494,78.1120306
6495,77.2941705
6496,77.06572689999997
6497,76.87472019999998
6498,76.66889919999998
6499,76.5636572
6500,77.05934280000001
6501,76.9961933
6502,76.8521936
6503,76.4444871
6504,75.7838527
6505,75.40749940000002
6506,75.45706309999998
6507,75.3820331
6508,74.71040020000001
6509,72.95717359999999
6510,73.04884619999999
6511,72.35345290000002
6512,71.6683635
6513,72.30972659999999
6514,72.44890350000001
6515,72.96559960000002
6516,73.11903990000002
6517,73.4336671
6518,74.65693059999998
6519,74.80373319999998
6520,75.44784619999999
6521,76.61937310000002
6522,77.36058009999999
6523,76.40012270000001
6524,76.8041794
6525,76.24844979999999
6526,78.51466059999998
6527,78.50045940000003
6528,80.11040949999997
6529,79.41325950000001
6530,79.62173750000001
6531,80.63856659999999
6532,80.17409929999998
6533,79.83019330000002
6534,77.9495664
6535,77.39981339999999
6536,77.27664010000004
6537,77.66309639999999
6538,78.0444553
6539,77.57217950000003
6540,79.69769979999998
6541,79.89367299999998
6542,79.24389420000001
6543,80.62148640000001
6544,80.21238719999998
6545,79.8783069
6546,80.1846836
6547,79.79688639999999
6548,79.61907969999999
6549,78.87594639999999
6550,78.7823268
6551,80.09014340000002
6552,81.0309997
6553,80.9101759
6554,80.78462000000002
6555,80.23846019999998
6556,79.89822
6557,79.7871836
6558,79.84215379999999
6559,79.29269260000001
6560,78.74730399999999
6561,78.36837940000002
6562,80.07197589999996
6563,83.0448998
6564,82.40465259999998
6565,80.2635672
6566,79.2065652
6567,81.71730690000001
6568,80.6837371
6569,80.15957610000001
6570,80.07024650000001
6571,77.9756898
6572,75.9530364
6573,77.1314204
6574,79.2091264
6575,79.32601109999999
6576,78.91254709999998
6577,79.143064
6578,77.24206989999999
6579,76.06762770000002
6580,75.4309369
6581,75.5217858
6582,75.0417166
6583,74.89636030000001
6584,74.07607999999999
6585,74.1882697
6586,74.21333929999999
6587,75.2083164
6588,74.3364838
6589,73.67819630000001
6590,73.75844920000002
6591,74.08997949999998
6592,73.97872380000001
6593,74.23369290000001
6594,74.2611464
6595,73.9532833
6596,73.2498597
6597,73.6140239
6598,72.08013629999999
6599,70.23454629999999
6600,72.21673679999999
6601,73.03227030000002
6602,73.3263633
6603,73.2388667
6604,73.22356669999999
6605,73.1835533
6606,73.5489434
6607,73.26825
6608,73.30751
6609,73.32598
6610,73.35948330000001
6611,73.39394
6612,73.4223466
6613,73.4604333
6614,73.4818367
6615,73.51313999999999
6616,73.7479434
6617,73.73040660000001
6618,73.91933999999999
6619,74.3271367
6620,73.7059567
6621,75.42301050000002
6622,75.597571
6623,76.0753996
6624,76.75016660000003
6625,76.4997997
6626,76.4074272
6627,75.4890269
6628,74.74578289999998
6629,74.94501920000002
6630,74.68920350000002
6631,74.74998739999998
6632,75.2945505
6633,77.45611400000001
6634,76.35408590000002
6635,77.98999640000001
6636,78.15352049999998
6637,77.82376590000001
6638,79.25316930000001
6639,77.49756049999999
6640,76.22074460000002
6641,75.55879030000001
6642,76.0083504
6643,77.82264279999998
6644,76.91883659999999
6645,78.39579690000001
6646,80.08149960000001
6647,82.6168801
6648,82.8229734
6649,80.6561864
6650,80.1632663
6651,79.71313689999998
6652,80.2654003
6653,79.3594296
6654,80.1453138
6655,79.99731620000001
6656,80.428507
6657,80.7874999
6658,82.30134659999999
6659,82.7968872
6660,81.70135010000001
6661,80.64416629999998
6662,78.35296710000001
6663,80.5990105
6664,79.31115700000001
6665,78.88665709999998
6666,77.59990290000003
6667,79.00924969999998
6668,78.2705163
6669,76.21214990000001
6670,75.5554037
6671,75.8004
6672,75.2320937
6673,74.8120327
6674,74.02665979999999
6675,74.02302060000001
6676,74.18456339999997
6677,74.10736940000001
6678,73.95117700000002
6679,73.77362529999999
6680,73.26607709999999
6681,73.07162380000001
6682,76.398269
6683,76.5470541
6684,77.28782019999998
6685,76.84905689999998
6686,76.5361332
6687,76.42575679999999
6688,77.11948019999998
6689,75.91709740000003
6690,76.4740164
6691,77.326947
6692,79.32750739999999
6693,79.19014389999998
6694,80.2185593
6695,81.2072294
6696,82.82781350000002
6697,80.67693979999999
6698,78.9993941
6699,76.50850710000002
6700,76.840403
6701,76.3603539
6702,76.401867
6703,75.7855632
6704,75.6080862
6705,74.8734231
6706,73.67712700000001
6707,75.82409679999999
6708,77.99706439999999
6709,76.60658009999999
6710,76.6148931
6711,79.09102029999998
6712,79.65996650000001
6713,80.3181606
6714,81.178974
6715,81.96729629999999
6716,81.01666680000002
6717,81.06303969999999
6718,78.60966300000001
6719,77.96725380000001
6720,76.81744950000001
6721,75.9449956
6722,76.59831260000001
6723,77.61679280000001
6724,76.42405409999999
6725,75.81248010000003
6726,72.5136233
6727,70.2781573
6728,70.00582389999998
6729,70.28708289999999
6730,73.38009039999999
6731,75.25268380000003
6732,76.7984673
6733,77.43084720000003
6734,77.39739699999998
6735,76.54811349999997
6736,76.34005630000001
6737,76.62846709999997
6738,76.98240059999999
6739,76.33203289999999
6740,72.6795461
6741,72.43676690000001
6742,71.8141196
6743,71.32413380000001
6744,71.626404
6745,71.85897359999998
6746,72.37365360000001
6747,71.3062396
6748,72.29087589999999
6749,71.1942036
6750,71.65705309999998
6751,70.79145299999999
6752,70.97851709999999
6753,70.55969999999999
6754,70.5917
6755,70.6237
6756,70.6557
6757,70.68769999999999
6758,70.7197
6759,70.7517
6760,70.7837
6761,70.81569999999999
6762,70.8477
6763,70.8797
6764,70.9117
6765,70.94369999999999
6766,70.9757
6767,71.0077
6768,71.0397
6769,70.3277
6770,70.3597
6771,70.3917
6772,70.4237
6773,70.4557
6774,70.4637
6775,70.4957
6776,70.5277
6777,70.55969999999999
6778,70.5917
6779,70.6237
6780,70.6557
6781,70.68769999999999
6782,70.7197
6783,70.7517
6784,70.7837
6785,70.81569999999999
6786,70.8477
6787,70.8797
6788,70.9117
6789,70.94369999999999
6790,70.9757
6791,71.0077
6792,71.0397
6793,70.3277
6794,70.3597
6795,70.3917
6796,70.4237
6797,70.4557
6798,70.4637
6799,70.4957
6800,70.5277
6801,70.55969999999999
6802,70.5917
6803,70.6237
6804,70.6557
6805,70.68769999999999
6806,70.7197
6807,70.7517
6808,70.7837
6809,70.81569999999999
6810,70.8477
6811,70.8797
6812,70.9117
6813,70.94369999999999
6814,70.9757
6815,71.0077
6816,71.0397
6817,70.3277
6818,70.3597
6819,70.3917
6820,70.4237
6821,70.4557
6822,70.4637
6823,70.4957
6824,70.5277
6825,70.55969999999999
6826,70.5917
6827,70.6237
6828,70.6557
6829,70.68769999999999
6830,70.7197
6831,70.7517
6832,70.7837
6833,70.81569999999999
6834,70.8477
6835,70.8797
6836,70.9117
6837,70.94369999999999
6838,70.9757
6839,71.0077
6840,71.0397
6841,70.3277
6842,70.3597
6843,70.3917
6844,70.4237
6845,70.4557
6846,70.4637
6847,70.4957
6848,70.5277
6849,70.55969999999999
6850,70.5917
6851,70.6237
6852,70.6557
6853,70.68769999999999
6854,70.7197
6855,70.7654866
6856,71.05444659999999
6857,71.0931568
6858,71.12094
6859,71.0975
6860,70.9712466
6861,70.93009669999999
6862,70.8933833
6863,70.85875999999999
6864,70.92761
6865,70.23233
6866,70.3115201
6867,70.63183000000001
6868,70.2850267
6869,70.31427670000001
6870,70.33984
6871,70.3546434
6872,70.3910066
6873,70.4233733
6874,71.09825039999998
6875,80.0795209
6876,79.0445201
6877,77.4447065
6878,78.82622310000002
6879,76.10880999999998
6880,73.30141696
6881,77.45966260000002
6882,75.90784659999998
6883,77.32012569999999
6884,77.20560650000002
6885,75.54632010000002
6886,73.70923639999998
6887,73.8669307
6888,74.79238600000001
6889,75.35704739999997
6890,76.42697030000001
6891,75.85444639999999
6892,75.81901619999998
6893,76.6480028
6894,76.5460766
6895,76.01469339999998
6896,75.79919319999999
6897,75.6349902
6898,75.8697924
6899,76.45740300000001
6900,79.97006009999998
6901,80.92415329999996
6902,77.44865639999999
6903,76.9411419
6904,79.8712028
6905,81.80272029999999
6906,81.21553059999998
6907,79.1672458
6908,78.2873823
6909,75.25005319999998
6910,75.3041397
6911,76.22019710000001
6912,76.5286997
6913,71.8400892
6914,70.4435942
6915,70.47229420000001
6916,71.66538089999999
6917,71.01567400000002
6918,70.5706943
6919,70.0612735
6920,70.3101936
6921,69.7728693
6922,71.87543600000001
6923,74.937497
6924,76.51598630000002
6925,79.62710639999997
6926,78.37335350000001
6927,76.83811009999998
6928,76.85438009999999
6929,79.07192959999999
6930,79.00548349999998
6931,80.37005990000002
6932,78.62556070000002
6933,78.18745549999998
6934,76.40068050000002
6935,75.84194290000002
6936,75.5658697
6937,74.39150350000001
6938,76.75293609999999
6939,75.98663020000002
6940,75.9337839
6941,74.35321979999999
6942,72.88175589999999
6943,71.38956049999999
6944,70.34073679999999
6945,70.1139431
6946,70.77650059999999
6947,73.04865079999999
6948,80.78372879999999
6949,80.40169039999999
6950,79.56417649999999
6951,77.8807992
6952,77.86887359999999
6953,76.62315519999999
6954,76.38931699999999
6955,76.476427
6956,76.29381740000001
6957,75.6730771
6958,74.73986280000001
6959,75.76013980000002
6960,75.33340419999998
6961,73.53669359999999
6962,72.69613629999998
6963,72.2266844
6964,71.41564330000003
6965,70.9845431
6966,70.65198269999999
6967,69.6574257
6968,66.0469236
6969,67.5833575
6970,66.6123035
6971,68.64241730000002
6972,72.4264454
6973,72.36644779999999
6974,72.31279390000002
6975,72.05967279999999
6976,73.1935067
6977,72.21460630000003
6978,70.14476300000001
6979,69.59207660000001
6980,71.06133770000001
6981,69.64757039999999
6982,69.91441989999998
6983,69.113024
6984,69.3933663
6985,68.24679309999999
6986,68.1228866
6987,67.82484980000001
6988,68.2384764
6989,68.5660465
6990,68.1282905
6991,68.2519939
6992,68.4770433
6993,69.0957097
6994,69.231256
6995,69.93374410000001
6996,69.54557970000002
6997,70.2776571
6998,71.47851670000001
6999,71.25575650000002
7000,70.80265700000001
7001,71.83594950000001
7002,72.1586439
7003,71.7852566
7004,71.36669690000001
7005,71.10895670000001
7006,71.0907596
7007,70.93092050000003
7008,68.0668399
7009,66.6114232
7010,66.8534864
7011,67.0130871
7012,66.60516079999998
7013,66.4096431
7014,66.4026468
7015,65.98735049999999
7016,66.8120836
7017,64.8973399
7018,66.21846640000001
7019,65.53828969999999
7020,67.00403050000001
7021,68.2694968
7022,69.5426998
7023,70.0660334
7024,70.6903829
7025,70.03150930000001
7026,70.0532061
7027,70.0122411
7028,69.69851010000001
7029,70.13868279999998
7030,69.27345010000002
7031,68.7932168
7032,68.23334319999998
7033,69.24816020000002
7034,69.35407980000001
7035,70.0039505
7036,67.20917030000003
7037,67.4518198
7038,64.1613974
7039,64.19763930000002
7040,63.76234990000002
7041,64.5436599
7042,65.24269050000001
7043,65.1423874
7044,65.9573203
7045,67.56450990000002
7046,68.32638639999999
7047,69.78375720000003
7048,70.72962670000001
7049,70.61857960000002
7050,70.95930360000001
7051,68.1338597
7052,69.954561
7053,69.3051734
7054,69.7882007
7055,67.60064650000001
7056,67.7282636
7057,88.33744450000002
7058,89.133577
7059,90.20306030000002
7060,88.373456
7061,86.9467102
7062,88.11409329999998
7063,88.4317268
7064,88.37807289999999
7065,88.4769539
7066,88.4450432
7067,88.79109230000002
7068,86.2093823
7069,85.44087650000002
7070,83.59044639999999
7071,84.8587364
7072,86.58767050000002
7073,85.90499949999997
7074,85.58492629999999
7075,87.2202511
7076,87.36257970000001
7077,86.83504660000001
7078,84.8654865
7079,88.91054310000001
7080,91.73624970000002
7081,90.8108669
7082,89.71081960000001
7083,90.2672643
7084,88.8324119
7085,89.24204280000001
7086,88.72305379999999
7087,87.3860297
7088,89.37951360000001
7089,87.4259765
7090,87.03260670000002
7091,88.572559
7092,88.6939903
7093,87.17051710000003
7094,87.50703310000002
7095,85.42223000000001
7096,83.57997680000003
7097,83.81162670000002
7098,83.64749640000002
7099,82.68285980000002
7100,81.89624090000001
7101,81.5308839
7102,80.5839936
7103,82.11565999999999
7104,82.66352360000002
7105,83.3060429
7106,84.41289009999998
7107,85.0418964
7108,85.10961010000001
7109,85.18619690000001
7110,86.00513770000002
7111,85.83041010000001
7112,85.2054168
7113,83.76392980000001
7114,84.56534329999998
7115,84.766267
7116,84.51919680000002
7117,84.14844989999997
7118,83.21479709999998
7119,81.18257289999998
7120,86.0549767
7121,85.74439960000001
7122,84.46908789999999
7123,85.71446050000002
7124,85.62857739999998
7125,85.49777639999999
7126,85.78746999999998
7127,86.67538080000003
7128,86.50281729999999
7129,85.8637259
7130,84.79147399999998
7131,84.14352550000002
7132,84.39570939999997
7133,84.93836719999999
7134,84.07716719999999
7135,82.826164
7136,81.30125939999999
7137,80.1289435
7138,80.5516272
7139,81.70767939999998
7140,84.68144709999999
7141,83.09464990000001
7142,83.49287750000002
7143,83.50588450000001
7144,82.20314299999998
7145,83.3724342
7146,85.1873869
7147,86.77159669999999
7148,86.36432939999999
7149,85.22758069999999
7150,86.1424772
7151,85.4564702
7152,85.47633269999999
7153,83.25819410000004
7154,83.54587009999999
7155,82.7727795
7156,82.49505730000003
7157,84.04281930000002
7158,83.40605710000001
7159,83.8384558
7160,85.06491010000002
7161,86.4350964
7162,87.87417990000002
7163,87.87384
7164,87.27293719999999
7165,87.3414199
7166,87.77055560000001
7167,87.83508020000001
7168,87.2685693
7169,85.84109150000002
7170,85.0197469
7171,85.18370960000001
7172,85.62395710000001
7173,86.25542110000002
7174,85.73903419999998
7175,86.03858940000002
7176,87.57810329999997
7177,89.29909930000002
7178,88.98724019999999
7179,89.53675229999997
7180,87.55523939999999
7181,87.27832369999999
7182,86.1275292
7183,85.6270939
7184,85.91524660000002
7185,85.65702989999998
7186,86.134824
7187,88.1150334
7188,87.97796290000001
7189,87.5153297
7190,89.5276974
7191,90.21646940000001
7192,89.88264699999998
7193,89.33857710000001
7194,89.97854619999998
7195,89.65242250000001
7196,90.04613970000001
7197,91.38120050000002
7198,91.2494103
7199,91.29197009999997
7200,87.6022298
7201,86.76194979999995
7202,87.71677630000002
7203,86.30212999999999
7204,87.2934763
7205,88.43515609999999
7206,89.21182029999999
7207,89.06000900000002
7208,90.90704699999999
7209,91.60542629999999
7210,91.2244869
7211,90.5775302
7212,90.77119319999997
7213,89.10813029999998
7214,90.13966440000002
7215,90.9063888
7216,89.47561020000002
7217,89.4006526
7218,87.55106610000001
7219,87.4183232
7220,86.3681076
7221,84.7854159
7222,86.13235699999998
7223,85.61952609999999
7224,85.91285069999998
7225,85.40532050000002
7226,87.23758039999998
7227,88.43283089999998
7228,88.43498290000001
7229,88.2110876
7230,87.7435021
7231,84.82801610000003
7232,84.6056607
7233,85.2095498
7234,85.89069670000002
7235,87.25846319999997
7236,89.6977395
7237,87.96127019999999
7238,90.0916664
7239,89.58375099999999
7240,88.3870137
7241,87.54502780000003
7242,84.47663969999999
7243,88.56782259999999
7244,88.8125634
7245,89.24793369999999
7246,90.72632199999997
7247,90.44588720000002
7248,89.7286403
7249,87.6986008
7250,89.94471779999998
7251,87.6111664
7252,87.3591471
7253,87.053961
7254,86.2616932
7255,85.0703834
7256,84.65457330000001
7257,85.094307
7258,86.0681638
7259,83.53170019999997
7260,83.27315249999998
7261,83.6464466
7262,82.06984310000001
7263,80.1779426
7264,82.40165700000001
7265,86.8090173
7266,85.8695327
7267,83.8862968
7268,83.60743730000002
7269,82.2283566
7270,83.037947
7271,84.0369929
7272,84.91654269999997
7273,84.2108668
7274,84.01681619999998
7275,84.409947
7276,83.54962640000001
7277,83.3327699
7278,82.6448207
7279,82.820774
7280,82.15867329999999
7281,84.56205369999999
7282,87.20934099999998
7283,89.28110740000001
7284,87.17804339999999
7285,86.5863806
7286,85.89098640000002
7287,84.3862504
7288,81.63572700000002
7289,81.52296649999997
7290,82.16488030000001
7291,82.9288933
7292,80.47643339999998
7293,79.40685649999999
7294,81.02223349999998
7295,81.5535235
7296,83.70368239999999
7297,84.59601390000002
7298,85.1267524
7299,84.77001420000002
7300,83.76673000000001
7301,82.15698030000001
7302,81.94932589999999
7303,80.6562677
7304,79.36595590000002
7305,78.2373829
7306,78.7784639
7307,78.44515409999998
7308,77.1310092
7309,77.3821306
7310,77.14356749999997
7311,75.04490369999999
7312,76.07046000000001
7313,79.93867459999998
7314,79.40498000000001
7315,78.9782804
7316,80.09403670000002
7317,80.3356236
7318,79.48351670000001
7319,78.167174
7320,78.3687206
7321,77.3069367
7322,76.9864232
7323,76.83534660000001
7324,76.54086709999999
7325,76.63057970000001
7326,76.25730389999998
7327,74.2743967
7328,73.71071040000002
7329,73.7362205
7330,74.10991669999999
7331,75.43701919999998
7332,75.52277350000001
7333,76.1417337
7334,76.2024806
7335,76.55359079999998
7336,76.26405979999998
7337,74.6068626
7338,73.5706536
7339,72.7536733
7340,74.45250329999998
7341,74.20440689999998
7342,74.8271806
7343,74.9455307
7344,77.6196566
7345,77.23903080000004
7346,77.3507072
7347,76.56742349999999
7348,76.78620290000002
7349,76.85659249999998
7350,76.76403700000003
7351,75.901113
7352,74.3026562
7353,73.88765319999999
7354,73.31890649999998
7355,71.97821710000001
7356,71.483243
7357,73.7245565
7358,79.84062
7359,82.35311959999999
7360,82.02828009999999
7361,80.78769049999998
7362,81.10264770000002
7363,79.29552039999997
7364,78.68137999999999
7365,79.91556939999998
7366,80.57020630000001
7367,82.43520969999999
7368,84.0197862
7369,83.38836009999999
7370,79.22459309999998
7371,76.99235350000001
7372,75.9392403
7373,74.6162601
7374,74.58988770000002
7375,74.16872319999999
7376,73.74462700000002
7377,72.2829373
7378,71.36086989999998
7379,73.52851940000002
7380,75.24667369999999
7381,77.67073309999999
7382,77.35366669999999
7383,79.3176328
7384,78.48338320000002
7385,80.35260289999998
7386,78.8789967
7387,79.54346030000002
7388,80.11020709999998
7389,76.1782099
7390,77.597896
7391,81.0519237
7392,80.58338640000002
7393,81.79603629999997
7394,82.80908930000001
7395,83.5930504
7396,85.19797729999999
7397,80.26571340000001
7398,80.2742098
7399,77.4029792
7400,75.5572794
7401,75.21223690000001
7402,75.76468329999999
7403,77.38563280000001
7404,77.07373619999998
7405,75.34661740000001
7406,77.6401438
7407,77.97757700000005
7408,78.92323620000002
7409,79.96133350000001
7410,76.95047699999999
7411,76.64224710000002
7412,76.44757290000001
7413,74.62020720000001
7414,76.3129138
7415,78.99815050000001
7416,80.50792660000002
7417,79.37478999999998
7418,79.40096060000002
7419,77.8936934
7420,77.20544859999998
7421,76.13814550000001
7422,75.28537989999998
7423,75.01088280000002
7424,72.46114680000001
7425,74.0067828
7426,73.0660532
7427,74.79117339999999
7428,77.33784759999999
7429,77.69837990000002
7430,78.09634910000001
7431,79.7197208
7432,79.5333704
7433,79.81719640000001
7434,76.29282319999999
7435,78.78365299999997
7436,79.81482
7437,80.39674649999999
7438,83.4220671
7439,82.7227499
7440,79.359381
7441,82.39799379999998
7442,86.56500449999999
7443,86.34000610000001
7444,87.09646610000001
7445,86.2614834
7446,87.40525359999998
7447,83.42126259999999
7448,81.4924768
7449,81.00894239999998
7450,80.3262733
7451,79.5376376
7452,81.8403292
7453,83.88903269999999
7454,83.2993129
7455,85.017504
7456,86.68787950000001
7457,84.77192679999999
7458,86.80585400000001
7459,87.20888350000001
7460,87.86223740000001
7461,87.72168339999997
7462,87.99630639999997
7463,86.6434437
7464,90.6435466
7465,89.12123010000002
7466,90.02750900000001
7467,88.26023980000001
7468,87.0357097
7469,88.7939042
7470,86.57819880000001
7471,83.2807208
7472,83.0071394
7473,83.99602950000002
7474,86.97038280000002
7475,89.63109049999998
7476,86.4503199
7477,86.79343719999997
7478,86.48128349999999
7479,85.3259425
7480,83.6420532
7481,83.5847332
7482,84.52852220000003
7483,88.4027503
7484,87.91202939999998
7485,88.43136650000001
7486,87.69377029999997
7487,88.76669949999999
7488,88.79727039999999
7489,89.28175659999998
7490,90.7541333
7491,92.3170757
7492,90.42246380000002
7493,89.9357761
7494,88.2830165
7495,86.8904065
7496,86.53018329999999
7497,86.28168360000001
7498,86.18600970000001
7499,86.79140149999999
7500,87.35859020000001
7501,88.29479079999999
7502,87.08507400000002
7503,87.6504641
7504,85.20629079999999
7505,83.6598632
7506,83.21948699999999
7507,82.67582060000001
7508,85.2331993
7509,88.46741089999999
7510,87.96755970000001
7511,87.7635366
7512,87.94810670000003
7513,86.94264270000001
7514,88.40790640000002
7515,89.7947765
7516,88.04745310000001
7517,86.9943765
7518,86.06409570000001
7519,84.78617990000002
7520,83.24232079999999
7521,83.15918620000002
7522,82.75771419999998
7523,83.2056235
7524,84.3533904
7525,84.87140809999997
7526,87.23038330000001
7527,88.25161309999999
7528,90.05025089999998
7529,90.32267389999998
7530,88.50571950000003
7531,87.32170670000001
7532,87.74699330000001
7533,88.6057168
7534,88.6354803
7535,89.0117056
7536,89.859723
7537,86.75912690000001
7538,87.8240265
7539,88.00401389999999
7540,85.3022196
7541,83.62518770000001
7542,83.6435833
7543,83.79552050000001
7544,84.2803907
7545,84.61984039999997
7546,83.2802134
7547,83.6208734
7548,79.28037319999997
7549,78.19077690000002
7550,78.40475299699999
7551,76.95820623200001
7552,80.34242079999999
7553,79.8154
7554,79.8474
7555,79.87939999999999
7556,79.9114
7557,79.9434
7558,79.9754
7559,80.00739999999999
7560,80.0394
7561,79.3034
7562,79.33539999999999
7563,79.36739999999999
7564,79.3994
7565,79.4314
7566,79.4634
7567,79.49539999999999
7568,79.5274
7569,79.6544034
7570,79.4522862
7571,77.17516609999998
7572,76.9876434
7573,78.68746289999999
7574,78.4040563
7575,76.92223679999998
7576,75.80774319999999
7577,75.46607450000002
7578,78.3623994
7579,78.120281
7580,79.28286
7581,83.47839670000002
7582,83.76328570000001
7583,86.36756359999998
7584,87.63401959999999
7585,86.51958379999998
7586,87.9322302
7587,88.2900138
7588,82.91122259999999
7589,81.2332367
7590,80.32330670000002
7591,76.44708009999998
7592,75.6504863
7593,77.0313068
7594,76.36880289999998
7595,79.45766650000002
7596,78.2962764
7597,77.62614740000001
7598,78.7601993
7599,81.76502310000001
7600,80.54188710000001
7601,81.43166599999999
7602,80.57046759999997
7603,80.59296999999998
7604,81.03615020000001
7605,84.99280419999998
7606,88.68120340000002
7607,89.54637979999998
7608,86.7866169
7609,86.00889089999998
7610,91.4658707
7611,93.38264729999997
7612,89.73752929999999
7613,87.60381299999997
7614,87.38160340000003
7615,86.9403826
7616,86.27901519999999
7617,85.78609669999996
7618,84.98638749999998
7619,86.8276667
7620,87.99523409999999
7621,89.80157030000002
7622,88.08237029999998
7623,86.6609031
7624,85.1867107
7625,81.9754339
7626,85.23219229999998
7627,94.16440390000002
7628,94.27864700000002
7629,92.5057298
7630,93.99548670000001
7631,93.6850939
7632,93.806707
7633,96.59763710000003
7634,96.16323630000002
7635,96.2413633
7636,94.824297
7637,92.92000320000001
7638,91.8720243
7639,90.9447873
7640,90.7824538
7641,90.98520959999999
7642,91.48449039999998
7643,92.8053613
7644,93.26441610000002
7645,95.5595932
7646,88.09377429999999
7647,84.53291600000001
7648,86.39542710000003
7649,85.9781133
7650,86.96065999999999
7651,88.5005409
7652,88.2436435
7653,87.85514979999998
7654,87.247097
7655,86.27695940000001
7656,89.87262890000002
7657,88.99645330000001
7658,89.78928610000001
7659,88.8658636
7660,88.2425196
7661,86.48584679999999
7662,86.7586735
7663,85.27193930000001
7664,84.4189527
7665,83.15078989999999
7666,83.77715640000002
7667,83.1665369
7668,83.6026766
7669,84.31770279999996
7670,87.2510633
7671,88.6679259
7672,88.803107
7673,89.8948095
7674,90.5703462
7675,91.0041781
7676,91.47782710000001
7677,91.00785979999999
7678,88.66448199999999
7679,90.5444465
7680,88.76232579999999
7681,89.09471980000002
7682,89.03586080000001
7683,91.0858105
7684,91.0754227
7685,90.3070996
7686,90.04125649999999
7687,89.3000294
7688,90.56465230000002
7689,89.18388619999999
7690,90.09016659999999
7691,89.7858968
7692,91.76288019999998
7693,92.16986980000001
7694,90.4049459
7695,89.74123380000002
7696,90.86953010000003
7697,91.0182024
7698,89.7441733
7699,91.12198710000001
7700,93.31464260000003
7701,94.2325829
7702,90.01513770000001
7703,91.23315650000002
7704,93.1481368
7705,92.36938339999999
7706,91.64590399999999
7707,93.8102161
7708,93.25019660000001
7709,93.63232719999999
7710,93.57049670000004
7711,93.70160559999998
7712,93.95522109999997
7713,92.353061
7714,91.94238420000002
7715,91.0623744
7716,91.10761079999999
7717,90.8951167
7718,90.72075509999999
7719,89.24869089999997
7720,88.94313679999998
7721,88.32683360000003
7722,91.64856739999999
7723,91.98270020000002
7724,92.95384409999998
7725,91.84012010000004
7726,92.69766979999999
7727,93.7842033
7728,94.8652742
7729,93.38735989999996
7730,95.60359290000002
7731,96.17400749999999
7732,95.8928721
7733,94.33610629999998
7734,92.75873270000004
7735,91.72952679999999
7736,88.9880958
7737,87.1525897
7738,87.31226330000001
7739,89.93197620000001
7740,92.26205979999997
7741,92.0295826
7742,93.13345959999998
7743,92.44290690000003
7744,92.9631601
7745,91.92856460000002
7746,92.0565932
7747,93.18657660000001
7748,92.39335639999997
7749,95.03081660000001
7750,96.2680132
7751,96.8989633
7752,97.4008085
7753,97.43110680000001
7754,96.21984970000001
7755,97.98842129999998
7756,94.23048049999998
7757,92.869294
7758,92.72199290000003
7759,91.87494590000001
7760,90.41993030000003
7761,92.1948799
7762,92.70582
7763,91.65017680000001
7764,95.38404329999997
7765,96.6433854
7766,97.17603289999997
7767,95.0687164
7768,92.46265980000001
7769,95.52999959999998
7770,92.59713369999999
7771,93.8731603
7772,90.05768929999998
7773,87.16240640000001
7774,88.37917980000002
7775,85.8968365
7776,79.6600831
7777,76.74912659999998
7778,75.91890939999999
7779,75.7445864
7780,74.48789969999999
7781,74.4756691
7782,72.93525360000001
7783,72.4597869
7784,71.20973719999999
7785,70.3941504
7786,70.5309433
7787,72.43235630000001
7788,77.2626294
7789,83.11781039999998
7790,82.4179415
7791,80.0455279
7792,80.42211969999998
7793,77.1783566
7794,76.25427279999998
7795,76.7002407
7796,75.2223803
7797,76.82921379999999
7798,77.0912239
7799,74.9920838
7800,75.30366620000001
7801,73.9108397
7802,78.00755989999998
7803,78.8734334
7804,78.6920331
7805,78.13912710000001
7806,77.94424960000002
7807,77.81286399999999
7808,77.5826971
7809,77.22251109999999
7810,77.21982369999999
7811,75.93270460000001
7812,76.7054436
7813,80.5507755
7814,81.9463004
7815,82.32318660000001
7816,84.7763236
7817,84.7803095
7818,84.06185349999998
7819,83.8311737
7820,84.51924930000001
7821,83.11340350000002
7822,81.35420080000002
7823,79.30877590000001
7824,76.89712719999999
7825,74.35791650000002
7826,74.16467269999998
7827,74.33798680000001
7828,73.00078049999999
7829,71.2182937
7830,70.74203720000001
7831,70.45393669999999
7832,70.34774030000003
7833,69.92844679999999
7834,69.8683038
7835,69.50225019999999
7836,68.9062598
7837,68.82668340000001
7838,67.1209031
7839,67.71856079999999
7840,67.89469659999999
7841,68.86946979999999
7842,69.66890370000002
7843,70.28855949999999
7844,70.9391638
7845,70.7244695
7846,71.12313689999999
7847,72.1039595
7848,72.7059075
7849,72.31103639999999
7850,72.37394600000003
7851,70.57008259999998
7852,70.0945058
7853,68.2133497
7854,67.2808865
7855,67.19174000000001
7856,67.12217319999998
7857,67.8132932
7858,68.97781679999999
7859,69.9432027
7860,70.8130722
7861,69.22345320000001
7862,70.2371673
7863,82.20281039999999
7864,91.2116905
7865,91.59260990000001
7866,93.3092245
7867,76.08468029999999
7868,74.9317969
7869,75.69045569999999
7870,74.8425671
7871,75.56078319999999
7872,76.81645919999998
7873,75.0524567
7874,71.50703679999998
7875,73.95163029999999
7876,75.23018640000001
7877,73.56818709999999
7878,73.8915198
7879,73.17878409999999
7880,72.6403962
7881,70.712673
7882,68.24635329999998
7883,71.61938310000002
7884,75.4347967
7885,75.34194640000001
7886,76.85817689999998
7887,78.09749910000001
7888,77.87056020000001
7889,79.11912280000001
7890,79.0712639
7891,85.23503020000003
7892,86.29993139999999
7893,84.06915629999999
7894,83.87968999999998
7895,82.84824739999996
7896,81.38846360000001
7897,79.39404649999999
7898,78.0873104
7899,80.3459661
7900,81.04654680000002
7901,79.36731350000001
7902,79.01763019999997
7903,78.4572065
7904,78.00370370000002
7905,76.8430099
7906,75.89490970000001
7907,75.39403320000001
7908,76.8809674
7909,79.02588349999999
7910,79.82887290000001
7911,79.7776402
7912,80.62297999999998
7913,78.8070162
7914,76.41681649999998
7915,78.83028040000002
7916,79.56331009999998
7917,78.5749868
7918,76.93047649999998
7919,76.90483699999999
7920,76.29813959999998
7921,73.86698620000001
7922,72.9414366
7923,72.77609629999999
7924,72.30682569999999
7925,73.04425670000002
7926,72.9989065
7927,72.74197300000002
7928,72.67838349999998
7929,72.19837030000002
7930,72.30370309999999
7931,73.01290009999998
7932,73.80089300000002
7933,75.03871380000001
7934,75.59163639999998
7935,75.45904030000001
7936,75.02947989999998
7937,76.91465
7938,78.12911330000003
7939,77.98984390000001
7940,77.48078980000003
7941,76.62358730000001
7942,76.14100669999999
7943,78.08873089999999
7944,78.7419745
7945,77.98975
7946,76.86704429999999
7947,75.00645630000001
7948,74.04889680000001
7949,73.70117640000001
7950,73.57721350000001
7951,73.36614850000001
7952,72.90747650000002
7953,72.32494340000002
7954,71.87954309999999
7955,73.73886409999999
7956,73.5334478
7957,71.1798398
7958,72.7775802
7959,74.27873999999998
7960,72.60673
7961,74.36822319999999
7962,74.52676020000001
7963,76.77364689999999
7964,76.4526196
7965,75.51295370000001
7966,76.39209940000002
7967,77.3812473
7968,77.59577389999998
7969,79.4385239
7970,74.70807289999999
7971,74.3079933
7972,75.9937694
7973,77.485067
7974,75.98878069999999
7975,75.2857965
7976,75.4402263
7977,75.90107990000001
7978,76.19521069999999
7979,75.98946269999999
7980,78.18010240000001
7981,79.7252642
7982,79.4413434
7983,80.75601600000002
7984,82.39775570000002
7985,82.4671565
7986,83.1092529
7987,82.02248099999998
7988,82.22373389999998
7989,75.96138680000003
7990,75.1280533
7991,74.40713949999999
7992,77.8425763
7993,78.97560709999999
7994,79.1869801
7995,79.41151699999999
7996,76.6462531
7997,79.92182350000002
7998,80.06405880000001
7999,79.87939589999999
8000,79.99869980000001
8001,80.27104970000002
8002,80.0426444
8003,80.2056178
8004,80.78065019999998
8005,81.1953026
8006,80.91985329999997
8007,80.13026289999999
8008,78.08905709999998
8009,78.59233370000001
8010,82.47554279999999
8011,83.52056929999999
8012,83.5173708
8013,82.8919369
8014,76.45527730000002
8015,76.70427009999999
8016,79.01180360000001
8017,78.1688294
8018,77.4333964
8019,77.6772928
8020,79.0020496
8021,75.84680000000003
8022,73.877219
8023,74.4475595
8024,74.0065602
8025,74.0463329
8026,73.96749060000002
8027,74.493867
8028,70.2004471
8029,65.04711979999999
8030,67.18411730000001
8031,70.8500774
8032,70.99357969999998
8033,75.0683366
8034,77.8959502
8035,76.6296925
8036,75.15979010000001
8037,72.5487097
8038,72.7770595
8039,73.77141349999998
8040,75.41623269999998
8041,74.45086669999999
8042,75.3918343
8043,74.06218000000001
8044,73.50590150000001
8045,72.1417068
8046,72.68518570000002
8047,74.2314832
8048,73.85486970000001
8049,73.6123471
8050,73.18898279999999
8051,74.25237989999998
8052,76.11203040000001
8053,76.49196049999999
8054,72.3228762
8055,75.2286997
8056,74.0209631
8057,74.48097320000001
8058,71.9703604
8059,73.18540979999997
8060,72.54923299999999
8061,70.75706689999998
8062,68.73357050000001
8063,69.9960301
8064,72.52506709999997
8065,72.7394504
8066,73.76203699999998
8067,74.72085979999999
8068,74.1322774
8069,73.41990679999999
8070,73.8665503
8071,72.2097197
8072,70.88442949999998
8073,69.810784
8074,69.6910201
8075,70.92572309999998
8076,70.10221629999998
8077,74.20293269999999
8078,72.725037
8079,74.20225319999999
8080,78.23553940000001
8081,78.3939666
8082,78.73547040000001
8083,78.8619962
8084,80.26862999999999
8085,81.967973
8086,81.6339676
8087,80.3270471
8088,80.1886572
8089,77.73543049999999
8090,81.00619680000001
8091,78.0169733
8092,79.22773349999999
8093,79.7426329
8094,79.6994826
8095,82.06839699999999
8096,81.1214336
8097,81.44372290000003
8098,84.66986630000001
8099,85.1723739
8100,84.5551169
8101,82.67230889999999
8102,80.92011039999998
8103,82.2766195
8104,82.18285270000001
8105,81.75883110000001
8106,81.05258380000001
8107,82.60093300000003
8108,83.10736309999999
8109,83.76819789999999
8110,83.29709290000002
8111,79.4380999
8112,77.5798231
8113,76.4340558
8114,78.37903029999998
8115,78.1434376
8116,79.6114139
8117,79.86114010000001
8118,82.6362625
8119,81.23896000000002
8120,81.20045009999998
8121,81.36628329999999
8122,81.14741030000002
8123,87.49656330000002
8124,93.10435279999999
8125,93.4937062
8126,90.66812660000001
8127,84.09536119999999
8128,81.8926727
8129,81.03704710000002
8130,83.39635299999998
8131,84.6511133
8132,81.49311290000003
8133,80.06698930000002
8134,76.50019329999999
8135,75.59656980000001
8136,72.61743030000001
8137,70.86398610000002
8138,71.18282999999998
8139,71.48088270000002
8140,72.7654532
8141,71.97223369999998
8142,71.97033289999999
8143,71.05754380000002
8144,71.02042680000001
8145,70.92592749999997
8146,71.16901740000002
8147,72.89600630000002
8148,74.8344159
8149,77.6342724
8150,74.6544361
8151,70.98702730000001
8152,73.19292060000001
8153,70.8186695
8154,75.87620259999998
8155,80.1791365
8156,77.01328969999997
8157,73.9515036
8158,71.9886529
8159,71.4314933
8160,71.7750132
8161,70.56427409999998
8162,72.4013728
8163,73.31806700000001
8164,73.6806909
8165,72.6517411
8166,72.80321749999999
8167,72.38869039999999
8168,71.30173330000001
8169,70.23347659999999
8170,70.25018669999999
8171,70.40765989999998
8172,69.4815978
8173,69.62521000000002
8174,70.8537165
8175,73.0561274
8176,71.2932929
8177,68.69424070000001
8178,68.2277196
8179,69.52094279999997
8180,68.90878350000001
8181,70.07411280000002
8182,71.54219930000001
8183,72.16768680000001
8184,71.68286989999999
8185,68.49568699999999
8186,64.4535801
8187,64.5105501
8188,65.8261034
8189,70.57002730000002
8190,69.6836536
8191,71.58811030000001
8192,66.8735369
8193,65.10527669999999
8194,65.43138040000002
8195,66.4584399
8196,66.28052280000001
8197,64.22274349999999
8198,64.6174862
8199,65.9287499
8200,65.0432768
8201,65.14362229999999
8202,66.9528928
8203,67.3658232
8204,68.32563630000001
8205,71.40654269999999
8206,71.28707390000001
8207,72.85735000000001
8208,74.6726334
8209,73.75588669999999
8210,72.6543364
8211,72.58810700000001
8212,71.4988037
8213,72.09308630000001
8214,72.4915498
8215,69.5461803
8216,69.3282231
8217,69.7022496
8218,69.18831959999999
8219,67.7820701
8220,67.9126668
8221,69.53955729999998
8222,67.3838776
8223,70.97199360000002
8224,77.10063180000002
8225,77.9282268
8226,74.14069690000001
8227,71.40872630000001
8228,76.87897960000001
8229,76.2546098
8230,74.38866960000001
8231,71.8428931
8232,74.55544719999999
8233,72.6706629
8234,78.37220939999999
8235,75.61369289999998
8236,75.04931090000001
8237,74.8003697
8238,73.70994680000003
8239,73.9488943
8240,73.56498389999997
8241,72.05962339999999
8242,71.1971775
8243,70.5282568
8244,69.70790309999998
8245,70.5542334
8246,73.97866990000001
8247,74.6757665
8248,73.88232740000001
8249,77.62840349999999
8250,76.15135050000002
8251,79.3642204
8252,79.0732963
8253,76.6720966
8254,77.2895901
8255,77.3025236
8256,78.63479719999998
8257,79.2397524
8258,80.68811299999999
8259,80.80701479999998
8260,82.72298399999998
8261,81.61798660000002
8262,79.83885360000001
8263,75.5114806
8264,72.1379169
8265,70.37530430000001
8266,70.00389650000001
8267,73.39060339999999
8268,76.04679909999997
8269,75.08788290000003
8270,73.7897263
8271,73.6155494
8272,77.14903279999999
8273,77.64101659999999
8274,75.99361090000001
8275,76.4299695
8276,76.4305459
8277,73.3781103
8278,75.75402700000001
8279,77.14511360000002
8280,78.3031837
8281,79.49443990000002
8282,81.22209090000001
8283,81.438157
8284,82.2260398
8285,82.3677109
8286,80.71324429999999
8287,80.28082339999996
8288,75.74917949999997
8289,74.3504471
8290,72.7070372
8291,72.696136
8292,74.25908069999997
8293,75.7930197
8294,77.87402739999999
8295,79.80946730000001
8296,79.07604990000002
8297,79.97041380000002
8298,81.41983739999999
8299,80.6300257
8300,80.57773039999998
8301,79.85578929999997
8302,79.6690368
8303,78.7297734
8304,79.5015232
8305,80.68585089999996
8306,82.29466240000002
8307,82.50486280000001
8308,80.10553320000002
8309,78.90839269999998
8310,78.84760650000001
8311,77.96869600000002
8312,74.89220620000002
8313,74.0822296
8314,73.6281766
8315,75.24710990000001
8316,76.0341133
8317,79.9080105
8318,84.6067236
8319,84.2002267
8320,94.52342369999998
8321,89.2140435
8322,87.18555909999999
8323,84.84797569999998
8324,86.6329363
8325,87.16019429999997
8326,87.26365630000001
8327,85.46522009999998
8328,84.283847
8329,82.5150032
8330,81.81410960000001
8331,79.4356065
8332,76.94923080000004
8333,76.00883010000003
8334,73.94886619999998
8335,74.33323270000001
8336,74.05748980000003
8337,73.826297
8338,73.5896039
8339,74.4345771
8340,76.2364767
8341,76.3455141
8342,76.8939275
8343,76.2752404
8344,76.9355238
8345,77.91895059999999
8346,76.5652067
8347,75.83278040000002
8348,76.13596649999998
8349,75.6566129
8350,76.3790832
8351,75.55883910000001
8352,74.38351680000001
8353,75.8028772
8354,75.56196680000002
8355,73.12688589999999
8356,70.78915710000001
8357,72.39305630000001
8358,71.22842080000002
8359,71.2189865
8360,70.51985379999999
8361,69.13024979999999
8362,68.56022030000001
8363,68.5287501
8364,67.6062435
8365,70.9896491
8366,73.65068609999999
8367,75.85639549999999
8368,76.75761619999999
8369,79.69226020000002
8370,82.37683669999998
8371,82.6418166
8372,81.88922349999996
8373,80.10824009999997
8374,78.6683309
8375,79.4100864
8376,79.63810769999999
8377,80.32827650000002
8378,78.26892049999996
8379,77.38623290000001
8380,76.4979735
8381,75.7118303
8382,75.5276236
8383,74.9584362
8384,73.8409012
8385,77.68385059999999
8386,79.62581540000001
8387,81.62853970000002
8388,87.28953390000001
8389,87.1108103
8390,77.1177039
8391,77.90698049999997
8392,79.26147309999999
8393,81.05871730000001
8394,80.77864720000002
8395,80.3157564
8396,81.08534279999998
8397,77.4202068
8398,77.10354300000002
8399,77.551491
8400,78.2203174
8401,76.71389669999998
8402,76.92948659999999
8403,78.97617359999998
8404,80.16621620000002
8405,79.91328050000003
8406,79.30583039999999
8407,79.44962609999999
8408,78.53060269999999
8409,78.10570010000002
8410,76.4419764
8411,74.00957380000001
8412,74.1115327
8413,75.288669
8414,74.4278736
8415,77.215263
8416,79.1250372
8417,78.307653
8418,81.3415897
8419,82.18205300000001
8420,81.34457600000002
8421,80.73018090000001
8422,80.7717872
8423,81.4120869
8424,80.8811804
8425,80.5557565
8426,81.34771009999999
8427,82.7010301
8428,83.03553020000001
8429,81.93101030000003
8430,81.08346619999999
8431,81.01855669999999
8432,77.29380029999999
8433,75.00597320000003
8434,85.5704731
8435,87.1131408
8436,83.24486939999997
8437,82.6312422
8438,81.3989762
8439,80.4879097
8440,77.8776367
8441,77.20790980000001
8442,79.1423602
8443,78.13757283000001
8444,80.78478670000001
8445,80.99898300000004
8446,81.4105207
8447,82.75852379999999
8448,82.25592385
8449,81.49739239999998
8450,80.397089665
8451,79.8341367
8452,79.25046600000002
8453,75.199853565
8454,74.23490280000001
8455,73.077987
8456,66.92200980999999
8457,40.09758322
8458,37.86229999999999
8459,37.89429999999999
8460,37.92629999999999
8461,37.95829999999999
8462,35.993946715999996
8463,57.10788669000001
8464,65.92870302000001
8465,64.71322953999999
8466,64.4670767
8467,64.45581
8468,64.48803000000001
8469,64.4757732
8470,64.4195533
8471,64.6264534
8472,65.0433433
8473,64.53605350000001
8474,64.47272000000001
8475,64.54219300000001
8476,64.5671533
8477,64.61668
8478,64.63160990000002
8479,64.73566000000001
8480,64.83080000000001
8481,64.50988330000001
8482,72.7948162
8483,75.25843979999999
8484,77.7482072
8485,77.0822933
8486,75.9789101
8487,78.2397679
8488,78.3842228
8489,80.0141195
8490,80.03600039999999
8491,86.6051898
8492,88.99723959999999
8493,91.2763927
8494,83.73533280000002
8495,83.78584990000002
8496,83.51175640000002
8497,82.97395960000001
8498,83.1590432
8499,83.4519999
8500,82.8607393
8501,83.2939095
8502,81.70419589999999
8503,79.10708759999999
8504,79.32905749999999
8505,78.5048901
8506,79.34916709999997
8507,78.3954563
8508,77.9558869
8509,78.57246350000001
8510,78.0102802
8511,78.1165673
8512,79.13075650000002
8513,78.36243270000001
8514,79.28044680000002
8515,80.5480391
8516,81.68605299999999
8517,81.2827106
8518,82.04338580000001
8519,80.8251265
8520,81.9777332
8521,81.2528999
8522,80.35041349999997
8523,80.08017020000001
8524,80.25869019999996
8525,78.9423104
8526,77.75526899999998
8527,77.65042899999999
8528,76.7688432
8529,74.78754950000001
8530,76.10178319999999
8531,78.4131314
8532,79.0238772
8533,78.48409710000001
8534,78.71626020000001
8535,79.5633234
8536,80.5343202
8537,78.8505765
8538,79.53142949999999
8539,80.6018301
8540,79.4386797
8541,80.3708468
8542,80.05766679999999
8543,80.34365730000002
8544,80.16548290000003
8545,79.55538020000003
8546,78.5775795
8547,77.04706630000001
8548,77.96515330000003
8549,78.36968580000003
8550,76.8372462
8551,78.3083403
8552,77.45388710000002
8553,78.2998864
8554,76.24980610000001
8555,75.0621265
8556,71.94255309999998
8557,70.87081239999999
8558,71.20171979999999
8559,72.60109470000002
8560,72.6901465
8561,73.1061931
8562,73.6905036
8563,73.82172320000002
8564,73.55551290000001
8565,73.5023723
8566,73.7776206
8567,74.82822069999999
8568,76.46178379999999
8569,75.6974973
8570,76.1337833
8571,76.0109765
8572,76.81514109999999
8573,76.49891649999998
8574,76.12386020000001
8575,76.10988080000001
8576,76.12398660000001
8577,75.379534
8578,74.56302970000002
8579,72.1371168
8580,70.21852330000002
8581,70.82344
8582,70.9855703
8583,69.18548270000001
8584,69.02678000000002
8585,68.3352003
8586,68.9525107
8587,68.90278029999999
8588,68.57464010000002
8589,68.54225310000002
8590,68.631013
8591,69.14136690000001
8592,71.0592794
8593,69.83097620000001
8594,68.7294633
8595,68.67863299999999
8596,68.2840159
8597,68.1233338
8598,67.85574729999999
8599,68.13913269999999
8600,68.51741439999999
8601,68.18586250000001
8602,68.0447605
8603,67.33679000000001
8604,67.41044380000001
8605,68.5020005
8606,68.89777070000001
8607,68.94465650000001
8608,69.37603010000001
8609,69.5499676
8610,69.8836596
8611,69.5871639
8612,69.38504670000002
8613,69.89624329999998
8614,70.4173396
8615,70.30128
8616,72.36919629999998
8617,71.5255262
8618,70.03904979999997
8619,69.15925980000002
8620,69.0309534
8621,68.87518429999999
8622,68.46470690000001
8623,67.83274650000001
8624,68.0756528
8625,69.03264320000001
8626,67.96519320000002
8627,68.0630469
8628,69.4089609
8629,71.0032532
8630,70.31688009999999
8631,70.8844334
8632,71.66102339999999
8633,75.25694949999998
8634,73.7955889
8635,74.0992903
8636,72.7063866
8637,73.09834379999998
8638,73.076884
8639,72.05860300000002
8640,72.57104609999999
8641,72.11105659999998
8642,72.10774699999999
8643,71.26356019999999
8644,70.75494699999999
8645,70.6083065
8646,69.1663958
8647,68.5788044
8648,69.1509032
8649,68.4745031
8650,67.7223508
8651,72.58510980000003
8652,73.26468009999999
8653,74.01871960000001
8654,74.1970563
8655,72.62925290000001
8656,72.77059280000002
8657,72.5135866
8658,71.7322839
8659,71.2585034
8660,71.7702498
8661,70.9050155
8662,70.46944289999999
8663,70.83386309999999
8664,71.7314167
8665,70.9108836
8666,71.2780169
8667,71.07109600000003
8668,70.384393
8669,70.1854298
8670,70.67669679999999
8671,70.1926864
8672,70.31228369999998
8673,69.74067699999998
8674,69.3642837
8675,69.2293762
8676,69.10788980000001
8677,69.14671000000001
8678,68.55141719999997
8679,69.02748770000001
8680,68.58813679999999
8681,68.61412320000001
8682,68.83719339999999
8683,68.69502670000001
8684,68.92143270000001
8685,68.9476035
8686,68.9660364
8687,68.46790969999999
8688,69.34892660000001
8689,67.1981636
8690,67.14850659999999
8691,67.21724649999999
8692,67.1818532
8693,67.22316579999999
8694,67.57583300000002
8695,67.6098131
8696,67.65574740000001
8697,67.47687640000001
8698,67.28330429999998
8699,67.2628697
8700,67.47798350000001
8701,68.8436605
8702,68.85465080000002
8703,68.6200837
8704,70.0289161
8705,69.78353349999999
8706,69.9953831
8707,70.4762202
8708,70.8937337
8709,71.2790905
8710,71.08683570000001
8711,73.2864233
8712,73.331807
8713,73.24621950000001
8714,72.34754790000002
8715,73.78318349999998
8716,72.6087036
8717,71.07654
8718,70.50451
8719,70.51828680000001
8720,69.7568561
8721,69.92467090000001
8722,70.34064380000001
8723,71.2080561
8724,70.6089858
8725,69.17468659999999
8726,69.3542333
8727,69.41622760000001
8728,68.95769960000001
8729,71.5054734
8730,70.5243365
8731,70.01884050000001
8732,67.8167038
8733,68.03456659999999
8734,68.11500300000002
8735,68.2245164
8736,68.9696467
8737,66.7066831
8738,66.57896430000001
8739,67.48230989999999
8740,67.91918280000002
8741,68.0012336
8742,67.5502404
8743,67.3758795
8744,66.7473304
8745,66.74886030000002
8746,66.58714900000001
8747,66.3733367
8748,66.0664265
8749,66.4713631
8750,67.35861379999999
8751,73.9247962
8752,74.98877960000002
8753,75.6750962
8754,75.9400036
8755,74.0777292
8756,73.93574620000001
8757,74.43187379999999
8758,69.06855640000002
8759,68.08983989999999
8760,67.23912639999999
