Hour,Load_Profile
1,61.83621115000001
2,62.3935039
3,63.14214221000001
4,61.8614192
5,60.86269713999999
6,61.67986530999998
7,61.90220876
8,178.56
9,178.56
10,178.56
11,178.56
12,106.0860844900003
13,59.80861355
14,58.51331247999999
15,59.40111547999999
16,60.61136935
17,60.13349964999998
18,59.90944840999999
19,178.56
20,61.15380579000001
21,60.78453262000001
22,59.40584055
23,62.23738017
24,64.21537479000001
25,63.56760682999999
26,62.79757372
27,63.18708500999999
28,62.18268832999999
29,62.46942996
30,62.10613765999999
31,61.17022078999999
32,178.56
33,178.56
34,178.56
35,178.56
36,94.45800723000042
37,61.01936197000001
38,61.25492317
39,59.79556100000001
40,58.50598376000001
41,58.66813869000001
42,58.55324748000001
43,178.56
44,57.32736863
45,57.07161873
46,56.40879552
47,57.48096199999999
48,57.86446652000001
49,58.31423002999999
50,59.08902306999998
51,59.52932747999999
52,59.57672707
53,59.63033783
54,60.20359639000001
55,60.08128707
56,178.56
57,178.56
58,178.56
59,178.56
60,74.6741612600008
61,58.90391492999998
62,58.25035796999998
63,56.82780102999998
64,60.23848369
65,60.02107972
66,59.12836152999999
67,178.56
68,59.94000417999998
69,59.84844347999999
70,60.05122899999999
71,60.67276656000001
72,60.55197210999999
73,60.10460813
74,59.35403179999998
75,58.90046785000001
76,59.07699657999998
77,59.45685703999999
78,58.85401703999999
79,57.9783148
80,178.56
81,178.56
82,178.56
83,178.56
84,176.3303454300008
85,58.16625493
86,58.44501425000001
87,58.45411915
88,57.54220009999998
89,58.36070393999999
90,59.63117083
91,60.74011768999999
92,60.45503057999998
93,59.65930648999999
94,60.29973404
95,59.81952913999999
96,59.83343288999998
97,58.28073587000002
98,58.48210906999999
99,57.94094565
100,57.74654011000001
101,58.82997351000001
102,58.38423997
103,58.68691906
104,178.56
105,178.56
106,178.56
107,178.56
108,87.60591371000024
109,61.13899393
110,61.43938892
111,61.48455614
112,61.08799850999999
113,60.08876405000001
114,59.51382283
115,178.56
116,59.93676997000001
117,60.37879477000001
118,60.01732393999998
119,60.22701258000001
120,61.30467230999997
121,62.50936951000001
122,62.29106813999999
123,62.67572660999998
124,61.28866757999999
125,61.09482658999999
126,60.28927044
127,59.93896573
128,178.56
129,178.56
130,178.56
131,178.56
132,111.38496786
133,61.26073078999999
134,62.66938817999999
135,63.15152857999999
136,62.91785289999998
137,62.53700397
138,62.98498233999998
139,178.56
140,63.03229779
141,63.96684035000001
142,63.87458720999999
143,63.90437906999997
144,61.32156086
145,60.73336485999997
146,61.40174341000001
147,60.41149099999999
148,61.10543340999999
149,61.90460926999999
150,62.44827420999999
151,62.34200630000001
152,178.56
153,178.56
154,178.56
155,178.56
156,123.7583330499998
157,62.37569120999999
158,63.09776508000001
159,63.63447215999999
160,62.63292714000001
161,62.58045681999999
162,61.28574627
163,178.56
164,60.45767532
165,59.34979113
166,60.29264989999999
167,59.93366826999998
168,60.13899548999998
169,59.78372435000001
170,61.06630627999998
171,61.90298162999999
172,61.90448803
173,61.74776132
174,61.42045147
175,59.37961127000001
176,178.56
177,178.56
178,178.56
179,178.56
180,104.6199432700002
181,61.57288913999999
182,63.06416647999999
183,62.70862569999999
184,61.87090959
185,61.28151946000001
186,59.13364778999999
187,178.56
188,62.16879437999999
189,62.47355358999999
190,63.50842539999996
191,63.31212104000001
192,62.81004820999999
193,61.38902055999999
194,62.96130245999998
195,61.32781648
196,61.15140297
197,60.9377727
198,60.38318524
199,59.54926837999999
200,59.25820131
201,59.5660149
202,178.56
203,178.56
204,178.56
205,58.55251262
206,57.44889017000001
207,178.56
208,178.56
209,69.67601711000061
210,60.10867288999999
211,58.72040775999999
212,58.52520611000001
213,57.55984961999999
214,58.1265629
215,58.82589503
216,59.44157988999997
217,58.94760676
218,58.81177133999998
219,59.0869629
220,58.48473848
221,58.33293893
222,57.85137448999999
223,57.9745418
224,178.56
225,178.56
226,178.56
227,178.56
228,68.5187745500006
229,60.61046641999999
230,60.12369048000001
231,59.07037527999999
232,57.14500890000001
233,57.06607654999997
234,57.51541621
235,178.56
236,56.33350337999998
237,55.58479954999999
238,56.71556344999998
239,57.08746644999999
240,58.59257767999999
241,59.21720973000001
242,59.58872667999999
243,59.33900994000001
244,58.63671100000001
245,57.50988621
246,57.36452812999999
247,56.45938739
248,178.56
249,178.56
250,178.56
251,178.56
252,134.74821184
253,54.16749142
254,54.00049724999998
255,52.53143258999999
256,53.24932200000001
257,55.95707221999999
258,55.583486
259,55.28479628
260,56.06582569000001
261,56.23493652
262,55.63846169000001
263,54.7170218
264,54.85810442
265,54.11485568999999
266,53.89049624
267,53.78474262
268,53.57860696999999
269,53.64140579000001
270,53.38011272999999
271,51.99207769
272,178.56
273,178.56
274,178.56
275,178.56
276,89.36889622000007
277,53.29921359
278,53.34173642
279,53.58751355999998
280,53.38484185999999
281,52.22480382
282,51.49945752
283,50.92757131
284,52.11675230999998
285,51.94308482999998
286,52.37902642
287,52.46187149
288,54.33375962
289,54.06732156000002
290,54.14549504
291,53.59719644999999
292,53.75034203000001
293,53.79961474999998
294,53.73482590000002
295,53.13077909999999
296,178.56
297,178.56
298,178.56
299,178.56
300,101.3965839900005
301,51.60718955
302,55.888434
303,57.64718371999999
304,57.41979606999999
305,56.55138334999998
306,56.77185339000001
307,55.50686427999998
308,55.07696599999999
309,55.94089857999998
310,56.39914441000001
311,57.70464678999998
312,58.81385033999999
313,58.37185206999999
314,55.45721516999998
315,53.89464745
316,53.15746820999999
317,52.23138207
318,52.21292139000001
319,51.91810623999999
320,178.56
321,178.56
322,178.56
323,178.56
324,97.73608234000031
325,54.36951316999999
326,54.14756668999999
327,55.52234296
328,54.93836824000001
329,56.24682202999998
330,55.21529769
331,55.68042221000001
332,56.07714496999998
333,53.32474693
334,54.3185272
335,56.73634659
336,56.40837048000001
337,57.25722540999998
338,57.96636251
339,58.51513528
340,59.63858410999999
341,56.18599938000001
342,56.19194685999999
343,54.18208544
344,52.89009557999999
345,52.64856583
346,178.56
347,178.56
348,121.5457140400005
349,52.74263218000001
350,54.34810066
351,178.56
352,178.56
353,55.97293345000001
354,53.86533389999999
355,53.64957297000001
356,53.51330103000001
357,52.23414504
358,53.41903966
359,55.29870535000001
360,56.35554862000001
361,55.56235299999998
362,55.58067242000001
363,54.52558538
364,54.04381401999999
365,53.29670185000001
366,52.69976592999998
367,52.50761796000001
368,178.56
369,178.56
370,178.56
371,178.56
372,106.2129712300002
373,54.38886593000001
374,54.66744437000001
375,55.80380456
376,55.67335927999999
377,55.87203748000001
378,53.40497623999999
379,55.14855709999998
380,55.870374
381,56.27772254999999
382,58.39544697
383,57.90592492999999
384,55.5515667
385,57.67859565999998
386,60.59550314999998
387,60.43800427
388,60.96752627000001
389,60.38303838
390,61.18367751999998
391,58.39488381999999
392,57.04473376
393,56.70625967999998
394,178.56
395,178.56
396,178.56
397,58.72232288999999
398,58.30951903
399,178.56
400,178.56
401,68.59930737000015
402,60.7640978
403,61.04621845
404,61.50356618000001
405,61.40517837999998
406,61.59741447999997
407,60.65041059
408,63.45048261999999
409,62.38486107000001
410,63.0192563
411,61.78216786
412,60.92499678999999
413,62.15573293999999
414,60.60473916
415,58.29650456
416,178.56
417,178.56
418,178.56
419,178.56
420,95.17409848999992
421,60.75540603999998
422,60.53689844999999
423,59.72815975
424,58.54943724
425,58.50931324
426,59.16996554000001
427,178.56
428,61.53842057999998
429,61.90195655
430,61.38563920999997
431,62.13668964999999
432,62.15808927999998
433,62.49722961999998
434,63.52789331
435,64.62195299
436,63.29572466
437,62.95504327
438,61.79811154999999
439,60.82328455
440,178.56
441,178.56
442,178.56
443,178.56
444,97.13781238000077
445,61.80635355999998
446,60.95955180000001
447,61.35532486999999
448,59.64440355999999
449,58.56190424
450,58.25364089999999
451,178.56
452,59.66323950999999
453,61.92718762999999
454,61.57729179
455,61.43447561999999
456,61.56367469000001
457,60.85984989
458,61.88553448
459,62.85634354999999
460,61.63321717
461,60.89606354999999
462,60.24486699000001
463,59.35032593000001
464,178.56
465,178.56
466,178.56
467,178.56
468,86.47867138000015
469,59.40998566999998
470,61.06126831
471,61.77612916999998
472,63.03517562999998
473,63.22587172999999
474,61.95400365000001
475,178.56
476,61.42289531000001
477,62.02400175999999
478,62.04483620999999
479,62.30819391999999
480,62.90180609999999
481,60.73138883000001
482,61.47681855
483,61.60280972999999
484,59.71155372
485,58.53763139
486,58.55050831
487,58.65686435
488,58.99627348999999
489,59.23388827999997
490,178.56
491,178.56
492,158.4026788511001
493,54.73354383000001
494,54.88332709789999
495,178.56
496,178.56
497,55.87078
498,55.89317999999999
499,55.91557999999999
500,55.93798
501,55.96037999999999
502,55.98277999999999
503,56.00517999999999
504,56.02757999999999
505,55.51237999999999
506,55.53477999999999
507,55.55717999999999
508,55.57958
509,55.60198
510,55.62438
511,55.64677999999999
512,55.66918
513,55.75808238
514,178.56
515,178.56
516,129.4682766300008
517,55.08122402999999
518,54.88283941
519,178.56
520,178.56
521,52.82625215000001
522,54.85367958
523,54.6841967
524,55.498002
525,58.43487769000001
526,58.63429999
527,60.45729451999998
528,61.34381371999999
529,60.56370865999998
530,61.55256114
531,61.80300965999999
532,58.03785581999999
533,56.86326569
534,56.22631469000001
535,53.51295606999998
536,52.95534041
537,53.92191475999999
538,178.56
539,178.56
540,152.09857754
541,54.33830318
542,55.13213950999999
543,178.56
544,178.56
545,57.00216619999999
546,56.39932731999998
547,56.41507899999998
548,56.72530514
549,59.49496293999998
550,62.07684238000001
551,62.68246585999999
552,60.75063183
553,60.20622362999998
554,64.02610949
555,65.36785310999997
556,62.81627050999999
557,61.32266909999998
558,61.16712238000002
559,60.85826782
560,178.56
561,178.56
562,178.56
563,178.56
564,115.5582787600005
565,62.86109921000001
566,61.65765920999998
567,60.66263216999999
568,59.63069749
569,57.38280372999999
570,59.66253460999998
571,178.56
572,65.9950529
573,64.75401086
574,65.79684069
575,65.57956573
576,65.6646949
577,67.61834597000002
578,67.31426541
579,67.36895430999999
580,66.3770079
581,65.04400224
582,64.31041701
583,63.66135111
584,63.54771766
585,63.68964672
586,178.56
587,178.56
588,178.56
589,66.89171524
590,61.66564200999999
591,178.56
592,178.56
593,133.6430418700004
594,60.87246199999999
595,61.95037863
596,61.77055045
597,61.49860485999998
598,61.07296789999999
599,60.39387158
600,62.91084023000001
601,62.29751731
602,62.85250027000001
603,62.20610452
604,61.76976371999999
605,60.54009275999999
606,60.73107144999999
607,59.69035751000001
608,59.09326689
609,58.20555292999999
610,178.56
611,178.56
612,178.56
613,59.02239195999997
614,61.07574431
615,178.56
616,178.56
617,100.7863792200002
618,63.39924234
619,63.70292467
620,64.03447897
621,63.70550186
622,62.06513739999999
623,63.38111255
624,62.13362805999999
625,62.36630386000001
626,62.32510256
627,63.76006734999999
628,63.75279589
629,63.21496972
630,63.02887954999998
631,62.51002058
632,63.39525661000001
633,62.42872033999999
634,178.56
635,178.56
636,178.56
637,64.51890886
638,63.28346213
639,178.56
640,178.56
641,140.9899210200003
642,62.82092131
643,63.78539096999999
644,65.32024982000003
645,65.96280802999999
646,63.01059639
647,63.86320955000001
648,65.20369576
649,64.65856838
650,64.1521328
651,65.66715127
652,65.27513762
653,65.54262904
654,65.49934769000002
655,65.59112391999999
656,65.76865476999997
657,64.64714269999999
658,178.56
659,178.56
660,178.56
661,63.62658168999999
662,63.50452857
663,178.56
664,178.56
665,148.7340294800009
666,64.15399718
667,64.38789014000001
668,65.06769086999998
669,64.28808407000002
670,64.88836886
671,65.64894231
672,66.40569194
673,65.37115192999997
674,66.92251503000001
675,67.32180525
676,67.12501047
677,66.03527440999999
678,64.93111289000002
679,64.21066876
680,62.29166705999999
681,61.00681278999999
682,178.56
683,178.56
684,178.56
685,64.42070781999999
686,65.19342171999999
687,178.56
688,178.56
689,159.3672470100006
690,64.43961524
691,65.23060362
692,64.67534947999997
693,66.52157161999999
694,67.38760923999999
695,67.82927431
696,68.18056594999999
697,68.20177475999999
698,67.35389479
699,68.59189490999998
700,65.96133634999998
701,65.0085058
702,64.90539503000002
703,64.31246213
704,178.56
705,178.56
706,178.56
707,178.56
708,162.6190748000004
709,67.65036977999999
710,68.02322302999997
711,66.54810148
712,64.72386186
713,66.87099971999999
714,64.81799359
715,178.56
716,63.04038250999998
717,61.01368448
718,61.86542586000001
719,60.12778555
720,55.76205817
721,53.72438861999998
722,53.14323657999999
723,53.02121048
724,52.14152978999999
725,52.13296837
726,51.05467752000001
727,50.72185082999999
728,178.56
729,178.56
730,178.56
731,178.56
732,85.09363739000028
733,58.18246727999998
734,57.69255904999999
735,56.03186952999999
736,56.29548378999998
737,54.02484962
738,53.37799095999998
739,53.69016848999999
740,52.65566620999999
741,53.78044965999999
742,53.96385673
743,52.49445866
744,52.71256634
745,51.73758778999999
746,54.60529192999998
747,55.21140337999999
748,55.08442317
749,54.69738897000001
750,54.56097472000001
751,54.46900479999999
752,54.30788797
753,54.05575776999999
754,178.56
755,178.56
756,138.2820273899999
757,56.38554284999999
758,57.36241027999999
759,178.56
760,178.56
761,59.34621665
762,58.84329744999999
763,58.68182158999999
764,59.16347451000001
765,58.17938245000001
766,56.94794056000001
767,55.51614313000001
768,53.82798903999998
769,52.05054155000001
770,51.91527088999999
771,52.03659076
772,51.10054634999999
773,49.85280559
774,49.51942604000001
775,49.31775568999998
776,49.24341821000002
777,178.56
778,178.56
779,178.56
780,167.5075941500002
781,48.17867838
782,46.98463217
783,47.40299255999999
784,47.52628761999999
785,48.20862885999999
786,48.76823259000001
787,49.20199164999999
788,49.65741466
789,49.50712865
790,49.78619582999999
791,50.47277165
792,50.89413524999999
793,50.61772547999999
794,50.66176220000002
795,49.39905781999998
796,49.06615406
797,47.74934478999999
798,47.09662054999999
799,47.034218
800,178.56
801,178.56
802,178.56
803,178.56
804,62.35133166000077
805,48.45641724
806,49.16601710999999
807,57.54196727999999
808,63.84818335
809,64.11482692999999
810,65.31645714999999
811,53.25927620999999
812,52.45225782999999
813,52.98331898999999
814,52.38979696999999
815,52.89254823999999
816,53.77152143999999
817,52.53671968999999
818,50.05492575999998
819,51.76614120999999
820,52.66113048
821,51.49773096999999
822,51.72406385999999
823,51.22514886999999
824,50.84827734
825,49.4988711
826,178.56
827,178.56
828,99.18176219000036
829,52.73936248
830,53.80072382999998
831,178.56
832,178.56
833,55.38338596000001
834,55.34988473
835,59.66452114000001
836,60.40995197999999
837,58.84840940999999
838,58.71578299999998
839,57.99377317999997
840,56.97192452
841,55.57583254999999
842,54.66111728
843,56.24217626999999
844,56.73258276000001
845,55.55711945
846,55.31234113999998
847,54.92004454999999
848,178.56
849,178.56
850,178.56
851,178.56
852,117.96580181
853,55.31811844999999
854,55.88021103000001
855,55.84434813999999
856,56.43608599999998
857,55.16491134
858,53.49177154999998
859,55.18119628000001
860,55.69431706999998
861,55.00249076
862,53.85133354999999
863,53.83338589999999
864,53.40869771999999
865,51.70689034000001
866,51.05900562
867,50.94326740999999
868,50.61477798999999
869,51.13097969000001
870,51.09923455
871,50.91938110000001
872,50.87486844999999
873,50.53885921000001
874,178.56
875,178.56
876,83.25400082000014
877,52.52709966
878,52.91414547999999
879,178.56
880,178.56
881,53.84025499999999
882,54.69037931000002
883,54.59289073000001
884,54.23655286000002
885,53.63651111000001
886,53.29870468999999
887,54.66211162999999
888,55.11938214999999
889,54.592825
890,53.80693100999999
891,52.50451941000001
892,51.83422776
893,51.59082348
894,51.50404945
895,51.35630395
896,178.56
897,178.56
898,178.56
899,178.56
900,77.46514490000071
901,49.82588785999999
902,50.94430614
903,51.99511799999998
904,50.82471099999999
905,52.05775623999999
906,52.16873214
907,53.74155282999999
908,53.51683372
909,52.85906759
910,53.47446958000001
911,54.16687311
912,54.31704172999999
913,55.60696673
914,52.29565102999999
915,52.01559531
916,53.19563858
917,54.2395469
918,53.19214648999999
919,52.70005755
920,52.80815841
921,53.13075593000001
922,178.56
923,178.56
924,122.3418568100005
925,55.80768493999999
926,55.60894037999999
927,178.56
928,178.56
929,57.72700955
930,58.17647702999999
931,57.41573669999998
932,57.55661372999999
933,53.17297076000002
934,52.58963731
935,52.08499764999998
936,54.48980341
937,55.28292496999999
938,55.43088607
939,55.58806189999999
940,53.65237716999999
941,55.94527645000001
942,56.04484116
943,55.91557712999999
944,178.56
945,178.56
946,178.56
947,178.56
948,142.3354266700003
949,56.83671182
950,56.64389730999998
951,56.09118402999999
952,54.66233996999998
953,55.01463359
954,57.73287995999998
955,58.46439850999999
956,58.46215955999999
957,58.02435583
958,53.51869411000001
959,53.69298906999999
960,55.30826252
961,54.71818058
962,54.20337748
963,54.37410496
964,55.30143472
965,53.09276000000002
966,51.7140533
967,52.11329164999999
968,178.56
969,178.56
970,178.56
971,178.56
972,75.4132655099998
973,45.53298385999999
974,47.02888211
975,49.59505418
976,49.69550578999998
977,52.54783561999999
978,54.52716514
979,53.64078475
980,52.61185307
981,50.78409679
982,50.94394164999999
983,51.63998944999998
984,52.79136288999998
985,52.11560668999999
986,52.77428401
987,51.843526
988,51.45413105
989,50.49919475999999
990,50.87962999000001
991,51.96203824
992,51.69840879
993,51.52864296999999
994,178.56
995,178.56
996,74.6477327099997
997,53.54437234999999
998,50.62601333999999
999,178.56
1000,178.56
1001,52.13668124
1002,50.37925228
1003,51.22978685999998
1004,50.78446309999999
1005,49.52994682999999
1006,48.11349935
1007,48.99722106999999
1008,50.76754696999998
1009,50.91761527999999
1010,51.63342589999998
1011,52.30460185999998
1012,51.89259418
1013,51.39393475999999
1014,51.70658521
1015,50.54680378999999
1016,49.61910064999999
1017,48.86754879999999
1018,178.56
1019,178.56
1020,81.77225991000017
1021,51.94205288999999
1022,50.9075259
1023,178.56
1024,178.56
1025,54.87577662
1026,55.11482928
1027,55.20339734
1028,56.18804099999998
1029,57.37758109999999
1030,57.14377732
1031,56.22893297
1032,56.13206003999999
1033,54.41480134999999
1034,56.70433776
1035,54.61188131
1036,55.45941344999999
1037,55.81984303
1038,55.78963782
1039,57.44787789999999
1040,56.78500352
1041,57.01060603000001
1042,178.56
1043,178.56
1044,165.4940334599998
1045,57.87061622999999
1046,56.64407727999998
1047,178.56
1048,178.56
1049,57.23118177
1050,56.73680866
1051,57.82065310000002
1052,58.17515416999998
1053,58.63773852999999
1054,58.30796503000001
1055,55.60666993
1056,54.30587617
1057,53.50383906
1058,54.86532120999998
1059,54.70040632
1060,55.72798973
1061,55.90279807000001
1062,57.84538375
1063,56.86727200000001
1064,56.84031506999998
1065,56.95639830999999
1066,178.56
1067,178.56
1068,175.0138629200005
1069,65.44559434
1070,63.46768861999999
1071,178.56
1072,178.56
1073,56.72593297000001
1074,58.37744709999998
1075,59.25577931
1076,57.04517903000001
1077,56.04689251000001
1078,53.55013530999999
1079,52.91759886000001
1080,50.83220121
1081,49.60479027000001
1082,49.82798099999999
1083,50.03661789000002
1084,50.93581723999999
1085,50.38056358999998
1086,50.37923302999999
1087,49.74028066000001
1088,49.71429876000001
1089,49.64814924999997
1090,178.56
1091,178.56
1092,65.4080734500001
1093,54.34399068
1094,52.25810526999999
1095,178.56
1096,178.56
1097,49.57306865
1098,53.11334181999999
1099,56.12539554999999
1100,53.90930278999998
1101,51.76605252
1102,50.39205703
1103,50.00204531
1104,50.24250924
1105,49.39499186999998
1106,50.68096096
1107,51.32264690000001
1108,51.57648363
1109,50.85621876999999
1110,50.96225224999999
1111,50.67208327999999
1112,49.91121331
1113,49.16343361999999
1114,49.17513068999999
1115,178.56
1116,174.8259576899999
1117,48.73764700000002
1118,49.59760155
1119,178.56
1120,178.56
1121,48.08596849000001
1122,47.75940371999999
1123,48.66465995999998
1124,48.23614845000001
1125,49.05187896000001
1126,50.07953951
1127,50.51738076000001
1128,50.17800892999999
1129,47.94698089999999
1130,45.11750607
1131,45.15738507
1132,46.07827237999999
1133,49.39901911000001
1134,48.77855752
1135,50.11167721
1136,46.81147583
1137,178.56
1138,178.56
1139,178.56
1140,135.5431437100005
1141,44.95592044999999
1142,45.23224034
1143,46.15012493
1144,45.53029376
1145,45.60053560999999
1146,46.86702495999999
1147,47.15607623999999
1148,47.82794541000001
1149,49.98457988999999
1150,49.90095173
1151,51.000145
1152,52.27084338
1153,51.62912068999999
1154,50.85803548
1155,50.8116749
1156,50.04916258999999
1157,50.46516041
1158,50.74408486
1159,48.68232621
1160,48.52975617
1161,178.56
1162,178.56
1163,178.56
1164,175.8104509700001
1165,48.67769010999999
1166,47.16871432
1167,49.68039552000001
1168,53.97044226000001
1169,54.54975876
1170,51.89848783
1171,49.98610841000001
1172,53.81528572000001
1173,53.37822686
1174,52.07206872
1175,50.29002516999999
1176,52.18881303999999
1177,50.86946403
1178,54.86054657999999
1179,52.92958502999998
1180,52.53451763
1181,52.36025879
1182,51.59696276000002
1183,51.76422601
1184,178.56
1185,178.56
1186,178.56
1187,178.56
1188,74.62965339000053
1189,49.38796338
1190,51.78506893000001
1191,52.27303654999999
1192,51.71762918
1193,54.33988244999999
1194,53.30594535000001
1195,55.55495427999999
1196,55.35130741
1197,53.67046762
1198,54.10271306999999
1199,54.11176652
1200,55.04435803999998
1201,55.46782667999999
1202,56.48167909999999
1203,56.56491035999998
1204,57.90608879999998
1205,57.13259062000001
1206,55.88719752
1207,52.85803642
1208,50.49654182999999
1209,49.26271301000001
1210,178.56
1211,178.56
1212,94.83365907000031
1213,52.56151803000002
1214,51.65280841
1215,178.56
1216,178.56
1217,54.34871161999999
1218,53.19552763
1219,53.50097864999999
1220,53.50138213
1221,51.36467721
1222,53.0278189
1223,54.00157952000001
1224,54.81222859
1225,55.64610793000001
1226,56.85546363
1227,57.0067099
1228,57.55822786
1229,57.65739763
1230,56.49927100999999
1231,56.19657637999997
1232,53.02442564999998
1233,52.04531297
1234,178.56
1235,178.56
1236,117.8667640700005
1237,53.05511379
1238,54.51181917999999
1239,178.56
1240,178.56
1241,55.97928966000001
1242,56.99388617999999
1243,56.44101799
1244,56.40441127999998
1245,55.89905250999998
1246,55.76832576
1247,55.11084138
1248,55.65106623999999
1249,56.48009562999997
1250,57.60626368000001
1251,57.75340396000001
1252,56.07387324000001
1253,55.23587488999998
1254,55.19332455000001
1255,54.57808720000001
1256,178.56
1257,178.56
1258,178.56
1259,178.56
1260,138.6260619900006
1261,55.93560735
1262,59.22470651999999
1263,58.94015869
1264,66.16639658999998
1265,62.44983045
1266,61.02989136999999
1267,59.39358298999998
1268,60.64305541
1269,61.01213600999998
1270,61.08455941
1271,59.82565406999998
1272,58.99869289999999
1273,57.76050223999999
1274,57.26987672
1275,55.60492455
1276,53.86446156000002
1277,53.20618107000001
1278,51.76420633999999
1279,52.03326289
1280,51.84024286000002
1281,51.6784079
1282,178.56
1283,178.56
1284,99.59914101000065
1285,53.44185987
1286,53.82574925
1287,178.56
1288,178.56
1289,54.54326541999999
1290,53.59564469
1291,53.08294628000001
1292,53.29517654999999
1293,52.95962902999999
1294,53.46535823999999
1295,52.89118737
1296,52.06846176000001
1297,53.06201403999999
1298,52.89337676000001
1299,51.18882012999999
1300,49.55240997000001
1301,50.67513941000001
1302,49.85989456000001
1303,49.85329055
1304,49.36389765999999
1305,48.39117485999999
1306,178.56
1307,178.56
1308,74.72023305000018
1309,49.69275437
1310,51.55548026999999
1311,178.56
1312,178.56
1313,55.78458214000001
1314,57.66378568999998
1315,57.84927162
1316,57.32245644999997
1317,56.07576806999998
1318,55.06783163
1319,55.58706048
1320,55.74667538999999
1321,56.22979355
1322,54.78824434999997
1323,54.17036303
1324,53.54858145
1325,52.99828121
1326,52.86933652
1327,52.47090533999999
1328,51.68863084
1329,54.37869541999999
1330,178.56
1331,178.56
1332,137.8623170199998
1333,60.97756721
1334,53.98239272999999
1335,178.56
1336,178.56
1337,56.74110211000001
1338,56.54505304000001
1339,56.22102947999999
1340,56.75973995999998
1341,54.19414476
1342,53.97248010000001
1343,54.28604369999999
1344,54.75422218
1345,53.69972768999998
1346,53.85064061999999
1347,55.28332151999999
1348,56.11635134000001
1349,55.93929635000001
1350,55.51408127999999
1351,55.61473826999999
1352,54.97142188999999
1353,54.67399007000001
1354,178.56
1355,178.56
1356,118.0969218800008
1357,52.70206829999999
1358,52.09951151999999
1359,178.56
1360,178.56
1361,54.8153571
1362,56.93911279
1363,57.5274371
1364,56.94120320000001
1365,56.51112663
1366,56.54025104
1367,56.98846083
1368,56.61682628
1369,56.38902955
1370,56.94339706999999
1371,57.89072106999999
1372,58.12487114
1373,57.35170721000001
1374,56.75842633999999
1375,56.71298968999999
1376,178.56
1377,178.56
1378,178.56
1379,178.56
1380,155.0178785340003
1381,57.84186954
1382,56.97928334
1383,56.34153679
1384,54.51434568999999
1385,54.04553686000001
1386,55.39965213999999
1387,54.69630098100001
1388,56.54935069
1389,56.69928810000003
1390,56.98736449
1391,57.93096665999999
1392,57.579146695
1393,57.04817467999998
1394,56.27796276549999
1395,55.88389569
1396,55.47532620000001
1397,52.63989749549999
1398,51.96443196000001
1399,51.1545909
1400,46.84540686699999
1401,28.06830825399999
1402,26.50360999999999
1403,178.56
1404,46.8817609048004
1405,26.57080999999999
1406,25.1957627012
1407,178.56
1408,178.56
1409,45.29926067799999
1410,45.12695369
1411,45.11906699999999
1412,45.141621
1413,45.13304124
1414,45.09368731
1415,45.23851738
1416,45.53034031
1417,45.17523745
1418,45.130904
1419,45.1795351
1420,45.19700731
1421,45.231676
1422,45.24212693
1423,45.314962
1424,45.38156000000001
1425,45.15691831000001
1426,178.56
1427,178.56
1428,91.92520515000045
1429,53.95760531
1430,53.18523706999999
1431,178.56
1432,178.56
1433,56.00988365
1434,56.02520027999999
1435,60.62363286
1436,62.29806771999998
1437,63.89347489
1438,58.61473296000001
1439,58.65009493000001
1440,58.45822948000001
1441,58.08177172000001
1442,58.21133024
1443,58.41639993
1444,58.00251751
1445,58.30573664999999
1446,57.19293712999999
1447,55.37496131999999
1448,178.56
1449,178.56
1450,178.56
1451,178.56
1452,140.2105369600001
1453,55.00072445000001
1454,54.60719613999999
1455,54.68159711
1456,55.39152955000001
1457,54.85370289000001
1458,55.49631276000001
1459,56.38362736999999
1460,57.18023709999999
1461,56.89789742
1462,57.43037006
1463,56.57758854999999
1464,57.38441324
1465,56.87702993
1466,56.24528944999998
1467,56.05611914000001
1468,56.18108313999997
1469,55.25961727999999
1470,54.42868829999998
1471,54.35530029999999
1472,178.56
1473,178.56
1474,178.56
1475,178.56
1476,124.73969031
1477,54.93886797
1478,55.10138214000001
1479,55.69432638
1480,56.37402414
1481,55.19540355
1482,55.67200064999999
1483,56.42128107
1484,55.60707579
1485,56.25959275999999
1486,56.04036675999999
1487,56.24056011000001
1488,56.11583803000001
1489,55.68876614000002
1490,55.00430565
1491,53.93294641000001
1492,54.57560731000002
1493,54.85878006000002
1494,53.78607234
1495,54.81583821
1496,178.56
1497,178.56
1498,178.56
1499,178.56
1500,92.79870575999958
1501,49.60956867999999
1502,49.84120385999999
1503,50.82076629000001
1504,50.88310255
1505,51.17433517
1506,51.58335252
1507,51.67520624000002
1508,51.48885903000001
1509,51.45166061
1510,51.64433442
1511,52.37975448999999
1512,53.52324865999999
1513,52.98824810999999
1514,53.29364831
1515,53.20768355
1516,53.77059876999999
1517,53.54924154999998
1518,53.28670214
1519,53.27691656
1520,178.56
1521,178.56
1522,178.56
1523,178.56
1524,63.84730214999976
1525,49.576408
1526,49.68989921
1527,48.42983789
1528,48.31874600000001
1529,47.83464021
1530,48.26675749
1531,48.23194620999999
1532,48.00224807000001
1533,47.97957717000001
1534,48.04170909999999
1535,48.39895683
1536,49.74149557999999
1537,48.88168334
1538,48.11062431
1539,48.07504309999999
1540,47.79881113
1541,47.68633366
1542,47.49902310999999
1543,47.69739288999999
1544,47.96219007999999
1545,47.73010375
1546,47.63133234999999
1547,178.56
1548,152.3416227399998
1549,47.95140034999999
1550,48.22843949000001
1551,178.56
1552,178.56
1553,48.68497732
1554,48.91856172
1555,48.71101473
1556,48.56953269000001
1557,48.92737030999999
1558,49.29213772
1559,49.210896
1560,50.65843740999998
1561,50.06786834
1562,49.02733485999997
1563,48.41148186000001
1564,48.32166738
1565,48.21262900999999
1566,47.92529483000001
1567,47.48292255
1568,47.65295696
1569,178.56
1570,178.56
1571,178.56
1572,165.8493728000003
1573,49.70227724
1574,49.22181606999999
1575,49.61910338
1576,50.16271637999999
1577,52.67986464999998
1578,51.65691223
1579,51.86950321
1580,50.89447062
1581,51.16884065999999
1582,51.1538188
1583,50.44102210000001
1584,50.79973226999999
1585,50.47773961999999
1586,50.47542289999999
1587,49.88449213999998
1588,49.52846289999999
1589,49.42581455
1590,48.41647706
1591,48.00516308
1592,48.40563224
1593,47.93215217
1594,178.56
1595,178.56
1596,177.8464799200002
1597,51.81310372000001
1598,51.93793941
1599,178.56
1600,50.93941496000001
1601,50.75951061999999
1602,50.21259873
1603,49.88095238
1604,50.23917486
1605,49.63351085
1606,49.32861002999999
1607,49.58370416999999
1608,50.21199169
1609,49.63761852
1610,49.89461183
1611,49.74976720000002
1612,49.2690751
1613,49.12980086
1614,49.47368775999999
1615,49.13488048
1616,49.21859858999998
1617,48.81847389999998
1618,48.55499859
1619,178.56
1620,158.05673839
1621,48.402697
1622,47.98599203999998
1623,178.56
1624,178.56
1625,48.02988624
1626,48.18603537999999
1627,48.08651869000001
1628,48.24500289
1629,48.26332245
1630,48.27622547999999
1631,47.92753678999999
1632,48.54424862
1633,47.03871452
1634,47.00395461999999
1635,47.05207254999999
1636,47.02729724
1637,47.05621605999999
1638,47.30308310000001
1639,47.32686916999999
1640,47.35902318
1641,47.23381348
1642,47.09831300999998
1643,178.56
1644,152.1304074600001
1645,48.19056234999999
1646,48.19825556000001
1647,178.56
1648,178.56
1649,48.84847344999999
1650,48.99676817
1651,49.33335414
1652,49.62561358999999
1653,49.89536335
1654,49.76078499
1655,51.30049630999999
1656,51.3322649
1657,51.27235365000001
1658,50.64328353000001
1659,51.64822844999998
1660,50.82609252
1661,49.75357799999999
1662,49.353157
1663,49.36280076000001
1664,48.82979927
1665,48.94726963
1666,49.23845066000001
1667,178.56
1668,166.2645197700005
1669,48.42228061999999
1670,48.54796331
1671,178.56
1672,178.56
1673,50.05383138
1674,49.36703555
1675,49.01318835000001
1676,47.47169266
1677,47.62419661999999
1678,47.68050210000001
1679,47.75716147999999
1680,48.27875269
1681,46.69467817
1682,46.60527501000001
1683,47.23761692999999
1684,47.54342796000001
1685,47.60086352
1686,47.28516828
1687,47.16311564999999
1688,46.72313128
1689,46.72420221000001
1690,46.6110043
1691,178.56
1692,160.8690735700003
1693,46.52995417
1694,47.15102965999998
1695,178.56
1696,178.56
1697,52.97256734
1698,53.15800252
1699,51.85441044
1700,51.75502234
1701,52.10231165999999
1702,48.34798948000001
1703,47.66288792999999
1704,47.06738847999999
1705,46.14392327999999
1706,47.38895441
1707,48.09272811
1708,47.89257172
1709,48.14838448
1710,47.42692563000001
1711,47.92189968999999
1712,48.13143488999999
1713,48.19295130999999
1714,47.86854400999999
1715,178.56
1716,170.4759211400002
1717,48.07465138
1718,48.49419182999998
1719,178.56
1720,178.56
1721,51.78530413000001
1722,52.20040496999999
1723,51.73251964999999
1724,51.17400638
1725,52.03175313000001
1726,51.87425516000001
1727,52.64943432000002
1728,55.05259648000001
1729,54.15233334000001
1730,54.8045169
1731,55.32911076
1732,55.94695133999999
1733,55.49990816999998
1734,55.37730267999999
1735,54.00305189999999
1736,52.66232068999998
1737,52.58236207
1738,178.56
1739,178.56
1740,106.7537283000002
1741,52.11804941
1742,52.56099772000001
1743,178.56
1744,178.56
1745,54.34658166000001
1746,55.73665586999999
1747,56.64648051999999
1748,56.25590305999997
1749,55.31362235
1750,54.57141158000001
1751,55.01810747999998
1752,56.10403190000001
1753,55.07674459
1754,54.75523669
1755,54.38606634999999
1756,54.29383868999999
1757,53.95775231
1758,53.85986444999998
1759,54.09801802999997
1760,54.19331183000001
1761,54.17731402999999
1762,178.56
1763,178.56
1764,105.6206023400002
1765,54.47219665999999
1766,55.04419704
1767,178.56
1768,178.56
1769,51.0031641
1770,51.82266781999999
1771,52.38812396999999
1772,52.6420111
1773,52.66697765
1774,51.14978862
1775,52.23735601
1776,53.17954572000001
1777,52.74477348000001
1778,53.44895709999999
1779,53.50203025999998
1780,53.25695654999999
1781,53.02841362000001
1782,52.80355269000002
1783,52.27650609999998
1784,52.04052014
1785,51.98150523999999
1786,178.56
1787,178.56
1788,107.8724118900001
1789,55.18229023999999
1790,54.67842141999999
1791,178.56
1792,178.56
1793,53.81230413999999
1794,53.66822943999998
1795,53.59456003999999
1796,53.94153996000001
1797,53.89733531
1798,53.79653552
1799,53.51114097
1800,53.04869689
1801,52.78524958000001
1802,52.81994416999999
1803,52.76742317
1804,52.29728014000001
1805,51.07002151999999
1806,51.13419233999998
1807,50.64741703000001
1808,50.16785444999999
1809,50.61680861999999
1810,178.56
1811,178.56
1812,84.12813966999987
1813,51.40356696999999
1814,52.25985141999998
1815,178.56
1816,178.56
1817,53.63356117000001
1818,54.15240606999999
1819,53.48008589000001
1820,53.76292557999999
1821,53.37391485999999
1822,54.96026241999999
1823,54.95032158000001
1824,56.07728664999998
1825,55.58928165
1826,55.73521625
1827,56.44699661999999
1828,56.12186950999998
1829,55.88113531000001
1830,54.56469647999999
1831,54.17986937999999
1832,54.09364807000002
1833,54.36416747999998
1834,178.56
1835,178.56
1836,134.1170819800008
1837,55.92557109999998
1838,55.47072594000001
1839,178.56
1840,178.56
1841,55.91481483
1842,56.12927851999999
1843,55.85782047999999
1844,55.73335578999999
1845,55.21316247999999
1846,55.14762876
1847,56.06310038000001
1848,56.72169979
1849,56.63712312999999
1850,56.54923400000001
1851,56.16692213999998
1852,55.92875399999999
1853,55.85102852
1854,55.88950765999999
1855,55.50488482
1856,55.12311279999999
1857,54.85786558000002
1858,178.56
1859,178.56
1860,145.5056650100003
1861,56.18449704
1862,55.44459564
1863,178.56
1864,178.56
1865,56.11170327
1866,56.04917255
1867,54.58298285999999
1868,53.16712548
1869,53.99199427999999
1870,55.44638848
1871,55.52820776999999
1872,55.23878296999999
1873,55.40014479999999
1874,54.06944892999999
1875,53.24733939000001
1876,52.80165583
1877,52.86525006
1878,52.52920161999999
1879,52.42745221000001
1880,51.85325599999999
1881,51.93178879
1882,178.56
1883,178.56
1884,81.45323740000016
1885,51.57473741
1886,51.63091444000001
1887,178.56
1888,178.56
1889,51.96358503
1890,51.98280248
1891,51.76729830999999
1892,51.27490179
1893,51.52981673
1894,50.45609540999999
1895,49.16418240999999
1896,50.55171575999999
1897,51.12258921000002
1898,51.32845431
1899,51.26720669
1900,51.25649668999999
1901,51.22848731
1902,51.48426037999999
1903,51.287775
1904,178.56
1905,178.56
1906,178.56
1907,178.56
1908,74.5355063399999
1909,51.42230331
1910,51.43728569
1911,51.45919799999999
1912,51.62356037999999
1913,51.61128462000001
1914,51.74353799999999
1915,52.02899569
1916,51.59416969
1917,52.79610735000001
1918,52.9182997
1919,53.25277971999999
1920,53.72511662000002
1921,53.54985978999999
1922,53.48519904
1923,52.84231883
1924,52.32204802999998
1925,52.46151344000001
1926,52.28244245000001
1927,52.32499117999998
1928,52.70618535
1929,54.21927980000001
1930,178.56
1931,178.56
1932,112.2497928800001
1933,54.47663613
1934,55.47721851000001
1935,178.56
1936,178.56
1937,52.89115321000001
1938,53.20584528
1939,54.47584995999998
1940,53.84318561999999
1941,54.87705783000001
1942,56.05704972000001
1943,57.83181607
1944,57.97608137999999
1945,56.45933047999999
1946,56.11428641
1947,55.79919582999998
1948,56.18578020999999
1949,55.55160072
1950,56.10171965999999
1951,55.99812134
1952,56.2999549
1953,56.55124993
1954,178.56
1955,178.56
1956,141.5936203300007
1957,56.45091640999998
1958,54.84707697000001
1959,178.56
1960,178.56
1961,55.22065996999999
1962,54.31993203000002
1963,55.30647478999999
1964,54.78936141
1965,53.34850493
1966,52.88878259
1967,53.06027999999999
1968,52.66246558999999
1969,52.36842289
1970,51.81866185999999
1971,51.81611442000001
1972,51.92919437999998
1973,51.87515858
1974,51.76582390000001
1975,51.64153770999999
1976,178.56
1977,178.56
1978,178.56
1979,178.56
1980,99.82030108000038
1981,53.79433982999998
1982,53.57529323999999
1983,53.49802975999999
1984,53.98363613999999
1985,53.14196818000002
1986,53.53181147999999
1987,54.1288629
1988,55.52925517999999
1989,55.43310072999999
1990,56.15299150999999
1991,56.84506057999999
1992,57.97946945000001
1993,56.47385785999999
1994,55.29957587
1995,53.55595497000001
1996,53.7882821
1997,53.45224773
1998,53.48130689999999
1999,53.04989423999999
2000,52.92566034
2001,52.41139617
2002,178.56
2003,178.56
2004,117.2736292900007
2005,53.62460606999999
2006,53.63042517
2007,178.56
2008,178.56
2009,56.22271241999999
2010,56.82528179999999
2011,57.37710740999999
2012,56.71166676000001
2013,56.74412778999999
2014,55.02676410000001
2015,54.57707766
2016,53.77221465
2017,53.16149692
2018,53.61881882000001
2019,54.33175496
2020,53.49683786999999
2021,53.06873607000002
2022,50.75953631
2023,49.19471011
2024,49.00407672999999
2025,49.20095802999999
2026,178.56
2027,178.56
2028,87.11944264000002
2029,54.20159304000002
2030,54.17817789999999
2031,178.56
2032,178.56
2033,53.63992696999998
2034,53.88768041999999
2035,53.43242302999999
2036,50.87568226999999
2037,50.70573683000001
2038,50.26988372
2039,49.92689366
2040,50.13848279999999
2041,50.30128151999999
2042,50.66155752
2043,49.91436771999999
2044,50.60361312999999
2045,49.83594252
2046,50.15993716999998
2047,49.55401709999999
2048,49.68496196999999
2049,49.39178999999999
2050,49.41419
2051,178.56
2052,173.8642108499999
2053,49.48138999999999
2054,49.50379
2055,178.56
2056,178.56
2057,49.57098999999999
2058,49.59339
2059,49.61579
2060,49.63818999999999
2061,49.66058999999999
2062,49.68299
2063,49.70538999999999
2064,49.72778999999999
2065,49.22939
2066,49.25179
2067,49.27419
2068,49.29658999999999
2069,49.31898999999999
2070,49.32459
2071,49.34699
2072,49.36939
2073,49.39178999999999
2074,49.41419
2075,178.56
2076,171.1626
2077,49.48138999999999
2078,49.50379
2079,178.56
2080,178.56
2081,49.57098999999999
2082,49.59339
2083,49.61579
2084,49.63818999999999
2085,49.66058999999999
2086,49.68299
2087,49.70538999999999
2088,49.72778999999999
2089,49.22939
2090,49.25179
2091,49.27419
2092,49.29658999999999
2093,49.31898999999999
2094,49.32459
2095,49.34699
2096,49.36939
2097,49.39178999999999
2098,49.41419
2099,178.56
2100,171.1626
2101,49.48138999999999
2102,49.50379
2103,178.56
2104,178.56
2105,49.57098999999999
2106,49.59339
2107,49.61579
2108,49.63818999999999
2109,49.66058999999999
2110,49.68299
2111,49.70538999999999
2112,49.72778999999999
2113,49.22939
2114,49.25179
2115,49.27419
2116,49.29658999999999
2117,49.31898999999999
2118,49.32459
2119,49.34699
2120,49.36939
2121,49.39178999999999
2122,49.41419
2123,178.56
2124,171.1626
2125,49.48138999999999
2126,49.50379
2127,178.56
2128,178.56
2129,49.57098999999999
2130,49.59339
2131,49.61579
2132,49.63818999999999
2133,49.66058999999999
2134,49.68299
2135,49.70538999999999
2136,49.72778999999999
2137,49.22939
2138,49.25179
2139,49.27419
2140,49.29658999999999
2141,49.31898999999999
2142,49.32459
2143,49.34699
2144,49.36939
2145,49.39178999999999
2146,49.41419
2147,178.56
2148,171.5884612200004
2149,49.48138999999999
2150,49.50379
2151,178.56
2152,178.56
2153,49.76520976
2154,49.784658
2155,49.76824999999999
2156,49.67987262
2157,49.65106768999999
2158,49.62536830999999
2159,49.60113199999999
2160,49.649327
2161,49.162631
2162,49.21806407
2163,49.442281
2164,49.19951869
2165,49.21999369
2166,49.23788799999999
2167,49.24825037999999
2168,49.27370462
2169,49.29636130999999
2170,178.56
2171,178.56
2172,84.00138566000042
2173,54.21129454999999
2174,55.17835617000001
2175,178.56
2176,178.56
2177,54.22176382000001
2178,53.13549261999999
2179,54.12408798999999
2180,54.04392455000001
2181,52.88242407000001
2182,51.59646547999998
2183,51.70685149
2184,52.3546702
2185,52.74993317999998
2186,53.49887921000001
2187,53.09811247999999
2188,53.07331133999998
2189,53.65360196
2190,53.58225362
2191,53.21028537999999
2192,53.05943523999999
2193,52.94449314
2194,178.56
2195,178.56
2196,114.7443646699996
2197,56.64690730999997
2198,54.21405947999999
2199,178.56
2200,178.56
2201,57.26190420999999
2202,56.85087141999998
2203,55.41707206
2204,54.80116761
2205,52.67503723999999
2206,52.71289778999999
2207,53.35413797
2208,53.57008979
2209,50.28806243999999
2210,49.31051594
2211,49.33060594000001
2212,50.16576662999999
2213,49.71097180000001
2214,49.39948601
2215,49.04289145
2216,49.21713552
2217,48.84100850999999
2218,178.56
2219,178.56
2220,87.9478611200008
2221,55.73897447999998
2222,54.86134745
2223,178.56
2224,178.56
2225,55.35035071999999
2226,55.30383844999999
2227,56.25904193000001
2228,55.03789249000001
2229,54.73121884999998
2230,53.48047635000001
2231,53.08936003000001
2232,52.89610878999999
2233,52.07405245
2234,53.72705526999999
2235,53.19064114000001
2236,53.15364872999999
2237,52.04725385999999
2238,51.01722912999999
2239,49.97269234999999
2240,49.23851575999999
2241,49.07976017
2242,178.56
2243,178.56
2244,94.9382941599998
2245,56.28118327999999
2246,55.69492354999999
2247,178.56
2248,178.56
2249,53.63620863999999
2250,53.47252189999999
2251,53.5334989
2252,53.40567218
2253,52.97115397
2254,52.31790396
2255,53.03209786000001
2256,52.73338293999998
2257,51.47568551999999
2258,50.88729540999998
2259,50.55867908
2260,49.99095031000002
2261,49.68918016999999
2262,49.45638788999999
2263,48.76019799
2264,46.23284652
2265,47.30835025
2266,46.62861244999999
2267,178.56
2268,172.793672079999
2269,50.65651345999999
2270,50.61895573000001
2271,178.56
2272,178.56
2273,50.55022441000002
2274,49.1013341
2275,48.71445362000001
2276,49.74293639
2277,48.75329927999999
2278,48.94009392999999
2279,48.37911679999999
2280,48.57535641
2281,47.77275516999999
2282,47.68602062
2283,47.47739486
2284,47.76693347999999
2285,47.99623254999999
2286,47.68980335
2287,47.77639573
2288,47.93393031
2289,48.36699678999999
2290,48.4618792
2291,178.56
2292,164.1428002599998
2293,49.19435996999999
2294,50.03496169000001
2295,178.56
2296,178.56
2297,50.28516465000001
2298,50.51105073
2299,50.24967961999999
2300,49.95668783
2301,49.77626969
2302,49.76353172
2303,49.65164435000002
2304,47.64678793
2305,46.62799624
2306,46.79744047999999
2307,46.90916097
2308,46.62361255999998
2309,46.48675016999999
2310,46.48185276
2311,46.19114534999999
2312,46.76845852
2313,45.42813793
2314,46.35292648000001
2315,178.56
2316,144.97584967
2317,47.78864776
2318,48.67988986
2319,178.56
2320,178.56
2321,49.02205651000001
2322,49.03724427
2323,49.00856877
2324,48.78895707
2325,49.09707795999999
2326,48.49141507000001
2327,48.15525175999999
2328,47.76334023999998
2329,48.47371214000001
2330,48.54785586000001
2331,49.00276535
2332,47.04641921000002
2333,47.21627385999999
2334,44.91297818
2335,44.93834751000001
2336,44.63364493000001
2337,45.18056193
2338,45.66988335000001
2339,178.56
2340,142.4794122000005
2341,47.29515693000001
2342,47.82847047999999
2343,178.56
2344,178.56
2345,49.43300572000001
2346,49.67151252000001
2347,47.69370179
2348,48.9681927
2349,48.51362138
2350,48.85174049
2351,47.32045255000001
2352,47.40978452
2353,61.83621115000001
2354,62.3935039
2355,63.14214221000001
2356,61.8614192
2357,60.86269713999999
2358,61.67986530999998
2359,61.90220876
2360,61.86465102999999
2361,61.93386773
2362,178.56
2363,178.56
2364,178.56
2365,59.80861355
2366,58.51331247999999
2367,178.56
2368,178.56
2369,101.3793744400005
2370,59.90944840999999
2371,61.05417576999999
2372,61.15380579000001
2373,60.78453262000001
2374,59.40584055
2375,62.23738017
2376,64.21537479000001
2377,63.56760682999999
2378,62.79757372
2379,63.18708500999999
2380,62.18268832999999
2381,62.46942996
2382,62.10613765999999
2383,61.17022078999999
2384,62.56565952
2385,61.19818355
2386,178.56
2387,178.56
2388,178.56
2389,61.01936197000001
2390,61.25492317
2391,178.56
2392,178.56
2393,89.78584575000019
2394,58.55324748000001
2395,57.87800186
2396,57.32736863
2397,57.07161873
2398,56.40879552
2399,57.48096199999999
2400,57.86446652000001
2401,58.31423002999999
2402,59.08902306999998
2403,59.52932747999999
2404,59.57672707
2405,59.63033783
2406,60.20359639000001
2407,60.08128707
2408,59.64379175999999
2409,58.63475086
2410,178.56
2411,178.56
2412,178.56
2413,58.90391492999998
2414,58.25035796999998
2415,178.56
2416,178.56
2417,73.48286073000071
2418,59.12836152999999
2419,60.00012235000001
2420,59.94000417999998
2421,59.84844347999999
2422,60.05122899999999
2423,60.67276656000001
2424,60.55197210999999
2425,60.10460813
2426,59.35403179999998
2427,58.90046785000001
2428,59.07699657999998
2429,59.45685703999999
2430,58.85401703999999
2431,57.9783148
2432,56.91088157999999
2433,56.09026045
2434,178.56
2435,178.56
2436,178.56
2437,58.16625493
2438,58.44501425000001
2439,178.56
2440,178.56
2441,59.12622659000058
2442,59.63117083
2443,60.74011768999999
2444,60.45503057999998
2445,59.65930648999999
2446,60.29973404
2447,59.81952913999999
2448,59.83343288999998
2449,58.28073587000002
2450,58.48210906999999
2451,57.94094565
2452,57.74654011000001
2453,58.82997351000001
2454,58.38423997
2455,58.68691906
2456,59.54543707000001
2457,60.50456748
2458,178.56
2459,178.56
2460,178.56
2461,61.13899393
2462,61.43938892
2463,178.56
2464,178.56
2465,90.58863114000022
2466,59.51382283
2467,59.62859672
2468,59.93676997000001
2469,60.37879477000001
2470,60.01732393999998
2471,60.22701258000001
2472,61.30467230999997
2473,62.50936951000001
2474,62.29106813999999
2475,62.67572660999998
2476,61.28866757999999
2477,61.09482658999999
2478,60.28927044
2479,59.93896573
2480,178.56
2481,178.56
2482,178.56
2483,178.56
2484,111.38496786
2485,61.26073078999999
2486,62.66938817999999
2487,63.15152857999999
2488,62.91785289999998
2489,62.53700397
2490,62.98498233999998
2491,178.56
2492,63.03229779
2493,63.96684035000001
2494,63.87458720999999
2495,63.90437906999997
2496,61.32156086
2497,60.73336485999997
2498,61.40174341000001
2499,60.41149099999999
2500,61.10543340999999
2501,61.90460926999999
2502,62.44827420999999
2503,62.34200630000001
2504,178.56
2505,178.56
2506,178.56
2507,178.56
2508,123.7583330499998
2509,62.37569120999999
2510,63.09776508000001
2511,63.63447215999999
2512,62.63292714000001
2513,62.58045681999999
2514,61.28574627
2515,178.56
2516,60.45767532
2517,59.34979113
2518,60.29264989999999
2519,59.93366826999998
2520,60.13899548999998
2521,59.78372435000001
2522,61.06630627999998
2523,61.90298162999999
2524,61.90448803
2525,61.74776132
2526,61.42045147
2527,59.37961127000001
2528,59.22396249
2529,59.64668486
2530,178.56
2531,178.56
2532,178.56
2533,61.57288913999999
2534,63.06416647999999
2535,178.56
2536,178.56
2537,109.61287485
2538,59.13364778999999
2539,61.99747581999998
2540,62.16879437999999
2541,62.47355358999999
2542,63.50842539999996
2543,63.31212104000001
2544,62.81004820999999
2545,61.38902055999999
2546,62.96130245999998
2547,61.32781648
2548,61.15140297
2549,60.9377727
2550,60.38318524
2551,59.54926837999999
2552,59.25820131
2553,59.5660149
2554,178.56
2555,178.56
2556,178.56
2557,58.55251262
2558,57.44889017000001
2559,178.56
2560,178.56
2561,69.67601711000061
2562,60.10867288999999
2563,58.72040775999999
2564,58.52520611000001
2565,57.55984961999999
2566,58.1265629
2567,58.82589503
2568,59.44157988999997
2569,58.94760676
2570,58.81177133999998
2571,59.0869629
2572,58.48473848
2573,58.33293893
2574,57.85137448999999
2575,57.9745418
2576,57.51107130999999
2577,59.19343758999999
2578,178.56
2579,178.56
2580,178.56
2581,60.61046641999999
2582,60.12369048000001
2583,178.56
2584,178.56
2585,67.0455010700005
2586,57.51541621
2587,58.05022530999999
2588,56.33350337999998
2589,55.58479954999999
2590,56.71556344999998
2591,57.08746644999999
2592,58.59257767999999
2593,59.21720973000001
2594,59.58872667999999
2595,59.33900994000001
2596,58.63671100000001
2597,57.50988621
2598,57.36452812999999
2599,56.45938739
2600,55.55616913000001
2601,54.76616803
2602,178.56
2603,178.56
2604,130.2066292699999
2605,54.16749142
2606,54.00049724999998
2607,178.56
2608,178.56
2609,55.95707221999999
2610,55.583486
2611,55.28479628
2612,56.06582569000001
2613,56.23493652
2614,55.63846169000001
2615,54.7170218
2616,54.85810442
2617,54.11485568999999
2618,53.89049624
2619,53.78474262
2620,53.57860696999999
2621,53.64140579000001
2622,53.38011272999999
2623,51.99207769
2624,51.59749728000001
2625,51.61535435
2626,178.56
2627,178.56
2628,93.1284000099999
2629,53.29921359
2630,53.34173642
2631,178.56
2632,178.56
2633,52.22480382
2634,51.49945752
2635,50.92757131
2636,52.11675230999998
2637,51.94308482999998
2638,52.37902642
2639,52.46187149
2640,54.33375962
2641,54.06732156000002
2642,54.14549504
2643,53.59719644999999
2644,53.75034203000001
2645,53.79961474999998
2646,53.73482590000002
2647,53.13077909999999
2648,52.01185934
2649,51.72135723999999
2650,178.56
2651,178.56
2652,112.7303472000003
2653,51.60718955
2654,55.888434
2655,178.56
2656,178.56
2657,56.55138334999998
2658,56.77185339000001
2659,55.50686427999998
2660,55.07696599999999
2661,55.94089857999998
2662,56.39914441000001
2663,57.70464678999998
2664,58.81385033999999
2665,58.37185206999999
2666,55.45721516999998
2667,53.89464745
2668,53.15746820999999
2669,52.23138207
2670,52.21292139000001
2671,51.91810623999999
2672,51.62123890000002
2673,50.59805610999999
2674,178.56
2675,178.56
2676,105.9774985300003
2677,54.36951316999999
2678,54.14756668999999
2679,178.56
2680,178.56
2681,56.24682202999998
2682,55.21529769
2683,55.68042221000001
2684,56.07714496999998
2685,53.32474693
2686,54.3185272
2687,56.73634659
2688,56.40837048000001
2689,57.25722540999998
2690,57.96636251
2691,58.51513528
2692,59.63858410999999
2693,56.18599938000001
2694,56.19194685999999
2695,54.18208544
2696,52.89009557999999
2697,52.64856583
2698,178.56
2699,178.56
2700,121.5457140400005
2701,52.74263218000001
2702,54.34810066
2703,178.56
2704,178.56
2705,55.97293345000001
2706,53.86533389999999
2707,53.64957297000001
2708,53.51330103000001
2709,52.23414504
2710,53.41903966
2711,55.29870535000001
2712,56.35554862000001
2713,55.56235299999998
2714,55.58067242000001
2715,54.52558538
2716,54.04381401999999
2717,53.29670185000001
2718,52.69976592999998
2719,52.50761796000001
2720,50.72280276
2721,51.80474795999999
2722,178.56
2723,178.56
2724,115.1625843500002
2725,54.38886593000001
2726,54.66744437000001
2727,178.56
2728,178.56
2729,55.87203748000001
2730,53.40497623999999
2731,55.14855709999998
2732,55.870374
2733,56.27772254999999
2734,58.39544697
2735,57.90592492999999
2736,55.5515667
2737,57.67859565999998
2738,60.59550314999998
2739,60.43800427
2740,60.96752627000001
2741,60.38303838
2742,61.18367751999998
2743,58.39488381999999
2744,57.04473376
2745,56.70625967999998
2746,178.56
2747,178.56
2748,178.56
2749,58.72232288999999
2750,58.30951903
2751,178.56
2752,178.56
2753,68.59930737000015
2754,60.7640978
2755,61.04621845
2756,61.50356618000001
2757,61.40517837999998
2758,61.59741447999997
2759,60.65041059
2760,63.45048261999999
2761,62.38486107000001
2762,63.0192563
2763,61.78216786
2764,60.92499678999999
2765,62.15573293999999
2766,60.60473916
2767,58.29650456
2768,58.10499758
2769,58.79722065000001
2770,178.56
2771,178.56
2772,178.56
2773,60.75540603999998
2774,60.53689844999999
2775,178.56
2776,178.56
2777,93.17686527999987
2778,59.16996554000001
2779,61.88192520999999
2780,61.53842057999998
2781,61.90195655
2782,61.38563920999997
2783,62.13668964999999
2784,62.15808927999998
2785,62.49722961999998
2786,63.52789331
2787,64.62195299
2788,63.29572466
2789,62.95504327
2790,61.79811154999999
2791,60.82328455
2792,60.57112830999999
2793,60.39717852
2794,178.56
2795,178.56
2796,178.56
2797,61.80635355999998
2798,60.95955180000001
2799,178.56
2800,178.56
2801,97.85806380000078
2802,58.25364089999999
2803,57.87307442
2804,59.66323950999999
2805,61.92718762999999
2806,61.57729179
2807,61.43447561999999
2808,61.56367469000001
2809,60.85984989
2810,61.88553448
2811,62.85634354999999
2812,61.63321717
2813,60.89606354999999
2814,60.24486699000001
2815,59.35032593000001
2816,58.26962455999999
2817,58.21143034000001
2818,178.56
2819,178.56
2820,178.56
2821,59.40998566999998
2822,61.06126831
2823,178.56
2824,178.56
2825,96.9095983200001
2826,61.95400365000001
2827,61.12519469
2828,61.42289531000001
2829,62.02400175999999
2830,62.04483620999999
2831,62.30819391999999
2832,62.90180609999999
2833,60.73138883000001
2834,61.47681855
2835,61.60280972999999
2836,59.71155372
2837,58.53763139
2838,58.55050831
2839,58.65686435
2840,58.99627348999999
2841,59.23388827999997
2842,178.56
2843,178.56
2844,158.4026788511001
2845,54.73354383000001
2846,54.88332709789999
2847,178.56
2848,178.56
2849,55.87078
2850,55.89317999999999
2851,55.91557999999999
2852,55.93798
2853,55.96037999999999
2854,55.98277999999999
2855,56.00517999999999
2856,56.02757999999999
2857,55.51237999999999
2858,55.53477999999999
2859,55.55717999999999
2860,55.57958
2861,55.60198
2862,55.62438
2863,55.64677999999999
2864,55.66918
2865,55.75808238
2866,178.56
2867,178.56
2868,129.4682766300008
2869,55.08122402999999
2870,54.88283941
2871,178.56
2872,178.56
2873,52.82625215000001
2874,54.85367958
2875,54.6841967
2876,55.498002
2877,58.43487769000001
2878,58.63429999
2879,60.45729451999998
2880,61.34381371999999
2881,60.56370865999998
2882,61.55256114
2883,61.80300965999999
2884,58.03785581999999
2885,56.86326569
2886,56.22631469000001
2887,53.51295606999998
2888,52.95534041
2889,53.92191475999999
2890,178.56
2891,178.56
2892,152.09857754
2893,54.33830318
2894,55.13213950999999
2895,178.56
2896,178.56
2897,57.00216619999999
2898,56.39932731999998
2899,56.41507899999998
2900,56.72530514
2901,59.49496293999998
2902,62.07684238000001
2903,62.68246585999999
2904,60.75063183
2905,60.20622362999998
2906,64.02610949
2907,65.36785310999997
2908,62.81627050999999
2909,61.32266909999998
2910,61.16712238000002
2911,60.85826782
2912,60.39531063999999
2913,60.05026768999997
2914,178.56
2915,178.56
2916,178.56
2917,62.86109921000001
2918,61.65765920999998
2919,178.56
2920,178.56
2921,106.8737510900006
2922,59.66253460999998
2923,65.91508273000001
2924,65.9950529
2925,64.75401086
2926,65.79684069
2927,65.57956573
2928,65.6646949
2929,67.61834597000002
2930,67.31426541
2931,67.36895430999999
2932,66.3770079
2933,65.04400224
2934,64.31041701
2935,63.66135111
2936,63.54771766
2937,63.68964672
2938,178.56
2939,178.56
2940,178.56
2941,66.89171524
2942,61.66564200999999
2943,178.56
2944,178.56
2945,133.6430418700004
2946,60.87246199999999
2947,61.95037863
2948,61.77055045
2949,61.49860485999998
2950,61.07296789999999
2951,60.39387158
2952,62.91084023000001
2953,62.29751731
2954,62.85250027000001
2955,62.20610452
2956,61.76976371999999
2957,60.54009275999999
2958,60.73107144999999
2959,59.69035751000001
2960,59.09326689
2961,58.20555292999999
2962,178.56
2963,178.56
2964,178.56
2965,59.02239195999997
2966,61.07574431
2967,178.56
2968,178.56
2969,100.7863792200002
2970,63.39924234
2971,63.70292467
2972,64.03447897
2973,63.70550186
2974,62.06513739999999
2975,63.38111255
2976,62.13362805999999
2977,62.36630386000001
2978,62.32510256
2979,63.76006734999999
2980,63.75279589
2981,63.21496972
2982,63.02887954999998
2983,62.51002058
2984,63.39525661000001
2985,62.42872033999999
2986,178.56
2987,178.56
2988,178.56
2989,64.51890886
2990,63.28346213
2991,178.56
2992,178.56
2993,140.9899210200003
2994,62.82092131
2995,63.78539096999999
2996,65.32024982000003
2997,65.96280802999999
2998,63.01059639
2999,63.86320955000001
3000,65.20369576
3001,64.65856838
3002,64.1521328
3003,65.66715127
3004,65.27513762
3005,65.54262904
3006,65.49934769000002
3007,65.59112391999999
3008,65.76865476999997
3009,64.64714269999999
3010,178.56
3011,178.56
3012,178.56
3013,63.62658168999999
3014,63.50452857
3015,178.56
3016,178.56
3017,148.7340294800009
3018,64.15399718
3019,64.38789014000001
3020,65.06769086999998
3021,64.28808407000002
3022,64.88836886
3023,65.64894231
3024,66.40569194
3025,65.37115192999997
3026,66.92251503000001
3027,67.32180525
3028,67.12501047
3029,66.03527440999999
3030,64.93111289000002
3031,64.21066876
3032,178.56
3033,178.56
3034,178.56
3035,178.56
3036,153.7620883600005
3037,64.42070781999999
3038,65.19342171999999
3039,64.71003483000003
3040,65.07421206999999
3041,64.34999522000001
3042,64.43961524
3043,178.56
3044,64.67534947999997
3045,66.52157161999999
3046,67.38760923999999
3047,67.82927431
3048,68.18056594999999
3049,68.20177475999999
3050,67.35389479
3051,68.59189490999998
3052,65.96133634999998
3053,65.0085058
3054,64.90539503000002
3055,64.31246213
3056,178.56
3057,178.56
3058,178.56
3059,178.56
3060,162.6190748000004
3061,67.65036977999999
3062,68.02322302999997
3063,66.54810148
3064,64.72386186
3065,66.87099971999999
3066,64.81799359
3067,178.56
3068,63.04038250999998
3069,61.01368448
3070,61.86542586000001
3071,60.12778555
3072,55.76205817
3073,53.72438861999998
3074,53.14323657999999
3075,53.02121048
3076,52.14152978999999
3077,52.13296837
3078,51.05467752000001
3079,50.72185082999999
3080,178.56
3081,178.56
3082,178.56
3083,178.56
3084,85.09363739000028
3085,58.18246727999998
3086,57.69255904999999
3087,56.03186952999999
3088,56.29548378999998
3089,54.02484962
3090,53.37799095999998
3091,53.69016848999999
3092,52.65566620999999
3093,53.78044965999999
3094,53.96385673
3095,52.49445866
3096,52.71256634
3097,51.73758778999999
3098,54.60529192999998
3099,55.21140337999999
3100,55.08442317
3101,54.69738897000001
3102,54.56097472000001
3103,54.46900479999999
3104,54.30788797
3105,54.05575776999999
3106,178.56
3107,178.56
3108,138.2820273899999
3109,56.38554284999999
3110,57.36241027999999
3111,178.56
3112,178.56
3113,59.34621665
3114,58.84329744999999
3115,58.68182158999999
3116,59.16347451000001
3117,58.17938245000001
3118,56.94794056000001
3119,55.51614313000001
3120,53.82798903999998
3121,52.05054155000001
3122,51.91527088999999
3123,52.03659076
3124,51.10054634999999
3125,49.85280559
3126,49.51942604000001
3127,49.31775568999998
3128,49.24341821000002
3129,48.94991275999999
3130,48.90781266
3131,178.56
3132,164.5791489100002
3133,48.17867838
3134,46.98463217
3135,178.56
3136,178.56
3137,48.20862885999999
3138,48.76823259000001
3139,49.20199164999999
3140,49.65741466
3141,49.50712865
3142,49.78619582999999
3143,50.47277165
3144,50.89413524999999
3145,50.61772547999999
3146,50.66176220000002
3147,49.39905781999998
3148,49.06615406
3149,47.74934478999999
3150,47.09662054999999
3151,47.034218
3152,46.98552123999998
3153,47.46930524
3154,178.56
3155,178.56
3156,89.28665581000058
3157,48.45641724
3158,49.16601710999999
3159,178.56
3160,178.56
3161,64.11482692999999
3162,65.31645714999999
3163,53.25927620999999
3164,52.45225782999999
3165,52.98331898999999
3166,52.38979696999999
3167,52.89254823999999
3168,53.77152143999999
3169,52.53671968999999
3170,50.05492575999998
3171,51.76614120999999
3172,52.66113048
3173,51.49773096999999
3174,51.72406385999999
3175,51.22514886999999
3176,50.84827734
3177,49.4988711
3178,178.56
3179,178.56
3180,99.18176219000036
3181,52.73936248
3182,53.80072382999998
3183,178.56
3184,178.56
3185,55.38338596000001
3186,55.34988473
3187,59.66452114000001
3188,60.40995197999999
3189,58.84840940999999
3190,58.71578299999998
3191,57.99377317999997
3192,56.97192452
3193,55.57583254999999
3194,54.66111728
3195,56.24217626999999
3196,56.73258276000001
3197,55.55711945
3198,55.31234113999998
3199,54.92004454999999
3200,54.60259259000001
3201,53.79010692999999
3202,178.56
3203,178.56
3204,121.8535364299996
3205,55.31811844999999
3206,55.88021103000001
3207,178.56
3208,178.56
3209,55.16491134
3210,53.49177154999998
3211,55.18119628000001
3212,55.69431706999998
3213,55.00249076
3214,53.85133354999999
3215,53.83338589999999
3216,53.40869771999999
3217,51.70689034000001
3218,51.05900562
3219,50.94326740999999
3220,50.61477798999999
3221,51.13097969000001
3222,51.09923455
3223,50.91938110000001
3224,50.87486844999999
3225,50.53885921000001
3226,178.56
3227,178.56
3228,83.25400082000014
3229,52.52709966
3230,52.91414547999999
3231,178.56
3232,178.56
3233,53.84025499999999
3234,54.69037931000002
3235,54.59289073000001
3236,54.23655286000002
3237,53.63651111000001
3238,53.29870468999999
3239,54.66211162999999
3240,55.11938214999999
3241,54.592825
3242,53.80693100999999
3243,52.50451941000001
3244,51.83422776
3245,51.59082348
3246,51.50404945
3247,51.35630395
3248,51.03523355000001
3249,50.62746038000002
3250,178.56
3251,178.56
3252,78.62227997000058
3253,49.82588785999999
3254,50.94430614
3255,178.56
3256,178.56
3257,52.05775623999999
3258,52.16873214
3259,53.74155282999999
3260,53.51683372
3261,52.85906759
3262,53.47446958000001
3263,54.16687311
3264,54.31704172999999
3265,55.60696673
3266,52.29565102999999
3267,52.01559531
3268,53.19563858
3269,54.2395469
3270,53.19214648999999
3271,52.70005755
3272,52.80815841
3273,53.13075593000001
3274,178.56
3275,178.56
3276,122.3418568100005
3277,55.80768493999999
3278,55.60894037999999
3279,178.56
3280,178.56
3281,57.72700955
3282,58.17647702999999
3283,57.41573669999998
3284,57.55661372999999
3285,53.17297076000002
3286,52.58963731
3287,52.08499764999998
3288,54.48980341
3289,55.28292496999999
3290,55.43088607
3291,55.58806189999999
3292,53.65237716999999
3293,55.94527645000001
3294,56.04484116
3295,55.91557712999999
3296,55.99908986000001
3297,56.18973479000001
3298,178.56
3299,178.56
3300,140.9001260200002
3301,56.83671182
3302,56.64389730999998
3303,178.56
3304,178.56
3305,55.01463359
3306,57.73287995999998
3307,58.46439850999999
3308,58.46215955999999
3309,58.02435583
3310,53.51869411000001
3311,53.69298906999999
3312,55.30826252
3313,54.71818058
3314,54.20337748
3315,54.37410496
3316,55.30143472
3317,53.09276000000002
3318,51.7140533
3319,52.11329164999999
3320,51.80459214
3321,51.83243303
3322,178.56
3323,178.56
3324,71.06680030999962
3325,45.53298385999999
3326,47.02888211
3327,178.56
3328,178.56
3329,52.54783561999999
3330,54.52716514
3331,53.64078475
3332,52.61185307
3333,50.78409679
3334,50.94394164999999
3335,51.63998944999998
3336,52.79136288999998
3337,52.11560668999999
3338,52.77428401
3339,51.843526
3340,51.45413105
3341,50.49919475999999
3342,50.87962999000001
3343,51.96203824
3344,51.69840879
3345,51.52864296999999
3346,178.56
3347,178.56
3348,74.6477327099997
3349,53.54437234999999
3350,50.62601333999999
3351,178.56
3352,178.56
3353,52.13668124
3354,50.37925228
3355,51.22978685999998
3356,50.78446309999999
3357,49.52994682999999
3358,48.11349935
3359,48.99722106999999
3360,50.76754696999998
3361,50.91761527999999
3362,51.63342589999998
3363,52.30460185999998
3364,51.89259418
3365,51.39393475999999
3366,51.70658521
3367,50.54680378999999
3368,178.56
3369,178.56
3370,178.56
3371,178.56
3372,73.55245454000027
3373,51.94205288999999
3374,50.9075259
3375,51.94157723999999
3376,54.76487758
3377,54.87577662
3378,55.11482928
3379,55.20339734
3380,56.18804099999998
3381,57.37758109999999
3382,57.14377732
3383,56.22893297
3384,56.13206003999999
3385,54.41480134999999
3386,56.70433776
3387,54.61188131
3388,55.45941344999999
3389,55.81984303
3390,55.78963782
3391,57.44787789999999
3392,56.78500352
3393,57.01060603000001
3394,178.56
3395,178.56
3396,165.4940334599998
3397,57.87061622999999
3398,56.64407727999998
3399,178.56
3400,178.56
3401,57.23118177
3402,56.73680866
3403,57.82065310000002
3404,58.17515416999998
3405,58.63773852999999
3406,58.30796503000001
3407,55.60666993
3408,54.30587617
3409,53.50383906
3410,54.86532120999998
3411,54.70040632
3412,55.72798973
3413,55.90279807000001
3414,57.84538375
3415,56.86727200000001
3416,178.56
3417,178.56
3418,178.56
3419,178.56
3420,172.6189525700006
3421,65.44559434
3422,63.46768861999999
3423,58.86675283999998
3424,57.32487089
3425,56.72593297000001
3426,58.37744709999998
3427,59.25577931
3428,57.04517903000001
3429,56.04689251000001
3430,53.55013530999999
3431,52.91759886000001
3432,50.83220121
3433,49.60479027000001
3434,49.82798099999999
3435,50.03661789000002
3436,50.93581723999999
3437,50.38056358999998
3438,50.37923302999999
3439,49.74028066000001
3440,178.56
3441,178.56
3442,178.56
3443,178.56
3444,63.84455793000033
3445,54.34399068
3446,52.25810526999999
3447,49.69091911
3448,51.23504442
3449,49.57306865
3450,53.11334181999999
3451,56.12539554999999
3452,53.90930278999998
3453,51.76605252
3454,50.39205703
3455,50.00204531
3456,50.24250924
3457,49.39499186999998
3458,50.68096096
3459,51.32264690000001
3460,51.57648363
3461,50.85621876999999
3462,50.96225224999999
3463,50.67208327999999
3464,49.91121331
3465,178.56
3466,178.56
3467,178.56
3468,172.1199277900001
3469,48.73764700000002
3470,49.59760155
3471,51.13928917999999
3472,49.90530502999999
3473,48.08596849000001
3474,47.75940371999999
3475,48.66465995999998
3476,48.23614845000001
3477,49.05187896000001
3478,50.07953951
3479,50.51738076000001
3480,50.17800892999999
3481,47.94698089999999
3482,45.11750607
3483,45.15738507
3484,46.07827237999999
3485,49.39901911000001
3486,48.77855752
3487,50.11167721
3488,46.81147583
3489,178.56
3490,178.56
3491,178.56
3492,135.5431437100005
3493,44.95592044999999
3494,45.23224034
3495,46.15012493
3496,45.53029376
3497,45.60053560999999
3498,46.86702495999999
3499,47.15607623999999
3500,47.82794541000001
3501,49.98457988999999
3502,49.90095173
3503,51.000145
3504,52.27084338
3505,51.62912068999999
3506,50.85803548
3507,50.8116749
3508,50.04916258999999
3509,50.46516041
3510,50.74408486
3511,48.68232621
3512,48.52975617
3513,48.79157472
3514,178.56
3515,178.56
3516,176.69927177
3517,48.67769010999999
3518,47.16871432
3519,178.56
3520,53.97044226000001
3521,54.54975876
3522,51.89848783
3523,49.98610841000001
3524,53.81528572000001
3525,53.37822686
3526,52.07206872
3527,50.29002516999999
3528,52.18881303999999
3529,50.86946403
3530,54.86054657999999
3531,52.92958502999998
3532,52.53451763
3533,52.36025879
3534,51.59696276000002
3535,51.76422601
3536,51.49548872999998
3537,50.44173637999999
3538,178.56
3539,178.56
3540,76.68309401000036
3541,49.38796338
3542,51.78506893000001
3543,178.56
3544,178.56
3545,54.33988244999999
3546,53.30594535000001
3547,55.55495427999999
3548,55.35130741
3549,53.67046762
3550,54.10271306999999
3551,54.11176652
3552,55.04435803999998
3553,55.46782667999999
3554,56.48167909999999
3555,56.56491035999998
3556,57.90608879999998
3557,57.13259062000001
3558,55.88719752
3559,52.85803642
3560,178.56
3561,178.56
3562,178.56
3563,178.56
3564,89.05770637000045
3565,52.56151803000002
3566,51.65280841
3567,51.53088458
3568,54.00432295999999
3569,54.34871161999999
3570,53.19552763
3571,53.50097864999999
3572,53.50138213
3573,51.36467721
3574,53.0278189
3575,54.00157952000001
3576,54.81222859
3577,55.64610793000001
3578,56.85546363
3579,57.0067099
3580,57.55822786
3581,57.65739763
3582,56.49927100999999
3583,56.19657637999997
3584,178.56
3585,178.56
3586,178.56
3587,178.56
3588,111.7166406500005
3589,53.05511379
3590,54.51181917999999
3591,55.86662711
3592,55.35323493000001
3593,55.97928966000001
3594,56.99388617999999
3595,56.44101799
3596,56.40441127999998
3597,55.89905250999998
3598,55.76832576
3599,55.11084138
3600,55.65106623999999
3601,56.48009562999997
3602,57.60626368000001
3603,57.75340396000001
3604,56.07387324000001
3605,55.23587488999998
3606,55.19332455000001
3607,54.57808720000001
3608,52.42454434000001
3609,51.85756072
3610,178.56
3611,178.56
3612,159.4505122100004
3613,55.93560735
3614,59.22470651999999
3615,178.56
3616,178.56
3617,62.44983045
3618,61.02989136999999
3619,59.39358298999998
3620,60.64305541
3621,61.01213600999998
3622,61.08455941
3623,59.82565406999998
3624,58.99869289999999
3625,57.76050223999999
3626,57.26987672
3627,55.60492455
3628,53.86446156000002
3629,53.20618107000001
3630,51.76420633999999
3631,52.03326289
3632,51.84024286000002
3633,51.6784079
3634,178.56
3635,178.56
3636,99.59914101000065
3637,53.44185987
3638,53.82574925
3639,178.56
3640,178.56
3641,54.54326541999999
3642,53.59564469
3643,53.08294628000001
3644,53.29517654999999
3645,52.95962902999999
3646,53.46535823999999
3647,52.89118737
3648,52.06846176000001
3649,53.06201403999999
3650,52.89337676000001
3651,51.18882012999999
3652,49.55240997000001
3653,50.67513941000001
3654,49.85989456000001
3655,49.85329055
3656,49.36389765999999
3657,48.39117485999999
3658,178.56
3659,178.56
3660,74.72023305000018
3661,49.69275437
3662,51.55548026999999
3663,178.56
3664,178.56
3665,55.78458214000001
3666,57.66378568999998
3667,57.84927162
3668,57.32245644999997
3669,56.07576806999998
3670,55.06783163
3671,55.58706048
3672,55.74667538999999
3673,56.22979355
3674,54.78824434999997
3675,54.17036303
3676,53.54858145
3677,52.99828121
3678,52.86933652
3679,52.47090533999999
3680,51.68863084
3681,54.37869541999999
3682,178.56
3683,178.56
3684,137.8623170199998
3685,60.97756721
3686,53.98239272999999
3687,178.56
3688,178.56
3689,56.74110211000001
3690,56.54505304000001
3691,56.22102947999999
3692,56.75973995999998
3693,54.19414476
3694,53.97248010000001
3695,54.28604369999999
3696,54.75422218
3697,53.69972768999998
3698,53.85064061999999
3699,55.28332151999999
3700,56.11635134000001
3701,55.93929635000001
3702,55.51408127999999
3703,55.61473826999999
3704,54.97142188999999
3705,54.67399007000001
3706,178.56
3707,178.56
3708,118.0969218800008
3709,52.70206829999999
3710,52.09951151999999
3711,178.56
3712,178.56
3713,54.8153571
3714,56.93911279
3715,57.5274371
3716,56.94120320000001
3717,56.51112663
3718,56.54025104
3719,56.98846083
3720,56.61682628
3721,56.38902955
3722,56.94339706999999
3723,57.89072106999999
3724,58.12487114
3725,57.35170721000001
3726,56.75842633999999
3727,56.71298968999999
3728,54.10566020999999
3729,52.50418124000002
3730,178.56
3731,178.56
3732,159.2639195640003
3733,57.84186954
3734,56.97928334
3735,178.56
3736,178.56
3737,54.04553686000001
3738,55.39965213999999
3739,54.69630098100001
3740,56.54935069
3741,56.69928810000003
3742,56.98736449
3743,57.93096665999999
3744,57.579146695
3745,57.04817467999998
3746,56.27796276549999
3747,55.88389569
3748,55.47532620000001
3749,52.63989749549999
3750,51.96443196000001
3751,51.1545909
3752,46.84540686699999
3753,28.06830825399999
3754,26.50360999999999
3755,178.56
3756,46.8817609048004
3757,26.57080999999999
3758,25.1957627012
3759,178.56
3760,178.56
3761,45.29926067799999
3762,45.12695369
3763,45.11906699999999
3764,45.141621
3765,45.13304124
3766,45.09368731
3767,45.23851738
3768,45.53034031
3769,45.17523745
3770,45.130904
3771,45.1795351
3772,45.19700731
3773,45.231676
3774,45.24212693
3775,45.314962
3776,45.38156000000001
3777,45.15691831000001
3778,178.56
3779,178.56
3780,91.92520515000045
3781,53.95760531
3782,53.18523706999999
3783,178.56
3784,178.56
3785,56.00988365
3786,56.02520027999999
3787,60.62363286
3788,62.29806771999998
3789,63.89347489
3790,58.61473296000001
3791,58.65009493000001
3792,58.45822948000001
3793,58.08177172000001
3794,58.21133024
3795,58.41639993
3796,58.00251751
3797,58.30573664999999
3798,57.19293712999999
3799,55.37496131999999
3800,55.53034024999999
3801,54.95342306999999
3802,178.56
3803,178.56
3804,139.7999003
3805,55.00072445000001
3806,54.60719613999999
3807,178.56
3808,178.56
3809,54.85370289000001
3810,55.49631276000001
3811,56.38362736999999
3812,57.18023709999999
3813,56.89789742
3814,57.43037006
3815,56.57758854999999
3816,57.38441324
3817,56.87702993
3818,56.24528944999998
3819,56.05611914000001
3820,56.18108313999997
3821,55.25961727999999
3822,54.42868829999998
3823,54.35530029999999
3824,53.73819024
3825,52.35128465
3826,178.56
3827,178.56
3828,130.7185659399999
3829,54.93886797
3830,55.10138214000001
3831,178.56
3832,178.56
3833,55.19540355
3834,55.67200064999999
3835,56.42128107
3836,55.60707579
3837,56.25959275999999
3838,56.04036675999999
3839,56.24056011000001
3840,56.11583803000001
3841,55.68876614000002
3842,55.00430565
3843,53.93294641000001
3844,54.57560731000002
3845,54.85878006000002
3846,53.78607234
3847,54.81583821
3848,54.21772097000001
3849,54.80992048
3850,178.56
3851,178.56
3852,85.47493314999942
3853,49.60956867999999
3854,49.84120385999999
3855,178.56
3856,178.56
3857,51.17433517
3858,51.58335252
3859,51.67520624000002
3860,51.48885903000001
3861,51.45166061
3862,51.64433442
3863,52.37975448999999
3864,53.52324865999999
3865,52.98824810999999
3866,53.29364831
3867,53.20768355
3868,53.77059876999999
3869,53.54924154999998
3870,53.28670214
3871,53.27691656
3872,53.28679062
3873,52.7656738
3874,178.56
3875,178.56
3876,54.54342161999963
3877,49.576408
3878,49.68989921
3879,178.56
3880,178.56
3881,47.83464021
3882,48.26675749
3883,48.23194620999999
3884,48.00224807000001
3885,47.97957717000001
3886,48.04170909999999
3887,48.39895683
3888,49.74149557999999
3889,48.88168334
3890,48.11062431
3891,48.07504309999999
3892,47.79881113
3893,47.68633366
3894,47.49902310999999
3895,47.69739288999999
3896,47.96219007999999
3897,47.73010375
3898,47.63133234999999
3899,178.56
3900,152.3416227399998
3901,47.95140034999999
3902,48.22843949000001
3903,178.56
3904,178.56
3905,48.68497732
3906,48.91856172
3907,48.71101473
3908,48.56953269000001
3909,48.92737030999999
3910,49.29213772
3911,49.210896
3912,50.65843740999998
3913,50.06786834
3914,49.02733485999997
3915,48.41148186000001
3916,48.32166738
3917,48.21262900999999
3918,47.92529483000001
3919,47.48292255
3920,47.65295696
3921,48.32285024
3922,47.57563524000001
3923,178.56
3924,169.7327070800002
3925,49.70227724
3926,49.22181606999999
3927,178.56
3928,178.56
3929,52.67986464999998
3930,51.65691223
3931,51.86950321
3932,50.89447062
3933,51.16884065999999
3934,51.1538188
3935,50.44102210000001
3936,50.79973226999999
3937,50.47773961999999
3938,50.47542289999999
3939,49.88449213999998
3940,49.52846289999999
3941,49.42581455
3942,48.41647706
3943,48.00516308
3944,48.40563224
3945,47.93215217
3946,178.56
3947,178.56
3948,177.8464799200002
3949,51.81310372000001
3950,51.93793941
3951,178.56
3952,50.93941496000001
3953,50.75951061999999
3954,50.21259873
3955,49.88095238
3956,50.23917486
3957,49.63351085
3958,49.32861002999999
3959,49.58370416999999
3960,50.21199169
3961,49.63761852
3962,49.89461183
3963,49.74976720000002
3964,49.2690751
3965,49.12980086
3966,49.47368775999999
3967,49.13488048
3968,49.21859858999998
3969,48.81847389999998
3970,48.55499859
3971,178.56
3972,158.05673839
3973,48.402697
3974,47.98599203999998
3975,178.56
3976,178.56
3977,48.02988624
3978,48.18603537999999
3979,48.08651869000001
3980,48.24500289
3981,48.26332245
3982,48.27622547999999
3983,47.92753678999999
3984,48.54424862
3985,47.03871452
3986,47.00395461999999
3987,47.05207254999999
3988,47.02729724
3989,47.05621605999999
3990,47.30308310000001
3991,47.32686916999999
3992,47.35902318
3993,47.23381348
3994,47.09831300999998
3995,178.56
3996,152.1304074600001
3997,48.19056234999999
3998,48.19825556000001
3999,178.56
4000,178.56
4001,48.84847344999999
4002,48.99676817
4003,49.33335414
4004,49.62561358999999
4005,49.89536335
4006,49.76078499
4007,51.30049630999999
4008,51.3322649
4009,51.27235365000001
4010,50.64328353000001
4011,51.64822844999998
4012,50.82609252
4013,49.75357799999999
4014,49.353157
4015,49.36280076000001
4016,48.82979927
4017,48.94726963
4018,49.23845066000001
4019,178.56
4020,166.2645197700005
4021,48.42228061999999
4022,48.54796331
4023,178.56
4024,178.56
4025,50.05383138
4026,49.36703555
4027,49.01318835000001
4028,47.47169266
4029,47.62419661999999
4030,47.68050210000001
4031,47.75716147999999
4032,48.27875269
4033,46.69467817
4034,46.60527501000001
4035,47.23761692999999
4036,47.54342796000001
4037,47.60086352
4038,47.28516828
4039,47.16311564999999
4040,46.72313128
4041,178.56
4042,178.56
4043,178.56
4044,149.9647770200003
4045,46.52995417
4046,47.15102965999998
4047,51.74735734
4048,52.49214572000001
4049,52.97256734
4050,53.15800252
4051,51.85441044
4052,51.75502234
4053,52.10231165999999
4054,48.34798948000001
4055,47.66288792999999
4056,47.06738847999999
4057,46.14392327999999
4058,47.38895441
4059,48.09272811
4060,47.89257172
4061,48.14838448
4062,47.42692563000001
4063,47.92189968999999
4064,48.13143488999999
4065,178.56
4066,178.56
4067,178.56
4068,165.9992516000003
4069,48.07465138
4070,48.49419182999998
4071,49.87892658000001
4072,50.65923828
4073,51.78530413000001
4074,52.20040496999999
4075,51.73251964999999
4076,51.17400638
4077,52.03175313000001
4078,51.87425516000001
4079,52.64943432000002
4080,55.05259648000001
4081,54.15233334000001
4082,54.8045169
4083,55.32911076
4084,55.94695133999999
4085,55.49990816999998
4086,55.37730267999999
4087,54.00305189999999
4088,178.56
4089,178.56
4090,178.56
4091,178.56
4092,105.2658277600002
4093,52.11804941
4094,52.56099772000001
4095,52.91418958000001
4096,53.81839371999998
4097,54.34658166000001
4098,55.73665586999999
4099,56.64648051999999
4100,56.25590305999997
4101,55.31362235
4102,54.57141158000001
4103,55.01810747999998
4104,56.10403190000001
4105,55.07674459
4106,54.75523669
4107,54.38606634999999
4108,54.29383868999999
4109,53.95775231
4110,53.85986444999998
4111,54.09801802999997
4112,178.56
4113,178.56
4114,178.56
4115,178.56
4116,107.3032270600003
4117,54.47219665999999
4118,55.04419704
4119,53.20178506999999
4120,53.48621607
4121,51.0031641
4122,51.82266781999999
4123,52.38812396999999
4124,52.6420111
4125,52.66697765
4126,51.14978862
4127,52.23735601
4128,53.17954572000001
4129,52.74477348000001
4130,53.44895709999999
4131,53.50203025999998
4132,53.25695654999999
4133,53.02841362000001
4134,52.80355269000002
4135,52.27650609999998
4136,178.56
4137,178.56
4138,178.56
4139,178.56
4140,103.84250909
4141,55.18229023999999
4142,54.67842141999999
4143,54.10591935
4144,53.94600882999998
4145,53.81230413999999
4146,53.66822943999998
4147,53.59456003999999
4148,53.94153996000001
4149,53.89733531
4150,53.79653552
4151,53.51114097
4152,53.04869689
4153,52.78524958000001
4154,52.81994416999999
4155,52.76742317
4156,52.29728014000001
4157,51.07002151999999
4158,51.13419233999998
4159,50.64741703000001
4160,178.56
4161,178.56
4162,178.56
4163,178.56
4164,79.73669715999993
4165,51.40356696999999
4166,52.25985141999998
4167,52.36261323999999
4168,52.81349233999999
4169,53.63356117000001
4170,54.15240606999999
4171,53.48008589000001
4172,53.76292557999999
4173,53.37391485999999
4174,54.96026241999999
4175,54.95032158000001
4176,56.07728664999998
4177,55.58928165
4178,55.73521625
4179,56.44699661999999
4180,56.12186950999998
4181,55.88113531000001
4182,54.56469647999999
4183,54.17986937999999
4184,178.56
4185,178.56
4186,178.56
4187,178.56
4188,129.9911860100008
4189,55.92557109999998
4190,55.47072594000001
4191,56.43504048
4192,56.14867103999998
4193,55.91481483
4194,56.12927851999999
4195,55.85782047999999
4196,55.73335578999999
4197,55.21316247999999
4198,55.14762876
4199,56.06310038000001
4200,56.72169979
4201,56.63712312999999
4202,56.54923400000001
4203,56.16692213999998
4204,55.92875399999999
4205,55.85102852
4206,55.88950765999999
4207,55.50488482
4208,178.56
4209,178.56
4210,178.56
4211,178.56
4212,141.8059125900002
4213,56.18449704
4214,55.44459564
4215,57.20211483000001
4216,56.47861597
4217,56.11170327
4218,56.04917255
4219,54.58298285999999
4220,53.16712548
4221,53.99199427999999
4222,55.44638848
4223,55.52820776999999
4224,55.23878296999999
4225,55.40014479999999
4226,54.06944892999999
4227,53.24733939000001
4228,52.80165583
4229,52.86525006
4230,52.52920161999999
4231,52.42745221000001
4232,178.56
4233,178.56
4234,178.56
4235,178.56
4236,81.59018988000032
4237,51.57473741
4238,51.63091444000001
4239,51.86298564999998
4240,51.78510666
4241,51.96358503
4242,51.98280248
4243,51.76729830999999
4244,51.27490179
4245,51.52981673
4246,50.45609540999999
4247,49.16418240999999
4248,50.55171575999999
4249,51.12258921000002
4250,51.32845431
4251,51.26720669
4252,51.25649668999999
4253,51.22848731
4254,51.48426037999999
4255,51.287775
4256,178.56
4257,178.56
4258,178.56
4259,178.56
4260,74.5355063399999
4261,51.42230331
4262,51.43728569
4263,51.45919799999999
4264,51.62356037999999
4265,51.61128462000001
4266,51.74353799999999
4267,52.02899569
4268,51.59416969
4269,52.79610735000001
4270,52.9182997
4271,53.25277971999999
4272,53.72511662000002
4273,53.54985978999999
4274,53.48519904
4275,52.84231883
4276,52.32204802999998
4277,52.46151344000001
4278,52.28244245000001
4279,52.32499117999998
4280,178.56
4281,178.56
4282,178.56
4283,178.56
4284,111.5724444600002
4285,54.47663613
4286,55.47721851000001
4287,54.24829234999999
4288,53.35452122000001
4289,52.89115321000001
4290,53.20584528
4291,54.47584995999998
4292,53.84318561999999
4293,54.87705783000001
4294,56.05704972000001
4295,57.83181607
4296,57.97608137999999
4297,56.45933047999999
4298,56.11428641
4299,55.79919582999998
4300,56.18578020999999
4301,55.55160072
4302,56.10171965999999
4303,55.99812134
4304,178.56
4305,178.56
4306,178.56
4307,178.56
4308,142.5077079100008
4309,56.45091640999998
4310,54.84707697000001
4311,56.41930735
4312,55.5178099
4313,55.22065996999999
4314,54.31993203000002
4315,55.30647478999999
4316,54.78936141
4317,53.34850493
4318,52.88878259
4319,53.06027999999999
4320,52.66246558999999
4321,52.36842289
4322,51.81866185999999
4323,51.81611442000001
4324,51.92919437999998
4325,51.87515858
4326,51.76582390000001
4327,51.64153770999999
4328,178.56
4329,178.56
4330,178.56
4331,178.56
4332,99.82030108000038
4333,53.79433982999998
4334,53.57529323999999
4335,53.49802975999999
4336,53.98363613999999
4337,53.14196818000002
4338,53.53181147999999
4339,54.1288629
4340,55.52925517999999
4341,55.43310072999999
4342,56.15299150999999
4343,56.84506057999999
4344,57.97946945000001
4345,56.47385785999999
4346,55.29957587
4347,53.55595497000001
4348,53.7882821
4349,53.45224773
4350,53.48130689999999
4351,53.04989423999999
4352,178.56
4353,178.56
4354,178.56
4355,178.56
4356,111.4849950400007
4357,53.62460606999999
4358,53.63042517
4359,55.36371420999998
4360,55.76197655000001
4361,56.22271241999999
4362,56.82528179999999
4363,57.37710740999999
4364,56.71166676000001
4365,56.74412778999999
4366,55.02676410000001
4367,54.57707766
4368,53.77221465
4369,53.16149692
4370,53.61881882000001
4371,54.33175496
4372,53.49683786999999
4373,53.06873607000002
4374,50.75953631
4375,49.19471011
4376,49.00407672999999
4377,49.20095802999999
4378,51.36606327999998
4379,52.67687866000001
4380,53.75892710999999
4381,91.33727150000001
4382,178.56
4383,178.56
4384,178.56
4385,178.56
4386,53.88768041999999
4387,53.43242302999999
4388,50.87568226999999
4389,50.70573683000001
4390,50.26988372
4391,49.92689366
4392,50.13848279999999
4393,50.30128151999999
4394,50.66155752
4395,49.91436771999999
4396,50.60361312999999
4397,49.83594252
4398,50.15993716999998
4399,49.55401709999999
4400,49.68496196999999
4401,49.39178999999999
4402,49.41419
4403,178.56
4404,173.8642108499999
4405,49.48138999999999
4406,49.50379
4407,178.56
4408,178.56
4409,49.57098999999999
4410,49.59339
4411,49.61579
4412,49.63818999999999
4413,49.66058999999999
4414,49.68299
4415,49.70538999999999
4416,49.72778999999999
4417,49.22939
4418,49.25179
4419,49.27419
4420,49.29658999999999
4421,49.31898999999999
4422,49.32459
4423,49.34699
4424,49.36939
4425,49.39178999999999
4426,49.41419
4427,178.56
4428,171.1626
4429,49.48138999999999
4430,49.50379
4431,178.56
4432,178.56
4433,49.57098999999999
4434,49.59339
4435,49.61579
4436,49.63818999999999
4437,49.66058999999999
4438,49.68299
4439,49.70538999999999
4440,49.72778999999999
4441,49.22939
4442,49.25179
4443,49.27419
4444,49.29658999999999
4445,49.31898999999999
4446,49.32459
4447,49.34699
4448,49.36939
4449,178.56
4450,178.56
4451,178.56
4452,170.8937999999999
4453,49.48138999999999
4454,49.50379
4455,49.52619
4456,49.54859
4457,49.57098999999999
4458,49.59339
4459,49.61579
4460,49.63818999999999
4461,49.66058999999999
4462,49.68299
4463,49.70538999999999
4464,49.72778999999999
4465,49.22939
4466,49.25179
4467,49.27419
4468,49.29658999999999
4469,49.31898999999999
4470,49.32459
4471,49.34699
4472,49.36939
4473,178.56
4474,178.56
4475,178.56
4476,170.8937999999999
4477,49.48138999999999
4478,49.50379
4479,49.52619
4480,49.54859
4481,49.57098999999999
4482,49.59339
4483,49.61579
4484,49.63818999999999
4485,49.66058999999999
4486,49.68299
4487,49.70538999999999
4488,49.72778999999999
4489,49.22939
4490,49.25179
4491,49.27419
4492,49.29658999999999
4493,49.31898999999999
4494,49.32459
4495,49.34699
4496,49.36939
4497,178.56
4498,178.56
4499,178.56
4500,171.1204879800003
4501,49.48138999999999
4502,49.50379
4503,49.53584062
4504,49.73811261999999
4505,49.76520976
4506,49.784658
4507,49.76824999999999
4508,49.67987262
4509,49.65106768999999
4510,49.62536830999999
4511,49.60113199999999
4512,49.649327
4513,49.162631
4514,49.21806407
4515,49.442281
4516,49.19951869
4517,49.21999369
4518,49.23788799999999
4519,49.24825037999999
4520,178.56
4521,178.56
4522,178.56
4523,178.56
4524,77.98429271800067
4525,54.21129454999999
4526,55.17835617000001
4527,53.27616699999998
4528,51.310991872
4529,54.22176382000001
4530,53.13549261999999
4531,54.12408798999999
4532,54.04392455000001
4533,52.88242407000001
4534,51.59646547999998
4535,51.70685149
4536,52.3546702
4537,52.74993317999998
4538,53.49887921000001
4539,53.09811247999999
4540,53.07331133999998
4541,53.65360196
4542,53.58225362
4543,53.21028537999999
4544,53.05943523999999
4545,52.94449314
4546,178.56
4547,178.56
4548,114.7443646699996
4549,56.64690730999997
4550,54.21405947999999
4551,178.56
4552,178.56
4553,57.26190420999999
4554,56.85087141999998
4555,55.41707206
4556,54.80116761
4557,52.67503723999999
4558,52.71289778999999
4559,53.35413797
4560,53.57008979
4561,50.28806243999999
4562,49.31051594
4563,49.33060594000001
4564,50.16576662999999
4565,49.71097180000001
4566,49.39948601
4567,49.04289145
4568,178.56
4569,178.56
4570,178.56
4571,178.56
4572,78.42126201000079
4573,55.73897447999998
4574,54.86134745
4575,53.78667706999998
4576,53.79806606999999
4577,55.35035071999999
4578,55.30383844999999
4579,56.25904193000001
4580,55.03789249000001
4581,54.73121884999998
4582,53.48047635000001
4583,53.08936003000001
4584,52.89610878999999
4585,52.07405245
4586,53.72705526999999
4587,53.19064114000001
4588,53.15364872999999
4589,52.04725385999999
4590,51.01722912999999
4591,49.97269234999999
4592,178.56
4593,178.56
4594,178.56
4595,178.56
4596,84.23179912999993
4597,56.28118327999999
4598,55.69492354999999
4599,54.51655943999999
4600,54.50821151999999
4601,53.63620863999999
4602,53.47252189999999
4603,53.5334989
4604,53.40567218
4605,52.97115397
4606,52.31790396
4607,53.03209786000001
4608,52.73338293999998
4609,51.47568551999999
4610,50.88729540999998
4611,50.55867908
4612,49.99095031000002
4613,49.68918016999999
4614,49.45638788999999
4615,48.76019799
4616,46.23284652
4617,178.56
4618,178.56
4619,178.56
4620,165.0534091299994
4621,50.65651345999999
4622,50.61895573000001
4623,50.44177095999999
4624,51.23545469
4625,50.55022441000002
4626,49.1013341
4627,48.71445362000001
4628,49.74293639
4629,48.75329927999999
4630,48.94009392999999
4631,48.37911679999999
4632,48.57535641
4633,47.77275516999999
4634,47.68602062
4635,47.47739486
4636,47.76693347999999
4637,47.99623254999999
4638,47.68980335
4639,47.77639573
4640,47.93393031
4641,178.56
4642,178.56
4643,178.56
4644,161.5307867999998
4645,49.19435996999999
4646,50.03496169000001
4647,49.87902955000001
4648,49.5618599
4649,50.28516465000001
4650,50.51105073
4651,50.24967961999999
4652,49.95668783
4653,49.77626969
4654,49.76353172
4655,49.65164435000002
4656,47.64678793
4657,46.62799624
4658,46.79744047999999
4659,46.90916097
4660,46.62361255999998
4661,46.48675016999999
4662,46.48185276
4663,46.19114534999999
4664,46.76845852
4665,178.56
4666,178.56
4667,178.56
4668,138.22742267
4669,47.78864776
4670,48.67988986
4671,49.04622337999999
4672,49.48326803
4673,49.02205651000001
4674,49.03724427
4675,49.00856877
4676,48.78895707
4677,49.09707795999999
4678,48.49141507000001
4679,48.15525175999999
4680,47.76334023999998
4681,48.47371214000001
4682,48.54785586000001
4683,49.00276535
4684,47.04641921000002
4685,47.21627385999999
4686,44.91297818
4687,44.93834751000001
4688,44.63364493000001
4689,178.56
4690,178.56
4691,178.56
4692,134.9704887500005
4693,47.29515693000001
4694,47.82847047999999
4695,48.84863004000002
4696,49.51073869
4697,49.43300572000001
4698,49.67151252000001
4699,47.69370179
4700,48.9681927
4701,48.51362138
4702,48.85174049
4703,47.32045255000001
4704,47.40978452
4705,61.83621115000001
4706,62.3935039
4707,63.14214221000001
4708,61.8614192
4709,60.86269713999999
4710,61.67986530999998
4711,61.90220876
4712,178.56
4713,178.56
4714,178.56
4715,178.56
4716,106.0860844900003
4717,59.80861355
4718,58.51331247999999
4719,59.40111547999999
4720,60.61136935
4721,60.13349964999998
4722,59.90944840999999
4723,178.56
4724,61.15380579000001
4725,60.78453262000001
4726,59.40584055
4727,62.23738017
4728,64.21537479000001
4729,63.56760682999999
4730,62.79757372
4731,63.18708500999999
4732,62.18268832999999
4733,62.46942996
4734,62.10613765999999
4735,61.17022078999999
4736,178.56
4737,178.56
4738,178.56
4739,178.56
4740,94.45800723000042
4741,61.01936197000001
4742,61.25492317
4743,59.79556100000001
4744,58.50598376000001
4745,58.66813869000001
4746,58.55324748000001
4747,178.56
4748,57.32736863
4749,57.07161873
4750,56.40879552
4751,57.48096199999999
4752,57.86446652000001
4753,58.31423002999999
4754,59.08902306999998
4755,59.52932747999999
4756,59.57672707
4757,59.63033783
4758,60.20359639000001
4759,60.08128707
4760,59.64379175999999
4761,58.63475086
4762,178.56
4763,178.56
4764,178.56
4765,58.90391492999998
4766,58.25035796999998
4767,178.56
4768,178.56
4769,73.48286073000071
4770,59.12836152999999
4771,60.00012235000001
4772,59.94000417999998
4773,59.84844347999999
4774,60.05122899999999
4775,60.67276656000001
4776,60.55197210999999
4777,60.10460813
4778,59.35403179999998
4779,58.90046785000001
4780,59.07699657999998
4781,59.45685703999999
4782,58.85401703999999
4783,57.9783148
4784,178.56
4785,178.56
4786,178.56
4787,178.56
4788,176.3303454300008
4789,58.16625493
4790,58.44501425000001
4791,58.45411915
4792,57.54220009999998
4793,58.36070393999999
4794,59.63117083
4795,60.74011768999999
4796,60.45503057999998
4797,59.65930648999999
4798,60.29973404
4799,59.81952913999999
4800,59.83343288999998
4801,58.28073587000002
4802,58.48210906999999
4803,57.94094565
4804,57.74654011000001
4805,58.82997351000001
4806,58.38423997
4807,58.68691906
4808,178.56
4809,178.56
4810,178.56
4811,178.56
4812,87.60591371000024
4813,61.13899393
4814,61.43938892
4815,61.48455614
4816,61.08799850999999
4817,60.08876405000001
4818,59.51382283
4819,178.56
4820,59.93676997000001
4821,60.37879477000001
4822,60.01732393999998
4823,60.22701258000001
4824,61.30467230999997
4825,62.50936951000001
4826,62.29106813999999
4827,62.67572660999998
4828,61.28866757999999
4829,61.09482658999999
4830,60.28927044
4831,59.93896573
4832,178.56
4833,178.56
4834,178.56
4835,178.56
4836,111.38496786
4837,61.26073078999999
4838,62.66938817999999
4839,63.15152857999999
4840,62.91785289999998
4841,62.53700397
4842,62.98498233999998
4843,178.56
4844,63.03229779
4845,63.96684035000001
4846,63.87458720999999
4847,63.90437906999997
4848,61.32156086
4849,60.73336485999997
4850,61.40174341000001
4851,60.41149099999999
4852,61.10543340999999
4853,61.90460926999999
4854,62.44827420999999
4855,62.34200630000001
4856,178.56
4857,178.56
4858,178.56
4859,178.56
4860,123.7583330499998
4861,62.37569120999999
4862,63.09776508000001
4863,63.63447215999999
4864,62.63292714000001
4865,62.58045681999999
4866,61.28574627
4867,178.56
4868,60.45767532
4869,59.34979113
4870,60.29264989999999
4871,59.93366826999998
4872,60.13899548999998
4873,59.78372435000001
4874,61.06630627999998
4875,61.90298162999999
4876,61.90448803
4877,61.74776132
4878,61.42045147
4879,59.37961127000001
4880,178.56
4881,178.56
4882,178.56
4883,178.56
4884,104.6199432700002
4885,61.57288913999999
4886,63.06416647999999
4887,62.70862569999999
4888,61.87090959
4889,61.28151946000001
4890,59.13364778999999
4891,178.56
4892,62.16879437999999
4893,62.47355358999999
4894,63.50842539999996
4895,63.31212104000001
4896,62.81004820999999
4897,61.38902055999999
4898,62.96130245999998
4899,61.32781648
4900,61.15140297
4901,60.9377727
4902,60.38318524
4903,59.54926837999999
4904,178.56
4905,178.56
4906,178.56
4907,178.56
4908,72.64860925000086
4909,58.55251262
4910,57.44889017000001
4911,56.12455981999999
4912,57.6811599
4913,60.76631210999999
4914,60.10867288999999
4915,178.56
4916,58.52520611000001
4917,57.55984961999999
4918,58.1265629
4919,58.82589503
4920,59.44157988999997
4921,58.94760676
4922,58.81177133999998
4923,59.0869629
4924,58.48473848
4925,58.33293893
4926,57.85137448999999
4927,57.9745418
4928,178.56
4929,178.56
4930,178.56
4931,178.56
4932,68.5187745500006
4933,60.61046641999999
4934,60.12369048000001
4935,59.07037527999999
4936,57.14500890000001
4937,57.06607654999997
4938,57.51541621
4939,178.56
4940,56.33350337999998
4941,55.58479954999999
4942,56.71556344999998
4943,57.08746644999999
4944,58.59257767999999
4945,59.21720973000001
4946,59.58872667999999
4947,59.33900994000001
4948,58.63671100000001
4949,57.50988621
4950,57.36452812999999
4951,56.45938739
4952,178.56
4953,178.56
4954,178.56
4955,178.56
4956,134.74821184
4957,54.16749142
4958,54.00049724999998
4959,52.53143258999999
4960,53.24932200000001
4961,55.95707221999999
4962,55.583486
4963,55.28479628
4964,56.06582569000001
4965,56.23493652
4966,55.63846169000001
4967,54.7170218
4968,54.85810442
4969,54.11485568999999
4970,53.89049624
4971,53.78474262
4972,53.57860696999999
4973,53.64140579000001
4974,53.38011272999999
4975,51.99207769
4976,178.56
4977,178.56
4978,178.56
4979,178.56
4980,89.36889622000007
4981,53.29921359
4982,53.34173642
4983,53.58751355999998
4984,53.38484185999999
4985,52.22480382
4986,51.49945752
4987,50.92757131
4988,52.11675230999998
4989,51.94308482999998
4990,52.37902642
4991,52.46187149
4992,54.33375962
4993,54.06732156000002
4994,54.14549504
4995,53.59719644999999
4996,53.75034203000001
4997,53.79961474999998
4998,53.73482590000002
4999,53.13077909999999
5000,178.56
5001,178.56
5002,178.56
5003,178.56
5004,101.3965839900005
5005,51.60718955
5006,55.888434
5007,57.64718371999999
5008,57.41979606999999
5009,56.55138334999998
5010,56.77185339000001
5011,55.50686427999998
5012,55.07696599999999
5013,55.94089857999998
5014,56.39914441000001
5015,57.70464678999998
5016,58.81385033999999
5017,58.37185206999999
5018,55.45721516999998
5019,53.89464745
5020,53.15746820999999
5021,52.23138207
5022,52.21292139000001
5023,51.91810623999999
5024,51.62123890000002
5025,50.59805610999999
5026,178.56
5027,178.56
5028,105.9774985300003
5029,54.36951316999999
5030,54.14756668999999
5031,178.56
5032,178.56
5033,56.24682202999998
5034,55.21529769
5035,55.68042221000001
5036,56.07714496999998
5037,53.32474693
5038,54.3185272
5039,56.73634659
5040,56.40837048000001
5041,57.25722540999998
5042,57.96636251
5043,58.51513528
5044,59.63858410999999
5045,56.18599938000001
5046,56.19194685999999
5047,54.18208544
5048,178.56
5049,178.56
5050,178.56
5051,178.56
5052,117.2538062100006
5053,52.74263218000001
5054,54.34810066
5055,54.58430390000004
5056,55.24626534000001
5057,55.97293345000001
5058,53.86533389999999
5059,53.64957297000001
5060,53.51330103000001
5061,52.23414504
5062,53.41903966
5063,55.29870535000001
5064,56.35554862000001
5065,55.56235299999998
5066,55.58067242000001
5067,54.52558538
5068,54.04381401999999
5069,53.29670185000001
5070,52.69976592999998
5071,52.50761796000001
5072,178.56
5073,178.56
5074,178.56
5075,178.56
5076,106.2129712300002
5077,54.38886593000001
5078,54.66744437000001
5079,55.80380456
5080,55.67335927999999
5081,55.87203748000001
5082,53.40497623999999
5083,55.14855709999998
5084,55.870374
5085,56.27772254999999
5086,58.39544697
5087,57.90592492999999
5088,55.5515667
5089,57.67859565999998
5090,60.59550314999998
5091,60.43800427
5092,60.96752627000001
5093,60.38303838
5094,61.18367751999998
5095,58.39488381999999
5096,178.56
5097,178.56
5098,178.56
5099,178.56
5100,63.86240205000026
5101,58.72232288999999
5102,58.30951903
5103,59.5122528
5104,60.68151565
5105,59.34034875999999
5106,60.7640978
5107,178.56
5108,61.50356618000001
5109,61.40517837999998
5110,61.59741447999997
5111,60.65041059
5112,63.45048261999999
5113,62.38486107000001
5114,63.0192563
5115,61.78216786
5116,60.92499678999999
5117,62.15573293999999
5118,60.60473916
5119,58.29650456
5120,58.10499758
5121,58.79722065000001
5122,178.56
5123,178.56
5124,178.56
5125,60.75540603999998
5126,60.53689844999999
5127,178.56
5128,178.56
5129,93.17686527999987
5130,59.16996554000001
5131,61.88192520999999
5132,61.53842057999998
5133,61.90195655
5134,61.38563920999997
5135,62.13668964999999
5136,62.15808927999998
5137,62.49722961999998
5138,63.52789331
5139,64.62195299
5140,63.29572466
5141,62.95504327
5142,61.79811154999999
5143,60.82328455
5144,60.57112830999999
5145,60.39717852
5146,178.56
5147,178.56
5148,178.56
5149,61.80635355999998
5150,60.95955180000001
5151,178.56
5152,178.56
5153,97.85806380000078
5154,58.25364089999999
5155,57.87307442
5156,59.66323950999999
5157,61.92718762999999
5158,61.57729179
5159,61.43447561999999
5160,61.56367469000001
5161,60.85984989
5162,61.88553448
5163,62.85634354999999
5164,61.63321717
5165,60.89606354999999
5166,60.24486699000001
5167,59.35032593000001
5168,178.56
5169,178.56
5170,178.56
5171,178.56
5172,86.47867138000015
5173,59.40998566999998
5174,61.06126831
5175,61.77612916999998
5176,63.03517562999998
5177,63.22587172999999
5178,61.95400365000001
5179,178.56
5180,61.42289531000001
5181,62.02400175999999
5182,62.04483620999999
5183,62.30819391999999
5184,62.90180609999999
5185,60.73138883000001
5186,61.47681855
5187,61.60280972999999
5188,59.71155372
5189,58.53763139
5190,58.55050831
5191,58.65686435
5192,178.56
5193,178.56
5194,178.56
5195,178.56
5196,166.5224016987
5197,54.73354383000001
5198,54.88332709789999
5199,53.8707443624
5200,56.23969455999998
5201,55.87078
5202,55.89317999999999
5203,55.91557999999999
5204,55.93798
5205,55.96037999999999
5206,55.98277999999999
5207,56.00517999999999
5208,56.02757999999999
5209,55.51237999999999
5210,55.53477999999999
5211,55.55717999999999
5212,55.57958
5213,55.60198
5214,55.62438
5215,55.64677999999999
5216,178.56
5217,178.56
5218,178.56
5219,178.56
5220,133.9845530100009
5221,55.08122402999999
5222,54.88283941
5223,53.84556575999999
5224,53.06542023999999
5225,52.82625215000001
5226,54.85367958
5227,54.6841967
5228,55.498002
5229,58.43487769000001
5230,58.63429999
5231,60.45729451999998
5232,61.34381371999999
5233,60.56370865999998
5234,61.55256114
5235,61.80300965999999
5236,58.03785581999999
5237,56.86326569
5238,56.22631469000001
5239,53.51295606999998
5240,52.95534041
5241,53.92191475999999
5242,178.56
5243,178.56
5244,152.09857754
5245,54.33830318
5246,55.13213950999999
5247,178.56
5248,178.56
5249,57.00216619999999
5250,56.39932731999998
5251,56.41507899999998
5252,56.72530514
5253,59.49496293999998
5254,62.07684238000001
5255,62.68246585999999
5256,60.75063183
5257,60.20622362999998
5258,64.02610949
5259,65.36785310999997
5260,62.81627050999999
5261,61.32266909999998
5262,61.16712238000002
5263,60.85826782
5264,60.39531063999999
5265,60.05026768999997
5266,178.56
5267,178.56
5268,178.56
5269,62.86109921000001
5270,61.65765920999998
5271,178.56
5272,178.56
5273,106.8737510900006
5274,59.66253460999998
5275,65.91508273000001
5276,65.9950529
5277,64.75401086
5278,65.79684069
5279,65.57956573
5280,65.6646949
5281,67.61834597000002
5282,67.31426541
5283,67.36895430999999
5284,66.3770079
5285,65.04400224
5286,64.31041701
5287,63.66135111
5288,63.54771766
5289,63.68964672
5290,178.56
5291,178.56
5292,178.56
5293,66.89171524
5294,61.66564200999999
5295,178.56
5296,178.56
5297,133.6430418700004
5298,60.87246199999999
5299,61.95037863
5300,61.77055045
5301,61.49860485999998
5302,61.07296789999999
5303,60.39387158
5304,62.91084023000001
5305,62.29751731
5306,62.85250027000001
5307,62.20610452
5308,61.76976371999999
5309,60.54009275999999
5310,60.73107144999999
5311,59.69035751000001
5312,59.09326689
5313,58.20555292999999
5314,178.56
5315,178.56
5316,178.56
5317,59.02239195999997
5318,61.07574431
5319,178.56
5320,178.56
5321,100.7863792200002
5322,63.39924234
5323,63.70292467
5324,64.03447897
5325,63.70550186
5326,62.06513739999999
5327,63.38111255
5328,62.13362805999999
5329,62.36630386000001
5330,62.32510256
5331,63.76006734999999
5332,63.75279589
5333,63.21496972
5334,63.02887954999998
5335,62.51002058
5336,63.39525661000001
5337,62.42872033999999
5338,178.56
5339,178.56
5340,178.56
5341,64.51890886
5342,63.28346213
5343,178.56
5344,178.56
5345,140.9899210200003
5346,62.82092131
5347,63.78539096999999
5348,65.32024982000003
5349,65.96280802999999
5350,63.01059639
5351,63.86320955000001
5352,65.20369576
5353,64.65856838
5354,64.1521328
5355,65.66715127
5356,65.27513762
5357,65.54262904
5358,65.49934769000002
5359,65.59112391999999
5360,178.56
5361,178.56
5362,178.56
5363,178.56
5364,156.9746541800008
5365,63.62658168999999
5366,63.50452857
5367,62.47408362999997
5368,62.26019575999998
5369,61.82878352000002
5370,64.15399718
5371,178.56
5372,65.06769086999998
5373,64.28808407000002
5374,64.88836886
5375,65.64894231
5376,66.40569194
5377,65.37115192999997
5378,66.92251503000001
5379,67.32180525
5380,67.12501047
5381,66.03527440999999
5382,64.93111289000002
5383,64.21066876
5384,178.56
5385,178.56
5386,178.56
5387,178.56
5388,153.7620883600005
5389,64.42070781999999
5390,65.19342171999999
5391,64.71003483000003
5392,65.07421206999999
5393,64.34999522000001
5394,64.43961524
5395,178.56
5396,64.67534947999997
5397,66.52157161999999
5398,67.38760923999999
5399,67.82927431
5400,68.18056594999999
5401,68.20177475999999
5402,67.35389479
5403,68.59189490999998
5404,65.96133634999998
5405,65.0085058
5406,64.90539503000002
5407,64.31246213
5408,178.56
5409,178.56
5410,178.56
5411,178.56
5412,162.6190748000004
5413,67.65036977999999
5414,68.02322302999997
5415,66.54810148
5416,64.72386186
5417,66.87099971999999
5418,64.81799359
5419,178.56
5420,63.04038250999998
5421,61.01368448
5422,61.86542586000001
5423,60.12778555
5424,55.76205817
5425,53.72438861999998
5426,53.14323657999999
5427,53.02121048
5428,52.14152978999999
5429,52.13296837
5430,51.05467752000001
5431,50.72185082999999
5432,178.56
5433,178.56
5434,178.56
5435,178.56
5436,85.09363739000028
5437,58.18246727999998
5438,57.69255904999999
5439,56.03186952999999
5440,56.29548378999998
5441,54.02484962
5442,53.37799095999998
5443,53.69016848999999
5444,52.65566620999999
5445,53.78044965999999
5446,53.96385673
5447,52.49445866
5448,52.71256634
5449,51.73758778999999
5450,54.60529192999998
5451,55.21140337999999
5452,55.08442317
5453,54.69738897000001
5454,54.56097472000001
5455,54.46900479999999
5456,54.30788797
5457,54.05575776999999
5458,178.56
5459,178.56
5460,138.2820273899999
5461,56.38554284999999
5462,57.36241027999999
5463,178.56
5464,178.56
5465,59.34621665
5466,58.84329744999999
5467,58.68182158999999
5468,59.16347451000001
5469,58.17938245000001
5470,56.94794056000001
5471,55.51614313000001
5472,53.82798903999998
5473,52.05054155000001
5474,51.91527088999999
5475,52.03659076
5476,51.10054634999999
5477,49.85280559
5478,49.51942604000001
5479,49.31775568999998
5480,49.24341821000002
5481,48.94991275999999
5482,48.90781266
5483,178.56
5484,164.5791489100002
5485,48.17867838
5486,46.98463217
5487,178.56
5488,178.56
5489,48.20862885999999
5490,48.76823259000001
5491,49.20199164999999
5492,49.65741466
5493,49.50712865
5494,49.78619582999999
5495,50.47277165
5496,50.89413524999999
5497,50.61772547999999
5498,50.66176220000002
5499,49.39905781999998
5500,49.06615406
5501,47.74934478999999
5502,47.09662054999999
5503,47.034218
5504,46.98552123999998
5505,47.46930524
5506,178.56
5507,178.56
5508,89.28665581000058
5509,48.45641724
5510,49.16601710999999
5511,178.56
5512,178.56
5513,64.11482692999999
5514,65.31645714999999
5515,53.25927620999999
5516,52.45225782999999
5517,52.98331898999999
5518,52.38979696999999
5519,52.89254823999999
5520,53.77152143999999
5521,52.53671968999999
5522,50.05492575999998
5523,51.76614120999999
5524,52.66113048
5525,51.49773096999999
5526,51.72406385999999
5527,51.22514886999999
5528,50.84827734
5529,49.4988711
5530,178.56
5531,178.56
5532,99.18176219000036
5533,52.73936248
5534,53.80072382999998
5535,178.56
5536,178.56
5537,55.38338596000001
5538,55.34988473
5539,59.66452114000001
5540,60.40995197999999
5541,58.84840940999999
5542,58.71578299999998
5543,57.99377317999997
5544,56.97192452
5545,55.57583254999999
5546,54.66111728
5547,56.24217626999999
5548,56.73258276000001
5549,55.55711945
5550,55.31234113999998
5551,54.92004454999999
5552,54.60259259000001
5553,53.79010692999999
5554,178.56
5555,178.56
5556,121.8535364299996
5557,55.31811844999999
5558,55.88021103000001
5559,178.56
5560,178.56
5561,55.16491134
5562,53.49177154999998
5563,55.18119628000001
5564,55.69431706999998
5565,55.00249076
5566,53.85133354999999
5567,53.83338589999999
5568,53.40869771999999
5569,51.70689034000001
5570,51.05900562
5571,50.94326740999999
5572,50.61477798999999
5573,51.13097969000001
5574,51.09923455
5575,50.91938110000001
5576,50.87486844999999
5577,50.53885921000001
5578,178.56
5579,178.56
5580,83.25400082000014
5581,52.52709966
5582,52.91414547999999
5583,178.56
5584,178.56
5585,53.84025499999999
5586,54.69037931000002
5587,54.59289073000001
5588,54.23655286000002
5589,53.63651111000001
5590,53.29870468999999
5591,54.66211162999999
5592,55.11938214999999
5593,54.592825
5594,53.80693100999999
5595,52.50451941000001
5596,51.83422776
5597,51.59082348
5598,51.50404945
5599,51.35630395
5600,51.03523355000001
5601,50.62746038000002
5602,178.56
5603,178.56
5604,78.62227997000058
5605,49.82588785999999
5606,50.94430614
5607,178.56
5608,178.56
5609,52.05775623999999
5610,52.16873214
5611,53.74155282999999
5612,53.51683372
5613,52.85906759
5614,53.47446958000001
5615,54.16687311
5616,54.31704172999999
5617,55.60696673
5618,52.29565102999999
5619,52.01559531
5620,53.19563858
5621,54.2395469
5622,53.19214648999999
5623,52.70005755
5624,52.80815841
5625,53.13075593000001
5626,178.56
5627,178.56
5628,122.3418568100005
5629,55.80768493999999
5630,55.60894037999999
5631,178.56
5632,178.56
5633,57.72700955
5634,58.17647702999999
5635,57.41573669999998
5636,57.55661372999999
5637,53.17297076000002
5638,52.58963731
5639,52.08499764999998
5640,54.48980341
5641,55.28292496999999
5642,55.43088607
5643,55.58806189999999
5644,53.65237716999999
5645,55.94527645000001
5646,56.04484116
5647,55.91557712999999
5648,55.99908986000001
5649,56.18973479000001
5650,178.56
5651,178.56
5652,140.9001260200002
5653,56.83671182
5654,56.64389730999998
5655,178.56
5656,178.56
5657,55.01463359
5658,57.73287995999998
5659,58.46439850999999
5660,58.46215955999999
5661,58.02435583
5662,53.51869411000001
5663,53.69298906999999
5664,55.30826252
5665,54.71818058
5666,54.20337748
5667,54.37410496
5668,55.30143472
5669,53.09276000000002
5670,51.7140533
5671,52.11329164999999
5672,178.56
5673,178.56
5674,178.56
5675,178.56
5676,75.4132655099998
5677,45.53298385999999
5678,47.02888211
5679,49.59505418
5680,49.69550578999998
5681,52.54783561999999
5682,54.52716514
5683,53.64078475
5684,52.61185307
5685,50.78409679
5686,50.94394164999999
5687,51.63998944999998
5688,52.79136288999998
5689,52.11560668999999
5690,52.77428401
5691,51.843526
5692,51.45413105
5693,50.49919475999999
5694,50.87962999000001
5695,51.96203824
5696,178.56
5697,178.56
5698,178.56
5699,178.56
5700,73.40002050999979
5701,53.54437234999999
5702,50.62601333999999
5703,52.66008979
5704,51.81467417
5705,52.13668124
5706,50.37925228
5707,51.22978685999998
5708,50.78446309999999
5709,49.52994682999999
5710,48.11349935
5711,48.99722106999999
5712,50.76754696999998
5713,50.91761527999999
5714,51.63342589999998
5715,52.30460185999998
5716,51.89259418
5717,51.39393475999999
5718,51.70658521
5719,50.54680378999999
5720,178.56
5721,178.56
5722,178.56
5723,178.56
5724,73.55245454000027
5725,51.94205288999999
5726,50.9075259
5727,51.94157723999999
5728,54.76487758
5729,54.87577662
5730,55.11482928
5731,55.20339734
5732,56.18804099999998
5733,57.37758109999999
5734,57.14377732
5735,56.22893297
5736,56.13206003999999
5737,54.41480134999999
5738,56.70433776
5739,54.61188131
5740,55.45941344999999
5741,55.81984303
5742,55.78963782
5743,57.44787789999999
5744,56.78500352
5745,57.01060603000001
5746,178.56
5747,178.56
5748,165.4940334599998
5749,57.87061622999999
5750,56.64407727999998
5751,178.56
5752,178.56
5753,57.23118177
5754,56.73680866
5755,57.82065310000002
5756,58.17515416999998
5757,58.63773852999999
5758,58.30796503000001
5759,55.60666993
5760,54.30587617
5761,53.50383906
5762,54.86532120999998
5763,54.70040632
5764,55.72798973
5765,55.90279807000001
5766,57.84538375
5767,56.86727200000001
5768,56.84031506999998
5769,56.95639830999999
5770,178.56
5771,178.56
5772,175.0138629200005
5773,65.44559434
5774,63.46768861999999
5775,178.56
5776,178.56
5777,56.72593297000001
5778,58.37744709999998
5779,59.25577931
5780,57.04517903000001
5781,56.04689251000001
5782,53.55013530999999
5783,52.91759886000001
5784,50.83220121
5785,49.60479027000001
5786,49.82798099999999
5787,50.03661789000002
5788,50.93581723999999
5789,50.38056358999998
5790,50.37923302999999
5791,49.74028066000001
5792,49.71429876000001
5793,49.64814924999997
5794,178.56
5795,178.56
5796,65.4080734500001
5797,54.34399068
5798,52.25810526999999
5799,178.56
5800,178.56
5801,49.57306865
5802,53.11334181999999
5803,56.12539554999999
5804,53.90930278999998
5805,51.76605252
5806,50.39205703
5807,50.00204531
5808,50.24250924
5809,49.39499186999998
5810,50.68096096
5811,51.32264690000001
5812,51.57648363
5813,50.85621876999999
5814,50.96225224999999
5815,50.67208327999999
5816,49.91121331
5817,49.16343361999999
5818,49.17513068999999
5819,178.56
5820,174.8259576899999
5821,48.73764700000002
5822,49.59760155
5823,178.56
5824,178.56
5825,48.08596849000001
5826,47.75940371999999
5827,48.66465995999998
5828,48.23614845000001
5829,49.05187896000001
5830,50.07953951
5831,50.51738076000001
5832,50.17800892999999
5833,47.94698089999999
5834,45.11750607
5835,45.15738507
5836,46.07827237999999
5837,49.39901911000001
5838,48.77855752
5839,50.11167721
5840,46.81147583
5841,45.57369368999999
5842,45.80196628000002
5843,178.56
5844,135.8479024300003
5845,44.95592044999999
5846,45.23224034
5847,178.56
5848,178.56
5849,45.60053560999999
5850,46.86702495999999
5851,47.15607623999999
5852,47.82794541000001
5853,49.98457988999999
5854,49.90095173
5855,51.000145
5856,52.27084338
5857,51.62912068999999
5858,50.85803548
5859,50.8116749
5860,50.04916258999999
5861,50.46516041
5862,50.74408486
5863,48.68232621
5864,48.52975617
5865,48.79157472
5866,178.56
5867,178.56
5868,176.69927177
5869,48.67769010999999
5870,47.16871432
5871,178.56
5872,53.97044226000001
5873,54.54975876
5874,51.89848783
5875,49.98610841000001
5876,53.81528572000001
5877,53.37822686
5878,52.07206872
5879,50.29002516999999
5880,52.18881303999999
5881,50.86946403
5882,54.86054657999999
5883,52.92958502999998
5884,52.53451763
5885,52.36025879
5886,51.59696276000002
5887,51.76422601
5888,51.49548872999998
5889,50.44173637999999
5890,178.56
5891,178.56
5892,76.68309401000036
5893,49.38796338
5894,51.78506893000001
5895,178.56
5896,178.56
5897,54.33988244999999
5898,53.30594535000001
5899,55.55495427999999
5900,55.35130741
5901,53.67046762
5902,54.10271306999999
5903,54.11176652
5904,55.04435803999998
5905,55.46782667999999
5906,56.48167909999999
5907,56.56491035999998
5908,57.90608879999998
5909,57.13259062000001
5910,55.88719752
5911,52.85803642
5912,178.56
5913,178.56
5914,178.56
5915,178.56
5916,89.05770637000045
5917,52.56151803000002
5918,51.65280841
5919,51.53088458
5920,54.00432295999999
5921,54.34871161999999
5922,53.19552763
5923,53.50097864999999
5924,53.50138213
5925,51.36467721
5926,53.0278189
5927,54.00157952000001
5928,54.81222859
5929,55.64610793000001
5930,56.85546363
5931,57.0067099
5932,57.55822786
5933,57.65739763
5934,56.49927100999999
5935,56.19657637999997
5936,178.56
5937,178.56
5938,178.56
5939,178.56
5940,111.7166406500005
5941,53.05511379
5942,54.51181917999999
5943,55.86662711
5944,55.35323493000001
5945,55.97928966000001
5946,56.99388617999999
5947,56.44101799
5948,56.40441127999998
5949,55.89905250999998
5950,55.76832576
5951,55.11084138
5952,55.65106623999999
5953,56.48009562999997
5954,57.60626368000001
5955,57.75340396000001
5956,56.07387324000001
5957,55.23587488999998
5958,55.19332455000001
5959,54.57808720000001
5960,178.56
5961,178.56
5962,178.56
5963,178.56
5964,138.6260619900006
5965,55.93560735
5966,59.22470651999999
5967,58.94015869
5968,66.16639658999998
5969,62.44983045
5970,61.02989136999999
5971,59.39358298999998
5972,60.64305541
5973,61.01213600999998
5974,61.08455941
5975,59.82565406999998
5976,58.99869289999999
5977,57.76050223999999
5978,57.26987672
5979,55.60492455
5980,53.86446156000002
5981,53.20618107000001
5982,51.76420633999999
5983,52.03326289
5984,51.84024286000002
5985,51.6784079
5986,178.56
5987,178.56
5988,99.59914101000065
5989,53.44185987
5990,53.82574925
5991,178.56
5992,178.56
5993,54.54326541999999
5994,53.59564469
5995,53.08294628000001
5996,53.29517654999999
5997,52.95962902999999
5998,53.46535823999999
5999,52.89118737
6000,52.06846176000001
6001,53.06201403999999
6002,52.89337676000001
6003,51.18882012999999
6004,49.55240997000001
6005,50.67513941000001
6006,49.85989456000001
6007,49.85329055
6008,49.36389765999999
6009,48.39117485999999
6010,178.56
6011,178.56
6012,74.72023305000018
6013,49.69275437
6014,51.55548026999999
6015,178.56
6016,178.56
6017,55.78458214000001
6018,57.66378568999998
6019,57.84927162
6020,57.32245644999997
6021,56.07576806999998
6022,55.06783163
6023,55.58706048
6024,55.74667538999999
6025,56.22979355
6026,54.78824434999997
6027,54.17036303
6028,53.54858145
6029,52.99828121
6030,52.86933652
6031,52.47090533999999
6032,51.68863084
6033,54.37869541999999
6034,178.56
6035,178.56
6036,137.8623170199998
6037,60.97756721
6038,53.98239272999999
6039,178.56
6040,178.56
6041,56.74110211000001
6042,56.54505304000001
6043,56.22102947999999
6044,56.75973995999998
6045,54.19414476
6046,53.97248010000001
6047,54.28604369999999
6048,54.75422218
6049,53.69972768999998
6050,53.85064061999999
6051,55.28332151999999
6052,56.11635134000001
6053,55.93929635000001
6054,55.51408127999999
6055,55.61473826999999
6056,54.97142188999999
6057,54.67399007000001
6058,178.56
6059,178.56
6060,118.0969218800008
6061,52.70206829999999
6062,52.09951151999999
6063,178.56
6064,178.56
6065,54.8153571
6066,56.93911279
6067,57.5274371
6068,56.94120320000001
6069,56.51112663
6070,56.54025104
6071,56.98846083
6072,56.61682628
6073,56.38902955
6074,56.94339706999999
6075,57.89072106999999
6076,58.12487114
6077,57.35170721000001
6078,56.75842633999999
6079,56.71298968999999
6080,54.10566020999999
6081,52.50418124000002
6082,178.56
6083,178.56
6084,159.2639195640003
6085,57.84186954
6086,56.97928334
6087,178.56
6088,178.56
6089,54.04553686000001
6090,55.39965213999999
6091,54.69630098100001
6092,56.54935069
6093,56.69928810000003
6094,56.98736449
6095,57.93096665999999
6096,57.579146695
6097,57.04817467999998
6098,56.27796276549999
6099,55.88389569
6100,55.47532620000001
6101,52.63989749549999
6102,51.96443196000001
6103,51.1545909
6104,46.84540686699999
6105,28.06830825399999
6106,26.50360999999999
6107,178.56
6108,46.8817609048004
6109,26.57080999999999
6110,25.1957627012
6111,178.56
6112,178.56
6113,45.29926067799999
6114,45.12695369
6115,45.11906699999999
6116,45.141621
6117,45.13304124
6118,45.09368731
6119,45.23851738
6120,45.53034031
6121,45.17523745
6122,45.130904
6123,45.1795351
6124,45.19700731
6125,45.231676
6126,45.24212693
6127,45.314962
6128,45.38156000000001
6129,45.15691831000001
6130,178.56
6131,178.56
6132,91.92520515000045
6133,53.95760531
6134,53.18523706999999
6135,178.56
6136,178.56
6137,56.00988365
6138,56.02520027999999
6139,60.62363286
6140,62.29806771999998
6141,63.89347489
6142,58.61473296000001
6143,58.65009493000001
6144,58.45822948000001
6145,58.08177172000001
6146,58.21133024
6147,58.41639993
6148,58.00251751
6149,58.30573664999999
6150,57.19293712999999
6151,55.37496131999999
6152,55.53034024999999
6153,54.95342306999999
6154,178.56
6155,178.56
6156,139.7999003
6157,55.00072445000001
6158,54.60719613999999
6159,178.56
6160,178.56
6161,54.85370289000001
6162,55.49631276000001
6163,56.38362736999999
6164,57.18023709999999
6165,56.89789742
6166,57.43037006
6167,56.57758854999999
6168,57.38441324
6169,56.87702993
6170,56.24528944999998
6171,56.05611914000001
6172,56.18108313999997
6173,55.25961727999999
6174,54.42868829999998
6175,54.35530029999999
6176,53.73819024
6177,52.35128465
6178,178.56
6179,178.56
6180,130.7185659399999
6181,54.93886797
6182,55.10138214000001
6183,178.56
6184,178.56
6185,55.19540355
6186,55.67200064999999
6187,56.42128107
6188,55.60707579
6189,56.25959275999999
6190,56.04036675999999
6191,56.24056011000001
6192,56.11583803000001
6193,55.68876614000002
6194,55.00430565
6195,53.93294641000001
6196,54.57560731000002
6197,54.85878006000002
6198,53.78607234
6199,54.81583821
6200,54.21772097000001
6201,54.80992048
6202,178.56
6203,178.56
6204,85.47493314999942
6205,49.60956867999999
6206,49.84120385999999
6207,178.56
6208,178.56
6209,51.17433517
6210,51.58335252
6211,51.67520624000002
6212,51.48885903000001
6213,51.45166061
6214,51.64433442
6215,52.37975448999999
6216,53.52324865999999
6217,52.98824810999999
6218,53.29364831
6219,53.20768355
6220,53.77059876999999
6221,53.54924154999998
6222,53.28670214
6223,53.27691656
6224,53.28679062
6225,52.7656738
6226,178.56
6227,178.56
6228,54.54342161999963
6229,49.576408
6230,49.68989921
6231,178.56
6232,178.56
6233,47.83464021
6234,48.26675749
6235,48.23194620999999
6236,48.00224807000001
6237,47.97957717000001
6238,48.04170909999999
6239,48.39895683
6240,49.74149557999999
6241,48.88168334
6242,48.11062431
6243,48.07504309999999
6244,47.79881113
6245,47.68633366
6246,47.49902310999999
6247,47.69739288999999
6248,47.96219007999999
6249,47.73010375
6250,47.63133234999999
6251,178.56
6252,152.3416227399998
6253,47.95140034999999
6254,48.22843949000001
6255,178.56
6256,178.56
6257,48.68497732
6258,48.91856172
6259,48.71101473
6260,48.56953269000001
6261,48.92737030999999
6262,49.29213772
6263,49.210896
6264,50.65843740999998
6265,50.06786834
6266,49.02733485999997
6267,48.41148186000001
6268,48.32166738
6269,48.21262900999999
6270,47.92529483000001
6271,47.48292255
6272,47.65295696
6273,48.32285024
6274,47.57563524000001
6275,178.56
6276,169.7327070800002
6277,49.70227724
6278,49.22181606999999
6279,178.56
6280,178.56
6281,52.67986464999998
6282,51.65691223
6283,51.86950321
6284,50.89447062
6285,51.16884065999999
6286,51.1538188
6287,50.44102210000001
6288,50.79973226999999
6289,50.47773961999999
6290,50.47542289999999
6291,49.88449213999998
6292,49.52846289999999
6293,49.42581455
6294,48.41647706
6295,48.00516308
6296,48.40563224
6297,47.93215217
6298,178.56
6299,178.56
6300,177.8464799200002
6301,51.81310372000001
6302,51.93793941
6303,178.56
6304,50.93941496000001
6305,50.75951061999999
6306,50.21259873
6307,49.88095238
6308,50.23917486
6309,49.63351085
6310,49.32861002999999
6311,49.58370416999999
6312,50.21199169
6313,49.63761852
6314,49.89461183
6315,49.74976720000002
6316,49.2690751
6317,49.12980086
6318,49.47368775999999
6319,49.13488048
6320,49.21859858999998
6321,48.81847389999998
6322,48.55499859
6323,178.56
6324,158.05673839
6325,48.402697
6326,47.98599203999998
6327,178.56
6328,178.56
6329,48.02988624
6330,48.18603537999999
6331,48.08651869000001
6332,48.24500289
6333,48.26332245
6334,48.27622547999999
6335,47.92753678999999
6336,48.54424862
6337,47.03871452
6338,47.00395461999999
6339,47.05207254999999
6340,47.02729724
6341,47.05621605999999
6342,47.30308310000001
6343,47.32686916999999
6344,47.35902318
6345,47.23381348
6346,47.09831300999998
6347,178.56
6348,152.1304074600001
6349,48.19056234999999
6350,48.19825556000001
6351,178.56
6352,178.56
6353,48.84847344999999
6354,48.99676817
6355,49.33335414
6356,49.62561358999999
6357,49.89536335
6358,49.76078499
6359,51.30049630999999
6360,51.3322649
6361,51.27235365000001
6362,50.64328353000001
6363,51.64822844999998
6364,50.82609252
6365,49.75357799999999
6366,49.353157
6367,49.36280076000001
6368,48.82979927
6369,48.94726963
6370,49.23845066000001
6371,178.56
6372,166.2645197700005
6373,48.42228061999999
6374,48.54796331
6375,178.56
6376,178.56
6377,50.05383138
6378,49.36703555
6379,49.01318835000001
6380,47.47169266
6381,47.62419661999999
6382,47.68050210000001
6383,47.75716147999999
6384,48.27875269
6385,46.69467817
6386,46.60527501000001
6387,47.23761692999999
6388,47.54342796000001
6389,47.60086352
6390,47.28516828
6391,47.16311564999999
6392,46.72313128
6393,46.72420221000001
6394,46.6110043
6395,178.56
6396,160.8690735700003
6397,46.52995417
6398,47.15102965999998
6399,178.56
6400,178.56
6401,52.97256734
6402,53.15800252
6403,51.85441044
6404,51.75502234
6405,52.10231165999999
6406,48.34798948000001
6407,47.66288792999999
6408,47.06738847999999
6409,46.14392327999999
6410,47.38895441
6411,48.09272811
6412,47.89257172
6413,48.14838448
6414,47.42692563000001
6415,47.92189968999999
6416,48.13143488999999
6417,48.19295130999999
6418,47.86854400999999
6419,178.56
6420,170.4759211400002
6421,48.07465138
6422,48.49419182999998
6423,178.56
6424,178.56
6425,51.78530413000001
6426,52.20040496999999
6427,51.73251964999999
6428,51.17400638
6429,52.03175313000001
6430,51.87425516000001
6431,52.64943432000002
6432,55.05259648000001
6433,54.15233334000001
6434,54.8045169
6435,55.32911076
6436,55.94695133999999
6437,55.49990816999998
6438,55.37730267999999
6439,54.00305189999999
6440,52.66232068999998
6441,52.58236207
6442,178.56
6443,178.56
6444,106.7537283000002
6445,52.11804941
6446,52.56099772000001
6447,178.56
6448,178.56
6449,54.34658166000001
6450,55.73665586999999
6451,56.64648051999999
6452,56.25590305999997
6453,55.31362235
6454,54.57141158000001
6455,55.01810747999998
6456,56.10403190000001
6457,55.07674459
6458,54.75523669
6459,54.38606634999999
6460,54.29383868999999
6461,53.95775231
6462,53.85986444999998
6463,54.09801802999997
6464,54.19331183000001
6465,54.17731402999999
6466,178.56
6467,178.56
6468,105.6206023400002
6469,54.47219665999999
6470,55.04419704
6471,178.56
6472,178.56
6473,51.0031641
6474,51.82266781999999
6475,52.38812396999999
6476,52.6420111
6477,52.66697765
6478,51.14978862
6479,52.23735601
6480,53.17954572000001
6481,52.74477348000001
6482,53.44895709999999
6483,53.50203025999998
6484,53.25695654999999
6485,53.02841362000001
6486,52.80355269000002
6487,52.27650609999998
6488,52.04052014
6489,51.98150523999999
6490,178.56
6491,178.56
6492,107.8724118900001
6493,55.18229023999999
6494,54.67842141999999
6495,178.56
6496,178.56
6497,53.81230413999999
6498,53.66822943999998
6499,53.59456003999999
6500,53.94153996000001
6501,53.89733531
6502,53.79653552
6503,53.51114097
6504,53.04869689
6505,52.78524958000001
6506,52.81994416999999
6507,52.76742317
6508,52.29728014000001
6509,51.07002151999999
6510,51.13419233999998
6511,50.64741703000001
6512,50.16785444999999
6513,50.61680861999999
6514,178.56
6515,178.56
6516,84.12813966999987
6517,51.40356696999999
6518,52.25985141999998
6519,178.56
6520,178.56
6521,53.63356117000001
6522,54.15240606999999
6523,53.48008589000001
6524,53.76292557999999
6525,53.37391485999999
6526,54.96026241999999
6527,54.95032158000001
6528,56.07728664999998
6529,55.58928165
6530,55.73521625
6531,56.44699661999999
6532,56.12186950999998
6533,55.88113531000001
6534,54.56469647999999
6535,54.17986937999999
6536,54.09364807000002
6537,54.36416747999998
6538,178.56
6539,178.56
6540,134.1170819800008
6541,55.92557109999998
6542,55.47072594000001
6543,178.56
6544,178.56
6545,55.91481483
6546,56.12927851999999
6547,55.85782047999999
6548,55.73335578999999
6549,55.21316247999999
6550,55.14762876
6551,56.06310038000001
6552,56.72169979
6553,56.63712312999999
6554,56.54923400000001
6555,56.16692213999998
6556,55.92875399999999
6557,55.85102852
6558,55.88950765999999
6559,55.50488482
6560,55.12311279999999
6561,54.85786558000002
6562,178.56
6563,178.56
6564,145.5056650100003
6565,56.18449704
6566,55.44459564
6567,178.56
6568,178.56
6569,56.11170327
6570,56.04917255
6571,54.58298285999999
6572,53.16712548
6573,53.99199427999999
6574,55.44638848
6575,55.52820776999999
6576,55.23878296999999
6577,55.40014479999999
6578,54.06944892999999
6579,53.24733939000001
6580,52.80165583
6581,52.86525006
6582,52.52920161999999
6583,52.42745221000001
6584,51.85325599999999
6585,51.93178879
6586,178.56
6587,178.56
6588,81.45323740000016
6589,51.57473741
6590,51.63091444000001
6591,178.56
6592,178.56
6593,51.96358503
6594,51.98280248
6595,51.76729830999999
6596,51.27490179
6597,51.52981673
6598,50.45609540999999
6599,49.16418240999999
6600,50.55171575999999
6601,51.12258921000002
6602,51.32845431
6603,51.26720669
6604,51.25649668999999
6605,51.22848731
6606,51.48426037999999
6607,51.287775
6608,51.315257
6609,51.328186
6610,178.56
6611,178.56
6612,74.97482171999994
6613,51.42230331
6614,51.43728569
6615,178.56
6616,178.56
6617,51.61128462000001
6618,51.74353799999999
6619,52.02899569
6620,51.59416969
6621,52.79610735000001
6622,52.9182997
6623,53.25277971999999
6624,53.72511662000002
6625,53.54985978999999
6626,53.48519904
6627,52.84231883
6628,52.32204802999998
6629,52.46151344000001
6630,52.28244245000001
6631,52.32499117999998
6632,52.70618535
6633,54.21927980000001
6634,178.56
6635,178.56
6636,112.2497928800001
6637,54.47663613
6638,55.47721851000001
6639,178.56
6640,178.56
6641,52.89115321000001
6642,53.20584528
6643,54.47584995999998
6644,53.84318561999999
6645,54.87705783000001
6646,56.05704972000001
6647,57.83181607
6648,57.97608137999999
6649,56.45933047999999
6650,56.11428641
6651,55.79919582999998
6652,56.18578020999999
6653,55.55160072
6654,56.10171965999999
6655,55.99812134
6656,56.2999549
6657,56.55124993
6658,178.56
6659,178.56
6660,141.5936203300007
6661,56.45091640999998
6662,54.84707697000001
6663,178.56
6664,178.56
6665,55.22065996999999
6666,54.31993203000002
6667,55.30647478999999
6668,54.78936141
6669,53.34850493
6670,52.88878259
6671,53.06027999999999
6672,52.66246558999999
6673,52.36842289
6674,51.81866185999999
6675,51.81611442000001
6676,51.92919437999998
6677,51.87515858
6678,51.76582390000001
6679,51.64153770999999
6680,51.28625396999999
6681,51.15013666000001
6682,178.56
6683,178.56
6684,104.8655763500004
6685,53.79433982999998
6686,53.57529323999999
6687,178.56
6688,178.56
6689,53.14196818000002
6690,53.53181147999999
6691,54.1288629
6692,55.52925517999999
6693,55.43310072999999
6694,56.15299150999999
6695,56.84506057999999
6696,57.97946945000001
6697,56.47385785999999
6698,55.29957587
6699,53.55595497000001
6700,53.7882821
6701,53.45224773
6702,53.48130689999999
6703,53.04989423999999
6704,52.92566034
6705,52.41139617
6706,178.56
6707,178.56
6708,117.2736292900007
6709,53.62460606999999
6710,53.63042517
6711,178.56
6712,178.56
6713,56.22271241999999
6714,56.82528179999999
6715,57.37710740999999
6716,56.71166676000001
6717,56.74412778999999
6718,55.02676410000001
6719,54.57707766
6720,53.77221465
6721,53.16149692
6722,53.61881882000001
6723,54.33175496
6724,53.49683786999999
6725,53.06873607000002
6726,50.75953631
6727,49.19471011
6728,49.00407672999999
6729,49.20095802999999
6730,178.56
6731,178.56
6732,87.11944264000002
6733,54.20159304000002
6734,54.17817789999999
6735,178.56
6736,178.56
6737,53.63992696999998
6738,53.88768041999999
6739,53.43242302999999
6740,50.87568226999999
6741,50.70573683000001
6742,50.26988372
6743,49.92689366
6744,50.13848279999999
6745,50.30128151999999
6746,50.66155752
6747,49.91436771999999
6748,50.60361312999999
6749,49.83594252
6750,50.15993716999998
6751,49.55401709999999
6752,49.68496196999999
6753,49.39178999999999
6754,49.41419
6755,178.56
6756,173.8642108499999
6757,49.48138999999999
6758,49.50379
6759,178.56
6760,178.56
6761,49.57098999999999
6762,49.59339
6763,49.61579
6764,49.63818999999999
6765,49.66058999999999
6766,49.68299
6767,49.70538999999999
6768,49.72778999999999
6769,49.22939
6770,49.25179
6771,49.27419
6772,49.29658999999999
6773,49.31898999999999
6774,49.32459
6775,49.34699
6776,49.36939
6777,49.39178999999999
6778,49.41419
6779,178.56
6780,171.1626
6781,49.48138999999999
6782,49.50379
6783,178.56
6784,178.56
6785,49.57098999999999
6786,49.59339
6787,49.61579
6788,49.63818999999999
6789,49.66058999999999
6790,49.68299
6791,49.70538999999999
6792,49.72778999999999
6793,49.22939
6794,49.25179
6795,49.27419
6796,49.29658999999999
6797,49.31898999999999
6798,49.32459
6799,49.34699
6800,49.36939
6801,49.39178999999999
6802,49.41419
6803,178.56
6804,171.1626
6805,49.48138999999999
6806,49.50379
6807,178.56
6808,178.56
6809,49.57098999999999
6810,49.59339
6811,49.61579
6812,49.63818999999999
6813,49.66058999999999
6814,49.68299
6815,49.70538999999999
6816,49.72778999999999
6817,49.22939
6818,49.25179
6819,49.27419
6820,49.29658999999999
6821,49.31898999999999
6822,49.32459
6823,49.34699
6824,49.36939
6825,49.39178999999999
6826,49.41419
6827,178.56
6828,171.1626
6829,49.48138999999999
6830,49.50379
6831,178.56
6832,178.56
6833,49.57098999999999
6834,49.59339
6835,49.61579
6836,49.63818999999999
6837,49.66058999999999
6838,49.68299
6839,49.70538999999999
6840,49.72778999999999
6841,49.22939
6842,49.25179
6843,49.27419
6844,49.29658999999999
6845,49.31898999999999
6846,49.32459
6847,49.34699
6848,49.36939
6849,49.39178999999999
6850,49.41419
6851,178.56
6852,171.5884612200004
6853,49.48138999999999
6854,49.50379
6855,178.56
6856,178.56
6857,49.76520976
6858,49.784658
6859,49.76824999999999
6860,49.67987262
6861,49.65106768999999
6862,49.62536830999999
6863,49.60113199999999
6864,49.649327
6865,49.162631
6866,49.21806407
6867,49.442281
6868,49.19951869
6869,49.21999369
6870,49.23788799999999
6871,49.24825037999999
6872,49.27370462
6873,49.29636130999999
6874,178.56
6875,178.56
6876,84.00138566000042
6877,54.21129454999999
6878,55.17835617000001
6879,178.56
6880,178.56
6881,54.22176382000001
6882,53.13549261999999
6883,54.12408798999999
6884,54.04392455000001
6885,52.88242407000001
6886,51.59646547999998
6887,51.70685149
6888,52.3546702
6889,52.74993317999998
6890,53.49887921000001
6891,53.09811247999999
6892,53.07331133999998
6893,53.65360196
6894,53.58225362
6895,53.21028537999999
6896,53.05943523999999
6897,52.94449314
6898,178.56
6899,178.56
6900,114.7443646699996
6901,56.64690730999997
6902,54.21405947999999
6903,178.56
6904,178.56
6905,57.26190420999999
6906,56.85087141999998
6907,55.41707206
6908,54.80116761
6909,52.67503723999999
6910,52.71289778999999
6911,53.35413797
6912,53.57008979
6913,50.28806243999999
6914,49.31051594
6915,49.33060594000001
6916,50.16576662999999
6917,49.71097180000001
6918,49.39948601
6919,49.04289145
6920,49.21713552
6921,48.84100850999999
6922,178.56
6923,178.56
6924,87.9478611200008
6925,55.73897447999998
6926,54.86134745
6927,178.56
6928,178.56
6929,55.35035071999999
6930,55.30383844999999
6931,56.25904193000001
6932,55.03789249000001
6933,54.73121884999998
6934,53.48047635000001
6935,53.08936003000001
6936,52.89610878999999
6937,52.07405245
6938,53.72705526999999
6939,53.19064114000001
6940,53.15364872999999
6941,52.04725385999999
6942,51.01722912999999
6943,49.97269234999999
6944,49.23851575999999
6945,49.07976017
6946,178.56
6947,178.56
6948,94.9382941599998
6949,56.28118327999999
6950,55.69492354999999
6951,178.56
6952,178.56
6953,53.63620863999999
6954,53.47252189999999
6955,53.5334989
6956,53.40567218
6957,52.97115397
6958,52.31790396
6959,53.03209786000001
6960,52.73338293999998
6961,51.47568551999999
6962,50.88729540999998
6963,50.55867908
6964,49.99095031000002
6965,49.68918016999999
6966,49.45638788999999
6967,48.76019799
6968,46.23284652
6969,47.30835025
6970,46.62861244999999
6971,178.56
6972,172.793672079999
6973,50.65651345999999
6974,50.61895573000001
6975,178.56
6976,178.56
6977,50.55022441000002
6978,49.1013341
6979,48.71445362000001
6980,49.74293639
6981,48.75329927999999
6982,48.94009392999999
6983,48.37911679999999
6984,48.57535641
6985,47.77275516999999
6986,47.68602062
6987,47.47739486
6988,47.76693347999999
6989,47.99623254999999
6990,47.68980335
6991,47.77639573
6992,47.93393031
6993,48.36699678999999
6994,48.4618792
6995,178.56
6996,164.1428002599998
6997,49.19435996999999
6998,50.03496169000001
6999,178.56
7000,178.56
7001,50.28516465000001
7002,50.51105073
7003,50.24967961999999
7004,49.95668783
7005,49.77626969
7006,49.76353172
7007,49.65164435000002
7008,47.64678793
7009,46.62799624
7010,46.79744047999999
7011,46.90916097
7012,46.62361255999998
7013,46.48675016999999
7014,46.48185276
7015,46.19114534999999
7016,46.76845852
7017,45.42813793
7018,46.35292648000001
7019,178.56
7020,144.97584967
7021,47.78864776
7022,48.67988986
7023,178.56
7024,178.56
7025,49.02205651000001
7026,49.03724427
7027,49.00856877
7028,48.78895707
7029,49.09707795999999
7030,48.49141507000001
7031,48.15525175999999
7032,47.76334023999998
7033,48.47371214000001
7034,48.54785586000001
7035,49.00276535
7036,47.04641921000002
7037,47.21627385999999
7038,44.91297818
7039,44.93834751000001
7040,44.63364493000001
7041,45.18056193
7042,45.66988335000001
7043,178.56
7044,142.4794122000005
7045,47.29515693000001
7046,47.82847047999999
7047,178.56
7048,178.56
7049,49.43300572000001
7050,49.67151252000001
7051,47.69370179
7052,48.9681927
7053,48.51362138
7054,48.85174049
7055,47.32045255000001
7056,47.40978452
7057,61.83621115000001
7058,62.3935039
7059,63.14214221000001
7060,61.8614192
7061,60.86269713999999
7062,61.67986530999998
7063,61.90220876
7064,61.86465102999999
7065,61.93386773
7066,178.56
7067,178.56
7068,178.56
7069,59.80861355
7070,58.51331247999999
7071,178.56
7072,178.56
7073,101.3793744400005
7074,59.90944840999999
7075,61.05417576999999
7076,61.15380579000001
7077,60.78453262000001
7078,59.40584055
7079,62.23738017
7080,64.21537479000001
7081,63.56760682999999
7082,62.79757372
7083,63.18708500999999
7084,62.18268832999999
7085,62.46942996
7086,62.10613765999999
7087,61.17022078999999
7088,62.56565952
7089,61.19818355
7090,178.56
7091,178.56
7092,178.56
7093,61.01936197000001
7094,61.25492317
7095,178.56
7096,178.56
7097,89.78584575000019
7098,58.55324748000001
7099,57.87800186
7100,57.32736863
7101,57.07161873
7102,56.40879552
7103,57.48096199999999
7104,57.86446652000001
7105,58.31423002999999
7106,59.08902306999998
7107,59.52932747999999
7108,59.57672707
7109,59.63033783
7110,60.20359639000001
7111,60.08128707
7112,59.64379175999999
7113,58.63475086
7114,178.56
7115,178.56
7116,178.56
7117,58.90391492999998
7118,58.25035796999998
7119,178.56
7120,178.56
7121,73.48286073000071
7122,59.12836152999999
7123,60.00012235000001
7124,59.94000417999998
7125,59.84844347999999
7126,60.05122899999999
7127,60.67276656000001
7128,60.55197210999999
7129,60.10460813
7130,59.35403179999998
7131,58.90046785000001
7132,59.07699657999998
7133,59.45685703999999
7134,58.85401703999999
7135,57.9783148
7136,56.91088157999999
7137,56.09026045
7138,178.56
7139,178.56
7140,178.56
7141,58.16625493
7142,58.44501425000001
7143,178.56
7144,178.56
7145,59.12622659000058
7146,59.63117083
7147,60.74011768999999
7148,60.45503057999998
7149,59.65930648999999
7150,60.29973404
7151,59.81952913999999
7152,59.83343288999998
7153,58.28073587000002
7154,58.48210906999999
7155,57.94094565
7156,57.74654011000001
7157,58.82997351000001
7158,58.38423997
7159,58.68691906
7160,59.54543707000001
7161,60.50456748
7162,178.56
7163,178.56
7164,178.56
7165,61.13899393
7166,61.43938892
7167,178.56
7168,178.56
7169,90.58863114000022
7170,59.51382283
7171,59.62859672
7172,59.93676997000001
7173,60.37879477000001
7174,60.01732393999998
7175,60.22701258000001
7176,61.30467230999997
7177,62.50936951000001
7178,62.29106813999999
7179,62.67572660999998
7180,61.28866757999999
7181,61.09482658999999
7182,60.28927044
7183,59.93896573
7184,60.14067262000001
7185,59.95992092999998
7186,178.56
7187,178.56
7188,178.56
7189,61.26073078999999
7190,62.66938817999999
7191,178.56
7192,178.56
7193,117.1340640100001
7194,62.98498233999998
7195,62.75669575000001
7196,63.03229779
7197,63.96684035000001
7198,63.87458720999999
7199,63.90437906999997
7200,61.32156086
7201,60.73336485999997
7202,61.40174341000001
7203,60.41149099999999
7204,61.10543340999999
7205,61.90460926999999
7206,62.44827420999999
7207,62.34200630000001
7208,63.6349329
7209,64.12379841
7210,178.56
7211,178.56
7212,178.56
7213,62.37569120999999
7214,63.09776508000001
7215,178.56
7216,178.56
7217,123.6546316199998
7218,61.28574627
7219,61.19282624
7220,60.45767532
7221,59.34979113
7222,60.29264989999999
7223,59.93366826999998
7224,60.13899548999998
7225,59.78372435000001
7226,61.06630627999998
7227,61.90298162999999
7228,61.90448803
7229,61.74776132
7230,61.42045147
7231,59.37961127000001
7232,59.22396249
7233,59.64668486
7234,178.56
7235,178.56
7236,178.56
7237,61.57288913999999
7238,63.06416647999999
7239,178.56
7240,178.56
7241,109.61287485
7242,59.13364778999999
7243,61.99747581999998
7244,62.16879437999999
7245,62.47355358999999
7246,63.50842539999996
7247,63.31212104000001
7248,62.81004820999999
7249,61.38902055999999
7250,62.96130245999998
7251,61.32781648
7252,61.15140297
7253,60.9377727
7254,60.38318524
7255,59.54926837999999
7256,59.25820131
7257,59.5660149
7258,178.56
7259,178.56
7260,178.56
7261,58.55251262
7262,57.44889017000001
7263,178.56
7264,178.56
7265,69.67601711000061
7266,60.10867288999999
7267,58.72040775999999
7268,58.52520611000001
7269,57.55984961999999
7270,58.1265629
7271,58.82589503
7272,59.44157988999997
7273,58.94760676
7274,58.81177133999998
7275,59.0869629
7276,58.48473848
7277,58.33293893
7278,57.85137448999999
7279,57.9745418
7280,57.51107130999999
7281,59.19343758999999
7282,178.56
7283,178.56
7284,178.56
7285,60.61046641999999
7286,60.12369048000001
7287,178.56
7288,178.56
7289,67.0455010700005
7290,57.51541621
7291,58.05022530999999
7292,56.33350337999998
7293,55.58479954999999
7294,56.71556344999998
7295,57.08746644999999
7296,58.59257767999999
7297,59.21720973000001
7298,59.58872667999999
7299,59.33900994000001
7300,58.63671100000001
7301,57.50988621
7302,57.36452812999999
7303,56.45938739
7304,55.55616913000001
7305,54.76616803
7306,178.56
7307,178.56
7308,130.2066292699999
7309,54.16749142
7310,54.00049724999998
7311,178.56
7312,178.56
7313,55.95707221999999
7314,55.583486
7315,55.28479628
7316,56.06582569000001
7317,56.23493652
7318,55.63846169000001
7319,54.7170218
7320,54.85810442
7321,54.11485568999999
7322,53.89049624
7323,53.78474262
7324,53.57860696999999
7325,53.64140579000001
7326,53.38011272999999
7327,51.99207769
7328,51.59749728000001
7329,51.61535435
7330,178.56
7331,178.56
7332,93.1284000099999
7333,53.29921359
7334,53.34173642
7335,178.56
7336,178.56
7337,52.22480382
7338,51.49945752
7339,50.92757131
7340,52.11675230999998
7341,51.94308482999998
7342,52.37902642
7343,52.46187149
7344,54.33375962
7345,54.06732156000002
7346,54.14549504
7347,53.59719644999999
7348,53.75034203000001
7349,53.79961474999998
7350,53.73482590000002
7351,53.13077909999999
7352,52.01185934
7353,51.72135723999999
7354,178.56
7355,178.56
7356,112.7303472000003
7357,51.60718955
7358,55.888434
7359,178.56
7360,178.56
7361,56.55138334999998
7362,56.77185339000001
7363,55.50686427999998
7364,55.07696599999999
7365,55.94089857999998
7366,56.39914441000001
7367,57.70464678999998
7368,58.81385033999999
7369,58.37185206999999
7370,55.45721516999998
7371,53.89464745
7372,53.15746820999999
7373,52.23138207
7374,52.21292139000001
7375,51.91810623999999
7376,51.62123890000002
7377,50.59805610999999
7378,178.56
7379,178.56
7380,105.9774985300003
7381,54.36951316999999
7382,54.14756668999999
7383,178.56
7384,178.56
7385,56.24682202999998
7386,55.21529769
7387,55.68042221000001
7388,56.07714496999998
7389,53.32474693
7390,54.3185272
7391,56.73634659
7392,56.40837048000001
7393,57.25722540999998
7394,57.96636251
7395,58.51513528
7396,59.63858410999999
7397,56.18599938000001
7398,56.19194685999999
7399,54.18208544
7400,52.89009557999999
7401,52.64856583
7402,178.56
7403,178.56
7404,121.5457140400005
7405,52.74263218000001
7406,54.34810066
7407,178.56
7408,178.56
7409,55.97293345000001
7410,53.86533389999999
7411,53.64957297000001
7412,53.51330103000001
7413,52.23414504
7414,53.41903966
7415,55.29870535000001
7416,56.35554862000001
7417,55.56235299999998
7418,55.58067242000001
7419,54.52558538
7420,54.04381401999999
7421,53.29670185000001
7422,52.69976592999998
7423,52.50761796000001
7424,50.72280276
7425,51.80474795999999
7426,178.56
7427,178.56
7428,115.1625843500002
7429,54.38886593000001
7430,54.66744437000001
7431,178.56
7432,178.56
7433,55.87203748000001
7434,53.40497623999999
7435,55.14855709999998
7436,55.870374
7437,56.27772254999999
7438,58.39544697
7439,57.90592492999999
7440,55.5515667
7441,57.67859565999998
7442,60.59550314999998
7443,60.43800427
7444,60.96752627000001
7445,60.38303838
7446,61.18367751999998
7447,58.39488381999999
7448,57.04473376
7449,56.70625967999998
7450,178.56
7451,178.56
7452,178.56
7453,58.72232288999999
7454,58.30951903
7455,178.56
7456,178.56
7457,68.59930737000015
7458,60.7640978
7459,61.04621845
7460,61.50356618000001
7461,61.40517837999998
7462,61.59741447999997
7463,60.65041059
7464,63.45048261999999
7465,62.38486107000001
7466,63.0192563
7467,61.78216786
7468,60.92499678999999
7469,62.15573293999999
7470,60.60473916
7471,58.29650456
7472,58.10499758
7473,58.79722065000001
7474,178.56
7475,178.56
7476,178.56
7477,60.75540603999998
7478,60.53689844999999
7479,178.56
7480,178.56
7481,93.17686527999987
7482,59.16996554000001
7483,61.88192520999999
7484,61.53842057999998
7485,61.90195655
7486,61.38563920999997
7487,62.13668964999999
7488,62.15808927999998
7489,62.49722961999998
7490,63.52789331
7491,64.62195299
7492,63.29572466
7493,62.95504327
7494,61.79811154999999
7495,60.82328455
7496,60.57112830999999
7497,60.39717852
7498,178.56
7499,178.56
7500,178.56
7501,61.80635355999998
7502,60.95955180000001
7503,178.56
7504,178.56
7505,97.85806380000078
7506,58.25364089999999
7507,57.87307442
7508,59.66323950999999
7509,61.92718762999999
7510,61.57729179
7511,61.43447561999999
7512,61.56367469000001
7513,60.85984989
7514,61.88553448
7515,62.85634354999999
7516,61.63321717
7517,60.89606354999999
7518,60.24486699000001
7519,59.35032593000001
7520,58.26962455999999
7521,58.21143034000001
7522,178.56
7523,178.56
7524,178.56
7525,59.40998566999998
7526,61.06126831
7527,178.56
7528,178.56
7529,96.9095983200001
7530,61.95400365000001
7531,61.12519469
7532,61.42289531000001
7533,62.02400175999999
7534,62.04483620999999
7535,62.30819391999999
7536,62.90180609999999
7537,60.73138883000001
7538,61.47681855
7539,61.60280972999999
7540,59.71155372
7541,58.53763139
7542,58.55050831
7543,58.65686435
7544,58.99627348999999
7545,59.23388827999997
7546,178.56
7547,178.56
7548,158.4026788511001
7549,54.73354383000001
7550,54.88332709789999
7551,178.56
7552,178.56
7553,55.87078
7554,55.89317999999999
7555,55.91557999999999
7556,55.93798
7557,55.96037999999999
7558,55.98277999999999
7559,56.00517999999999
7560,56.02757999999999
7561,55.51237999999999
7562,55.53477999999999
7563,55.55717999999999
7564,55.57958
7565,55.60198
7566,55.62438
7567,55.64677999999999
7568,55.66918
7569,55.75808238
7570,178.56
7571,178.56
7572,129.4682766300008
7573,55.08122402999999
7574,54.88283941
7575,178.56
7576,178.56
7577,52.82625215000001
7578,54.85367958
7579,54.6841967
7580,55.498002
7581,58.43487769000001
7582,58.63429999
7583,60.45729451999998
7584,61.34381371999999
7585,60.56370865999998
7586,61.55256114
7587,61.80300965999999
7588,58.03785581999999
7589,56.86326569
7590,56.22631469000001
7591,53.51295606999998
7592,52.95534041
7593,53.92191475999999
7594,178.56
7595,178.56
7596,152.09857754
7597,54.33830318
7598,55.13213950999999
7599,178.56
7600,178.56
7601,57.00216619999999
7602,56.39932731999998
7603,56.41507899999998
7604,56.72530514
7605,59.49496293999998
7606,62.07684238000001
7607,62.68246585999999
7608,60.75063183
7609,60.20622362999998
7610,64.02610949
7611,65.36785310999997
7612,62.81627050999999
7613,61.32266909999998
7614,61.16712238000002
7615,60.85826782
7616,60.39531063999999
7617,60.05026768999997
7618,178.56
7619,178.56
7620,178.56
7621,62.86109921000001
7622,61.65765920999998
7623,178.56
7624,178.56
7625,106.8737510900006
7626,59.66253460999998
7627,65.91508273000001
7628,65.9950529
7629,64.75401086
7630,65.79684069
7631,65.57956573
7632,65.6646949
7633,67.61834597000002
7634,67.31426541
7635,67.36895430999999
7636,66.3770079
7637,65.04400224
7638,64.31041701
7639,63.66135111
7640,63.54771766
7641,63.68964672
7642,178.56
7643,178.56
7644,178.56
7645,66.89171524
7646,61.66564200999999
7647,178.56
7648,178.56
7649,133.6430418700004
7650,60.87246199999999
7651,61.95037863
7652,61.77055045
7653,61.49860485999998
7654,61.07296789999999
7655,60.39387158
7656,62.91084023000001
7657,62.29751731
7658,62.85250027000001
7659,62.20610452
7660,61.76976371999999
7661,60.54009275999999
7662,60.73107144999999
7663,59.69035751000001
7664,59.09326689
7665,58.20555292999999
7666,178.56
7667,178.56
7668,178.56
7669,59.02239195999997
7670,61.07574431
7671,178.56
7672,178.56
7673,100.7863792200002
7674,63.39924234
7675,63.70292467
7676,64.03447897
7677,63.70550186
7678,62.06513739999999
7679,63.38111255
7680,62.13362805999999
7681,62.36630386000001
7682,62.32510256
7683,63.76006734999999
7684,63.75279589
7685,63.21496972
7686,63.02887954999998
7687,62.51002058
7688,63.39525661000001
7689,62.42872033999999
7690,178.56
7691,178.56
7692,178.56
7693,64.51890886
7694,63.28346213
7695,178.56
7696,178.56
7697,140.9899210200003
7698,62.82092131
7699,63.78539096999999
7700,65.32024982000003
7701,65.96280802999999
7702,63.01059639
7703,63.86320955000001
7704,65.20369576
7705,64.65856838
7706,64.1521328
7707,65.66715127
7708,65.27513762
7709,65.54262904
7710,65.49934769000002
7711,65.59112391999999
7712,65.76865476999997
7713,64.64714269999999
7714,178.56
7715,178.56
7716,178.56
7717,63.62658168999999
7718,63.50452857
7719,178.56
7720,178.56
7721,148.7340294800009
7722,64.15399718
7723,64.38789014000001
7724,65.06769086999998
7725,64.28808407000002
7726,64.88836886
7727,65.64894231
7728,66.40569194
7729,65.37115192999997
7730,66.92251503000001
7731,67.32180525
7732,67.12501047
7733,66.03527440999999
7734,64.93111289000002
7735,64.21066876
7736,62.29166705999999
7737,61.00681278999999
7738,178.56
7739,178.56
7740,178.56
7741,64.42070781999999
7742,65.19342171999999
7743,178.56
7744,178.56
7745,159.3672470100006
7746,64.43961524
7747,65.23060362
7748,64.67534947999997
7749,66.52157161999999
7750,67.38760923999999
7751,67.82927431
7752,68.18056594999999
7753,68.20177475999999
7754,67.35389479
7755,68.59189490999998
7756,65.96133634999998
7757,65.0085058
7758,64.90539503000002
7759,64.31246213
7760,63.29395121000003
7761,64.53641593
7762,178.56
7763,178.56
7764,178.56
7765,67.65036977999999
7766,68.02322302999997
7767,178.56
7768,178.56
7769,167.2204585100005
7770,64.81799359
7771,65.71121221
7772,63.04038250999998
7773,61.01368448
7774,61.86542586000001
7775,60.12778555
7776,55.76205817
7777,53.72438861999998
7778,53.14323657999999
7779,53.02121048
7780,52.14152978999999
7781,52.13296837
7782,51.05467752000001
7783,50.72185082999999
7784,49.84681603999999
7785,49.27590528
7786,178.56
7787,178.56
7788,98.29826939000012
7789,58.18246727999998
7790,57.69255904999999
7791,178.56
7792,178.56
7793,54.02484962
7794,53.37799095999998
7795,53.69016848999999
7796,52.65566620999999
7797,53.78044965999999
7798,53.96385673
7799,52.49445866
7800,52.71256634
7801,51.73758778999999
7802,54.60529192999998
7803,55.21140337999999
7804,55.08442317
7805,54.69738897000001
7806,54.56097472000001
7807,54.46900479999999
7808,54.30788797
7809,54.05575776999999
7810,178.56
7811,178.56
7812,138.2820273899999
7813,56.38554284999999
7814,57.36241027999999
7815,178.56
7816,178.56
7817,59.34621665
7818,58.84329744999999
7819,58.68182158999999
7820,59.16347451000001
7821,58.17938245000001
7822,56.94794056000001
7823,55.51614313000001
7824,53.82798903999998
7825,52.05054155000001
7826,51.91527088999999
7827,52.03659076
7828,51.10054634999999
7829,49.85280559
7830,49.51942604000001
7831,49.31775568999998
7832,49.24341821000002
7833,48.94991275999999
7834,48.90781266
7835,178.56
7836,164.5791489100002
7837,48.17867838
7838,46.98463217
7839,178.56
7840,178.56
7841,48.20862885999999
7842,48.76823259000001
7843,49.20199164999999
7844,49.65741466
7845,49.50712865
7846,49.78619582999999
7847,50.47277165
7848,50.89413524999999
7849,50.61772547999999
7850,50.66176220000002
7851,49.39905781999998
7852,49.06615406
7853,47.74934478999999
7854,47.09662054999999
7855,47.034218
7856,46.98552123999998
7857,47.46930524
7858,178.56
7859,178.56
7860,89.28665581000058
7861,48.45641724
7862,49.16601710999999
7863,178.56
7864,178.56
7865,64.11482692999999
7866,65.31645714999999
7867,53.25927620999999
7868,52.45225782999999
7869,52.98331898999999
7870,52.38979696999999
7871,52.89254823999999
7872,53.77152143999999
7873,52.53671968999999
7874,50.05492575999998
7875,51.76614120999999
7876,52.66113048
7877,51.49773096999999
7878,51.72406385999999
7879,51.22514886999999
7880,50.84827734
7881,49.4988711
7882,178.56
7883,178.56
7884,99.18176219000036
7885,52.73936248
7886,53.80072382999998
7887,178.56
7888,178.56
7889,55.38338596000001
7890,55.34988473
7891,59.66452114000001
7892,60.40995197999999
7893,58.84840940999999
7894,58.71578299999998
7895,57.99377317999997
7896,56.97192452
7897,55.57583254999999
7898,54.66111728
7899,56.24217626999999
7900,56.73258276000001
7901,55.55711945
7902,55.31234113999998
7903,54.92004454999999
7904,54.60259259000001
7905,53.79010692999999
7906,178.56
7907,178.56
7908,121.8535364299996
7909,55.31811844999999
7910,55.88021103000001
7911,178.56
7912,178.56
7913,55.16491134
7914,53.49177154999998
7915,55.18119628000001
7916,55.69431706999998
7917,55.00249076
7918,53.85133354999999
7919,53.83338589999999
7920,53.40869771999999
7921,51.70689034000001
7922,51.05900562
7923,50.94326740999999
7924,50.61477798999999
7925,51.13097969000001
7926,51.09923455
7927,50.91938110000001
7928,50.87486844999999
7929,50.53885921000001
7930,178.56
7931,178.56
7932,83.25400082000014
7933,52.52709966
7934,52.91414547999999
7935,178.56
7936,178.56
7937,53.84025499999999
7938,54.69037931000002
7939,54.59289073000001
7940,54.23655286000002
7941,53.63651111000001
7942,53.29870468999999
7943,54.66211162999999
7944,55.11938214999999
7945,54.592825
7946,53.80693100999999
7947,52.50451941000001
7948,51.83422776
7949,51.59082348
7950,51.50404945
7951,51.35630395
7952,51.03523355000001
7953,50.62746038000002
7954,178.56
7955,178.56
7956,78.62227997000058
7957,49.82588785999999
7958,50.94430614
7959,178.56
7960,178.56
7961,52.05775623999999
7962,52.16873214
7963,53.74155282999999
7964,53.51683372
7965,52.85906759
7966,53.47446958000001
7967,54.16687311
7968,54.31704172999999
7969,55.60696673
7970,52.29565102999999
7971,52.01559531
7972,53.19563858
7973,54.2395469
7974,53.19214648999999
7975,52.70005755
7976,52.80815841
7977,53.13075593000001
7978,178.56
7979,178.56
7980,122.3418568100005
7981,55.80768493999999
7982,55.60894037999999
7983,178.56
7984,178.56
7985,57.72700955
7986,58.17647702999999
7987,57.41573669999998
7988,57.55661372999999
7989,53.17297076000002
7990,52.58963731
7991,52.08499764999998
7992,54.48980341
7993,55.28292496999999
7994,55.43088607
7995,55.58806189999999
7996,53.65237716999999
7997,55.94527645000001
7998,56.04484116
7999,55.91557712999999
8000,55.99908986000001
8001,56.18973479000001
8002,178.56
8003,178.56
8004,140.9001260200002
8005,56.83671182
8006,56.64389730999998
8007,178.56
8008,178.56
8009,55.01463359
8010,57.73287995999998
8011,58.46439850999999
8012,58.46215955999999
8013,58.02435583
8014,53.51869411000001
8015,53.69298906999999
8016,55.30826252
8017,54.71818058
8018,54.20337748
8019,54.37410496
8020,55.30143472
8021,53.09276000000002
8022,51.7140533
8023,52.11329164999999
8024,51.80459214
8025,51.83243303
8026,178.56
8027,178.56
8028,71.06680030999962
8029,45.53298385999999
8030,47.02888211
8031,178.56
8032,178.56
8033,52.54783561999999
8034,54.52716514
8035,53.64078475
8036,52.61185307
8037,50.78409679
8038,50.94394164999999
8039,51.63998944999998
8040,52.79136288999998
8041,52.11560668999999
8042,52.77428401
8043,51.843526
8044,51.45413105
8045,50.49919475999999
8046,50.87962999000001
8047,51.96203824
8048,51.69840879
8049,51.52864296999999
8050,178.56
8051,178.56
8052,74.6477327099997
8053,53.54437234999999
8054,50.62601333999999
8055,178.56
8056,178.56
8057,52.13668124
8058,50.37925228
8059,51.22978685999998
8060,50.78446309999999
8061,49.52994682999999
8062,48.11349935
8063,48.99722106999999
8064,50.76754696999998
8065,50.91761527999999
8066,51.63342589999998
8067,52.30460185999998
8068,51.89259418
8069,51.39393475999999
8070,51.70658521
8071,50.54680378999999
8072,49.61910064999999
8073,48.86754879999999
8074,178.56
8075,178.56
8076,81.77225991000017
8077,51.94205288999999
8078,50.9075259
8079,178.56
8080,178.56
8081,54.87577662
8082,55.11482928
8083,55.20339734
8084,56.18804099999998
8085,57.37758109999999
8086,57.14377732
8087,56.22893297
8088,56.13206003999999
8089,54.41480134999999
8090,56.70433776
8091,54.61188131
8092,55.45941344999999
8093,55.81984303
8094,55.78963782
8095,57.44787789999999
8096,56.78500352
8097,57.01060603000001
8098,178.56
8099,178.56
8100,165.4940334599998
8101,57.87061622999999
8102,56.64407727999998
8103,178.56
8104,178.56
8105,57.23118177
8106,56.73680866
8107,57.82065310000002
8108,58.17515416999998
8109,58.63773852999999
8110,58.30796503000001
8111,55.60666993
8112,54.30587617
8113,53.50383906
8114,54.86532120999998
8115,54.70040632
8116,55.72798973
8117,55.90279807000001
8118,57.84538375
8119,56.86727200000001
8120,56.84031506999998
8121,56.95639830999999
8122,178.56
8123,178.56
8124,175.0138629200005
8125,65.44559434
8126,63.46768861999999
8127,178.56
8128,178.56
8129,56.72593297000001
8130,58.37744709999998
8131,59.25577931
8132,57.04517903000001
8133,56.04689251000001
8134,53.55013530999999
8135,52.91759886000001
8136,50.83220121
8137,49.60479027000001
8138,49.82798099999999
8139,50.03661789000002
8140,50.93581723999999
8141,50.38056358999998
8142,50.37923302999999
8143,49.74028066000001
8144,49.71429876000001
8145,49.64814924999997
8146,178.56
8147,178.56
8148,65.4080734500001
8149,54.34399068
8150,52.25810526999999
8151,178.56
8152,178.56
8153,49.57306865
8154,53.11334181999999
8155,56.12539554999999
8156,53.90930278999998
8157,51.76605252
8158,50.39205703
8159,50.00204531
8160,50.24250924
8161,49.39499186999998
8162,50.68096096
8163,51.32264690000001
8164,51.57648363
8165,50.85621876999999
8166,50.96225224999999
8167,50.67208327999999
8168,49.91121331
8169,49.16343361999999
8170,49.17513068999999
8171,178.56
8172,174.8259576899999
8173,48.73764700000002
8174,49.59760155
8175,178.56
8176,178.56
8177,48.08596849000001
8178,47.75940371999999
8179,48.66465995999998
8180,48.23614845000001
8181,49.05187896000001
8182,50.07953951
8183,50.51738076000001
8184,50.17800892999999
8185,47.94698089999999
8186,45.11750607
8187,45.15738507
8188,46.07827237999999
8189,49.39901911000001
8190,48.77855752
8191,50.11167721
8192,46.81147583
8193,45.57369368999999
8194,45.80196628000002
8195,178.56
8196,135.8479024300003
8197,44.95592044999999
8198,45.23224034
8199,178.56
8200,178.56
8201,45.60053560999999
8202,46.86702495999999
8203,47.15607623999999
8204,47.82794541000001
8205,49.98457988999999
8206,49.90095173
8207,51.000145
8208,52.27084338
8209,51.62912068999999
8210,50.85803548
8211,50.8116749
8212,50.04916258999999
8213,50.46516041
8214,50.74408486
8215,48.68232621
8216,48.52975617
8217,48.79157472
8218,178.56
8219,178.56
8220,176.69927177
8221,48.67769010999999
8222,47.16871432
8223,178.56
8224,53.97044226000001
8225,54.54975876
8226,51.89848783
8227,49.98610841000001
8228,53.81528572000001
8229,53.37822686
8230,52.07206872
8231,50.29002516999999
8232,52.18881303999999
8233,50.86946403
8234,54.86054657999999
8235,52.92958502999998
8236,52.53451763
8237,52.36025879
8238,51.59696276000002
8239,51.76422601
8240,51.49548872999998
8241,50.44173637999999
8242,178.56
8243,178.56
8244,76.68309401000036
8245,49.38796338
8246,51.78506893000001
8247,178.56
8248,178.56
8249,54.33988244999999
8250,53.30594535000001
8251,55.55495427999999
8252,55.35130741
8253,53.67046762
8254,54.10271306999999
8255,54.11176652
8256,55.04435803999998
8257,55.46782667999999
8258,56.48167909999999
8259,56.56491035999998
8260,57.90608879999998
8261,57.13259062000001
8262,55.88719752
8263,52.85803642
8264,50.49654182999999
8265,49.26271301000001
8266,178.56
8267,178.56
8268,94.83365907000031
8269,52.56151803000002
8270,51.65280841
8271,178.56
8272,178.56
8273,54.34871161999999
8274,53.19552763
8275,53.50097864999999
8276,53.50138213
8277,51.36467721
8278,53.0278189
8279,54.00157952000001
8280,54.81222859
8281,55.64610793000001
8282,56.85546363
8283,57.0067099
8284,57.55822786
8285,57.65739763
8286,56.49927100999999
8287,56.19657637999997
8288,53.02442564999998
8289,52.04531297
8290,178.56
8291,178.56
8292,117.8667640700005
8293,53.05511379
8294,54.51181917999999
8295,178.56
8296,178.56
8297,55.97928966000001
8298,56.99388617999999
8299,56.44101799
8300,56.40441127999998
8301,55.89905250999998
8302,55.76832576
8303,55.11084138
8304,55.65106623999999
8305,56.48009562999997
8306,57.60626368000001
8307,57.75340396000001
8308,56.07387324000001
8309,55.23587488999998
8310,55.19332455000001
8311,54.57808720000001
8312,52.42454434000001
8313,51.85756072
8314,178.56
8315,178.56
8316,159.4505122100004
8317,55.93560735
8318,59.22470651999999
8319,178.56
8320,178.56
8321,62.44983045
8322,61.02989136999999
8323,59.39358298999998
8324,60.64305541
8325,61.01213600999998
8326,61.08455941
8327,59.82565406999998
8328,58.99869289999999
8329,57.76050223999999
8330,57.26987672
8331,55.60492455
8332,53.86446156000002
8333,53.20618107000001
8334,51.76420633999999
8335,52.03326289
8336,51.84024286000002
8337,51.6784079
8338,178.56
8339,178.56
8340,99.59914101000065
8341,53.44185987
8342,53.82574925
8343,178.56
8344,178.56
8345,54.54326541999999
8346,53.59564469
8347,53.08294628000001
8348,53.29517654999999
8349,52.95962902999999
8350,53.46535823999999
8351,52.89118737
8352,52.06846176000001
8353,53.06201403999999
8354,52.89337676000001
8355,51.18882012999999
8356,49.55240997000001
8357,50.67513941000001
8358,49.85989456000001
8359,49.85329055
8360,49.36389765999999
8361,48.39117485999999
8362,178.56
8363,178.56
8364,74.72023305000018
8365,49.69275437
8366,51.55548026999999
8367,178.56
8368,178.56
8369,55.78458214000001
8370,57.66378568999998
8371,57.84927162
8372,57.32245644999997
8373,56.07576806999998
8374,55.06783163
8375,55.58706048
8376,55.74667538999999
8377,56.22979355
8378,54.78824434999997
8379,54.17036303
8380,53.54858145
8381,52.99828121
8382,52.86933652
8383,52.47090533999999
8384,51.68863084
8385,54.37869541999999
8386,178.56
8387,178.56
8388,137.8623170199998
8389,60.97756721
8390,53.98239272999999
8391,178.56
8392,178.56
8393,56.74110211000001
8394,56.54505304000001
8395,56.22102947999999
8396,56.75973995999998
8397,54.19414476
8398,53.97248010000001
8399,54.28604369999999
8400,54.75422218
8401,53.69972768999998
8402,53.85064061999999
8403,55.28332151999999
8404,56.11635134000001
8405,55.93929635000001
8406,55.51408127999999
8407,55.61473826999999
8408,178.56
8409,178.56
8410,178.56
8411,178.56
8412,118.3041237000008
8413,52.70206829999999
8414,52.09951151999999
8415,54.05068409999999
8416,55.38752603999999
8417,54.8153571
8418,56.93911279
8419,57.5274371
8420,56.94120320000001
8421,56.51112663
8422,56.54025104
8423,56.98846083
8424,56.61682628
8425,56.38902955
8426,56.94339706999999
8427,57.89072106999999
8428,58.12487114
8429,57.35170721000001
8430,56.75842633999999
8431,56.71298968999999
8432,178.56
8433,178.56
8434,178.56
8435,178.56
8436,155.0178785340003
8437,57.84186954
8438,56.97928334
8439,56.34153679
8440,54.51434568999999
8441,54.04553686000001
8442,55.39965213999999
8443,54.69630098100001
8444,56.54935069
8445,56.69928810000003
8446,56.98736449
8447,57.93096665999999
8448,57.579146695
8449,57.04817467999998
8450,56.27796276549999
8451,55.88389569
8452,55.47532620000001
8453,52.63989749549999
8454,51.96443196000001
8455,51.1545909
8456,46.84540686699999
8457,28.06830825399999
8458,26.50360999999999
8459,178.56
8460,46.8817609048004
8461,26.57080999999999
8462,25.1957627012
8463,178.56
8464,178.56
8465,45.29926067799999
8466,45.12695369
8467,45.11906699999999
8468,45.141621
8469,45.13304124
8470,45.09368731
8471,45.23851738
8472,45.53034031
8473,45.17523745
8474,45.130904
8475,45.1795351
8476,45.19700731
8477,45.231676
8478,45.24212693
8479,45.314962
8480,178.56
8481,178.56
8482,178.56
8483,178.56
8484,72.82688997000069
8485,53.95760531
8486,53.18523706999999
8487,54.76783753
8488,54.86895596
8489,56.00988365
8490,56.02520027999999
8491,60.62363286
8492,62.29806771999998
8493,63.89347489
8494,58.61473296000001
8495,58.65009493000001
8496,58.45822948000001
8497,58.08177172000001
8498,58.21133024
8499,58.41639993
8500,58.00251751
8501,58.30573664999999
8502,57.19293712999999
8503,55.37496131999999
8504,178.56
8505,178.56
8506,178.56
8507,178.56
8508,140.2105369600001
8509,55.00072445000001
8510,54.60719613999999
8511,54.68159711
8512,55.39152955000001
8513,54.85370289000001
8514,55.49631276000001
8515,56.38362736999999
8516,57.18023709999999
8517,56.89789742
8518,57.43037006
8519,56.57758854999999
8520,57.38441324
8521,56.87702993
8522,56.24528944999998
8523,56.05611914000001
8524,56.18108313999997
8525,55.25961727999999
8526,54.42868829999998
8527,54.35530029999999
8528,53.73819024
8529,52.35128465
8530,178.56
8531,178.56
8532,130.7185659399999
8533,54.93886797
8534,55.10138214000001
8535,178.56
8536,178.56
8537,55.19540355
8538,55.67200064999999
8539,56.42128107
8540,55.60707579
8541,56.25959275999999
8542,56.04036675999999
8543,56.24056011000001
8544,56.11583803000001
8545,55.68876614000002
8546,55.00430565
8547,53.93294641000001
8548,54.57560731000002
8549,54.85878006000002
8550,53.78607234
8551,54.81583821
8552,54.21772097000001
8553,54.80992048
8554,178.56
8555,178.56
8556,85.47493314999942
8557,49.60956867999999
8558,49.84120385999999
8559,178.56
8560,178.56
8561,51.17433517
8562,51.58335252
8563,51.67520624000002
8564,51.48885903000001
8565,51.45166061
8566,51.64433442
8567,52.37975448999999
8568,53.52324865999999
8569,52.98824810999999
8570,53.29364831
8571,53.20768355
8572,53.77059876999999
8573,53.54924154999998
8574,53.28670214
8575,53.27691656
8576,53.28679062
8577,52.7656738
8578,178.56
8579,178.56
8580,54.54342161999963
8581,49.576408
8582,49.68989921
8583,178.56
8584,178.56
8585,47.83464021
8586,48.26675749
8587,48.23194620999999
8588,48.00224807000001
8589,47.97957717000001
8590,48.04170909999999
8591,48.39895683
8592,49.74149557999999
8593,48.88168334
8594,48.11062431
8595,48.07504309999999
8596,47.79881113
8597,47.68633366
8598,47.49902310999999
8599,47.69739288999999
8600,47.96219007999999
8601,47.73010375
8602,47.63133234999999
8603,178.56
8604,152.3416227399998
8605,47.95140034999999
8606,48.22843949000001
8607,178.56
8608,178.56
8609,48.68497732
8610,48.91856172
8611,48.71101473
8612,48.56953269000001
8613,48.92737030999999
8614,49.29213772
8615,49.210896
8616,50.65843740999998
8617,50.06786834
8618,49.02733485999997
8619,48.41148186000001
8620,48.32166738
8621,48.21262900999999
8622,47.92529483000001
8623,47.48292255
8624,47.65295696
8625,48.32285024
8626,47.57563524000001
8627,178.56
8628,169.7327070800002
8629,49.70227724
8630,49.22181606999999
8631,178.56
8632,178.56
8633,52.67986464999998
8634,51.65691223
8635,51.86950321
8636,50.89447062
8637,51.16884065999999
8638,51.1538188
8639,50.44102210000001
8640,50.79973226999999
8641,50.47773961999999
8642,50.47542289999999
8643,49.88449213999998
8644,49.52846289999999
8645,49.42581455
8646,48.41647706
8647,48.00516308
8648,48.40563224
8649,47.93215217
8650,178.56
8651,178.56
8652,177.8464799200002
8653,51.81310372000001
8654,51.93793941
8655,178.56
8656,50.93941496000001
8657,50.75951061999999
8658,50.21259873
8659,49.88095238
8660,50.23917486
8661,49.63351085
8662,49.32861002999999
8663,49.58370416999999
8664,50.21199169
8665,49.63761852
8666,49.89461183
8667,49.74976720000002
8668,49.2690751
8669,49.12980086
8670,49.47368775999999
8671,49.13488048
8672,49.21859858999998
8673,48.81847389999998
8674,48.55499859
8675,178.56
8676,158.05673839
8677,48.402697
8678,47.98599203999998
8679,178.56
8680,178.56
8681,48.02988624
8682,48.18603537999999
8683,48.08651869000001
8684,48.24500289
8685,48.26332245
8686,48.27622547999999
8687,47.92753678999999
8688,48.54424862
8689,47.03871452
8690,47.00395461999999
8691,47.05207254999999
8692,47.02729724
8693,47.05621605999999
8694,47.30308310000001
8695,47.32686916999999
8696,47.35902318
8697,47.23381348
8698,47.09831300999998
8699,178.56
8700,152.1304074600001
8701,48.19056234999999
8702,48.19825556000001
8703,178.56
8704,178.56
8705,48.84847344999999
8706,48.99676817
8707,49.33335414
8708,49.62561358999999
8709,49.89536335
8710,49.76078499
8711,51.30049630999999
8712,51.3322649
8713,51.27235365000001
8714,50.64328353000001
8715,51.64822844999998
8716,50.82609252
8717,49.75357799999999
8718,49.353157
8719,49.36280076000001
8720,48.82979927
8721,178.56
8722,178.56
8723,178.56
8724,167.5884910200004
8725,48.42228061999999
8726,48.54796331
8727,48.59135932000001
8728,48.27038972
8729,50.05383138
8730,49.36703555
8731,49.01318835000001
8732,47.47169266
8733,47.62419661999999
8734,47.68050210000001
8735,47.75716147999999
8736,48.27875269
8737,46.69467817
8738,46.60527501000001
8739,47.23761692999999
8740,47.54342796000001
8741,47.60086352
8742,47.28516828
8743,47.16311564999999
8744,46.72313128
8745,46.72420221000001
8746,46.6110043
8747,178.56
8748,160.8690735700003
8749,46.52995417
8750,47.15102965999998
8751,178.56
8752,178.56
8753,52.97256734
8754,53.15800252
8755,51.85441044
8756,51.75502234
8757,52.10231165999999
8758,48.34798948000001
8759,47.66288792999999
8760,47.06738847999999
