param : PeriodOfYear TimeOfYear := 
1      1   1
2      1   2
3      1   3
4      1   4
5      1   5
6      1   6
7      1   7
8      1   8
9      1   9
10     1  10
11     1  11
12     1  12
13     1  13
14     1  14
15     1  15
16     1  16
17     1  17
18     1  18
19     1  19
20     1  20
21     1  21
22     1  22
23     1  23
24     1  24
25     1   1
26     1   2
27     1   3
28     1   4
29     1   5
30     1   6
31     1   7
32     1   8
33     1   9
34     1  10
35     1  11
36     1  12
37     1  13
38     1  14
39     1  15
40     1  16
41     1  17
42     1  18
43     1  19
44     1  20
45     1  21
46     1  22
47     1  23
48     1  24
49     2   1
50     2   2
51     2   3
52     2   4
53     2   5
54     2   6
55     2   7
56     2   8
57     2   9
58     2  10
59     2  11
60     2  12
61     2  13
62     2  14
63     2  15
64     2  16
65     2  17
66     2  18
67     2  19
68     2  20
69     2  21
70     2  22
71     2  23
72     2  24
73     2   1
74     2   2
75     2   3
76     2   4
77     2   5
78     2   6
79     2   7
80     2   8
81     2   9
82     2  10
83     2  11
84     2  12
85     2  13
86     2  14
87     2  15
88     2  16
89     2  17
90     2  18
91     2  19
92     2  20
93     2  21
94     2  22
95     2  23
96     2  24
97     2   1
98     2   2
99     2   3
100    2   4
101    2   5
102    2   6
103    2   7
104    2   8
105    2   9
106    2  10
107    2  11
108    2  12
109    2  13
110    2  14
111    2  15
112    2  16
113    2  17
114    2  18
115    2  19
116    2  20
117    2  21
118    2  22
119    2  23
120    2  24
121    2   1
122    2   2
123    2   3
124    2   4
125    2   5
126    2   6
127    2   7
128    2   8
129    2   9
130    2  10
131    2  11
132    2  12
133    2  13
134    2  14
135    2  15
136    2  16
137    2  17
138    2  18
139    2  19
140    2  20
141    2  21
142    2  22
143    2  23
144    2  24
145    2   1
146    2   2
147    2   3
148    2   4
149    2   5
150    2   6
151    2   7
152    2   8
153    2   9
154    2  10
155    2  11
156    2  12
157    2  13
158    2  14
159    2  15
160    2  16
161    2  17
162    2  18
163    2  19
164    2  20
165    2  21
166    2  22
167    2  23
168    2  24
169    1   1
170    1   2
171    1   3
172    1   4
173    1   5
174    1   6
175    1   7
176    1   8
177    1   9
178    1  10
179    1  11
180    1  12
181    1  13
182    1  14
183    1  15
184    1  16
185    1  17
186    1  18
187    1  19
188    1  20
189    1  21
190    1  22
191    1  23
192    1  24
193    1   1
194    1   2
195    1   3
196    1   4
197    1   5
198    1   6
199    1   7
200    1   8
201    1   9
202    1  10
203    1  11
204    1  12
205    1  13
206    1  14
207    1  15
208    1  16
209    1  17
210    1  18
211    1  19
212    1  20
213    1  21
214    1  22
215    1  23
216    1  24
217    2   1
218    2   2
219    2   3
220    2   4
221    2   5
222    2   6
223    2   7
224    2   8
225    2   9
226    2  10
227    2  11
228    2  12
229    2  13
230    2  14
231    2  15
232    2  16
233    2  17
234    2  18
235    2  19
236    2  20
237    2  21
238    2  22
239    2  23
240    2  24
241    2   1
242    2   2
243    2   3
244    2   4
245    2   5
246    2   6
247    2   7
248    2   8
249    2   9
250    2  10
251    2  11
252    2  12
253    2  13
254    2  14
255    2  15
256    2  16
257    2  17
258    2  18
259    2  19
260    2  20
261    2  21
262    2  22
263    2  23
264    2  24
265    2   1
266    2   2
267    2   3
268    2   4
269    2   5
270    2   6
271    2   7
272    2   8
273    2   9
274    2  10
275    2  11
276    2  12
277    2  13
278    2  14
279    2  15
280    2  16
281    2  17
282    2  18
283    2  19
284    2  20
285    2  21
286    2  22
287    2  23
288    2  24
289    2   1
290    2   2
291    2   3
292    2   4
293    2   5
294    2   6
295    2   7
296    2   8
297    2   9
298    2  10
299    2  11
300    2  12
301    2  13
302    2  14
303    2  15
304    2  16
305    2  17
306    2  18
307    2  19
308    2  20
309    2  21
310    2  22
311    2  23
312    2  24
313    2   1
314    2   2
315    2   3
316    2   4
317    2   5
318    2   6
319    2   7
320    2   8
321    2   9
322    2  10
323    2  11
324    2  12
325    2  13
326    2  14
327    2  15
328    2  16
329    2  17
330    2  18
331    2  19
332    2  20
333    2  21
334    2  22
335    2  23
336    2  24
337    1   1
338    1   2
339    1   3
340    1   4
341    1   5
342    1   6
343    1   7
344    1   8
345    1   9
346    1  10
347    1  11
348    1  12
349    1  13
350    1  14
351    1  15
352    1  16
353    1  17
354    1  18
355    1  19
356    1  20
357    1  21
358    1  22
359    1  23
360    1  24
361    1   1
362    1   2
363    1   3
364    1   4
365    1   5
366    1   6
367    1   7
368    1   8
369    1   9
370    1  10
371    1  11
372    1  12
373    1  13
374    1  14
375    1  15
376    1  16
377    1  17
378    1  18
379    1  19
380    1  20
381    1  21
382    1  22
383    1  23
384    1  24
385    3   1
386    3   2
387    3   3
388    3   4
389    3   5
390    3   6
391    3   7
392    3   8
393    3   9
394    3  10
395    3  11
396    3  12
397    3  13
398    3  14
399    3  15
400    3  16
401    3  17
402    3  18
403    3  19
404    3  20
405    3  21
406    3  22
407    3  23
408    3  24
409    4   1
410    4   2
411    4   3
412    4   4
413    4   5
414    4   6
415    4   7
416    4   8
417    4   9
418    4  10
419    4  11
420    4  12
421    4  13
422    4  14
423    4  15
424    4  16
425    4  17
426    4  18
427    4  19
428    4  20
429    4  21
430    4  22
431    4  23
432    4  24
433    4   1
434    4   2
435    4   3
436    4   4
437    4   5
438    4   6
439    4   7
440    4   8
441    4   9
442    4  10
443    4  11
444    4  12
445    4  13
446    4  14
447    4  15
448    4  16
449    4  17
450    4  18
451    4  19
452    4  20
453    4  21
454    4  22
455    4  23
456    4  24
457    4   1
458    4   2
459    4   3
460    4   4
461    4   5
462    4   6
463    4   7
464    4   8
465    4   9
466    4  10
467    4  11
468    4  12
469    4  13
470    4  14
471    4  15
472    4  16
473    4  17
474    4  18
475    4  19
476    4  20
477    4  21
478    4  22
479    4  23
480    4  24
481    4   1
482    4   2
483    4   3
484    4   4
485    4   5
486    4   6
487    4   7
488    4   8
489    4   9
490    4  10
491    4  11
492    4  12
493    4  13
494    4  14
495    4  15
496    4  16
497    4  17
498    4  18
499    4  19
500    4  20
501    4  21
502    4  22
503    4  23
504    4  24
505    1   1
506    1   2
507    1   3
508    1   4
509    1   5
510    1   6
511    1   7
512    1   8
513    1   9
514    1  10
515    1  11
516    1  12
517    1  13
518    1  14
519    1  15
520    1  16
521    1  17
522    1  18
523    1  19
524    1  20
525    1  21
526    1  22
527    1  23
528    1  24
529    1   1
530    1   2
531    1   3
532    1   4
533    1   5
534    1   6
535    1   7
536    1   8
537    1   9
538    1  10
539    1  11
540    1  12
541    1  13
542    1  14
543    1  15
544    1  16
545    1  17
546    1  18
547    1  19
548    1  20
549    1  21
550    1  22
551    1  23
552    1  24
553    4   1
554    4   2
555    4   3
556    4   4
557    4   5
558    4   6
559    4   7
560    4   8
561    4   9
562    4  10
563    4  11
564    4  12
565    4  13
566    4  14
567    4  15
568    4  16
569    4  17
570    4  18
571    4  19
572    4  20
573    4  21
574    4  22
575    4  23
576    4  24
577    4   1
578    4   2
579    4   3
580    4   4
581    4   5
582    4   6
583    4   7
584    4   8
585    4   9
586    4  10
587    4  11
588    4  12
589    4  13
590    4  14
591    4  15
592    4  16
593    4  17
594    4  18
595    4  19
596    4  20
597    4  21
598    4  22
599    4  23
600    4  24
601    2   1
602    2   2
603    2   3
604    2   4
605    2   5
606    2   6
607    2   7
608    2   8
609    2   9
610    2  10
611    2  11
612    2  12
613    2  13
614    2  14
615    2  15
616    2  16
617    2  17
618    2  18
619    2  19
620    2  20
621    2  21
622    2  22
623    2  23
624    2  24
625    2   1
626    2   2
627    2   3
628    2   4
629    2   5
630    2   6
631    2   7
632    2   8
633    2   9
634    2  10
635    2  11
636    2  12
637    2  13
638    2  14
639    2  15
640    2  16
641    2  17
642    2  18
643    2  19
644    2  20
645    2  21
646    2  22
647    2  23
648    2  24
649    2   1
650    2   2
651    2   3
652    2   4
653    2   5
654    2   6
655    2   7
656    2   8
657    2   9
658    2  10
659    2  11
660    2  12
661    2  13
662    2  14
663    2  15
664    2  16
665    2  17
666    2  18
667    2  19
668    2  20
669    2  21
670    2  22
671    2  23
672    2  24
673    1   1
674    1   2
675    1   3
676    1   4
677    1   5
678    1   6
679    1   7
680    1   8
681    1   9
682    1  10
683    1  11
684    1  12
685    1  13
686    1  14
687    1  15
688    1  16
689    1  17
690    1  18
691    1  19
692    1  20
693    1  21
694    1  22
695    1  23
696    1  24
697    1   1
698    1   2
699    1   3
700    1   4
701    1   5
702    1   6
703    1   7
704    1   8
705    1   9
706    1  10
707    1  11
708    1  12
709    1  13
710    1  14
711    1  15
712    1  16
713    1  17
714    1  18
715    1  19
716    1  20
717    1  21
718    1  22
719    1  23
720    1  24
721    2   1
722    2   2
723    2   3
724    2   4
725    2   5
726    2   6
727    2   7
728    2   8
729    2   9
730    2  10
731    2  11
732    2  12
733    2  13
734    2  14
735    2  15
736    2  16
737    2  17
738    2  18
739    2  19
740    2  20
741    2  21
742    2  22
743    2  23
744    2  24
745    4   1
746    4   2
747    4   3
748    4   4
749    4   5
750    4   6
751    4   7
752    4   8
753    4   9
754    4  10
755    4  11
756    4  12
757    4  13
758    4  14
759    4  15
760    4  16
761    4  17
762    4  18
763    4  19
764    4  20
765    4  21
766    4  22
767    4  23
768    4  24
769    4   1
770    4   2
771    4   3
772    4   4
773    4   5
774    4   6
775    4   7
776    4   8
777    4   9
778    4  10
779    4  11
780    4  12
781    4  13
782    4  14
783    4  15
784    4  16
785    4  17
786    4  18
787    4  19
788    4  20
789    4  21
790    4  22
791    4  23
792    4  24
793    4   1
794    4   2
795    4   3
796    4   4
797    4   5
798    4   6
799    4   7
800    4   8
801    4   9
802    4  10
803    4  11
804    4  12
805    4  13
806    4  14
807    4  15
808    4  16
809    4  17
810    4  18
811    4  19
812    4  20
813    4  21
814    4  22
815    4  23
816    4  24
817    4   1
818    4   2
819    4   3
820    4   4
821    4   5
822    4   6
823    4   7
824    4   8
825    4   9
826    4  10
827    4  11
828    4  12
829    4  13
830    4  14
831    4  15
832    4  16
833    4  17
834    4  18
835    4  19
836    4  20
837    4  21
838    4  22
839    4  23
840    4  24
841    1   1
842    1   2
843    1   3
844    1   4
845    1   5
846    1   6
847    1   7
848    1   8
849    1   9
850    1  10
851    1  11
852    1  12
853    1  13
854    1  14
855    1  15
856    1  16
857    1  17
858    1  18
859    1  19
860    1  20
861    1  21
862    1  22
863    1  23
864    1  24
865    5   1
866    5   2
867    5   3
868    5   4
869    5   5
870    5   6
871    5   7
872    5   8
873    5   9
874    5  10
875    5  11
876    5  12
877    5  13
878    5  14
879    5  15
880    5  16
881    5  17
882    5  18
883    5  19
884    5  20
885    5  21
886    5  22
887    5  23
888    5  24
889    3   1
890    3   2
891    3   3
892    3   4
893    3   5
894    3   6
895    3   7
896    3   8
897    3   9
898    3  10
899    3  11
900    3  12
901    3  13
902    3  14
903    3  15
904    3  16
905    3  17
906    3  18
907    3  19
908    3  20
909    3  21
910    3  22
911    3  23
912    3  24
913    3   1
914    3   2
915    3   3
916    3   4
917    3   5
918    3   6
919    3   7
920    3   8
921    3   9
922    3  10
923    3  11
924    3  12
925    3  13
926    3  14
927    3  15
928    3  16
929    3  17
930    3  18
931    3  19
932    3  20
933    3  21
934    3  22
935    3  23
936    3  24
937    3   1
938    3   2
939    3   3
940    3   4
941    3   5
942    3   6
943    3   7
944    3   8
945    3   9
946    3  10
947    3  11
948    3  12
949    3  13
950    3  14
951    3  15
952    3  16
953    3  17
954    3  18
955    3  19
956    3  20
957    3  21
958    3  22
959    3  23
960    3  24
961    3   1
962    3   2
963    3   3
964    3   4
965    3   5
966    3   6
967    3   7
968    3   8
969    3   9
970    3  10
971    3  11
972    3  12
973    3  13
974    3  14
975    3  15
976    3  16
977    3  17
978    3  18
979    3  19
980    3  20
981    3  21
982    3  22
983    3  23
984    3  24
985    4   1
986    4   2
987    4   3
988    4   4
989    4   5
990    4   6
991    4   7
992    4   8
993    4   9
994    4  10
995    4  11
996    4  12
997    4  13
998    4  14
999    4  15
1000   4  16
1001   4  17
1002   4  18
1003   4  19
1004   4  20
1005   4  21
1006   4  22
1007   4  23
1008   4  24
1009   1   1
1010   1   2
1011   1   3
1012   1   4
1013   1   5
1014   1   6
1015   1   7
1016   1   8
1017   1   9
1018   1  10
1019   1  11
1020   1  12
1021   1  13
1022   1  14
1023   1  15
1024   1  16
1025   1  17
1026   1  18
1027   1  19
1028   1  20
1029   1  21
1030   1  22
1031   1  23
1032   1  24
1033   1   1
1034   1   2
1035   1   3
1036   1   4
1037   1   5
1038   1   6
1039   1   7
1040   1   8
1041   1   9
1042   1  10
1043   1  11
1044   1  12
1045   1  13
1046   1  14
1047   1  15
1048   1  16
1049   1  17
1050   1  18
1051   1  19
1052   1  20
1053   1  21
1054   1  22
1055   1  23
1056   1  24
1057   3   1
1058   3   2
1059   3   3
1060   3   4
1061   3   5
1062   3   6
1063   3   7
1064   3   8
1065   3   9
1066   3  10
1067   3  11
1068   3  12
1069   3  13
1070   3  14
1071   3  15
1072   3  16
1073   3  17
1074   3  18
1075   3  19
1076   3  20
1077   3  21
1078   3  22
1079   3  23
1080   3  24
1081   4   1
1082   4   2
1083   4   3
1084   4   4
1085   4   5
1086   4   6
1087   4   7
1088   4   8
1089   4   9
1090   4  10
1091   4  11
1092   4  12
1093   4  13
1094   4  14
1095   4  15
1096   4  16
1097   4  17
1098   4  18
1099   4  19
1100   4  20
1101   4  21
1102   4  22
1103   4  23
1104   4  24
1105   4   1
1106   4   2
1107   4   3
1108   4   4
1109   4   5
1110   4   6
1111   4   7
1112   4   8
1113   4   9
1114   4  10
1115   4  11
1116   4  12
1117   4  13
1118   4  14
1119   4  15
1120   4  16
1121   4  17
1122   4  18
1123   4  19
1124   4  20
1125   4  21
1126   4  22
1127   4  23
1128   4  24
1129   3   1
1130   3   2
1131   3   3
1132   3   4
1133   3   5
1134   3   6
1135   3   7
1136   3   8
1137   3   9
1138   3  10
1139   3  11
1140   3  12
1141   3  13
1142   3  14
1143   3  15
1144   3  16
1145   3  17
1146   3  18
1147   3  19
1148   3  20
1149   3  21
1150   3  22
1151   3  23
1152   3  24
1153   3   1
1154   3   2
1155   3   3
1156   3   4
1157   3   5
1158   3   6
1159   3   7
1160   3   8
1161   3   9
1162   3  10
1163   3  11
1164   3  12
1165   3  13
1166   3  14
1167   3  15
1168   3  16
1169   3  17
1170   3  18
1171   3  19
1172   3  20
1173   3  21
1174   3  22
1175   3  23
1176   3  24
1177   5   1
1178   5   2
1179   5   3
1180   5   4
1181   5   5
1182   5   6
1183   5   7
1184   5   8
1185   5   9
1186   5  10
1187   5  11
1188   5  12
1189   5  13
1190   5  14
1191   5  15
1192   5  16
1193   5  17
1194   5  18
1195   5  19
1196   5  20
1197   5  21
1198   5  22
1199   5  23
1200   5  24
1201   1   1
1202   1   2
1203   1   3
1204   1   4
1205   1   5
1206   1   6
1207   1   7
1208   1   8
1209   1   9
1210   1  10
1211   1  11
1212   1  12
1213   1  13
1214   1  14
1215   1  15
1216   1  16
1217   1  17
1218   1  18
1219   1  19
1220   1  20
1221   1  21
1222   1  22
1223   1  23
1224   1  24
1225   3   1
1226   3   2
1227   3   3
1228   3   4
1229   3   5
1230   3   6
1231   3   7
1232   3   8
1233   3   9
1234   3  10
1235   3  11
1236   3  12
1237   3  13
1238   3  14
1239   3  15
1240   3  16
1241   3  17
1242   3  18
1243   3  19
1244   3  20
1245   3  21
1246   3  22
1247   3  23
1248   3  24
1249   6   1
1250   6   2
1251   6   3
1252   6   4
1253   6   5
1254   6   6
1255   6   7
1256   6   8
1257   6   9
1258   6  10
1259   6  11
1260   6  12
1261   6  13
1262   6  14
1263   6  15
1264   6  16
1265   6  17
1266   6  18
1267   6  19
1268   6  20
1269   6  21
1270   6  22
1271   6  23
1272   6  24
1273   6   1
1274   6   2
1275   6   3
1276   6   4
1277   6   5
1278   6   6
1279   6   7
1280   6   8
1281   6   9
1282   6  10
1283   6  11
1284   6  12
1285   6  13
1286   6  14
1287   6  15
1288   6  16
1289   6  17
1290   6  18
1291   6  19
1292   6  20
1293   6  21
1294   6  22
1295   6  23
1296   6  24
1297   6   1
1298   6   2
1299   6   3
1300   6   4
1301   6   5
1302   6   6
1303   6   7
1304   6   8
1305   6   9
1306   6  10
1307   6  11
1308   6  12
1309   6  13
1310   6  14
1311   6  15
1312   6  16
1313   6  17
1314   6  18
1315   6  19
1316   6  20
1317   6  21
1318   6  22
1319   6  23
1320   6  24
1321   6   1
1322   6   2
1323   6   3
1324   6   4
1325   6   5
1326   6   6
1327   6   7
1328   6   8
1329   6   9
1330   6  10
1331   6  11
1332   6  12
1333   6  13
1334   6  14
1335   6  15
1336   6  16
1337   6  17
1338   6  18
1339   6  19
1340   6  20
1341   6  21
1342   6  22
1343   6  23
1344   6  24
1345   5   1
1346   5   2
1347   5   3
1348   5   4
1349   5   5
1350   5   6
1351   5   7
1352   5   8
1353   5   9
1354   5  10
1355   5  11
1356   5  12
1357   5  13
1358   5  14
1359   5  15
1360   5  16
1361   5  17
1362   5  18
1363   5  19
1364   5  20
1365   5  21
1366   5  22
1367   5  23
1368   5  24
1369   5   1
1370   5   2
1371   5   3
1372   5   4
1373   5   5
1374   5   6
1375   5   7
1376   5   8
1377   5   9
1378   5  10
1379   5  11
1380   5  12
1381   5  13
1382   5  14
1383   5  15
1384   5  16
1385   5  17
1386   5  18
1387   5  19
1388   5  20
1389   5  21
1390   5  22
1391   5  23
1392   5  24
1393   3   1
1394   3   2
1395   3   3
1396   3   4
1397   3   5
1398   3   6
1399   3   7
1400   3   8
1401   3   9
1402   3  10
1403   3  11
1404   3  12
1405   3  13
1406   3  14
1407   3  15
1408   3  16
1409   3  17
1410   3  18
1411   3  19
1412   3  20
1413   3  21
1414   3  22
1415   3  23
1416   3  24
1417   3   1
1418   3   2
1419   3   3
1420   3   4
1421   3   5
1422   3   6
1423   3   7
1424   3   8
1425   3   9
1426   3  10
1427   3  11
1428   3  12
1429   3  13
1430   3  14
1431   3  15
1432   3  16
1433   3  17
1434   3  18
1435   3  19
1436   3  20
1437   3  21
1438   3  22
1439   3  23
1440   3  24
1441   6   1
1442   6   2
1443   6   3
1444   6   4
1445   6   5
1446   6   6
1447   6   7
1448   6   8
1449   6   9
1450   6  10
1451   6  11
1452   6  12
1453   6  13
1454   6  14
1455   6  15
1456   6  16
1457   6  17
1458   6  18
1459   6  19
1460   6  20
1461   6  21
1462   6  22
1463   6  23
1464   6  24
1465   3   1
1466   3   2
1467   3   3
1468   3   4
1469   3   5
1470   3   6
1471   3   7
1472   3   8
1473   3   9
1474   3  10
1475   3  11
1476   3  12
1477   3  13
1478   3  14
1479   3  15
1480   3  16
1481   3  17
1482   3  18
1483   3  19
1484   3  20
1485   3  21
1486   3  22
1487   3  23
1488   3  24
1489   4   1
1490   4   2
1491   4   3
1492   4   4
1493   4   5
1494   4   6
1495   4   7
1496   4   8
1497   4   9
1498   4  10
1499   4  11
1500   4  12
1501   4  13
1502   4  14
1503   4  15
1504   4  16
1505   4  17
1506   4  18
1507   4  19
1508   4  20
1509   4  21
1510   4  22
1511   4  23
1512   4  24
1513   1   1
1514   1   2
1515   1   3
1516   1   4
1517   1   5
1518   1   6
1519   1   7
1520   1   8
1521   1   9
1522   1  10
1523   1  11
1524   1  12
1525   1  13
1526   1  14
1527   1  15
1528   1  16
1529   1  17
1530   1  18
1531   1  19
1532   1  20
1533   1  21
1534   1  22
1535   1  23
1536   1  24
1537   1   1
1538   1   2
1539   1   3
1540   1   4
1541   1   5
1542   1   6
1543   1   7
1544   1   8
1545   1   9
1546   1  10
1547   1  11
1548   1  12
1549   1  13
1550   1  14
1551   1  15
1552   1  16
1553   1  17
1554   1  18
1555   1  19
1556   1  20
1557   1  21
1558   1  22
1559   1  23
1560   1  24
1561   4   1
1562   4   2
1563   4   3
1564   4   4
1565   4   5
1566   4   6
1567   4   7
1568   4   8
1569   4   9
1570   4  10
1571   4  11
1572   4  12
1573   4  13
1574   4  14
1575   4  15
1576   4  16
1577   4  17
1578   4  18
1579   4  19
1580   4  20
1581   4  21
1582   4  22
1583   4  23
1584   4  24
1585   3   1
1586   3   2
1587   3   3
1588   3   4
1589   3   5
1590   3   6
1591   3   7
1592   3   8
1593   3   9
1594   3  10
1595   3  11
1596   3  12
1597   3  13
1598   3  14
1599   3  15
1600   3  16
1601   3  17
1602   3  18
1603   3  19
1604   3  20
1605   3  21
1606   3  22
1607   3  23
1608   3  24
1609   3   1
1610   3   2
1611   3   3
1612   3   4
1613   3   5
1614   3   6
1615   3   7
1616   3   8
1617   3   9
1618   3  10
1619   3  11
1620   3  12
1621   3  13
1622   3  14
1623   3  15
1624   3  16
1625   3  17
1626   3  18
1627   3  19
1628   3  20
1629   3  21
1630   3  22
1631   3  23
1632   3  24
1633   3   1
1634   3   2
1635   3   3
1636   3   4
1637   3   5
1638   3   6
1639   3   7
1640   3   8
1641   3   9
1642   3  10
1643   3  11
1644   3  12
1645   3  13
1646   3  14
1647   3  15
1648   3  16
1649   3  17
1650   3  18
1651   3  19
1652   3  20
1653   3  21
1654   3  22
1655   3  23
1656   3  24
1657   3   1
1658   3   2
1659   3   3
1660   3   4
1661   3   5
1662   3   6
1663   3   7
1664   3   8
1665   3   9
1666   3  10
1667   3  11
1668   3  12
1669   3  13
1670   3  14
1671   3  15
1672   3  16
1673   3  17
1674   3  18
1675   3  19
1676   3  20
1677   3  21
1678   3  22
1679   3  23
1680   3  24
1681   5   1
1682   5   2
1683   5   3
1684   5   4
1685   5   5
1686   5   6
1687   5   7
1688   5   8
1689   5   9
1690   5  10
1691   5  11
1692   5  12
1693   5  13
1694   5  14
1695   5  15
1696   5  16
1697   5  17
1698   5  18
1699   5  19
1700   5  20
1701   5  21
1702   5  22
1703   5  23
1704   5  24
1705   5   1
1706   5   2
1707   5   3
1708   5   4
1709   5   5
1710   5   6
1711   5   7
1712   5   8
1713   5   9
1714   5  10
1715   5  11
1716   5  12
1717   5  13
1718   5  14
1719   5  15
1720   5  16
1721   5  17
1722   5  18
1723   5  19
1724   5  20
1725   5  21
1726   5  22
1727   5  23
1728   5  24
1729   6   1
1730   6   2
1731   6   3
1732   6   4
1733   6   5
1734   6   6
1735   6   7
1736   6   8
1737   6   9
1738   6  10
1739   6  11
1740   6  12
1741   6  13
1742   6  14
1743   6  15
1744   6  16
1745   6  17
1746   6  18
1747   6  19
1748   6  20
1749   6  21
1750   6  22
1751   6  23
1752   6  24
1753   6   1
1754   6   2
1755   6   3
1756   6   4
1757   6   5
1758   6   6
1759   6   7
1760   6   8
1761   6   9
1762   6  10
1763   6  11
1764   6  12
1765   6  13
1766   6  14
1767   6  15
1768   6  16
1769   6  17
1770   6  18
1771   6  19
1772   6  20
1773   6  21
1774   6  22
1775   6  23
1776   6  24
1777   3   1
1778   3   2
1779   3   3
1780   3   4
1781   3   5
1782   3   6
1783   3   7
1784   3   8
1785   3   9
1786   3  10
1787   3  11
1788   3  12
1789   3  13
1790   3  14
1791   3  15
1792   3  16
1793   3  17
1794   3  18
1795   3  19
1796   3  20
1797   3  21
1798   3  22
1799   3  23
1800   3  24
1801   3   1
1802   3   2
1803   3   3
1804   3   4
1805   3   5
1806   3   6
1807   3   7
1808   3   8
1809   3   9
1810   3  10
1811   3  11
1812   3  12
1813   3  13
1814   3  14
1815   3  15
1816   3  16
1817   3  17
1818   3  18
1819   3  19
1820   3  20
1821   3  21
1822   3  22
1823   3  23
1824   3  24
1825   3   1
1826   3   2
1827   3   3
1828   3   4
1829   3   5
1830   3   6
1831   3   7
1832   3   8
1833   3   9
1834   3  10
1835   3  11
1836   3  12
1837   3  13
1838   3  14
1839   3  15
1840   3  16
1841   3  17
1842   3  18
1843   3  19
1844   3  20
1845   3  21
1846   3  22
1847   3  23
1848   3  24
1849   1   1
1850   1   2
1851   1   3
1852   1   4
1853   1   5
1854   1   6
1855   1   7
1856   1   8
1857   1   9
1858   1  10
1859   1  11
1860   1  12
1861   1  13
1862   1  14
1863   1  15
1864   1  16
1865   1  17
1866   1  18
1867   1  19
1868   1  20
1869   1  21
1870   1  22
1871   1  23
1872   1  24
1873   5   1
1874   5   2
1875   5   3
1876   5   4
1877   5   5
1878   5   6
1879   5   7
1880   5   8
1881   5   9
1882   5  10
1883   5  11
1884   5  12
1885   5  13
1886   5  14
1887   5  15
1888   5  16
1889   5  17
1890   5  18
1891   5  19
1892   5  20
1893   5  21
1894   5  22
1895   5  23
1896   5  24
1897   4   1
1898   4   2
1899   4   3
1900   4   4
1901   4   5
1902   4   6
1903   4   7
1904   4   8
1905   4   9
1906   4  10
1907   4  11
1908   4  12
1909   4  13
1910   4  14
1911   4  15
1912   4  16
1913   4  17
1914   4  18
1915   4  19
1916   4  20
1917   4  21
1918   4  22
1919   4  23
1920   4  24
1921   4   1
1922   4   2
1923   4   3
1924   4   4
1925   4   5
1926   4   6
1927   4   7
1928   4   8
1929   4   9
1930   4  10
1931   4  11
1932   4  12
1933   4  13
1934   4  14
1935   4  15
1936   4  16
1937   4  17
1938   4  18
1939   4  19
1940   4  20
1941   4  21
1942   4  22
1943   4  23
1944   4  24
1945   4   1
1946   4   2
1947   4   3
1948   4   4
1949   4   5
1950   4   6
1951   4   7
1952   4   8
1953   4   9
1954   4  10
1955   4  11
1956   4  12
1957   4  13
1958   4  14
1959   4  15
1960   4  16
1961   4  17
1962   4  18
1963   4  19
1964   4  20
1965   4  21
1966   4  22
1967   4  23
1968   4  24
1969   4   1
1970   4   2
1971   4   3
1972   4   4
1973   4   5
1974   4   6
1975   4   7
1976   4   8
1977   4   9
1978   4  10
1979   4  11
1980   4  12
1981   4  13
1982   4  14
1983   4  15
1984   4  16
1985   4  17
1986   4  18
1987   4  19
1988   4  20
1989   4  21
1990   4  22
1991   4  23
1992   4  24
1993   3   1
1994   3   2
1995   3   3
1996   3   4
1997   3   5
1998   3   6
1999   3   7
2000   3   8
2001   3   9
2002   3  10
2003   3  11
2004   3  12
2005   3  13
2006   3  14
2007   3  15
2008   3  16
2009   3  17
2010   3  18
2011   3  19
2012   3  20
2013   3  21
2014   3  22
2015   3  23
2016   3  24
2017   5   1
2018   5   2
2019   5   3
2020   5   4
2021   5   5
2022   5   6
2023   5   7
2024   5   8
2025   5   9
2026   5  10
2027   5  11
2028   5  12
2029   5  13
2030   5  14
2031   5  15
2032   5  16
2033   5  17
2034   5  18
2035   5  19
2036   5  20
2037   5  21
2038   5  22
2039   5  23
2040   5  24
2041   5   1
2042   5   2
2043   5   3
2044   5   4
2045   5   5
2046   5   6
2047   5   7
2048   5   8
2049   5   9
2050   5  10
2051   5  11
2052   5  12
2053   5  13
2054   5  14
2055   5  15
2056   5  16
2057   5  17
2058   5  18
2059   5  19
2060   5  20
2061   5  21
2062   5  22
2063   5  23
2064   5  24
2065   6   1
2066   6   2
2067   6   3
2068   6   4
2069   6   5
2070   6   6
2071   6   7
2072   6   8
2073   6   9
2074   6  10
2075   6  11
2076   6  12
2077   6  13
2078   6  14
2079   6  15
2080   6  16
2081   6  17
2082   6  18
2083   6  19
2084   6  20
2085   6  21
2086   6  22
2087   6  23
2088   6  24
2089   7   1
2090   7   2
2091   7   3
2092   7   4
2093   7   5
2094   7   6
2095   7   7
2096   7   8
2097   7   9
2098   7  10
2099   7  11
2100   7  12
2101   7  13
2102   7  14
2103   7  15
2104   7  16
2105   7  17
2106   7  18
2107   7  19
2108   7  20
2109   7  21
2110   7  22
2111   7  23
2112   7  24
2113   6   1
2114   6   2
2115   6   3
2116   6   4
2117   6   5
2118   6   6
2119   6   7
2120   6   8
2121   6   9
2122   6  10
2123   6  11
2124   6  12
2125   6  13
2126   6  14
2127   6  15
2128   6  16
2129   6  17
2130   6  18
2131   6  19
2132   6  20
2133   6  21
2134   6  22
2135   6  23
2136   6  24
2137   3   1
2138   3   2
2139   3   3
2140   3   4
2141   3   5
2142   3   6
2143   3   7
2144   3   8
2145   3   9
2146   3  10
2147   3  11
2148   3  12
2149   3  13
2150   3  14
2151   3  15
2152   3  16
2153   3  17
2154   3  18
2155   3  19
2156   3  20
2157   3  21
2158   3  22
2159   3  23
2160   3  24
2161   6   1
2162   6   2
2163   6   3
2164   6   4
2165   6   5
2166   6   6
2167   6   7
2168   6   8
2169   6   9
2170   6  10
2171   6  11
2172   6  12
2173   6  13
2174   6  14
2175   6  15
2176   6  16
2177   6  17
2178   6  18
2179   6  19
2180   6  20
2181   6  21
2182   6  22
2183   6  23
2184   6  24
2185   5   1
2186   5   2
2187   5   3
2188   5   4
2189   5   5
2190   5   6
2191   5   7
2192   5   8
2193   5   9
2194   5  10
2195   5  11
2196   5  12
2197   5  13
2198   5  14
2199   5  15
2200   5  16
2201   5  17
2202   5  18
2203   5  19
2204   5  20
2205   5  21
2206   5  22
2207   5  23
2208   5  24
2209   5   1
2210   5   2
2211   5   3
2212   5   4
2213   5   5
2214   5   6
2215   5   7
2216   5   8
2217   5   9
2218   5  10
2219   5  11
2220   5  12
2221   5  13
2222   5  14
2223   5  15
2224   5  16
2225   5  17
2226   5  18
2227   5  19
2228   5  20
2229   5  21
2230   5  22
2231   5  23
2232   5  24
2233   6   1
2234   6   2
2235   6   3
2236   6   4
2237   6   5
2238   6   6
2239   6   7
2240   6   8
2241   6   9
2242   6  10
2243   6  11
2244   6  12
2245   6  13
2246   6  14
2247   6  15
2248   6  16
2249   6  17
2250   6  18
2251   6  19
2252   6  20
2253   6  21
2254   6  22
2255   6  23
2256   6  24
2257   6   1
2258   6   2
2259   6   3
2260   6   4
2261   6   5
2262   6   6
2263   6   7
2264   6   8
2265   6   9
2266   6  10
2267   6  11
2268   6  12
2269   6  13
2270   6  14
2271   6  15
2272   6  16
2273   6  17
2274   6  18
2275   6  19
2276   6  20
2277   6  21
2278   6  22
2279   6  23
2280   6  24
2281   7   1
2282   7   2
2283   7   3
2284   7   4
2285   7   5
2286   7   6
2287   7   7
2288   7   8
2289   7   9
2290   7  10
2291   7  11
2292   7  12
2293   7  13
2294   7  14
2295   7  15
2296   7  16
2297   7  17
2298   7  18
2299   7  19
2300   7  20
2301   7  21
2302   7  22
2303   7  23
2304   7  24
2305   6   1
2306   6   2
2307   6   3
2308   6   4
2309   6   5
2310   6   6
2311   6   7
2312   6   8
2313   6   9
2314   6  10
2315   6  11
2316   6  12
2317   6  13
2318   6  14
2319   6  15
2320   6  16
2321   6  17
2322   6  18
2323   6  19
2324   6  20
2325   6  21
2326   6  22
2327   6  23
2328   6  24
2329   3   1
2330   3   2
2331   3   3
2332   3   4
2333   3   5
2334   3   6
2335   3   7
2336   3   8
2337   3   9
2338   3  10
2339   3  11
2340   3  12
2341   3  13
2342   3  14
2343   3  15
2344   3  16
2345   3  17
2346   3  18
2347   3  19
2348   3  20
2349   3  21
2350   3  22
2351   3  23
2352   3  24
2353   5   1
2354   5   2
2355   5   3
2356   5   4
2357   5   5
2358   5   6
2359   5   7
2360   5   8
2361   5   9
2362   5  10
2363   5  11
2364   5  12
2365   5  13
2366   5  14
2367   5  15
2368   5  16
2369   5  17
2370   5  18
2371   5  19
2372   5  20
2373   5  21
2374   5  22
2375   5  23
2376   5  24
2377   5   1
2378   5   2
2379   5   3
2380   5   4
2381   5   5
2382   5   6
2383   5   7
2384   5   8
2385   5   9
2386   5  10
2387   5  11
2388   5  12
2389   5  13
2390   5  14
2391   5  15
2392   5  16
2393   5  17
2394   5  18
2395   5  19
2396   5  20
2397   5  21
2398   5  22
2399   5  23
2400   5  24
2401   6   1
2402   6   2
2403   6   3
2404   6   4
2405   6   5
2406   6   6
2407   6   7
2408   6   8
2409   6   9
2410   6  10
2411   6  11
2412   6  12
2413   6  13
2414   6  14
2415   6  15
2416   6  16
2417   6  17
2418   6  18
2419   6  19
2420   6  20
2421   6  21
2422   6  22
2423   6  23
2424   6  24
2425   3   1
2426   3   2
2427   3   3
2428   3   4
2429   3   5
2430   3   6
2431   3   7
2432   3   8
2433   3   9
2434   3  10
2435   3  11
2436   3  12
2437   3  13
2438   3  14
2439   3  15
2440   3  16
2441   3  17
2442   3  18
2443   3  19
2444   3  20
2445   3  21
2446   3  22
2447   3  23
2448   3  24
2449   3   1
2450   3   2
2451   3   3
2452   3   4
2453   3   5
2454   3   6
2455   3   7
2456   3   8
2457   3   9
2458   3  10
2459   3  11
2460   3  12
2461   3  13
2462   3  14
2463   3  15
2464   3  16
2465   3  17
2466   3  18
2467   3  19
2468   3  20
2469   3  21
2470   3  22
2471   3  23
2472   3  24
2473   3   1
2474   3   2
2475   3   3
2476   3   4
2477   3   5
2478   3   6
2479   3   7
2480   3   8
2481   3   9
2482   3  10
2483   3  11
2484   3  12
2485   3  13
2486   3  14
2487   3  15
2488   3  16
2489   3  17
2490   3  18
2491   3  19
2492   3  20
2493   3  21
2494   3  22
2495   3  23
2496   3  24
2497   3   1
2498   3   2
2499   3   3
2500   3   4
2501   3   5
2502   3   6
2503   3   7
2504   3   8
2505   3   9
2506   3  10
2507   3  11
2508   3  12
2509   3  13
2510   3  14
2511   3  15
2512   3  16
2513   3  17
2514   3  18
2515   3  19
2516   3  20
2517   3  21
2518   3  22
2519   3  23
2520   3  24
2521   5   1
2522   5   2
2523   5   3
2524   5   4
2525   5   5
2526   5   6
2527   5   7
2528   5   8
2529   5   9
2530   5  10
2531   5  11
2532   5  12
2533   5  13
2534   5  14
2535   5  15
2536   5  16
2537   5  17
2538   5  18
2539   5  19
2540   5  20
2541   5  21
2542   5  22
2543   5  23
2544   5  24
2545   5   1
2546   5   2
2547   5   3
2548   5   4
2549   5   5
2550   5   6
2551   5   7
2552   5   8
2553   5   9
2554   5  10
2555   5  11
2556   5  12
2557   5  13
2558   5  14
2559   5  15
2560   5  16
2561   5  17
2562   5  18
2563   5  19
2564   5  20
2565   5  21
2566   5  22
2567   5  23
2568   5  24
2569   6   1
2570   6   2
2571   6   3
2572   6   4
2573   6   5
2574   6   6
2575   6   7
2576   6   8
2577   6   9
2578   6  10
2579   6  11
2580   6  12
2581   6  13
2582   6  14
2583   6  15
2584   6  16
2585   6  17
2586   6  18
2587   6  19
2588   6  20
2589   6  21
2590   6  22
2591   6  23
2592   6  24
2593   6   1
2594   6   2
2595   6   3
2596   6   4
2597   6   5
2598   6   6
2599   6   7
2600   6   8
2601   6   9
2602   6  10
2603   6  11
2604   6  12
2605   6  13
2606   6  14
2607   6  15
2608   6  16
2609   6  17
2610   6  18
2611   6  19
2612   6  20
2613   6  21
2614   6  22
2615   6  23
2616   6  24
2617   6   1
2618   6   2
2619   6   3
2620   6   4
2621   6   5
2622   6   6
2623   6   7
2624   6   8
2625   6   9
2626   6  10
2627   6  11
2628   6  12
2629   6  13
2630   6  14
2631   6  15
2632   6  16
2633   6  17
2634   6  18
2635   6  19
2636   6  20
2637   6  21
2638   6  22
2639   6  23
2640   6  24
2641   6   1
2642   6   2
2643   6   3
2644   6   4
2645   6   5
2646   6   6
2647   6   7
2648   6   8
2649   6   9
2650   6  10
2651   6  11
2652   6  12
2653   6  13
2654   6  14
2655   6  15
2656   6  16
2657   6  17
2658   6  18
2659   6  19
2660   6  20
2661   6  21
2662   6  22
2663   6  23
2664   6  24
2665   6   1
2666   6   2
2667   6   3
2668   6   4
2669   6   5
2670   6   6
2671   6   7
2672   6   8
2673   6   9
2674   6  10
2675   6  11
2676   6  12
2677   6  13
2678   6  14
2679   6  15
2680   6  16
2681   6  17
2682   6  18
2683   6  19
2684   6  20
2685   6  21
2686   6  22
2687   6  23
2688   6  24
2689   5   1
2690   5   2
2691   5   3
2692   5   4
2693   5   5
2694   5   6
2695   5   7
2696   5   8
2697   5   9
2698   5  10
2699   5  11
2700   5  12
2701   5  13
2702   5  14
2703   5  15
2704   5  16
2705   5  17
2706   5  18
2707   5  19
2708   5  20
2709   5  21
2710   5  22
2711   5  23
2712   5  24
2713   5   1
2714   5   2
2715   5   3
2716   5   4
2717   5   5
2718   5   6
2719   5   7
2720   5   8
2721   5   9
2722   5  10
2723   5  11
2724   5  12
2725   5  13
2726   5  14
2727   5  15
2728   5  16
2729   5  17
2730   5  18
2731   5  19
2732   5  20
2733   5  21
2734   5  22
2735   5  23
2736   5  24
2737   6   1
2738   6   2
2739   6   3
2740   6   4
2741   6   5
2742   6   6
2743   6   7
2744   6   8
2745   6   9
2746   6  10
2747   6  11
2748   6  12
2749   6  13
2750   6  14
2751   6  15
2752   6  16
2753   6  17
2754   6  18
2755   6  19
2756   6  20
2757   6  21
2758   6  22
2759   6  23
2760   6  24
2761   7   1
2762   7   2
2763   7   3
2764   7   4
2765   7   5
2766   7   6
2767   7   7
2768   7   8
2769   7   9
2770   7  10
2771   7  11
2772   7  12
2773   7  13
2774   7  14
2775   7  15
2776   7  16
2777   7  17
2778   7  18
2779   7  19
2780   7  20
2781   7  21
2782   7  22
2783   7  23
2784   7  24
2785   8   1
2786   8   2
2787   8   3
2788   8   4
2789   8   5
2790   8   6
2791   8   7
2792   8   8
2793   8   9
2794   8  10
2795   8  11
2796   8  12
2797   8  13
2798   8  14
2799   8  15
2800   8  16
2801   8  17
2802   8  18
2803   8  19
2804   8  20
2805   8  21
2806   8  22
2807   8  23
2808   8  24
2809   8   1
2810   8   2
2811   8   3
2812   8   4
2813   8   5
2814   8   6
2815   8   7
2816   8   8
2817   8   9
2818   8  10
2819   8  11
2820   8  12
2821   8  13
2822   8  14
2823   8  15
2824   8  16
2825   8  17
2826   8  18
2827   8  19
2828   8  20
2829   8  21
2830   8  22
2831   8  23
2832   8  24
2833   8   1
2834   8   2
2835   8   3
2836   8   4
2837   8   5
2838   8   6
2839   8   7
2840   8   8
2841   8   9
2842   8  10
2843   8  11
2844   8  12
2845   8  13
2846   8  14
2847   8  15
2848   8  16
2849   8  17
2850   8  18
2851   8  19
2852   8  20
2853   8  21
2854   8  22
2855   8  23
2856   8  24
2857   5   1
2858   5   2
2859   5   3
2860   5   4
2861   5   5
2862   5   6
2863   5   7
2864   5   8
2865   5   9
2866   5  10
2867   5  11
2868   5  12
2869   5  13
2870   5  14
2871   5  15
2872   5  16
2873   5  17
2874   5  18
2875   5  19
2876   5  20
2877   5  21
2878   5  22
2879   5  23
2880   5  24
2881   9   1
2882   9   2
2883   9   3
2884   9   4
2885   9   5
2886   9   6
2887   9   7
2888   9   8
2889   9   9
2890   9  10
2891   9  11
2892   9  12
2893   9  13
2894   9  14
2895   9  15
2896   9  16
2897   9  17
2898   9  18
2899   9  19
2900   9  20
2901   9  21
2902   9  22
2903   9  23
2904   9  24
2905   8   1
2906   8   2
2907   8   3
2908   8   4
2909   8   5
2910   8   6
2911   8   7
2912   8   8
2913   8   9
2914   8  10
2915   8  11
2916   8  12
2917   8  13
2918   8  14
2919   8  15
2920   8  16
2921   8  17
2922   8  18
2923   8  19
2924   8  20
2925   8  21
2926   8  22
2927   8  23
2928   8  24
2929   6   1
2930   6   2
2931   6   3
2932   6   4
2933   6   5
2934   6   6
2935   6   7
2936   6   8
2937   6   9
2938   6  10
2939   6  11
2940   6  12
2941   6  13
2942   6  14
2943   6  15
2944   6  16
2945   6  17
2946   6  18
2947   6  19
2948   6  20
2949   6  21
2950   6  22
2951   6  23
2952   6  24
2953   8   1
2954   8   2
2955   8   3
2956   8   4
2957   8   5
2958   8   6
2959   8   7
2960   8   8
2961   8   9
2962   8  10
2963   8  11
2964   8  12
2965   8  13
2966   8  14
2967   8  15
2968   8  16
2969   8  17
2970   8  18
2971   8  19
2972   8  20
2973   8  21
2974   8  22
2975   8  23
2976   8  24
2977   8   1
2978   8   2
2979   8   3
2980   8   4
2981   8   5
2982   8   6
2983   8   7
2984   8   8
2985   8   9
2986   8  10
2987   8  11
2988   8  12
2989   8  13
2990   8  14
2991   8  15
2992   8  16
2993   8  17
2994   8  18
2995   8  19
2996   8  20
2997   8  21
2998   8  22
2999   8  23
3000   8  24
3001   8   1
3002   8   2
3003   8   3
3004   8   4
3005   8   5
3006   8   6
3007   8   7
3008   8   8
3009   8   9
3010   8  10
3011   8  11
3012   8  12
3013   8  13
3014   8  14
3015   8  15
3016   8  16
3017   8  17
3018   8  18
3019   8  19
3020   8  20
3021   8  21
3022   8  22
3023   8  23
3024   8  24
3025   9   1
3026   9   2
3027   9   3
3028   9   4
3029   9   5
3030   9   6
3031   9   7
3032   9   8
3033   9   9
3034   9  10
3035   9  11
3036   9  12
3037   9  13
3038   9  14
3039   9  15
3040   9  16
3041   9  17
3042   9  18
3043   9  19
3044   9  20
3045   9  21
3046   9  22
3047   9  23
3048   9  24
3049   9   1
3050   9   2
3051   9   3
3052   9   4
3053   9   5
3054   9   6
3055   9   7
3056   9   8
3057   9   9
3058   9  10
3059   9  11
3060   9  12
3061   9  13
3062   9  14
3063   9  15
3064   9  16
3065   9  17
3066   9  18
3067   9  19
3068   9  20
3069   9  21
3070   9  22
3071   9  23
3072   9  24
3073  10   1
3074  10   2
3075  10   3
3076  10   4
3077  10   5
3078  10   6
3079  10   7
3080  10   8
3081  10   9
3082  10  10
3083  10  11
3084  10  12
3085  10  13
3086  10  14
3087  10  15
3088  10  16
3089  10  17
3090  10  18
3091  10  19
3092  10  20
3093  10  21
3094  10  22
3095  10  23
3096  10  24
3097   8   1
3098   8   2
3099   8   3
3100   8   4
3101   8   5
3102   8   6
3103   8   7
3104   8   8
3105   8   9
3106   8  10
3107   8  11
3108   8  12
3109   8  13
3110   8  14
3111   8  15
3112   8  16
3113   8  17
3114   8  18
3115   8  19
3116   8  20
3117   8  21
3118   8  22
3119   8  23
3120   8  24
3121   8   1
3122   8   2
3123   8   3
3124   8   4
3125   8   5
3126   8   6
3127   8   7
3128   8   8
3129   8   9
3130   8  10
3131   8  11
3132   8  12
3133   8  13
3134   8  14
3135   8  15
3136   8  16
3137   8  17
3138   8  18
3139   8  19
3140   8  20
3141   8  21
3142   8  22
3143   8  23
3144   8  24
3145   7   1
3146   7   2
3147   7   3
3148   7   4
3149   7   5
3150   7   6
3151   7   7
3152   7   8
3153   7   9
3154   7  10
3155   7  11
3156   7  12
3157   7  13
3158   7  14
3159   7  15
3160   7  16
3161   7  17
3162   7  18
3163   7  19
3164   7  20
3165   7  21
3166   7  22
3167   7  23
3168   7  24
3169   8   1
3170   8   2
3171   8   3
3172   8   4
3173   8   5
3174   8   6
3175   8   7
3176   8   8
3177   8   9
3178   8  10
3179   8  11
3180   8  12
3181   8  13
3182   8  14
3183   8  15
3184   8  16
3185   8  17
3186   8  18
3187   8  19
3188   8  20
3189   8  21
3190   8  22
3191   8  23
3192   8  24
3193   5   1
3194   5   2
3195   5   3
3196   5   4
3197   5   5
3198   5   6
3199   5   7
3200   5   8
3201   5   9
3202   5  10
3203   5  11
3204   5  12
3205   5  13
3206   5  14
3207   5  15
3208   5  16
3209   5  17
3210   5  18
3211   5  19
3212   5  20
3213   5  21
3214   5  22
3215   5  23
3216   5  24
3217   5   1
3218   5   2
3219   5   3
3220   5   4
3221   5   5
3222   5   6
3223   5   7
3224   5   8
3225   5   9
3226   5  10
3227   5  11
3228   5  12
3229   5  13
3230   5  14
3231   5  15
3232   5  16
3233   5  17
3234   5  18
3235   5  19
3236   5  20
3237   5  21
3238   5  22
3239   5  23
3240   5  24
3241   7   1
3242   7   2
3243   7   3
3244   7   4
3245   7   5
3246   7   6
3247   7   7
3248   7   8
3249   7   9
3250   7  10
3251   7  11
3252   7  12
3253   7  13
3254   7  14
3255   7  15
3256   7  16
3257   7  17
3258   7  18
3259   7  19
3260   7  20
3261   7  21
3262   7  22
3263   7  23
3264   7  24
3265   8   1
3266   8   2
3267   8   3
3268   8   4
3269   8   5
3270   8   6
3271   8   7
3272   8   8
3273   8   9
3274   8  10
3275   8  11
3276   8  12
3277   8  13
3278   8  14
3279   8  15
3280   8  16
3281   8  17
3282   8  18
3283   8  19
3284   8  20
3285   8  21
3286   8  22
3287   8  23
3288   8  24
3289   8   1
3290   8   2
3291   8   3
3292   8   4
3293   8   5
3294   8   6
3295   8   7
3296   8   8
3297   8   9
3298   8  10
3299   8  11
3300   8  12
3301   8  13
3302   8  14
3303   8  15
3304   8  16
3305   8  17
3306   8  18
3307   8  19
3308   8  20
3309   8  21
3310   8  22
3311   8  23
3312   8  24
3313   8   1
3314   8   2
3315   8   3
3316   8   4
3317   8   5
3318   8   6
3319   8   7
3320   8   8
3321   8   9
3322   8  10
3323   8  11
3324   8  12
3325   8  13
3326   8  14
3327   8  15
3328   8  16
3329   8  17
3330   8  18
3331   8  19
3332   8  20
3333   8  21
3334   8  22
3335   8  23
3336   8  24
3337   8   1
3338   8   2
3339   8   3
3340   8   4
3341   8   5
3342   8   6
3343   8   7
3344   8   8
3345   8   9
3346   8  10
3347   8  11
3348   8  12
3349   8  13
3350   8  14
3351   8  15
3352   8  16
3353   8  17
3354   8  18
3355   8  19
3356   8  20
3357   8  21
3358   8  22
3359   8  23
3360   8  24
3361   9   1
3362   9   2
3363   9   3
3364   9   4
3365   9   5
3366   9   6
3367   9   7
3368   9   8
3369   9   9
3370   9  10
3371   9  11
3372   9  12
3373   9  13
3374   9  14
3375   9  15
3376   9  16
3377   9  17
3378   9  18
3379   9  19
3380   9  20
3381   9  21
3382   9  22
3383   9  23
3384   9  24
3385   9   1
3386   9   2
3387   9   3
3388   9   4
3389   9   5
3390   9   6
3391   9   7
3392   9   8
3393   9   9
3394   9  10
3395   9  11
3396   9  12
3397   9  13
3398   9  14
3399   9  15
3400   9  16
3401   9  17
3402   9  18
3403   9  19
3404   9  20
3405   9  21
3406   9  22
3407   9  23
3408   9  24
3409  10   1
3410  10   2
3411  10   3
3412  10   4
3413  10   5
3414  10   6
3415  10   7
3416  10   8
3417  10   9
3418  10  10
3419  10  11
3420  10  12
3421  10  13
3422  10  14
3423  10  15
3424  10  16
3425  10  17
3426  10  18
3427  10  19
3428  10  20
3429  10  21
3430  10  22
3431  10  23
3432  10  24
3433  10   1
3434  10   2
3435  10   3
3436  10   4
3437  10   5
3438  10   6
3439  10   7
3440  10   8
3441  10   9
3442  10  10
3443  10  11
3444  10  12
3445  10  13
3446  10  14
3447  10  15
3448  10  16
3449  10  17
3450  10  18
3451  10  19
3452  10  20
3453  10  21
3454  10  22
3455  10  23
3456  10  24
3457  10   1
3458  10   2
3459  10   3
3460  10   4
3461  10   5
3462  10   6
3463  10   7
3464  10   8
3465  10   9
3466  10  10
3467  10  11
3468  10  12
3469  10  13
3470  10  14
3471  10  15
3472  10  16
3473  10  17
3474  10  18
3475  10  19
3476  10  20
3477  10  21
3478  10  22
3479  10  23
3480  10  24
3481   8   1
3482   8   2
3483   8   3
3484   8   4
3485   8   5
3486   8   6
3487   8   7
3488   8   8
3489   8   9
3490   8  10
3491   8  11
3492   8  12
3493   8  13
3494   8  14
3495   8  15
3496   8  16
3497   8  17
3498   8  18
3499   8  19
3500   8  20
3501   8  21
3502   8  22
3503   8  23
3504   8  24
3505   6   1
3506   6   2
3507   6   3
3508   6   4
3509   6   5
3510   6   6
3511   6   7
3512   6   8
3513   6   9
3514   6  10
3515   6  11
3516   6  12
3517   6  13
3518   6  14
3519   6  15
3520   6  16
3521   6  17
3522   6  18
3523   6  19
3524   6  20
3525   6  21
3526   6  22
3527   6  23
3528   6  24
3529   9   1
3530   9   2
3531   9   3
3532   9   4
3533   9   5
3534   9   6
3535   9   7
3536   9   8
3537   9   9
3538   9  10
3539   9  11
3540   9  12
3541   9  13
3542   9  14
3543   9  15
3544   9  16
3545   9  17
3546   9  18
3547   9  19
3548   9  20
3549   9  21
3550   9  22
3551   9  23
3552   9  24
3553   9   1
3554   9   2
3555   9   3
3556   9   4
3557   9   5
3558   9   6
3559   9   7
3560   9   8
3561   9   9
3562   9  10
3563   9  11
3564   9  12
3565   9  13
3566   9  14
3567   9  15
3568   9  16
3569   9  17
3570   9  18
3571   9  19
3572   9  20
3573   9  21
3574   9  22
3575   9  23
3576   9  24
3577  10   1
3578  10   2
3579  10   3
3580  10   4
3581  10   5
3582  10   6
3583  10   7
3584  10   8
3585  10   9
3586  10  10
3587  10  11
3588  10  12
3589  10  13
3590  10  14
3591  10  15
3592  10  16
3593  10  17
3594  10  18
3595  10  19
3596  10  20
3597  10  21
3598  10  22
3599  10  23
3600  10  24
3601   7   1
3602   7   2
3603   7   3
3604   7   4
3605   7   5
3606   7   6
3607   7   7
3608   7   8
3609   7   9
3610   7  10
3611   7  11
3612   7  12
3613   7  13
3614   7  14
3615   7  15
3616   7  16
3617   7  17
3618   7  18
3619   7  19
3620   7  20
3621   7  21
3622   7  22
3623   7  23
3624   7  24
3625   7   1
3626   7   2
3627   7   3
3628   7   4
3629   7   5
3630   7   6
3631   7   7
3632   7   8
3633   7   9
3634   7  10
3635   7  11
3636   7  12
3637   7  13
3638   7  14
3639   7  15
3640   7  16
3641   7  17
3642   7  18
3643   7  19
3644   7  20
3645   7  21
3646   7  22
3647   7  23
3648   7  24
3649   7   1
3650   7   2
3651   7   3
3652   7   4
3653   7   5
3654   7   6
3655   7   7
3656   7   8
3657   7   9
3658   7  10
3659   7  11
3660   7  12
3661   7  13
3662   7  14
3663   7  15
3664   7  16
3665   7  17
3666   7  18
3667   7  19
3668   7  20
3669   7  21
3670   7  22
3671   7  23
3672   7  24
3673   8   1
3674   8   2
3675   8   3
3676   8   4
3677   8   5
3678   8   6
3679   8   7
3680   8   8
3681   8   9
3682   8  10
3683   8  11
3684   8  12
3685   8  13
3686   8  14
3687   8  15
3688   8  16
3689   8  17
3690   8  18
3691   8  19
3692   8  20
3693   8  21
3694   8  22
3695   8  23
3696   8  24
3697   5   1
3698   5   2
3699   5   3
3700   5   4
3701   5   5
3702   5   6
3703   5   7
3704   5   8
3705   5   9
3706   5  10
3707   5  11
3708   5  12
3709   5  13
3710   5  14
3711   5  15
3712   5  16
3713   5  17
3714   5  18
3715   5  19
3716   5  20
3717   5  21
3718   5  22
3719   5  23
3720   5  24
3721   5   1
3722   5   2
3723   5   3
3724   5   4
3725   5   5
3726   5   6
3727   5   7
3728   5   8
3729   5   9
3730   5  10
3731   5  11
3732   5  12
3733   5  13
3734   5  14
3735   5  15
3736   5  16
3737   5  17
3738   5  18
3739   5  19
3740   5  20
3741   5  21
3742   5  22
3743   5  23
3744   5  24
3745   6   1
3746   6   2
3747   6   3
3748   6   4
3749   6   5
3750   6   6
3751   6   7
3752   6   8
3753   6   9
3754   6  10
3755   6  11
3756   6  12
3757   6  13
3758   6  14
3759   6  15
3760   6  16
3761   6  17
3762   6  18
3763   6  19
3764   6  20
3765   6  21
3766   6  22
3767   6  23
3768   6  24
3769   6   1
3770   6   2
3771   6   3
3772   6   4
3773   6   5
3774   6   6
3775   6   7
3776   6   8
3777   6   9
3778   6  10
3779   6  11
3780   6  12
3781   6  13
3782   6  14
3783   6  15
3784   6  16
3785   6  17
3786   6  18
3787   6  19
3788   6  20
3789   6  21
3790   6  22
3791   6  23
3792   6  24
3793   7   1
3794   7   2
3795   7   3
3796   7   4
3797   7   5
3798   7   6
3799   7   7
3800   7   8
3801   7   9
3802   7  10
3803   7  11
3804   7  12
3805   7  13
3806   7  14
3807   7  15
3808   7  16
3809   7  17
3810   7  18
3811   7  19
3812   7  20
3813   7  21
3814   7  22
3815   7  23
3816   7  24
3817   8   1
3818   8   2
3819   8   3
3820   8   4
3821   8   5
3822   8   6
3823   8   7
3824   8   8
3825   8   9
3826   8  10
3827   8  11
3828   8  12
3829   8  13
3830   8  14
3831   8  15
3832   8  16
3833   8  17
3834   8  18
3835   8  19
3836   8  20
3837   8  21
3838   8  22
3839   8  23
3840   8  24
3841   7   1
3842   7   2
3843   7   3
3844   7   4
3845   7   5
3846   7   6
3847   7   7
3848   7   8
3849   7   9
3850   7  10
3851   7  11
3852   7  12
3853   7  13
3854   7  14
3855   7  15
3856   7  16
3857   7  17
3858   7  18
3859   7  19
3860   7  20
3861   7  21
3862   7  22
3863   7  23
3864   7  24
3865   9   1
3866   9   2
3867   9   3
3868   9   4
3869   9   5
3870   9   6
3871   9   7
3872   9   8
3873   9   9
3874   9  10
3875   9  11
3876   9  12
3877   9  13
3878   9  14
3879   9  15
3880   9  16
3881   9  17
3882   9  18
3883   9  19
3884   9  20
3885   9  21
3886   9  22
3887   9  23
3888   9  24
3889   9   1
3890   9   2
3891   9   3
3892   9   4
3893   9   5
3894   9   6
3895   9   7
3896   9   8
3897   9   9
3898   9  10
3899   9  11
3900   9  12
3901   9  13
3902   9  14
3903   9  15
3904   9  16
3905   9  17
3906   9  18
3907   9  19
3908   9  20
3909   9  21
3910   9  22
3911   9  23
3912   9  24
3913   8   1
3914   8   2
3915   8   3
3916   8   4
3917   8   5
3918   8   6
3919   8   7
3920   8   8
3921   8   9
3922   8  10
3923   8  11
3924   8  12
3925   8  13
3926   8  14
3927   8  15
3928   8  16
3929   8  17
3930   8  18
3931   8  19
3932   8  20
3933   8  21
3934   8  22
3935   8  23
3936   8  24
3937   8   1
3938   8   2
3939   8   3
3940   8   4
3941   8   5
3942   8   6
3943   8   7
3944   8   8
3945   8   9
3946   8  10
3947   8  11
3948   8  12
3949   8  13
3950   8  14
3951   8  15
3952   8  16
3953   8  17
3954   8  18
3955   8  19
3956   8  20
3957   8  21
3958   8  22
3959   8  23
3960   8  24
3961   6   1
3962   6   2
3963   6   3
3964   6   4
3965   6   5
3966   6   6
3967   6   7
3968   6   8
3969   6   9
3970   6  10
3971   6  11
3972   6  12
3973   6  13
3974   6  14
3975   6  15
3976   6  16
3977   6  17
3978   6  18
3979   6  19
3980   6  20
3981   6  21
3982   6  22
3983   6  23
3984   6  24
3985   6   1
3986   6   2
3987   6   3
3988   6   4
3989   6   5
3990   6   6
3991   6   7
3992   6   8
3993   6   9
3994   6  10
3995   6  11
3996   6  12
3997   6  13
3998   6  14
3999   6  15
4000   6  16
4001   6  17
4002   6  18
4003   6  19
4004   6  20
4005   6  21
4006   6  22
4007   6  23
4008   6  24
4009   7   1
4010   7   2
4011   7   3
4012   7   4
4013   7   5
4014   7   6
4015   7   7
4016   7   8
4017   7   9
4018   7  10
4019   7  11
4020   7  12
4021   7  13
4022   7  14
4023   7  15
4024   7  16
4025   7  17
4026   7  18
4027   7  19
4028   7  20
4029   7  21
4030   7  22
4031   7  23
4032   7  24
4033   9   1
4034   9   2
4035   9   3
4036   9   4
4037   9   5
4038   9   6
4039   9   7
4040   9   8
4041   9   9
4042   9  10
4043   9  11
4044   9  12
4045   9  13
4046   9  14
4047   9  15
4048   9  16
4049   9  17
4050   9  18
4051   9  19
4052   9  20
4053   9  21
4054   9  22
4055   9  23
4056   9  24
4057   9   1
4058   9   2
4059   9   3
4060   9   4
4061   9   5
4062   9   6
4063   9   7
4064   9   8
4065   9   9
4066   9  10
4067   9  11
4068   9  12
4069   9  13
4070   9  14
4071   9  15
4072   9  16
4073   9  17
4074   9  18
4075   9  19
4076   9  20
4077   9  21
4078   9  22
4079   9  23
4080   9  24
4081  10   1
4082  10   2
4083  10   3
4084  10   4
4085  10   5
4086  10   6
4087  10   7
4088  10   8
4089  10   9
4090  10  10
4091  10  11
4092  10  12
4093  10  13
4094  10  14
4095  10  15
4096  10  16
4097  10  17
4098  10  18
4099  10  19
4100  10  20
4101  10  21
4102  10  22
4103  10  23
4104  10  24
4105  10   1
4106  10   2
4107  10   3
4108  10   4
4109  10   5
4110  10   6
4111  10   7
4112  10   8
4113  10   9
4114  10  10
4115  10  11
4116  10  12
4117  10  13
4118  10  14
4119  10  15
4120  10  16
4121  10  17
4122  10  18
4123  10  19
4124  10  20
4125  10  21
4126  10  22
4127  10  23
4128  10  24
4129  10   1
4130  10   2
4131  10   3
4132  10   4
4133  10   5
4134  10   6
4135  10   7
4136  10   8
4137  10   9
4138  10  10
4139  10  11
4140  10  12
4141  10  13
4142  10  14
4143  10  15
4144  10  16
4145  10  17
4146  10  18
4147  10  19
4148  10  20
4149  10  21
4150  10  22
4151  10  23
4152  10  24
4153  10   1
4154  10   2
4155  10   3
4156  10   4
4157  10   5
4158  10   6
4159  10   7
4160  10   8
4161  10   9
4162  10  10
4163  10  11
4164  10  12
4165  10  13
4166  10  14
4167  10  15
4168  10  16
4169  10  17
4170  10  18
4171  10  19
4172  10  20
4173  10  21
4174  10  22
4175  10  23
4176  10  24
4177  10   1
4178  10   2
4179  10   3
4180  10   4
4181  10   5
4182  10   6
4183  10   7
4184  10   8
4185  10   9
4186  10  10
4187  10  11
4188  10  12
4189  10  13
4190  10  14
4191  10  15
4192  10  16
4193  10  17
4194  10  18
4195  10  19
4196  10  20
4197  10  21
4198  10  22
4199  10  23
4200  10  24
4201   9   1
4202   9   2
4203   9   3
4204   9   4
4205   9   5
4206   9   6
4207   9   7
4208   9   8
4209   9   9
4210   9  10
4211   9  11
4212   9  12
4213   9  13
4214   9  14
4215   9  15
4216   9  16
4217   9  17
4218   9  18
4219   9  19
4220   9  20
4221   9  21
4222   9  22
4223   9  23
4224   9  24
4225   9   1
4226   9   2
4227   9   3
4228   9   4
4229   9   5
4230   9   6
4231   9   7
4232   9   8
4233   9   9
4234   9  10
4235   9  11
4236   9  12
4237   9  13
4238   9  14
4239   9  15
4240   9  16
4241   9  17
4242   9  18
4243   9  19
4244   9  20
4245   9  21
4246   9  22
4247   9  23
4248   9  24
4249  10   1
4250  10   2
4251  10   3
4252  10   4
4253  10   5
4254  10   6
4255  10   7
4256  10   8
4257  10   9
4258  10  10
4259  10  11
4260  10  12
4261  10  13
4262  10  14
4263  10  15
4264  10  16
4265  10  17
4266  10  18
4267  10  19
4268  10  20
4269  10  21
4270  10  22
4271  10  23
4272  10  24
4273  10   1
4274  10   2
4275  10   3
4276  10   4
4277  10   5
4278  10   6
4279  10   7
4280  10   8
4281  10   9
4282  10  10
4283  10  11
4284  10  12
4285  10  13
4286  10  14
4287  10  15
4288  10  16
4289  10  17
4290  10  18
4291  10  19
4292  10  20
4293  10  21
4294  10  22
4295  10  23
4296  10  24
4297  10   1
4298  10   2
4299  10   3
4300  10   4
4301  10   5
4302  10   6
4303  10   7
4304  10   8
4305  10   9
4306  10  10
4307  10  11
4308  10  12
4309  10  13
4310  10  14
4311  10  15
4312  10  16
4313  10  17
4314  10  18
4315  10  19
4316  10  20
4317  10  21
4318  10  22
4319  10  23
4320  10  24
4321  10   1
4322  10   2
4323  10   3
4324  10   4
4325  10   5
4326  10   6
4327  10   7
4328  10   8
4329  10   9
4330  10  10
4331  10  11
4332  10  12
4333  10  13
4334  10  14
4335  10  15
4336  10  16
4337  10  17
4338  10  18
4339  10  19
4340  10  20
4341  10  21
4342  10  22
4343  10  23
4344  10  24
4345  10   1
4346  10   2
4347  10   3
4348  10   4
4349  10   5
4350  10   6
4351  10   7
4352  10   8
4353  10   9
4354  10  10
4355  10  11
4356  10  12
4357  10  13
4358  10  14
4359  10  15
4360  10  16
4361  10  17
4362  10  18
4363  10  19
4364  10  20
4365  10  21
4366  10  22
4367  10  23
4368  10  24
4369   9   1
4370   9   2
4371   9   3
4372   9   4
4373   9   5
4374   9   6
4375   9   7
4376   9   8
4377   9   9
4378   9  10
4379   9  11
4380   9  12
4381   9  13
4382   9  14
4383   9  15
4384   9  16
4385   9  17
4386   9  18
4387   9  19
4388   9  20
4389   9  21
4390   9  22
4391   9  23
4392   9  24
4393   5   1
4394   5   2
4395   5   3
4396   5   4
4397   5   5
4398   5   6
4399   5   7
4400   5   8
4401   5   9
4402   5  10
4403   5  11
4404   5  12
4405   5  13
4406   5  14
4407   5  15
4408   5  16
4409   5  17
4410   5  18
4411   5  19
4412   5  20
4413   5  21
4414   5  22
4415   5  23
4416   5  24
4417   8   1
4418   8   2
4419   8   3
4420   8   4
4421   8   5
4422   8   6
4423   8   7
4424   8   8
4425   8   9
4426   8  10
4427   8  11
4428   8  12
4429   8  13
4430   8  14
4431   8  15
4432   8  16
4433   8  17
4434   8  18
4435   8  19
4436   8  20
4437   8  21
4438   8  22
4439   8  23
4440   8  24
4441  10   1
4442  10   2
4443  10   3
4444  10   4
4445  10   5
4446  10   6
4447  10   7
4448  10   8
4449  10   9
4450  10  10
4451  10  11
4452  10  12
4453  10  13
4454  10  14
4455  10  15
4456  10  16
4457  10  17
4458  10  18
4459  10  19
4460  10  20
4461  10  21
4462  10  22
4463  10  23
4464  10  24
4465  10   1
4466  10   2
4467  10   3
4468  10   4
4469  10   5
4470  10   6
4471  10   7
4472  10   8
4473  10   9
4474  10  10
4475  10  11
4476  10  12
4477  10  13
4478  10  14
4479  10  15
4480  10  16
4481  10  17
4482  10  18
4483  10  19
4484  10  20
4485  10  21
4486  10  22
4487  10  23
4488  10  24
4489  10   1
4490  10   2
4491  10   3
4492  10   4
4493  10   5
4494  10   6
4495  10   7
4496  10   8
4497  10   9
4498  10  10
4499  10  11
4500  10  12
4501  10  13
4502  10  14
4503  10  15
4504  10  16
4505  10  17
4506  10  18
4507  10  19
4508  10  20
4509  10  21
4510  10  22
4511  10  23
4512  10  24
4513  10   1
4514  10   2
4515  10   3
4516  10   4
4517  10   5
4518  10   6
4519  10   7
4520  10   8
4521  10   9
4522  10  10
4523  10  11
4524  10  12
4525  10  13
4526  10  14
4527  10  15
4528  10  16
4529  10  17
4530  10  18
4531  10  19
4532  10  20
4533  10  21
4534  10  22
4535  10  23
4536  10  24
4537   9   1
4538   9   2
4539   9   3
4540   9   4
4541   9   5
4542   9   6
4543   9   7
4544   9   8
4545   9   9
4546   9  10
4547   9  11
4548   9  12
4549   9  13
4550   9  14
4551   9  15
4552   9  16
4553   9  17
4554   9  18
4555   9  19
4556   9  20
4557   9  21
4558   9  22
4559   9  23
4560   9  24
4561   9   1
4562   9   2
4563   9   3
4564   9   4
4565   9   5
4566   9   6
4567   9   7
4568   9   8
4569   9   9
4570   9  10
4571   9  11
4572   9  12
4573   9  13
4574   9  14
4575   9  15
4576   9  16
4577   9  17
4578   9  18
4579   9  19
4580   9  20
4581   9  21
4582   9  22
4583   9  23
4584   9  24
4585  10   1
4586  10   2
4587  10   3
4588  10   4
4589  10   5
4590  10   6
4591  10   7
4592  10   8
4593  10   9
4594  10  10
4595  10  11
4596  10  12
4597  10  13
4598  10  14
4599  10  15
4600  10  16
4601  10  17
4602  10  18
4603  10  19
4604  10  20
4605  10  21
4606  10  22
4607  10  23
4608  10  24
4609  10   1
4610  10   2
4611  10   3
4612  10   4
4613  10   5
4614  10   6
4615  10   7
4616  10   8
4617  10   9
4618  10  10
4619  10  11
4620  10  12
4621  10  13
4622  10  14
4623  10  15
4624  10  16
4625  10  17
4626  10  18
4627  10  19
4628  10  20
4629  10  21
4630  10  22
4631  10  23
4632  10  24
4633  10   1
4634  10   2
4635  10   3
4636  10   4
4637  10   5
4638  10   6
4639  10   7
4640  10   8
4641  10   9
4642  10  10
4643  10  11
4644  10  12
4645  10  13
4646  10  14
4647  10  15
4648  10  16
4649  10  17
4650  10  18
4651  10  19
4652  10  20
4653  10  21
4654  10  22
4655  10  23
4656  10  24
4657  10   1
4658  10   2
4659  10   3
4660  10   4
4661  10   5
4662  10   6
4663  10   7
4664  10   8
4665  10   9
4666  10  10
4667  10  11
4668  10  12
4669  10  13
4670  10  14
4671  10  15
4672  10  16
4673  10  17
4674  10  18
4675  10  19
4676  10  20
4677  10  21
4678  10  22
4679  10  23
4680  10  24
4681  10   1
4682  10   2
4683  10   3
4684  10   4
4685  10   5
4686  10   6
4687  10   7
4688  10   8
4689  10   9
4690  10  10
4691  10  11
4692  10  12
4693  10  13
4694  10  14
4695  10  15
4696  10  16
4697  10  17
4698  10  18
4699  10  19
4700  10  20
4701  10  21
4702  10  22
4703  10  23
4704  10  24
4705   9   1
4706   9   2
4707   9   3
4708   9   4
4709   9   5
4710   9   6
4711   9   7
4712   9   8
4713   9   9
4714   9  10
4715   9  11
4716   9  12
4717   9  13
4718   9  14
4719   9  15
4720   9  16
4721   9  17
4722   9  18
4723   9  19
4724   9  20
4725   9  21
4726   9  22
4727   9  23
4728   9  24
4729   9   1
4730   9   2
4731   9   3
4732   9   4
4733   9   5
4734   9   6
4735   9   7
4736   9   8
4737   9   9
4738   9  10
4739   9  11
4740   9  12
4741   9  13
4742   9  14
4743   9  15
4744   9  16
4745   9  17
4746   9  18
4747   9  19
4748   9  20
4749   9  21
4750   9  22
4751   9  23
4752   9  24
4753   8   1
4754   8   2
4755   8   3
4756   8   4
4757   8   5
4758   8   6
4759   8   7
4760   8   8
4761   8   9
4762   8  10
4763   8  11
4764   8  12
4765   8  13
4766   8  14
4767   8  15
4768   8  16
4769   8  17
4770   8  18
4771   8  19
4772   8  20
4773   8  21
4774   8  22
4775   8  23
4776   8  24
4777  10   1
4778  10   2
4779  10   3
4780  10   4
4781  10   5
4782  10   6
4783  10   7
4784  10   8
4785  10   9
4786  10  10
4787  10  11
4788  10  12
4789  10  13
4790  10  14
4791  10  15
4792  10  16
4793  10  17
4794  10  18
4795  10  19
4796  10  20
4797  10  21
4798  10  22
4799  10  23
4800  10  24
4801  10   1
4802  10   2
4803  10   3
4804  10   4
4805  10   5
4806  10   6
4807  10   7
4808  10   8
4809  10   9
4810  10  10
4811  10  11
4812  10  12
4813  10  13
4814  10  14
4815  10  15
4816  10  16
4817  10  17
4818  10  18
4819  10  19
4820  10  20
4821  10  21
4822  10  22
4823  10  23
4824  10  24
4825  10   1
4826  10   2
4827  10   3
4828  10   4
4829  10   5
4830  10   6
4831  10   7
4832  10   8
4833  10   9
4834  10  10
4835  10  11
4836  10  12
4837  10  13
4838  10  14
4839  10  15
4840  10  16
4841  10  17
4842  10  18
4843  10  19
4844  10  20
4845  10  21
4846  10  22
4847  10  23
4848  10  24
4849  10   1
4850  10   2
4851  10   3
4852  10   4
4853  10   5
4854  10   6
4855  10   7
4856  10   8
4857  10   9
4858  10  10
4859  10  11
4860  10  12
4861  10  13
4862  10  14
4863  10  15
4864  10  16
4865  10  17
4866  10  18
4867  10  19
4868  10  20
4869  10  21
4870  10  22
4871  10  23
4872  10  24
4873   9   1
4874   9   2
4875   9   3
4876   9   4
4877   9   5
4878   9   6
4879   9   7
4880   9   8
4881   9   9
4882   9  10
4883   9  11
4884   9  12
4885   9  13
4886   9  14
4887   9  15
4888   9  16
4889   9  17
4890   9  18
4891   9  19
4892   9  20
4893   9  21
4894   9  22
4895   9  23
4896   9  24
4897   9   1
4898   9   2
4899   9   3
4900   9   4
4901   9   5
4902   9   6
4903   9   7
4904   9   8
4905   9   9
4906   9  10
4907   9  11
4908   9  12
4909   9  13
4910   9  14
4911   9  15
4912   9  16
4913   9  17
4914   9  18
4915   9  19
4916   9  20
4917   9  21
4918   9  22
4919   9  23
4920   9  24
4921  10   1
4922  10   2
4923  10   3
4924  10   4
4925  10   5
4926  10   6
4927  10   7
4928  10   8
4929  10   9
4930  10  10
4931  10  11
4932  10  12
4933  10  13
4934  10  14
4935  10  15
4936  10  16
4937  10  17
4938  10  18
4939  10  19
4940  10  20
4941  10  21
4942  10  22
4943  10  23
4944  10  24
4945  10   1
4946  10   2
4947  10   3
4948  10   4
4949  10   5
4950  10   6
4951  10   7
4952  10   8
4953  10   9
4954  10  10
4955  10  11
4956  10  12
4957  10  13
4958  10  14
4959  10  15
4960  10  16
4961  10  17
4962  10  18
4963  10  19
4964  10  20
4965  10  21
4966  10  22
4967  10  23
4968  10  24
4969  10   1
4970  10   2
4971  10   3
4972  10   4
4973  10   5
4974  10   6
4975  10   7
4976  10   8
4977  10   9
4978  10  10
4979  10  11
4980  10  12
4981  10  13
4982  10  14
4983  10  15
4984  10  16
4985  10  17
4986  10  18
4987  10  19
4988  10  20
4989  10  21
4990  10  22
4991  10  23
4992  10  24
4993  10   1
4994  10   2
4995  10   3
4996  10   4
4997  10   5
4998  10   6
4999  10   7
5000  10   8
5001  10   9
5002  10  10
5003  10  11
5004  10  12
5005  10  13
5006  10  14
5007  10  15
5008  10  16
5009  10  17
5010  10  18
5011  10  19
5012  10  20
5013  10  21
5014  10  22
5015  10  23
5016  10  24
5017   7   1
5018   7   2
5019   7   3
5020   7   4
5021   7   5
5022   7   6
5023   7   7
5024   7   8
5025   7   9
5026   7  10
5027   7  11
5028   7  12
5029   7  13
5030   7  14
5031   7  15
5032   7  16
5033   7  17
5034   7  18
5035   7  19
5036   7  20
5037   7  21
5038   7  22
5039   7  23
5040   7  24
5041   9   1
5042   9   2
5043   9   3
5044   9   4
5045   9   5
5046   9   6
5047   9   7
5048   9   8
5049   9   9
5050   9  10
5051   9  11
5052   9  12
5053   9  13
5054   9  14
5055   9  15
5056   9  16
5057   9  17
5058   9  18
5059   9  19
5060   9  20
5061   9  21
5062   9  22
5063   9  23
5064   9  24
5065   9   1
5066   9   2
5067   9   3
5068   9   4
5069   9   5
5070   9   6
5071   9   7
5072   9   8
5073   9   9
5074   9  10
5075   9  11
5076   9  12
5077   9  13
5078   9  14
5079   9  15
5080   9  16
5081   9  17
5082   9  18
5083   9  19
5084   9  20
5085   9  21
5086   9  22
5087   9  23
5088   9  24
5089  10   1
5090  10   2
5091  10   3
5092  10   4
5093  10   5
5094  10   6
5095  10   7
5096  10   8
5097  10   9
5098  10  10
5099  10  11
5100  10  12
5101  10  13
5102  10  14
5103  10  15
5104  10  16
5105  10  17
5106  10  18
5107  10  19
5108  10  20
5109  10  21
5110  10  22
5111  10  23
5112  10  24
5113   7   1
5114   7   2
5115   7   3
5116   7   4
5117   7   5
5118   7   6
5119   7   7
5120   7   8
5121   7   9
5122   7  10
5123   7  11
5124   7  12
5125   7  13
5126   7  14
5127   7  15
5128   7  16
5129   7  17
5130   7  18
5131   7  19
5132   7  20
5133   7  21
5134   7  22
5135   7  23
5136   7  24
5137   8   1
5138   8   2
5139   8   3
5140   8   4
5141   8   5
5142   8   6
5143   8   7
5144   8   8
5145   8   9
5146   8  10
5147   8  11
5148   8  12
5149   8  13
5150   8  14
5151   8  15
5152   8  16
5153   8  17
5154   8  18
5155   8  19
5156   8  20
5157   8  21
5158   8  22
5159   8  23
5160   8  24
5161  10   1
5162  10   2
5163  10   3
5164  10   4
5165  10   5
5166  10   6
5167  10   7
5168  10   8
5169  10   9
5170  10  10
5171  10  11
5172  10  12
5173  10  13
5174  10  14
5175  10  15
5176  10  16
5177  10  17
5178  10  18
5179  10  19
5180  10  20
5181  10  21
5182  10  22
5183  10  23
5184  10  24
5185  10   1
5186  10   2
5187  10   3
5188  10   4
5189  10   5
5190  10   6
5191  10   7
5192  10   8
5193  10   9
5194  10  10
5195  10  11
5196  10  12
5197  10  13
5198  10  14
5199  10  15
5200  10  16
5201  10  17
5202  10  18
5203  10  19
5204  10  20
5205  10  21
5206  10  22
5207  10  23
5208  10  24
5209   9   1
5210   9   2
5211   9   3
5212   9   4
5213   9   5
5214   9   6
5215   9   7
5216   9   8
5217   9   9
5218   9  10
5219   9  11
5220   9  12
5221   9  13
5222   9  14
5223   9  15
5224   9  16
5225   9  17
5226   9  18
5227   9  19
5228   9  20
5229   9  21
5230   9  22
5231   9  23
5232   9  24
5233   5   1
5234   5   2
5235   5   3
5236   5   4
5237   5   5
5238   5   6
5239   5   7
5240   5   8
5241   5   9
5242   5  10
5243   5  11
5244   5  12
5245   5  13
5246   5  14
5247   5  15
5248   5  16
5249   5  17
5250   5  18
5251   5  19
5252   5  20
5253   5  21
5254   5  22
5255   5  23
5256   5  24
5257   7   1
5258   7   2
5259   7   3
5260   7   4
5261   7   5
5262   7   6
5263   7   7
5264   7   8
5265   7   9
5266   7  10
5267   7  11
5268   7  12
5269   7  13
5270   7  14
5271   7  15
5272   7  16
5273   7  17
5274   7  18
5275   7  19
5276   7  20
5277   7  21
5278   7  22
5279   7  23
5280   7  24
5281   6   1
5282   6   2
5283   6   3
5284   6   4
5285   6   5
5286   6   6
5287   6   7
5288   6   8
5289   6   9
5290   6  10
5291   6  11
5292   6  12
5293   6  13
5294   6  14
5295   6  15
5296   6  16
5297   6  17
5298   6  18
5299   6  19
5300   6  20
5301   6  21
5302   6  22
5303   6  23
5304   6  24
5305   7   1
5306   7   2
5307   7   3
5308   7   4
5309   7   5
5310   7   6
5311   7   7
5312   7   8
5313   7   9
5314   7  10
5315   7  11
5316   7  12
5317   7  13
5318   7  14
5319   7  15
5320   7  16
5321   7  17
5322   7  18
5323   7  19
5324   7  20
5325   7  21
5326   7  22
5327   7  23
5328   7  24
5329   8   1
5330   8   2
5331   8   3
5332   8   4
5333   8   5
5334   8   6
5335   8   7
5336   8   8
5337   8   9
5338   8  10
5339   8  11
5340   8  12
5341   8  13
5342   8  14
5343   8  15
5344   8  16
5345   8  17
5346   8  18
5347   8  19
5348   8  20
5349   8  21
5350   8  22
5351   8  23
5352   8  24
5353   8   1
5354   8   2
5355   8   3
5356   8   4
5357   8   5
5358   8   6
5359   8   7
5360   8   8
5361   8   9
5362   8  10
5363   8  11
5364   8  12
5365   8  13
5366   8  14
5367   8  15
5368   8  16
5369   8  17
5370   8  18
5371   8  19
5372   8  20
5373   8  21
5374   8  22
5375   8  23
5376   8  24
5377   9   1
5378   9   2
5379   9   3
5380   9   4
5381   9   5
5382   9   6
5383   9   7
5384   9   8
5385   9   9
5386   9  10
5387   9  11
5388   9  12
5389   9  13
5390   9  14
5391   9  15
5392   9  16
5393   9  17
5394   9  18
5395   9  19
5396   9  20
5397   9  21
5398   9  22
5399   9  23
5400   9  24
5401   9   1
5402   9   2
5403   9   3
5404   9   4
5405   9   5
5406   9   6
5407   9   7
5408   9   8
5409   9   9
5410   9  10
5411   9  11
5412   9  12
5413   9  13
5414   9  14
5415   9  15
5416   9  16
5417   9  17
5418   9  18
5419   9  19
5420   9  20
5421   9  21
5422   9  22
5423   9  23
5424   9  24
5425  10   1
5426  10   2
5427  10   3
5428  10   4
5429  10   5
5430  10   6
5431  10   7
5432  10   8
5433  10   9
5434  10  10
5435  10  11
5436  10  12
5437  10  13
5438  10  14
5439  10  15
5440  10  16
5441  10  17
5442  10  18
5443  10  19
5444  10  20
5445  10  21
5446  10  22
5447  10  23
5448  10  24
5449   7   1
5450   7   2
5451   7   3
5452   7   4
5453   7   5
5454   7   6
5455   7   7
5456   7   8
5457   7   9
5458   7  10
5459   7  11
5460   7  12
5461   7  13
5462   7  14
5463   7  15
5464   7  16
5465   7  17
5466   7  18
5467   7  19
5468   7  20
5469   7  21
5470   7  22
5471   7  23
5472   7  24
5473   8   1
5474   8   2
5475   8   3
5476   8   4
5477   8   5
5478   8   6
5479   8   7
5480   8   8
5481   8   9
5482   8  10
5483   8  11
5484   8  12
5485   8  13
5486   8  14
5487   8  15
5488   8  16
5489   8  17
5490   8  18
5491   8  19
5492   8  20
5493   8  21
5494   8  22
5495   8  23
5496   8  24
5497   8   1
5498   8   2
5499   8   3
5500   8   4
5501   8   5
5502   8   6
5503   8   7
5504   8   8
5505   8   9
5506   8  10
5507   8  11
5508   8  12
5509   8  13
5510   8  14
5511   8  15
5512   8  16
5513   8  17
5514   8  18
5515   8  19
5516   8  20
5517   8  21
5518   8  22
5519   8  23
5520   8  24
5521   8   1
5522   8   2
5523   8   3
5524   8   4
5525   8   5
5526   8   6
5527   8   7
5528   8   8
5529   8   9
5530   8  10
5531   8  11
5532   8  12
5533   8  13
5534   8  14
5535   8  15
5536   8  16
5537   8  17
5538   8  18
5539   8  19
5540   8  20
5541   8  21
5542   8  22
5543   8  23
5544   8  24
5545   5   1
5546   5   2
5547   5   3
5548   5   4
5549   5   5
5550   5   6
5551   5   7
5552   5   8
5553   5   9
5554   5  10
5555   5  11
5556   5  12
5557   5  13
5558   5  14
5559   5  15
5560   5  16
5561   5  17
5562   5  18
5563   5  19
5564   5  20
5565   5  21
5566   5  22
5567   5  23
5568   5  24
5569   5   1
5570   5   2
5571   5   3
5572   5   4
5573   5   5
5574   5   6
5575   5   7
5576   5   8
5577   5   9
5578   5  10
5579   5  11
5580   5  12
5581   5  13
5582   5  14
5583   5  15
5584   5  16
5585   5  17
5586   5  18
5587   5  19
5588   5  20
5589   5  21
5590   5  22
5591   5  23
5592   5  24
5593   8   1
5594   8   2
5595   8   3
5596   8   4
5597   8   5
5598   8   6
5599   8   7
5600   8   8
5601   8   9
5602   8  10
5603   8  11
5604   8  12
5605   8  13
5606   8  14
5607   8  15
5608   8  16
5609   8  17
5610   8  18
5611   8  19
5612   8  20
5613   8  21
5614   8  22
5615   8  23
5616   8  24
5617   8   1
5618   8   2
5619   8   3
5620   8   4
5621   8   5
5622   8   6
5623   8   7
5624   8   8
5625   8   9
5626   8  10
5627   8  11
5628   8  12
5629   8  13
5630   8  14
5631   8  15
5632   8  16
5633   8  17
5634   8  18
5635   8  19
5636   8  20
5637   8  21
5638   8  22
5639   8  23
5640   8  24
5641   8   1
5642   8   2
5643   8   3
5644   8   4
5645   8   5
5646   8   6
5647   8   7
5648   8   8
5649   8   9
5650   8  10
5651   8  11
5652   8  12
5653   8  13
5654   8  14
5655   8  15
5656   8  16
5657   8  17
5658   8  18
5659   8  19
5660   8  20
5661   8  21
5662   8  22
5663   8  23
5664   8  24
5665  10   1
5666  10   2
5667  10   3
5668  10   4
5669  10   5
5670  10   6
5671  10   7
5672  10   8
5673  10   9
5674  10  10
5675  10  11
5676  10  12
5677  10  13
5678  10  14
5679  10  15
5680  10  16
5681  10  17
5682  10  18
5683  10  19
5684  10  20
5685  10  21
5686  10  22
5687  10  23
5688  10  24
5689  10   1
5690  10   2
5691  10   3
5692  10   4
5693  10   5
5694  10   6
5695  10   7
5696  10   8
5697  10   9
5698  10  10
5699  10  11
5700  10  12
5701  10  13
5702  10  14
5703  10  15
5704  10  16
5705  10  17
5706  10  18
5707  10  19
5708  10  20
5709  10  21
5710  10  22
5711  10  23
5712  10  24
5713   9   1
5714   9   2
5715   9   3
5716   9   4
5717   9   5
5718   9   6
5719   9   7
5720   9   8
5721   9   9
5722   9  10
5723   9  11
5724   9  12
5725   9  13
5726   9  14
5727   9  15
5728   9  16
5729   9  17
5730   9  18
5731   9  19
5732   9  20
5733   9  21
5734   9  22
5735   9  23
5736   9  24
5737   9   1
5738   9   2
5739   9   3
5740   9   4
5741   9   5
5742   9   6
5743   9   7
5744   9   8
5745   9   9
5746   9  10
5747   9  11
5748   9  12
5749   9  13
5750   9  14
5751   9  15
5752   9  16
5753   9  17
5754   9  18
5755   9  19
5756   9  20
5757   9  21
5758   9  22
5759   9  23
5760   9  24
5761   7   1
5762   7   2
5763   7   3
5764   7   4
5765   7   5
5766   7   6
5767   7   7
5768   7   8
5769   7   9
5770   7  10
5771   7  11
5772   7  12
5773   7  13
5774   7  14
5775   7  15
5776   7  16
5777   7  17
5778   7  18
5779   7  19
5780   7  20
5781   7  21
5782   7  22
5783   7  23
5784   7  24
5785   7   1
5786   7   2
5787   7   3
5788   7   4
5789   7   5
5790   7   6
5791   7   7
5792   7   8
5793   7   9
5794   7  10
5795   7  11
5796   7  12
5797   7  13
5798   7  14
5799   7  15
5800   7  16
5801   7  17
5802   7  18
5803   7  19
5804   7  20
5805   7  21
5806   7  22
5807   7  23
5808   7  24
5809   8   1
5810   8   2
5811   8   3
5812   8   4
5813   8   5
5814   8   6
5815   8   7
5816   8   8
5817   8   9
5818   8  10
5819   8  11
5820   8  12
5821   8  13
5822   8  14
5823   8  15
5824   8  16
5825   8  17
5826   8  18
5827   8  19
5828   8  20
5829   8  21
5830   8  22
5831   8  23
5832   8  24
5833   8   1
5834   8   2
5835   8   3
5836   8   4
5837   8   5
5838   8   6
5839   8   7
5840   8   8
5841   8   9
5842   8  10
5843   8  11
5844   8  12
5845   8  13
5846   8  14
5847   8  15
5848   8  16
5849   8  17
5850   8  18
5851   8  19
5852   8  20
5853   8  21
5854   8  22
5855   8  23
5856   8  24
5857   8   1
5858   8   2
5859   8   3
5860   8   4
5861   8   5
5862   8   6
5863   8   7
5864   8   8
5865   8   9
5866   8  10
5867   8  11
5868   8  12
5869   8  13
5870   8  14
5871   8  15
5872   8  16
5873   8  17
5874   8  18
5875   8  19
5876   8  20
5877   8  21
5878   8  22
5879   8  23
5880   8  24
5881   9   1
5882   9   2
5883   9   3
5884   9   4
5885   9   5
5886   9   6
5887   9   7
5888   9   8
5889   9   9
5890   9  10
5891   9  11
5892   9  12
5893   9  13
5894   9  14
5895   9  15
5896   9  16
5897   9  17
5898   9  18
5899   9  19
5900   9  20
5901   9  21
5902   9  22
5903   9  23
5904   9  24
5905   9   1
5906   9   2
5907   9   3
5908   9   4
5909   9   5
5910   9   6
5911   9   7
5912   9   8
5913   9   9
5914   9  10
5915   9  11
5916   9  12
5917   9  13
5918   9  14
5919   9  15
5920   9  16
5921   9  17
5922   9  18
5923   9  19
5924   9  20
5925   9  21
5926   9  22
5927   9  23
5928   9  24
5929  10   1
5930  10   2
5931  10   3
5932  10   4
5933  10   5
5934  10   6
5935  10   7
5936  10   8
5937  10   9
5938  10  10
5939  10  11
5940  10  12
5941  10  13
5942  10  14
5943  10  15
5944  10  16
5945  10  17
5946  10  18
5947  10  19
5948  10  20
5949  10  21
5950  10  22
5951  10  23
5952  10  24
5953  10   1
5954  10   2
5955  10   3
5956  10   4
5957  10   5
5958  10   6
5959  10   7
5960  10   8
5961  10   9
5962  10  10
5963  10  11
5964  10  12
5965  10  13
5966  10  14
5967  10  15
5968  10  16
5969  10  17
5970  10  18
5971  10  19
5972  10  20
5973  10  21
5974  10  22
5975  10  23
5976  10  24
5977   8   1
5978   8   2
5979   8   3
5980   8   4
5981   8   5
5982   8   6
5983   8   7
5984   8   8
5985   8   9
5986   8  10
5987   8  11
5988   8  12
5989   8  13
5990   8  14
5991   8  15
5992   8  16
5993   8  17
5994   8  18
5995   8  19
5996   8  20
5997   8  21
5998   8  22
5999   8  23
6000   8  24
6001   7   1
6002   7   2
6003   7   3
6004   7   4
6005   7   5
6006   7   6
6007   7   7
6008   7   8
6009   7   9
6010   7  10
6011   7  11
6012   7  12
6013   7  13
6014   7  14
6015   7  15
6016   7  16
6017   7  17
6018   7  18
6019   7  19
6020   7  20
6021   7  21
6022   7  22
6023   7  23
6024   7  24
6025   8   1
6026   8   2
6027   8   3
6028   8   4
6029   8   5
6030   8   6
6031   8   7
6032   8   8
6033   8   9
6034   8  10
6035   8  11
6036   8  12
6037   8  13
6038   8  14
6039   8  15
6040   8  16
6041   8  17
6042   8  18
6043   8  19
6044   8  20
6045   8  21
6046   8  22
6047   8  23
6048   8  24
6049   5   1
6050   5   2
6051   5   3
6052   5   4
6053   5   5
6054   5   6
6055   5   7
6056   5   8
6057   5   9
6058   5  10
6059   5  11
6060   5  12
6061   5  13
6062   5  14
6063   5  15
6064   5  16
6065   5  17
6066   5  18
6067   5  19
6068   5  20
6069   5  21
6070   5  22
6071   5  23
6072   5  24
6073   5   1
6074   5   2
6075   5   3
6076   5   4
6077   5   5
6078   5   6
6079   5   7
6080   5   8
6081   5   9
6082   5  10
6083   5  11
6084   5  12
6085   5  13
6086   5  14
6087   5  15
6088   5  16
6089   5  17
6090   5  18
6091   5  19
6092   5  20
6093   5  21
6094   5  22
6095   5  23
6096   5  24
6097   6   1
6098   6   2
6099   6   3
6100   6   4
6101   6   5
6102   6   6
6103   6   7
6104   6   8
6105   6   9
6106   6  10
6107   6  11
6108   6  12
6109   6  13
6110   6  14
6111   6  15
6112   6  16
6113   6  17
6114   6  18
6115   6  19
6116   6  20
6117   6  21
6118   6  22
6119   6  23
6120   6  24
6121   8   1
6122   8   2
6123   8   3
6124   8   4
6125   8   5
6126   8   6
6127   8   7
6128   8   8
6129   8   9
6130   8  10
6131   8  11
6132   8  12
6133   8  13
6134   8  14
6135   8  15
6136   8  16
6137   8  17
6138   8  18
6139   8  19
6140   8  20
6141   8  21
6142   8  22
6143   8  23
6144   8  24
6145   7   1
6146   7   2
6147   7   3
6148   7   4
6149   7   5
6150   7   6
6151   7   7
6152   7   8
6153   7   9
6154   7  10
6155   7  11
6156   7  12
6157   7  13
6158   7  14
6159   7  15
6160   7  16
6161   7  17
6162   7  18
6163   7  19
6164   7  20
6165   7  21
6166   7  22
6167   7  23
6168   7  24
6169   7   1
6170   7   2
6171   7   3
6172   7   4
6173   7   5
6174   7   6
6175   7   7
6176   7   8
6177   7   9
6178   7  10
6179   7  11
6180   7  12
6181   7  13
6182   7  14
6183   7  15
6184   7  16
6185   7  17
6186   7  18
6187   7  19
6188   7  20
6189   7  21
6190   7  22
6191   7  23
6192   7  24
6193   6   1
6194   6   2
6195   6   3
6196   6   4
6197   6   5
6198   6   6
6199   6   7
6200   6   8
6201   6   9
6202   6  10
6203   6  11
6204   6  12
6205   6  13
6206   6  14
6207   6  15
6208   6  16
6209   6  17
6210   6  18
6211   6  19
6212   6  20
6213   6  21
6214   6  22
6215   6  23
6216   6  24
6217   5   1
6218   5   2
6219   5   3
6220   5   4
6221   5   5
6222   5   6
6223   5   7
6224   5   8
6225   5   9
6226   5  10
6227   5  11
6228   5  12
6229   5  13
6230   5  14
6231   5  15
6232   5  16
6233   5  17
6234   5  18
6235   5  19
6236   5  20
6237   5  21
6238   5  22
6239   5  23
6240   5  24
6241   5   1
6242   5   2
6243   5   3
6244   5   4
6245   5   5
6246   5   6
6247   5   7
6248   5   8
6249   5   9
6250   5  10
6251   5  11
6252   5  12
6253   5  13
6254   5  14
6255   5  15
6256   5  16
6257   5  17
6258   5  18
6259   5  19
6260   5  20
6261   5  21
6262   5  22
6263   5  23
6264   5  24
6265   7   1
6266   7   2
6267   7   3
6268   7   4
6269   7   5
6270   7   6
6271   7   7
6272   7   8
6273   7   9
6274   7  10
6275   7  11
6276   7  12
6277   7  13
6278   7  14
6279   7  15
6280   7  16
6281   7  17
6282   7  18
6283   7  19
6284   7  20
6285   7  21
6286   7  22
6287   7  23
6288   7  24
6289   7   1
6290   7   2
6291   7   3
6292   7   4
6293   7   5
6294   7   6
6295   7   7
6296   7   8
6297   7   9
6298   7  10
6299   7  11
6300   7  12
6301   7  13
6302   7  14
6303   7  15
6304   7  16
6305   7  17
6306   7  18
6307   7  19
6308   7  20
6309   7  21
6310   7  22
6311   7  23
6312   7  24
6313   7   1
6314   7   2
6315   7   3
6316   7   4
6317   7   5
6318   7   6
6319   7   7
6320   7   8
6321   7   9
6322   7  10
6323   7  11
6324   7  12
6325   7  13
6326   7  14
6327   7  15
6328   7  16
6329   7  17
6330   7  18
6331   7  19
6332   7  20
6333   7  21
6334   7  22
6335   7  23
6336   7  24
6337   7   1
6338   7   2
6339   7   3
6340   7   4
6341   7   5
6342   7   6
6343   7   7
6344   7   8
6345   7   9
6346   7  10
6347   7  11
6348   7  12
6349   7  13
6350   7  14
6351   7  15
6352   7  16
6353   7  17
6354   7  18
6355   7  19
6356   7  20
6357   7  21
6358   7  22
6359   7  23
6360   7  24
6361   7   1
6362   7   2
6363   7   3
6364   7   4
6365   7   5
6366   7   6
6367   7   7
6368   7   8
6369   7   9
6370   7  10
6371   7  11
6372   7  12
6373   7  13
6374   7  14
6375   7  15
6376   7  16
6377   7  17
6378   7  18
6379   7  19
6380   7  20
6381   7  21
6382   7  22
6383   7  23
6384   7  24
6385   5   1
6386   5   2
6387   5   3
6388   5   4
6389   5   5
6390   5   6
6391   5   7
6392   5   8
6393   5   9
6394   5  10
6395   5  11
6396   5  12
6397   5  13
6398   5  14
6399   5  15
6400   5  16
6401   5  17
6402   5  18
6403   5  19
6404   5  20
6405   5  21
6406   5  22
6407   5  23
6408   5  24
6409   9   1
6410   9   2
6411   9   3
6412   9   4
6413   9   5
6414   9   6
6415   9   7
6416   9   8
6417   9   9
6418   9  10
6419   9  11
6420   9  12
6421   9  13
6422   9  14
6423   9  15
6424   9  16
6425   9  17
6426   9  18
6427   9  19
6428   9  20
6429   9  21
6430   9  22
6431   9  23
6432   9  24
6433   7   1
6434   7   2
6435   7   3
6436   7   4
6437   7   5
6438   7   6
6439   7   7
6440   7   8
6441   7   9
6442   7  10
6443   7  11
6444   7  12
6445   7  13
6446   7  14
6447   7  15
6448   7  16
6449   7  17
6450   7  18
6451   7  19
6452   7  20
6453   7  21
6454   7  22
6455   7  23
6456   7  24
6457   8   1
6458   8   2
6459   8   3
6460   8   4
6461   8   5
6462   8   6
6463   8   7
6464   8   8
6465   8   9
6466   8  10
6467   8  11
6468   8  12
6469   8  13
6470   8  14
6471   8  15
6472   8  16
6473   8  17
6474   8  18
6475   8  19
6476   8  20
6477   8  21
6478   8  22
6479   8  23
6480   8  24
6481   8   1
6482   8   2
6483   8   3
6484   8   4
6485   8   5
6486   8   6
6487   8   7
6488   8   8
6489   8   9
6490   8  10
6491   8  11
6492   8  12
6493   8  13
6494   8  14
6495   8  15
6496   8  16
6497   8  17
6498   8  18
6499   8  19
6500   8  20
6501   8  21
6502   8  22
6503   8  23
6504   8  24
6505   7   1
6506   7   2
6507   7   3
6508   7   4
6509   7   5
6510   7   6
6511   7   7
6512   7   8
6513   7   9
6514   7  10
6515   7  11
6516   7  12
6517   7  13
6518   7  14
6519   7  15
6520   7  16
6521   7  17
6522   7  18
6523   7  19
6524   7  20
6525   7  21
6526   7  22
6527   7  23
6528   7  24
6529   7   1
6530   7   2
6531   7   3
6532   7   4
6533   7   5
6534   7   6
6535   7   7
6536   7   8
6537   7   9
6538   7  10
6539   7  11
6540   7  12
6541   7  13
6542   7  14
6543   7  15
6544   7  16
6545   7  17
6546   7  18
6547   7  19
6548   7  20
6549   7  21
6550   7  22
6551   7  23
6552   7  24
6553   5   1
6554   5   2
6555   5   3
6556   5   4
6557   5   5
6558   5   6
6559   5   7
6560   5   8
6561   5   9
6562   5  10
6563   5  11
6564   5  12
6565   5  13
6566   5  14
6567   5  15
6568   5  16
6569   5  17
6570   5  18
6571   5  19
6572   5  20
6573   5  21
6574   5  22
6575   5  23
6576   5  24
6577   5   1
6578   5   2
6579   5   3
6580   5   4
6581   5   5
6582   5   6
6583   5   7
6584   5   8
6585   5   9
6586   5  10
6587   5  11
6588   5  12
6589   5  13
6590   5  14
6591   5  15
6592   5  16
6593   5  17
6594   5  18
6595   5  19
6596   5  20
6597   5  21
6598   5  22
6599   5  23
6600   5  24
6601   7   1
6602   7   2
6603   7   3
6604   7   4
6605   7   5
6606   7   6
6607   7   7
6608   7   8
6609   7   9
6610   7  10
6611   7  11
6612   7  12
6613   7  13
6614   7  14
6615   7  15
6616   7  16
6617   7  17
6618   7  18
6619   7  19
6620   7  20
6621   7  21
6622   7  22
6623   7  23
6624   7  24
6625   7   1
6626   7   2
6627   7   3
6628   7   4
6629   7   5
6630   7   6
6631   7   7
6632   7   8
6633   7   9
6634   7  10
6635   7  11
6636   7  12
6637   7  13
6638   7  14
6639   7  15
6640   7  16
6641   7  17
6642   7  18
6643   7  19
6644   7  20
6645   7  21
6646   7  22
6647   7  23
6648   7  24
6649   7   1
6650   7   2
6651   7   3
6652   7   4
6653   7   5
6654   7   6
6655   7   7
6656   7   8
6657   7   9
6658   7  10
6659   7  11
6660   7  12
6661   7  13
6662   7  14
6663   7  15
6664   7  16
6665   7  17
6666   7  18
6667   7  19
6668   7  20
6669   7  21
6670   7  22
6671   7  23
6672   7  24
6673   7   1
6674   7   2
6675   7   3
6676   7   4
6677   7   5
6678   7   6
6679   7   7
6680   7   8
6681   7   9
6682   7  10
6683   7  11
6684   7  12
6685   7  13
6686   7  14
6687   7  15
6688   7  16
6689   7  17
6690   7  18
6691   7  19
6692   7  20
6693   7  21
6694   7  22
6695   7  23
6696   7  24
6697   6   1
6698   6   2
6699   6   3
6700   6   4
6701   6   5
6702   6   6
6703   6   7
6704   6   8
6705   6   9
6706   6  10
6707   6  11
6708   6  12
6709   6  13
6710   6  14
6711   6  15
6712   6  16
6713   6  17
6714   6  18
6715   6  19
6716   6  20
6717   6  21
6718   6  22
6719   6  23
6720   6  24
6721   5   1
6722   5   2
6723   5   3
6724   5   4
6725   5   5
6726   5   6
6727   5   7
6728   5   8
6729   5   9
6730   5  10
6731   5  11
6732   5  12
6733   5  13
6734   5  14
6735   5  15
6736   5  16
6737   5  17
6738   5  18
6739   5  19
6740   5  20
6741   5  21
6742   5  22
6743   5  23
6744   5  24
6745   5   1
6746   5   2
6747   5   3
6748   5   4
6749   5   5
6750   5   6
6751   5   7
6752   5   8
6753   5   9
6754   5  10
6755   5  11
6756   5  12
6757   5  13
6758   5  14
6759   5  15
6760   5  16
6761   5  17
6762   5  18
6763   5  19
6764   5  20
6765   5  21
6766   5  22
6767   5  23
6768   5  24
6769   3   1
6770   3   2
6771   3   3
6772   3   4
6773   3   5
6774   3   6
6775   3   7
6776   3   8
6777   3   9
6778   3  10
6779   3  11
6780   3  12
6781   3  13
6782   3  14
6783   3  15
6784   3  16
6785   3  17
6786   3  18
6787   3  19
6788   3  20
6789   3  21
6790   3  22
6791   3  23
6792   3  24
6793   3   1
6794   3   2
6795   3   3
6796   3   4
6797   3   5
6798   3   6
6799   3   7
6800   3   8
6801   3   9
6802   3  10
6803   3  11
6804   3  12
6805   3  13
6806   3  14
6807   3  15
6808   3  16
6809   3  17
6810   3  18
6811   3  19
6812   3  20
6813   3  21
6814   3  22
6815   3  23
6816   3  24
6817   6   1
6818   6   2
6819   6   3
6820   6   4
6821   6   5
6822   6   6
6823   6   7
6824   6   8
6825   6   9
6826   6  10
6827   6  11
6828   6  12
6829   6  13
6830   6  14
6831   6  15
6832   6  16
6833   6  17
6834   6  18
6835   6  19
6836   6  20
6837   6  21
6838   6  22
6839   6  23
6840   6  24
6841   6   1
6842   6   2
6843   6   3
6844   6   4
6845   6   5
6846   6   6
6847   6   7
6848   6   8
6849   6   9
6850   6  10
6851   6  11
6852   6  12
6853   6  13
6854   6  14
6855   6  15
6856   6  16
6857   6  17
6858   6  18
6859   6  19
6860   6  20
6861   6  21
6862   6  22
6863   6  23
6864   6  24
6865   6   1
6866   6   2
6867   6   3
6868   6   4
6869   6   5
6870   6   6
6871   6   7
6872   6   8
6873   6   9
6874   6  10
6875   6  11
6876   6  12
6877   6  13
6878   6  14
6879   6  15
6880   6  16
6881   6  17
6882   6  18
6883   6  19
6884   6  20
6885   6  21
6886   6  22
6887   6  23
6888   6  24
6889   5   1
6890   5   2
6891   5   3
6892   5   4
6893   5   5
6894   5   6
6895   5   7
6896   5   8
6897   5   9
6898   5  10
6899   5  11
6900   5  12
6901   5  13
6902   5  14
6903   5  15
6904   5  16
6905   5  17
6906   5  18
6907   5  19
6908   5  20
6909   5  21
6910   5  22
6911   5  23
6912   5  24
6913   5   1
6914   5   2
6915   5   3
6916   5   4
6917   5   5
6918   5   6
6919   5   7
6920   5   8
6921   5   9
6922   5  10
6923   5  11
6924   5  12
6925   5  13
6926   5  14
6927   5  15
6928   5  16
6929   5  17
6930   5  18
6931   5  19
6932   5  20
6933   5  21
6934   5  22
6935   5  23
6936   5  24
6937   7   1
6938   7   2
6939   7   3
6940   7   4
6941   7   5
6942   7   6
6943   7   7
6944   7   8
6945   7   9
6946   7  10
6947   7  11
6948   7  12
6949   7  13
6950   7  14
6951   7  15
6952   7  16
6953   7  17
6954   7  18
6955   7  19
6956   7  20
6957   7  21
6958   7  22
6959   7  23
6960   7  24
6961   7   1
6962   7   2
6963   7   3
6964   7   4
6965   7   5
6966   7   6
6967   7   7
6968   7   8
6969   7   9
6970   7  10
6971   7  11
6972   7  12
6973   7  13
6974   7  14
6975   7  15
6976   7  16
6977   7  17
6978   7  18
6979   7  19
6980   7  20
6981   7  21
6982   7  22
6983   7  23
6984   7  24
6985   7   1
6986   7   2
6987   7   3
6988   7   4
6989   7   5
6990   7   6
6991   7   7
6992   7   8
6993   7   9
6994   7  10
6995   7  11
6996   7  12
6997   7  13
6998   7  14
6999   7  15
7000   7  16
7001   7  17
7002   7  18
7003   7  19
7004   7  20
7005   7  21
7006   7  22
7007   7  23
7008   7  24
7009   6   1
7010   6   2
7011   6   3
7012   6   4
7013   6   5
7014   6   6
7015   6   7
7016   6   8
7017   6   9
7018   6  10
7019   6  11
7020   6  12
7021   6  13
7022   6  14
7023   6  15
7024   6  16
7025   6  17
7026   6  18
7027   6  19
7028   6  20
7029   6  21
7030   6  22
7031   6  23
7032   6  24
7033   7   1
7034   7   2
7035   7   3
7036   7   4
7037   7   5
7038   7   6
7039   7   7
7040   7   8
7041   7   9
7042   7  10
7043   7  11
7044   7  12
7045   7  13
7046   7  14
7047   7  15
7048   7  16
7049   7  17
7050   7  18
7051   7  19
7052   7  20
7053   7  21
7054   7  22
7055   7  23
7056   7  24
7057   5   1
7058   5   2
7059   5   3
7060   5   4
7061   5   5
7062   5   6
7063   5   7
7064   5   8
7065   5   9
7066   5  10
7067   5  11
7068   5  12
7069   5  13
7070   5  14
7071   5  15
7072   5  16
7073   5  17
7074   5  18
7075   5  19
7076   5  20
7077   5  21
7078   5  22
7079   5  23
7080   5  24
7081   5   1
7082   5   2
7083   5   3
7084   5   4
7085   5   5
7086   5   6
7087   5   7
7088   5   8
7089   5   9
7090   5  10
7091   5  11
7092   5  12
7093   5  13
7094   5  14
7095   5  15
7096   5  16
7097   5  17
7098   5  18
7099   5  19
7100   5  20
7101   5  21
7102   5  22
7103   5  23
7104   5  24
7105   6   1
7106   6   2
7107   6   3
7108   6   4
7109   6   5
7110   6   6
7111   6   7
7112   6   8
7113   6   9
7114   6  10
7115   6  11
7116   6  12
7117   6  13
7118   6  14
7119   6  15
7120   6  16
7121   6  17
7122   6  18
7123   6  19
7124   6  20
7125   6  21
7126   6  22
7127   6  23
7128   6  24
7129   7   1
7130   7   2
7131   7   3
7132   7   4
7133   7   5
7134   7   6
7135   7   7
7136   7   8
7137   7   9
7138   7  10
7139   7  11
7140   7  12
7141   7  13
7142   7  14
7143   7  15
7144   7  16
7145   7  17
7146   7  18
7147   7  19
7148   7  20
7149   7  21
7150   7  22
7151   7  23
7152   7  24
7153   7   1
7154   7   2
7155   7   3
7156   7   4
7157   7   5
7158   7   6
7159   7   7
7160   7   8
7161   7   9
7162   7  10
7163   7  11
7164   7  12
7165   7  13
7166   7  14
7167   7  15
7168   7  16
7169   7  17
7170   7  18
7171   7  19
7172   7  20
7173   7  21
7174   7  22
7175   7  23
7176   7  24
7177   7   1
7178   7   2
7179   7   3
7180   7   4
7181   7   5
7182   7   6
7183   7   7
7184   7   8
7185   7   9
7186   7  10
7187   7  11
7188   7  12
7189   7  13
7190   7  14
7191   7  15
7192   7  16
7193   7  17
7194   7  18
7195   7  19
7196   7  20
7197   7  21
7198   7  22
7199   7  23
7200   7  24
7201   7   1
7202   7   2
7203   7   3
7204   7   4
7205   7   5
7206   7   6
7207   7   7
7208   7   8
7209   7   9
7210   7  10
7211   7  11
7212   7  12
7213   7  13
7214   7  14
7215   7  15
7216   7  16
7217   7  17
7218   7  18
7219   7  19
7220   7  20
7221   7  21
7222   7  22
7223   7  23
7224   7  24
7225   5   1
7226   5   2
7227   5   3
7228   5   4
7229   5   5
7230   5   6
7231   5   7
7232   5   8
7233   5   9
7234   5  10
7235   5  11
7236   5  12
7237   5  13
7238   5  14
7239   5  15
7240   5  16
7241   5  17
7242   5  18
7243   5  19
7244   5  20
7245   5  21
7246   5  22
7247   5  23
7248   5  24
7249   5   1
7250   5   2
7251   5   3
7252   5   4
7253   5   5
7254   5   6
7255   5   7
7256   5   8
7257   5   9
7258   5  10
7259   5  11
7260   5  12
7261   5  13
7262   5  14
7263   5  15
7264   5  16
7265   5  17
7266   5  18
7267   5  19
7268   5  20
7269   5  21
7270   5  22
7271   5  23
7272   5  24
7273   6   1
7274   6   2
7275   6   3
7276   6   4
7277   6   5
7278   6   6
7279   6   7
7280   6   8
7281   6   9
7282   6  10
7283   6  11
7284   6  12
7285   6  13
7286   6  14
7287   6  15
7288   6  16
7289   6  17
7290   6  18
7291   6  19
7292   6  20
7293   6  21
7294   6  22
7295   6  23
7296   6  24
7297   6   1
7298   6   2
7299   6   3
7300   6   4
7301   6   5
7302   6   6
7303   6   7
7304   6   8
7305   6   9
7306   6  10
7307   6  11
7308   6  12
7309   6  13
7310   6  14
7311   6  15
7312   6  16
7313   6  17
7314   6  18
7315   6  19
7316   6  20
7317   6  21
7318   6  22
7319   6  23
7320   6  24
7321   7   1
7322   7   2
7323   7   3
7324   7   4
7325   7   5
7326   7   6
7327   7   7
7328   7   8
7329   7   9
7330   7  10
7331   7  11
7332   7  12
7333   7  13
7334   7  14
7335   7  15
7336   7  16
7337   7  17
7338   7  18
7339   7  19
7340   7  20
7341   7  21
7342   7  22
7343   7  23
7344   7  24
7345   6   1
7346   6   2
7347   6   3
7348   6   4
7349   6   5
7350   6   6
7351   6   7
7352   6   8
7353   6   9
7354   6  10
7355   6  11
7356   6  12
7357   6  13
7358   6  14
7359   6  15
7360   6  16
7361   6  17
7362   6  18
7363   6  19
7364   6  20
7365   6  21
7366   6  22
7367   6  23
7368   6  24
7369   6   1
7370   6   2
7371   6   3
7372   6   4
7373   6   5
7374   6   6
7375   6   7
7376   6   8
7377   6   9
7378   6  10
7379   6  11
7380   6  12
7381   6  13
7382   6  14
7383   6  15
7384   6  16
7385   6  17
7386   6  18
7387   6  19
7388   6  20
7389   6  21
7390   6  22
7391   6  23
7392   6  24
7393   5   1
7394   5   2
7395   5   3
7396   5   4
7397   5   5
7398   5   6
7399   5   7
7400   5   8
7401   5   9
7402   5  10
7403   5  11
7404   5  12
7405   5  13
7406   5  14
7407   5  15
7408   5  16
7409   5  17
7410   5  18
7411   5  19
7412   5  20
7413   5  21
7414   5  22
7415   5  23
7416   5  24
7417   5   1
7418   5   2
7419   5   3
7420   5   4
7421   5   5
7422   5   6
7423   5   7
7424   5   8
7425   5   9
7426   5  10
7427   5  11
7428   5  12
7429   5  13
7430   5  14
7431   5  15
7432   5  16
7433   5  17
7434   5  18
7435   5  19
7436   5  20
7437   5  21
7438   5  22
7439   5  23
7440   5  24
7441   6   1
7442   6   2
7443   6   3
7444   6   4
7445   6   5
7446   6   6
7447   6   7
7448   6   8
7449   6   9
7450   6  10
7451   6  11
7452   6  12
7453   6  13
7454   6  14
7455   6  15
7456   6  16
7457   6  17
7458   6  18
7459   6  19
7460   6  20
7461   6  21
7462   6  22
7463   6  23
7464   6  24
7465   6   1
7466   6   2
7467   6   3
7468   6   4
7469   6   5
7470   6   6
7471   6   7
7472   6   8
7473   6   9
7474   6  10
7475   6  11
7476   6  12
7477   6  13
7478   6  14
7479   6  15
7480   6  16
7481   6  17
7482   6  18
7483   6  19
7484   6  20
7485   6  21
7486   6  22
7487   6  23
7488   6  24
7489   6   1
7490   6   2
7491   6   3
7492   6   4
7493   6   5
7494   6   6
7495   6   7
7496   6   8
7497   6   9
7498   6  10
7499   6  11
7500   6  12
7501   6  13
7502   6  14
7503   6  15
7504   6  16
7505   6  17
7506   6  18
7507   6  19
7508   6  20
7509   6  21
7510   6  22
7511   6  23
7512   6  24
7513   6   1
7514   6   2
7515   6   3
7516   6   4
7517   6   5
7518   6   6
7519   6   7
7520   6   8
7521   6   9
7522   6  10
7523   6  11
7524   6  12
7525   6  13
7526   6  14
7527   6  15
7528   6  16
7529   6  17
7530   6  18
7531   6  19
7532   6  20
7533   6  21
7534   6  22
7535   6  23
7536   6  24
7537   6   1
7538   6   2
7539   6   3
7540   6   4
7541   6   5
7542   6   6
7543   6   7
7544   6   8
7545   6   9
7546   6  10
7547   6  11
7548   6  12
7549   6  13
7550   6  14
7551   6  15
7552   6  16
7553   6  17
7554   6  18
7555   6  19
7556   6  20
7557   6  21
7558   6  22
7559   6  23
7560   6  24
7561   5   1
7562   5   2
7563   5   3
7564   5   4
7565   5   5
7566   5   6
7567   5   7
7568   5   8
7569   5   9
7570   5  10
7571   5  11
7572   5  12
7573   5  13
7574   5  14
7575   5  15
7576   5  16
7577   5  17
7578   5  18
7579   5  19
7580   5  20
7581   5  21
7582   5  22
7583   5  23
7584   5  24
7585   5   1
7586   5   2
7587   5   3
7588   5   4
7589   5   5
7590   5   6
7591   5   7
7592   5   8
7593   5   9
7594   5  10
7595   5  11
7596   5  12
7597   5  13
7598   5  14
7599   5  15
7600   5  16
7601   5  17
7602   5  18
7603   5  19
7604   5  20
7605   5  21
7606   5  22
7607   5  23
7608   5  24
7609   6   1
7610   6   2
7611   6   3
7612   6   4
7613   6   5
7614   6   6
7615   6   7
7616   6   8
7617   6   9
7618   6  10
7619   6  11
7620   6  12
7621   6  13
7622   6  14
7623   6  15
7624   6  16
7625   6  17
7626   6  18
7627   6  19
7628   6  20
7629   6  21
7630   6  22
7631   6  23
7632   6  24
7633   3   1
7634   3   2
7635   3   3
7636   3   4
7637   3   5
7638   3   6
7639   3   7
7640   3   8
7641   3   9
7642   3  10
7643   3  11
7644   3  12
7645   3  13
7646   3  14
7647   3  15
7648   3  16
7649   3  17
7650   3  18
7651   3  19
7652   3  20
7653   3  21
7654   3  22
7655   3  23
7656   3  24
7657   6   1
7658   6   2
7659   6   3
7660   6   4
7661   6   5
7662   6   6
7663   6   7
7664   6   8
7665   6   9
7666   6  10
7667   6  11
7668   6  12
7669   6  13
7670   6  14
7671   6  15
7672   6  16
7673   6  17
7674   6  18
7675   6  19
7676   6  20
7677   6  21
7678   6  22
7679   6  23
7680   6  24
7681   6   1
7682   6   2
7683   6   3
7684   6   4
7685   6   5
7686   6   6
7687   6   7
7688   6   8
7689   6   9
7690   6  10
7691   6  11
7692   6  12
7693   6  13
7694   6  14
7695   6  15
7696   6  16
7697   6  17
7698   6  18
7699   6  19
7700   6  20
7701   6  21
7702   6  22
7703   6  23
7704   6  24
7705   6   1
7706   6   2
7707   6   3
7708   6   4
7709   6   5
7710   6   6
7711   6   7
7712   6   8
7713   6   9
7714   6  10
7715   6  11
7716   6  12
7717   6  13
7718   6  14
7719   6  15
7720   6  16
7721   6  17
7722   6  18
7723   6  19
7724   6  20
7725   6  21
7726   6  22
7727   6  23
7728   6  24
7729   5   1
7730   5   2
7731   5   3
7732   5   4
7733   5   5
7734   5   6
7735   5   7
7736   5   8
7737   5   9
7738   5  10
7739   5  11
7740   5  12
7741   5  13
7742   5  14
7743   5  15
7744   5  16
7745   5  17
7746   5  18
7747   5  19
7748   5  20
7749   5  21
7750   5  22
7751   5  23
7752   5  24
7753   5   1
7754   5   2
7755   5   3
7756   5   4
7757   5   5
7758   5   6
7759   5   7
7760   5   8
7761   5   9
7762   5  10
7763   5  11
7764   5  12
7765   5  13
7766   5  14
7767   5  15
7768   5  16
7769   5  17
7770   5  18
7771   5  19
7772   5  20
7773   5  21
7774   5  22
7775   5  23
7776   5  24
7777   6   1
7778   6   2
7779   6   3
7780   6   4
7781   6   5
7782   6   6
7783   6   7
7784   6   8
7785   6   9
7786   6  10
7787   6  11
7788   6  12
7789   6  13
7790   6  14
7791   6  15
7792   6  16
7793   6  17
7794   6  18
7795   6  19
7796   6  20
7797   6  21
7798   6  22
7799   6  23
7800   6  24
7801   6   1
7802   6   2
7803   6   3
7804   6   4
7805   6   5
7806   6   6
7807   6   7
7808   6   8
7809   6   9
7810   6  10
7811   6  11
7812   6  12
7813   6  13
7814   6  14
7815   6  15
7816   6  16
7817   6  17
7818   6  18
7819   6  19
7820   6  20
7821   6  21
7822   6  22
7823   6  23
7824   6  24
7825   6   1
7826   6   2
7827   6   3
7828   6   4
7829   6   5
7830   6   6
7831   6   7
7832   6   8
7833   6   9
7834   6  10
7835   6  11
7836   6  12
7837   6  13
7838   6  14
7839   6  15
7840   6  16
7841   6  17
7842   6  18
7843   6  19
7844   6  20
7845   6  21
7846   6  22
7847   6  23
7848   6  24
7849   3   1
7850   3   2
7851   3   3
7852   3   4
7853   3   5
7854   3   6
7855   3   7
7856   3   8
7857   3   9
7858   3  10
7859   3  11
7860   3  12
7861   3  13
7862   3  14
7863   3  15
7864   3  16
7865   3  17
7866   3  18
7867   3  19
7868   3  20
7869   3  21
7870   3  22
7871   3  23
7872   3  24
7873   3   1
7874   3   2
7875   3   3
7876   3   4
7877   3   5
7878   3   6
7879   3   7
7880   3   8
7881   3   9
7882   3  10
7883   3  11
7884   3  12
7885   3  13
7886   3  14
7887   3  15
7888   3  16
7889   3  17
7890   3  18
7891   3  19
7892   3  20
7893   3  21
7894   3  22
7895   3  23
7896   3  24
7897   5   1
7898   5   2
7899   5   3
7900   5   4
7901   5   5
7902   5   6
7903   5   7
7904   5   8
7905   5   9
7906   5  10
7907   5  11
7908   5  12
7909   5  13
7910   5  14
7911   5  15
7912   5  16
7913   5  17
7914   5  18
7915   5  19
7916   5  20
7917   5  21
7918   5  22
7919   5  23
7920   5  24
7921   5   1
7922   5   2
7923   5   3
7924   5   4
7925   5   5
7926   5   6
7927   5   7
7928   5   8
7929   5   9
7930   5  10
7931   5  11
7932   5  12
7933   5  13
7934   5  14
7935   5  15
7936   5  16
7937   5  17
7938   5  18
7939   5  19
7940   5  20
7941   5  21
7942   5  22
7943   5  23
7944   5  24
7945   3   1
7946   3   2
7947   3   3
7948   3   4
7949   3   5
7950   3   6
7951   3   7
7952   3   8
7953   3   9
7954   3  10
7955   3  11
7956   3  12
7957   3  13
7958   3  14
7959   3  15
7960   3  16
7961   3  17
7962   3  18
7963   3  19
7964   3  20
7965   3  21
7966   3  22
7967   3  23
7968   3  24
7969   6   1
7970   6   2
7971   6   3
7972   6   4
7973   6   5
7974   6   6
7975   6   7
7976   6   8
7977   6   9
7978   6  10
7979   6  11
7980   6  12
7981   6  13
7982   6  14
7983   6  15
7984   6  16
7985   6  17
7986   6  18
7987   6  19
7988   6  20
7989   6  21
7990   6  22
7991   6  23
7992   6  24
7993   6   1
7994   6   2
7995   6   3
7996   6   4
7997   6   5
7998   6   6
7999   6   7
8000   6   8
8001   6   9
8002   6  10
8003   6  11
8004   6  12
8005   6  13
8006   6  14
8007   6  15
8008   6  16
8009   6  17
8010   6  18
8011   6  19
8012   6  20
8013   6  21
8014   6  22
8015   6  23
8016   6  24
8017   3   1
8018   3   2
8019   3   3
8020   3   4
8021   3   5
8022   3   6
8023   3   7
8024   3   8
8025   3   9
8026   3  10
8027   3  11
8028   3  12
8029   3  13
8030   3  14
8031   3  15
8032   3  16
8033   3  17
8034   3  18
8035   3  19
8036   3  20
8037   3  21
8038   3  22
8039   3  23
8040   3  24
8041   3   1
8042   3   2
8043   3   3
8044   3   4
8045   3   5
8046   3   6
8047   3   7
8048   3   8
8049   3   9
8050   3  10
8051   3  11
8052   3  12
8053   3  13
8054   3  14
8055   3  15
8056   3  16
8057   3  17
8058   3  18
8059   3  19
8060   3  20
8061   3  21
8062   3  22
8063   3  23
8064   3  24
8065   1   1
8066   1   2
8067   1   3
8068   1   4
8069   1   5
8070   1   6
8071   1   7
8072   1   8
8073   1   9
8074   1  10
8075   1  11
8076   1  12
8077   1  13
8078   1  14
8079   1  15
8080   1  16
8081   1  17
8082   1  18
8083   1  19
8084   1  20
8085   1  21
8086   1  22
8087   1  23
8088   1  24
8089   5   1
8090   5   2
8091   5   3
8092   5   4
8093   5   5
8094   5   6
8095   5   7
8096   5   8
8097   5   9
8098   5  10
8099   5  11
8100   5  12
8101   5  13
8102   5  14
8103   5  15
8104   5  16
8105   5  17
8106   5  18
8107   5  19
8108   5  20
8109   5  21
8110   5  22
8111   5  23
8112   5  24
8113   3   1
8114   3   2
8115   3   3
8116   3   4
8117   3   5
8118   3   6
8119   3   7
8120   3   8
8121   3   9
8122   3  10
8123   3  11
8124   3  12
8125   3  13
8126   3  14
8127   3  15
8128   3  16
8129   3  17
8130   3  18
8131   3  19
8132   3  20
8133   3  21
8134   3  22
8135   3  23
8136   3  24
8137   4   1
8138   4   2
8139   4   3
8140   4   4
8141   4   5
8142   4   6
8143   4   7
8144   4   8
8145   4   9
8146   4  10
8147   4  11
8148   4  12
8149   4  13
8150   4  14
8151   4  15
8152   4  16
8153   4  17
8154   4  18
8155   4  19
8156   4  20
8157   4  21
8158   4  22
8159   4  23
8160   4  24
8161   4   1
8162   4   2
8163   4   3
8164   4   4
8165   4   5
8166   4   6
8167   4   7
8168   4   8
8169   4   9
8170   4  10
8171   4  11
8172   4  12
8173   4  13
8174   4  14
8175   4  15
8176   4  16
8177   4  17
8178   4  18
8179   4  19
8180   4  20
8181   4  21
8182   4  22
8183   4  23
8184   4  24
8185   3   1
8186   3   2
8187   3   3
8188   3   4
8189   3   5
8190   3   6
8191   3   7
8192   3   8
8193   3   9
8194   3  10
8195   3  11
8196   3  12
8197   3  13
8198   3  14
8199   3  15
8200   3  16
8201   3  17
8202   3  18
8203   3  19
8204   3  20
8205   3  21
8206   3  22
8207   3  23
8208   3  24
8209   3   1
8210   3   2
8211   3   3
8212   3   4
8213   3   5
8214   3   6
8215   3   7
8216   3   8
8217   3   9
8218   3  10
8219   3  11
8220   3  12
8221   3  13
8222   3  14
8223   3  15
8224   3  16
8225   3  17
8226   3  18
8227   3  19
8228   3  20
8229   3  21
8230   3  22
8231   3  23
8232   3  24
8233   5   1
8234   5   2
8235   5   3
8236   5   4
8237   5   5
8238   5   6
8239   5   7
8240   5   8
8241   5   9
8242   5  10
8243   5  11
8244   5  12
8245   5  13
8246   5  14
8247   5  15
8248   5  16
8249   5  17
8250   5  18
8251   5  19
8252   5  20
8253   5  21
8254   5  22
8255   5  23
8256   5  24
8257   5   1
8258   5   2
8259   5   3
8260   5   4
8261   5   5
8262   5   6
8263   5   7
8264   5   8
8265   5   9
8266   5  10
8267   5  11
8268   5  12
8269   5  13
8270   5  14
8271   5  15
8272   5  16
8273   5  17
8274   5  18
8275   5  19
8276   5  20
8277   5  21
8278   5  22
8279   5  23
8280   5  24
8281   4   1
8282   4   2
8283   4   3
8284   4   4
8285   4   5
8286   4   6
8287   4   7
8288   4   8
8289   4   9
8290   4  10
8291   4  11
8292   4  12
8293   4  13
8294   4  14
8295   4  15
8296   4  16
8297   4  17
8298   4  18
8299   4  19
8300   4  20
8301   4  21
8302   4  22
8303   4  23
8304   4  24
8305   4   1
8306   4   2
8307   4   3
8308   4   4
8309   4   5
8310   4   6
8311   4   7
8312   4   8
8313   4   9
8314   4  10
8315   4  11
8316   4  12
8317   4  13
8318   4  14
8319   4  15
8320   4  16
8321   4  17
8322   4  18
8323   4  19
8324   4  20
8325   4  21
8326   4  22
8327   4  23
8328   4  24
8329   3   1
8330   3   2
8331   3   3
8332   3   4
8333   3   5
8334   3   6
8335   3   7
8336   3   8
8337   3   9
8338   3  10
8339   3  11
8340   3  12
8341   3  13
8342   3  14
8343   3  15
8344   3  16
8345   3  17
8346   3  18
8347   3  19
8348   3  20
8349   3  21
8350   3  22
8351   3  23
8352   3  24
8353   4   1
8354   4   2
8355   4   3
8356   4   4
8357   4   5
8358   4   6
8359   4   7
8360   4   8
8361   4   9
8362   4  10
8363   4  11
8364   4  12
8365   4  13
8366   4  14
8367   4  15
8368   4  16
8369   4  17
8370   4  18
8371   4  19
8372   4  20
8373   4  21
8374   4  22
8375   4  23
8376   4  24
8377   4   1
8378   4   2
8379   4   3
8380   4   4
8381   4   5
8382   4   6
8383   4   7
8384   4   8
8385   4   9
8386   4  10
8387   4  11
8388   4  12
8389   4  13
8390   4  14
8391   4  15
8392   4  16
8393   4  17
8394   4  18
8395   4  19
8396   4  20
8397   4  21
8398   4  22
8399   4  23
8400   4  24
8401   1   1
8402   1   2
8403   1   3
8404   1   4
8405   1   5
8406   1   6
8407   1   7
8408   1   8
8409   1   9
8410   1  10
8411   1  11
8412   1  12
8413   1  13
8414   1  14
8415   1  15
8416   1  16
8417   1  17
8418   1  18
8419   1  19
8420   1  20
8421   1  21
8422   1  22
8423   1  23
8424   1  24
8425   1   1
8426   1   2
8427   1   3
8428   1   4
8429   1   5
8430   1   6
8431   1   7
8432   1   8
8433   1   9
8434   1  10
8435   1  11
8436   1  12
8437   1  13
8438   1  14
8439   1  15
8440   1  16
8441   1  17
8442   1  18
8443   1  19
8444   1  20
8445   1  21
8446   1  22
8447   1  23
8448   1  24
8449   2   1
8450   2   2
8451   2   3
8452   2   4
8453   2   5
8454   2   6
8455   2   7
8456   2   8
8457   2   9
8458   2  10
8459   2  11
8460   2  12
8461   2  13
8462   2  14
8463   2  15
8464   2  16
8465   2  17
8466   2  18
8467   2  19
8468   2  20
8469   2  21
8470   2  22
8471   2  23
8472   2  24
8473   2   1
8474   2   2
8475   2   3
8476   2   4
8477   2   5
8478   2   6
8479   2   7
8480   2   8
8481   2   9
8482   2  10
8483   2  11
8484   2  12
8485   2  13
8486   2  14
8487   2  15
8488   2  16
8489   2  17
8490   2  18
8491   2  19
8492   2  20
8493   2  21
8494   2  22
8495   2  23
8496   2  24
8497   4   1
8498   4   2
8499   4   3
8500   4   4
8501   4   5
8502   4   6
8503   4   7
8504   4   8
8505   4   9
8506   4  10
8507   4  11
8508   4  12
8509   4  13
8510   4  14
8511   4  15
8512   4  16
8513   4  17
8514   4  18
8515   4  19
8516   4  20
8517   4  21
8518   4  22
8519   4  23
8520   4  24
8521   4   1
8522   4   2
8523   4   3
8524   4   4
8525   4   5
8526   4   6
8527   4   7
8528   4   8
8529   4   9
8530   4  10
8531   4  11
8532   4  12
8533   4  13
8534   4  14
8535   4  15
8536   4  16
8537   4  17
8538   4  18
8539   4  19
8540   4  20
8541   4  21
8542   4  22
8543   4  23
8544   4  24
8545   3   1
8546   3   2
8547   3   3
8548   3   4
8549   3   5
8550   3   6
8551   3   7
8552   3   8
8553   3   9
8554   3  10
8555   3  11
8556   3  12
8557   3  13
8558   3  14
8559   3  15
8560   3  16
8561   3  17
8562   3  18
8563   3  19
8564   3  20
8565   3  21
8566   3  22
8567   3  23
8568   3  24
8569   1   1
8570   1   2
8571   1   3
8572   1   4
8573   1   5
8574   1   6
8575   1   7
8576   1   8
8577   1   9
8578   1  10
8579   1  11
8580   1  12
8581   1  13
8582   1  14
8583   1  15
8584   1  16
8585   1  17
8586   1  18
8587   1  19
8588   1  20
8589   1  21
8590   1  22
8591   1  23
8592   1  24
8593   1   1
8594   1   2
8595   1   3
8596   1   4
8597   1   5
8598   1   6
8599   1   7
8600   1   8
8601   1   9
8602   1  10
8603   1  11
8604   1  12
8605   1  13
8606   1  14
8607   1  15
8608   1  16
8609   1  17
8610   1  18
8611   1  19
8612   1  20
8613   1  21
8614   1  22
8615   1  23
8616   1  24
8617   4   1
8618   4   2
8619   4   3
8620   4   4
8621   4   5
8622   4   6
8623   4   7
8624   4   8
8625   4   9
8626   4  10
8627   4  11
8628   4  12
8629   4  13
8630   4  14
8631   4  15
8632   4  16
8633   4  17
8634   4  18
8635   4  19
8636   4  20
8637   4  21
8638   4  22
8639   4  23
8640   4  24
8641   4   1
8642   4   2
8643   4   3
8644   4   4
8645   4   5
8646   4   6
8647   4   7
8648   4   8
8649   4   9
8650   4  10
8651   4  11
8652   4  12
8653   4  13
8654   4  14
8655   4  15
8656   4  16
8657   4  17
8658   4  18
8659   4  19
8660   4  20
8661   4  21
8662   4  22
8663   4  23
8664   4  24
8665   4   1
8666   4   2
8667   4   3
8668   4   4
8669   4   5
8670   4   6
8671   4   7
8672   4   8
8673   4   9
8674   4  10
8675   4  11
8676   4  12
8677   4  13
8678   4  14
8679   4  15
8680   4  16
8681   4  17
8682   4  18
8683   4  19
8684   4  20
8685   4  21
8686   4  22
8687   4  23
8688   4  24
8689   4   1
8690   4   2
8691   4   3
8692   4   4
8693   4   5
8694   4   6
8695   4   7
8696   4   8
8697   4   9
8698   4  10
8699   4  11
8700   4  12
8701   4  13
8702   4  14
8703   4  15
8704   4  16
8705   4  17
8706   4  18
8707   4  19
8708   4  20
8709   4  21
8710   4  22
8711   4  23
8712   4  24
8713   4   1
8714   4   2
8715   4   3
8716   4   4
8717   4   5
8718   4   6
8719   4   7
8720   4   8
8721   4   9
8722   4  10
8723   4  11
8724   4  12
8725   4  13
8726   4  14
8727   4  15
8728   4  16
8729   4  17
8730   4  18
8731   4  19
8732   4  20
8733   4  21
8734   4  22
8735   4  23
8736   4  24
8737   1   1
8738   1   2
8739   1   3
8740   1   4
8741   1   5
8742   1   6
8743   1   7
8744   1   8
8745   1   9
8746   1  10
8747   1  11
8748   1  12
8749   1  13
8750   1  14
8751   1  15
8752   1  16
8753   1  17
8754   1  18
8755   1  19
8756   1  20
8757   1  21
8758   1  22
8759   1  23
8760   1  24
;