,total_power
0,88337.44450000001
1,89133.577
2,90203.06030000001
3,88373.456
4,86946.7102
5,88114.09329999998
6,88431.7268
7,88378.0729
8,88476.9539
9,88445.0432
10,88791.09230000002
11,86209.3823
12,85440.87650000001
13,83590.44639999999
14,84858.7364
15,86587.67050000002
16,85904.99949999998
17,85584.92629999999
18,87220.2511
19,87362.57970000002
20,86835.04660000002
21,84865.4865
22,88910.54310000001
23,91736.24970000001
24,90810.8669
25,89710.8196
26,90267.2643
27,88832.41189999999
28,89242.04280000001
29,88723.0538
30,87386.0297
31,89379.5136
32,87425.9765
33,87032.60670000002
34,88572.559
35,88693.99029999999
36,87170.51710000003
37,87507.03310000002
38,85422.23000000001
39,83579.97680000002
40,83811.62670000002
41,83647.49640000002
42,82682.85980000002
43,81896.2409
44,81530.8839
45,80583.9936
46,82115.65999999999
47,82663.52360000001
48,83306.0429
49,84412.89009999999
50,85041.8964
51,85109.6101
52,85186.19690000001
53,86005.13770000002
54,85830.41010000001
55,85205.41679999999
56,83763.92980000001
57,84565.34329999998
58,84766.26699999999
59,84519.19680000002
60,84148.44989999998
61,83214.79709999998
62,81182.57289999998
63,86054.9767
64,85744.3996
65,84469.08789999998
66,85714.46050000002
67,85628.57739999998
68,85497.77639999999
69,85787.46999999999
70,86675.38080000003
71,86502.8173
72,85863.7259
73,84791.47399999997
74,84143.52550000002
75,84395.70939999998
76,84938.3672
77,84077.1672
78,82826.164
79,81301.2594
80,80128.94350000001
81,80551.6272
82,81707.67939999998
83,84681.44709999999
84,83094.6499
85,83492.87750000002
86,83505.88450000001
87,82203.14299999998
88,83372.4342
89,85187.38690000001
90,86771.5967
91,86364.32939999999
92,85227.58069999999
93,86142.47720000001
94,85456.4702
95,85476.33269999998
96,83258.19410000004
97,83545.87009999999
98,82772.7795
99,82495.05730000003
100,84042.81930000002
101,83406.0571
102,83838.45580000001
103,85064.91010000002
104,86435.09640000001
105,87874.17990000002
106,87873.84
107,87272.93719999999
108,87341.41990000001
109,87770.5556
110,87835.08020000001
111,87268.5693
112,85841.09150000002
113,85019.7469
114,85183.70960000002
115,85623.95710000001
116,86255.42110000002
117,85739.03419999998
118,86038.58940000003
119,87578.10329999997
120,89299.09930000002
121,88987.24019999999
122,89536.75229999998
123,87555.23939999999
124,87278.3237
125,86127.5292
126,85627.0939
127,85915.24660000001
128,85657.02989999998
129,86134.824
130,88115.0334
131,87977.96290000001
132,87515.3297
133,89527.69739999999
134,90216.4694
135,89882.64699999998
136,89338.57710000001
137,89978.54619999998
138,89652.42250000002
139,90046.13970000001
140,91381.20050000002
141,91249.41029999999
142,91291.97009999998
143,87602.2298
144,86761.94979999996
145,87716.77630000003
146,86302.12999999999
147,87293.4763
148,88435.1561
149,89211.82029999999
150,89060.00900000002
151,90907.04699999999
152,91605.42629999999
153,91224.4869
154,90577.5302
155,90771.19319999997
156,89108.13029999999
157,90139.66440000001
158,90906.3888
159,89475.61020000002
160,89400.6526
161,87551.06610000001
162,87418.3232
163,86368.1076
164,84785.4159
165,86132.35699999999
166,85619.52609999999
167,85912.85069999998
168,85405.32050000002
169,87237.58039999999
170,88432.83089999999
171,88434.9829
172,88211.0876
173,87743.5021
174,84828.01610000002
175,84605.66070000001
176,85209.54980000001
177,85890.69670000001
178,87258.46319999997
179,89697.7395
180,87961.27019999998
181,90091.66639999999
182,89583.75099999999
183,88387.0137
184,87545.02780000003
185,84476.6397
186,88567.82259999998
187,88812.5634
188,89247.9337
189,90726.32199999997
190,90445.88720000001
191,89728.6403
192,87698.6008
193,89944.71779999998
194,87611.1664
195,87359.1471
196,87053.961
197,86261.6932
198,85070.38339999999
199,84654.5733
200,85094.307
201,86068.1638
202,83531.70019999998
203,83273.15249999998
204,83646.44660000001
205,82069.84310000001
206,80177.9426
207,82401.65700000002
208,86809.01729999999
209,85869.5327
210,83886.2968
211,83607.43730000002
212,82228.3566
213,83037.947
214,84036.9929
215,84916.54269999996
216,84210.8668
217,84016.81619999999
218,84409.947
219,83549.62640000001
220,83332.7699
221,82644.8207
222,82820.774
223,82158.6733
224,84562.05369999999
225,87209.34099999999
226,89281.10740000001
227,87178.0434
228,86586.3806
229,85890.98640000002
230,84386.25039999999
231,81635.72700000001
232,81522.96649999997
233,82164.8803
234,82928.8933
235,80476.43339999998
236,79406.8565
237,81022.23349999999
238,81553.5235
239,83703.68239999999
240,84596.01390000002
241,85126.7524
242,84770.01420000002
243,83766.73000000001
244,82156.98030000001
245,81949.3259
246,80656.2677
247,79365.95590000002
248,78237.3829
249,78778.4639
250,78445.15409999999
251,77131.0092
252,77382.13059999999
253,77143.56749999998
254,75044.9037
255,76070.46
256,79938.67459999998
257,79404.98000000001
258,78978.2804
259,80094.03670000001
260,80335.6236
261,79483.51670000001
262,78167.174
263,78368.7206
264,77306.93669999999
265,76986.4232
266,76835.3466
267,76540.86709999999
268,76630.57970000002
269,76257.30389999998
270,74274.3967
271,73710.71040000003
272,73736.2205
273,74109.91669999999
274,75437.01919999998
275,75522.77350000001
276,76141.7337
277,76202.4806
278,76553.59079999998
279,76264.05979999999
280,74606.8626
281,73570.6536
282,72753.67330000001
283,74452.50329999998
284,74204.40689999999
285,74827.1806
286,74945.5307
287,77619.6566
288,77239.03080000004
289,77350.7072
290,76567.42349999999
291,76786.20290000002
292,76856.59249999997
293,76764.03700000003
294,75901.113
295,74302.6562
296,73887.65319999999
297,73318.90649999998
298,71978.21710000001
299,71483.243
300,73724.5565
301,79840.62
302,82353.11959999999
303,82028.28009999999
304,80787.69049999998
305,81102.64770000002
306,79295.52039999998
307,78681.37999999999
308,79915.56939999998
309,80570.2063
310,82435.20969999999
311,84019.7862
312,83388.36009999999
313,79224.59309999998
314,76992.35350000001
315,75939.24029999999
316,74616.2601
317,74589.88770000002
318,74168.7232
319,73744.62700000002
320,72282.9373
321,71360.86989999998
322,73528.51940000002
323,75246.67369999998
324,77670.7331
325,77353.66669999999
326,79317.63279999999
327,78483.38320000003
328,80352.60289999998
329,78878.9967
330,79543.46030000002
331,80110.20709999999
332,76178.2099
333,77597.89600000001
334,81051.9237
335,80583.38640000002
336,81796.03629999996
337,82809.0893
338,83593.0504
339,85197.97729999998
340,80265.71340000001
341,80274.2098
342,77402.9792
343,75557.2794
344,75212.2369
345,75764.68329999999
346,77385.6328
347,77073.73619999998
348,75346.61740000002
349,77640.1438
350,77977.57700000005
351,78923.23620000001
352,79961.33350000001
353,76950.477
354,76642.24710000002
355,76447.57290000001
356,74620.2072
357,76312.91380000001
358,78998.1505
359,80507.92660000002
360,79374.78999999998
361,79400.96060000002
362,77893.6934
363,77205.44859999999
364,76138.14550000001
365,75285.37989999999
366,75010.88280000002
367,72461.1468
368,74006.7828
369,73066.0532
370,74791.17339999999
371,77337.8476
372,77698.37990000001
373,78096.3491
374,79719.72080000001
375,79533.3704
376,79817.19640000002
377,76292.82319999998
378,78783.65299999998
379,79814.81999999999
380,80396.7465
381,83422.0671
382,82722.7499
383,79359.381
384,82397.99379999998
385,86565.00449999998
386,86340.00610000001
387,87096.46610000002
388,86261.4834
389,87405.25359999998
390,83421.26259999999
391,81492.4768
392,81008.94239999999
393,80326.2733
394,79537.6376
395,81840.3292
396,83889.03269999998
397,83299.3129
398,85017.504
399,86687.87950000001
400,84771.92679999999
401,86805.854
402,87208.88350000001
403,87862.23740000001
404,87721.68339999998
405,87996.30639999997
406,86643.4437
407,90643.54659999999
408,89121.23010000002
409,90027.509
410,88260.23980000001
411,87035.70969999999
412,88793.9042
413,86578.19880000001
414,83280.7208
415,83007.1394
416,83996.02950000002
417,86970.38280000002
418,89631.09049999999
419,86450.3199
420,86793.43719999997
421,86481.28349999999
422,85325.94249999999
423,83642.05320000001
424,83584.7332
425,84528.52220000002
426,88402.7503
427,87912.02939999998
428,88431.3665
429,87693.77029999997
430,88766.69949999999
431,88797.2704
432,89281.75659999998
433,90754.1333
434,92317.0757
435,90422.46380000001
436,89935.7761
437,88283.0165
438,86890.4065
439,86530.18329999999
440,86281.6836
441,86186.00970000001
442,86791.40149999999
443,87358.5902
444,88294.79079999999
445,87085.07400000002
446,87650.4641
447,85206.29079999999
448,83659.8632
449,83219.487
450,82675.8206
451,85233.1993
452,88467.41089999999
453,87967.55970000001
454,87763.53659999999
455,87948.10670000002
456,86942.64270000001
457,88407.90640000002
458,89794.77649999999
459,88047.45310000001
460,86994.3765
461,86064.0957
462,84786.17990000002
463,83242.32079999999
464,83159.18620000003
465,82757.71419999999
466,83205.6235
467,84353.39039999999
468,84871.40809999997
469,87230.38330000002
470,88251.61309999999
471,90050.25089999998
472,90322.67389999998
473,88505.71950000002
474,87321.70670000001
475,87746.99330000002
476,88605.7168
477,88635.4803
478,89011.7056
479,89859.723
480,86759.12690000002
481,87824.0265
482,88004.01389999999
483,85302.2196
484,83625.18770000001
485,83643.5833
486,83795.52050000001
487,84280.3907
488,84619.84039999997
489,83280.2134
490,83620.8734
491,79280.37319999997
492,78190.77690000001
493,78404.75299699999
494,76958.20623200001
495,80342.42079999998
496,79815.4
497,79847.4
498,79879.4
499,79911.4
500,79943.4
501,79975.4
502,80007.4
503,80039.4
504,79303.4
505,79335.4
506,79367.4
507,79399.4
508,79431.4
509,79463.4
510,79495.4
511,79527.4
512,79654.40340000001
513,79452.2862
514,77175.16609999999
515,76987.6434
516,78687.46289999998
517,78404.0563
518,76922.23679999998
519,75807.7432
520,75466.07450000002
521,78362.3994
522,78120.281
523,79282.86
524,83478.39670000001
525,83763.28570000001
526,86367.56359999998
527,87634.01959999999
528,86519.58379999998
529,87932.2302
530,88290.0138
531,82911.2226
532,81233.23670000001
533,80323.30670000002
534,76447.08009999998
535,75650.4863
536,77031.30679999999
537,76368.80289999998
538,79457.66650000002
539,78296.2764
540,77626.1474
541,78760.1993
542,81765.0231
543,80541.8871
544,81431.666
545,80570.46759999997
546,80592.96999999999
547,81036.1502
548,84992.80419999998
549,88681.20340000001
550,89546.37979999998
551,86786.6169
552,86008.89089999998
553,91465.8707
554,93382.64729999997
555,89737.5293
556,87603.81299999998
557,87381.60340000004
558,86940.38260000001
559,86279.0152
560,85786.09669999997
561,84986.38749999998
562,86827.6667
563,87995.23409999999
564,89801.57030000002
565,88082.37029999998
566,86660.9031
567,85186.71070000001
568,81975.4339
569,85232.19229999998
570,94164.40390000002
571,94278.64700000003
572,92505.7298
573,93995.48670000001
574,93685.09389999999
575,93806.70700000001
576,96597.63710000002
577,96163.23630000002
578,96241.3633
579,94824.297
580,92920.0032
581,91872.0243
582,90944.7873
583,90782.4538
584,90985.20959999999
585,91484.49039999998
586,92805.3613
587,93264.41610000002
588,95559.59319999999
589,88093.77429999999
590,84532.91600000001
591,86395.42710000003
592,85978.1133
593,86960.65999999999
594,88500.5409
595,88243.6435
596,87855.14979999998
597,87247.097
598,86276.9594
599,89872.62890000003
600,88996.45330000001
601,89789.28610000001
602,88865.8636
603,88242.5196
604,86485.84679999998
605,86758.6735
606,85271.93930000001
607,84418.95270000001
608,83150.78989999999
609,83777.15640000002
610,83166.53689999999
611,83602.67659999999
612,84317.70279999997
613,87251.0633
614,88667.9259
615,88803.107
616,89894.80949999999
617,90570.3462
618,91004.1781
619,91477.82710000001
620,91007.85979999999
621,88664.48199999999
622,90544.4465
623,88762.32579999999
624,89094.71980000002
625,89035.86080000001
626,91085.81049999999
627,91075.42270000001
628,90307.0996
629,90041.25649999999
630,89300.0294
631,90564.65230000002
632,89183.8862
633,90090.16659999998
634,89785.8968
635,91762.88019999999
636,92169.86980000001
637,90404.9459
638,89741.23380000002
639,90869.53010000003
640,91018.20240000001
641,89744.1733
642,91121.98710000001
643,93314.64260000002
644,94232.5829
645,90015.1377
646,91233.15650000003
647,93148.13680000001
648,92369.38339999999
649,91645.90399999998
650,93810.2161
651,93250.19660000001
652,93632.32719999999
653,93570.49670000003
654,93701.60559999998
655,93955.22109999998
656,92353.061
657,91942.38420000001
658,91062.3744
659,91107.6108
660,90895.1167
661,90720.7551
662,89248.69089999997
663,88943.13679999998
664,88326.83360000003
665,91648.56739999999
666,91982.70020000002
667,92953.84409999999
668,91840.12010000003
669,92697.66979999999
670,93784.20330000001
671,94865.2742
672,93387.35989999997
673,95603.59290000002
674,96174.00749999999
675,95892.87210000001
676,94336.10629999998
677,92758.73270000004
678,91729.52679999999
679,88988.0958
680,87152.5897
681,87312.2633
682,89931.9762
683,92262.05979999997
684,92029.5826
685,93133.45959999999
686,92442.90690000003
687,92963.1601
688,91928.56460000001
689,92056.59319999999
690,93186.57660000001
691,92393.35639999998
692,95030.8166
693,96268.0132
694,96898.9633
695,97400.8085
696,97431.10680000001
697,96219.8497
698,97988.42129999999
699,94230.48049999999
700,92869.294
701,92721.99290000003
702,91874.94590000002
703,90419.93030000004
704,92194.8799
705,92705.82
706,91650.17680000002
707,95384.04329999998
708,96643.3854
709,97176.03289999996
710,95068.7164
711,92462.65980000001
712,95529.99959999998
713,92597.13369999999
714,93873.16029999999
715,90057.68929999998
716,87162.4064
717,88379.17980000001
718,85896.8365
719,79660.08309999999
720,76749.12659999999
721,75918.90939999999
722,75744.5864
723,74487.89969999998
724,74475.6691
725,72935.25360000001
726,72459.78689999999
727,71209.73719999999
728,70394.1504
729,70530.9433
730,72432.35630000001
731,77262.62939999999
732,83117.81039999999
733,82417.9415
734,80045.5279
735,80422.11969999998
736,77178.3566
737,76254.27279999998
738,76700.2407
739,75222.3803
740,76829.2138
741,77091.2239
742,74992.08380000001
743,75303.6662
744,73910.8397
745,78007.55989999998
746,78873.4334
747,78692.0331
748,78139.12710000001
749,77944.24960000002
750,77812.86399999999
751,77582.6971
752,77222.51109999999
753,77219.8237
754,75932.70460000001
755,76705.4436
756,80550.7755
757,81946.3004
758,82323.18660000002
759,84776.3236
760,84780.3095
761,84061.85349999998
762,83831.1737
763,84519.24930000001
764,83113.40350000001
765,81354.20080000002
766,79308.77590000001
767,76897.12719999999
768,74357.91650000002
769,74164.67269999998
770,74337.98680000001
771,73000.7805
772,71218.29370000001
773,70742.0372
774,70453.93669999999
775,70347.74030000002
776,69928.44679999999
777,69868.30380000001
778,69502.2502
779,68906.2598
780,68826.68340000001
781,67120.90310000001
782,67718.56079999999
783,67894.6966
784,68869.46979999999
785,69668.90370000001
786,70288.55949999999
787,70939.16380000001
788,70724.46949999999
789,71123.1369
790,72103.9595
791,72705.9075
792,72311.0364
793,72373.94600000003
794,70570.08259999998
795,70094.5058
796,68213.34969999999
797,67280.8865
798,67191.74
799,67122.17319999998
800,67813.2932
801,68977.81679999999
802,69943.2027
803,70813.0722
804,69223.4532
805,70237.1673
806,82202.81039999999
807,91211.6905
808,91592.60990000001
809,93309.2245
810,76084.68029999999
811,74931.7969
812,75690.45569999999
813,74842.5671
814,75560.78319999999
815,76816.45919999998
816,75052.4567
817,71507.03679999999
818,73951.63029999999
819,75230.1864
820,73568.1871
821,73891.5198
822,73178.78409999999
823,72640.3962
824,70712.673
825,68246.35329999999
826,71619.38310000002
827,75434.7967
828,75341.94640000002
829,76858.17689999998
830,78097.4991
831,77870.5602
832,79119.12280000001
833,79071.2639
834,85235.03020000002
835,86299.93139999999
836,84069.15629999999
837,83879.68999999999
838,82848.24739999996
839,81388.4636
840,79394.04649999998
841,78087.3104
842,80345.9661
843,81046.54680000001
844,79367.3135
845,79017.63019999997
846,78457.2065
847,78003.70370000001
848,76843.0099
849,75894.90970000002
850,75394.0332
851,76880.96740000001
852,79025.8835
853,79828.8729
854,79777.6402
855,80622.97999999998
856,78807.01620000001
857,76416.81649999999
858,78830.28040000002
859,79563.31009999999
860,78574.9868
861,76930.47649999999
862,76904.83699999998
863,76298.13959999998
864,73866.98620000001
865,72941.4366
866,72776.09629999999
867,72306.82569999999
868,73044.25670000001
869,72998.9065
870,72741.97300000001
871,72678.38349999998
872,72198.37030000002
873,72303.7031
874,73012.90009999998
875,73800.89300000001
876,75038.71380000001
877,75591.63639999999
878,75459.04030000001
879,75029.47989999999
880,76914.65
881,78129.11330000003
882,77989.8439
883,77480.78980000003
884,76623.58730000001
885,76141.0067
886,78088.73089999998
887,78741.9745
888,77989.75
889,76867.0443
890,75006.4563
891,74048.8968
892,73701.17640000001
893,73577.21350000001
894,73366.14850000001
895,72907.47650000002
896,72324.94340000002
897,71879.5431
898,73738.86409999999
899,73533.44780000001
900,71179.8398
901,72777.5802
902,74278.73999999999
903,72606.73
904,74368.2232
905,74526.76020000002
906,76773.64689999999
907,76452.6196
908,75512.95370000001
909,76392.09940000002
910,77381.2473
911,77595.77389999999
912,79438.5239
913,74708.07289999998
914,74307.9933
915,75993.7694
916,77485.067
917,75988.78069999999
918,75285.7965
919,75440.22630000001
920,75901.07990000001
921,76195.2107
922,75989.46269999999
923,78180.1024
924,79725.2642
925,79441.3434
926,80756.01600000002
927,82397.75570000002
928,82467.1565
929,83109.2529
930,82022.48099999999
931,82223.73389999999
932,75961.38680000002
933,75128.0533
934,74407.13949999999
935,77842.5763
936,78975.6071
937,79186.9801
938,79411.51699999999
939,76646.2531
940,79921.82350000001
941,80064.05880000001
942,79879.39589999999
943,79998.69980000002
944,80271.04970000002
945,80042.6444
946,80205.61779999999
947,80780.65019999999
948,81195.30260000001
949,80919.85329999997
950,80130.26289999999
951,78089.05709999998
952,78592.33370000002
953,82475.54279999998
954,83520.56929999999
955,83517.37079999999
956,82891.9369
957,76455.27730000002
958,76704.2701
959,79011.80360000001
960,78168.8294
961,77433.39640000001
962,77677.29280000001
963,79002.04960000001
964,75846.80000000003
965,73877.219
966,74447.5595
967,74006.56019999999
968,74046.3329
969,73967.49060000002
970,74493.867
971,70200.4471
972,65047.11979999999
973,67184.11730000001
974,70850.07740000001
975,70993.57969999999
976,75068.3366
977,77895.9502
978,76629.6925
979,75159.79010000001
980,72548.7097
981,72777.05949999999
982,73771.41349999998
983,75416.23269999998
984,74450.8667
985,75391.8343
986,74062.18000000001
987,73505.9015
988,72141.7068
989,72685.18570000002
990,74231.4832
991,73854.86970000001
992,73612.3471
993,73188.9828
994,74252.37989999999
995,76112.0304
996,76491.96049999999
997,72322.8762
998,75228.69970000001
999,74020.96310000001
1000,74480.97320000001
1001,71970.3604
1002,73185.40979999998
1003,72549.233
1004,70757.06689999999
1005,68733.57050000002
1006,69996.0301
1007,72525.06709999997
1008,72739.4504
1009,73762.03699999998
1010,74720.85979999999
1011,74132.2774
1012,73419.9068
1013,73866.5503
1014,72209.71969999999
1015,70884.42949999998
1016,69810.784
1017,69691.02010000001
1018,70925.72309999999
1019,70102.21629999999
1020,74202.93269999999
1021,72725.037
1022,74202.25319999999
1023,78235.53940000001
1024,78393.9666
1025,78735.4704
1026,78861.9962
1027,80268.62999999999
1028,81967.973
1029,81633.9676
1030,80327.0471
1031,80188.6572
1032,77735.43049999999
1033,81006.1968
1034,78016.9733
1035,79227.73349999999
1036,79742.6329
1037,79699.4826
1038,82068.397
1039,81121.4336
1040,81443.72290000002
1041,84669.86630000001
1042,85172.37389999999
1043,84555.11690000001
1044,82672.30889999999
1045,80920.11039999999
1046,82276.6195
1047,82182.85270000002
1048,81758.83110000001
1049,81052.58380000001
1050,82600.93300000002
1051,83107.36309999999
1052,83768.19789999998
1053,83297.09290000002
1054,79438.0999
1055,77579.8231
1056,76434.0558
1057,78379.03029999998
1058,78143.4376
1059,79611.4139
1060,79861.14010000002
1061,82636.2625
1062,81238.96000000002
1063,81200.45009999999
1064,81366.2833
1065,81147.41030000002
1066,87496.56330000002
1067,93104.3528
1068,93493.7062
1069,90668.1266
1070,84095.36119999998
1071,81892.67270000001
1072,81037.04710000003
1073,83396.35299999997
1074,84651.11330000001
1075,81493.11290000002
1076,80066.98930000002
1077,76500.1933
1078,75596.56980000001
1079,72617.4303
1080,70863.98610000002
1081,71182.82999999999
1082,71480.88270000002
1083,72765.45319999999
1084,71972.23369999998
1085,71970.3329
1086,71057.54380000001
1087,71020.42680000002
1088,70925.92749999998
1089,71169.01740000001
1090,72896.00630000002
1091,74834.41589999999
1092,77634.2724
1093,74654.43609999999
1094,70987.0273
1095,73192.92060000001
1096,70818.6695
1097,75876.20259999999
1098,80179.1365
1099,77013.28969999998
1100,73951.5036
1101,71988.6529
1102,71431.4933
1103,71775.0132
1104,70564.27409999998
1105,72401.3728
1106,73318.06700000001
1107,73680.6909
1108,72651.7411
1109,72803.21749999998
1110,72388.69039999999
1111,71301.7333
1112,70233.4766
1113,70250.18669999999
1114,70407.65989999998
1115,69481.5978
1116,69625.21000000002
1117,70853.71650000001
1118,73056.1274
1119,71293.2929
1120,68694.24070000001
1121,68227.7196
1122,69520.94279999998
1123,68908.78350000002
1124,70074.11280000002
1125,71542.19930000001
1126,72167.68680000001
1127,71682.86989999999
1128,68495.68699999999
1129,64453.5801
1130,64510.5501
1131,65826.10339999999
1132,70570.02730000002
1133,69683.6536
1134,71588.11030000001
1135,66873.5369
1136,65105.276699999995
1137,65431.38040000002
1138,66458.4399
1139,66280.52280000002
1140,64222.74349999999
1141,64617.4862
1142,65928.7499
1143,65043.27680000001
1144,65143.622299999995
1145,66952.8928
1146,67365.8232
1147,68325.63630000001
1148,71406.54269999999
1149,71287.0739
1150,72857.35
1151,74672.63339999999
1152,73755.88669999999
1153,72654.3364
1154,72588.107
1155,71498.80369999999
1156,72093.08630000001
1157,72491.54980000001
1158,69546.1803
1159,69328.2231
1160,69702.2496
1161,69188.31959999999
1162,67782.0701
1163,67912.66679999999
1164,69539.55729999999
1165,67383.8776
1166,70971.99360000002
1167,77100.63180000002
1168,77928.2268
1169,74140.69690000001
1170,71408.72630000001
1171,76878.9796
1172,76254.60979999999
1173,74388.66960000001
1174,71842.8931
1175,74555.4472
1176,72670.6629
1177,78372.20939999999
1178,75613.69289999998
1179,75049.31090000001
1180,74800.36970000001
1181,73709.94680000002
1182,73948.8943
1183,73564.98389999998
1184,72059.6234
1185,71197.17749999999
1186,70528.25679999999
1187,69707.90309999998
1188,70554.2334
1189,73978.66990000001
1190,74675.7665
1191,73882.32740000001
1192,77628.40349999999
1193,76151.35050000002
1194,79364.22039999999
1195,79073.2963
1196,76672.0966
1197,77289.5901
1198,77302.5236
1199,78634.79719999999
1200,79239.7524
1201,80688.11299999998
1202,80807.01479999998
1203,82722.98399999998
1204,81617.98660000002
1205,79838.8536
1206,75511.4806
1207,72137.9169
1208,70375.3043
1209,70003.89650000002
1210,73390.60339999999
1211,76046.79909999997
1212,75087.88290000003
1213,73789.7263
1214,73615.5494
1215,77149.03279999999
1216,77641.01659999999
1217,75993.61090000001
1218,76429.96949999999
1219,76430.5459
1220,73378.1103
1221,75754.027
1222,77145.11360000001
1223,78303.18370000001
1224,79494.43990000001
1225,81222.09090000001
1226,81438.157
1227,82226.0398
1228,82367.7109
1229,80713.24429999999
1230,80280.82339999996
1231,75749.17949999997
1232,74350.44709999999
1233,72707.0372
1234,72696.136
1235,74259.08069999998
1236,75793.0197
1237,77874.02739999999
1238,79809.4673
1239,79076.04990000001
1240,79970.41380000002
1241,81419.83739999999
1242,80630.0257
1243,80577.73039999999
1244,79855.78929999997
1245,79669.0368
1246,78729.7734
1247,79501.5232
1248,80685.85089999996
1249,82294.66240000002
1250,82504.86280000002
1251,80105.53320000002
1252,78908.39269999998
1253,78847.60650000001
1254,77968.69600000003
1255,74892.20620000002
1256,74082.2296
1257,73628.1766
1258,75247.10990000001
1259,76034.1133
1260,79908.0105
1261,84606.7236
1262,84200.2267
1263,94523.42369999998
1264,89214.0435
1265,87185.5591
1266,84847.97569999998
1267,86632.9363
1268,87160.19429999997
1269,87263.6563
1270,85465.22009999998
1271,84283.847
1272,82515.00319999999
1273,81814.10960000001
1274,79435.60650000001
1275,76949.23080000003
1276,76008.83010000002
1277,73948.86619999999
1278,74333.23270000001
1279,74057.48980000002
1280,73826.29699999999
1281,73589.6039
1282,74434.5771
1283,76236.4767
1284,76345.5141
1285,76893.9275
1286,76275.2404
1287,76935.5238
1288,77918.95059999998
1289,76565.20670000001
1290,75832.78040000002
1291,76135.96649999998
1292,75656.6129
1293,76379.0832
1294,75558.83910000001
1295,74383.51680000001
1296,75802.8772
1297,75561.96680000002
1298,73126.8859
1299,70789.15710000001
1300,72393.05630000001
1301,71228.42080000002
1302,71218.9865
1303,70519.8538
1304,69130.24979999999
1305,68560.22030000002
1306,68528.75009999999
1307,67606.24350000001
1308,70989.6491
1309,73650.68609999999
1310,75856.39549999998
1311,76757.61619999999
1312,79692.26020000002
1313,82376.83669999999
1314,82641.8166
1315,81889.22349999996
1316,80108.24009999998
1317,78668.3309
1318,79410.0864
1319,79638.1077
1320,80328.27650000002
1321,78268.92049999996
1322,77386.23290000002
1323,76497.97350000001
1324,75711.8303
1325,75527.62359999999
1326,74958.4362
1327,73840.90120000001
1328,77683.85059999999
1329,79625.8154
1330,81628.53970000002
1331,87289.53390000001
1332,87110.8103
1333,77117.7039
1334,77906.98049999998
1335,79261.47309999999
1336,81058.71730000002
1337,80778.64720000002
1338,80315.7564
1339,81085.34279999998
1340,77420.2068
1341,77103.54300000002
1342,77551.491
1343,78220.3174
1344,76713.89669999998
1345,76929.48659999999
1346,78976.17359999998
1347,80166.21620000002
1348,79913.28050000002
1349,79305.83039999999
1350,79449.6261
1351,78530.60269999999
1352,78105.70010000002
1353,76441.9764
1354,74009.57380000001
1355,74111.5327
1356,75288.669
1357,74427.87359999999
1358,77215.26299999999
1359,79125.03719999999
1360,78307.653
1361,81341.5897
1362,82182.05300000001
1363,81344.57600000002
1364,80730.1809
1365,80771.7872
1366,81412.08690000001
1367,80881.18040000001
1368,80555.7565
1369,81347.71009999998
1370,82701.0301
1371,83035.53020000001
1372,81931.01030000002
1373,81083.4662
1374,81018.55669999999
1375,77293.80029999999
1376,75005.97320000002
1377,85570.4731
1378,87113.1408
1379,83244.86939999997
1380,82631.24220000001
1381,81398.9762
1382,80487.9097
1383,77877.6367
1384,77207.90980000001
1385,79142.3602
1386,78137.57283
1387,80784.78670000001
1388,80998.98300000004
1389,81410.52070000001
1390,82758.5238
1391,82255.92385
1392,81497.39239999998
1393,80397.08966499999
1394,79834.1367
1395,79250.46600000001
1396,75199.853565
1397,74234.90280000001
1398,73077.987
1399,66922.00980999999
1400,40097.58322
1401,37862.29999999999
1402,37894.29999999999
1403,37926.29999999999
1404,37958.29999999999
1405,35993.946716
1406,57107.88669000001
1407,65928.70302000002
1408,64713.22953999999
1409,64467.076700000005
1410,64455.810000000005
1411,64488.030000000006
1412,64475.77320000001
1413,64419.55330000001
1414,64626.453400000006
1415,65043.34330000001
1416,64536.05350000001
1417,64472.72000000001
1418,64542.19300000001
1419,64567.153300000005
1420,64616.68000000001
1421,64631.60990000001
1422,64735.66000000001
1423,64830.80000000001
1424,64509.88330000001
1425,72794.8162
1426,75258.4398
1427,77748.20719999999
1428,77082.2933
1429,75978.9101
1430,78239.7679
1431,78384.2228
1432,80014.1195
1433,80036.00039999999
1434,86605.18980000001
1435,88997.23959999999
1436,91276.3927
1437,83735.33280000002
1438,83785.84990000002
1439,83511.75640000003
1440,82973.95960000002
1441,83159.0432
1442,83451.99990000001
1443,82860.7393
1444,83293.9095
1445,81704.19589999999
1446,79107.08759999998
1447,79329.0575
1448,78504.8901
1449,79349.16709999998
1450,78395.4563
1451,77955.8869
1452,78572.46350000001
1453,78010.2802
1454,78116.5673
1455,79130.75650000002
1456,78362.43270000002
1457,79280.44680000002
1458,80548.0391
1459,81686.05299999999
1460,81282.7106
1461,82043.3858
1462,80825.1265
1463,81977.7332
1464,81252.8999
1465,80350.41349999998
1466,80080.17020000001
1467,80258.69019999997
1468,78942.3104
1469,77755.26899999999
1470,77650.42899999999
1471,76768.8432
1472,74787.54950000001
1473,76101.78319999999
1474,78413.1314
1475,79023.8772
1476,78484.09710000001
1477,78716.2602
1478,79563.32340000001
1479,80534.3202
1480,78850.5765
1481,79531.42949999998
1482,80601.8301
1483,79438.6797
1484,80370.8468
1485,80057.66679999999
1486,80343.65730000002
1487,80165.48290000003
1488,79555.38020000003
1489,78577.57949999999
1490,77047.0663
1491,77965.15330000002
1492,78369.68580000002
1493,76837.2462
1494,78308.3403
1495,77453.88710000002
1496,78299.8864
1497,76249.80610000002
1498,75062.1265
1499,71942.55309999999
1500,70870.8124
1501,71201.71979999999
1502,72601.09470000002
1503,72690.1465
1504,73106.1931
1505,73690.5036
1506,73821.72320000002
1507,73555.51290000002
1508,73502.3723
1509,73777.62060000001
1510,74828.22069999999
1511,76461.78379999999
1512,75697.49729999999
1513,76133.78330000001
1514,76010.9765
1515,76815.1411
1516,76498.91649999998
1517,76123.86020000001
1518,76109.88080000001
1519,76123.9866
1520,75379.534
1521,74563.02970000001
1522,72137.1168
1523,70218.52330000002
1524,70823.44
1525,70985.5703
1526,69185.48270000001
1527,69026.78000000001
1528,68335.2003
1529,68952.5107
1530,68902.78029999998
1531,68574.64010000002
1532,68542.25310000003
1533,68631.01299999999
1534,69141.36690000001
1535,71059.2794
1536,69830.9762
1537,68729.4633
1538,68678.63299999999
1539,68284.0159
1540,68123.3338
1541,67855.74729999999
1542,68139.13269999999
1543,68517.4144
1544,68185.86250000002
1545,68044.76049999999
1546,67336.79000000001
1547,67410.44380000001
1548,68502.0005
1549,68897.77070000001
1550,68944.65650000001
1551,69376.0301
1552,69549.9676
1553,69883.6596
1554,69587.1639
1555,69385.04670000002
1556,69896.24329999999
1557,70417.3396
1558,70301.28
1559,72369.19629999998
1560,71525.52620000001
1561,70039.04979999998
1562,69159.25980000001
1563,69030.9534
1564,68875.1843
1565,68464.7069
1566,67832.74650000001
1567,68075.6528
1568,69032.6432
1569,67965.19320000001
1570,68063.0469
1571,69408.96089999999
1572,71003.2532
1573,70316.8801
1574,70884.43340000001
1575,71661.02339999999
1576,75256.94949999997
1577,73795.5889
1578,74099.29030000001
1579,72706.3866
1580,73098.34379999999
1581,73076.884
1582,72058.60300000002
1583,72571.04609999999
1584,72111.05659999998
1585,72107.74699999999
1586,71263.56019999999
1587,70754.94699999999
1588,70608.30649999999
1589,69166.3958
1590,68578.8044
1591,69150.9032
1592,68474.5031
1593,67722.3508
1594,72585.10980000002
1595,73264.6801
1596,74018.71960000001
1597,74197.0563
1598,72629.2529
1599,72770.59280000001
1600,72513.5866
1601,71732.2839
1602,71258.5034
1603,71770.2498
1604,70905.01550000001
1605,70469.4429
1606,70833.86309999999
1607,71731.4167
1608,70910.8836
1609,71278.0169
1610,71071.09600000002
1611,70384.393
1612,70185.4298
1613,70676.69679999999
1614,70192.6864
1615,70312.28369999999
1616,69740.67699999998
1617,69364.2837
1618,69229.3762
1619,69107.8898
1620,69146.71
1621,68551.41719999998
1622,69027.48770000001
1623,68588.1368
1624,68614.1232
1625,68837.19339999999
1626,68695.02670000002
1627,68921.4327
1628,68947.6035
1629,68966.0364
1630,68467.90969999999
1631,69348.9266
1632,67198.1636
1633,67148.5066
1634,67217.2465
1635,67181.85320000001
1636,67223.16579999999
1637,67575.83300000001
1638,67609.8131
1639,67655.74740000001
1640,67476.87640000001
1641,67283.30429999999
1642,67262.8697
1643,67477.9835
1644,68843.6605
1645,68854.65080000002
1646,68620.08369999999
1647,70028.9161
1648,69783.53349999999
1649,69995.38309999999
1650,70476.2202
1651,70893.7337
1652,71279.09049999999
1653,71086.83570000001
1654,73286.4233
1655,73331.807
1656,73246.2195
1657,72347.54790000002
1658,73783.18349999998
1659,72608.7036
1660,71076.54
1661,70504.51
1662,70518.28680000002
1663,69756.85609999999
1664,69924.67090000001
1665,70340.6438
1666,71208.05609999999
1667,70608.9858
1668,69174.68659999999
1669,69354.2333
1670,69416.22760000001
1671,68957.6996
1672,71505.4734
1673,70524.3365
1674,70018.8405
1675,67816.7038
1676,68034.56659999999
1677,68115.00300000001
1678,68224.5164
1679,68969.6467
1680,66706.68310000001
1681,66578.9643
1682,67482.3099
1683,67919.18280000001
1684,68001.2336
1685,67550.24040000001
1686,67375.8795
1687,66747.33039999999
1688,66748.86030000001
1689,66587.149
1690,66373.3367
1691,66066.4265
1692,66471.3631
1693,67358.61379999999
1694,73924.7962
1695,74988.77960000001
1696,75675.0962
1697,75940.0036
1698,74077.72919999999
1699,73935.74620000001
1700,74431.87379999999
1701,69068.55640000002
1702,68089.83989999999
1703,67239.1264
1704,65919.89039999999
1705,67698.50630000001
1706,68703.89730000001
1707,68417.9596
1708,68783.4064
1709,67752.75090000001
1710,68459.85669999999
1711,68759.19269999999
1712,68847.07329999999
1713,68383.63429999999
1714,67833.7332
1715,69434.48029999998
1716,68678.07340000001
1717,69277.41689999998
1718,71255.60940000002
1719,72370.3404
1720,73979.00590000002
1721,74572.00709999999
1722,73903.5995
1723,73105.7234
1724,74331.07590000001
1725,74106.07880000002
1726,75213.47760000003
1727,78646.56640000001
1728,77360.4762
1729,78292.167
1730,79041.5868
1731,79924.2162
1732,79285.58309999999
1733,79110.43239999998
1734,77147.21699999999
1735,75231.88669999997
1736,75117.66010000001
1737,75198.5732
1738,74093.43
1739,73928.16350000001
1740,74454.35630000001
1741,75087.13960000001
1742,75591.69940000001
1743,76883.41959999998
1744,77637.9738
1745,79623.79409999998
1746,80923.54359999999
1747,80365.57579999996
1748,79019.4605
1749,77959.15940000002
1750,78597.29639999998
1751,80148.61700000001
1752,78681.06370000001
1753,78221.76670000001
1754,77694.38049999998
1755,77562.62669999998
1756,77082.50330000001
1757,76942.66349999998
1758,77282.88289999997
1759,77419.01690000002
1760,77396.1629
1761,76848.5731
1762,77881.4274
1763,77545.9535
1764,77817.4238
1765,78634.5672
1766,76002.55009999998
1767,76408.88010000001
1768,72861.663
1769,74032.3826
1770,74840.17709999999
1771,75202.873
1772,75238.5395
1773,73071.1266
1774,74624.79430000001
1775,75970.77960000001
1776,75349.67640000003
1777,76355.65299999999
1778,76431.47179999998
1779,76081.36649999999
1780,75754.87660000002
1781,75433.64670000004
1782,74680.72299999998
1783,74343.6002
1784,74259.29319999999
1785,75866.34659999999
1786,78250.29300000002
1787,78972.6167
1788,78831.84319999999
1789,78112.0306
1790,77294.17050000001
1791,77065.72689999998
1792,76874.72019999998
1793,76668.89919999999
1794,76563.6572
1795,77059.34280000001
1796,76996.1933
1797,76852.19360000001
1798,76444.4871
1799,75783.8527
1800,75407.49940000002
1801,75457.06309999998
1802,75382.0331
1803,74710.4002
1804,72957.1736
1805,73048.84619999999
1806,72353.45290000002
1807,71668.36349999999
1808,72309.7266
1809,72448.90350000001
1810,72965.59960000002
1811,73119.03990000002
1812,73433.66709999999
1813,74656.93059999998
1814,74803.73319999999
1815,75447.84619999999
1816,76619.37310000001
1817,77360.58009999999
1818,76400.1227
1819,76804.1794
1820,76248.44979999999
1821,78514.66059999999
1822,78500.45940000002
1823,80110.40949999998
1824,79413.25950000001
1825,79621.7375
1826,80638.56659999999
1827,80174.09929999999
1828,79830.19330000001
1829,77949.5664
1830,77399.81339999998
1831,77276.64010000003
1832,77663.09639999998
1833,78044.4553
1834,77572.17950000003
1835,79697.69979999999
1836,79893.67299999998
1837,79243.89420000001
1838,80621.48640000001
1839,80212.38719999998
1840,79878.3069
1841,80184.6836
1842,79796.88639999999
1843,79619.07969999999
1844,78875.94639999999
1845,78782.32680000001
1846,80090.14340000002
1847,81030.9997
1848,80910.1759
1849,80784.62000000002
1850,80238.46019999997
1851,79898.22
1852,79787.1836
1853,79842.15379999999
1854,79292.69260000001
1855,78747.30399999999
1856,78368.37940000002
1857,80071.97589999996
1858,83044.8998
1859,82404.65259999997
1860,80263.56719999999
1861,79206.5652
1862,81717.30690000001
1863,80683.7371
1864,80159.5761
1865,80070.24650000001
1866,77975.6898
1867,75953.0364
1868,77131.4204
1869,79209.12640000001
1870,79326.01109999999
1871,78912.54709999998
1872,79143.064
1873,77242.06989999999
1874,76067.62770000001
1875,75430.9369
1876,75521.7858
1877,75041.7166
1878,74896.36030000001
1879,74076.07999999999
1880,74188.2697
1881,74213.33929999999
1882,75208.3164
1883,74336.4838
1884,73678.19630000001
1885,73758.44920000002
1886,74089.97949999999
1887,73978.7238
1888,74233.69290000001
1889,74261.1464
1890,73953.2833
1891,73249.8597
1892,73614.0239
1893,72080.1363
1894,70234.54629999999
1895,72216.7368
1896,73032.27030000002
1897,73326.3633
1898,73238.8667
1899,73223.5667
1900,73183.5533
1901,73548.9434
1902,73268.25
1903,73307.51
1904,73325.98
1905,73359.4833
1906,73393.94
1907,73422.3466
1908,73460.4333
1909,73481.8367
1910,73513.14
1911,73747.9434
1912,73730.4066
1913,73919.34
1914,74327.1367
1915,73705.9567
1916,75423.01050000002
1917,75597.571
1918,76075.3996
1919,76750.16660000003
1920,76499.7997
1921,76407.4272
1922,75489.0269
1923,74745.78289999998
1924,74945.01920000002
1925,74689.20350000002
1926,74749.98739999998
1927,75294.5505
1928,77456.11400000002
1929,76354.08590000002
1930,77989.9964
1931,78153.52049999998
1932,77823.76590000001
1933,79253.16930000001
1934,77497.56049999999
1935,76220.74460000002
1936,75558.79030000001
1937,76008.3504
1938,77822.64279999999
1939,76918.8366
1940,78395.7969
1941,80081.49960000001
1942,82616.88010000001
1943,82822.97339999999
1944,80656.18639999999
1945,80163.2663
1946,79713.13689999998
1947,80265.4003
1948,79359.4296
1949,80145.3138
1950,79997.31620000002
1951,80428.507
1952,80787.4999
1953,82301.34659999999
1954,82796.8872
1955,81701.35010000001
1956,80644.16629999998
1957,78352.96710000001
1958,80599.0105
1959,79311.157
1960,78886.65709999998
1961,77599.90290000003
1962,79009.24969999999
1963,78270.5163
1964,76212.14990000002
1965,75555.4037
1966,75800.4
1967,75232.0937
1968,74812.0327
1969,74026.6598
1970,74023.0206
1971,74184.56339999997
1972,74107.36940000001
1973,73951.17700000001
1974,73773.62529999999
1975,73266.0771
1976,73071.62380000002
1977,76398.269
1978,76547.0541
1979,77287.82019999999
1980,76849.05689999998
1981,76536.1332
1982,76425.75679999999
1983,77119.48019999999
1984,75917.09740000003
1985,76474.0164
1986,77326.947
1987,79327.50739999999
1988,79190.14389999998
1989,80218.5593
1990,81207.2294
1991,82827.81350000002
1992,80676.93979999998
1993,78999.3941
1994,76508.50710000002
1995,76840.40299999999
1996,76360.3539
1997,76401.867
1998,75785.5632
1999,75608.0862
2000,74873.4231
2001,73677.12700000001
2002,75824.0968
2003,77997.06439999999
2004,76606.58009999999
2005,76614.8931
2006,79091.02029999999
2007,79659.96650000001
2008,80318.1606
2009,81178.974
2010,81967.29629999999
2011,81016.66680000002
2012,81063.0397
2013,78609.66300000002
2014,77967.2538
2015,76817.4495
2016,75944.9956
2017,76598.31260000002
2018,77616.79280000001
2019,76424.0541
2020,75812.48010000003
2021,72513.6233
2022,70278.1573
2023,70005.82389999999
2024,70287.0829
2025,73380.09039999999
2026,75252.68380000003
2027,76798.4673
2028,77430.84720000003
2029,77397.39699999998
2030,76548.11349999998
2031,76340.05630000001
2032,76628.46709999997
2033,76982.4006
2034,76332.03289999999
2035,72679.54609999999
2036,72436.7669
2037,71814.11959999999
2038,71324.13380000001
2039,71626.404
2040,71858.97359999998
2041,72373.6536
2042,71306.2396
2043,72290.87589999998
2044,71194.2036
2045,71657.05309999999
2046,70791.453
2047,70978.5171
2048,70559.7
2049,70591.7
2050,70623.7
2051,70655.7
2052,70687.7
2053,70719.7
2054,70751.7
2055,70783.7
2056,70815.7
2057,70847.7
2058,70879.7
2059,70911.7
2060,70943.7
2061,70975.7
2062,71007.7
2063,71039.7
2064,70327.7
2065,70359.7
2066,70391.7
2067,70423.7
2068,70455.7
2069,70463.7
2070,70495.7
2071,70527.7
2072,70559.7
2073,70591.7
2074,70623.7
2075,70655.7
2076,70687.7
2077,70719.7
2078,70751.7
2079,70783.7
2080,70815.7
2081,70847.7
2082,70879.7
2083,70911.7
2084,70943.7
2085,70975.7
2086,71007.7
2087,71039.7
2088,70327.7
2089,70359.7
2090,70391.7
2091,70423.7
2092,70455.7
2093,70463.7
2094,70495.7
2095,70527.7
2096,70559.7
2097,70591.7
2098,70623.7
2099,70655.7
2100,70687.7
2101,70719.7
2102,70751.7
2103,70783.7
2104,70815.7
2105,70847.7
2106,70879.7
2107,70911.7
2108,70943.7
2109,70975.7
2110,71007.7
2111,71039.7
2112,70327.7
2113,70359.7
2114,70391.7
2115,70423.7
2116,70455.7
2117,70463.7
2118,70495.7
2119,70527.7
2120,70559.7
2121,70591.7
2122,70623.7
2123,70655.7
2124,70687.7
2125,70719.7
2126,70751.7
2127,70783.7
2128,70815.7
2129,70847.7
2130,70879.7
2131,70911.7
2132,70943.7
2133,70975.7
2134,71007.7
2135,71039.7
2136,70327.7
2137,70359.7
2138,70391.7
2139,70423.7
2140,70455.7
2141,70463.7
2142,70495.7
2143,70527.7
2144,70559.7
2145,70591.7
2146,70623.7
2147,70655.7
2148,70687.7
2149,70719.7
2150,70765.4866
2151,71054.4466
2152,71093.1568
2153,71120.94
2154,71097.5
2155,70971.2466
2156,70930.0967
2157,70893.3833
2158,70858.76
2159,70927.61
2160,70232.33
2161,70311.5201
2162,70631.83
2163,70285.0267
2164,70314.2767
2165,70339.84
2166,70354.6434
2167,70391.0066
2168,70423.37329999999
2169,71098.25039999999
2170,80079.5209
2171,79044.5201
2172,77444.7065
2173,78826.22310000002
2174,76108.80999999998
2175,73301.41696
2176,77459.66260000001
2177,75907.84659999999
2178,77320.12569999999
2179,77205.60650000001
2180,75546.32010000001
2181,73709.23639999998
2182,73866.9307
2183,74792.38600000001
2184,75357.04739999997
2185,76426.9703
2186,75854.44639999999
2187,75819.01619999998
2188,76648.0028
2189,76546.0766
2190,76014.69339999999
2191,75799.1932
2192,75634.9902
2193,75869.79239999999
2194,76457.40300000002
2195,79970.06009999999
2196,80924.15329999996
2197,77448.65639999999
2198,76941.1419
2199,79871.2028
2200,81802.72029999999
2201,81215.53059999998
2202,79167.2458
2203,78287.3823
2204,75250.05319999998
2205,75304.1397
2206,76220.1971
2207,76528.6997
2208,71840.08919999999
2209,70443.5942
2210,70472.2942
2211,71665.38089999999
2212,71015.67400000001
2213,70570.6943
2214,70061.2735
2215,70310.1936
2216,69772.86929999999
2217,71875.436
2218,74937.49699999999
2219,76515.98630000002
2220,79627.10639999998
2221,78373.35350000001
2222,76838.11009999998
2223,76854.38009999998
2224,79071.92959999999
2225,79005.48349999999
2226,80370.05990000002
2227,78625.56070000002
2228,78187.45549999998
2229,76400.68050000002
2230,75841.94290000002
2231,75565.8697
2232,74391.5035
2233,76752.93609999999
2234,75986.63020000003
2235,75933.7839
2236,74353.21979999999
2237,72881.75589999999
2238,71389.56049999999
2239,70340.73679999998
2240,70113.9431
2241,70776.50059999998
2242,73048.65079999999
2243,80783.7288
2244,80401.69039999999
2245,79564.17649999999
2246,77880.7992
2247,77868.87359999999
2248,76623.15519999998
2249,76389.317
2250,76476.427
2251,76293.81740000001
2252,75673.0771
2253,74739.86280000002
2254,75760.13980000002
2255,75333.40419999998
2256,73536.6936
2257,72696.13629999998
2258,72226.6844
2259,71415.64330000003
2260,70984.5431
2261,70651.9827
2262,69657.4257
2263,66046.9236
2264,67583.3575
2265,66612.3035
2266,68642.41730000002
2267,72426.44540000001
2268,72366.4478
2269,72312.79390000002
2270,72059.67279999999
2271,73193.5067
2272,72214.60630000003
2273,70144.763
2274,69592.07660000001
2275,71061.3377
2276,69647.5704
2277,69914.41989999998
2278,69113.02399999999
2279,69393.3663
2280,68246.7931
2281,68122.8866
2282,67824.84980000001
2283,68238.4764
2284,68566.0465
2285,68128.2905
2286,68251.9939
2287,68477.0433
2288,69095.7097
2289,69231.25600000001
2290,69933.74410000001
2291,69545.57970000002
2292,70277.6571
2293,71478.51670000001
2294,71255.75650000002
2295,70802.657
2296,71835.94950000002
2297,72158.6439
2298,71785.2566
2299,71366.69690000001
2300,71108.95670000001
2301,71090.7596
2302,70930.92050000002
2303,68066.8399
2304,66611.4232
2305,66853.4864
2306,67013.0871
2307,66605.16079999998
2308,66409.6431
2309,66402.6468
2310,65987.35049999999
2311,66812.0836
2312,64897.339900000006
2313,66218.4664
2314,65538.2897
2315,67004.03050000001
2316,68269.4968
2317,69542.69979999999
2318,70066.0334
2319,70690.3829
2320,70031.5093
2321,70053.2061
2322,70012.2411
2323,69698.51010000001
2324,70138.68279999998
2325,69273.45010000002
2326,68793.2168
2327,68233.34319999997
2328,69248.16020000001
2329,69354.0798
2330,70003.9505
2331,67209.17030000003
2332,67451.8198
2333,64161.397399999994
2334,64197.63930000002
2335,63762.349900000016
2336,64543.65989999999
2337,65242.690500000004
2338,65142.3874
2339,65957.3203
2340,67564.50990000002
2341,68326.38639999999
2342,69783.75720000002
2343,70729.62670000001
2344,70618.57960000001
2345,70959.30360000001
2346,68133.8597
2347,69954.561
2348,69305.1734
2349,69788.2007
2350,67600.64650000002
2351,67728.2636
2352,88337.44450000001
2353,89133.577
2354,90203.06030000001
2355,88373.456
2356,86946.7102
2357,88114.09329999998
2358,88431.7268
2359,88378.0729
2360,88476.9539
2361,88445.0432
2362,88791.09230000002
2363,86209.3823
2364,85440.87650000001
2365,83590.44639999999
2366,84858.7364
2367,86587.67050000002
2368,85904.99949999998
2369,85584.92629999999
2370,87220.2511
2371,87362.57970000002
2372,86835.04660000002
2373,84865.4865
2374,88910.54310000001
2375,91736.24970000001
2376,90810.8669
2377,89710.8196
2378,90267.2643
2379,88832.41189999999
2380,89242.04280000001
2381,88723.0538
2382,87386.0297
2383,89379.5136
2384,87425.9765
2385,87032.60670000002
2386,88572.559
2387,88693.99029999999
2388,87170.51710000003
2389,87507.03310000002
2390,85422.23000000001
2391,83579.97680000002
2392,83811.62670000002
2393,83647.49640000002
2394,82682.85980000002
2395,81896.2409
2396,81530.8839
2397,80583.9936
2398,82115.65999999999
2399,82663.52360000001
2400,83306.0429
2401,84412.89009999999
2402,85041.8964
2403,85109.6101
2404,85186.19690000001
2405,86005.13770000002
2406,85830.41010000001
2407,85205.41679999999
2408,83763.92980000001
2409,84565.34329999998
2410,84766.26699999999
2411,84519.19680000002
2412,84148.44989999998
2413,83214.79709999998
2414,81182.57289999998
2415,86054.9767
2416,85744.3996
2417,84469.08789999998
2418,85714.46050000002
2419,85628.57739999998
2420,85497.77639999999
2421,85787.46999999999
2422,86675.38080000003
2423,86502.8173
2424,85863.7259
2425,84791.47399999997
2426,84143.52550000002
2427,84395.70939999998
2428,84938.3672
2429,84077.1672
2430,82826.164
2431,81301.2594
2432,80128.94350000001
2433,80551.6272
2434,81707.67939999998
2435,84681.44709999999
2436,83094.6499
2437,83492.87750000002
2438,83505.88450000001
2439,82203.14299999998
2440,83372.4342
2441,85187.38690000001
2442,86771.5967
2443,86364.32939999999
2444,85227.58069999999
2445,86142.47720000001
2446,85456.4702
2447,85476.33269999998
2448,83258.19410000004
2449,83545.87009999999
2450,82772.7795
2451,82495.05730000003
2452,84042.81930000002
2453,83406.0571
2454,83838.45580000001
2455,85064.91010000002
2456,86435.09640000001
2457,87874.17990000002
2458,87873.84
2459,87272.93719999999
2460,87341.41990000001
2461,87770.5556
2462,87835.08020000001
2463,87268.5693
2464,85841.09150000002
2465,85019.7469
2466,85183.70960000002
2467,85623.95710000001
2468,86255.42110000002
2469,85739.03419999998
2470,86038.58940000003
2471,87578.10329999997
2472,89299.09930000002
2473,88987.24019999999
2474,89536.75229999998
2475,87555.23939999999
2476,87278.3237
2477,86127.5292
2478,85627.0939
2479,85915.24660000001
2480,85657.02989999998
2481,86134.824
2482,88115.0334
2483,87977.96290000001
2484,87515.3297
2485,89527.69739999999
2486,90216.4694
2487,89882.64699999998
2488,89338.57710000001
2489,89978.54619999998
2490,89652.42250000002
2491,90046.13970000001
2492,91381.20050000002
2493,91249.41029999999
2494,91291.97009999998
2495,87602.2298
2496,86761.94979999996
2497,87716.77630000003
2498,86302.12999999999
2499,87293.4763
2500,88435.1561
2501,89211.82029999999
2502,89060.00900000002
2503,90907.04699999999
2504,91605.42629999999
2505,91224.4869
2506,90577.5302
2507,90771.19319999997
2508,89108.13029999999
2509,90139.66440000001
2510,90906.3888
2511,89475.61020000002
2512,89400.6526
2513,87551.06610000001
2514,87418.3232
2515,86368.1076
2516,84785.4159
2517,86132.35699999999
2518,85619.52609999999
2519,85912.85069999998
2520,85405.32050000002
2521,87237.58039999999
2522,88432.83089999999
2523,88434.9829
2524,88211.0876
2525,87743.5021
2526,84828.01610000002
2527,84605.66070000001
2528,85209.54980000001
2529,85890.69670000001
2530,87258.46319999997
2531,89697.7395
2532,87961.27019999998
2533,90091.66639999999
2534,89583.75099999999
2535,88387.0137
2536,87545.02780000003
2537,84476.6397
2538,88567.82259999998
2539,88812.5634
2540,89247.9337
2541,90726.32199999997
2542,90445.88720000001
2543,89728.6403
2544,87698.6008
2545,89944.71779999998
2546,87611.1664
2547,87359.1471
2548,87053.961
2549,86261.6932
2550,85070.38339999999
2551,84654.5733
2552,85094.307
2553,86068.1638
2554,83531.70019999998
2555,83273.15249999998
2556,83646.44660000001
2557,82069.84310000001
2558,80177.9426
2559,82401.65700000002
2560,86809.01729999999
2561,85869.5327
2562,83886.2968
2563,83607.43730000002
2564,82228.3566
2565,83037.947
2566,84036.9929
2567,84916.54269999996
2568,84210.8668
2569,84016.81619999999
2570,84409.947
2571,83549.62640000001
2572,83332.7699
2573,82644.8207
2574,82820.774
2575,82158.6733
2576,84562.05369999999
2577,87209.34099999999
2578,89281.10740000001
2579,87178.0434
2580,86586.3806
2581,85890.98640000002
2582,84386.25039999999
2583,81635.72700000001
2584,81522.96649999997
2585,82164.8803
2586,82928.8933
2587,80476.43339999998
2588,79406.8565
2589,81022.23349999999
2590,81553.5235
2591,83703.68239999999
2592,84596.01390000002
2593,85126.7524
2594,84770.01420000002
2595,83766.73000000001
2596,82156.98030000001
2597,81949.3259
2598,80656.2677
2599,79365.95590000002
2600,78237.3829
2601,78778.4639
2602,78445.15409999999
2603,77131.0092
2604,77382.13059999999
2605,77143.56749999998
2606,75044.9037
2607,76070.46
2608,79938.67459999998
2609,79404.98000000001
2610,78978.2804
2611,80094.03670000001
2612,80335.6236
2613,79483.51670000001
2614,78167.174
2615,78368.7206
2616,77306.93669999999
2617,76986.4232
2618,76835.3466
2619,76540.86709999999
2620,76630.57970000002
2621,76257.30389999998
2622,74274.3967
2623,73710.71040000003
2624,73736.2205
2625,74109.91669999999
2626,75437.01919999998
2627,75522.77350000001
2628,76141.7337
2629,76202.4806
2630,76553.59079999998
2631,76264.05979999999
2632,74606.8626
2633,73570.6536
2634,72753.67330000001
2635,74452.50329999998
2636,74204.40689999999
2637,74827.1806
2638,74945.5307
2639,77619.6566
2640,77239.03080000004
2641,77350.7072
2642,76567.42349999999
2643,76786.20290000002
2644,76856.59249999997
2645,76764.03700000003
2646,75901.113
2647,74302.6562
2648,73887.65319999999
2649,73318.90649999998
2650,71978.21710000001
2651,71483.243
2652,73724.5565
2653,79840.62
2654,82353.11959999999
2655,82028.28009999999
2656,80787.69049999998
2657,81102.64770000002
2658,79295.52039999998
2659,78681.37999999999
2660,79915.56939999998
2661,80570.2063
2662,82435.20969999999
2663,84019.7862
2664,83388.36009999999
2665,79224.59309999998
2666,76992.35350000001
2667,75939.24029999999
2668,74616.2601
2669,74589.88770000002
2670,74168.7232
2671,73744.62700000002
2672,72282.9373
2673,71360.86989999998
2674,73528.51940000002
2675,75246.67369999998
2676,77670.7331
2677,77353.66669999999
2678,79317.63279999999
2679,78483.38320000003
2680,80352.60289999998
2681,78878.9967
2682,79543.46030000002
2683,80110.20709999999
2684,76178.2099
2685,77597.89600000001
2686,81051.9237
2687,80583.38640000002
2688,81796.03629999996
2689,82809.0893
2690,83593.0504
2691,85197.97729999998
2692,80265.71340000001
2693,80274.2098
2694,77402.9792
2695,75557.2794
2696,75212.2369
2697,75764.68329999999
2698,77385.6328
2699,77073.73619999998
2700,75346.61740000002
2701,77640.1438
2702,77977.57700000005
2703,78923.23620000001
2704,79961.33350000001
2705,76950.477
2706,76642.24710000002
2707,76447.57290000001
2708,74620.2072
2709,76312.91380000001
2710,78998.1505
2711,80507.92660000002
2712,79374.78999999998
2713,79400.96060000002
2714,77893.6934
2715,77205.44859999999
2716,76138.14550000001
2717,75285.37989999999
2718,75010.88280000002
2719,72461.1468
2720,74006.7828
2721,73066.0532
2722,74791.17339999999
2723,77337.8476
2724,77698.37990000001
2725,78096.3491
2726,79719.72080000001
2727,79533.3704
2728,79817.19640000002
2729,76292.82319999998
2730,78783.65299999998
2731,79814.81999999999
2732,80396.7465
2733,83422.0671
2734,82722.7499
2735,79359.381
2736,82397.99379999998
2737,86565.00449999998
2738,86340.00610000001
2739,87096.46610000002
2740,86261.4834
2741,87405.25359999998
2742,83421.26259999999
2743,81492.4768
2744,81008.94239999999
2745,80326.2733
2746,79537.6376
2747,81840.3292
2748,83889.03269999998
2749,83299.3129
2750,85017.504
2751,86687.87950000001
2752,84771.92679999999
2753,86805.854
2754,87208.88350000001
2755,87862.23740000001
2756,87721.68339999998
2757,87996.30639999997
2758,86643.4437
2759,90643.54659999999
2760,89121.23010000002
2761,90027.509
2762,88260.23980000001
2763,87035.70969999999
2764,88793.9042
2765,86578.19880000001
2766,83280.7208
2767,83007.1394
2768,83996.02950000002
2769,86970.38280000002
2770,89631.09049999999
2771,86450.3199
2772,86793.43719999997
2773,86481.28349999999
2774,85325.94249999999
2775,83642.05320000001
2776,83584.7332
2777,84528.52220000002
2778,88402.7503
2779,87912.02939999998
2780,88431.3665
2781,87693.77029999997
2782,88766.69949999999
2783,88797.2704
2784,89281.75659999998
2785,90754.1333
2786,92317.0757
2787,90422.46380000001
2788,89935.7761
2789,88283.0165
2790,86890.4065
2791,86530.18329999999
2792,86281.6836
2793,86186.00970000001
2794,86791.40149999999
2795,87358.5902
2796,88294.79079999999
2797,87085.07400000002
2798,87650.4641
2799,85206.29079999999
2800,83659.8632
2801,83219.487
2802,82675.8206
2803,85233.1993
2804,88467.41089999999
2805,87967.55970000001
2806,87763.53659999999
2807,87948.10670000002
2808,86942.64270000001
2809,88407.90640000002
2810,89794.77649999999
2811,88047.45310000001
2812,86994.3765
2813,86064.0957
2814,84786.17990000002
2815,83242.32079999999
2816,83159.18620000003
2817,82757.71419999999
2818,83205.6235
2819,84353.39039999999
2820,84871.40809999997
2821,87230.38330000002
2822,88251.61309999999
2823,90050.25089999998
2824,90322.67389999998
2825,88505.71950000002
2826,87321.70670000001
2827,87746.99330000002
2828,88605.7168
2829,88635.4803
2830,89011.7056
2831,89859.723
2832,86759.12690000002
2833,87824.0265
2834,88004.01389999999
2835,85302.2196
2836,83625.18770000001
2837,83643.5833
2838,83795.52050000001
2839,84280.3907
2840,84619.84039999997
2841,83280.2134
2842,83620.8734
2843,79280.37319999997
2844,78190.77690000001
2845,78404.75299699999
2846,76958.20623200001
2847,80342.42079999998
2848,79815.4
2849,79847.4
2850,79879.4
2851,79911.4
2852,79943.4
2853,79975.4
2854,80007.4
2855,80039.4
2856,79303.4
2857,79335.4
2858,79367.4
2859,79399.4
2860,79431.4
2861,79463.4
2862,79495.4
2863,79527.4
2864,79654.40340000001
2865,79452.2862
2866,77175.16609999999
2867,76987.6434
2868,78687.46289999998
2869,78404.0563
2870,76922.23679999998
2871,75807.7432
2872,75466.07450000002
2873,78362.3994
2874,78120.281
2875,79282.86
2876,83478.39670000001
2877,83763.28570000001
2878,86367.56359999998
2879,87634.01959999999
2880,86519.58379999998
2881,87932.2302
2882,88290.0138
2883,82911.2226
2884,81233.23670000001
2885,80323.30670000002
2886,76447.08009999998
2887,75650.4863
2888,77031.30679999999
2889,76368.80289999998
2890,79457.66650000002
2891,78296.2764
2892,77626.1474
2893,78760.1993
2894,81765.0231
2895,80541.8871
2896,81431.666
2897,80570.46759999997
2898,80592.96999999999
2899,81036.1502
2900,84992.80419999998
2901,88681.20340000001
2902,89546.37979999998
2903,86786.6169
2904,86008.89089999998
2905,91465.8707
2906,93382.64729999997
2907,89737.5293
2908,87603.81299999998
2909,87381.60340000004
2910,86940.38260000001
2911,86279.0152
2912,85786.09669999997
2913,84986.38749999998
2914,86827.6667
2915,87995.23409999999
2916,89801.57030000002
2917,88082.37029999998
2918,86660.9031
2919,85186.71070000001
2920,81975.4339
2921,85232.19229999998
2922,94164.40390000002
2923,94278.64700000003
2924,92505.7298
2925,93995.48670000001
2926,93685.09389999999
2927,93806.70700000001
2928,96597.63710000002
2929,96163.23630000002
2930,96241.3633
2931,94824.297
2932,92920.0032
2933,91872.0243
2934,90944.7873
2935,90782.4538
2936,90985.20959999999
2937,91484.49039999998
2938,92805.3613
2939,93264.41610000002
2940,95559.59319999999
2941,88093.77429999999
2942,84532.91600000001
2943,86395.42710000003
2944,85978.1133
2945,86960.65999999999
2946,88500.5409
2947,88243.6435
2948,87855.14979999998
2949,87247.097
2950,86276.9594
2951,89872.62890000003
2952,88996.45330000001
2953,89789.28610000001
2954,88865.8636
2955,88242.5196
2956,86485.84679999998
2957,86758.6735
2958,85271.93930000001
2959,84418.95270000001
2960,83150.78989999999
2961,83777.15640000002
2962,83166.53689999999
2963,83602.67659999999
2964,84317.70279999997
2965,87251.0633
2966,88667.9259
2967,88803.107
2968,89894.80949999999
2969,90570.3462
2970,91004.1781
2971,91477.82710000001
2972,91007.85979999999
2973,88664.48199999999
2974,90544.4465
2975,88762.32579999999
2976,89094.71980000002
2977,89035.86080000001
2978,91085.81049999999
2979,91075.42270000001
2980,90307.0996
2981,90041.25649999999
2982,89300.0294
2983,90564.65230000002
2984,89183.8862
2985,90090.16659999998
2986,89785.8968
2987,91762.88019999999
2988,92169.86980000001
2989,90404.9459
2990,89741.23380000002
2991,90869.53010000003
2992,91018.20240000001
2993,89744.1733
2994,91121.98710000001
2995,93314.64260000002
2996,94232.5829
2997,90015.1377
2998,91233.15650000003
2999,93148.13680000001
3000,92369.38339999999
3001,91645.90399999998
3002,93810.2161
3003,93250.19660000001
3004,93632.32719999999
3005,93570.49670000003
3006,93701.60559999998
3007,93955.22109999998
3008,92353.061
3009,91942.38420000001
3010,91062.3744
3011,91107.6108
3012,90895.1167
3013,90720.7551
3014,89248.69089999997
3015,88943.13679999998
3016,88326.83360000003
3017,91648.56739999999
3018,91982.70020000002
3019,92953.84409999999
3020,91840.12010000003
3021,92697.66979999999
3022,93784.20330000001
3023,94865.2742
3024,93387.35989999997
3025,95603.59290000002
3026,96174.00749999999
3027,95892.87210000001
3028,94336.10629999998
3029,92758.73270000004
3030,91729.52679999999
3031,88988.0958
3032,87152.5897
3033,87312.2633
3034,89931.9762
3035,92262.05979999997
3036,92029.5826
3037,93133.45959999999
3038,92442.90690000003
3039,92963.1601
3040,91928.56460000001
3041,92056.59319999999
3042,93186.57660000001
3043,92393.35639999998
3044,95030.8166
3045,96268.0132
3046,96898.9633
3047,97400.8085
3048,97431.10680000001
3049,96219.8497
3050,97988.42129999999
3051,94230.48049999999
3052,92869.294
3053,92721.99290000003
3054,91874.94590000002
3055,90419.93030000004
3056,92194.8799
3057,92705.82
3058,91650.17680000002
3059,95384.04329999998
3060,96643.3854
3061,97176.03289999996
3062,95068.7164
3063,92462.65980000001
3064,95529.99959999998
3065,92597.13369999999
3066,93873.16029999999
3067,90057.68929999998
3068,87162.4064
3069,88379.17980000001
3070,85896.8365
3071,79660.08309999999
3072,76749.12659999999
3073,75918.90939999999
3074,75744.5864
3075,74487.89969999998
3076,74475.6691
3077,72935.25360000001
3078,72459.78689999999
3079,71209.73719999999
3080,70394.1504
3081,70530.9433
3082,72432.35630000001
3083,77262.62939999999
3084,83117.81039999999
3085,82417.9415
3086,80045.5279
3087,80422.11969999998
3088,77178.3566
3089,76254.27279999998
3090,76700.2407
3091,75222.3803
3092,76829.2138
3093,77091.2239
3094,74992.08380000001
3095,75303.6662
3096,73910.8397
3097,78007.55989999998
3098,78873.4334
3099,78692.0331
3100,78139.12710000001
3101,77944.24960000002
3102,77812.86399999999
3103,77582.6971
3104,77222.51109999999
3105,77219.8237
3106,75932.70460000001
3107,76705.4436
3108,80550.7755
3109,81946.3004
3110,82323.18660000002
3111,84776.3236
3112,84780.3095
3113,84061.85349999998
3114,83831.1737
3115,84519.24930000001
3116,83113.40350000001
3117,81354.20080000002
3118,79308.77590000001
3119,76897.12719999999
3120,74357.91650000002
3121,74164.67269999998
3122,74337.98680000001
3123,73000.7805
3124,71218.29370000001
3125,70742.0372
3126,70453.93669999999
3127,70347.74030000002
3128,69928.44679999999
3129,69868.30380000001
3130,69502.2502
3131,68906.2598
3132,68826.68340000001
3133,67120.90310000001
3134,67718.56079999999
3135,67894.6966
3136,68869.46979999999
3137,69668.90370000001
3138,70288.55949999999
3139,70939.16380000001
3140,70724.46949999999
3141,71123.1369
3142,72103.9595
3143,72705.9075
3144,72311.0364
3145,72373.94600000003
3146,70570.08259999998
3147,70094.5058
3148,68213.34969999999
3149,67280.8865
3150,67191.74
3151,67122.17319999998
3152,67813.2932
3153,68977.81679999999
3154,69943.2027
3155,70813.0722
3156,69223.4532
3157,70237.1673
3158,82202.81039999999
3159,91211.6905
3160,91592.60990000001
3161,93309.2245
3162,76084.68029999999
3163,74931.7969
3164,75690.45569999999
3165,74842.5671
3166,75560.78319999999
3167,76816.45919999998
3168,75052.4567
3169,71507.03679999999
3170,73951.63029999999
3171,75230.1864
3172,73568.1871
3173,73891.5198
3174,73178.78409999999
3175,72640.3962
3176,70712.673
3177,68246.35329999999
3178,71619.38310000002
3179,75434.7967
3180,75341.94640000002
3181,76858.17689999998
3182,78097.4991
3183,77870.5602
3184,79119.12280000001
3185,79071.2639
3186,85235.03020000002
3187,86299.93139999999
3188,84069.15629999999
3189,83879.68999999999
3190,82848.24739999996
3191,81388.4636
3192,79394.04649999998
3193,78087.3104
3194,80345.9661
3195,81046.54680000001
3196,79367.3135
3197,79017.63019999997
3198,78457.2065
3199,78003.70370000001
3200,76843.0099
3201,75894.90970000002
3202,75394.0332
3203,76880.96740000001
3204,79025.8835
3205,79828.8729
3206,79777.6402
3207,80622.97999999998
3208,78807.01620000001
3209,76416.81649999999
3210,78830.28040000002
3211,79563.31009999999
3212,78574.9868
3213,76930.47649999999
3214,76904.83699999998
3215,76298.13959999998
3216,73866.98620000001
3217,72941.4366
3218,72776.09629999999
3219,72306.82569999999
3220,73044.25670000001
3221,72998.9065
3222,72741.97300000001
3223,72678.38349999998
3224,72198.37030000002
3225,72303.7031
3226,73012.90009999998
3227,73800.89300000001
3228,75038.71380000001
3229,75591.63639999999
3230,75459.04030000001
3231,75029.47989999999
3232,76914.65
3233,78129.11330000003
3234,77989.8439
3235,77480.78980000003
3236,76623.58730000001
3237,76141.0067
3238,78088.73089999998
3239,78741.9745
3240,77989.75
3241,76867.0443
3242,75006.4563
3243,74048.8968
3244,73701.17640000001
3245,73577.21350000001
3246,73366.14850000001
3247,72907.47650000002
3248,72324.94340000002
3249,71879.5431
3250,73738.86409999999
3251,73533.44780000001
3252,71179.8398
3253,72777.5802
3254,74278.73999999999
3255,72606.73
3256,74368.2232
3257,74526.76020000002
3258,76773.64689999999
3259,76452.6196
3260,75512.95370000001
3261,76392.09940000002
3262,77381.2473
3263,77595.77389999999
3264,79438.5239
3265,74708.07289999998
3266,74307.9933
3267,75993.7694
3268,77485.067
3269,75988.78069999999
3270,75285.7965
3271,75440.22630000001
3272,75901.07990000001
3273,76195.2107
3274,75989.46269999999
3275,78180.1024
3276,79725.2642
3277,79441.3434
3278,80756.01600000002
3279,82397.75570000002
3280,82467.1565
3281,83109.2529
3282,82022.48099999999
3283,82223.73389999999
3284,75961.38680000002
3285,75128.0533
3286,74407.13949999999
3287,77842.5763
3288,78975.6071
3289,79186.9801
3290,79411.51699999999
3291,76646.2531
3292,79921.82350000001
3293,80064.05880000001
3294,79879.39589999999
3295,79998.69980000002
3296,80271.04970000002
3297,80042.6444
3298,80205.61779999999
3299,80780.65019999999
3300,81195.30260000001
3301,80919.85329999997
3302,80130.26289999999
3303,78089.05709999998
3304,78592.33370000002
3305,82475.54279999998
3306,83520.56929999999
3307,83517.37079999999
3308,82891.9369
3309,76455.27730000002
3310,76704.2701
3311,79011.80360000001
3312,78168.8294
3313,77433.39640000001
3314,77677.29280000001
3315,79002.04960000001
3316,75846.80000000003
3317,73877.219
3318,74447.5595
3319,74006.56019999999
3320,74046.3329
3321,73967.49060000002
3322,74493.867
3323,70200.4471
3324,65047.11979999999
3325,67184.11730000001
3326,70850.07740000001
3327,70993.57969999999
3328,75068.3366
3329,77895.9502
3330,76629.6925
3331,75159.79010000001
3332,72548.7097
3333,72777.05949999999
3334,73771.41349999998
3335,75416.23269999998
3336,74450.8667
3337,75391.8343
3338,74062.18000000001
3339,73505.9015
3340,72141.7068
3341,72685.18570000002
3342,74231.4832
3343,73854.86970000001
3344,73612.3471
3345,73188.9828
3346,74252.37989999999
3347,76112.0304
3348,76491.96049999999
3349,72322.8762
3350,75228.69970000001
3351,74020.96310000001
3352,74480.97320000001
3353,71970.3604
3354,73185.40979999998
3355,72549.233
3356,70757.06689999999
3357,68733.57050000002
3358,69996.0301
3359,72525.06709999997
3360,72739.4504
3361,73762.03699999998
3362,74720.85979999999
3363,74132.2774
3364,73419.9068
3365,73866.5503
3366,72209.71969999999
3367,70884.42949999998
3368,69810.784
3369,69691.02010000001
3370,70925.72309999999
3371,70102.21629999999
3372,74202.93269999999
3373,72725.037
3374,74202.25319999999
3375,78235.53940000001
3376,78393.9666
3377,78735.4704
3378,78861.9962
3379,80268.62999999999
3380,81967.973
3381,81633.9676
3382,80327.0471
3383,80188.6572
3384,77735.43049999999
3385,81006.1968
3386,78016.9733
3387,79227.73349999999
3388,79742.6329
3389,79699.4826
3390,82068.397
3391,81121.4336
3392,81443.72290000002
3393,84669.86630000001
3394,85172.37389999999
3395,84555.11690000001
3396,82672.30889999999
3397,80920.11039999999
3398,82276.6195
3399,82182.85270000002
3400,81758.83110000001
3401,81052.58380000001
3402,82600.93300000002
3403,83107.36309999999
3404,83768.19789999998
3405,83297.09290000002
3406,79438.0999
3407,77579.8231
3408,76434.0558
3409,78379.03029999998
3410,78143.4376
3411,79611.4139
3412,79861.14010000002
3413,82636.2625
3414,81238.96000000002
3415,81200.45009999999
3416,81366.2833
3417,81147.41030000002
3418,87496.56330000002
3419,93104.3528
3420,93493.7062
3421,90668.1266
3422,84095.36119999998
3423,81892.67270000001
3424,81037.04710000003
3425,83396.35299999997
3426,84651.11330000001
3427,81493.11290000002
3428,80066.98930000002
3429,76500.1933
3430,75596.56980000001
3431,72617.4303
3432,70863.98610000002
3433,71182.82999999999
3434,71480.88270000002
3435,72765.45319999999
3436,71972.23369999998
3437,71970.3329
3438,71057.54380000001
3439,71020.42680000002
3440,70925.92749999998
3441,71169.01740000001
3442,72896.00630000002
3443,74834.41589999999
3444,77634.2724
3445,74654.43609999999
3446,70987.0273
3447,73192.92060000001
3448,70818.6695
3449,75876.20259999999
3450,80179.1365
3451,77013.28969999998
3452,73951.5036
3453,71988.6529
3454,71431.4933
3455,71775.0132
3456,70564.27409999998
3457,72401.3728
3458,73318.06700000001
3459,73680.6909
3460,72651.7411
3461,72803.21749999998
3462,72388.69039999999
3463,71301.7333
3464,70233.4766
3465,70250.18669999999
3466,70407.65989999998
3467,69481.5978
3468,69625.21000000002
3469,70853.71650000001
3470,73056.1274
3471,71293.2929
3472,68694.24070000001
3473,68227.7196
3474,69520.94279999998
3475,68908.78350000002
3476,70074.11280000002
3477,71542.19930000001
3478,72167.68680000001
3479,71682.86989999999
3480,68495.68699999999
3481,64453.5801
3482,64510.5501
3483,65826.10339999999
3484,70570.02730000002
3485,69683.6536
3486,71588.11030000001
3487,66873.5369
3488,65105.276699999995
3489,65431.38040000002
3490,66458.4399
3491,66280.52280000002
3492,64222.74349999999
3493,64617.4862
3494,65928.7499
3495,65043.27680000001
3496,65143.622299999995
3497,66952.8928
3498,67365.8232
3499,68325.63630000001
3500,71406.54269999999
3501,71287.0739
3502,72857.35
3503,74672.63339999999
3504,73755.88669999999
3505,72654.3364
3506,72588.107
3507,71498.80369999999
3508,72093.08630000001
3509,72491.54980000001
3510,69546.1803
3511,69328.2231
3512,69702.2496
3513,69188.31959999999
3514,67782.0701
3515,67912.66679999999
3516,69539.55729999999
3517,67383.8776
3518,70971.99360000002
3519,77100.63180000002
3520,77928.2268
3521,74140.69690000001
3522,71408.72630000001
3523,76878.9796
3524,76254.60979999999
3525,74388.66960000001
3526,71842.8931
3527,74555.4472
3528,72670.6629
3529,78372.20939999999
3530,75613.69289999998
3531,75049.31090000001
3532,74800.36970000001
3533,73709.94680000002
3534,73948.8943
3535,73564.98389999998
3536,72059.6234
3537,71197.17749999999
3538,70528.25679999999
3539,69707.90309999998
3540,70554.2334
3541,73978.66990000001
3542,74675.7665
3543,73882.32740000001
3544,77628.40349999999
3545,76151.35050000002
3546,79364.22039999999
3547,79073.2963
3548,76672.0966
3549,77289.5901
3550,77302.5236
3551,78634.79719999999
3552,79239.7524
3553,80688.11299999998
3554,80807.01479999998
3555,82722.98399999998
3556,81617.98660000002
3557,79838.8536
3558,75511.4806
3559,72137.9169
3560,70375.3043
3561,70003.89650000002
3562,73390.60339999999
3563,76046.79909999997
3564,75087.88290000003
3565,73789.7263
3566,73615.5494
3567,77149.03279999999
3568,77641.01659999999
3569,75993.61090000001
3570,76429.96949999999
3571,76430.5459
3572,73378.1103
3573,75754.027
3574,77145.11360000001
3575,78303.18370000001
3576,79494.43990000001
3577,81222.09090000001
3578,81438.157
3579,82226.0398
3580,82367.7109
3581,80713.24429999999
3582,80280.82339999996
3583,75749.17949999997
3584,74350.44709999999
3585,72707.0372
3586,72696.136
3587,74259.08069999998
3588,75793.0197
3589,77874.02739999999
3590,79809.4673
3591,79076.04990000001
3592,79970.41380000002
3593,81419.83739999999
3594,80630.0257
3595,80577.73039999999
3596,79855.78929999997
3597,79669.0368
3598,78729.7734
3599,79501.5232
3600,80685.85089999996
3601,82294.66240000002
3602,82504.86280000002
3603,80105.53320000002
3604,78908.39269999998
3605,78847.60650000001
3606,77968.69600000003
3607,74892.20620000002
3608,74082.2296
3609,73628.1766
3610,75247.10990000001
3611,76034.1133
3612,79908.0105
3613,84606.7236
3614,84200.2267
3615,94523.42369999998
3616,89214.0435
3617,87185.5591
3618,84847.97569999998
3619,86632.9363
3620,87160.19429999997
3621,87263.6563
3622,85465.22009999998
3623,84283.847
3624,82515.00319999999
3625,81814.10960000001
3626,79435.60650000001
3627,76949.23080000003
3628,76008.83010000002
3629,73948.86619999999
3630,74333.23270000001
3631,74057.48980000002
3632,73826.29699999999
3633,73589.6039
3634,74434.5771
3635,76236.4767
3636,76345.5141
3637,76893.9275
3638,76275.2404
3639,76935.5238
3640,77918.95059999998
3641,76565.20670000001
3642,75832.78040000002
3643,76135.96649999998
3644,75656.6129
3645,76379.0832
3646,75558.83910000001
3647,74383.51680000001
3648,75802.8772
3649,75561.96680000002
3650,73126.8859
3651,70789.15710000001
3652,72393.05630000001
3653,71228.42080000002
3654,71218.9865
3655,70519.8538
3656,69130.24979999999
3657,68560.22030000002
3658,68528.75009999999
3659,67606.24350000001
3660,70989.6491
3661,73650.68609999999
3662,75856.39549999998
3663,76757.61619999999
3664,79692.26020000002
3665,82376.83669999999
3666,82641.8166
3667,81889.22349999996
3668,80108.24009999998
3669,78668.3309
3670,79410.0864
3671,79638.1077
3672,80328.27650000002
3673,78268.92049999996
3674,77386.23290000002
3675,76497.97350000001
3676,75711.8303
3677,75527.62359999999
3678,74958.4362
3679,73840.90120000001
3680,77683.85059999999
3681,79625.8154
3682,81628.53970000002
3683,87289.53390000001
3684,87110.8103
3685,77117.7039
3686,77906.98049999998
3687,79261.47309999999
3688,81058.71730000002
3689,80778.64720000002
3690,80315.7564
3691,81085.34279999998
3692,77420.2068
3693,77103.54300000002
3694,77551.491
3695,78220.3174
3696,76713.89669999998
3697,76929.48659999999
3698,78976.17359999998
3699,80166.21620000002
3700,79913.28050000002
3701,79305.83039999999
3702,79449.6261
3703,78530.60269999999
3704,78105.70010000002
3705,76441.9764
3706,74009.57380000001
3707,74111.5327
3708,75288.669
3709,74427.87359999999
3710,77215.26299999999
3711,79125.03719999999
3712,78307.653
3713,81341.5897
3714,82182.05300000001
3715,81344.57600000002
3716,80730.1809
3717,80771.7872
3718,81412.08690000001
3719,80881.18040000001
3720,80555.7565
3721,81347.71009999998
3722,82701.0301
3723,83035.53020000001
3724,81931.01030000002
3725,81083.4662
3726,81018.55669999999
3727,77293.80029999999
3728,75005.97320000002
3729,85570.4731
3730,87113.1408
3731,83244.86939999997
3732,82631.24220000001
3733,81398.9762
3734,80487.9097
3735,77877.6367
3736,77207.90980000001
3737,79142.3602
3738,78137.57283
3739,80784.78670000001
3740,80998.98300000004
3741,81410.52070000001
3742,82758.5238
3743,82255.92385
3744,81497.39239999998
3745,80397.08966499999
3746,79834.1367
3747,79250.46600000001
3748,75199.853565
3749,74234.90280000001
3750,73077.987
3751,66922.00980999999
3752,40097.58322
3753,37862.29999999999
3754,37894.29999999999
3755,37926.29999999999
3756,37958.29999999999
3757,35993.946716
3758,57107.88669000001
3759,65928.70302000002
3760,64713.22953999999
3761,64467.076700000005
3762,64455.810000000005
3763,64488.030000000006
3764,64475.77320000001
3765,64419.55330000001
3766,64626.453400000006
3767,65043.34330000001
3768,64536.05350000001
3769,64472.72000000001
3770,64542.19300000001
3771,64567.153300000005
3772,64616.68000000001
3773,64631.60990000001
3774,64735.66000000001
3775,64830.80000000001
3776,64509.88330000001
3777,72794.8162
3778,75258.4398
3779,77748.20719999999
3780,77082.2933
3781,75978.9101
3782,78239.7679
3783,78384.2228
3784,80014.1195
3785,80036.00039999999
3786,86605.18980000001
3787,88997.23959999999
3788,91276.3927
3789,83735.33280000002
3790,83785.84990000002
3791,83511.75640000003
3792,82973.95960000002
3793,83159.0432
3794,83451.99990000001
3795,82860.7393
3796,83293.9095
3797,81704.19589999999
3798,79107.08759999998
3799,79329.0575
3800,78504.8901
3801,79349.16709999998
3802,78395.4563
3803,77955.8869
3804,78572.46350000001
3805,78010.2802
3806,78116.5673
3807,79130.75650000002
3808,78362.43270000002
3809,79280.44680000002
3810,80548.0391
3811,81686.05299999999
3812,81282.7106
3813,82043.3858
3814,80825.1265
3815,81977.7332
3816,81252.8999
3817,80350.41349999998
3818,80080.17020000001
3819,80258.69019999997
3820,78942.3104
3821,77755.26899999999
3822,77650.42899999999
3823,76768.8432
3824,74787.54950000001
3825,76101.78319999999
3826,78413.1314
3827,79023.8772
3828,78484.09710000001
3829,78716.2602
3830,79563.32340000001
3831,80534.3202
3832,78850.5765
3833,79531.42949999998
3834,80601.8301
3835,79438.6797
3836,80370.8468
3837,80057.66679999999
3838,80343.65730000002
3839,80165.48290000003
3840,79555.38020000003
3841,78577.57949999999
3842,77047.0663
3843,77965.15330000002
3844,78369.68580000002
3845,76837.2462
3846,78308.3403
3847,77453.88710000002
3848,78299.8864
3849,76249.80610000002
3850,75062.1265
3851,71942.55309999999
3852,70870.8124
3853,71201.71979999999
3854,72601.09470000002
3855,72690.1465
3856,73106.1931
3857,73690.5036
3858,73821.72320000002
3859,73555.51290000002
3860,73502.3723
3861,73777.62060000001
3862,74828.22069999999
3863,76461.78379999999
3864,75697.49729999999
3865,76133.78330000001
3866,76010.9765
3867,76815.1411
3868,76498.91649999998
3869,76123.86020000001
3870,76109.88080000001
3871,76123.9866
3872,75379.534
3873,74563.02970000001
3874,72137.1168
3875,70218.52330000002
3876,70823.44
3877,70985.5703
3878,69185.48270000001
3879,69026.78000000001
3880,68335.2003
3881,68952.5107
3882,68902.78029999998
3883,68574.64010000002
3884,68542.25310000003
3885,68631.01299999999
3886,69141.36690000001
3887,71059.2794
3888,69830.9762
3889,68729.4633
3890,68678.63299999999
3891,68284.0159
3892,68123.3338
3893,67855.74729999999
3894,68139.13269999999
3895,68517.4144
3896,68185.86250000002
3897,68044.76049999999
3898,67336.79000000001
3899,67410.44380000001
3900,68502.0005
3901,68897.77070000001
3902,68944.65650000001
3903,69376.0301
3904,69549.9676
3905,69883.6596
3906,69587.1639
3907,69385.04670000002
3908,69896.24329999999
3909,70417.3396
3910,70301.28
3911,72369.19629999998
3912,71525.52620000001
3913,70039.04979999998
3914,69159.25980000001
3915,69030.9534
3916,68875.1843
3917,68464.7069
3918,67832.74650000001
3919,68075.6528
3920,69032.6432
3921,67965.19320000001
3922,68063.0469
3923,69408.96089999999
3924,71003.2532
3925,70316.8801
3926,70884.43340000001
3927,71661.02339999999
3928,75256.94949999997
3929,73795.5889
3930,74099.29030000001
3931,72706.3866
3932,73098.34379999999
3933,73076.884
3934,72058.60300000002
3935,72571.04609999999
3936,72111.05659999998
3937,72107.74699999999
3938,71263.56019999999
3939,70754.94699999999
3940,70608.30649999999
3941,69166.3958
3942,68578.8044
3943,69150.9032
3944,68474.5031
3945,67722.3508
3946,72585.10980000002
3947,73264.6801
3948,74018.71960000001
3949,74197.0563
3950,72629.2529
3951,72770.59280000001
3952,72513.5866
3953,71732.2839
3954,71258.5034
3955,71770.2498
3956,70905.01550000001
3957,70469.4429
3958,70833.86309999999
3959,71731.4167
3960,70910.8836
3961,71278.0169
3962,71071.09600000002
3963,70384.393
3964,70185.4298
3965,70676.69679999999
3966,70192.6864
3967,70312.28369999999
3968,69740.67699999998
3969,69364.2837
3970,69229.3762
3971,69107.8898
3972,69146.71
3973,68551.41719999998
3974,69027.48770000001
3975,68588.1368
3976,68614.1232
3977,68837.19339999999
3978,68695.02670000002
3979,68921.4327
3980,68947.6035
3981,68966.0364
3982,68467.90969999999
3983,69348.9266
3984,67198.1636
3985,67148.5066
3986,67217.2465
3987,67181.85320000001
3988,67223.16579999999
3989,67575.83300000001
3990,67609.8131
3991,67655.74740000001
3992,67476.87640000001
3993,67283.30429999999
3994,67262.8697
3995,67477.9835
3996,68843.6605
3997,68854.65080000002
3998,68620.08369999999
3999,70028.9161
4000,69783.53349999999
4001,69995.38309999999
4002,70476.2202
4003,70893.7337
4004,71279.09049999999
4005,71086.83570000001
4006,73286.4233
4007,73331.807
4008,73246.2195
4009,72347.54790000002
4010,73783.18349999998
4011,72608.7036
4012,71076.54
4013,70504.51
4014,70518.28680000002
4015,69756.85609999999
4016,69924.67090000001
4017,70340.6438
4018,71208.05609999999
4019,70608.9858
4020,69174.68659999999
4021,69354.2333
4022,69416.22760000001
4023,68957.6996
4024,71505.4734
4025,70524.3365
4026,70018.8405
4027,67816.7038
4028,68034.56659999999
4029,68115.00300000001
4030,68224.5164
4031,68969.6467
4032,66706.68310000001
4033,66578.9643
4034,67482.3099
4035,67919.18280000001
4036,68001.2336
4037,67550.24040000001
4038,67375.8795
4039,66747.33039999999
4040,66748.86030000001
4041,66587.149
4042,66373.3367
4043,66066.4265
4044,66471.3631
4045,67358.61379999999
4046,73924.7962
4047,74988.77960000001
4048,75675.0962
4049,75940.0036
4050,74077.72919999999
4051,73935.74620000001
4052,74431.87379999999
4053,69068.55640000002
4054,68089.83989999999
4055,67239.1264
4056,65919.89039999999
4057,67698.50630000001
4058,68703.89730000001
4059,68417.9596
4060,68783.4064
4061,67752.75090000001
4062,68459.85669999999
4063,68759.19269999999
4064,68847.07329999999
4065,68383.63429999999
4066,67833.7332
4067,69434.48029999998
4068,68678.07340000001
4069,69277.41689999998
4070,71255.60940000002
4071,72370.3404
4072,73979.00590000002
4073,74572.00709999999
4074,73903.5995
4075,73105.7234
4076,74331.07590000001
4077,74106.07880000002
4078,75213.47760000003
4079,78646.56640000001
4080,77360.4762
4081,78292.167
4082,79041.5868
4083,79924.2162
4084,79285.58309999999
4085,79110.43239999998
4086,77147.21699999999
4087,75231.88669999997
4088,75117.66010000001
4089,75198.5732
4090,74093.43
4091,73928.16350000001
4092,74454.35630000001
4093,75087.13960000001
4094,75591.69940000001
4095,76883.41959999998
4096,77637.9738
4097,79623.79409999998
4098,80923.54359999999
4099,80365.57579999996
4100,79019.4605
4101,77959.15940000002
4102,78597.29639999998
4103,80148.61700000001
4104,78681.06370000001
4105,78221.76670000001
4106,77694.38049999998
4107,77562.62669999998
4108,77082.50330000001
4109,76942.66349999998
4110,77282.88289999997
4111,77419.01690000002
4112,77396.1629
4113,76848.5731
4114,77881.4274
4115,77545.9535
4116,77817.4238
4117,78634.5672
4118,76002.55009999998
4119,76408.88010000001
4120,72861.663
4121,74032.3826
4122,74840.17709999999
4123,75202.873
4124,75238.5395
4125,73071.1266
4126,74624.79430000001
4127,75970.77960000001
4128,75349.67640000003
4129,76355.65299999999
4130,76431.47179999998
4131,76081.36649999999
4132,75754.87660000002
4133,75433.64670000004
4134,74680.72299999998
4135,74343.6002
4136,74259.29319999999
4137,75866.34659999999
4138,78250.29300000002
4139,78972.6167
4140,78831.84319999999
4141,78112.0306
4142,77294.17050000001
4143,77065.72689999998
4144,76874.72019999998
4145,76668.89919999999
4146,76563.6572
4147,77059.34280000001
4148,76996.1933
4149,76852.19360000001
4150,76444.4871
4151,75783.8527
4152,75407.49940000002
4153,75457.06309999998
4154,75382.0331
4155,74710.4002
4156,72957.1736
4157,73048.84619999999
4158,72353.45290000002
4159,71668.36349999999
4160,72309.7266
4161,72448.90350000001
4162,72965.59960000002
4163,73119.03990000002
4164,73433.66709999999
4165,74656.93059999998
4166,74803.73319999999
4167,75447.84619999999
4168,76619.37310000001
4169,77360.58009999999
4170,76400.1227
4171,76804.1794
4172,76248.44979999999
4173,78514.66059999999
4174,78500.45940000002
4175,80110.40949999998
4176,79413.25950000001
4177,79621.7375
4178,80638.56659999999
4179,80174.09929999999
4180,79830.19330000001
4181,77949.5664
4182,77399.81339999998
4183,77276.64010000003
4184,77663.09639999998
4185,78044.4553
4186,77572.17950000003
4187,79697.69979999999
4188,79893.67299999998
4189,79243.89420000001
4190,80621.48640000001
4191,80212.38719999998
4192,79878.3069
4193,80184.6836
4194,79796.88639999999
4195,79619.07969999999
4196,78875.94639999999
4197,78782.32680000001
4198,80090.14340000002
4199,81030.9997
4200,80910.1759
4201,80784.62000000002
4202,80238.46019999997
4203,79898.22
4204,79787.1836
4205,79842.15379999999
4206,79292.69260000001
4207,78747.30399999999
4208,78368.37940000002
4209,80071.97589999996
4210,83044.8998
4211,82404.65259999997
4212,80263.56719999999
4213,79206.5652
4214,81717.30690000001
4215,80683.7371
4216,80159.5761
4217,80070.24650000001
4218,77975.6898
4219,75953.0364
4220,77131.4204
4221,79209.12640000001
4222,79326.01109999999
4223,78912.54709999998
4224,79143.064
4225,77242.06989999999
4226,76067.62770000001
4227,75430.9369
4228,75521.7858
4229,75041.7166
4230,74896.36030000001
4231,74076.07999999999
4232,74188.2697
4233,74213.33929999999
4234,75208.3164
4235,74336.4838
4236,73678.19630000001
4237,73758.44920000002
4238,74089.97949999999
4239,73978.7238
4240,74233.69290000001
4241,74261.1464
4242,73953.2833
4243,73249.8597
4244,73614.0239
4245,72080.1363
4246,70234.54629999999
4247,72216.7368
4248,73032.27030000002
4249,73326.3633
4250,73238.8667
4251,73223.5667
4252,73183.5533
4253,73548.9434
4254,73268.25
4255,73307.51
4256,73325.98
4257,73359.4833
4258,73393.94
4259,73422.3466
4260,73460.4333
4261,73481.8367
4262,73513.14
4263,73747.9434
4264,73730.4066
4265,73919.34
4266,74327.1367
4267,73705.9567
4268,75423.01050000002
4269,75597.571
4270,76075.3996
4271,76750.16660000003
4272,76499.7997
4273,76407.4272
4274,75489.0269
4275,74745.78289999998
4276,74945.01920000002
4277,74689.20350000002
4278,74749.98739999998
4279,75294.5505
4280,77456.11400000002
4281,76354.08590000002
4282,77989.9964
4283,78153.52049999998
4284,77823.76590000001
4285,79253.16930000001
4286,77497.56049999999
4287,76220.74460000002
4288,75558.79030000001
4289,76008.3504
4290,77822.64279999999
4291,76918.8366
4292,78395.7969
4293,80081.49960000001
4294,82616.88010000001
4295,82822.97339999999
4296,80656.18639999999
4297,80163.2663
4298,79713.13689999998
4299,80265.4003
4300,79359.4296
4301,80145.3138
4302,79997.31620000002
4303,80428.507
4304,80787.4999
4305,82301.34659999999
4306,82796.8872
4307,81701.35010000001
4308,80644.16629999998
4309,78352.96710000001
4310,80599.0105
4311,79311.157
4312,78886.65709999998
4313,77599.90290000003
4314,79009.24969999999
4315,78270.5163
4316,76212.14990000002
4317,75555.4037
4318,75800.4
4319,75232.0937
4320,74812.0327
4321,74026.6598
4322,74023.0206
4323,74184.56339999997
4324,74107.36940000001
4325,73951.17700000001
4326,73773.62529999999
4327,73266.0771
4328,73071.62380000002
4329,76398.269
4330,76547.0541
4331,77287.82019999999
4332,76849.05689999998
4333,76536.1332
4334,76425.75679999999
4335,77119.48019999999
4336,75917.09740000003
4337,76474.0164
4338,77326.947
4339,79327.50739999999
4340,79190.14389999998
4341,80218.5593
4342,81207.2294
4343,82827.81350000002
4344,80676.93979999998
4345,78999.3941
4346,76508.50710000002
4347,76840.40299999999
4348,76360.3539
4349,76401.867
4350,75785.5632
4351,75608.0862
4352,74873.4231
4353,73677.12700000001
4354,75824.0968
4355,77997.06439999999
4356,76606.58009999999
4357,76614.8931
4358,79091.02029999999
4359,79659.96650000001
4360,80318.1606
4361,81178.974
4362,81967.29629999999
4363,81016.66680000002
4364,81063.0397
4365,78609.66300000002
4366,77967.2538
4367,76817.4495
4368,75944.9956
4369,76598.31260000002
4370,77616.79280000001
4371,76424.0541
4372,75812.48010000003
4373,72513.6233
4374,70278.1573
4375,70005.82389999999
4376,70287.0829
4377,73380.09039999999
4378,75252.68380000003
4379,76798.4673
4380,77430.84720000003
4381,77397.39699999998
4382,76548.11349999998
4383,76340.05630000001
4384,76628.46709999997
4385,76982.4006
4386,76332.03289999999
4387,72679.54609999999
4388,72436.7669
4389,71814.11959999999
4390,71324.13380000001
4391,71626.404
4392,71858.97359999998
4393,72373.6536
4394,71306.2396
4395,72290.87589999998
4396,71194.2036
4397,71657.05309999999
4398,70791.453
4399,70978.5171
4400,70559.7
4401,70591.7
4402,70623.7
4403,70655.7
4404,70687.7
4405,70719.7
4406,70751.7
4407,70783.7
4408,70815.7
4409,70847.7
4410,70879.7
4411,70911.7
4412,70943.7
4413,70975.7
4414,71007.7
4415,71039.7
4416,70327.7
4417,70359.7
4418,70391.7
4419,70423.7
4420,70455.7
4421,70463.7
4422,70495.7
4423,70527.7
4424,70559.7
4425,70591.7
4426,70623.7
4427,70655.7
4428,70687.7
4429,70719.7
4430,70751.7
4431,70783.7
4432,70815.7
4433,70847.7
4434,70879.7
4435,70911.7
4436,70943.7
4437,70975.7
4438,71007.7
4439,71039.7
4440,70327.7
4441,70359.7
4442,70391.7
4443,70423.7
4444,70455.7
4445,70463.7
4446,70495.7
4447,70527.7
4448,70559.7
4449,70591.7
4450,70623.7
4451,70655.7
4452,70687.7
4453,70719.7
4454,70751.7
4455,70783.7
4456,70815.7
4457,70847.7
4458,70879.7
4459,70911.7
4460,70943.7
4461,70975.7
4462,71007.7
4463,71039.7
4464,70327.7
4465,70359.7
4466,70391.7
4467,70423.7
4468,70455.7
4469,70463.7
4470,70495.7
4471,70527.7
4472,70559.7
4473,70591.7
4474,70623.7
4475,70655.7
4476,70687.7
4477,70719.7
4478,70751.7
4479,70783.7
4480,70815.7
4481,70847.7
4482,70879.7
4483,70911.7
4484,70943.7
4485,70975.7
4486,71007.7
4487,71039.7
4488,70327.7
4489,70359.7
4490,70391.7
4491,70423.7
4492,70455.7
4493,70463.7
4494,70495.7
4495,70527.7
4496,70559.7
4497,70591.7
4498,70623.7
4499,70655.7
4500,70687.7
4501,70719.7
4502,70765.4866
4503,71054.4466
4504,71093.1568
4505,71120.94
4506,71097.5
4507,70971.2466
4508,70930.0967
4509,70893.3833
4510,70858.76
4511,70927.61
4512,70232.33
4513,70311.5201
4514,70631.83
4515,70285.0267
4516,70314.2767
4517,70339.84
4518,70354.6434
4519,70391.0066
4520,70423.37329999999
4521,71098.25039999999
4522,80079.5209
4523,79044.5201
4524,77444.7065
4525,78826.22310000002
4526,76108.80999999998
4527,73301.41696
4528,77459.66260000001
4529,75907.84659999999
4530,77320.12569999999
4531,77205.60650000001
4532,75546.32010000001
4533,73709.23639999998
4534,73866.9307
4535,74792.38600000001
4536,75357.04739999997
4537,76426.9703
4538,75854.44639999999
4539,75819.01619999998
4540,76648.0028
4541,76546.0766
4542,76014.69339999999
4543,75799.1932
4544,75634.9902
4545,75869.79239999999
4546,76457.40300000002
4547,79970.06009999999
4548,80924.15329999996
4549,77448.65639999999
4550,76941.1419
4551,79871.2028
4552,81802.72029999999
4553,81215.53059999998
4554,79167.2458
4555,78287.3823
4556,75250.05319999998
4557,75304.1397
4558,76220.1971
4559,76528.6997
4560,71840.08919999999
4561,70443.5942
4562,70472.2942
4563,71665.38089999999
4564,71015.67400000001
4565,70570.6943
4566,70061.2735
4567,70310.1936
4568,69772.86929999999
4569,71875.436
4570,74937.49699999999
4571,76515.98630000002
4572,79627.10639999998
4573,78373.35350000001
4574,76838.11009999998
4575,76854.38009999998
4576,79071.92959999999
4577,79005.48349999999
4578,80370.05990000002
4579,78625.56070000002
4580,78187.45549999998
4581,76400.68050000002
4582,75841.94290000002
4583,75565.8697
4584,74391.5035
4585,76752.93609999999
4586,75986.63020000003
4587,75933.7839
4588,74353.21979999999
4589,72881.75589999999
4590,71389.56049999999
4591,70340.73679999998
4592,70113.9431
4593,70776.50059999998
4594,73048.65079999999
4595,80783.7288
4596,80401.69039999999
4597,79564.17649999999
4598,77880.7992
4599,77868.87359999999
4600,76623.15519999998
4601,76389.317
4602,76476.427
4603,76293.81740000001
4604,75673.0771
4605,74739.86280000002
4606,75760.13980000002
4607,75333.40419999998
4608,73536.6936
4609,72696.13629999998
4610,72226.6844
4611,71415.64330000003
4612,70984.5431
4613,70651.9827
4614,69657.4257
4615,66046.9236
4616,67583.3575
4617,66612.3035
4618,68642.41730000002
4619,72426.44540000001
4620,72366.4478
4621,72312.79390000002
4622,72059.67279999999
4623,73193.5067
4624,72214.60630000003
4625,70144.763
4626,69592.07660000001
4627,71061.3377
4628,69647.5704
4629,69914.41989999998
4630,69113.02399999999
4631,69393.3663
4632,68246.7931
4633,68122.8866
4634,67824.84980000001
4635,68238.4764
4636,68566.0465
4637,68128.2905
4638,68251.9939
4639,68477.0433
4640,69095.7097
4641,69231.25600000001
4642,69933.74410000001
4643,69545.57970000002
4644,70277.6571
4645,71478.51670000001
4646,71255.75650000002
4647,70802.657
4648,71835.94950000002
4649,72158.6439
4650,71785.2566
4651,71366.69690000001
4652,71108.95670000001
4653,71090.7596
4654,70930.92050000002
4655,68066.8399
4656,66611.4232
4657,66853.4864
4658,67013.0871
4659,66605.16079999998
4660,66409.6431
4661,66402.6468
4662,65987.35049999999
4663,66812.0836
4664,64897.339900000006
4665,66218.4664
4666,65538.2897
4667,67004.03050000001
4668,68269.4968
4669,69542.69979999999
4670,70066.0334
4671,70690.3829
4672,70031.5093
4673,70053.2061
4674,70012.2411
4675,69698.51010000001
4676,70138.68279999998
4677,69273.45010000002
4678,68793.2168
4679,68233.34319999997
4680,69248.16020000001
4681,69354.0798
4682,70003.9505
4683,67209.17030000003
4684,67451.8198
4685,64161.397399999994
4686,64197.63930000002
4687,63762.349900000016
4688,64543.65989999999
4689,65242.690500000004
4690,65142.3874
4691,65957.3203
4692,67564.50990000002
4693,68326.38639999999
4694,69783.75720000002
4695,70729.62670000001
4696,70618.57960000001
4697,70959.30360000001
4698,68133.8597
4699,69954.561
4700,69305.1734
4701,69788.2007
4702,67600.64650000002
4703,67728.2636
4704,88337.44450000001
4705,89133.577
4706,90203.06030000001
4707,88373.456
4708,86946.7102
4709,88114.09329999998
4710,88431.7268
4711,88378.0729
4712,88476.9539
4713,88445.0432
4714,88791.09230000002
4715,86209.3823
4716,85440.87650000001
4717,83590.44639999999
4718,84858.7364
4719,86587.67050000002
4720,85904.99949999998
4721,85584.92629999999
4722,87220.2511
4723,87362.57970000002
4724,86835.04660000002
4725,84865.4865
4726,88910.54310000001
4727,91736.24970000001
4728,90810.8669
4729,89710.8196
4730,90267.2643
4731,88832.41189999999
4732,89242.04280000001
4733,88723.0538
4734,87386.0297
4735,89379.5136
4736,87425.9765
4737,87032.60670000002
4738,88572.559
4739,88693.99029999999
4740,87170.51710000003
4741,87507.03310000002
4742,85422.23000000001
4743,83579.97680000002
4744,83811.62670000002
4745,83647.49640000002
4746,82682.85980000002
4747,81896.2409
4748,81530.8839
4749,80583.9936
4750,82115.65999999999
4751,82663.52360000001
4752,83306.0429
4753,84412.89009999999
4754,85041.8964
4755,85109.6101
4756,85186.19690000001
4757,86005.13770000002
4758,85830.41010000001
4759,85205.41679999999
4760,83763.92980000001
4761,84565.34329999998
4762,84766.26699999999
4763,84519.19680000002
4764,84148.44989999998
4765,83214.79709999998
4766,81182.57289999998
4767,86054.9767
4768,85744.3996
4769,84469.08789999998
4770,85714.46050000002
4771,85628.57739999998
4772,85497.77639999999
4773,85787.46999999999
4774,86675.38080000003
4775,86502.8173
4776,85863.7259
4777,84791.47399999997
4778,84143.52550000002
4779,84395.70939999998
4780,84938.3672
4781,84077.1672
4782,82826.164
4783,81301.2594
4784,80128.94350000001
4785,80551.6272
4786,81707.67939999998
4787,84681.44709999999
4788,83094.6499
4789,83492.87750000002
4790,83505.88450000001
4791,82203.14299999998
4792,83372.4342
4793,85187.38690000001
4794,86771.5967
4795,86364.32939999999
4796,85227.58069999999
4797,86142.47720000001
4798,85456.4702
4799,85476.33269999998
4800,83258.19410000004
4801,83545.87009999999
4802,82772.7795
4803,82495.05730000003
4804,84042.81930000002
4805,83406.0571
4806,83838.45580000001
4807,85064.91010000002
4808,86435.09640000001
4809,87874.17990000002
4810,87873.84
4811,87272.93719999999
4812,87341.41990000001
4813,87770.5556
4814,87835.08020000001
4815,87268.5693
4816,85841.09150000002
4817,85019.7469
4818,85183.70960000002
4819,85623.95710000001
4820,86255.42110000002
4821,85739.03419999998
4822,86038.58940000003
4823,87578.10329999997
4824,89299.09930000002
4825,88987.24019999999
4826,89536.75229999998
4827,87555.23939999999
4828,87278.3237
4829,86127.5292
4830,85627.0939
4831,85915.24660000001
4832,85657.02989999998
4833,86134.824
4834,88115.0334
4835,87977.96290000001
4836,87515.3297
4837,89527.69739999999
4838,90216.4694
4839,89882.64699999998
4840,89338.57710000001
4841,89978.54619999998
4842,89652.42250000002
4843,90046.13970000001
4844,91381.20050000002
4845,91249.41029999999
4846,91291.97009999998
4847,87602.2298
4848,86761.94979999996
4849,87716.77630000003
4850,86302.12999999999
4851,87293.4763
4852,88435.1561
4853,89211.82029999999
4854,89060.00900000002
4855,90907.04699999999
4856,91605.42629999999
4857,91224.4869
4858,90577.5302
4859,90771.19319999997
4860,89108.13029999999
4861,90139.66440000001
4862,90906.3888
4863,89475.61020000002
4864,89400.6526
4865,87551.06610000001
4866,87418.3232
4867,86368.1076
4868,84785.4159
4869,86132.35699999999
4870,85619.52609999999
4871,85912.85069999998
4872,85405.32050000002
4873,87237.58039999999
4874,88432.83089999999
4875,88434.9829
4876,88211.0876
4877,87743.5021
4878,84828.01610000002
4879,84605.66070000001
4880,85209.54980000001
4881,85890.69670000001
4882,87258.46319999997
4883,89697.7395
4884,87961.27019999998
4885,90091.66639999999
4886,89583.75099999999
4887,88387.0137
4888,87545.02780000003
4889,84476.6397
4890,88567.82259999998
4891,88812.5634
4892,89247.9337
4893,90726.32199999997
4894,90445.88720000001
4895,89728.6403
4896,87698.6008
4897,89944.71779999998
4898,87611.1664
4899,87359.1471
4900,87053.961
4901,86261.6932
4902,85070.38339999999
4903,84654.5733
4904,85094.307
4905,86068.1638
4906,83531.70019999998
4907,83273.15249999998
4908,83646.44660000001
4909,82069.84310000001
4910,80177.9426
4911,82401.65700000002
4912,86809.01729999999
4913,85869.5327
4914,83886.2968
4915,83607.43730000002
4916,82228.3566
4917,83037.947
4918,84036.9929
4919,84916.54269999996
4920,84210.8668
4921,84016.81619999999
4922,84409.947
4923,83549.62640000001
4924,83332.7699
4925,82644.8207
4926,82820.774
4927,82158.6733
4928,84562.05369999999
4929,87209.34099999999
4930,89281.10740000001
4931,87178.0434
4932,86586.3806
4933,85890.98640000002
4934,84386.25039999999
4935,81635.72700000001
4936,81522.96649999997
4937,82164.8803
4938,82928.8933
4939,80476.43339999998
4940,79406.8565
4941,81022.23349999999
4942,81553.5235
4943,83703.68239999999
4944,84596.01390000002
4945,85126.7524
4946,84770.01420000002
4947,83766.73000000001
4948,82156.98030000001
4949,81949.3259
4950,80656.2677
4951,79365.95590000002
4952,78237.3829
4953,78778.4639
4954,78445.15409999999
4955,77131.0092
4956,77382.13059999999
4957,77143.56749999998
4958,75044.9037
4959,76070.46
4960,79938.67459999998
4961,79404.98000000001
4962,78978.2804
4963,80094.03670000001
4964,80335.6236
4965,79483.51670000001
4966,78167.174
4967,78368.7206
4968,77306.93669999999
4969,76986.4232
4970,76835.3466
4971,76540.86709999999
4972,76630.57970000002
4973,76257.30389999998
4974,74274.3967
4975,73710.71040000003
4976,73736.2205
4977,74109.91669999999
4978,75437.01919999998
4979,75522.77350000001
4980,76141.7337
4981,76202.4806
4982,76553.59079999998
4983,76264.05979999999
4984,74606.8626
4985,73570.6536
4986,72753.67330000001
4987,74452.50329999998
4988,74204.40689999999
4989,74827.1806
4990,74945.5307
4991,77619.6566
4992,77239.03080000004
4993,77350.7072
4994,76567.42349999999
4995,76786.20290000002
4996,76856.59249999997
4997,76764.03700000003
4998,75901.113
4999,74302.6562
5000,73887.65319999999
5001,73318.90649999998
5002,71978.21710000001
5003,71483.243
5004,73724.5565
5005,79840.62
5006,82353.11959999999
5007,82028.28009999999
5008,80787.69049999998
5009,81102.64770000002
5010,79295.52039999998
5011,78681.37999999999
5012,79915.56939999998
5013,80570.2063
5014,82435.20969999999
5015,84019.7862
5016,83388.36009999999
5017,79224.59309999998
5018,76992.35350000001
5019,75939.24029999999
5020,74616.2601
5021,74589.88770000002
5022,74168.7232
5023,73744.62700000002
5024,72282.9373
5025,71360.86989999998
5026,73528.51940000002
5027,75246.67369999998
5028,77670.7331
5029,77353.66669999999
5030,79317.63279999999
5031,78483.38320000003
5032,80352.60289999998
5033,78878.9967
5034,79543.46030000002
5035,80110.20709999999
5036,76178.2099
5037,77597.89600000001
5038,81051.9237
5039,80583.38640000002
5040,81796.03629999996
5041,82809.0893
5042,83593.0504
5043,85197.97729999998
5044,80265.71340000001
5045,80274.2098
5046,77402.9792
5047,75557.2794
5048,75212.2369
5049,75764.68329999999
5050,77385.6328
5051,77073.73619999998
5052,75346.61740000002
5053,77640.1438
5054,77977.57700000005
5055,78923.23620000001
5056,79961.33350000001
5057,76950.477
5058,76642.24710000002
5059,76447.57290000001
5060,74620.2072
5061,76312.91380000001
5062,78998.1505
5063,80507.92660000002
5064,79374.78999999998
5065,79400.96060000002
5066,77893.6934
5067,77205.44859999999
5068,76138.14550000001
5069,75285.37989999999
5070,75010.88280000002
5071,72461.1468
5072,74006.7828
5073,73066.0532
5074,74791.17339999999
5075,77337.8476
5076,77698.37990000001
5077,78096.3491
5078,79719.72080000001
5079,79533.3704
5080,79817.19640000002
5081,76292.82319999998
5082,78783.65299999998
5083,79814.81999999999
5084,80396.7465
5085,83422.0671
5086,82722.7499
5087,79359.381
5088,82397.99379999998
5089,86565.00449999998
5090,86340.00610000001
5091,87096.46610000002
5092,86261.4834
5093,87405.25359999998
5094,83421.26259999999
5095,81492.4768
5096,81008.94239999999
5097,80326.2733
5098,79537.6376
5099,81840.3292
5100,83889.03269999998
5101,83299.3129
5102,85017.504
5103,86687.87950000001
5104,84771.92679999999
5105,86805.854
5106,87208.88350000001
5107,87862.23740000001
5108,87721.68339999998
5109,87996.30639999997
5110,86643.4437
5111,90643.54659999999
5112,89121.23010000002
5113,90027.509
5114,88260.23980000001
5115,87035.70969999999
5116,88793.9042
5117,86578.19880000001
5118,83280.7208
5119,83007.1394
5120,83996.02950000002
5121,86970.38280000002
5122,89631.09049999999
5123,86450.3199
5124,86793.43719999997
5125,86481.28349999999
5126,85325.94249999999
5127,83642.05320000001
5128,83584.7332
5129,84528.52220000002
5130,88402.7503
5131,87912.02939999998
5132,88431.3665
5133,87693.77029999997
5134,88766.69949999999
5135,88797.2704
5136,89281.75659999998
5137,90754.1333
5138,92317.0757
5139,90422.46380000001
5140,89935.7761
5141,88283.0165
5142,86890.4065
5143,86530.18329999999
5144,86281.6836
5145,86186.00970000001
5146,86791.40149999999
5147,87358.5902
5148,88294.79079999999
5149,87085.07400000002
5150,87650.4641
5151,85206.29079999999
5152,83659.8632
5153,83219.487
5154,82675.8206
5155,85233.1993
5156,88467.41089999999
5157,87967.55970000001
5158,87763.53659999999
5159,87948.10670000002
5160,86942.64270000001
5161,88407.90640000002
5162,89794.77649999999
5163,88047.45310000001
5164,86994.3765
5165,86064.0957
5166,84786.17990000002
5167,83242.32079999999
5168,83159.18620000003
5169,82757.71419999999
5170,83205.6235
5171,84353.39039999999
5172,84871.40809999997
5173,87230.38330000002
5174,88251.61309999999
5175,90050.25089999998
5176,90322.67389999998
5177,88505.71950000002
5178,87321.70670000001
5179,87746.99330000002
5180,88605.7168
5181,88635.4803
5182,89011.7056
5183,89859.723
5184,86759.12690000002
5185,87824.0265
5186,88004.01389999999
5187,85302.2196
5188,83625.18770000001
5189,83643.5833
5190,83795.52050000001
5191,84280.3907
5192,84619.84039999997
5193,83280.2134
5194,83620.8734
5195,79280.37319999997
5196,78190.77690000001
5197,78404.75299699999
5198,76958.20623200001
5199,80342.42079999998
5200,79815.4
5201,79847.4
5202,79879.4
5203,79911.4
5204,79943.4
5205,79975.4
5206,80007.4
5207,80039.4
5208,79303.4
5209,79335.4
5210,79367.4
5211,79399.4
5212,79431.4
5213,79463.4
5214,79495.4
5215,79527.4
5216,79654.40340000001
5217,79452.2862
5218,77175.16609999999
5219,76987.6434
5220,78687.46289999998
5221,78404.0563
5222,76922.23679999998
5223,75807.7432
5224,75466.07450000002
5225,78362.3994
5226,78120.281
5227,79282.86
5228,83478.39670000001
5229,83763.28570000001
5230,86367.56359999998
5231,87634.01959999999
5232,86519.58379999998
5233,87932.2302
5234,88290.0138
5235,82911.2226
5236,81233.23670000001
5237,80323.30670000002
5238,76447.08009999998
5239,75650.4863
5240,77031.30679999999
5241,76368.80289999998
5242,79457.66650000002
5243,78296.2764
5244,77626.1474
5245,78760.1993
5246,81765.0231
5247,80541.8871
5248,81431.666
5249,80570.46759999997
5250,80592.96999999999
5251,81036.1502
5252,84992.80419999998
5253,88681.20340000001
5254,89546.37979999998
5255,86786.6169
5256,86008.89089999998
5257,91465.8707
5258,93382.64729999997
5259,89737.5293
5260,87603.81299999998
5261,87381.60340000004
5262,86940.38260000001
5263,86279.0152
5264,85786.09669999997
5265,84986.38749999998
5266,86827.6667
5267,87995.23409999999
5268,89801.57030000002
5269,88082.37029999998
5270,86660.9031
5271,85186.71070000001
5272,81975.4339
5273,85232.19229999998
5274,94164.40390000002
5275,94278.64700000003
5276,92505.7298
5277,93995.48670000001
5278,93685.09389999999
5279,93806.70700000001
5280,96597.63710000002
5281,96163.23630000002
5282,96241.3633
5283,94824.297
5284,92920.0032
5285,91872.0243
5286,90944.7873
5287,90782.4538
5288,90985.20959999999
5289,91484.49039999998
5290,92805.3613
5291,93264.41610000002
5292,95559.59319999999
5293,88093.77429999999
5294,84532.91600000001
5295,86395.42710000003
5296,85978.1133
5297,86960.65999999999
5298,88500.5409
5299,88243.6435
5300,87855.14979999998
5301,87247.097
5302,86276.9594
5303,89872.62890000003
5304,88996.45330000001
5305,89789.28610000001
5306,88865.8636
5307,88242.5196
5308,86485.84679999998
5309,86758.6735
5310,85271.93930000001
5311,84418.95270000001
5312,83150.78989999999
5313,83777.15640000002
5314,83166.53689999999
5315,83602.67659999999
5316,84317.70279999997
5317,87251.0633
5318,88667.9259
5319,88803.107
5320,89894.80949999999
5321,90570.3462
5322,91004.1781
5323,91477.82710000001
5324,91007.85979999999
5325,88664.48199999999
5326,90544.4465
5327,88762.32579999999
5328,89094.71980000002
5329,89035.86080000001
5330,91085.81049999999
5331,91075.42270000001
5332,90307.0996
5333,90041.25649999999
5334,89300.0294
5335,90564.65230000002
5336,89183.8862
5337,90090.16659999998
5338,89785.8968
5339,91762.88019999999
5340,92169.86980000001
5341,90404.9459
5342,89741.23380000002
5343,90869.53010000003
5344,91018.20240000001
5345,89744.1733
5346,91121.98710000001
5347,93314.64260000002
5348,94232.5829
5349,90015.1377
5350,91233.15650000003
5351,93148.13680000001
5352,92369.38339999999
5353,91645.90399999998
5354,93810.2161
5355,93250.19660000001
5356,93632.32719999999
5357,93570.49670000003
5358,93701.60559999998
5359,93955.22109999998
5360,92353.061
5361,91942.38420000001
5362,91062.3744
5363,91107.6108
5364,90895.1167
5365,90720.7551
5366,89248.69089999997
5367,88943.13679999998
5368,88326.83360000003
5369,91648.56739999999
5370,91982.70020000002
5371,92953.84409999999
5372,91840.12010000003
5373,92697.66979999999
5374,93784.20330000001
5375,94865.2742
5376,93387.35989999997
5377,95603.59290000002
5378,96174.00749999999
5379,95892.87210000001
5380,94336.10629999998
5381,92758.73270000004
5382,91729.52679999999
5383,88988.0958
5384,87152.5897
5385,87312.2633
5386,89931.9762
5387,92262.05979999997
5388,92029.5826
5389,93133.45959999999
5390,92442.90690000003
5391,92963.1601
5392,91928.56460000001
5393,92056.59319999999
5394,93186.57660000001
5395,92393.35639999998
5396,95030.8166
5397,96268.0132
5398,96898.9633
5399,97400.8085
5400,97431.10680000001
5401,96219.8497
5402,97988.42129999999
5403,94230.48049999999
5404,92869.294
5405,92721.99290000003
5406,91874.94590000002
5407,90419.93030000004
5408,92194.8799
5409,92705.82
5410,91650.17680000002
5411,95384.04329999998
5412,96643.3854
5413,97176.03289999996
5414,95068.7164
5415,92462.65980000001
5416,95529.99959999998
5417,92597.13369999999
5418,93873.16029999999
5419,90057.68929999998
5420,87162.4064
5421,88379.17980000001
5422,85896.8365
5423,79660.08309999999
5424,76749.12659999999
5425,75918.90939999999
5426,75744.5864
5427,74487.89969999998
5428,74475.6691
5429,72935.25360000001
5430,72459.78689999999
5431,71209.73719999999
5432,70394.1504
5433,70530.9433
5434,72432.35630000001
5435,77262.62939999999
5436,83117.81039999999
5437,82417.9415
5438,80045.5279
5439,80422.11969999998
5440,77178.3566
5441,76254.27279999998
5442,76700.2407
5443,75222.3803
5444,76829.2138
5445,77091.2239
5446,74992.08380000001
5447,75303.6662
5448,73910.8397
5449,78007.55989999998
5450,78873.4334
5451,78692.0331
5452,78139.12710000001
5453,77944.24960000002
5454,77812.86399999999
5455,77582.6971
5456,77222.51109999999
5457,77219.8237
5458,75932.70460000001
5459,76705.4436
5460,80550.7755
5461,81946.3004
5462,82323.18660000002
5463,84776.3236
5464,84780.3095
5465,84061.85349999998
5466,83831.1737
5467,84519.24930000001
5468,83113.40350000001
5469,81354.20080000002
5470,79308.77590000001
5471,76897.12719999999
5472,74357.91650000002
5473,74164.67269999998
5474,74337.98680000001
5475,73000.7805
5476,71218.29370000001
5477,70742.0372
5478,70453.93669999999
5479,70347.74030000002
5480,69928.44679999999
5481,69868.30380000001
5482,69502.2502
5483,68906.2598
5484,68826.68340000001
5485,67120.90310000001
5486,67718.56079999999
5487,67894.6966
5488,68869.46979999999
5489,69668.90370000001
5490,70288.55949999999
5491,70939.16380000001
5492,70724.46949999999
5493,71123.1369
5494,72103.9595
5495,72705.9075
5496,72311.0364
5497,72373.94600000003
5498,70570.08259999998
5499,70094.5058
5500,68213.34969999999
5501,67280.8865
5502,67191.74
5503,67122.17319999998
5504,67813.2932
5505,68977.81679999999
5506,69943.2027
5507,70813.0722
5508,69223.4532
5509,70237.1673
5510,82202.81039999999
5511,91211.6905
5512,91592.60990000001
5513,93309.2245
5514,76084.68029999999
5515,74931.7969
5516,75690.45569999999
5517,74842.5671
5518,75560.78319999999
5519,76816.45919999998
5520,75052.4567
5521,71507.03679999999
5522,73951.63029999999
5523,75230.1864
5524,73568.1871
5525,73891.5198
5526,73178.78409999999
5527,72640.3962
5528,70712.673
5529,68246.35329999999
5530,71619.38310000002
5531,75434.7967
5532,75341.94640000002
5533,76858.17689999998
5534,78097.4991
5535,77870.5602
5536,79119.12280000001
5537,79071.2639
5538,85235.03020000002
5539,86299.93139999999
5540,84069.15629999999
5541,83879.68999999999
5542,82848.24739999996
5543,81388.4636
5544,79394.04649999998
5545,78087.3104
5546,80345.9661
5547,81046.54680000001
5548,79367.3135
5549,79017.63019999997
5550,78457.2065
5551,78003.70370000001
5552,76843.0099
5553,75894.90970000002
5554,75394.0332
5555,76880.96740000001
5556,79025.8835
5557,79828.8729
5558,79777.6402
5559,80622.97999999998
5560,78807.01620000001
5561,76416.81649999999
5562,78830.28040000002
5563,79563.31009999999
5564,78574.9868
5565,76930.47649999999
5566,76904.83699999998
5567,76298.13959999998
5568,73866.98620000001
5569,72941.4366
5570,72776.09629999999
5571,72306.82569999999
5572,73044.25670000001
5573,72998.9065
5574,72741.97300000001
5575,72678.38349999998
5576,72198.37030000002
5577,72303.7031
5578,73012.90009999998
5579,73800.89300000001
5580,75038.71380000001
5581,75591.63639999999
5582,75459.04030000001
5583,75029.47989999999
5584,76914.65
5585,78129.11330000003
5586,77989.8439
5587,77480.78980000003
5588,76623.58730000001
5589,76141.0067
5590,78088.73089999998
5591,78741.9745
5592,77989.75
5593,76867.0443
5594,75006.4563
5595,74048.8968
5596,73701.17640000001
5597,73577.21350000001
5598,73366.14850000001
5599,72907.47650000002
5600,72324.94340000002
5601,71879.5431
5602,73738.86409999999
5603,73533.44780000001
5604,71179.8398
5605,72777.5802
5606,74278.73999999999
5607,72606.73
5608,74368.2232
5609,74526.76020000002
5610,76773.64689999999
5611,76452.6196
5612,75512.95370000001
5613,76392.09940000002
5614,77381.2473
5615,77595.77389999999
5616,79438.5239
5617,74708.07289999998
5618,74307.9933
5619,75993.7694
5620,77485.067
5621,75988.78069999999
5622,75285.7965
5623,75440.22630000001
5624,75901.07990000001
5625,76195.2107
5626,75989.46269999999
5627,78180.1024
5628,79725.2642
5629,79441.3434
5630,80756.01600000002
5631,82397.75570000002
5632,82467.1565
5633,83109.2529
5634,82022.48099999999
5635,82223.73389999999
5636,75961.38680000002
5637,75128.0533
5638,74407.13949999999
5639,77842.5763
5640,78975.6071
5641,79186.9801
5642,79411.51699999999
5643,76646.2531
5644,79921.82350000001
5645,80064.05880000001
5646,79879.39589999999
5647,79998.69980000002
5648,80271.04970000002
5649,80042.6444
5650,80205.61779999999
5651,80780.65019999999
5652,81195.30260000001
5653,80919.85329999997
5654,80130.26289999999
5655,78089.05709999998
5656,78592.33370000002
5657,82475.54279999998
5658,83520.56929999999
5659,83517.37079999999
5660,82891.9369
5661,76455.27730000002
5662,76704.2701
5663,79011.80360000001
5664,78168.8294
5665,77433.39640000001
5666,77677.29280000001
5667,79002.04960000001
5668,75846.80000000003
5669,73877.219
5670,74447.5595
5671,74006.56019999999
5672,74046.3329
5673,73967.49060000002
5674,74493.867
5675,70200.4471
5676,65047.11979999999
5677,67184.11730000001
5678,70850.07740000001
5679,70993.57969999999
5680,75068.3366
5681,77895.9502
5682,76629.6925
5683,75159.79010000001
5684,72548.7097
5685,72777.05949999999
5686,73771.41349999998
5687,75416.23269999998
5688,74450.8667
5689,75391.8343
5690,74062.18000000001
5691,73505.9015
5692,72141.7068
5693,72685.18570000002
5694,74231.4832
5695,73854.86970000001
5696,73612.3471
5697,73188.9828
5698,74252.37989999999
5699,76112.0304
5700,76491.96049999999
5701,72322.8762
5702,75228.69970000001
5703,74020.96310000001
5704,74480.97320000001
5705,71970.3604
5706,73185.40979999998
5707,72549.233
5708,70757.06689999999
5709,68733.57050000002
5710,69996.0301
5711,72525.06709999997
5712,72739.4504
5713,73762.03699999998
5714,74720.85979999999
5715,74132.2774
5716,73419.9068
5717,73866.5503
5718,72209.71969999999
5719,70884.42949999998
5720,69810.784
5721,69691.02010000001
5722,70925.72309999999
5723,70102.21629999999
5724,74202.93269999999
5725,72725.037
5726,74202.25319999999
5727,78235.53940000001
5728,78393.9666
5729,78735.4704
5730,78861.9962
5731,80268.62999999999
5732,81967.973
5733,81633.9676
5734,80327.0471
5735,80188.6572
5736,77735.43049999999
5737,81006.1968
5738,78016.9733
5739,79227.73349999999
5740,79742.6329
5741,79699.4826
5742,82068.397
5743,81121.4336
5744,81443.72290000002
5745,84669.86630000001
5746,85172.37389999999
5747,84555.11690000001
5748,82672.30889999999
5749,80920.11039999999
5750,82276.6195
5751,82182.85270000002
5752,81758.83110000001
5753,81052.58380000001
5754,82600.93300000002
5755,83107.36309999999
5756,83768.19789999998
5757,83297.09290000002
5758,79438.0999
5759,77579.8231
5760,76434.0558
5761,78379.03029999998
5762,78143.4376
5763,79611.4139
5764,79861.14010000002
5765,82636.2625
5766,81238.96000000002
5767,81200.45009999999
5768,81366.2833
5769,81147.41030000002
5770,87496.56330000002
5771,93104.3528
5772,93493.7062
5773,90668.1266
5774,84095.36119999998
5775,81892.67270000001
5776,81037.04710000003
5777,83396.35299999997
5778,84651.11330000001
5779,81493.11290000002
5780,80066.98930000002
5781,76500.1933
5782,75596.56980000001
5783,72617.4303
5784,70863.98610000002
5785,71182.82999999999
5786,71480.88270000002
5787,72765.45319999999
5788,71972.23369999998
5789,71970.3329
5790,71057.54380000001
5791,71020.42680000002
5792,70925.92749999998
5793,71169.01740000001
5794,72896.00630000002
5795,74834.41589999999
5796,77634.2724
5797,74654.43609999999
5798,70987.0273
5799,73192.92060000001
5800,70818.6695
5801,75876.20259999999
5802,80179.1365
5803,77013.28969999998
5804,73951.5036
5805,71988.6529
5806,71431.4933
5807,71775.0132
5808,70564.27409999998
5809,72401.3728
5810,73318.06700000001
5811,73680.6909
5812,72651.7411
5813,72803.21749999998
5814,72388.69039999999
5815,71301.7333
5816,70233.4766
5817,70250.18669999999
5818,70407.65989999998
5819,69481.5978
5820,69625.21000000002
5821,70853.71650000001
5822,73056.1274
5823,71293.2929
5824,68694.24070000001
5825,68227.7196
5826,69520.94279999998
5827,68908.78350000002
5828,70074.11280000002
5829,71542.19930000001
5830,72167.68680000001
5831,71682.86989999999
5832,68495.68699999999
5833,64453.5801
5834,64510.5501
5835,65826.10339999999
5836,70570.02730000002
5837,69683.6536
5838,71588.11030000001
5839,66873.5369
5840,65105.276699999995
5841,65431.38040000002
5842,66458.4399
5843,66280.52280000002
5844,64222.74349999999
5845,64617.4862
5846,65928.7499
5847,65043.27680000001
5848,65143.622299999995
5849,66952.8928
5850,67365.8232
5851,68325.63630000001
5852,71406.54269999999
5853,71287.0739
5854,72857.35
5855,74672.63339999999
5856,73755.88669999999
5857,72654.3364
5858,72588.107
5859,71498.80369999999
5860,72093.08630000001
5861,72491.54980000001
5862,69546.1803
5863,69328.2231
5864,69702.2496
5865,69188.31959999999
5866,67782.0701
5867,67912.66679999999
5868,69539.55729999999
5869,67383.8776
5870,70971.99360000002
5871,77100.63180000002
5872,77928.2268
5873,74140.69690000001
5874,71408.72630000001
5875,76878.9796
5876,76254.60979999999
5877,74388.66960000001
5878,71842.8931
5879,74555.4472
5880,72670.6629
5881,78372.20939999999
5882,75613.69289999998
5883,75049.31090000001
5884,74800.36970000001
5885,73709.94680000002
5886,73948.8943
5887,73564.98389999998
5888,72059.6234
5889,71197.17749999999
5890,70528.25679999999
5891,69707.90309999998
5892,70554.2334
5893,73978.66990000001
5894,74675.7665
5895,73882.32740000001
5896,77628.40349999999
5897,76151.35050000002
5898,79364.22039999999
5899,79073.2963
5900,76672.0966
5901,77289.5901
5902,77302.5236
5903,78634.79719999999
5904,79239.7524
5905,80688.11299999998
5906,80807.01479999998
5907,82722.98399999998
5908,81617.98660000002
5909,79838.8536
5910,75511.4806
5911,72137.9169
5912,70375.3043
5913,70003.89650000002
5914,73390.60339999999
5915,76046.79909999997
5916,75087.88290000003
5917,73789.7263
5918,73615.5494
5919,77149.03279999999
5920,77641.01659999999
5921,75993.61090000001
5922,76429.96949999999
5923,76430.5459
5924,73378.1103
5925,75754.027
5926,77145.11360000001
5927,78303.18370000001
5928,79494.43990000001
5929,81222.09090000001
5930,81438.157
5931,82226.0398
5932,82367.7109
5933,80713.24429999999
5934,80280.82339999996
5935,75749.17949999997
5936,74350.44709999999
5937,72707.0372
5938,72696.136
5939,74259.08069999998
5940,75793.0197
5941,77874.02739999999
5942,79809.4673
5943,79076.04990000001
5944,79970.41380000002
5945,81419.83739999999
5946,80630.0257
5947,80577.73039999999
5948,79855.78929999997
5949,79669.0368
5950,78729.7734
5951,79501.5232
5952,80685.85089999996
5953,82294.66240000002
5954,82504.86280000002
5955,80105.53320000002
5956,78908.39269999998
5957,78847.60650000001
5958,77968.69600000003
5959,74892.20620000002
5960,74082.2296
5961,73628.1766
5962,75247.10990000001
5963,76034.1133
5964,79908.0105
5965,84606.7236
5966,84200.2267
5967,94523.42369999998
5968,89214.0435
5969,87185.5591
5970,84847.97569999998
5971,86632.9363
5972,87160.19429999997
5973,87263.6563
5974,85465.22009999998
5975,84283.847
5976,82515.00319999999
5977,81814.10960000001
5978,79435.60650000001
5979,76949.23080000003
5980,76008.83010000002
5981,73948.86619999999
5982,74333.23270000001
5983,74057.48980000002
5984,73826.29699999999
5985,73589.6039
5986,74434.5771
5987,76236.4767
5988,76345.5141
5989,76893.9275
5990,76275.2404
5991,76935.5238
5992,77918.95059999998
5993,76565.20670000001
5994,75832.78040000002
5995,76135.96649999998
5996,75656.6129
5997,76379.0832
5998,75558.83910000001
5999,74383.51680000001
6000,75802.8772
6001,75561.96680000002
6002,73126.8859
6003,70789.15710000001
6004,72393.05630000001
6005,71228.42080000002
6006,71218.9865
6007,70519.8538
6008,69130.24979999999
6009,68560.22030000002
6010,68528.75009999999
6011,67606.24350000001
6012,70989.6491
6013,73650.68609999999
6014,75856.39549999998
6015,76757.61619999999
6016,79692.26020000002
6017,82376.83669999999
6018,82641.8166
6019,81889.22349999996
6020,80108.24009999998
6021,78668.3309
6022,79410.0864
6023,79638.1077
6024,80328.27650000002
6025,78268.92049999996
6026,77386.23290000002
6027,76497.97350000001
6028,75711.8303
6029,75527.62359999999
6030,74958.4362
6031,73840.90120000001
6032,77683.85059999999
6033,79625.8154
6034,81628.53970000002
6035,87289.53390000001
6036,87110.8103
6037,77117.7039
6038,77906.98049999998
6039,79261.47309999999
6040,81058.71730000002
6041,80778.64720000002
6042,80315.7564
6043,81085.34279999998
6044,77420.2068
6045,77103.54300000002
6046,77551.491
6047,78220.3174
6048,76713.89669999998
6049,76929.48659999999
6050,78976.17359999998
6051,80166.21620000002
6052,79913.28050000002
6053,79305.83039999999
6054,79449.6261
6055,78530.60269999999
6056,78105.70010000002
6057,76441.9764
6058,74009.57380000001
6059,74111.5327
6060,75288.669
6061,74427.87359999999
6062,77215.26299999999
6063,79125.03719999999
6064,78307.653
6065,81341.5897
6066,82182.05300000001
6067,81344.57600000002
6068,80730.1809
6069,80771.7872
6070,81412.08690000001
6071,80881.18040000001
6072,80555.7565
6073,81347.71009999998
6074,82701.0301
6075,83035.53020000001
6076,81931.01030000002
6077,81083.4662
6078,81018.55669999999
6079,77293.80029999999
6080,75005.97320000002
6081,85570.4731
6082,87113.1408
6083,83244.86939999997
6084,82631.24220000001
6085,81398.9762
6086,80487.9097
6087,77877.6367
6088,77207.90980000001
6089,79142.3602
6090,78137.57283
6091,80784.78670000001
6092,80998.98300000004
6093,81410.52070000001
6094,82758.5238
6095,82255.92385
6096,81497.39239999998
6097,80397.08966499999
6098,79834.1367
6099,79250.46600000001
6100,75199.853565
6101,74234.90280000001
6102,73077.987
6103,66922.00980999999
6104,40097.58322
6105,37862.29999999999
6106,37894.29999999999
6107,37926.29999999999
6108,37958.29999999999
6109,35993.946716
6110,57107.88669000001
6111,65928.70302000002
6112,64713.22953999999
6113,64467.076700000005
6114,64455.810000000005
6115,64488.030000000006
6116,64475.77320000001
6117,64419.55330000001
6118,64626.453400000006
6119,65043.34330000001
6120,64536.05350000001
6121,64472.72000000001
6122,64542.19300000001
6123,64567.153300000005
6124,64616.68000000001
6125,64631.60990000001
6126,64735.66000000001
6127,64830.80000000001
6128,64509.88330000001
6129,72794.8162
6130,75258.4398
6131,77748.20719999999
6132,77082.2933
6133,75978.9101
6134,78239.7679
6135,78384.2228
6136,80014.1195
6137,80036.00039999999
6138,86605.18980000001
6139,88997.23959999999
6140,91276.3927
6141,83735.33280000002
6142,83785.84990000002
6143,83511.75640000003
6144,82973.95960000002
6145,83159.0432
6146,83451.99990000001
6147,82860.7393
6148,83293.9095
6149,81704.19589999999
6150,79107.08759999998
6151,79329.0575
6152,78504.8901
6153,79349.16709999998
6154,78395.4563
6155,77955.8869
6156,78572.46350000001
6157,78010.2802
6158,78116.5673
6159,79130.75650000002
6160,78362.43270000002
6161,79280.44680000002
6162,80548.0391
6163,81686.05299999999
6164,81282.7106
6165,82043.3858
6166,80825.1265
6167,81977.7332
6168,81252.8999
6169,80350.41349999998
6170,80080.17020000001
6171,80258.69019999997
6172,78942.3104
6173,77755.26899999999
6174,77650.42899999999
6175,76768.8432
6176,74787.54950000001
6177,76101.78319999999
6178,78413.1314
6179,79023.8772
6180,78484.09710000001
6181,78716.2602
6182,79563.32340000001
6183,80534.3202
6184,78850.5765
6185,79531.42949999998
6186,80601.8301
6187,79438.6797
6188,80370.8468
6189,80057.66679999999
6190,80343.65730000002
6191,80165.48290000003
6192,79555.38020000003
6193,78577.57949999999
6194,77047.0663
6195,77965.15330000002
6196,78369.68580000002
6197,76837.2462
6198,78308.3403
6199,77453.88710000002
6200,78299.8864
6201,76249.80610000002
6202,75062.1265
6203,71942.55309999999
6204,70870.8124
6205,71201.71979999999
6206,72601.09470000002
6207,72690.1465
6208,73106.1931
6209,73690.5036
6210,73821.72320000002
6211,73555.51290000002
6212,73502.3723
6213,73777.62060000001
6214,74828.22069999999
6215,76461.78379999999
6216,75697.49729999999
6217,76133.78330000001
6218,76010.9765
6219,76815.1411
6220,76498.91649999998
6221,76123.86020000001
6222,76109.88080000001
6223,76123.9866
6224,75379.534
6225,74563.02970000001
6226,72137.1168
6227,70218.52330000002
6228,70823.44
6229,70985.5703
6230,69185.48270000001
6231,69026.78000000001
6232,68335.2003
6233,68952.5107
6234,68902.78029999998
6235,68574.64010000002
6236,68542.25310000003
6237,68631.01299999999
6238,69141.36690000001
6239,71059.2794
6240,69830.9762
6241,68729.4633
6242,68678.63299999999
6243,68284.0159
6244,68123.3338
6245,67855.74729999999
6246,68139.13269999999
6247,68517.4144
6248,68185.86250000002
6249,68044.76049999999
6250,67336.79000000001
6251,67410.44380000001
6252,68502.0005
6253,68897.77070000001
6254,68944.65650000001
6255,69376.0301
6256,69549.9676
6257,69883.6596
6258,69587.1639
6259,69385.04670000002
6260,69896.24329999999
6261,70417.3396
6262,70301.28
6263,72369.19629999998
6264,71525.52620000001
6265,70039.04979999998
6266,69159.25980000001
6267,69030.9534
6268,68875.1843
6269,68464.7069
6270,67832.74650000001
6271,68075.6528
6272,69032.6432
6273,67965.19320000001
6274,68063.0469
6275,69408.96089999999
6276,71003.2532
6277,70316.8801
6278,70884.43340000001
6279,71661.02339999999
6280,75256.94949999997
6281,73795.5889
6282,74099.29030000001
6283,72706.3866
6284,73098.34379999999
6285,73076.884
6286,72058.60300000002
6287,72571.04609999999
6288,72111.05659999998
6289,72107.74699999999
6290,71263.56019999999
6291,70754.94699999999
6292,70608.30649999999
6293,69166.3958
6294,68578.8044
6295,69150.9032
6296,68474.5031
6297,67722.3508
6298,72585.10980000002
6299,73264.6801
6300,74018.71960000001
6301,74197.0563
6302,72629.2529
6303,72770.59280000001
6304,72513.5866
6305,71732.2839
6306,71258.5034
6307,71770.2498
6308,70905.01550000001
6309,70469.4429
6310,70833.86309999999
6311,71731.4167
6312,70910.8836
6313,71278.0169
6314,71071.09600000002
6315,70384.393
6316,70185.4298
6317,70676.69679999999
6318,70192.6864
6319,70312.28369999999
6320,69740.67699999998
6321,69364.2837
6322,69229.3762
6323,69107.8898
6324,69146.71
6325,68551.41719999998
6326,69027.48770000001
6327,68588.1368
6328,68614.1232
6329,68837.19339999999
6330,68695.02670000002
6331,68921.4327
6332,68947.6035
6333,68966.0364
6334,68467.90969999999
6335,69348.9266
6336,67198.1636
6337,67148.5066
6338,67217.2465
6339,67181.85320000001
6340,67223.16579999999
6341,67575.83300000001
6342,67609.8131
6343,67655.74740000001
6344,67476.87640000001
6345,67283.30429999999
6346,67262.8697
6347,67477.9835
6348,68843.6605
6349,68854.65080000002
6350,68620.08369999999
6351,70028.9161
6352,69783.53349999999
6353,69995.38309999999
6354,70476.2202
6355,70893.7337
6356,71279.09049999999
6357,71086.83570000001
6358,73286.4233
6359,73331.807
6360,73246.2195
6361,72347.54790000002
6362,73783.18349999998
6363,72608.7036
6364,71076.54
6365,70504.51
6366,70518.28680000002
6367,69756.85609999999
6368,69924.67090000001
6369,70340.6438
6370,71208.05609999999
6371,70608.9858
6372,69174.68659999999
6373,69354.2333
6374,69416.22760000001
6375,68957.6996
6376,71505.4734
6377,70524.3365
6378,70018.8405
6379,67816.7038
6380,68034.56659999999
6381,68115.00300000001
6382,68224.5164
6383,68969.6467
6384,66706.68310000001
6385,66578.9643
6386,67482.3099
6387,67919.18280000001
6388,68001.2336
6389,67550.24040000001
6390,67375.8795
6391,66747.33039999999
6392,66748.86030000001
6393,66587.149
6394,66373.3367
6395,66066.4265
6396,66471.3631
6397,67358.61379999999
6398,73924.7962
6399,74988.77960000001
6400,75675.0962
6401,75940.0036
6402,74077.72919999999
6403,73935.74620000001
6404,74431.87379999999
6405,69068.55640000002
6406,68089.83989999999
6407,67239.1264
6408,65919.89039999999
6409,67698.50630000001
6410,68703.89730000001
6411,68417.9596
6412,68783.4064
6413,67752.75090000001
6414,68459.85669999999
6415,68759.19269999999
6416,68847.07329999999
6417,68383.63429999999
6418,67833.7332
6419,69434.48029999998
6420,68678.07340000001
6421,69277.41689999998
6422,71255.60940000002
6423,72370.3404
6424,73979.00590000002
6425,74572.00709999999
6426,73903.5995
6427,73105.7234
6428,74331.07590000001
6429,74106.07880000002
6430,75213.47760000003
6431,78646.56640000001
6432,77360.4762
6433,78292.167
6434,79041.5868
6435,79924.2162
6436,79285.58309999999
6437,79110.43239999998
6438,77147.21699999999
6439,75231.88669999997
6440,75117.66010000001
6441,75198.5732
6442,74093.43
6443,73928.16350000001
6444,74454.35630000001
6445,75087.13960000001
6446,75591.69940000001
6447,76883.41959999998
6448,77637.9738
6449,79623.79409999998
6450,80923.54359999999
6451,80365.57579999996
6452,79019.4605
6453,77959.15940000002
6454,78597.29639999998
6455,80148.61700000001
6456,78681.06370000001
6457,78221.76670000001
6458,77694.38049999998
6459,77562.62669999998
6460,77082.50330000001
6461,76942.66349999998
6462,77282.88289999997
6463,77419.01690000002
6464,77396.1629
6465,76848.5731
6466,77881.4274
6467,77545.9535
6468,77817.4238
6469,78634.5672
6470,76002.55009999998
6471,76408.88010000001
6472,72861.663
6473,74032.3826
6474,74840.17709999999
6475,75202.873
6476,75238.5395
6477,73071.1266
6478,74624.79430000001
6479,75970.77960000001
6480,75349.67640000003
6481,76355.65299999999
6482,76431.47179999998
6483,76081.36649999999
6484,75754.87660000002
6485,75433.64670000004
6486,74680.72299999998
6487,74343.6002
6488,74259.29319999999
6489,75866.34659999999
6490,78250.29300000002
6491,78972.6167
6492,78831.84319999999
6493,78112.0306
6494,77294.17050000001
6495,77065.72689999998
6496,76874.72019999998
6497,76668.89919999999
6498,76563.6572
6499,77059.34280000001
6500,76996.1933
6501,76852.19360000001
6502,76444.4871
6503,75783.8527
6504,75407.49940000002
6505,75457.06309999998
6506,75382.0331
6507,74710.4002
6508,72957.1736
6509,73048.84619999999
6510,72353.45290000002
6511,71668.36349999999
6512,72309.7266
6513,72448.90350000001
6514,72965.59960000002
6515,73119.03990000002
6516,73433.66709999999
6517,74656.93059999998
6518,74803.73319999999
6519,75447.84619999999
6520,76619.37310000001
6521,77360.58009999999
6522,76400.1227
6523,76804.1794
6524,76248.44979999999
6525,78514.66059999999
6526,78500.45940000002
6527,80110.40949999998
6528,79413.25950000001
6529,79621.7375
6530,80638.56659999999
6531,80174.09929999999
6532,79830.19330000001
6533,77949.5664
6534,77399.81339999998
6535,77276.64010000003
6536,77663.09639999998
6537,78044.4553
6538,77572.17950000003
6539,79697.69979999999
6540,79893.67299999998
6541,79243.89420000001
6542,80621.48640000001
6543,80212.38719999998
6544,79878.3069
6545,80184.6836
6546,79796.88639999999
6547,79619.07969999999
6548,78875.94639999999
6549,78782.32680000001
6550,80090.14340000002
6551,81030.9997
6552,80910.1759
6553,80784.62000000002
6554,80238.46019999997
6555,79898.22
6556,79787.1836
6557,79842.15379999999
6558,79292.69260000001
6559,78747.30399999999
6560,78368.37940000002
6561,80071.97589999996
6562,83044.8998
6563,82404.65259999997
6564,80263.56719999999
6565,79206.5652
6566,81717.30690000001
6567,80683.7371
6568,80159.5761
6569,80070.24650000001
6570,77975.6898
6571,75953.0364
6572,77131.4204
6573,79209.12640000001
6574,79326.01109999999
6575,78912.54709999998
6576,79143.064
6577,77242.06989999999
6578,76067.62770000001
6579,75430.9369
6580,75521.7858
6581,75041.7166
6582,74896.36030000001
6583,74076.07999999999
6584,74188.2697
6585,74213.33929999999
6586,75208.3164
6587,74336.4838
6588,73678.19630000001
6589,73758.44920000002
6590,74089.97949999999
6591,73978.7238
6592,74233.69290000001
6593,74261.1464
6594,73953.2833
6595,73249.8597
6596,73614.0239
6597,72080.1363
6598,70234.54629999999
6599,72216.7368
6600,73032.27030000002
6601,73326.3633
6602,73238.8667
6603,73223.5667
6604,73183.5533
6605,73548.9434
6606,73268.25
6607,73307.51
6608,73325.98
6609,73359.4833
6610,73393.94
6611,73422.3466
6612,73460.4333
6613,73481.8367
6614,73513.14
6615,73747.9434
6616,73730.4066
6617,73919.34
6618,74327.1367
6619,73705.9567
6620,75423.01050000002
6621,75597.571
6622,76075.3996
6623,76750.16660000003
6624,76499.7997
6625,76407.4272
6626,75489.0269
6627,74745.78289999998
6628,74945.01920000002
6629,74689.20350000002
6630,74749.98739999998
6631,75294.5505
6632,77456.11400000002
6633,76354.08590000002
6634,77989.9964
6635,78153.52049999998
6636,77823.76590000001
6637,79253.16930000001
6638,77497.56049999999
6639,76220.74460000002
6640,75558.79030000001
6641,76008.3504
6642,77822.64279999999
6643,76918.8366
6644,78395.7969
6645,80081.49960000001
6646,82616.88010000001
6647,82822.97339999999
6648,80656.18639999999
6649,80163.2663
6650,79713.13689999998
6651,80265.4003
6652,79359.4296
6653,80145.3138
6654,79997.31620000002
6655,80428.507
6656,80787.4999
6657,82301.34659999999
6658,82796.8872
6659,81701.35010000001
6660,80644.16629999998
6661,78352.96710000001
6662,80599.0105
6663,79311.157
6664,78886.65709999998
6665,77599.90290000003
6666,79009.24969999999
6667,78270.5163
6668,76212.14990000002
6669,75555.4037
6670,75800.4
6671,75232.0937
6672,74812.0327
6673,74026.6598
6674,74023.0206
6675,74184.56339999997
6676,74107.36940000001
6677,73951.17700000001
6678,73773.62529999999
6679,73266.0771
6680,73071.62380000002
6681,76398.269
6682,76547.0541
6683,77287.82019999999
6684,76849.05689999998
6685,76536.1332
6686,76425.75679999999
6687,77119.48019999999
6688,75917.09740000003
6689,76474.0164
6690,77326.947
6691,79327.50739999999
6692,79190.14389999998
6693,80218.5593
6694,81207.2294
6695,82827.81350000002
6696,80676.93979999998
6697,78999.3941
6698,76508.50710000002
6699,76840.40299999999
6700,76360.3539
6701,76401.867
6702,75785.5632
6703,75608.0862
6704,74873.4231
6705,73677.12700000001
6706,75824.0968
6707,77997.06439999999
6708,76606.58009999999
6709,76614.8931
6710,79091.02029999999
6711,79659.96650000001
6712,80318.1606
6713,81178.974
6714,81967.29629999999
6715,81016.66680000002
6716,81063.0397
6717,78609.66300000002
6718,77967.2538
6719,76817.4495
6720,75944.9956
6721,76598.31260000002
6722,77616.79280000001
6723,76424.0541
6724,75812.48010000003
6725,72513.6233
6726,70278.1573
6727,70005.82389999999
6728,70287.0829
6729,73380.09039999999
6730,75252.68380000003
6731,76798.4673
6732,77430.84720000003
6733,77397.39699999998
6734,76548.11349999998
6735,76340.05630000001
6736,76628.46709999997
6737,76982.4006
6738,76332.03289999999
6739,72679.54609999999
6740,72436.7669
6741,71814.11959999999
6742,71324.13380000001
6743,71626.404
6744,71858.97359999998
6745,72373.6536
6746,71306.2396
6747,72290.87589999998
6748,71194.2036
6749,71657.05309999999
6750,70791.453
6751,70978.5171
6752,70559.7
6753,70591.7
6754,70623.7
6755,70655.7
6756,70687.7
6757,70719.7
6758,70751.7
6759,70783.7
6760,70815.7
6761,70847.7
6762,70879.7
6763,70911.7
6764,70943.7
6765,70975.7
6766,71007.7
6767,71039.7
6768,70327.7
6769,70359.7
6770,70391.7
6771,70423.7
6772,70455.7
6773,70463.7
6774,70495.7
6775,70527.7
6776,70559.7
6777,70591.7
6778,70623.7
6779,70655.7
6780,70687.7
6781,70719.7
6782,70751.7
6783,70783.7
6784,70815.7
6785,70847.7
6786,70879.7
6787,70911.7
6788,70943.7
6789,70975.7
6790,71007.7
6791,71039.7
6792,70327.7
6793,70359.7
6794,70391.7
6795,70423.7
6796,70455.7
6797,70463.7
6798,70495.7
6799,70527.7
6800,70559.7
6801,70591.7
6802,70623.7
6803,70655.7
6804,70687.7
6805,70719.7
6806,70751.7
6807,70783.7
6808,70815.7
6809,70847.7
6810,70879.7
6811,70911.7
6812,70943.7
6813,70975.7
6814,71007.7
6815,71039.7
6816,70327.7
6817,70359.7
6818,70391.7
6819,70423.7
6820,70455.7
6821,70463.7
6822,70495.7
6823,70527.7
6824,70559.7
6825,70591.7
6826,70623.7
6827,70655.7
6828,70687.7
6829,70719.7
6830,70751.7
6831,70783.7
6832,70815.7
6833,70847.7
6834,70879.7
6835,70911.7
6836,70943.7
6837,70975.7
6838,71007.7
6839,71039.7
6840,70327.7
6841,70359.7
6842,70391.7
6843,70423.7
6844,70455.7
6845,70463.7
6846,70495.7
6847,70527.7
6848,70559.7
6849,70591.7
6850,70623.7
6851,70655.7
6852,70687.7
6853,70719.7
6854,70765.4866
6855,71054.4466
6856,71093.1568
6857,71120.94
6858,71097.5
6859,70971.2466
6860,70930.0967
6861,70893.3833
6862,70858.76
6863,70927.61
6864,70232.33
6865,70311.5201
6866,70631.83
6867,70285.0267
6868,70314.2767
6869,70339.84
6870,70354.6434
6871,70391.0066
6872,70423.37329999999
6873,71098.25039999999
6874,80079.5209
6875,79044.5201
6876,77444.7065
6877,78826.22310000002
6878,76108.80999999998
6879,73301.41696
6880,77459.66260000001
6881,75907.84659999999
6882,77320.12569999999
6883,77205.60650000001
6884,75546.32010000001
6885,73709.23639999998
6886,73866.9307
6887,74792.38600000001
6888,75357.04739999997
6889,76426.9703
6890,75854.44639999999
6891,75819.01619999998
6892,76648.0028
6893,76546.0766
6894,76014.69339999999
6895,75799.1932
6896,75634.9902
6897,75869.79239999999
6898,76457.40300000002
6899,79970.06009999999
6900,80924.15329999996
6901,77448.65639999999
6902,76941.1419
6903,79871.2028
6904,81802.72029999999
6905,81215.53059999998
6906,79167.2458
6907,78287.3823
6908,75250.05319999998
6909,75304.1397
6910,76220.1971
6911,76528.6997
6912,71840.08919999999
6913,70443.5942
6914,70472.2942
6915,71665.38089999999
6916,71015.67400000001
6917,70570.6943
6918,70061.2735
6919,70310.1936
6920,69772.86929999999
6921,71875.436
6922,74937.49699999999
6923,76515.98630000002
6924,79627.10639999998
6925,78373.35350000001
6926,76838.11009999998
6927,76854.38009999998
6928,79071.92959999999
6929,79005.48349999999
6930,80370.05990000002
6931,78625.56070000002
6932,78187.45549999998
6933,76400.68050000002
6934,75841.94290000002
6935,75565.8697
6936,74391.5035
6937,76752.93609999999
6938,75986.63020000003
6939,75933.7839
6940,74353.21979999999
6941,72881.75589999999
6942,71389.56049999999
6943,70340.73679999998
6944,70113.9431
6945,70776.50059999998
6946,73048.65079999999
6947,80783.7288
6948,80401.69039999999
6949,79564.17649999999
6950,77880.7992
6951,77868.87359999999
6952,76623.15519999998
6953,76389.317
6954,76476.427
6955,76293.81740000001
6956,75673.0771
6957,74739.86280000002
6958,75760.13980000002
6959,75333.40419999998
6960,73536.6936
6961,72696.13629999998
6962,72226.6844
6963,71415.64330000003
6964,70984.5431
6965,70651.9827
6966,69657.4257
6967,66046.9236
6968,67583.3575
6969,66612.3035
6970,68642.41730000002
6971,72426.44540000001
6972,72366.4478
6973,72312.79390000002
6974,72059.67279999999
6975,73193.5067
6976,72214.60630000003
6977,70144.763
6978,69592.07660000001
6979,71061.3377
6980,69647.5704
6981,69914.41989999998
6982,69113.02399999999
6983,69393.3663
6984,68246.7931
6985,68122.8866
6986,67824.84980000001
6987,68238.4764
6988,68566.0465
6989,68128.2905
6990,68251.9939
6991,68477.0433
6992,69095.7097
6993,69231.25600000001
6994,69933.74410000001
6995,69545.57970000002
6996,70277.6571
6997,71478.51670000001
6998,71255.75650000002
6999,70802.657
7000,71835.94950000002
7001,72158.6439
7002,71785.2566
7003,71366.69690000001
7004,71108.95670000001
7005,71090.7596
7006,70930.92050000002
7007,68066.8399
7008,66611.4232
7009,66853.4864
7010,67013.0871
7011,66605.16079999998
7012,66409.6431
7013,66402.6468
7014,65987.35049999999
7015,66812.0836
7016,64897.339900000006
7017,66218.4664
7018,65538.2897
7019,67004.03050000001
7020,68269.4968
7021,69542.69979999999
7022,70066.0334
7023,70690.3829
7024,70031.5093
7025,70053.2061
7026,70012.2411
7027,69698.51010000001
7028,70138.68279999998
7029,69273.45010000002
7030,68793.2168
7031,68233.34319999997
7032,69248.16020000001
7033,69354.0798
7034,70003.9505
7035,67209.17030000003
7036,67451.8198
7037,64161.397399999994
7038,64197.63930000002
7039,63762.349900000016
7040,64543.65989999999
7041,65242.690500000004
7042,65142.3874
7043,65957.3203
7044,67564.50990000002
7045,68326.38639999999
7046,69783.75720000002
7047,70729.62670000001
7048,70618.57960000001
7049,70959.30360000001
7050,68133.8597
7051,69954.561
7052,69305.1734
7053,69788.2007
7054,67600.64650000002
7055,67728.2636
7056,88337.44450000001
7057,89133.577
7058,90203.06030000001
7059,88373.456
7060,86946.7102
7061,88114.09329999998
7062,88431.7268
7063,88378.0729
7064,88476.9539
7065,88445.0432
7066,88791.09230000002
7067,86209.3823
7068,85440.87650000001
7069,83590.44639999999
7070,84858.7364
7071,86587.67050000002
7072,85904.99949999998
7073,85584.92629999999
7074,87220.2511
7075,87362.57970000002
7076,86835.04660000002
7077,84865.4865
7078,88910.54310000001
7079,91736.24970000001
7080,90810.8669
7081,89710.8196
7082,90267.2643
7083,88832.41189999999
7084,89242.04280000001
7085,88723.0538
7086,87386.0297
7087,89379.5136
7088,87425.9765
7089,87032.60670000002
7090,88572.559
7091,88693.99029999999
7092,87170.51710000003
7093,87507.03310000002
7094,85422.23000000001
7095,83579.97680000002
7096,83811.62670000002
7097,83647.49640000002
7098,82682.85980000002
7099,81896.2409
7100,81530.8839
7101,80583.9936
7102,82115.65999999999
7103,82663.52360000001
7104,83306.0429
7105,84412.89009999999
7106,85041.8964
7107,85109.6101
7108,85186.19690000001
7109,86005.13770000002
7110,85830.41010000001
7111,85205.41679999999
7112,83763.92980000001
7113,84565.34329999998
7114,84766.26699999999
7115,84519.19680000002
7116,84148.44989999998
7117,83214.79709999998
7118,81182.57289999998
7119,86054.9767
7120,85744.3996
7121,84469.08789999998
7122,85714.46050000002
7123,85628.57739999998
7124,85497.77639999999
7125,85787.46999999999
7126,86675.38080000003
7127,86502.8173
7128,85863.7259
7129,84791.47399999997
7130,84143.52550000002
7131,84395.70939999998
7132,84938.3672
7133,84077.1672
7134,82826.164
7135,81301.2594
7136,80128.94350000001
7137,80551.6272
7138,81707.67939999998
7139,84681.44709999999
7140,83094.6499
7141,83492.87750000002
7142,83505.88450000001
7143,82203.14299999998
7144,83372.4342
7145,85187.38690000001
7146,86771.5967
7147,86364.32939999999
7148,85227.58069999999
7149,86142.47720000001
7150,85456.4702
7151,85476.33269999998
7152,83258.19410000004
7153,83545.87009999999
7154,82772.7795
7155,82495.05730000003
7156,84042.81930000002
7157,83406.0571
7158,83838.45580000001
7159,85064.91010000002
7160,86435.09640000001
7161,87874.17990000002
7162,87873.84
7163,87272.93719999999
7164,87341.41990000001
7165,87770.5556
7166,87835.08020000001
7167,87268.5693
7168,85841.09150000002
7169,85019.7469
7170,85183.70960000002
7171,85623.95710000001
7172,86255.42110000002
7173,85739.03419999998
7174,86038.58940000003
7175,87578.10329999997
7176,89299.09930000002
7177,88987.24019999999
7178,89536.75229999998
7179,87555.23939999999
7180,87278.3237
7181,86127.5292
7182,85627.0939
7183,85915.24660000001
7184,85657.02989999998
7185,86134.824
7186,88115.0334
7187,87977.96290000001
7188,87515.3297
7189,89527.69739999999
7190,90216.4694
7191,89882.64699999998
7192,89338.57710000001
7193,89978.54619999998
7194,89652.42250000002
7195,90046.13970000001
7196,91381.20050000002
7197,91249.41029999999
7198,91291.97009999998
7199,87602.2298
7200,86761.94979999996
7201,87716.77630000003
7202,86302.12999999999
7203,87293.4763
7204,88435.1561
7205,89211.82029999999
7206,89060.00900000002
7207,90907.04699999999
7208,91605.42629999999
7209,91224.4869
7210,90577.5302
7211,90771.19319999997
7212,89108.13029999999
7213,90139.66440000001
7214,90906.3888
7215,89475.61020000002
7216,89400.6526
7217,87551.06610000001
7218,87418.3232
7219,86368.1076
7220,84785.4159
7221,86132.35699999999
7222,85619.52609999999
7223,85912.85069999998
7224,85405.32050000002
7225,87237.58039999999
7226,88432.83089999999
7227,88434.9829
7228,88211.0876
7229,87743.5021
7230,84828.01610000002
7231,84605.66070000001
7232,85209.54980000001
7233,85890.69670000001
7234,87258.46319999997
7235,89697.7395
7236,87961.27019999998
7237,90091.66639999999
7238,89583.75099999999
7239,88387.0137
7240,87545.02780000003
7241,84476.6397
7242,88567.82259999998
7243,88812.5634
7244,89247.9337
7245,90726.32199999997
7246,90445.88720000001
7247,89728.6403
7248,87698.6008
7249,89944.71779999998
7250,87611.1664
7251,87359.1471
7252,87053.961
7253,86261.6932
7254,85070.38339999999
7255,84654.5733
7256,85094.307
7257,86068.1638
7258,83531.70019999998
7259,83273.15249999998
7260,83646.44660000001
7261,82069.84310000001
7262,80177.9426
7263,82401.65700000002
7264,86809.01729999999
7265,85869.5327
7266,83886.2968
7267,83607.43730000002
7268,82228.3566
7269,83037.947
7270,84036.9929
7271,84916.54269999996
7272,84210.8668
7273,84016.81619999999
7274,84409.947
7275,83549.62640000001
7276,83332.7699
7277,82644.8207
7278,82820.774
7279,82158.6733
7280,84562.05369999999
7281,87209.34099999999
7282,89281.10740000001
7283,87178.0434
7284,86586.3806
7285,85890.98640000002
7286,84386.25039999999
7287,81635.72700000001
7288,81522.96649999997
7289,82164.8803
7290,82928.8933
7291,80476.43339999998
7292,79406.8565
7293,81022.23349999999
7294,81553.5235
7295,83703.68239999999
7296,84596.01390000002
7297,85126.7524
7298,84770.01420000002
7299,83766.73000000001
7300,82156.98030000001
7301,81949.3259
7302,80656.2677
7303,79365.95590000002
7304,78237.3829
7305,78778.4639
7306,78445.15409999999
7307,77131.0092
7308,77382.13059999999
7309,77143.56749999998
7310,75044.9037
7311,76070.46
7312,79938.67459999998
7313,79404.98000000001
7314,78978.2804
7315,80094.03670000001
7316,80335.6236
7317,79483.51670000001
7318,78167.174
7319,78368.7206
7320,77306.93669999999
7321,76986.4232
7322,76835.3466
7323,76540.86709999999
7324,76630.57970000002
7325,76257.30389999998
7326,74274.3967
7327,73710.71040000003
7328,73736.2205
7329,74109.91669999999
7330,75437.01919999998
7331,75522.77350000001
7332,76141.7337
7333,76202.4806
7334,76553.59079999998
7335,76264.05979999999
7336,74606.8626
7337,73570.6536
7338,72753.67330000001
7339,74452.50329999998
7340,74204.40689999999
7341,74827.1806
7342,74945.5307
7343,77619.6566
7344,77239.03080000004
7345,77350.7072
7346,76567.42349999999
7347,76786.20290000002
7348,76856.59249999997
7349,76764.03700000003
7350,75901.113
7351,74302.6562
7352,73887.65319999999
7353,73318.90649999998
7354,71978.21710000001
7355,71483.243
7356,73724.5565
7357,79840.62
7358,82353.11959999999
7359,82028.28009999999
7360,80787.69049999998
7361,81102.64770000002
7362,79295.52039999998
7363,78681.37999999999
7364,79915.56939999998
7365,80570.2063
7366,82435.20969999999
7367,84019.7862
7368,83388.36009999999
7369,79224.59309999998
7370,76992.35350000001
7371,75939.24029999999
7372,74616.2601
7373,74589.88770000002
7374,74168.7232
7375,73744.62700000002
7376,72282.9373
7377,71360.86989999998
7378,73528.51940000002
7379,75246.67369999998
7380,77670.7331
7381,77353.66669999999
7382,79317.63279999999
7383,78483.38320000003
7384,80352.60289999998
7385,78878.9967
7386,79543.46030000002
7387,80110.20709999999
7388,76178.2099
7389,77597.89600000001
7390,81051.9237
7391,80583.38640000002
7392,81796.03629999996
7393,82809.0893
7394,83593.0504
7395,85197.97729999998
7396,80265.71340000001
7397,80274.2098
7398,77402.9792
7399,75557.2794
7400,75212.2369
7401,75764.68329999999
7402,77385.6328
7403,77073.73619999998
7404,75346.61740000002
7405,77640.1438
7406,77977.57700000005
7407,78923.23620000001
7408,79961.33350000001
7409,76950.477
7410,76642.24710000002
7411,76447.57290000001
7412,74620.2072
7413,76312.91380000001
7414,78998.1505
7415,80507.92660000002
7416,79374.78999999998
7417,79400.96060000002
7418,77893.6934
7419,77205.44859999999
7420,76138.14550000001
7421,75285.37989999999
7422,75010.88280000002
7423,72461.1468
7424,74006.7828
7425,73066.0532
7426,74791.17339999999
7427,77337.8476
7428,77698.37990000001
7429,78096.3491
7430,79719.72080000001
7431,79533.3704
7432,79817.19640000002
7433,76292.82319999998
7434,78783.65299999998
7435,79814.81999999999
7436,80396.7465
7437,83422.0671
7438,82722.7499
7439,79359.381
7440,82397.99379999998
7441,86565.00449999998
7442,86340.00610000001
7443,87096.46610000002
7444,86261.4834
7445,87405.25359999998
7446,83421.26259999999
7447,81492.4768
7448,81008.94239999999
7449,80326.2733
7450,79537.6376
7451,81840.3292
7452,83889.03269999998
7453,83299.3129
7454,85017.504
7455,86687.87950000001
7456,84771.92679999999
7457,86805.854
7458,87208.88350000001
7459,87862.23740000001
7460,87721.68339999998
7461,87996.30639999997
7462,86643.4437
7463,90643.54659999999
7464,89121.23010000002
7465,90027.509
7466,88260.23980000001
7467,87035.70969999999
7468,88793.9042
7469,86578.19880000001
7470,83280.7208
7471,83007.1394
7472,83996.02950000002
7473,86970.38280000002
7474,89631.09049999999
7475,86450.3199
7476,86793.43719999997
7477,86481.28349999999
7478,85325.94249999999
7479,83642.05320000001
7480,83584.7332
7481,84528.52220000002
7482,88402.7503
7483,87912.02939999998
7484,88431.3665
7485,87693.77029999997
7486,88766.69949999999
7487,88797.2704
7488,89281.75659999998
7489,90754.1333
7490,92317.0757
7491,90422.46380000001
7492,89935.7761
7493,88283.0165
7494,86890.4065
7495,86530.18329999999
7496,86281.6836
7497,86186.00970000001
7498,86791.40149999999
7499,87358.5902
7500,88294.79079999999
7501,87085.07400000002
7502,87650.4641
7503,85206.29079999999
7504,83659.8632
7505,83219.487
7506,82675.8206
7507,85233.1993
7508,88467.41089999999
7509,87967.55970000001
7510,87763.53659999999
7511,87948.10670000002
7512,86942.64270000001
7513,88407.90640000002
7514,89794.77649999999
7515,88047.45310000001
7516,86994.3765
7517,86064.0957
7518,84786.17990000002
7519,83242.32079999999
7520,83159.18620000003
7521,82757.71419999999
7522,83205.6235
7523,84353.39039999999
7524,84871.40809999997
7525,87230.38330000002
7526,88251.61309999999
7527,90050.25089999998
7528,90322.67389999998
7529,88505.71950000002
7530,87321.70670000001
7531,87746.99330000002
7532,88605.7168
7533,88635.4803
7534,89011.7056
7535,89859.723
7536,86759.12690000002
7537,87824.0265
7538,88004.01389999999
7539,85302.2196
7540,83625.18770000001
7541,83643.5833
7542,83795.52050000001
7543,84280.3907
7544,84619.84039999997
7545,83280.2134
7546,83620.8734
7547,79280.37319999997
7548,78190.77690000001
7549,78404.75299699999
7550,76958.20623200001
7551,80342.42079999998
7552,79815.4
7553,79847.4
7554,79879.4
7555,79911.4
7556,79943.4
7557,79975.4
7558,80007.4
7559,80039.4
7560,79303.4
7561,79335.4
7562,79367.4
7563,79399.4
7564,79431.4
7565,79463.4
7566,79495.4
7567,79527.4
7568,79654.40340000001
7569,79452.2862
7570,77175.16609999999
7571,76987.6434
7572,78687.46289999998
7573,78404.0563
7574,76922.23679999998
7575,75807.7432
7576,75466.07450000002
7577,78362.3994
7578,78120.281
7579,79282.86
7580,83478.39670000001
7581,83763.28570000001
7582,86367.56359999998
7583,87634.01959999999
7584,86519.58379999998
7585,87932.2302
7586,88290.0138
7587,82911.2226
7588,81233.23670000001
7589,80323.30670000002
7590,76447.08009999998
7591,75650.4863
7592,77031.30679999999
7593,76368.80289999998
7594,79457.66650000002
7595,78296.2764
7596,77626.1474
7597,78760.1993
7598,81765.0231
7599,80541.8871
7600,81431.666
7601,80570.46759999997
7602,80592.96999999999
7603,81036.1502
7604,84992.80419999998
7605,88681.20340000001
7606,89546.37979999998
7607,86786.6169
7608,86008.89089999998
7609,91465.8707
7610,93382.64729999997
7611,89737.5293
7612,87603.81299999998
7613,87381.60340000004
7614,86940.38260000001
7615,86279.0152
7616,85786.09669999997
7617,84986.38749999998
7618,86827.6667
7619,87995.23409999999
7620,89801.57030000002
7621,88082.37029999998
7622,86660.9031
7623,85186.71070000001
7624,81975.4339
7625,85232.19229999998
7626,94164.40390000002
7627,94278.64700000003
7628,92505.7298
7629,93995.48670000001
7630,93685.09389999999
7631,93806.70700000001
7632,96597.63710000002
7633,96163.23630000002
7634,96241.3633
7635,94824.297
7636,92920.0032
7637,91872.0243
7638,90944.7873
7639,90782.4538
7640,90985.20959999999
7641,91484.49039999998
7642,92805.3613
7643,93264.41610000002
7644,95559.59319999999
7645,88093.77429999999
7646,84532.91600000001
7647,86395.42710000003
7648,85978.1133
7649,86960.65999999999
7650,88500.5409
7651,88243.6435
7652,87855.14979999998
7653,87247.097
7654,86276.9594
7655,89872.62890000003
7656,88996.45330000001
7657,89789.28610000001
7658,88865.8636
7659,88242.5196
7660,86485.84679999998
7661,86758.6735
7662,85271.93930000001
7663,84418.95270000001
7664,83150.78989999999
7665,83777.15640000002
7666,83166.53689999999
7667,83602.67659999999
7668,84317.70279999997
7669,87251.0633
7670,88667.9259
7671,88803.107
7672,89894.80949999999
7673,90570.3462
7674,91004.1781
7675,91477.82710000001
7676,91007.85979999999
7677,88664.48199999999
7678,90544.4465
7679,88762.32579999999
7680,89094.71980000002
7681,89035.86080000001
7682,91085.81049999999
7683,91075.42270000001
7684,90307.0996
7685,90041.25649999999
7686,89300.0294
7687,90564.65230000002
7688,89183.8862
7689,90090.16659999998
7690,89785.8968
7691,91762.88019999999
7692,92169.86980000001
7693,90404.9459
7694,89741.23380000002
7695,90869.53010000003
7696,91018.20240000001
7697,89744.1733
7698,91121.98710000001
7699,93314.64260000002
7700,94232.5829
7701,90015.1377
7702,91233.15650000003
7703,93148.13680000001
7704,92369.38339999999
7705,91645.90399999998
7706,93810.2161
7707,93250.19660000001
7708,93632.32719999999
7709,93570.49670000003
7710,93701.60559999998
7711,93955.22109999998
7712,92353.061
7713,91942.38420000001
7714,91062.3744
7715,91107.6108
7716,90895.1167
7717,90720.7551
7718,89248.69089999997
7719,88943.13679999998
7720,88326.83360000003
7721,91648.56739999999
7722,91982.70020000002
7723,92953.84409999999
7724,91840.12010000003
7725,92697.66979999999
7726,93784.20330000001
7727,94865.2742
7728,93387.35989999997
7729,95603.59290000002
7730,96174.00749999999
7731,95892.87210000001
7732,94336.10629999998
7733,92758.73270000004
7734,91729.52679999999
7735,88988.0958
7736,87152.5897
7737,87312.2633
7738,89931.9762
7739,92262.05979999997
7740,92029.5826
7741,93133.45959999999
7742,92442.90690000003
7743,92963.1601
7744,91928.56460000001
7745,92056.59319999999
7746,93186.57660000001
7747,92393.35639999998
7748,95030.8166
7749,96268.0132
7750,96898.9633
7751,97400.8085
7752,97431.10680000001
7753,96219.8497
7754,97988.42129999999
7755,94230.48049999999
7756,92869.294
7757,92721.99290000003
7758,91874.94590000002
7759,90419.93030000004
7760,92194.8799
7761,92705.82
7762,91650.17680000002
7763,95384.04329999998
7764,96643.3854
7765,97176.03289999996
7766,95068.7164
7767,92462.65980000001
7768,95529.99959999998
7769,92597.13369999999
7770,93873.16029999999
7771,90057.68929999998
7772,87162.4064
7773,88379.17980000001
7774,85896.8365
7775,79660.08309999999
7776,76749.12659999999
7777,75918.90939999999
7778,75744.5864
7779,74487.89969999998
7780,74475.6691
7781,72935.25360000001
7782,72459.78689999999
7783,71209.73719999999
7784,70394.1504
7785,70530.9433
7786,72432.35630000001
7787,77262.62939999999
7788,83117.81039999999
7789,82417.9415
7790,80045.5279
7791,80422.11969999998
7792,77178.3566
7793,76254.27279999998
7794,76700.2407
7795,75222.3803
7796,76829.2138
7797,77091.2239
7798,74992.08380000001
7799,75303.6662
7800,73910.8397
7801,78007.55989999998
7802,78873.4334
7803,78692.0331
7804,78139.12710000001
7805,77944.24960000002
7806,77812.86399999999
7807,77582.6971
7808,77222.51109999999
7809,77219.8237
7810,75932.70460000001
7811,76705.4436
7812,80550.7755
7813,81946.3004
7814,82323.18660000002
7815,84776.3236
7816,84780.3095
7817,84061.85349999998
7818,83831.1737
7819,84519.24930000001
7820,83113.40350000001
7821,81354.20080000002
7822,79308.77590000001
7823,76897.12719999999
7824,74357.91650000002
7825,74164.67269999998
7826,74337.98680000001
7827,73000.7805
7828,71218.29370000001
7829,70742.0372
7830,70453.93669999999
7831,70347.74030000002
7832,69928.44679999999
7833,69868.30380000001
7834,69502.2502
7835,68906.2598
7836,68826.68340000001
7837,67120.90310000001
7838,67718.56079999999
7839,67894.6966
7840,68869.46979999999
7841,69668.90370000001
7842,70288.55949999999
7843,70939.16380000001
7844,70724.46949999999
7845,71123.1369
7846,72103.9595
7847,72705.9075
7848,72311.0364
7849,72373.94600000003
7850,70570.08259999998
7851,70094.5058
7852,68213.34969999999
7853,67280.8865
7854,67191.74
7855,67122.17319999998
7856,67813.2932
7857,68977.81679999999
7858,69943.2027
7859,70813.0722
7860,69223.4532
7861,70237.1673
7862,82202.81039999999
7863,91211.6905
7864,91592.60990000001
7865,93309.2245
7866,76084.68029999999
7867,74931.7969
7868,75690.45569999999
7869,74842.5671
7870,75560.78319999999
7871,76816.45919999998
7872,75052.4567
7873,71507.03679999999
7874,73951.63029999999
7875,75230.1864
7876,73568.1871
7877,73891.5198
7878,73178.78409999999
7879,72640.3962
7880,70712.673
7881,68246.35329999999
7882,71619.38310000002
7883,75434.7967
7884,75341.94640000002
7885,76858.17689999998
7886,78097.4991
7887,77870.5602
7888,79119.12280000001
7889,79071.2639
7890,85235.03020000002
7891,86299.93139999999
7892,84069.15629999999
7893,83879.68999999999
7894,82848.24739999996
7895,81388.4636
7896,79394.04649999998
7897,78087.3104
7898,80345.9661
7899,81046.54680000001
7900,79367.3135
7901,79017.63019999997
7902,78457.2065
7903,78003.70370000001
7904,76843.0099
7905,75894.90970000002
7906,75394.0332
7907,76880.96740000001
7908,79025.8835
7909,79828.8729
7910,79777.6402
7911,80622.97999999998
7912,78807.01620000001
7913,76416.81649999999
7914,78830.28040000002
7915,79563.31009999999
7916,78574.9868
7917,76930.47649999999
7918,76904.83699999998
7919,76298.13959999998
7920,73866.98620000001
7921,72941.4366
7922,72776.09629999999
7923,72306.82569999999
7924,73044.25670000001
7925,72998.9065
7926,72741.97300000001
7927,72678.38349999998
7928,72198.37030000002
7929,72303.7031
7930,73012.90009999998
7931,73800.89300000001
7932,75038.71380000001
7933,75591.63639999999
7934,75459.04030000001
7935,75029.47989999999
7936,76914.65
7937,78129.11330000003
7938,77989.8439
7939,77480.78980000003
7940,76623.58730000001
7941,76141.0067
7942,78088.73089999998
7943,78741.9745
7944,77989.75
7945,76867.0443
7946,75006.4563
7947,74048.8968
7948,73701.17640000001
7949,73577.21350000001
7950,73366.14850000001
7951,72907.47650000002
7952,72324.94340000002
7953,71879.5431
7954,73738.86409999999
7955,73533.44780000001
7956,71179.8398
7957,72777.5802
7958,74278.73999999999
7959,72606.73
7960,74368.2232
7961,74526.76020000002
7962,76773.64689999999
7963,76452.6196
7964,75512.95370000001
7965,76392.09940000002
7966,77381.2473
7967,77595.77389999999
7968,79438.5239
7969,74708.07289999998
7970,74307.9933
7971,75993.7694
7972,77485.067
7973,75988.78069999999
7974,75285.7965
7975,75440.22630000001
7976,75901.07990000001
7977,76195.2107
7978,75989.46269999999
7979,78180.1024
7980,79725.2642
7981,79441.3434
7982,80756.01600000002
7983,82397.75570000002
7984,82467.1565
7985,83109.2529
7986,82022.48099999999
7987,82223.73389999999
7988,75961.38680000002
7989,75128.0533
7990,74407.13949999999
7991,77842.5763
7992,78975.6071
7993,79186.9801
7994,79411.51699999999
7995,76646.2531
7996,79921.82350000001
7997,80064.05880000001
7998,79879.39589999999
7999,79998.69980000002
8000,80271.04970000002
8001,80042.6444
8002,80205.61779999999
8003,80780.65019999999
8004,81195.30260000001
8005,80919.85329999997
8006,80130.26289999999
8007,78089.05709999998
8008,78592.33370000002
8009,82475.54279999998
8010,83520.56929999999
8011,83517.37079999999
8012,82891.9369
8013,76455.27730000002
8014,76704.2701
8015,79011.80360000001
8016,78168.8294
8017,77433.39640000001
8018,77677.29280000001
8019,79002.04960000001
8020,75846.80000000003
8021,73877.219
8022,74447.5595
8023,74006.56019999999
8024,74046.3329
8025,73967.49060000002
8026,74493.867
8027,70200.4471
8028,65047.11979999999
8029,67184.11730000001
8030,70850.07740000001
8031,70993.57969999999
8032,75068.3366
8033,77895.9502
8034,76629.6925
8035,75159.79010000001
8036,72548.7097
8037,72777.05949999999
8038,73771.41349999998
8039,75416.23269999998
8040,74450.8667
8041,75391.8343
8042,74062.18000000001
8043,73505.9015
8044,72141.7068
8045,72685.18570000002
8046,74231.4832
8047,73854.86970000001
8048,73612.3471
8049,73188.9828
8050,74252.37989999999
8051,76112.0304
8052,76491.96049999999
8053,72322.8762
8054,75228.69970000001
8055,74020.96310000001
8056,74480.97320000001
8057,71970.3604
8058,73185.40979999998
8059,72549.233
8060,70757.06689999999
8061,68733.57050000002
8062,69996.0301
8063,72525.06709999997
8064,72739.4504
8065,73762.03699999998
8066,74720.85979999999
8067,74132.2774
8068,73419.9068
8069,73866.5503
8070,72209.71969999999
8071,70884.42949999998
8072,69810.784
8073,69691.02010000001
8074,70925.72309999999
8075,70102.21629999999
8076,74202.93269999999
8077,72725.037
8078,74202.25319999999
8079,78235.53940000001
8080,78393.9666
8081,78735.4704
8082,78861.9962
8083,80268.62999999999
8084,81967.973
8085,81633.9676
8086,80327.0471
8087,80188.6572
8088,77735.43049999999
8089,81006.1968
8090,78016.9733
8091,79227.73349999999
8092,79742.6329
8093,79699.4826
8094,82068.397
8095,81121.4336
8096,81443.72290000002
8097,84669.86630000001
8098,85172.37389999999
8099,84555.11690000001
8100,82672.30889999999
8101,80920.11039999999
8102,82276.6195
8103,82182.85270000002
8104,81758.83110000001
8105,81052.58380000001
8106,82600.93300000002
8107,83107.36309999999
8108,83768.19789999998
8109,83297.09290000002
8110,79438.0999
8111,77579.8231
8112,76434.0558
8113,78379.03029999998
8114,78143.4376
8115,79611.4139
8116,79861.14010000002
8117,82636.2625
8118,81238.96000000002
8119,81200.45009999999
8120,81366.2833
8121,81147.41030000002
8122,87496.56330000002
8123,93104.3528
8124,93493.7062
8125,90668.1266
8126,84095.36119999998
8127,81892.67270000001
8128,81037.04710000003
8129,83396.35299999997
8130,84651.11330000001
8131,81493.11290000002
8132,80066.98930000002
8133,76500.1933
8134,75596.56980000001
8135,72617.4303
8136,70863.98610000002
8137,71182.82999999999
8138,71480.88270000002
8139,72765.45319999999
8140,71972.23369999998
8141,71970.3329
8142,71057.54380000001
8143,71020.42680000002
8144,70925.92749999998
8145,71169.01740000001
8146,72896.00630000002
8147,74834.41589999999
8148,77634.2724
8149,74654.43609999999
8150,70987.0273
8151,73192.92060000001
8152,70818.6695
8153,75876.20259999999
8154,80179.1365
8155,77013.28969999998
8156,73951.5036
8157,71988.6529
8158,71431.4933
8159,71775.0132
8160,70564.27409999998
8161,72401.3728
8162,73318.06700000001
8163,73680.6909
8164,72651.7411
8165,72803.21749999998
8166,72388.69039999999
8167,71301.7333
8168,70233.4766
8169,70250.18669999999
8170,70407.65989999998
8171,69481.5978
8172,69625.21000000002
8173,70853.71650000001
8174,73056.1274
8175,71293.2929
8176,68694.24070000001
8177,68227.7196
8178,69520.94279999998
8179,68908.78350000002
8180,70074.11280000002
8181,71542.19930000001
8182,72167.68680000001
8183,71682.86989999999
8184,68495.68699999999
8185,64453.5801
8186,64510.5501
8187,65826.10339999999
8188,70570.02730000002
8189,69683.6536
8190,71588.11030000001
8191,66873.5369
8192,65105.276699999995
8193,65431.38040000002
8194,66458.4399
8195,66280.52280000002
8196,64222.74349999999
8197,64617.4862
8198,65928.7499
8199,65043.27680000001
8200,65143.622299999995
8201,66952.8928
8202,67365.8232
8203,68325.63630000001
8204,71406.54269999999
8205,71287.0739
8206,72857.35
8207,74672.63339999999
8208,73755.88669999999
8209,72654.3364
8210,72588.107
8211,71498.80369999999
8212,72093.08630000001
8213,72491.54980000001
8214,69546.1803
8215,69328.2231
8216,69702.2496
8217,69188.31959999999
8218,67782.0701
8219,67912.66679999999
8220,69539.55729999999
8221,67383.8776
8222,70971.99360000002
8223,77100.63180000002
8224,77928.2268
8225,74140.69690000001
8226,71408.72630000001
8227,76878.9796
8228,76254.60979999999
8229,74388.66960000001
8230,71842.8931
8231,74555.4472
8232,72670.6629
8233,78372.20939999999
8234,75613.69289999998
8235,75049.31090000001
8236,74800.36970000001
8237,73709.94680000002
8238,73948.8943
8239,73564.98389999998
8240,72059.6234
8241,71197.17749999999
8242,70528.25679999999
8243,69707.90309999998
8244,70554.2334
8245,73978.66990000001
8246,74675.7665
8247,73882.32740000001
8248,77628.40349999999
8249,76151.35050000002
8250,79364.22039999999
8251,79073.2963
8252,76672.0966
8253,77289.5901
8254,77302.5236
8255,78634.79719999999
8256,79239.7524
8257,80688.11299999998
8258,80807.01479999998
8259,82722.98399999998
8260,81617.98660000002
8261,79838.8536
8262,75511.4806
8263,72137.9169
8264,70375.3043
8265,70003.89650000002
8266,73390.60339999999
8267,76046.79909999997
8268,75087.88290000003
8269,73789.7263
8270,73615.5494
8271,77149.03279999999
8272,77641.01659999999
8273,75993.61090000001
8274,76429.96949999999
8275,76430.5459
8276,73378.1103
8277,75754.027
8278,77145.11360000001
8279,78303.18370000001
8280,79494.43990000001
8281,81222.09090000001
8282,81438.157
8283,82226.0398
8284,82367.7109
8285,80713.24429999999
8286,80280.82339999996
8287,75749.17949999997
8288,74350.44709999999
8289,72707.0372
8290,72696.136
8291,74259.08069999998
8292,75793.0197
8293,77874.02739999999
8294,79809.4673
8295,79076.04990000001
8296,79970.41380000002
8297,81419.83739999999
8298,80630.0257
8299,80577.73039999999
8300,79855.78929999997
8301,79669.0368
8302,78729.7734
8303,79501.5232
8304,80685.85089999996
8305,82294.66240000002
8306,82504.86280000002
8307,80105.53320000002
8308,78908.39269999998
8309,78847.60650000001
8310,77968.69600000003
8311,74892.20620000002
8312,74082.2296
8313,73628.1766
8314,75247.10990000001
8315,76034.1133
8316,79908.0105
8317,84606.7236
8318,84200.2267
8319,94523.42369999998
8320,89214.0435
8321,87185.5591
8322,84847.97569999998
8323,86632.9363
8324,87160.19429999997
8325,87263.6563
8326,85465.22009999998
8327,84283.847
8328,82515.00319999999
8329,81814.10960000001
8330,79435.60650000001
8331,76949.23080000003
8332,76008.83010000002
8333,73948.86619999999
8334,74333.23270000001
8335,74057.48980000002
8336,73826.29699999999
8337,73589.6039
8338,74434.5771
8339,76236.4767
8340,76345.5141
8341,76893.9275
8342,76275.2404
8343,76935.5238
8344,77918.95059999998
8345,76565.20670000001
8346,75832.78040000002
8347,76135.96649999998
8348,75656.6129
8349,76379.0832
8350,75558.83910000001
8351,74383.51680000001
8352,75802.8772
8353,75561.96680000002
8354,73126.8859
8355,70789.15710000001
8356,72393.05630000001
8357,71228.42080000002
8358,71218.9865
8359,70519.8538
8360,69130.24979999999
8361,68560.22030000002
8362,68528.75009999999
8363,67606.24350000001
8364,70989.6491
8365,73650.68609999999
8366,75856.39549999998
8367,76757.61619999999
8368,79692.26020000002
8369,82376.83669999999
8370,82641.8166
8371,81889.22349999996
8372,80108.24009999998
8373,78668.3309
8374,79410.0864
8375,79638.1077
8376,80328.27650000002
8377,78268.92049999996
8378,77386.23290000002
8379,76497.97350000001
8380,75711.8303
8381,75527.62359999999
8382,74958.4362
8383,73840.90120000001
8384,77683.85059999999
8385,79625.8154
8386,81628.53970000002
8387,87289.53390000001
8388,87110.8103
8389,77117.7039
8390,77906.98049999998
8391,79261.47309999999
8392,81058.71730000002
8393,80778.64720000002
8394,80315.7564
8395,81085.34279999998
8396,77420.2068
8397,77103.54300000002
8398,77551.491
8399,78220.3174
8400,76713.89669999998
8401,76929.48659999999
8402,78976.17359999998
8403,80166.21620000002
8404,79913.28050000002
8405,79305.83039999999
8406,79449.6261
8407,78530.60269999999
8408,78105.70010000002
8409,76441.9764
8410,74009.57380000001
8411,74111.5327
8412,75288.669
8413,74427.87359999999
8414,77215.26299999999
8415,79125.03719999999
8416,78307.653
8417,81341.5897
8418,82182.05300000001
8419,81344.57600000002
8420,80730.1809
8421,80771.7872
8422,81412.08690000001
8423,80881.18040000001
8424,80555.7565
8425,81347.71009999998
8426,82701.0301
8427,83035.53020000001
8428,81931.01030000002
8429,81083.4662
8430,81018.55669999999
8431,77293.80029999999
8432,75005.97320000002
8433,85570.4731
8434,87113.1408
8435,83244.86939999997
8436,82631.24220000001
8437,81398.9762
8438,80487.9097
8439,77877.6367
8440,77207.90980000001
8441,79142.3602
8442,78137.57283
8443,80784.78670000001
8444,80998.98300000004
8445,81410.52070000001
8446,82758.5238
8447,82255.92385
8448,81497.39239999998
8449,80397.08966499999
8450,79834.1367
8451,79250.46600000001
8452,75199.853565
8453,74234.90280000001
8454,73077.987
8455,66922.00980999999
8456,40097.58322
8457,37862.29999999999
8458,37894.29999999999
8459,37926.29999999999
8460,37958.29999999999
8461,35993.946716
8462,57107.88669000001
8463,65928.70302000002
8464,64713.22953999999
8465,64467.076700000005
8466,64455.810000000005
8467,64488.030000000006
8468,64475.77320000001
8469,64419.55330000001
8470,64626.453400000006
8471,65043.34330000001
8472,64536.05350000001
8473,64472.72000000001
8474,64542.19300000001
8475,64567.153300000005
8476,64616.68000000001
8477,64631.60990000001
8478,64735.66000000001
8479,64830.80000000001
8480,64509.88330000001
8481,72794.8162
8482,75258.4398
8483,77748.20719999999
8484,77082.2933
8485,75978.9101
8486,78239.7679
8487,78384.2228
8488,80014.1195
8489,80036.00039999999
8490,86605.18980000001
8491,88997.23959999999
8492,91276.3927
8493,83735.33280000002
8494,83785.84990000002
8495,83511.75640000003
8496,82973.95960000002
8497,83159.0432
8498,83451.99990000001
8499,82860.7393
8500,83293.9095
8501,81704.19589999999
8502,79107.08759999998
8503,79329.0575
8504,78504.8901
8505,79349.16709999998
8506,78395.4563
8507,77955.8869
8508,78572.46350000001
8509,78010.2802
8510,78116.5673
8511,79130.75650000002
8512,78362.43270000002
8513,79280.44680000002
8514,80548.0391
8515,81686.05299999999
8516,81282.7106
8517,82043.3858
8518,80825.1265
8519,81977.7332
8520,81252.8999
8521,80350.41349999998
8522,80080.17020000001
8523,80258.69019999997
8524,78942.3104
8525,77755.26899999999
8526,77650.42899999999
8527,76768.8432
8528,74787.54950000001
8529,76101.78319999999
8530,78413.1314
8531,79023.8772
8532,78484.09710000001
8533,78716.2602
8534,79563.32340000001
8535,80534.3202
8536,78850.5765
8537,79531.42949999998
8538,80601.8301
8539,79438.6797
8540,80370.8468
8541,80057.66679999999
8542,80343.65730000002
8543,80165.48290000003
8544,79555.38020000003
8545,78577.57949999999
8546,77047.0663
8547,77965.15330000002
8548,78369.68580000002
8549,76837.2462
8550,78308.3403
8551,77453.88710000002
8552,78299.8864
8553,76249.80610000002
8554,75062.1265
8555,71942.55309999999
8556,70870.8124
8557,71201.71979999999
8558,72601.09470000002
8559,72690.1465
8560,73106.1931
8561,73690.5036
8562,73821.72320000002
8563,73555.51290000002
8564,73502.3723
8565,73777.62060000001
8566,74828.22069999999
8567,76461.78379999999
8568,75697.49729999999
8569,76133.78330000001
8570,76010.9765
8571,76815.1411
8572,76498.91649999998
8573,76123.86020000001
8574,76109.88080000001
8575,76123.9866
8576,75379.534
8577,74563.02970000001
8578,72137.1168
8579,70218.52330000002
8580,70823.44
8581,70985.5703
8582,69185.48270000001
8583,69026.78000000001
8584,68335.2003
8585,68952.5107
8586,68902.78029999998
8587,68574.64010000002
8588,68542.25310000003
8589,68631.01299999999
8590,69141.36690000001
8591,71059.2794
8592,69830.9762
8593,68729.4633
8594,68678.63299999999
8595,68284.0159
8596,68123.3338
8597,67855.74729999999
8598,68139.13269999999
8599,68517.4144
8600,68185.86250000002
8601,68044.76049999999
8602,67336.79000000001
8603,67410.44380000001
8604,68502.0005
8605,68897.77070000001
8606,68944.65650000001
8607,69376.0301
8608,69549.9676
8609,69883.6596
8610,69587.1639
8611,69385.04670000002
8612,69896.24329999999
8613,70417.3396
8614,70301.28
8615,72369.19629999998
8616,71525.52620000001
8617,70039.04979999998
8618,69159.25980000001
8619,69030.9534
8620,68875.1843
8621,68464.7069
8622,67832.74650000001
8623,68075.6528
8624,69032.6432
8625,67965.19320000001
8626,68063.0469
8627,69408.96089999999
8628,71003.2532
8629,70316.8801
8630,70884.43340000001
8631,71661.02339999999
8632,75256.94949999997
8633,73795.5889
8634,74099.29030000001
8635,72706.3866
8636,73098.34379999999
8637,73076.884
8638,72058.60300000002
8639,72571.04609999999
8640,72111.05659999998
8641,72107.74699999999
8642,71263.56019999999
8643,70754.94699999999
8644,70608.30649999999
8645,69166.3958
8646,68578.8044
8647,69150.9032
8648,68474.5031
8649,67722.3508
8650,72585.10980000002
8651,73264.6801
8652,74018.71960000001
8653,74197.0563
8654,72629.2529
8655,72770.59280000001
8656,72513.5866
8657,71732.2839
8658,71258.5034
8659,71770.2498
8660,70905.01550000001
8661,70469.4429
8662,70833.86309999999
8663,71731.4167
8664,70910.8836
8665,71278.0169
8666,71071.09600000002
8667,70384.393
8668,70185.4298
8669,70676.69679999999
8670,70192.6864
8671,70312.28369999999
8672,69740.67699999998
8673,69364.2837
8674,69229.3762
8675,69107.8898
8676,69146.71
8677,68551.41719999998
8678,69027.48770000001
8679,68588.1368
8680,68614.1232
8681,68837.19339999999
8682,68695.02670000002
8683,68921.4327
8684,68947.6035
8685,68966.0364
8686,68467.90969999999
8687,69348.9266
8688,67198.1636
8689,67148.5066
8690,67217.2465
8691,67181.85320000001
8692,67223.16579999999
8693,67575.83300000001
8694,67609.8131
8695,67655.74740000001
8696,67476.87640000001
8697,67283.30429999999
8698,67262.8697
8699,67477.9835
8700,68843.6605
8701,68854.65080000002
8702,68620.08369999999
8703,70028.9161
8704,69783.53349999999
8705,69995.38309999999
8706,70476.2202
8707,70893.7337
8708,71279.09049999999
8709,71086.83570000001
8710,73286.4233
8711,73331.807
8712,73246.2195
8713,72347.54790000002
8714,73783.18349999998
8715,72608.7036
8716,71076.54
8717,70504.51
8718,70518.28680000002
8719,69756.85609999999
8720,69924.67090000001
8721,70340.6438
8722,71208.05609999999
8723,70608.9858
8724,69174.68659999999
8725,69354.2333
8726,69416.22760000001
8727,68957.6996
8728,71505.4734
8729,70524.3365
8730,70018.8405
8731,67816.7038
8732,68034.56659999999
8733,68115.00300000001
8734,68224.5164
8735,68969.6467
8736,66706.68310000001
8737,66578.9643
8738,67482.3099
8739,67919.18280000001
8740,68001.2336
8741,67550.24040000001
8742,67375.8795
8743,66747.33039999999
8744,66748.86030000001
8745,66587.149
8746,66373.3367
8747,66066.4265
8748,66471.3631
8749,67358.61379999999
8750,73924.7962
8751,74988.77960000001
8752,75675.0962
8753,75940.0036
8754,74077.72919999999
8755,73935.74620000001
8756,74431.87379999999
8757,69068.55640000002
8758,68089.83989999999
8759,67239.1264
