param : PeriodOfYear TimeOfYear := 
1      1    1
2      1    2
3      1    3
4      1    4
5      1    5
6      1    6
7      1    7
8      1    8
9      1    9
10     1   10
11     1   11
12     1   12
13     1   13
14     1   14
15     1   15
16     1   16
17     1   17
18     1   18
19     1   19
20     1   20
21     1   21
22     1   22
23     1   23
24     1   24
25     1   25
26     1   26
27     1   27
28     1   28
29     1   29
30     1   30
31     1   31
32     1   32
33     1   33
34     1   34
35     1   35
36     1   36
37     1   37
38     1   38
39     1   39
40     1   40
41     1   41
42     1   42
43     1   43
44     1   44
45     1   45
46     1   46
47     1   47
48     1   48
49     1   49
50     1   50
51     1   51
52     1   52
53     1   53
54     1   54
55     1   55
56     1   56
57     1   57
58     1   58
59     1   59
60     1   60
61     1   61
62     1   62
63     1   63
64     1   64
65     1   65
66     1   66
67     1   67
68     1   68
69     1   69
70     1   70
71     1   71
72     1   72
73     1   73
74     1   74
75     1   75
76     1   76
77     1   77
78     1   78
79     1   79
80     1   80
81     1   81
82     1   82
83     1   83
84     1   84
85     1   85
86     1   86
87     1   87
88     1   88
89     1   89
90     1   90
91     1   91
92     1   92
93     1   93
94     1   94
95     1   95
96     1   96
97     1   97
98     1   98
99     1   99
100    1  100
101    1  101
102    1  102
103    1  103
104    1  104
105    1  105
106    1  106
107    1  107
108    1  108
109    1  109
110    1  110
111    1  111
112    1  112
113    1  113
114    1  114
115    1  115
116    1  116
117    1  117
118    1  118
119    1  119
120    1  120
121    1  121
122    1  122
123    1  123
124    1  124
125    1  125
126    1  126
127    1  127
128    1  128
129    1  129
130    1  130
131    1  131
132    1  132
133    1  133
134    1  134
135    1  135
136    1  136
137    1  137
138    1  138
139    1  139
140    1  140
141    1  141
142    1  142
143    1  143
144    1  144
145    1  145
146    1  146
147    1  147
148    1  148
149    1  149
150    1  150
151    1  151
152    1  152
153    1  153
154    1  154
155    1  155
156    1  156
157    1  157
158    1  158
159    1  159
160    1  160
161    1  161
162    1  162
163    1  163
164    1  164
165    1  165
166    1  166
167    1  167
168    1  168
169    2    1
170    2    2
171    2    3
172    2    4
173    2    5
174    2    6
175    2    7
176    2    8
177    2    9
178    2   10
179    2   11
180    2   12
181    2   13
182    2   14
183    2   15
184    2   16
185    2   17
186    2   18
187    2   19
188    2   20
189    2   21
190    2   22
191    2   23
192    2   24
193    2   25
194    2   26
195    2   27
196    2   28
197    2   29
198    2   30
199    2   31
200    2   32
201    2   33
202    2   34
203    2   35
204    2   36
205    2   37
206    2   38
207    2   39
208    2   40
209    2   41
210    2   42
211    2   43
212    2   44
213    2   45
214    2   46
215    2   47
216    2   48
217    2   49
218    2   50
219    2   51
220    2   52
221    2   53
222    2   54
223    2   55
224    2   56
225    2   57
226    2   58
227    2   59
228    2   60
229    2   61
230    2   62
231    2   63
232    2   64
233    2   65
234    2   66
235    2   67
236    2   68
237    2   69
238    2   70
239    2   71
240    2   72
241    2   73
242    2   74
243    2   75
244    2   76
245    2   77
246    2   78
247    2   79
248    2   80
249    2   81
250    2   82
251    2   83
252    2   84
253    2   85
254    2   86
255    2   87
256    2   88
257    2   89
258    2   90
259    2   91
260    2   92
261    2   93
262    2   94
263    2   95
264    2   96
265    2   97
266    2   98
267    2   99
268    2  100
269    2  101
270    2  102
271    2  103
272    2  104
273    2  105
274    2  106
275    2  107
276    2  108
277    2  109
278    2  110
279    2  111
280    2  112
281    2  113
282    2  114
283    2  115
284    2  116
285    2  117
286    2  118
287    2  119
288    2  120
289    2  121
290    2  122
291    2  123
292    2  124
293    2  125
294    2  126
295    2  127
296    2  128
297    2  129
298    2  130
299    2  131
300    2  132
301    2  133
302    2  134
303    2  135
304    2  136
305    2  137
306    2  138
307    2  139
308    2  140
309    2  141
310    2  142
311    2  143
312    2  144
313    2  145
314    2  146
315    2  147
316    2  148
317    2  149
318    2  150
319    2  151
320    2  152
321    2  153
322    2  154
323    2  155
324    2  156
325    2  157
326    2  158
327    2  159
328    2  160
329    2  161
330    2  162
331    2  163
332    2  164
333    2  165
334    2  166
335    2  167
336    2  168
337    2    1
338    2    2
339    2    3
340    2    4
341    2    5
342    2    6
343    2    7
344    2    8
345    2    9
346    2   10
347    2   11
348    2   12
349    2   13
350    2   14
351    2   15
352    2   16
353    2   17
354    2   18
355    2   19
356    2   20
357    2   21
358    2   22
359    2   23
360    2   24
361    2   25
362    2   26
363    2   27
364    2   28
365    2   29
366    2   30
367    2   31
368    2   32
369    2   33
370    2   34
371    2   35
372    2   36
373    2   37
374    2   38
375    2   39
376    2   40
377    2   41
378    2   42
379    2   43
380    2   44
381    2   45
382    2   46
383    2   47
384    2   48
385    2   49
386    2   50
387    2   51
388    2   52
389    2   53
390    2   54
391    2   55
392    2   56
393    2   57
394    2   58
395    2   59
396    2   60
397    2   61
398    2   62
399    2   63
400    2   64
401    2   65
402    2   66
403    2   67
404    2   68
405    2   69
406    2   70
407    2   71
408    2   72
409    2   73
410    2   74
411    2   75
412    2   76
413    2   77
414    2   78
415    2   79
416    2   80
417    2   81
418    2   82
419    2   83
420    2   84
421    2   85
422    2   86
423    2   87
424    2   88
425    2   89
426    2   90
427    2   91
428    2   92
429    2   93
430    2   94
431    2   95
432    2   96
433    2   97
434    2   98
435    2   99
436    2  100
437    2  101
438    2  102
439    2  103
440    2  104
441    2  105
442    2  106
443    2  107
444    2  108
445    2  109
446    2  110
447    2  111
448    2  112
449    2  113
450    2  114
451    2  115
452    2  116
453    2  117
454    2  118
455    2  119
456    2  120
457    2  121
458    2  122
459    2  123
460    2  124
461    2  125
462    2  126
463    2  127
464    2  128
465    2  129
466    2  130
467    2  131
468    2  132
469    2  133
470    2  134
471    2  135
472    2  136
473    2  137
474    2  138
475    2  139
476    2  140
477    2  141
478    2  142
479    2  143
480    2  144
481    2  145
482    2  146
483    2  147
484    2  148
485    2  149
486    2  150
487    2  151
488    2  152
489    2  153
490    2  154
491    2  155
492    2  156
493    2  157
494    2  158
495    2  159
496    2  160
497    2  161
498    2  162
499    2  163
500    2  164
501    2  165
502    2  166
503    2  167
504    2  168
505    3    1
506    3    2
507    3    3
508    3    4
509    3    5
510    3    6
511    3    7
512    3    8
513    3    9
514    3   10
515    3   11
516    3   12
517    3   13
518    3   14
519    3   15
520    3   16
521    3   17
522    3   18
523    3   19
524    3   20
525    3   21
526    3   22
527    3   23
528    3   24
529    3   25
530    3   26
531    3   27
532    3   28
533    3   29
534    3   30
535    3   31
536    3   32
537    3   33
538    3   34
539    3   35
540    3   36
541    3   37
542    3   38
543    3   39
544    3   40
545    3   41
546    3   42
547    3   43
548    3   44
549    3   45
550    3   46
551    3   47
552    3   48
553    3   49
554    3   50
555    3   51
556    3   52
557    3   53
558    3   54
559    3   55
560    3   56
561    3   57
562    3   58
563    3   59
564    3   60
565    3   61
566    3   62
567    3   63
568    3   64
569    3   65
570    3   66
571    3   67
572    3   68
573    3   69
574    3   70
575    3   71
576    3   72
577    3   73
578    3   74
579    3   75
580    3   76
581    3   77
582    3   78
583    3   79
584    3   80
585    3   81
586    3   82
587    3   83
588    3   84
589    3   85
590    3   86
591    3   87
592    3   88
593    3   89
594    3   90
595    3   91
596    3   92
597    3   93
598    3   94
599    3   95
600    3   96
601    3   97
602    3   98
603    3   99
604    3  100
605    3  101
606    3  102
607    3  103
608    3  104
609    3  105
610    3  106
611    3  107
612    3  108
613    3  109
614    3  110
615    3  111
616    3  112
617    3  113
618    3  114
619    3  115
620    3  116
621    3  117
622    3  118
623    3  119
624    3  120
625    3  121
626    3  122
627    3  123
628    3  124
629    3  125
630    3  126
631    3  127
632    3  128
633    3  129
634    3  130
635    3  131
636    3  132
637    3  133
638    3  134
639    3  135
640    3  136
641    3  137
642    3  138
643    3  139
644    3  140
645    3  141
646    3  142
647    3  143
648    3  144
649    3  145
650    3  146
651    3  147
652    3  148
653    3  149
654    3  150
655    3  151
656    3  152
657    3  153
658    3  154
659    3  155
660    3  156
661    3  157
662    3  158
663    3  159
664    3  160
665    3  161
666    3  162
667    3  163
668    3  164
669    3  165
670    3  166
671    3  167
672    3  168
673    4    1
674    4    2
675    4    3
676    4    4
677    4    5
678    4    6
679    4    7
680    4    8
681    4    9
682    4   10
683    4   11
684    4   12
685    4   13
686    4   14
687    4   15
688    4   16
689    4   17
690    4   18
691    4   19
692    4   20
693    4   21
694    4   22
695    4   23
696    4   24
697    4   25
698    4   26
699    4   27
700    4   28
701    4   29
702    4   30
703    4   31
704    4   32
705    4   33
706    4   34
707    4   35
708    4   36
709    4   37
710    4   38
711    4   39
712    4   40
713    4   41
714    4   42
715    4   43
716    4   44
717    4   45
718    4   46
719    4   47
720    4   48
721    4   49
722    4   50
723    4   51
724    4   52
725    4   53
726    4   54
727    4   55
728    4   56
729    4   57
730    4   58
731    4   59
732    4   60
733    4   61
734    4   62
735    4   63
736    4   64
737    4   65
738    4   66
739    4   67
740    4   68
741    4   69
742    4   70
743    4   71
744    4   72
745    4   73
746    4   74
747    4   75
748    4   76
749    4   77
750    4   78
751    4   79
752    4   80
753    4   81
754    4   82
755    4   83
756    4   84
757    4   85
758    4   86
759    4   87
760    4   88
761    4   89
762    4   90
763    4   91
764    4   92
765    4   93
766    4   94
767    4   95
768    4   96
769    4   97
770    4   98
771    4   99
772    4  100
773    4  101
774    4  102
775    4  103
776    4  104
777    4  105
778    4  106
779    4  107
780    4  108
781    4  109
782    4  110
783    4  111
784    4  112
785    4  113
786    4  114
787    4  115
788    4  116
789    4  117
790    4  118
791    4  119
792    4  120
793    4  121
794    4  122
795    4  123
796    4  124
797    4  125
798    4  126
799    4  127
800    4  128
801    4  129
802    4  130
803    4  131
804    4  132
805    4  133
806    4  134
807    4  135
808    4  136
809    4  137
810    4  138
811    4  139
812    4  140
813    4  141
814    4  142
815    4  143
816    4  144
817    4  145
818    4  146
819    4  147
820    4  148
821    4  149
822    4  150
823    4  151
824    4  152
825    4  153
826    4  154
827    4  155
828    4  156
829    4  157
830    4  158
831    4  159
832    4  160
833    4  161
834    4  162
835    4  163
836    4  164
837    4  165
838    4  166
839    4  167
840    4  168
841    5    1
842    5    2
843    5    3
844    5    4
845    5    5
846    5    6
847    5    7
848    5    8
849    5    9
850    5   10
851    5   11
852    5   12
853    5   13
854    5   14
855    5   15
856    5   16
857    5   17
858    5   18
859    5   19
860    5   20
861    5   21
862    5   22
863    5   23
864    5   24
865    5   25
866    5   26
867    5   27
868    5   28
869    5   29
870    5   30
871    5   31
872    5   32
873    5   33
874    5   34
875    5   35
876    5   36
877    5   37
878    5   38
879    5   39
880    5   40
881    5   41
882    5   42
883    5   43
884    5   44
885    5   45
886    5   46
887    5   47
888    5   48
889    5   49
890    5   50
891    5   51
892    5   52
893    5   53
894    5   54
895    5   55
896    5   56
897    5   57
898    5   58
899    5   59
900    5   60
901    5   61
902    5   62
903    5   63
904    5   64
905    5   65
906    5   66
907    5   67
908    5   68
909    5   69
910    5   70
911    5   71
912    5   72
913    5   73
914    5   74
915    5   75
916    5   76
917    5   77
918    5   78
919    5   79
920    5   80
921    5   81
922    5   82
923    5   83
924    5   84
925    5   85
926    5   86
927    5   87
928    5   88
929    5   89
930    5   90
931    5   91
932    5   92
933    5   93
934    5   94
935    5   95
936    5   96
937    5   97
938    5   98
939    5   99
940    5  100
941    5  101
942    5  102
943    5  103
944    5  104
945    5  105
946    5  106
947    5  107
948    5  108
949    5  109
950    5  110
951    5  111
952    5  112
953    5  113
954    5  114
955    5  115
956    5  116
957    5  117
958    5  118
959    5  119
960    5  120
961    5  121
962    5  122
963    5  123
964    5  124
965    5  125
966    5  126
967    5  127
968    5  128
969    5  129
970    5  130
971    5  131
972    5  132
973    5  133
974    5  134
975    5  135
976    5  136
977    5  137
978    5  138
979    5  139
980    5  140
981    5  141
982    5  142
983    5  143
984    5  144
985    5  145
986    5  146
987    5  147
988    5  148
989    5  149
990    5  150
991    5  151
992    5  152
993    5  153
994    5  154
995    5  155
996    5  156
997    5  157
998    5  158
999    5  159
1000   5  160
1001   5  161
1002   5  162
1003   5  163
1004   5  164
1005   5  165
1006   5  166
1007   5  167
1008   5  168
1009   6    1
1010   6    2
1011   6    3
1012   6    4
1013   6    5
1014   6    6
1015   6    7
1016   6    8
1017   6    9
1018   6   10
1019   6   11
1020   6   12
1021   6   13
1022   6   14
1023   6   15
1024   6   16
1025   6   17
1026   6   18
1027   6   19
1028   6   20
1029   6   21
1030   6   22
1031   6   23
1032   6   24
1033   6   25
1034   6   26
1035   6   27
1036   6   28
1037   6   29
1038   6   30
1039   6   31
1040   6   32
1041   6   33
1042   6   34
1043   6   35
1044   6   36
1045   6   37
1046   6   38
1047   6   39
1048   6   40
1049   6   41
1050   6   42
1051   6   43
1052   6   44
1053   6   45
1054   6   46
1055   6   47
1056   6   48
1057   6   49
1058   6   50
1059   6   51
1060   6   52
1061   6   53
1062   6   54
1063   6   55
1064   6   56
1065   6   57
1066   6   58
1067   6   59
1068   6   60
1069   6   61
1070   6   62
1071   6   63
1072   6   64
1073   6   65
1074   6   66
1075   6   67
1076   6   68
1077   6   69
1078   6   70
1079   6   71
1080   6   72
1081   6   73
1082   6   74
1083   6   75
1084   6   76
1085   6   77
1086   6   78
1087   6   79
1088   6   80
1089   6   81
1090   6   82
1091   6   83
1092   6   84
1093   6   85
1094   6   86
1095   6   87
1096   6   88
1097   6   89
1098   6   90
1099   6   91
1100   6   92
1101   6   93
1102   6   94
1103   6   95
1104   6   96
1105   6   97
1106   6   98
1107   6   99
1108   6  100
1109   6  101
1110   6  102
1111   6  103
1112   6  104
1113   6  105
1114   6  106
1115   6  107
1116   6  108
1117   6  109
1118   6  110
1119   6  111
1120   6  112
1121   6  113
1122   6  114
1123   6  115
1124   6  116
1125   6  117
1126   6  118
1127   6  119
1128   6  120
1129   6  121
1130   6  122
1131   6  123
1132   6  124
1133   6  125
1134   6  126
1135   6  127
1136   6  128
1137   6  129
1138   6  130
1139   6  131
1140   6  132
1141   6  133
1142   6  134
1143   6  135
1144   6  136
1145   6  137
1146   6  138
1147   6  139
1148   6  140
1149   6  141
1150   6  142
1151   6  143
1152   6  144
1153   6  145
1154   6  146
1155   6  147
1156   6  148
1157   6  149
1158   6  150
1159   6  151
1160   6  152
1161   6  153
1162   6  154
1163   6  155
1164   6  156
1165   6  157
1166   6  158
1167   6  159
1168   6  160
1169   6  161
1170   6  162
1171   6  163
1172   6  164
1173   6  165
1174   6  166
1175   6  167
1176   6  168
1177   4    1
1178   4    2
1179   4    3
1180   4    4
1181   4    5
1182   4    6
1183   4    7
1184   4    8
1185   4    9
1186   4   10
1187   4   11
1188   4   12
1189   4   13
1190   4   14
1191   4   15
1192   4   16
1193   4   17
1194   4   18
1195   4   19
1196   4   20
1197   4   21
1198   4   22
1199   4   23
1200   4   24
1201   4   25
1202   4   26
1203   4   27
1204   4   28
1205   4   29
1206   4   30
1207   4   31
1208   4   32
1209   4   33
1210   4   34
1211   4   35
1212   4   36
1213   4   37
1214   4   38
1215   4   39
1216   4   40
1217   4   41
1218   4   42
1219   4   43
1220   4   44
1221   4   45
1222   4   46
1223   4   47
1224   4   48
1225   4   49
1226   4   50
1227   4   51
1228   4   52
1229   4   53
1230   4   54
1231   4   55
1232   4   56
1233   4   57
1234   4   58
1235   4   59
1236   4   60
1237   4   61
1238   4   62
1239   4   63
1240   4   64
1241   4   65
1242   4   66
1243   4   67
1244   4   68
1245   4   69
1246   4   70
1247   4   71
1248   4   72
1249   4   73
1250   4   74
1251   4   75
1252   4   76
1253   4   77
1254   4   78
1255   4   79
1256   4   80
1257   4   81
1258   4   82
1259   4   83
1260   4   84
1261   4   85
1262   4   86
1263   4   87
1264   4   88
1265   4   89
1266   4   90
1267   4   91
1268   4   92
1269   4   93
1270   4   94
1271   4   95
1272   4   96
1273   4   97
1274   4   98
1275   4   99
1276   4  100
1277   4  101
1278   4  102
1279   4  103
1280   4  104
1281   4  105
1282   4  106
1283   4  107
1284   4  108
1285   4  109
1286   4  110
1287   4  111
1288   4  112
1289   4  113
1290   4  114
1291   4  115
1292   4  116
1293   4  117
1294   4  118
1295   4  119
1296   4  120
1297   4  121
1298   4  122
1299   4  123
1300   4  124
1301   4  125
1302   4  126
1303   4  127
1304   4  128
1305   4  129
1306   4  130
1307   4  131
1308   4  132
1309   4  133
1310   4  134
1311   4  135
1312   4  136
1313   4  137
1314   4  138
1315   4  139
1316   4  140
1317   4  141
1318   4  142
1319   4  143
1320   4  144
1321   4  145
1322   4  146
1323   4  147
1324   4  148
1325   4  149
1326   4  150
1327   4  151
1328   4  152
1329   4  153
1330   4  154
1331   4  155
1332   4  156
1333   4  157
1334   4  158
1335   4  159
1336   4  160
1337   4  161
1338   4  162
1339   4  163
1340   4  164
1341   4  165
1342   4  166
1343   4  167
1344   4  168
1345   5    1
1346   5    2
1347   5    3
1348   5    4
1349   5    5
1350   5    6
1351   5    7
1352   5    8
1353   5    9
1354   5   10
1355   5   11
1356   5   12
1357   5   13
1358   5   14
1359   5   15
1360   5   16
1361   5   17
1362   5   18
1363   5   19
1364   5   20
1365   5   21
1366   5   22
1367   5   23
1368   5   24
1369   5   25
1370   5   26
1371   5   27
1372   5   28
1373   5   29
1374   5   30
1375   5   31
1376   5   32
1377   5   33
1378   5   34
1379   5   35
1380   5   36
1381   5   37
1382   5   38
1383   5   39
1384   5   40
1385   5   41
1386   5   42
1387   5   43
1388   5   44
1389   5   45
1390   5   46
1391   5   47
1392   5   48
1393   5   49
1394   5   50
1395   5   51
1396   5   52
1397   5   53
1398   5   54
1399   5   55
1400   5   56
1401   5   57
1402   5   58
1403   5   59
1404   5   60
1405   5   61
1406   5   62
1407   5   63
1408   5   64
1409   5   65
1410   5   66
1411   5   67
1412   5   68
1413   5   69
1414   5   70
1415   5   71
1416   5   72
1417   5   73
1418   5   74
1419   5   75
1420   5   76
1421   5   77
1422   5   78
1423   5   79
1424   5   80
1425   5   81
1426   5   82
1427   5   83
1428   5   84
1429   5   85
1430   5   86
1431   5   87
1432   5   88
1433   5   89
1434   5   90
1435   5   91
1436   5   92
1437   5   93
1438   5   94
1439   5   95
1440   5   96
1441   5   97
1442   5   98
1443   5   99
1444   5  100
1445   5  101
1446   5  102
1447   5  103
1448   5  104
1449   5  105
1450   5  106
1451   5  107
1452   5  108
1453   5  109
1454   5  110
1455   5  111
1456   5  112
1457   5  113
1458   5  114
1459   5  115
1460   5  116
1461   5  117
1462   5  118
1463   5  119
1464   5  120
1465   5  121
1466   5  122
1467   5  123
1468   5  124
1469   5  125
1470   5  126
1471   5  127
1472   5  128
1473   5  129
1474   5  130
1475   5  131
1476   5  132
1477   5  133
1478   5  134
1479   5  135
1480   5  136
1481   5  137
1482   5  138
1483   5  139
1484   5  140
1485   5  141
1486   5  142
1487   5  143
1488   5  144
1489   5  145
1490   5  146
1491   5  147
1492   5  148
1493   5  149
1494   5  150
1495   5  151
1496   5  152
1497   5  153
1498   5  154
1499   5  155
1500   5  156
1501   5  157
1502   5  158
1503   5  159
1504   5  160
1505   5  161
1506   5  162
1507   5  163
1508   5  164
1509   5  165
1510   5  166
1511   5  167
1512   5  168
1513   4    1
1514   4    2
1515   4    3
1516   4    4
1517   4    5
1518   4    6
1519   4    7
1520   4    8
1521   4    9
1522   4   10
1523   4   11
1524   4   12
1525   4   13
1526   4   14
1527   4   15
1528   4   16
1529   4   17
1530   4   18
1531   4   19
1532   4   20
1533   4   21
1534   4   22
1535   4   23
1536   4   24
1537   4   25
1538   4   26
1539   4   27
1540   4   28
1541   4   29
1542   4   30
1543   4   31
1544   4   32
1545   4   33
1546   4   34
1547   4   35
1548   4   36
1549   4   37
1550   4   38
1551   4   39
1552   4   40
1553   4   41
1554   4   42
1555   4   43
1556   4   44
1557   4   45
1558   4   46
1559   4   47
1560   4   48
1561   4   49
1562   4   50
1563   4   51
1564   4   52
1565   4   53
1566   4   54
1567   4   55
1568   4   56
1569   4   57
1570   4   58
1571   4   59
1572   4   60
1573   4   61
1574   4   62
1575   4   63
1576   4   64
1577   4   65
1578   4   66
1579   4   67
1580   4   68
1581   4   69
1582   4   70
1583   4   71
1584   4   72
1585   4   73
1586   4   74
1587   4   75
1588   4   76
1589   4   77
1590   4   78
1591   4   79
1592   4   80
1593   4   81
1594   4   82
1595   4   83
1596   4   84
1597   4   85
1598   4   86
1599   4   87
1600   4   88
1601   4   89
1602   4   90
1603   4   91
1604   4   92
1605   4   93
1606   4   94
1607   4   95
1608   4   96
1609   4   97
1610   4   98
1611   4   99
1612   4  100
1613   4  101
1614   4  102
1615   4  103
1616   4  104
1617   4  105
1618   4  106
1619   4  107
1620   4  108
1621   4  109
1622   4  110
1623   4  111
1624   4  112
1625   4  113
1626   4  114
1627   4  115
1628   4  116
1629   4  117
1630   4  118
1631   4  119
1632   4  120
1633   4  121
1634   4  122
1635   4  123
1636   4  124
1637   4  125
1638   4  126
1639   4  127
1640   4  128
1641   4  129
1642   4  130
1643   4  131
1644   4  132
1645   4  133
1646   4  134
1647   4  135
1648   4  136
1649   4  137
1650   4  138
1651   4  139
1652   4  140
1653   4  141
1654   4  142
1655   4  143
1656   4  144
1657   4  145
1658   4  146
1659   4  147
1660   4  148
1661   4  149
1662   4  150
1663   4  151
1664   4  152
1665   4  153
1666   4  154
1667   4  155
1668   4  156
1669   4  157
1670   4  158
1671   4  159
1672   4  160
1673   4  161
1674   4  162
1675   4  163
1676   4  164
1677   4  165
1678   4  166
1679   4  167
1680   4  168
1681   7    1
1682   7    2
1683   7    3
1684   7    4
1685   7    5
1686   7    6
1687   7    7
1688   7    8
1689   7    9
1690   7   10
1691   7   11
1692   7   12
1693   7   13
1694   7   14
1695   7   15
1696   7   16
1697   7   17
1698   7   18
1699   7   19
1700   7   20
1701   7   21
1702   7   22
1703   7   23
1704   7   24
1705   7   25
1706   7   26
1707   7   27
1708   7   28
1709   7   29
1710   7   30
1711   7   31
1712   7   32
1713   7   33
1714   7   34
1715   7   35
1716   7   36
1717   7   37
1718   7   38
1719   7   39
1720   7   40
1721   7   41
1722   7   42
1723   7   43
1724   7   44
1725   7   45
1726   7   46
1727   7   47
1728   7   48
1729   7   49
1730   7   50
1731   7   51
1732   7   52
1733   7   53
1734   7   54
1735   7   55
1736   7   56
1737   7   57
1738   7   58
1739   7   59
1740   7   60
1741   7   61
1742   7   62
1743   7   63
1744   7   64
1745   7   65
1746   7   66
1747   7   67
1748   7   68
1749   7   69
1750   7   70
1751   7   71
1752   7   72
1753   7   73
1754   7   74
1755   7   75
1756   7   76
1757   7   77
1758   7   78
1759   7   79
1760   7   80
1761   7   81
1762   7   82
1763   7   83
1764   7   84
1765   7   85
1766   7   86
1767   7   87
1768   7   88
1769   7   89
1770   7   90
1771   7   91
1772   7   92
1773   7   93
1774   7   94
1775   7   95
1776   7   96
1777   7   97
1778   7   98
1779   7   99
1780   7  100
1781   7  101
1782   7  102
1783   7  103
1784   7  104
1785   7  105
1786   7  106
1787   7  107
1788   7  108
1789   7  109
1790   7  110
1791   7  111
1792   7  112
1793   7  113
1794   7  114
1795   7  115
1796   7  116
1797   7  117
1798   7  118
1799   7  119
1800   7  120
1801   7  121
1802   7  122
1803   7  123
1804   7  124
1805   7  125
1806   7  126
1807   7  127
1808   7  128
1809   7  129
1810   7  130
1811   7  131
1812   7  132
1813   7  133
1814   7  134
1815   7  135
1816   7  136
1817   7  137
1818   7  138
1819   7  139
1820   7  140
1821   7  141
1822   7  142
1823   7  143
1824   7  144
1825   7  145
1826   7  146
1827   7  147
1828   7  148
1829   7  149
1830   7  150
1831   7  151
1832   7  152
1833   7  153
1834   7  154
1835   7  155
1836   7  156
1837   7  157
1838   7  158
1839   7  159
1840   7  160
1841   7  161
1842   7  162
1843   7  163
1844   7  164
1845   7  165
1846   7  166
1847   7  167
1848   7  168
1849   7    1
1850   7    2
1851   7    3
1852   7    4
1853   7    5
1854   7    6
1855   7    7
1856   7    8
1857   7    9
1858   7   10
1859   7   11
1860   7   12
1861   7   13
1862   7   14
1863   7   15
1864   7   16
1865   7   17
1866   7   18
1867   7   19
1868   7   20
1869   7   21
1870   7   22
1871   7   23
1872   7   24
1873   7   25
1874   7   26
1875   7   27
1876   7   28
1877   7   29
1878   7   30
1879   7   31
1880   7   32
1881   7   33
1882   7   34
1883   7   35
1884   7   36
1885   7   37
1886   7   38
1887   7   39
1888   7   40
1889   7   41
1890   7   42
1891   7   43
1892   7   44
1893   7   45
1894   7   46
1895   7   47
1896   7   48
1897   7   49
1898   7   50
1899   7   51
1900   7   52
1901   7   53
1902   7   54
1903   7   55
1904   7   56
1905   7   57
1906   7   58
1907   7   59
1908   7   60
1909   7   61
1910   7   62
1911   7   63
1912   7   64
1913   7   65
1914   7   66
1915   7   67
1916   7   68
1917   7   69
1918   7   70
1919   7   71
1920   7   72
1921   7   73
1922   7   74
1923   7   75
1924   7   76
1925   7   77
1926   7   78
1927   7   79
1928   7   80
1929   7   81
1930   7   82
1931   7   83
1932   7   84
1933   7   85
1934   7   86
1935   7   87
1936   7   88
1937   7   89
1938   7   90
1939   7   91
1940   7   92
1941   7   93
1942   7   94
1943   7   95
1944   7   96
1945   7   97
1946   7   98
1947   7   99
1948   7  100
1949   7  101
1950   7  102
1951   7  103
1952   7  104
1953   7  105
1954   7  106
1955   7  107
1956   7  108
1957   7  109
1958   7  110
1959   7  111
1960   7  112
1961   7  113
1962   7  114
1963   7  115
1964   7  116
1965   7  117
1966   7  118
1967   7  119
1968   7  120
1969   7  121
1970   7  122
1971   7  123
1972   7  124
1973   7  125
1974   7  126
1975   7  127
1976   7  128
1977   7  129
1978   7  130
1979   7  131
1980   7  132
1981   7  133
1982   7  134
1983   7  135
1984   7  136
1985   7  137
1986   7  138
1987   7  139
1988   7  140
1989   7  141
1990   7  142
1991   7  143
1992   7  144
1993   7  145
1994   7  146
1995   7  147
1996   7  148
1997   7  149
1998   7  150
1999   7  151
2000   7  152
2001   7  153
2002   7  154
2003   7  155
2004   7  156
2005   7  157
2006   7  158
2007   7  159
2008   7  160
2009   7  161
2010   7  162
2011   7  163
2012   7  164
2013   7  165
2014   7  166
2015   7  167
2016   7  168
2017   8    1
2018   8    2
2019   8    3
2020   8    4
2021   8    5
2022   8    6
2023   8    7
2024   8    8
2025   8    9
2026   8   10
2027   8   11
2028   8   12
2029   8   13
2030   8   14
2031   8   15
2032   8   16
2033   8   17
2034   8   18
2035   8   19
2036   8   20
2037   8   21
2038   8   22
2039   8   23
2040   8   24
2041   8   25
2042   8   26
2043   8   27
2044   8   28
2045   8   29
2046   8   30
2047   8   31
2048   8   32
2049   8   33
2050   8   34
2051   8   35
2052   8   36
2053   8   37
2054   8   38
2055   8   39
2056   8   40
2057   8   41
2058   8   42
2059   8   43
2060   8   44
2061   8   45
2062   8   46
2063   8   47
2064   8   48
2065   8   49
2066   8   50
2067   8   51
2068   8   52
2069   8   53
2070   8   54
2071   8   55
2072   8   56
2073   8   57
2074   8   58
2075   8   59
2076   8   60
2077   8   61
2078   8   62
2079   8   63
2080   8   64
2081   8   65
2082   8   66
2083   8   67
2084   8   68
2085   8   69
2086   8   70
2087   8   71
2088   8   72
2089   8   73
2090   8   74
2091   8   75
2092   8   76
2093   8   77
2094   8   78
2095   8   79
2096   8   80
2097   8   81
2098   8   82
2099   8   83
2100   8   84
2101   8   85
2102   8   86
2103   8   87
2104   8   88
2105   8   89
2106   8   90
2107   8   91
2108   8   92
2109   8   93
2110   8   94
2111   8   95
2112   8   96
2113   8   97
2114   8   98
2115   8   99
2116   8  100
2117   8  101
2118   8  102
2119   8  103
2120   8  104
2121   8  105
2122   8  106
2123   8  107
2124   8  108
2125   8  109
2126   8  110
2127   8  111
2128   8  112
2129   8  113
2130   8  114
2131   8  115
2132   8  116
2133   8  117
2134   8  118
2135   8  119
2136   8  120
2137   8  121
2138   8  122
2139   8  123
2140   8  124
2141   8  125
2142   8  126
2143   8  127
2144   8  128
2145   8  129
2146   8  130
2147   8  131
2148   8  132
2149   8  133
2150   8  134
2151   8  135
2152   8  136
2153   8  137
2154   8  138
2155   8  139
2156   8  140
2157   8  141
2158   8  142
2159   8  143
2160   8  144
2161   8  145
2162   8  146
2163   8  147
2164   8  148
2165   8  149
2166   8  150
2167   8  151
2168   8  152
2169   8  153
2170   8  154
2171   8  155
2172   8  156
2173   8  157
2174   8  158
2175   8  159
2176   8  160
2177   8  161
2178   8  162
2179   8  163
2180   8  164
2181   8  165
2182   8  166
2183   8  167
2184   8  168
2185   9    1
2186   9    2
2187   9    3
2188   9    4
2189   9    5
2190   9    6
2191   9    7
2192   9    8
2193   9    9
2194   9   10
2195   9   11
2196   9   12
2197   9   13
2198   9   14
2199   9   15
2200   9   16
2201   9   17
2202   9   18
2203   9   19
2204   9   20
2205   9   21
2206   9   22
2207   9   23
2208   9   24
2209   9   25
2210   9   26
2211   9   27
2212   9   28
2213   9   29
2214   9   30
2215   9   31
2216   9   32
2217   9   33
2218   9   34
2219   9   35
2220   9   36
2221   9   37
2222   9   38
2223   9   39
2224   9   40
2225   9   41
2226   9   42
2227   9   43
2228   9   44
2229   9   45
2230   9   46
2231   9   47
2232   9   48
2233   9   49
2234   9   50
2235   9   51
2236   9   52
2237   9   53
2238   9   54
2239   9   55
2240   9   56
2241   9   57
2242   9   58
2243   9   59
2244   9   60
2245   9   61
2246   9   62
2247   9   63
2248   9   64
2249   9   65
2250   9   66
2251   9   67
2252   9   68
2253   9   69
2254   9   70
2255   9   71
2256   9   72
2257   9   73
2258   9   74
2259   9   75
2260   9   76
2261   9   77
2262   9   78
2263   9   79
2264   9   80
2265   9   81
2266   9   82
2267   9   83
2268   9   84
2269   9   85
2270   9   86
2271   9   87
2272   9   88
2273   9   89
2274   9   90
2275   9   91
2276   9   92
2277   9   93
2278   9   94
2279   9   95
2280   9   96
2281   9   97
2282   9   98
2283   9   99
2284   9  100
2285   9  101
2286   9  102
2287   9  103
2288   9  104
2289   9  105
2290   9  106
2291   9  107
2292   9  108
2293   9  109
2294   9  110
2295   9  111
2296   9  112
2297   9  113
2298   9  114
2299   9  115
2300   9  116
2301   9  117
2302   9  118
2303   9  119
2304   9  120
2305   9  121
2306   9  122
2307   9  123
2308   9  124
2309   9  125
2310   9  126
2311   9  127
2312   9  128
2313   9  129
2314   9  130
2315   9  131
2316   9  132
2317   9  133
2318   9  134
2319   9  135
2320   9  136
2321   9  137
2322   9  138
2323   9  139
2324   9  140
2325   9  141
2326   9  142
2327   9  143
2328   9  144
2329   9  145
2330   9  146
2331   9  147
2332   9  148
2333   9  149
2334   9  150
2335   9  151
2336   9  152
2337   9  153
2338   9  154
2339   9  155
2340   9  156
2341   9  157
2342   9  158
2343   9  159
2344   9  160
2345   9  161
2346   9  162
2347   9  163
2348   9  164
2349   9  165
2350   9  166
2351   9  167
2352   9  168
2353  10    1
2354  10    2
2355  10    3
2356  10    4
2357  10    5
2358  10    6
2359  10    7
2360  10    8
2361  10    9
2362  10   10
2363  10   11
2364  10   12
2365  10   13
2366  10   14
2367  10   15
2368  10   16
2369  10   17
2370  10   18
2371  10   19
2372  10   20
2373  10   21
2374  10   22
2375  10   23
2376  10   24
2377  10   25
2378  10   26
2379  10   27
2380  10   28
2381  10   29
2382  10   30
2383  10   31
2384  10   32
2385  10   33
2386  10   34
2387  10   35
2388  10   36
2389  10   37
2390  10   38
2391  10   39
2392  10   40
2393  10   41
2394  10   42
2395  10   43
2396  10   44
2397  10   45
2398  10   46
2399  10   47
2400  10   48
2401  10   49
2402  10   50
2403  10   51
2404  10   52
2405  10   53
2406  10   54
2407  10   55
2408  10   56
2409  10   57
2410  10   58
2411  10   59
2412  10   60
2413  10   61
2414  10   62
2415  10   63
2416  10   64
2417  10   65
2418  10   66
2419  10   67
2420  10   68
2421  10   69
2422  10   70
2423  10   71
2424  10   72
2425  10   73
2426  10   74
2427  10   75
2428  10   76
2429  10   77
2430  10   78
2431  10   79
2432  10   80
2433  10   81
2434  10   82
2435  10   83
2436  10   84
2437  10   85
2438  10   86
2439  10   87
2440  10   88
2441  10   89
2442  10   90
2443  10   91
2444  10   92
2445  10   93
2446  10   94
2447  10   95
2448  10   96
2449  10   97
2450  10   98
2451  10   99
2452  10  100
2453  10  101
2454  10  102
2455  10  103
2456  10  104
2457  10  105
2458  10  106
2459  10  107
2460  10  108
2461  10  109
2462  10  110
2463  10  111
2464  10  112
2465  10  113
2466  10  114
2467  10  115
2468  10  116
2469  10  117
2470  10  118
2471  10  119
2472  10  120
2473  10  121
2474  10  122
2475  10  123
2476  10  124
2477  10  125
2478  10  126
2479  10  127
2480  10  128
2481  10  129
2482  10  130
2483  10  131
2484  10  132
2485  10  133
2486  10  134
2487  10  135
2488  10  136
2489  10  137
2490  10  138
2491  10  139
2492  10  140
2493  10  141
2494  10  142
2495  10  143
2496  10  144
2497  10  145
2498  10  146
2499  10  147
2500  10  148
2501  10  149
2502  10  150
2503  10  151
2504  10  152
2505  10  153
2506  10  154
2507  10  155
2508  10  156
2509  10  157
2510  10  158
2511  10  159
2512  10  160
2513  10  161
2514  10  162
2515  10  163
2516  10  164
2517  10  165
2518  10  166
2519  10  167
2520  10  168
2521   7    1
2522   7    2
2523   7    3
2524   7    4
2525   7    5
2526   7    6
2527   7    7
2528   7    8
2529   7    9
2530   7   10
2531   7   11
2532   7   12
2533   7   13
2534   7   14
2535   7   15
2536   7   16
2537   7   17
2538   7   18
2539   7   19
2540   7   20
2541   7   21
2542   7   22
2543   7   23
2544   7   24
2545   7   25
2546   7   26
2547   7   27
2548   7   28
2549   7   29
2550   7   30
2551   7   31
2552   7   32
2553   7   33
2554   7   34
2555   7   35
2556   7   36
2557   7   37
2558   7   38
2559   7   39
2560   7   40
2561   7   41
2562   7   42
2563   7   43
2564   7   44
2565   7   45
2566   7   46
2567   7   47
2568   7   48
2569   7   49
2570   7   50
2571   7   51
2572   7   52
2573   7   53
2574   7   54
2575   7   55
2576   7   56
2577   7   57
2578   7   58
2579   7   59
2580   7   60
2581   7   61
2582   7   62
2583   7   63
2584   7   64
2585   7   65
2586   7   66
2587   7   67
2588   7   68
2589   7   69
2590   7   70
2591   7   71
2592   7   72
2593   7   73
2594   7   74
2595   7   75
2596   7   76
2597   7   77
2598   7   78
2599   7   79
2600   7   80
2601   7   81
2602   7   82
2603   7   83
2604   7   84
2605   7   85
2606   7   86
2607   7   87
2608   7   88
2609   7   89
2610   7   90
2611   7   91
2612   7   92
2613   7   93
2614   7   94
2615   7   95
2616   7   96
2617   7   97
2618   7   98
2619   7   99
2620   7  100
2621   7  101
2622   7  102
2623   7  103
2624   7  104
2625   7  105
2626   7  106
2627   7  107
2628   7  108
2629   7  109
2630   7  110
2631   7  111
2632   7  112
2633   7  113
2634   7  114
2635   7  115
2636   7  116
2637   7  117
2638   7  118
2639   7  119
2640   7  120
2641   7  121
2642   7  122
2643   7  123
2644   7  124
2645   7  125
2646   7  126
2647   7  127
2648   7  128
2649   7  129
2650   7  130
2651   7  131
2652   7  132
2653   7  133
2654   7  134
2655   7  135
2656   7  136
2657   7  137
2658   7  138
2659   7  139
2660   7  140
2661   7  141
2662   7  142
2663   7  143
2664   7  144
2665   7  145
2666   7  146
2667   7  147
2668   7  148
2669   7  149
2670   7  150
2671   7  151
2672   7  152
2673   7  153
2674   7  154
2675   7  155
2676   7  156
2677   7  157
2678   7  158
2679   7  159
2680   7  160
2681   7  161
2682   7  162
2683   7  163
2684   7  164
2685   7  165
2686   7  166
2687   7  167
2688   7  168
2689   7    1
2690   7    2
2691   7    3
2692   7    4
2693   7    5
2694   7    6
2695   7    7
2696   7    8
2697   7    9
2698   7   10
2699   7   11
2700   7   12
2701   7   13
2702   7   14
2703   7   15
2704   7   16
2705   7   17
2706   7   18
2707   7   19
2708   7   20
2709   7   21
2710   7   22
2711   7   23
2712   7   24
2713   7   25
2714   7   26
2715   7   27
2716   7   28
2717   7   29
2718   7   30
2719   7   31
2720   7   32
2721   7   33
2722   7   34
2723   7   35
2724   7   36
2725   7   37
2726   7   38
2727   7   39
2728   7   40
2729   7   41
2730   7   42
2731   7   43
2732   7   44
2733   7   45
2734   7   46
2735   7   47
2736   7   48
2737   7   49
2738   7   50
2739   7   51
2740   7   52
2741   7   53
2742   7   54
2743   7   55
2744   7   56
2745   7   57
2746   7   58
2747   7   59
2748   7   60
2749   7   61
2750   7   62
2751   7   63
2752   7   64
2753   7   65
2754   7   66
2755   7   67
2756   7   68
2757   7   69
2758   7   70
2759   7   71
2760   7   72
2761   7   73
2762   7   74
2763   7   75
2764   7   76
2765   7   77
2766   7   78
2767   7   79
2768   7   80
2769   7   81
2770   7   82
2771   7   83
2772   7   84
2773   7   85
2774   7   86
2775   7   87
2776   7   88
2777   7   89
2778   7   90
2779   7   91
2780   7   92
2781   7   93
2782   7   94
2783   7   95
2784   7   96
2785   7   97
2786   7   98
2787   7   99
2788   7  100
2789   7  101
2790   7  102
2791   7  103
2792   7  104
2793   7  105
2794   7  106
2795   7  107
2796   7  108
2797   7  109
2798   7  110
2799   7  111
2800   7  112
2801   7  113
2802   7  114
2803   7  115
2804   7  116
2805   7  117
2806   7  118
2807   7  119
2808   7  120
2809   7  121
2810   7  122
2811   7  123
2812   7  124
2813   7  125
2814   7  126
2815   7  127
2816   7  128
2817   7  129
2818   7  130
2819   7  131
2820   7  132
2821   7  133
2822   7  134
2823   7  135
2824   7  136
2825   7  137
2826   7  138
2827   7  139
2828   7  140
2829   7  141
2830   7  142
2831   7  143
2832   7  144
2833   7  145
2834   7  146
2835   7  147
2836   7  148
2837   7  149
2838   7  150
2839   7  151
2840   7  152
2841   7  153
2842   7  154
2843   7  155
2844   7  156
2845   7  157
2846   7  158
2847   7  159
2848   7  160
2849   7  161
2850   7  162
2851   7  163
2852   7  164
2853   7  165
2854   7  166
2855   7  167
2856   7  168
2857  10    1
2858  10    2
2859  10    3
2860  10    4
2861  10    5
2862  10    6
2863  10    7
2864  10    8
2865  10    9
2866  10   10
2867  10   11
2868  10   12
2869  10   13
2870  10   14
2871  10   15
2872  10   16
2873  10   17
2874  10   18
2875  10   19
2876  10   20
2877  10   21
2878  10   22
2879  10   23
2880  10   24
2881  10   25
2882  10   26
2883  10   27
2884  10   28
2885  10   29
2886  10   30
2887  10   31
2888  10   32
2889  10   33
2890  10   34
2891  10   35
2892  10   36
2893  10   37
2894  10   38
2895  10   39
2896  10   40
2897  10   41
2898  10   42
2899  10   43
2900  10   44
2901  10   45
2902  10   46
2903  10   47
2904  10   48
2905  10   49
2906  10   50
2907  10   51
2908  10   52
2909  10   53
2910  10   54
2911  10   55
2912  10   56
2913  10   57
2914  10   58
2915  10   59
2916  10   60
2917  10   61
2918  10   62
2919  10   63
2920  10   64
2921  10   65
2922  10   66
2923  10   67
2924  10   68
2925  10   69
2926  10   70
2927  10   71
2928  10   72
2929  10   73
2930  10   74
2931  10   75
2932  10   76
2933  10   77
2934  10   78
2935  10   79
2936  10   80
2937  10   81
2938  10   82
2939  10   83
2940  10   84
2941  10   85
2942  10   86
2943  10   87
2944  10   88
2945  10   89
2946  10   90
2947  10   91
2948  10   92
2949  10   93
2950  10   94
2951  10   95
2952  10   96
2953  10   97
2954  10   98
2955  10   99
2956  10  100
2957  10  101
2958  10  102
2959  10  103
2960  10  104
2961  10  105
2962  10  106
2963  10  107
2964  10  108
2965  10  109
2966  10  110
2967  10  111
2968  10  112
2969  10  113
2970  10  114
2971  10  115
2972  10  116
2973  10  117
2974  10  118
2975  10  119
2976  10  120
2977  10  121
2978  10  122
2979  10  123
2980  10  124
2981  10  125
2982  10  126
2983  10  127
2984  10  128
2985  10  129
2986  10  130
2987  10  131
2988  10  132
2989  10  133
2990  10  134
2991  10  135
2992  10  136
2993  10  137
2994  10  138
2995  10  139
2996  10  140
2997  10  141
2998  10  142
2999  10  143
3000  10  144
3001  10  145
3002  10  146
3003  10  147
3004  10  148
3005  10  149
3006  10  150
3007  10  151
3008  10  152
3009  10  153
3010  10  154
3011  10  155
3012  10  156
3013  10  157
3014  10  158
3015  10  159
3016  10  160
3017  10  161
3018  10  162
3019  10  163
3020  10  164
3021  10  165
3022  10  166
3023  10  167
3024  10  168
3025   8    1
3026   8    2
3027   8    3
3028   8    4
3029   8    5
3030   8    6
3031   8    7
3032   8    8
3033   8    9
3034   8   10
3035   8   11
3036   8   12
3037   8   13
3038   8   14
3039   8   15
3040   8   16
3041   8   17
3042   8   18
3043   8   19
3044   8   20
3045   8   21
3046   8   22
3047   8   23
3048   8   24
3049   8   25
3050   8   26
3051   8   27
3052   8   28
3053   8   29
3054   8   30
3055   8   31
3056   8   32
3057   8   33
3058   8   34
3059   8   35
3060   8   36
3061   8   37
3062   8   38
3063   8   39
3064   8   40
3065   8   41
3066   8   42
3067   8   43
3068   8   44
3069   8   45
3070   8   46
3071   8   47
3072   8   48
3073   8   49
3074   8   50
3075   8   51
3076   8   52
3077   8   53
3078   8   54
3079   8   55
3080   8   56
3081   8   57
3082   8   58
3083   8   59
3084   8   60
3085   8   61
3086   8   62
3087   8   63
3088   8   64
3089   8   65
3090   8   66
3091   8   67
3092   8   68
3093   8   69
3094   8   70
3095   8   71
3096   8   72
3097   8   73
3098   8   74
3099   8   75
3100   8   76
3101   8   77
3102   8   78
3103   8   79
3104   8   80
3105   8   81
3106   8   82
3107   8   83
3108   8   84
3109   8   85
3110   8   86
3111   8   87
3112   8   88
3113   8   89
3114   8   90
3115   8   91
3116   8   92
3117   8   93
3118   8   94
3119   8   95
3120   8   96
3121   8   97
3122   8   98
3123   8   99
3124   8  100
3125   8  101
3126   8  102
3127   8  103
3128   8  104
3129   8  105
3130   8  106
3131   8  107
3132   8  108
3133   8  109
3134   8  110
3135   8  111
3136   8  112
3137   8  113
3138   8  114
3139   8  115
3140   8  116
3141   8  117
3142   8  118
3143   8  119
3144   8  120
3145   8  121
3146   8  122
3147   8  123
3148   8  124
3149   8  125
3150   8  126
3151   8  127
3152   8  128
3153   8  129
3154   8  130
3155   8  131
3156   8  132
3157   8  133
3158   8  134
3159   8  135
3160   8  136
3161   8  137
3162   8  138
3163   8  139
3164   8  140
3165   8  141
3166   8  142
3167   8  143
3168   8  144
3169   8  145
3170   8  146
3171   8  147
3172   8  148
3173   8  149
3174   8  150
3175   8  151
3176   8  152
3177   8  153
3178   8  154
3179   8  155
3180   8  156
3181   8  157
3182   8  158
3183   8  159
3184   8  160
3185   8  161
3186   8  162
3187   8  163
3188   8  164
3189   8  165
3190   8  166
3191   8  167
3192   8  168
3193  11    1
3194  11    2
3195  11    3
3196  11    4
3197  11    5
3198  11    6
3199  11    7
3200  11    8
3201  11    9
3202  11   10
3203  11   11
3204  11   12
3205  11   13
3206  11   14
3207  11   15
3208  11   16
3209  11   17
3210  11   18
3211  11   19
3212  11   20
3213  11   21
3214  11   22
3215  11   23
3216  11   24
3217  11   25
3218  11   26
3219  11   27
3220  11   28
3221  11   29
3222  11   30
3223  11   31
3224  11   32
3225  11   33
3226  11   34
3227  11   35
3228  11   36
3229  11   37
3230  11   38
3231  11   39
3232  11   40
3233  11   41
3234  11   42
3235  11   43
3236  11   44
3237  11   45
3238  11   46
3239  11   47
3240  11   48
3241  11   49
3242  11   50
3243  11   51
3244  11   52
3245  11   53
3246  11   54
3247  11   55
3248  11   56
3249  11   57
3250  11   58
3251  11   59
3252  11   60
3253  11   61
3254  11   62
3255  11   63
3256  11   64
3257  11   65
3258  11   66
3259  11   67
3260  11   68
3261  11   69
3262  11   70
3263  11   71
3264  11   72
3265  11   73
3266  11   74
3267  11   75
3268  11   76
3269  11   77
3270  11   78
3271  11   79
3272  11   80
3273  11   81
3274  11   82
3275  11   83
3276  11   84
3277  11   85
3278  11   86
3279  11   87
3280  11   88
3281  11   89
3282  11   90
3283  11   91
3284  11   92
3285  11   93
3286  11   94
3287  11   95
3288  11   96
3289  11   97
3290  11   98
3291  11   99
3292  11  100
3293  11  101
3294  11  102
3295  11  103
3296  11  104
3297  11  105
3298  11  106
3299  11  107
3300  11  108
3301  11  109
3302  11  110
3303  11  111
3304  11  112
3305  11  113
3306  11  114
3307  11  115
3308  11  116
3309  11  117
3310  11  118
3311  11  119
3312  11  120
3313  11  121
3314  11  122
3315  11  123
3316  11  124
3317  11  125
3318  11  126
3319  11  127
3320  11  128
3321  11  129
3322  11  130
3323  11  131
3324  11  132
3325  11  133
3326  11  134
3327  11  135
3328  11  136
3329  11  137
3330  11  138
3331  11  139
3332  11  140
3333  11  141
3334  11  142
3335  11  143
3336  11  144
3337  11  145
3338  11  146
3339  11  147
3340  11  148
3341  11  149
3342  11  150
3343  11  151
3344  11  152
3345  11  153
3346  11  154
3347  11  155
3348  11  156
3349  11  157
3350  11  158
3351  11  159
3352  11  160
3353  11  161
3354  11  162
3355  11  163
3356  11  164
3357  11  165
3358  11  166
3359  11  167
3360  11  168
3361  11    1
3362  11    2
3363  11    3
3364  11    4
3365  11    5
3366  11    6
3367  11    7
3368  11    8
3369  11    9
3370  11   10
3371  11   11
3372  11   12
3373  11   13
3374  11   14
3375  11   15
3376  11   16
3377  11   17
3378  11   18
3379  11   19
3380  11   20
3381  11   21
3382  11   22
3383  11   23
3384  11   24
3385  11   25
3386  11   26
3387  11   27
3388  11   28
3389  11   29
3390  11   30
3391  11   31
3392  11   32
3393  11   33
3394  11   34
3395  11   35
3396  11   36
3397  11   37
3398  11   38
3399  11   39
3400  11   40
3401  11   41
3402  11   42
3403  11   43
3404  11   44
3405  11   45
3406  11   46
3407  11   47
3408  11   48
3409  11   49
3410  11   50
3411  11   51
3412  11   52
3413  11   53
3414  11   54
3415  11   55
3416  11   56
3417  11   57
3418  11   58
3419  11   59
3420  11   60
3421  11   61
3422  11   62
3423  11   63
3424  11   64
3425  11   65
3426  11   66
3427  11   67
3428  11   68
3429  11   69
3430  11   70
3431  11   71
3432  11   72
3433  11   73
3434  11   74
3435  11   75
3436  11   76
3437  11   77
3438  11   78
3439  11   79
3440  11   80
3441  11   81
3442  11   82
3443  11   83
3444  11   84
3445  11   85
3446  11   86
3447  11   87
3448  11   88
3449  11   89
3450  11   90
3451  11   91
3452  11   92
3453  11   93
3454  11   94
3455  11   95
3456  11   96
3457  11   97
3458  11   98
3459  11   99
3460  11  100
3461  11  101
3462  11  102
3463  11  103
3464  11  104
3465  11  105
3466  11  106
3467  11  107
3468  11  108
3469  11  109
3470  11  110
3471  11  111
3472  11  112
3473  11  113
3474  11  114
3475  11  115
3476  11  116
3477  11  117
3478  11  118
3479  11  119
3480  11  120
3481  11  121
3482  11  122
3483  11  123
3484  11  124
3485  11  125
3486  11  126
3487  11  127
3488  11  128
3489  11  129
3490  11  130
3491  11  131
3492  11  132
3493  11  133
3494  11  134
3495  11  135
3496  11  136
3497  11  137
3498  11  138
3499  11  139
3500  11  140
3501  11  141
3502  11  142
3503  11  143
3504  11  144
3505  11  145
3506  11  146
3507  11  147
3508  11  148
3509  11  149
3510  11  150
3511  11  151
3512  11  152
3513  11  153
3514  11  154
3515  11  155
3516  11  156
3517  11  157
3518  11  158
3519  11  159
3520  11  160
3521  11  161
3522  11  162
3523  11  163
3524  11  164
3525  11  165
3526  11  166
3527  11  167
3528  11  168
3529  12    1
3530  12    2
3531  12    3
3532  12    4
3533  12    5
3534  12    6
3535  12    7
3536  12    8
3537  12    9
3538  12   10
3539  12   11
3540  12   12
3541  12   13
3542  12   14
3543  12   15
3544  12   16
3545  12   17
3546  12   18
3547  12   19
3548  12   20
3549  12   21
3550  12   22
3551  12   23
3552  12   24
3553  12   25
3554  12   26
3555  12   27
3556  12   28
3557  12   29
3558  12   30
3559  12   31
3560  12   32
3561  12   33
3562  12   34
3563  12   35
3564  12   36
3565  12   37
3566  12   38
3567  12   39
3568  12   40
3569  12   41
3570  12   42
3571  12   43
3572  12   44
3573  12   45
3574  12   46
3575  12   47
3576  12   48
3577  12   49
3578  12   50
3579  12   51
3580  12   52
3581  12   53
3582  12   54
3583  12   55
3584  12   56
3585  12   57
3586  12   58
3587  12   59
3588  12   60
3589  12   61
3590  12   62
3591  12   63
3592  12   64
3593  12   65
3594  12   66
3595  12   67
3596  12   68
3597  12   69
3598  12   70
3599  12   71
3600  12   72
3601  12   73
3602  12   74
3603  12   75
3604  12   76
3605  12   77
3606  12   78
3607  12   79
3608  12   80
3609  12   81
3610  12   82
3611  12   83
3612  12   84
3613  12   85
3614  12   86
3615  12   87
3616  12   88
3617  12   89
3618  12   90
3619  12   91
3620  12   92
3621  12   93
3622  12   94
3623  12   95
3624  12   96
3625  12   97
3626  12   98
3627  12   99
3628  12  100
3629  12  101
3630  12  102
3631  12  103
3632  12  104
3633  12  105
3634  12  106
3635  12  107
3636  12  108
3637  12  109
3638  12  110
3639  12  111
3640  12  112
3641  12  113
3642  12  114
3643  12  115
3644  12  116
3645  12  117
3646  12  118
3647  12  119
3648  12  120
3649  12  121
3650  12  122
3651  12  123
3652  12  124
3653  12  125
3654  12  126
3655  12  127
3656  12  128
3657  12  129
3658  12  130
3659  12  131
3660  12  132
3661  12  133
3662  12  134
3663  12  135
3664  12  136
3665  12  137
3666  12  138
3667  12  139
3668  12  140
3669  12  141
3670  12  142
3671  12  143
3672  12  144
3673  12  145
3674  12  146
3675  12  147
3676  12  148
3677  12  149
3678  12  150
3679  12  151
3680  12  152
3681  12  153
3682  12  154
3683  12  155
3684  12  156
3685  12  157
3686  12  158
3687  12  159
3688  12  160
3689  12  161
3690  12  162
3691  12  163
3692  12  164
3693  12  165
3694  12  166
3695  12  167
3696  12  168
3697  11    1
3698  11    2
3699  11    3
3700  11    4
3701  11    5
3702  11    6
3703  11    7
3704  11    8
3705  11    9
3706  11   10
3707  11   11
3708  11   12
3709  11   13
3710  11   14
3711  11   15
3712  11   16
3713  11   17
3714  11   18
3715  11   19
3716  11   20
3717  11   21
3718  11   22
3719  11   23
3720  11   24
3721  11   25
3722  11   26
3723  11   27
3724  11   28
3725  11   29
3726  11   30
3727  11   31
3728  11   32
3729  11   33
3730  11   34
3731  11   35
3732  11   36
3733  11   37
3734  11   38
3735  11   39
3736  11   40
3737  11   41
3738  11   42
3739  11   43
3740  11   44
3741  11   45
3742  11   46
3743  11   47
3744  11   48
3745  11   49
3746  11   50
3747  11   51
3748  11   52
3749  11   53
3750  11   54
3751  11   55
3752  11   56
3753  11   57
3754  11   58
3755  11   59
3756  11   60
3757  11   61
3758  11   62
3759  11   63
3760  11   64
3761  11   65
3762  11   66
3763  11   67
3764  11   68
3765  11   69
3766  11   70
3767  11   71
3768  11   72
3769  11   73
3770  11   74
3771  11   75
3772  11   76
3773  11   77
3774  11   78
3775  11   79
3776  11   80
3777  11   81
3778  11   82
3779  11   83
3780  11   84
3781  11   85
3782  11   86
3783  11   87
3784  11   88
3785  11   89
3786  11   90
3787  11   91
3788  11   92
3789  11   93
3790  11   94
3791  11   95
3792  11   96
3793  11   97
3794  11   98
3795  11   99
3796  11  100
3797  11  101
3798  11  102
3799  11  103
3800  11  104
3801  11  105
3802  11  106
3803  11  107
3804  11  108
3805  11  109
3806  11  110
3807  11  111
3808  11  112
3809  11  113
3810  11  114
3811  11  115
3812  11  116
3813  11  117
3814  11  118
3815  11  119
3816  11  120
3817  11  121
3818  11  122
3819  11  123
3820  11  124
3821  11  125
3822  11  126
3823  11  127
3824  11  128
3825  11  129
3826  11  130
3827  11  131
3828  11  132
3829  11  133
3830  11  134
3831  11  135
3832  11  136
3833  11  137
3834  11  138
3835  11  139
3836  11  140
3837  11  141
3838  11  142
3839  11  143
3840  11  144
3841  11  145
3842  11  146
3843  11  147
3844  11  148
3845  11  149
3846  11  150
3847  11  151
3848  11  152
3849  11  153
3850  11  154
3851  11  155
3852  11  156
3853  11  157
3854  11  158
3855  11  159
3856  11  160
3857  11  161
3858  11  162
3859  11  163
3860  11  164
3861  11  165
3862  11  166
3863  11  167
3864  11  168
3865  13    1
3866  13    2
3867  13    3
3868  13    4
3869  13    5
3870  13    6
3871  13    7
3872  13    8
3873  13    9
3874  13   10
3875  13   11
3876  13   12
3877  13   13
3878  13   14
3879  13   15
3880  13   16
3881  13   17
3882  13   18
3883  13   19
3884  13   20
3885  13   21
3886  13   22
3887  13   23
3888  13   24
3889  13   25
3890  13   26
3891  13   27
3892  13   28
3893  13   29
3894  13   30
3895  13   31
3896  13   32
3897  13   33
3898  13   34
3899  13   35
3900  13   36
3901  13   37
3902  13   38
3903  13   39
3904  13   40
3905  13   41
3906  13   42
3907  13   43
3908  13   44
3909  13   45
3910  13   46
3911  13   47
3912  13   48
3913  13   49
3914  13   50
3915  13   51
3916  13   52
3917  13   53
3918  13   54
3919  13   55
3920  13   56
3921  13   57
3922  13   58
3923  13   59
3924  13   60
3925  13   61
3926  13   62
3927  13   63
3928  13   64
3929  13   65
3930  13   66
3931  13   67
3932  13   68
3933  13   69
3934  13   70
3935  13   71
3936  13   72
3937  13   73
3938  13   74
3939  13   75
3940  13   76
3941  13   77
3942  13   78
3943  13   79
3944  13   80
3945  13   81
3946  13   82
3947  13   83
3948  13   84
3949  13   85
3950  13   86
3951  13   87
3952  13   88
3953  13   89
3954  13   90
3955  13   91
3956  13   92
3957  13   93
3958  13   94
3959  13   95
3960  13   96
3961  13   97
3962  13   98
3963  13   99
3964  13  100
3965  13  101
3966  13  102
3967  13  103
3968  13  104
3969  13  105
3970  13  106
3971  13  107
3972  13  108
3973  13  109
3974  13  110
3975  13  111
3976  13  112
3977  13  113
3978  13  114
3979  13  115
3980  13  116
3981  13  117
3982  13  118
3983  13  119
3984  13  120
3985  13  121
3986  13  122
3987  13  123
3988  13  124
3989  13  125
3990  13  126
3991  13  127
3992  13  128
3993  13  129
3994  13  130
3995  13  131
3996  13  132
3997  13  133
3998  13  134
3999  13  135
4000  13  136
4001  13  137
4002  13  138
4003  13  139
4004  13  140
4005  13  141
4006  13  142
4007  13  143
4008  13  144
4009  13  145
4010  13  146
4011  13  147
4012  13  148
4013  13  149
4014  13  150
4015  13  151
4016  13  152
4017  13  153
4018  13  154
4019  13  155
4020  13  156
4021  13  157
4022  13  158
4023  13  159
4024  13  160
4025  13  161
4026  13  162
4027  13  163
4028  13  164
4029  13  165
4030  13  166
4031  13  167
4032  13  168
4033  14    1
4034  14    2
4035  14    3
4036  14    4
4037  14    5
4038  14    6
4039  14    7
4040  14    8
4041  14    9
4042  14   10
4043  14   11
4044  14   12
4045  14   13
4046  14   14
4047  14   15
4048  14   16
4049  14   17
4050  14   18
4051  14   19
4052  14   20
4053  14   21
4054  14   22
4055  14   23
4056  14   24
4057  14   25
4058  14   26
4059  14   27
4060  14   28
4061  14   29
4062  14   30
4063  14   31
4064  14   32
4065  14   33
4066  14   34
4067  14   35
4068  14   36
4069  14   37
4070  14   38
4071  14   39
4072  14   40
4073  14   41
4074  14   42
4075  14   43
4076  14   44
4077  14   45
4078  14   46
4079  14   47
4080  14   48
4081  14   49
4082  14   50
4083  14   51
4084  14   52
4085  14   53
4086  14   54
4087  14   55
4088  14   56
4089  14   57
4090  14   58
4091  14   59
4092  14   60
4093  14   61
4094  14   62
4095  14   63
4096  14   64
4097  14   65
4098  14   66
4099  14   67
4100  14   68
4101  14   69
4102  14   70
4103  14   71
4104  14   72
4105  14   73
4106  14   74
4107  14   75
4108  14   76
4109  14   77
4110  14   78
4111  14   79
4112  14   80
4113  14   81
4114  14   82
4115  14   83
4116  14   84
4117  14   85
4118  14   86
4119  14   87
4120  14   88
4121  14   89
4122  14   90
4123  14   91
4124  14   92
4125  14   93
4126  14   94
4127  14   95
4128  14   96
4129  14   97
4130  14   98
4131  14   99
4132  14  100
4133  14  101
4134  14  102
4135  14  103
4136  14  104
4137  14  105
4138  14  106
4139  14  107
4140  14  108
4141  14  109
4142  14  110
4143  14  111
4144  14  112
4145  14  113
4146  14  114
4147  14  115
4148  14  116
4149  14  117
4150  14  118
4151  14  119
4152  14  120
4153  14  121
4154  14  122
4155  14  123
4156  14  124
4157  14  125
4158  14  126
4159  14  127
4160  14  128
4161  14  129
4162  14  130
4163  14  131
4164  14  132
4165  14  133
4166  14  134
4167  14  135
4168  14  136
4169  14  137
4170  14  138
4171  14  139
4172  14  140
4173  14  141
4174  14  142
4175  14  143
4176  14  144
4177  14  145
4178  14  146
4179  14  147
4180  14  148
4181  14  149
4182  14  150
4183  14  151
4184  14  152
4185  14  153
4186  14  154
4187  14  155
4188  14  156
4189  14  157
4190  14  158
4191  14  159
4192  14  160
4193  14  161
4194  14  162
4195  14  163
4196  14  164
4197  14  165
4198  14  166
4199  14  167
4200  14  168
4201  12    1
4202  12    2
4203  12    3
4204  12    4
4205  12    5
4206  12    6
4207  12    7
4208  12    8
4209  12    9
4210  12   10
4211  12   11
4212  12   12
4213  12   13
4214  12   14
4215  12   15
4216  12   16
4217  12   17
4218  12   18
4219  12   19
4220  12   20
4221  12   21
4222  12   22
4223  12   23
4224  12   24
4225  12   25
4226  12   26
4227  12   27
4228  12   28
4229  12   29
4230  12   30
4231  12   31
4232  12   32
4233  12   33
4234  12   34
4235  12   35
4236  12   36
4237  12   37
4238  12   38
4239  12   39
4240  12   40
4241  12   41
4242  12   42
4243  12   43
4244  12   44
4245  12   45
4246  12   46
4247  12   47
4248  12   48
4249  12   49
4250  12   50
4251  12   51
4252  12   52
4253  12   53
4254  12   54
4255  12   55
4256  12   56
4257  12   57
4258  12   58
4259  12   59
4260  12   60
4261  12   61
4262  12   62
4263  12   63
4264  12   64
4265  12   65
4266  12   66
4267  12   67
4268  12   68
4269  12   69
4270  12   70
4271  12   71
4272  12   72
4273  12   73
4274  12   74
4275  12   75
4276  12   76
4277  12   77
4278  12   78
4279  12   79
4280  12   80
4281  12   81
4282  12   82
4283  12   83
4284  12   84
4285  12   85
4286  12   86
4287  12   87
4288  12   88
4289  12   89
4290  12   90
4291  12   91
4292  12   92
4293  12   93
4294  12   94
4295  12   95
4296  12   96
4297  12   97
4298  12   98
4299  12   99
4300  12  100
4301  12  101
4302  12  102
4303  12  103
4304  12  104
4305  12  105
4306  12  106
4307  12  107
4308  12  108
4309  12  109
4310  12  110
4311  12  111
4312  12  112
4313  12  113
4314  12  114
4315  12  115
4316  12  116
4317  12  117
4318  12  118
4319  12  119
4320  12  120
4321  12  121
4322  12  122
4323  12  123
4324  12  124
4325  12  125
4326  12  126
4327  12  127
4328  12  128
4329  12  129
4330  12  130
4331  12  131
4332  12  132
4333  12  133
4334  12  134
4335  12  135
4336  12  136
4337  12  137
4338  12  138
4339  12  139
4340  12  140
4341  12  141
4342  12  142
4343  12  143
4344  12  144
4345  12  145
4346  12  146
4347  12  147
4348  12  148
4349  12  149
4350  12  150
4351  12  151
4352  12  152
4353  12  153
4354  12  154
4355  12  155
4356  12  156
4357  12  157
4358  12  158
4359  12  159
4360  12  160
4361  12  161
4362  12  162
4363  12  163
4364  12  164
4365  12  165
4366  12  166
4367  12  167
4368  12  168
4369  12    1
4370  12    2
4371  12    3
4372  12    4
4373  12    5
4374  12    6
4375  12    7
4376  12    8
4377  12    9
4378  12   10
4379  12   11
4380  12   12
4381  12   13
4382  12   14
4383  12   15
4384  12   16
4385  12   17
4386  12   18
4387  12   19
4388  12   20
4389  12   21
4390  12   22
4391  12   23
4392  12   24
4393  12   25
4394  12   26
4395  12   27
4396  12   28
4397  12   29
4398  12   30
4399  12   31
4400  12   32
4401  12   33
4402  12   34
4403  12   35
4404  12   36
4405  12   37
4406  12   38
4407  12   39
4408  12   40
4409  12   41
4410  12   42
4411  12   43
4412  12   44
4413  12   45
4414  12   46
4415  12   47
4416  12   48
4417  12   49
4418  12   50
4419  12   51
4420  12   52
4421  12   53
4422  12   54
4423  12   55
4424  12   56
4425  12   57
4426  12   58
4427  12   59
4428  12   60
4429  12   61
4430  12   62
4431  12   63
4432  12   64
4433  12   65
4434  12   66
4435  12   67
4436  12   68
4437  12   69
4438  12   70
4439  12   71
4440  12   72
4441  12   73
4442  12   74
4443  12   75
4444  12   76
4445  12   77
4446  12   78
4447  12   79
4448  12   80
4449  12   81
4450  12   82
4451  12   83
4452  12   84
4453  12   85
4454  12   86
4455  12   87
4456  12   88
4457  12   89
4458  12   90
4459  12   91
4460  12   92
4461  12   93
4462  12   94
4463  12   95
4464  12   96
4465  12   97
4466  12   98
4467  12   99
4468  12  100
4469  12  101
4470  12  102
4471  12  103
4472  12  104
4473  12  105
4474  12  106
4475  12  107
4476  12  108
4477  12  109
4478  12  110
4479  12  111
4480  12  112
4481  12  113
4482  12  114
4483  12  115
4484  12  116
4485  12  117
4486  12  118
4487  12  119
4488  12  120
4489  12  121
4490  12  122
4491  12  123
4492  12  124
4493  12  125
4494  12  126
4495  12  127
4496  12  128
4497  12  129
4498  12  130
4499  12  131
4500  12  132
4501  12  133
4502  12  134
4503  12  135
4504  12  136
4505  12  137
4506  12  138
4507  12  139
4508  12  140
4509  12  141
4510  12  142
4511  12  143
4512  12  144
4513  12  145
4514  12  146
4515  12  147
4516  12  148
4517  12  149
4518  12  150
4519  12  151
4520  12  152
4521  12  153
4522  12  154
4523  12  155
4524  12  156
4525  12  157
4526  12  158
4527  12  159
4528  12  160
4529  12  161
4530  12  162
4531  12  163
4532  12  164
4533  12  165
4534  12  166
4535  12  167
4536  12  168
4537  13    1
4538  13    2
4539  13    3
4540  13    4
4541  13    5
4542  13    6
4543  13    7
4544  13    8
4545  13    9
4546  13   10
4547  13   11
4548  13   12
4549  13   13
4550  13   14
4551  13   15
4552  13   16
4553  13   17
4554  13   18
4555  13   19
4556  13   20
4557  13   21
4558  13   22
4559  13   23
4560  13   24
4561  13   25
4562  13   26
4563  13   27
4564  13   28
4565  13   29
4566  13   30
4567  13   31
4568  13   32
4569  13   33
4570  13   34
4571  13   35
4572  13   36
4573  13   37
4574  13   38
4575  13   39
4576  13   40
4577  13   41
4578  13   42
4579  13   43
4580  13   44
4581  13   45
4582  13   46
4583  13   47
4584  13   48
4585  13   49
4586  13   50
4587  13   51
4588  13   52
4589  13   53
4590  13   54
4591  13   55
4592  13   56
4593  13   57
4594  13   58
4595  13   59
4596  13   60
4597  13   61
4598  13   62
4599  13   63
4600  13   64
4601  13   65
4602  13   66
4603  13   67
4604  13   68
4605  13   69
4606  13   70
4607  13   71
4608  13   72
4609  13   73
4610  13   74
4611  13   75
4612  13   76
4613  13   77
4614  13   78
4615  13   79
4616  13   80
4617  13   81
4618  13   82
4619  13   83
4620  13   84
4621  13   85
4622  13   86
4623  13   87
4624  13   88
4625  13   89
4626  13   90
4627  13   91
4628  13   92
4629  13   93
4630  13   94
4631  13   95
4632  13   96
4633  13   97
4634  13   98
4635  13   99
4636  13  100
4637  13  101
4638  13  102
4639  13  103
4640  13  104
4641  13  105
4642  13  106
4643  13  107
4644  13  108
4645  13  109
4646  13  110
4647  13  111
4648  13  112
4649  13  113
4650  13  114
4651  13  115
4652  13  116
4653  13  117
4654  13  118
4655  13  119
4656  13  120
4657  13  121
4658  13  122
4659  13  123
4660  13  124
4661  13  125
4662  13  126
4663  13  127
4664  13  128
4665  13  129
4666  13  130
4667  13  131
4668  13  132
4669  13  133
4670  13  134
4671  13  135
4672  13  136
4673  13  137
4674  13  138
4675  13  139
4676  13  140
4677  13  141
4678  13  142
4679  13  143
4680  13  144
4681  13  145
4682  13  146
4683  13  147
4684  13  148
4685  13  149
4686  13  150
4687  13  151
4688  13  152
4689  13  153
4690  13  154
4691  13  155
4692  13  156
4693  13  157
4694  13  158
4695  13  159
4696  13  160
4697  13  161
4698  13  162
4699  13  163
4700  13  164
4701  13  165
4702  13  166
4703  13  167
4704  13  168
4705  14    1
4706  14    2
4707  14    3
4708  14    4
4709  14    5
4710  14    6
4711  14    7
4712  14    8
4713  14    9
4714  14   10
4715  14   11
4716  14   12
4717  14   13
4718  14   14
4719  14   15
4720  14   16
4721  14   17
4722  14   18
4723  14   19
4724  14   20
4725  14   21
4726  14   22
4727  14   23
4728  14   24
4729  14   25
4730  14   26
4731  14   27
4732  14   28
4733  14   29
4734  14   30
4735  14   31
4736  14   32
4737  14   33
4738  14   34
4739  14   35
4740  14   36
4741  14   37
4742  14   38
4743  14   39
4744  14   40
4745  14   41
4746  14   42
4747  14   43
4748  14   44
4749  14   45
4750  14   46
4751  14   47
4752  14   48
4753  14   49
4754  14   50
4755  14   51
4756  14   52
4757  14   53
4758  14   54
4759  14   55
4760  14   56
4761  14   57
4762  14   58
4763  14   59
4764  14   60
4765  14   61
4766  14   62
4767  14   63
4768  14   64
4769  14   65
4770  14   66
4771  14   67
4772  14   68
4773  14   69
4774  14   70
4775  14   71
4776  14   72
4777  14   73
4778  14   74
4779  14   75
4780  14   76
4781  14   77
4782  14   78
4783  14   79
4784  14   80
4785  14   81
4786  14   82
4787  14   83
4788  14   84
4789  14   85
4790  14   86
4791  14   87
4792  14   88
4793  14   89
4794  14   90
4795  14   91
4796  14   92
4797  14   93
4798  14   94
4799  14   95
4800  14   96
4801  14   97
4802  14   98
4803  14   99
4804  14  100
4805  14  101
4806  14  102
4807  14  103
4808  14  104
4809  14  105
4810  14  106
4811  14  107
4812  14  108
4813  14  109
4814  14  110
4815  14  111
4816  14  112
4817  14  113
4818  14  114
4819  14  115
4820  14  116
4821  14  117
4822  14  118
4823  14  119
4824  14  120
4825  14  121
4826  14  122
4827  14  123
4828  14  124
4829  14  125
4830  14  126
4831  14  127
4832  14  128
4833  14  129
4834  14  130
4835  14  131
4836  14  132
4837  14  133
4838  14  134
4839  14  135
4840  14  136
4841  14  137
4842  14  138
4843  14  139
4844  14  140
4845  14  141
4846  14  142
4847  14  143
4848  14  144
4849  14  145
4850  14  146
4851  14  147
4852  14  148
4853  14  149
4854  14  150
4855  14  151
4856  14  152
4857  14  153
4858  14  154
4859  14  155
4860  14  156
4861  14  157
4862  14  158
4863  14  159
4864  14  160
4865  14  161
4866  14  162
4867  14  163
4868  14  164
4869  14  165
4870  14  166
4871  14  167
4872  14  168
4873  12    1
4874  12    2
4875  12    3
4876  12    4
4877  12    5
4878  12    6
4879  12    7
4880  12    8
4881  12    9
4882  12   10
4883  12   11
4884  12   12
4885  12   13
4886  12   14
4887  12   15
4888  12   16
4889  12   17
4890  12   18
4891  12   19
4892  12   20
4893  12   21
4894  12   22
4895  12   23
4896  12   24
4897  12   25
4898  12   26
4899  12   27
4900  12   28
4901  12   29
4902  12   30
4903  12   31
4904  12   32
4905  12   33
4906  12   34
4907  12   35
4908  12   36
4909  12   37
4910  12   38
4911  12   39
4912  12   40
4913  12   41
4914  12   42
4915  12   43
4916  12   44
4917  12   45
4918  12   46
4919  12   47
4920  12   48
4921  12   49
4922  12   50
4923  12   51
4924  12   52
4925  12   53
4926  12   54
4927  12   55
4928  12   56
4929  12   57
4930  12   58
4931  12   59
4932  12   60
4933  12   61
4934  12   62
4935  12   63
4936  12   64
4937  12   65
4938  12   66
4939  12   67
4940  12   68
4941  12   69
4942  12   70
4943  12   71
4944  12   72
4945  12   73
4946  12   74
4947  12   75
4948  12   76
4949  12   77
4950  12   78
4951  12   79
4952  12   80
4953  12   81
4954  12   82
4955  12   83
4956  12   84
4957  12   85
4958  12   86
4959  12   87
4960  12   88
4961  12   89
4962  12   90
4963  12   91
4964  12   92
4965  12   93
4966  12   94
4967  12   95
4968  12   96
4969  12   97
4970  12   98
4971  12   99
4972  12  100
4973  12  101
4974  12  102
4975  12  103
4976  12  104
4977  12  105
4978  12  106
4979  12  107
4980  12  108
4981  12  109
4982  12  110
4983  12  111
4984  12  112
4985  12  113
4986  12  114
4987  12  115
4988  12  116
4989  12  117
4990  12  118
4991  12  119
4992  12  120
4993  12  121
4994  12  122
4995  12  123
4996  12  124
4997  12  125
4998  12  126
4999  12  127
5000  12  128
5001  12  129
5002  12  130
5003  12  131
5004  12  132
5005  12  133
5006  12  134
5007  12  135
5008  12  136
5009  12  137
5010  12  138
5011  12  139
5012  12  140
5013  12  141
5014  12  142
5015  12  143
5016  12  144
5017  12  145
5018  12  146
5019  12  147
5020  12  148
5021  12  149
5022  12  150
5023  12  151
5024  12  152
5025  12  153
5026  12  154
5027  12  155
5028  12  156
5029  12  157
5030  12  158
5031  12  159
5032  12  160
5033  12  161
5034  12  162
5035  12  163
5036  12  164
5037  12  165
5038  12  166
5039  12  167
5040  12  168
5041  12    1
5042  12    2
5043  12    3
5044  12    4
5045  12    5
5046  12    6
5047  12    7
5048  12    8
5049  12    9
5050  12   10
5051  12   11
5052  12   12
5053  12   13
5054  12   14
5055  12   15
5056  12   16
5057  12   17
5058  12   18
5059  12   19
5060  12   20
5061  12   21
5062  12   22
5063  12   23
5064  12   24
5065  12   25
5066  12   26
5067  12   27
5068  12   28
5069  12   29
5070  12   30
5071  12   31
5072  12   32
5073  12   33
5074  12   34
5075  12   35
5076  12   36
5077  12   37
5078  12   38
5079  12   39
5080  12   40
5081  12   41
5082  12   42
5083  12   43
5084  12   44
5085  12   45
5086  12   46
5087  12   47
5088  12   48
5089  12   49
5090  12   50
5091  12   51
5092  12   52
5093  12   53
5094  12   54
5095  12   55
5096  12   56
5097  12   57
5098  12   58
5099  12   59
5100  12   60
5101  12   61
5102  12   62
5103  12   63
5104  12   64
5105  12   65
5106  12   66
5107  12   67
5108  12   68
5109  12   69
5110  12   70
5111  12   71
5112  12   72
5113  12   73
5114  12   74
5115  12   75
5116  12   76
5117  12   77
5118  12   78
5119  12   79
5120  12   80
5121  12   81
5122  12   82
5123  12   83
5124  12   84
5125  12   85
5126  12   86
5127  12   87
5128  12   88
5129  12   89
5130  12   90
5131  12   91
5132  12   92
5133  12   93
5134  12   94
5135  12   95
5136  12   96
5137  12   97
5138  12   98
5139  12   99
5140  12  100
5141  12  101
5142  12  102
5143  12  103
5144  12  104
5145  12  105
5146  12  106
5147  12  107
5148  12  108
5149  12  109
5150  12  110
5151  12  111
5152  12  112
5153  12  113
5154  12  114
5155  12  115
5156  12  116
5157  12  117
5158  12  118
5159  12  119
5160  12  120
5161  12  121
5162  12  122
5163  12  123
5164  12  124
5165  12  125
5166  12  126
5167  12  127
5168  12  128
5169  12  129
5170  12  130
5171  12  131
5172  12  132
5173  12  133
5174  12  134
5175  12  135
5176  12  136
5177  12  137
5178  12  138
5179  12  139
5180  12  140
5181  12  141
5182  12  142
5183  12  143
5184  12  144
5185  12  145
5186  12  146
5187  12  147
5188  12  148
5189  12  149
5190  12  150
5191  12  151
5192  12  152
5193  12  153
5194  12  154
5195  12  155
5196  12  156
5197  12  157
5198  12  158
5199  12  159
5200  12  160
5201  12  161
5202  12  162
5203  12  163
5204  12  164
5205  12  165
5206  12  166
5207  12  167
5208  12  168
5209  12    1
5210  12    2
5211  12    3
5212  12    4
5213  12    5
5214  12    6
5215  12    7
5216  12    8
5217  12    9
5218  12   10
5219  12   11
5220  12   12
5221  12   13
5222  12   14
5223  12   15
5224  12   16
5225  12   17
5226  12   18
5227  12   19
5228  12   20
5229  12   21
5230  12   22
5231  12   23
5232  12   24
5233  12   25
5234  12   26
5235  12   27
5236  12   28
5237  12   29
5238  12   30
5239  12   31
5240  12   32
5241  12   33
5242  12   34
5243  12   35
5244  12   36
5245  12   37
5246  12   38
5247  12   39
5248  12   40
5249  12   41
5250  12   42
5251  12   43
5252  12   44
5253  12   45
5254  12   46
5255  12   47
5256  12   48
5257  12   49
5258  12   50
5259  12   51
5260  12   52
5261  12   53
5262  12   54
5263  12   55
5264  12   56
5265  12   57
5266  12   58
5267  12   59
5268  12   60
5269  12   61
5270  12   62
5271  12   63
5272  12   64
5273  12   65
5274  12   66
5275  12   67
5276  12   68
5277  12   69
5278  12   70
5279  12   71
5280  12   72
5281  12   73
5282  12   74
5283  12   75
5284  12   76
5285  12   77
5286  12   78
5287  12   79
5288  12   80
5289  12   81
5290  12   82
5291  12   83
5292  12   84
5293  12   85
5294  12   86
5295  12   87
5296  12   88
5297  12   89
5298  12   90
5299  12   91
5300  12   92
5301  12   93
5302  12   94
5303  12   95
5304  12   96
5305  12   97
5306  12   98
5307  12   99
5308  12  100
5309  12  101
5310  12  102
5311  12  103
5312  12  104
5313  12  105
5314  12  106
5315  12  107
5316  12  108
5317  12  109
5318  12  110
5319  12  111
5320  12  112
5321  12  113
5322  12  114
5323  12  115
5324  12  116
5325  12  117
5326  12  118
5327  12  119
5328  12  120
5329  12  121
5330  12  122
5331  12  123
5332  12  124
5333  12  125
5334  12  126
5335  12  127
5336  12  128
5337  12  129
5338  12  130
5339  12  131
5340  12  132
5341  12  133
5342  12  134
5343  12  135
5344  12  136
5345  12  137
5346  12  138
5347  12  139
5348  12  140
5349  12  141
5350  12  142
5351  12  143
5352  12  144
5353  12  145
5354  12  146
5355  12  147
5356  12  148
5357  12  149
5358  12  150
5359  12  151
5360  12  152
5361  12  153
5362  12  154
5363  12  155
5364  12  156
5365  12  157
5366  12  158
5367  12  159
5368  12  160
5369  12  161
5370  12  162
5371  12  163
5372  12  164
5373  12  165
5374  12  166
5375  12  167
5376  12  168
5377  14    1
5378  14    2
5379  14    3
5380  14    4
5381  14    5
5382  14    6
5383  14    7
5384  14    8
5385  14    9
5386  14   10
5387  14   11
5388  14   12
5389  14   13
5390  14   14
5391  14   15
5392  14   16
5393  14   17
5394  14   18
5395  14   19
5396  14   20
5397  14   21
5398  14   22
5399  14   23
5400  14   24
5401  14   25
5402  14   26
5403  14   27
5404  14   28
5405  14   29
5406  14   30
5407  14   31
5408  14   32
5409  14   33
5410  14   34
5411  14   35
5412  14   36
5413  14   37
5414  14   38
5415  14   39
5416  14   40
5417  14   41
5418  14   42
5419  14   43
5420  14   44
5421  14   45
5422  14   46
5423  14   47
5424  14   48
5425  14   49
5426  14   50
5427  14   51
5428  14   52
5429  14   53
5430  14   54
5431  14   55
5432  14   56
5433  14   57
5434  14   58
5435  14   59
5436  14   60
5437  14   61
5438  14   62
5439  14   63
5440  14   64
5441  14   65
5442  14   66
5443  14   67
5444  14   68
5445  14   69
5446  14   70
5447  14   71
5448  14   72
5449  14   73
5450  14   74
5451  14   75
5452  14   76
5453  14   77
5454  14   78
5455  14   79
5456  14   80
5457  14   81
5458  14   82
5459  14   83
5460  14   84
5461  14   85
5462  14   86
5463  14   87
5464  14   88
5465  14   89
5466  14   90
5467  14   91
5468  14   92
5469  14   93
5470  14   94
5471  14   95
5472  14   96
5473  14   97
5474  14   98
5475  14   99
5476  14  100
5477  14  101
5478  14  102
5479  14  103
5480  14  104
5481  14  105
5482  14  106
5483  14  107
5484  14  108
5485  14  109
5486  14  110
5487  14  111
5488  14  112
5489  14  113
5490  14  114
5491  14  115
5492  14  116
5493  14  117
5494  14  118
5495  14  119
5496  14  120
5497  14  121
5498  14  122
5499  14  123
5500  14  124
5501  14  125
5502  14  126
5503  14  127
5504  14  128
5505  14  129
5506  14  130
5507  14  131
5508  14  132
5509  14  133
5510  14  134
5511  14  135
5512  14  136
5513  14  137
5514  14  138
5515  14  139
5516  14  140
5517  14  141
5518  14  142
5519  14  143
5520  14  144
5521  14  145
5522  14  146
5523  14  147
5524  14  148
5525  14  149
5526  14  150
5527  14  151
5528  14  152
5529  14  153
5530  14  154
5531  14  155
5532  14  156
5533  14  157
5534  14  158
5535  14  159
5536  14  160
5537  14  161
5538  14  162
5539  14  163
5540  14  164
5541  14  165
5542  14  166
5543  14  167
5544  14  168
5545  12    1
5546  12    2
5547  12    3
5548  12    4
5549  12    5
5550  12    6
5551  12    7
5552  12    8
5553  12    9
5554  12   10
5555  12   11
5556  12   12
5557  12   13
5558  12   14
5559  12   15
5560  12   16
5561  12   17
5562  12   18
5563  12   19
5564  12   20
5565  12   21
5566  12   22
5567  12   23
5568  12   24
5569  12   25
5570  12   26
5571  12   27
5572  12   28
5573  12   29
5574  12   30
5575  12   31
5576  12   32
5577  12   33
5578  12   34
5579  12   35
5580  12   36
5581  12   37
5582  12   38
5583  12   39
5584  12   40
5585  12   41
5586  12   42
5587  12   43
5588  12   44
5589  12   45
5590  12   46
5591  12   47
5592  12   48
5593  12   49
5594  12   50
5595  12   51
5596  12   52
5597  12   53
5598  12   54
5599  12   55
5600  12   56
5601  12   57
5602  12   58
5603  12   59
5604  12   60
5605  12   61
5606  12   62
5607  12   63
5608  12   64
5609  12   65
5610  12   66
5611  12   67
5612  12   68
5613  12   69
5614  12   70
5615  12   71
5616  12   72
5617  12   73
5618  12   74
5619  12   75
5620  12   76
5621  12   77
5622  12   78
5623  12   79
5624  12   80
5625  12   81
5626  12   82
5627  12   83
5628  12   84
5629  12   85
5630  12   86
5631  12   87
5632  12   88
5633  12   89
5634  12   90
5635  12   91
5636  12   92
5637  12   93
5638  12   94
5639  12   95
5640  12   96
5641  12   97
5642  12   98
5643  12   99
5644  12  100
5645  12  101
5646  12  102
5647  12  103
5648  12  104
5649  12  105
5650  12  106
5651  12  107
5652  12  108
5653  12  109
5654  12  110
5655  12  111
5656  12  112
5657  12  113
5658  12  114
5659  12  115
5660  12  116
5661  12  117
5662  12  118
5663  12  119
5664  12  120
5665  12  121
5666  12  122
5667  12  123
5668  12  124
5669  12  125
5670  12  126
5671  12  127
5672  12  128
5673  12  129
5674  12  130
5675  12  131
5676  12  132
5677  12  133
5678  12  134
5679  12  135
5680  12  136
5681  12  137
5682  12  138
5683  12  139
5684  12  140
5685  12  141
5686  12  142
5687  12  143
5688  12  144
5689  12  145
5690  12  146
5691  12  147
5692  12  148
5693  12  149
5694  12  150
5695  12  151
5696  12  152
5697  12  153
5698  12  154
5699  12  155
5700  12  156
5701  12  157
5702  12  158
5703  12  159
5704  12  160
5705  12  161
5706  12  162
5707  12  163
5708  12  164
5709  12  165
5710  12  166
5711  12  167
5712  12  168
5713  12    1
5714  12    2
5715  12    3
5716  12    4
5717  12    5
5718  12    6
5719  12    7
5720  12    8
5721  12    9
5722  12   10
5723  12   11
5724  12   12
5725  12   13
5726  12   14
5727  12   15
5728  12   16
5729  12   17
5730  12   18
5731  12   19
5732  12   20
5733  12   21
5734  12   22
5735  12   23
5736  12   24
5737  12   25
5738  12   26
5739  12   27
5740  12   28
5741  12   29
5742  12   30
5743  12   31
5744  12   32
5745  12   33
5746  12   34
5747  12   35
5748  12   36
5749  12   37
5750  12   38
5751  12   39
5752  12   40
5753  12   41
5754  12   42
5755  12   43
5756  12   44
5757  12   45
5758  12   46
5759  12   47
5760  12   48
5761  12   49
5762  12   50
5763  12   51
5764  12   52
5765  12   53
5766  12   54
5767  12   55
5768  12   56
5769  12   57
5770  12   58
5771  12   59
5772  12   60
5773  12   61
5774  12   62
5775  12   63
5776  12   64
5777  12   65
5778  12   66
5779  12   67
5780  12   68
5781  12   69
5782  12   70
5783  12   71
5784  12   72
5785  12   73
5786  12   74
5787  12   75
5788  12   76
5789  12   77
5790  12   78
5791  12   79
5792  12   80
5793  12   81
5794  12   82
5795  12   83
5796  12   84
5797  12   85
5798  12   86
5799  12   87
5800  12   88
5801  12   89
5802  12   90
5803  12   91
5804  12   92
5805  12   93
5806  12   94
5807  12   95
5808  12   96
5809  12   97
5810  12   98
5811  12   99
5812  12  100
5813  12  101
5814  12  102
5815  12  103
5816  12  104
5817  12  105
5818  12  106
5819  12  107
5820  12  108
5821  12  109
5822  12  110
5823  12  111
5824  12  112
5825  12  113
5826  12  114
5827  12  115
5828  12  116
5829  12  117
5830  12  118
5831  12  119
5832  12  120
5833  12  121
5834  12  122
5835  12  123
5836  12  124
5837  12  125
5838  12  126
5839  12  127
5840  12  128
5841  12  129
5842  12  130
5843  12  131
5844  12  132
5845  12  133
5846  12  134
5847  12  135
5848  12  136
5849  12  137
5850  12  138
5851  12  139
5852  12  140
5853  12  141
5854  12  142
5855  12  143
5856  12  144
5857  12  145
5858  12  146
5859  12  147
5860  12  148
5861  12  149
5862  12  150
5863  12  151
5864  12  152
5865  12  153
5866  12  154
5867  12  155
5868  12  156
5869  12  157
5870  12  158
5871  12  159
5872  12  160
5873  12  161
5874  12  162
5875  12  163
5876  12  164
5877  12  165
5878  12  166
5879  12  167
5880  12  168
5881  11    1
5882  11    2
5883  11    3
5884  11    4
5885  11    5
5886  11    6
5887  11    7
5888  11    8
5889  11    9
5890  11   10
5891  11   11
5892  11   12
5893  11   13
5894  11   14
5895  11   15
5896  11   16
5897  11   17
5898  11   18
5899  11   19
5900  11   20
5901  11   21
5902  11   22
5903  11   23
5904  11   24
5905  11   25
5906  11   26
5907  11   27
5908  11   28
5909  11   29
5910  11   30
5911  11   31
5912  11   32
5913  11   33
5914  11   34
5915  11   35
5916  11   36
5917  11   37
5918  11   38
5919  11   39
5920  11   40
5921  11   41
5922  11   42
5923  11   43
5924  11   44
5925  11   45
5926  11   46
5927  11   47
5928  11   48
5929  11   49
5930  11   50
5931  11   51
5932  11   52
5933  11   53
5934  11   54
5935  11   55
5936  11   56
5937  11   57
5938  11   58
5939  11   59
5940  11   60
5941  11   61
5942  11   62
5943  11   63
5944  11   64
5945  11   65
5946  11   66
5947  11   67
5948  11   68
5949  11   69
5950  11   70
5951  11   71
5952  11   72
5953  11   73
5954  11   74
5955  11   75
5956  11   76
5957  11   77
5958  11   78
5959  11   79
5960  11   80
5961  11   81
5962  11   82
5963  11   83
5964  11   84
5965  11   85
5966  11   86
5967  11   87
5968  11   88
5969  11   89
5970  11   90
5971  11   91
5972  11   92
5973  11   93
5974  11   94
5975  11   95
5976  11   96
5977  11   97
5978  11   98
5979  11   99
5980  11  100
5981  11  101
5982  11  102
5983  11  103
5984  11  104
5985  11  105
5986  11  106
5987  11  107
5988  11  108
5989  11  109
5990  11  110
5991  11  111
5992  11  112
5993  11  113
5994  11  114
5995  11  115
5996  11  116
5997  11  117
5998  11  118
5999  11  119
6000  11  120
6001  11  121
6002  11  122
6003  11  123
6004  11  124
6005  11  125
6006  11  126
6007  11  127
6008  11  128
6009  11  129
6010  11  130
6011  11  131
6012  11  132
6013  11  133
6014  11  134
6015  11  135
6016  11  136
6017  11  137
6018  11  138
6019  11  139
6020  11  140
6021  11  141
6022  11  142
6023  11  143
6024  11  144
6025  11  145
6026  11  146
6027  11  147
6028  11  148
6029  11  149
6030  11  150
6031  11  151
6032  11  152
6033  11  153
6034  11  154
6035  11  155
6036  11  156
6037  11  157
6038  11  158
6039  11  159
6040  11  160
6041  11  161
6042  11  162
6043  11  163
6044  11  164
6045  11  165
6046  11  166
6047  11  167
6048  11  168
6049   8    1
6050   8    2
6051   8    3
6052   8    4
6053   8    5
6054   8    6
6055   8    7
6056   8    8
6057   8    9
6058   8   10
6059   8   11
6060   8   12
6061   8   13
6062   8   14
6063   8   15
6064   8   16
6065   8   17
6066   8   18
6067   8   19
6068   8   20
6069   8   21
6070   8   22
6071   8   23
6072   8   24
6073   8   25
6074   8   26
6075   8   27
6076   8   28
6077   8   29
6078   8   30
6079   8   31
6080   8   32
6081   8   33
6082   8   34
6083   8   35
6084   8   36
6085   8   37
6086   8   38
6087   8   39
6088   8   40
6089   8   41
6090   8   42
6091   8   43
6092   8   44
6093   8   45
6094   8   46
6095   8   47
6096   8   48
6097   8   49
6098   8   50
6099   8   51
6100   8   52
6101   8   53
6102   8   54
6103   8   55
6104   8   56
6105   8   57
6106   8   58
6107   8   59
6108   8   60
6109   8   61
6110   8   62
6111   8   63
6112   8   64
6113   8   65
6114   8   66
6115   8   67
6116   8   68
6117   8   69
6118   8   70
6119   8   71
6120   8   72
6121   8   73
6122   8   74
6123   8   75
6124   8   76
6125   8   77
6126   8   78
6127   8   79
6128   8   80
6129   8   81
6130   8   82
6131   8   83
6132   8   84
6133   8   85
6134   8   86
6135   8   87
6136   8   88
6137   8   89
6138   8   90
6139   8   91
6140   8   92
6141   8   93
6142   8   94
6143   8   95
6144   8   96
6145   8   97
6146   8   98
6147   8   99
6148   8  100
6149   8  101
6150   8  102
6151   8  103
6152   8  104
6153   8  105
6154   8  106
6155   8  107
6156   8  108
6157   8  109
6158   8  110
6159   8  111
6160   8  112
6161   8  113
6162   8  114
6163   8  115
6164   8  116
6165   8  117
6166   8  118
6167   8  119
6168   8  120
6169   8  121
6170   8  122
6171   8  123
6172   8  124
6173   8  125
6174   8  126
6175   8  127
6176   8  128
6177   8  129
6178   8  130
6179   8  131
6180   8  132
6181   8  133
6182   8  134
6183   8  135
6184   8  136
6185   8  137
6186   8  138
6187   8  139
6188   8  140
6189   8  141
6190   8  142
6191   8  143
6192   8  144
6193   8  145
6194   8  146
6195   8  147
6196   8  148
6197   8  149
6198   8  150
6199   8  151
6200   8  152
6201   8  153
6202   8  154
6203   8  155
6204   8  156
6205   8  157
6206   8  158
6207   8  159
6208   8  160
6209   8  161
6210   8  162
6211   8  163
6212   8  164
6213   8  165
6214   8  166
6215   8  167
6216   8  168
6217   8    1
6218   8    2
6219   8    3
6220   8    4
6221   8    5
6222   8    6
6223   8    7
6224   8    8
6225   8    9
6226   8   10
6227   8   11
6228   8   12
6229   8   13
6230   8   14
6231   8   15
6232   8   16
6233   8   17
6234   8   18
6235   8   19
6236   8   20
6237   8   21
6238   8   22
6239   8   23
6240   8   24
6241   8   25
6242   8   26
6243   8   27
6244   8   28
6245   8   29
6246   8   30
6247   8   31
6248   8   32
6249   8   33
6250   8   34
6251   8   35
6252   8   36
6253   8   37
6254   8   38
6255   8   39
6256   8   40
6257   8   41
6258   8   42
6259   8   43
6260   8   44
6261   8   45
6262   8   46
6263   8   47
6264   8   48
6265   8   49
6266   8   50
6267   8   51
6268   8   52
6269   8   53
6270   8   54
6271   8   55
6272   8   56
6273   8   57
6274   8   58
6275   8   59
6276   8   60
6277   8   61
6278   8   62
6279   8   63
6280   8   64
6281   8   65
6282   8   66
6283   8   67
6284   8   68
6285   8   69
6286   8   70
6287   8   71
6288   8   72
6289   8   73
6290   8   74
6291   8   75
6292   8   76
6293   8   77
6294   8   78
6295   8   79
6296   8   80
6297   8   81
6298   8   82
6299   8   83
6300   8   84
6301   8   85
6302   8   86
6303   8   87
6304   8   88
6305   8   89
6306   8   90
6307   8   91
6308   8   92
6309   8   93
6310   8   94
6311   8   95
6312   8   96
6313   8   97
6314   8   98
6315   8   99
6316   8  100
6317   8  101
6318   8  102
6319   8  103
6320   8  104
6321   8  105
6322   8  106
6323   8  107
6324   8  108
6325   8  109
6326   8  110
6327   8  111
6328   8  112
6329   8  113
6330   8  114
6331   8  115
6332   8  116
6333   8  117
6334   8  118
6335   8  119
6336   8  120
6337   8  121
6338   8  122
6339   8  123
6340   8  124
6341   8  125
6342   8  126
6343   8  127
6344   8  128
6345   8  129
6346   8  130
6347   8  131
6348   8  132
6349   8  133
6350   8  134
6351   8  135
6352   8  136
6353   8  137
6354   8  138
6355   8  139
6356   8  140
6357   8  141
6358   8  142
6359   8  143
6360   8  144
6361   8  145
6362   8  146
6363   8  147
6364   8  148
6365   8  149
6366   8  150
6367   8  151
6368   8  152
6369   8  153
6370   8  154
6371   8  155
6372   8  156
6373   8  157
6374   8  158
6375   8  159
6376   8  160
6377   8  161
6378   8  162
6379   8  163
6380   8  164
6381   8  165
6382   8  166
6383   8  167
6384   8  168
6385   8    1
6386   8    2
6387   8    3
6388   8    4
6389   8    5
6390   8    6
6391   8    7
6392   8    8
6393   8    9
6394   8   10
6395   8   11
6396   8   12
6397   8   13
6398   8   14
6399   8   15
6400   8   16
6401   8   17
6402   8   18
6403   8   19
6404   8   20
6405   8   21
6406   8   22
6407   8   23
6408   8   24
6409   8   25
6410   8   26
6411   8   27
6412   8   28
6413   8   29
6414   8   30
6415   8   31
6416   8   32
6417   8   33
6418   8   34
6419   8   35
6420   8   36
6421   8   37
6422   8   38
6423   8   39
6424   8   40
6425   8   41
6426   8   42
6427   8   43
6428   8   44
6429   8   45
6430   8   46
6431   8   47
6432   8   48
6433   8   49
6434   8   50
6435   8   51
6436   8   52
6437   8   53
6438   8   54
6439   8   55
6440   8   56
6441   8   57
6442   8   58
6443   8   59
6444   8   60
6445   8   61
6446   8   62
6447   8   63
6448   8   64
6449   8   65
6450   8   66
6451   8   67
6452   8   68
6453   8   69
6454   8   70
6455   8   71
6456   8   72
6457   8   73
6458   8   74
6459   8   75
6460   8   76
6461   8   77
6462   8   78
6463   8   79
6464   8   80
6465   8   81
6466   8   82
6467   8   83
6468   8   84
6469   8   85
6470   8   86
6471   8   87
6472   8   88
6473   8   89
6474   8   90
6475   8   91
6476   8   92
6477   8   93
6478   8   94
6479   8   95
6480   8   96
6481   8   97
6482   8   98
6483   8   99
6484   8  100
6485   8  101
6486   8  102
6487   8  103
6488   8  104
6489   8  105
6490   8  106
6491   8  107
6492   8  108
6493   8  109
6494   8  110
6495   8  111
6496   8  112
6497   8  113
6498   8  114
6499   8  115
6500   8  116
6501   8  117
6502   8  118
6503   8  119
6504   8  120
6505   8  121
6506   8  122
6507   8  123
6508   8  124
6509   8  125
6510   8  126
6511   8  127
6512   8  128
6513   8  129
6514   8  130
6515   8  131
6516   8  132
6517   8  133
6518   8  134
6519   8  135
6520   8  136
6521   8  137
6522   8  138
6523   8  139
6524   8  140
6525   8  141
6526   8  142
6527   8  143
6528   8  144
6529   8  145
6530   8  146
6531   8  147
6532   8  148
6533   8  149
6534   8  150
6535   8  151
6536   8  152
6537   8  153
6538   8  154
6539   8  155
6540   8  156
6541   8  157
6542   8  158
6543   8  159
6544   8  160
6545   8  161
6546   8  162
6547   8  163
6548   8  164
6549   8  165
6550   8  166
6551   8  167
6552   8  168
6553   7    1
6554   7    2
6555   7    3
6556   7    4
6557   7    5
6558   7    6
6559   7    7
6560   7    8
6561   7    9
6562   7   10
6563   7   11
6564   7   12
6565   7   13
6566   7   14
6567   7   15
6568   7   16
6569   7   17
6570   7   18
6571   7   19
6572   7   20
6573   7   21
6574   7   22
6575   7   23
6576   7   24
6577   7   25
6578   7   26
6579   7   27
6580   7   28
6581   7   29
6582   7   30
6583   7   31
6584   7   32
6585   7   33
6586   7   34
6587   7   35
6588   7   36
6589   7   37
6590   7   38
6591   7   39
6592   7   40
6593   7   41
6594   7   42
6595   7   43
6596   7   44
6597   7   45
6598   7   46
6599   7   47
6600   7   48
6601   7   49
6602   7   50
6603   7   51
6604   7   52
6605   7   53
6606   7   54
6607   7   55
6608   7   56
6609   7   57
6610   7   58
6611   7   59
6612   7   60
6613   7   61
6614   7   62
6615   7   63
6616   7   64
6617   7   65
6618   7   66
6619   7   67
6620   7   68
6621   7   69
6622   7   70
6623   7   71
6624   7   72
6625   7   73
6626   7   74
6627   7   75
6628   7   76
6629   7   77
6630   7   78
6631   7   79
6632   7   80
6633   7   81
6634   7   82
6635   7   83
6636   7   84
6637   7   85
6638   7   86
6639   7   87
6640   7   88
6641   7   89
6642   7   90
6643   7   91
6644   7   92
6645   7   93
6646   7   94
6647   7   95
6648   7   96
6649   7   97
6650   7   98
6651   7   99
6652   7  100
6653   7  101
6654   7  102
6655   7  103
6656   7  104
6657   7  105
6658   7  106
6659   7  107
6660   7  108
6661   7  109
6662   7  110
6663   7  111
6664   7  112
6665   7  113
6666   7  114
6667   7  115
6668   7  116
6669   7  117
6670   7  118
6671   7  119
6672   7  120
6673   7  121
6674   7  122
6675   7  123
6676   7  124
6677   7  125
6678   7  126
6679   7  127
6680   7  128
6681   7  129
6682   7  130
6683   7  131
6684   7  132
6685   7  133
6686   7  134
6687   7  135
6688   7  136
6689   7  137
6690   7  138
6691   7  139
6692   7  140
6693   7  141
6694   7  142
6695   7  143
6696   7  144
6697   7  145
6698   7  146
6699   7  147
6700   7  148
6701   7  149
6702   7  150
6703   7  151
6704   7  152
6705   7  153
6706   7  154
6707   7  155
6708   7  156
6709   7  157
6710   7  158
6711   7  159
6712   7  160
6713   7  161
6714   7  162
6715   7  163
6716   7  164
6717   7  165
6718   7  166
6719   7  167
6720   7  168
6721   8    1
6722   8    2
6723   8    3
6724   8    4
6725   8    5
6726   8    6
6727   8    7
6728   8    8
6729   8    9
6730   8   10
6731   8   11
6732   8   12
6733   8   13
6734   8   14
6735   8   15
6736   8   16
6737   8   17
6738   8   18
6739   8   19
6740   8   20
6741   8   21
6742   8   22
6743   8   23
6744   8   24
6745   8   25
6746   8   26
6747   8   27
6748   8   28
6749   8   29
6750   8   30
6751   8   31
6752   8   32
6753   8   33
6754   8   34
6755   8   35
6756   8   36
6757   8   37
6758   8   38
6759   8   39
6760   8   40
6761   8   41
6762   8   42
6763   8   43
6764   8   44
6765   8   45
6766   8   46
6767   8   47
6768   8   48
6769   8   49
6770   8   50
6771   8   51
6772   8   52
6773   8   53
6774   8   54
6775   8   55
6776   8   56
6777   8   57
6778   8   58
6779   8   59
6780   8   60
6781   8   61
6782   8   62
6783   8   63
6784   8   64
6785   8   65
6786   8   66
6787   8   67
6788   8   68
6789   8   69
6790   8   70
6791   8   71
6792   8   72
6793   8   73
6794   8   74
6795   8   75
6796   8   76
6797   8   77
6798   8   78
6799   8   79
6800   8   80
6801   8   81
6802   8   82
6803   8   83
6804   8   84
6805   8   85
6806   8   86
6807   8   87
6808   8   88
6809   8   89
6810   8   90
6811   8   91
6812   8   92
6813   8   93
6814   8   94
6815   8   95
6816   8   96
6817   8   97
6818   8   98
6819   8   99
6820   8  100
6821   8  101
6822   8  102
6823   8  103
6824   8  104
6825   8  105
6826   8  106
6827   8  107
6828   8  108
6829   8  109
6830   8  110
6831   8  111
6832   8  112
6833   8  113
6834   8  114
6835   8  115
6836   8  116
6837   8  117
6838   8  118
6839   8  119
6840   8  120
6841   8  121
6842   8  122
6843   8  123
6844   8  124
6845   8  125
6846   8  126
6847   8  127
6848   8  128
6849   8  129
6850   8  130
6851   8  131
6852   8  132
6853   8  133
6854   8  134
6855   8  135
6856   8  136
6857   8  137
6858   8  138
6859   8  139
6860   8  140
6861   8  141
6862   8  142
6863   8  143
6864   8  144
6865   8  145
6866   8  146
6867   8  147
6868   8  148
6869   8  149
6870   8  150
6871   8  151
6872   8  152
6873   8  153
6874   8  154
6875   8  155
6876   8  156
6877   8  157
6878   8  158
6879   8  159
6880   8  160
6881   8  161
6882   8  162
6883   8  163
6884   8  164
6885   8  165
6886   8  166
6887   8  167
6888   8  168
6889   8    1
6890   8    2
6891   8    3
6892   8    4
6893   8    5
6894   8    6
6895   8    7
6896   8    8
6897   8    9
6898   8   10
6899   8   11
6900   8   12
6901   8   13
6902   8   14
6903   8   15
6904   8   16
6905   8   17
6906   8   18
6907   8   19
6908   8   20
6909   8   21
6910   8   22
6911   8   23
6912   8   24
6913   8   25
6914   8   26
6915   8   27
6916   8   28
6917   8   29
6918   8   30
6919   8   31
6920   8   32
6921   8   33
6922   8   34
6923   8   35
6924   8   36
6925   8   37
6926   8   38
6927   8   39
6928   8   40
6929   8   41
6930   8   42
6931   8   43
6932   8   44
6933   8   45
6934   8   46
6935   8   47
6936   8   48
6937   8   49
6938   8   50
6939   8   51
6940   8   52
6941   8   53
6942   8   54
6943   8   55
6944   8   56
6945   8   57
6946   8   58
6947   8   59
6948   8   60
6949   8   61
6950   8   62
6951   8   63
6952   8   64
6953   8   65
6954   8   66
6955   8   67
6956   8   68
6957   8   69
6958   8   70
6959   8   71
6960   8   72
6961   8   73
6962   8   74
6963   8   75
6964   8   76
6965   8   77
6966   8   78
6967   8   79
6968   8   80
6969   8   81
6970   8   82
6971   8   83
6972   8   84
6973   8   85
6974   8   86
6975   8   87
6976   8   88
6977   8   89
6978   8   90
6979   8   91
6980   8   92
6981   8   93
6982   8   94
6983   8   95
6984   8   96
6985   8   97
6986   8   98
6987   8   99
6988   8  100
6989   8  101
6990   8  102
6991   8  103
6992   8  104
6993   8  105
6994   8  106
6995   8  107
6996   8  108
6997   8  109
6998   8  110
6999   8  111
7000   8  112
7001   8  113
7002   8  114
7003   8  115
7004   8  116
7005   8  117
7006   8  118
7007   8  119
7008   8  120
7009   8  121
7010   8  122
7011   8  123
7012   8  124
7013   8  125
7014   8  126
7015   8  127
7016   8  128
7017   8  129
7018   8  130
7019   8  131
7020   8  132
7021   8  133
7022   8  134
7023   8  135
7024   8  136
7025   8  137
7026   8  138
7027   8  139
7028   8  140
7029   8  141
7030   8  142
7031   8  143
7032   8  144
7033   8  145
7034   8  146
7035   8  147
7036   8  148
7037   8  149
7038   8  150
7039   8  151
7040   8  152
7041   8  153
7042   8  154
7043   8  155
7044   8  156
7045   8  157
7046   8  158
7047   8  159
7048   8  160
7049   8  161
7050   8  162
7051   8  163
7052   8  164
7053   8  165
7054   8  166
7055   8  167
7056   8  168
7057  15    1
7058  15    2
7059  15    3
7060  15    4
7061  15    5
7062  15    6
7063  15    7
7064  15    8
7065  15    9
7066  15   10
7067  15   11
7068  15   12
7069  15   13
7070  15   14
7071  15   15
7072  15   16
7073  15   17
7074  15   18
7075  15   19
7076  15   20
7077  15   21
7078  15   22
7079  15   23
7080  15   24
7081  15   25
7082  15   26
7083  15   27
7084  15   28
7085  15   29
7086  15   30
7087  15   31
7088  15   32
7089  15   33
7090  15   34
7091  15   35
7092  15   36
7093  15   37
7094  15   38
7095  15   39
7096  15   40
7097  15   41
7098  15   42
7099  15   43
7100  15   44
7101  15   45
7102  15   46
7103  15   47
7104  15   48
7105  15   49
7106  15   50
7107  15   51
7108  15   52
7109  15   53
7110  15   54
7111  15   55
7112  15   56
7113  15   57
7114  15   58
7115  15   59
7116  15   60
7117  15   61
7118  15   62
7119  15   63
7120  15   64
7121  15   65
7122  15   66
7123  15   67
7124  15   68
7125  15   69
7126  15   70
7127  15   71
7128  15   72
7129  15   73
7130  15   74
7131  15   75
7132  15   76
7133  15   77
7134  15   78
7135  15   79
7136  15   80
7137  15   81
7138  15   82
7139  15   83
7140  15   84
7141  15   85
7142  15   86
7143  15   87
7144  15   88
7145  15   89
7146  15   90
7147  15   91
7148  15   92
7149  15   93
7150  15   94
7151  15   95
7152  15   96
7153  15   97
7154  15   98
7155  15   99
7156  15  100
7157  15  101
7158  15  102
7159  15  103
7160  15  104
7161  15  105
7162  15  106
7163  15  107
7164  15  108
7165  15  109
7166  15  110
7167  15  111
7168  15  112
7169  15  113
7170  15  114
7171  15  115
7172  15  116
7173  15  117
7174  15  118
7175  15  119
7176  15  120
7177  15  121
7178  15  122
7179  15  123
7180  15  124
7181  15  125
7182  15  126
7183  15  127
7184  15  128
7185  15  129
7186  15  130
7187  15  131
7188  15  132
7189  15  133
7190  15  134
7191  15  135
7192  15  136
7193  15  137
7194  15  138
7195  15  139
7196  15  140
7197  15  141
7198  15  142
7199  15  143
7200  15  144
7201  15  145
7202  15  146
7203  15  147
7204  15  148
7205  15  149
7206  15  150
7207  15  151
7208  15  152
7209  15  153
7210  15  154
7211  15  155
7212  15  156
7213  15  157
7214  15  158
7215  15  159
7216  15  160
7217  15  161
7218  15  162
7219  15  163
7220  15  164
7221  15  165
7222  15  166
7223  15  167
7224  15  168
7225  15    1
7226  15    2
7227  15    3
7228  15    4
7229  15    5
7230  15    6
7231  15    7
7232  15    8
7233  15    9
7234  15   10
7235  15   11
7236  15   12
7237  15   13
7238  15   14
7239  15   15
7240  15   16
7241  15   17
7242  15   18
7243  15   19
7244  15   20
7245  15   21
7246  15   22
7247  15   23
7248  15   24
7249  15   25
7250  15   26
7251  15   27
7252  15   28
7253  15   29
7254  15   30
7255  15   31
7256  15   32
7257  15   33
7258  15   34
7259  15   35
7260  15   36
7261  15   37
7262  15   38
7263  15   39
7264  15   40
7265  15   41
7266  15   42
7267  15   43
7268  15   44
7269  15   45
7270  15   46
7271  15   47
7272  15   48
7273  15   49
7274  15   50
7275  15   51
7276  15   52
7277  15   53
7278  15   54
7279  15   55
7280  15   56
7281  15   57
7282  15   58
7283  15   59
7284  15   60
7285  15   61
7286  15   62
7287  15   63
7288  15   64
7289  15   65
7290  15   66
7291  15   67
7292  15   68
7293  15   69
7294  15   70
7295  15   71
7296  15   72
7297  15   73
7298  15   74
7299  15   75
7300  15   76
7301  15   77
7302  15   78
7303  15   79
7304  15   80
7305  15   81
7306  15   82
7307  15   83
7308  15   84
7309  15   85
7310  15   86
7311  15   87
7312  15   88
7313  15   89
7314  15   90
7315  15   91
7316  15   92
7317  15   93
7318  15   94
7319  15   95
7320  15   96
7321  15   97
7322  15   98
7323  15   99
7324  15  100
7325  15  101
7326  15  102
7327  15  103
7328  15  104
7329  15  105
7330  15  106
7331  15  107
7332  15  108
7333  15  109
7334  15  110
7335  15  111
7336  15  112
7337  15  113
7338  15  114
7339  15  115
7340  15  116
7341  15  117
7342  15  118
7343  15  119
7344  15  120
7345  15  121
7346  15  122
7347  15  123
7348  15  124
7349  15  125
7350  15  126
7351  15  127
7352  15  128
7353  15  129
7354  15  130
7355  15  131
7356  15  132
7357  15  133
7358  15  134
7359  15  135
7360  15  136
7361  15  137
7362  15  138
7363  15  139
7364  15  140
7365  15  141
7366  15  142
7367  15  143
7368  15  144
7369  15  145
7370  15  146
7371  15  147
7372  15  148
7373  15  149
7374  15  150
7375  15  151
7376  15  152
7377  15  153
7378  15  154
7379  15  155
7380  15  156
7381  15  157
7382  15  158
7383  15  159
7384  15  160
7385  15  161
7386  15  162
7387  15  163
7388  15  164
7389  15  165
7390  15  166
7391  15  167
7392  15  168
7393  15    1
7394  15    2
7395  15    3
7396  15    4
7397  15    5
7398  15    6
7399  15    7
7400  15    8
7401  15    9
7402  15   10
7403  15   11
7404  15   12
7405  15   13
7406  15   14
7407  15   15
7408  15   16
7409  15   17
7410  15   18
7411  15   19
7412  15   20
7413  15   21
7414  15   22
7415  15   23
7416  15   24
7417  15   25
7418  15   26
7419  15   27
7420  15   28
7421  15   29
7422  15   30
7423  15   31
7424  15   32
7425  15   33
7426  15   34
7427  15   35
7428  15   36
7429  15   37
7430  15   38
7431  15   39
7432  15   40
7433  15   41
7434  15   42
7435  15   43
7436  15   44
7437  15   45
7438  15   46
7439  15   47
7440  15   48
7441  15   49
7442  15   50
7443  15   51
7444  15   52
7445  15   53
7446  15   54
7447  15   55
7448  15   56
7449  15   57
7450  15   58
7451  15   59
7452  15   60
7453  15   61
7454  15   62
7455  15   63
7456  15   64
7457  15   65
7458  15   66
7459  15   67
7460  15   68
7461  15   69
7462  15   70
7463  15   71
7464  15   72
7465  15   73
7466  15   74
7467  15   75
7468  15   76
7469  15   77
7470  15   78
7471  15   79
7472  15   80
7473  15   81
7474  15   82
7475  15   83
7476  15   84
7477  15   85
7478  15   86
7479  15   87
7480  15   88
7481  15   89
7482  15   90
7483  15   91
7484  15   92
7485  15   93
7486  15   94
7487  15   95
7488  15   96
7489  15   97
7490  15   98
7491  15   99
7492  15  100
7493  15  101
7494  15  102
7495  15  103
7496  15  104
7497  15  105
7498  15  106
7499  15  107
7500  15  108
7501  15  109
7502  15  110
7503  15  111
7504  15  112
7505  15  113
7506  15  114
7507  15  115
7508  15  116
7509  15  117
7510  15  118
7511  15  119
7512  15  120
7513  15  121
7514  15  122
7515  15  123
7516  15  124
7517  15  125
7518  15  126
7519  15  127
7520  15  128
7521  15  129
7522  15  130
7523  15  131
7524  15  132
7525  15  133
7526  15  134
7527  15  135
7528  15  136
7529  15  137
7530  15  138
7531  15  139
7532  15  140
7533  15  141
7534  15  142
7535  15  143
7536  15  144
7537  15  145
7538  15  146
7539  15  147
7540  15  148
7541  15  149
7542  15  150
7543  15  151
7544  15  152
7545  15  153
7546  15  154
7547  15  155
7548  15  156
7549  15  157
7550  15  158
7551  15  159
7552  15  160
7553  15  161
7554  15  162
7555  15  163
7556  15  164
7557  15  165
7558  15  166
7559  15  167
7560  15  168
7561  15    1
7562  15    2
7563  15    3
7564  15    4
7565  15    5
7566  15    6
7567  15    7
7568  15    8
7569  15    9
7570  15   10
7571  15   11
7572  15   12
7573  15   13
7574  15   14
7575  15   15
7576  15   16
7577  15   17
7578  15   18
7579  15   19
7580  15   20
7581  15   21
7582  15   22
7583  15   23
7584  15   24
7585  15   25
7586  15   26
7587  15   27
7588  15   28
7589  15   29
7590  15   30
7591  15   31
7592  15   32
7593  15   33
7594  15   34
7595  15   35
7596  15   36
7597  15   37
7598  15   38
7599  15   39
7600  15   40
7601  15   41
7602  15   42
7603  15   43
7604  15   44
7605  15   45
7606  15   46
7607  15   47
7608  15   48
7609  15   49
7610  15   50
7611  15   51
7612  15   52
7613  15   53
7614  15   54
7615  15   55
7616  15   56
7617  15   57
7618  15   58
7619  15   59
7620  15   60
7621  15   61
7622  15   62
7623  15   63
7624  15   64
7625  15   65
7626  15   66
7627  15   67
7628  15   68
7629  15   69
7630  15   70
7631  15   71
7632  15   72
7633  15   73
7634  15   74
7635  15   75
7636  15   76
7637  15   77
7638  15   78
7639  15   79
7640  15   80
7641  15   81
7642  15   82
7643  15   83
7644  15   84
7645  15   85
7646  15   86
7647  15   87
7648  15   88
7649  15   89
7650  15   90
7651  15   91
7652  15   92
7653  15   93
7654  15   94
7655  15   95
7656  15   96
7657  15   97
7658  15   98
7659  15   99
7660  15  100
7661  15  101
7662  15  102
7663  15  103
7664  15  104
7665  15  105
7666  15  106
7667  15  107
7668  15  108
7669  15  109
7670  15  110
7671  15  111
7672  15  112
7673  15  113
7674  15  114
7675  15  115
7676  15  116
7677  15  117
7678  15  118
7679  15  119
7680  15  120
7681  15  121
7682  15  122
7683  15  123
7684  15  124
7685  15  125
7686  15  126
7687  15  127
7688  15  128
7689  15  129
7690  15  130
7691  15  131
7692  15  132
7693  15  133
7694  15  134
7695  15  135
7696  15  136
7697  15  137
7698  15  138
7699  15  139
7700  15  140
7701  15  141
7702  15  142
7703  15  143
7704  15  144
7705  15  145
7706  15  146
7707  15  147
7708  15  148
7709  15  149
7710  15  150
7711  15  151
7712  15  152
7713  15  153
7714  15  154
7715  15  155
7716  15  156
7717  15  157
7718  15  158
7719  15  159
7720  15  160
7721  15  161
7722  15  162
7723  15  163
7724  15  164
7725  15  165
7726  15  166
7727  15  167
7728  15  168
7729  15    1
7730  15    2
7731  15    3
7732  15    4
7733  15    5
7734  15    6
7735  15    7
7736  15    8
7737  15    9
7738  15   10
7739  15   11
7740  15   12
7741  15   13
7742  15   14
7743  15   15
7744  15   16
7745  15   17
7746  15   18
7747  15   19
7748  15   20
7749  15   21
7750  15   22
7751  15   23
7752  15   24
7753  15   25
7754  15   26
7755  15   27
7756  15   28
7757  15   29
7758  15   30
7759  15   31
7760  15   32
7761  15   33
7762  15   34
7763  15   35
7764  15   36
7765  15   37
7766  15   38
7767  15   39
7768  15   40
7769  15   41
7770  15   42
7771  15   43
7772  15   44
7773  15   45
7774  15   46
7775  15   47
7776  15   48
7777  15   49
7778  15   50
7779  15   51
7780  15   52
7781  15   53
7782  15   54
7783  15   55
7784  15   56
7785  15   57
7786  15   58
7787  15   59
7788  15   60
7789  15   61
7790  15   62
7791  15   63
7792  15   64
7793  15   65
7794  15   66
7795  15   67
7796  15   68
7797  15   69
7798  15   70
7799  15   71
7800  15   72
7801  15   73
7802  15   74
7803  15   75
7804  15   76
7805  15   77
7806  15   78
7807  15   79
7808  15   80
7809  15   81
7810  15   82
7811  15   83
7812  15   84
7813  15   85
7814  15   86
7815  15   87
7816  15   88
7817  15   89
7818  15   90
7819  15   91
7820  15   92
7821  15   93
7822  15   94
7823  15   95
7824  15   96
7825  15   97
7826  15   98
7827  15   99
7828  15  100
7829  15  101
7830  15  102
7831  15  103
7832  15  104
7833  15  105
7834  15  106
7835  15  107
7836  15  108
7837  15  109
7838  15  110
7839  15  111
7840  15  112
7841  15  113
7842  15  114
7843  15  115
7844  15  116
7845  15  117
7846  15  118
7847  15  119
7848  15  120
7849  15  121
7850  15  122
7851  15  123
7852  15  124
7853  15  125
7854  15  126
7855  15  127
7856  15  128
7857  15  129
7858  15  130
7859  15  131
7860  15  132
7861  15  133
7862  15  134
7863  15  135
7864  15  136
7865  15  137
7866  15  138
7867  15  139
7868  15  140
7869  15  141
7870  15  142
7871  15  143
7872  15  144
7873  15  145
7874  15  146
7875  15  147
7876  15  148
7877  15  149
7878  15  150
7879  15  151
7880  15  152
7881  15  153
7882  15  154
7883  15  155
7884  15  156
7885  15  157
7886  15  158
7887  15  159
7888  15  160
7889  15  161
7890  15  162
7891  15  163
7892  15  164
7893  15  165
7894  15  166
7895  15  167
7896  15  168
7897  16    1
7898  16    2
7899  16    3
7900  16    4
7901  16    5
7902  16    6
7903  16    7
7904  16    8
7905  16    9
7906  16   10
7907  16   11
7908  16   12
7909  16   13
7910  16   14
7911  16   15
7912  16   16
7913  16   17
7914  16   18
7915  16   19
7916  16   20
7917  16   21
7918  16   22
7919  16   23
7920  16   24
7921  16   25
7922  16   26
7923  16   27
7924  16   28
7925  16   29
7926  16   30
7927  16   31
7928  16   32
7929  16   33
7930  16   34
7931  16   35
7932  16   36
7933  16   37
7934  16   38
7935  16   39
7936  16   40
7937  16   41
7938  16   42
7939  16   43
7940  16   44
7941  16   45
7942  16   46
7943  16   47
7944  16   48
7945  16   49
7946  16   50
7947  16   51
7948  16   52
7949  16   53
7950  16   54
7951  16   55
7952  16   56
7953  16   57
7954  16   58
7955  16   59
7956  16   60
7957  16   61
7958  16   62
7959  16   63
7960  16   64
7961  16   65
7962  16   66
7963  16   67
7964  16   68
7965  16   69
7966  16   70
7967  16   71
7968  16   72
7969  16   73
7970  16   74
7971  16   75
7972  16   76
7973  16   77
7974  16   78
7975  16   79
7976  16   80
7977  16   81
7978  16   82
7979  16   83
7980  16   84
7981  16   85
7982  16   86
7983  16   87
7984  16   88
7985  16   89
7986  16   90
7987  16   91
7988  16   92
7989  16   93
7990  16   94
7991  16   95
7992  16   96
7993  16   97
7994  16   98
7995  16   99
7996  16  100
7997  16  101
7998  16  102
7999  16  103
8000  16  104
8001  16  105
8002  16  106
8003  16  107
8004  16  108
8005  16  109
8006  16  110
8007  16  111
8008  16  112
8009  16  113
8010  16  114
8011  16  115
8012  16  116
8013  16  117
8014  16  118
8015  16  119
8016  16  120
8017  16  121
8018  16  122
8019  16  123
8020  16  124
8021  16  125
8022  16  126
8023  16  127
8024  16  128
8025  16  129
8026  16  130
8027  16  131
8028  16  132
8029  16  133
8030  16  134
8031  16  135
8032  16  136
8033  16  137
8034  16  138
8035  16  139
8036  16  140
8037  16  141
8038  16  142
8039  16  143
8040  16  144
8041  16  145
8042  16  146
8043  16  147
8044  16  148
8045  16  149
8046  16  150
8047  16  151
8048  16  152
8049  16  153
8050  16  154
8051  16  155
8052  16  156
8053  16  157
8054  16  158
8055  16  159
8056  16  160
8057  16  161
8058  16  162
8059  16  163
8060  16  164
8061  16  165
8062  16  166
8063  16  167
8064  16  168
8065  16    1
8066  16    2
8067  16    3
8068  16    4
8069  16    5
8070  16    6
8071  16    7
8072  16    8
8073  16    9
8074  16   10
8075  16   11
8076  16   12
8077  16   13
8078  16   14
8079  16   15
8080  16   16
8081  16   17
8082  16   18
8083  16   19
8084  16   20
8085  16   21
8086  16   22
8087  16   23
8088  16   24
8089  16   25
8090  16   26
8091  16   27
8092  16   28
8093  16   29
8094  16   30
8095  16   31
8096  16   32
8097  16   33
8098  16   34
8099  16   35
8100  16   36
8101  16   37
8102  16   38
8103  16   39
8104  16   40
8105  16   41
8106  16   42
8107  16   43
8108  16   44
8109  16   45
8110  16   46
8111  16   47
8112  16   48
8113  16   49
8114  16   50
8115  16   51
8116  16   52
8117  16   53
8118  16   54
8119  16   55
8120  16   56
8121  16   57
8122  16   58
8123  16   59
8124  16   60
8125  16   61
8126  16   62
8127  16   63
8128  16   64
8129  16   65
8130  16   66
8131  16   67
8132  16   68
8133  16   69
8134  16   70
8135  16   71
8136  16   72
8137  16   73
8138  16   74
8139  16   75
8140  16   76
8141  16   77
8142  16   78
8143  16   79
8144  16   80
8145  16   81
8146  16   82
8147  16   83
8148  16   84
8149  16   85
8150  16   86
8151  16   87
8152  16   88
8153  16   89
8154  16   90
8155  16   91
8156  16   92
8157  16   93
8158  16   94
8159  16   95
8160  16   96
8161  16   97
8162  16   98
8163  16   99
8164  16  100
8165  16  101
8166  16  102
8167  16  103
8168  16  104
8169  16  105
8170  16  106
8171  16  107
8172  16  108
8173  16  109
8174  16  110
8175  16  111
8176  16  112
8177  16  113
8178  16  114
8179  16  115
8180  16  116
8181  16  117
8182  16  118
8183  16  119
8184  16  120
8185  16  121
8186  16  122
8187  16  123
8188  16  124
8189  16  125
8190  16  126
8191  16  127
8192  16  128
8193  16  129
8194  16  130
8195  16  131
8196  16  132
8197  16  133
8198  16  134
8199  16  135
8200  16  136
8201  16  137
8202  16  138
8203  16  139
8204  16  140
8205  16  141
8206  16  142
8207  16  143
8208  16  144
8209  16  145
8210  16  146
8211  16  147
8212  16  148
8213  16  149
8214  16  150
8215  16  151
8216  16  152
8217  16  153
8218  16  154
8219  16  155
8220  16  156
8221  16  157
8222  16  158
8223  16  159
8224  16  160
8225  16  161
8226  16  162
8227  16  163
8228  16  164
8229  16  165
8230  16  166
8231  16  167
8232  16  168
8233   1    1
8234   1    2
8235   1    3
8236   1    4
8237   1    5
8238   1    6
8239   1    7
8240   1    8
8241   1    9
8242   1   10
8243   1   11
8244   1   12
8245   1   13
8246   1   14
8247   1   15
8248   1   16
8249   1   17
8250   1   18
8251   1   19
8252   1   20
8253   1   21
8254   1   22
8255   1   23
8256   1   24
8257   1   25
8258   1   26
8259   1   27
8260   1   28
8261   1   29
8262   1   30
8263   1   31
8264   1   32
8265   1   33
8266   1   34
8267   1   35
8268   1   36
8269   1   37
8270   1   38
8271   1   39
8272   1   40
8273   1   41
8274   1   42
8275   1   43
8276   1   44
8277   1   45
8278   1   46
8279   1   47
8280   1   48
8281   1   49
8282   1   50
8283   1   51
8284   1   52
8285   1   53
8286   1   54
8287   1   55
8288   1   56
8289   1   57
8290   1   58
8291   1   59
8292   1   60
8293   1   61
8294   1   62
8295   1   63
8296   1   64
8297   1   65
8298   1   66
8299   1   67
8300   1   68
8301   1   69
8302   1   70
8303   1   71
8304   1   72
8305   1   73
8306   1   74
8307   1   75
8308   1   76
8309   1   77
8310   1   78
8311   1   79
8312   1   80
8313   1   81
8314   1   82
8315   1   83
8316   1   84
8317   1   85
8318   1   86
8319   1   87
8320   1   88
8321   1   89
8322   1   90
8323   1   91
8324   1   92
8325   1   93
8326   1   94
8327   1   95
8328   1   96
8329   1   97
8330   1   98
8331   1   99
8332   1  100
8333   1  101
8334   1  102
8335   1  103
8336   1  104
8337   1  105
8338   1  106
8339   1  107
8340   1  108
8341   1  109
8342   1  110
8343   1  111
8344   1  112
8345   1  113
8346   1  114
8347   1  115
8348   1  116
8349   1  117
8350   1  118
8351   1  119
8352   1  120
8353   1  121
8354   1  122
8355   1  123
8356   1  124
8357   1  125
8358   1  126
8359   1  127
8360   1  128
8361   1  129
8362   1  130
8363   1  131
8364   1  132
8365   1  133
8366   1  134
8367   1  135
8368   1  136
8369   1  137
8370   1  138
8371   1  139
8372   1  140
8373   1  141
8374   1  142
8375   1  143
8376   1  144
8377   1  145
8378   1  146
8379   1  147
8380   1  148
8381   1  149
8382   1  150
8383   1  151
8384   1  152
8385   1  153
8386   1  154
8387   1  155
8388   1  156
8389   1  157
8390   1  158
8391   1  159
8392   1  160
8393   1  161
8394   1  162
8395   1  163
8396   1  164
8397   1  165
8398   1  166
8399   1  167
8400   1  168
8401   1    1
8402   1    2
8403   1    3
8404   1    4
8405   1    5
8406   1    6
8407   1    7
8408   1    8
8409   1    9
8410   1   10
8411   1   11
8412   1   12
8413   1   13
8414   1   14
8415   1   15
8416   1   16
8417   1   17
8418   1   18
8419   1   19
8420   1   20
8421   1   21
8422   1   22
8423   1   23
8424   1   24
8425   1   25
8426   1   26
8427   1   27
8428   1   28
8429   1   29
8430   1   30
8431   1   31
8432   1   32
8433   1   33
8434   1   34
8435   1   35
8436   1   36
8437   1   37
8438   1   38
8439   1   39
8440   1   40
8441   1   41
8442   1   42
8443   1   43
8444   1   44
8445   1   45
8446   1   46
8447   1   47
8448   1   48
8449   1   49
8450   1   50
8451   1   51
8452   1   52
8453   1   53
8454   1   54
8455   1   55
8456   1   56
8457   1   57
8458   1   58
8459   1   59
8460   1   60
8461   1   61
8462   1   62
8463   1   63
8464   1   64
8465   1   65
8466   1   66
8467   1   67
8468   1   68
8469   1   69
8470   1   70
8471   1   71
8472   1   72
8473   1   73
8474   1   74
8475   1   75
8476   1   76
8477   1   77
8478   1   78
8479   1   79
8480   1   80
8481   1   81
8482   1   82
8483   1   83
8484   1   84
8485   1   85
8486   1   86
8487   1   87
8488   1   88
8489   1   89
8490   1   90
8491   1   91
8492   1   92
8493   1   93
8494   1   94
8495   1   95
8496   1   96
8497   1   97
8498   1   98
8499   1   99
8500   1  100
8501   1  101
8502   1  102
8503   1  103
8504   1  104
8505   1  105
8506   1  106
8507   1  107
8508   1  108
8509   1  109
8510   1  110
8511   1  111
8512   1  112
8513   1  113
8514   1  114
8515   1  115
8516   1  116
8517   1  117
8518   1  118
8519   1  119
8520   1  120
8521   1  121
8522   1  122
8523   1  123
8524   1  124
8525   1  125
8526   1  126
8527   1  127
8528   1  128
8529   1  129
8530   1  130
8531   1  131
8532   1  132
8533   1  133
8534   1  134
8535   1  135
8536   1  136
8537   1  137
8538   1  138
8539   1  139
8540   1  140
8541   1  141
8542   1  142
8543   1  143
8544   1  144
8545   1  145
8546   1  146
8547   1  147
8548   1  148
8549   1  149
8550   1  150
8551   1  151
8552   1  152
8553   1  153
8554   1  154
8555   1  155
8556   1  156
8557   1  157
8558   1  158
8559   1  159
8560   1  160
8561   1  161
8562   1  162
8563   1  163
8564   1  164
8565   1  165
8566   1  166
8567   1  167
8568   1  168
8569  16    1
8570  16    2
8571  16    3
8572  16    4
8573  16    5
8574  16    6
8575  16    7
8576  16    8
8577  16    9
8578  16   10
8579  16   11
8580  16   12
8581  16   13
8582  16   14
8583  16   15
8584  16   16
8585  16   17
8586  16   18
8587  16   19
8588  16   20
8589  16   21
8590  16   22
8591  16   23
8592  16   24
8593  16   25
8594  16   26
8595  16   27
8596  16   28
8597  16   29
8598  16   30
8599  16   31
8600  16   32
8601  16   33
8602  16   34
8603  16   35
8604  16   36
8605  16   37
8606  16   38
8607  16   39
8608  16   40
8609  16   41
8610  16   42
8611  16   43
8612  16   44
8613  16   45
8614  16   46
8615  16   47
8616  16   48
8617  16   49
8618  16   50
8619  16   51
8620  16   52
8621  16   53
8622  16   54
8623  16   55
8624  16   56
8625  16   57
8626  16   58
8627  16   59
8628  16   60
8629  16   61
8630  16   62
8631  16   63
8632  16   64
8633  16   65
8634  16   66
8635  16   67
8636  16   68
8637  16   69
8638  16   70
8639  16   71
8640  16   72
8641  16   73
8642  16   74
8643  16   75
8644  16   76
8645  16   77
8646  16   78
8647  16   79
8648  16   80
8649  16   81
8650  16   82
8651  16   83
8652  16   84
8653  16   85
8654  16   86
8655  16   87
8656  16   88
8657  16   89
8658  16   90
8659  16   91
8660  16   92
8661  16   93
8662  16   94
8663  16   95
8664  16   96
8665  16   97
8666  16   98
8667  16   99
8668  16  100
8669  16  101
8670  16  102
8671  16  103
8672  16  104
8673  16  105
8674  16  106
8675  16  107
8676  16  108
8677  16  109
8678  16  110
8679  16  111
8680  16  112
8681  16  113
8682  16  114
8683  16  115
8684  16  116
8685  16  117
8686  16  118
8687  16  119
8688  16  120
8689  16  121
8690  16  122
8691  16  123
8692  16  124
8693  16  125
8694  16  126
8695  16  127
8696  16  128
8697  16  129
8698  16  130
8699  16  131
8700  16  132
8701  16  133
8702  16  134
8703  16  135
8704  16  136
8705  16  137
8706  16  138
8707  16  139
8708  16  140
8709  16  141
8710  16  142
8711  16  143
8712  16  144
8713  16  145
8714  16  146
8715  16  147
8716  16  148
8717  16  149
8718  16  150
8719  16  151
8720  16  152
8721  16  153
8722  16  154
8723  16  155
8724  16  156
8725  16  157
8726  16  158
8727  16  159
8728  16  160
8729  16  161
8730  16  162
8731  16  163
8732  16  164
8733  16  165
8734  16  166
8735  16  167
8736  16  168
;