param : PeriodOfYear TimeOfYear := 
1      1   1
2      1   2
3      1   3
4      1   4
5      1   5
6      1   6
7      1   7
8      1   8
9      1   9
10     1  10
11     1  11
12     1  12
13     1  13
14     1  14
15     1  15
16     1  16
17     1  17
18     1  18
19     1  19
20     1  20
21     1  21
22     1  22
23     1  23
24     1  24
25     1   1
26     1   2
27     1   3
28     1   4
29     1   5
30     1   6
31     1   7
32     1   8
33     1   9
34     1  10
35     1  11
36     1  12
37     1  13
38     1  14
39     1  15
40     1  16
41     1  17
42     1  18
43     1  19
44     1  20
45     1  21
46     1  22
47     1  23
48     1  24
49     2   1
50     2   2
51     2   3
52     2   4
53     2   5
54     2   6
55     2   7
56     2   8
57     2   9
58     2  10
59     2  11
60     2  12
61     2  13
62     2  14
63     2  15
64     2  16
65     2  17
66     2  18
67     2  19
68     2  20
69     2  21
70     2  22
71     2  23
72     2  24
73     2   1
74     2   2
75     2   3
76     2   4
77     2   5
78     2   6
79     2   7
80     2   8
81     2   9
82     2  10
83     2  11
84     2  12
85     2  13
86     2  14
87     2  15
88     2  16
89     2  17
90     2  18
91     2  19
92     2  20
93     2  21
94     2  22
95     2  23
96     2  24
97     3   1
98     3   2
99     3   3
100    3   4
101    3   5
102    3   6
103    3   7
104    3   8
105    3   9
106    3  10
107    3  11
108    3  12
109    3  13
110    3  14
111    3  15
112    3  16
113    3  17
114    3  18
115    3  19
116    3  20
117    3  21
118    3  22
119    3  23
120    3  24
121    3   1
122    3   2
123    3   3
124    3   4
125    3   5
126    3   6
127    3   7
128    3   8
129    3   9
130    3  10
131    3  11
132    3  12
133    3  13
134    3  14
135    3  15
136    3  16
137    3  17
138    3  18
139    3  19
140    3  20
141    3  21
142    3  22
143    3  23
144    3  24
145    3   1
146    3   2
147    3   3
148    3   4
149    3   5
150    3   6
151    3   7
152    3   8
153    3   9
154    3  10
155    3  11
156    3  12
157    3  13
158    3  14
159    3  15
160    3  16
161    3  17
162    3  18
163    3  19
164    3  20
165    3  21
166    3  22
167    3  23
168    3  24
169    3   1
170    3   2
171    3   3
172    3   4
173    3   5
174    3   6
175    3   7
176    3   8
177    3   9
178    3  10
179    3  11
180    3  12
181    3  13
182    3  14
183    3  15
184    3  16
185    3  17
186    3  18
187    3  19
188    3  20
189    3  21
190    3  22
191    3  23
192    3  24
193    3   1
194    3   2
195    3   3
196    3   4
197    3   5
198    3   6
199    3   7
200    3   8
201    3   9
202    3  10
203    3  11
204    3  12
205    3  13
206    3  14
207    3  15
208    3  16
209    3  17
210    3  18
211    3  19
212    3  20
213    3  21
214    3  22
215    3  23
216    3  24
217    3   1
218    3   2
219    3   3
220    3   4
221    3   5
222    3   6
223    3   7
224    3   8
225    3   9
226    3  10
227    3  11
228    3  12
229    3  13
230    3  14
231    3  15
232    3  16
233    3  17
234    3  18
235    3  19
236    3  20
237    3  21
238    3  22
239    3  23
240    3  24
241    3   1
242    3   2
243    3   3
244    3   4
245    3   5
246    3   6
247    3   7
248    3   8
249    3   9
250    3  10
251    3  11
252    3  12
253    3  13
254    3  14
255    3  15
256    3  16
257    3  17
258    3  18
259    3  19
260    3  20
261    3  21
262    3  22
263    3  23
264    3  24
265    4   1
266    4   2
267    4   3
268    4   4
269    4   5
270    4   6
271    4   7
272    4   8
273    4   9
274    4  10
275    4  11
276    4  12
277    4  13
278    4  14
279    4  15
280    4  16
281    4  17
282    4  18
283    4  19
284    4  20
285    4  21
286    4  22
287    4  23
288    4  24
289    3   1
290    3   2
291    3   3
292    3   4
293    3   5
294    3   6
295    3   7
296    3   8
297    3   9
298    3  10
299    3  11
300    3  12
301    3  13
302    3  14
303    3  15
304    3  16
305    3  17
306    3  18
307    3  19
308    3  20
309    3  21
310    3  22
311    3  23
312    3  24
313    3   1
314    3   2
315    3   3
316    3   4
317    3   5
318    3   6
319    3   7
320    3   8
321    3   9
322    3  10
323    3  11
324    3  12
325    3  13
326    3  14
327    3  15
328    3  16
329    3  17
330    3  18
331    3  19
332    3  20
333    3  21
334    3  22
335    3  23
336    3  24
337    3   1
338    3   2
339    3   3
340    3   4
341    3   5
342    3   6
343    3   7
344    3   8
345    3   9
346    3  10
347    3  11
348    3  12
349    3  13
350    3  14
351    3  15
352    3  16
353    3  17
354    3  18
355    3  19
356    3  20
357    3  21
358    3  22
359    3  23
360    3  24
361    3   1
362    3   2
363    3   3
364    3   4
365    3   5
366    3   6
367    3   7
368    3   8
369    3   9
370    3  10
371    3  11
372    3  12
373    3  13
374    3  14
375    3  15
376    3  16
377    3  17
378    3  18
379    3  19
380    3  20
381    3  21
382    3  22
383    3  23
384    3  24
385    3   1
386    3   2
387    3   3
388    3   4
389    3   5
390    3   6
391    3   7
392    3   8
393    3   9
394    3  10
395    3  11
396    3  12
397    3  13
398    3  14
399    3  15
400    3  16
401    3  17
402    3  18
403    3  19
404    3  20
405    3  21
406    3  22
407    3  23
408    3  24
409    5   1
410    5   2
411    5   3
412    5   4
413    5   5
414    5   6
415    5   7
416    5   8
417    5   9
418    5  10
419    5  11
420    5  12
421    5  13
422    5  14
423    5  15
424    5  16
425    5  17
426    5  18
427    5  19
428    5  20
429    5  21
430    5  22
431    5  23
432    5  24
433    3   1
434    3   2
435    3   3
436    3   4
437    3   5
438    3   6
439    3   7
440    3   8
441    3   9
442    3  10
443    3  11
444    3  12
445    3  13
446    3  14
447    3  15
448    3  16
449    3  17
450    3  18
451    3  19
452    3  20
453    3  21
454    3  22
455    3  23
456    3  24
457    3   1
458    3   2
459    3   3
460    3   4
461    3   5
462    3   6
463    3   7
464    3   8
465    3   9
466    3  10
467    3  11
468    3  12
469    3  13
470    3  14
471    3  15
472    3  16
473    3  17
474    3  18
475    3  19
476    3  20
477    3  21
478    3  22
479    3  23
480    3  24
481    4   1
482    4   2
483    4   3
484    4   4
485    4   5
486    4   6
487    4   7
488    4   8
489    4   9
490    4  10
491    4  11
492    4  12
493    4  13
494    4  14
495    4  15
496    4  16
497    4  17
498    4  18
499    4  19
500    4  20
501    4  21
502    4  22
503    4  23
504    4  24
505    6   1
506    6   2
507    6   3
508    6   4
509    6   5
510    6   6
511    6   7
512    6   8
513    6   9
514    6  10
515    6  11
516    6  12
517    6  13
518    6  14
519    6  15
520    6  16
521    6  17
522    6  18
523    6  19
524    6  20
525    6  21
526    6  22
527    6  23
528    6  24
529    4   1
530    4   2
531    4   3
532    4   4
533    4   5
534    4   6
535    4   7
536    4   8
537    4   9
538    4  10
539    4  11
540    4  12
541    4  13
542    4  14
543    4  15
544    4  16
545    4  17
546    4  18
547    4  19
548    4  20
549    4  21
550    4  22
551    4  23
552    4  24
553    4   1
554    4   2
555    4   3
556    4   4
557    4   5
558    4   6
559    4   7
560    4   8
561    4   9
562    4  10
563    4  11
564    4  12
565    4  13
566    4  14
567    4  15
568    4  16
569    4  17
570    4  18
571    4  19
572    4  20
573    4  21
574    4  22
575    4  23
576    4  24
577    4   1
578    4   2
579    4   3
580    4   4
581    4   5
582    4   6
583    4   7
584    4   8
585    4   9
586    4  10
587    4  11
588    4  12
589    4  13
590    4  14
591    4  15
592    4  16
593    4  17
594    4  18
595    4  19
596    4  20
597    4  21
598    4  22
599    4  23
600    4  24
601    4   1
602    4   2
603    4   3
604    4   4
605    4   5
606    4   6
607    4   7
608    4   8
609    4   9
610    4  10
611    4  11
612    4  12
613    4  13
614    4  14
615    4  15
616    4  16
617    4  17
618    4  18
619    4  19
620    4  20
621    4  21
622    4  22
623    4  23
624    4  24
625    4   1
626    4   2
627    4   3
628    4   4
629    4   5
630    4   6
631    4   7
632    4   8
633    4   9
634    4  10
635    4  11
636    4  12
637    4  13
638    4  14
639    4  15
640    4  16
641    4  17
642    4  18
643    4  19
644    4  20
645    4  21
646    4  22
647    4  23
648    4  24
649    6   1
650    6   2
651    6   3
652    6   4
653    6   5
654    6   6
655    6   7
656    6   8
657    6   9
658    6  10
659    6  11
660    6  12
661    6  13
662    6  14
663    6  15
664    6  16
665    6  17
666    6  18
667    6  19
668    6  20
669    6  21
670    6  22
671    6  23
672    6  24
673    4   1
674    4   2
675    4   3
676    4   4
677    4   5
678    4   6
679    4   7
680    4   8
681    4   9
682    4  10
683    4  11
684    4  12
685    4  13
686    4  14
687    4  15
688    4  16
689    4  17
690    4  18
691    4  19
692    4  20
693    4  21
694    4  22
695    4  23
696    4  24
697    3   1
698    3   2
699    3   3
700    3   4
701    3   5
702    3   6
703    3   7
704    3   8
705    3   9
706    3  10
707    3  11
708    3  12
709    3  13
710    3  14
711    3  15
712    3  16
713    3  17
714    3  18
715    3  19
716    3  20
717    3  21
718    3  22
719    3  23
720    3  24
721    2   1
722    2   2
723    2   3
724    2   4
725    2   5
726    2   6
727    2   7
728    2   8
729    2   9
730    2  10
731    2  11
732    2  12
733    2  13
734    2  14
735    2  15
736    2  16
737    2  17
738    2  18
739    2  19
740    2  20
741    2  21
742    2  22
743    2  23
744    2  24
745    2   1
746    2   2
747    2   3
748    2   4
749    2   5
750    2   6
751    2   7
752    2   8
753    2   9
754    2  10
755    2  11
756    2  12
757    2  13
758    2  14
759    2  15
760    2  16
761    2  17
762    2  18
763    2  19
764    2  20
765    2  21
766    2  22
767    2  23
768    2  24
769    5   1
770    5   2
771    5   3
772    5   4
773    5   5
774    5   6
775    5   7
776    5   8
777    5   9
778    5  10
779    5  11
780    5  12
781    5  13
782    5  14
783    5  15
784    5  16
785    5  17
786    5  18
787    5  19
788    5  20
789    5  21
790    5  22
791    5  23
792    5  24
793    5   1
794    5   2
795    5   3
796    5   4
797    5   5
798    5   6
799    5   7
800    5   8
801    5   9
802    5  10
803    5  11
804    5  12
805    5  13
806    5  14
807    5  15
808    5  16
809    5  17
810    5  18
811    5  19
812    5  20
813    5  21
814    5  22
815    5  23
816    5  24
817    4   1
818    4   2
819    4   3
820    4   4
821    4   5
822    4   6
823    4   7
824    4   8
825    4   9
826    4  10
827    4  11
828    4  12
829    4  13
830    4  14
831    4  15
832    4  16
833    4  17
834    4  18
835    4  19
836    4  20
837    4  21
838    4  22
839    4  23
840    4  24
841    5   1
842    5   2
843    5   3
844    5   4
845    5   5
846    5   6
847    5   7
848    5   8
849    5   9
850    5  10
851    5  11
852    5  12
853    5  13
854    5  14
855    5  15
856    5  16
857    5  17
858    5  18
859    5  19
860    5  20
861    5  21
862    5  22
863    5  23
864    5  24
865    5   1
866    5   2
867    5   3
868    5   4
869    5   5
870    5   6
871    5   7
872    5   8
873    5   9
874    5  10
875    5  11
876    5  12
877    5  13
878    5  14
879    5  15
880    5  16
881    5  17
882    5  18
883    5  19
884    5  20
885    5  21
886    5  22
887    5  23
888    5  24
889    5   1
890    5   2
891    5   3
892    5   4
893    5   5
894    5   6
895    5   7
896    5   8
897    5   9
898    5  10
899    5  11
900    5  12
901    5  13
902    5  14
903    5  15
904    5  16
905    5  17
906    5  18
907    5  19
908    5  20
909    5  21
910    5  22
911    5  23
912    5  24
913    4   1
914    4   2
915    4   3
916    4   4
917    4   5
918    4   6
919    4   7
920    4   8
921    4   9
922    4  10
923    4  11
924    4  12
925    4  13
926    4  14
927    4  15
928    4  16
929    4  17
930    4  18
931    4  19
932    4  20
933    4  21
934    4  22
935    4  23
936    4  24
937    4   1
938    4   2
939    4   3
940    4   4
941    4   5
942    4   6
943    4   7
944    4   8
945    4   9
946    4  10
947    4  11
948    4  12
949    4  13
950    4  14
951    4  15
952    4  16
953    4  17
954    4  18
955    4  19
956    4  20
957    4  21
958    4  22
959    4  23
960    4  24
961    5   1
962    5   2
963    5   3
964    5   4
965    5   5
966    5   6
967    5   7
968    5   8
969    5   9
970    5  10
971    5  11
972    5  12
973    5  13
974    5  14
975    5  15
976    5  16
977    5  17
978    5  18
979    5  19
980    5  20
981    5  21
982    5  22
983    5  23
984    5  24
985    4   1
986    4   2
987    4   3
988    4   4
989    4   5
990    4   6
991    4   7
992    4   8
993    4   9
994    4  10
995    4  11
996    4  12
997    4  13
998    4  14
999    4  15
1000   4  16
1001   4  17
1002   4  18
1003   4  19
1004   4  20
1005   4  21
1006   4  22
1007   4  23
1008   4  24
1009   6   1
1010   6   2
1011   6   3
1012   6   4
1013   6   5
1014   6   6
1015   6   7
1016   6   8
1017   6   9
1018   6  10
1019   6  11
1020   6  12
1021   6  13
1022   6  14
1023   6  15
1024   6  16
1025   6  17
1026   6  18
1027   6  19
1028   6  20
1029   6  21
1030   6  22
1031   6  23
1032   6  24
1033   4   1
1034   4   2
1035   4   3
1036   4   4
1037   4   5
1038   4   6
1039   4   7
1040   4   8
1041   4   9
1042   4  10
1043   4  11
1044   4  12
1045   4  13
1046   4  14
1047   4  15
1048   4  16
1049   4  17
1050   4  18
1051   4  19
1052   4  20
1053   4  21
1054   4  22
1055   4  23
1056   4  24
1057   6   1
1058   6   2
1059   6   3
1060   6   4
1061   6   5
1062   6   6
1063   6   7
1064   6   8
1065   6   9
1066   6  10
1067   6  11
1068   6  12
1069   6  13
1070   6  14
1071   6  15
1072   6  16
1073   6  17
1074   6  18
1075   6  19
1076   6  20
1077   6  21
1078   6  22
1079   6  23
1080   6  24
1081   4   1
1082   4   2
1083   4   3
1084   4   4
1085   4   5
1086   4   6
1087   4   7
1088   4   8
1089   4   9
1090   4  10
1091   4  11
1092   4  12
1093   4  13
1094   4  14
1095   4  15
1096   4  16
1097   4  17
1098   4  18
1099   4  19
1100   4  20
1101   4  21
1102   4  22
1103   4  23
1104   4  24
1105   4   1
1106   4   2
1107   4   3
1108   4   4
1109   4   5
1110   4   6
1111   4   7
1112   4   8
1113   4   9
1114   4  10
1115   4  11
1116   4  12
1117   4  13
1118   4  14
1119   4  15
1120   4  16
1121   4  17
1122   4  18
1123   4  19
1124   4  20
1125   4  21
1126   4  22
1127   4  23
1128   4  24
1129   5   1
1130   5   2
1131   5   3
1132   5   4
1133   5   5
1134   5   6
1135   5   7
1136   5   8
1137   5   9
1138   5  10
1139   5  11
1140   5  12
1141   5  13
1142   5  14
1143   5  15
1144   5  16
1145   5  17
1146   5  18
1147   5  19
1148   5  20
1149   5  21
1150   5  22
1151   5  23
1152   5  24
1153   5   1
1154   5   2
1155   5   3
1156   5   4
1157   5   5
1158   5   6
1159   5   7
1160   5   8
1161   5   9
1162   5  10
1163   5  11
1164   5  12
1165   5  13
1166   5  14
1167   5  15
1168   5  16
1169   5  17
1170   5  18
1171   5  19
1172   5  20
1173   5  21
1174   5  22
1175   5  23
1176   5  24
1177   5   1
1178   5   2
1179   5   3
1180   5   4
1181   5   5
1182   5   6
1183   5   7
1184   5   8
1185   5   9
1186   5  10
1187   5  11
1188   5  12
1189   5  13
1190   5  14
1191   5  15
1192   5  16
1193   5  17
1194   5  18
1195   5  19
1196   5  20
1197   5  21
1198   5  22
1199   5  23
1200   5  24
1201   2   1
1202   2   2
1203   2   3
1204   2   4
1205   2   5
1206   2   6
1207   2   7
1208   2   8
1209   2   9
1210   2  10
1211   2  11
1212   2  12
1213   2  13
1214   2  14
1215   2  15
1216   2  16
1217   2  17
1218   2  18
1219   2  19
1220   2  20
1221   2  21
1222   2  22
1223   2  23
1224   2  24
1225   2   1
1226   2   2
1227   2   3
1228   2   4
1229   2   5
1230   2   6
1231   2   7
1232   2   8
1233   2   9
1234   2  10
1235   2  11
1236   2  12
1237   2  13
1238   2  14
1239   2  15
1240   2  16
1241   2  17
1242   2  18
1243   2  19
1244   2  20
1245   2  21
1246   2  22
1247   2  23
1248   2  24
1249   5   1
1250   5   2
1251   5   3
1252   5   4
1253   5   5
1254   5   6
1255   5   7
1256   5   8
1257   5   9
1258   5  10
1259   5  11
1260   5  12
1261   5  13
1262   5  14
1263   5  15
1264   5  16
1265   5  17
1266   5  18
1267   5  19
1268   5  20
1269   5  21
1270   5  22
1271   5  23
1272   5  24
1273   5   1
1274   5   2
1275   5   3
1276   5   4
1277   5   5
1278   5   6
1279   5   7
1280   5   8
1281   5   9
1282   5  10
1283   5  11
1284   5  12
1285   5  13
1286   5  14
1287   5  15
1288   5  16
1289   5  17
1290   5  18
1291   5  19
1292   5  20
1293   5  21
1294   5  22
1295   5  23
1296   5  24
1297   5   1
1298   5   2
1299   5   3
1300   5   4
1301   5   5
1302   5   6
1303   5   7
1304   5   8
1305   5   9
1306   5  10
1307   5  11
1308   5  12
1309   5  13
1310   5  14
1311   5  15
1312   5  16
1313   5  17
1314   5  18
1315   5  19
1316   5  20
1317   5  21
1318   5  22
1319   5  23
1320   5  24
1321   2   1
1322   2   2
1323   2   3
1324   2   4
1325   2   5
1326   2   6
1327   2   7
1328   2   8
1329   2   9
1330   2  10
1331   2  11
1332   2  12
1333   2  13
1334   2  14
1335   2  15
1336   2  16
1337   2  17
1338   2  18
1339   2  19
1340   2  20
1341   2  21
1342   2  22
1343   2  23
1344   2  24
1345   5   1
1346   5   2
1347   5   3
1348   5   4
1349   5   5
1350   5   6
1351   5   7
1352   5   8
1353   5   9
1354   5  10
1355   5  11
1356   5  12
1357   5  13
1358   5  14
1359   5  15
1360   5  16
1361   5  17
1362   5  18
1363   5  19
1364   5  20
1365   5  21
1366   5  22
1367   5  23
1368   5  24
1369   5   1
1370   5   2
1371   5   3
1372   5   4
1373   5   5
1374   5   6
1375   5   7
1376   5   8
1377   5   9
1378   5  10
1379   5  11
1380   5  12
1381   5  13
1382   5  14
1383   5  15
1384   5  16
1385   5  17
1386   5  18
1387   5  19
1388   5  20
1389   5  21
1390   5  22
1391   5  23
1392   5  24
1393   4   1
1394   4   2
1395   4   3
1396   4   4
1397   4   5
1398   4   6
1399   4   7
1400   4   8
1401   4   9
1402   4  10
1403   4  11
1404   4  12
1405   4  13
1406   4  14
1407   4  15
1408   4  16
1409   4  17
1410   4  18
1411   4  19
1412   4  20
1413   4  21
1414   4  22
1415   4  23
1416   4  24
1417   4   1
1418   4   2
1419   4   3
1420   4   4
1421   4   5
1422   4   6
1423   4   7
1424   4   8
1425   4   9
1426   4  10
1427   4  11
1428   4  12
1429   4  13
1430   4  14
1431   4  15
1432   4  16
1433   4  17
1434   4  18
1435   4  19
1436   4  20
1437   4  21
1438   4  22
1439   4  23
1440   4  24
1441   5   1
1442   5   2
1443   5   3
1444   5   4
1445   5   5
1446   5   6
1447   5   7
1448   5   8
1449   5   9
1450   5  10
1451   5  11
1452   5  12
1453   5  13
1454   5  14
1455   5  15
1456   5  16
1457   5  17
1458   5  18
1459   5  19
1460   5  20
1461   5  21
1462   5  22
1463   5  23
1464   5  24
1465   5   1
1466   5   2
1467   5   3
1468   5   4
1469   5   5
1470   5   6
1471   5   7
1472   5   8
1473   5   9
1474   5  10
1475   5  11
1476   5  12
1477   5  13
1478   5  14
1479   5  15
1480   5  16
1481   5  17
1482   5  18
1483   5  19
1484   5  20
1485   5  21
1486   5  22
1487   5  23
1488   5  24
1489   5   1
1490   5   2
1491   5   3
1492   5   4
1493   5   5
1494   5   6
1495   5   7
1496   5   8
1497   5   9
1498   5  10
1499   5  11
1500   5  12
1501   5  13
1502   5  14
1503   5  15
1504   5  16
1505   5  17
1506   5  18
1507   5  19
1508   5  20
1509   5  21
1510   5  22
1511   5  23
1512   5  24
1513   5   1
1514   5   2
1515   5   3
1516   5   4
1517   5   5
1518   5   6
1519   5   7
1520   5   8
1521   5   9
1522   5  10
1523   5  11
1524   5  12
1525   5  13
1526   5  14
1527   5  15
1528   5  16
1529   5  17
1530   5  18
1531   5  19
1532   5  20
1533   5  21
1534   5  22
1535   5  23
1536   5  24
1537   5   1
1538   5   2
1539   5   3
1540   5   4
1541   5   5
1542   5   6
1543   5   7
1544   5   8
1545   5   9
1546   5  10
1547   5  11
1548   5  12
1549   5  13
1550   5  14
1551   5  15
1552   5  16
1553   5  17
1554   5  18
1555   5  19
1556   5  20
1557   5  21
1558   5  22
1559   5  23
1560   5  24
1561   5   1
1562   5   2
1563   5   3
1564   5   4
1565   5   5
1566   5   6
1567   5   7
1568   5   8
1569   5   9
1570   5  10
1571   5  11
1572   5  12
1573   5  13
1574   5  14
1575   5  15
1576   5  16
1577   5  17
1578   5  18
1579   5  19
1580   5  20
1581   5  21
1582   5  22
1583   5  23
1584   5  24
1585   5   1
1586   5   2
1587   5   3
1588   5   4
1589   5   5
1590   5   6
1591   5   7
1592   5   8
1593   5   9
1594   5  10
1595   5  11
1596   5  12
1597   5  13
1598   5  14
1599   5  15
1600   5  16
1601   5  17
1602   5  18
1603   5  19
1604   5  20
1605   5  21
1606   5  22
1607   5  23
1608   5  24
1609   5   1
1610   5   2
1611   5   3
1612   5   4
1613   5   5
1614   5   6
1615   5   7
1616   5   8
1617   5   9
1618   5  10
1619   5  11
1620   5  12
1621   5  13
1622   5  14
1623   5  15
1624   5  16
1625   5  17
1626   5  18
1627   5  19
1628   5  20
1629   5  21
1630   5  22
1631   5  23
1632   5  24
1633   2   1
1634   2   2
1635   2   3
1636   2   4
1637   2   5
1638   2   6
1639   2   7
1640   2   8
1641   2   9
1642   2  10
1643   2  11
1644   2  12
1645   2  13
1646   2  14
1647   2  15
1648   2  16
1649   2  17
1650   2  18
1651   2  19
1652   2  20
1653   2  21
1654   2  22
1655   2  23
1656   2  24
1657   2   1
1658   2   2
1659   2   3
1660   2   4
1661   2   5
1662   2   6
1663   2   7
1664   2   8
1665   2   9
1666   2  10
1667   2  11
1668   2  12
1669   2  13
1670   2  14
1671   2  15
1672   2  16
1673   2  17
1674   2  18
1675   2  19
1676   2  20
1677   2  21
1678   2  22
1679   2  23
1680   2  24
1681   2   1
1682   2   2
1683   2   3
1684   2   4
1685   2   5
1686   2   6
1687   2   7
1688   2   8
1689   2   9
1690   2  10
1691   2  11
1692   2  12
1693   2  13
1694   2  14
1695   2  15
1696   2  16
1697   2  17
1698   2  18
1699   2  19
1700   2  20
1701   2  21
1702   2  22
1703   2  23
1704   2  24
1705   2   1
1706   2   2
1707   2   3
1708   2   4
1709   2   5
1710   2   6
1711   2   7
1712   2   8
1713   2   9
1714   2  10
1715   2  11
1716   2  12
1717   2  13
1718   2  14
1719   2  15
1720   2  16
1721   2  17
1722   2  18
1723   2  19
1724   2  20
1725   2  21
1726   2  22
1727   2  23
1728   2  24
1729   7   1
1730   7   2
1731   7   3
1732   7   4
1733   7   5
1734   7   6
1735   7   7
1736   7   8
1737   7   9
1738   7  10
1739   7  11
1740   7  12
1741   7  13
1742   7  14
1743   7  15
1744   7  16
1745   7  17
1746   7  18
1747   7  19
1748   7  20
1749   7  21
1750   7  22
1751   7  23
1752   7  24
1753   2   1
1754   2   2
1755   2   3
1756   2   4
1757   2   5
1758   2   6
1759   2   7
1760   2   8
1761   2   9
1762   2  10
1763   2  11
1764   2  12
1765   2  13
1766   2  14
1767   2  15
1768   2  16
1769   2  17
1770   2  18
1771   2  19
1772   2  20
1773   2  21
1774   2  22
1775   2  23
1776   2  24
1777   7   1
1778   7   2
1779   7   3
1780   7   4
1781   7   5
1782   7   6
1783   7   7
1784   7   8
1785   7   9
1786   7  10
1787   7  11
1788   7  12
1789   7  13
1790   7  14
1791   7  15
1792   7  16
1793   7  17
1794   7  18
1795   7  19
1796   7  20
1797   7  21
1798   7  22
1799   7  23
1800   7  24
1801   8   1
1802   8   2
1803   8   3
1804   8   4
1805   8   5
1806   8   6
1807   8   7
1808   8   8
1809   8   9
1810   8  10
1811   8  11
1812   8  12
1813   8  13
1814   8  14
1815   8  15
1816   8  16
1817   8  17
1818   8  18
1819   8  19
1820   8  20
1821   8  21
1822   8  22
1823   8  23
1824   8  24
1825   8   1
1826   8   2
1827   8   3
1828   8   4
1829   8   5
1830   8   6
1831   8   7
1832   8   8
1833   8   9
1834   8  10
1835   8  11
1836   8  12
1837   8  13
1838   8  14
1839   8  15
1840   8  16
1841   8  17
1842   8  18
1843   8  19
1844   8  20
1845   8  21
1846   8  22
1847   8  23
1848   8  24
1849   7   1
1850   7   2
1851   7   3
1852   7   4
1853   7   5
1854   7   6
1855   7   7
1856   7   8
1857   7   9
1858   7  10
1859   7  11
1860   7  12
1861   7  13
1862   7  14
1863   7  15
1864   7  16
1865   7  17
1866   7  18
1867   7  19
1868   7  20
1869   7  21
1870   7  22
1871   7  23
1872   7  24
1873   2   1
1874   2   2
1875   2   3
1876   2   4
1877   2   5
1878   2   6
1879   2   7
1880   2   8
1881   2   9
1882   2  10
1883   2  11
1884   2  12
1885   2  13
1886   2  14
1887   2  15
1888   2  16
1889   2  17
1890   2  18
1891   2  19
1892   2  20
1893   2  21
1894   2  22
1895   2  23
1896   2  24
1897   7   1
1898   7   2
1899   7   3
1900   7   4
1901   7   5
1902   7   6
1903   7   7
1904   7   8
1905   7   9
1906   7  10
1907   7  11
1908   7  12
1909   7  13
1910   7  14
1911   7  15
1912   7  16
1913   7  17
1914   7  18
1915   7  19
1916   7  20
1917   7  21
1918   7  22
1919   7  23
1920   7  24
1921   8   1
1922   8   2
1923   8   3
1924   8   4
1925   8   5
1926   8   6
1927   8   7
1928   8   8
1929   8   9
1930   8  10
1931   8  11
1932   8  12
1933   8  13
1934   8  14
1935   8  15
1936   8  16
1937   8  17
1938   8  18
1939   8  19
1940   8  20
1941   8  21
1942   8  22
1943   8  23
1944   8  24
1945   7   1
1946   7   2
1947   7   3
1948   7   4
1949   7   5
1950   7   6
1951   7   7
1952   7   8
1953   7   9
1954   7  10
1955   7  11
1956   7  12
1957   7  13
1958   7  14
1959   7  15
1960   7  16
1961   7  17
1962   7  18
1963   7  19
1964   7  20
1965   7  21
1966   7  22
1967   7  23
1968   7  24
1969   8   1
1970   8   2
1971   8   3
1972   8   4
1973   8   5
1974   8   6
1975   8   7
1976   8   8
1977   8   9
1978   8  10
1979   8  11
1980   8  12
1981   8  13
1982   8  14
1983   8  15
1984   8  16
1985   8  17
1986   8  18
1987   8  19
1988   8  20
1989   8  21
1990   8  22
1991   8  23
1992   8  24
1993   8   1
1994   8   2
1995   8   3
1996   8   4
1997   8   5
1998   8   6
1999   8   7
2000   8   8
2001   8   9
2002   8  10
2003   8  11
2004   8  12
2005   8  13
2006   8  14
2007   8  15
2008   8  16
2009   8  17
2010   8  18
2011   8  19
2012   8  20
2013   8  21
2014   8  22
2015   8  23
2016   8  24
2017   8   1
2018   8   2
2019   8   3
2020   8   4
2021   8   5
2022   8   6
2023   8   7
2024   8   8
2025   8   9
2026   8  10
2027   8  11
2028   8  12
2029   8  13
2030   8  14
2031   8  15
2032   8  16
2033   8  17
2034   8  18
2035   8  19
2036   8  20
2037   8  21
2038   8  22
2039   8  23
2040   8  24
2041   8   1
2042   8   2
2043   8   3
2044   8   4
2045   8   5
2046   8   6
2047   8   7
2048   8   8
2049   8   9
2050   8  10
2051   8  11
2052   8  12
2053   8  13
2054   8  14
2055   8  15
2056   8  16
2057   8  17
2058   8  18
2059   8  19
2060   8  20
2061   8  21
2062   8  22
2063   8  23
2064   8  24
2065   9   1
2066   9   2
2067   9   3
2068   9   4
2069   9   5
2070   9   6
2071   9   7
2072   9   8
2073   9   9
2074   9  10
2075   9  11
2076   9  12
2077   9  13
2078   9  14
2079   9  15
2080   9  16
2081   9  17
2082   9  18
2083   9  19
2084   9  20
2085   9  21
2086   9  22
2087   9  23
2088   9  24
2089   8   1
2090   8   2
2091   8   3
2092   8   4
2093   8   5
2094   8   6
2095   8   7
2096   8   8
2097   8   9
2098   8  10
2099   8  11
2100   8  12
2101   8  13
2102   8  14
2103   8  15
2104   8  16
2105   8  17
2106   8  18
2107   8  19
2108   8  20
2109   8  21
2110   8  22
2111   8  23
2112   8  24
2113  10   1
2114  10   2
2115  10   3
2116  10   4
2117  10   5
2118  10   6
2119  10   7
2120  10   8
2121  10   9
2122  10  10
2123  10  11
2124  10  12
2125  10  13
2126  10  14
2127  10  15
2128  10  16
2129  10  17
2130  10  18
2131  10  19
2132  10  20
2133  10  21
2134  10  22
2135  10  23
2136  10  24
2137  10   1
2138  10   2
2139  10   3
2140  10   4
2141  10   5
2142  10   6
2143  10   7
2144  10   8
2145  10   9
2146  10  10
2147  10  11
2148  10  12
2149  10  13
2150  10  14
2151  10  15
2152  10  16
2153  10  17
2154  10  18
2155  10  19
2156  10  20
2157  10  21
2158  10  22
2159  10  23
2160  10  24
2161   7   1
2162   7   2
2163   7   3
2164   7   4
2165   7   5
2166   7   6
2167   7   7
2168   7   8
2169   7   9
2170   7  10
2171   7  11
2172   7  12
2173   7  13
2174   7  14
2175   7  15
2176   7  16
2177   7  17
2178   7  18
2179   7  19
2180   7  20
2181   7  21
2182   7  22
2183   7  23
2184   7  24
2185   9   1
2186   9   2
2187   9   3
2188   9   4
2189   9   5
2190   9   6
2191   9   7
2192   9   8
2193   9   9
2194   9  10
2195   9  11
2196   9  12
2197   9  13
2198   9  14
2199   9  15
2200   9  16
2201   9  17
2202   9  18
2203   9  19
2204   9  20
2205   9  21
2206   9  22
2207   9  23
2208   9  24
2209   9   1
2210   9   2
2211   9   3
2212   9   4
2213   9   5
2214   9   6
2215   9   7
2216   9   8
2217   9   9
2218   9  10
2219   9  11
2220   9  12
2221   9  13
2222   9  14
2223   9  15
2224   9  16
2225   9  17
2226   9  18
2227   9  19
2228   9  20
2229   9  21
2230   9  22
2231   9  23
2232   9  24
2233   9   1
2234   9   2
2235   9   3
2236   9   4
2237   9   5
2238   9   6
2239   9   7
2240   9   8
2241   9   9
2242   9  10
2243   9  11
2244   9  12
2245   9  13
2246   9  14
2247   9  15
2248   9  16
2249   9  17
2250   9  18
2251   9  19
2252   9  20
2253   9  21
2254   9  22
2255   9  23
2256   9  24
2257   9   1
2258   9   2
2259   9   3
2260   9   4
2261   9   5
2262   9   6
2263   9   7
2264   9   8
2265   9   9
2266   9  10
2267   9  11
2268   9  12
2269   9  13
2270   9  14
2271   9  15
2272   9  16
2273   9  17
2274   9  18
2275   9  19
2276   9  20
2277   9  21
2278   9  22
2279   9  23
2280   9  24
2281   9   1
2282   9   2
2283   9   3
2284   9   4
2285   9   5
2286   9   6
2287   9   7
2288   9   8
2289   9   9
2290   9  10
2291   9  11
2292   9  12
2293   9  13
2294   9  14
2295   9  15
2296   9  16
2297   9  17
2298   9  18
2299   9  19
2300   9  20
2301   9  21
2302   9  22
2303   9  23
2304   9  24
2305   9   1
2306   9   2
2307   9   3
2308   9   4
2309   9   5
2310   9   6
2311   9   7
2312   9   8
2313   9   9
2314   9  10
2315   9  11
2316   9  12
2317   9  13
2318   9  14
2319   9  15
2320   9  16
2321   9  17
2322   9  18
2323   9  19
2324   9  20
2325   9  21
2326   9  22
2327   9  23
2328   9  24
2329   8   1
2330   8   2
2331   8   3
2332   8   4
2333   8   5
2334   8   6
2335   8   7
2336   8   8
2337   8   9
2338   8  10
2339   8  11
2340   8  12
2341   8  13
2342   8  14
2343   8  15
2344   8  16
2345   8  17
2346   8  18
2347   8  19
2348   8  20
2349   8  21
2350   8  22
2351   8  23
2352   8  24
2353  10   1
2354  10   2
2355  10   3
2356  10   4
2357  10   5
2358  10   6
2359  10   7
2360  10   8
2361  10   9
2362  10  10
2363  10  11
2364  10  12
2365  10  13
2366  10  14
2367  10  15
2368  10  16
2369  10  17
2370  10  18
2371  10  19
2372  10  20
2373  10  21
2374  10  22
2375  10  23
2376  10  24
2377  11   1
2378  11   2
2379  11   3
2380  11   4
2381  11   5
2382  11   6
2383  11   7
2384  11   8
2385  11   9
2386  11  10
2387  11  11
2388  11  12
2389  11  13
2390  11  14
2391  11  15
2392  11  16
2393  11  17
2394  11  18
2395  11  19
2396  11  20
2397  11  21
2398  11  22
2399  11  23
2400  11  24
2401  12   1
2402  12   2
2403  12   3
2404  12   4
2405  12   5
2406  12   6
2407  12   7
2408  12   8
2409  12   9
2410  12  10
2411  12  11
2412  12  12
2413  12  13
2414  12  14
2415  12  15
2416  12  16
2417  12  17
2418  12  18
2419  12  19
2420  12  20
2421  12  21
2422  12  22
2423  12  23
2424  12  24
2425  10   1
2426  10   2
2427  10   3
2428  10   4
2429  10   5
2430  10   6
2431  10   7
2432  10   8
2433  10   9
2434  10  10
2435  10  11
2436  10  12
2437  10  13
2438  10  14
2439  10  15
2440  10  16
2441  10  17
2442  10  18
2443  10  19
2444  10  20
2445  10  21
2446  10  22
2447  10  23
2448  10  24
2449   9   1
2450   9   2
2451   9   3
2452   9   4
2453   9   5
2454   9   6
2455   9   7
2456   9   8
2457   9   9
2458   9  10
2459   9  11
2460   9  12
2461   9  13
2462   9  14
2463   9  15
2464   9  16
2465   9  17
2466   9  18
2467   9  19
2468   9  20
2469   9  21
2470   9  22
2471   9  23
2472   9  24
2473   9   1
2474   9   2
2475   9   3
2476   9   4
2477   9   5
2478   9   6
2479   9   7
2480   9   8
2481   9   9
2482   9  10
2483   9  11
2484   9  12
2485   9  13
2486   9  14
2487   9  15
2488   9  16
2489   9  17
2490   9  18
2491   9  19
2492   9  20
2493   9  21
2494   9  22
2495   9  23
2496   9  24
2497   7   1
2498   7   2
2499   7   3
2500   7   4
2501   7   5
2502   7   6
2503   7   7
2504   7   8
2505   7   9
2506   7  10
2507   7  11
2508   7  12
2509   7  13
2510   7  14
2511   7  15
2512   7  16
2513   7  17
2514   7  18
2515   7  19
2516   7  20
2517   7  21
2518   7  22
2519   7  23
2520   7  24
2521   9   1
2522   9   2
2523   9   3
2524   9   4
2525   9   5
2526   9   6
2527   9   7
2528   9   8
2529   9   9
2530   9  10
2531   9  11
2532   9  12
2533   9  13
2534   9  14
2535   9  15
2536   9  16
2537   9  17
2538   9  18
2539   9  19
2540   9  20
2541   9  21
2542   9  22
2543   9  23
2544   9  24
2545   9   1
2546   9   2
2547   9   3
2548   9   4
2549   9   5
2550   9   6
2551   9   7
2552   9   8
2553   9   9
2554   9  10
2555   9  11
2556   9  12
2557   9  13
2558   9  14
2559   9  15
2560   9  16
2561   9  17
2562   9  18
2563   9  19
2564   9  20
2565   9  21
2566   9  22
2567   9  23
2568   9  24
2569   9   1
2570   9   2
2571   9   3
2572   9   4
2573   9   5
2574   9   6
2575   9   7
2576   9   8
2577   9   9
2578   9  10
2579   9  11
2580   9  12
2581   9  13
2582   9  14
2583   9  15
2584   9  16
2585   9  17
2586   9  18
2587   9  19
2588   9  20
2589   9  21
2590   9  22
2591   9  23
2592   9  24
2593   9   1
2594   9   2
2595   9   3
2596   9   4
2597   9   5
2598   9   6
2599   9   7
2600   9   8
2601   9   9
2602   9  10
2603   9  11
2604   9  12
2605   9  13
2606   9  14
2607   9  15
2608   9  16
2609   9  17
2610   9  18
2611   9  19
2612   9  20
2613   9  21
2614   9  22
2615   9  23
2616   9  24
2617   2   1
2618   2   2
2619   2   3
2620   2   4
2621   2   5
2622   2   6
2623   2   7
2624   2   8
2625   2   9
2626   2  10
2627   2  11
2628   2  12
2629   2  13
2630   2  14
2631   2  15
2632   2  16
2633   2  17
2634   2  18
2635   2  19
2636   2  20
2637   2  21
2638   2  22
2639   2  23
2640   2  24
2641   2   1
2642   2   2
2643   2   3
2644   2   4
2645   2   5
2646   2   6
2647   2   7
2648   2   8
2649   2   9
2650   2  10
2651   2  11
2652   2  12
2653   2  13
2654   2  14
2655   2  15
2656   2  16
2657   2  17
2658   2  18
2659   2  19
2660   2  20
2661   2  21
2662   2  22
2663   2  23
2664   2  24
2665   9   1
2666   9   2
2667   9   3
2668   9   4
2669   9   5
2670   9   6
2671   9   7
2672   9   8
2673   9   9
2674   9  10
2675   9  11
2676   9  12
2677   9  13
2678   9  14
2679   9  15
2680   9  16
2681   9  17
2682   9  18
2683   9  19
2684   9  20
2685   9  21
2686   9  22
2687   9  23
2688   9  24
2689   8   1
2690   8   2
2691   8   3
2692   8   4
2693   8   5
2694   8   6
2695   8   7
2696   8   8
2697   8   9
2698   8  10
2699   8  11
2700   8  12
2701   8  13
2702   8  14
2703   8  15
2704   8  16
2705   8  17
2706   8  18
2707   8  19
2708   8  20
2709   8  21
2710   8  22
2711   8  23
2712   8  24
2713   7   1
2714   7   2
2715   7   3
2716   7   4
2717   7   5
2718   7   6
2719   7   7
2720   7   8
2721   7   9
2722   7  10
2723   7  11
2724   7  12
2725   7  13
2726   7  14
2727   7  15
2728   7  16
2729   7  17
2730   7  18
2731   7  19
2732   7  20
2733   7  21
2734   7  22
2735   7  23
2736   7  24
2737   7   1
2738   7   2
2739   7   3
2740   7   4
2741   7   5
2742   7   6
2743   7   7
2744   7   8
2745   7   9
2746   7  10
2747   7  11
2748   7  12
2749   7  13
2750   7  14
2751   7  15
2752   7  16
2753   7  17
2754   7  18
2755   7  19
2756   7  20
2757   7  21
2758   7  22
2759   7  23
2760   7  24
2761   9   1
2762   9   2
2763   9   3
2764   9   4
2765   9   5
2766   9   6
2767   9   7
2768   9   8
2769   9   9
2770   9  10
2771   9  11
2772   9  12
2773   9  13
2774   9  14
2775   9  15
2776   9  16
2777   9  17
2778   9  18
2779   9  19
2780   9  20
2781   9  21
2782   9  22
2783   9  23
2784   9  24
2785   7   1
2786   7   2
2787   7   3
2788   7   4
2789   7   5
2790   7   6
2791   7   7
2792   7   8
2793   7   9
2794   7  10
2795   7  11
2796   7  12
2797   7  13
2798   7  14
2799   7  15
2800   7  16
2801   7  17
2802   7  18
2803   7  19
2804   7  20
2805   7  21
2806   7  22
2807   7  23
2808   7  24
2809   9   1
2810   9   2
2811   9   3
2812   9   4
2813   9   5
2814   9   6
2815   9   7
2816   9   8
2817   9   9
2818   9  10
2819   9  11
2820   9  12
2821   9  13
2822   9  14
2823   9  15
2824   9  16
2825   9  17
2826   9  18
2827   9  19
2828   9  20
2829   9  21
2830   9  22
2831   9  23
2832   9  24
2833   9   1
2834   9   2
2835   9   3
2836   9   4
2837   9   5
2838   9   6
2839   9   7
2840   9   8
2841   9   9
2842   9  10
2843   9  11
2844   9  12
2845   9  13
2846   9  14
2847   9  15
2848   9  16
2849   9  17
2850   9  18
2851   9  19
2852   9  20
2853   9  21
2854   9  22
2855   9  23
2856   9  24
2857   9   1
2858   9   2
2859   9   3
2860   9   4
2861   9   5
2862   9   6
2863   9   7
2864   9   8
2865   9   9
2866   9  10
2867   9  11
2868   9  12
2869   9  13
2870   9  14
2871   9  15
2872   9  16
2873   9  17
2874   9  18
2875   9  19
2876   9  20
2877   9  21
2878   9  22
2879   9  23
2880   9  24
2881   8   1
2882   8   2
2883   8   3
2884   8   4
2885   8   5
2886   8   6
2887   8   7
2888   8   8
2889   8   9
2890   8  10
2891   8  11
2892   8  12
2893   8  13
2894   8  14
2895   8  15
2896   8  16
2897   8  17
2898   8  18
2899   8  19
2900   8  20
2901   8  21
2902   8  22
2903   8  23
2904   8  24
2905  11   1
2906  11   2
2907  11   3
2908  11   4
2909  11   5
2910  11   6
2911  11   7
2912  11   8
2913  11   9
2914  11  10
2915  11  11
2916  11  12
2917  11  13
2918  11  14
2919  11  15
2920  11  16
2921  11  17
2922  11  18
2923  11  19
2924  11  20
2925  11  21
2926  11  22
2927  11  23
2928  11  24
2929  10   1
2930  10   2
2931  10   3
2932  10   4
2933  10   5
2934  10   6
2935  10   7
2936  10   8
2937  10   9
2938  10  10
2939  10  11
2940  10  12
2941  10  13
2942  10  14
2943  10  15
2944  10  16
2945  10  17
2946  10  18
2947  10  19
2948  10  20
2949  10  21
2950  10  22
2951  10  23
2952  10  24
2953   8   1
2954   8   2
2955   8   3
2956   8   4
2957   8   5
2958   8   6
2959   8   7
2960   8   8
2961   8   9
2962   8  10
2963   8  11
2964   8  12
2965   8  13
2966   8  14
2967   8  15
2968   8  16
2969   8  17
2970   8  18
2971   8  19
2972   8  20
2973   8  21
2974   8  22
2975   8  23
2976   8  24
2977  11   1
2978  11   2
2979  11   3
2980  11   4
2981  11   5
2982  11   6
2983  11   7
2984  11   8
2985  11   9
2986  11  10
2987  11  11
2988  11  12
2989  11  13
2990  11  14
2991  11  15
2992  11  16
2993  11  17
2994  11  18
2995  11  19
2996  11  20
2997  11  21
2998  11  22
2999  11  23
3000  11  24
3001  11   1
3002  11   2
3003  11   3
3004  11   4
3005  11   5
3006  11   6
3007  11   7
3008  11   8
3009  11   9
3010  11  10
3011  11  11
3012  11  12
3013  11  13
3014  11  14
3015  11  15
3016  11  16
3017  11  17
3018  11  18
3019  11  19
3020  11  20
3021  11  21
3022  11  22
3023  11  23
3024  11  24
3025  11   1
3026  11   2
3027  11   3
3028  11   4
3029  11   5
3030  11   6
3031  11   7
3032  11   8
3033  11   9
3034  11  10
3035  11  11
3036  11  12
3037  11  13
3038  11  14
3039  11  15
3040  11  16
3041  11  17
3042  11  18
3043  11  19
3044  11  20
3045  11  21
3046  11  22
3047  11  23
3048  11  24
3049  11   1
3050  11   2
3051  11   3
3052  11   4
3053  11   5
3054  11   6
3055  11   7
3056  11   8
3057  11   9
3058  11  10
3059  11  11
3060  11  12
3061  11  13
3062  11  14
3063  11  15
3064  11  16
3065  11  17
3066  11  18
3067  11  19
3068  11  20
3069  11  21
3070  11  22
3071  11  23
3072  11  24
3073   8   1
3074   8   2
3075   8   3
3076   8   4
3077   8   5
3078   8   6
3079   8   7
3080   8   8
3081   8   9
3082   8  10
3083   8  11
3084   8  12
3085   8  13
3086   8  14
3087   8  15
3088   8  16
3089   8  17
3090   8  18
3091   8  19
3092   8  20
3093   8  21
3094   8  22
3095   8  23
3096   8  24
3097   8   1
3098   8   2
3099   8   3
3100   8   4
3101   8   5
3102   8   6
3103   8   7
3104   8   8
3105   8   9
3106   8  10
3107   8  11
3108   8  12
3109   8  13
3110   8  14
3111   8  15
3112   8  16
3113   8  17
3114   8  18
3115   8  19
3116   8  20
3117   8  21
3118   8  22
3119   8  23
3120   8  24
3121  10   1
3122  10   2
3123  10   3
3124  10   4
3125  10   5
3126  10   6
3127  10   7
3128  10   8
3129  10   9
3130  10  10
3131  10  11
3132  10  12
3133  10  13
3134  10  14
3135  10  15
3136  10  16
3137  10  17
3138  10  18
3139  10  19
3140  10  20
3141  10  21
3142  10  22
3143  10  23
3144  10  24
3145   8   1
3146   8   2
3147   8   3
3148   8   4
3149   8   5
3150   8   6
3151   8   7
3152   8   8
3153   8   9
3154   8  10
3155   8  11
3156   8  12
3157   8  13
3158   8  14
3159   8  15
3160   8  16
3161   8  17
3162   8  18
3163   8  19
3164   8  20
3165   8  21
3166   8  22
3167   8  23
3168   8  24
3169  12   1
3170  12   2
3171  12   3
3172  12   4
3173  12   5
3174  12   6
3175  12   7
3176  12   8
3177  12   9
3178  12  10
3179  12  11
3180  12  12
3181  12  13
3182  12  14
3183  12  15
3184  12  16
3185  12  17
3186  12  18
3187  12  19
3188  12  20
3189  12  21
3190  12  22
3191  12  23
3192  12  24
3193  10   1
3194  10   2
3195  10   3
3196  10   4
3197  10   5
3198  10   6
3199  10   7
3200  10   8
3201  10   9
3202  10  10
3203  10  11
3204  10  12
3205  10  13
3206  10  14
3207  10  15
3208  10  16
3209  10  17
3210  10  18
3211  10  19
3212  10  20
3213  10  21
3214  10  22
3215  10  23
3216  10  24
3217  12   1
3218  12   2
3219  12   3
3220  12   4
3221  12   5
3222  12   6
3223  12   7
3224  12   8
3225  12   9
3226  12  10
3227  12  11
3228  12  12
3229  12  13
3230  12  14
3231  12  15
3232  12  16
3233  12  17
3234  12  18
3235  12  19
3236  12  20
3237  12  21
3238  12  22
3239  12  23
3240  12  24
3241  10   1
3242  10   2
3243  10   3
3244  10   4
3245  10   5
3246  10   6
3247  10   7
3248  10   8
3249  10   9
3250  10  10
3251  10  11
3252  10  12
3253  10  13
3254  10  14
3255  10  15
3256  10  16
3257  10  17
3258  10  18
3259  10  19
3260  10  20
3261  10  21
3262  10  22
3263  10  23
3264  10  24
3265  10   1
3266  10   2
3267  10   3
3268  10   4
3269  10   5
3270  10   6
3271  10   7
3272  10   8
3273  10   9
3274  10  10
3275  10  11
3276  10  12
3277  10  13
3278  10  14
3279  10  15
3280  10  16
3281  10  17
3282  10  18
3283  10  19
3284  10  20
3285  10  21
3286  10  22
3287  10  23
3288  10  24
3289  10   1
3290  10   2
3291  10   3
3292  10   4
3293  10   5
3294  10   6
3295  10   7
3296  10   8
3297  10   9
3298  10  10
3299  10  11
3300  10  12
3301  10  13
3302  10  14
3303  10  15
3304  10  16
3305  10  17
3306  10  18
3307  10  19
3308  10  20
3309  10  21
3310  10  22
3311  10  23
3312  10  24
3313  13   1
3314  13   2
3315  13   3
3316  13   4
3317  13   5
3318  13   6
3319  13   7
3320  13   8
3321  13   9
3322  13  10
3323  13  11
3324  13  12
3325  13  13
3326  13  14
3327  13  15
3328  13  16
3329  13  17
3330  13  18
3331  13  19
3332  13  20
3333  13  21
3334  13  22
3335  13  23
3336  13  24
3337  13   1
3338  13   2
3339  13   3
3340  13   4
3341  13   5
3342  13   6
3343  13   7
3344  13   8
3345  13   9
3346  13  10
3347  13  11
3348  13  12
3349  13  13
3350  13  14
3351  13  15
3352  13  16
3353  13  17
3354  13  18
3355  13  19
3356  13  20
3357  13  21
3358  13  22
3359  13  23
3360  13  24
3361  12   1
3362  12   2
3363  12   3
3364  12   4
3365  12   5
3366  12   6
3367  12   7
3368  12   8
3369  12   9
3370  12  10
3371  12  11
3372  12  12
3373  12  13
3374  12  14
3375  12  15
3376  12  16
3377  12  17
3378  12  18
3379  12  19
3380  12  20
3381  12  21
3382  12  22
3383  12  23
3384  12  24
3385   8   1
3386   8   2
3387   8   3
3388   8   4
3389   8   5
3390   8   6
3391   8   7
3392   8   8
3393   8   9
3394   8  10
3395   8  11
3396   8  12
3397   8  13
3398   8  14
3399   8  15
3400   8  16
3401   8  17
3402   8  18
3403   8  19
3404   8  20
3405   8  21
3406   8  22
3407   8  23
3408   8  24
3409  10   1
3410  10   2
3411  10   3
3412  10   4
3413  10   5
3414  10   6
3415  10   7
3416  10   8
3417  10   9
3418  10  10
3419  10  11
3420  10  12
3421  10  13
3422  10  14
3423  10  15
3424  10  16
3425  10  17
3426  10  18
3427  10  19
3428  10  20
3429  10  21
3430  10  22
3431  10  23
3432  10  24
3433  10   1
3434  10   2
3435  10   3
3436  10   4
3437  10   5
3438  10   6
3439  10   7
3440  10   8
3441  10   9
3442  10  10
3443  10  11
3444  10  12
3445  10  13
3446  10  14
3447  10  15
3448  10  16
3449  10  17
3450  10  18
3451  10  19
3452  10  20
3453  10  21
3454  10  22
3455  10  23
3456  10  24
3457  10   1
3458  10   2
3459  10   3
3460  10   4
3461  10   5
3462  10   6
3463  10   7
3464  10   8
3465  10   9
3466  10  10
3467  10  11
3468  10  12
3469  10  13
3470  10  14
3471  10  15
3472  10  16
3473  10  17
3474  10  18
3475  10  19
3476  10  20
3477  10  21
3478  10  22
3479  10  23
3480  10  24
3481  14   1
3482  14   2
3483  14   3
3484  14   4
3485  14   5
3486  14   6
3487  14   7
3488  14   8
3489  14   9
3490  14  10
3491  14  11
3492  14  12
3493  14  13
3494  14  14
3495  14  15
3496  14  16
3497  14  17
3498  14  18
3499  14  19
3500  14  20
3501  14  21
3502  14  22
3503  14  23
3504  14  24
3505  14   1
3506  14   2
3507  14   3
3508  14   4
3509  14   5
3510  14   6
3511  14   7
3512  14   8
3513  14   9
3514  14  10
3515  14  11
3516  14  12
3517  14  13
3518  14  14
3519  14  15
3520  14  16
3521  14  17
3522  14  18
3523  14  19
3524  14  20
3525  14  21
3526  14  22
3527  14  23
3528  14  24
3529  14   1
3530  14   2
3531  14   3
3532  14   4
3533  14   5
3534  14   6
3535  14   7
3536  14   8
3537  14   9
3538  14  10
3539  14  11
3540  14  12
3541  14  13
3542  14  14
3543  14  15
3544  14  16
3545  14  17
3546  14  18
3547  14  19
3548  14  20
3549  14  21
3550  14  22
3551  14  23
3552  14  24
3553  13   1
3554  13   2
3555  13   3
3556  13   4
3557  13   5
3558  13   6
3559  13   7
3560  13   8
3561  13   9
3562  13  10
3563  13  11
3564  13  12
3565  13  13
3566  13  14
3567  13  15
3568  13  16
3569  13  17
3570  13  18
3571  13  19
3572  13  20
3573  13  21
3574  13  22
3575  13  23
3576  13  24
3577  12   1
3578  12   2
3579  12   3
3580  12   4
3581  12   5
3582  12   6
3583  12   7
3584  12   8
3585  12   9
3586  12  10
3587  12  11
3588  12  12
3589  12  13
3590  12  14
3591  12  15
3592  12  16
3593  12  17
3594  12  18
3595  12  19
3596  12  20
3597  12  21
3598  12  22
3599  12  23
3600  12  24
3601  11   1
3602  11   2
3603  11   3
3604  11   4
3605  11   5
3606  11   6
3607  11   7
3608  11   8
3609  11   9
3610  11  10
3611  11  11
3612  11  12
3613  11  13
3614  11  14
3615  11  15
3616  11  16
3617  11  17
3618  11  18
3619  11  19
3620  11  20
3621  11  21
3622  11  22
3623  11  23
3624  11  24
3625  10   1
3626  10   2
3627  10   3
3628  10   4
3629  10   5
3630  10   6
3631  10   7
3632  10   8
3633  10   9
3634  10  10
3635  10  11
3636  10  12
3637  10  13
3638  10  14
3639  10  15
3640  10  16
3641  10  17
3642  10  18
3643  10  19
3644  10  20
3645  10  21
3646  10  22
3647  10  23
3648  10  24
3649  12   1
3650  12   2
3651  12   3
3652  12   4
3653  12   5
3654  12   6
3655  12   7
3656  12   8
3657  12   9
3658  12  10
3659  12  11
3660  12  12
3661  12  13
3662  12  14
3663  12  15
3664  12  16
3665  12  17
3666  12  18
3667  12  19
3668  12  20
3669  12  21
3670  12  22
3671  12  23
3672  12  24
3673  13   1
3674  13   2
3675  13   3
3676  13   4
3677  13   5
3678  13   6
3679  13   7
3680  13   8
3681  13   9
3682  13  10
3683  13  11
3684  13  12
3685  13  13
3686  13  14
3687  13  15
3688  13  16
3689  13  17
3690  13  18
3691  13  19
3692  13  20
3693  13  21
3694  13  22
3695  13  23
3696  13  24
3697  11   1
3698  11   2
3699  11   3
3700  11   4
3701  11   5
3702  11   6
3703  11   7
3704  11   8
3705  11   9
3706  11  10
3707  11  11
3708  11  12
3709  11  13
3710  11  14
3711  11  15
3712  11  16
3713  11  17
3714  11  18
3715  11  19
3716  11  20
3717  11  21
3718  11  22
3719  11  23
3720  11  24
3721  12   1
3722  12   2
3723  12   3
3724  12   4
3725  12   5
3726  12   6
3727  12   7
3728  12   8
3729  12   9
3730  12  10
3731  12  11
3732  12  12
3733  12  13
3734  12  14
3735  12  15
3736  12  16
3737  12  17
3738  12  18
3739  12  19
3740  12  20
3741  12  21
3742  12  22
3743  12  23
3744  12  24
3745  13   1
3746  13   2
3747  13   3
3748  13   4
3749  13   5
3750  13   6
3751  13   7
3752  13   8
3753  13   9
3754  13  10
3755  13  11
3756  13  12
3757  13  13
3758  13  14
3759  13  15
3760  13  16
3761  13  17
3762  13  18
3763  13  19
3764  13  20
3765  13  21
3766  13  22
3767  13  23
3768  13  24
3769  12   1
3770  12   2
3771  12   3
3772  12   4
3773  12   5
3774  12   6
3775  12   7
3776  12   8
3777  12   9
3778  12  10
3779  12  11
3780  12  12
3781  12  13
3782  12  14
3783  12  15
3784  12  16
3785  12  17
3786  12  18
3787  12  19
3788  12  20
3789  12  21
3790  12  22
3791  12  23
3792  12  24
3793  10   1
3794  10   2
3795  10   3
3796  10   4
3797  10   5
3798  10   6
3799  10   7
3800  10   8
3801  10   9
3802  10  10
3803  10  11
3804  10  12
3805  10  13
3806  10  14
3807  10  15
3808  10  16
3809  10  17
3810  10  18
3811  10  19
3812  10  20
3813  10  21
3814  10  22
3815  10  23
3816  10  24
3817  10   1
3818  10   2
3819  10   3
3820  10   4
3821  10   5
3822  10   6
3823  10   7
3824  10   8
3825  10   9
3826  10  10
3827  10  11
3828  10  12
3829  10  13
3830  10  14
3831  10  15
3832  10  16
3833  10  17
3834  10  18
3835  10  19
3836  10  20
3837  10  21
3838  10  22
3839  10  23
3840  10  24
3841  13   1
3842  13   2
3843  13   3
3844  13   4
3845  13   5
3846  13   6
3847  13   7
3848  13   8
3849  13   9
3850  13  10
3851  13  11
3852  13  12
3853  13  13
3854  13  14
3855  13  15
3856  13  16
3857  13  17
3858  13  18
3859  13  19
3860  13  20
3861  13  21
3862  13  22
3863  13  23
3864  13  24
3865  14   1
3866  14   2
3867  14   3
3868  14   4
3869  14   5
3870  14   6
3871  14   7
3872  14   8
3873  14   9
3874  14  10
3875  14  11
3876  14  12
3877  14  13
3878  14  14
3879  14  15
3880  14  16
3881  14  17
3882  14  18
3883  14  19
3884  14  20
3885  14  21
3886  14  22
3887  14  23
3888  14  24
3889  14   1
3890  14   2
3891  14   3
3892  14   4
3893  14   5
3894  14   6
3895  14   7
3896  14   8
3897  14   9
3898  14  10
3899  14  11
3900  14  12
3901  14  13
3902  14  14
3903  14  15
3904  14  16
3905  14  17
3906  14  18
3907  14  19
3908  14  20
3909  14  21
3910  14  22
3911  14  23
3912  14  24
3913  13   1
3914  13   2
3915  13   3
3916  13   4
3917  13   5
3918  13   6
3919  13   7
3920  13   8
3921  13   9
3922  13  10
3923  13  11
3924  13  12
3925  13  13
3926  13  14
3927  13  15
3928  13  16
3929  13  17
3930  13  18
3931  13  19
3932  13  20
3933  13  21
3934  13  22
3935  13  23
3936  13  24
3937  12   1
3938  12   2
3939  12   3
3940  12   4
3941  12   5
3942  12   6
3943  12   7
3944  12   8
3945  12   9
3946  12  10
3947  12  11
3948  12  12
3949  12  13
3950  12  14
3951  12  15
3952  12  16
3953  12  17
3954  12  18
3955  12  19
3956  12  20
3957  12  21
3958  12  22
3959  12  23
3960  12  24
3961  10   1
3962  10   2
3963  10   3
3964  10   4
3965  10   5
3966  10   6
3967  10   7
3968  10   8
3969  10   9
3970  10  10
3971  10  11
3972  10  12
3973  10  13
3974  10  14
3975  10  15
3976  10  16
3977  10  17
3978  10  18
3979  10  19
3980  10  20
3981  10  21
3982  10  22
3983  10  23
3984  10  24
3985  13   1
3986  13   2
3987  13   3
3988  13   4
3989  13   5
3990  13   6
3991  13   7
3992  13   8
3993  13   9
3994  13  10
3995  13  11
3996  13  12
3997  13  13
3998  13  14
3999  13  15
4000  13  16
4001  13  17
4002  13  18
4003  13  19
4004  13  20
4005  13  21
4006  13  22
4007  13  23
4008  13  24
4009  12   1
4010  12   2
4011  12   3
4012  12   4
4013  12   5
4014  12   6
4015  12   7
4016  12   8
4017  12   9
4018  12  10
4019  12  11
4020  12  12
4021  12  13
4022  12  14
4023  12  15
4024  12  16
4025  12  17
4026  12  18
4027  12  19
4028  12  20
4029  12  21
4030  12  22
4031  12  23
4032  12  24
4033  14   1
4034  14   2
4035  14   3
4036  14   4
4037  14   5
4038  14   6
4039  14   7
4040  14   8
4041  14   9
4042  14  10
4043  14  11
4044  14  12
4045  14  13
4046  14  14
4047  14  15
4048  14  16
4049  14  17
4050  14  18
4051  14  19
4052  14  20
4053  14  21
4054  14  22
4055  14  23
4056  14  24
4057  14   1
4058  14   2
4059  14   3
4060  14   4
4061  14   5
4062  14   6
4063  14   7
4064  14   8
4065  14   9
4066  14  10
4067  14  11
4068  14  12
4069  14  13
4070  14  14
4071  14  15
4072  14  16
4073  14  17
4074  14  18
4075  14  19
4076  14  20
4077  14  21
4078  14  22
4079  14  23
4080  14  24
4081  14   1
4082  14   2
4083  14   3
4084  14   4
4085  14   5
4086  14   6
4087  14   7
4088  14   8
4089  14   9
4090  14  10
4091  14  11
4092  14  12
4093  14  13
4094  14  14
4095  14  15
4096  14  16
4097  14  17
4098  14  18
4099  14  19
4100  14  20
4101  14  21
4102  14  22
4103  14  23
4104  14  24
4105  14   1
4106  14   2
4107  14   3
4108  14   4
4109  14   5
4110  14   6
4111  14   7
4112  14   8
4113  14   9
4114  14  10
4115  14  11
4116  14  12
4117  14  13
4118  14  14
4119  14  15
4120  14  16
4121  14  17
4122  14  18
4123  14  19
4124  14  20
4125  14  21
4126  14  22
4127  14  23
4128  14  24
4129  12   1
4130  12   2
4131  12   3
4132  12   4
4133  12   5
4134  12   6
4135  12   7
4136  12   8
4137  12   9
4138  12  10
4139  12  11
4140  12  12
4141  12  13
4142  12  14
4143  12  15
4144  12  16
4145  12  17
4146  12  18
4147  12  19
4148  12  20
4149  12  21
4150  12  22
4151  12  23
4152  12  24
4153  12   1
4154  12   2
4155  12   3
4156  12   4
4157  12   5
4158  12   6
4159  12   7
4160  12   8
4161  12   9
4162  12  10
4163  12  11
4164  12  12
4165  12  13
4166  12  14
4167  12  15
4168  12  16
4169  12  17
4170  12  18
4171  12  19
4172  12  20
4173  12  21
4174  12  22
4175  12  23
4176  12  24
4177  13   1
4178  13   2
4179  13   3
4180  13   4
4181  13   5
4182  13   6
4183  13   7
4184  13   8
4185  13   9
4186  13  10
4187  13  11
4188  13  12
4189  13  13
4190  13  14
4191  13  15
4192  13  16
4193  13  17
4194  13  18
4195  13  19
4196  13  20
4197  13  21
4198  13  22
4199  13  23
4200  13  24
4201  14   1
4202  14   2
4203  14   3
4204  14   4
4205  14   5
4206  14   6
4207  14   7
4208  14   8
4209  14   9
4210  14  10
4211  14  11
4212  14  12
4213  14  13
4214  14  14
4215  14  15
4216  14  16
4217  14  17
4218  14  18
4219  14  19
4220  14  20
4221  14  21
4222  14  22
4223  14  23
4224  14  24
4225  12   1
4226  12   2
4227  12   3
4228  12   4
4229  12   5
4230  12   6
4231  12   7
4232  12   8
4233  12   9
4234  12  10
4235  12  11
4236  12  12
4237  12  13
4238  12  14
4239  12  15
4240  12  16
4241  12  17
4242  12  18
4243  12  19
4244  12  20
4245  12  21
4246  12  22
4247  12  23
4248  12  24
4249  12   1
4250  12   2
4251  12   3
4252  12   4
4253  12   5
4254  12   6
4255  12   7
4256  12   8
4257  12   9
4258  12  10
4259  12  11
4260  12  12
4261  12  13
4262  12  14
4263  12  15
4264  12  16
4265  12  17
4266  12  18
4267  12  19
4268  12  20
4269  12  21
4270  12  22
4271  12  23
4272  12  24
4273  13   1
4274  13   2
4275  13   3
4276  13   4
4277  13   5
4278  13   6
4279  13   7
4280  13   8
4281  13   9
4282  13  10
4283  13  11
4284  13  12
4285  13  13
4286  13  14
4287  13  15
4288  13  16
4289  13  17
4290  13  18
4291  13  19
4292  13  20
4293  13  21
4294  13  22
4295  13  23
4296  13  24
4297  12   1
4298  12   2
4299  12   3
4300  12   4
4301  12   5
4302  12   6
4303  12   7
4304  12   8
4305  12   9
4306  12  10
4307  12  11
4308  12  12
4309  12  13
4310  12  14
4311  12  15
4312  12  16
4313  12  17
4314  12  18
4315  12  19
4316  12  20
4317  12  21
4318  12  22
4319  12  23
4320  12  24
4321  12   1
4322  12   2
4323  12   3
4324  12   4
4325  12   5
4326  12   6
4327  12   7
4328  12   8
4329  12   9
4330  12  10
4331  12  11
4332  12  12
4333  12  13
4334  12  14
4335  12  15
4336  12  16
4337  12  17
4338  12  18
4339  12  19
4340  12  20
4341  12  21
4342  12  22
4343  12  23
4344  12  24
4345  12   1
4346  12   2
4347  12   3
4348  12   4
4349  12   5
4350  12   6
4351  12   7
4352  12   8
4353  12   9
4354  12  10
4355  12  11
4356  12  12
4357  12  13
4358  12  14
4359  12  15
4360  12  16
4361  12  17
4362  12  18
4363  12  19
4364  12  20
4365  12  21
4366  12  22
4367  12  23
4368  12  24
4369  14   1
4370  14   2
4371  14   3
4372  14   4
4373  14   5
4374  14   6
4375  14   7
4376  14   8
4377  14   9
4378  14  10
4379  14  11
4380  14  12
4381  14  13
4382  14  14
4383  14  15
4384  14  16
4385  14  17
4386  14  18
4387  14  19
4388  14  20
4389  14  21
4390  14  22
4391  14  23
4392  14  24
4393  12   1
4394  12   2
4395  12   3
4396  12   4
4397  12   5
4398  12   6
4399  12   7
4400  12   8
4401  12   9
4402  12  10
4403  12  11
4404  12  12
4405  12  13
4406  12  14
4407  12  15
4408  12  16
4409  12  17
4410  12  18
4411  12  19
4412  12  20
4413  12  21
4414  12  22
4415  12  23
4416  12  24
4417  13   1
4418  13   2
4419  13   3
4420  13   4
4421  13   5
4422  13   6
4423  13   7
4424  13   8
4425  13   9
4426  13  10
4427  13  11
4428  13  12
4429  13  13
4430  13  14
4431  13  15
4432  13  16
4433  13  17
4434  13  18
4435  13  19
4436  13  20
4437  13  21
4438  13  22
4439  13  23
4440  13  24
4441  12   1
4442  12   2
4443  12   3
4444  12   4
4445  12   5
4446  12   6
4447  12   7
4448  12   8
4449  12   9
4450  12  10
4451  12  11
4452  12  12
4453  12  13
4454  12  14
4455  12  15
4456  12  16
4457  12  17
4458  12  18
4459  12  19
4460  12  20
4461  12  21
4462  12  22
4463  12  23
4464  12  24
4465  12   1
4466  12   2
4467  12   3
4468  12   4
4469  12   5
4470  12   6
4471  12   7
4472  12   8
4473  12   9
4474  12  10
4475  12  11
4476  12  12
4477  12  13
4478  12  14
4479  12  15
4480  12  16
4481  12  17
4482  12  18
4483  12  19
4484  12  20
4485  12  21
4486  12  22
4487  12  23
4488  12  24
4489  12   1
4490  12   2
4491  12   3
4492  12   4
4493  12   5
4494  12   6
4495  12   7
4496  12   8
4497  12   9
4498  12  10
4499  12  11
4500  12  12
4501  12  13
4502  12  14
4503  12  15
4504  12  16
4505  12  17
4506  12  18
4507  12  19
4508  12  20
4509  12  21
4510  12  22
4511  12  23
4512  12  24
4513  12   1
4514  12   2
4515  12   3
4516  12   4
4517  12   5
4518  12   6
4519  12   7
4520  12   8
4521  12   9
4522  12  10
4523  12  11
4524  12  12
4525  12  13
4526  12  14
4527  12  15
4528  12  16
4529  12  17
4530  12  18
4531  12  19
4532  12  20
4533  12  21
4534  12  22
4535  12  23
4536  12  24
4537  14   1
4538  14   2
4539  14   3
4540  14   4
4541  14   5
4542  14   6
4543  14   7
4544  14   8
4545  14   9
4546  14  10
4547  14  11
4548  14  12
4549  14  13
4550  14  14
4551  14  15
4552  14  16
4553  14  17
4554  14  18
4555  14  19
4556  14  20
4557  14  21
4558  14  22
4559  14  23
4560  14  24
4561  12   1
4562  12   2
4563  12   3
4564  12   4
4565  12   5
4566  12   6
4567  12   7
4568  12   8
4569  12   9
4570  12  10
4571  12  11
4572  12  12
4573  12  13
4574  12  14
4575  12  15
4576  12  16
4577  12  17
4578  12  18
4579  12  19
4580  12  20
4581  12  21
4582  12  22
4583  12  23
4584  12  24
4585  14   1
4586  14   2
4587  14   3
4588  14   4
4589  14   5
4590  14   6
4591  14   7
4592  14   8
4593  14   9
4594  14  10
4595  14  11
4596  14  12
4597  14  13
4598  14  14
4599  14  15
4600  14  16
4601  14  17
4602  14  18
4603  14  19
4604  14  20
4605  14  21
4606  14  22
4607  14  23
4608  14  24
4609  13   1
4610  13   2
4611  13   3
4612  13   4
4613  13   5
4614  13   6
4615  13   7
4616  13   8
4617  13   9
4618  13  10
4619  13  11
4620  13  12
4621  13  13
4622  13  14
4623  13  15
4624  13  16
4625  13  17
4626  13  18
4627  13  19
4628  13  20
4629  13  21
4630  13  22
4631  13  23
4632  13  24
4633  13   1
4634  13   2
4635  13   3
4636  13   4
4637  13   5
4638  13   6
4639  13   7
4640  13   8
4641  13   9
4642  13  10
4643  13  11
4644  13  12
4645  13  13
4646  13  14
4647  13  15
4648  13  16
4649  13  17
4650  13  18
4651  13  19
4652  13  20
4653  13  21
4654  13  22
4655  13  23
4656  13  24
4657  13   1
4658  13   2
4659  13   3
4660  13   4
4661  13   5
4662  13   6
4663  13   7
4664  13   8
4665  13   9
4666  13  10
4667  13  11
4668  13  12
4669  13  13
4670  13  14
4671  13  15
4672  13  16
4673  13  17
4674  13  18
4675  13  19
4676  13  20
4677  13  21
4678  13  22
4679  13  23
4680  13  24
4681  13   1
4682  13   2
4683  13   3
4684  13   4
4685  13   5
4686  13   6
4687  13   7
4688  13   8
4689  13   9
4690  13  10
4691  13  11
4692  13  12
4693  13  13
4694  13  14
4695  13  15
4696  13  16
4697  13  17
4698  13  18
4699  13  19
4700  13  20
4701  13  21
4702  13  22
4703  13  23
4704  13  24
4705  14   1
4706  14   2
4707  14   3
4708  14   4
4709  14   5
4710  14   6
4711  14   7
4712  14   8
4713  14   9
4714  14  10
4715  14  11
4716  14  12
4717  14  13
4718  14  14
4719  14  15
4720  14  16
4721  14  17
4722  14  18
4723  14  19
4724  14  20
4725  14  21
4726  14  22
4727  14  23
4728  14  24
4729  11   1
4730  11   2
4731  11   3
4732  11   4
4733  11   5
4734  11   6
4735  11   7
4736  11   8
4737  11   9
4738  11  10
4739  11  11
4740  11  12
4741  11  13
4742  11  14
4743  11  15
4744  11  16
4745  11  17
4746  11  18
4747  11  19
4748  11  20
4749  11  21
4750  11  22
4751  11  23
4752  11  24
4753  14   1
4754  14   2
4755  14   3
4756  14   4
4757  14   5
4758  14   6
4759  14   7
4760  14   8
4761  14   9
4762  14  10
4763  14  11
4764  14  12
4765  14  13
4766  14  14
4767  14  15
4768  14  16
4769  14  17
4770  14  18
4771  14  19
4772  14  20
4773  14  21
4774  14  22
4775  14  23
4776  14  24
4777  13   1
4778  13   2
4779  13   3
4780  13   4
4781  13   5
4782  13   6
4783  13   7
4784  13   8
4785  13   9
4786  13  10
4787  13  11
4788  13  12
4789  13  13
4790  13  14
4791  13  15
4792  13  16
4793  13  17
4794  13  18
4795  13  19
4796  13  20
4797  13  21
4798  13  22
4799  13  23
4800  13  24
4801  11   1
4802  11   2
4803  11   3
4804  11   4
4805  11   5
4806  11   6
4807  11   7
4808  11   8
4809  11   9
4810  11  10
4811  11  11
4812  11  12
4813  11  13
4814  11  14
4815  11  15
4816  11  16
4817  11  17
4818  11  18
4819  11  19
4820  11  20
4821  11  21
4822  11  22
4823  11  23
4824  11  24
4825  14   1
4826  14   2
4827  14   3
4828  14   4
4829  14   5
4830  14   6
4831  14   7
4832  14   8
4833  14   9
4834  14  10
4835  14  11
4836  14  12
4837  14  13
4838  14  14
4839  14  15
4840  14  16
4841  14  17
4842  14  18
4843  14  19
4844  14  20
4845  14  21
4846  14  22
4847  14  23
4848  14  24
4849  14   1
4850  14   2
4851  14   3
4852  14   4
4853  14   5
4854  14   6
4855  14   7
4856  14   8
4857  14   9
4858  14  10
4859  14  11
4860  14  12
4861  14  13
4862  14  14
4863  14  15
4864  14  16
4865  14  17
4866  14  18
4867  14  19
4868  14  20
4869  14  21
4870  14  22
4871  14  23
4872  14  24
4873  11   1
4874  11   2
4875  11   3
4876  11   4
4877  11   5
4878  11   6
4879  11   7
4880  11   8
4881  11   9
4882  11  10
4883  11  11
4884  11  12
4885  11  13
4886  11  14
4887  11  15
4888  11  16
4889  11  17
4890  11  18
4891  11  19
4892  11  20
4893  11  21
4894  11  22
4895  11  23
4896  11  24
4897  13   1
4898  13   2
4899  13   3
4900  13   4
4901  13   5
4902  13   6
4903  13   7
4904  13   8
4905  13   9
4906  13  10
4907  13  11
4908  13  12
4909  13  13
4910  13  14
4911  13  15
4912  13  16
4913  13  17
4914  13  18
4915  13  19
4916  13  20
4917  13  21
4918  13  22
4919  13  23
4920  13  24
4921  11   1
4922  11   2
4923  11   3
4924  11   4
4925  11   5
4926  11   6
4927  11   7
4928  11   8
4929  11   9
4930  11  10
4931  11  11
4932  11  12
4933  11  13
4934  11  14
4935  11  15
4936  11  16
4937  11  17
4938  11  18
4939  11  19
4940  11  20
4941  11  21
4942  11  22
4943  11  23
4944  11  24
4945  12   1
4946  12   2
4947  12   3
4948  12   4
4949  12   5
4950  12   6
4951  12   7
4952  12   8
4953  12   9
4954  12  10
4955  12  11
4956  12  12
4957  12  13
4958  12  14
4959  12  15
4960  12  16
4961  12  17
4962  12  18
4963  12  19
4964  12  20
4965  12  21
4966  12  22
4967  12  23
4968  12  24
4969  12   1
4970  12   2
4971  12   3
4972  12   4
4973  12   5
4974  12   6
4975  12   7
4976  12   8
4977  12   9
4978  12  10
4979  12  11
4980  12  12
4981  12  13
4982  12  14
4983  12  15
4984  12  16
4985  12  17
4986  12  18
4987  12  19
4988  12  20
4989  12  21
4990  12  22
4991  12  23
4992  12  24
4993  13   1
4994  13   2
4995  13   3
4996  13   4
4997  13   5
4998  13   6
4999  13   7
5000  13   8
5001  13   9
5002  13  10
5003  13  11
5004  13  12
5005  13  13
5006  13  14
5007  13  15
5008  13  16
5009  13  17
5010  13  18
5011  13  19
5012  13  20
5013  13  21
5014  13  22
5015  13  23
5016  13  24
5017  14   1
5018  14   2
5019  14   3
5020  14   4
5021  14   5
5022  14   6
5023  14   7
5024  14   8
5025  14   9
5026  14  10
5027  14  11
5028  14  12
5029  14  13
5030  14  14
5031  14  15
5032  14  16
5033  14  17
5034  14  18
5035  14  19
5036  14  20
5037  14  21
5038  14  22
5039  14  23
5040  14  24
5041  11   1
5042  11   2
5043  11   3
5044  11   4
5045  11   5
5046  11   6
5047  11   7
5048  11   8
5049  11   9
5050  11  10
5051  11  11
5052  11  12
5053  11  13
5054  11  14
5055  11  15
5056  11  16
5057  11  17
5058  11  18
5059  11  19
5060  11  20
5061  11  21
5062  11  22
5063  11  23
5064  11  24
5065  11   1
5066  11   2
5067  11   3
5068  11   4
5069  11   5
5070  11   6
5071  11   7
5072  11   8
5073  11   9
5074  11  10
5075  11  11
5076  11  12
5077  11  13
5078  11  14
5079  11  15
5080  11  16
5081  11  17
5082  11  18
5083  11  19
5084  11  20
5085  11  21
5086  11  22
5087  11  23
5088  11  24
5089  11   1
5090  11   2
5091  11   3
5092  11   4
5093  11   5
5094  11   6
5095  11   7
5096  11   8
5097  11   9
5098  11  10
5099  11  11
5100  11  12
5101  11  13
5102  11  14
5103  11  15
5104  11  16
5105  11  17
5106  11  18
5107  11  19
5108  11  20
5109  11  21
5110  11  22
5111  11  23
5112  11  24
5113  11   1
5114  11   2
5115  11   3
5116  11   4
5117  11   5
5118  11   6
5119  11   7
5120  11   8
5121  11   9
5122  11  10
5123  11  11
5124  11  12
5125  11  13
5126  11  14
5127  11  15
5128  11  16
5129  11  17
5130  11  18
5131  11  19
5132  11  20
5133  11  21
5134  11  22
5135  11  23
5136  11  24
5137  11   1
5138  11   2
5139  11   3
5140  11   4
5141  11   5
5142  11   6
5143  11   7
5144  11   8
5145  11   9
5146  11  10
5147  11  11
5148  11  12
5149  11  13
5150  11  14
5151  11  15
5152  11  16
5153  11  17
5154  11  18
5155  11  19
5156  11  20
5157  11  21
5158  11  22
5159  11  23
5160  11  24
5161  10   1
5162  10   2
5163  10   3
5164  10   4
5165  10   5
5166  10   6
5167  10   7
5168  10   8
5169  10   9
5170  10  10
5171  10  11
5172  10  12
5173  10  13
5174  10  14
5175  10  15
5176  10  16
5177  10  17
5178  10  18
5179  10  19
5180  10  20
5181  10  21
5182  10  22
5183  10  23
5184  10  24
5185  13   1
5186  13   2
5187  13   3
5188  13   4
5189  13   5
5190  13   6
5191  13   7
5192  13   8
5193  13   9
5194  13  10
5195  13  11
5196  13  12
5197  13  13
5198  13  14
5199  13  15
5200  13  16
5201  13  17
5202  13  18
5203  13  19
5204  13  20
5205  13  21
5206  13  22
5207  13  23
5208  13  24
5209  13   1
5210  13   2
5211  13   3
5212  13   4
5213  13   5
5214  13   6
5215  13   7
5216  13   8
5217  13   9
5218  13  10
5219  13  11
5220  13  12
5221  13  13
5222  13  14
5223  13  15
5224  13  16
5225  13  17
5226  13  18
5227  13  19
5228  13  20
5229  13  21
5230  13  22
5231  13  23
5232  13  24
5233  10   1
5234  10   2
5235  10   3
5236  10   4
5237  10   5
5238  10   6
5239  10   7
5240  10   8
5241  10   9
5242  10  10
5243  10  11
5244  10  12
5245  10  13
5246  10  14
5247  10  15
5248  10  16
5249  10  17
5250  10  18
5251  10  19
5252  10  20
5253  10  21
5254  10  22
5255  10  23
5256  10  24
5257  11   1
5258  11   2
5259  11   3
5260  11   4
5261  11   5
5262  11   6
5263  11   7
5264  11   8
5265  11   9
5266  11  10
5267  11  11
5268  11  12
5269  11  13
5270  11  14
5271  11  15
5272  11  16
5273  11  17
5274  11  18
5275  11  19
5276  11  20
5277  11  21
5278  11  22
5279  11  23
5280  11  24
5281  11   1
5282  11   2
5283  11   3
5284  11   4
5285  11   5
5286  11   6
5287  11   7
5288  11   8
5289  11   9
5290  11  10
5291  11  11
5292  11  12
5293  11  13
5294  11  14
5295  11  15
5296  11  16
5297  11  17
5298  11  18
5299  11  19
5300  11  20
5301  11  21
5302  11  22
5303  11  23
5304  11  24
5305  11   1
5306  11   2
5307  11   3
5308  11   4
5309  11   5
5310  11   6
5311  11   7
5312  11   8
5313  11   9
5314  11  10
5315  11  11
5316  11  12
5317  11  13
5318  11  14
5319  11  15
5320  11  16
5321  11  17
5322  11  18
5323  11  19
5324  11  20
5325  11  21
5326  11  22
5327  11  23
5328  11  24
5329  14   1
5330  14   2
5331  14   3
5332  14   4
5333  14   5
5334  14   6
5335  14   7
5336  14   8
5337  14   9
5338  14  10
5339  14  11
5340  14  12
5341  14  13
5342  14  14
5343  14  15
5344  14  16
5345  14  17
5346  14  18
5347  14  19
5348  14  20
5349  14  21
5350  14  22
5351  14  23
5352  14  24
5353  11   1
5354  11   2
5355  11   3
5356  11   4
5357  11   5
5358  11   6
5359  11   7
5360  11   8
5361  11   9
5362  11  10
5363  11  11
5364  11  12
5365  11  13
5366  11  14
5367  11  15
5368  11  16
5369  11  17
5370  11  18
5371  11  19
5372  11  20
5373  11  21
5374  11  22
5375  11  23
5376  11  24
5377  11   1
5378  11   2
5379  11   3
5380  11   4
5381  11   5
5382  11   6
5383  11   7
5384  11   8
5385  11   9
5386  11  10
5387  11  11
5388  11  12
5389  11  13
5390  11  14
5391  11  15
5392  11  16
5393  11  17
5394  11  18
5395  11  19
5396  11  20
5397  11  21
5398  11  22
5399  11  23
5400  11  24
5401  14   1
5402  14   2
5403  14   3
5404  14   4
5405  14   5
5406  14   6
5407  14   7
5408  14   8
5409  14   9
5410  14  10
5411  14  11
5412  14  12
5413  14  13
5414  14  14
5415  14  15
5416  14  16
5417  14  17
5418  14  18
5419  14  19
5420  14  20
5421  14  21
5422  14  22
5423  14  23
5424  14  24
5425  11   1
5426  11   2
5427  11   3
5428  11   4
5429  11   5
5430  11   6
5431  11   7
5432  11   8
5433  11   9
5434  11  10
5435  11  11
5436  11  12
5437  11  13
5438  11  14
5439  11  15
5440  11  16
5441  11  17
5442  11  18
5443  11  19
5444  11  20
5445  11  21
5446  11  22
5447  11  23
5448  11  24
5449  13   1
5450  13   2
5451  13   3
5452  13   4
5453  13   5
5454  13   6
5455  13   7
5456  13   8
5457  13   9
5458  13  10
5459  13  11
5460  13  12
5461  13  13
5462  13  14
5463  13  15
5464  13  16
5465  13  17
5466  13  18
5467  13  19
5468  13  20
5469  13  21
5470  13  22
5471  13  23
5472  13  24
5473  14   1
5474  14   2
5475  14   3
5476  14   4
5477  14   5
5478  14   6
5479  14   7
5480  14   8
5481  14   9
5482  14  10
5483  14  11
5484  14  12
5485  14  13
5486  14  14
5487  14  15
5488  14  16
5489  14  17
5490  14  18
5491  14  19
5492  14  20
5493  14  21
5494  14  22
5495  14  23
5496  14  24
5497  14   1
5498  14   2
5499  14   3
5500  14   4
5501  14   5
5502  14   6
5503  14   7
5504  14   8
5505  14   9
5506  14  10
5507  14  11
5508  14  12
5509  14  13
5510  14  14
5511  14  15
5512  14  16
5513  14  17
5514  14  18
5515  14  19
5516  14  20
5517  14  21
5518  14  22
5519  14  23
5520  14  24
5521  14   1
5522  14   2
5523  14   3
5524  14   4
5525  14   5
5526  14   6
5527  14   7
5528  14   8
5529  14   9
5530  14  10
5531  14  11
5532  14  12
5533  14  13
5534  14  14
5535  14  15
5536  14  16
5537  14  17
5538  14  18
5539  14  19
5540  14  20
5541  14  21
5542  14  22
5543  14  23
5544  14  24
5545  14   1
5546  14   2
5547  14   3
5548  14   4
5549  14   5
5550  14   6
5551  14   7
5552  14   8
5553  14   9
5554  14  10
5555  14  11
5556  14  12
5557  14  13
5558  14  14
5559  14  15
5560  14  16
5561  14  17
5562  14  18
5563  14  19
5564  14  20
5565  14  21
5566  14  22
5567  14  23
5568  14  24
5569  12   1
5570  12   2
5571  12   3
5572  12   4
5573  12   5
5574  12   6
5575  12   7
5576  12   8
5577  12   9
5578  12  10
5579  12  11
5580  12  12
5581  12  13
5582  12  14
5583  12  15
5584  12  16
5585  12  17
5586  12  18
5587  12  19
5588  12  20
5589  12  21
5590  12  22
5591  12  23
5592  12  24
5593  12   1
5594  12   2
5595  12   3
5596  12   4
5597  12   5
5598  12   6
5599  12   7
5600  12   8
5601  12   9
5602  12  10
5603  12  11
5604  12  12
5605  12  13
5606  12  14
5607  12  15
5608  12  16
5609  12  17
5610  12  18
5611  12  19
5612  12  20
5613  12  21
5614  12  22
5615  12  23
5616  12  24
5617  10   1
5618  10   2
5619  10   3
5620  10   4
5621  10   5
5622  10   6
5623  10   7
5624  10   8
5625  10   9
5626  10  10
5627  10  11
5628  10  12
5629  10  13
5630  10  14
5631  10  15
5632  10  16
5633  10  17
5634  10  18
5635  10  19
5636  10  20
5637  10  21
5638  10  22
5639  10  23
5640  10  24
5641  12   1
5642  12   2
5643  12   3
5644  12   4
5645  12   5
5646  12   6
5647  12   7
5648  12   8
5649  12   9
5650  12  10
5651  12  11
5652  12  12
5653  12  13
5654  12  14
5655  12  15
5656  12  16
5657  12  17
5658  12  18
5659  12  19
5660  12  20
5661  12  21
5662  12  22
5663  12  23
5664  12  24
5665  12   1
5666  12   2
5667  12   3
5668  12   4
5669  12   5
5670  12   6
5671  12   7
5672  12   8
5673  12   9
5674  12  10
5675  12  11
5676  12  12
5677  12  13
5678  12  14
5679  12  15
5680  12  16
5681  12  17
5682  12  18
5683  12  19
5684  12  20
5685  12  21
5686  12  22
5687  12  23
5688  12  24
5689  13   1
5690  13   2
5691  13   3
5692  13   4
5693  13   5
5694  13   6
5695  13   7
5696  13   8
5697  13   9
5698  13  10
5699  13  11
5700  13  12
5701  13  13
5702  13  14
5703  13  15
5704  13  16
5705  13  17
5706  13  18
5707  13  19
5708  13  20
5709  13  21
5710  13  22
5711  13  23
5712  13  24
5713  12   1
5714  12   2
5715  12   3
5716  12   4
5717  12   5
5718  12   6
5719  12   7
5720  12   8
5721  12   9
5722  12  10
5723  12  11
5724  12  12
5725  12  13
5726  12  14
5727  12  15
5728  12  16
5729  12  17
5730  12  18
5731  12  19
5732  12  20
5733  12  21
5734  12  22
5735  12  23
5736  12  24
5737  11   1
5738  11   2
5739  11   3
5740  11   4
5741  11   5
5742  11   6
5743  11   7
5744  11   8
5745  11   9
5746  11  10
5747  11  11
5748  11  12
5749  11  13
5750  11  14
5751  11  15
5752  11  16
5753  11  17
5754  11  18
5755  11  19
5756  11  20
5757  11  21
5758  11  22
5759  11  23
5760  11  24
5761  10   1
5762  10   2
5763  10   3
5764  10   4
5765  10   5
5766  10   6
5767  10   7
5768  10   8
5769  10   9
5770  10  10
5771  10  11
5772  10  12
5773  10  13
5774  10  14
5775  10  15
5776  10  16
5777  10  17
5778  10  18
5779  10  19
5780  10  20
5781  10  21
5782  10  22
5783  10  23
5784  10  24
5785  12   1
5786  12   2
5787  12   3
5788  12   4
5789  12   5
5790  12   6
5791  12   7
5792  12   8
5793  12   9
5794  12  10
5795  12  11
5796  12  12
5797  12  13
5798  12  14
5799  12  15
5800  12  16
5801  12  17
5802  12  18
5803  12  19
5804  12  20
5805  12  21
5806  12  22
5807  12  23
5808  12  24
5809  13   1
5810  13   2
5811  13   3
5812  13   4
5813  13   5
5814  13   6
5815  13   7
5816  13   8
5817  13   9
5818  13  10
5819  13  11
5820  13  12
5821  13  13
5822  13  14
5823  13  15
5824  13  16
5825  13  17
5826  13  18
5827  13  19
5828  13  20
5829  13  21
5830  13  22
5831  13  23
5832  13  24
5833  12   1
5834  12   2
5835  12   3
5836  12   4
5837  12   5
5838  12   6
5839  12   7
5840  12   8
5841  12   9
5842  12  10
5843  12  11
5844  12  12
5845  12  13
5846  12  14
5847  12  15
5848  12  16
5849  12  17
5850  12  18
5851  12  19
5852  12  20
5853  12  21
5854  12  22
5855  12  23
5856  12  24
5857  13   1
5858  13   2
5859  13   3
5860  13   4
5861  13   5
5862  13   6
5863  13   7
5864  13   8
5865  13   9
5866  13  10
5867  13  11
5868  13  12
5869  13  13
5870  13  14
5871  13  15
5872  13  16
5873  13  17
5874  13  18
5875  13  19
5876  13  20
5877  13  21
5878  13  22
5879  13  23
5880  13  24
5881  12   1
5882  12   2
5883  12   3
5884  12   4
5885  12   5
5886  12   6
5887  12   7
5888  12   8
5889  12   9
5890  12  10
5891  12  11
5892  12  12
5893  12  13
5894  12  14
5895  12  15
5896  12  16
5897  12  17
5898  12  18
5899  12  19
5900  12  20
5901  12  21
5902  12  22
5903  12  23
5904  12  24
5905  12   1
5906  12   2
5907  12   3
5908  12   4
5909  12   5
5910  12   6
5911  12   7
5912  12   8
5913  12   9
5914  12  10
5915  12  11
5916  12  12
5917  12  13
5918  12  14
5919  12  15
5920  12  16
5921  12  17
5922  12  18
5923  12  19
5924  12  20
5925  12  21
5926  12  22
5927  12  23
5928  12  24
5929  13   1
5930  13   2
5931  13   3
5932  13   4
5933  13   5
5934  13   6
5935  13   7
5936  13   8
5937  13   9
5938  13  10
5939  13  11
5940  13  12
5941  13  13
5942  13  14
5943  13  15
5944  13  16
5945  13  17
5946  13  18
5947  13  19
5948  13  20
5949  13  21
5950  13  22
5951  13  23
5952  13  24
5953  12   1
5954  12   2
5955  12   3
5956  12   4
5957  12   5
5958  12   6
5959  12   7
5960  12   8
5961  12   9
5962  12  10
5963  12  11
5964  12  12
5965  12  13
5966  12  14
5967  12  15
5968  12  16
5969  12  17
5970  12  18
5971  12  19
5972  12  20
5973  12  21
5974  12  22
5975  12  23
5976  12  24
5977  12   1
5978  12   2
5979  12   3
5980  12   4
5981  12   5
5982  12   6
5983  12   7
5984  12   8
5985  12   9
5986  12  10
5987  12  11
5988  12  12
5989  12  13
5990  12  14
5991  12  15
5992  12  16
5993  12  17
5994  12  18
5995  12  19
5996  12  20
5997  12  21
5998  12  22
5999  12  23
6000  12  24
6001  10   1
6002  10   2
6003  10   3
6004  10   4
6005  10   5
6006  10   6
6007  10   7
6008  10   8
6009  10   9
6010  10  10
6011  10  11
6012  10  12
6013  10  13
6014  10  14
6015  10  15
6016  10  16
6017  10  17
6018  10  18
6019  10  19
6020  10  20
6021  10  21
6022  10  22
6023  10  23
6024  10  24
6025   8   1
6026   8   2
6027   8   3
6028   8   4
6029   8   5
6030   8   6
6031   8   7
6032   8   8
6033   8   9
6034   8  10
6035   8  11
6036   8  12
6037   8  13
6038   8  14
6039   8  15
6040   8  16
6041   8  17
6042   8  18
6043   8  19
6044   8  20
6045   8  21
6046   8  22
6047   8  23
6048   8  24
6049   8   1
6050   8   2
6051   8   3
6052   8   4
6053   8   5
6054   8   6
6055   8   7
6056   8   8
6057   8   9
6058   8  10
6059   8  11
6060   8  12
6061   8  13
6062   8  14
6063   8  15
6064   8  16
6065   8  17
6066   8  18
6067   8  19
6068   8  20
6069   8  21
6070   8  22
6071   8  23
6072   8  24
6073   7   1
6074   7   2
6075   7   3
6076   7   4
6077   7   5
6078   7   6
6079   7   7
6080   7   8
6081   7   9
6082   7  10
6083   7  11
6084   7  12
6085   7  13
6086   7  14
6087   7  15
6088   7  16
6089   7  17
6090   7  18
6091   7  19
6092   7  20
6093   7  21
6094   7  22
6095   7  23
6096   7  24
6097   1   1
6098   1   2
6099   1   3
6100   1   4
6101   1   5
6102   1   6
6103   1   7
6104   1   8
6105   1   9
6106   1  10
6107   1  11
6108   1  12
6109   1  13
6110   1  14
6111   1  15
6112   1  16
6113   1  17
6114   1  18
6115   1  19
6116   1  20
6117   1  21
6118   1  22
6119   1  23
6120   1  24
6121   8   1
6122   8   2
6123   8   3
6124   8   4
6125   8   5
6126   8   6
6127   8   7
6128   8   8
6129   8   9
6130   8  10
6131   8  11
6132   8  12
6133   8  13
6134   8  14
6135   8  15
6136   8  16
6137   8  17
6138   8  18
6139   8  19
6140   8  20
6141   8  21
6142   8  22
6143   8  23
6144   8  24
6145  12   1
6146  12   2
6147  12   3
6148  12   4
6149  12   5
6150  12   6
6151  12   7
6152  12   8
6153  12   9
6154  12  10
6155  12  11
6156  12  12
6157  12  13
6158  12  14
6159  12  15
6160  12  16
6161  12  17
6162  12  18
6163  12  19
6164  12  20
6165  12  21
6166  12  22
6167  12  23
6168  12  24
6169  10   1
6170  10   2
6171  10   3
6172  10   4
6173  10   5
6174  10   6
6175  10   7
6176  10   8
6177  10   9
6178  10  10
6179  10  11
6180  10  12
6181  10  13
6182  10  14
6183  10  15
6184  10  16
6185  10  17
6186  10  18
6187  10  19
6188  10  20
6189  10  21
6190  10  22
6191  10  23
6192  10  24
6193  10   1
6194  10   2
6195  10   3
6196  10   4
6197  10   5
6198  10   6
6199  10   7
6200  10   8
6201  10   9
6202  10  10
6203  10  11
6204  10  12
6205  10  13
6206  10  14
6207  10  15
6208  10  16
6209  10  17
6210  10  18
6211  10  19
6212  10  20
6213  10  21
6214  10  22
6215  10  23
6216  10  24
6217   8   1
6218   8   2
6219   8   3
6220   8   4
6221   8   5
6222   8   6
6223   8   7
6224   8   8
6225   8   9
6226   8  10
6227   8  11
6228   8  12
6229   8  13
6230   8  14
6231   8  15
6232   8  16
6233   8  17
6234   8  18
6235   8  19
6236   8  20
6237   8  21
6238   8  22
6239   8  23
6240   8  24
6241  10   1
6242  10   2
6243  10   3
6244  10   4
6245  10   5
6246  10   6
6247  10   7
6248  10   8
6249  10   9
6250  10  10
6251  10  11
6252  10  12
6253  10  13
6254  10  14
6255  10  15
6256  10  16
6257  10  17
6258  10  18
6259  10  19
6260  10  20
6261  10  21
6262  10  22
6263  10  23
6264  10  24
6265  10   1
6266  10   2
6267  10   3
6268  10   4
6269  10   5
6270  10   6
6271  10   7
6272  10   8
6273  10   9
6274  10  10
6275  10  11
6276  10  12
6277  10  13
6278  10  14
6279  10  15
6280  10  16
6281  10  17
6282  10  18
6283  10  19
6284  10  20
6285  10  21
6286  10  22
6287  10  23
6288  10  24
6289  10   1
6290  10   2
6291  10   3
6292  10   4
6293  10   5
6294  10   6
6295  10   7
6296  10   8
6297  10   9
6298  10  10
6299  10  11
6300  10  12
6301  10  13
6302  10  14
6303  10  15
6304  10  16
6305  10  17
6306  10  18
6307  10  19
6308  10  20
6309  10  21
6310  10  22
6311  10  23
6312  10  24
6313  10   1
6314  10   2
6315  10   3
6316  10   4
6317  10   5
6318  10   6
6319  10   7
6320  10   8
6321  10   9
6322  10  10
6323  10  11
6324  10  12
6325  10  13
6326  10  14
6327  10  15
6328  10  16
6329  10  17
6330  10  18
6331  10  19
6332  10  20
6333  10  21
6334  10  22
6335  10  23
6336  10  24
6337  10   1
6338  10   2
6339  10   3
6340  10   4
6341  10   5
6342  10   6
6343  10   7
6344  10   8
6345  10   9
6346  10  10
6347  10  11
6348  10  12
6349  10  13
6350  10  14
6351  10  15
6352  10  16
6353  10  17
6354  10  18
6355  10  19
6356  10  20
6357  10  21
6358  10  22
6359  10  23
6360  10  24
6361  10   1
6362  10   2
6363  10   3
6364  10   4
6365  10   5
6366  10   6
6367  10   7
6368  10   8
6369  10   9
6370  10  10
6371  10  11
6372  10  12
6373  10  13
6374  10  14
6375  10  15
6376  10  16
6377  10  17
6378  10  18
6379  10  19
6380  10  20
6381  10  21
6382  10  22
6383  10  23
6384  10  24
6385  12   1
6386  12   2
6387  12   3
6388  12   4
6389  12   5
6390  12   6
6391  12   7
6392  12   8
6393  12   9
6394  12  10
6395  12  11
6396  12  12
6397  12  13
6398  12  14
6399  12  15
6400  12  16
6401  12  17
6402  12  18
6403  12  19
6404  12  20
6405  12  21
6406  12  22
6407  12  23
6408  12  24
6409  10   1
6410  10   2
6411  10   3
6412  10   4
6413  10   5
6414  10   6
6415  10   7
6416  10   8
6417  10   9
6418  10  10
6419  10  11
6420  10  12
6421  10  13
6422  10  14
6423  10  15
6424  10  16
6425  10  17
6426  10  18
6427  10  19
6428  10  20
6429  10  21
6430  10  22
6431  10  23
6432  10  24
6433   8   1
6434   8   2
6435   8   3
6436   8   4
6437   8   5
6438   8   6
6439   8   7
6440   8   8
6441   8   9
6442   8  10
6443   8  11
6444   8  12
6445   8  13
6446   8  14
6447   8  15
6448   8  16
6449   8  17
6450   8  18
6451   8  19
6452   8  20
6453   8  21
6454   8  22
6455   8  23
6456   8  24
6457  10   1
6458  10   2
6459  10   3
6460  10   4
6461  10   5
6462  10   6
6463  10   7
6464  10   8
6465  10   9
6466  10  10
6467  10  11
6468  10  12
6469  10  13
6470  10  14
6471  10  15
6472  10  16
6473  10  17
6474  10  18
6475  10  19
6476  10  20
6477  10  21
6478  10  22
6479  10  23
6480  10  24
6481  10   1
6482  10   2
6483  10   3
6484  10   4
6485  10   5
6486  10   6
6487  10   7
6488  10   8
6489  10   9
6490  10  10
6491  10  11
6492  10  12
6493  10  13
6494  10  14
6495  10  15
6496  10  16
6497  10  17
6498  10  18
6499  10  19
6500  10  20
6501  10  21
6502  10  22
6503  10  23
6504  10  24
6505  10   1
6506  10   2
6507  10   3
6508  10   4
6509  10   5
6510  10   6
6511  10   7
6512  10   8
6513  10   9
6514  10  10
6515  10  11
6516  10  12
6517  10  13
6518  10  14
6519  10  15
6520  10  16
6521  10  17
6522  10  18
6523  10  19
6524  10  20
6525  10  21
6526  10  22
6527  10  23
6528  10  24
6529  10   1
6530  10   2
6531  10   3
6532  10   4
6533  10   5
6534  10   6
6535  10   7
6536  10   8
6537  10   9
6538  10  10
6539  10  11
6540  10  12
6541  10  13
6542  10  14
6543  10  15
6544  10  16
6545  10  17
6546  10  18
6547  10  19
6548  10  20
6549  10  21
6550  10  22
6551  10  23
6552  10  24
6553   8   1
6554   8   2
6555   8   3
6556   8   4
6557   8   5
6558   8   6
6559   8   7
6560   8   8
6561   8   9
6562   8  10
6563   8  11
6564   8  12
6565   8  13
6566   8  14
6567   8  15
6568   8  16
6569   8  17
6570   8  18
6571   8  19
6572   8  20
6573   8  21
6574   8  22
6575   8  23
6576   8  24
6577   8   1
6578   8   2
6579   8   3
6580   8   4
6581   8   5
6582   8   6
6583   8   7
6584   8   8
6585   8   9
6586   8  10
6587   8  11
6588   8  12
6589   8  13
6590   8  14
6591   8  15
6592   8  16
6593   8  17
6594   8  18
6595   8  19
6596   8  20
6597   8  21
6598   8  22
6599   8  23
6600   8  24
6601   7   1
6602   7   2
6603   7   3
6604   7   4
6605   7   5
6606   7   6
6607   7   7
6608   7   8
6609   7   9
6610   7  10
6611   7  11
6612   7  12
6613   7  13
6614   7  14
6615   7  15
6616   7  16
6617   7  17
6618   7  18
6619   7  19
6620   7  20
6621   7  21
6622   7  22
6623   7  23
6624   7  24
6625   8   1
6626   8   2
6627   8   3
6628   8   4
6629   8   5
6630   8   6
6631   8   7
6632   8   8
6633   8   9
6634   8  10
6635   8  11
6636   8  12
6637   8  13
6638   8  14
6639   8  15
6640   8  16
6641   8  17
6642   8  18
6643   8  19
6644   8  20
6645   8  21
6646   8  22
6647   8  23
6648   8  24
6649   8   1
6650   8   2
6651   8   3
6652   8   4
6653   8   5
6654   8   6
6655   8   7
6656   8   8
6657   8   9
6658   8  10
6659   8  11
6660   8  12
6661   8  13
6662   8  14
6663   8  15
6664   8  16
6665   8  17
6666   8  18
6667   8  19
6668   8  20
6669   8  21
6670   8  22
6671   8  23
6672   8  24
6673   8   1
6674   8   2
6675   8   3
6676   8   4
6677   8   5
6678   8   6
6679   8   7
6680   8   8
6681   8   9
6682   8  10
6683   8  11
6684   8  12
6685   8  13
6686   8  14
6687   8  15
6688   8  16
6689   8  17
6690   8  18
6691   8  19
6692   8  20
6693   8  21
6694   8  22
6695   8  23
6696   8  24
6697   8   1
6698   8   2
6699   8   3
6700   8   4
6701   8   5
6702   8   6
6703   8   7
6704   8   8
6705   8   9
6706   8  10
6707   8  11
6708   8  12
6709   8  13
6710   8  14
6711   8  15
6712   8  16
6713   8  17
6714   8  18
6715   8  19
6716   8  20
6717   8  21
6718   8  22
6719   8  23
6720   8  24
6721  10   1
6722  10   2
6723  10   3
6724  10   4
6725  10   5
6726  10   6
6727  10   7
6728  10   8
6729  10   9
6730  10  10
6731  10  11
6732  10  12
6733  10  13
6734  10  14
6735  10  15
6736  10  16
6737  10  17
6738  10  18
6739  10  19
6740  10  20
6741  10  21
6742  10  22
6743  10  23
6744  10  24
6745  10   1
6746  10   2
6747  10   3
6748  10   4
6749  10   5
6750  10   6
6751  10   7
6752  10   8
6753  10   9
6754  10  10
6755  10  11
6756  10  12
6757  10  13
6758  10  14
6759  10  15
6760  10  16
6761  10  17
6762  10  18
6763  10  19
6764  10  20
6765  10  21
6766  10  22
6767  10  23
6768  10  24
6769  10   1
6770  10   2
6771  10   3
6772  10   4
6773  10   5
6774  10   6
6775  10   7
6776  10   8
6777  10   9
6778  10  10
6779  10  11
6780  10  12
6781  10  13
6782  10  14
6783  10  15
6784  10  16
6785  10  17
6786  10  18
6787  10  19
6788  10  20
6789  10  21
6790  10  22
6791  10  23
6792  10  24
6793  10   1
6794  10   2
6795  10   3
6796  10   4
6797  10   5
6798  10   6
6799  10   7
6800  10   8
6801  10   9
6802  10  10
6803  10  11
6804  10  12
6805  10  13
6806  10  14
6807  10  15
6808  10  16
6809  10  17
6810  10  18
6811  10  19
6812  10  20
6813  10  21
6814  10  22
6815  10  23
6816  10  24
6817   8   1
6818   8   2
6819   8   3
6820   8   4
6821   8   5
6822   8   6
6823   8   7
6824   8   8
6825   8   9
6826   8  10
6827   8  11
6828   8  12
6829   8  13
6830   8  14
6831   8  15
6832   8  16
6833   8  17
6834   8  18
6835   8  19
6836   8  20
6837   8  21
6838   8  22
6839   8  23
6840   8  24
6841   8   1
6842   8   2
6843   8   3
6844   8   4
6845   8   5
6846   8   6
6847   8   7
6848   8   8
6849   8   9
6850   8  10
6851   8  11
6852   8  12
6853   8  13
6854   8  14
6855   8  15
6856   8  16
6857   8  17
6858   8  18
6859   8  19
6860   8  20
6861   8  21
6862   8  22
6863   8  23
6864   8  24
6865   8   1
6866   8   2
6867   8   3
6868   8   4
6869   8   5
6870   8   6
6871   8   7
6872   8   8
6873   8   9
6874   8  10
6875   8  11
6876   8  12
6877   8  13
6878   8  14
6879   8  15
6880   8  16
6881   8  17
6882   8  18
6883   8  19
6884   8  20
6885   8  21
6886   8  22
6887   8  23
6888   8  24
6889   8   1
6890   8   2
6891   8   3
6892   8   4
6893   8   5
6894   8   6
6895   8   7
6896   8   8
6897   8   9
6898   8  10
6899   8  11
6900   8  12
6901   8  13
6902   8  14
6903   8  15
6904   8  16
6905   8  17
6906   8  18
6907   8  19
6908   8  20
6909   8  21
6910   8  22
6911   8  23
6912   8  24
6913   8   1
6914   8   2
6915   8   3
6916   8   4
6917   8   5
6918   8   6
6919   8   7
6920   8   8
6921   8   9
6922   8  10
6923   8  11
6924   8  12
6925   8  13
6926   8  14
6927   8  15
6928   8  16
6929   8  17
6930   8  18
6931   8  19
6932   8  20
6933   8  21
6934   8  22
6935   8  23
6936   8  24
6937   7   1
6938   7   2
6939   7   3
6940   7   4
6941   7   5
6942   7   6
6943   7   7
6944   7   8
6945   7   9
6946   7  10
6947   7  11
6948   7  12
6949   7  13
6950   7  14
6951   7  15
6952   7  16
6953   7  17
6954   7  18
6955   7  19
6956   7  20
6957   7  21
6958   7  22
6959   7  23
6960   7  24
6961   8   1
6962   8   2
6963   8   3
6964   8   4
6965   8   5
6966   8   6
6967   8   7
6968   8   8
6969   8   9
6970   8  10
6971   8  11
6972   8  12
6973   8  13
6974   8  14
6975   8  15
6976   8  16
6977   8  17
6978   8  18
6979   8  19
6980   8  20
6981   8  21
6982   8  22
6983   8  23
6984   8  24
6985   8   1
6986   8   2
6987   8   3
6988   8   4
6989   8   5
6990   8   6
6991   8   7
6992   8   8
6993   8   9
6994   8  10
6995   8  11
6996   8  12
6997   8  13
6998   8  14
6999   8  15
7000   8  16
7001   8  17
7002   8  18
7003   8  19
7004   8  20
7005   8  21
7006   8  22
7007   8  23
7008   8  24
7009   8   1
7010   8   2
7011   8   3
7012   8   4
7013   8   5
7014   8   6
7015   8   7
7016   8   8
7017   8   9
7018   8  10
7019   8  11
7020   8  12
7021   8  13
7022   8  14
7023   8  15
7024   8  16
7025   8  17
7026   8  18
7027   8  19
7028   8  20
7029   8  21
7030   8  22
7031   8  23
7032   8  24
7033   8   1
7034   8   2
7035   8   3
7036   8   4
7037   8   5
7038   8   6
7039   8   7
7040   8   8
7041   8   9
7042   8  10
7043   8  11
7044   8  12
7045   8  13
7046   8  14
7047   8  15
7048   8  16
7049   8  17
7050   8  18
7051   8  19
7052   8  20
7053   8  21
7054   8  22
7055   8  23
7056   8  24
7057   8   1
7058   8   2
7059   8   3
7060   8   4
7061   8   5
7062   8   6
7063   8   7
7064   8   8
7065   8   9
7066   8  10
7067   8  11
7068   8  12
7069   8  13
7070   8  14
7071   8  15
7072   8  16
7073   8  17
7074   8  18
7075   8  19
7076   8  20
7077   8  21
7078   8  22
7079   8  23
7080   8  24
7081   7   1
7082   7   2
7083   7   3
7084   7   4
7085   7   5
7086   7   6
7087   7   7
7088   7   8
7089   7   9
7090   7  10
7091   7  11
7092   7  12
7093   7  13
7094   7  14
7095   7  15
7096   7  16
7097   7  17
7098   7  18
7099   7  19
7100   7  20
7101   7  21
7102   7  22
7103   7  23
7104   7  24
7105   8   1
7106   8   2
7107   8   3
7108   8   4
7109   8   5
7110   8   6
7111   8   7
7112   8   8
7113   8   9
7114   8  10
7115   8  11
7116   8  12
7117   8  13
7118   8  14
7119   8  15
7120   8  16
7121   8  17
7122   8  18
7123   8  19
7124   8  20
7125   8  21
7126   8  22
7127   8  23
7128   8  24
7129   7   1
7130   7   2
7131   7   3
7132   7   4
7133   7   5
7134   7   6
7135   7   7
7136   7   8
7137   7   9
7138   7  10
7139   7  11
7140   7  12
7141   7  13
7142   7  14
7143   7  15
7144   7  16
7145   7  17
7146   7  18
7147   7  19
7148   7  20
7149   7  21
7150   7  22
7151   7  23
7152   7  24
7153   7   1
7154   7   2
7155   7   3
7156   7   4
7157   7   5
7158   7   6
7159   7   7
7160   7   8
7161   7   9
7162   7  10
7163   7  11
7164   7  12
7165   7  13
7166   7  14
7167   7  15
7168   7  16
7169   7  17
7170   7  18
7171   7  19
7172   7  20
7173   7  21
7174   7  22
7175   7  23
7176   7  24
7177   7   1
7178   7   2
7179   7   3
7180   7   4
7181   7   5
7182   7   6
7183   7   7
7184   7   8
7185   7   9
7186   7  10
7187   7  11
7188   7  12
7189   7  13
7190   7  14
7191   7  15
7192   7  16
7193   7  17
7194   7  18
7195   7  19
7196   7  20
7197   7  21
7198   7  22
7199   7  23
7200   7  24
7201   1   1
7202   1   2
7203   1   3
7204   1   4
7205   1   5
7206   1   6
7207   1   7
7208   1   8
7209   1   9
7210   1  10
7211   1  11
7212   1  12
7213   1  13
7214   1  14
7215   1  15
7216   1  16
7217   1  17
7218   1  18
7219   1  19
7220   1  20
7221   1  21
7222   1  22
7223   1  23
7224   1  24
7225   1   1
7226   1   2
7227   1   3
7228   1   4
7229   1   5
7230   1   6
7231   1   7
7232   1   8
7233   1   9
7234   1  10
7235   1  11
7236   1  12
7237   1  13
7238   1  14
7239   1  15
7240   1  16
7241   1  17
7242   1  18
7243   1  19
7244   1  20
7245   1  21
7246   1  22
7247   1  23
7248   1  24
7249   7   1
7250   7   2
7251   7   3
7252   7   4
7253   7   5
7254   7   6
7255   7   7
7256   7   8
7257   7   9
7258   7  10
7259   7  11
7260   7  12
7261   7  13
7262   7  14
7263   7  15
7264   7  16
7265   7  17
7266   7  18
7267   7  19
7268   7  20
7269   7  21
7270   7  22
7271   7  23
7272   7  24
7273   7   1
7274   7   2
7275   7   3
7276   7   4
7277   7   5
7278   7   6
7279   7   7
7280   7   8
7281   7   9
7282   7  10
7283   7  11
7284   7  12
7285   7  13
7286   7  14
7287   7  15
7288   7  16
7289   7  17
7290   7  18
7291   7  19
7292   7  20
7293   7  21
7294   7  22
7295   7  23
7296   7  24
7297   1   1
7298   1   2
7299   1   3
7300   1   4
7301   1   5
7302   1   6
7303   1   7
7304   1   8
7305   1   9
7306   1  10
7307   1  11
7308   1  12
7309   1  13
7310   1  14
7311   1  15
7312   1  16
7313   1  17
7314   1  18
7315   1  19
7316   1  20
7317   1  21
7318   1  22
7319   1  23
7320   1  24
7321   1   1
7322   1   2
7323   1   3
7324   1   4
7325   1   5
7326   1   6
7327   1   7
7328   1   8
7329   1   9
7330   1  10
7331   1  11
7332   1  12
7333   1  13
7334   1  14
7335   1  15
7336   1  16
7337   1  17
7338   1  18
7339   1  19
7340   1  20
7341   1  21
7342   1  22
7343   1  23
7344   1  24
7345   1   1
7346   1   2
7347   1   3
7348   1   4
7349   1   5
7350   1   6
7351   1   7
7352   1   8
7353   1   9
7354   1  10
7355   1  11
7356   1  12
7357   1  13
7358   1  14
7359   1  15
7360   1  16
7361   1  17
7362   1  18
7363   1  19
7364   1  20
7365   1  21
7366   1  22
7367   1  23
7368   1  24
7369   1   1
7370   1   2
7371   1   3
7372   1   4
7373   1   5
7374   1   6
7375   1   7
7376   1   8
7377   1   9
7378   1  10
7379   1  11
7380   1  12
7381   1  13
7382   1  14
7383   1  15
7384   1  16
7385   1  17
7386   1  18
7387   1  19
7388   1  20
7389   1  21
7390   1  22
7391   1  23
7392   1  24
7393   1   1
7394   1   2
7395   1   3
7396   1   4
7397   1   5
7398   1   6
7399   1   7
7400   1   8
7401   1   9
7402   1  10
7403   1  11
7404   1  12
7405   1  13
7406   1  14
7407   1  15
7408   1  16
7409   1  17
7410   1  18
7411   1  19
7412   1  20
7413   1  21
7414   1  22
7415   1  23
7416   1  24
7417   1   1
7418   1   2
7419   1   3
7420   1   4
7421   1   5
7422   1   6
7423   1   7
7424   1   8
7425   1   9
7426   1  10
7427   1  11
7428   1  12
7429   1  13
7430   1  14
7431   1  15
7432   1  16
7433   1  17
7434   1  18
7435   1  19
7436   1  20
7437   1  21
7438   1  22
7439   1  23
7440   1  24
7441   2   1
7442   2   2
7443   2   3
7444   2   4
7445   2   5
7446   2   6
7447   2   7
7448   2   8
7449   2   9
7450   2  10
7451   2  11
7452   2  12
7453   2  13
7454   2  14
7455   2  15
7456   2  16
7457   2  17
7458   2  18
7459   2  19
7460   2  20
7461   2  21
7462   2  22
7463   2  23
7464   2  24
7465   7   1
7466   7   2
7467   7   3
7468   7   4
7469   7   5
7470   7   6
7471   7   7
7472   7   8
7473   7   9
7474   7  10
7475   7  11
7476   7  12
7477   7  13
7478   7  14
7479   7  15
7480   7  16
7481   7  17
7482   7  18
7483   7  19
7484   7  20
7485   7  21
7486   7  22
7487   7  23
7488   7  24
7489   7   1
7490   7   2
7491   7   3
7492   7   4
7493   7   5
7494   7   6
7495   7   7
7496   7   8
7497   7   9
7498   7  10
7499   7  11
7500   7  12
7501   7  13
7502   7  14
7503   7  15
7504   7  16
7505   7  17
7506   7  18
7507   7  19
7508   7  20
7509   7  21
7510   7  22
7511   7  23
7512   7  24
7513   7   1
7514   7   2
7515   7   3
7516   7   4
7517   7   5
7518   7   6
7519   7   7
7520   7   8
7521   7   9
7522   7  10
7523   7  11
7524   7  12
7525   7  13
7526   7  14
7527   7  15
7528   7  16
7529   7  17
7530   7  18
7531   7  19
7532   7  20
7533   7  21
7534   7  22
7535   7  23
7536   7  24
7537   8   1
7538   8   2
7539   8   3
7540   8   4
7541   8   5
7542   8   6
7543   8   7
7544   8   8
7545   8   9
7546   8  10
7547   8  11
7548   8  12
7549   8  13
7550   8  14
7551   8  15
7552   8  16
7553   8  17
7554   8  18
7555   8  19
7556   8  20
7557   8  21
7558   8  22
7559   8  23
7560   8  24
7561   7   1
7562   7   2
7563   7   3
7564   7   4
7565   7   5
7566   7   6
7567   7   7
7568   7   8
7569   7   9
7570   7  10
7571   7  11
7572   7  12
7573   7  13
7574   7  14
7575   7  15
7576   7  16
7577   7  17
7578   7  18
7579   7  19
7580   7  20
7581   7  21
7582   7  22
7583   7  23
7584   7  24
7585   7   1
7586   7   2
7587   7   3
7588   7   4
7589   7   5
7590   7   6
7591   7   7
7592   7   8
7593   7   9
7594   7  10
7595   7  11
7596   7  12
7597   7  13
7598   7  14
7599   7  15
7600   7  16
7601   7  17
7602   7  18
7603   7  19
7604   7  20
7605   7  21
7606   7  22
7607   7  23
7608   7  24
7609   7   1
7610   7   2
7611   7   3
7612   7   4
7613   7   5
7614   7   6
7615   7   7
7616   7   8
7617   7   9
7618   7  10
7619   7  11
7620   7  12
7621   7  13
7622   7  14
7623   7  15
7624   7  16
7625   7  17
7626   7  18
7627   7  19
7628   7  20
7629   7  21
7630   7  22
7631   7  23
7632   7  24
7633   1   1
7634   1   2
7635   1   3
7636   1   4
7637   1   5
7638   1   6
7639   1   7
7640   1   8
7641   1   9
7642   1  10
7643   1  11
7644   1  12
7645   1  13
7646   1  14
7647   1  15
7648   1  16
7649   1  17
7650   1  18
7651   1  19
7652   1  20
7653   1  21
7654   1  22
7655   1  23
7656   1  24
7657   7   1
7658   7   2
7659   7   3
7660   7   4
7661   7   5
7662   7   6
7663   7   7
7664   7   8
7665   7   9
7666   7  10
7667   7  11
7668   7  12
7669   7  13
7670   7  14
7671   7  15
7672   7  16
7673   7  17
7674   7  18
7675   7  19
7676   7  20
7677   7  21
7678   7  22
7679   7  23
7680   7  24
7681   1   1
7682   1   2
7683   1   3
7684   1   4
7685   1   5
7686   1   6
7687   1   7
7688   1   8
7689   1   9
7690   1  10
7691   1  11
7692   1  12
7693   1  13
7694   1  14
7695   1  15
7696   1  16
7697   1  17
7698   1  18
7699   1  19
7700   1  20
7701   1  21
7702   1  22
7703   1  23
7704   1  24
7705   1   1
7706   1   2
7707   1   3
7708   1   4
7709   1   5
7710   1   6
7711   1   7
7712   1   8
7713   1   9
7714   1  10
7715   1  11
7716   1  12
7717   1  13
7718   1  14
7719   1  15
7720   1  16
7721   1  17
7722   1  18
7723   1  19
7724   1  20
7725   1  21
7726   1  22
7727   1  23
7728   1  24
7729   1   1
7730   1   2
7731   1   3
7732   1   4
7733   1   5
7734   1   6
7735   1   7
7736   1   8
7737   1   9
7738   1  10
7739   1  11
7740   1  12
7741   1  13
7742   1  14
7743   1  15
7744   1  16
7745   1  17
7746   1  18
7747   1  19
7748   1  20
7749   1  21
7750   1  22
7751   1  23
7752   1  24
7753   1   1
7754   1   2
7755   1   3
7756   1   4
7757   1   5
7758   1   6
7759   1   7
7760   1   8
7761   1   9
7762   1  10
7763   1  11
7764   1  12
7765   1  13
7766   1  14
7767   1  15
7768   1  16
7769   1  17
7770   1  18
7771   1  19
7772   1  20
7773   1  21
7774   1  22
7775   1  23
7776   1  24
7777   7   1
7778   7   2
7779   7   3
7780   7   4
7781   7   5
7782   7   6
7783   7   7
7784   7   8
7785   7   9
7786   7  10
7787   7  11
7788   7  12
7789   7  13
7790   7  14
7791   7  15
7792   7  16
7793   7  17
7794   7  18
7795   7  19
7796   7  20
7797   7  21
7798   7  22
7799   7  23
7800   7  24
7801   2   1
7802   2   2
7803   2   3
7804   2   4
7805   2   5
7806   2   6
7807   2   7
7808   2   8
7809   2   9
7810   2  10
7811   2  11
7812   2  12
7813   2  13
7814   2  14
7815   2  15
7816   2  16
7817   2  17
7818   2  18
7819   2  19
7820   2  20
7821   2  21
7822   2  22
7823   2  23
7824   2  24
7825   7   1
7826   7   2
7827   7   3
7828   7   4
7829   7   5
7830   7   6
7831   7   7
7832   7   8
7833   7   9
7834   7  10
7835   7  11
7836   7  12
7837   7  13
7838   7  14
7839   7  15
7840   7  16
7841   7  17
7842   7  18
7843   7  19
7844   7  20
7845   7  21
7846   7  22
7847   7  23
7848   7  24
7849   2   1
7850   2   2
7851   2   3
7852   2   4
7853   2   5
7854   2   6
7855   2   7
7856   2   8
7857   2   9
7858   2  10
7859   2  11
7860   2  12
7861   2  13
7862   2  14
7863   2  15
7864   2  16
7865   2  17
7866   2  18
7867   2  19
7868   2  20
7869   2  21
7870   2  22
7871   2  23
7872   2  24
7873   2   1
7874   2   2
7875   2   3
7876   2   4
7877   2   5
7878   2   6
7879   2   7
7880   2   8
7881   2   9
7882   2  10
7883   2  11
7884   2  12
7885   2  13
7886   2  14
7887   2  15
7888   2  16
7889   2  17
7890   2  18
7891   2  19
7892   2  20
7893   2  21
7894   2  22
7895   2  23
7896   2  24
7897   2   1
7898   2   2
7899   2   3
7900   2   4
7901   2   5
7902   2   6
7903   2   7
7904   2   8
7905   2   9
7906   2  10
7907   2  11
7908   2  12
7909   2  13
7910   2  14
7911   2  15
7912   2  16
7913   2  17
7914   2  18
7915   2  19
7916   2  20
7917   2  21
7918   2  22
7919   2  23
7920   2  24
7921   2   1
7922   2   2
7923   2   3
7924   2   4
7925   2   5
7926   2   6
7927   2   7
7928   2   8
7929   2   9
7930   2  10
7931   2  11
7932   2  12
7933   2  13
7934   2  14
7935   2  15
7936   2  16
7937   2  17
7938   2  18
7939   2  19
7940   2  20
7941   2  21
7942   2  22
7943   2  23
7944   2  24
7945   3   1
7946   3   2
7947   3   3
7948   3   4
7949   3   5
7950   3   6
7951   3   7
7952   3   8
7953   3   9
7954   3  10
7955   3  11
7956   3  12
7957   3  13
7958   3  14
7959   3  15
7960   3  16
7961   3  17
7962   3  18
7963   3  19
7964   3  20
7965   3  21
7966   3  22
7967   3  23
7968   3  24
7969   3   1
7970   3   2
7971   3   3
7972   3   4
7973   3   5
7974   3   6
7975   3   7
7976   3   8
7977   3   9
7978   3  10
7979   3  11
7980   3  12
7981   3  13
7982   3  14
7983   3  15
7984   3  16
7985   3  17
7986   3  18
7987   3  19
7988   3  20
7989   3  21
7990   3  22
7991   3  23
7992   3  24
7993   3   1
7994   3   2
7995   3   3
7996   3   4
7997   3   5
7998   3   6
7999   3   7
8000   3   8
8001   3   9
8002   3  10
8003   3  11
8004   3  12
8005   3  13
8006   3  14
8007   3  15
8008   3  16
8009   3  17
8010   3  18
8011   3  19
8012   3  20
8013   3  21
8014   3  22
8015   3  23
8016   3  24
8017   3   1
8018   3   2
8019   3   3
8020   3   4
8021   3   5
8022   3   6
8023   3   7
8024   3   8
8025   3   9
8026   3  10
8027   3  11
8028   3  12
8029   3  13
8030   3  14
8031   3  15
8032   3  16
8033   3  17
8034   3  18
8035   3  19
8036   3  20
8037   3  21
8038   3  22
8039   3  23
8040   3  24
8041   3   1
8042   3   2
8043   3   3
8044   3   4
8045   3   5
8046   3   6
8047   3   7
8048   3   8
8049   3   9
8050   3  10
8051   3  11
8052   3  12
8053   3  13
8054   3  14
8055   3  15
8056   3  16
8057   3  17
8058   3  18
8059   3  19
8060   3  20
8061   3  21
8062   3  22
8063   3  23
8064   3  24
8065   2   1
8066   2   2
8067   2   3
8068   2   4
8069   2   5
8070   2   6
8071   2   7
8072   2   8
8073   2   9
8074   2  10
8075   2  11
8076   2  12
8077   2  13
8078   2  14
8079   2  15
8080   2  16
8081   2  17
8082   2  18
8083   2  19
8084   2  20
8085   2  21
8086   2  22
8087   2  23
8088   2  24
8089   2   1
8090   2   2
8091   2   3
8092   2   4
8093   2   5
8094   2   6
8095   2   7
8096   2   8
8097   2   9
8098   2  10
8099   2  11
8100   2  12
8101   2  13
8102   2  14
8103   2  15
8104   2  16
8105   2  17
8106   2  18
8107   2  19
8108   2  20
8109   2  21
8110   2  22
8111   2  23
8112   2  24
8113   3   1
8114   3   2
8115   3   3
8116   3   4
8117   3   5
8118   3   6
8119   3   7
8120   3   8
8121   3   9
8122   3  10
8123   3  11
8124   3  12
8125   3  13
8126   3  14
8127   3  15
8128   3  16
8129   3  17
8130   3  18
8131   3  19
8132   3  20
8133   3  21
8134   3  22
8135   3  23
8136   3  24
8137   3   1
8138   3   2
8139   3   3
8140   3   4
8141   3   5
8142   3   6
8143   3   7
8144   3   8
8145   3   9
8146   3  10
8147   3  11
8148   3  12
8149   3  13
8150   3  14
8151   3  15
8152   3  16
8153   3  17
8154   3  18
8155   3  19
8156   3  20
8157   3  21
8158   3  22
8159   3  23
8160   3  24
8161   1   1
8162   1   2
8163   1   3
8164   1   4
8165   1   5
8166   1   6
8167   1   7
8168   1   8
8169   1   9
8170   1  10
8171   1  11
8172   1  12
8173   1  13
8174   1  14
8175   1  15
8176   1  16
8177   1  17
8178   1  18
8179   1  19
8180   1  20
8181   1  21
8182   1  22
8183   1  23
8184   1  24
8185   1   1
8186   1   2
8187   1   3
8188   1   4
8189   1   5
8190   1   6
8191   1   7
8192   1   8
8193   1   9
8194   1  10
8195   1  11
8196   1  12
8197   1  13
8198   1  14
8199   1  15
8200   1  16
8201   1  17
8202   1  18
8203   1  19
8204   1  20
8205   1  21
8206   1  22
8207   1  23
8208   1  24
8209   1   1
8210   1   2
8211   1   3
8212   1   4
8213   1   5
8214   1   6
8215   1   7
8216   1   8
8217   1   9
8218   1  10
8219   1  11
8220   1  12
8221   1  13
8222   1  14
8223   1  15
8224   1  16
8225   1  17
8226   1  18
8227   1  19
8228   1  20
8229   1  21
8230   1  22
8231   1  23
8232   1  24
8233   1   1
8234   1   2
8235   1   3
8236   1   4
8237   1   5
8238   1   6
8239   1   7
8240   1   8
8241   1   9
8242   1  10
8243   1  11
8244   1  12
8245   1  13
8246   1  14
8247   1  15
8248   1  16
8249   1  17
8250   1  18
8251   1  19
8252   1  20
8253   1  21
8254   1  22
8255   1  23
8256   1  24
8257   3   1
8258   3   2
8259   3   3
8260   3   4
8261   3   5
8262   3   6
8263   3   7
8264   3   8
8265   3   9
8266   3  10
8267   3  11
8268   3  12
8269   3  13
8270   3  14
8271   3  15
8272   3  16
8273   3  17
8274   3  18
8275   3  19
8276   3  20
8277   3  21
8278   3  22
8279   3  23
8280   3  24
8281   1   1
8282   1   2
8283   1   3
8284   1   4
8285   1   5
8286   1   6
8287   1   7
8288   1   8
8289   1   9
8290   1  10
8291   1  11
8292   1  12
8293   1  13
8294   1  14
8295   1  15
8296   1  16
8297   1  17
8298   1  18
8299   1  19
8300   1  20
8301   1  21
8302   1  22
8303   1  23
8304   1  24
8305   1   1
8306   1   2
8307   1   3
8308   1   4
8309   1   5
8310   1   6
8311   1   7
8312   1   8
8313   1   9
8314   1  10
8315   1  11
8316   1  12
8317   1  13
8318   1  14
8319   1  15
8320   1  16
8321   1  17
8322   1  18
8323   1  19
8324   1  20
8325   1  21
8326   1  22
8327   1  23
8328   1  24
8329   2   1
8330   2   2
8331   2   3
8332   2   4
8333   2   5
8334   2   6
8335   2   7
8336   2   8
8337   2   9
8338   2  10
8339   2  11
8340   2  12
8341   2  13
8342   2  14
8343   2  15
8344   2  16
8345   2  17
8346   2  18
8347   2  19
8348   2  20
8349   2  21
8350   2  22
8351   2  23
8352   2  24
8353   2   1
8354   2   2
8355   2   3
8356   2   4
8357   2   5
8358   2   6
8359   2   7
8360   2   8
8361   2   9
8362   2  10
8363   2  11
8364   2  12
8365   2  13
8366   2  14
8367   2  15
8368   2  16
8369   2  17
8370   2  18
8371   2  19
8372   2  20
8373   2  21
8374   2  22
8375   2  23
8376   2  24
8377   2   1
8378   2   2
8379   2   3
8380   2   4
8381   2   5
8382   2   6
8383   2   7
8384   2   8
8385   2   9
8386   2  10
8387   2  11
8388   2  12
8389   2  13
8390   2  14
8391   2  15
8392   2  16
8393   2  17
8394   2  18
8395   2  19
8396   2  20
8397   2  21
8398   2  22
8399   2  23
8400   2  24
8401   2   1
8402   2   2
8403   2   3
8404   2   4
8405   2   5
8406   2   6
8407   2   7
8408   2   8
8409   2   9
8410   2  10
8411   2  11
8412   2  12
8413   2  13
8414   2  14
8415   2  15
8416   2  16
8417   2  17
8418   2  18
8419   2  19
8420   2  20
8421   2  21
8422   2  22
8423   2  23
8424   2  24
8425   7   1
8426   7   2
8427   7   3
8428   7   4
8429   7   5
8430   7   6
8431   7   7
8432   7   8
8433   7   9
8434   7  10
8435   7  11
8436   7  12
8437   7  13
8438   7  14
8439   7  15
8440   7  16
8441   7  17
8442   7  18
8443   7  19
8444   7  20
8445   7  21
8446   7  22
8447   7  23
8448   7  24
8449   3   1
8450   3   2
8451   3   3
8452   3   4
8453   3   5
8454   3   6
8455   3   7
8456   3   8
8457   3   9
8458   3  10
8459   3  11
8460   3  12
8461   3  13
8462   3  14
8463   3  15
8464   3  16
8465   3  17
8466   3  18
8467   3  19
8468   3  20
8469   3  21
8470   3  22
8471   3  23
8472   3  24
8473   2   1
8474   2   2
8475   2   3
8476   2   4
8477   2   5
8478   2   6
8479   2   7
8480   2   8
8481   2   9
8482   2  10
8483   2  11
8484   2  12
8485   2  13
8486   2  14
8487   2  15
8488   2  16
8489   2  17
8490   2  18
8491   2  19
8492   2  20
8493   2  21
8494   2  22
8495   2  23
8496   2  24
8497   1   1
8498   1   2
8499   1   3
8500   1   4
8501   1   5
8502   1   6
8503   1   7
8504   1   8
8505   1   9
8506   1  10
8507   1  11
8508   1  12
8509   1  13
8510   1  14
8511   1  15
8512   1  16
8513   1  17
8514   1  18
8515   1  19
8516   1  20
8517   1  21
8518   1  22
8519   1  23
8520   1  24
8521   1   1
8522   1   2
8523   1   3
8524   1   4
8525   1   5
8526   1   6
8527   1   7
8528   1   8
8529   1   9
8530   1  10
8531   1  11
8532   1  12
8533   1  13
8534   1  14
8535   1  15
8536   1  16
8537   1  17
8538   1  18
8539   1  19
8540   1  20
8541   1  21
8542   1  22
8543   1  23
8544   1  24
8545   1   1
8546   1   2
8547   1   3
8548   1   4
8549   1   5
8550   1   6
8551   1   7
8552   1   8
8553   1   9
8554   1  10
8555   1  11
8556   1  12
8557   1  13
8558   1  14
8559   1  15
8560   1  16
8561   1  17
8562   1  18
8563   1  19
8564   1  20
8565   1  21
8566   1  22
8567   1  23
8568   1  24
8569   3   1
8570   3   2
8571   3   3
8572   3   4
8573   3   5
8574   3   6
8575   3   7
8576   3   8
8577   3   9
8578   3  10
8579   3  11
8580   3  12
8581   3  13
8582   3  14
8583   3  15
8584   3  16
8585   3  17
8586   3  18
8587   3  19
8588   3  20
8589   3  21
8590   3  22
8591   3  23
8592   3  24
8593   4   1
8594   4   2
8595   4   3
8596   4   4
8597   4   5
8598   4   6
8599   4   7
8600   4   8
8601   4   9
8602   4  10
8603   4  11
8604   4  12
8605   4  13
8606   4  14
8607   4  15
8608   4  16
8609   4  17
8610   4  18
8611   4  19
8612   4  20
8613   4  21
8614   4  22
8615   4  23
8616   4  24
8617   3   1
8618   3   2
8619   3   3
8620   3   4
8621   3   5
8622   3   6
8623   3   7
8624   3   8
8625   3   9
8626   3  10
8627   3  11
8628   3  12
8629   3  13
8630   3  14
8631   3  15
8632   3  16
8633   3  17
8634   3  18
8635   3  19
8636   3  20
8637   3  21
8638   3  22
8639   3  23
8640   3  24
8641   3   1
8642   3   2
8643   3   3
8644   3   4
8645   3   5
8646   3   6
8647   3   7
8648   3   8
8649   3   9
8650   3  10
8651   3  11
8652   3  12
8653   3  13
8654   3  14
8655   3  15
8656   3  16
8657   3  17
8658   3  18
8659   3  19
8660   3  20
8661   3  21
8662   3  22
8663   3  23
8664   3  24
8665   1   1
8666   1   2
8667   1   3
8668   1   4
8669   1   5
8670   1   6
8671   1   7
8672   1   8
8673   1   9
8674   1  10
8675   1  11
8676   1  12
8677   1  13
8678   1  14
8679   1  15
8680   1  16
8681   1  17
8682   1  18
8683   1  19
8684   1  20
8685   1  21
8686   1  22
8687   1  23
8688   1  24
8689   1   1
8690   1   2
8691   1   3
8692   1   4
8693   1   5
8694   1   6
8695   1   7
8696   1   8
8697   1   9
8698   1  10
8699   1  11
8700   1  12
8701   1  13
8702   1  14
8703   1  15
8704   1  16
8705   1  17
8706   1  18
8707   1  19
8708   1  20
8709   1  21
8710   1  22
8711   1  23
8712   1  24
8713   1   1
8714   1   2
8715   1   3
8716   1   4
8717   1   5
8718   1   6
8719   1   7
8720   1   8
8721   1   9
8722   1  10
8723   1  11
8724   1  12
8725   1  13
8726   1  14
8727   1  15
8728   1  16
8729   1  17
8730   1  18
8731   1  19
8732   1  20
8733   1  21
8734   1  22
8735   1  23
8736   1  24
8737   1   1
8738   1   2
8739   1   3
8740   1   4
8741   1   5
8742   1   6
8743   1   7
8744   1   8
8745   1   9
8746   1  10
8747   1  11
8748   1  12
8749   1  13
8750   1  14
8751   1  15
8752   1  16
8753   1  17
8754   1  18
8755   1  19
8756   1  20
8757   1  21
8758   1  22
8759   1  23
8760   1  24
;