TimeInYear,Units_supply
1,
2,
3,
4,
5,
6,
7,
8,
9,54.02350794955
10,98.63337158393
11,166.17343592768
12,167.31058210397
13,171.98446213692
14,581.88133723115
15,350.14706470619
16,225.03977018975
17,6.82158150117
18,
19,
20,
21,
22,
23,
24,
25,
26,
27,
28,
29,
30,
31,
32,
33,54.02350794955
34,98.63337158393
35,166.17343592768
36,167.31058210397
37,171.98446213692
38,581.88133723115
39,350.14706470619
40,225.03977018975
41,6.82158150117
42,
43,
44,
45,
46,
47,
48,
49,
50,
51,
52,
53,
54,
55,
56,
57,3.5055764745399998
58,29.582001258680002
59,58.7177467904
60,72.14386874989
61,75.31159342731
62,63.28283896171
63,49.6238721749
64,32.57184924259
65,3.44359895406
66,
67,
68,
69,
70,
71,
72,
73,
74,
75,
76,
77,
78,
79,
80,
81,8.90623991479
82,84.55446485848
83,144.79195957495
84,180.16228886063
85,189.89229920863
86,172.56662900169002
87,126.40707271853
88,67.9334427312
89,3.51121079458
90,
91,
92,
93,
94,
95,
96,
97,
98,
99,
100,
101,
102,
103,
104,
105,8.90623991479
106,84.55446485848
107,144.79195957495
108,180.16228886063
109,189.89229920863
110,172.56662900169002
111,126.40707271853
112,67.9334427312
113,3.51121079458
114,
115,
116,
117,
118,
119,
120,
121,
122,
123,
124,
125,
126,
127,
128,
129,128.75973922874
130,405.73878076929003
131,534.10262072581
132,579.2215070169
133,477.39630497895
134,502.28455347417
135,239.85367467964
136,170.54433778867002
137,51.15059479567
138,5.33095943724
139,
140,
141,
142,
143,
144,
145,
146,
147,
148,
149,
150,
151,
152,
153,8.90623991479
154,84.55446485848
155,144.79195957495
156,180.16228886063
157,189.89229920863
158,172.56662900169002
159,126.40707271853
160,67.9334427312
161,3.51121079458
162,
163,
164,
165,
166,
167,
168,
169,
170,
171,
172,
173,
174,
175,
176,
177,8.90623991479
178,84.55446485848
179,144.79195957495
180,180.16228886063
181,189.89229920863
182,172.56662900169002
183,126.40707271853
184,67.9334427312
185,3.51121079458
186,
187,
188,
189,
190,
191,
192,
193,
194,
195,
196,
197,
198,
199,
200,
201,128.75973922874
202,405.73878076929003
203,534.10262072581
204,579.2215070169
205,477.39630497895
206,502.28455347417
207,239.85367467964
208,170.54433778867002
209,51.15059479567
210,5.33095943724
211,
212,
213,
214,
215,
216,
217,
218,
219,
220,
221,
222,
223,
224,
225,128.75973922874
226,405.73878076929003
227,534.10262072581
228,579.2215070169
229,477.39630497895
230,502.28455347417
231,239.85367467964
232,170.54433778867002
233,51.15059479567
234,5.33095943724
235,
236,
237,
238,
239,
240,
241,
242,
243,
244,
245,
246,
247,
248,
249,128.75973922874
250,405.73878076929003
251,534.10262072581
252,579.2215070169
253,477.39630497895
254,502.28455347417
255,239.85367467964
256,170.54433778867002
257,51.15059479567
258,5.33095943724
259,
260,
261,
262,
263,
264,
265,
266,
267,
268,
269,
270,
271,
272,14.53031818306
273,277.26408506961
274,538.2845077189
275,661.15253331921
276,737.60577550313
277,769.80797184151
278,842.3852723283001
279,715.6365188762301
280,612.5612621702
281,476.06848736473
282,192.01297017724
283,5.29433484656
284,
285,
286,
287,
288,
289,
290,
291,
292,
293,
294,
295,
296,
297,128.75973922874
298,405.73878076929003
299,534.10262072581
300,579.2215070169
301,477.39630497895
302,502.28455347417
303,239.85367467964
304,170.54433778867002
305,51.15059479567
306,5.33095943724
307,
308,
309,
310,
311,
312,
313,
314,
315,
316,
317,
318,
319,
320,
321,128.75973922874
322,405.73878076929003
323,534.10262072581
324,579.2215070169
325,477.39630497895
326,502.28455347417
327,239.85367467964
328,170.54433778867002
329,51.15059479567
330,5.33095943724
331,
332,
333,
334,
335,
336,
337,
338,
339,
340,
341,
342,
343,
344,
345,128.75973922874
346,405.73878076929003
347,534.10262072581
348,579.2215070169
349,477.39630497895
350,502.28455347417
351,239.85367467964
352,170.54433778867002
353,51.15059479567
354,5.33095943724
355,
356,
357,
358,
359,
360,
361,
362,
363,
364,
365,
366,
367,
368,
369,128.75973922874
370,405.73878076929003
371,534.10262072581
372,579.2215070169
373,477.39630497895
374,502.28455347417
375,239.85367467964
376,170.54433778867002
377,51.15059479567
378,5.33095943724
379,
380,
381,
382,
383,
384,
385,
386,
387,
388,
389,
390,
391,
392,
393,70.68233790551
394,186.29783449399
395,313.13407820881
396,409.33649719194
397,421.59968663283
398,410.25826894127
399,355.98819028056
400,283.94944454965
401,139.7433908917
402,5.1872783507
403,
404,
405,
406,
407,
408,
409,
410,
411,
412,
413,
414,
415,
416,
417,70.68233790551
418,186.29783449399
419,313.13407820881
420,409.33649719194
421,421.59968663283
422,410.25826894127
423,355.98819028056
424,283.94944454965
425,139.7433908917
426,5.1872783507
427,
428,
429,
430,
431,
432,
433,
434,
435,
436,
437,
438,
439,
440,
441,70.68233790551
442,186.29783449399
443,313.13407820881
444,409.33649719194
445,421.59968663283
446,410.25826894127
447,355.98819028056
448,283.94944454965
449,139.7433908917
450,5.1872783507
451,
452,
453,
454,
455,
456,
457,
458,
459,
460,
461,
462,
463,
464,
465,70.68233790551
466,186.29783449399
467,313.13407820881
468,409.33649719194
469,421.59968663283
470,410.25826894127
471,355.98819028056
472,283.94944454965
473,139.7433908917
474,5.1872783507
475,
476,
477,
478,
479,
480,
481,
482,
483,
484,
485,
486,
487,
488,14.53031818306
489,277.26408506961
490,538.2845077189
491,661.15253331921
492,737.60577550313
493,769.80797184151
494,842.3852723283001
495,715.6365188762301
496,612.5612621702
497,476.06848736473
498,192.01297017724
499,5.29433484656
500,
501,
502,
503,
504,
505,
506,
507,
508,
509,
510,
511,128.88215211842999
512,363.13273745773
513,609.72966495285
514,814.84772830825
515,959.87828256255
516,1041.51376917678
517,1069.01468283018
518,1040.28310641197
519,945.9051031251
520,799.5230205908
521,614.13054777341
522,381.69849590653
523,151.86064687735
524,1.71920184512
525,
526,
527,
528,
529,
530,
531,
532,
533,
534,
535,
536,14.53031818306
537,277.26408506961
538,538.2845077189
539,661.15253331921
540,737.60577550313
541,769.80797184151
542,842.3852723283001
543,715.6365188762301
544,612.5612621702
545,476.06848736473
546,192.01297017724
547,5.29433484656
548,
549,
550,
551,
552,
553,
554,
555,
556,
557,
558,
559,
560,14.53031818306
561,277.26408506961
562,538.2845077189
563,661.15253331921
564,737.60577550313
565,769.80797184151
566,842.3852723283001
567,715.6365188762301
568,612.5612621702
569,476.06848736473
570,192.01297017724
571,5.29433484656
572,
573,
574,
575,
576,
577,
578,
579,
580,
581,
582,
583,
584,14.53031818306
585,277.26408506961
586,538.2845077189
587,661.15253331921
588,737.60577550313
589,769.80797184151
590,842.3852723283001
591,715.6365188762301
592,612.5612621702
593,476.06848736473
594,192.01297017724
595,5.29433484656
596,
597,
598,
599,
600,
601,
602,
603,
604,
605,
606,
607,
608,14.53031818306
609,277.26408506961
610,538.2845077189
611,661.15253331921
612,737.60577550313
613,769.80797184151
614,842.3852723283001
615,715.6365188762301
616,612.5612621702
617,476.06848736473
618,192.01297017724
619,5.29433484656
620,
621,
622,
623,
624,
625,
626,
627,
628,
629,
630,
631,
632,14.53031818306
633,277.26408506961
634,538.2845077189
635,661.15253331921
636,737.60577550313
637,769.80797184151
638,842.3852723283001
639,715.6365188762301
640,612.5612621702
641,476.06848736473
642,192.01297017724
643,5.29433484656
644,
645,
646,
647,
648,
649,
650,
651,
652,
653,
654,
655,128.88215211842999
656,363.13273745773
657,609.72966495285
658,814.84772830825
659,959.87828256255
660,1041.51376917678
661,1069.01468283018
662,1040.28310641197
663,945.9051031251
664,799.5230205908
665,614.13054777341
666,381.69849590653
667,151.86064687735
668,1.71920184512
669,
670,
671,
672,
673,
674,
675,
676,
677,
678,
679,
680,14.53031818306
681,277.26408506961
682,538.2845077189
683,661.15253331921
684,737.60577550313
685,769.80797184151
686,842.3852723283001
687,715.6365188762301
688,612.5612621702
689,476.06848736473
690,192.01297017724
691,5.29433484656
692,
693,
694,
695,
696,
697,
698,
699,
700,
701,
702,
703,
704,
705,54.02350794955
706,98.63337158393
707,166.17343592768
708,167.31058210397
709,171.98446213692
710,581.88133723115
711,350.14706470619
712,225.03977018975
713,6.82158150117
714,
715,
716,
717,
718,
719,
720,
721,
722,
723,
724,
725,
726,
727,
728,
729,3.5055764745399998
730,29.582001258680002
731,58.7177467904
732,72.14386874989
733,75.31159342731
734,63.28283896171
735,49.6238721749
736,32.57184924259
737,3.44359895406
738,
739,
740,
741,
742,
743,
744,
745,
746,
747,
748,
749,
750,
751,
752,
753,3.5055764745399998
754,29.582001258680002
755,58.7177467904
756,72.14386874989
757,75.31159342731
758,63.28283896171
759,49.6238721749
760,32.57184924259
761,3.44359895406
762,
763,
764,
765,
766,
767,
768,
769,
770,
771,
772,
773,
774,
775,
776,
777,70.68233790551
778,186.29783449399
779,313.13407820881
780,409.33649719194
781,421.59968663283
782,410.25826894127
783,355.98819028056
784,283.94944454965
785,139.7433908917
786,5.1872783507
787,
788,
789,
790,
791,
792,
793,
794,
795,
796,
797,
798,
799,
800,
801,70.68233790551
802,186.29783449399
803,313.13407820881
804,409.33649719194
805,421.59968663283
806,410.25826894127
807,355.98819028056
808,283.94944454965
809,139.7433908917
810,5.1872783507
811,
812,
813,
814,
815,
816,
817,
818,
819,
820,
821,
822,
823,128.88215211842999
824,363.13273745773
825,609.72966495285
826,814.84772830825
827,959.87828256255
828,1041.51376917678
829,1069.01468283018
830,1040.28310641197
831,945.9051031251
832,799.5230205908
833,614.13054777341
834,381.69849590653
835,151.86064687735
836,1.71920184512
837,
838,
839,
840,
841,
842,
843,
844,
845,
846,
847,
848,14.53031818306
849,277.26408506961
850,538.2845077189
851,661.15253331921
852,737.60577550313
853,769.80797184151
854,842.3852723283001
855,715.6365188762301
856,612.5612621702
857,476.06848736473
858,192.01297017724
859,5.29433484656
860,
861,
862,
863,
864,
865,
866,
867,
868,
869,
870,
871,
872,
873,70.68233790551
874,186.29783449399
875,313.13407820881
876,409.33649719194
877,421.59968663283
878,410.25826894127
879,355.98819028056
880,283.94944454965
881,139.7433908917
882,5.1872783507
883,
884,
885,
886,
887,
888,
889,
890,
891,
892,
893,
894,
895,
896,14.53031818306
897,277.26408506961
898,538.2845077189
899,661.15253331921
900,737.60577550313
901,769.80797184151
902,842.3852723283001
903,715.6365188762301
904,612.5612621702
905,476.06848736473
906,192.01297017724
907,5.29433484656
908,
909,
910,
911,
912,
913,
914,
915,
916,
917,
918,
919,128.88215211842999
920,363.13273745773
921,609.72966495285
922,814.84772830825
923,959.87828256255
924,1041.51376917678
925,1069.01468283018
926,1040.28310641197
927,945.9051031251
928,799.5230205908
929,614.13054777341
930,381.69849590653
931,151.86064687735
932,1.71920184512
933,
934,
935,
936,
937,
938,
939,
940,
941,
942,
943,
944,14.53031818306
945,277.26408506961
946,538.2845077189
947,661.15253331921
948,737.60577550313
949,769.80797184151
950,842.3852723283001
951,715.6365188762301
952,612.5612621702
953,476.06848736473
954,192.01297017724
955,5.29433484656
956,
957,
958,
959,
960,
961,
962,
963,
964,
965,
966,
967,
968,14.53031818306
969,277.26408506961
970,538.2845077189
971,661.15253331921
972,737.60577550313
973,769.80797184151
974,842.3852723283001
975,715.6365188762301
976,612.5612621702
977,476.06848736473
978,192.01297017724
979,5.29433484656
980,
981,
982,
983,
984,
985,
986,
987,
988,
989,
990,
991,
992,14.53031818306
993,277.26408506961
994,538.2845077189
995,661.15253331921
996,737.60577550313
997,769.80797184151
998,842.3852723283001
999,715.6365188762301
1000,612.5612621702
1001,476.06848736473
1002,192.01297017724
1003,5.29433484656
1004,
1005,
1006,
1007,
1008,
1009,
1010,
1011,
1012,
1013,
1014,
1015,128.88215211842999
1016,363.13273745773
1017,609.72966495285
1018,814.84772830825
1019,959.87828256255
1020,1041.51376917678
1021,1069.01468283018
1022,1040.28310641197
1023,945.9051031251
1024,799.5230205908
1025,614.13054777341
1026,381.69849590653
1027,151.86064687735
1028,1.71920184512
1029,
1030,
1031,
1032,
1033,
1034,
1035,
1036,
1037,
1038,
1039,128.88215211842999
1040,363.13273745773
1041,609.72966495285
1042,814.84772830825
1043,959.87828256255
1044,1041.51376917678
1045,1069.01468283018
1046,1040.28310641197
1047,945.9051031251
1048,799.5230205908
1049,614.13054777341
1050,381.69849590653
1051,151.86064687735
1052,1.71920184512
1053,
1054,
1055,
1056,
1057,
1058,
1059,
1060,
1061,
1062,
1063,128.88215211842999
1064,363.13273745773
1065,609.72966495285
1066,814.84772830825
1067,959.87828256255
1068,1041.51376917678
1069,1069.01468283018
1070,1040.28310641197
1071,945.9051031251
1072,799.5230205908
1073,614.13054777341
1074,381.69849590653
1075,151.86064687735
1076,1.71920184512
1077,
1078,
1079,
1080,
1081,
1082,
1083,
1084,
1085,
1086,
1087,128.88215211842999
1088,363.13273745773
1089,609.72966495285
1090,814.84772830825
1091,959.87828256255
1092,1041.51376917678
1093,1069.01468283018
1094,1040.28310641197
1095,945.9051031251
1096,799.5230205908
1097,614.13054777341
1098,381.69849590653
1099,151.86064687735
1100,1.71920184512
1101,
1102,
1103,
1104,
1105,
1106,
1107,
1108,
1109,
1110,
1111,
1112,14.53031818306
1113,277.26408506961
1114,538.2845077189
1115,661.15253331921
1116,737.60577550313
1117,769.80797184151
1118,842.3852723283001
1119,715.6365188762301
1120,612.5612621702
1121,476.06848736473
1122,192.01297017724
1123,5.29433484656
1124,
1125,
1126,
1127,
1128,
1129,
1130,
1131,
1132,
1133,
1134,
1135,
1136,
1137,70.68233790551
1138,186.29783449399
1139,313.13407820881
1140,409.33649719194
1141,421.59968663283
1142,410.25826894127
1143,355.98819028056
1144,283.94944454965
1145,139.7433908917
1146,5.1872783507
1147,
1148,
1149,
1150,
1151,
1152,
1153,
1154,
1155,
1156,
1157,
1158,
1159,
1160,
1161,70.68233790551
1162,186.29783449399
1163,313.13407820881
1164,409.33649719194
1165,421.59968663283
1166,410.25826894127
1167,355.98819028056
1168,283.94944454965
1169,139.7433908917
1170,5.1872783507
1171,
1172,
1173,
1174,
1175,
1176,
1177,
1178,
1179,
1180,
1181,
1182,
1183,
1184,
1185,70.68233790551
1186,186.29783449399
1187,313.13407820881
1188,409.33649719194
1189,421.59968663283
1190,410.25826894127
1191,355.98819028056
1192,283.94944454965
1193,139.7433908917
1194,5.1872783507
1195,
1196,
1197,
1198,
1199,
1200,
1201,
1202,
1203,
1204,
1205,
1206,
1207,
1208,
1209,3.5055764745399998
1210,29.582001258680002
1211,58.7177467904
1212,72.14386874989
1213,75.31159342731
1214,63.28283896171
1215,49.6238721749
1216,32.57184924259
1217,3.44359895406
1218,
1219,
1220,
1221,
1222,
1223,
1224,
1225,
1226,
1227,
1228,
1229,
1230,
1231,
1232,
1233,3.5055764745399998
1234,29.582001258680002
1235,58.7177467904
1236,72.14386874989
1237,75.31159342731
1238,63.28283896171
1239,49.6238721749
1240,32.57184924259
1241,3.44359895406
1242,
1243,
1244,
1245,
1246,
1247,
1248,
1249,
1250,
1251,
1252,
1253,
1254,
1255,
1256,
1257,70.68233790551
1258,186.29783449399
1259,313.13407820881
1260,409.33649719194
1261,421.59968663283
1262,410.25826894127
1263,355.98819028056
1264,283.94944454965
1265,139.7433908917
1266,5.1872783507
1267,
1268,
1269,
1270,
1271,
1272,
1273,
1274,
1275,
1276,
1277,
1278,
1279,
1280,
1281,70.68233790551
1282,186.29783449399
1283,313.13407820881
1284,409.33649719194
1285,421.59968663283
1286,410.25826894127
1287,355.98819028056
1288,283.94944454965
1289,139.7433908917
1290,5.1872783507
1291,
1292,
1293,
1294,
1295,
1296,
1297,
1298,
1299,
1300,
1301,
1302,
1303,
1304,
1305,70.68233790551
1306,186.29783449399
1307,313.13407820881
1308,409.33649719194
1309,421.59968663283
1310,410.25826894127
1311,355.98819028056
1312,283.94944454965
1313,139.7433908917
1314,5.1872783507
1315,
1316,
1317,
1318,
1319,
1320,
1321,
1322,
1323,
1324,
1325,
1326,
1327,
1328,
1329,3.5055764745399998
1330,29.582001258680002
1331,58.7177467904
1332,72.14386874989
1333,75.31159342731
1334,63.28283896171
1335,49.6238721749
1336,32.57184924259
1337,3.44359895406
1338,
1339,
1340,
1341,
1342,
1343,
1344,
1345,
1346,
1347,
1348,
1349,
1350,
1351,
1352,
1353,70.68233790551
1354,186.29783449399
1355,313.13407820881
1356,409.33649719194
1357,421.59968663283
1358,410.25826894127
1359,355.98819028056
1360,283.94944454965
1361,139.7433908917
1362,5.1872783507
1363,
1364,
1365,
1366,
1367,
1368,
1369,
1370,
1371,
1372,
1373,
1374,
1375,
1376,
1377,70.68233790551
1378,186.29783449399
1379,313.13407820881
1380,409.33649719194
1381,421.59968663283
1382,410.25826894127
1383,355.98819028056
1384,283.94944454965
1385,139.7433908917
1386,5.1872783507
1387,
1388,
1389,
1390,
1391,
1392,
1393,
1394,
1395,
1396,
1397,
1398,
1399,
1400,14.53031818306
1401,277.26408506961
1402,538.2845077189
1403,661.15253331921
1404,737.60577550313
1405,769.80797184151
1406,842.3852723283001
1407,715.6365188762301
1408,612.5612621702
1409,476.06848736473
1410,192.01297017724
1411,5.29433484656
1412,
1413,
1414,
1415,
1416,
1417,
1418,
1419,
1420,
1421,
1422,
1423,
1424,14.53031818306
1425,277.26408506961
1426,538.2845077189
1427,661.15253331921
1428,737.60577550313
1429,769.80797184151
1430,842.3852723283001
1431,715.6365188762301
1432,612.5612621702
1433,476.06848736473
1434,192.01297017724
1435,5.29433484656
1436,
1437,
1438,
1439,
1440,
1441,
1442,
1443,
1444,
1445,
1446,
1447,
1448,14.53031818306
1449,277.26408506961
1450,538.2845077189
1451,661.15253331921
1452,737.60577550313
1453,769.80797184151
1454,842.3852723283001
1455,715.6365188762301
1456,612.5612621702
1457,476.06848736473
1458,192.01297017724
1459,5.29433484656
1460,
1461,
1462,
1463,
1464,
1465,
1466,
1467,
1468,
1469,
1470,
1471,
1472,
1473,70.68233790551
1474,186.29783449399
1475,313.13407820881
1476,409.33649719194
1477,421.59968663283
1478,410.25826894127
1479,355.98819028056
1480,283.94944454965
1481,139.7433908917
1482,5.1872783507
1483,
1484,
1485,
1486,
1487,
1488,
1489,
1490,
1491,
1492,
1493,
1494,
1495,
1496,
1497,70.68233790551
1498,186.29783449399
1499,313.13407820881
1500,409.33649719194
1501,421.59968663283
1502,410.25826894127
1503,355.98819028056
1504,283.94944454965
1505,139.7433908917
1506,5.1872783507
1507,
1508,
1509,
1510,
1511,
1512,
1513,
1514,
1515,
1516,
1517,
1518,
1519,
1520,
1521,70.68233790551
1522,186.29783449399
1523,313.13407820881
1524,409.33649719194
1525,421.59968663283
1526,410.25826894127
1527,355.98819028056
1528,283.94944454965
1529,139.7433908917
1530,5.1872783507
1531,
1532,
1533,
1534,
1535,
1536,
1537,
1538,
1539,
1540,
1541,
1542,
1543,
1544,
1545,70.68233790551
1546,186.29783449399
1547,313.13407820881
1548,409.33649719194
1549,421.59968663283
1550,410.25826894127
1551,355.98819028056
1552,283.94944454965
1553,139.7433908917
1554,5.1872783507
1555,
1556,
1557,
1558,
1559,
1560,
1561,
1562,
1563,
1564,
1565,
1566,
1567,
1568,
1569,70.68233790551
1570,186.29783449399
1571,313.13407820881
1572,409.33649719194
1573,421.59968663283
1574,410.25826894127
1575,355.98819028056
1576,283.94944454965
1577,139.7433908917
1578,5.1872783507
1579,
1580,
1581,
1582,
1583,
1584,
1585,
1586,
1587,
1588,
1589,
1590,
1591,
1592,
1593,70.68233790551
1594,186.29783449399
1595,313.13407820881
1596,409.33649719194
1597,421.59968663283
1598,410.25826894127
1599,355.98819028056
1600,283.94944454965
1601,139.7433908917
1602,5.1872783507
1603,
1604,
1605,
1606,
1607,
1608,
1609,
1610,
1611,
1612,
1613,
1614,
1615,
1616,
1617,70.68233790551
1618,186.29783449399
1619,313.13407820881
1620,409.33649719194
1621,421.59968663283
1622,410.25826894127
1623,355.98819028056
1624,283.94944454965
1625,139.7433908917
1626,5.1872783507
1627,
1628,
1629,
1630,
1631,
1632,
1633,
1634,
1635,
1636,
1637,
1638,
1639,
1640,
1641,3.5055764745399998
1642,29.582001258680002
1643,58.7177467904
1644,72.14386874989
1645,75.31159342731
1646,63.28283896171
1647,49.6238721749
1648,32.57184924259
1649,3.44359895406
1650,
1651,
1652,
1653,
1654,
1655,
1656,
1657,
1658,
1659,
1660,
1661,
1662,
1663,
1664,
1665,3.5055764745399998
1666,29.582001258680002
1667,58.7177467904
1668,72.14386874989
1669,75.31159342731
1670,63.28283896171
1671,49.6238721749
1672,32.57184924259
1673,3.44359895406
1674,
1675,
1676,
1677,
1678,
1679,
1680,
1681,
1682,
1683,
1684,
1685,
1686,
1687,
1688,
1689,3.5055764745399998
1690,29.582001258680002
1691,58.7177467904
1692,72.14386874989
1693,75.31159342731
1694,63.28283896171
1695,49.6238721749
1696,32.57184924259
1697,3.44359895406
1698,
1699,
1700,
1701,
1702,
1703,
1704,
1705,
1706,
1707,
1708,
1709,
1710,
1711,
1712,
1713,3.5055764745399998
1714,29.582001258680002
1715,58.7177467904
1716,72.14386874989
1717,75.31159342731
1718,63.28283896171
1719,49.6238721749
1720,32.57184924259
1721,3.44359895406
1722,
1723,
1724,
1725,
1726,
1727,
1728,
1729,
1730,
1731,
1732,
1733,
1734,
1735,1.76896961973
1736,127.30085139073
1737,310.60234763023
1738,518.37521732948
1739,643.60264189673
1740,729.49455209573
1741,782.87662797808
1742,746.779068687
1743,662.32277599614
1744,497.94586665623
1745,325.95839346952
1746,144.53920396595
1747,5.12529827416
1748,
1749,
1750,
1751,
1752,
1753,
1754,
1755,
1756,
1757,
1758,
1759,
1760,
1761,3.5055764745399998
1762,29.582001258680002
1763,58.7177467904
1764,72.14386874989
1765,75.31159342731
1766,63.28283896171
1767,49.6238721749
1768,32.57184924259
1769,3.44359895406
1770,
1771,
1772,
1773,
1774,
1775,
1776,
1777,
1778,
1779,
1780,
1781,
1782,
1783,1.76896961973
1784,127.30085139073
1785,310.60234763023
1786,518.37521732948
1787,643.60264189673
1788,729.49455209573
1789,782.87662797808
1790,746.779068687
1791,662.32277599614
1792,497.94586665623
1793,325.95839346952
1794,144.53920396595
1795,5.12529827416
1796,
1797,
1798,
1799,
1800,
1801,
1802,
1803,
1804,
1805,
1806,
1807,
1808,76.03153684231
1809,217.32962573774
1810,316.21111162672
1811,413.39080928972
1812,469.41731458717
1813,438.01402710067
1814,378.91304465168
1815,351.55645804585
1816,238.90231046847998
1817,114.01540534562
1818,6.51354659853
1819,
1820,
1821,
1822,
1823,
1824,
1825,
1826,
1827,
1828,
1829,
1830,
1831,
1832,76.03153684231
1833,217.32962573774
1834,316.21111162672
1835,413.39080928972
1836,469.41731458717
1837,438.01402710067
1838,378.91304465168
1839,351.55645804585
1840,238.90231046847998
1841,114.01540534562
1842,6.51354659853
1843,
1844,
1845,
1846,
1847,
1848,
1849,
1850,
1851,
1852,
1853,
1854,
1855,1.76896961973
1856,127.30085139073
1857,310.60234763023
1858,518.37521732948
1859,643.60264189673
1860,729.49455209573
1861,782.87662797808
1862,746.779068687
1863,662.32277599614
1864,497.94586665623
1865,325.95839346952
1866,144.53920396595
1867,5.12529827416
1868,
1869,
1870,
1871,
1872,
1873,
1874,
1875,
1876,
1877,
1878,
1879,
1880,
1881,3.5055764745399998
1882,29.582001258680002
1883,58.7177467904
1884,72.14386874989
1885,75.31159342731
1886,63.28283896171
1887,49.6238721749
1888,32.57184924259
1889,3.44359895406
1890,
1891,
1892,
1893,
1894,
1895,
1896,
1897,
1898,
1899,
1900,
1901,
1902,
1903,1.76896961973
1904,127.30085139073
1905,310.60234763023
1906,518.37521732948
1907,643.60264189673
1908,729.49455209573
1909,782.87662797808
1910,746.779068687
1911,662.32277599614
1912,497.94586665623
1913,325.95839346952
1914,144.53920396595
1915,5.12529827416
1916,
1917,
1918,
1919,
1920,
1921,
1922,
1923,
1924,
1925,
1926,
1927,
1928,76.03153684231
1929,217.32962573774
1930,316.21111162672
1931,413.39080928972
1932,469.41731458717
1933,438.01402710067
1934,378.91304465168
1935,351.55645804585
1936,238.90231046847998
1937,114.01540534562
1938,6.51354659853
1939,
1940,
1941,
1942,
1943,
1944,
1945,
1946,
1947,
1948,
1949,
1950,
1951,1.76896961973
1952,127.30085139073
1953,310.60234763023
1954,518.37521732948
1955,643.60264189673
1956,729.49455209573
1957,782.87662797808
1958,746.779068687
1959,662.32277599614
1960,497.94586665623
1961,325.95839346952
1962,144.53920396595
1963,5.12529827416
1964,
1965,
1966,
1967,
1968,
1969,
1970,
1971,
1972,
1973,
1974,
1975,
1976,76.03153684231
1977,217.32962573774
1978,316.21111162672
1979,413.39080928972
1980,469.41731458717
1981,438.01402710067
1982,378.91304465168
1983,351.55645804585
1984,238.90231046847998
1985,114.01540534562
1986,6.51354659853
1987,
1988,
1989,
1990,
1991,
1992,
1993,
1994,
1995,
1996,
1997,
1998,
1999,
2000,76.03153684231
2001,217.32962573774
2002,316.21111162672
2003,413.39080928972
2004,469.41731458717
2005,438.01402710067
2006,378.91304465168
2007,351.55645804585
2008,238.90231046847998
2009,114.01540534562
2010,6.51354659853
2011,
2012,
2013,
2014,
2015,
2016,
2017,
2018,
2019,
2020,
2021,
2022,
2023,
2024,76.03153684231
2025,217.32962573774
2026,316.21111162672
2027,413.39080928972
2028,469.41731458717
2029,438.01402710067
2030,378.91304465168
2031,351.55645804585
2032,238.90231046847998
2033,114.01540534562
2034,6.51354659853
2035,
2036,
2037,
2038,
2039,
2040,
2041,
2042,
2043,
2044,
2045,
2046,93.43676893079001
2047,207.31657643408002
2048,462.58600642430997
2049,775.1706410430401
2050,1055.24849210485
2051,1344.23189043302
2052,639.98927586946
2053,521.75069328166
2054,302.05074211135
2055,645.88860511254
2056,682.90638222219
2057,590.18112403329
2058,508.70578831369
2059,378.45208324954
2060,139.31384468448
2061,3.25954449939
2062,
2063,
2064,
2065,
2066,
2067,
2068,
2069,
2070,93.43676893079001
2071,207.31657643408002
2072,462.58600642430997
2073,775.1706410430401
2074,1055.24849210485
2075,1344.23189043302
2076,639.98927586946
2077,521.75069328166
2078,302.05074211135
2079,645.88860511254
2080,682.90638222219
2081,590.18112403329
2082,508.70578831369
2083,378.45208324954
2084,139.31384468448
2085,3.25954449939
2086,
2087,
2088,
2089,
2090,
2091,
2092,
2093,
2094,
2095,
2096,76.03153684231
2097,217.32962573774
2098,316.21111162672
2099,413.39080928972
2100,469.41731458717
2101,438.01402710067
2102,378.91304465168
2103,351.55645804585
2104,238.90231046847998
2105,114.01540534562
2106,6.51354659853
2107,
2108,
2109,
2110,
2111,
2112,
2113,
2114,
2115,
2116,
2117,
2118,
2119,51.58227428995
2120,187.92945197082
2121,359.60106391557
2122,441.39615063939
2123,574.37515011275
2124,595.4725504799
2125,705.8020690818
2126,838.64998631533
2127,858.99310697285
2128,798.13903978452
2129,641.7954803361899
2130,441.95137808571
2131,189.76313022344002
2132,4.97034808282
2133,
2134,
2135,
2136,
2137,
2138,
2139,
2140,
2141,
2142,
2143,51.58227428995
2144,187.92945197082
2145,359.60106391557
2146,441.39615063939
2147,574.37515011275
2148,595.4725504799
2149,705.8020690818
2150,838.64998631533
2151,858.99310697285
2152,798.13903978452
2153,641.7954803361899
2154,441.95137808571
2155,189.76313022344002
2156,4.97034808282
2157,
2158,
2159,
2160,
2161,
2162,
2163,
2164,
2165,
2166,
2167,1.76896961973
2168,127.30085139073
2169,310.60234763023
2170,518.37521732948
2171,643.60264189673
2172,729.49455209573
2173,782.87662797808
2174,746.779068687
2175,662.32277599614
2176,497.94586665623
2177,325.95839346952
2178,144.53920396595
2179,5.12529827416
2180,
2181,
2182,
2183,
2184,
2185,
2186,
2187,
2188,
2189,
2190,
2191,
2192,78.28183578542
2193,191.21204742227
2194,179.43556702944
2195,506.92035527088
2196,443.00420938839
2197,490.48614953584
2198,698.84496498481
2199,418.29384174737
2200,401.28789384112997
2201,244.86548063320998
2202,11.72275329511
2203,
2204,
2205,
2206,
2207,
2208,
2209,
2210,
2211,
2212,
2213,
2214,
2215,
2216,78.28183578542
2217,191.21204742227
2218,179.43556702944
2219,506.92035527088
2220,443.00420938839
2221,490.48614953584
2222,698.84496498481
2223,418.29384174737
2224,401.28789384112997
2225,244.86548063320998
2226,11.72275329511
2227,
2228,
2229,
2230,
2231,
2232,
2233,
2234,
2235,
2236,
2237,
2238,
2239,
2240,78.28183578542
2241,191.21204742227
2242,179.43556702944
2243,506.92035527088
2244,443.00420938839
2245,490.48614953584
2246,698.84496498481
2247,418.29384174737
2248,401.28789384112997
2249,244.86548063320998
2250,11.72275329511
2251,
2252,
2253,
2254,
2255,
2256,
2257,
2258,
2259,
2260,
2261,
2262,
2263,
2264,78.28183578542
2265,191.21204742227
2266,179.43556702944
2267,506.92035527088
2268,443.00420938839
2269,490.48614953584
2270,698.84496498481
2271,418.29384174737
2272,401.28789384112997
2273,244.86548063320998
2274,11.72275329511
2275,
2276,
2277,
2278,
2279,
2280,
2281,
2282,
2283,
2284,
2285,
2286,
2287,
2288,78.28183578542
2289,191.21204742227
2290,179.43556702944
2291,506.92035527088
2292,443.00420938839
2293,490.48614953584
2294,698.84496498481
2295,418.29384174737
2296,401.28789384112997
2297,244.86548063320998
2298,11.72275329511
2299,
2300,
2301,
2302,
2303,
2304,
2305,
2306,
2307,
2308,
2309,
2310,
2311,
2312,78.28183578542
2313,191.21204742227
2314,179.43556702944
2315,506.92035527088
2316,443.00420938839
2317,490.48614953584
2318,698.84496498481
2319,418.29384174737
2320,401.28789384112997
2321,244.86548063320998
2322,11.72275329511
2323,
2324,
2325,
2326,
2327,
2328,
2329,
2330,
2331,
2332,
2333,
2334,93.43676893079001
2335,207.31657643408002
2336,462.58600642430997
2337,775.1706410430401
2338,1055.24849210485
2339,1344.23189043302
2340,639.98927586946
2341,521.75069328166
2342,302.05074211135
2343,645.88860511254
2344,682.90638222219
2345,590.18112403329
2346,508.70578831369
2347,378.45208324954
2348,139.31384468448
2349,3.25954449939
2350,
2351,
2352,
2353,
2354,
2355,
2356,
2357,
2358,
2359,
2360,76.03153684231
2361,217.32962573774
2362,316.21111162672
2363,413.39080928972
2364,469.41731458717
2365,438.01402710067
2366,378.91304465168
2367,351.55645804585
2368,238.90231046847998
2369,114.01540534562
2370,6.51354659853
2371,
2372,
2373,
2374,
2375,
2376,
2377,
2378,
2379,
2380,
2381,
2382,5.07740457864
2383,179.15313484107
2384,414.31138987084
2385,650.67221026065
2386,836.12728513165
2387,991.88003430026
2388,1098.38833304237
2389,1118.25935095337
2390,1113.38349269276
2391,1031.11068689316
2392,892.27611914925
2393,693.76054250824
2394,480.63420845734
2395,249.12926476481
2396,24.31847309815
2397,
2398,
2399,
2400,
2401,
2402,
2403,
2404,
2405,
2406,
2407,51.58227428995
2408,187.92945197082
2409,359.60106391557
2410,441.39615063939
2411,574.37515011275
2412,595.4725504799
2413,705.8020690818
2414,838.64998631533
2415,858.99310697285
2416,798.13903978452
2417,641.7954803361899
2418,441.95137808571
2419,189.76313022344002
2420,4.97034808282
2421,
2422,
2423,
2424,
2425,
2426,
2427,
2428,
2429,
2430,5.07740457864
2431,179.15313484107
2432,414.31138987084
2433,650.67221026065
2434,836.12728513165
2435,991.88003430026
2436,1098.38833304237
2437,1118.25935095337
2438,1113.38349269276
2439,1031.11068689316
2440,892.27611914925
2441,693.76054250824
2442,480.63420845734
2443,249.12926476481
2444,24.31847309815
2445,
2446,
2447,
2448,
2449,
2450,
2451,
2452,
2453,
2454,
2455,
2456,78.28183578542
2457,191.21204742227
2458,179.43556702944
2459,506.92035527088
2460,443.00420938839
2461,490.48614953584
2462,698.84496498481
2463,418.29384174737
2464,401.28789384112997
2465,244.86548063320998
2466,11.72275329511
2467,
2468,
2469,
2470,
2471,
2472,
2473,
2474,
2475,
2476,
2477,
2478,
2479,
2480,78.28183578542
2481,191.21204742227
2482,179.43556702944
2483,506.92035527088
2484,443.00420938839
2485,490.48614953584
2486,698.84496498481
2487,418.29384174737
2488,401.28789384112997
2489,244.86548063320998
2490,11.72275329511
2491,
2492,
2493,
2494,
2495,
2496,
2497,
2498,
2499,
2500,
2501,
2502,
2503,1.76896961973
2504,127.30085139073
2505,310.60234763023
2506,518.37521732948
2507,643.60264189673
2508,729.49455209573
2509,782.87662797808
2510,746.779068687
2511,662.32277599614
2512,497.94586665623
2513,325.95839346952
2514,144.53920396595
2515,5.12529827416
2516,
2517,
2518,
2519,
2520,
2521,
2522,
2523,
2524,
2525,
2526,
2527,
2528,78.28183578542
2529,191.21204742227
2530,179.43556702944
2531,506.92035527088
2532,443.00420938839
2533,490.48614953584
2534,698.84496498481
2535,418.29384174737
2536,401.28789384112997
2537,244.86548063320998
2538,11.72275329511
2539,
2540,
2541,
2542,
2543,
2544,
2545,
2546,
2547,
2548,
2549,
2550,
2551,
2552,76.03153684231
2553,217.32962573774
2554,316.21111162672
2555,413.39080928972
2556,469.41731458717
2557,438.01402710067
2558,378.91304465168
2559,351.55645804585
2560,238.90231046847998
2561,114.01540534562
2562,6.51354659853
2563,
2564,
2565,
2566,
2567,
2568,
2569,
2570,
2571,
2572,
2573,
2574,
2575,
2576,78.28183578542
2577,191.21204742227
2578,179.43556702944
2579,506.92035527088
2580,443.00420938839
2581,490.48614953584
2582,698.84496498481
2583,418.29384174737
2584,401.28789384112997
2585,244.86548063320998
2586,11.72275329511
2587,
2588,
2589,
2590,
2591,
2592,
2593,
2594,
2595,
2596,
2597,
2598,
2599,
2600,78.28183578542
2601,191.21204742227
2602,179.43556702944
2603,506.92035527088
2604,443.00420938839
2605,490.48614953584
2606,698.84496498481
2607,418.29384174737
2608,401.28789384112997
2609,244.86548063320998
2610,11.72275329511
2611,
2612,
2613,
2614,
2615,
2616,
2617,
2618,
2619,
2620,
2621,
2622,
2623,
2624,
2625,3.5055764745399998
2626,29.582001258680002
2627,58.7177467904
2628,72.14386874989
2629,75.31159342731
2630,63.28283896171
2631,49.6238721749
2632,32.57184924259
2633,3.44359895406
2634,
2635,
2636,
2637,
2638,
2639,
2640,
2641,
2642,
2643,
2644,
2645,
2646,
2647,
2648,
2649,3.5055764745399998
2650,29.582001258680002
2651,58.7177467904
2652,72.14386874989
2653,75.31159342731
2654,63.28283896171
2655,49.6238721749
2656,32.57184924259
2657,3.44359895406
2658,
2659,
2660,
2661,
2662,
2663,
2664,
2665,
2666,
2667,
2668,
2669,
2670,
2671,1.76896961973
2672,127.30085139073
2673,310.60234763023
2674,518.37521732948
2675,643.60264189673
2676,729.49455209573
2677,782.87662797808
2678,746.779068687
2679,662.32277599614
2680,497.94586665623
2681,325.95839346952
2682,144.53920396595
2683,5.12529827416
2684,
2685,
2686,
2687,
2688,
2689,
2690,
2691,
2692,
2693,
2694,
2695,
2696,76.03153684231
2697,217.32962573774
2698,316.21111162672
2699,413.39080928972
2700,469.41731458717
2701,438.01402710067
2702,378.91304465168
2703,351.55645804585
2704,238.90231046847998
2705,114.01540534562
2706,6.51354659853
2707,
2708,
2709,
2710,
2711,
2712,
2713,
2714,
2715,
2716,
2717,
2718,
2719,1.76896961973
2720,127.30085139073
2721,310.60234763023
2722,518.37521732948
2723,643.60264189673
2724,729.49455209573
2725,782.87662797808
2726,746.779068687
2727,662.32277599614
2728,497.94586665623
2729,325.95839346952
2730,144.53920396595
2731,5.12529827416
2732,
2733,
2734,
2735,
2736,
2737,
2738,
2739,
2740,
2741,
2742,
2743,1.76896961973
2744,127.30085139073
2745,310.60234763023
2746,518.37521732948
2747,643.60264189673
2748,729.49455209573
2749,782.87662797808
2750,746.779068687
2751,662.32277599614
2752,497.94586665623
2753,325.95839346952
2754,144.53920396595
2755,5.12529827416
2756,
2757,
2758,
2759,
2760,
2761,
2762,
2763,
2764,
2765,
2766,
2767,
2768,78.28183578542
2769,191.21204742227
2770,179.43556702944
2771,506.92035527088
2772,443.00420938839
2773,490.48614953584
2774,698.84496498481
2775,418.29384174737
2776,401.28789384112997
2777,244.86548063320998
2778,11.72275329511
2779,
2780,
2781,
2782,
2783,
2784,
2785,
2786,
2787,
2788,
2789,
2790,
2791,1.76896961973
2792,127.30085139073
2793,310.60234763023
2794,518.37521732948
2795,643.60264189673
2796,729.49455209573
2797,782.87662797808
2798,746.779068687
2799,662.32277599614
2800,497.94586665623
2801,325.95839346952
2802,144.53920396595
2803,5.12529827416
2804,
2805,
2806,
2807,
2808,
2809,
2810,
2811,
2812,
2813,
2814,
2815,
2816,78.28183578542
2817,191.21204742227
2818,179.43556702944
2819,506.92035527088
2820,443.00420938839
2821,490.48614953584
2822,698.84496498481
2823,418.29384174737
2824,401.28789384112997
2825,244.86548063320998
2826,11.72275329511
2827,
2828,
2829,
2830,
2831,
2832,
2833,
2834,
2835,
2836,
2837,
2838,
2839,
2840,78.28183578542
2841,191.21204742227
2842,179.43556702944
2843,506.92035527088
2844,443.00420938839
2845,490.48614953584
2846,698.84496498481
2847,418.29384174737
2848,401.28789384112997
2849,244.86548063320998
2850,11.72275329511
2851,
2852,
2853,
2854,
2855,
2856,
2857,
2858,
2859,
2860,
2861,
2862,
2863,
2864,78.28183578542
2865,191.21204742227
2866,179.43556702944
2867,506.92035527088
2868,443.00420938839
2869,490.48614953584
2870,698.84496498481
2871,418.29384174737
2872,401.28789384112997
2873,244.86548063320998
2874,11.72275329511
2875,
2876,
2877,
2878,
2879,
2880,
2881,
2882,
2883,
2884,
2885,
2886,
2887,
2888,76.03153684231
2889,217.32962573774
2890,316.21111162672
2891,413.39080928972
2892,469.41731458717
2893,438.01402710067
2894,378.91304465168
2895,351.55645804585
2896,238.90231046847998
2897,114.01540534562
2898,6.51354659853
2899,
2900,
2901,
2902,
2903,
2904,
2905,
2906,
2907,
2908,
2909,
2910,73.1179213751
2911,237.77720273448
2912,396.90438305335
2913,582.31560902715
2914,718.85724096558
2915,785.79507698211
2916,854.8798071255
2917,888.09346476498
2918,893.10245066325
2919,852.3279058578901
2920,740.9202340209799
2921,600.87912171545
2922,435.2688857454
2923,261.33868534552
2924,89.00960277356
2925,1.61121516441
2926,
2927,
2928,
2929,
2930,
2931,
2932,
2933,
2934,5.07740457864
2935,179.15313484107
2936,414.31138987084
2937,650.67221026065
2938,836.12728513165
2939,991.88003430026
2940,1098.38833304237
2941,1118.25935095337
2942,1113.38349269276
2943,1031.11068689316
2944,892.27611914925
2945,693.76054250824
2946,480.63420845734
2947,249.12926476481
2948,24.31847309815
2949,
2950,
2951,
2952,
2953,
2954,
2955,
2956,
2957,
2958,
2959,
2960,76.03153684231
2961,217.32962573774
2962,316.21111162672
2963,413.39080928972
2964,469.41731458717
2965,438.01402710067
2966,378.91304465168
2967,351.55645804585
2968,238.90231046847998
2969,114.01540534562
2970,6.51354659853
2971,
2972,
2973,
2974,
2975,
2976,
2977,
2978,
2979,
2980,
2981,
2982,
2983,77.54127780291
2984,267.56286156906
2985,480.63279129605
2986,707.27360190533
2987,841.74833865883
2988,878.61562549617
2989,866.8643305724501
2990,909.81974427514
2991,832.71576690183
2992,640.35585659663
2993,552.38887137579
2994,391.14073225981
2995,152.18212948160001
2996,1.60182501826
2997,
2998,
2999,
3000,
3001,
3002,
3003,
3004,
3005,
3006,
3007,77.54127780291
3008,267.56286156906
3009,480.63279129605
3010,707.27360190533
3011,841.74833865883
3012,878.61562549617
3013,866.8643305724501
3014,909.81974427514
3015,832.71576690183
3016,640.35585659663
3017,552.38887137579
3018,391.14073225981
3019,152.18212948160001
3020,1.60182501826
3021,
3022,
3023,
3024,
3025,
3026,
3027,
3028,
3029,
3030,93.43676893079001
3031,207.31657643408002
3032,462.58600642430997
3033,775.1706410430401
3034,1055.24849210485
3035,1344.23189043302
3036,639.98927586946
3037,521.75069328166
3038,302.05074211135
3039,645.88860511254
3040,682.90638222219
3041,590.18112403329
3042,508.70578831369
3043,378.45208324954
3044,139.31384468448
3045,3.25954449939
3046,
3047,
3048,
3049,
3050,
3051,
3052,
3053,
3054,93.43676893079001
3055,207.31657643408002
3056,462.58600642430997
3057,775.1706410430401
3058,1055.24849210485
3059,1344.23189043302
3060,639.98927586946
3061,521.75069328166
3062,302.05074211135
3063,645.88860511254
3064,682.90638222219
3065,590.18112403329
3066,508.70578831369
3067,378.45208324954
3068,139.31384468448
3069,3.25954449939
3070,
3071,
3072,
3073,
3074,
3075,
3076,
3077,
3078,
3079,
3080,76.03153684231
3081,217.32962573774
3082,316.21111162672
3083,413.39080928972
3084,469.41731458717
3085,438.01402710067
3086,378.91304465168
3087,351.55645804585
3088,238.90231046847998
3089,114.01540534562
3090,6.51354659853
3091,
3092,
3093,
3094,
3095,
3096,
3097,
3098,
3099,
3100,
3101,
3102,
3103,
3104,76.03153684231
3105,217.32962573774
3106,316.21111162672
3107,413.39080928972
3108,469.41731458717
3109,438.01402710067
3110,378.91304465168
3111,351.55645804585
3112,238.90231046847998
3113,114.01540534562
3114,6.51354659853
3115,
3116,
3117,
3118,
3119,
3120,
3121,
3122,
3123,
3124,
3125,
3126,
3127,51.58227428995
3128,187.92945197082
3129,359.60106391557
3130,441.39615063939
3131,574.37515011275
3132,595.4725504799
3133,705.8020690818
3134,838.64998631533
3135,858.99310697285
3136,798.13903978452
3137,641.7954803361899
3138,441.95137808571
3139,189.76313022344002
3140,4.97034808282
3141,
3142,
3143,
3144,
3145,
3146,
3147,
3148,
3149,
3150,
3151,
3152,76.03153684231
3153,217.32962573774
3154,316.21111162672
3155,413.39080928972
3156,469.41731458717
3157,438.01402710067
3158,378.91304465168
3159,351.55645804585
3160,238.90231046847998
3161,114.01540534562
3162,6.51354659853
3163,
3164,
3165,
3166,
3167,
3168,
3169,
3170,
3171,
3172,
3173,
3174,
3175,51.58227428995
3176,187.92945197082
3177,359.60106391557
3178,441.39615063939
3179,574.37515011275
3180,595.4725504799
3181,705.8020690818
3182,838.64998631533
3183,858.99310697285
3184,798.13903978452
3185,641.7954803361899
3186,441.95137808571
3187,189.76313022344002
3188,4.97034808282
3189,
3190,
3191,
3192,
3193,
3194,
3195,
3196,
3197,
3198,5.07740457864
3199,179.15313484107
3200,414.31138987084
3201,650.67221026065
3202,836.12728513165
3203,991.88003430026
3204,1098.38833304237
3205,1118.25935095337
3206,1113.38349269276
3207,1031.11068689316
3208,892.27611914925
3209,693.76054250824
3210,480.63420845734
3211,249.12926476481
3212,24.31847309815
3213,
3214,
3215,
3216,
3217,
3218,
3219,
3220,
3221,
3222,
3223,77.54127780291
3224,267.56286156906
3225,480.63279129605
3226,707.27360190533
3227,841.74833865883
3228,878.61562549617
3229,866.8643305724501
3230,909.81974427514
3231,832.71576690183
3232,640.35585659663
3233,552.38887137579
3234,391.14073225981
3235,152.18212948160001
3236,1.60182501826
3237,
3238,
3239,
3240,
3241,
3242,
3243,
3244,
3245,
3246,
3247,51.58227428995
3248,187.92945197082
3249,359.60106391557
3250,441.39615063939
3251,574.37515011275
3252,595.4725504799
3253,705.8020690818
3254,838.64998631533
3255,858.99310697285
3256,798.13903978452
3257,641.7954803361899
3258,441.95137808571
3259,189.76313022344002
3260,4.97034808282
3261,
3262,
3263,
3264,
3265,
3266,
3267,
3268,
3269,
3270,5.07740457864
3271,179.15313484107
3272,414.31138987084
3273,650.67221026065
3274,836.12728513165
3275,991.88003430026
3276,1098.38833304237
3277,1118.25935095337
3278,1113.38349269276
3279,1031.11068689316
3280,892.27611914925
3281,693.76054250824
3282,480.63420845734
3283,249.12926476481
3284,24.31847309815
3285,
3286,
3287,
3288,
3289,
3290,
3291,
3292,
3293,
3294,5.07740457864
3295,179.15313484107
3296,414.31138987084
3297,650.67221026065
3298,836.12728513165
3299,991.88003430026
3300,1098.38833304237
3301,1118.25935095337
3302,1113.38349269276
3303,1031.11068689316
3304,892.27611914925
3305,693.76054250824
3306,480.63420845734
3307,249.12926476481
3308,24.31847309815
3309,
3310,
3311,
3312,
3313,
3314,
3315,
3316,
3317,
3318,73.1179213751
3319,237.77720273448
3320,396.90438305335
3321,582.31560902715
3322,718.85724096558
3323,785.79507698211
3324,854.8798071255
3325,888.09346476498
3326,893.10245066325
3327,852.3279058578901
3328,740.9202340209799
3329,600.87912171545
3330,435.2688857454
3331,261.33868534552
3332,89.00960277356
3333,1.61121516441
3334,
3335,
3336,
3337,
3338,
3339,
3340,
3341,
3342,73.1179213751
3343,237.77720273448
3344,396.90438305335
3345,582.31560902715
3346,718.85724096558
3347,785.79507698211
3348,854.8798071255
3349,888.09346476498
3350,893.10245066325
3351,852.3279058578901
3352,740.9202340209799
3353,600.87912171545
3354,435.2688857454
3355,261.33868534552
3356,89.00960277356
3357,1.61121516441
3358,
3359,
3360,
3361,
3362,
3363,
3364,
3365,
3366,
3367,51.58227428995
3368,187.92945197082
3369,359.60106391557
3370,441.39615063939
3371,574.37515011275
3372,595.4725504799
3373,705.8020690818
3374,838.64998631533
3375,858.99310697285
3376,798.13903978452
3377,641.7954803361899
3378,441.95137808571
3379,189.76313022344002
3380,4.97034808282
3381,
3382,
3383,
3384,
3385,
3386,
3387,
3388,
3389,
3390,93.43676893079001
3391,207.31657643408002
3392,462.58600642430997
3393,775.1706410430401
3394,1055.24849210485
3395,1344.23189043302
3396,639.98927586946
3397,521.75069328166
3398,302.05074211135
3399,645.88860511254
3400,682.90638222219
3401,590.18112403329
3402,508.70578831369
3403,378.45208324954
3404,139.31384468448
3405,3.25954449939
3406,
3407,
3408,
3409,
3410,
3411,
3412,
3413,
3414,5.07740457864
3415,179.15313484107
3416,414.31138987084
3417,650.67221026065
3418,836.12728513165
3419,991.88003430026
3420,1098.38833304237
3421,1118.25935095337
3422,1113.38349269276
3423,1031.11068689316
3424,892.27611914925
3425,693.76054250824
3426,480.63420845734
3427,249.12926476481
3428,24.31847309815
3429,
3430,
3431,
3432,
3433,
3434,
3435,
3436,
3437,
3438,
3439,51.58227428995
3440,187.92945197082
3441,359.60106391557
3442,441.39615063939
3443,574.37515011275
3444,595.4725504799
3445,705.8020690818
3446,838.64998631533
3447,858.99310697285
3448,798.13903978452
3449,641.7954803361899
3450,441.95137808571
3451,189.76313022344002
3452,4.97034808282
3453,
3454,
3455,
3456,
3457,
3458,
3459,
3460,
3461,
3462,
3463,51.58227428995
3464,187.92945197082
3465,359.60106391557
3466,441.39615063939
3467,574.37515011275
3468,595.4725504799
3469,705.8020690818
3470,838.64998631533
3471,858.99310697285
3472,798.13903978452
3473,641.7954803361899
3474,441.95137808571
3475,189.76313022344002
3476,4.97034808282
3477,
3478,
3479,
3480,
3481,
3482,
3483,
3484,
3485,
3486,77.69010956949
3487,276.25201348018
3488,263.13696805855
3489,356.07785830981
3490,638.18244000411
3491,791.01015930379
3492,1012.38826210195
3493,436.12851875607
3494,670.47080552376
3495,586.66818060628
3496,547.45795703211
3497,156.46144947144
3498,198.82985149431
3499,34.76423436263
3500,20.61772254782
3501,1.59431290133
3502,
3503,
3504,
3505,
3506,
3507,
3508,
3509,
3510,77.69010956949
3511,276.25201348018
3512,263.13696805855
3513,356.07785830981
3514,638.18244000411
3515,791.01015930379
3516,1012.38826210195
3517,436.12851875607
3518,670.47080552376
3519,586.66818060628
3520,547.45795703211
3521,156.46144947144
3522,198.82985149431
3523,34.76423436263
3524,20.61772254782
3525,1.59431290133
3526,
3527,
3528,
3529,
3530,
3531,
3532,
3533,
3534,77.69010956949
3535,276.25201348018
3536,263.13696805855
3537,356.07785830981
3538,638.18244000411
3539,791.01015930379
3540,1012.38826210195
3541,436.12851875607
3542,670.47080552376
3543,586.66818060628
3544,547.45795703211
3545,156.46144947144
3546,198.82985149431
3547,34.76423436263
3548,20.61772254782
3549,1.59431290133
3550,
3551,
3552,
3553,
3554,
3555,
3556,
3557,
3558,73.1179213751
3559,237.77720273448
3560,396.90438305335
3561,582.31560902715
3562,718.85724096558
3563,785.79507698211
3564,854.8798071255
3565,888.09346476498
3566,893.10245066325
3567,852.3279058578901
3568,740.9202340209799
3569,600.87912171545
3570,435.2688857454
3571,261.33868534552
3572,89.00960277356
3573,1.61121516441
3574,
3575,
3576,
3577,
3578,
3579,
3580,
3581,
3582,
3583,51.58227428995
3584,187.92945197082
3585,359.60106391557
3586,441.39615063939
3587,574.37515011275
3588,595.4725504799
3589,705.8020690818
3590,838.64998631533
3591,858.99310697285
3592,798.13903978452
3593,641.7954803361899
3594,441.95137808571
3595,189.76313022344002
3596,4.97034808282
3597,
3598,
3599,
3600,
3601,
3602,
3603,
3604,
3605,
3606,
3607,77.54127780291
3608,267.56286156906
3609,480.63279129605
3610,707.27360190533
3611,841.74833865883
3612,878.61562549617
3613,866.8643305724501
3614,909.81974427514
3615,832.71576690183
3616,640.35585659663
3617,552.38887137579
3618,391.14073225981
3619,152.18212948160001
3620,1.60182501826
3621,
3622,
3623,
3624,
3625,
3626,
3627,
3628,
3629,
3630,
3631,51.58227428995
3632,187.92945197082
3633,359.60106391557
3634,441.39615063939
3635,574.37515011275
3636,595.4725504799
3637,705.8020690818
3638,838.64998631533
3639,858.99310697285
3640,798.13903978452
3641,641.7954803361899
3642,441.95137808571
3643,189.76313022344002
3644,4.97034808282
3645,
3646,
3647,
3648,
3649,
3650,
3651,
3652,
3653,
3654,
3655,51.58227428995
3656,187.92945197082
3657,359.60106391557
3658,441.39615063939
3659,574.37515011275
3660,595.4725504799
3661,705.8020690818
3662,838.64998631533
3663,858.99310697285
3664,798.13903978452
3665,641.7954803361899
3666,441.95137808571
3667,189.76313022344002
3668,4.97034808282
3669,
3670,
3671,
3672,
3673,
3674,
3675,
3676,
3677,
3678,
3679,77.54127780291
3680,267.56286156906
3681,480.63279129605
3682,707.27360190533
3683,841.74833865883
3684,878.61562549617
3685,866.8643305724501
3686,909.81974427514
3687,832.71576690183
3688,640.35585659663
3689,552.38887137579
3690,391.14073225981
3691,152.18212948160001
3692,1.60182501826
3693,
3694,
3695,
3696,
3697,
3698,
3699,
3700,
3701,
3702,
3703,51.58227428995
3704,187.92945197082
3705,359.60106391557
3706,441.39615063939
3707,574.37515011275
3708,595.4725504799
3709,705.8020690818
3710,838.64998631533
3711,858.99310697285
3712,798.13903978452
3713,641.7954803361899
3714,441.95137808571
3715,189.76313022344002
3716,4.97034808282
3717,
3718,
3719,
3720,
3721,
3722,
3723,
3724,
3725,
3726,
3727,51.58227428995
3728,187.92945197082
3729,359.60106391557
3730,441.39615063939
3731,574.37515011275
3732,595.4725504799
3733,705.8020690818
3734,838.64998631533
3735,858.99310697285
3736,798.13903978452
3737,641.7954803361899
3738,441.95137808571
3739,189.76313022344002
3740,4.97034808282
3741,
3742,
3743,
3744,
3745,
3746,
3747,
3748,
3749,
3750,73.1179213751
3751,237.77720273448
3752,396.90438305335
3753,582.31560902715
3754,718.85724096558
3755,785.79507698211
3756,854.8798071255
3757,888.09346476498
3758,893.10245066325
3759,852.3279058578901
3760,740.9202340209799
3761,600.87912171545
3762,435.2688857454
3763,261.33868534552
3764,89.00960277356
3765,1.61121516441
3766,
3767,
3768,
3769,
3770,
3771,
3772,
3773,
3774,
3775,51.58227428995
3776,187.92945197082
3777,359.60106391557
3778,441.39615063939
3779,574.37515011275
3780,595.4725504799
3781,705.8020690818
3782,838.64998631533
3783,858.99310697285
3784,798.13903978452
3785,641.7954803361899
3786,441.95137808571
3787,189.76313022344002
3788,4.97034808282
3789,
3790,
3791,
3792,
3793,
3794,
3795,
3796,
3797,
3798,5.07740457864
3799,179.15313484107
3800,414.31138987084
3801,650.67221026065
3802,836.12728513165
3803,991.88003430026
3804,1098.38833304237
3805,1118.25935095337
3806,1113.38349269276
3807,1031.11068689316
3808,892.27611914925
3809,693.76054250824
3810,480.63420845734
3811,249.12926476481
3812,24.31847309815
3813,
3814,
3815,
3816,
3817,
3818,
3819,
3820,
3821,
3822,5.07740457864
3823,179.15313484107
3824,414.31138987084
3825,650.67221026065
3826,836.12728513165
3827,991.88003430026
3828,1098.38833304237
3829,1118.25935095337
3830,1113.38349269276
3831,1031.11068689316
3832,892.27611914925
3833,693.76054250824
3834,480.63420845734
3835,249.12926476481
3836,24.31847309815
3837,
3838,
3839,
3840,
3841,
3842,
3843,
3844,
3845,
3846,73.1179213751
3847,237.77720273448
3848,396.90438305335
3849,582.31560902715
3850,718.85724096558
3851,785.79507698211
3852,854.8798071255
3853,888.09346476498
3854,893.10245066325
3855,852.3279058578901
3856,740.9202340209799
3857,600.87912171545
3858,435.2688857454
3859,261.33868534552
3860,89.00960277356
3861,1.61121516441
3862,
3863,
3864,
3865,
3866,
3867,
3868,
3869,
3870,73.1179213751
3871,237.77720273448
3872,396.90438305335
3873,582.31560902715
3874,718.85724096558
3875,785.79507698211
3876,854.8798071255
3877,888.09346476498
3878,893.10245066325
3879,852.3279058578901
3880,740.9202340209799
3881,600.87912171545
3882,435.2688857454
3883,261.33868534552
3884,89.00960277356
3885,1.61121516441
3886,
3887,
3888,
3889,
3890,
3891,
3892,
3893,
3894,77.69010956949
3895,276.25201348018
3896,263.13696805855
3897,356.07785830981
3898,638.18244000411
3899,791.01015930379
3900,1012.38826210195
3901,436.12851875607
3902,670.47080552376
3903,586.66818060628
3904,547.45795703211
3905,156.46144947144
3906,198.82985149431
3907,34.76423436263
3908,20.61772254782
3909,1.59431290133
3910,
3911,
3912,
3913,
3914,
3915,
3916,
3917,
3918,73.1179213751
3919,237.77720273448
3920,396.90438305335
3921,582.31560902715
3922,718.85724096558
3923,785.79507698211
3924,854.8798071255
3925,888.09346476498
3926,893.10245066325
3927,852.3279058578901
3928,740.9202340209799
3929,600.87912171545
3930,435.2688857454
3931,261.33868534552
3932,89.00960277356
3933,1.61121516441
3934,
3935,
3936,
3937,
3938,
3939,
3940,
3941,
3942,
3943,77.54127780291
3944,267.56286156906
3945,480.63279129605
3946,707.27360190533
3947,841.74833865883
3948,878.61562549617
3949,866.8643305724501
3950,909.81974427514
3951,832.71576690183
3952,640.35585659663
3953,552.38887137579
3954,391.14073225981
3955,152.18212948160001
3956,1.60182501826
3957,
3958,
3959,
3960,
3961,
3962,
3963,
3964,
3965,
3966,93.43676893079001
3967,207.31657643408002
3968,462.58600642430997
3969,775.1706410430401
3970,1055.24849210485
3971,1344.23189043302
3972,639.98927586946
3973,521.75069328166
3974,302.05074211135
3975,645.88860511254
3976,682.90638222219
3977,590.18112403329
3978,508.70578831369
3979,378.45208324954
3980,139.31384468448
3981,3.25954449939
3982,
3983,
3984,
3985,
3986,
3987,
3988,
3989,
3990,73.1179213751
3991,237.77720273448
3992,396.90438305335
3993,582.31560902715
3994,718.85724096558
3995,785.79507698211
3996,854.8798071255
3997,888.09346476498
3998,893.10245066325
3999,852.3279058578901
4000,740.9202340209799
4001,600.87912171545
4002,435.2688857454
4003,261.33868534552
4004,89.00960277356
4005,1.61121516441
4006,
4007,
4008,
4009,
4010,
4011,
4012,
4013,
4014,
4015,77.54127780291
4016,267.56286156906
4017,480.63279129605
4018,707.27360190533
4019,841.74833865883
4020,878.61562549617
4021,866.8643305724501
4022,909.81974427514
4023,832.71576690183
4024,640.35585659663
4025,552.38887137579
4026,391.14073225981
4027,152.18212948160001
4028,1.60182501826
4029,
4030,
4031,
4032,
4033,
4034,
4035,
4036,
4037,
4038,77.69010956949
4039,276.25201348018
4040,263.13696805855
4041,356.07785830981
4042,638.18244000411
4043,791.01015930379
4044,1012.38826210195
4045,436.12851875607
4046,670.47080552376
4047,586.66818060628
4048,547.45795703211
4049,156.46144947144
4050,198.82985149431
4051,34.76423436263
4052,20.61772254782
4053,1.59431290133
4054,
4055,
4056,
4057,
4058,
4059,
4060,
4061,
4062,77.69010956949
4063,276.25201348018
4064,263.13696805855
4065,356.07785830981
4066,638.18244000411
4067,791.01015930379
4068,1012.38826210195
4069,436.12851875607
4070,670.47080552376
4071,586.66818060628
4072,547.45795703211
4073,156.46144947144
4074,198.82985149431
4075,34.76423436263
4076,20.61772254782
4077,1.59431290133
4078,
4079,
4080,
4081,
4082,
4083,
4084,
4085,
4086,77.69010956949
4087,276.25201348018
4088,263.13696805855
4089,356.07785830981
4090,638.18244000411
4091,791.01015930379
4092,1012.38826210195
4093,436.12851875607
4094,670.47080552376
4095,586.66818060628
4096,547.45795703211
4097,156.46144947144
4098,198.82985149431
4099,34.76423436263
4100,20.61772254782
4101,1.59431290133
4102,
4103,
4104,
4105,
4106,
4107,
4108,
4109,
4110,77.69010956949
4111,276.25201348018
4112,263.13696805855
4113,356.07785830981
4114,638.18244000411
4115,791.01015930379
4116,1012.38826210195
4117,436.12851875607
4118,670.47080552376
4119,586.66818060628
4120,547.45795703211
4121,156.46144947144
4122,198.82985149431
4123,34.76423436263
4124,20.61772254782
4125,1.59431290133
4126,
4127,
4128,
4129,
4130,
4131,
4132,
4133,
4134,
4135,77.54127780291
4136,267.56286156906
4137,480.63279129605
4138,707.27360190533
4139,841.74833865883
4140,878.61562549617
4141,866.8643305724501
4142,909.81974427514
4143,832.71576690183
4144,640.35585659663
4145,552.38887137579
4146,391.14073225981
4147,152.18212948160001
4148,1.60182501826
4149,
4150,
4151,
4152,
4153,
4154,
4155,
4156,
4157,
4158,
4159,77.54127780291
4160,267.56286156906
4161,480.63279129605
4162,707.27360190533
4163,841.74833865883
4164,878.61562549617
4165,866.8643305724501
4166,909.81974427514
4167,832.71576690183
4168,640.35585659663
4169,552.38887137579
4170,391.14073225981
4171,152.18212948160001
4172,1.60182501826
4173,
4174,
4175,
4176,
4177,
4178,
4179,
4180,
4181,
4182,73.1179213751
4183,237.77720273448
4184,396.90438305335
4185,582.31560902715
4186,718.85724096558
4187,785.79507698211
4188,854.8798071255
4189,888.09346476498
4190,893.10245066325
4191,852.3279058578901
4192,740.9202340209799
4193,600.87912171545
4194,435.2688857454
4195,261.33868534552
4196,89.00960277356
4197,1.61121516441
4198,
4199,
4200,
4201,
4202,
4203,
4204,
4205,
4206,77.69010956949
4207,276.25201348018
4208,263.13696805855
4209,356.07785830981
4210,638.18244000411
4211,791.01015930379
4212,1012.38826210195
4213,436.12851875607
4214,670.47080552376
4215,586.66818060628
4216,547.45795703211
4217,156.46144947144
4218,198.82985149431
4219,34.76423436263
4220,20.61772254782
4221,1.59431290133
4222,
4223,
4224,
4225,
4226,
4227,
4228,
4229,
4230,
4231,77.54127780291
4232,267.56286156906
4233,480.63279129605
4234,707.27360190533
4235,841.74833865883
4236,878.61562549617
4237,866.8643305724501
4238,909.81974427514
4239,832.71576690183
4240,640.35585659663
4241,552.38887137579
4242,391.14073225981
4243,152.18212948160001
4244,1.60182501826
4245,
4246,
4247,
4248,
4249,
4250,
4251,
4252,
4253,
4254,
4255,77.54127780291
4256,267.56286156906
4257,480.63279129605
4258,707.27360190533
4259,841.74833865883
4260,878.61562549617
4261,866.8643305724501
4262,909.81974427514
4263,832.71576690183
4264,640.35585659663
4265,552.38887137579
4266,391.14073225981
4267,152.18212948160001
4268,1.60182501826
4269,
4270,
4271,
4272,
4273,
4274,
4275,
4276,
4277,
4278,73.1179213751
4279,237.77720273448
4280,396.90438305335
4281,582.31560902715
4282,718.85724096558
4283,785.79507698211
4284,854.8798071255
4285,888.09346476498
4286,893.10245066325
4287,852.3279058578901
4288,740.9202340209799
4289,600.87912171545
4290,435.2688857454
4291,261.33868534552
4292,89.00960277356
4293,1.61121516441
4294,
4295,
4296,
4297,
4298,
4299,
4300,
4301,
4302,
4303,77.54127780291
4304,267.56286156906
4305,480.63279129605
4306,707.27360190533
4307,841.74833865883
4308,878.61562549617
4309,866.8643305724501
4310,909.81974427514
4311,832.71576690183
4312,640.35585659663
4313,552.38887137579
4314,391.14073225981
4315,152.18212948160001
4316,1.60182501826
4317,
4318,
4319,
4320,
4321,
4322,
4323,
4324,
4325,
4326,
4327,51.58227428995
4328,187.92945197082
4329,359.60106391557
4330,441.39615063939
4331,574.37515011275
4332,595.4725504799
4333,705.8020690818
4334,838.64998631533
4335,858.99310697285
4336,798.13903978452
4337,641.7954803361899
4338,441.95137808571
4339,189.76313022344002
4340,4.97034808282
4341,
4342,
4343,
4344,
4345,
4346,
4347,
4348,
4349,
4350,
4351,51.58227428995
4352,187.92945197082
4353,359.60106391557
4354,441.39615063939
4355,574.37515011275
4356,595.4725504799
4357,705.8020690818
4358,838.64998631533
4359,858.99310697285
4360,798.13903978452
4361,641.7954803361899
4362,441.95137808571
4363,189.76313022344002
4364,4.97034808282
4365,
4366,
4367,
4368,
4369,
4370,
4371,
4372,
4373,
4374,77.69010956949
4375,276.25201348018
4376,263.13696805855
4377,356.07785830981
4378,638.18244000411
4379,791.01015930379
4380,1012.38826210195
4381,436.12851875607
4382,670.47080552376
4383,586.66818060628
4384,547.45795703211
4385,156.46144947144
4386,198.82985149431
4387,34.76423436263
4388,20.61772254782
4389,1.59431290133
4390,
4391,
4392,
4393,
4394,
4395,
4396,
4397,
4398,
4399,77.54127780291
4400,267.56286156906
4401,480.63279129605
4402,707.27360190533
4403,841.74833865883
4404,878.61562549617
4405,866.8643305724501
4406,909.81974427514
4407,832.71576690183
4408,640.35585659663
4409,552.38887137579
4410,391.14073225981
4411,152.18212948160001
4412,1.60182501826
4413,
4414,
4415,
4416,
4417,
4418,
4419,
4420,
4421,
4422,73.1179213751
4423,237.77720273448
4424,396.90438305335
4425,582.31560902715
4426,718.85724096558
4427,785.79507698211
4428,854.8798071255
4429,888.09346476498
4430,893.10245066325
4431,852.3279058578901
4432,740.9202340209799
4433,600.87912171545
4434,435.2688857454
4435,261.33868534552
4436,89.00960277356
4437,1.61121516441
4438,
4439,
4440,
4441,
4442,
4443,
4444,
4445,
4446,
4447,77.54127780291
4448,267.56286156906
4449,480.63279129605
4450,707.27360190533
4451,841.74833865883
4452,878.61562549617
4453,866.8643305724501
4454,909.81974427514
4455,832.71576690183
4456,640.35585659663
4457,552.38887137579
4458,391.14073225981
4459,152.18212948160001
4460,1.60182501826
4461,
4462,
4463,
4464,
4465,
4466,
4467,
4468,
4469,
4470,
4471,77.54127780291
4472,267.56286156906
4473,480.63279129605
4474,707.27360190533
4475,841.74833865883
4476,878.61562549617
4477,866.8643305724501
4478,909.81974427514
4479,832.71576690183
4480,640.35585659663
4481,552.38887137579
4482,391.14073225981
4483,152.18212948160001
4484,1.60182501826
4485,
4486,
4487,
4488,
4489,
4490,
4491,
4492,
4493,
4494,
4495,77.54127780291
4496,267.56286156906
4497,480.63279129605
4498,707.27360190533
4499,841.74833865883
4500,878.61562549617
4501,866.8643305724501
4502,909.81974427514
4503,832.71576690183
4504,640.35585659663
4505,552.38887137579
4506,391.14073225981
4507,152.18212948160001
4508,1.60182501826
4509,
4510,
4511,
4512,
4513,
4514,
4515,
4516,
4517,
4518,
4519,77.54127780291
4520,267.56286156906
4521,480.63279129605
4522,707.27360190533
4523,841.74833865883
4524,878.61562549617
4525,866.8643305724501
4526,909.81974427514
4527,832.71576690183
4528,640.35585659663
4529,552.38887137579
4530,391.14073225981
4531,152.18212948160001
4532,1.60182501826
4533,
4534,
4535,
4536,
4537,
4538,
4539,
4540,
4541,
4542,77.69010956949
4543,276.25201348018
4544,263.13696805855
4545,356.07785830981
4546,638.18244000411
4547,791.01015930379
4548,1012.38826210195
4549,436.12851875607
4550,670.47080552376
4551,586.66818060628
4552,547.45795703211
4553,156.46144947144
4554,198.82985149431
4555,34.76423436263
4556,20.61772254782
4557,1.59431290133
4558,
4559,
4560,
4561,
4562,
4563,
4564,
4565,
4566,
4567,77.54127780291
4568,267.56286156906
4569,480.63279129605
4570,707.27360190533
4571,841.74833865883
4572,878.61562549617
4573,866.8643305724501
4574,909.81974427514
4575,832.71576690183
4576,640.35585659663
4577,552.38887137579
4578,391.14073225981
4579,152.18212948160001
4580,1.60182501826
4581,
4582,
4583,
4584,
4585,
4586,
4587,
4588,
4589,
4590,77.69010956949
4591,276.25201348018
4592,263.13696805855
4593,356.07785830981
4594,638.18244000411
4595,791.01015930379
4596,1012.38826210195
4597,436.12851875607
4598,670.47080552376
4599,586.66818060628
4600,547.45795703211
4601,156.46144947144
4602,198.82985149431
4603,34.76423436263
4604,20.61772254782
4605,1.59431290133
4606,
4607,
4608,
4609,
4610,
4611,
4612,
4613,
4614,73.1179213751
4615,237.77720273448
4616,396.90438305335
4617,582.31560902715
4618,718.85724096558
4619,785.79507698211
4620,854.8798071255
4621,888.09346476498
4622,893.10245066325
4623,852.3279058578901
4624,740.9202340209799
4625,600.87912171545
4626,435.2688857454
4627,261.33868534552
4628,89.00960277356
4629,1.61121516441
4630,
4631,
4632,
4633,
4634,
4635,
4636,
4637,
4638,73.1179213751
4639,237.77720273448
4640,396.90438305335
4641,582.31560902715
4642,718.85724096558
4643,785.79507698211
4644,854.8798071255
4645,888.09346476498
4646,893.10245066325
4647,852.3279058578901
4648,740.9202340209799
4649,600.87912171545
4650,435.2688857454
4651,261.33868534552
4652,89.00960277356
4653,1.61121516441
4654,
4655,
4656,
4657,
4658,
4659,
4660,
4661,
4662,73.1179213751
4663,237.77720273448
4664,396.90438305335
4665,582.31560902715
4666,718.85724096558
4667,785.79507698211
4668,854.8798071255
4669,888.09346476498
4670,893.10245066325
4671,852.3279058578901
4672,740.9202340209799
4673,600.87912171545
4674,435.2688857454
4675,261.33868534552
4676,89.00960277356
4677,1.61121516441
4678,
4679,
4680,
4681,
4682,
4683,
4684,
4685,
4686,73.1179213751
4687,237.77720273448
4688,396.90438305335
4689,582.31560902715
4690,718.85724096558
4691,785.79507698211
4692,854.8798071255
4693,888.09346476498
4694,893.10245066325
4695,852.3279058578901
4696,740.9202340209799
4697,600.87912171545
4698,435.2688857454
4699,261.33868534552
4700,89.00960277356
4701,1.61121516441
4702,
4703,
4704,
4705,
4706,
4707,
4708,
4709,
4710,73.1179213751
4711,237.77720273448
4712,396.90438305335
4713,582.31560902715
4714,718.85724096558
4715,785.79507698211
4716,854.8798071255
4717,888.09346476498
4718,893.10245066325
4719,852.3279058578901
4720,740.9202340209799
4721,600.87912171545
4722,435.2688857454
4723,261.33868534552
4724,89.00960277356
4725,1.61121516441
4726,
4727,
4728,
4729,
4730,
4731,
4732,
4733,
4734,
4735,77.54127780291
4736,267.56286156906
4737,480.63279129605
4738,707.27360190533
4739,841.74833865883
4740,878.61562549617
4741,866.8643305724501
4742,909.81974427514
4743,832.71576690183
4744,640.35585659663
4745,552.38887137579
4746,391.14073225981
4747,152.18212948160001
4748,1.60182501826
4749,
4750,
4751,
4752,
4753,
4754,
4755,
4756,
4757,
4758,77.69010956949
4759,276.25201348018
4760,263.13696805855
4761,356.07785830981
4762,638.18244000411
4763,791.01015930379
4764,1012.38826210195
4765,436.12851875607
4766,670.47080552376
4767,586.66818060628
4768,547.45795703211
4769,156.46144947144
4770,198.82985149431
4771,34.76423436263
4772,20.61772254782
4773,1.59431290133
4774,
4775,
4776,
4777,
4778,
4779,
4780,
4781,
4782,73.1179213751
4783,237.77720273448
4784,396.90438305335
4785,582.31560902715
4786,718.85724096558
4787,785.79507698211
4788,854.8798071255
4789,888.09346476498
4790,893.10245066325
4791,852.3279058578901
4792,740.9202340209799
4793,600.87912171545
4794,435.2688857454
4795,261.33868534552
4796,89.00960277356
4797,1.61121516441
4798,
4799,
4800,
4801,
4802,
4803,
4804,
4805,
4806,
4807,77.54127780291
4808,267.56286156906
4809,480.63279129605
4810,707.27360190533
4811,841.74833865883
4812,878.61562549617
4813,866.8643305724501
4814,909.81974427514
4815,832.71576690183
4816,640.35585659663
4817,552.38887137579
4818,391.14073225981
4819,152.18212948160001
4820,1.60182501826
4821,
4822,
4823,
4824,
4825,
4826,
4827,
4828,
4829,
4830,77.69010956949
4831,276.25201348018
4832,263.13696805855
4833,356.07785830981
4834,638.18244000411
4835,791.01015930379
4836,1012.38826210195
4837,436.12851875607
4838,670.47080552376
4839,586.66818060628
4840,547.45795703211
4841,156.46144947144
4842,198.82985149431
4843,34.76423436263
4844,20.61772254782
4845,1.59431290133
4846,
4847,
4848,
4849,
4850,
4851,
4852,
4853,
4854,77.69010956949
4855,276.25201348018
4856,263.13696805855
4857,356.07785830981
4858,638.18244000411
4859,791.01015930379
4860,1012.38826210195
4861,436.12851875607
4862,670.47080552376
4863,586.66818060628
4864,547.45795703211
4865,156.46144947144
4866,198.82985149431
4867,34.76423436263
4868,20.61772254782
4869,1.59431290133
4870,
4871,
4872,
4873,
4874,
4875,
4876,
4877,
4878,
4879,77.54127780291
4880,267.56286156906
4881,480.63279129605
4882,707.27360190533
4883,841.74833865883
4884,878.61562549617
4885,866.8643305724501
4886,909.81974427514
4887,832.71576690183
4888,640.35585659663
4889,552.38887137579
4890,391.14073225981
4891,152.18212948160001
4892,1.60182501826
4893,
4894,
4895,
4896,
4897,
4898,
4899,
4900,
4901,
4902,73.1179213751
4903,237.77720273448
4904,396.90438305335
4905,582.31560902715
4906,718.85724096558
4907,785.79507698211
4908,854.8798071255
4909,888.09346476498
4910,893.10245066325
4911,852.3279058578901
4912,740.9202340209799
4913,600.87912171545
4914,435.2688857454
4915,261.33868534552
4916,89.00960277356
4917,1.61121516441
4918,
4919,
4920,
4921,
4922,
4923,
4924,
4925,
4926,
4927,77.54127780291
4928,267.56286156906
4929,480.63279129605
4930,707.27360190533
4931,841.74833865883
4932,878.61562549617
4933,866.8643305724501
4934,909.81974427514
4935,832.71576690183
4936,640.35585659663
4937,552.38887137579
4938,391.14073225981
4939,152.18212948160001
4940,1.60182501826
4941,
4942,
4943,
4944,
4945,
4946,
4947,
4948,
4949,
4950,
4951,51.58227428995
4952,187.92945197082
4953,359.60106391557
4954,441.39615063939
4955,574.37515011275
4956,595.4725504799
4957,705.8020690818
4958,838.64998631533
4959,858.99310697285
4960,798.13903978452
4961,641.7954803361899
4962,441.95137808571
4963,189.76313022344002
4964,4.97034808282
4965,
4966,
4967,
4968,
4969,
4970,
4971,
4972,
4973,
4974,
4975,77.54127780291
4976,267.56286156906
4977,480.63279129605
4978,707.27360190533
4979,841.74833865883
4980,878.61562549617
4981,866.8643305724501
4982,909.81974427514
4983,832.71576690183
4984,640.35585659663
4985,552.38887137579
4986,391.14073225981
4987,152.18212948160001
4988,1.60182501826
4989,
4990,
4991,
4992,
4993,
4994,
4995,
4996,
4997,
4998,73.1179213751
4999,237.77720273448
5000,396.90438305335
5001,582.31560902715
5002,718.85724096558
5003,785.79507698211
5004,854.8798071255
5005,888.09346476498
5006,893.10245066325
5007,852.3279058578901
5008,740.9202340209799
5009,600.87912171545
5010,435.2688857454
5011,261.33868534552
5012,89.00960277356
5013,1.61121516441
5014,
5015,
5016,
5017,
5018,
5019,
5020,
5021,
5022,77.69010956949
5023,276.25201348018
5024,263.13696805855
5025,356.07785830981
5026,638.18244000411
5027,791.01015930379
5028,1012.38826210195
5029,436.12851875607
5030,670.47080552376
5031,586.66818060628
5032,547.45795703211
5033,156.46144947144
5034,198.82985149431
5035,34.76423436263
5036,20.61772254782
5037,1.59431290133
5038,
5039,
5040,
5041,
5042,
5043,
5044,
5045,
5046,
5047,51.58227428995
5048,187.92945197082
5049,359.60106391557
5050,441.39615063939
5051,574.37515011275
5052,595.4725504799
5053,705.8020690818
5054,838.64998631533
5055,858.99310697285
5056,798.13903978452
5057,641.7954803361899
5058,441.95137808571
5059,189.76313022344002
5060,4.97034808282
5061,
5062,
5063,
5064,
5065,
5066,
5067,
5068,
5069,
5070,
5071,77.54127780291
5072,267.56286156906
5073,480.63279129605
5074,707.27360190533
5075,841.74833865883
5076,878.61562549617
5077,866.8643305724501
5078,909.81974427514
5079,832.71576690183
5080,640.35585659663
5081,552.38887137579
5082,391.14073225981
5083,152.18212948160001
5084,1.60182501826
5085,
5086,
5087,
5088,
5089,
5090,
5091,
5092,
5093,
5094,
5095,77.54127780291
5096,267.56286156906
5097,480.63279129605
5098,707.27360190533
5099,841.74833865883
5100,878.61562549617
5101,866.8643305724501
5102,909.81974427514
5103,832.71576690183
5104,640.35585659663
5105,552.38887137579
5106,391.14073225981
5107,152.18212948160001
5108,1.60182501826
5109,
5110,
5111,
5112,
5113,
5114,
5115,
5116,
5117,
5118,
5119,77.54127780291
5120,267.56286156906
5121,480.63279129605
5122,707.27360190533
5123,841.74833865883
5124,878.61562549617
5125,866.8643305724501
5126,909.81974427514
5127,832.71576690183
5128,640.35585659663
5129,552.38887137579
5130,391.14073225981
5131,152.18212948160001
5132,1.60182501826
5133,
5134,
5135,
5136,
5137,
5138,
5139,
5140,
5141,
5142,5.07740457864
5143,179.15313484107
5144,414.31138987084
5145,650.67221026065
5146,836.12728513165
5147,991.88003430026
5148,1098.38833304237
5149,1118.25935095337
5150,1113.38349269276
5151,1031.11068689316
5152,892.27611914925
5153,693.76054250824
5154,480.63420845734
5155,249.12926476481
5156,24.31847309815
5157,
5158,
5159,
5160,
5161,
5162,
5163,
5164,
5165,
5166,5.07740457864
5167,179.15313484107
5168,414.31138987084
5169,650.67221026065
5170,836.12728513165
5171,991.88003430026
5172,1098.38833304237
5173,1118.25935095337
5174,1113.38349269276
5175,1031.11068689316
5176,892.27611914925
5177,693.76054250824
5178,480.63420845734
5179,249.12926476481
5180,24.31847309815
5181,
5182,
5183,
5184,
5185,
5186,
5187,
5188,
5189,
5190,
5191,77.54127780291
5192,267.56286156906
5193,480.63279129605
5194,707.27360190533
5195,841.74833865883
5196,878.61562549617
5197,866.8643305724501
5198,909.81974427514
5199,832.71576690183
5200,640.35585659663
5201,552.38887137579
5202,391.14073225981
5203,152.18212948160001
5204,1.60182501826
5205,
5206,
5207,
5208,
5209,
5210,
5211,
5212,
5213,
5214,73.1179213751
5215,237.77720273448
5216,396.90438305335
5217,582.31560902715
5218,718.85724096558
5219,785.79507698211
5220,854.8798071255
5221,888.09346476498
5222,893.10245066325
5223,852.3279058578901
5224,740.9202340209799
5225,600.87912171545
5226,435.2688857454
5227,261.33868534552
5228,89.00960277356
5229,1.61121516441
5230,
5231,
5232,
5233,
5234,
5235,
5236,
5237,
5238,5.07740457864
5239,179.15313484107
5240,414.31138987084
5241,650.67221026065
5242,836.12728513165
5243,991.88003430026
5244,1098.38833304237
5245,1118.25935095337
5246,1113.38349269276
5247,1031.11068689316
5248,892.27611914925
5249,693.76054250824
5250,480.63420845734
5251,249.12926476481
5252,24.31847309815
5253,
5254,
5255,
5256,
5257,
5258,
5259,
5260,
5261,
5262,5.07740457864
5263,179.15313484107
5264,414.31138987084
5265,650.67221026065
5266,836.12728513165
5267,991.88003430026
5268,1098.38833304237
5269,1118.25935095337
5270,1113.38349269276
5271,1031.11068689316
5272,892.27611914925
5273,693.76054250824
5274,480.63420845734
5275,249.12926476481
5276,24.31847309815
5277,
5278,
5279,
5280,
5281,
5282,
5283,
5284,
5285,
5286,
5287,77.54127780291
5288,267.56286156906
5289,480.63279129605
5290,707.27360190533
5291,841.74833865883
5292,878.61562549617
5293,866.8643305724501
5294,909.81974427514
5295,832.71576690183
5296,640.35585659663
5297,552.38887137579
5298,391.14073225981
5299,152.18212948160001
5300,1.60182501826
5301,
5302,
5303,
5304,
5305,
5306,
5307,
5308,
5309,
5310,
5311,77.54127780291
5312,267.56286156906
5313,480.63279129605
5314,707.27360190533
5315,841.74833865883
5316,878.61562549617
5317,866.8643305724501
5318,909.81974427514
5319,832.71576690183
5320,640.35585659663
5321,552.38887137579
5322,391.14073225981
5323,152.18212948160001
5324,1.60182501826
5325,
5326,
5327,
5328,
5329,
5330,
5331,
5332,
5333,
5334,77.69010956949
5335,276.25201348018
5336,263.13696805855
5337,356.07785830981
5338,638.18244000411
5339,791.01015930379
5340,1012.38826210195
5341,436.12851875607
5342,670.47080552376
5343,586.66818060628
5344,547.45795703211
5345,156.46144947144
5346,198.82985149431
5347,34.76423436263
5348,20.61772254782
5349,1.59431290133
5350,
5351,
5352,
5353,
5354,
5355,
5356,
5357,
5358,
5359,77.54127780291
5360,267.56286156906
5361,480.63279129605
5362,707.27360190533
5363,841.74833865883
5364,878.61562549617
5365,866.8643305724501
5366,909.81974427514
5367,832.71576690183
5368,640.35585659663
5369,552.38887137579
5370,391.14073225981
5371,152.18212948160001
5372,1.60182501826
5373,
5374,
5375,
5376,
5377,
5378,
5379,
5380,
5381,
5382,93.43676893079001
5383,207.31657643408002
5384,462.58600642430997
5385,775.1706410430401
5386,1055.24849210485
5387,1344.23189043302
5388,639.98927586946
5389,521.75069328166
5390,302.05074211135
5391,645.88860511254
5392,682.90638222219
5393,590.18112403329
5394,508.70578831369
5395,378.45208324954
5396,139.31384468448
5397,3.25954449939
5398,
5399,
5400,
5401,
5402,
5403,
5404,
5405,
5406,77.69010956949
5407,276.25201348018
5408,263.13696805855
5409,356.07785830981
5410,638.18244000411
5411,791.01015930379
5412,1012.38826210195
5413,436.12851875607
5414,670.47080552376
5415,586.66818060628
5416,547.45795703211
5417,156.46144947144
5418,198.82985149431
5419,34.76423436263
5420,20.61772254782
5421,1.59431290133
5422,
5423,
5424,
5425,
5426,
5427,
5428,
5429,
5430,
5431,77.54127780291
5432,267.56286156906
5433,480.63279129605
5434,707.27360190533
5435,841.74833865883
5436,878.61562549617
5437,866.8643305724501
5438,909.81974427514
5439,832.71576690183
5440,640.35585659663
5441,552.38887137579
5442,391.14073225981
5443,152.18212948160001
5444,1.60182501826
5445,
5446,
5447,
5448,
5449,
5450,
5451,
5452,
5453,
5454,73.1179213751
5455,237.77720273448
5456,396.90438305335
5457,582.31560902715
5458,718.85724096558
5459,785.79507698211
5460,854.8798071255
5461,888.09346476498
5462,893.10245066325
5463,852.3279058578901
5464,740.9202340209799
5465,600.87912171545
5466,435.2688857454
5467,261.33868534552
5468,89.00960277356
5469,1.61121516441
5470,
5471,
5472,
5473,
5474,
5475,
5476,
5477,
5478,77.69010956949
5479,276.25201348018
5480,263.13696805855
5481,356.07785830981
5482,638.18244000411
5483,791.01015930379
5484,1012.38826210195
5485,436.12851875607
5486,670.47080552376
5487,586.66818060628
5488,547.45795703211
5489,156.46144947144
5490,198.82985149431
5491,34.76423436263
5492,20.61772254782
5493,1.59431290133
5494,
5495,
5496,
5497,
5498,
5499,
5500,
5501,
5502,77.69010956949
5503,276.25201348018
5504,263.13696805855
5505,356.07785830981
5506,638.18244000411
5507,791.01015930379
5508,1012.38826210195
5509,436.12851875607
5510,670.47080552376
5511,586.66818060628
5512,547.45795703211
5513,156.46144947144
5514,198.82985149431
5515,34.76423436263
5516,20.61772254782
5517,1.59431290133
5518,
5519,
5520,
5521,
5522,
5523,
5524,
5525,
5526,77.69010956949
5527,276.25201348018
5528,263.13696805855
5529,356.07785830981
5530,638.18244000411
5531,791.01015930379
5532,1012.38826210195
5533,436.12851875607
5534,670.47080552376
5535,586.66818060628
5536,547.45795703211
5537,156.46144947144
5538,198.82985149431
5539,34.76423436263
5540,20.61772254782
5541,1.59431290133
5542,
5543,
5544,
5545,
5546,
5547,
5548,
5549,
5550,77.69010956949
5551,276.25201348018
5552,263.13696805855
5553,356.07785830981
5554,638.18244000411
5555,791.01015930379
5556,1012.38826210195
5557,436.12851875607
5558,670.47080552376
5559,586.66818060628
5560,547.45795703211
5561,156.46144947144
5562,198.82985149431
5563,34.76423436263
5564,20.61772254782
5565,1.59431290133
5566,
5567,
5568,
5569,
5570,
5571,
5572,
5573,
5574,
5575,77.54127780291
5576,267.56286156906
5577,480.63279129605
5578,707.27360190533
5579,841.74833865883
5580,878.61562549617
5581,866.8643305724501
5582,909.81974427514
5583,832.71576690183
5584,640.35585659663
5585,552.38887137579
5586,391.14073225981
5587,152.18212948160001
5588,1.60182501826
5589,
5590,
5591,
5592,
5593,
5594,
5595,
5596,
5597,
5598,73.1179213751
5599,237.77720273448
5600,396.90438305335
5601,582.31560902715
5602,718.85724096558
5603,785.79507698211
5604,854.8798071255
5605,888.09346476498
5606,893.10245066325
5607,852.3279058578901
5608,740.9202340209799
5609,600.87912171545
5610,435.2688857454
5611,261.33868534552
5612,89.00960277356
5613,1.61121516441
5614,
5615,
5616,
5617,
5618,
5619,
5620,
5621,
5622,
5623,51.58227428995
5624,187.92945197082
5625,359.60106391557
5626,441.39615063939
5627,574.37515011275
5628,595.4725504799
5629,705.8020690818
5630,838.64998631533
5631,858.99310697285
5632,798.13903978452
5633,641.7954803361899
5634,441.95137808571
5635,189.76313022344002
5636,4.97034808282
5637,
5638,
5639,
5640,
5641,
5642,
5643,
5644,
5645,
5646,
5647,77.54127780291
5648,267.56286156906
5649,480.63279129605
5650,707.27360190533
5651,841.74833865883
5652,878.61562549617
5653,866.8643305724501
5654,909.81974427514
5655,832.71576690183
5656,640.35585659663
5657,552.38887137579
5658,391.14073225981
5659,152.18212948160001
5660,1.60182501826
5661,
5662,
5663,
5664,
5665,
5666,
5667,
5668,
5669,
5670,
5671,77.54127780291
5672,267.56286156906
5673,480.63279129605
5674,707.27360190533
5675,841.74833865883
5676,878.61562549617
5677,866.8643305724501
5678,909.81974427514
5679,832.71576690183
5680,640.35585659663
5681,552.38887137579
5682,391.14073225981
5683,152.18212948160001
5684,1.60182501826
5685,
5686,
5687,
5688,
5689,
5690,
5691,
5692,
5693,
5694,73.1179213751
5695,237.77720273448
5696,396.90438305335
5697,582.31560902715
5698,718.85724096558
5699,785.79507698211
5700,854.8798071255
5701,888.09346476498
5702,893.10245066325
5703,852.3279058578901
5704,740.9202340209799
5705,600.87912171545
5706,435.2688857454
5707,261.33868534552
5708,89.00960277356
5709,1.61121516441
5710,
5711,
5712,
5713,
5714,
5715,
5716,
5717,
5718,
5719,77.54127780291
5720,267.56286156906
5721,480.63279129605
5722,707.27360190533
5723,841.74833865883
5724,878.61562549617
5725,866.8643305724501
5726,909.81974427514
5727,832.71576690183
5728,640.35585659663
5729,552.38887137579
5730,391.14073225981
5731,152.18212948160001
5732,1.60182501826
5733,
5734,
5735,
5736,
5737,
5738,
5739,
5740,
5741,
5742,
5743,77.54127780291
5744,267.56286156906
5745,480.63279129605
5746,707.27360190533
5747,841.74833865883
5748,878.61562549617
5749,866.8643305724501
5750,909.81974427514
5751,832.71576690183
5752,640.35585659663
5753,552.38887137579
5754,391.14073225981
5755,152.18212948160001
5756,1.60182501826
5757,
5758,
5759,
5760,
5761,
5762,
5763,
5764,
5765,
5766,
5767,51.58227428995
5768,187.92945197082
5769,359.60106391557
5770,441.39615063939
5771,574.37515011275
5772,595.4725504799
5773,705.8020690818
5774,838.64998631533
5775,858.99310697285
5776,798.13903978452
5777,641.7954803361899
5778,441.95137808571
5779,189.76313022344002
5780,4.97034808282
5781,
5782,
5783,
5784,
5785,
5786,
5787,
5788,
5789,
5790,
5791,77.54127780291
5792,267.56286156906
5793,480.63279129605
5794,707.27360190533
5795,841.74833865883
5796,878.61562549617
5797,866.8643305724501
5798,909.81974427514
5799,832.71576690183
5800,640.35585659663
5801,552.38887137579
5802,391.14073225981
5803,152.18212948160001
5804,1.60182501826
5805,
5806,
5807,
5808,
5809,
5810,
5811,
5812,
5813,
5814,
5815,77.54127780291
5816,267.56286156906
5817,480.63279129605
5818,707.27360190533
5819,841.74833865883
5820,878.61562549617
5821,866.8643305724501
5822,909.81974427514
5823,832.71576690183
5824,640.35585659663
5825,552.38887137579
5826,391.14073225981
5827,152.18212948160001
5828,1.60182501826
5829,
5830,
5831,
5832,
5833,
5834,
5835,
5836,
5837,
5838,
5839,77.54127780291
5840,267.56286156906
5841,480.63279129605
5842,707.27360190533
5843,841.74833865883
5844,878.61562549617
5845,866.8643305724501
5846,909.81974427514
5847,832.71576690183
5848,640.35585659663
5849,552.38887137579
5850,391.14073225981
5851,152.18212948160001
5852,1.60182501826
5853,
5854,
5855,
5856,
5857,
5858,
5859,
5860,
5861,
5862,73.1179213751
5863,237.77720273448
5864,396.90438305335
5865,582.31560902715
5866,718.85724096558
5867,785.79507698211
5868,854.8798071255
5869,888.09346476498
5870,893.10245066325
5871,852.3279058578901
5872,740.9202340209799
5873,600.87912171545
5874,435.2688857454
5875,261.33868534552
5876,89.00960277356
5877,1.61121516441
5878,
5879,
5880,
5881,
5882,
5883,
5884,
5885,
5886,
5887,77.54127780291
5888,267.56286156906
5889,480.63279129605
5890,707.27360190533
5891,841.74833865883
5892,878.61562549617
5893,866.8643305724501
5894,909.81974427514
5895,832.71576690183
5896,640.35585659663
5897,552.38887137579
5898,391.14073225981
5899,152.18212948160001
5900,1.60182501826
5901,
5902,
5903,
5904,
5905,
5906,
5907,
5908,
5909,
5910,
5911,77.54127780291
5912,267.56286156906
5913,480.63279129605
5914,707.27360190533
5915,841.74833865883
5916,878.61562549617
5917,866.8643305724501
5918,909.81974427514
5919,832.71576690183
5920,640.35585659663
5921,552.38887137579
5922,391.14073225981
5923,152.18212948160001
5924,1.60182501826
5925,
5926,
5927,
5928,
5929,
5930,
5931,
5932,
5933,
5934,73.1179213751
5935,237.77720273448
5936,396.90438305335
5937,582.31560902715
5938,718.85724096558
5939,785.79507698211
5940,854.8798071255
5941,888.09346476498
5942,893.10245066325
5943,852.3279058578901
5944,740.9202340209799
5945,600.87912171545
5946,435.2688857454
5947,261.33868534552
5948,89.00960277356
5949,1.61121516441
5950,
5951,
5952,
5953,
5954,
5955,
5956,
5957,
5958,
5959,77.54127780291
5960,267.56286156906
5961,480.63279129605
5962,707.27360190533
5963,841.74833865883
5964,878.61562549617
5965,866.8643305724501
5966,909.81974427514
5967,832.71576690183
5968,640.35585659663
5969,552.38887137579
5970,391.14073225981
5971,152.18212948160001
5972,1.60182501826
5973,
5974,
5975,
5976,
5977,
5978,
5979,
5980,
5981,
5982,
5983,51.58227428995
5984,187.92945197082
5985,359.60106391557
5986,441.39615063939
5987,574.37515011275
5988,595.4725504799
5989,705.8020690818
5990,838.64998631533
5991,858.99310697285
5992,798.13903978452
5993,641.7954803361899
5994,441.95137808571
5995,189.76313022344002
5996,4.97034808282
5997,
5998,
5999,
6000,
6001,
6002,
6003,
6004,
6005,
6006,
6007,51.58227428995
6008,187.92945197082
6009,359.60106391557
6010,441.39615063939
6011,574.37515011275
6012,595.4725504799
6013,705.8020690818
6014,838.64998631533
6015,858.99310697285
6016,798.13903978452
6017,641.7954803361899
6018,441.95137808571
6019,189.76313022344002
6020,4.97034808282
6021,
6022,
6023,
6024,
6025,
6026,
6027,
6028,
6029,
6030,93.43676893079001
6031,207.31657643408002
6032,462.58600642430997
6033,775.1706410430401
6034,1055.24849210485
6035,1344.23189043302
6036,639.98927586946
6037,521.75069328166
6038,302.05074211135
6039,645.88860511254
6040,682.90638222219
6041,590.18112403329
6042,508.70578831369
6043,378.45208324954
6044,139.31384468448
6045,3.25954449939
6046,
6047,
6048,
6049,
6050,
6051,
6052,
6053,
6054,93.43676893079001
6055,207.31657643408002
6056,462.58600642430997
6057,775.1706410430401
6058,1055.24849210485
6059,1344.23189043302
6060,639.98927586946
6061,521.75069328166
6062,302.05074211135
6063,645.88860511254
6064,682.90638222219
6065,590.18112403329
6066,508.70578831369
6067,378.45208324954
6068,139.31384468448
6069,3.25954449939
6070,
6071,
6072,
6073,
6074,
6075,
6076,
6077,
6078,
6079,
6080,76.03153684231
6081,217.32962573774
6082,316.21111162672
6083,413.39080928972
6084,469.41731458717
6085,438.01402710067
6086,378.91304465168
6087,351.55645804585
6088,238.90231046847998
6089,114.01540534562
6090,6.51354659853
6091,
6092,
6093,
6094,
6095,
6096,
6097,
6098,
6099,
6100,
6101,
6102,93.43676893079001
6103,207.31657643408002
6104,462.58600642430997
6105,775.1706410430401
6106,1055.24849210485
6107,1344.23189043302
6108,639.98927586946
6109,521.75069328166
6110,302.05074211135
6111,645.88860511254
6112,682.90638222219
6113,590.18112403329
6114,508.70578831369
6115,378.45208324954
6116,139.31384468448
6117,3.25954449939
6118,
6119,
6120,
6121,
6122,
6123,
6124,
6125,
6126,
6127,
6128,76.03153684231
6129,217.32962573774
6130,316.21111162672
6131,413.39080928972
6132,469.41731458717
6133,438.01402710067
6134,378.91304465168
6135,351.55645804585
6136,238.90231046847998
6137,114.01540534562
6138,6.51354659853
6139,
6140,
6141,
6142,
6143,
6144,
6145,
6146,
6147,
6148,
6149,
6150,
6151,77.54127780291
6152,267.56286156906
6153,480.63279129605
6154,707.27360190533
6155,841.74833865883
6156,878.61562549617
6157,866.8643305724501
6158,909.81974427514
6159,832.71576690183
6160,640.35585659663
6161,552.38887137579
6162,391.14073225981
6163,152.18212948160001
6164,1.60182501826
6165,
6166,
6167,
6168,
6169,
6170,
6171,
6172,
6173,
6174,93.43676893079001
6175,207.31657643408002
6176,462.58600642430997
6177,775.1706410430401
6178,1055.24849210485
6179,1344.23189043302
6180,639.98927586946
6181,521.75069328166
6182,302.05074211135
6183,645.88860511254
6184,682.90638222219
6185,590.18112403329
6186,508.70578831369
6187,378.45208324954
6188,139.31384468448
6189,3.25954449939
6190,
6191,
6192,
6193,
6194,
6195,
6196,
6197,
6198,
6199,51.58227428995
6200,187.92945197082
6201,359.60106391557
6202,441.39615063939
6203,574.37515011275
6204,595.4725504799
6205,705.8020690818
6206,838.64998631533
6207,858.99310697285
6208,798.13903978452
6209,641.7954803361899
6210,441.95137808571
6211,189.76313022344002
6212,4.97034808282
6213,
6214,
6215,
6216,
6217,
6218,
6219,
6220,
6221,
6222,
6223,
6224,
6225,54.02350794955
6226,98.63337158393
6227,166.17343592768
6228,167.31058210397
6229,171.98446213692
6230,581.88133723115
6231,350.14706470619
6232,225.03977018975
6233,6.82158150117
6234,
6235,
6236,
6237,
6238,
6239,
6240,
6241,
6242,
6243,
6244,
6245,
6246,93.43676893079001
6247,207.31657643408002
6248,462.58600642430997
6249,775.1706410430401
6250,1055.24849210485
6251,1344.23189043302
6252,639.98927586946
6253,521.75069328166
6254,302.05074211135
6255,645.88860511254
6256,682.90638222219
6257,590.18112403329
6258,508.70578831369
6259,378.45208324954
6260,139.31384468448
6261,3.25954449939
6262,
6263,
6264,
6265,
6266,
6267,
6268,
6269,
6270,93.43676893079001
6271,207.31657643408002
6272,462.58600642430997
6273,775.1706410430401
6274,1055.24849210485
6275,1344.23189043302
6276,639.98927586946
6277,521.75069328166
6278,302.05074211135
6279,645.88860511254
6280,682.90638222219
6281,590.18112403329
6282,508.70578831369
6283,378.45208324954
6284,139.31384468448
6285,3.25954449939
6286,
6287,
6288,
6289,
6290,
6291,
6292,
6293,
6294,93.43676893079001
6295,207.31657643408002
6296,462.58600642430997
6297,775.1706410430401
6298,1055.24849210485
6299,1344.23189043302
6300,639.98927586946
6301,521.75069328166
6302,302.05074211135
6303,645.88860511254
6304,682.90638222219
6305,590.18112403329
6306,508.70578831369
6307,378.45208324954
6308,139.31384468448
6309,3.25954449939
6310,
6311,
6312,
6313,
6314,
6315,
6316,
6317,
6318,93.43676893079001
6319,207.31657643408002
6320,462.58600642430997
6321,775.1706410430401
6322,1055.24849210485
6323,1344.23189043302
6324,639.98927586946
6325,521.75069328166
6326,302.05074211135
6327,645.88860511254
6328,682.90638222219
6329,590.18112403329
6330,508.70578831369
6331,378.45208324954
6332,139.31384468448
6333,3.25954449939
6334,
6335,
6336,
6337,
6338,
6339,
6340,
6341,
6342,93.43676893079001
6343,207.31657643408002
6344,462.58600642430997
6345,775.1706410430401
6346,1055.24849210485
6347,1344.23189043302
6348,639.98927586946
6349,521.75069328166
6350,302.05074211135
6351,645.88860511254
6352,682.90638222219
6353,590.18112403329
6354,508.70578831369
6355,378.45208324954
6356,139.31384468448
6357,3.25954449939
6358,
6359,
6360,
6361,
6362,
6363,
6364,
6365,
6366,
6367,51.58227428995
6368,187.92945197082
6369,359.60106391557
6370,441.39615063939
6371,574.37515011275
6372,595.4725504799
6373,705.8020690818
6374,838.64998631533
6375,858.99310697285
6376,798.13903978452
6377,641.7954803361899
6378,441.95137808571
6379,189.76313022344002
6380,4.97034808282
6381,
6382,
6383,
6384,
6385,
6386,
6387,
6388,
6389,
6390,
6391,51.58227428995
6392,187.92945197082
6393,359.60106391557
6394,441.39615063939
6395,574.37515011275
6396,595.4725504799
6397,705.8020690818
6398,838.64998631533
6399,858.99310697285
6400,798.13903978452
6401,641.7954803361899
6402,441.95137808571
6403,189.76313022344002
6404,4.97034808282
6405,
6406,
6407,
6408,
6409,
6410,
6411,
6412,
6413,
6414,93.43676893079001
6415,207.31657643408002
6416,462.58600642430997
6417,775.1706410430401
6418,1055.24849210485
6419,1344.23189043302
6420,639.98927586946
6421,521.75069328166
6422,302.05074211135
6423,645.88860511254
6424,682.90638222219
6425,590.18112403329
6426,508.70578831369
6427,378.45208324954
6428,139.31384468448
6429,3.25954449939
6430,
6431,
6432,
6433,
6434,
6435,
6436,
6437,
6438,93.43676893079001
6439,207.31657643408002
6440,462.58600642430997
6441,775.1706410430401
6442,1055.24849210485
6443,1344.23189043302
6444,639.98927586946
6445,521.75069328166
6446,302.05074211135
6447,645.88860511254
6448,682.90638222219
6449,590.18112403329
6450,508.70578831369
6451,378.45208324954
6452,139.31384468448
6453,3.25954449939
6454,
6455,
6456,
6457,
6458,
6459,
6460,
6461,
6462,5.07740457864
6463,179.15313484107
6464,414.31138987084
6465,650.67221026065
6466,836.12728513165
6467,991.88003430026
6468,1098.38833304237
6469,1118.25935095337
6470,1113.38349269276
6471,1031.11068689316
6472,892.27611914925
6473,693.76054250824
6474,480.63420845734
6475,249.12926476481
6476,24.31847309815
6477,
6478,
6479,
6480,
6481,
6482,
6483,
6484,
6485,
6486,5.07740457864
6487,179.15313484107
6488,414.31138987084
6489,650.67221026065
6490,836.12728513165
6491,991.88003430026
6492,1098.38833304237
6493,1118.25935095337
6494,1113.38349269276
6495,1031.11068689316
6496,892.27611914925
6497,693.76054250824
6498,480.63420845734
6499,249.12926476481
6500,24.31847309815
6501,
6502,
6503,
6504,
6505,
6506,
6507,
6508,
6509,
6510,
6511,51.58227428995
6512,187.92945197082
6513,359.60106391557
6514,441.39615063939
6515,574.37515011275
6516,595.4725504799
6517,705.8020690818
6518,838.64998631533
6519,858.99310697285
6520,798.13903978452
6521,641.7954803361899
6522,441.95137808571
6523,189.76313022344002
6524,4.97034808282
6525,
6526,
6527,
6528,
6529,
6530,
6531,
6532,
6533,
6534,5.07740457864
6535,179.15313484107
6536,414.31138987084
6537,650.67221026065
6538,836.12728513165
6539,991.88003430026
6540,1098.38833304237
6541,1118.25935095337
6542,1113.38349269276
6543,1031.11068689316
6544,892.27611914925
6545,693.76054250824
6546,480.63420845734
6547,249.12926476481
6548,24.31847309815
6549,
6550,
6551,
6552,
6553,
6554,
6555,
6556,
6557,
6558,
6559,
6560,76.03153684231
6561,217.32962573774
6562,316.21111162672
6563,413.39080928972
6564,469.41731458717
6565,438.01402710067
6566,378.91304465168
6567,351.55645804585
6568,238.90231046847998
6569,114.01540534562
6570,6.51354659853
6571,
6572,
6573,
6574,
6575,
6576,
6577,
6578,
6579,
6580,
6581,
6582,
6583,1.76896961973
6584,127.30085139073
6585,310.60234763023
6586,518.37521732948
6587,643.60264189673
6588,729.49455209573
6589,782.87662797808
6590,746.779068687
6591,662.32277599614
6592,497.94586665623
6593,325.95839346952
6594,144.53920396595
6595,5.12529827416
6596,
6597,
6598,
6599,
6600,
6601,
6602,
6603,
6604,
6605,
6606,
6607,1.76896961973
6608,127.30085139073
6609,310.60234763023
6610,518.37521732948
6611,643.60264189673
6612,729.49455209573
6613,782.87662797808
6614,746.779068687
6615,662.32277599614
6616,497.94586665623
6617,325.95839346952
6618,144.53920396595
6619,5.12529827416
6620,
6621,
6622,
6623,
6624,
6625,
6626,
6627,
6628,
6629,
6630,
6631,1.76896961973
6632,127.30085139073
6633,310.60234763023
6634,518.37521732948
6635,643.60264189673
6636,729.49455209573
6637,782.87662797808
6638,746.779068687
6639,662.32277599614
6640,497.94586665623
6641,325.95839346952
6642,144.53920396595
6643,5.12529827416
6644,
6645,
6646,
6647,
6648,
6649,
6650,
6651,
6652,
6653,
6654,
6655,
6656,76.03153684231
6657,217.32962573774
6658,316.21111162672
6659,413.39080928972
6660,469.41731458717
6661,438.01402710067
6662,378.91304465168
6663,351.55645804585
6664,238.90231046847998
6665,114.01540534562
6666,6.51354659853
6667,
6668,
6669,
6670,
6671,
6672,
6673,
6674,
6675,
6676,
6677,
6678,
6679,
6680,76.03153684231
6681,217.32962573774
6682,316.21111162672
6683,413.39080928972
6684,469.41731458717
6685,438.01402710067
6686,378.91304465168
6687,351.55645804585
6688,238.90231046847998
6689,114.01540534562
6690,6.51354659853
6691,
6692,
6693,
6694,
6695,
6696,
6697,
6698,
6699,
6700,
6701,
6702,
6703,
6704,76.03153684231
6705,217.32962573774
6706,316.21111162672
6707,413.39080928972
6708,469.41731458717
6709,438.01402710067
6710,378.91304465168
6711,351.55645804585
6712,238.90231046847998
6713,114.01540534562
6714,6.51354659853
6715,
6716,
6717,
6718,
6719,
6720,
6721,
6722,
6723,
6724,
6725,
6726,
6727,
6728,76.03153684231
6729,217.32962573774
6730,316.21111162672
6731,413.39080928972
6732,469.41731458717
6733,438.01402710067
6734,378.91304465168
6735,351.55645804585
6736,238.90231046847998
6737,114.01540534562
6738,6.51354659853
6739,
6740,
6741,
6742,
6743,
6744,
6745,
6746,
6747,
6748,
6749,
6750,
6751,51.58227428995
6752,187.92945197082
6753,359.60106391557
6754,441.39615063939
6755,574.37515011275
6756,595.4725504799
6757,705.8020690818
6758,838.64998631533
6759,858.99310697285
6760,798.13903978452
6761,641.7954803361899
6762,441.95137808571
6763,189.76313022344002
6764,4.97034808282
6765,
6766,
6767,
6768,
6769,
6770,
6771,
6772,
6773,
6774,
6775,51.58227428995
6776,187.92945197082
6777,359.60106391557
6778,441.39615063939
6779,574.37515011275
6780,595.4725504799
6781,705.8020690818
6782,838.64998631533
6783,858.99310697285
6784,798.13903978452
6785,641.7954803361899
6786,441.95137808571
6787,189.76313022344002
6788,4.97034808282
6789,
6790,
6791,
6792,
6793,
6794,
6795,
6796,
6797,
6798,
6799,51.58227428995
6800,187.92945197082
6801,359.60106391557
6802,441.39615063939
6803,574.37515011275
6804,595.4725504799
6805,705.8020690818
6806,838.64998631533
6807,858.99310697285
6808,798.13903978452
6809,641.7954803361899
6810,441.95137808571
6811,189.76313022344002
6812,4.97034808282
6813,
6814,
6815,
6816,
6817,
6818,
6819,
6820,
6821,
6822,93.43676893079001
6823,207.31657643408002
6824,462.58600642430997
6825,775.1706410430401
6826,1055.24849210485
6827,1344.23189043302
6828,639.98927586946
6829,521.75069328166
6830,302.05074211135
6831,645.88860511254
6832,682.90638222219
6833,590.18112403329
6834,508.70578831369
6835,378.45208324954
6836,139.31384468448
6837,3.25954449939
6838,
6839,
6840,
6841,
6842,
6843,
6844,
6845,
6846,93.43676893079001
6847,207.31657643408002
6848,462.58600642430997
6849,775.1706410430401
6850,1055.24849210485
6851,1344.23189043302
6852,639.98927586946
6853,521.75069328166
6854,302.05074211135
6855,645.88860511254
6856,682.90638222219
6857,590.18112403329
6858,508.70578831369
6859,378.45208324954
6860,139.31384468448
6861,3.25954449939
6862,
6863,
6864,
6865,
6866,
6867,
6868,
6869,
6870,93.43676893079001
6871,207.31657643408002
6872,462.58600642430997
6873,775.1706410430401
6874,1055.24849210485
6875,1344.23189043302
6876,639.98927586946
6877,521.75069328166
6878,302.05074211135
6879,645.88860511254
6880,682.90638222219
6881,590.18112403329
6882,508.70578831369
6883,378.45208324954
6884,139.31384468448
6885,3.25954449939
6886,
6887,
6888,
6889,
6890,
6891,
6892,
6893,
6894,
6895,
6896,76.03153684231
6897,217.32962573774
6898,316.21111162672
6899,413.39080928972
6900,469.41731458717
6901,438.01402710067
6902,378.91304465168
6903,351.55645804585
6904,238.90231046847998
6905,114.01540534562
6906,6.51354659853
6907,
6908,
6909,
6910,
6911,
6912,
6913,
6914,
6915,
6916,
6917,
6918,
6919,1.76896961973
6920,127.30085139073
6921,310.60234763023
6922,518.37521732948
6923,643.60264189673
6924,729.49455209573
6925,782.87662797808
6926,746.779068687
6927,662.32277599614
6928,497.94586665623
6929,325.95839346952
6930,144.53920396595
6931,5.12529827416
6932,
6933,
6934,
6935,
6936,
6937,
6938,
6939,
6940,
6941,
6942,
6943,1.76896961973
6944,127.30085139073
6945,310.60234763023
6946,518.37521732948
6947,643.60264189673
6948,729.49455209573
6949,782.87662797808
6950,746.779068687
6951,662.32277599614
6952,497.94586665623
6953,325.95839346952
6954,144.53920396595
6955,5.12529827416
6956,
6957,
6958,
6959,
6960,
6961,
6962,
6963,
6964,
6965,
6966,
6967,
6968,76.03153684231
6969,217.32962573774
6970,316.21111162672
6971,413.39080928972
6972,469.41731458717
6973,438.01402710067
6974,378.91304465168
6975,351.55645804585
6976,238.90231046847998
6977,114.01540534562
6978,6.51354659853
6979,
6980,
6981,
6982,
6983,
6984,
6985,
6986,
6987,
6988,
6989,
6990,
6991,1.76896961973
6992,127.30085139073
6993,310.60234763023
6994,518.37521732948
6995,643.60264189673
6996,729.49455209573
6997,782.87662797808
6998,746.779068687
6999,662.32277599614
7000,497.94586665623
7001,325.95839346952
7002,144.53920396595
7003,5.12529827416
7004,
7005,
7006,
7007,
7008,
7009,
7010,
7011,
7012,
7013,
7014,93.43676893079001
7015,207.31657643408002
7016,462.58600642430997
7017,775.1706410430401
7018,1055.24849210485
7019,1344.23189043302
7020,639.98927586946
7021,521.75069328166
7022,302.05074211135
7023,645.88860511254
7024,682.90638222219
7025,590.18112403329
7026,508.70578831369
7027,378.45208324954
7028,139.31384468448
7029,3.25954449939
7030,
7031,
7032,
7033,
7034,
7035,
7036,
7037,
7038,93.43676893079001
7039,207.31657643408002
7040,462.58600642430997
7041,775.1706410430401
7042,1055.24849210485
7043,1344.23189043302
7044,639.98927586946
7045,521.75069328166
7046,302.05074211135
7047,645.88860511254
7048,682.90638222219
7049,590.18112403329
7050,508.70578831369
7051,378.45208324954
7052,139.31384468448
7053,3.25954449939
7054,
7055,
7056,
7057,
7058,
7059,
7060,
7061,
7062,
7063,
7064,76.03153684231
7065,217.32962573774
7066,316.21111162672
7067,413.39080928972
7068,469.41731458717
7069,438.01402710067
7070,378.91304465168
7071,351.55645804585
7072,238.90231046847998
7073,114.01540534562
7074,6.51354659853
7075,
7076,
7077,
7078,
7079,
7080,
7081,
7082,
7083,
7084,
7085,
7086,
7087,
7088,76.03153684231
7089,217.32962573774
7090,316.21111162672
7091,413.39080928972
7092,469.41731458717
7093,438.01402710067
7094,378.91304465168
7095,351.55645804585
7096,238.90231046847998
7097,114.01540534562
7098,6.51354659853
7099,
7100,
7101,
7102,
7103,
7104,
7105,
7106,
7107,
7108,
7109,
7110,
7111,
7112,76.03153684231
7113,217.32962573774
7114,316.21111162672
7115,413.39080928972
7116,469.41731458717
7117,438.01402710067
7118,378.91304465168
7119,351.55645804585
7120,238.90231046847998
7121,114.01540534562
7122,6.51354659853
7123,
7124,
7125,
7126,
7127,
7128,
7129,
7130,
7131,
7132,
7133,
7134,
7135,
7136,76.03153684231
7137,217.32962573774
7138,316.21111162672
7139,413.39080928972
7140,469.41731458717
7141,438.01402710067
7142,378.91304465168
7143,351.55645804585
7144,238.90231046847998
7145,114.01540534562
7146,6.51354659853
7147,
7148,
7149,
7150,
7151,
7152,
7153,
7154,
7155,
7156,
7157,
7158,
7159,1.76896961973
7160,127.30085139073
7161,310.60234763023
7162,518.37521732948
7163,643.60264189673
7164,729.49455209573
7165,782.87662797808
7166,746.779068687
7167,662.32277599614
7168,497.94586665623
7169,325.95839346952
7170,144.53920396595
7171,5.12529827416
7172,
7173,
7174,
7175,
7176,
7177,
7178,
7179,
7180,
7181,
7182,
7183,1.76896961973
7184,127.30085139073
7185,310.60234763023
7186,518.37521732948
7187,643.60264189673
7188,729.49455209573
7189,782.87662797808
7190,746.779068687
7191,662.32277599614
7192,497.94586665623
7193,325.95839346952
7194,144.53920396595
7195,5.12529827416
7196,
7197,
7198,
7199,
7200,
7201,
7202,
7203,
7204,
7205,
7206,
7207,
7208,
7209,54.02350794955
7210,98.63337158393
7211,166.17343592768
7212,167.31058210397
7213,171.98446213692
7214,581.88133723115
7215,350.14706470619
7216,225.03977018975
7217,6.82158150117
7218,
7219,
7220,
7221,
7222,
7223,
7224,
7225,
7226,
7227,
7228,
7229,
7230,
7231,1.76896961973
7232,127.30085139073
7233,310.60234763023
7234,518.37521732948
7235,643.60264189673
7236,729.49455209573
7237,782.87662797808
7238,746.779068687
7239,662.32277599614
7240,497.94586665623
7241,325.95839346952
7242,144.53920396595
7243,5.12529827416
7244,
7245,
7246,
7247,
7248,
7249,
7250,
7251,
7252,
7253,
7254,
7255,
7256,76.03153684231
7257,217.32962573774
7258,316.21111162672
7259,413.39080928972
7260,469.41731458717
7261,438.01402710067
7262,378.91304465168
7263,351.55645804585
7264,238.90231046847998
7265,114.01540534562
7266,6.51354659853
7267,
7268,
7269,
7270,
7271,
7272,
7273,
7274,
7275,
7276,
7277,
7278,
7279,
7280,76.03153684231
7281,217.32962573774
7282,316.21111162672
7283,413.39080928972
7284,469.41731458717
7285,438.01402710067
7286,378.91304465168
7287,351.55645804585
7288,238.90231046847998
7289,114.01540534562
7290,6.51354659853
7291,
7292,
7293,
7294,
7295,
7296,
7297,
7298,
7299,
7300,
7301,
7302,
7303,
7304,
7305,8.90623991479
7306,84.55446485848
7307,144.79195957495
7308,180.16228886063
7309,189.89229920863
7310,172.56662900169002
7311,126.40707271853
7312,67.9334427312
7313,3.51121079458
7314,
7315,
7316,
7317,
7318,
7319,
7320,
7321,
7322,
7323,
7324,
7325,
7326,
7327,
7328,
7329,8.90623991479
7330,84.55446485848
7331,144.79195957495
7332,180.16228886063
7333,189.89229920863
7334,172.56662900169002
7335,126.40707271853
7336,67.9334427312
7337,3.51121079458
7338,
7339,
7340,
7341,
7342,
7343,
7344,
7345,
7346,
7347,
7348,
7349,
7350,
7351,
7352,
7353,3.5055764745399998
7354,29.582001258680002
7355,58.7177467904
7356,72.14386874989
7357,75.31159342731
7358,63.28283896171
7359,49.6238721749
7360,32.57184924259
7361,3.44359895406
7362,
7363,
7364,
7365,
7366,
7367,
7368,
7369,
7370,
7371,
7372,
7373,
7374,
7375,
7376,
7377,8.90623991479
7378,84.55446485848
7379,144.79195957495
7380,180.16228886063
7381,189.89229920863
7382,172.56662900169002
7383,126.40707271853
7384,67.9334427312
7385,3.51121079458
7386,
7387,
7388,
7389,
7390,
7391,
7392,
7393,
7394,
7395,
7396,
7397,
7398,
7399,
7400,
7401,3.5055764745399998
7402,29.582001258680002
7403,58.7177467904
7404,72.14386874989
7405,75.31159342731
7406,63.28283896171
7407,49.6238721749
7408,32.57184924259
7409,3.44359895406
7410,
7411,
7412,
7413,
7414,
7415,
7416,
7417,
7418,
7419,
7420,
7421,
7422,
7423,
7424,
7425,3.5055764745399998
7426,29.582001258680002
7427,58.7177467904
7428,72.14386874989
7429,75.31159342731
7430,63.28283896171
7431,49.6238721749
7432,32.57184924259
7433,3.44359895406
7434,
7435,
7436,
7437,
7438,
7439,
7440,
7441,
7442,
7443,
7444,
7445,
7446,
7447,
7448,
7449,54.02350794955
7450,98.63337158393
7451,166.17343592768
7452,167.31058210397
7453,171.98446213692
7454,581.88133723115
7455,350.14706470619
7456,225.03977018975
7457,6.82158150117
7458,
7459,
7460,
7461,
7462,
7463,
7464,
7465,
7466,
7467,
7468,
7469,
7470,
7471,1.76896961973
7472,127.30085139073
7473,310.60234763023
7474,518.37521732948
7475,643.60264189673
7476,729.49455209573
7477,782.87662797808
7478,746.779068687
7479,662.32277599614
7480,497.94586665623
7481,325.95839346952
7482,144.53920396595
7483,5.12529827416
7484,
7485,
7486,
7487,
7488,
7489,
7490,
7491,
7492,
7493,
7494,
7495,1.76896961973
7496,127.30085139073
7497,310.60234763023
7498,518.37521732948
7499,643.60264189673
7500,729.49455209573
7501,782.87662797808
7502,746.779068687
7503,662.32277599614
7504,497.94586665623
7505,325.95839346952
7506,144.53920396595
7507,5.12529827416
7508,
7509,
7510,
7511,
7512,
7513,
7514,
7515,
7516,
7517,
7518,
7519,1.76896961973
7520,127.30085139073
7521,310.60234763023
7522,518.37521732948
7523,643.60264189673
7524,729.49455209573
7525,782.87662797808
7526,746.779068687
7527,662.32277599614
7528,497.94586665623
7529,325.95839346952
7530,144.53920396595
7531,5.12529827416
7532,
7533,
7534,
7535,
7536,
7537,
7538,
7539,
7540,
7541,
7542,
7543,
7544,76.03153684231
7545,217.32962573774
7546,316.21111162672
7547,413.39080928972
7548,469.41731458717
7549,438.01402710067
7550,378.91304465168
7551,351.55645804585
7552,238.90231046847998
7553,114.01540534562
7554,6.51354659853
7555,
7556,
7557,
7558,
7559,
7560,
7561,
7562,
7563,
7564,
7565,
7566,
7567,1.76896961973
7568,127.30085139073
7569,310.60234763023
7570,518.37521732948
7571,643.60264189673
7572,729.49455209573
7573,782.87662797808
7574,746.779068687
7575,662.32277599614
7576,497.94586665623
7577,325.95839346952
7578,144.53920396595
7579,5.12529827416
7580,
7581,
7582,
7583,
7584,
7585,
7586,
7587,
7588,
7589,
7590,
7591,1.76896961973
7592,127.30085139073
7593,310.60234763023
7594,518.37521732948
7595,643.60264189673
7596,729.49455209573
7597,782.87662797808
7598,746.779068687
7599,662.32277599614
7600,497.94586665623
7601,325.95839346952
7602,144.53920396595
7603,5.12529827416
7604,
7605,
7606,
7607,
7608,
7609,
7610,
7611,
7612,
7613,
7614,
7615,1.76896961973
7616,127.30085139073
7617,310.60234763023
7618,518.37521732948
7619,643.60264189673
7620,729.49455209573
7621,782.87662797808
7622,746.779068687
7623,662.32277599614
7624,497.94586665623
7625,325.95839346952
7626,144.53920396595
7627,5.12529827416
7628,
7629,
7630,
7631,
7632,
7633,
7634,
7635,
7636,
7637,
7638,
7639,
7640,
7641,54.02350794955
7642,98.63337158393
7643,166.17343592768
7644,167.31058210397
7645,171.98446213692
7646,581.88133723115
7647,350.14706470619
7648,225.03977018975
7649,6.82158150117
7650,
7651,
7652,
7653,
7654,
7655,
7656,
7657,
7658,
7659,
7660,
7661,
7662,
7663,
7664,
7665,54.02350794955
7666,98.63337158393
7667,166.17343592768
7668,167.31058210397
7669,171.98446213692
7670,581.88133723115
7671,350.14706470619
7672,225.03977018975
7673,6.82158150117
7674,
7675,
7676,
7677,
7678,
7679,
7680,
7681,
7682,
7683,
7684,
7685,
7686,
7687,
7688,
7689,54.02350794955
7690,98.63337158393
7691,166.17343592768
7692,167.31058210397
7693,171.98446213692
7694,581.88133723115
7695,350.14706470619
7696,225.03977018975
7697,6.82158150117
7698,
7699,
7700,
7701,
7702,
7703,
7704,
7705,
7706,
7707,
7708,
7709,
7710,
7711,
7712,
7713,54.02350794955
7714,98.63337158393
7715,166.17343592768
7716,167.31058210397
7717,171.98446213692
7718,581.88133723115
7719,350.14706470619
7720,225.03977018975
7721,6.82158150117
7722,
7723,
7724,
7725,
7726,
7727,
7728,
7729,
7730,
7731,
7732,
7733,
7734,
7735,
7736,
7737,54.02350794955
7738,98.63337158393
7739,166.17343592768
7740,167.31058210397
7741,171.98446213692
7742,581.88133723115
7743,350.14706470619
7744,225.03977018975
7745,6.82158150117
7746,
7747,
7748,
7749,
7750,
7751,
7752,
7753,
7754,
7755,
7756,
7757,
7758,
7759,1.76896961973
7760,127.30085139073
7761,310.60234763023
7762,518.37521732948
7763,643.60264189673
7764,729.49455209573
7765,782.87662797808
7766,746.779068687
7767,662.32277599614
7768,497.94586665623
7769,325.95839346952
7770,144.53920396595
7771,5.12529827416
7772,
7773,
7774,
7775,
7776,
7777,
7778,
7779,
7780,
7781,
7782,
7783,1.76896961973
7784,127.30085139073
7785,310.60234763023
7786,518.37521732948
7787,643.60264189673
7788,729.49455209573
7789,782.87662797808
7790,746.779068687
7791,662.32277599614
7792,497.94586665623
7793,325.95839346952
7794,144.53920396595
7795,5.12529827416
7796,
7797,
7798,
7799,
7800,
7801,
7802,
7803,
7804,
7805,
7806,
7807,
7808,
7809,3.5055764745399998
7810,29.582001258680002
7811,58.7177467904
7812,72.14386874989
7813,75.31159342731
7814,63.28283896171
7815,49.6238721749
7816,32.57184924259
7817,3.44359895406
7818,
7819,
7820,
7821,
7822,
7823,
7824,
7825,
7826,
7827,
7828,
7829,
7830,
7831,
7832,
7833,3.5055764745399998
7834,29.582001258680002
7835,58.7177467904
7836,72.14386874989
7837,75.31159342731
7838,63.28283896171
7839,49.6238721749
7840,32.57184924259
7841,3.44359895406
7842,
7843,
7844,
7845,
7846,
7847,
7848,
7849,
7850,
7851,
7852,
7853,
7854,
7855,
7856,
7857,3.5055764745399998
7858,29.582001258680002
7859,58.7177467904
7860,72.14386874989
7861,75.31159342731
7862,63.28283896171
7863,49.6238721749
7864,32.57184924259
7865,3.44359895406
7866,
7867,
7868,
7869,
7870,
7871,
7872,
7873,
7874,
7875,
7876,
7877,
7878,
7879,
7880,
7881,3.5055764745399998
7882,29.582001258680002
7883,58.7177467904
7884,72.14386874989
7885,75.31159342731
7886,63.28283896171
7887,49.6238721749
7888,32.57184924259
7889,3.44359895406
7890,
7891,
7892,
7893,
7894,
7895,
7896,
7897,
7898,
7899,
7900,
7901,
7902,
7903,
7904,
7905,70.68233790551
7906,186.29783449399
7907,313.13407820881
7908,409.33649719194
7909,421.59968663283
7910,410.25826894127
7911,355.98819028056
7912,283.94944454965
7913,139.7433908917
7914,5.1872783507
7915,
7916,
7917,
7918,
7919,
7920,
7921,
7922,
7923,
7924,
7925,
7926,
7927,
7928,
7929,8.90623991479
7930,84.55446485848
7931,144.79195957495
7932,180.16228886063
7933,189.89229920863
7934,172.56662900169002
7935,126.40707271853
7936,67.9334427312
7937,3.51121079458
7938,
7939,
7940,
7941,
7942,
7943,
7944,
7945,
7946,
7947,
7948,
7949,
7950,
7951,
7952,
7953,128.75973922874
7954,405.73878076929003
7955,534.10262072581
7956,579.2215070169
7957,477.39630497895
7958,502.28455347417
7959,239.85367467964
7960,170.54433778867002
7961,51.15059479567
7962,5.33095943724
7963,
7964,
7965,
7966,
7967,
7968,
7969,
7970,
7971,
7972,
7973,
7974,
7975,
7976,
7977,128.75973922874
7978,405.73878076929003
7979,534.10262072581
7980,579.2215070169
7981,477.39630497895
7982,502.28455347417
7983,239.85367467964
7984,170.54433778867002
7985,51.15059479567
7986,5.33095943724
7987,
7988,
7989,
7990,
7991,
7992,
7993,
7994,
7995,
7996,
7997,
7998,
7999,
8000,
8001,128.75973922874
8002,405.73878076929003
8003,534.10262072581
8004,579.2215070169
8005,477.39630497895
8006,502.28455347417
8007,239.85367467964
8008,170.54433778867002
8009,51.15059479567
8010,5.33095943724
8011,
8012,
8013,
8014,
8015,
8016,
8017,
8018,
8019,
8020,
8021,
8022,
8023,
8024,
8025,8.90623991479
8026,84.55446485848
8027,144.79195957495
8028,180.16228886063
8029,189.89229920863
8030,172.56662900169002
8031,126.40707271853
8032,67.9334427312
8033,3.51121079458
8034,
8035,
8036,
8037,
8038,
8039,
8040,
8041,
8042,
8043,
8044,
8045,
8046,
8047,
8048,
8049,128.75973922874
8050,405.73878076929003
8051,534.10262072581
8052,579.2215070169
8053,477.39630497895
8054,502.28455347417
8055,239.85367467964
8056,170.54433778867002
8057,51.15059479567
8058,5.33095943724
8059,
8060,
8061,
8062,
8063,
8064,
8065,
8066,
8067,
8068,
8069,
8070,
8071,
8072,
8073,8.90623991479
8074,84.55446485848
8075,144.79195957495
8076,180.16228886063
8077,189.89229920863
8078,172.56662900169002
8079,126.40707271853
8080,67.9334427312
8081,3.51121079458
8082,
8083,
8084,
8085,
8086,
8087,
8088,
8089,
8090,
8091,
8092,
8093,
8094,
8095,
8096,
8097,8.90623991479
8098,84.55446485848
8099,144.79195957495
8100,180.16228886063
8101,189.89229920863
8102,172.56662900169002
8103,126.40707271853
8104,67.9334427312
8105,3.51121079458
8106,
8107,
8108,
8109,
8110,
8111,
8112,
8113,
8114,
8115,
8116,
8117,
8118,
8119,
8120,
8121,128.75973922874
8122,405.73878076929003
8123,534.10262072581
8124,579.2215070169
8125,477.39630497895
8126,502.28455347417
8127,239.85367467964
8128,170.54433778867002
8129,51.15059479567
8130,5.33095943724
8131,
8132,
8133,
8134,
8135,
8136,
8137,
8138,
8139,
8140,
8141,
8142,
8143,
8144,
8145,128.75973922874
8146,405.73878076929003
8147,534.10262072581
8148,579.2215070169
8149,477.39630497895
8150,502.28455347417
8151,239.85367467964
8152,170.54433778867002
8153,51.15059479567
8154,5.33095943724
8155,
8156,
8157,
8158,
8159,
8160,
8161,
8162,
8163,
8164,
8165,
8166,
8167,
8168,
8169,8.90623991479
8170,84.55446485848
8171,144.79195957495
8172,180.16228886063
8173,189.89229920863
8174,172.56662900169002
8175,126.40707271853
8176,67.9334427312
8177,3.51121079458
8178,
8179,
8180,
8181,
8182,
8183,
8184,
8185,
8186,
8187,
8188,
8189,
8190,
8191,
8192,
8193,8.90623991479
8194,84.55446485848
8195,144.79195957495
8196,180.16228886063
8197,189.89229920863
8198,172.56662900169002
8199,126.40707271853
8200,67.9334427312
8201,3.51121079458
8202,
8203,
8204,
8205,
8206,
8207,
8208,
8209,
8210,
8211,
8212,
8213,
8214,
8215,
8216,
8217,8.90623991479
8218,84.55446485848
8219,144.79195957495
8220,180.16228886063
8221,189.89229920863
8222,172.56662900169002
8223,126.40707271853
8224,67.9334427312
8225,3.51121079458
8226,
8227,
8228,
8229,
8230,
8231,
8232,
8233,
8234,
8235,
8236,
8237,
8238,
8239,
8240,
8241,8.90623991479
8242,84.55446485848
8243,144.79195957495
8244,180.16228886063
8245,189.89229920863
8246,172.56662900169002
8247,126.40707271853
8248,67.9334427312
8249,3.51121079458
8250,
8251,
8252,
8253,
8254,
8255,
8256,
8257,
8258,
8259,
8260,
8261,
8262,
8263,
8264,
8265,128.75973922874
8266,405.73878076929003
8267,534.10262072581
8268,579.2215070169
8269,477.39630497895
8270,502.28455347417
8271,239.85367467964
8272,170.54433778867002
8273,51.15059479567
8274,5.33095943724
8275,
8276,
8277,
8278,
8279,
8280,
8281,
8282,
8283,
8284,
8285,
8286,
8287,
8288,
8289,8.90623991479
8290,84.55446485848
8291,144.79195957495
8292,180.16228886063
8293,189.89229920863
8294,172.56662900169002
8295,126.40707271853
8296,67.9334427312
8297,3.51121079458
8298,
8299,
8300,
8301,
8302,
8303,
8304,
8305,
8306,
8307,
8308,
8309,
8310,
8311,
8312,
8313,8.90623991479
8314,84.55446485848
8315,144.79195957495
8316,180.16228886063
8317,189.89229920863
8318,172.56662900169002
8319,126.40707271853
8320,67.9334427312
8321,3.51121079458
8322,
8323,
8324,
8325,
8326,
8327,
8328,
8329,
8330,
8331,
8332,
8333,
8334,
8335,
8336,
8337,3.5055764745399998
8338,29.582001258680002
8339,58.7177467904
8340,72.14386874989
8341,75.31159342731
8342,63.28283896171
8343,49.6238721749
8344,32.57184924259
8345,3.44359895406
8346,
8347,
8348,
8349,
8350,
8351,
8352,
8353,
8354,
8355,
8356,
8357,
8358,
8359,
8360,
8361,8.90623991479
8362,84.55446485848
8363,144.79195957495
8364,180.16228886063
8365,189.89229920863
8366,172.56662900169002
8367,126.40707271853
8368,67.9334427312
8369,3.51121079458
8370,
8371,
8372,
8373,
8374,
8375,
8376,
8377,
8378,
8379,
8380,
8381,
8382,
8383,
8384,
8385,3.5055764745399998
8386,29.582001258680002
8387,58.7177467904
8388,72.14386874989
8389,75.31159342731
8390,63.28283896171
8391,49.6238721749
8392,32.57184924259
8393,3.44359895406
8394,
8395,
8396,
8397,
8398,
8399,
8400,
8401,
8402,
8403,
8404,
8405,
8406,
8407,
8408,
8409,3.5055764745399998
8410,29.582001258680002
8411,58.7177467904
8412,72.14386874989
8413,75.31159342731
8414,63.28283896171
8415,49.6238721749
8416,32.57184924259
8417,3.44359895406
8418,
8419,
8420,
8421,
8422,
8423,
8424,
8425,
8426,
8427,
8428,
8429,
8430,
8431,1.76896961973
8432,127.30085139073
8433,310.60234763023
8434,518.37521732948
8435,643.60264189673
8436,729.49455209573
8437,782.87662797808
8438,746.779068687
8439,662.32277599614
8440,497.94586665623
8441,325.95839346952
8442,144.53920396595
8443,5.12529827416
8444,
8445,
8446,
8447,
8448,
8449,
8450,
8451,
8452,
8453,
8454,
8455,
8456,
8457,8.90623991479
8458,84.55446485848
8459,144.79195957495
8460,180.16228886063
8461,189.89229920863
8462,172.56662900169002
8463,126.40707271853
8464,67.9334427312
8465,3.51121079458
8466,
8467,
8468,
8469,
8470,
8471,
8472,
8473,
8474,
8475,
8476,
8477,
8478,
8479,
8480,
8481,3.5055764745399998
8482,29.582001258680002
8483,58.7177467904
8484,72.14386874989
8485,75.31159342731
8486,63.28283896171
8487,49.6238721749
8488,32.57184924259
8489,3.44359895406
8490,
8491,
8492,
8493,
8494,
8495,
8496,
8497,
8498,
8499,
8500,
8501,
8502,
8503,
8504,
8505,128.75973922874
8506,405.73878076929003
8507,534.10262072581
8508,579.2215070169
8509,477.39630497895
8510,502.28455347417
8511,239.85367467964
8512,170.54433778867002
8513,51.15059479567
8514,5.33095943724
8515,
8516,
8517,
8518,
8519,
8520,
8521,
8522,
8523,
8524,
8525,
8526,
8527,
8528,
8529,8.90623991479
8530,84.55446485848
8531,144.79195957495
8532,180.16228886063
8533,189.89229920863
8534,172.56662900169002
8535,126.40707271853
8536,67.9334427312
8537,3.51121079458
8538,
8539,
8540,
8541,
8542,
8543,
8544,
8545,
8546,
8547,
8548,
8549,
8550,
8551,
8552,
8553,8.90623991479
8554,84.55446485848
8555,144.79195957495
8556,180.16228886063
8557,189.89229920863
8558,172.56662900169002
8559,126.40707271853
8560,67.9334427312
8561,3.51121079458
8562,
8563,
8564,
8565,
8566,
8567,
8568,
8569,
8570,
8571,
8572,
8573,
8574,
8575,
8576,
8577,128.75973922874
8578,405.73878076929003
8579,534.10262072581
8580,579.2215070169
8581,477.39630497895
8582,502.28455347417
8583,239.85367467964
8584,170.54433778867002
8585,51.15059479567
8586,5.33095943724
8587,
8588,
8589,
8590,
8591,
8592,
8593,
8594,
8595,
8596,
8597,
8598,
8599,
8600,14.53031818306
8601,277.26408506961
8602,538.2845077189
8603,661.15253331921
8604,737.60577550313
8605,769.80797184151
8606,842.3852723283001
8607,715.6365188762301
8608,612.5612621702
8609,476.06848736473
8610,192.01297017724
8611,5.29433484656
8612,
8613,
8614,
8615,
8616,
8617,
8618,
8619,
8620,
8621,
8622,
8623,
8624,
8625,128.75973922874
8626,405.73878076929003
8627,534.10262072581
8628,579.2215070169
8629,477.39630497895
8630,502.28455347417
8631,239.85367467964
8632,170.54433778867002
8633,51.15059479567
8634,5.33095943724
8635,
8636,
8637,
8638,
8639,
8640,
8641,
8642,
8643,
8644,
8645,
8646,
8647,
8648,
8649,128.75973922874
8650,405.73878076929003
8651,534.10262072581
8652,579.2215070169
8653,477.39630497895
8654,502.28455347417
8655,239.85367467964
8656,170.54433778867002
8657,51.15059479567
8658,5.33095943724
8659,
8660,
8661,
8662,
8663,
8664,
8665,
8666,
8667,
8668,
8669,
8670,
8671,
8672,
8673,128.75973922874
8674,405.73878076929003
8675,534.10262072581
8676,579.2215070169
8677,477.39630497895
8678,502.28455347417
8679,239.85367467964
8680,170.54433778867002
8681,51.15059479567
8682,5.33095943724
8683,
8684,
8685,
8686,
8687,
8688,
8689,
8690,
8691,
8692,
8693,
8694,
8695,
8696,
8697,3.5055764745399998
8698,29.582001258680002
8699,58.7177467904
8700,72.14386874989
8701,75.31159342731
8702,63.28283896171
8703,49.6238721749
8704,32.57184924259
8705,3.44359895406
8706,
8707,
8708,
8709,
8710,
8711,
8712,
8713,
8714,
8715,
8716,
8717,
8718,
8719,
8720,
8721,3.5055764745399998
8722,29.582001258680002
8723,58.7177467904
8724,72.14386874989
8725,75.31159342731
8726,63.28283896171
8727,49.6238721749
8728,32.57184924259
8729,3.44359895406
8730,
8731,
8732,
8733,
8734,
8735,
8736,
8737,
8738,
8739,
8740,
8741,
8742,
8743,
8744,
8745,8.90623991479
8746,84.55446485848
8747,144.79195957495
8748,180.16228886063
8749,189.89229920863
8750,172.56662900169002
8751,126.40707271853
8752,67.9334427312
8753,3.51121079458
8754,
8755,
8756,
8757,
8758,
8759,
8760,
