TimeInYear,Units_supply
1,
2,
3,
4,
5,
6,
7,
8,5.31687305622
9,115.25728153949001
10,283.41423979169997
11,363.51763678468
12,381.15758657013004
13,438.55243089222
14,349.52376713322997
15,238.76690591136
16,95.65035200936
17,10.37061188723
18,
19,
20,
21,
22,
23,
24,
25,
26,
27,
28,
29,
30,
31,
32,5.31687305622
33,115.25728153949001
34,283.41423979169997
35,363.51763678468
36,381.15758657013004
37,438.55243089222
38,349.52376713322997
39,238.76690591136
40,95.65035200936
41,10.37061188723
42,
43,
44,
45,
46,
47,
48,
49,
50,
51,
52,
53,
54,
55,
56,5.31687305622
57,115.25728153949001
58,283.41423979169997
59,363.51763678468
60,381.15758657013004
61,438.55243089222
62,349.52376713322997
63,238.76690591136
64,95.65035200936
65,10.37061188723
66,
67,
68,
69,
70,
71,
72,
73,
74,
75,
76,
77,
78,
79,
80,5.31687305622
81,115.25728153949001
82,283.41423979169997
83,363.51763678468
84,381.15758657013004
85,438.55243089222
86,349.52376713322997
87,238.76690591136
88,95.65035200936
89,10.37061188723
90,
91,
92,
93,
94,
95,
96,
97,
98,
99,
100,
101,
102,
103,
104,
105,75.58083935236
106,269.90030971183
107,542.31084513275
108,503.59489975384
109,457.84065022535
110,240.11334234688
111,37.27404204113
112,21.41310930246
113,3.5863350618
114,
115,
116,
117,
118,
119,
120,
121,
122,
123,
124,
125,
126,
127,
128,
129,75.58083935236
130,269.90030971183
131,542.31084513275
132,503.59489975384
133,457.84065022535
134,240.11334234688
135,37.27404204113
136,21.41310930246
137,3.5863350618
138,
139,
140,
141,
142,
143,
144,
145,
146,
147,
148,
149,
150,
151,
152,
153,75.58083935236
154,269.90030971183
155,542.31084513275
156,503.59489975384
157,457.84065022535
158,240.11334234688
159,37.27404204113
160,21.41310930246
161,3.5863350618
162,
163,
164,
165,
166,
167,
168,
169,
170,
171,
172,
173,
174,
175,
176,
177,75.58083935236
178,269.90030971183
179,542.31084513275
180,503.59489975384
181,457.84065022535
182,240.11334234688
183,37.27404204113
184,21.41310930246
185,3.5863350618
186,
187,
188,
189,
190,
191,
192,
193,
194,
195,
196,
197,
198,
199,
200,
201,75.58083935236
202,269.90030971183
203,542.31084513275
204,503.59489975384
205,457.84065022535
206,240.11334234688
207,37.27404204113
208,21.41310930246
209,3.5863350618
210,
211,
212,
213,
214,
215,
216,
217,
218,
219,
220,
221,
222,
223,
224,
225,75.58083935236
226,269.90030971183
227,542.31084513275
228,503.59489975384
229,457.84065022535
230,240.11334234688
231,37.27404204113
232,21.41310930246
233,3.5863350618
234,
235,
236,
237,
238,
239,
240,
241,
242,
243,
244,
245,
246,
247,
248,
249,75.58083935236
250,269.90030971183
251,542.31084513275
252,503.59489975384
253,457.84065022535
254,240.11334234688
255,37.27404204113
256,21.41310930246
257,3.5863350618
258,
259,
260,
261,
262,
263,
264,
265,
266,
267,
268,
269,
270,
271,
272,
273,5.31687305622
274,72.09339334927999
275,118.84820147127999
276,170.17476571043
277,195.42292149282
278,181.67348442872
279,149.07740610678
280,104.46281478974001
281,47.27940635728
282,
283,
284,
285,
286,
287,
288,
289,
290,
291,
292,
293,
294,
295,
296,
297,75.58083935236
298,269.90030971183
299,542.31084513275
300,503.59489975384
301,457.84065022535
302,240.11334234688
303,37.27404204113
304,21.41310930246
305,3.5863350618
306,
307,
308,
309,
310,
311,
312,
313,
314,
315,
316,
317,
318,
319,
320,
321,75.58083935236
322,269.90030971183
323,542.31084513275
324,503.59489975384
325,457.84065022535
326,240.11334234688
327,37.27404204113
328,21.41310930246
329,3.5863350618
330,
331,
332,
333,
334,
335,
336,
337,
338,
339,
340,
341,
342,
343,
344,
345,75.58083935236
346,269.90030971183
347,542.31084513275
348,503.59489975384
349,457.84065022535
350,240.11334234688
351,37.27404204113
352,21.41310930246
353,3.5863350618
354,
355,
356,
357,
358,
359,
360,
361,
362,
363,
364,
365,
366,
367,
368,14.53031818306
369,277.26408506961
370,538.2845077189
371,661.15253331921
372,737.60577550313
373,769.80797184151
374,842.3852723283001
375,715.6365188762301
376,612.5612621702
377,476.06848736473
378,192.01297017724
379,5.29433484656
380,
381,
382,
383,
384,
385,
386,
387,
388,
389,
390,
391,
392,
393,75.58083935236
394,269.90030971183
395,542.31084513275
396,503.59489975384
397,457.84065022535
398,240.11334234688
399,37.27404204113
400,21.41310930246
401,3.5863350618
402,
403,
404,
405,
406,
407,
408,
409,
410,
411,
412,
413,
414,
415,
416,14.53031818306
417,277.26408506961
418,538.2845077189
419,661.15253331921
420,737.60577550313
421,769.80797184151
422,842.3852723283001
423,715.6365188762301
424,612.5612621702
425,476.06848736473
426,192.01297017724
427,5.29433484656
428,
429,
430,
431,
432,
433,
434,
435,
436,
437,
438,
439,
440,
441,75.58083935236
442,269.90030971183
443,542.31084513275
444,503.59489975384
445,457.84065022535
446,240.11334234688
447,37.27404204113
448,21.41310930246
449,3.5863350618
450,
451,
452,
453,
454,
455,
456,
457,
458,
459,
460,
461,
462,
463,
464,
465,75.58083935236
466,269.90030971183
467,542.31084513275
468,503.59489975384
469,457.84065022535
470,240.11334234688
471,37.27404204113
472,21.41310930246
473,3.5863350618
474,
475,
476,
477,
478,
479,
480,
481,
482,
483,
484,
485,
486,
487,
488,
489,5.31687305622
490,72.09339334927999
491,118.84820147127999
492,170.17476571043
493,195.42292149282
494,181.67348442872
495,149.07740610678
496,104.46281478974001
497,47.27940635728
498,
499,
500,
501,
502,
503,
504,
505,
506,
507,
508,
509,
510,
511,
512,
513,5.31687305622
514,72.09339334927999
515,118.84820147127999
516,170.17476571043
517,195.42292149282
518,181.67348442872
519,149.07740610678
520,104.46281478974001
521,47.27940635728
522,
523,
524,
525,
526,
527,
528,
529,
530,
531,
532,
533,
534,
535,
536,
537,5.31687305622
538,72.09339334927999
539,118.84820147127999
540,170.17476571043
541,195.42292149282
542,181.67348442872
543,149.07740610678
544,104.46281478974001
545,47.27940635728
546,
547,
548,
549,
550,
551,
552,
553,
554,
555,
556,
557,
558,
559,
560,
561,5.31687305622
562,72.09339334927999
563,118.84820147127999
564,170.17476571043
565,195.42292149282
566,181.67348442872
567,149.07740610678
568,104.46281478974001
569,47.27940635728
570,
571,
572,
573,
574,
575,
576,
577,
578,
579,
580,
581,
582,
583,
584,
585,5.31687305622
586,72.09339334927999
587,118.84820147127999
588,170.17476571043
589,195.42292149282
590,181.67348442872
591,149.07740610678
592,104.46281478974001
593,47.27940635728
594,
595,
596,
597,
598,
599,
600,
601,
602,
603,
604,
605,
606,
607,
608,
609,5.31687305622
610,72.09339334927999
611,118.84820147127999
612,170.17476571043
613,195.42292149282
614,181.67348442872
615,149.07740610678
616,104.46281478974001
617,47.27940635728
618,
619,
620,
621,
622,
623,
624,
625,
626,
627,
628,
629,
630,
631,
632,
633,5.31687305622
634,72.09339334927999
635,118.84820147127999
636,170.17476571043
637,195.42292149282
638,181.67348442872
639,149.07740610678
640,104.46281478974001
641,47.27940635728
642,
643,
644,
645,
646,
647,
648,
649,
650,
651,
652,
653,
654,
655,
656,
657,5.31687305622
658,72.09339334927999
659,118.84820147127999
660,170.17476571043
661,195.42292149282
662,181.67348442872
663,149.07740610678
664,104.46281478974001
665,47.27940635728
666,
667,
668,
669,
670,
671,
672,
673,
674,
675,
676,
677,
678,
679,
680,
681,5.31687305622
682,72.09339334927999
683,118.84820147127999
684,170.17476571043
685,195.42292149282
686,181.67348442872
687,149.07740610678
688,104.46281478974001
689,47.27940635728
690,
691,
692,
693,
694,
695,
696,
697,
698,
699,
700,
701,
702,
703,
704,
705,75.58083935236
706,269.90030971183
707,542.31084513275
708,503.59489975384
709,457.84065022535
710,240.11334234688
711,37.27404204113
712,21.41310930246
713,3.5863350618
714,
715,
716,
717,
718,
719,
720,
721,
722,
723,
724,
725,
726,
727,
728,5.31687305622
729,115.25728153949001
730,283.41423979169997
731,363.51763678468
732,381.15758657013004
733,438.55243089222
734,349.52376713322997
735,238.76690591136
736,95.65035200936
737,10.37061188723
738,
739,
740,
741,
742,
743,
744,
745,
746,
747,
748,
749,
750,
751,
752,5.31687305622
753,115.25728153949001
754,283.41423979169997
755,363.51763678468
756,381.15758657013004
757,438.55243089222
758,349.52376713322997
759,238.76690591136
760,95.65035200936
761,10.37061188723
762,
763,
764,
765,
766,
767,
768,
769,
770,
771,
772,
773,
774,
775,
776,14.53031818306
777,277.26408506961
778,538.2845077189
779,661.15253331921
780,737.60577550313
781,769.80797184151
782,842.3852723283001
783,715.6365188762301
784,612.5612621702
785,476.06848736473
786,192.01297017724
787,5.29433484656
788,
789,
790,
791,
792,
793,
794,
795,
796,
797,
798,
799,
800,14.53031818306
801,277.26408506961
802,538.2845077189
803,661.15253331921
804,737.60577550313
805,769.80797184151
806,842.3852723283001
807,715.6365188762301
808,612.5612621702
809,476.06848736473
810,192.01297017724
811,5.29433484656
812,
813,
814,
815,
816,
817,
818,
819,
820,
821,
822,
823,
824,
825,5.31687305622
826,72.09339334927999
827,118.84820147127999
828,170.17476571043
829,195.42292149282
830,181.67348442872
831,149.07740610678
832,104.46281478974001
833,47.27940635728
834,
835,
836,
837,
838,
839,
840,
841,
842,
843,
844,
845,
846,
847,
848,14.53031818306
849,277.26408506961
850,538.2845077189
851,661.15253331921
852,737.60577550313
853,769.80797184151
854,842.3852723283001
855,715.6365188762301
856,612.5612621702
857,476.06848736473
858,192.01297017724
859,5.29433484656
860,
861,
862,
863,
864,
865,
866,
867,
868,
869,
870,
871,
872,14.53031818306
873,277.26408506961
874,538.2845077189
875,661.15253331921
876,737.60577550313
877,769.80797184151
878,842.3852723283001
879,715.6365188762301
880,612.5612621702
881,476.06848736473
882,192.01297017724
883,5.29433484656
884,
885,
886,
887,
888,
889,
890,
891,
892,
893,
894,
895,
896,14.53031818306
897,277.26408506961
898,538.2845077189
899,661.15253331921
900,737.60577550313
901,769.80797184151
902,842.3852723283001
903,715.6365188762301
904,612.5612621702
905,476.06848736473
906,192.01297017724
907,5.29433484656
908,
909,
910,
911,
912,
913,
914,
915,
916,
917,
918,
919,
920,
921,5.31687305622
922,72.09339334927999
923,118.84820147127999
924,170.17476571043
925,195.42292149282
926,181.67348442872
927,149.07740610678
928,104.46281478974001
929,47.27940635728
930,
931,
932,
933,
934,
935,
936,
937,
938,
939,
940,
941,
942,
943,
944,
945,5.31687305622
946,72.09339334927999
947,118.84820147127999
948,170.17476571043
949,195.42292149282
950,181.67348442872
951,149.07740610678
952,104.46281478974001
953,47.27940635728
954,
955,
956,
957,
958,
959,
960,
961,
962,
963,
964,
965,
966,
967,
968,14.53031818306
969,277.26408506961
970,538.2845077189
971,661.15253331921
972,737.60577550313
973,769.80797184151
974,842.3852723283001
975,715.6365188762301
976,612.5612621702
977,476.06848736473
978,192.01297017724
979,5.29433484656
980,
981,
982,
983,
984,
985,
986,
987,
988,
989,
990,
991,
992,
993,5.31687305622
994,72.09339334927999
995,118.84820147127999
996,170.17476571043
997,195.42292149282
998,181.67348442872
999,149.07740610678
1000,104.46281478974001
1001,47.27940635728
1002,
1003,
1004,
1005,
1006,
1007,
1008,
1009,
1010,
1011,
1012,
1013,
1014,
1015,
1016,
1017,5.31687305622
1018,72.09339334927999
1019,118.84820147127999
1020,170.17476571043
1021,195.42292149282
1022,181.67348442872
1023,149.07740610678
1024,104.46281478974001
1025,47.27940635728
1026,
1027,
1028,
1029,
1030,
1031,
1032,
1033,
1034,
1035,
1036,
1037,
1038,
1039,
1040,
1041,5.31687305622
1042,72.09339334927999
1043,118.84820147127999
1044,170.17476571043
1045,195.42292149282
1046,181.67348442872
1047,149.07740610678
1048,104.46281478974001
1049,47.27940635728
1050,
1051,
1052,
1053,
1054,
1055,
1056,
1057,
1058,
1059,
1060,
1061,
1062,
1063,
1064,
1065,5.31687305622
1066,72.09339334927999
1067,118.84820147127999
1068,170.17476571043
1069,195.42292149282
1070,181.67348442872
1071,149.07740610678
1072,104.46281478974001
1073,47.27940635728
1074,
1075,
1076,
1077,
1078,
1079,
1080,
1081,
1082,
1083,
1084,
1085,
1086,
1087,
1088,
1089,5.31687305622
1090,72.09339334927999
1091,118.84820147127999
1092,170.17476571043
1093,195.42292149282
1094,181.67348442872
1095,149.07740610678
1096,104.46281478974001
1097,47.27940635728
1098,
1099,
1100,
1101,
1102,
1103,
1104,
1105,
1106,
1107,
1108,
1109,
1110,
1111,
1112,
1113,5.31687305622
1114,72.09339334927999
1115,118.84820147127999
1116,170.17476571043
1117,195.42292149282
1118,181.67348442872
1119,149.07740610678
1120,104.46281478974001
1121,47.27940635728
1122,
1123,
1124,
1125,
1126,
1127,
1128,
1129,
1130,
1131,
1132,
1133,
1134,
1135,
1136,14.53031818306
1137,277.26408506961
1138,538.2845077189
1139,661.15253331921
1140,737.60577550313
1141,769.80797184151
1142,842.3852723283001
1143,715.6365188762301
1144,612.5612621702
1145,476.06848736473
1146,192.01297017724
1147,5.29433484656
1148,
1149,
1150,
1151,
1152,
1153,
1154,
1155,
1156,
1157,
1158,
1159,
1160,14.53031818306
1161,277.26408506961
1162,538.2845077189
1163,661.15253331921
1164,737.60577550313
1165,769.80797184151
1166,842.3852723283001
1167,715.6365188762301
1168,612.5612621702
1169,476.06848736473
1170,192.01297017724
1171,5.29433484656
1172,
1173,
1174,
1175,
1176,
1177,
1178,
1179,
1180,
1181,
1182,
1183,
1184,14.53031818306
1185,277.26408506961
1186,538.2845077189
1187,661.15253331921
1188,737.60577550313
1189,769.80797184151
1190,842.3852723283001
1191,715.6365188762301
1192,612.5612621702
1193,476.06848736473
1194,192.01297017724
1195,5.29433484656
1196,
1197,
1198,
1199,
1200,
1201,
1202,
1203,
1204,
1205,
1206,
1207,
1208,5.31687305622
1209,115.25728153949001
1210,283.41423979169997
1211,363.51763678468
1212,381.15758657013004
1213,438.55243089222
1214,349.52376713322997
1215,238.76690591136
1216,95.65035200936
1217,10.37061188723
1218,
1219,
1220,
1221,
1222,
1223,
1224,
1225,
1226,
1227,
1228,
1229,
1230,
1231,
1232,5.31687305622
1233,115.25728153949001
1234,283.41423979169997
1235,363.51763678468
1236,381.15758657013004
1237,438.55243089222
1238,349.52376713322997
1239,238.76690591136
1240,95.65035200936
1241,10.37061188723
1242,
1243,
1244,
1245,
1246,
1247,
1248,
1249,
1250,
1251,
1252,
1253,
1254,
1255,
1256,14.53031818306
1257,277.26408506961
1258,538.2845077189
1259,661.15253331921
1260,737.60577550313
1261,769.80797184151
1262,842.3852723283001
1263,715.6365188762301
1264,612.5612621702
1265,476.06848736473
1266,192.01297017724
1267,5.29433484656
1268,
1269,
1270,
1271,
1272,
1273,
1274,
1275,
1276,
1277,
1278,
1279,
1280,14.53031818306
1281,277.26408506961
1282,538.2845077189
1283,661.15253331921
1284,737.60577550313
1285,769.80797184151
1286,842.3852723283001
1287,715.6365188762301
1288,612.5612621702
1289,476.06848736473
1290,192.01297017724
1291,5.29433484656
1292,
1293,
1294,
1295,
1296,
1297,
1298,
1299,
1300,
1301,
1302,
1303,
1304,14.53031818306
1305,277.26408506961
1306,538.2845077189
1307,661.15253331921
1308,737.60577550313
1309,769.80797184151
1310,842.3852723283001
1311,715.6365188762301
1312,612.5612621702
1313,476.06848736473
1314,192.01297017724
1315,5.29433484656
1316,
1317,
1318,
1319,
1320,
1321,
1322,
1323,
1324,
1325,
1326,
1327,
1328,5.31687305622
1329,115.25728153949001
1330,283.41423979169997
1331,363.51763678468
1332,381.15758657013004
1333,438.55243089222
1334,349.52376713322997
1335,238.76690591136
1336,95.65035200936
1337,10.37061188723
1338,
1339,
1340,
1341,
1342,
1343,
1344,
1345,
1346,
1347,
1348,
1349,
1350,
1351,
1352,14.53031818306
1353,277.26408506961
1354,538.2845077189
1355,661.15253331921
1356,737.60577550313
1357,769.80797184151
1358,842.3852723283001
1359,715.6365188762301
1360,612.5612621702
1361,476.06848736473
1362,192.01297017724
1363,5.29433484656
1364,
1365,
1366,
1367,
1368,
1369,
1370,
1371,
1372,
1373,
1374,
1375,
1376,14.53031818306
1377,277.26408506961
1378,538.2845077189
1379,661.15253331921
1380,737.60577550313
1381,769.80797184151
1382,842.3852723283001
1383,715.6365188762301
1384,612.5612621702
1385,476.06848736473
1386,192.01297017724
1387,5.29433484656
1388,
1389,
1390,
1391,
1392,
1393,
1394,
1395,
1396,
1397,
1398,
1399,
1400,
1401,5.31687305622
1402,72.09339334927999
1403,118.84820147127999
1404,170.17476571043
1405,195.42292149282
1406,181.67348442872
1407,149.07740610678
1408,104.46281478974001
1409,47.27940635728
1410,
1411,
1412,
1413,
1414,
1415,
1416,
1417,
1418,
1419,
1420,
1421,
1422,
1423,
1424,
1425,5.31687305622
1426,72.09339334927999
1427,118.84820147127999
1428,170.17476571043
1429,195.42292149282
1430,181.67348442872
1431,149.07740610678
1432,104.46281478974001
1433,47.27940635728
1434,
1435,
1436,
1437,
1438,
1439,
1440,
1441,
1442,
1443,
1444,
1445,
1446,
1447,
1448,14.53031818306
1449,277.26408506961
1450,538.2845077189
1451,661.15253331921
1452,737.60577550313
1453,769.80797184151
1454,842.3852723283001
1455,715.6365188762301
1456,612.5612621702
1457,476.06848736473
1458,192.01297017724
1459,5.29433484656
1460,
1461,
1462,
1463,
1464,
1465,
1466,
1467,
1468,
1469,
1470,
1471,
1472,14.53031818306
1473,277.26408506961
1474,538.2845077189
1475,661.15253331921
1476,737.60577550313
1477,769.80797184151
1478,842.3852723283001
1479,715.6365188762301
1480,612.5612621702
1481,476.06848736473
1482,192.01297017724
1483,5.29433484656
1484,
1485,
1486,
1487,
1488,
1489,
1490,
1491,
1492,
1493,
1494,
1495,
1496,14.53031818306
1497,277.26408506961
1498,538.2845077189
1499,661.15253331921
1500,737.60577550313
1501,769.80797184151
1502,842.3852723283001
1503,715.6365188762301
1504,612.5612621702
1505,476.06848736473
1506,192.01297017724
1507,5.29433484656
1508,
1509,
1510,
1511,
1512,
1513,
1514,
1515,
1516,
1517,
1518,
1519,
1520,14.53031818306
1521,277.26408506961
1522,538.2845077189
1523,661.15253331921
1524,737.60577550313
1525,769.80797184151
1526,842.3852723283001
1527,715.6365188762301
1528,612.5612621702
1529,476.06848736473
1530,192.01297017724
1531,5.29433484656
1532,
1533,
1534,
1535,
1536,
1537,
1538,
1539,
1540,
1541,
1542,
1543,
1544,14.53031818306
1545,277.26408506961
1546,538.2845077189
1547,661.15253331921
1548,737.60577550313
1549,769.80797184151
1550,842.3852723283001
1551,715.6365188762301
1552,612.5612621702
1553,476.06848736473
1554,192.01297017724
1555,5.29433484656
1556,
1557,
1558,
1559,
1560,
1561,
1562,
1563,
1564,
1565,
1566,
1567,
1568,14.53031818306
1569,277.26408506961
1570,538.2845077189
1571,661.15253331921
1572,737.60577550313
1573,769.80797184151
1574,842.3852723283001
1575,715.6365188762301
1576,612.5612621702
1577,476.06848736473
1578,192.01297017724
1579,5.29433484656
1580,
1581,
1582,
1583,
1584,
1585,
1586,
1587,
1588,
1589,
1590,
1591,
1592,14.53031818306
1593,277.26408506961
1594,538.2845077189
1595,661.15253331921
1596,737.60577550313
1597,769.80797184151
1598,842.3852723283001
1599,715.6365188762301
1600,612.5612621702
1601,476.06848736473
1602,192.01297017724
1603,5.29433484656
1604,
1605,
1606,
1607,
1608,
1609,
1610,
1611,
1612,
1613,
1614,
1615,
1616,14.53031818306
1617,277.26408506961
1618,538.2845077189
1619,661.15253331921
1620,737.60577550313
1621,769.80797184151
1622,842.3852723283001
1623,715.6365188762301
1624,612.5612621702
1625,476.06848736473
1626,192.01297017724
1627,5.29433484656
1628,
1629,
1630,
1631,
1632,
1633,
1634,
1635,
1636,
1637,
1638,
1639,
1640,14.53031818306
1641,277.26408506961
1642,538.2845077189
1643,661.15253331921
1644,737.60577550313
1645,769.80797184151
1646,842.3852723283001
1647,715.6365188762301
1648,612.5612621702
1649,476.06848736473
1650,192.01297017724
1651,5.29433484656
1652,
1653,
1654,
1655,
1656,
1657,
1658,
1659,
1660,
1661,
1662,
1663,
1664,5.31687305622
1665,115.25728153949001
1666,283.41423979169997
1667,363.51763678468
1668,381.15758657013004
1669,438.55243089222
1670,349.52376713322997
1671,238.76690591136
1672,95.65035200936
1673,10.37061188723
1674,
1675,
1676,
1677,
1678,
1679,
1680,
1681,
1682,
1683,
1684,
1685,
1686,
1687,
1688,5.31687305622
1689,115.25728153949001
1690,283.41423979169997
1691,363.51763678468
1692,381.15758657013004
1693,438.55243089222
1694,349.52376713322997
1695,238.76690591136
1696,95.65035200936
1697,10.37061188723
1698,
1699,
1700,
1701,
1702,
1703,
1704,
1705,
1706,
1707,
1708,
1709,
1710,
1711,
1712,5.31687305622
1713,115.25728153949001
1714,283.41423979169997
1715,363.51763678468
1716,381.15758657013004
1717,438.55243089222
1718,349.52376713322997
1719,238.76690591136
1720,95.65035200936
1721,10.37061188723
1722,
1723,
1724,
1725,
1726,
1727,
1728,
1729,
1730,
1731,
1732,
1733,
1734,
1735,1.69572647974
1736,20.31960024572
1737,52.1873407663
1738,87.05356426493
1739,108.44580289989
1740,123.17394110044
1741,128.04355685912
1742,114.73318219388
1743,95.03897396334
1744,71.78928962879999
1745,40.21468711606
1746,13.478318131930001
1747,
1748,
1749,
1750,
1751,
1752,
1753,
1754,
1755,
1756,
1757,
1758,
1759,
1760,5.31687305622
1761,115.25728153949001
1762,283.41423979169997
1763,363.51763678468
1764,381.15758657013004
1765,438.55243089222
1766,349.52376713322997
1767,238.76690591136
1768,95.65035200936
1769,10.37061188723
1770,
1771,
1772,
1773,
1774,
1775,
1776,
1777,
1778,
1779,
1780,
1781,
1782,
1783,1.69572647974
1784,20.31960024572
1785,52.1873407663
1786,87.05356426493
1787,108.44580289989
1788,123.17394110044
1789,128.04355685912
1790,114.73318219388
1791,95.03897396334
1792,71.78928962879999
1793,40.21468711606
1794,13.478318131930001
1795,
1796,
1797,
1798,
1799,
1800,
1801,
1802,
1803,
1804,
1805,
1806,
1807,1.69572647974
1808,20.31960024572
1809,52.1873407663
1810,87.05356426493
1811,108.44580289989
1812,123.17394110044
1813,128.04355685912
1814,114.73318219388
1815,95.03897396334
1816,71.78928962879999
1817,40.21468711606
1818,13.478318131930001
1819,
1820,
1821,
1822,
1823,
1824,
1825,
1826,
1827,
1828,
1829,
1830,
1831,1.69572647974
1832,20.31960024572
1833,52.1873407663
1834,87.05356426493
1835,108.44580289989
1836,123.17394110044
1837,128.04355685912
1838,114.73318219388
1839,95.03897396334
1840,71.78928962879999
1841,40.21468711606
1842,13.478318131930001
1843,
1844,
1845,
1846,
1847,
1848,
1849,
1850,
1851,
1852,
1853,
1854,
1855,1.69572647974
1856,20.31960024572
1857,52.1873407663
1858,87.05356426493
1859,108.44580289989
1860,123.17394110044
1861,128.04355685912
1862,114.73318219388
1863,95.03897396334
1864,71.78928962879999
1865,40.21468711606
1866,13.478318131930001
1867,
1868,
1869,
1870,
1871,
1872,
1873,
1874,
1875,
1876,
1877,
1878,
1879,
1880,5.31687305622
1881,115.25728153949001
1882,283.41423979169997
1883,363.51763678468
1884,381.15758657013004
1885,438.55243089222
1886,349.52376713322997
1887,238.76690591136
1888,95.65035200936
1889,10.37061188723
1890,
1891,
1892,
1893,
1894,
1895,
1896,
1897,
1898,
1899,
1900,
1901,
1902,
1903,1.69572647974
1904,20.31960024572
1905,52.1873407663
1906,87.05356426493
1907,108.44580289989
1908,123.17394110044
1909,128.04355685912
1910,114.73318219388
1911,95.03897396334
1912,71.78928962879999
1913,40.21468711606
1914,13.478318131930001
1915,
1916,
1917,
1918,
1919,
1920,
1921,
1922,
1923,
1924,
1925,
1926,
1927,1.69572647974
1928,20.31960024572
1929,52.1873407663
1930,87.05356426493
1931,108.44580289989
1932,123.17394110044
1933,128.04355685912
1934,114.73318219388
1935,95.03897396334
1936,71.78928962879999
1937,40.21468711606
1938,13.478318131930001
1939,
1940,
1941,
1942,
1943,
1944,
1945,
1946,
1947,
1948,
1949,
1950,
1951,1.69572647974
1952,20.31960024572
1953,52.1873407663
1954,87.05356426493
1955,108.44580289989
1956,123.17394110044
1957,128.04355685912
1958,114.73318219388
1959,95.03897396334
1960,71.78928962879999
1961,40.21468711606
1962,13.478318131930001
1963,
1964,
1965,
1966,
1967,
1968,
1969,
1970,
1971,
1972,
1973,
1974,
1975,1.69572647974
1976,20.31960024572
1977,52.1873407663
1978,87.05356426493
1979,108.44580289989
1980,123.17394110044
1981,128.04355685912
1982,114.73318219388
1983,95.03897396334
1984,71.78928962879999
1985,40.21468711606
1986,13.478318131930001
1987,
1988,
1989,
1990,
1991,
1992,
1993,
1994,
1995,
1996,
1997,
1998,
1999,1.69572647974
2000,20.31960024572
2001,52.1873407663
2002,87.05356426493
2003,108.44580289989
2004,123.17394110044
2005,128.04355685912
2006,114.73318219388
2007,95.03897396334
2008,71.78928962879999
2009,40.21468711606
2010,13.478318131930001
2011,
2012,
2013,
2014,
2015,
2016,
2017,
2018,
2019,
2020,
2021,
2022,1.72014085972
2023,80.06167912037
2024,180.04106121746
2025,283.99953015357
2026,359.91207067592
2027,454.45264536006
2028,498.38510256177
2029,537.79957296116
2030,493.90866836924
2031,468.84242562686
2032,414.39593680619
2033,320.89730482038
2034,201.76651183331
2035,79.8126404812
2036,1.6788242166999998
2037,
2038,
2039,
2040,
2041,
2042,
2043,
2044,
2045,
2046,
2047,11.663580733149999
2048,133.02050505
2049,261.72106274925
2050,369.3814841328
2051,428.78685133265003
2052,497.63310382565
2053,511.22618061203
2054,443.68870923825
2055,389.48488164511
2056,291.82422112253
2057,206.56441455764
2058,97.34654978899
2059,4.92245438732
2060,
2061,
2062,
2063,
2064,
2065,
2066,
2067,
2068,
2069,
2070,
2071,11.663580733149999
2072,133.02050505
2073,261.72106274925
2074,369.3814841328
2075,428.78685133265003
2076,497.63310382565
2077,511.22618061203
2078,443.68870923825
2079,389.48488164511
2080,291.82422112253
2081,206.56441455764
2082,97.34654978899
2083,4.92245438732
2084,
2085,
2086,
2087,
2088,
2089,
2090,
2091,
2092,
2093,
2094,
2095,1.69572647974
2096,20.31960024572
2097,52.1873407663
2098,87.05356426493
2099,108.44580289989
2100,123.17394110044
2101,128.04355685912
2102,114.73318219388
2103,95.03897396334
2104,71.78928962879999
2105,40.21468711606
2106,13.478318131930001
2107,
2108,
2109,
2110,
2111,
2112,
2113,
2114,
2115,
2116,
2117,
2118,
2119,11.663580733149999
2120,133.02050505
2121,261.72106274925
2122,369.3814841328
2123,428.78685133265003
2124,497.63310382565
2125,511.22618061203
2126,443.68870923825
2127,389.48488164511
2128,291.82422112253
2129,206.56441455764
2130,97.34654978899
2131,4.92245438732
2132,
2133,
2134,
2135,
2136,
2137,
2138,
2139,
2140,
2141,
2142,
2143,11.663580733149999
2144,133.02050505
2145,261.72106274925
2146,369.3814841328
2147,428.78685133265003
2148,497.63310382565
2149,511.22618061203
2150,443.68870923825
2151,389.48488164511
2152,291.82422112253
2153,206.56441455764
2154,97.34654978899
2155,4.92245438732
2156,
2157,
2158,
2159,
2160,
2161,
2162,
2163,
2164,
2165,
2166,
2167,1.69572647974
2168,20.31960024572
2169,52.1873407663
2170,87.05356426493
2171,108.44580289989
2172,123.17394110044
2173,128.04355685912
2174,114.73318219388
2175,95.03897396334
2176,71.78928962879999
2177,40.21468711606
2178,13.478318131930001
2179,
2180,
2181,
2182,
2183,
2184,
2185,
2186,
2187,
2188,
2189,
2190,1.72014085972
2191,80.06167912037
2192,180.04106121746
2193,283.99953015357
2194,359.91207067592
2195,454.45264536006
2196,498.38510256177
2197,537.79957296116
2198,493.90866836924
2199,468.84242562686
2200,414.39593680619
2201,320.89730482038
2202,201.76651183331
2203,79.8126404812
2204,1.6788242166999998
2205,
2206,
2207,
2208,
2209,
2210,
2211,
2212,
2213,
2214,
2215,1.69572647974
2216,20.31960024572
2217,52.1873407663
2218,87.05356426493
2219,108.44580289989
2220,123.17394110044
2221,128.04355685912
2222,114.73318219388
2223,95.03897396334
2224,71.78928962879999
2225,40.21468711606
2226,13.478318131930001
2227,
2228,
2229,
2230,
2231,
2232,
2233,
2234,
2235,
2236,
2237,
2238,1.72014085972
2239,80.06167912037
2240,180.04106121746
2241,283.99953015357
2242,359.91207067592
2243,454.45264536006
2244,498.38510256177
2245,537.79957296116
2246,493.90866836924
2247,468.84242562686
2248,414.39593680619
2249,320.89730482038
2250,201.76651183331
2251,79.8126404812
2252,1.6788242166999998
2253,
2254,
2255,
2256,
2257,
2258,
2259,
2260,
2261,
2262,
2263,1.69572647974
2264,20.31960024572
2265,52.1873407663
2266,87.05356426493
2267,108.44580289989
2268,123.17394110044
2269,128.04355685912
2270,114.73318219388
2271,95.03897396334
2272,71.78928962879999
2273,40.21468711606
2274,13.478318131930001
2275,
2276,
2277,
2278,
2279,
2280,
2281,
2282,
2283,
2284,
2285,
2286,1.72014085972
2287,80.06167912037
2288,180.04106121746
2289,283.99953015357
2290,359.91207067592
2291,454.45264536006
2292,498.38510256177
2293,537.79957296116
2294,493.90866836924
2295,468.84242562686
2296,414.39593680619
2297,320.89730482038
2298,201.76651183331
2299,79.8126404812
2300,1.6788242166999998
2301,
2302,
2303,
2304,
2305,
2306,
2307,
2308,
2309,
2310,73.1179213751
2311,237.77720273448
2312,396.90438305335
2313,582.31560902715
2314,718.85724096558
2315,785.79507698211
2316,854.8798071255
2317,888.09346476498
2318,893.10245066325
2319,852.3279058578901
2320,740.9202340209799
2321,600.87912171545
2322,435.2688857454
2323,261.33868534552
2324,89.00960277356
2325,1.61121516441
2326,
2327,
2328,
2329,
2330,
2331,
2332,
2333,
2334,
2335,11.663580733149999
2336,133.02050505
2337,261.72106274925
2338,369.3814841328
2339,428.78685133265003
2340,497.63310382565
2341,511.22618061203
2342,443.68870923825
2343,389.48488164511
2344,291.82422112253
2345,206.56441455764
2346,97.34654978899
2347,4.92245438732
2348,
2349,
2350,
2351,
2352,
2353,
2354,
2355,
2356,
2357,
2358,1.72014085972
2359,80.06167912037
2360,180.04106121746
2361,283.99953015357
2362,359.91207067592
2363,454.45264536006
2364,498.38510256177
2365,537.79957296116
2366,493.90866836924
2367,468.84242562686
2368,414.39593680619
2369,320.89730482038
2370,201.76651183331
2371,79.8126404812
2372,1.6788242166999998
2373,
2374,
2375,
2376,
2377,
2378,
2379,
2380,
2381,
2382,1.72014085972
2383,80.06167912037
2384,180.04106121746
2385,283.99953015357
2386,359.91207067592
2387,454.45264536006
2388,498.38510256177
2389,537.79957296116
2390,493.90866836924
2391,468.84242562686
2392,414.39593680619
2393,320.89730482038
2394,201.76651183331
2395,79.8126404812
2396,1.6788242166999998
2397,
2398,
2399,
2400,
2401,
2402,
2403,
2404,
2405,
2406,
2407,11.663580733149999
2408,133.02050505
2409,261.72106274925
2410,369.3814841328
2411,428.78685133265003
2412,497.63310382565
2413,511.22618061203
2414,443.68870923825
2415,389.48488164511
2416,291.82422112253
2417,206.56441455764
2418,97.34654978899
2419,4.92245438732
2420,
2421,
2422,
2423,
2424,
2425,
2426,
2427,
2428,
2429,
2430,
2431,11.663580733149999
2432,133.02050505
2433,261.72106274925
2434,369.3814841328
2435,428.78685133265003
2436,497.63310382565
2437,511.22618061203
2438,443.68870923825
2439,389.48488164511
2440,291.82422112253
2441,206.56441455764
2442,97.34654978899
2443,4.92245438732
2444,
2445,
2446,
2447,
2448,
2449,
2450,
2451,
2452,
2453,
2454,1.72014085972
2455,80.06167912037
2456,180.04106121746
2457,283.99953015357
2458,359.91207067592
2459,454.45264536006
2460,498.38510256177
2461,537.79957296116
2462,493.90866836924
2463,468.84242562686
2464,414.39593680619
2465,320.89730482038
2466,201.76651183331
2467,79.8126404812
2468,1.6788242166999998
2469,
2470,
2471,
2472,
2473,
2474,
2475,
2476,
2477,
2478,1.72014085972
2479,80.06167912037
2480,180.04106121746
2481,283.99953015357
2482,359.91207067592
2483,454.45264536006
2484,498.38510256177
2485,537.79957296116
2486,493.90866836924
2487,468.84242562686
2488,414.39593680619
2489,320.89730482038
2490,201.76651183331
2491,79.8126404812
2492,1.6788242166999998
2493,
2494,
2495,
2496,
2497,
2498,
2499,
2500,
2501,
2502,1.72014085972
2503,80.06167912037
2504,180.04106121746
2505,283.99953015357
2506,359.91207067592
2507,454.45264536006
2508,498.38510256177
2509,537.79957296116
2510,493.90866836924
2511,468.84242562686
2512,414.39593680619
2513,320.89730482038
2514,201.76651183331
2515,79.8126404812
2516,1.6788242166999998
2517,
2518,
2519,
2520,
2521,
2522,
2523,
2524,
2525,
2526,1.72014085972
2527,80.06167912037
2528,180.04106121746
2529,283.99953015357
2530,359.91207067592
2531,454.45264536006
2532,498.38510256177
2533,537.79957296116
2534,493.90866836924
2535,468.84242562686
2536,414.39593680619
2537,320.89730482038
2538,201.76651183331
2539,79.8126404812
2540,1.6788242166999998
2541,
2542,
2543,
2544,
2545,
2546,
2547,
2548,
2549,
2550,1.72014085972
2551,80.06167912037
2552,180.04106121746
2553,283.99953015357
2554,359.91207067592
2555,454.45264536006
2556,498.38510256177
2557,537.79957296116
2558,493.90866836924
2559,468.84242562686
2560,414.39593680619
2561,320.89730482038
2562,201.76651183331
2563,79.8126404812
2564,1.6788242166999998
2565,
2566,
2567,
2568,
2569,
2570,
2571,
2572,
2573,
2574,1.72014085972
2575,80.06167912037
2576,180.04106121746
2577,283.99953015357
2578,359.91207067592
2579,454.45264536006
2580,498.38510256177
2581,537.79957296116
2582,493.90866836924
2583,468.84242562686
2584,414.39593680619
2585,320.89730482038
2586,201.76651183331
2587,79.8126404812
2588,1.6788242166999998
2589,
2590,
2591,
2592,
2593,
2594,
2595,
2596,
2597,
2598,1.72014085972
2599,80.06167912037
2600,180.04106121746
2601,283.99953015357
2602,359.91207067592
2603,454.45264536006
2604,498.38510256177
2605,537.79957296116
2606,493.90866836924
2607,468.84242562686
2608,414.39593680619
2609,320.89730482038
2610,201.76651183331
2611,79.8126404812
2612,1.6788242166999998
2613,
2614,
2615,
2616,
2617,
2618,
2619,
2620,
2621,
2622,
2623,
2624,5.31687305622
2625,115.25728153949001
2626,283.41423979169997
2627,363.51763678468
2628,381.15758657013004
2629,438.55243089222
2630,349.52376713322997
2631,238.76690591136
2632,95.65035200936
2633,10.37061188723
2634,
2635,
2636,
2637,
2638,
2639,
2640,
2641,
2642,
2643,
2644,
2645,
2646,
2647,
2648,5.31687305622
2649,115.25728153949001
2650,283.41423979169997
2651,363.51763678468
2652,381.15758657013004
2653,438.55243089222
2654,349.52376713322997
2655,238.76690591136
2656,95.65035200936
2657,10.37061188723
2658,
2659,
2660,
2661,
2662,
2663,
2664,
2665,
2666,
2667,
2668,
2669,
2670,
2671,1.69572647974
2672,20.31960024572
2673,52.1873407663
2674,87.05356426493
2675,108.44580289989
2676,123.17394110044
2677,128.04355685912
2678,114.73318219388
2679,95.03897396334
2680,71.78928962879999
2681,40.21468711606
2682,13.478318131930001
2683,
2684,
2685,
2686,
2687,
2688,
2689,
2690,
2691,
2692,
2693,
2694,
2695,1.69572647974
2696,20.31960024572
2697,52.1873407663
2698,87.05356426493
2699,108.44580289989
2700,123.17394110044
2701,128.04355685912
2702,114.73318219388
2703,95.03897396334
2704,71.78928962879999
2705,40.21468711606
2706,13.478318131930001
2707,
2708,
2709,
2710,
2711,
2712,
2713,
2714,
2715,
2716,
2717,
2718,
2719,1.69572647974
2720,20.31960024572
2721,52.1873407663
2722,87.05356426493
2723,108.44580289989
2724,123.17394110044
2725,128.04355685912
2726,114.73318219388
2727,95.03897396334
2728,71.78928962879999
2729,40.21468711606
2730,13.478318131930001
2731,
2732,
2733,
2734,
2735,
2736,
2737,
2738,
2739,
2740,
2741,
2742,
2743,1.69572647974
2744,20.31960024572
2745,52.1873407663
2746,87.05356426493
2747,108.44580289989
2748,123.17394110044
2749,128.04355685912
2750,114.73318219388
2751,95.03897396334
2752,71.78928962879999
2753,40.21468711606
2754,13.478318131930001
2755,
2756,
2757,
2758,
2759,
2760,
2761,
2762,
2763,
2764,
2765,
2766,1.72014085972
2767,80.06167912037
2768,180.04106121746
2769,283.99953015357
2770,359.91207067592
2771,454.45264536006
2772,498.38510256177
2773,537.79957296116
2774,493.90866836924
2775,468.84242562686
2776,414.39593680619
2777,320.89730482038
2778,201.76651183331
2779,79.8126404812
2780,1.6788242166999998
2781,
2782,
2783,
2784,
2785,
2786,
2787,
2788,
2789,
2790,
2791,1.69572647974
2792,20.31960024572
2793,52.1873407663
2794,87.05356426493
2795,108.44580289989
2796,123.17394110044
2797,128.04355685912
2798,114.73318219388
2799,95.03897396334
2800,71.78928962879999
2801,40.21468711606
2802,13.478318131930001
2803,
2804,
2805,
2806,
2807,
2808,
2809,
2810,
2811,
2812,
2813,
2814,1.72014085972
2815,80.06167912037
2816,180.04106121746
2817,283.99953015357
2818,359.91207067592
2819,454.45264536006
2820,498.38510256177
2821,537.79957296116
2822,493.90866836924
2823,468.84242562686
2824,414.39593680619
2825,320.89730482038
2826,201.76651183331
2827,79.8126404812
2828,1.6788242166999998
2829,
2830,
2831,
2832,
2833,
2834,
2835,
2836,
2837,
2838,1.72014085972
2839,80.06167912037
2840,180.04106121746
2841,283.99953015357
2842,359.91207067592
2843,454.45264536006
2844,498.38510256177
2845,537.79957296116
2846,493.90866836924
2847,468.84242562686
2848,414.39593680619
2849,320.89730482038
2850,201.76651183331
2851,79.8126404812
2852,1.6788242166999998
2853,
2854,
2855,
2856,
2857,
2858,
2859,
2860,
2861,
2862,1.72014085972
2863,80.06167912037
2864,180.04106121746
2865,283.99953015357
2866,359.91207067592
2867,454.45264536006
2868,498.38510256177
2869,537.79957296116
2870,493.90866836924
2871,468.84242562686
2872,414.39593680619
2873,320.89730482038
2874,201.76651183331
2875,79.8126404812
2876,1.6788242166999998
2877,
2878,
2879,
2880,
2881,
2882,
2883,
2884,
2885,
2886,
2887,1.69572647974
2888,20.31960024572
2889,52.1873407663
2890,87.05356426493
2891,108.44580289989
2892,123.17394110044
2893,128.04355685912
2894,114.73318219388
2895,95.03897396334
2896,71.78928962879999
2897,40.21468711606
2898,13.478318131930001
2899,
2900,
2901,
2902,
2903,
2904,
2905,
2906,
2907,
2908,
2909,1.6562878659
2910,132.10476171091
2911,280.05886356139
2912,487.21464336861004
2913,742.59358576249
2914,784.66071028012
2915,843.64596370727
2916,855.5158609632899
2917,845.57965743699
2918,723.6891505831
2919,562.59411243498
2920,539.33317080478
2921,330.31134389429
2922,189.29088127256
2923,51.06563797321
2924,12.84711810125
2925,1.61497122291
2926,
2927,
2928,
2929,
2930,
2931,
2932,
2933,
2934,1.72014085972
2935,80.06167912037
2936,180.04106121746
2937,283.99953015357
2938,359.91207067592
2939,454.45264536006
2940,498.38510256177
2941,537.79957296116
2942,493.90866836924
2943,468.84242562686
2944,414.39593680619
2945,320.89730482038
2946,201.76651183331
2947,79.8126404812
2948,1.6788242166999998
2949,
2950,
2951,
2952,
2953,
2954,
2955,
2956,
2957,
2958,1.72014085972
2959,80.06167912037
2960,180.04106121746
2961,283.99953015357
2962,359.91207067592
2963,454.45264536006
2964,498.38510256177
2965,537.79957296116
2966,493.90866836924
2967,468.84242562686
2968,414.39593680619
2969,320.89730482038
2970,201.76651183331
2971,79.8126404812
2972,1.6788242166999998
2973,
2974,
2975,
2976,
2977,
2978,
2979,
2980,
2981,
2982,73.1179213751
2983,237.77720273448
2984,396.90438305335
2985,582.31560902715
2986,718.85724096558
2987,785.79507698211
2988,854.8798071255
2989,888.09346476498
2990,893.10245066325
2991,852.3279058578901
2992,740.9202340209799
2993,600.87912171545
2994,435.2688857454
2995,261.33868534552
2996,89.00960277356
2997,1.61121516441
2998,
2999,
3000,
3001,
3002,
3003,
3004,
3005,
3006,73.1179213751
3007,237.77720273448
3008,396.90438305335
3009,582.31560902715
3010,718.85724096558
3011,785.79507698211
3012,854.8798071255
3013,888.09346476498
3014,893.10245066325
3015,852.3279058578901
3016,740.9202340209799
3017,600.87912171545
3018,435.2688857454
3019,261.33868534552
3020,89.00960277356
3021,1.61121516441
3022,
3023,
3024,
3025,
3026,
3027,
3028,
3029,
3030,1.72014085972
3031,80.06167912037
3032,180.04106121746
3033,283.99953015357
3034,359.91207067592
3035,454.45264536006
3036,498.38510256177
3037,537.79957296116
3038,493.90866836924
3039,468.84242562686
3040,414.39593680619
3041,320.89730482038
3042,201.76651183331
3043,79.8126404812
3044,1.6788242166999998
3045,
3046,
3047,
3048,
3049,
3050,
3051,
3052,
3053,
3054,1.72014085972
3055,80.06167912037
3056,180.04106121746
3057,283.99953015357
3058,359.91207067592
3059,454.45264536006
3060,498.38510256177
3061,537.79957296116
3062,493.90866836924
3063,468.84242562686
3064,414.39593680619
3065,320.89730482038
3066,201.76651183331
3067,79.8126404812
3068,1.6788242166999998
3069,
3070,
3071,
3072,
3073,
3074,
3075,
3076,
3077,
3078,
3079,11.663580733149999
3080,133.02050505
3081,261.72106274925
3082,369.3814841328
3083,428.78685133265003
3084,497.63310382565
3085,511.22618061203
3086,443.68870923825
3087,389.48488164511
3088,291.82422112253
3089,206.56441455764
3090,97.34654978899
3091,4.92245438732
3092,
3093,
3094,
3095,
3096,
3097,
3098,
3099,
3100,
3101,
3102,
3103,11.663580733149999
3104,133.02050505
3105,261.72106274925
3106,369.3814841328
3107,428.78685133265003
3108,497.63310382565
3109,511.22618061203
3110,443.68870923825
3111,389.48488164511
3112,291.82422112253
3113,206.56441455764
3114,97.34654978899
3115,4.92245438732
3116,
3117,
3118,
3119,
3120,
3121,
3122,
3123,
3124,
3125,
3126,
3127,11.663580733149999
3128,133.02050505
3129,261.72106274925
3130,369.3814841328
3131,428.78685133265003
3132,497.63310382565
3133,511.22618061203
3134,443.68870923825
3135,389.48488164511
3136,291.82422112253
3137,206.56441455764
3138,97.34654978899
3139,4.92245438732
3140,
3141,
3142,
3143,
3144,
3145,
3146,
3147,
3148,
3149,
3150,
3151,1.69572647974
3152,20.31960024572
3153,52.1873407663
3154,87.05356426493
3155,108.44580289989
3156,123.17394110044
3157,128.04355685912
3158,114.73318219388
3159,95.03897396334
3160,71.78928962879999
3161,40.21468711606
3162,13.478318131930001
3163,
3164,
3165,
3166,
3167,
3168,
3169,
3170,
3171,
3172,
3173,
3174,
3175,11.663580733149999
3176,133.02050505
3177,261.72106274925
3178,369.3814841328
3179,428.78685133265003
3180,497.63310382565
3181,511.22618061203
3182,443.68870923825
3183,389.48488164511
3184,291.82422112253
3185,206.56441455764
3186,97.34654978899
3187,4.92245438732
3188,
3189,
3190,
3191,
3192,
3193,
3194,
3195,
3196,
3197,
3198,
3199,11.663580733149999
3200,133.02050505
3201,261.72106274925
3202,369.3814841328
3203,428.78685133265003
3204,497.63310382565
3205,511.22618061203
3206,443.68870923825
3207,389.48488164511
3208,291.82422112253
3209,206.56441455764
3210,97.34654978899
3211,4.92245438732
3212,
3213,
3214,
3215,
3216,
3217,
3218,
3219,
3220,
3221,
3222,73.1179213751
3223,237.77720273448
3224,396.90438305335
3225,582.31560902715
3226,718.85724096558
3227,785.79507698211
3228,854.8798071255
3229,888.09346476498
3230,893.10245066325
3231,852.3279058578901
3232,740.9202340209799
3233,600.87912171545
3234,435.2688857454
3235,261.33868534552
3236,89.00960277356
3237,1.61121516441
3238,
3239,
3240,
3241,
3242,
3243,
3244,
3245,
3246,
3247,11.663580733149999
3248,133.02050505
3249,261.72106274925
3250,369.3814841328
3251,428.78685133265003
3252,497.63310382565
3253,511.22618061203
3254,443.68870923825
3255,389.48488164511
3256,291.82422112253
3257,206.56441455764
3258,97.34654978899
3259,4.92245438732
3260,
3261,
3262,
3263,
3264,
3265,
3266,
3267,
3268,
3269,
3270,
3271,11.663580733149999
3272,133.02050505
3273,261.72106274925
3274,369.3814841328
3275,428.78685133265003
3276,497.63310382565
3277,511.22618061203
3278,443.68870923825
3279,389.48488164511
3280,291.82422112253
3281,206.56441455764
3282,97.34654978899
3283,4.92245438732
3284,
3285,
3286,
3287,
3288,
3289,
3290,
3291,
3292,
3293,
3294,
3295,11.663580733149999
3296,133.02050505
3297,261.72106274925
3298,369.3814841328
3299,428.78685133265003
3300,497.63310382565
3301,511.22618061203
3302,443.68870923825
3303,389.48488164511
3304,291.82422112253
3305,206.56441455764
3306,97.34654978899
3307,4.92245438732
3308,
3309,
3310,
3311,
3312,
3313,
3314,
3315,
3316,
3317,1.6562878659
3318,132.10476171091
3319,280.05886356139
3320,487.21464336861004
3321,742.59358576249
3322,784.66071028012
3323,843.64596370727
3324,855.5158609632899
3325,845.57965743699
3326,723.6891505831
3327,562.59411243498
3328,539.33317080478
3329,330.31134389429
3330,189.29088127256
3331,51.06563797321
3332,12.84711810125
3333,1.61497122291
3334,
3335,
3336,
3337,
3338,
3339,
3340,
3341,1.6562878659
3342,132.10476171091
3343,280.05886356139
3344,487.21464336861004
3345,742.59358576249
3346,784.66071028012
3347,843.64596370727
3348,855.5158609632899
3349,845.57965743699
3350,723.6891505831
3351,562.59411243498
3352,539.33317080478
3353,330.31134389429
3354,189.29088127256
3355,51.06563797321
3356,12.84711810125
3357,1.61497122291
3358,
3359,
3360,
3361,
3362,
3363,
3364,
3365,
3366,73.1179213751
3367,237.77720273448
3368,396.90438305335
3369,582.31560902715
3370,718.85724096558
3371,785.79507698211
3372,854.8798071255
3373,888.09346476498
3374,893.10245066325
3375,852.3279058578901
3376,740.9202340209799
3377,600.87912171545
3378,435.2688857454
3379,261.33868534552
3380,89.00960277356
3381,1.61121516441
3382,
3383,
3384,
3385,
3386,
3387,
3388,
3389,
3390,
3391,11.663580733149999
3392,133.02050505
3393,261.72106274925
3394,369.3814841328
3395,428.78685133265003
3396,497.63310382565
3397,511.22618061203
3398,443.68870923825
3399,389.48488164511
3400,291.82422112253
3401,206.56441455764
3402,97.34654978899
3403,4.92245438732
3404,
3405,
3406,
3407,
3408,
3409,
3410,
3411,
3412,
3413,
3414,
3415,11.663580733149999
3416,133.02050505
3417,261.72106274925
3418,369.3814841328
3419,428.78685133265003
3420,497.63310382565
3421,511.22618061203
3422,443.68870923825
3423,389.48488164511
3424,291.82422112253
3425,206.56441455764
3426,97.34654978899
3427,4.92245438732
3428,
3429,
3430,
3431,
3432,
3433,
3434,
3435,
3436,
3437,
3438,
3439,11.663580733149999
3440,133.02050505
3441,261.72106274925
3442,369.3814841328
3443,428.78685133265003
3444,497.63310382565
3445,511.22618061203
3446,443.68870923825
3447,389.48488164511
3448,291.82422112253
3449,206.56441455764
3450,97.34654978899
3451,4.92245438732
3452,
3453,
3454,
3455,
3456,
3457,
3458,
3459,
3460,
3461,
3462,
3463,11.663580733149999
3464,133.02050505
3465,261.72106274925
3466,369.3814841328
3467,428.78685133265003
3468,497.63310382565
3469,511.22618061203
3470,443.68870923825
3471,389.48488164511
3472,291.82422112253
3473,206.56441455764
3474,97.34654978899
3475,4.92245438732
3476,
3477,
3478,
3479,
3480,
3481,
3482,
3483,
3484,
3485,
3486,77.69010956949
3487,276.25201348018
3488,263.13696805855
3489,356.07785830981
3490,638.18244000411
3491,791.01015930379
3492,1012.38826210195
3493,436.12851875607
3494,670.47080552376
3495,586.66818060628
3496,547.45795703211
3497,156.46144947144
3498,198.82985149431
3499,34.76423436263
3500,20.61772254782
3501,1.59431290133
3502,
3503,
3504,
3505,
3506,
3507,
3508,
3509,
3510,77.69010956949
3511,276.25201348018
3512,263.13696805855
3513,356.07785830981
3514,638.18244000411
3515,791.01015930379
3516,1012.38826210195
3517,436.12851875607
3518,670.47080552376
3519,586.66818060628
3520,547.45795703211
3521,156.46144947144
3522,198.82985149431
3523,34.76423436263
3524,20.61772254782
3525,1.59431290133
3526,
3527,
3528,
3529,
3530,
3531,
3532,
3533,
3534,77.69010956949
3535,276.25201348018
3536,263.13696805855
3537,356.07785830981
3538,638.18244000411
3539,791.01015930379
3540,1012.38826210195
3541,436.12851875607
3542,670.47080552376
3543,586.66818060628
3544,547.45795703211
3545,156.46144947144
3546,198.82985149431
3547,34.76423436263
3548,20.61772254782
3549,1.59431290133
3550,
3551,
3552,
3553,
3554,
3555,
3556,
3557,1.6562878659
3558,132.10476171091
3559,280.05886356139
3560,487.21464336861004
3561,742.59358576249
3562,784.66071028012
3563,843.64596370727
3564,855.5158609632899
3565,845.57965743699
3566,723.6891505831
3567,562.59411243498
3568,539.33317080478
3569,330.31134389429
3570,189.29088127256
3571,51.06563797321
3572,12.84711810125
3573,1.61497122291
3574,
3575,
3576,
3577,
3578,
3579,
3580,
3581,
3582,
3583,11.663580733149999
3584,133.02050505
3585,261.72106274925
3586,369.3814841328
3587,428.78685133265003
3588,497.63310382565
3589,511.22618061203
3590,443.68870923825
3591,389.48488164511
3592,291.82422112253
3593,206.56441455764
3594,97.34654978899
3595,4.92245438732
3596,
3597,
3598,
3599,
3600,
3601,
3602,
3603,
3604,
3605,
3606,73.1179213751
3607,237.77720273448
3608,396.90438305335
3609,582.31560902715
3610,718.85724096558
3611,785.79507698211
3612,854.8798071255
3613,888.09346476498
3614,893.10245066325
3615,852.3279058578901
3616,740.9202340209799
3617,600.87912171545
3618,435.2688857454
3619,261.33868534552
3620,89.00960277356
3621,1.61121516441
3622,
3623,
3624,
3625,
3626,
3627,
3628,
3629,
3630,
3631,11.663580733149999
3632,133.02050505
3633,261.72106274925
3634,369.3814841328
3635,428.78685133265003
3636,497.63310382565
3637,511.22618061203
3638,443.68870923825
3639,389.48488164511
3640,291.82422112253
3641,206.56441455764
3642,97.34654978899
3643,4.92245438732
3644,
3645,
3646,
3647,
3648,
3649,
3650,
3651,
3652,
3653,
3654,
3655,11.663580733149999
3656,133.02050505
3657,261.72106274925
3658,369.3814841328
3659,428.78685133265003
3660,497.63310382565
3661,511.22618061203
3662,443.68870923825
3663,389.48488164511
3664,291.82422112253
3665,206.56441455764
3666,97.34654978899
3667,4.92245438732
3668,
3669,
3670,
3671,
3672,
3673,
3674,
3675,
3676,
3677,
3678,73.1179213751
3679,237.77720273448
3680,396.90438305335
3681,582.31560902715
3682,718.85724096558
3683,785.79507698211
3684,854.8798071255
3685,888.09346476498
3686,893.10245066325
3687,852.3279058578901
3688,740.9202340209799
3689,600.87912171545
3690,435.2688857454
3691,261.33868534552
3692,89.00960277356
3693,1.61121516441
3694,
3695,
3696,
3697,
3698,
3699,
3700,
3701,
3702,
3703,11.663580733149999
3704,133.02050505
3705,261.72106274925
3706,369.3814841328
3707,428.78685133265003
3708,497.63310382565
3709,511.22618061203
3710,443.68870923825
3711,389.48488164511
3712,291.82422112253
3713,206.56441455764
3714,97.34654978899
3715,4.92245438732
3716,
3717,
3718,
3719,
3720,
3721,
3722,
3723,
3724,
3725,
3726,
3727,11.663580733149999
3728,133.02050505
3729,261.72106274925
3730,369.3814841328
3731,428.78685133265003
3732,497.63310382565
3733,511.22618061203
3734,443.68870923825
3735,389.48488164511
3736,291.82422112253
3737,206.56441455764
3738,97.34654978899
3739,4.92245438732
3740,
3741,
3742,
3743,
3744,
3745,
3746,
3747,
3748,
3749,
3750,77.69010956949
3751,276.25201348018
3752,263.13696805855
3753,356.07785830981
3754,638.18244000411
3755,791.01015930379
3756,1012.38826210195
3757,436.12851875607
3758,670.47080552376
3759,586.66818060628
3760,547.45795703211
3761,156.46144947144
3762,198.82985149431
3763,34.76423436263
3764,20.61772254782
3765,1.59431290133
3766,
3767,
3768,
3769,
3770,
3771,
3772,
3773,
3774,
3775,11.663580733149999
3776,133.02050505
3777,261.72106274925
3778,369.3814841328
3779,428.78685133265003
3780,497.63310382565
3781,511.22618061203
3782,443.68870923825
3783,389.48488164511
3784,291.82422112253
3785,206.56441455764
3786,97.34654978899
3787,4.92245438732
3788,
3789,
3790,
3791,
3792,
3793,
3794,
3795,
3796,
3797,
3798,
3799,11.663580733149999
3800,133.02050505
3801,261.72106274925
3802,369.3814841328
3803,428.78685133265003
3804,497.63310382565
3805,511.22618061203
3806,443.68870923825
3807,389.48488164511
3808,291.82422112253
3809,206.56441455764
3810,97.34654978899
3811,4.92245438732
3812,
3813,
3814,
3815,
3816,
3817,
3818,
3819,
3820,
3821,
3822,
3823,11.663580733149999
3824,133.02050505
3825,261.72106274925
3826,369.3814841328
3827,428.78685133265003
3828,497.63310382565
3829,511.22618061203
3830,443.68870923825
3831,389.48488164511
3832,291.82422112253
3833,206.56441455764
3834,97.34654978899
3835,4.92245438732
3836,
3837,
3838,
3839,
3840,
3841,
3842,
3843,
3844,
3845,1.6562878659
3846,132.10476171091
3847,280.05886356139
3848,487.21464336861004
3849,742.59358576249
3850,784.66071028012
3851,843.64596370727
3852,855.5158609632899
3853,845.57965743699
3854,723.6891505831
3855,562.59411243498
3856,539.33317080478
3857,330.31134389429
3858,189.29088127256
3859,51.06563797321
3860,12.84711810125
3861,1.61497122291
3862,
3863,
3864,
3865,
3866,
3867,
3868,
3869,1.6562878659
3870,132.10476171091
3871,280.05886356139
3872,487.21464336861004
3873,742.59358576249
3874,784.66071028012
3875,843.64596370727
3876,855.5158609632899
3877,845.57965743699
3878,723.6891505831
3879,562.59411243498
3880,539.33317080478
3881,330.31134389429
3882,189.29088127256
3883,51.06563797321
3884,12.84711810125
3885,1.61497122291
3886,
3887,
3888,
3889,
3890,
3891,
3892,
3893,
3894,77.69010956949
3895,276.25201348018
3896,263.13696805855
3897,356.07785830981
3898,638.18244000411
3899,791.01015930379
3900,1012.38826210195
3901,436.12851875607
3902,670.47080552376
3903,586.66818060628
3904,547.45795703211
3905,156.46144947144
3906,198.82985149431
3907,34.76423436263
3908,20.61772254782
3909,1.59431290133
3910,
3911,
3912,
3913,
3914,
3915,
3916,
3917,1.6562878659
3918,132.10476171091
3919,280.05886356139
3920,487.21464336861004
3921,742.59358576249
3922,784.66071028012
3923,843.64596370727
3924,855.5158609632899
3925,845.57965743699
3926,723.6891505831
3927,562.59411243498
3928,539.33317080478
3929,330.31134389429
3930,189.29088127256
3931,51.06563797321
3932,12.84711810125
3933,1.61497122291
3934,
3935,
3936,
3937,
3938,
3939,
3940,
3941,
3942,73.1179213751
3943,237.77720273448
3944,396.90438305335
3945,582.31560902715
3946,718.85724096558
3947,785.79507698211
3948,854.8798071255
3949,888.09346476498
3950,893.10245066325
3951,852.3279058578901
3952,740.9202340209799
3953,600.87912171545
3954,435.2688857454
3955,261.33868534552
3956,89.00960277356
3957,1.61121516441
3958,
3959,
3960,
3961,
3962,
3963,
3964,
3965,
3966,
3967,11.663580733149999
3968,133.02050505
3969,261.72106274925
3970,369.3814841328
3971,428.78685133265003
3972,497.63310382565
3973,511.22618061203
3974,443.68870923825
3975,389.48488164511
3976,291.82422112253
3977,206.56441455764
3978,97.34654978899
3979,4.92245438732
3980,
3981,
3982,
3983,
3984,
3985,
3986,
3987,
3988,
3989,1.6562878659
3990,132.10476171091
3991,280.05886356139
3992,487.21464336861004
3993,742.59358576249
3994,784.66071028012
3995,843.64596370727
3996,855.5158609632899
3997,845.57965743699
3998,723.6891505831
3999,562.59411243498
4000,539.33317080478
4001,330.31134389429
4002,189.29088127256
4003,51.06563797321
4004,12.84711810125
4005,1.61497122291
4006,
4007,
4008,
4009,
4010,
4011,
4012,
4013,
4014,73.1179213751
4015,237.77720273448
4016,396.90438305335
4017,582.31560902715
4018,718.85724096558
4019,785.79507698211
4020,854.8798071255
4021,888.09346476498
4022,893.10245066325
4023,852.3279058578901
4024,740.9202340209799
4025,600.87912171545
4026,435.2688857454
4027,261.33868534552
4028,89.00960277356
4029,1.61121516441
4030,
4031,
4032,
4033,
4034,
4035,
4036,
4037,
4038,77.69010956949
4039,276.25201348018
4040,263.13696805855
4041,356.07785830981
4042,638.18244000411
4043,791.01015930379
4044,1012.38826210195
4045,436.12851875607
4046,670.47080552376
4047,586.66818060628
4048,547.45795703211
4049,156.46144947144
4050,198.82985149431
4051,34.76423436263
4052,20.61772254782
4053,1.59431290133
4054,
4055,
4056,
4057,
4058,
4059,
4060,
4061,
4062,77.69010956949
4063,276.25201348018
4064,263.13696805855
4065,356.07785830981
4066,638.18244000411
4067,791.01015930379
4068,1012.38826210195
4069,436.12851875607
4070,670.47080552376
4071,586.66818060628
4072,547.45795703211
4073,156.46144947144
4074,198.82985149431
4075,34.76423436263
4076,20.61772254782
4077,1.59431290133
4078,
4079,
4080,
4081,
4082,
4083,
4084,
4085,
4086,77.69010956949
4087,276.25201348018
4088,263.13696805855
4089,356.07785830981
4090,638.18244000411
4091,791.01015930379
4092,1012.38826210195
4093,436.12851875607
4094,670.47080552376
4095,586.66818060628
4096,547.45795703211
4097,156.46144947144
4098,198.82985149431
4099,34.76423436263
4100,20.61772254782
4101,1.59431290133
4102,
4103,
4104,
4105,
4106,
4107,
4108,
4109,
4110,77.69010956949
4111,276.25201348018
4112,263.13696805855
4113,356.07785830981
4114,638.18244000411
4115,791.01015930379
4116,1012.38826210195
4117,436.12851875607
4118,670.47080552376
4119,586.66818060628
4120,547.45795703211
4121,156.46144947144
4122,198.82985149431
4123,34.76423436263
4124,20.61772254782
4125,1.59431290133
4126,
4127,
4128,
4129,
4130,
4131,
4132,
4133,
4134,73.1179213751
4135,237.77720273448
4136,396.90438305335
4137,582.31560902715
4138,718.85724096558
4139,785.79507698211
4140,854.8798071255
4141,888.09346476498
4142,893.10245066325
4143,852.3279058578901
4144,740.9202340209799
4145,600.87912171545
4146,435.2688857454
4147,261.33868534552
4148,89.00960277356
4149,1.61121516441
4150,
4151,
4152,
4153,
4154,
4155,
4156,
4157,
4158,73.1179213751
4159,237.77720273448
4160,396.90438305335
4161,582.31560902715
4162,718.85724096558
4163,785.79507698211
4164,854.8798071255
4165,888.09346476498
4166,893.10245066325
4167,852.3279058578901
4168,740.9202340209799
4169,600.87912171545
4170,435.2688857454
4171,261.33868534552
4172,89.00960277356
4173,1.61121516441
4174,
4175,
4176,
4177,
4178,
4179,
4180,
4181,1.6562878659
4182,132.10476171091
4183,280.05886356139
4184,487.21464336861004
4185,742.59358576249
4186,784.66071028012
4187,843.64596370727
4188,855.5158609632899
4189,845.57965743699
4190,723.6891505831
4191,562.59411243498
4192,539.33317080478
4193,330.31134389429
4194,189.29088127256
4195,51.06563797321
4196,12.84711810125
4197,1.61497122291
4198,
4199,
4200,
4201,
4202,
4203,
4204,
4205,1.6562878659
4206,132.10476171091
4207,280.05886356139
4208,487.21464336861004
4209,742.59358576249
4210,784.66071028012
4211,843.64596370727
4212,855.5158609632899
4213,845.57965743699
4214,723.6891505831
4215,562.59411243498
4216,539.33317080478
4217,330.31134389429
4218,189.29088127256
4219,51.06563797321
4220,12.84711810125
4221,1.61497122291
4222,
4223,
4224,
4225,
4226,
4227,
4228,
4229,
4230,73.1179213751
4231,237.77720273448
4232,396.90438305335
4233,582.31560902715
4234,718.85724096558
4235,785.79507698211
4236,854.8798071255
4237,888.09346476498
4238,893.10245066325
4239,852.3279058578901
4240,740.9202340209799
4241,600.87912171545
4242,435.2688857454
4243,261.33868534552
4244,89.00960277356
4245,1.61121516441
4246,
4247,
4248,
4249,
4250,
4251,
4252,
4253,
4254,73.1179213751
4255,237.77720273448
4256,396.90438305335
4257,582.31560902715
4258,718.85724096558
4259,785.79507698211
4260,854.8798071255
4261,888.09346476498
4262,893.10245066325
4263,852.3279058578901
4264,740.9202340209799
4265,600.87912171545
4266,435.2688857454
4267,261.33868534552
4268,89.00960277356
4269,1.61121516441
4270,
4271,
4272,
4273,
4274,
4275,
4276,
4277,1.6562878659
4278,132.10476171091
4279,280.05886356139
4280,487.21464336861004
4281,742.59358576249
4282,784.66071028012
4283,843.64596370727
4284,855.5158609632899
4285,845.57965743699
4286,723.6891505831
4287,562.59411243498
4288,539.33317080478
4289,330.31134389429
4290,189.29088127256
4291,51.06563797321
4292,12.84711810125
4293,1.61497122291
4294,
4295,
4296,
4297,
4298,
4299,
4300,
4301,
4302,73.1179213751
4303,237.77720273448
4304,396.90438305335
4305,582.31560902715
4306,718.85724096558
4307,785.79507698211
4308,854.8798071255
4309,888.09346476498
4310,893.10245066325
4311,852.3279058578901
4312,740.9202340209799
4313,600.87912171545
4314,435.2688857454
4315,261.33868534552
4316,89.00960277356
4317,1.61121516441
4318,
4319,
4320,
4321,
4322,
4323,
4324,
4325,
4326,73.1179213751
4327,237.77720273448
4328,396.90438305335
4329,582.31560902715
4330,718.85724096558
4331,785.79507698211
4332,854.8798071255
4333,888.09346476498
4334,893.10245066325
4335,852.3279058578901
4336,740.9202340209799
4337,600.87912171545
4338,435.2688857454
4339,261.33868534552
4340,89.00960277356
4341,1.61121516441
4342,
4343,
4344,
4345,
4346,
4347,
4348,
4349,
4350,
4351,11.663580733149999
4352,133.02050505
4353,261.72106274925
4354,369.3814841328
4355,428.78685133265003
4356,497.63310382565
4357,511.22618061203
4358,443.68870923825
4359,389.48488164511
4360,291.82422112253
4361,206.56441455764
4362,97.34654978899
4363,4.92245438732
4364,
4365,
4366,
4367,
4368,
4369,
4370,
4371,
4372,
4373,
4374,77.69010956949
4375,276.25201348018
4376,263.13696805855
4377,356.07785830981
4378,638.18244000411
4379,791.01015930379
4380,1012.38826210195
4381,436.12851875607
4382,670.47080552376
4383,586.66818060628
4384,547.45795703211
4385,156.46144947144
4386,198.82985149431
4387,34.76423436263
4388,20.61772254782
4389,1.59431290133
4390,
4391,
4392,
4393,
4394,
4395,
4396,
4397,
4398,73.1179213751
4399,237.77720273448
4400,396.90438305335
4401,582.31560902715
4402,718.85724096558
4403,785.79507698211
4404,854.8798071255
4405,888.09346476498
4406,893.10245066325
4407,852.3279058578901
4408,740.9202340209799
4409,600.87912171545
4410,435.2688857454
4411,261.33868534552
4412,89.00960277356
4413,1.61121516441
4414,
4415,
4416,
4417,
4418,
4419,
4420,
4421,1.6562878659
4422,132.10476171091
4423,280.05886356139
4424,487.21464336861004
4425,742.59358576249
4426,784.66071028012
4427,843.64596370727
4428,855.5158609632899
4429,845.57965743699
4430,723.6891505831
4431,562.59411243498
4432,539.33317080478
4433,330.31134389429
4434,189.29088127256
4435,51.06563797321
4436,12.84711810125
4437,1.61497122291
4438,
4439,
4440,
4441,
4442,
4443,
4444,
4445,
4446,73.1179213751
4447,237.77720273448
4448,396.90438305335
4449,582.31560902715
4450,718.85724096558
4451,785.79507698211
4452,854.8798071255
4453,888.09346476498
4454,893.10245066325
4455,852.3279058578901
4456,740.9202340209799
4457,600.87912171545
4458,435.2688857454
4459,261.33868534552
4460,89.00960277356
4461,1.61121516441
4462,
4463,
4464,
4465,
4466,
4467,
4468,
4469,
4470,73.1179213751
4471,237.77720273448
4472,396.90438305335
4473,582.31560902715
4474,718.85724096558
4475,785.79507698211
4476,854.8798071255
4477,888.09346476498
4478,893.10245066325
4479,852.3279058578901
4480,740.9202340209799
4481,600.87912171545
4482,435.2688857454
4483,261.33868534552
4484,89.00960277356
4485,1.61121516441
4486,
4487,
4488,
4489,
4490,
4491,
4492,
4493,
4494,73.1179213751
4495,237.77720273448
4496,396.90438305335
4497,582.31560902715
4498,718.85724096558
4499,785.79507698211
4500,854.8798071255
4501,888.09346476498
4502,893.10245066325
4503,852.3279058578901
4504,740.9202340209799
4505,600.87912171545
4506,435.2688857454
4507,261.33868534552
4508,89.00960277356
4509,1.61121516441
4510,
4511,
4512,
4513,
4514,
4515,
4516,
4517,
4518,73.1179213751
4519,237.77720273448
4520,396.90438305335
4521,582.31560902715
4522,718.85724096558
4523,785.79507698211
4524,854.8798071255
4525,888.09346476498
4526,893.10245066325
4527,852.3279058578901
4528,740.9202340209799
4529,600.87912171545
4530,435.2688857454
4531,261.33868534552
4532,89.00960277356
4533,1.61121516441
4534,
4535,
4536,
4537,
4538,
4539,
4540,
4541,
4542,77.69010956949
4543,276.25201348018
4544,263.13696805855
4545,356.07785830981
4546,638.18244000411
4547,791.01015930379
4548,1012.38826210195
4549,436.12851875607
4550,670.47080552376
4551,586.66818060628
4552,547.45795703211
4553,156.46144947144
4554,198.82985149431
4555,34.76423436263
4556,20.61772254782
4557,1.59431290133
4558,
4559,
4560,
4561,
4562,
4563,
4564,
4565,
4566,73.1179213751
4567,237.77720273448
4568,396.90438305335
4569,582.31560902715
4570,718.85724096558
4571,785.79507698211
4572,854.8798071255
4573,888.09346476498
4574,893.10245066325
4575,852.3279058578901
4576,740.9202340209799
4577,600.87912171545
4578,435.2688857454
4579,261.33868534552
4580,89.00960277356
4581,1.61121516441
4582,
4583,
4584,
4585,
4586,
4587,
4588,
4589,
4590,77.69010956949
4591,276.25201348018
4592,263.13696805855
4593,356.07785830981
4594,638.18244000411
4595,791.01015930379
4596,1012.38826210195
4597,436.12851875607
4598,670.47080552376
4599,586.66818060628
4600,547.45795703211
4601,156.46144947144
4602,198.82985149431
4603,34.76423436263
4604,20.61772254782
4605,1.59431290133
4606,
4607,
4608,
4609,
4610,
4611,
4612,
4613,1.6562878659
4614,132.10476171091
4615,280.05886356139
4616,487.21464336861004
4617,742.59358576249
4618,784.66071028012
4619,843.64596370727
4620,855.5158609632899
4621,845.57965743699
4622,723.6891505831
4623,562.59411243498
4624,539.33317080478
4625,330.31134389429
4626,189.29088127256
4627,51.06563797321
4628,12.84711810125
4629,1.61497122291
4630,
4631,
4632,
4633,
4634,
4635,
4636,
4637,
4638,73.1179213751
4639,237.77720273448
4640,396.90438305335
4641,582.31560902715
4642,718.85724096558
4643,785.79507698211
4644,854.8798071255
4645,888.09346476498
4646,893.10245066325
4647,852.3279058578901
4648,740.9202340209799
4649,600.87912171545
4650,435.2688857454
4651,261.33868534552
4652,89.00960277356
4653,1.61121516441
4654,
4655,
4656,
4657,
4658,
4659,
4660,
4661,1.6562878659
4662,132.10476171091
4663,280.05886356139
4664,487.21464336861004
4665,742.59358576249
4666,784.66071028012
4667,843.64596370727
4668,855.5158609632899
4669,845.57965743699
4670,723.6891505831
4671,562.59411243498
4672,539.33317080478
4673,330.31134389429
4674,189.29088127256
4675,51.06563797321
4676,12.84711810125
4677,1.61497122291
4678,
4679,
4680,
4681,
4682,
4683,
4684,
4685,1.6562878659
4686,132.10476171091
4687,280.05886356139
4688,487.21464336861004
4689,742.59358576249
4690,784.66071028012
4691,843.64596370727
4692,855.5158609632899
4693,845.57965743699
4694,723.6891505831
4695,562.59411243498
4696,539.33317080478
4697,330.31134389429
4698,189.29088127256
4699,51.06563797321
4700,12.84711810125
4701,1.61497122291
4702,
4703,
4704,
4705,
4706,
4707,
4708,
4709,1.6562878659
4710,132.10476171091
4711,280.05886356139
4712,487.21464336861004
4713,742.59358576249
4714,784.66071028012
4715,843.64596370727
4716,855.5158609632899
4717,845.57965743699
4718,723.6891505831
4719,562.59411243498
4720,539.33317080478
4721,330.31134389429
4722,189.29088127256
4723,51.06563797321
4724,12.84711810125
4725,1.61497122291
4726,
4727,
4728,
4729,
4730,
4731,
4732,
4733,
4734,73.1179213751
4735,237.77720273448
4736,396.90438305335
4737,582.31560902715
4738,718.85724096558
4739,785.79507698211
4740,854.8798071255
4741,888.09346476498
4742,893.10245066325
4743,852.3279058578901
4744,740.9202340209799
4745,600.87912171545
4746,435.2688857454
4747,261.33868534552
4748,89.00960277356
4749,1.61121516441
4750,
4751,
4752,
4753,
4754,
4755,
4756,
4757,
4758,77.69010956949
4759,276.25201348018
4760,263.13696805855
4761,356.07785830981
4762,638.18244000411
4763,791.01015930379
4764,1012.38826210195
4765,436.12851875607
4766,670.47080552376
4767,586.66818060628
4768,547.45795703211
4769,156.46144947144
4770,198.82985149431
4771,34.76423436263
4772,20.61772254782
4773,1.59431290133
4774,
4775,
4776,
4777,
4778,
4779,
4780,
4781,1.6562878659
4782,132.10476171091
4783,280.05886356139
4784,487.21464336861004
4785,742.59358576249
4786,784.66071028012
4787,843.64596370727
4788,855.5158609632899
4789,845.57965743699
4790,723.6891505831
4791,562.59411243498
4792,539.33317080478
4793,330.31134389429
4794,189.29088127256
4795,51.06563797321
4796,12.84711810125
4797,1.61497122291
4798,
4799,
4800,
4801,
4802,
4803,
4804,
4805,
4806,73.1179213751
4807,237.77720273448
4808,396.90438305335
4809,582.31560902715
4810,718.85724096558
4811,785.79507698211
4812,854.8798071255
4813,888.09346476498
4814,893.10245066325
4815,852.3279058578901
4816,740.9202340209799
4817,600.87912171545
4818,435.2688857454
4819,261.33868534552
4820,89.00960277356
4821,1.61121516441
4822,
4823,
4824,
4825,
4826,
4827,
4828,
4829,
4830,77.69010956949
4831,276.25201348018
4832,263.13696805855
4833,356.07785830981
4834,638.18244000411
4835,791.01015930379
4836,1012.38826210195
4837,436.12851875607
4838,670.47080552376
4839,586.66818060628
4840,547.45795703211
4841,156.46144947144
4842,198.82985149431
4843,34.76423436263
4844,20.61772254782
4845,1.59431290133
4846,
4847,
4848,
4849,
4850,
4851,
4852,
4853,
4854,77.69010956949
4855,276.25201348018
4856,263.13696805855
4857,356.07785830981
4858,638.18244000411
4859,791.01015930379
4860,1012.38826210195
4861,436.12851875607
4862,670.47080552376
4863,586.66818060628
4864,547.45795703211
4865,156.46144947144
4866,198.82985149431
4867,34.76423436263
4868,20.61772254782
4869,1.59431290133
4870,
4871,
4872,
4873,
4874,
4875,
4876,
4877,
4878,73.1179213751
4879,237.77720273448
4880,396.90438305335
4881,582.31560902715
4882,718.85724096558
4883,785.79507698211
4884,854.8798071255
4885,888.09346476498
4886,893.10245066325
4887,852.3279058578901
4888,740.9202340209799
4889,600.87912171545
4890,435.2688857454
4891,261.33868534552
4892,89.00960277356
4893,1.61121516441
4894,
4895,
4896,
4897,
4898,
4899,
4900,
4901,1.6562878659
4902,132.10476171091
4903,280.05886356139
4904,487.21464336861004
4905,742.59358576249
4906,784.66071028012
4907,843.64596370727
4908,855.5158609632899
4909,845.57965743699
4910,723.6891505831
4911,562.59411243498
4912,539.33317080478
4913,330.31134389429
4914,189.29088127256
4915,51.06563797321
4916,12.84711810125
4917,1.61497122291
4918,
4919,
4920,
4921,
4922,
4923,
4924,
4925,
4926,73.1179213751
4927,237.77720273448
4928,396.90438305335
4929,582.31560902715
4930,718.85724096558
4931,785.79507698211
4932,854.8798071255
4933,888.09346476498
4934,893.10245066325
4935,852.3279058578901
4936,740.9202340209799
4937,600.87912171545
4938,435.2688857454
4939,261.33868534552
4940,89.00960277356
4941,1.61121516441
4942,
4943,
4944,
4945,
4946,
4947,
4948,
4949,
4950,73.1179213751
4951,237.77720273448
4952,396.90438305335
4953,582.31560902715
4954,718.85724096558
4955,785.79507698211
4956,854.8798071255
4957,888.09346476498
4958,893.10245066325
4959,852.3279058578901
4960,740.9202340209799
4961,600.87912171545
4962,435.2688857454
4963,261.33868534552
4964,89.00960277356
4965,1.61121516441
4966,
4967,
4968,
4969,
4970,
4971,
4972,
4973,
4974,73.1179213751
4975,237.77720273448
4976,396.90438305335
4977,582.31560902715
4978,718.85724096558
4979,785.79507698211
4980,854.8798071255
4981,888.09346476498
4982,893.10245066325
4983,852.3279058578901
4984,740.9202340209799
4985,600.87912171545
4986,435.2688857454
4987,261.33868534552
4988,89.00960277356
4989,1.61121516441
4990,
4991,
4992,
4993,
4994,
4995,
4996,
4997,1.6562878659
4998,132.10476171091
4999,280.05886356139
5000,487.21464336861004
5001,742.59358576249
5002,784.66071028012
5003,843.64596370727
5004,855.5158609632899
5005,845.57965743699
5006,723.6891505831
5007,562.59411243498
5008,539.33317080478
5009,330.31134389429
5010,189.29088127256
5011,51.06563797321
5012,12.84711810125
5013,1.61497122291
5014,
5015,
5016,
5017,
5018,
5019,
5020,
5021,
5022,77.69010956949
5023,276.25201348018
5024,263.13696805855
5025,356.07785830981
5026,638.18244000411
5027,791.01015930379
5028,1012.38826210195
5029,436.12851875607
5030,670.47080552376
5031,586.66818060628
5032,547.45795703211
5033,156.46144947144
5034,198.82985149431
5035,34.76423436263
5036,20.61772254782
5037,1.59431290133
5038,
5039,
5040,
5041,
5042,
5043,
5044,
5045,
5046,73.1179213751
5047,237.77720273448
5048,396.90438305335
5049,582.31560902715
5050,718.85724096558
5051,785.79507698211
5052,854.8798071255
5053,888.09346476498
5054,893.10245066325
5055,852.3279058578901
5056,740.9202340209799
5057,600.87912171545
5058,435.2688857454
5059,261.33868534552
5060,89.00960277356
5061,1.61121516441
5062,
5063,
5064,
5065,
5066,
5067,
5068,
5069,
5070,73.1179213751
5071,237.77720273448
5072,396.90438305335
5073,582.31560902715
5074,718.85724096558
5075,785.79507698211
5076,854.8798071255
5077,888.09346476498
5078,893.10245066325
5079,852.3279058578901
5080,740.9202340209799
5081,600.87912171545
5082,435.2688857454
5083,261.33868534552
5084,89.00960277356
5085,1.61121516441
5086,
5087,
5088,
5089,
5090,
5091,
5092,
5093,
5094,73.1179213751
5095,237.77720273448
5096,396.90438305335
5097,582.31560902715
5098,718.85724096558
5099,785.79507698211
5100,854.8798071255
5101,888.09346476498
5102,893.10245066325
5103,852.3279058578901
5104,740.9202340209799
5105,600.87912171545
5106,435.2688857454
5107,261.33868534552
5108,89.00960277356
5109,1.61121516441
5110,
5111,
5112,
5113,
5114,
5115,
5116,
5117,
5118,73.1179213751
5119,237.77720273448
5120,396.90438305335
5121,582.31560902715
5122,718.85724096558
5123,785.79507698211
5124,854.8798071255
5125,888.09346476498
5126,893.10245066325
5127,852.3279058578901
5128,740.9202340209799
5129,600.87912171545
5130,435.2688857454
5131,261.33868534552
5132,89.00960277356
5133,1.61121516441
5134,
5135,
5136,
5137,
5138,
5139,
5140,
5141,
5142,
5143,11.663580733149999
5144,133.02050505
5145,261.72106274925
5146,369.3814841328
5147,428.78685133265003
5148,497.63310382565
5149,511.22618061203
5150,443.68870923825
5151,389.48488164511
5152,291.82422112253
5153,206.56441455764
5154,97.34654978899
5155,4.92245438732
5156,
5157,
5158,
5159,
5160,
5161,
5162,
5163,
5164,
5165,
5166,
5167,11.663580733149999
5168,133.02050505
5169,261.72106274925
5170,369.3814841328
5171,428.78685133265003
5172,497.63310382565
5173,511.22618061203
5174,443.68870923825
5175,389.48488164511
5176,291.82422112253
5177,206.56441455764
5178,97.34654978899
5179,4.92245438732
5180,
5181,
5182,
5183,
5184,
5185,
5186,
5187,
5188,
5189,1.6562878659
5190,132.10476171091
5191,280.05886356139
5192,487.21464336861004
5193,742.59358576249
5194,784.66071028012
5195,843.64596370727
5196,855.5158609632899
5197,845.57965743699
5198,723.6891505831
5199,562.59411243498
5200,539.33317080478
5201,330.31134389429
5202,189.29088127256
5203,51.06563797321
5204,12.84711810125
5205,1.61497122291
5206,
5207,
5208,
5209,
5210,
5211,
5212,
5213,1.6562878659
5214,132.10476171091
5215,280.05886356139
5216,487.21464336861004
5217,742.59358576249
5218,784.66071028012
5219,843.64596370727
5220,855.5158609632899
5221,845.57965743699
5222,723.6891505831
5223,562.59411243498
5224,539.33317080478
5225,330.31134389429
5226,189.29088127256
5227,51.06563797321
5228,12.84711810125
5229,1.61497122291
5230,
5231,
5232,
5233,
5234,
5235,
5236,
5237,
5238,
5239,11.663580733149999
5240,133.02050505
5241,261.72106274925
5242,369.3814841328
5243,428.78685133265003
5244,497.63310382565
5245,511.22618061203
5246,443.68870923825
5247,389.48488164511
5248,291.82422112253
5249,206.56441455764
5250,97.34654978899
5251,4.92245438732
5252,
5253,
5254,
5255,
5256,
5257,
5258,
5259,
5260,
5261,
5262,
5263,11.663580733149999
5264,133.02050505
5265,261.72106274925
5266,369.3814841328
5267,428.78685133265003
5268,497.63310382565
5269,511.22618061203
5270,443.68870923825
5271,389.48488164511
5272,291.82422112253
5273,206.56441455764
5274,97.34654978899
5275,4.92245438732
5276,
5277,
5278,
5279,
5280,
5281,
5282,
5283,
5284,
5285,1.6562878659
5286,132.10476171091
5287,280.05886356139
5288,487.21464336861004
5289,742.59358576249
5290,784.66071028012
5291,843.64596370727
5292,855.5158609632899
5293,845.57965743699
5294,723.6891505831
5295,562.59411243498
5296,539.33317080478
5297,330.31134389429
5298,189.29088127256
5299,51.06563797321
5300,12.84711810125
5301,1.61497122291
5302,
5303,
5304,
5305,
5306,
5307,
5308,
5309,
5310,73.1179213751
5311,237.77720273448
5312,396.90438305335
5313,582.31560902715
5314,718.85724096558
5315,785.79507698211
5316,854.8798071255
5317,888.09346476498
5318,893.10245066325
5319,852.3279058578901
5320,740.9202340209799
5321,600.87912171545
5322,435.2688857454
5323,261.33868534552
5324,89.00960277356
5325,1.61121516441
5326,
5327,
5328,
5329,
5330,
5331,
5332,
5333,1.6562878659
5334,132.10476171091
5335,280.05886356139
5336,487.21464336861004
5337,742.59358576249
5338,784.66071028012
5339,843.64596370727
5340,855.5158609632899
5341,845.57965743699
5342,723.6891505831
5343,562.59411243498
5344,539.33317080478
5345,330.31134389429
5346,189.29088127256
5347,51.06563797321
5348,12.84711810125
5349,1.61497122291
5350,
5351,
5352,
5353,
5354,
5355,
5356,
5357,1.6562878659
5358,132.10476171091
5359,280.05886356139
5360,487.21464336861004
5361,742.59358576249
5362,784.66071028012
5363,843.64596370727
5364,855.5158609632899
5365,845.57965743699
5366,723.6891505831
5367,562.59411243498
5368,539.33317080478
5369,330.31134389429
5370,189.29088127256
5371,51.06563797321
5372,12.84711810125
5373,1.61497122291
5374,
5375,
5376,
5377,
5378,
5379,
5380,
5381,
5382,73.1179213751
5383,237.77720273448
5384,396.90438305335
5385,582.31560902715
5386,718.85724096558
5387,785.79507698211
5388,854.8798071255
5389,888.09346476498
5390,893.10245066325
5391,852.3279058578901
5392,740.9202340209799
5393,600.87912171545
5394,435.2688857454
5395,261.33868534552
5396,89.00960277356
5397,1.61121516441
5398,
5399,
5400,
5401,
5402,
5403,
5404,
5405,
5406,77.69010956949
5407,276.25201348018
5408,263.13696805855
5409,356.07785830981
5410,638.18244000411
5411,791.01015930379
5412,1012.38826210195
5413,436.12851875607
5414,670.47080552376
5415,586.66818060628
5416,547.45795703211
5417,156.46144947144
5418,198.82985149431
5419,34.76423436263
5420,20.61772254782
5421,1.59431290133
5422,
5423,
5424,
5425,
5426,
5427,
5428,
5429,
5430,73.1179213751
5431,237.77720273448
5432,396.90438305335
5433,582.31560902715
5434,718.85724096558
5435,785.79507698211
5436,854.8798071255
5437,888.09346476498
5438,893.10245066325
5439,852.3279058578901
5440,740.9202340209799
5441,600.87912171545
5442,435.2688857454
5443,261.33868534552
5444,89.00960277356
5445,1.61121516441
5446,
5447,
5448,
5449,
5450,
5451,
5452,
5453,1.6562878659
5454,132.10476171091
5455,280.05886356139
5456,487.21464336861004
5457,742.59358576249
5458,784.66071028012
5459,843.64596370727
5460,855.5158609632899
5461,845.57965743699
5462,723.6891505831
5463,562.59411243498
5464,539.33317080478
5465,330.31134389429
5466,189.29088127256
5467,51.06563797321
5468,12.84711810125
5469,1.61497122291
5470,
5471,
5472,
5473,
5474,
5475,
5476,
5477,
5478,77.69010956949
5479,276.25201348018
5480,263.13696805855
5481,356.07785830981
5482,638.18244000411
5483,791.01015930379
5484,1012.38826210195
5485,436.12851875607
5486,670.47080552376
5487,586.66818060628
5488,547.45795703211
5489,156.46144947144
5490,198.82985149431
5491,34.76423436263
5492,20.61772254782
5493,1.59431290133
5494,
5495,
5496,
5497,
5498,
5499,
5500,
5501,
5502,77.69010956949
5503,276.25201348018
5504,263.13696805855
5505,356.07785830981
5506,638.18244000411
5507,791.01015930379
5508,1012.38826210195
5509,436.12851875607
5510,670.47080552376
5511,586.66818060628
5512,547.45795703211
5513,156.46144947144
5514,198.82985149431
5515,34.76423436263
5516,20.61772254782
5517,1.59431290133
5518,
5519,
5520,
5521,
5522,
5523,
5524,
5525,
5526,77.69010956949
5527,276.25201348018
5528,263.13696805855
5529,356.07785830981
5530,638.18244000411
5531,791.01015930379
5532,1012.38826210195
5533,436.12851875607
5534,670.47080552376
5535,586.66818060628
5536,547.45795703211
5537,156.46144947144
5538,198.82985149431
5539,34.76423436263
5540,20.61772254782
5541,1.59431290133
5542,
5543,
5544,
5545,
5546,
5547,
5548,
5549,
5550,77.69010956949
5551,276.25201348018
5552,263.13696805855
5553,356.07785830981
5554,638.18244000411
5555,791.01015930379
5556,1012.38826210195
5557,436.12851875607
5558,670.47080552376
5559,586.66818060628
5560,547.45795703211
5561,156.46144947144
5562,198.82985149431
5563,34.76423436263
5564,20.61772254782
5565,1.59431290133
5566,
5567,
5568,
5569,
5570,
5571,
5572,
5573,
5574,73.1179213751
5575,237.77720273448
5576,396.90438305335
5577,582.31560902715
5578,718.85724096558
5579,785.79507698211
5580,854.8798071255
5581,888.09346476498
5582,893.10245066325
5583,852.3279058578901
5584,740.9202340209799
5585,600.87912171545
5586,435.2688857454
5587,261.33868534552
5588,89.00960277356
5589,1.61121516441
5590,
5591,
5592,
5593,
5594,
5595,
5596,
5597,
5598,73.1179213751
5599,237.77720273448
5600,396.90438305335
5601,582.31560902715
5602,718.85724096558
5603,785.79507698211
5604,854.8798071255
5605,888.09346476498
5606,893.10245066325
5607,852.3279058578901
5608,740.9202340209799
5609,600.87912171545
5610,435.2688857454
5611,261.33868534552
5612,89.00960277356
5613,1.61121516441
5614,
5615,
5616,
5617,
5618,
5619,
5620,
5621,
5622,
5623,11.663580733149999
5624,133.02050505
5625,261.72106274925
5626,369.3814841328
5627,428.78685133265003
5628,497.63310382565
5629,511.22618061203
5630,443.68870923825
5631,389.48488164511
5632,291.82422112253
5633,206.56441455764
5634,97.34654978899
5635,4.92245438732
5636,
5637,
5638,
5639,
5640,
5641,
5642,
5643,
5644,
5645,
5646,73.1179213751
5647,237.77720273448
5648,396.90438305335
5649,582.31560902715
5650,718.85724096558
5651,785.79507698211
5652,854.8798071255
5653,888.09346476498
5654,893.10245066325
5655,852.3279058578901
5656,740.9202340209799
5657,600.87912171545
5658,435.2688857454
5659,261.33868534552
5660,89.00960277356
5661,1.61121516441
5662,
5663,
5664,
5665,
5666,
5667,
5668,
5669,
5670,73.1179213751
5671,237.77720273448
5672,396.90438305335
5673,582.31560902715
5674,718.85724096558
5675,785.79507698211
5676,854.8798071255
5677,888.09346476498
5678,893.10245066325
5679,852.3279058578901
5680,740.9202340209799
5681,600.87912171545
5682,435.2688857454
5683,261.33868534552
5684,89.00960277356
5685,1.61121516441
5686,
5687,
5688,
5689,
5690,
5691,
5692,
5693,
5694,73.1179213751
5695,237.77720273448
5696,396.90438305335
5697,582.31560902715
5698,718.85724096558
5699,785.79507698211
5700,854.8798071255
5701,888.09346476498
5702,893.10245066325
5703,852.3279058578901
5704,740.9202340209799
5705,600.87912171545
5706,435.2688857454
5707,261.33868534552
5708,89.00960277356
5709,1.61121516441
5710,
5711,
5712,
5713,
5714,
5715,
5716,
5717,
5718,73.1179213751
5719,237.77720273448
5720,396.90438305335
5721,582.31560902715
5722,718.85724096558
5723,785.79507698211
5724,854.8798071255
5725,888.09346476498
5726,893.10245066325
5727,852.3279058578901
5728,740.9202340209799
5729,600.87912171545
5730,435.2688857454
5731,261.33868534552
5732,89.00960277356
5733,1.61121516441
5734,
5735,
5736,
5737,
5738,
5739,
5740,
5741,
5742,73.1179213751
5743,237.77720273448
5744,396.90438305335
5745,582.31560902715
5746,718.85724096558
5747,785.79507698211
5748,854.8798071255
5749,888.09346476498
5750,893.10245066325
5751,852.3279058578901
5752,740.9202340209799
5753,600.87912171545
5754,435.2688857454
5755,261.33868534552
5756,89.00960277356
5757,1.61121516441
5758,
5759,
5760,
5761,
5762,
5763,
5764,
5765,
5766,
5767,11.663580733149999
5768,133.02050505
5769,261.72106274925
5770,369.3814841328
5771,428.78685133265003
5772,497.63310382565
5773,511.22618061203
5774,443.68870923825
5775,389.48488164511
5776,291.82422112253
5777,206.56441455764
5778,97.34654978899
5779,4.92245438732
5780,
5781,
5782,
5783,
5784,
5785,
5786,
5787,
5788,
5789,
5790,73.1179213751
5791,237.77720273448
5792,396.90438305335
5793,582.31560902715
5794,718.85724096558
5795,785.79507698211
5796,854.8798071255
5797,888.09346476498
5798,893.10245066325
5799,852.3279058578901
5800,740.9202340209799
5801,600.87912171545
5802,435.2688857454
5803,261.33868534552
5804,89.00960277356
5805,1.61121516441
5806,
5807,
5808,
5809,
5810,
5811,
5812,
5813,
5814,73.1179213751
5815,237.77720273448
5816,396.90438305335
5817,582.31560902715
5818,718.85724096558
5819,785.79507698211
5820,854.8798071255
5821,888.09346476498
5822,893.10245066325
5823,852.3279058578901
5824,740.9202340209799
5825,600.87912171545
5826,435.2688857454
5827,261.33868534552
5828,89.00960277356
5829,1.61121516441
5830,
5831,
5832,
5833,
5834,
5835,
5836,
5837,
5838,73.1179213751
5839,237.77720273448
5840,396.90438305335
5841,582.31560902715
5842,718.85724096558
5843,785.79507698211
5844,854.8798071255
5845,888.09346476498
5846,893.10245066325
5847,852.3279058578901
5848,740.9202340209799
5849,600.87912171545
5850,435.2688857454
5851,261.33868534552
5852,89.00960277356
5853,1.61121516441
5854,
5855,
5856,
5857,
5858,
5859,
5860,
5861,1.6562878659
5862,132.10476171091
5863,280.05886356139
5864,487.21464336861004
5865,742.59358576249
5866,784.66071028012
5867,843.64596370727
5868,855.5158609632899
5869,845.57965743699
5870,723.6891505831
5871,562.59411243498
5872,539.33317080478
5873,330.31134389429
5874,189.29088127256
5875,51.06563797321
5876,12.84711810125
5877,1.61497122291
5878,
5879,
5880,
5881,
5882,
5883,
5884,
5885,
5886,73.1179213751
5887,237.77720273448
5888,396.90438305335
5889,582.31560902715
5890,718.85724096558
5891,785.79507698211
5892,854.8798071255
5893,888.09346476498
5894,893.10245066325
5895,852.3279058578901
5896,740.9202340209799
5897,600.87912171545
5898,435.2688857454
5899,261.33868534552
5900,89.00960277356
5901,1.61121516441
5902,
5903,
5904,
5905,
5906,
5907,
5908,
5909,
5910,73.1179213751
5911,237.77720273448
5912,396.90438305335
5913,582.31560902715
5914,718.85724096558
5915,785.79507698211
5916,854.8798071255
5917,888.09346476498
5918,893.10245066325
5919,852.3279058578901
5920,740.9202340209799
5921,600.87912171545
5922,435.2688857454
5923,261.33868534552
5924,89.00960277356
5925,1.61121516441
5926,
5927,
5928,
5929,
5930,
5931,
5932,
5933,1.6562878659
5934,132.10476171091
5935,280.05886356139
5936,487.21464336861004
5937,742.59358576249
5938,784.66071028012
5939,843.64596370727
5940,855.5158609632899
5941,845.57965743699
5942,723.6891505831
5943,562.59411243498
5944,539.33317080478
5945,330.31134389429
5946,189.29088127256
5947,51.06563797321
5948,12.84711810125
5949,1.61497122291
5950,
5951,
5952,
5953,
5954,
5955,
5956,
5957,
5958,73.1179213751
5959,237.77720273448
5960,396.90438305335
5961,582.31560902715
5962,718.85724096558
5963,785.79507698211
5964,854.8798071255
5965,888.09346476498
5966,893.10245066325
5967,852.3279058578901
5968,740.9202340209799
5969,600.87912171545
5970,435.2688857454
5971,261.33868534552
5972,89.00960277356
5973,1.61121516441
5974,
5975,
5976,
5977,
5978,
5979,
5980,
5981,
5982,73.1179213751
5983,237.77720273448
5984,396.90438305335
5985,582.31560902715
5986,718.85724096558
5987,785.79507698211
5988,854.8798071255
5989,888.09346476498
5990,893.10245066325
5991,852.3279058578901
5992,740.9202340209799
5993,600.87912171545
5994,435.2688857454
5995,261.33868534552
5996,89.00960277356
5997,1.61121516441
5998,
5999,
6000,
6001,
6002,
6003,
6004,
6005,
6006,
6007,11.663580733149999
6008,133.02050505
6009,261.72106274925
6010,369.3814841328
6011,428.78685133265003
6012,497.63310382565
6013,511.22618061203
6014,443.68870923825
6015,389.48488164511
6016,291.82422112253
6017,206.56441455764
6018,97.34654978899
6019,4.92245438732
6020,
6021,
6022,
6023,
6024,
6025,
6026,
6027,
6028,
6029,
6030,
6031,11.663580733149999
6032,133.02050505
6033,261.72106274925
6034,369.3814841328
6035,428.78685133265003
6036,497.63310382565
6037,511.22618061203
6038,443.68870923825
6039,389.48488164511
6040,291.82422112253
6041,206.56441455764
6042,97.34654978899
6043,4.92245438732
6044,
6045,
6046,
6047,
6048,
6049,
6050,
6051,
6052,
6053,
6054,
6055,1.69572647974
6056,20.31960024572
6057,52.1873407663
6058,87.05356426493
6059,108.44580289989
6060,123.17394110044
6061,128.04355685912
6062,114.73318219388
6063,95.03897396334
6064,71.78928962879999
6065,40.21468711606
6066,13.478318131930001
6067,
6068,
6069,
6070,
6071,
6072,
6073,
6074,
6075,
6076,
6077,
6078,
6079,1.69572647974
6080,20.31960024572
6081,52.1873407663
6082,87.05356426493
6083,108.44580289989
6084,123.17394110044
6085,128.04355685912
6086,114.73318219388
6087,95.03897396334
6088,71.78928962879999
6089,40.21468711606
6090,13.478318131930001
6091,
6092,
6093,
6094,
6095,
6096,
6097,
6098,
6099,
6100,
6101,
6102,73.1179213751
6103,237.77720273448
6104,396.90438305335
6105,582.31560902715
6106,718.85724096558
6107,785.79507698211
6108,854.8798071255
6109,888.09346476498
6110,893.10245066325
6111,852.3279058578901
6112,740.9202340209799
6113,600.87912171545
6114,435.2688857454
6115,261.33868534552
6116,89.00960277356
6117,1.61121516441
6118,
6119,
6120,
6121,
6122,
6123,
6124,
6125,
6126,
6127,1.69572647974
6128,20.31960024572
6129,52.1873407663
6130,87.05356426493
6131,108.44580289989
6132,123.17394110044
6133,128.04355685912
6134,114.73318219388
6135,95.03897396334
6136,71.78928962879999
6137,40.21468711606
6138,13.478318131930001
6139,
6140,
6141,
6142,
6143,
6144,
6145,
6146,
6147,
6148,
6149,
6150,73.1179213751
6151,237.77720273448
6152,396.90438305335
6153,582.31560902715
6154,718.85724096558
6155,785.79507698211
6156,854.8798071255
6157,888.09346476498
6158,893.10245066325
6159,852.3279058578901
6160,740.9202340209799
6161,600.87912171545
6162,435.2688857454
6163,261.33868534552
6164,89.00960277356
6165,1.61121516441
6166,
6167,
6168,
6169,
6170,
6171,
6172,
6173,
6174,
6175,11.663580733149999
6176,133.02050505
6177,261.72106274925
6178,369.3814841328
6179,428.78685133265003
6180,497.63310382565
6181,511.22618061203
6182,443.68870923825
6183,389.48488164511
6184,291.82422112253
6185,206.56441455764
6186,97.34654978899
6187,4.92245438732
6188,
6189,
6190,
6191,
6192,
6193,
6194,
6195,
6196,
6197,
6198,
6199,11.663580733149999
6200,133.02050505
6201,261.72106274925
6202,369.3814841328
6203,428.78685133265003
6204,497.63310382565
6205,511.22618061203
6206,443.68870923825
6207,389.48488164511
6208,291.82422112253
6209,206.56441455764
6210,97.34654978899
6211,4.92245438732
6212,
6213,
6214,
6215,
6216,
6217,
6218,
6219,
6220,
6221,
6222,
6223,
6224,5.31687305622
6225,115.25728153949001
6226,283.41423979169997
6227,363.51763678468
6228,381.15758657013004
6229,438.55243089222
6230,349.52376713322997
6231,238.76690591136
6232,95.65035200936
6233,10.37061188723
6234,
6235,
6236,
6237,
6238,
6239,
6240,
6241,
6242,
6243,
6244,
6245,
6246,
6247,11.663580733149999
6248,133.02050505
6249,261.72106274925
6250,369.3814841328
6251,428.78685133265003
6252,497.63310382565
6253,511.22618061203
6254,443.68870923825
6255,389.48488164511
6256,291.82422112253
6257,206.56441455764
6258,97.34654978899
6259,4.92245438732
6260,
6261,
6262,
6263,
6264,
6265,
6266,
6267,
6268,
6269,
6270,
6271,11.663580733149999
6272,133.02050505
6273,261.72106274925
6274,369.3814841328
6275,428.78685133265003
6276,497.63310382565
6277,511.22618061203
6278,443.68870923825
6279,389.48488164511
6280,291.82422112253
6281,206.56441455764
6282,97.34654978899
6283,4.92245438732
6284,
6285,
6286,
6287,
6288,
6289,
6290,
6291,
6292,
6293,
6294,
6295,11.663580733149999
6296,133.02050505
6297,261.72106274925
6298,369.3814841328
6299,428.78685133265003
6300,497.63310382565
6301,511.22618061203
6302,443.68870923825
6303,389.48488164511
6304,291.82422112253
6305,206.56441455764
6306,97.34654978899
6307,4.92245438732
6308,
6309,
6310,
6311,
6312,
6313,
6314,
6315,
6316,
6317,
6318,
6319,11.663580733149999
6320,133.02050505
6321,261.72106274925
6322,369.3814841328
6323,428.78685133265003
6324,497.63310382565
6325,511.22618061203
6326,443.68870923825
6327,389.48488164511
6328,291.82422112253
6329,206.56441455764
6330,97.34654978899
6331,4.92245438732
6332,
6333,
6334,
6335,
6336,
6337,
6338,
6339,
6340,
6341,
6342,
6343,11.663580733149999
6344,133.02050505
6345,261.72106274925
6346,369.3814841328
6347,428.78685133265003
6348,497.63310382565
6349,511.22618061203
6350,443.68870923825
6351,389.48488164511
6352,291.82422112253
6353,206.56441455764
6354,97.34654978899
6355,4.92245438732
6356,
6357,
6358,
6359,
6360,
6361,
6362,
6363,
6364,
6365,
6366,
6367,11.663580733149999
6368,133.02050505
6369,261.72106274925
6370,369.3814841328
6371,428.78685133265003
6372,497.63310382565
6373,511.22618061203
6374,443.68870923825
6375,389.48488164511
6376,291.82422112253
6377,206.56441455764
6378,97.34654978899
6379,4.92245438732
6380,
6381,
6382,
6383,
6384,
6385,
6386,
6387,
6388,
6389,
6390,73.1179213751
6391,237.77720273448
6392,396.90438305335
6393,582.31560902715
6394,718.85724096558
6395,785.79507698211
6396,854.8798071255
6397,888.09346476498
6398,893.10245066325
6399,852.3279058578901
6400,740.9202340209799
6401,600.87912171545
6402,435.2688857454
6403,261.33868534552
6404,89.00960277356
6405,1.61121516441
6406,
6407,
6408,
6409,
6410,
6411,
6412,
6413,
6414,
6415,11.663580733149999
6416,133.02050505
6417,261.72106274925
6418,369.3814841328
6419,428.78685133265003
6420,497.63310382565
6421,511.22618061203
6422,443.68870923825
6423,389.48488164511
6424,291.82422112253
6425,206.56441455764
6426,97.34654978899
6427,4.92245438732
6428,
6429,
6430,
6431,
6432,
6433,
6434,
6435,
6436,
6437,
6438,
6439,11.663580733149999
6440,133.02050505
6441,261.72106274925
6442,369.3814841328
6443,428.78685133265003
6444,497.63310382565
6445,511.22618061203
6446,443.68870923825
6447,389.48488164511
6448,291.82422112253
6449,206.56441455764
6450,97.34654978899
6451,4.92245438732
6452,
6453,
6454,
6455,
6456,
6457,
6458,
6459,
6460,
6461,
6462,
6463,11.663580733149999
6464,133.02050505
6465,261.72106274925
6466,369.3814841328
6467,428.78685133265003
6468,497.63310382565
6469,511.22618061203
6470,443.68870923825
6471,389.48488164511
6472,291.82422112253
6473,206.56441455764
6474,97.34654978899
6475,4.92245438732
6476,
6477,
6478,
6479,
6480,
6481,
6482,
6483,
6484,
6485,
6486,
6487,11.663580733149999
6488,133.02050505
6489,261.72106274925
6490,369.3814841328
6491,428.78685133265003
6492,497.63310382565
6493,511.22618061203
6494,443.68870923825
6495,389.48488164511
6496,291.82422112253
6497,206.56441455764
6498,97.34654978899
6499,4.92245438732
6500,
6501,
6502,
6503,
6504,
6505,
6506,
6507,
6508,
6509,
6510,
6511,11.663580733149999
6512,133.02050505
6513,261.72106274925
6514,369.3814841328
6515,428.78685133265003
6516,497.63310382565
6517,511.22618061203
6518,443.68870923825
6519,389.48488164511
6520,291.82422112253
6521,206.56441455764
6522,97.34654978899
6523,4.92245438732
6524,
6525,
6526,
6527,
6528,
6529,
6530,
6531,
6532,
6533,
6534,
6535,11.663580733149999
6536,133.02050505
6537,261.72106274925
6538,369.3814841328
6539,428.78685133265003
6540,497.63310382565
6541,511.22618061203
6542,443.68870923825
6543,389.48488164511
6544,291.82422112253
6545,206.56441455764
6546,97.34654978899
6547,4.92245438732
6548,
6549,
6550,
6551,
6552,
6553,
6554,
6555,
6556,
6557,
6558,
6559,1.69572647974
6560,20.31960024572
6561,52.1873407663
6562,87.05356426493
6563,108.44580289989
6564,123.17394110044
6565,128.04355685912
6566,114.73318219388
6567,95.03897396334
6568,71.78928962879999
6569,40.21468711606
6570,13.478318131930001
6571,
6572,
6573,
6574,
6575,
6576,
6577,
6578,
6579,
6580,
6581,
6582,
6583,1.69572647974
6584,20.31960024572
6585,52.1873407663
6586,87.05356426493
6587,108.44580289989
6588,123.17394110044
6589,128.04355685912
6590,114.73318219388
6591,95.03897396334
6592,71.78928962879999
6593,40.21468711606
6594,13.478318131930001
6595,
6596,
6597,
6598,
6599,
6600,
6601,
6602,
6603,
6604,
6605,
6606,
6607,1.69572647974
6608,20.31960024572
6609,52.1873407663
6610,87.05356426493
6611,108.44580289989
6612,123.17394110044
6613,128.04355685912
6614,114.73318219388
6615,95.03897396334
6616,71.78928962879999
6617,40.21468711606
6618,13.478318131930001
6619,
6620,
6621,
6622,
6623,
6624,
6625,
6626,
6627,
6628,
6629,
6630,
6631,1.69572647974
6632,20.31960024572
6633,52.1873407663
6634,87.05356426493
6635,108.44580289989
6636,123.17394110044
6637,128.04355685912
6638,114.73318219388
6639,95.03897396334
6640,71.78928962879999
6641,40.21468711606
6642,13.478318131930001
6643,
6644,
6645,
6646,
6647,
6648,
6649,
6650,
6651,
6652,
6653,
6654,
6655,1.69572647974
6656,20.31960024572
6657,52.1873407663
6658,87.05356426493
6659,108.44580289989
6660,123.17394110044
6661,128.04355685912
6662,114.73318219388
6663,95.03897396334
6664,71.78928962879999
6665,40.21468711606
6666,13.478318131930001
6667,
6668,
6669,
6670,
6671,
6672,
6673,
6674,
6675,
6676,
6677,
6678,
6679,1.69572647974
6680,20.31960024572
6681,52.1873407663
6682,87.05356426493
6683,108.44580289989
6684,123.17394110044
6685,128.04355685912
6686,114.73318219388
6687,95.03897396334
6688,71.78928962879999
6689,40.21468711606
6690,13.478318131930001
6691,
6692,
6693,
6694,
6695,
6696,
6697,
6698,
6699,
6700,
6701,
6702,
6703,1.69572647974
6704,20.31960024572
6705,52.1873407663
6706,87.05356426493
6707,108.44580289989
6708,123.17394110044
6709,128.04355685912
6710,114.73318219388
6711,95.03897396334
6712,71.78928962879999
6713,40.21468711606
6714,13.478318131930001
6715,
6716,
6717,
6718,
6719,
6720,
6721,
6722,
6723,
6724,
6725,
6726,
6727,11.663580733149999
6728,133.02050505
6729,261.72106274925
6730,369.3814841328
6731,428.78685133265003
6732,497.63310382565
6733,511.22618061203
6734,443.68870923825
6735,389.48488164511
6736,291.82422112253
6737,206.56441455764
6738,97.34654978899
6739,4.92245438732
6740,
6741,
6742,
6743,
6744,
6745,
6746,
6747,
6748,
6749,
6750,
6751,11.663580733149999
6752,133.02050505
6753,261.72106274925
6754,369.3814841328
6755,428.78685133265003
6756,497.63310382565
6757,511.22618061203
6758,443.68870923825
6759,389.48488164511
6760,291.82422112253
6761,206.56441455764
6762,97.34654978899
6763,4.92245438732
6764,
6765,
6766,
6767,
6768,
6769,
6770,
6771,
6772,
6773,
6774,
6775,11.663580733149999
6776,133.02050505
6777,261.72106274925
6778,369.3814841328
6779,428.78685133265003
6780,497.63310382565
6781,511.22618061203
6782,443.68870923825
6783,389.48488164511
6784,291.82422112253
6785,206.56441455764
6786,97.34654978899
6787,4.92245438732
6788,
6789,
6790,
6791,
6792,
6793,
6794,
6795,
6796,
6797,
6798,
6799,11.663580733149999
6800,133.02050505
6801,261.72106274925
6802,369.3814841328
6803,428.78685133265003
6804,497.63310382565
6805,511.22618061203
6806,443.68870923825
6807,389.48488164511
6808,291.82422112253
6809,206.56441455764
6810,97.34654978899
6811,4.92245438732
6812,
6813,
6814,
6815,
6816,
6817,
6818,
6819,
6820,
6821,
6822,
6823,11.663580733149999
6824,133.02050505
6825,261.72106274925
6826,369.3814841328
6827,428.78685133265003
6828,497.63310382565
6829,511.22618061203
6830,443.68870923825
6831,389.48488164511
6832,291.82422112253
6833,206.56441455764
6834,97.34654978899
6835,4.92245438732
6836,
6837,
6838,
6839,
6840,
6841,
6842,
6843,
6844,
6845,
6846,
6847,11.663580733149999
6848,133.02050505
6849,261.72106274925
6850,369.3814841328
6851,428.78685133265003
6852,497.63310382565
6853,511.22618061203
6854,443.68870923825
6855,389.48488164511
6856,291.82422112253
6857,206.56441455764
6858,97.34654978899
6859,4.92245438732
6860,
6861,
6862,
6863,
6864,
6865,
6866,
6867,
6868,
6869,
6870,
6871,1.69572647974
6872,20.31960024572
6873,52.1873407663
6874,87.05356426493
6875,108.44580289989
6876,123.17394110044
6877,128.04355685912
6878,114.73318219388
6879,95.03897396334
6880,71.78928962879999
6881,40.21468711606
6882,13.478318131930001
6883,
6884,
6885,
6886,
6887,
6888,
6889,
6890,
6891,
6892,
6893,
6894,
6895,11.663580733149999
6896,133.02050505
6897,261.72106274925
6898,369.3814841328
6899,428.78685133265003
6900,497.63310382565
6901,511.22618061203
6902,443.68870923825
6903,389.48488164511
6904,291.82422112253
6905,206.56441455764
6906,97.34654978899
6907,4.92245438732
6908,
6909,
6910,
6911,
6912,
6913,
6914,
6915,
6916,
6917,
6918,
6919,1.69572647974
6920,20.31960024572
6921,52.1873407663
6922,87.05356426493
6923,108.44580289989
6924,123.17394110044
6925,128.04355685912
6926,114.73318219388
6927,95.03897396334
6928,71.78928962879999
6929,40.21468711606
6930,13.478318131930001
6931,
6932,
6933,
6934,
6935,
6936,
6937,
6938,
6939,
6940,
6941,
6942,
6943,1.69572647974
6944,20.31960024572
6945,52.1873407663
6946,87.05356426493
6947,108.44580289989
6948,123.17394110044
6949,128.04355685912
6950,114.73318219388
6951,95.03897396334
6952,71.78928962879999
6953,40.21468711606
6954,13.478318131930001
6955,
6956,
6957,
6958,
6959,
6960,
6961,
6962,
6963,
6964,
6965,
6966,
6967,1.69572647974
6968,20.31960024572
6969,52.1873407663
6970,87.05356426493
6971,108.44580289989
6972,123.17394110044
6973,128.04355685912
6974,114.73318219388
6975,95.03897396334
6976,71.78928962879999
6977,40.21468711606
6978,13.478318131930001
6979,
6980,
6981,
6982,
6983,
6984,
6985,
6986,
6987,
6988,
6989,
6990,
6991,1.69572647974
6992,20.31960024572
6993,52.1873407663
6994,87.05356426493
6995,108.44580289989
6996,123.17394110044
6997,128.04355685912
6998,114.73318219388
6999,95.03897396334
7000,71.78928962879999
7001,40.21468711606
7002,13.478318131930001
7003,
7004,
7005,
7006,
7007,
7008,
7009,
7010,
7011,
7012,
7013,
7014,
7015,1.69572647974
7016,20.31960024572
7017,52.1873407663
7018,87.05356426493
7019,108.44580289989
7020,123.17394110044
7021,128.04355685912
7022,114.73318219388
7023,95.03897396334
7024,71.78928962879999
7025,40.21468711606
7026,13.478318131930001
7027,
7028,
7029,
7030,
7031,
7032,
7033,
7034,
7035,
7036,
7037,
7038,
7039,11.663580733149999
7040,133.02050505
7041,261.72106274925
7042,369.3814841328
7043,428.78685133265003
7044,497.63310382565
7045,511.22618061203
7046,443.68870923825
7047,389.48488164511
7048,291.82422112253
7049,206.56441455764
7050,97.34654978899
7051,4.92245438732
7052,
7053,
7054,
7055,
7056,
7057,
7058,
7059,
7060,
7061,
7062,1.72014085972
7063,80.06167912037
7064,180.04106121746
7065,283.99953015357
7066,359.91207067592
7067,454.45264536006
7068,498.38510256177
7069,537.79957296116
7070,493.90866836924
7071,468.84242562686
7072,414.39593680619
7073,320.89730482038
7074,201.76651183331
7075,79.8126404812
7076,1.6788242166999998
7077,
7078,
7079,
7080,
7081,
7082,
7083,
7084,
7085,
7086,
7087,1.69572647974
7088,20.31960024572
7089,52.1873407663
7090,87.05356426493
7091,108.44580289989
7092,123.17394110044
7093,128.04355685912
7094,114.73318219388
7095,95.03897396334
7096,71.78928962879999
7097,40.21468711606
7098,13.478318131930001
7099,
7100,
7101,
7102,
7103,
7104,
7105,
7106,
7107,
7108,
7109,
7110,1.72014085972
7111,80.06167912037
7112,180.04106121746
7113,283.99953015357
7114,359.91207067592
7115,454.45264536006
7116,498.38510256177
7117,537.79957296116
7118,493.90866836924
7119,468.84242562686
7120,414.39593680619
7121,320.89730482038
7122,201.76651183331
7123,79.8126404812
7124,1.6788242166999998
7125,
7126,
7127,
7128,
7129,
7130,
7131,
7132,
7133,
7134,
7135,1.69572647974
7136,20.31960024572
7137,52.1873407663
7138,87.05356426493
7139,108.44580289989
7140,123.17394110044
7141,128.04355685912
7142,114.73318219388
7143,95.03897396334
7144,71.78928962879999
7145,40.21468711606
7146,13.478318131930001
7147,
7148,
7149,
7150,
7151,
7152,
7153,
7154,
7155,
7156,
7157,
7158,
7159,
7160,5.31687305622
7161,115.25728153949001
7162,283.41423979169997
7163,363.51763678468
7164,381.15758657013004
7165,438.55243089222
7166,349.52376713322997
7167,238.76690591136
7168,95.65035200936
7169,10.37061188723
7170,
7171,
7172,
7173,
7174,
7175,
7176,
7177,
7178,
7179,
7180,
7181,
7182,
7183,
7184,5.31687305622
7185,115.25728153949001
7186,283.41423979169997
7187,363.51763678468
7188,381.15758657013004
7189,438.55243089222
7190,349.52376713322997
7191,238.76690591136
7192,95.65035200936
7193,10.37061188723
7194,
7195,
7196,
7197,
7198,
7199,
7200,
7201,
7202,
7203,
7204,
7205,
7206,
7207,
7208,5.31687305622
7209,115.25728153949001
7210,283.41423979169997
7211,363.51763678468
7212,381.15758657013004
7213,438.55243089222
7214,349.52376713322997
7215,238.76690591136
7216,95.65035200936
7217,10.37061188723
7218,
7219,
7220,
7221,
7222,
7223,
7224,
7225,
7226,
7227,
7228,
7229,
7230,
7231,
7232,5.31687305622
7233,115.25728153949001
7234,283.41423979169997
7235,363.51763678468
7236,381.15758657013004
7237,438.55243089222
7238,349.52376713322997
7239,238.76690591136
7240,95.65035200936
7241,10.37061188723
7242,
7243,
7244,
7245,
7246,
7247,
7248,
7249,
7250,
7251,
7252,
7253,
7254,
7255,1.69572647974
7256,20.31960024572
7257,52.1873407663
7258,87.05356426493
7259,108.44580289989
7260,123.17394110044
7261,128.04355685912
7262,114.73318219388
7263,95.03897396334
7264,71.78928962879999
7265,40.21468711606
7266,13.478318131930001
7267,
7268,
7269,
7270,
7271,
7272,
7273,
7274,
7275,
7276,
7277,
7278,
7279,1.69572647974
7280,20.31960024572
7281,52.1873407663
7282,87.05356426493
7283,108.44580289989
7284,123.17394110044
7285,128.04355685912
7286,114.73318219388
7287,95.03897396334
7288,71.78928962879999
7289,40.21468711606
7290,13.478318131930001
7291,
7292,
7293,
7294,
7295,
7296,
7297,
7298,
7299,
7300,
7301,
7302,
7303,
7304,5.31687305622
7305,115.25728153949001
7306,283.41423979169997
7307,363.51763678468
7308,381.15758657013004
7309,438.55243089222
7310,349.52376713322997
7311,238.76690591136
7312,95.65035200936
7313,10.37061188723
7314,
7315,
7316,
7317,
7318,
7319,
7320,
7321,
7322,
7323,
7324,
7325,
7326,
7327,
7328,5.31687305622
7329,115.25728153949001
7330,283.41423979169997
7331,363.51763678468
7332,381.15758657013004
7333,438.55243089222
7334,349.52376713322997
7335,238.76690591136
7336,95.65035200936
7337,10.37061188723
7338,
7339,
7340,
7341,
7342,
7343,
7344,
7345,
7346,
7347,
7348,
7349,
7350,
7351,
7352,5.31687305622
7353,115.25728153949001
7354,283.41423979169997
7355,363.51763678468
7356,381.15758657013004
7357,438.55243089222
7358,349.52376713322997
7359,238.76690591136
7360,95.65035200936
7361,10.37061188723
7362,
7363,
7364,
7365,
7366,
7367,
7368,
7369,
7370,
7371,
7372,
7373,
7374,
7375,
7376,5.31687305622
7377,115.25728153949001
7378,283.41423979169997
7379,363.51763678468
7380,381.15758657013004
7381,438.55243089222
7382,349.52376713322997
7383,238.76690591136
7384,95.65035200936
7385,10.37061188723
7386,
7387,
7388,
7389,
7390,
7391,
7392,
7393,
7394,
7395,
7396,
7397,
7398,
7399,
7400,5.31687305622
7401,115.25728153949001
7402,283.41423979169997
7403,363.51763678468
7404,381.15758657013004
7405,438.55243089222
7406,349.52376713322997
7407,238.76690591136
7408,95.65035200936
7409,10.37061188723
7410,
7411,
7412,
7413,
7414,
7415,
7416,
7417,
7418,
7419,
7420,
7421,
7422,
7423,
7424,5.31687305622
7425,115.25728153949001
7426,283.41423979169997
7427,363.51763678468
7428,381.15758657013004
7429,438.55243089222
7430,349.52376713322997
7431,238.76690591136
7432,95.65035200936
7433,10.37061188723
7434,
7435,
7436,
7437,
7438,
7439,
7440,
7441,
7442,
7443,
7444,
7445,
7446,
7447,
7448,5.31687305622
7449,115.25728153949001
7450,283.41423979169997
7451,363.51763678468
7452,381.15758657013004
7453,438.55243089222
7454,349.52376713322997
7455,238.76690591136
7456,95.65035200936
7457,10.37061188723
7458,
7459,
7460,
7461,
7462,
7463,
7464,
7465,
7466,
7467,
7468,
7469,
7470,
7471,
7472,5.31687305622
7473,115.25728153949001
7474,283.41423979169997
7475,363.51763678468
7476,381.15758657013004
7477,438.55243089222
7478,349.52376713322997
7479,238.76690591136
7480,95.65035200936
7481,10.37061188723
7482,
7483,
7484,
7485,
7486,
7487,
7488,
7489,
7490,
7491,
7492,
7493,
7494,
7495,1.69572647974
7496,20.31960024572
7497,52.1873407663
7498,87.05356426493
7499,108.44580289989
7500,123.17394110044
7501,128.04355685912
7502,114.73318219388
7503,95.03897396334
7504,71.78928962879999
7505,40.21468711606
7506,13.478318131930001
7507,
7508,
7509,
7510,
7511,
7512,
7513,
7514,
7515,
7516,
7517,
7518,
7519,1.69572647974
7520,20.31960024572
7521,52.1873407663
7522,87.05356426493
7523,108.44580289989
7524,123.17394110044
7525,128.04355685912
7526,114.73318219388
7527,95.03897396334
7528,71.78928962879999
7529,40.21468711606
7530,13.478318131930001
7531,
7532,
7533,
7534,
7535,
7536,
7537,
7538,
7539,
7540,
7541,
7542,
7543,1.69572647974
7544,20.31960024572
7545,52.1873407663
7546,87.05356426493
7547,108.44580289989
7548,123.17394110044
7549,128.04355685912
7550,114.73318219388
7551,95.03897396334
7552,71.78928962879999
7553,40.21468711606
7554,13.478318131930001
7555,
7556,
7557,
7558,
7559,
7560,
7561,
7562,
7563,
7564,
7565,
7566,
7567,1.69572647974
7568,20.31960024572
7569,52.1873407663
7570,87.05356426493
7571,108.44580289989
7572,123.17394110044
7573,128.04355685912
7574,114.73318219388
7575,95.03897396334
7576,71.78928962879999
7577,40.21468711606
7578,13.478318131930001
7579,
7580,
7581,
7582,
7583,
7584,
7585,
7586,
7587,
7588,
7589,
7590,
7591,1.69572647974
7592,20.31960024572
7593,52.1873407663
7594,87.05356426493
7595,108.44580289989
7596,123.17394110044
7597,128.04355685912
7598,114.73318219388
7599,95.03897396334
7600,71.78928962879999
7601,40.21468711606
7602,13.478318131930001
7603,
7604,
7605,
7606,
7607,
7608,
7609,
7610,
7611,
7612,
7613,
7614,1.72014085972
7615,80.06167912037
7616,180.04106121746
7617,283.99953015357
7618,359.91207067592
7619,454.45264536006
7620,498.38510256177
7621,537.79957296116
7622,493.90866836924
7623,468.84242562686
7624,414.39593680619
7625,320.89730482038
7626,201.76651183331
7627,79.8126404812
7628,1.6788242166999998
7629,
7630,
7631,
7632,
7633,
7634,
7635,
7636,
7637,
7638,
7639,
7640,
7641,75.58083935236
7642,269.90030971183
7643,542.31084513275
7644,503.59489975384
7645,457.84065022535
7646,240.11334234688
7647,37.27404204113
7648,21.41310930246
7649,3.5863350618
7650,
7651,
7652,
7653,
7654,
7655,
7656,
7657,
7658,
7659,
7660,
7661,
7662,
7663,
7664,5.31687305622
7665,115.25728153949001
7666,283.41423979169997
7667,363.51763678468
7668,381.15758657013004
7669,438.55243089222
7670,349.52376713322997
7671,238.76690591136
7672,95.65035200936
7673,10.37061188723
7674,
7675,
7676,
7677,
7678,
7679,
7680,
7681,
7682,
7683,
7684,
7685,
7686,
7687,
7688,
7689,75.58083935236
7690,269.90030971183
7691,542.31084513275
7692,503.59489975384
7693,457.84065022535
7694,240.11334234688
7695,37.27404204113
7696,21.41310930246
7697,3.5863350618
7698,
7699,
7700,
7701,
7702,
7703,
7704,
7705,
7706,
7707,
7708,
7709,
7710,
7711,
7712,
7713,75.58083935236
7714,269.90030971183
7715,542.31084513275
7716,503.59489975384
7717,457.84065022535
7718,240.11334234688
7719,37.27404204113
7720,21.41310930246
7721,3.5863350618
7722,
7723,
7724,
7725,
7726,
7727,
7728,
7729,
7730,
7731,
7732,
7733,
7734,
7735,
7736,5.31687305622
7737,115.25728153949001
7738,283.41423979169997
7739,363.51763678468
7740,381.15758657013004
7741,438.55243089222
7742,349.52376713322997
7743,238.76690591136
7744,95.65035200936
7745,10.37061188723
7746,
7747,
7748,
7749,
7750,
7751,
7752,
7753,
7754,
7755,
7756,
7757,
7758,
7759,
7760,5.31687305622
7761,115.25728153949001
7762,283.41423979169997
7763,363.51763678468
7764,381.15758657013004
7765,438.55243089222
7766,349.52376713322997
7767,238.76690591136
7768,95.65035200936
7769,10.37061188723
7770,
7771,
7772,
7773,
7774,
7775,
7776,
7777,
7778,
7779,
7780,
7781,
7782,
7783,1.69572647974
7784,20.31960024572
7785,52.1873407663
7786,87.05356426493
7787,108.44580289989
7788,123.17394110044
7789,128.04355685912
7790,114.73318219388
7791,95.03897396334
7792,71.78928962879999
7793,40.21468711606
7794,13.478318131930001
7795,
7796,
7797,
7798,
7799,
7800,
7801,
7802,
7803,
7804,
7805,
7806,
7807,
7808,5.31687305622
7809,115.25728153949001
7810,283.41423979169997
7811,363.51763678468
7812,381.15758657013004
7813,438.55243089222
7814,349.52376713322997
7815,238.76690591136
7816,95.65035200936
7817,10.37061188723
7818,
7819,
7820,
7821,
7822,
7823,
7824,
7825,
7826,
7827,
7828,
7829,
7830,
7831,
7832,5.31687305622
7833,115.25728153949001
7834,283.41423979169997
7835,363.51763678468
7836,381.15758657013004
7837,438.55243089222
7838,349.52376713322997
7839,238.76690591136
7840,95.65035200936
7841,10.37061188723
7842,
7843,
7844,
7845,
7846,
7847,
7848,
7849,
7850,
7851,
7852,
7853,
7854,
7855,
7856,5.31687305622
7857,115.25728153949001
7858,283.41423979169997
7859,363.51763678468
7860,381.15758657013004
7861,438.55243089222
7862,349.52376713322997
7863,238.76690591136
7864,95.65035200936
7865,10.37061188723
7866,
7867,
7868,
7869,
7870,
7871,
7872,
7873,
7874,
7875,
7876,
7877,
7878,
7879,
7880,5.31687305622
7881,115.25728153949001
7882,283.41423979169997
7883,363.51763678468
7884,381.15758657013004
7885,438.55243089222
7886,349.52376713322997
7887,238.76690591136
7888,95.65035200936
7889,10.37061188723
7890,
7891,
7892,
7893,
7894,
7895,
7896,
7897,
7898,
7899,
7900,
7901,
7902,
7903,
7904,14.53031818306
7905,277.26408506961
7906,538.2845077189
7907,661.15253331921
7908,737.60577550313
7909,769.80797184151
7910,842.3852723283001
7911,715.6365188762301
7912,612.5612621702
7913,476.06848736473
7914,192.01297017724
7915,5.29433484656
7916,
7917,
7918,
7919,
7920,
7921,
7922,
7923,
7924,
7925,
7926,
7927,
7928,5.31687305622
7929,115.25728153949001
7930,283.41423979169997
7931,363.51763678468
7932,381.15758657013004
7933,438.55243089222
7934,349.52376713322997
7935,238.76690591136
7936,95.65035200936
7937,10.37061188723
7938,
7939,
7940,
7941,
7942,
7943,
7944,
7945,
7946,
7947,
7948,
7949,
7950,
7951,
7952,
7953,75.58083935236
7954,269.90030971183
7955,542.31084513275
7956,503.59489975384
7957,457.84065022535
7958,240.11334234688
7959,37.27404204113
7960,21.41310930246
7961,3.5863350618
7962,
7963,
7964,
7965,
7966,
7967,
7968,
7969,
7970,
7971,
7972,
7973,
7974,
7975,
7976,
7977,75.58083935236
7978,269.90030971183
7979,542.31084513275
7980,503.59489975384
7981,457.84065022535
7982,240.11334234688
7983,37.27404204113
7984,21.41310930246
7985,3.5863350618
7986,
7987,
7988,
7989,
7990,
7991,
7992,
7993,
7994,
7995,
7996,
7997,
7998,
7999,
8000,
8001,75.58083935236
8002,269.90030971183
8003,542.31084513275
8004,503.59489975384
8005,457.84065022535
8006,240.11334234688
8007,37.27404204113
8008,21.41310930246
8009,3.5863350618
8010,
8011,
8012,
8013,
8014,
8015,
8016,
8017,
8018,
8019,
8020,
8021,
8022,
8023,
8024,
8025,75.58083935236
8026,269.90030971183
8027,542.31084513275
8028,503.59489975384
8029,457.84065022535
8030,240.11334234688
8031,37.27404204113
8032,21.41310930246
8033,3.5863350618
8034,
8035,
8036,
8037,
8038,
8039,
8040,
8041,
8042,
8043,
8044,
8045,
8046,
8047,
8048,
8049,75.58083935236
8050,269.90030971183
8051,542.31084513275
8052,503.59489975384
8053,457.84065022535
8054,240.11334234688
8055,37.27404204113
8056,21.41310930246
8057,3.5863350618
8058,
8059,
8060,
8061,
8062,
8063,
8064,
8065,
8066,
8067,
8068,
8069,
8070,
8071,
8072,
8073,75.58083935236
8074,269.90030971183
8075,542.31084513275
8076,503.59489975384
8077,457.84065022535
8078,240.11334234688
8079,37.27404204113
8080,21.41310930246
8081,3.5863350618
8082,
8083,
8084,
8085,
8086,
8087,
8088,
8089,
8090,
8091,
8092,
8093,
8094,
8095,
8096,5.31687305622
8097,115.25728153949001
8098,283.41423979169997
8099,363.51763678468
8100,381.15758657013004
8101,438.55243089222
8102,349.52376713322997
8103,238.76690591136
8104,95.65035200936
8105,10.37061188723
8106,
8107,
8108,
8109,
8110,
8111,
8112,
8113,
8114,
8115,
8116,
8117,
8118,
8119,
8120,
8121,75.58083935236
8122,269.90030971183
8123,542.31084513275
8124,503.59489975384
8125,457.84065022535
8126,240.11334234688
8127,37.27404204113
8128,21.41310930246
8129,3.5863350618
8130,
8131,
8132,
8133,
8134,
8135,
8136,
8137,
8138,
8139,
8140,
8141,
8142,
8143,
8144,
8145,75.58083935236
8146,269.90030971183
8147,542.31084513275
8148,503.59489975384
8149,457.84065022535
8150,240.11334234688
8151,37.27404204113
8152,21.41310930246
8153,3.5863350618
8154,
8155,
8156,
8157,
8158,
8159,
8160,
8161,
8162,
8163,
8164,
8165,
8166,
8167,
8168,
8169,75.58083935236
8170,269.90030971183
8171,542.31084513275
8172,503.59489975384
8173,457.84065022535
8174,240.11334234688
8175,37.27404204113
8176,21.41310930246
8177,3.5863350618
8178,
8179,
8180,
8181,
8182,
8183,
8184,
8185,
8186,
8187,
8188,
8189,
8190,
8191,
8192,
8193,75.58083935236
8194,269.90030971183
8195,542.31084513275
8196,503.59489975384
8197,457.84065022535
8198,240.11334234688
8199,37.27404204113
8200,21.41310930246
8201,3.5863350618
8202,
8203,
8204,
8205,
8206,
8207,
8208,
8209,
8210,
8211,
8212,
8213,
8214,
8215,
8216,
8217,75.58083935236
8218,269.90030971183
8219,542.31084513275
8220,503.59489975384
8221,457.84065022535
8222,240.11334234688
8223,37.27404204113
8224,21.41310930246
8225,3.5863350618
8226,
8227,
8228,
8229,
8230,
8231,
8232,
8233,
8234,
8235,
8236,
8237,
8238,
8239,
8240,
8241,75.58083935236
8242,269.90030971183
8243,542.31084513275
8244,503.59489975384
8245,457.84065022535
8246,240.11334234688
8247,37.27404204113
8248,21.41310930246
8249,3.5863350618
8250,
8251,
8252,
8253,
8254,
8255,
8256,
8257,
8258,
8259,
8260,
8261,
8262,
8263,
8264,
8265,75.58083935236
8266,269.90030971183
8267,542.31084513275
8268,503.59489975384
8269,457.84065022535
8270,240.11334234688
8271,37.27404204113
8272,21.41310930246
8273,3.5863350618
8274,
8275,
8276,
8277,
8278,
8279,
8280,
8281,
8282,
8283,
8284,
8285,
8286,
8287,
8288,
8289,75.58083935236
8290,269.90030971183
8291,542.31084513275
8292,503.59489975384
8293,457.84065022535
8294,240.11334234688
8295,37.27404204113
8296,21.41310930246
8297,3.5863350618
8298,
8299,
8300,
8301,
8302,
8303,
8304,
8305,
8306,
8307,
8308,
8309,
8310,
8311,
8312,5.31687305622
8313,115.25728153949001
8314,283.41423979169997
8315,363.51763678468
8316,381.15758657013004
8317,438.55243089222
8318,349.52376713322997
8319,238.76690591136
8320,95.65035200936
8321,10.37061188723
8322,
8323,
8324,
8325,
8326,
8327,
8328,
8329,
8330,
8331,
8332,
8333,
8334,
8335,
8336,5.31687305622
8337,115.25728153949001
8338,283.41423979169997
8339,363.51763678468
8340,381.15758657013004
8341,438.55243089222
8342,349.52376713322997
8343,238.76690591136
8344,95.65035200936
8345,10.37061188723
8346,
8347,
8348,
8349,
8350,
8351,
8352,
8353,
8354,
8355,
8356,
8357,
8358,
8359,
8360,5.31687305622
8361,115.25728153949001
8362,283.41423979169997
8363,363.51763678468
8364,381.15758657013004
8365,438.55243089222
8366,349.52376713322997
8367,238.76690591136
8368,95.65035200936
8369,10.37061188723
8370,
8371,
8372,
8373,
8374,
8375,
8376,
8377,
8378,
8379,
8380,
8381,
8382,
8383,
8384,5.31687305622
8385,115.25728153949001
8386,283.41423979169997
8387,363.51763678468
8388,381.15758657013004
8389,438.55243089222
8390,349.52376713322997
8391,238.76690591136
8392,95.65035200936
8393,10.37061188723
8394,
8395,
8396,
8397,
8398,
8399,
8400,
8401,
8402,
8403,
8404,
8405,
8406,
8407,
8408,5.31687305622
8409,115.25728153949001
8410,283.41423979169997
8411,363.51763678468
8412,381.15758657013004
8413,438.55243089222
8414,349.52376713322997
8415,238.76690591136
8416,95.65035200936
8417,10.37061188723
8418,
8419,
8420,
8421,
8422,
8423,
8424,
8425,
8426,
8427,
8428,
8429,
8430,
8431,1.69572647974
8432,20.31960024572
8433,52.1873407663
8434,87.05356426493
8435,108.44580289989
8436,123.17394110044
8437,128.04355685912
8438,114.73318219388
8439,95.03897396334
8440,71.78928962879999
8441,40.21468711606
8442,13.478318131930001
8443,
8444,
8445,
8446,
8447,
8448,
8449,
8450,
8451,
8452,
8453,
8454,
8455,
8456,14.53031818306
8457,277.26408506961
8458,538.2845077189
8459,661.15253331921
8460,737.60577550313
8461,769.80797184151
8462,842.3852723283001
8463,715.6365188762301
8464,612.5612621702
8465,476.06848736473
8466,192.01297017724
8467,5.29433484656
8468,
8469,
8470,
8471,
8472,
8473,
8474,
8475,
8476,
8477,
8478,
8479,
8480,5.31687305622
8481,115.25728153949001
8482,283.41423979169997
8483,363.51763678468
8484,381.15758657013004
8485,438.55243089222
8486,349.52376713322997
8487,238.76690591136
8488,95.65035200936
8489,10.37061188723
8490,
8491,
8492,
8493,
8494,
8495,
8496,
8497,
8498,
8499,
8500,
8501,
8502,
8503,
8504,
8505,75.58083935236
8506,269.90030971183
8507,542.31084513275
8508,503.59489975384
8509,457.84065022535
8510,240.11334234688
8511,37.27404204113
8512,21.41310930246
8513,3.5863350618
8514,
8515,
8516,
8517,
8518,
8519,
8520,
8521,
8522,
8523,
8524,
8525,
8526,
8527,
8528,5.31687305622
8529,115.25728153949001
8530,283.41423979169997
8531,363.51763678468
8532,381.15758657013004
8533,438.55243089222
8534,349.52376713322997
8535,238.76690591136
8536,95.65035200936
8537,10.37061188723
8538,
8539,
8540,
8541,
8542,
8543,
8544,
8545,
8546,
8547,
8548,
8549,
8550,
8551,
8552,5.31687305622
8553,115.25728153949001
8554,283.41423979169997
8555,363.51763678468
8556,381.15758657013004
8557,438.55243089222
8558,349.52376713322997
8559,238.76690591136
8560,95.65035200936
8561,10.37061188723
8562,
8563,
8564,
8565,
8566,
8567,
8568,
8569,
8570,
8571,
8572,
8573,
8574,
8575,
8576,
8577,75.58083935236
8578,269.90030971183
8579,542.31084513275
8580,503.59489975384
8581,457.84065022535
8582,240.11334234688
8583,37.27404204113
8584,21.41310930246
8585,3.5863350618
8586,
8587,
8588,
8589,
8590,
8591,
8592,
8593,
8594,
8595,
8596,
8597,
8598,
8599,
8600,
8601,5.31687305622
8602,72.09339334927999
8603,118.84820147127999
8604,170.17476571043
8605,195.42292149282
8606,181.67348442872
8607,149.07740610678
8608,104.46281478974001
8609,47.27940635728
8610,
8611,
8612,
8613,
8614,
8615,
8616,
8617,
8618,
8619,
8620,
8621,
8622,
8623,
8624,
8625,75.58083935236
8626,269.90030971183
8627,542.31084513275
8628,503.59489975384
8629,457.84065022535
8630,240.11334234688
8631,37.27404204113
8632,21.41310930246
8633,3.5863350618
8634,
8635,
8636,
8637,
8638,
8639,
8640,
8641,
8642,
8643,
8644,
8645,
8646,
8647,
8648,
8649,75.58083935236
8650,269.90030971183
8651,542.31084513275
8652,503.59489975384
8653,457.84065022535
8654,240.11334234688
8655,37.27404204113
8656,21.41310930246
8657,3.5863350618
8658,
8659,
8660,
8661,
8662,
8663,
8664,
8665,
8666,
8667,
8668,
8669,
8670,
8671,
8672,
8673,75.58083935236
8674,269.90030971183
8675,542.31084513275
8676,503.59489975384
8677,457.84065022535
8678,240.11334234688
8679,37.27404204113
8680,21.41310930246
8681,3.5863350618
8682,
8683,
8684,
8685,
8686,
8687,
8688,
8689,
8690,
8691,
8692,
8693,
8694,
8695,
8696,5.31687305622
8697,115.25728153949001
8698,283.41423979169997
8699,363.51763678468
8700,381.15758657013004
8701,438.55243089222
8702,349.52376713322997
8703,238.76690591136
8704,95.65035200936
8705,10.37061188723
8706,
8707,
8708,
8709,
8710,
8711,
8712,
8713,
8714,
8715,
8716,
8717,
8718,
8719,
8720,5.31687305622
8721,115.25728153949001
8722,283.41423979169997
8723,363.51763678468
8724,381.15758657013004
8725,438.55243089222
8726,349.52376713322997
8727,238.76690591136
8728,95.65035200936
8729,10.37061188723
8730,
8731,
8732,
8733,
8734,
8735,
8736,
8737,
8738,
8739,
8740,
8741,
8742,
8743,
8744,
8745,75.58083935236
8746,269.90030971183
8747,542.31084513275
8748,503.59489975384
8749,457.84065022535
8750,240.11334234688
8751,37.27404204113
8752,21.41310930246
8753,3.5863350618
8754,
8755,
8756,
8757,
8758,
8759,
8760,
