Hour,Load_Profile
1,61.83621115000001
2,62.3935039
3,63.14214221000001
4,61.8614192
5,60.86269713999999
6,61.67986530999998
7,61.90220876
8,61.86465102999999
9,61.93386773
10,61.91153024
11,97.65627058000045
12,178.56
13,178.56
14,178.56
15,178.56
16,178.56
17,60.13349964999998
18,59.90944840999999
19,61.05417576999999
20,61.15380579000001
21,60.78453262000001
22,59.40584055
23,62.23738017
24,64.21537479000001
25,63.56760682999999
26,62.79757372
27,63.18708500999999
28,62.18268832999999
29,62.46942996
30,62.10613765999999
31,61.17022078999999
32,62.56565952
33,61.19818355
34,60.92282469000001
35,92.46916751000043
36,178.56
37,178.56
38,178.56
39,178.56
40,178.56
41,58.66813869000001
42,58.55324748000001
43,57.87800186
44,57.32736863
45,57.07161873
46,56.40879552
47,57.48096199999999
48,57.86446652000001
49,58.31423002999999
50,59.08902306999998
51,59.52932747999999
52,59.57672707
53,59.63033783
54,60.20359639000001
55,60.08128707
56,59.64379175999999
57,58.63475086
58,59.19574030999998
59,178.56
60,178.56
61,178.56
62,178.56
63,178.56
64,71.42031360000078
65,60.02107972
66,59.12836152999999
67,60.00012235000001
68,59.94000417999998
69,59.84844347999999
70,60.05122899999999
71,60.67276656000001
72,60.55197210999999
73,60.10460813
74,59.35403179999998
75,58.90046785000001
76,59.07699657999998
77,59.45685703999999
78,58.85401703999999
79,57.9783148
80,56.91088157999999
81,56.09026045
82,59.83459173000088
83,178.56
84,178.56
85,178.56
86,178.56
87,178.56
88,57.54220009999998
89,58.36070393999999
90,59.63117083
91,60.74011768999999
92,60.45503057999998
93,59.65930648999999
94,60.29973404
95,59.81952913999999
96,59.83343288999998
97,58.28073587000002
98,58.48210906999999
99,57.94094565
100,57.74654011000001
101,58.82997351000001
102,58.38423997
103,58.68691906
104,59.54543707000001
105,60.50456748
106,91.99025143000026
107,178.56
108,178.56
109,178.56
110,178.56
111,178.56
112,61.08799850999999
113,60.08876405000001
114,59.51382283
115,59.62859672
116,59.93676997000001
117,60.37879477000001
118,60.01732393999998
119,60.22701258000001
120,61.30467230999997
121,62.50936951000001
122,62.29106813999999
123,62.67572660999998
124,61.28866757999999
125,61.09482658999999
126,60.28927044
127,59.93896573
128,60.14067262000001
129,59.95992092999998
130,178.56
131,178.56
132,178.56
133,178.56
134,178.56
135,115.6093261100001
136,62.91785289999998
137,62.53700397
138,62.98498233999998
139,62.75669575000001
140,63.03229779
141,63.96684035000001
142,63.87458720999999
143,63.90437906999997
144,61.32156086
145,60.73336485999997
146,61.40174341000001
147,60.41149099999999
148,61.10543340999999
149,61.90460926999999
150,62.44827420999999
151,62.34200630000001
152,63.6349329
153,64.12379841
154,123.9147039499999
155,178.56
156,178.56
157,178.56
158,178.56
159,178.56
160,62.63292714000001
161,62.58045681999999
162,61.28574627
163,61.19282624
164,60.45767532
165,59.34979113
166,60.29264989999999
167,59.93366826999998
168,60.13899548999998
169,59.78372435000001
170,61.06630627999998
171,61.90298162999999
172,61.90448803
173,61.74776132
174,61.42045147
175,59.37961127000001
176,59.22396249
177,59.64668486
178,111.0975014200001
179,178.56
180,178.56
181,178.56
182,178.56
183,178.56
184,61.87090959
185,61.28151946000001
186,59.13364778999999
187,61.99747581999998
188,62.16879437999999
189,62.47355358999999
190,63.50842539999996
191,63.31212104000001
192,62.81004820999999
193,61.38902055999999
194,62.96130245999998
195,61.32781648
196,61.15140297
197,60.9377727
198,60.38318524
199,59.54926837999999
200,59.25820131
201,59.5660149
202,178.56
203,178.56
204,178.56
205,178.56
206,178.56
207,67.22994789000082
208,57.6811599
209,60.76631210999999
210,60.10867288999999
211,58.72040775999999
212,58.52520611000001
213,57.55984961999999
214,58.1265629
215,58.82589503
216,59.44157988999997
217,58.94760676
218,58.81177133999998
219,59.0869629
220,58.48473848
221,58.33293893
222,57.85137448999999
223,57.9745418
224,57.51107130999999
225,59.19343758999999
226,178.56
227,178.56
228,178.56
229,178.56
230,178.56
231,73.56857252000059
232,57.14500890000001
233,57.06607654999997
234,57.51541621
235,58.05022530999999
236,56.33350337999998
237,55.58479954999999
238,56.71556344999998
239,57.08746644999999
240,58.59257767999999
241,59.21720973000001
242,59.58872667999999
243,59.33900994000001
244,58.63671100000001
245,57.50988621
246,57.36452812999999
247,56.45938739
248,55.55616913000001
249,54.76616803
250,132.59386335
251,178.56
252,178.56
253,178.56
254,178.56
255,52.53143258999999
256,53.24932200000001
257,55.95707221999999
258,55.583486
259,55.28479628
260,56.06582569000001
261,56.23493652
262,55.63846169000001
263,54.7170218
264,54.85810442
265,54.11485568999999
266,53.89049624
267,53.78474262
268,53.57860696999999
269,53.64140579000001
270,53.38011272999999
271,51.99207769
272,51.59749728000001
273,51.61535435
274,51.87694168999999
275,94.50756647000014
276,178.56
277,178.56
278,178.56
279,178.56
280,53.38484185999999
281,52.22480382
282,51.49945752
283,50.92757131
284,52.11675230999998
285,51.94308482999998
286,52.37902642
287,52.46187149
288,54.33375962
289,54.06732156000002
290,54.14549504
291,53.59719644999999
292,53.75034203000001
293,53.79961474999998
294,53.73482590000002
295,53.13077909999999
296,52.01185934
297,51.72135723999999
298,105.1589909600006
299,178.56
300,178.56
301,178.56
302,178.56
303,57.64718371999999
304,57.41979606999999
305,56.55138334999998
306,56.77185339000001
307,55.50686427999998
308,55.07696599999999
309,55.94089857999998
310,56.39914441000001
311,57.70464678999998
312,58.81385033999999
313,58.37185206999999
314,55.45721516999998
315,53.89464745
316,53.15746820999999
317,52.23138207
318,52.21292139000001
319,51.91810623999999
320,51.62123890000002
321,50.59805610999999
322,104.0338671900003
323,178.56
324,178.56
325,178.56
326,178.56
327,55.52234296
328,54.93836824000001
329,56.24682202999998
330,55.21529769
331,55.68042221000001
332,56.07714496999998
333,53.32474693
334,54.3185272
335,56.73634659
336,56.40837048000001
337,57.25722540999998
338,57.96636251
339,58.51513528
340,59.63858410999999
341,56.18599938000001
342,56.19194685999999
343,54.18208544
344,52.89009557999999
345,52.64856583
346,118.8058776400005
347,178.56
348,178.56
349,178.56
350,178.56
351,54.58430390000004
352,55.24626534000001
353,55.97293345000001
354,53.86533389999999
355,53.64957297000001
356,53.51330103000001
357,52.23414504
358,53.41903966
359,55.29870535000001
360,56.35554862000001
361,55.56235299999998
362,55.58067242000001
363,54.52558538
364,54.04381401999999
365,53.29670185000001
366,52.69976592999998
367,52.50761796000001
368,50.72280276
369,51.80474795999999
370,112.7417308100004
371,178.56
372,178.56
373,178.56
374,178.56
375,55.80380456
376,55.67335927999999
377,55.87203748000001
378,53.40497623999999
379,55.14855709999998
380,55.870374
381,56.27772254999999
382,58.39544697
383,57.90592492999999
384,55.5515667
385,57.67859565999998
386,60.59550314999998
387,60.43800427
388,60.96752627000001
389,60.38303838
390,61.18367751999998
391,58.39488381999999
392,57.04473376
393,56.70625967999998
394,56.22839130999999
395,178.56
396,178.56
397,178.56
398,178.56
399,178.56
400,70.06240922000025
401,59.34034875999999
402,60.7640978
403,61.04621845
404,61.50356618000001
405,61.40517837999998
406,61.59741447999997
407,60.65041059
408,63.45048261999999
409,62.38486107000001
410,63.0192563
411,61.78216786
412,60.92499678999999
413,62.15573293999999
414,60.60473916
415,58.29650456
416,58.10499758
417,58.79722065000001
418,60.87926796000001
419,178.56
420,178.56
421,178.56
422,178.56
423,178.56
424,95.08058856999989
425,58.50931324
426,59.16996554000001
427,61.88192520999999
428,61.53842057999998
429,61.90195655
430,61.38563920999997
431,62.13668964999999
432,62.15808927999998
433,62.49722961999998
434,63.52789331
435,64.62195299
436,63.29572466
437,62.95504327
438,61.79811154999999
439,60.82328455
440,60.57112830999999
441,60.39717852
442,60.33020679000001
443,178.56
444,178.56
445,178.56
446,178.56
447,178.56
448,101.7318581300009
449,58.56190424
450,58.25364089999999
451,57.87307442
452,59.66323950999999
453,61.92718762999999
454,61.57729179
455,61.43447561999999
456,61.56367469000001
457,60.85984989
458,61.88553448
459,62.85634354999999
460,61.63321717
461,60.89606354999999
462,60.24486699000001
463,59.35032593000001
464,58.26962455999999
465,58.21143034000001
466,57.93039993999998
467,178.56
468,178.56
469,178.56
470,178.56
471,178.56
472,96.22458063000022
473,63.22587172999999
474,61.95400365000001
475,61.12519469
476,61.42289531000001
477,62.02400175999999
478,62.04483620999999
479,62.30819391999999
480,62.90180609999999
481,60.73138883000001
482,61.47681855
483,61.60280972999999
484,59.71155372
485,58.53763139
486,58.55050831
487,58.65686435
488,58.99627348999999
489,59.23388827999997
490,58.29614937999999
491,153.483705839
492,178.56
493,178.56
494,178.56
495,178.56
496,56.23969455999998
497,55.87078
498,55.89317999999999
499,55.91557999999999
500,55.93798
501,55.96037999999999
502,55.98277999999999
503,56.00517999999999
504,56.02757999999999
505,55.51237999999999
506,55.53477999999999
507,55.55717999999999
508,55.57958
509,55.60198
510,55.62438
511,55.64677999999999
512,55.66918
513,55.75808238
514,55.61660034
515,178.56
516,178.56
517,178.56
518,178.56
519,130.7503194900007
520,53.06542023999999
521,52.82625215000001
522,54.85367958
523,54.6841967
524,55.498002
525,58.43487769000001
526,58.63429999
527,60.45729451999998
528,61.34381371999999
529,60.56370865999998
530,61.55256114
531,61.80300965999999
532,58.03785581999999
533,56.86326569
534,56.22631469000001
535,53.51295606999998
536,52.95534041
537,53.92191475999999
538,53.45816202999998
539,151.73153723
540,178.56
541,178.56
542,178.56
543,178.56
544,56.37932097
545,57.00216619999999
546,56.39932731999998
547,56.41507899999998
548,56.72530514
549,59.49496293999998
550,62.07684238000001
551,62.68246585999999
552,60.75063183
553,60.20622362999998
554,64.02610949
555,65.36785310999997
556,62.81627050999999
557,61.32266909999998
558,61.16712238000002
559,60.85826782
560,60.39531063999999
561,60.05026768999997
562,59.49047124999998
563,178.56
564,178.56
565,178.56
566,178.56
567,178.56
568,114.5192345300008
569,57.38280372999999
570,59.66253460999998
571,65.91508273000001
572,65.9950529
573,64.75401086
574,65.79684069
575,65.57956573
576,65.6646949
577,67.61834597000002
578,67.31426541
579,67.36895430999999
580,66.3770079
581,65.04400224
582,64.31041701
583,63.66135111
584,63.54771766
585,63.68964672
586,64.03914327999999
587,178.56
588,178.56
589,178.56
590,178.56
591,178.56
592,137.9765765300005
593,60.18467931
594,60.87246199999999
595,61.95037863
596,61.77055045
597,61.49860485999998
598,61.07296789999999
599,60.39387158
600,62.91084023000001
601,62.29751731
602,62.85250027000001
603,62.20610452
604,61.76976371999999
605,60.54009275999999
606,60.73107144999999
607,59.69035751000001
608,59.09326689
609,58.20555292999999
610,58.64400948000002
611,178.56
612,178.56
613,178.56
614,178.56
615,178.56
616,99.31413936000018
617,62.92636664999999
618,63.39924234
619,63.70292467
620,64.03447897
621,63.70550186
622,62.06513739999999
623,63.38111255
624,62.13362805999999
625,62.36630386000001
626,62.32510256
627,63.76006734999999
628,63.75279589
629,63.21496972
630,63.02887954999998
631,62.51002058
632,63.39525661000001
633,62.42872033999999
634,63.06311662
635,178.56
636,178.56
637,178.56
638,178.56
639,178.56
640,142.0164337100003
641,63.71274168
642,62.82092131
643,63.78539096999999
644,65.32024982000003
645,65.96280802999999
646,63.01059639
647,63.86320955000001
648,65.20369576
649,64.65856838
650,64.1521328
651,65.66715127
652,65.27513762
653,65.54262904
654,65.49934769000002
655,65.59112391999999
656,65.76865476999997
657,64.64714269999999
658,151.7761604600009
659,178.56
660,178.56
661,178.56
662,178.56
663,178.56
664,62.26019575999998
665,61.82878352000002
666,64.15399718
667,64.38789014000001
668,65.06769086999998
669,64.28808407000002
670,64.88836886
671,65.64894231
672,66.40569194
673,65.37115192999997
674,66.92251503000001
675,67.32180525
676,67.12501047
677,66.03527440999999
678,64.93111289000002
679,64.21066876
680,62.29166705999999
681,61.00681278999999
682,61.11858431
683,178.56
684,178.56
685,178.56
686,178.56
687,178.56
688,163.5127970200007
689,64.34999522000001
690,64.43961524
691,65.23060362
692,64.67534947999997
693,66.52157161999999
694,67.38760923999999
695,67.82927431
696,68.18056594999999
697,68.20177475999999
698,67.35389479
699,68.59189490999998
700,65.96133634999998
701,65.0085058
702,64.90539503000002
703,64.31246213
704,63.29395121000003
705,64.53641593
706,64.894074
707,171.1289776000004
708,178.56
709,178.56
710,178.56
711,178.56
712,178.56
713,66.87099971999999
714,64.81799359
715,65.71121221
716,63.04038250999998
717,61.01368448
718,61.86542586000001
719,60.12778555
720,55.76205817
721,53.72438861999998
722,53.14323657999999
723,53.02121048
724,52.14152978999999
725,52.13296837
726,51.05467752000001
727,50.72185082999999
728,49.84681603999999
729,49.27590528
730,49.37166031
731,178.56
732,178.56
733,178.56
734,178.56
735,108.5061516200003
736,56.29548378999998
737,54.02484962
738,53.37799095999998
739,53.69016848999999
740,52.65566620999999
741,53.78044965999999
742,53.96385673
743,52.49445866
744,52.71256634
745,51.73758778999999
746,54.60529192999998
747,55.21140337999999
748,55.08442317
749,54.69738897000001
750,54.56097472000001
751,54.46900479999999
752,54.30788797
753,54.05575776999999
754,54.05387658999999
755,178.56
756,178.56
757,178.56
758,178.56
759,138.6326774099998
760,59.34342651999999
761,59.34621665
762,58.84329744999999
763,58.68182158999999
764,59.16347451000001
765,58.17938245000001
766,56.94794056000001
767,55.51614313000001
768,53.82798903999998
769,52.05054155000001
770,51.91527088999999
771,52.03659076
772,51.10054634999999
773,49.85280559
774,49.51942604000001
775,49.31775568999998
776,49.24341821000002
777,48.94991275999999
778,48.90781266
779,48.65157513999999
780,178.56
781,178.56
782,178.56
783,163.5645967000003
784,47.52628761999999
785,48.20862885999999
786,48.76823259000001
787,49.20199164999999
788,49.65741466
789,49.50712865
790,49.78619582999999
791,50.47277165
792,50.89413524999999
793,50.61772547999999
794,50.66176220000002
795,49.39905781999998
796,49.06615406
797,47.74934478999999
798,47.09662054999999
799,47.034218
800,46.98552123999998
801,47.46930524
802,48.28447175999999
803,74.77643505000054
804,178.56
805,178.56
806,178.56
807,178.56
808,63.84818335
809,64.11482692999999
810,65.31645714999999
811,53.25927620999999
812,52.45225782999999
813,52.98331898999999
814,52.38979696999999
815,52.89254823999999
816,53.77152143999999
817,52.53671968999999
818,50.05492575999998
819,51.76614120999999
820,52.66113048
821,51.49773096999999
822,51.72406385999999
823,51.22514886999999
824,50.84827734
825,49.4988711
826,47.77244730999998
827,178.56
828,178.56
829,178.56
830,178.56
831,103.4400090500002
832,54.50939214000001
833,55.38338596000001
834,55.34988473
835,59.66452114000001
836,60.40995197999999
837,58.84840940999999
838,58.71578299999998
839,57.99377317999997
840,56.97192452
841,55.57583254999999
842,54.66111728
843,56.24217626999999
844,56.73258276000001
845,55.55711945
846,55.31234113999998
847,54.92004454999999
848,54.60259259000001
849,53.79010692999999
850,53.12643679000001
851,123.4893431199998
852,178.56
853,178.56
854,178.56
855,178.56
856,56.43608599999998
857,55.16491134
858,53.49177154999998
859,55.18119628000001
860,55.69431706999998
861,55.00249076
862,53.85133354999999
863,53.83338589999999
864,53.40869771999999
865,51.70689034000001
866,51.05900562
867,50.94326740999999
868,50.61477798999999
869,51.13097969000001
870,51.09923455
871,50.91938110000001
872,50.87486844999999
873,50.53885921000001
874,50.61259216999999
875,85.56201786000024
876,178.56
877,178.56
878,178.56
879,178.56
880,52.52063592999998
881,53.84025499999999
882,54.69037931000002
883,54.59289073000001
884,54.23655286000002
885,53.63651111000001
886,53.29870468999999
887,54.66211162999999
888,55.11938214999999
889,54.592825
890,53.80693100999999
891,52.50451941000001
892,51.83422776
893,51.59082348
894,51.50404945
895,51.35630395
896,51.03523355000001
897,50.62746038000002
898,50.31568016999999
899,78.25208280000071
900,178.56
901,178.56
902,178.56
903,178.56
904,50.82471099999999
905,52.05775623999999
906,52.16873214
907,53.74155282999999
908,53.51683372
909,52.85906759
910,53.47446958000001
911,54.16687311
912,54.31704172999999
913,55.60696673
914,52.29565102999999
915,52.01559531
916,53.19563858
917,54.2395469
918,53.19214648999999
919,52.70005755
920,52.80815841
921,53.13075593000001
922,53.33664748999999
923,178.56
924,178.56
925,178.56
926,178.56
927,122.7434056500007
928,57.67842899000001
929,57.72700955
930,58.17647702999999
931,57.41573669999998
932,57.55661372999999
933,53.17297076000002
934,52.58963731
935,52.08499764999998
936,54.48980341
937,55.28292496999999
938,55.43088607
939,55.58806189999999
940,53.65237716999999
941,55.94527645000001
942,56.04484116
943,55.91557712999999
944,55.99908986000001
945,56.18973479000001
946,56.02985107999999
947,143.6885441000002
948,178.56
949,178.56
950,178.56
951,178.56
952,54.66233996999998
953,55.01463359
954,57.73287995999998
955,58.46439850999999
956,58.46215955999999
957,58.02435583
958,53.51869411000001
959,53.69298906999999
960,55.30826252
961,54.71818058
962,54.20337748
963,54.37410496
964,55.30143472
965,53.09276000000002
966,51.7140533
967,52.11329164999999
968,51.80459214
969,51.83243303
970,51.77724342000001
971,62.15591706999971
972,178.56
973,178.56
974,178.56
975,178.56
976,49.69550578999998
977,52.54783561999999
978,54.52716514
979,53.64078475
980,52.61185307
981,50.78409679
982,50.94394164999999
983,51.63998944999998
984,52.79136288999998
985,52.11560668999999
986,52.77428401
987,51.843526
988,51.45413105
989,50.49919475999999
990,50.87962999000001
991,51.96203824
992,51.69840879
993,51.52864296999999
994,51.23228795999999
995,75.77115626999992
996,178.56
997,178.56
998,178.56
999,178.56
1000,51.81467417
1001,52.13668124
1002,50.37925228
1003,51.22978685999998
1004,50.78446309999999
1005,49.52994682999999
1006,48.11349935
1007,48.99722106999999
1008,50.76754696999998
1009,50.91761527999999
1010,51.63342589999998
1011,52.30460185999998
1012,51.89259418
1013,51.39393475999999
1014,51.70658521
1015,50.54680378999999
1016,49.61910064999999
1017,48.86754879999999
1018,48.78371407
1019,178.56
1020,178.56
1021,178.56
1022,178.56
1023,81.07324705000025
1024,54.76487758
1025,54.87577662
1026,55.11482928
1027,55.20339734
1028,56.18804099999998
1029,57.37758109999999
1030,57.14377732
1031,56.22893297
1032,56.13206003999999
1033,54.41480134999999
1034,56.70433776
1035,54.61188131
1036,55.45941344999999
1037,55.81984303
1038,55.78963782
1039,57.44787789999999
1040,56.78500352
1041,57.01060603000001
1042,59.26890641
1043,178.56
1044,178.56
1045,178.56
1046,178.56
1047,163.2118236699999
1048,57.52799689
1049,57.23118177
1050,56.73680866
1051,57.82065310000002
1052,58.17515416999998
1053,58.63773852999999
1054,58.30796503000001
1055,55.60666993
1056,54.30587617
1057,53.50383906
1058,54.86532120999998
1059,54.70040632
1060,55.72798973
1061,55.90279807000001
1062,57.84538375
1063,56.86727200000001
1064,56.84031506999998
1065,56.95639830999999
1066,68.04227499000055
1067,178.56
1068,178.56
1069,178.56
1070,178.56
1071,178.56
1072,57.32487089
1073,56.72593297000001
1074,58.37744709999998
1075,59.25577931
1076,57.04517903000001
1077,56.04689251000001
1078,53.55013530999999
1079,52.91759886000001
1080,50.83220121
1081,49.60479027000001
1082,49.82798099999999
1083,50.03661789000002
1084,50.93581723999999
1085,50.38056358999998
1086,50.37923302999999
1087,49.74028066000001
1088,49.71429876000001
1089,49.64814924999997
1090,49.81831218000001
1091,178.56
1092,178.56
1093,178.56
1094,178.56
1095,70.95681280000034
1096,51.23504442
1097,49.57306865
1098,53.11334181999999
1099,56.12539554999999
1100,53.90930278999998
1101,51.76605252
1102,50.39205703
1103,50.00204531
1104,50.24250924
1105,49.39499186999998
1106,50.68096096
1107,51.32264690000001
1108,51.57648363
1109,50.85621876999999
1110,50.96225224999999
1111,50.67208327999999
1112,49.91121331
1113,49.16343361999999
1114,49.17513068999999
1115,49.28536192999999
1116,178.56
1117,178.56
1118,178.56
1119,173.9705392800002
1120,49.90530502999999
1121,48.08596849000001
1122,47.75940371999999
1123,48.66465995999998
1124,48.23614845000001
1125,49.05187896000001
1126,50.07953951
1127,50.51738076000001
1128,50.17800892999999
1129,47.94698089999999
1130,45.11750607
1131,45.15738507
1132,46.07827237999999
1133,49.39901911000001
1134,48.77855752
1135,50.11167721
1136,46.81147583
1137,45.57369368999999
1138,45.80196628000002
1139,46.52090793
1140,178.56
1141,178.56
1142,178.56
1143,133.9848615300004
1144,45.53029376
1145,45.60053560999999
1146,46.86702495999999
1147,47.15607623999999
1148,47.82794541000001
1149,49.98457988999999
1150,49.90095173
1151,51.000145
1152,52.27084338
1153,51.62912068999999
1154,50.85803548
1155,50.8116749
1156,50.04916258999999
1157,50.46516041
1158,50.74408486
1159,48.68232621
1160,48.52975617
1161,48.79157472
1162,48.43182371999999
1163,47.44744907
1164,178.56
1165,178.56
1166,178.56
1167,176.6664034100002
1168,53.97044226000001
1169,54.54975876
1170,51.89848783
1171,49.98610841000001
1172,53.81528572000001
1173,53.37822686
1174,52.07206872
1175,50.29002516999999
1176,52.18881303999999
1177,50.86946403
1178,54.86054657999999
1179,52.92958502999998
1180,52.53451763
1181,52.36025879
1182,51.59696276000002
1183,51.76422601
1184,51.49548872999998
1185,50.44173637999999
1186,49.83802425
1187,76.3004728900004
1188,178.56
1189,178.56
1190,178.56
1191,178.56
1192,51.71762918
1193,54.33988244999999
1194,53.30594535000001
1195,55.55495427999999
1196,55.35130741
1197,53.67046762
1198,54.10271306999999
1199,54.11176652
1200,55.04435803999998
1201,55.46782667999999
1202,56.48167909999999
1203,56.56491035999998
1204,57.90608879999998
1205,57.13259062000001
1206,55.88719752
1207,52.85803642
1208,50.49654182999999
1209,49.26271301000001
1210,49.00272755
1211,178.56
1212,178.56
1213,178.56
1214,178.56
1215,96.04093500000057
1216,54.00432295999999
1217,54.34871161999999
1218,53.19552763
1219,53.50097864999999
1220,53.50138213
1221,51.36467721
1222,53.0278189
1223,54.00157952000001
1224,54.81222859
1225,55.64610793000001
1226,56.85546363
1227,57.0067099
1228,57.55822786
1229,57.65739763
1230,56.49927100999999
1231,56.19657637999997
1232,53.02442564999998
1233,52.04531297
1234,50.89492604
1235,178.56
1236,178.56
1237,178.56
1238,178.56
1239,119.1855360700005
1240,55.35323493000001
1241,55.97928966000001
1242,56.99388617999999
1243,56.44101799
1244,56.40441127999998
1245,55.89905250999998
1246,55.76832576
1247,55.11084138
1248,55.65106623999999
1249,56.48009562999997
1250,57.60626368000001
1251,57.75340396000001
1252,56.07387324000001
1253,55.23587488999998
1254,55.19332455000001
1255,54.57808720000001
1256,52.42454434000001
1257,51.85756072
1258,51.53972362
1259,156.9047058700007
1260,178.56
1261,178.56
1262,178.56
1263,178.56
1264,66.16639658999998
1265,62.44983045
1266,61.02989136999999
1267,59.39358298999998
1268,60.64305541
1269,61.01213600999998
1270,61.08455941
1271,59.82565406999998
1272,58.99869289999999
1273,57.76050223999999
1274,57.26987672
1275,55.60492455
1276,53.86446156000002
1277,53.20618107000001
1278,51.76420633999999
1279,52.03326289
1280,51.84024286000002
1281,51.6784079
1282,51.51272273
1283,101.4991607400008
1284,178.56
1285,178.56
1286,178.56
1287,178.56
1288,53.85486666
1289,54.54326541999999
1290,53.59564469
1291,53.08294628000001
1292,53.29517654999999
1293,52.95962902999999
1294,53.46535823999999
1295,52.89118737
1296,52.06846176000001
1297,53.06201403999999
1298,52.89337676000001
1299,51.18882012999999
1300,49.55240997000001
1301,50.67513941000001
1302,49.85989456000001
1303,49.85329055
1304,49.36389765999999
1305,48.39117485999999
1306,47.99215421
1307,74.24598214000004
1308,178.56
1309,178.56
1310,178.56
1311,178.56
1312,53.73033133999999
1313,55.78458214000001
1314,57.66378568999998
1315,57.84927162
1316,57.32245644999997
1317,56.07576806999998
1318,55.06783163
1319,55.58706048
1320,55.74667538999999
1321,56.22979355
1322,54.78824434999997
1323,54.17036303
1324,53.54858145
1325,52.99828121
1326,52.86933652
1327,52.47090533999999
1328,51.68863084
1329,54.37869541999999
1330,55.73807078
1331,178.56
1332,178.56
1333,178.56
1334,178.56
1335,141.6011750099999
1336,55.48303116999999
1337,56.74110211000001
1338,56.54505304000001
1339,56.22102947999999
1340,56.75973995999998
1341,54.19414476
1342,53.97248010000001
1343,54.28604369999999
1344,54.75422218
1345,53.69972768999998
1346,53.85064061999999
1347,55.28332151999999
1348,56.11635134000001
1349,55.93929635000001
1350,55.51408127999999
1351,55.61473826999999
1352,54.97142188999999
1353,54.67399007000001
1354,53.50938348
1355,114.0015921800007
1356,178.56
1357,178.56
1358,178.56
1359,178.56
1360,55.38752603999999
1361,54.8153571
1362,56.93911279
1363,57.5274371
1364,56.94120320000001
1365,56.51112663
1366,56.54025104
1367,56.98846083
1368,56.61682628
1369,56.38902955
1370,56.94339706999999
1371,57.89072106999999
1372,58.12487114
1373,57.35170721000001
1374,56.75842633999999
1375,56.71298968999999
1376,54.10566020999999
1377,52.50418124000002
1378,59.89933117
1379,159.6713955840002
1380,178.56
1381,178.56
1382,178.56
1383,178.56
1384,54.51434568999999
1385,54.04553686000001
1386,55.39965213999999
1387,54.69630098100001
1388,56.54935069
1389,56.69928810000003
1390,56.98736449
1391,57.93096665999999
1392,57.579146695
1393,57.04817467999998
1394,56.27796276549999
1395,55.88389569
1396,55.47532620000001
1397,52.63989749549999
1398,51.96443196000001
1399,51.1545909
1400,46.84540686699999
1401,28.06830825399999
1402,26.50360999999999
1403,26.52600999999999
1404,164.5567108090003
1405,178.56
1406,178.56
1407,39.97552068300001
1408,46.15009211400001
1409,45.29926067799999
1410,45.12695369
1411,45.11906699999999
1412,45.141621
1413,45.13304124
1414,45.09368731
1415,45.23851738
1416,45.53034031
1417,45.17523745
1418,45.130904
1419,45.1795351
1420,45.19700731
1421,45.231676
1422,45.24212693
1423,45.314962
1424,45.38156000000001
1425,45.15691831000001
1426,50.95637134
1427,93.24272023000047
1428,178.56
1429,178.56
1430,178.56
1431,178.56
1432,54.86895596
1433,56.00988365
1434,56.02520027999999
1435,60.62363286
1436,62.29806771999998
1437,63.89347489
1438,58.61473296000001
1439,58.65009493000001
1440,58.45822948000001
1441,58.08177172000001
1442,58.21133024
1443,58.41639993
1444,58.00251751
1445,58.30573664999999
1446,57.19293712999999
1447,55.37496131999999
1448,55.53034024999999
1449,54.95342306999999
1450,55.54441696999998
1451,138.4718743700002
1452,178.56
1453,178.56
1454,178.56
1455,178.56
1456,55.39152955000001
1457,54.85370289000001
1458,55.49631276000001
1459,56.38362736999999
1460,57.18023709999999
1461,56.89789742
1462,57.43037006
1463,56.57758854999999
1464,57.38441324
1465,56.87702993
1466,56.24528944999998
1467,56.05611914000001
1468,56.18108313999997
1469,55.25961727999999
1470,54.42868829999998
1471,54.35530029999999
1472,53.73819024
1473,52.35128465
1474,53.27124823999998
1475,131.1135436700002
1476,178.56
1477,178.56
1478,178.56
1479,178.56
1480,56.37402414
1481,55.19540355
1482,55.67200064999999
1483,56.42128107
1484,55.60707579
1485,56.25959275999999
1486,56.04036675999999
1487,56.24056011000001
1488,56.11583803000001
1489,55.68876614000002
1490,55.00430565
1491,53.93294641000001
1492,54.57560731000002
1493,54.85878006000002
1494,53.78607234
1495,54.81583821
1496,54.21772097000001
1497,54.80992048
1498,53.37486427000001
1499,80.66773886999938
1500,178.56
1501,178.56
1502,178.56
1503,178.56
1504,50.88310255
1505,51.17433517
1506,51.58335252
1507,51.67520624000002
1508,51.48885903000001
1509,51.45166061
1510,51.64433442
1511,52.37975448999999
1512,53.52324865999999
1513,52.98824810999999
1514,53.29364831
1515,53.20768355
1516,53.77059876999999
1517,53.54924154999998
1518,53.28670214
1519,53.27691656
1520,53.28679062
1521,52.7656738
1522,52.19412079000001
1523,53.29686203999981
1524,178.56
1525,178.56
1526,178.56
1527,178.56
1528,48.31874600000001
1529,47.83464021
1530,48.26675749
1531,48.23194620999999
1532,48.00224807000001
1533,47.97957717000001
1534,48.04170909999999
1535,48.39895683
1536,49.74149557999999
1537,48.88168334
1538,48.11062431
1539,48.07504309999999
1540,47.79881113
1541,47.68633366
1542,47.49902310999999
1543,47.69739288999999
1544,47.96219007999999
1545,47.73010375
1546,47.63133234999999
1547,47.135753
1548,178.56
1549,178.56
1550,178.56
1551,152.8224885099999
1552,48.56322107
1553,48.68497732
1554,48.91856172
1555,48.71101473
1556,48.56953269000001
1557,48.92737030999999
1558,49.29213772
1559,49.210896
1560,50.65843740999998
1561,50.06786834
1562,49.02733485999997
1563,48.41148186000001
1564,48.32166738
1565,48.21262900999999
1566,47.92529483000001
1567,47.48292255
1568,47.65295696
1569,48.32285024
1570,47.57563524000001
1571,47.64413283
1572,178.56
1573,178.56
1574,178.56
1575,170.8499511800002
1576,50.16271637999999
1577,52.67986464999998
1578,51.65691223
1579,51.86950321
1580,50.89447062
1581,51.16884065999999
1582,51.1538188
1583,50.44102210000001
1584,50.79973226999999
1585,50.47773961999999
1586,50.47542289999999
1587,49.88449213999998
1588,49.52846289999999
1589,49.42581455
1590,48.41647706
1591,48.00516308
1592,48.40563224
1593,47.93215217
1594,47.40564556
1595,55.63187749000006
1596,178.56
1597,178.56
1598,178.56
1599,178.56
1600,50.93941496000001
1601,50.75951061999999
1602,50.21259873
1603,49.88095238
1604,50.23917486
1605,49.63351085
1606,49.32861002999999
1607,49.58370416999999
1608,50.21199169
1609,49.63761852
1610,49.89461183
1611,49.74976720000002
1612,49.2690751
1613,49.12980086
1614,49.47368775999999
1615,49.13488048
1616,49.21859858999998
1617,48.81847389999998
1618,48.55499859
1619,48.46056334
1620,178.56
1621,178.56
1622,178.56
1623,157.9731683300001
1624,48.01169575999999
1625,48.02988624
1626,48.18603537999999
1627,48.08651869000001
1628,48.24500289
1629,48.26332245
1630,48.27622547999999
1631,47.92753678999999
1632,48.54424862
1633,47.03871452
1634,47.00395461999999
1635,47.05207254999999
1636,47.02729724
1637,47.05621605999999
1638,47.30308310000001
1639,47.32686916999999
1640,47.35902318
1641,47.23381348
1642,47.09831300999998
1643,151.46492551
1644,178.56
1645,178.56
1646,178.56
1647,48.03405858999999
1648,49.02024127
1649,48.84847344999999
1650,48.99676817
1651,49.33335414
1652,49.62561358999999
1653,49.89536335
1654,49.76078499
1655,51.30049630999999
1656,51.3322649
1657,51.27235365000001
1658,50.64328353000001
1659,51.64822844999998
1660,50.82609252
1661,49.75357799999999
1662,49.353157
1663,49.36280076000001
1664,48.82979927
1665,48.94726963
1666,49.23845066000001
1667,166.3730146600006
1668,178.56
1669,178.56
1670,178.56
1671,48.59135932000001
1672,48.27038972
1673,50.05383138
1674,49.36703555
1675,49.01318835000001
1676,47.47169266
1677,47.62419661999999
1678,47.68050210000001
1679,47.75716147999999
1680,48.27875269
1681,46.69467817
1682,46.60527501000001
1683,47.23761692999999
1684,47.54342796000001
1685,47.60086352
1686,47.28516828
1687,47.16311564999999
1688,46.72313128
1689,46.72420221000001
1690,46.6110043
1691,150.3105543400002
1692,178.56
1693,178.56
1694,178.56
1695,51.74735734
1696,52.49214572000001
1697,52.97256734
1698,53.15800252
1699,51.85441044
1700,51.75502234
1701,52.10231165999999
1702,48.34798948000001
1703,47.66288792999999
1704,47.06738847999999
1705,46.14392327999999
1706,47.38895441
1707,48.09272811
1708,47.89257172
1709,48.14838448
1710,47.42692563000001
1711,47.92189968999999
1712,48.13143488999999
1713,48.19295130999999
1714,47.86854400999999
1715,166.5065994900004
1716,178.56
1717,178.56
1718,178.56
1719,49.87892658000001
1720,50.65923828
1721,51.78530413000001
1722,52.20040496999999
1723,51.73251964999999
1724,51.17400638
1725,52.03175313000001
1726,51.87425516000001
1727,52.64943432000002
1728,55.05259648000001
1729,54.15233334000001
1730,54.8045169
1731,55.32911076
1732,55.94695133999999
1733,55.49990816999998
1734,55.37730267999999
1735,54.00305189999999
1736,52.66232068999998
1737,52.58236207
1738,52.63900124
1739,104.9753804700003
1740,178.56
1741,178.56
1742,178.56
1743,178.56
1744,53.81839371999998
1745,54.34658166000001
1746,55.73665586999999
1747,56.64648051999999
1748,56.25590305999997
1749,55.31362235
1750,54.57141158000001
1751,55.01810747999998
1752,56.10403190000001
1753,55.07674459
1754,54.75523669
1755,54.38606634999999
1756,54.29383868999999
1757,53.95775231
1758,53.85986444999998
1759,54.09801802999997
1760,54.19331183000001
1761,54.17731402999999
1762,53.79400116999999
1763,178.56
1764,178.56
1765,178.56
1766,178.56
1767,107.8567788000003
1768,53.48621607
1769,51.0031641
1770,51.82266781999999
1771,52.38812396999999
1772,52.6420111
1773,52.66697765
1774,51.14978862
1775,52.23735601
1776,53.17954572000001
1777,52.74477348000001
1778,53.44895709999999
1779,53.50203025999998
1780,53.25695654999999
1781,53.02841362000001
1782,52.80355269000002
1783,52.27650609999998
1784,52.04052014
1785,51.98150523999999
1786,53.10644261999999
1787,110.6806721000002
1788,178.56
1789,178.56
1790,178.56
1791,178.56
1792,53.94600882999998
1793,53.81230413999999
1794,53.66822943999998
1795,53.59456003999999
1796,53.94153996000001
1797,53.89733531
1798,53.79653552
1799,53.51114097
1800,53.04869689
1801,52.78524958000001
1802,52.81994416999999
1803,52.76742317
1804,52.29728014000001
1805,51.07002151999999
1806,51.13419233999998
1807,50.64741703000001
1808,50.16785444999999
1809,50.61680861999999
1810,50.71423245
1811,178.56
1812,178.56
1813,178.56
1814,178.56
1815,84.26383326999984
1816,52.81349233999999
1817,53.63356117000001
1818,54.15240606999999
1819,53.48008589000001
1820,53.76292557999999
1821,53.37391485999999
1822,54.96026241999999
1823,54.95032158000001
1824,56.07728664999998
1825,55.58928165
1826,55.73521625
1827,56.44699661999999
1828,56.12186950999998
1829,55.88113531000001
1830,54.56469647999999
1831,54.17986937999999
1832,54.09364807000002
1833,54.36416747999998
1834,54.63111871
1835,178.56
1836,178.56
1837,178.56
1838,178.56
1839,134.7335892700009
1840,56.14867103999998
1841,55.91481483
1842,56.12927851999999
1843,55.85782047999999
1844,55.73335578999999
1845,55.21316247999999
1846,55.14762876
1847,56.06310038000001
1848,56.72169979
1849,56.63712312999999
1850,56.54923400000001
1851,56.16692213999998
1852,55.92875399999999
1853,55.85102852
1854,55.88950765999999
1855,55.50488482
1856,55.12311279999999
1857,54.85786558000002
1858,56.05038312999996
1859,144.6057585900003
1860,178.56
1861,178.56
1862,178.56
1863,178.56
1864,56.47861597
1865,56.11170327
1866,56.04917255
1867,54.58298285999999
1868,53.16712548
1869,53.99199427999999
1870,55.44638848
1871,55.52820776999999
1872,55.23878296999999
1873,55.40014479999999
1874,54.06944892999999
1875,53.24733939000001
1876,52.80165583
1877,52.86525006
1878,52.52920161999999
1879,52.42745221000001
1880,51.85325599999999
1881,51.93178879
1882,51.94933750999999
1883,178.56
1884,178.56
1885,178.56
1886,178.56
1887,80.92444508000024
1888,51.78510666
1889,51.96358503
1890,51.98280248
1891,51.76729830999999
1892,51.27490179
1893,51.52981673
1894,50.45609540999999
1895,49.16418240999999
1896,50.55171575999999
1897,51.12258921000002
1898,51.32845431
1899,51.26720669
1900,51.25649668999999
1901,51.22848731
1902,51.48426037999999
1903,51.287775
1904,51.315257
1905,51.328186
1906,51.35163831000001
1907,74.8592120299999
1908,178.56
1909,178.56
1910,178.56
1911,178.56
1912,51.62356037999999
1913,51.61128462000001
1914,51.74353799999999
1915,52.02899569
1916,51.59416969
1917,52.79610735000001
1918,52.9182997
1919,53.25277971999999
1920,53.72511662000002
1921,53.54985978999999
1922,53.48519904
1923,52.84231883
1924,52.32204802999998
1925,52.46151344000001
1926,52.28244245000001
1927,52.32499117999998
1928,52.70618535
1929,54.21927980000001
1930,53.44786013000001
1931,178.56
1932,178.56
1933,178.56
1934,178.56
1935,115.4012661700003
1936,53.35452122000001
1937,52.89115321000001
1938,53.20584528
1939,54.47584995999998
1940,53.84318561999999
1941,54.87705783000001
1942,56.05704972000001
1943,57.83181607
1944,57.97608137999999
1945,56.45933047999999
1946,56.11428641
1947,55.79919582999998
1948,56.18578020999999
1949,55.55160072
1950,56.10171965999999
1951,55.99812134
1952,56.2999549
1953,56.55124993
1954,57.61094261999999
1955,139.7628611900006
1956,178.56
1957,178.56
1958,178.56
1959,178.56
1960,55.5178099
1961,55.22065996999999
1962,54.31993203000002
1963,55.30647478999999
1964,54.78936141
1965,53.34850493
1966,52.88878259
1967,53.06027999999999
1968,52.66246558999999
1969,52.36842289
1970,51.81866185999999
1971,51.81611442000001
1972,51.92919437999998
1973,51.87515858
1974,51.76582390000001
1975,51.64153770999999
1976,51.28625396999999
1977,51.15013666000001
1978,53.4787883
1979,178.56
1980,178.56
1981,178.56
1982,178.56
1983,104.7727849800004
1984,53.98363613999999
1985,53.14196818000002
1986,53.53181147999999
1987,54.1288629
1988,55.52925517999999
1989,55.43310072999999
1990,56.15299150999999
1991,56.84506057999999
1992,57.97946945000001
1993,56.47385785999999
1994,55.29957587
1995,53.55595497000001
1996,53.7882821
1997,53.45224773
1998,53.48130689999999
1999,53.04989423999999
2000,52.92566034
2001,52.41139617
2002,51.5739889
2003,178.56
2004,178.56
2005,178.56
2006,178.56
2007,117.1926950800009
2008,55.76197655000001
2009,56.22271241999999
2010,56.82528179999999
2011,57.37710740999999
2012,56.71166676000001
2013,56.74412778999999
2014,55.02676410000001
2015,54.57707766
2016,53.77221465
2017,53.16149692
2018,53.61881882000001
2019,54.33175496
2020,53.49683786999999
2021,53.06873607000002
2022,50.75953631
2023,49.19471011
2024,49.00407672999999
2025,49.20095802999999
2026,51.36606327999998
2027,178.56
2028,178.56
2029,178.56
2030,178.56
2031,90.69511089000022
2032,53.43803941000001
2033,53.63992696999998
2034,53.88768041999999
2035,53.43242302999999
2036,50.87568226999999
2037,50.70573683000001
2038,50.26988372
2039,49.92689366
2040,50.13848279999999
2041,50.30128151999999
2042,50.66155752
2043,49.91436771999999
2044,50.60361312999999
2045,49.83594252
2046,50.15993716999998
2047,49.55401709999999
2048,49.68496196999999
2049,178.56
2050,178.56
2051,178.56
2052,49.45898999999999
2053,49.48138999999999
2054,49.50379
2055,49.52619
2056,173.6850108499999
2057,49.57098999999999
2058,49.59339
2059,49.61579
2060,49.63818999999999
2061,49.66058999999999
2062,49.68299
2063,49.70538999999999
2064,49.72778999999999
2065,49.22939
2066,49.25179
2067,49.27419
2068,49.29658999999999
2069,49.31898999999999
2070,49.32459
2071,49.34699
2072,49.36939
2073,178.56
2074,178.56
2075,178.56
2076,49.45898999999999
2077,49.48138999999999
2078,49.50379
2079,49.52619
2080,170.9834
2081,49.57098999999999
2082,49.59339
2083,49.61579
2084,49.63818999999999
2085,49.66058999999999
2086,49.68299
2087,49.70538999999999
2088,49.72778999999999
2089,49.22939
2090,49.25179
2091,49.27419
2092,49.29658999999999
2093,49.31898999999999
2094,49.32459
2095,49.34699
2096,49.36939
2097,49.39178999999999
2098,49.41419
2099,178.56
2100,178.56
2101,178.56
2102,171.073
2103,49.52619
2104,49.54859
2105,49.57098999999999
2106,49.59339
2107,49.61579
2108,49.63818999999999
2109,49.66058999999999
2110,49.68299
2111,49.70538999999999
2112,49.72778999999999
2113,49.22939
2114,49.25179
2115,49.27419
2116,49.29658999999999
2117,49.31898999999999
2118,49.32459
2119,49.34699
2120,49.36939
2121,49.39178999999999
2122,49.41419
2123,49.43659
2124,49.45898999999999
2125,171.2522
2126,178.56
2127,178.56
2128,178.56
2129,49.57098999999999
2130,49.59339
2131,49.61579
2132,49.63818999999999
2133,49.66058999999999
2134,49.68299
2135,49.70538999999999
2136,49.72778999999999
2137,49.22939
2138,49.25179
2139,49.27419
2140,49.29658999999999
2141,49.31898999999999
2142,49.32459
2143,49.34699
2144,49.36939
2145,49.39178999999999
2146,49.41419
2147,49.43659
2148,49.45898999999999
2149,171.6780612200004
2150,178.56
2151,178.56
2152,178.56
2153,49.76520976
2154,49.784658
2155,49.76824999999999
2156,49.67987262
2157,49.65106768999999
2158,49.62536830999999
2159,49.60113199999999
2160,49.649327
2161,49.162631
2162,49.21806407
2163,49.442281
2164,49.19951869
2165,49.21999369
2166,49.23788799999999
2167,49.24825037999999
2168,49.27370462
2169,49.29636130999999
2170,49.76877527999999
2171,92.31126922800068
2172,178.56
2173,178.56
2174,178.56
2175,178.56
2176,51.310991872
2177,54.22176382000001
2178,53.13549261999999
2179,54.12408798999999
2180,54.04392455000001
2181,52.88242407000001
2182,51.59646547999998
2183,51.70685149
2184,52.3546702
2185,52.74993317999998
2186,53.49887921000001
2187,53.09811247999999
2188,53.07331133999998
2189,53.65360196
2190,53.58225362
2191,53.21028537999999
2192,53.05943523999999
2193,52.94449314
2194,53.10885467999999
2195,178.56
2196,178.56
2197,178.56
2198,178.56
2199,116.5866348199997
2200,55.90984196
2201,57.26190420999999
2202,56.85087141999998
2203,55.41707206
2204,54.80116761
2205,52.67503723999999
2206,52.71289778999999
2207,53.35413797
2208,53.57008979
2209,50.28806243999999
2210,49.31051594
2211,49.33060594000001
2212,50.16576662999999
2213,49.71097180000001
2214,49.39948601
2215,49.04289145
2216,49.21713552
2217,48.84100850999999
2218,50.3128052
2219,178.56
2220,178.56
2221,178.56
2222,178.56
2223,94.4373117800009
2224,53.79806606999999
2225,55.35035071999999
2226,55.30383844999999
2227,56.25904193000001
2228,55.03789249000001
2229,54.73121884999998
2230,53.48047635000001
2231,53.08936003000001
2232,52.89610878999999
2233,52.07405245
2234,53.72705526999999
2235,53.19064114000001
2236,53.15364872999999
2237,52.04725385999999
2238,51.01722912999999
2239,49.97269234999999
2240,49.23851575999999
2241,49.07976017
2242,49.54355041999999
2243,178.56
2244,178.56
2245,178.56
2246,178.56
2247,102.86263905
2248,54.50821151999999
2249,53.63620863999999
2250,53.47252189999999
2251,53.5334989
2252,53.40567218
2253,52.97115397
2254,52.31790396
2255,53.03209786000001
2256,52.73338293999998
2257,51.47568551999999
2258,50.88729540999998
2259,50.55867908
2260,49.99095031000002
2261,49.68918016999999
2262,49.45638788999999
2263,48.76019799
2264,46.23284652
2265,47.30835025
2266,46.62861244999999
2267,178.56
2268,172.3919156199992
2269,178.56
2270,178.56
2271,50.44177095999999
2272,51.23545469
2273,50.55022441000002
2274,49.1013341
2275,48.71445362000001
2276,49.74293639
2277,48.75329927999999
2278,48.94009392999999
2279,48.37911679999999
2280,48.57535641
2281,47.77275516999999
2282,47.68602062
2283,47.47739486
2284,47.76693347999999
2285,47.99623254999999
2286,47.68980335
2287,47.77639573
2288,47.93393031
2289,48.36699678999999
2290,48.4618792
2291,178.56
2292,163.9312324699999
2293,178.56
2294,178.56
2295,49.87902955000001
2296,49.5618599
2297,50.28516465000001
2298,50.51105073
2299,50.24967961999999
2300,49.95668783
2301,49.77626969
2302,49.76353172
2303,49.65164435000002
2304,47.64678793
2305,46.62799624
2306,46.79744047999999
2307,46.90916097
2308,46.62361255999998
2309,46.48675016999999
2310,46.48185276
2311,46.19114534999999
2312,46.76845852
2313,45.42813793
2314,46.35292648000001
2315,178.56
2316,142.91489588
2317,178.56
2318,178.56
2319,49.04622337999999
2320,49.48326803
2321,49.02205651000001
2322,49.03724427
2323,49.00856877
2324,48.78895707
2325,49.09707795999999
2326,48.49141507000001
2327,48.15525175999999
2328,47.76334023999998
2329,48.47371214000001
2330,48.54785586000001
2331,49.00276535
2332,47.04641921000002
2333,47.21627385999999
2334,44.91297818
2335,44.93834751000001
2336,44.63364493000001
2337,178.56
2338,178.56
2339,178.56
2340,46.17012421
2341,47.29515693000001
2342,47.82847047999999
2343,48.84863004000002
2344,138.3111032300005
2345,49.43300572000001
2346,49.67151252000001
2347,47.69370179
2348,48.9681927
2349,48.51362138
2350,48.85174049
2351,47.32045255000001
2352,47.40978452
2353,61.83621115000001
2354,62.3935039
2355,63.14214221000001
2356,61.8614192
2357,60.86269713999999
2358,61.67986530999998
2359,61.90220876
2360,61.86465102999999
2361,61.93386773
2362,98.95643147000048
2363,178.56
2364,178.56
2365,178.56
2366,178.56
2367,178.56
2368,60.61136935
2369,60.13349964999998
2370,59.90944840999999
2371,61.05417576999999
2372,61.15380579000001
2373,60.78453262000001
2374,59.40584055
2375,62.23738017
2376,64.21537479000001
2377,63.56760682999999
2378,62.79757372
2379,63.18708500999999
2380,62.18268832999999
2381,62.46942996
2382,62.10613765999999
2383,61.17022078999999
2384,62.56565952
2385,61.19818355
2386,60.92282469000001
2387,178.56
2388,178.56
2389,178.56
2390,178.56
2391,178.56
2392,92.46916751000043
2393,58.66813869000001
2394,58.55324748000001
2395,57.87800186
2396,57.32736863
2397,57.07161873
2398,56.40879552
2399,57.48096199999999
2400,57.86446652000001
2401,58.31423002999999
2402,59.08902306999998
2403,59.52932747999999
2404,59.57672707
2405,59.63033783
2406,60.20359639000001
2407,60.08128707
2408,59.64379175999999
2409,58.63475086
2410,59.19574030999998
2411,59.33638689999999
2412,72.10500642000073
2413,178.56
2414,178.56
2415,178.56
2416,178.56
2417,178.56
2418,59.12836152999999
2419,60.00012235000001
2420,59.94000417999998
2421,59.84844347999999
2422,60.05122899999999
2423,60.67276656000001
2424,60.55197210999999
2425,60.10460813
2426,59.35403179999998
2427,58.90046785000001
2428,59.07699657999998
2429,59.45685703999999
2430,58.85401703999999
2431,57.9783148
2432,56.91088157999999
2433,56.09026045
2434,56.38613904
2435,178.56
2436,178.56
2437,178.56
2438,178.56
2439,178.56
2440,60.99065279000084
2441,58.36070393999999
2442,59.63117083
2443,60.74011768999999
2444,60.45503057999998
2445,59.65930648999999
2446,60.29973404
2447,59.81952913999999
2448,59.83343288999998
2449,58.28073587000002
2450,58.48210906999999
2451,57.94094565
2452,57.74654011000001
2453,58.82997351000001
2454,58.38423997
2455,58.68691906
2456,59.54543707000001
2457,60.50456748
2458,61.51192593
2459,178.56
2460,178.56
2461,178.56
2462,178.56
2463,178.56
2464,91.56632401000033
2465,60.08876405000001
2466,59.51382283
2467,59.62859672
2468,59.93676997000001
2469,60.37879477000001
2470,60.01732393999998
2471,60.22701258000001
2472,61.30467230999997
2473,62.50936951000001
2474,62.29106813999999
2475,62.67572660999998
2476,61.28866757999999
2477,61.09482658999999
2478,60.28927044
2479,59.93896573
2480,60.14067262000001
2481,59.95992092999998
2482,60.29437679999999
2483,178.56
2484,178.56
2485,178.56
2486,178.56
2487,178.56
2488,118.23280221
2489,62.53700397
2490,62.98498233999998
2491,62.75669575000001
2492,63.03229779
2493,63.96684035000001
2494,63.87458720999999
2495,63.90437906999997
2496,61.32156086
2497,60.73336485999997
2498,61.40174341000001
2499,60.41149099999999
2500,61.10543340999999
2501,61.90460926999999
2502,62.44827420999999
2503,62.34200630000001
2504,63.6349329
2505,64.12379841
2506,123.9147039499999
2507,178.56
2508,178.56
2509,178.56
2510,178.56
2511,178.56
2512,62.63292714000001
2513,62.58045681999999
2514,61.28574627
2515,61.19282624
2516,60.45767532
2517,59.34979113
2518,60.29264989999999
2519,59.93366826999998
2520,60.13899548999998
2521,59.78372435000001
2522,61.06630627999998
2523,61.90298162999999
2524,61.90448803
2525,61.74776132
2526,61.42045147
2527,59.37961127000001
2528,59.22396249
2529,59.64668486
2530,60.12348769000001
2531,178.56
2532,178.56
2533,178.56
2534,178.56
2535,178.56
2536,112.8449233200001
2537,61.28151946000001
2538,59.13364778999999
2539,61.99747581999998
2540,62.16879437999999
2541,62.47355358999999
2542,63.50842539999996
2543,63.31212104000001
2544,62.81004820999999
2545,61.38902055999999
2546,62.96130245999998
2547,61.32781648
2548,61.15140297
2549,60.9377727
2550,60.38318524
2551,59.54926837999999
2552,59.25820131
2553,59.5660149
2554,67.22994789000082
2555,178.56
2556,178.56
2557,178.56
2558,178.56
2559,178.56
2560,57.6811599
2561,60.76631210999999
2562,60.10867288999999
2563,58.72040775999999
2564,58.52520611000001
2565,57.55984961999999
2566,58.1265629
2567,58.82589503
2568,59.44157988999997
2569,58.94760676
2570,58.81177133999998
2571,59.0869629
2572,58.48473848
2573,58.33293893
2574,57.85137448999999
2575,57.9745418
2576,57.51107130999999
2577,59.19343758999999
2578,61.04653869999999
2579,178.56
2580,178.56
2581,178.56
2582,178.56
2583,178.56
2584,69.66704272000065
2585,57.06607654999997
2586,57.51541621
2587,58.05022530999999
2588,56.33350337999998
2589,55.58479954999999
2590,56.71556344999998
2591,57.08746644999999
2592,58.59257767999999
2593,59.21720973000001
2594,59.58872667999999
2595,59.33900994000001
2596,58.63671100000001
2597,57.50988621
2598,57.36452812999999
2599,56.45938739
2600,55.55616913000001
2601,54.76616803
2602,55.14492473
2603,178.56
2604,178.56
2605,178.56
2606,178.56
2607,129.98037121
2608,53.24932200000001
2609,55.95707221999999
2610,55.583486
2611,55.28479628
2612,56.06582569000001
2613,56.23493652
2614,55.63846169000001
2615,54.7170218
2616,54.85810442
2617,54.11485568999999
2618,53.89049624
2619,53.78474262
2620,53.57860696999999
2621,53.64140579000001
2622,53.38011272999999
2623,51.99207769
2624,51.59749728000001
2625,51.61535435
2626,51.87694168999999
2627,178.56
2628,178.56
2629,178.56
2630,178.56
2631,94.50756647000014
2632,53.38484185999999
2633,52.22480382
2634,51.49945752
2635,50.92757131
2636,52.11675230999998
2637,51.94308482999998
2638,52.37902642
2639,52.46187149
2640,54.33375962
2641,54.06732156000002
2642,54.14549504
2643,53.59719644999999
2644,53.75034203000001
2645,53.79961474999998
2646,53.73482590000002
2647,53.13077909999999
2648,52.01185934
2649,51.72135723999999
2650,51.32323454999999
2651,178.56
2652,178.56
2653,178.56
2654,178.56
2655,111.4829401300004
2656,57.41979606999999
2657,56.55138334999998
2658,56.77185339000001
2659,55.50686427999998
2660,55.07696599999999
2661,55.94089857999998
2662,56.39914441000001
2663,57.70464678999998
2664,58.81385033999999
2665,58.37185206999999
2666,55.45721516999998
2667,53.89464745
2668,53.15746820999999
2669,52.23138207
2670,52.21292139000001
2671,51.91810623999999
2672,51.62123890000002
2673,50.59805610999999
2674,49.95260892999998
2675,109.6036012200002
2676,178.56
2677,178.56
2678,178.56
2679,178.56
2680,54.93836824000001
2681,56.24682202999998
2682,55.21529769
2683,55.68042221000001
2684,56.07714496999998
2685,53.32474693
2686,54.3185272
2687,56.73634659
2688,56.40837048000001
2689,57.25722540999998
2690,57.96636251
2691,58.51513528
2692,59.63858410999999
2693,56.18599938000001
2694,56.19194685999999
2695,54.18208544
2696,52.89009557999999
2697,52.64856583
2698,53.03527830999999
2699,178.56
2700,178.56
2701,178.56
2702,178.56
2703,120.3549032300006
2704,55.24626534000001
2705,55.97293345000001
2706,53.86533389999999
2707,53.64957297000001
2708,53.51330103000001
2709,52.23414504
2710,53.41903966
2711,55.29870535000001
2712,56.35554862000001
2713,55.56235299999998
2714,55.58067242000001
2715,54.52558538
2716,54.04381401999999
2717,53.29670185000001
2718,52.69976592999998
2719,52.50761796000001
2720,50.72280276
2721,51.80474795999999
2722,51.14623724
2723,117.3992981300005
2724,178.56
2725,178.56
2726,178.56
2727,178.56
2728,55.67335927999999
2729,55.87203748000001
2730,53.40497623999999
2731,55.14855709999998
2732,55.870374
2733,56.27772254999999
2734,58.39544697
2735,57.90592492999999
2736,55.5515667
2737,57.67859565999998
2738,60.59550314999998
2739,60.43800427
2740,60.96752627000001
2741,60.38303838
2742,61.18367751999998
2743,58.39488381999999
2744,57.04473376
2745,56.70625967999998
2746,65.6092848800002
2747,178.56
2748,178.56
2749,178.56
2750,178.56
2751,178.56
2752,60.68151565
2753,59.34034875999999
2754,60.7640978
2755,61.04621845
2756,61.50356618000001
2757,61.40517837999998
2758,61.59741447999997
2759,60.65041059
2760,63.45048261999999
2761,62.38486107000001
2762,63.0192563
2763,61.78216786
2764,60.92499678999999
2765,62.15573293999999
2766,60.60473916
2767,58.29650456
2768,58.10499758
2769,58.79722065000001
2770,60.87926796000001
2771,178.56
2772,178.56
2773,178.56
2774,178.56
2775,178.56
2776,95.08058856999989
2777,58.50931324
2778,59.16996554000001
2779,61.88192520999999
2780,61.53842057999998
2781,61.90195655
2782,61.38563920999997
2783,62.13668964999999
2784,62.15808927999998
2785,62.49722961999998
2786,63.52789331
2787,64.62195299
2788,63.29572466
2789,62.95504327
2790,61.79811154999999
2791,60.82328455
2792,60.57112830999999
2793,60.39717852
2794,102.4176613600008
2795,178.56
2796,178.56
2797,178.56
2798,178.56
2799,178.56
2800,59.64440355999999
2801,58.56190424
2802,58.25364089999999
2803,57.87307442
2804,59.66323950999999
2805,61.92718762999999
2806,61.57729179
2807,61.43447561999999
2808,61.56367469000001
2809,60.85984989
2810,61.88553448
2811,62.85634354999999
2812,61.63321717
2813,60.89606354999999
2814,60.24486699000001
2815,59.35032593000001
2816,58.26962455999999
2817,58.21143034000001
2818,57.93039993999998
2819,178.56
2820,178.56
2821,178.56
2822,178.56
2823,178.56
2824,96.22458063000022
2825,63.22587172999999
2826,61.95400365000001
2827,61.12519469
2828,61.42289531000001
2829,62.02400175999999
2830,62.04483620999999
2831,62.30819391999999
2832,62.90180609999999
2833,60.73138883000001
2834,61.47681855
2835,61.60280972999999
2836,59.71155372
2837,58.53763139
2838,58.55050831
2839,58.65686435
2840,58.99627348999999
2841,59.23388827999997
2842,58.29614937999999
2843,178.56
2844,178.56
2845,178.56
2846,178.56
2847,153.483705839
2848,56.23969455999998
2849,55.87078
2850,55.89317999999999
2851,55.91557999999999
2852,55.93798
2853,55.96037999999999
2854,55.98277999999999
2855,56.00517999999999
2856,56.02757999999999
2857,55.51237999999999
2858,55.53477999999999
2859,55.55717999999999
2860,55.57958
2861,55.60198
2862,55.62438
2863,55.64677999999999
2864,55.66918
2865,55.75808238
2866,55.61660034
2867,178.56
2868,178.56
2869,178.56
2870,178.56
2871,130.7503194900007
2872,53.06542023999999
2873,52.82625215000001
2874,54.85367958
2875,54.6841967
2876,55.498002
2877,58.43487769000001
2878,58.63429999
2879,60.45729451999998
2880,61.34381371999999
2881,60.56370865999998
2882,61.55256114
2883,61.80300965999999
2884,58.03785581999999
2885,56.86326569
2886,56.22631469000001
2887,53.51295606999998
2888,52.95534041
2889,53.92191475999999
2890,53.45816202999998
2891,178.56
2892,178.56
2893,178.56
2894,178.56
2895,151.73153723
2896,56.37932097
2897,57.00216619999999
2898,56.39932731999998
2899,56.41507899999998
2900,56.72530514
2901,59.49496293999998
2902,62.07684238000001
2903,62.68246585999999
2904,60.75063183
2905,60.20622362999998
2906,64.02610949
2907,65.36785310999997
2908,62.81627050999999
2909,61.32266909999998
2910,61.16712238000002
2911,60.85826782
2912,60.39531063999999
2913,60.05026768999997
2914,59.49047124999998
2915,178.56
2916,178.56
2917,178.56
2918,178.56
2919,178.56
2920,114.5192345300008
2921,57.38280372999999
2922,59.66253460999998
2923,65.91508273000001
2924,65.9950529
2925,64.75401086
2926,65.79684069
2927,65.57956573
2928,65.6646949
2929,67.61834597000002
2930,67.31426541
2931,67.36895430999999
2932,66.3770079
2933,65.04400224
2934,64.31041701
2935,63.66135111
2936,63.54771766
2937,63.68964672
2938,64.03914327999999
2939,178.56
2940,178.56
2941,178.56
2942,178.56
2943,178.56
2944,137.9765765300005
2945,60.18467931
2946,60.87246199999999
2947,61.95037863
2948,61.77055045
2949,61.49860485999998
2950,61.07296789999999
2951,60.39387158
2952,62.91084023000001
2953,62.29751731
2954,62.85250027000001
2955,62.20610452
2956,61.76976371999999
2957,60.54009275999999
2958,60.73107144999999
2959,59.69035751000001
2960,59.09326689
2961,58.20555292999999
2962,95.79597394000024
2963,178.56
2964,178.56
2965,178.56
2966,178.56
2967,178.56
2968,62.1621749
2969,62.92636664999999
2970,63.39924234
2971,63.70292467
2972,64.03447897
2973,63.70550186
2974,62.06513739999999
2975,63.38111255
2976,62.13362805999999
2977,62.36630386000001
2978,62.32510256
2979,63.76006734999999
2980,63.75279589
2981,63.21496972
2982,63.02887954999998
2983,62.51002058
2984,63.39525661000001
2985,62.42872033999999
2986,141.4708792600003
2987,178.56
2988,178.56
2989,178.56
2990,178.56
2991,178.56
2992,63.60867107000002
2993,63.71274168
2994,62.82092131
2995,63.78539096999999
2996,65.32024982000003
2997,65.96280802999999
2998,63.01059639
2999,63.86320955000001
3000,65.20369576
3001,64.65856838
3002,64.1521328
3003,65.66715127
3004,65.27513762
3005,65.54262904
3006,65.49934769000002
3007,65.59112391999999
3008,65.76865476999997
3009,64.64714269999999
3010,151.7761604600009
3011,178.56
3012,178.56
3013,178.56
3014,178.56
3015,178.56
3016,62.26019575999998
3017,61.82878352000002
3018,64.15399718
3019,64.38789014000001
3020,65.06769086999998
3021,64.28808407000002
3022,64.88836886
3023,65.64894231
3024,66.40569194
3025,65.37115192999997
3026,66.92251503000001
3027,67.32180525
3028,67.12501047
3029,66.03527440999999
3030,64.93111289000002
3031,64.21066876
3032,62.29166705999999
3033,178.56
3034,178.56
3035,178.56
3036,156.0240645800006
3037,64.42070781999999
3038,65.19342171999999
3039,178.56
3040,178.56
3041,64.34999522000001
3042,64.43961524
3043,65.23060362
3044,64.67534947999997
3045,66.52157161999999
3046,67.38760923999999
3047,67.82927431
3048,68.18056594999999
3049,68.20177475999999
3050,67.35389479
3051,68.59189490999998
3052,65.96133634999998
3053,65.0085058
3054,64.90539503000002
3055,64.31246213
3056,63.29395121000003
3057,178.56
3058,178.56
3059,178.56
3060,164.8858747200005
3061,67.65036977999999
3062,68.02322302999997
3063,178.56
3064,178.56
3065,66.87099971999999
3066,64.81799359
3067,65.71121221
3068,63.04038250999998
3069,61.01368448
3070,61.86542586000001
3071,60.12778555
3072,55.76205817
3073,53.72438861999998
3074,53.14323657999999
3075,53.02121048
3076,52.14152978999999
3077,52.13296837
3078,51.05467752000001
3079,50.72185082999999
3080,49.84681603999999
3081,49.27590528
3082,49.37166031
3083,178.56
3084,178.56
3085,178.56
3086,178.56
3087,108.5061516200003
3088,56.29548378999998
3089,54.02484962
3090,53.37799095999998
3091,53.69016848999999
3092,52.65566620999999
3093,53.78044965999999
3094,53.96385673
3095,52.49445866
3096,52.71256634
3097,51.73758778999999
3098,54.60529192999998
3099,55.21140337999999
3100,55.08442317
3101,54.69738897000001
3102,54.56097472000001
3103,54.46900479999999
3104,54.30788797
3105,54.05575776999999
3106,54.05387658999999
3107,178.56
3108,178.56
3109,178.56
3110,178.56
3111,138.6326774099998
3112,59.34342651999999
3113,59.34621665
3114,58.84329744999999
3115,58.68182158999999
3116,59.16347451000001
3117,58.17938245000001
3118,56.94794056000001
3119,55.51614313000001
3120,53.82798903999998
3121,52.05054155000001
3122,51.91527088999999
3123,52.03659076
3124,51.10054634999999
3125,49.85280559
3126,49.51942604000001
3127,49.31775568999998
3128,49.24341821000002
3129,48.94991275999999
3130,48.90781266
3131,48.65157513999999
3132,48.23438186
3133,162.8565024600002
3134,178.56
3135,178.56
3136,178.56
3137,48.20862885999999
3138,48.76823259000001
3139,49.20199164999999
3140,49.65741466
3141,49.50712865
3142,49.78619582999999
3143,50.47277165
3144,50.89413524999999
3145,50.61772547999999
3146,50.66176220000002
3147,49.39905781999998
3148,49.06615406
3149,47.74934478999999
3150,47.09662054999999
3151,47.034218
3152,46.98552123999998
3153,47.46930524
3154,48.28447175999999
3155,178.56
3156,178.56
3157,178.56
3158,178.56
3159,74.77643505000054
3160,63.84818335
3161,64.11482692999999
3162,65.31645714999999
3163,53.25927620999999
3164,52.45225782999999
3165,52.98331898999999
3166,52.38979696999999
3167,52.89254823999999
3168,53.77152143999999
3169,52.53671968999999
3170,50.05492575999998
3171,51.76614120999999
3172,52.66113048
3173,51.49773096999999
3174,51.72406385999999
3175,51.22514886999999
3176,50.84827734
3177,49.4988711
3178,47.77244730999998
3179,50.13356817000001
3180,52.80435769
3181,178.56
3182,178.56
3183,178.56
3184,178.56
3185,110.3948612900004
3186,55.34988473
3187,59.66452114000001
3188,60.40995197999999
3189,58.84840940999999
3190,58.71578299999998
3191,57.99377317999997
3192,56.97192452
3193,55.57583254999999
3194,54.66111728
3195,56.24217626999999
3196,56.73258276000001
3197,55.55711945
3198,55.31234113999998
3199,54.92004454999999
3200,54.60259259000001
3201,53.79010692999999
3202,53.12643679000001
3203,123.4893431199998
3204,178.56
3205,178.56
3206,178.56
3207,178.56
3208,56.43608599999998
3209,55.16491134
3210,53.49177154999998
3211,55.18119628000001
3212,55.69431706999998
3213,55.00249076
3214,53.85133354999999
3215,53.83338589999999
3216,53.40869771999999
3217,51.70689034000001
3218,51.05900562
3219,50.94326740999999
3220,50.61477798999999
3221,51.13097969000001
3222,51.09923455
3223,50.91938110000001
3224,50.87486844999999
3225,50.53885921000001
3226,50.61259216999999
3227,178.56
3228,178.56
3229,178.56
3230,178.56
3231,85.56201786000024
3232,52.52063592999998
3233,53.84025499999999
3234,54.69037931000002
3235,54.59289073000001
3236,54.23655286000002
3237,53.63651111000001
3238,53.29870468999999
3239,54.66211162999999
3240,55.11938214999999
3241,54.592825
3242,53.80693100999999
3243,52.50451941000001
3244,51.83422776
3245,51.59082348
3246,51.50404945
3247,51.35630395
3248,51.03523355000001
3249,50.62746038000002
3250,50.31568016999999
3251,51.61720486999999
3252,51.47341346
3253,178.56
3254,178.56
3255,178.56
3256,178.56
3257,78.04393171000048
3258,52.16873214
3259,53.74155282999999
3260,53.51683372
3261,52.85906759
3262,53.47446958000001
3263,54.16687311
3264,54.31704172999999
3265,55.60696673
3266,52.29565102999999
3267,52.01559531
3268,53.19563858
3269,54.2395469
3270,53.19214648999999
3271,52.70005755
3272,52.80815841
3273,53.13075593000001
3274,53.33664748999999
3275,122.7434056500007
3276,178.56
3277,178.56
3278,178.56
3279,178.56
3280,57.67842899000001
3281,57.72700955
3282,58.17647702999999
3283,57.41573669999998
3284,57.55661372999999
3285,53.17297076000002
3286,52.58963731
3287,52.08499764999998
3288,54.48980341
3289,55.28292496999999
3290,55.43088607
3291,55.58806189999999
3292,53.65237716999999
3293,55.94527645000001
3294,56.04484116
3295,55.91557712999999
3296,55.99908986000001
3297,56.18973479000001
3298,56.02985107999999
3299,143.6885441000002
3300,178.56
3301,178.56
3302,178.56
3303,178.56
3304,54.66233996999998
3305,55.01463359
3306,57.73287995999998
3307,58.46439850999999
3308,58.46215955999999
3309,58.02435583
3310,53.51869411000001
3311,53.69298906999999
3312,55.30826252
3313,54.71818058
3314,54.20337748
3315,54.37410496
3316,55.30143472
3317,53.09276000000002
3318,51.7140533
3319,52.11329164999999
3320,51.80459214
3321,51.83243303
3322,51.77724342000001
3323,62.15591706999971
3324,178.56
3325,178.56
3326,178.56
3327,178.56
3328,49.69550578999998
3329,52.54783561999999
3330,54.52716514
3331,53.64078475
3332,52.61185307
3333,50.78409679
3334,50.94394164999999
3335,51.63998944999998
3336,52.79136288999998
3337,52.11560668999999
3338,52.77428401
3339,51.843526
3340,51.45413105
3341,50.49919475999999
3342,50.87962999000001
3343,51.96203824
3344,51.69840879
3345,51.52864296999999
3346,51.23228795999999
3347,75.77115626999992
3348,178.56
3349,178.56
3350,178.56
3351,178.56
3352,51.81467417
3353,52.13668124
3354,50.37925228
3355,51.22978685999998
3356,50.78446309999999
3357,49.52994682999999
3358,48.11349935
3359,48.99722106999999
3360,50.76754696999998
3361,50.91761527999999
3362,51.63342589999998
3363,52.30460185999998
3364,51.89259418
3365,51.39393475999999
3366,51.70658521
3367,50.54680378999999
3368,49.61910064999999
3369,48.86754879999999
3370,48.78371407
3371,49.64800616999999
3372,49.07155140999998
3373,178.56
3374,178.56
3375,178.56
3376,178.56
3377,91.99434367000026
3378,55.11482928
3379,55.20339734
3380,56.18804099999998
3381,57.37758109999999
3382,57.14377732
3383,56.22893297
3384,56.13206003999999
3385,54.41480134999999
3386,56.70433776
3387,54.61188131
3388,55.45941344999999
3389,55.81984303
3390,55.78963782
3391,57.44787789999999
3392,56.78500352
3393,178.56
3394,178.56
3395,178.56
3396,59.18858183
3397,57.87061622999999
3398,56.64407727999998
3399,163.3160576599998
3400,178.56
3401,57.23118177
3402,56.73680866
3403,57.82065310000002
3404,58.17515416999998
3405,58.63773852999999
3406,58.30796503000001
3407,55.60666993
3408,54.30587617
3409,53.50383906
3410,54.86532120999998
3411,54.70040632
3412,55.72798973
3413,55.90279807000001
3414,57.84538375
3415,56.86727200000001
3416,56.84031506999998
3417,56.95639830999999
3418,56.80318721000001
3419,178.56
3420,178.56
3421,178.56
3422,178.56
3423,178.56
3424,68.56395867000057
3425,56.72593297000001
3426,58.37744709999998
3427,59.25577931
3428,57.04517903000001
3429,56.04689251000001
3430,53.55013530999999
3431,52.91759886000001
3432,50.83220121
3433,49.60479027000001
3434,49.82798099999999
3435,50.03661789000002
3436,50.93581723999999
3437,50.38056358999998
3438,50.37923302999999
3439,49.74028066000001
3440,49.71429876000001
3441,49.64814924999997
3442,49.81831218000001
3443,51.02720441000002
3444,52.38409112999999
3445,178.56
3446,178.56
3447,178.56
3448,178.56
3449,68.35363033000036
3450,53.11334181999999
3451,56.12539554999999
3452,53.90930278999998
3453,51.76605252
3454,50.39205703
3455,50.00204531
3456,50.24250924
3457,49.39499186999998
3458,50.68096096
3459,51.32264690000001
3460,51.57648363
3461,50.85621876999999
3462,50.96225224999999
3463,50.67208327999999
3464,49.91121331
3465,49.16343361999999
3466,49.17513068999999
3467,49.28536192999999
3468,48.63711846
3469,175.2387258500002
3470,178.56
3471,178.56
3472,178.56
3473,48.08596849000001
3474,47.75940371999999
3475,48.66465995999998
3476,48.23614845000001
3477,49.05187896000001
3478,50.07953951
3479,50.51738076000001
3480,50.17800892999999
3481,47.94698089999999
3482,45.11750607
3483,45.15738507
3484,46.07827237999999
3485,49.39901911000001
3486,48.77855752
3487,50.11167721
3488,46.81147583
3489,45.57369368999999
3490,135.2016903600003
3491,178.56
3492,178.56
3493,44.95592044999999
3494,178.56
3495,46.15012493
3496,45.53029376
3497,45.60053560999999
3498,46.86702495999999
3499,47.15607623999999
3500,47.82794541000001
3501,49.98457988999999
3502,49.90095173
3503,51.000145
3504,52.27084338
3505,51.62912068999999
3506,50.85803548
3507,50.8116749
3508,50.04916258999999
3509,50.46516041
3510,50.74408486
3511,48.68232621
3512,48.52975617
3513,48.79157472
3514,174.1875905700001
3515,178.56
3516,178.56
3517,48.67769010999999
3518,178.56
3519,49.68039552000001
3520,53.97044226000001
3521,54.54975876
3522,51.89848783
3523,49.98610841000001
3524,53.81528572000001
3525,53.37822686
3526,52.07206872
3527,50.29002516999999
3528,52.18881303999999
3529,50.86946403
3530,54.86054657999999
3531,52.92958502999998
3532,52.53451763
3533,52.36025879
3534,51.59696276000002
3535,51.76422601
3536,51.49548872999998
3537,50.44173637999999
3538,178.56
3539,178.56
3540,178.56
3541,49.38796338
3542,178.56
3543,76.75053376000042
3544,51.71762918
3545,54.33988244999999
3546,53.30594535000001
3547,55.55495427999999
3548,55.35130741
3549,53.67046762
3550,54.10271306999999
3551,54.11176652
3552,55.04435803999998
3553,55.46782667999999
3554,56.48167909999999
3555,56.56491035999998
3556,57.90608879999998
3557,57.13259062000001
3558,55.88719752
3559,52.85803642
3560,50.49654182999999
3561,49.26271301000001
3562,49.00272755
3563,96.04093500000057
3564,178.56
3565,178.56
3566,178.56
3567,178.56
3568,54.00432295999999
3569,54.34871161999999
3570,53.19552763
3571,53.50097864999999
3572,53.50138213
3573,51.36467721
3574,53.0278189
3575,54.00157952000001
3576,54.81222859
3577,55.64610793000001
3578,56.85546363
3579,57.0067099
3580,57.55822786
3581,57.65739763
3582,56.49927100999999
3583,56.19657637999997
3584,53.02442564999998
3585,52.04531297
3586,50.89492604
3587,50.8872952
3588,51.98135648999997
3589,178.56
3590,178.56
3591,178.56
3592,178.56
3593,127.6494089700005
3594,56.99388617999999
3595,56.44101799
3596,56.40441127999998
3597,55.89905250999998
3598,55.76832576
3599,55.11084138
3600,55.65106623999999
3601,56.48009562999997
3602,57.60626368000001
3603,57.75340396000001
3604,56.07387324000001
3605,55.23587488999998
3606,55.19332455000001
3607,54.57808720000001
3608,52.42454434000001
3609,51.85756072
3610,51.53972362
3611,178.56
3612,178.56
3613,178.56
3614,178.56
3615,156.9047058700007
3616,66.16639658999998
3617,62.44983045
3618,61.02989136999999
3619,59.39358298999998
3620,60.64305541
3621,61.01213600999998
3622,61.08455941
3623,59.82565406999998
3624,58.99869289999999
3625,57.76050223999999
3626,57.26987672
3627,55.60492455
3628,53.86446156000002
3629,53.20618107000001
3630,51.76420633999999
3631,52.03326289
3632,51.84024286000002
3633,51.6784079
3634,51.51272273
3635,52.10420396999999
3636,53.36553368999999
3637,178.56
3638,178.56
3639,178.56
3640,178.56
3641,104.4275551600007
3642,53.59564469
3643,53.08294628000001
3644,53.29517654999999
3645,52.95962902999999
3646,53.46535823999999
3647,52.89118737
3648,52.06846176000001
3649,53.06201403999999
3650,52.89337676000001
3651,51.18882012999999
3652,49.55240997000001
3653,50.67513941000001
3654,49.85989456000001
3655,49.85329055
3656,49.36389765999999
3657,48.39117485999999
3658,47.99215421
3659,47.97012506999999
3660,47.32437045
3661,178.56
3662,178.56
3663,178.56
3664,178.56
3665,88.4664001
3666,57.66378568999998
3667,57.84927162
3668,57.32245644999997
3669,56.07576806999998
3670,55.06783163
3671,55.58706048
3672,55.74667538999999
3673,56.22979355
3674,54.78824434999997
3675,54.17036303
3676,53.54858145
3677,52.99828121
3678,52.86933652
3679,52.47090533999999
3680,51.68863084
3681,54.37869541999999
3682,55.73807078
3683,178.56
3684,178.56
3685,178.56
3686,178.56
3687,141.6011750099999
3688,55.48303116999999
3689,56.74110211000001
3690,56.54505304000001
3691,56.22102947999999
3692,56.75973995999998
3693,54.19414476
3694,53.97248010000001
3695,54.28604369999999
3696,54.75422218
3697,53.69972768999998
3698,53.85064061999999
3699,55.28332151999999
3700,56.11635134000001
3701,55.93929635000001
3702,55.51408127999999
3703,55.61473826999999
3704,54.97142188999999
3705,54.67399007000001
3706,53.50938348
3707,51.80670166000001
3708,51.87807289
3709,178.56
3710,178.56
3711,178.56
3712,178.56
3713,120.5197007700008
3714,56.93911279
3715,57.5274371
3716,56.94120320000001
3717,56.51112663
3718,56.54025104
3719,56.98846083
3720,56.61682628
3721,56.38902955
3722,56.94339706999999
3723,57.89072106999999
3724,58.12487114
3725,57.35170721000001
3726,56.75842633999999
3727,56.71298968999999
3728,54.10566020999999
3729,52.50418124000002
3730,59.89933117
3731,60.97919855999999
3732,58.27140857999998
3733,178.56
3734,178.56
3735,178.56
3736,178.56
3737,148.9806709940001
3738,55.39965213999999
3739,54.69630098100001
3740,56.54935069
3741,56.69928810000003
3742,56.98736449
3743,57.93096665999999
3744,57.579146695
3745,57.04817467999998
3746,56.27796276549999
3747,55.88389569
3748,55.47532620000001
3749,52.63989749549999
3750,51.96443196000001
3751,51.1545909
3752,46.84540686699999
3753,28.06830825399999
3754,26.50360999999999
3755,26.52600999999999
3756,164.5567108090003
3757,178.56
3758,178.56
3759,39.97552068300001
3760,46.15009211400001
3761,45.29926067799999
3762,45.12695369
3763,45.11906699999999
3764,45.141621
3765,45.13304124
3766,45.09368731
3767,45.23851738
3768,45.53034031
3769,45.17523745
3770,45.130904
3771,45.1795351
3772,45.19700731
3773,45.231676
3774,45.24212693
3775,45.314962
3776,45.38156000000001
3777,45.15691831000001
3778,50.95637134
3779,52.68090785999999
3780,54.42374503999999
3781,178.56
3782,178.56
3783,178.56
3784,178.56
3785,97.01690694000045
3786,56.02520027999999
3787,60.62363286
3788,62.29806771999998
3789,63.89347489
3790,58.61473296000001
3791,58.65009493000001
3792,58.45822948000001
3793,58.08177172000001
3794,58.21133024
3795,58.41639993
3796,58.00251751
3797,58.30573664999999
3798,57.19293712999999
3799,55.37496131999999
3800,55.53034024999999
3801,54.95342306999999
3802,55.54441696999998
3803,138.4718743700002
3804,178.56
3805,178.56
3806,178.56
3807,178.56
3808,55.39152955000001
3809,54.85370289000001
3810,55.49631276000001
3811,56.38362736999999
3812,57.18023709999999
3813,56.89789742
3814,57.43037006
3815,56.57758854999999
3816,57.38441324
3817,56.87702993
3818,56.24528944999998
3819,56.05611914000001
3820,56.18108313999997
3821,55.25961727999999
3822,54.42868829999998
3823,54.35530029999999
3824,53.73819024
3825,52.35128465
3826,53.27124823999998
3827,131.1135436700002
3828,178.56
3829,178.56
3830,178.56
3831,178.56
3832,56.37402414
3833,55.19540355
3834,55.67200064999999
3835,56.42128107
3836,55.60707579
3837,56.25959275999999
3838,56.04036675999999
3839,56.24056011000001
3840,56.11583803000001
3841,55.68876614000002
3842,55.00430565
3843,53.93294641000001
3844,54.57560731000002
3845,54.85878006000002
3846,53.78607234
3847,54.81583821
3848,54.21772097000001
3849,54.80992048
3850,53.37486427000001
3851,80.66773886999938
3852,178.56
3853,178.56
3854,178.56
3855,178.56
3856,50.88310255
3857,51.17433517
3858,51.58335252
3859,51.67520624000002
3860,51.48885903000001
3861,51.45166061
3862,51.64433442
3863,52.37975448999999
3864,53.52324865999999
3865,52.98824810999999
3866,53.29364831
3867,53.20768355
3868,53.77059876999999
3869,53.54924154999998
3870,53.28670214
3871,53.27691656
3872,53.28679062
3873,52.7656738
3874,52.19412079000001
3875,53.29686203999981
3876,178.56
3877,178.56
3878,178.56
3879,178.56
3880,48.31874600000001
3881,47.83464021
3882,48.26675749
3883,48.23194620999999
3884,48.00224807000001
3885,47.97957717000001
3886,48.04170909999999
3887,48.39895683
3888,49.74149557999999
3889,48.88168334
3890,48.11062431
3891,48.07504309999999
3892,47.79881113
3893,47.68633366
3894,47.49902310999999
3895,47.69739288999999
3896,47.96219007999999
3897,47.73010375
3898,151.3769139599999
3899,178.56
3900,178.56
3901,47.95140034999999
3902,178.56
3903,48.26125955000001
3904,48.56322107
3905,48.68497732
3906,48.91856172
3907,48.71101473
3908,48.56953269000001
3909,48.92737030999999
3910,49.29213772
3911,49.210896
3912,50.65843740999998
3913,50.06786834
3914,49.02733485999997
3915,48.41148186000001
3916,48.32166738
3917,48.21262900999999
3918,47.92529483000001
3919,47.48292255
3920,47.65295696
3921,48.32285024
3922,47.57563524000001
3923,47.64413283
3924,178.56
3925,178.56
3926,178.56
3927,170.8499511800002
3928,50.16271637999999
3929,52.67986464999998
3930,51.65691223
3931,51.86950321
3932,50.89447062
3933,51.16884065999999
3934,51.1538188
3935,50.44102210000001
3936,50.79973226999999
3937,50.47773961999999
3938,50.47542289999999
3939,49.88449213999998
3940,49.52846289999999
3941,49.42581455
3942,48.41647706
3943,48.00516308
3944,48.40563224
3945,47.93215217
3946,47.40564556
3947,178.56
3948,178.56
3949,178.56
3950,178.56
3951,55.63187749000006
3952,50.93941496000001
3953,50.75951061999999
3954,50.21259873
3955,49.88095238
3956,50.23917486
3957,49.63351085
3958,49.32861002999999
3959,49.58370416999999
3960,50.21199169
3961,49.63761852
3962,49.89461183
3963,49.74976720000002
3964,49.2690751
3965,49.12980086
3966,49.47368775999999
3967,49.13488048
3968,49.21859858999998
3969,178.56
3970,178.56
3971,178.56
3972,48.37552286
3973,48.402697
3974,47.98599203999998
3975,48.31924139
3976,158.73544663
3977,48.02988624
3978,48.18603537999999
3979,48.08651869000001
3980,48.24500289
3981,48.26332245
3982,48.27622547999999
3983,47.92753678999999
3984,48.54424862
3985,47.03871452
3986,47.00395461999999
3987,47.05207254999999
3988,47.02729724
3989,47.05621605999999
3990,47.30308310000001
3991,47.32686916999999
3992,47.35902318
3993,47.23381348
3994,47.09831300999998
3995,47.08400878999999
3996,178.56
3997,178.56
3998,178.56
3999,152.4149753099999
4000,49.02024127
4001,48.84847344999999
4002,48.99676817
4003,49.33335414
4004,49.62561358999999
4005,49.89536335
4006,49.76078499
4007,51.30049630999999
4008,51.3322649
4009,51.27235365000001
4010,50.64328353000001
4011,51.64822844999998
4012,50.82609252
4013,49.75357799999999
4014,49.353157
4015,49.36280076000001
4016,48.82979927
4017,48.94726963
4018,49.23845066000001
4019,166.3730146600006
4020,178.56
4021,178.56
4022,178.56
4023,48.59135932000001
4024,48.27038972
4025,50.05383138
4026,49.36703555
4027,49.01318835000001
4028,47.47169266
4029,47.62419661999999
4030,47.68050210000001
4031,47.75716147999999
4032,48.27875269
4033,46.69467817
4034,46.60527501000001
4035,47.23761692999999
4036,47.54342796000001
4037,47.60086352
4038,47.28516828
4039,47.16311564999999
4040,46.72313128
4041,46.72420221000001
4042,150.3916044700002
4043,178.56
4044,178.56
4045,46.52995417
4046,178.56
4047,51.74735734
4048,52.49214572000001
4049,52.97256734
4050,53.15800252
4051,51.85441044
4052,51.75502234
4053,52.10231165999999
4054,48.34798948000001
4055,47.66288792999999
4056,47.06738847999999
4057,46.14392327999999
4058,47.38895441
4059,48.09272811
4060,47.89257172
4061,48.14838448
4062,47.42692563000001
4063,47.92189968999999
4064,48.13143488999999
4065,48.19295130999999
4066,166.3004921200004
4067,178.56
4068,178.56
4069,48.07465138
4070,178.56
4071,49.87892658000001
4072,50.65923828
4073,51.78530413000001
4074,52.20040496999999
4075,51.73251964999999
4076,51.17400638
4077,52.03175313000001
4078,51.87425516000001
4079,52.64943432000002
4080,55.05259648000001
4081,54.15233334000001
4082,54.8045169
4083,55.32911076
4084,55.94695133999999
4085,55.49990816999998
4086,55.37730267999999
4087,54.00305189999999
4088,52.66232068999998
4089,52.58236207
4090,178.56
4091,178.56
4092,178.56
4093,52.11804941
4094,178.56
4095,105.4963323000002
4096,53.81839371999998
4097,54.34658166000001
4098,55.73665586999999
4099,56.64648051999999
4100,56.25590305999997
4101,55.31362235
4102,54.57141158000001
4103,55.01810747999998
4104,56.10403190000001
4105,55.07674459
4106,54.75523669
4107,54.38606634999999
4108,54.29383868999999
4109,53.95775231
4110,53.85986444999998
4111,54.09801802999997
4112,54.19331183000001
4113,54.17731402999999
4114,178.56
4115,178.56
4116,178.56
4117,54.47219665999999
4118,178.56
4119,107.1785833100003
4120,53.48621607
4121,51.0031641
4122,51.82266781999999
4123,52.38812396999999
4124,52.6420111
4125,52.66697765
4126,51.14978862
4127,52.23735601
4128,53.17954572000001
4129,52.74477348000001
4130,53.44895709999999
4131,53.50203025999998
4132,53.25695654999999
4133,53.02841362000001
4134,52.80355269000002
4135,52.27650609999998
4136,52.04052014
4137,51.98150523999999
4138,53.10644261999999
4139,178.56
4140,178.56
4141,178.56
4142,178.56
4143,110.6806721000002
4144,53.94600882999998
4145,53.81230413999999
4146,53.66822943999998
4147,53.59456003999999
4148,53.94153996000001
4149,53.89733531
4150,53.79653552
4151,53.51114097
4152,53.04869689
4153,52.78524958000001
4154,52.81994416999999
4155,52.76742317
4156,52.29728014000001
4157,51.07002151999999
4158,51.13419233999998
4159,50.64741703000001
4160,50.16785444999999
4161,50.61680861999999
4162,50.71423245
4163,178.56
4164,178.56
4165,178.56
4166,178.56
4167,84.26383326999984
4168,52.81349233999999
4169,53.63356117000001
4170,54.15240606999999
4171,53.48008589000001
4172,53.76292557999999
4173,53.37391485999999
4174,54.96026241999999
4175,54.95032158000001
4176,56.07728664999998
4177,55.58928165
4178,55.73521625
4179,56.44699661999999
4180,56.12186950999998
4181,55.88113531000001
4182,54.56469647999999
4183,54.17986937999999
4184,54.09364807000002
4185,54.36416747999998
4186,54.63111871
4187,134.7335892700009
4188,178.56
4189,178.56
4190,178.56
4191,178.56
4192,56.14867103999998
4193,55.91481483
4194,56.12927851999999
4195,55.85782047999999
4196,55.73335578999999
4197,55.21316247999999
4198,55.14762876
4199,56.06310038000001
4200,56.72169979
4201,56.63712312999999
4202,56.54923400000001
4203,56.16692213999998
4204,55.92875399999999
4205,55.85102852
4206,55.88950765999999
4207,55.50488482
4208,55.12311279999999
4209,54.85786558000002
4210,178.56
4211,178.56
4212,178.56
4213,56.18449704
4214,178.56
4215,144.4716446800003
4216,56.47861597
4217,56.11170327
4218,56.04917255
4219,54.58298285999999
4220,53.16712548
4221,53.99199427999999
4222,55.44638848
4223,55.52820776999999
4224,55.23878296999999
4225,55.40014479999999
4226,54.06944892999999
4227,53.24733939000001
4228,52.80165583
4229,52.86525006
4230,52.52920161999999
4231,52.42745221000001
4232,51.85325599999999
4233,51.93178879
4234,51.94933750999999
4235,178.56
4236,178.56
4237,178.56
4238,178.56
4239,80.92444508000024
4240,51.78510666
4241,51.96358503
4242,51.98280248
4243,51.76729830999999
4244,51.27490179
4245,51.52981673
4246,50.45609540999999
4247,49.16418240999999
4248,50.55171575999999
4249,51.12258921000002
4250,51.32845431
4251,51.26720669
4252,51.25649668999999
4253,51.22848731
4254,51.48426037999999
4255,51.287775
4256,51.315257
4257,51.328186
4258,51.35163831000001
4259,178.56
4260,178.56
4261,178.56
4262,178.56
4263,74.8592120299999
4264,51.62356037999999
4265,51.61128462000001
4266,51.74353799999999
4267,52.02899569
4268,51.59416969
4269,52.79610735000001
4270,52.9182997
4271,53.25277971999999
4272,53.72511662000002
4273,53.54985978999999
4274,53.48519904
4275,52.84231883
4276,52.32204802999998
4277,52.46151344000001
4278,52.28244245000001
4279,52.32499117999998
4280,52.70618535
4281,54.21927980000001
4282,53.44786013000001
4283,115.4012661700003
4284,178.56
4285,178.56
4286,178.56
4287,178.56
4288,53.35452122000001
4289,52.89115321000001
4290,53.20584528
4291,54.47584995999998
4292,53.84318561999999
4293,54.87705783000001
4294,56.05704972000001
4295,57.83181607
4296,57.97608137999999
4297,56.45933047999999
4298,56.11428641
4299,55.79919582999998
4300,56.18578020999999
4301,55.55160072
4302,56.10171965999999
4303,55.99812134
4304,56.2999549
4305,56.55124993
4306,57.61094261999999
4307,178.56
4308,178.56
4309,178.56
4310,178.56
4311,139.7628611900006
4312,55.5178099
4313,55.22065996999999
4314,54.31993203000002
4315,55.30647478999999
4316,54.78936141
4317,53.34850493
4318,52.88878259
4319,53.06027999999999
4320,52.66246558999999
4321,52.36842289
4322,51.81866185999999
4323,51.81611442000001
4324,51.92919437999998
4325,51.87515858
4326,51.76582390000001
4327,51.64153770999999
4328,51.28625396999999
4329,51.15013666000001
4330,53.4787883
4331,53.58293786999999
4332,54.10147413999999
4333,178.56
4334,178.56
4335,178.56
4336,178.56
4337,104.2139772900005
4338,53.53181147999999
4339,54.1288629
4340,55.52925517999999
4341,55.43310072999999
4342,56.15299150999999
4343,56.84506057999999
4344,57.97946945000001
4345,56.47385785999999
4346,55.29957587
4347,53.55595497000001
4348,53.7882821
4349,53.45224773
4350,53.48130689999999
4351,53.04989423999999
4352,52.92566034
4353,52.41139617
4354,51.5739889
4355,53.07686775999999
4356,54.59794507999999
4357,178.56
4358,178.56
4359,178.56
4360,178.56
4361,121.5025712100009
4362,56.82528179999999
4363,57.37710740999999
4364,56.71166676000001
4365,56.74412778999999
4366,55.02676410000001
4367,54.57707766
4368,53.77221465
4369,53.16149692
4370,53.61881882000001
4371,54.33175496
4372,53.49683786999999
4373,53.06873607000002
4374,50.75953631
4375,49.19471011
4376,49.00407672999999
4377,49.20095802999999
4378,178.56
4379,178.56
4380,178.56
4381,54.20159304000002
4382,178.56
4383,87.85958113000012
4384,53.43803941000001
4385,53.63992696999998
4386,53.88768041999999
4387,53.43242302999999
4388,50.87568226999999
4389,50.70573683000001
4390,50.26988372
4391,49.92689366
4392,50.13848279999999
4393,50.30128151999999
4394,50.66155752
4395,49.91436771999999
4396,50.60361312999999
4397,49.83594252
4398,50.15993716999998
4399,49.55401709999999
4400,49.68496196999999
4401,49.39178999999999
4402,49.41419
4403,173.7746108499999
4404,178.56
4405,178.56
4406,178.56
4407,49.52619
4408,49.54859
4409,49.57098999999999
4410,49.59339
4411,49.61579
4412,49.63818999999999
4413,49.66058999999999
4414,49.68299
4415,49.70538999999999
4416,49.72778999999999
4417,49.22939
4418,49.25179
4419,49.27419
4420,49.29658999999999
4421,49.31898999999999
4422,49.32459
4423,49.34699
4424,49.36939
4425,49.39178999999999
4426,49.41419
4427,49.43659
4428,178.56
4429,178.56
4430,178.56
4431,171.1626
4432,49.54859
4433,49.57098999999999
4434,49.59339
4435,49.61579
4436,49.63818999999999
4437,49.66058999999999
4438,49.68299
4439,49.70538999999999
4440,49.72778999999999
4441,49.22939
4442,49.25179
4443,49.27419
4444,49.29658999999999
4445,49.31898999999999
4446,49.32459
4447,49.34699
4448,49.36939
4449,49.39178999999999
4450,49.41419
4451,171.073
4452,178.56
4453,178.56
4454,178.56
4455,49.52619
4456,49.54859
4457,49.57098999999999
4458,49.59339
4459,49.61579
4460,49.63818999999999
4461,49.66058999999999
4462,49.68299
4463,49.70538999999999
4464,49.72778999999999
4465,49.22939
4466,49.25179
4467,49.27419
4468,49.29658999999999
4469,49.31898999999999
4470,49.32459
4471,49.34699
4472,49.36939
4473,49.39178999999999
4474,49.41419
4475,171.073
4476,178.56
4477,178.56
4478,178.56
4479,49.52619
4480,49.54859
4481,49.57098999999999
4482,49.59339
4483,49.61579
4484,49.63818999999999
4485,49.66058999999999
4486,49.68299
4487,49.70538999999999
4488,49.72778999999999
4489,49.22939
4490,49.25179
4491,49.27419
4492,49.29658999999999
4493,49.31898999999999
4494,49.32459
4495,49.34699
4496,49.36939
4497,49.39178999999999
4498,49.41419
4499,171.2996879800005
4500,178.56
4501,178.56
4502,178.56
4503,49.53584062
4504,49.73811261999999
4505,49.76520976
4506,49.784658
4507,49.76824999999999
4508,49.67987262
4509,49.65106768999999
4510,49.62536830999999
4511,49.60113199999999
4512,49.649327
4513,49.162631
4514,49.21806407
4515,49.442281
4516,49.19951869
4517,49.21999369
4518,49.23788799999999
4519,49.24825037999999
4520,49.27370462
4521,49.29636130999999
4522,49.76877527999999
4523,178.56
4524,178.56
4525,178.56
4526,178.56
4527,92.31126922800068
4528,51.310991872
4529,54.22176382000001
4530,53.13549261999999
4531,54.12408798999999
4532,54.04392455000001
4533,52.88242407000001
4534,51.59646547999998
4535,51.70685149
4536,52.3546702
4537,52.74993317999998
4538,53.49887921000001
4539,53.09811247999999
4540,53.07331133999998
4541,53.65360196
4542,53.58225362
4543,53.21028537999999
4544,53.05943523999999
4545,52.94449314
4546,178.56
4547,178.56
4548,178.56
4549,56.64690730999997
4550,178.56
4551,113.0485821899997
4552,55.90984196
4553,57.26190420999999
4554,56.85087141999998
4555,55.41707206
4556,54.80116761
4557,52.67503723999999
4558,52.71289778999999
4559,53.35413797
4560,53.57008979
4561,50.28806243999999
4562,49.31051594
4563,49.33060594000001
4564,50.16576662999999
4565,49.71097180000001
4566,49.39948601
4567,49.04289145
4568,49.21713552
4569,48.84100850999999
4570,50.3128052
4571,178.56
4572,178.56
4573,178.56
4574,178.56
4575,94.4373117800009
4576,53.79806606999999
4577,55.35035071999999
4578,55.30383844999999
4579,56.25904193000001
4580,55.03789249000001
4581,54.73121884999998
4582,53.48047635000001
4583,53.08936003000001
4584,52.89610878999999
4585,52.07405245
4586,53.72705526999999
4587,53.19064114000001
4588,53.15364872999999
4589,52.04725385999999
4590,51.01722912999999
4591,49.97269234999999
4592,49.23851575999999
4593,49.07976017
4594,178.56
4595,178.56
4596,178.56
4597,56.28118327999999
4598,178.56
4599,96.12500618999988
4600,54.50821151999999
4601,53.63620863999999
4602,53.47252189999999
4603,53.5334989
4604,53.40567218
4605,52.97115397
4606,52.31790396
4607,53.03209786000001
4608,52.73338293999998
4609,51.47568551999999
4610,50.88729540999998
4611,50.55867908
4612,49.99095031000002
4613,49.68918016999999
4614,49.45638788999999
4615,48.76019799
4616,46.23284652
4617,47.30835025
4618,46.62861244999999
4619,48.04969211000001
4620,178.56
4621,178.56
4622,178.56
4623,174.7839944699992
4624,51.23545469
4625,50.55022441000002
4626,49.1013341
4627,48.71445362000001
4628,49.74293639
4629,48.75329927999999
4630,48.94009392999999
4631,48.37911679999999
4632,48.57535641
4633,47.77275516999999
4634,47.68602062
4635,47.47739486
4636,47.76693347999999
4637,47.99623254999999
4638,47.68980335
4639,47.77639573
4640,47.93393031
4641,48.36699678999999
4642,48.4618792
4643,48.95362087000001
4644,178.56
4645,178.56
4646,178.56
4647,164.8566411499999
4648,49.5618599
4649,50.28516465000001
4650,50.51105073
4651,50.24967961999999
4652,49.95668783
4653,49.77626969
4654,49.76353172
4655,49.65164435000002
4656,47.64678793
4657,46.62799624
4658,46.79744047999999
4659,46.90916097
4660,46.62361255999998
4661,46.48675016999999
4662,46.48185276
4663,46.19114534999999
4664,46.76845852
4665,45.42813793
4666,46.35292648000001
4667,45.87680278999999
4668,178.56
4669,178.56
4670,178.56
4671,146.08431647
4672,49.48326803
4673,49.02205651000001
4674,49.03724427
4675,49.00856877
4676,48.78895707
4677,49.09707795999999
4678,48.49141507000001
4679,48.15525175999999
4680,47.76334023999998
4681,48.47371214000001
4682,48.54785586000001
4683,49.00276535
4684,47.04641921000002
4685,47.21627385999999
4686,44.91297818
4687,44.93834751000001
4688,44.63364493000001
4689,45.18056193
4690,45.66988335000001
4691,45.59967118
4692,178.56
4693,178.56
4694,178.56
4695,142.4926297400003
4696,49.51073869
4697,49.43300572000001
4698,49.67151252000001
4699,47.69370179
4700,48.9681927
4701,48.51362138
4702,48.85174049
4703,47.32045255000001
4704,47.40978452
4705,61.83621115000001
4706,62.3935039
4707,63.14214221000001
4708,61.8614192
4709,60.86269713999999
4710,61.67986530999998
4711,61.90220876
4712,61.86465102999999
4713,61.93386773
4714,61.91153024
4715,178.56
4716,178.56
4717,178.56
4718,178.56
4719,178.56
4720,97.65627058000045
4721,60.13349964999998
4722,59.90944840999999
4723,61.05417576999999
4724,61.15380579000001
4725,60.78453262000001
4726,59.40584055
4727,62.23738017
4728,64.21537479000001
4729,63.56760682999999
4730,62.79757372
4731,63.18708500999999
4732,62.18268832999999
4733,62.46942996
4734,62.10613765999999
4735,61.17022078999999
4736,62.56565952
4737,61.19818355
4738,94.88600844000035
4739,178.56
4740,178.56
4741,178.56
4742,178.56
4743,178.56
4744,58.50598376000001
4745,58.66813869000001
4746,58.55324748000001
4747,57.87800186
4748,57.32736863
4749,57.07161873
4750,56.40879552
4751,57.48096199999999
4752,57.86446652000001
4753,58.31423002999999
4754,59.08902306999998
4755,59.52932747999999
4756,59.57672707
4757,59.63033783
4758,60.20359639000001
4759,60.08128707
4760,59.64379175999999
4761,58.63475086
4762,178.56
4763,178.56
4764,178.56
4765,58.90391492999998
4766,178.56
4767,178.56
4768,71.71213898000087
4769,60.02107972
4770,59.12836152999999
4771,60.00012235000001
4772,59.94000417999998
4773,59.84844347999999
4774,60.05122899999999
4775,60.67276656000001
4776,60.55197210999999
4777,60.10460813
4778,59.35403179999998
4779,58.90046785000001
4780,59.07699657999998
4781,59.45685703999999
4782,58.85401703999999
4783,57.9783148
4784,56.91088157999999
4785,56.09026045
4786,56.38613904
4787,178.56
4788,178.56
4789,178.56
4790,178.56
4791,178.56
4792,60.99065279000084
4793,58.36070393999999
4794,59.63117083
4795,60.74011768999999
4796,60.45503057999998
4797,59.65930648999999
4798,60.29973404
4799,59.81952913999999
4800,59.83343288999998
4801,58.28073587000002
4802,58.48210906999999
4803,57.94094565
4804,57.74654011000001
4805,58.82997351000001
4806,58.38423997
4807,58.68691906
4808,59.54543707000001
4809,60.50456748
4810,91.99025143000026
4811,178.56
4812,178.56
4813,178.56
4814,178.56
4815,178.56
4816,61.08799850999999
4817,60.08876405000001
4818,59.51382283
4819,59.62859672
4820,59.93676997000001
4821,60.37879477000001
4822,60.01732393999998
4823,60.22701258000001
4824,61.30467230999997
4825,62.50936951000001
4826,62.29106813999999
4827,62.67572660999998
4828,61.28866757999999
4829,61.09482658999999
4830,60.28927044
4831,59.93896573
4832,60.14067262000001
4833,59.95992092999998
4834,178.56
4835,178.56
4836,178.56
4837,61.26073078999999
4838,178.56
4839,178.56
4840,117.26644822
4841,62.53700397
4842,62.98498233999998
4843,62.75669575000001
4844,63.03229779
4845,63.96684035000001
4846,63.87458720999999
4847,63.90437906999997
4848,61.32156086
4849,60.73336485999997
4850,61.40174341000001
4851,60.41149099999999
4852,61.10543340999999
4853,61.90460926999999
4854,62.44827420999999
4855,62.34200630000001
4856,63.6349329
4857,64.12379841
4858,178.56
4859,178.56
4860,178.56
4861,62.37569120999999
4862,178.56
4863,178.56
4864,124.1719398799999
4865,62.58045681999999
4866,61.28574627
4867,61.19282624
4868,60.45767532
4869,59.34979113
4870,60.29264989999999
4871,59.93366826999998
4872,60.13899548999998
4873,59.78372435000001
4874,61.06630627999998
4875,61.90298162999999
4876,61.90448803
4877,61.74776132
4878,61.42045147
4879,59.37961127000001
4880,59.22396249
4881,59.64668486
4882,111.0975014200001
4883,178.56
4884,178.56
4885,178.56
4886,178.56
4887,178.56
4888,61.87090959
4889,61.28151946000001
4890,59.13364778999999
4891,61.99747581999998
4892,62.16879437999999
4893,62.47355358999999
4894,63.50842539999996
4895,63.31212104000001
4896,62.81004820999999
4897,61.38902055999999
4898,62.96130245999998
4899,61.32781648
4900,61.15140297
4901,60.9377727
4902,60.38318524
4903,59.54926837999999
4904,59.25820131
4905,59.5660149
4906,60.24771465999999
4907,178.56
4908,178.56
4909,178.56
4910,178.56
4911,178.56
4912,64.6633931300009
4913,60.76631210999999
4914,60.10867288999999
4915,58.72040775999999
4916,58.52520611000001
4917,57.55984961999999
4918,58.1265629
4919,58.82589503
4920,59.44157988999997
4921,58.94760676
4922,58.81177133999998
4923,59.0869629
4924,58.48473848
4925,58.33293893
4926,57.85137448999999
4927,57.9745418
4928,57.51107130999999
4929,59.19343758999999
4930,73.56857252000059
4931,178.56
4932,178.56
4933,178.56
4934,178.56
4935,178.56
4936,57.14500890000001
4937,57.06607654999997
4938,57.51541621
4939,58.05022530999999
4940,56.33350337999998
4941,55.58479954999999
4942,56.71556344999998
4943,57.08746644999999
4944,58.59257767999999
4945,59.21720973000001
4946,59.58872667999999
4947,59.33900994000001
4948,58.63671100000001
4949,57.50988621
4950,57.36452812999999
4951,56.45938739
4952,55.55616913000001
4953,54.76616803
4954,55.14492473
4955,54.91160786999998
4956,53.99170643999999
4957,178.56
4958,178.56
4959,178.56
4960,178.56
4961,130.2834511200002
4962,55.583486
4963,55.28479628
4964,56.06582569000001
4965,56.23493652
4966,55.63846169000001
4967,54.7170218
4968,54.85810442
4969,54.11485568999999
4970,53.89049624
4971,53.78474262
4972,53.57860696999999
4973,53.64140579000001
4974,53.38011272999999
4975,51.99207769
4976,51.59749728000001
4977,51.61535435
4978,51.87694168999999
4979,178.56
4980,178.56
4981,178.56
4982,178.56
4983,94.50756647000014
4984,53.38484185999999
4985,52.22480382
4986,51.49945752
4987,50.92757131
4988,52.11675230999998
4989,51.94308482999998
4990,52.37902642
4991,52.46187149
4992,54.33375962
4993,54.06732156000002
4994,54.14549504
4995,53.59719644999999
4996,53.75034203000001
4997,53.79961474999998
4998,53.73482590000002
4999,53.13077909999999
5000,52.01185934
5001,51.72135723999999
5002,51.32323454999999
5003,111.4829401300004
5004,178.56
5005,178.56
5006,178.56
5007,178.56
5008,57.41979606999999
5009,56.55138334999998
5010,56.77185339000001
5011,55.50686427999998
5012,55.07696599999999
5013,55.94089857999998
5014,56.39914441000001
5015,57.70464678999998
5016,58.81385033999999
5017,58.37185206999999
5018,55.45721516999998
5019,53.89464745
5020,53.15746820999999
5021,52.23138207
5022,52.21292139000001
5023,51.91810623999999
5024,51.62123890000002
5025,50.59805610999999
5026,178.56
5027,178.56
5028,178.56
5029,54.36951316999999
5030,178.56
5031,105.1866969800001
5032,54.93836824000001
5033,56.24682202999998
5034,55.21529769
5035,55.68042221000001
5036,56.07714496999998
5037,53.32474693
5038,54.3185272
5039,56.73634659
5040,56.40837048000001
5041,57.25722540999998
5042,57.96636251
5043,58.51513528
5044,59.63858410999999
5045,56.18599938000001
5046,56.19194685999999
5047,54.18208544
5048,52.89009557999999
5049,52.64856583
5050,53.03527830999999
5051,54.16994296000001
5052,53.95161533999999
5053,178.56
5054,178.56
5055,178.56
5056,178.56
5057,123.4525437200004
5058,53.86533389999999
5059,53.64957297000001
5060,53.51330103000001
5061,52.23414504
5062,53.41903966
5063,55.29870535000001
5064,56.35554862000001
5065,55.56235299999998
5066,55.58067242000001
5067,54.52558538
5068,54.04381401999999
5069,53.29670185000001
5070,52.69976592999998
5071,52.50761796000001
5072,50.72280276
5073,51.80474795999999
5074,51.14623724
5075,178.56
5076,178.56
5077,178.56
5078,178.56
5079,117.3992981300005
5080,55.67335927999999
5081,55.87203748000001
5082,53.40497623999999
5083,55.14855709999998
5084,55.870374
5085,56.27772254999999
5086,58.39544697
5087,57.90592492999999
5088,55.5515667
5089,57.67859565999998
5090,60.59550314999998
5091,60.43800427
5092,60.96752627000001
5093,60.38303838
5094,61.18367751999998
5095,58.39488381999999
5096,57.04473376
5097,56.70625967999998
5098,65.6092848800002
5099,178.56
5100,178.56
5101,178.56
5102,178.56
5103,178.56
5104,60.68151565
5105,59.34034875999999
5106,60.7640978
5107,61.04621845
5108,61.50356618000001
5109,61.40517837999998
5110,61.59741447999997
5111,60.65041059
5112,63.45048261999999
5113,62.38486107000001
5114,63.0192563
5115,61.78216786
5116,60.92499678999999
5117,62.15573293999999
5118,60.60473916
5119,58.29650456
5120,58.10499758
5121,58.79722065000001
5122,97.41041929000002
5123,178.56
5124,178.56
5125,178.56
5126,178.56
5127,178.56
5128,58.54943724
5129,58.50931324
5130,59.16996554000001
5131,61.88192520999999
5132,61.53842057999998
5133,61.90195655
5134,61.38563920999997
5135,62.13668964999999
5136,62.15808927999998
5137,62.49722961999998
5138,63.52789331
5139,64.62195299
5140,63.29572466
5141,62.95504327
5142,61.79811154999999
5143,60.82328455
5144,60.57112830999999
5145,60.39717852
5146,60.33020679000001
5147,178.56
5148,178.56
5149,178.56
5150,178.56
5151,178.56
5152,101.7318581300009
5153,58.56190424
5154,58.25364089999999
5155,57.87307442
5156,59.66323950999999
5157,61.92718762999999
5158,61.57729179
5159,61.43447561999999
5160,61.56367469000001
5161,60.85984989
5162,61.88553448
5163,62.85634354999999
5164,61.63321717
5165,60.89606354999999
5166,60.24486699000001
5167,59.35032593000001
5168,58.26962455999999
5169,58.21143034000001
5170,57.93039993999998
5171,178.56
5172,178.56
5173,178.56
5174,178.56
5175,178.56
5176,96.22458063000022
5177,63.22587172999999
5178,61.95400365000001
5179,61.12519469
5180,61.42289531000001
5181,62.02400175999999
5182,62.04483620999999
5183,62.30819391999999
5184,62.90180609999999
5185,60.73138883000001
5186,61.47681855
5187,61.60280972999999
5188,59.71155372
5189,58.53763139
5190,58.55050831
5191,58.65686435
5192,58.99627348999999
5193,59.23388827999997
5194,58.29614937999999
5195,178.56
5196,178.56
5197,178.56
5198,178.56
5199,153.483705839
5200,56.23969455999998
5201,55.87078
5202,55.89317999999999
5203,55.91557999999999
5204,55.93798
5205,55.96037999999999
5206,55.98277999999999
5207,56.00517999999999
5208,56.02757999999999
5209,55.51237999999999
5210,55.53477999999999
5211,55.55717999999999
5212,55.57958
5213,55.60198
5214,55.62438
5215,55.64677999999999
5216,55.66918
5217,55.75808238
5218,55.61660034
5219,130.7503194900007
5220,178.56
5221,178.56
5222,178.56
5223,178.56
5224,53.06542023999999
5225,52.82625215000001
5226,54.85367958
5227,54.6841967
5228,55.498002
5229,58.43487769000001
5230,58.63429999
5231,60.45729451999998
5232,61.34381371999999
5233,60.56370865999998
5234,61.55256114
5235,61.80300965999999
5236,58.03785581999999
5237,56.86326569
5238,56.22631469000001
5239,53.51295606999998
5240,52.95534041
5241,53.92191475999999
5242,53.45816202999998
5243,151.73153723
5244,178.56
5245,178.56
5246,178.56
5247,178.56
5248,56.37932097
5249,57.00216619999999
5250,56.39932731999998
5251,56.41507899999998
5252,56.72530514
5253,59.49496293999998
5254,62.07684238000001
5255,62.68246585999999
5256,60.75063183
5257,60.20622362999998
5258,64.02610949
5259,65.36785310999997
5260,62.81627050999999
5261,61.32266909999998
5262,61.16712238000002
5263,60.85826782
5264,60.39531063999999
5265,60.05026768999997
5266,59.49047124999998
5267,178.56
5268,178.56
5269,178.56
5270,178.56
5271,178.56
5272,114.5192345300008
5273,57.38280372999999
5274,59.66253460999998
5275,65.91508273000001
5276,65.9950529
5277,64.75401086
5278,65.79684069
5279,65.57956573
5280,65.6646949
5281,67.61834597000002
5282,67.31426541
5283,67.36895430999999
5284,66.3770079
5285,65.04400224
5286,64.31041701
5287,63.66135111
5288,63.54771766
5289,63.68964672
5290,141.5389208400005
5291,178.56
5292,178.56
5293,178.56
5294,178.56
5295,178.56
5296,60.47679897000002
5297,60.18467931
5298,60.87246199999999
5299,61.95037863
5300,61.77055045
5301,61.49860485999998
5302,61.07296789999999
5303,60.39387158
5304,62.91084023000001
5305,62.29751731
5306,62.85250027000001
5307,62.20610452
5308,61.76976371999999
5309,60.54009275999999
5310,60.73107144999999
5311,59.69035751000001
5312,59.09326689
5313,58.20555292999999
5314,95.79597394000024
5315,178.56
5316,178.56
5317,178.56
5318,178.56
5319,178.56
5320,62.1621749
5321,62.92636664999999
5322,63.39924234
5323,63.70292467
5324,64.03447897
5325,63.70550186
5326,62.06513739999999
5327,63.38111255
5328,62.13362805999999
5329,62.36630386000001
5330,62.32510256
5331,63.76006734999999
5332,63.75279589
5333,63.21496972
5334,63.02887954999998
5335,62.51002058
5336,63.39525661000001
5337,62.42872033999999
5338,178.56
5339,178.56
5340,178.56
5341,64.51890886
5342,178.56
5343,178.56
5344,140.5606414700003
5345,63.71274168
5346,62.82092131
5347,63.78539096999999
5348,65.32024982000003
5349,65.96280802999999
5350,63.01059639
5351,63.86320955000001
5352,65.20369576
5353,64.65856838
5354,64.1521328
5355,65.66715127
5356,65.27513762
5357,65.54262904
5358,65.49934769000002
5359,65.59112391999999
5360,65.76865476999997
5361,64.64714269999999
5362,151.7761604600009
5363,178.56
5364,178.56
5365,178.56
5366,178.56
5367,178.56
5368,62.26019575999998
5369,61.82878352000002
5370,64.15399718
5371,64.38789014000001
5372,65.06769086999998
5373,64.28808407000002
5374,64.88836886
5375,65.64894231
5376,66.40569194
5377,65.37115192999997
5378,66.92251503000001
5379,67.32180525
5380,67.12501047
5381,66.03527440999999
5382,64.93111289000002
5383,64.21066876
5384,62.29166705999999
5385,178.56
5386,178.56
5387,178.56
5388,156.0240645800006
5389,64.42070781999999
5390,65.19342171999999
5391,178.56
5392,178.56
5393,64.34999522000001
5394,64.43961524
5395,65.23060362
5396,64.67534947999997
5397,66.52157161999999
5398,67.38760923999999
5399,67.82927431
5400,68.18056594999999
5401,68.20177475999999
5402,67.35389479
5403,68.59189490999998
5404,65.96133634999998
5405,65.0085058
5406,64.90539503000002
5407,64.31246213
5408,63.29395121000003
5409,64.53641593
5410,178.56
5411,178.56
5412,178.56
5413,67.65036977999999
5414,178.56
5415,178.56
5416,168.3726818200005
5417,66.87099971999999
5418,64.81799359
5419,65.71121221
5420,63.04038250999998
5421,61.01368448
5422,61.86542586000001
5423,60.12778555
5424,55.76205817
5425,53.72438861999998
5426,53.14323657999999
5427,53.02121048
5428,52.14152978999999
5429,52.13296837
5430,51.05467752000001
5431,50.72185082999999
5432,49.84681603999999
5433,49.27590528
5434,49.37166031
5435,178.56
5436,178.56
5437,178.56
5438,178.56
5439,108.5061516200003
5440,56.29548378999998
5441,54.02484962
5442,53.37799095999998
5443,53.69016848999999
5444,52.65566620999999
5445,53.78044965999999
5446,53.96385673
5447,52.49445866
5448,52.71256634
5449,51.73758778999999
5450,54.60529192999998
5451,55.21140337999999
5452,55.08442317
5453,54.69738897000001
5454,54.56097472000001
5455,54.46900479999999
5456,54.30788797
5457,54.05575776999999
5458,54.05387658999999
5459,138.6326774099998
5460,178.56
5461,178.56
5462,178.56
5463,178.56
5464,59.34342651999999
5465,59.34621665
5466,58.84329744999999
5467,58.68182158999999
5468,59.16347451000001
5469,58.17938245000001
5470,56.94794056000001
5471,55.51614313000001
5472,53.82798903999998
5473,52.05054155000001
5474,51.91527088999999
5475,52.03659076
5476,51.10054634999999
5477,49.85280559
5478,49.51942604000001
5479,49.31775568999998
5480,49.24341821000002
5481,48.94991275999999
5482,165.5423135600001
5483,178.56
5484,178.56
5485,48.17867838
5486,178.56
5487,47.40299255999999
5488,47.52628761999999
5489,48.20862885999999
5490,48.76823259000001
5491,49.20199164999999
5492,49.65741466
5493,49.50712865
5494,49.78619582999999
5495,50.47277165
5496,50.89413524999999
5497,50.61772547999999
5498,50.66176220000002
5499,49.39905781999998
5500,49.06615406
5501,47.74934478999999
5502,47.09662054999999
5503,47.034218
5504,46.98552123999998
5505,47.46930524
5506,178.56
5507,178.56
5508,178.56
5509,48.45641724
5510,178.56
5511,74.60448957000057
5512,63.84818335
5513,64.11482692999999
5514,65.31645714999999
5515,53.25927620999999
5516,52.45225782999999
5517,52.98331898999999
5518,52.38979696999999
5519,52.89254823999999
5520,53.77152143999999
5521,52.53671968999999
5522,50.05492575999998
5523,51.76614120999999
5524,52.66113048
5525,51.49773096999999
5526,51.72406385999999
5527,51.22514886999999
5528,50.84827734
5529,49.4988711
5530,178.56
5531,178.56
5532,178.56
5533,52.73936248
5534,178.56
5535,98.47309388000023
5536,54.50939214000001
5537,55.38338596000001
5538,55.34988473
5539,59.66452114000001
5540,60.40995197999999
5541,58.84840940999999
5542,58.71578299999998
5543,57.99377317999997
5544,56.97192452
5545,55.57583254999999
5546,54.66111728
5547,56.24217626999999
5548,56.73258276000001
5549,55.55711945
5550,55.31234113999998
5551,54.92004454999999
5552,54.60259259000001
5553,53.79010692999999
5554,178.56
5555,178.56
5556,178.56
5557,55.31811844999999
5558,178.56
5559,121.2976614599997
5560,56.43608599999998
5561,55.16491134
5562,53.49177154999998
5563,55.18119628000001
5564,55.69431706999998
5565,55.00249076
5566,53.85133354999999
5567,53.83338589999999
5568,53.40869771999999
5569,51.70689034000001
5570,51.05900562
5571,50.94326740999999
5572,50.61477798999999
5573,51.13097969000001
5574,51.09923455
5575,50.91938110000001
5576,50.87486844999999
5577,50.53885921000001
5578,50.61259216999999
5579,178.56
5580,178.56
5581,178.56
5582,178.56
5583,85.56201786000024
5584,52.52063592999998
5585,53.84025499999999
5586,54.69037931000002
5587,54.59289073000001
5588,54.23655286000002
5589,53.63651111000001
5590,53.29870468999999
5591,54.66211162999999
5592,55.11938214999999
5593,54.592825
5594,53.80693100999999
5595,52.50451941000001
5596,51.83422776
5597,51.59082348
5598,51.50404945
5599,51.35630395
5600,51.03523355000001
5601,50.62746038000002
5602,50.31568016999999
5603,78.25208280000071
5604,178.56
5605,178.56
5606,178.56
5607,178.56
5608,50.82471099999999
5609,52.05775623999999
5610,52.16873214
5611,53.74155282999999
5612,53.51683372
5613,52.85906759
5614,53.47446958000001
5615,54.16687311
5616,54.31704172999999
5617,55.60696673
5618,52.29565102999999
5619,52.01559531
5620,53.19563858
5621,54.2395469
5622,53.19214648999999
5623,52.70005755
5624,52.80815841
5625,53.13075593000001
5626,53.33664748999999
5627,53.19262388999999
5628,54.72607168
5629,178.56
5630,178.56
5631,178.56
5632,178.56
5633,130.2301486200007
5634,58.17647702999999
5635,57.41573669999998
5636,57.55661372999999
5637,53.17297076000002
5638,52.58963731
5639,52.08499764999998
5640,54.48980341
5641,55.28292496999999
5642,55.43088607
5643,55.58806189999999
5644,53.65237716999999
5645,55.94527645000001
5646,56.04484116
5647,55.91557712999999
5648,55.99908986000001
5649,56.18973479000001
5650,56.02985107999999
5651,178.56
5652,178.56
5653,178.56
5654,178.56
5655,143.6885441000002
5656,54.66233996999998
5657,55.01463359
5658,57.73287995999998
5659,58.46439850999999
5660,58.46215955999999
5661,58.02435583
5662,53.51869411000001
5663,53.69298906999999
5664,55.30826252
5665,54.71818058
5666,54.20337748
5667,54.37410496
5668,55.30143472
5669,53.09276000000002
5670,51.7140533
5671,52.11329164999999
5672,51.80459214
5673,51.83243303
5674,51.77724342000001
5675,178.56
5676,178.56
5677,178.56
5678,178.56
5679,62.15591706999971
5680,49.69550578999998
5681,52.54783561999999
5682,54.52716514
5683,53.64078475
5684,52.61185307
5685,50.78409679
5686,50.94394164999999
5687,51.63998944999998
5688,52.79136288999998
5689,52.11560668999999
5690,52.77428401
5691,51.843526
5692,51.45413105
5693,50.49919475999999
5694,50.87962999000001
5695,51.96203824
5696,51.69840879
5697,51.52864296999999
5698,51.23228795999999
5699,75.77115626999992
5700,178.56
5701,178.56
5702,178.56
5703,178.56
5704,51.81467417
5705,52.13668124
5706,50.37925228
5707,51.22978685999998
5708,50.78446309999999
5709,49.52994682999999
5710,48.11349935
5711,48.99722106999999
5712,50.76754696999998
5713,50.91761527999999
5714,51.63342589999998
5715,52.30460185999998
5716,51.89259418
5717,51.39393475999999
5718,51.70658521
5719,50.54680378999999
5720,49.61910064999999
5721,48.86754879999999
5722,48.78371407
5723,178.56
5724,178.56
5725,178.56
5726,178.56
5727,81.07324705000025
5728,54.76487758
5729,54.87577662
5730,55.11482928
5731,55.20339734
5732,56.18804099999998
5733,57.37758109999999
5734,57.14377732
5735,56.22893297
5736,56.13206003999999
5737,54.41480134999999
5738,56.70433776
5739,54.61188131
5740,55.45941344999999
5741,55.81984303
5742,55.78963782
5743,57.44787789999999
5744,56.78500352
5745,57.01060603000001
5746,59.26890641
5747,178.56
5748,178.56
5749,178.56
5750,178.56
5751,163.2118236699999
5752,57.52799689
5753,57.23118177
5754,56.73680866
5755,57.82065310000002
5756,58.17515416999998
5757,58.63773852999999
5758,58.30796503000001
5759,55.60666993
5760,54.30587617
5761,53.50383906
5762,54.86532120999998
5763,54.70040632
5764,55.72798973
5765,55.90279807000001
5766,57.84538375
5767,56.86727200000001
5768,56.84031506999998
5769,56.95639830999999
5770,56.80318721000001
5771,61.24759431000001
5772,65.17304696
5773,178.56
5774,178.56
5775,178.56
5776,178.56
5777,177.4292503700005
5778,58.37744709999998
5779,59.25577931
5780,57.04517903000001
5781,56.04689251000001
5782,53.55013530999999
5783,52.91759886000001
5784,50.83220121
5785,49.60479027000001
5786,49.82798099999999
5787,50.03661789000002
5788,50.93581723999999
5789,50.38056358999998
5790,50.37923302999999
5791,49.74028066000001
5792,49.71429876000001
5793,49.64814924999997
5794,49.81831218000001
5795,178.56
5796,178.56
5797,178.56
5798,178.56
5799,70.95681280000034
5800,51.23504442
5801,49.57306865
5802,53.11334181999999
5803,56.12539554999999
5804,53.90930278999998
5805,51.76605252
5806,50.39205703
5807,50.00204531
5808,50.24250924
5809,49.39499186999998
5810,50.68096096
5811,51.32264690000001
5812,51.57648363
5813,50.85621876999999
5814,50.96225224999999
5815,50.67208327999999
5816,49.91121331
5817,49.16343361999999
5818,49.17513068999999
5819,172.1166120300001
5820,178.56
5821,178.56
5822,178.56
5823,51.13928917999999
5824,49.90530502999999
5825,48.08596849000001
5826,47.75940371999999
5827,48.66465995999998
5828,48.23614845000001
5829,49.05187896000001
5830,50.07953951
5831,50.51738076000001
5832,50.17800892999999
5833,47.94698089999999
5834,45.11750607
5835,45.15738507
5836,46.07827237999999
5837,49.39901911000001
5838,48.77855752
5839,50.11167721
5840,46.81147583
5841,45.57369368999999
5842,45.80196628000002
5843,134.3556445300004
5844,178.56
5845,178.56
5846,178.56
5847,46.15012493
5848,45.53029376
5849,45.60053560999999
5850,46.86702495999999
5851,47.15607623999999
5852,47.82794541000001
5853,49.98457988999999
5854,49.90095173
5855,51.000145
5856,52.27084338
5857,51.62912068999999
5858,50.85803548
5859,50.8116749
5860,50.04916258999999
5861,50.46516041
5862,50.74408486
5863,48.68232621
5864,48.52975617
5865,48.79157472
5866,48.43182371999999
5867,47.44744907
5868,178.56
5869,178.56
5870,178.56
5871,176.6664034100002
5872,53.97044226000001
5873,54.54975876
5874,51.89848783
5875,49.98610841000001
5876,53.81528572000001
5877,53.37822686
5878,52.07206872
5879,50.29002516999999
5880,52.18881303999999
5881,50.86946403
5882,54.86054657999999
5883,52.92958502999998
5884,52.53451763
5885,52.36025879
5886,51.59696276000002
5887,51.76422601
5888,51.49548872999998
5889,50.44173637999999
5890,49.83802425
5891,178.56
5892,178.56
5893,178.56
5894,178.56
5895,76.3004728900004
5896,51.71762918
5897,54.33988244999999
5898,53.30594535000001
5899,55.55495427999999
5900,55.35130741
5901,53.67046762
5902,54.10271306999999
5903,54.11176652
5904,55.04435803999998
5905,55.46782667999999
5906,56.48167909999999
5907,56.56491035999998
5908,57.90608879999998
5909,57.13259062000001
5910,55.88719752
5911,52.85803642
5912,50.49654182999999
5913,49.26271301000001
5914,49.00272755
5915,178.56
5916,178.56
5917,178.56
5918,178.56
5919,96.04093500000057
5920,54.00432295999999
5921,54.34871161999999
5922,53.19552763
5923,53.50097864999999
5924,53.50138213
5925,51.36467721
5926,53.0278189
5927,54.00157952000001
5928,54.81222859
5929,55.64610793000001
5930,56.85546363
5931,57.0067099
5932,57.55822786
5933,57.65739763
5934,56.49927100999999
5935,56.19657637999997
5936,53.02442564999998
5937,52.04531297
5938,50.89492604
5939,119.1855360700005
5940,178.56
5941,178.56
5942,178.56
5943,178.56
5944,55.35323493000001
5945,55.97928966000001
5946,56.99388617999999
5947,56.44101799
5948,56.40441127999998
5949,55.89905250999998
5950,55.76832576
5951,55.11084138
5952,55.65106623999999
5953,56.48009562999997
5954,57.60626368000001
5955,57.75340396000001
5956,56.07387324000001
5957,55.23587488999998
5958,55.19332455000001
5959,54.57808720000001
5960,52.42454434000001
5961,51.85756072
5962,51.53972362
5963,178.56
5964,178.56
5965,178.56
5966,178.56
5967,156.9047058700007
5968,66.16639658999998
5969,62.44983045
5970,61.02989136999999
5971,59.39358298999998
5972,60.64305541
5973,61.01213600999998
5974,61.08455941
5975,59.82565406999998
5976,58.99869289999999
5977,57.76050223999999
5978,57.26987672
5979,55.60492455
5980,53.86446156000002
5981,53.20618107000001
5982,51.76420633999999
5983,52.03326289
5984,51.84024286000002
5985,51.6784079
5986,51.51272273
5987,52.10420396999999
5988,53.36553368999999
5989,178.56
5990,178.56
5991,178.56
5992,178.56
5993,104.4275551600007
5994,53.59564469
5995,53.08294628000001
5996,53.29517654999999
5997,52.95962902999999
5998,53.46535823999999
5999,52.89118737
6000,52.06846176000001
6001,53.06201403999999
6002,52.89337676000001
6003,51.18882012999999
6004,49.55240997000001
6005,50.67513941000001
6006,49.85989456000001
6007,49.85329055
6008,49.36389765999999
6009,48.39117485999999
6010,47.99215421
6011,47.97012506999999
6012,47.32437045
6013,178.56
6014,178.56
6015,178.56
6016,178.56
6017,88.4664001
6018,57.66378568999998
6019,57.84927162
6020,57.32245644999997
6021,56.07576806999998
6022,55.06783163
6023,55.58706048
6024,55.74667538999999
6025,56.22979355
6026,54.78824434999997
6027,54.17036303
6028,53.54858145
6029,52.99828121
6030,52.86933652
6031,52.47090533999999
6032,51.68863084
6033,178.56
6034,178.56
6035,178.56
6036,61.10267373
6037,60.97756721
6038,53.98239272999999
6039,131.1383387099999
6040,178.56
6041,56.74110211000001
6042,56.54505304000001
6043,56.22102947999999
6044,56.75973995999998
6045,54.19414476
6046,53.97248010000001
6047,54.28604369999999
6048,54.75422218
6049,53.69972768999998
6050,53.85064061999999
6051,55.28332151999999
6052,56.11635134000001
6053,55.93929635000001
6054,55.51408127999999
6055,55.61473826999999
6056,54.97142188999999
6057,178.56
6058,178.56
6059,178.56
6060,51.87807289
6061,52.70206829999999
6062,52.09951151999999
6063,120.8928390600006
6064,178.56
6065,54.8153571
6066,56.93911279
6067,57.5274371
6068,56.94120320000001
6069,56.51112663
6070,56.54025104
6071,56.98846083
6072,56.61682628
6073,56.38902955
6074,56.94339706999999
6075,57.89072106999999
6076,58.12487114
6077,57.35170721000001
6078,56.75842633999999
6079,56.71298968999999
6080,54.10566020999999
6081,52.50418124000002
6082,59.89933117
6083,178.56
6084,178.56
6085,178.56
6086,178.56
6087,159.6713955840002
6088,54.51434568999999
6089,54.04553686000001
6090,55.39965213999999
6091,54.69630098100001
6092,56.54935069
6093,56.69928810000003
6094,56.98736449
6095,57.93096665999999
6096,57.579146695
6097,57.04817467999998
6098,56.27796276549999
6099,55.88389569
6100,55.47532620000001
6101,52.63989749549999
6102,51.96443196000001
6103,51.1545909
6104,46.84540686699999
6105,167.3396563618005
6106,178.56
6107,178.56
6108,26.54840999999999
6109,26.57080999999999
6110,25.1957627012
6111,39.97552068300001
6112,46.15009211400001
6113,45.29926067799999
6114,45.12695369
6115,45.11906699999999
6116,45.141621
6117,45.13304124
6118,45.09368731
6119,45.23851738
6120,45.53034031
6121,45.17523745
6122,45.130904
6123,45.1795351
6124,45.19700731
6125,45.231676
6126,45.24212693
6127,45.314962
6128,45.38156000000001
6129,45.15691831000001
6130,50.95637134
6131,178.56
6132,178.56
6133,178.56
6134,178.56
6135,93.24272023000047
6136,54.86895596
6137,56.00988365
6138,56.02520027999999
6139,60.62363286
6140,62.29806771999998
6141,63.89347489
6142,58.61473296000001
6143,58.65009493000001
6144,58.45822948000001
6145,58.08177172000001
6146,58.21133024
6147,58.41639993
6148,58.00251751
6149,58.30573664999999
6150,57.19293712999999
6151,55.37496131999999
6152,55.53034024999999
6153,54.95342306999999
6154,55.54441696999998
6155,178.56
6156,178.56
6157,178.56
6158,178.56
6159,138.4718743700002
6160,55.39152955000001
6161,54.85370289000001
6162,55.49631276000001
6163,56.38362736999999
6164,57.18023709999999
6165,56.89789742
6166,57.43037006
6167,56.57758854999999
6168,57.38441324
6169,56.87702993
6170,56.24528944999998
6171,56.05611914000001
6172,56.18108313999997
6173,55.25961727999999
6174,54.42868829999998
6175,54.35530029999999
6176,53.73819024
6177,178.56
6178,178.56
6179,178.56
6180,55.31671404
6181,54.93886797
6182,55.10138214000001
6183,127.7531365500001
6184,178.56
6185,55.19540355
6186,55.67200064999999
6187,56.42128107
6188,55.60707579
6189,56.25959275999999
6190,56.04036675999999
6191,56.24056011000001
6192,56.11583803000001
6193,55.68876614000002
6194,55.00430565
6195,53.93294641000001
6196,54.57560731000002
6197,54.85878006000002
6198,53.78607234
6199,54.81583821
6200,54.21772097000001
6201,54.80992048
6202,53.37486427000001
6203,52.54348855
6204,50.35978716999998
6205,178.56
6206,178.56
6207,178.56
6208,178.56
6209,79.82190086999954
6210,51.58335252
6211,51.67520624000002
6212,51.48885903000001
6213,51.45166061
6214,51.64433442
6215,52.37975448999999
6216,53.52324865999999
6217,52.98824810999999
6218,53.29364831
6219,53.20768355
6220,53.77059876999999
6221,53.54924154999998
6222,53.28670214
6223,53.27691656
6224,53.28679062
6225,52.7656738
6226,52.19412079000001
6227,50.49598176
6228,51.11962627999989
6229,178.56
6230,178.56
6231,178.56
6232,178.56
6233,47.83464021
6234,48.26675749
6235,48.23194620999999
6236,48.00224807000001
6237,47.97957717000001
6238,48.04170909999999
6239,48.39895683
6240,49.74149557999999
6241,48.88168334
6242,48.11062431
6243,48.07504309999999
6244,47.79881113
6245,47.68633366
6246,47.49902310999999
6247,47.69739288999999
6248,47.96219007999999
6249,178.56
6250,178.56
6251,178.56
6252,47.18731066
6253,47.95140034999999
6254,48.22843949000001
6255,48.26125955000001
6256,152.25448863
6257,48.68497732
6258,48.91856172
6259,48.71101473
6260,48.56953269000001
6261,48.92737030999999
6262,49.29213772
6263,49.210896
6264,50.65843740999998
6265,50.06786834
6266,49.02733485999997
6267,48.41148186000001
6268,48.32166738
6269,48.21262900999999
6270,47.92529483000001
6271,47.48292255
6272,47.65295696
6273,178.56
6274,178.56
6275,178.56
6276,48.58627263
6277,49.70227724
6278,49.22181606999999
6279,49.61910338
6280,167.4258165500004
6281,52.67986464999998
6282,51.65691223
6283,51.86950321
6284,50.89447062
6285,51.16884065999999
6286,51.1538188
6287,50.44102210000001
6288,50.79973226999999
6289,50.47773961999999
6290,50.47542289999999
6291,49.88449213999998
6292,49.52846289999999
6293,49.42581455
6294,48.41647706
6295,48.00516308
6296,48.40563224
6297,178.56
6298,178.56
6299,178.56
6300,51.28527606999999
6301,51.81310372000001
6302,51.93793941
6303,50.84047703
6304,174.5922939500003
6305,50.75951061999999
6306,50.21259873
6307,49.88095238
6308,50.23917486
6309,49.63351085
6310,49.32861002999999
6311,49.58370416999999
6312,50.21199169
6313,49.63761852
6314,49.89461183
6315,49.74976720000002
6316,49.2690751
6317,49.12980086
6318,49.47368775999999
6319,49.13488048
6320,49.21859858999998
6321,178.56
6322,178.56
6323,178.56
6324,48.37552286
6325,48.402697
6326,47.98599203999998
6327,48.31924139
6328,158.73544663
6329,48.02988624
6330,48.18603537999999
6331,48.08651869000001
6332,48.24500289
6333,48.26332245
6334,48.27622547999999
6335,47.92753678999999
6336,48.54424862
6337,47.03871452
6338,47.00395461999999
6339,47.05207254999999
6340,47.02729724
6341,47.05621605999999
6342,47.30308310000001
6343,47.32686916999999
6344,47.35902318
6345,178.56
6346,178.56
6347,178.56
6348,47.23458845
6349,48.19056234999999
6350,48.19825556000001
6351,48.03405858999999
6352,151.1938869100001
6353,48.84847344999999
6354,48.99676817
6355,49.33335414
6356,49.62561358999999
6357,49.89536335
6358,49.76078499
6359,51.30049630999999
6360,51.3322649
6361,51.27235365000001
6362,50.64328353000001
6363,51.64822844999998
6364,50.82609252
6365,49.75357799999999
6366,49.353157
6367,49.36280076000001
6368,48.82979927
6369,48.94726963
6370,49.23845066000001
6371,49.84563926999999
6372,49.42629006
6373,163.9628343700008
6374,178.56
6375,178.56
6376,178.56
6377,50.05383138
6378,49.36703555
6379,49.01318835000001
6380,47.47169266
6381,47.62419661999999
6382,47.68050210000001
6383,47.75716147999999
6384,48.27875269
6385,46.69467817
6386,46.60527501000001
6387,47.23761692999999
6388,47.54342796000001
6389,47.60086352
6390,47.28516828
6391,47.16311564999999
6392,46.72313128
6393,46.72420221000001
6394,46.6110043
6395,46.46133568999999
6396,46.24649855
6397,161.8422231600003
6398,178.56
6399,178.56
6400,178.56
6401,52.97256734
6402,53.15800252
6403,51.85441044
6404,51.75502234
6405,52.10231165999999
6406,48.34798948000001
6407,47.66288792999999
6408,47.06738847999999
6409,46.14392327999999
6410,47.38895441
6411,48.09272811
6412,47.89257172
6413,48.14838448
6414,47.42692563000001
6415,47.92189968999999
6416,48.13143488999999
6417,178.56
6418,178.56
6419,178.56
6420,48.60413620999998
6421,48.07465138
6422,48.49419182999998
6423,49.87892658000001
6424,168.0543536700003
6425,51.78530413000001
6426,52.20040496999999
6427,51.73251964999999
6428,51.17400638
6429,52.03175313000001
6430,51.87425516000001
6431,52.64943432000002
6432,55.05259648000001
6433,54.15233334000001
6434,54.8045169
6435,55.32911076
6436,55.94695133999999
6437,55.49990816999998
6438,55.37730267999999
6439,54.00305189999999
6440,52.66232068999998
6441,178.56
6442,178.56
6443,178.56
6444,51.74971445000001
6445,52.11804941
6446,52.56099772000001
6447,107.5863759200002
6448,178.56
6449,54.34658166000001
6450,55.73665586999999
6451,56.64648051999999
6452,56.25590305999997
6453,55.31362235
6454,54.57141158000001
6455,55.01810747999998
6456,56.10403190000001
6457,55.07674459
6458,54.75523669
6459,54.38606634999999
6460,54.29383868999999
6461,53.95775231
6462,53.85986444999998
6463,54.09801802999997
6464,54.19331183000001
6465,54.17731402999999
6466,53.79400116999999
6467,107.8567788000003
6468,178.56
6469,178.56
6470,178.56
6471,178.56
6472,53.48621607
6473,51.0031641
6474,51.82266781999999
6475,52.38812396999999
6476,52.6420111
6477,52.66697765
6478,51.14978862
6479,52.23735601
6480,53.17954572000001
6481,52.74477348000001
6482,53.44895709999999
6483,53.50203025999998
6484,53.25695654999999
6485,53.02841362000001
6486,52.80355269000002
6487,52.27650609999998
6488,52.04052014
6489,51.98150523999999
6490,53.10644261999999
6491,110.6806721000002
6492,178.56
6493,178.56
6494,178.56
6495,178.56
6496,53.94600882999998
6497,53.81230413999999
6498,53.66822943999998
6499,53.59456003999999
6500,53.94153996000001
6501,53.89733531
6502,53.79653552
6503,53.51114097
6504,53.04869689
6505,52.78524958000001
6506,52.81994416999999
6507,52.76742317
6508,52.29728014000001
6509,51.07002151999999
6510,51.13419233999998
6511,50.64741703000001
6512,50.16785444999999
6513,50.61680861999999
6514,50.71423245
6515,51.07591972000001
6516,51.18332793000001
6517,178.56
6518,178.56
6519,178.56
6520,178.56
6521,88.45163912999992
6522,54.15240606999999
6523,53.48008589000001
6524,53.76292557999999
6525,53.37391485999999
6526,54.96026241999999
6527,54.95032158000001
6528,56.07728664999998
6529,55.58928165
6530,55.73521625
6531,56.44699661999999
6532,56.12186950999998
6533,55.88113531000001
6534,54.56469647999999
6535,54.17986937999999
6536,54.09364807000002
6537,54.36416747999998
6538,54.63111871
6539,134.7335892700009
6540,178.56
6541,178.56
6542,178.56
6543,178.56
6544,56.14867103999998
6545,55.91481483
6546,56.12927851999999
6547,55.85782047999999
6548,55.73335578999999
6549,55.21316247999999
6550,55.14762876
6551,56.06310038000001
6552,56.72169979
6553,56.63712312999999
6554,56.54923400000001
6555,56.16692213999998
6556,55.92875399999999
6557,55.85102852
6558,55.88950765999999
6559,55.50488482
6560,55.12311279999999
6561,54.85786558000002
6562,56.05038312999996
6563,178.56
6564,178.56
6565,178.56
6566,178.56
6567,144.6057585900003
6568,56.47861597
6569,56.11170327
6570,56.04917255
6571,54.58298285999999
6572,53.16712548
6573,53.99199427999999
6574,55.44638848
6575,55.52820776999999
6576,55.23878296999999
6577,55.40014479999999
6578,54.06944892999999
6579,53.24733939000001
6580,52.80165583
6581,52.86525006
6582,52.52920161999999
6583,52.42745221000001
6584,51.85325599999999
6585,51.93178879
6586,51.94933750999999
6587,80.92444508000024
6588,178.56
6589,178.56
6590,178.56
6591,178.56
6592,51.78510666
6593,51.96358503
6594,51.98280248
6595,51.76729830999999
6596,51.27490179
6597,51.52981673
6598,50.45609540999999
6599,49.16418240999999
6600,50.55171575999999
6601,51.12258921000002
6602,51.32845431
6603,51.26720669
6604,51.25649668999999
6605,51.22848731
6606,51.48426037999999
6607,51.287775
6608,51.315257
6609,51.328186
6610,51.35163831000001
6611,74.8592120299999
6612,178.56
6613,178.56
6614,178.56
6615,178.56
6616,51.62356037999999
6617,51.61128462000001
6618,51.74353799999999
6619,52.02899569
6620,51.59416969
6621,52.79610735000001
6622,52.9182997
6623,53.25277971999999
6624,53.72511662000002
6625,53.54985978999999
6626,53.48519904
6627,52.84231883
6628,52.32204802999998
6629,52.46151344000001
6630,52.28244245000001
6631,52.32499117999998
6632,52.70618535
6633,54.21927980000001
6634,53.44786013000001
6635,115.4012661700003
6636,178.56
6637,178.56
6638,178.56
6639,178.56
6640,53.35452122000001
6641,52.89115321000001
6642,53.20584528
6643,54.47584995999998
6644,53.84318561999999
6645,54.87705783000001
6646,56.05704972000001
6647,57.83181607
6648,57.97608137999999
6649,56.45933047999999
6650,56.11428641
6651,55.79919582999998
6652,56.18578020999999
6653,55.55160072
6654,56.10171965999999
6655,55.99812134
6656,56.2999549
6657,56.55124993
6658,57.61094261999999
6659,178.56
6660,178.56
6661,178.56
6662,178.56
6663,139.7628611900006
6664,55.5178099
6665,55.22065996999999
6666,54.31993203000002
6667,55.30647478999999
6668,54.78936141
6669,53.34850493
6670,52.88878259
6671,53.06027999999999
6672,52.66246558999999
6673,52.36842289
6674,51.81866185999999
6675,51.81611442000001
6676,51.92919437999998
6677,51.87515858
6678,51.76582390000001
6679,51.64153770999999
6680,51.28625396999999
6681,51.15013666000001
6682,53.4787883
6683,178.56
6684,178.56
6685,178.56
6686,178.56
6687,104.7727849800004
6688,53.98363613999999
6689,53.14196818000002
6690,53.53181147999999
6691,54.1288629
6692,55.52925517999999
6693,55.43310072999999
6694,56.15299150999999
6695,56.84506057999999
6696,57.97946945000001
6697,56.47385785999999
6698,55.29957587
6699,53.55595497000001
6700,53.7882821
6701,53.45224773
6702,53.48130689999999
6703,53.04989423999999
6704,52.92566034
6705,52.41139617
6706,51.5739889
6707,178.56
6708,178.56
6709,178.56
6710,178.56
6711,117.1926950800009
6712,55.76197655000001
6713,56.22271241999999
6714,56.82528179999999
6715,57.37710740999999
6716,56.71166676000001
6717,56.74412778999999
6718,55.02676410000001
6719,54.57707766
6720,53.77221465
6721,53.16149692
6722,53.61881882000001
6723,54.33175496
6724,53.49683786999999
6725,53.06873607000002
6726,50.75953631
6727,49.19471011
6728,49.00407672999999
6729,49.20095802999999
6730,51.36606327999998
6731,178.56
6732,178.56
6733,178.56
6734,178.56
6735,90.69511089000022
6736,53.43803941000001
6737,53.63992696999998
6738,53.88768041999999
6739,53.43242302999999
6740,50.87568226999999
6741,50.70573683000001
6742,50.26988372
6743,49.92689366
6744,50.13848279999999
6745,50.30128151999999
6746,50.66155752
6747,49.91436771999999
6748,50.60361312999999
6749,49.83594252
6750,50.15993716999998
6751,49.55401709999999
6752,49.68496196999999
6753,49.39178999999999
6754,49.41419
6755,49.43659
6756,49.45898999999999
6757,173.95381085
6758,178.56
6759,178.56
6760,178.56
6761,49.57098999999999
6762,49.59339
6763,49.61579
6764,49.63818999999999
6765,49.66058999999999
6766,49.68299
6767,49.70538999999999
6768,49.72778999999999
6769,49.22939
6770,49.25179
6771,49.27419
6772,49.29658999999999
6773,49.31898999999999
6774,49.32459
6775,49.34699
6776,49.36939
6777,49.39178999999999
6778,49.41419
6779,49.43659
6780,49.45898999999999
6781,171.2522
6782,178.56
6783,178.56
6784,178.56
6785,49.57098999999999
6786,49.59339
6787,49.61579
6788,49.63818999999999
6789,49.66058999999999
6790,49.68299
6791,49.70538999999999
6792,49.72778999999999
6793,49.22939
6794,49.25179
6795,49.27419
6796,49.29658999999999
6797,49.31898999999999
6798,49.32459
6799,49.34699
6800,49.36939
6801,49.39178999999999
6802,49.41419
6803,49.43659
6804,49.45898999999999
6805,171.2522
6806,178.56
6807,178.56
6808,178.56
6809,49.57098999999999
6810,49.59339
6811,49.61579
6812,49.63818999999999
6813,49.66058999999999
6814,49.68299
6815,49.70538999999999
6816,49.72778999999999
6817,49.22939
6818,49.25179
6819,49.27419
6820,49.29658999999999
6821,49.31898999999999
6822,49.32459
6823,49.34699
6824,49.36939
6825,178.56
6826,178.56
6827,178.56
6828,49.45898999999999
6829,49.48138999999999
6830,49.50379
6831,49.52619
6832,170.9834
6833,49.57098999999999
6834,49.59339
6835,49.61579
6836,49.63818999999999
6837,49.66058999999999
6838,49.68299
6839,49.70538999999999
6840,49.72778999999999
6841,49.22939
6842,49.25179
6843,49.27419
6844,49.29658999999999
6845,49.31898999999999
6846,49.32459
6847,49.34699
6848,49.36939
6849,178.56
6850,178.56
6851,178.56
6852,49.45898999999999
6853,49.48138999999999
6854,49.50379
6855,49.53584062
6856,171.3996106000004
6857,49.76520976
6858,49.784658
6859,49.76824999999999
6860,49.67987262
6861,49.65106768999999
6862,49.62536830999999
6863,49.60113199999999
6864,49.649327
6865,49.162631
6866,49.21806407
6867,49.442281
6868,49.19951869
6869,49.21999369
6870,49.23788799999999
6871,49.24825037999999
6872,49.27370462
6873,178.56
6874,178.56
6875,178.56
6876,55.33116407
6877,54.21129454999999
6878,55.17835617000001
6879,77.96658290000072
6880,178.56
6881,54.22176382000001
6882,53.13549261999999
6883,54.12408798999999
6884,54.04392455000001
6885,52.88242407000001
6886,51.59646547999998
6887,51.70685149
6888,52.3546702
6889,52.74993317999998
6890,53.49887921000001
6891,53.09811247999999
6892,53.07331133999998
6893,53.65360196
6894,53.58225362
6895,53.21028537999999
6896,53.05943523999999
6897,52.94449314
6898,53.10885467999999
6899,178.56
6900,178.56
6901,178.56
6902,178.56
6903,116.5866348199997
6904,55.90984196
6905,57.26190420999999
6906,56.85087141999998
6907,55.41707206
6908,54.80116761
6909,52.67503723999999
6910,52.71289778999999
6911,53.35413797
6912,53.57008979
6913,50.28806243999999
6914,49.31051594
6915,49.33060594000001
6916,50.16576662999999
6917,49.71097180000001
6918,49.39948601
6919,49.04289145
6920,49.21713552
6921,48.84100850999999
6922,50.3128052
6923,94.4373117800009
6924,178.56
6925,178.56
6926,178.56
6927,178.56
6928,53.79806606999999
6929,55.35035071999999
6930,55.30383844999999
6931,56.25904193000001
6932,55.03789249000001
6933,54.73121884999998
6934,53.48047635000001
6935,53.08936003000001
6936,52.89610878999999
6937,52.07405245
6938,53.72705526999999
6939,53.19064114000001
6940,53.15364872999999
6941,52.04725385999999
6942,51.01722912999999
6943,49.97269234999999
6944,49.23851575999999
6945,49.07976017
6946,49.54355041999999
6947,102.86263905
6948,178.56
6949,178.56
6950,178.56
6951,178.56
6952,54.50821151999999
6953,53.63620863999999
6954,53.47252189999999
6955,53.5334989
6956,53.40567218
6957,52.97115397
6958,52.31790396
6959,53.03209786000001
6960,52.73338293999998
6961,51.47568551999999
6962,50.88729540999998
6963,50.55867908
6964,49.99095031000002
6965,49.68918016999999
6966,49.45638788999999
6967,48.76019799
6968,46.23284652
6969,47.30835025
6970,46.62861244999999
6971,178.56
6972,178.56
6973,178.56
6974,172.3919156199992
6975,50.44177095999999
6976,51.23545469
6977,50.55022441000002
6978,49.1013341
6979,48.71445362000001
6980,49.74293639
6981,48.75329927999999
6982,48.94009392999999
6983,48.37911679999999
6984,48.57535641
6985,47.77275516999999
6986,47.68602062
6987,47.47739486
6988,47.76693347999999
6989,47.99623254999999
6990,47.68980335
6991,47.77639573
6992,47.93393031
6993,48.36699678999999
6994,48.4618792
6995,48.95362087000001
6996,178.56
6997,178.56
6998,178.56
6999,164.8566411499999
7000,49.5618599
7001,50.28516465000001
7002,50.51105073
7003,50.24967961999999
7004,49.95668783
7005,49.77626969
7006,49.76353172
7007,49.65164435000002
7008,47.64678793
7009,46.62799624
7010,46.79744047999999
7011,46.90916097
7012,46.62361255999998
7013,46.48675016999999
7014,46.48185276
7015,46.19114534999999
7016,46.76845852
7017,178.56
7018,178.56
7019,178.56
7020,46.90282135
7021,47.78864776
7022,48.67988986
7023,49.04622337999999
7024,140.80786935
7025,49.02205651000001
7026,49.03724427
7027,49.00856877
7028,48.78895707
7029,49.09707795999999
7030,48.49141507000001
7031,48.15525175999999
7032,47.76334023999998
7033,48.47371214000001
7034,48.54785586000001
7035,49.00276535
7036,47.04641921000002
7037,47.21627385999999
7038,44.91297818
7039,44.93834751000001
7040,44.63364493000001
7041,178.56
7042,178.56
7043,178.56
7044,46.17012421
7045,47.29515693000001
7046,47.82847047999999
7047,48.84863004000002
7048,138.3111032300005
7049,49.43300572000001
7050,49.67151252000001
7051,47.69370179
7052,48.9681927
7053,48.51362138
7054,48.85174049
7055,47.32045255000001
7056,47.40978452
7057,61.83621115000001
7058,62.3935039
7059,63.14214221000001
7060,61.8614192
7061,60.86269713999999
7062,61.67986530999998
7063,61.90220876
7064,61.86465102999999
7065,61.93386773
7066,98.95643147000048
7067,178.56
7068,178.56
7069,178.56
7070,178.56
7071,178.56
7072,60.61136935
7073,60.13349964999998
7074,59.90944840999999
7075,61.05417576999999
7076,61.15380579000001
7077,60.78453262000001
7078,59.40584055
7079,62.23738017
7080,64.21537479000001
7081,63.56760682999999
7082,62.79757372
7083,63.18708500999999
7084,62.18268832999999
7085,62.46942996
7086,62.10613765999999
7087,61.17022078999999
7088,62.56565952
7089,61.19818355
7090,94.88600844000035
7091,178.56
7092,178.56
7093,178.56
7094,178.56
7095,178.56
7096,58.50598376000001
7097,58.66813869000001
7098,58.55324748000001
7099,57.87800186
7100,57.32736863
7101,57.07161873
7102,56.40879552
7103,57.48096199999999
7104,57.86446652000001
7105,58.31423002999999
7106,59.08902306999998
7107,59.52932747999999
7108,59.57672707
7109,59.63033783
7110,60.20359639000001
7111,60.08128707
7112,59.64379175999999
7113,58.63475086
7114,70.37757022000085
7115,178.56
7116,178.56
7117,178.56
7118,178.56
7119,178.56
7120,60.23848369
7121,60.02107972
7122,59.12836152999999
7123,60.00012235000001
7124,59.94000417999998
7125,59.84844347999999
7126,60.05122899999999
7127,60.67276656000001
7128,60.55197210999999
7129,60.10460813
7130,59.35403179999998
7131,58.90046785000001
7132,59.07699657999998
7133,59.45685703999999
7134,58.85401703999999
7135,57.9783148
7136,56.91088157999999
7137,56.09026045
7138,59.83459173000088
7139,178.56
7140,178.56
7141,178.56
7142,178.56
7143,178.56
7144,57.54220009999998
7145,58.36070393999999
7146,59.63117083
7147,60.74011768999999
7148,60.45503057999998
7149,59.65930648999999
7150,60.29973404
7151,59.81952913999999
7152,59.83343288999998
7153,58.28073587000002
7154,58.48210906999999
7155,57.94094565
7156,57.74654011000001
7157,58.82997351000001
7158,58.38423997
7159,58.68691906
7160,59.54543707000001
7161,60.50456748
7162,91.99025143000026
7163,178.56
7164,178.56
7165,178.56
7166,178.56
7167,178.56
7168,61.08799850999999
7169,60.08876405000001
7170,59.51382283
7171,59.62859672
7172,59.93676997000001
7173,60.37879477000001
7174,60.01732393999998
7175,60.22701258000001
7176,61.30467230999997
7177,62.50936951000001
7178,62.29106813999999
7179,62.67572660999998
7180,61.28866757999999
7181,61.09482658999999
7182,60.28927044
7183,59.93896573
7184,60.14067262000001
7185,59.95992092999998
7186,115.6093261100001
7187,178.56
7188,178.56
7189,178.56
7190,178.56
7191,178.56
7192,62.91785289999998
7193,62.53700397
7194,62.98498233999998
7195,62.75669575000001
7196,63.03229779
7197,63.96684035000001
7198,63.87458720999999
7199,63.90437906999997
7200,61.32156086
7201,60.73336485999997
7202,61.40174341000001
7203,60.41149099999999
7204,61.10543340999999
7205,61.90460926999999
7206,62.44827420999999
7207,62.34200630000001
7208,63.6349329
7209,64.12379841
7210,63.85714083
7211,122.69049026
7212,178.56
7213,178.56
7214,178.56
7215,178.56
7216,178.56
7217,62.58045681999999
7218,61.28574627
7219,61.19282624
7220,60.45767532
7221,59.34979113
7222,60.29264989999999
7223,59.93366826999998
7224,60.13899548999998
7225,59.78372435000001
7226,61.06630627999998
7227,61.90298162999999
7228,61.90448803
7229,61.74776132
7230,61.42045147
7231,59.37961127000001
7232,59.22396249
7233,59.64668486
7234,111.0975014200001
7235,178.56
7236,178.56
7237,178.56
7238,178.56
7239,178.56
7240,61.87090959
7241,61.28151946000001
7242,59.13364778999999
7243,61.99747581999998
7244,62.16879437999999
7245,62.47355358999999
7246,63.50842539999996
7247,63.31212104000001
7248,62.81004820999999
7249,61.38902055999999
7250,62.96130245999998
7251,61.32781648
7252,61.15140297
7253,60.9377727
7254,60.38318524
7255,59.54926837999999
7256,59.25820131
7257,59.5660149
7258,67.22994789000082
7259,178.56
7260,178.56
7261,178.56
7262,178.56
7263,178.56
7264,57.6811599
7265,60.76631210999999
7266,60.10867288999999
7267,58.72040775999999
7268,58.52520611000001
7269,57.55984961999999
7270,58.1265629
7271,58.82589503
7272,59.44157988999997
7273,58.94760676
7274,58.81177133999998
7275,59.0869629
7276,58.48473848
7277,58.33293893
7278,57.85137448999999
7279,57.9745418
7280,57.51107130999999
7281,59.19343758999999
7282,73.56857252000059
7283,178.56
7284,178.56
7285,178.56
7286,178.56
7287,178.56
7288,57.14500890000001
7289,57.06607654999997
7290,57.51541621
7291,58.05022530999999
7292,56.33350337999998
7293,55.58479954999999
7294,56.71556344999998
7295,57.08746644999999
7296,58.59257767999999
7297,59.21720973000001
7298,59.58872667999999
7299,59.33900994000001
7300,58.63671100000001
7301,57.50988621
7302,57.36452812999999
7303,56.45938739
7304,55.55616913000001
7305,54.76616803
7306,55.14492473
7307,178.56
7308,178.56
7309,178.56
7310,178.56
7311,129.98037121
7312,53.24932200000001
7313,55.95707221999999
7314,55.583486
7315,55.28479628
7316,56.06582569000001
7317,56.23493652
7318,55.63846169000001
7319,54.7170218
7320,54.85810442
7321,54.11485568999999
7322,53.89049624
7323,53.78474262
7324,53.57860696999999
7325,53.64140579000001
7326,53.38011272999999
7327,51.99207769
7328,51.59749728000001
7329,51.61535435
7330,51.87694168999999
7331,178.56
7332,178.56
7333,178.56
7334,178.56
7335,94.50756647000014
7336,53.38484185999999
7337,52.22480382
7338,51.49945752
7339,50.92757131
7340,52.11675230999998
7341,51.94308482999998
7342,52.37902642
7343,52.46187149
7344,54.33375962
7345,54.06732156000002
7346,54.14549504
7347,53.59719644999999
7348,53.75034203000001
7349,53.79961474999998
7350,53.73482590000002
7351,53.13077909999999
7352,52.01185934
7353,51.72135723999999
7354,51.32323454999999
7355,178.56
7356,178.56
7357,178.56
7358,178.56
7359,111.4829401300004
7360,57.41979606999999
7361,56.55138334999998
7362,56.77185339000001
7363,55.50686427999998
7364,55.07696599999999
7365,55.94089857999998
7366,56.39914441000001
7367,57.70464678999998
7368,58.81385033999999
7369,58.37185206999999
7370,55.45721516999998
7371,53.89464745
7372,53.15746820999999
7373,52.23138207
7374,52.21292139000001
7375,51.91810623999999
7376,51.62123890000002
7377,50.59805610999999
7378,49.95260892999998
7379,178.56
7380,178.56
7381,178.56
7382,178.56
7383,109.6036012200002
7384,54.93836824000001
7385,56.24682202999998
7386,55.21529769
7387,55.68042221000001
7388,56.07714496999998
7389,53.32474693
7390,54.3185272
7391,56.73634659
7392,56.40837048000001
7393,57.25722540999998
7394,57.96636251
7395,58.51513528
7396,59.63858410999999
7397,56.18599938000001
7398,56.19194685999999
7399,54.18208544
7400,52.89009557999999
7401,52.64856583
7402,53.03527830999999
7403,178.56
7404,178.56
7405,178.56
7406,178.56
7407,120.3549032300006
7408,55.24626534000001
7409,55.97293345000001
7410,53.86533389999999
7411,53.64957297000001
7412,53.51330103000001
7413,52.23414504
7414,53.41903966
7415,55.29870535000001
7416,56.35554862000001
7417,55.56235299999998
7418,55.58067242000001
7419,54.52558538
7420,54.04381401999999
7421,53.29670185000001
7422,52.69976592999998
7423,52.50761796000001
7424,50.72280276
7425,51.80474795999999
7426,51.14623724
7427,178.56
7428,178.56
7429,178.56
7430,178.56
7431,117.3992981300005
7432,55.67335927999999
7433,55.87203748000001
7434,53.40497623999999
7435,55.14855709999998
7436,55.870374
7437,56.27772254999999
7438,58.39544697
7439,57.90592492999999
7440,55.5515667
7441,57.67859565999998
7442,60.59550314999998
7443,60.43800427
7444,60.96752627000001
7445,60.38303838
7446,61.18367751999998
7447,58.39488381999999
7448,57.04473376
7449,56.70625967999998
7450,56.22839130999999
7451,70.06240922000025
7452,178.56
7453,178.56
7454,178.56
7455,178.56
7456,178.56
7457,59.34034875999999
7458,60.7640978
7459,61.04621845
7460,61.50356618000001
7461,61.40517837999998
7462,61.59741447999997
7463,60.65041059
7464,63.45048261999999
7465,62.38486107000001
7466,63.0192563
7467,61.78216786
7468,60.92499678999999
7469,62.15573293999999
7470,60.60473916
7471,58.29650456
7472,58.10499758
7473,58.79722065000001
7474,97.41041929000002
7475,178.56
7476,178.56
7477,178.56
7478,178.56
7479,178.56
7480,58.54943724
7481,58.50931324
7482,59.16996554000001
7483,61.88192520999999
7484,61.53842057999998
7485,61.90195655
7486,61.38563920999997
7487,62.13668964999999
7488,62.15808927999998
7489,62.49722961999998
7490,63.52789331
7491,64.62195299
7492,63.29572466
7493,62.95504327
7494,61.79811154999999
7495,60.82328455
7496,60.57112830999999
7497,60.39717852
7498,102.4176613600008
7499,178.56
7500,178.56
7501,178.56
7502,178.56
7503,178.56
7504,59.64440355999999
7505,58.56190424
7506,58.25364089999999
7507,57.87307442
7508,59.66323950999999
7509,61.92718762999999
7510,61.57729179
7511,61.43447561999999
7512,61.56367469000001
7513,60.85984989
7514,61.88553448
7515,62.85634354999999
7516,61.63321717
7517,60.89606354999999
7518,60.24486699000001
7519,59.35032593000001
7520,58.26962455999999
7521,58.21143034000001
7522,91.11980494000011
7523,178.56
7524,178.56
7525,178.56
7526,178.56
7527,178.56
7528,63.03517562999998
7529,63.22587172999999
7530,61.95400365000001
7531,61.12519469
7532,61.42289531000001
7533,62.02400175999999
7534,62.04483620999999
7535,62.30819391999999
7536,62.90180609999999
7537,60.73138883000001
7538,61.47681855
7539,61.60280972999999
7540,59.71155372
7541,58.53763139
7542,58.55050831
7543,58.65686435
7544,58.99627348999999
7545,59.23388827999997
7546,58.29614937999999
7547,178.56
7548,178.56
7549,178.56
7550,178.56
7551,153.483705839
7552,56.23969455999998
7553,55.87078
7554,55.89317999999999
7555,55.91557999999999
7556,55.93798
7557,55.96037999999999
7558,55.98277999999999
7559,56.00517999999999
7560,56.02757999999999
7561,55.51237999999999
7562,55.53477999999999
7563,55.55717999999999
7564,55.57958
7565,55.60198
7566,55.62438
7567,55.64677999999999
7568,55.66918
7569,55.75808238
7570,55.61660034
7571,130.7503194900007
7572,178.56
7573,178.56
7574,178.56
7575,178.56
7576,53.06542023999999
7577,52.82625215000001
7578,54.85367958
7579,54.6841967
7580,55.498002
7581,58.43487769000001
7582,58.63429999
7583,60.45729451999998
7584,61.34381371999999
7585,60.56370865999998
7586,61.55256114
7587,61.80300965999999
7588,58.03785581999999
7589,56.86326569
7590,56.22631469000001
7591,53.51295606999998
7592,52.95534041
7593,53.92191475999999
7594,53.45816202999998
7595,151.73153723
7596,178.56
7597,178.56
7598,178.56
7599,178.56
7600,56.37932097
7601,57.00216619999999
7602,56.39932731999998
7603,56.41507899999998
7604,56.72530514
7605,59.49496293999998
7606,62.07684238000001
7607,62.68246585999999
7608,60.75063183
7609,60.20622362999998
7610,64.02610949
7611,65.36785310999997
7612,62.81627050999999
7613,61.32266909999998
7614,61.16712238000002
7615,60.85826782
7616,60.39531063999999
7617,60.05026768999997
7618,114.3790082900007
7619,178.56
7620,178.56
7621,178.56
7622,178.56
7623,178.56
7624,59.63069749
7625,57.38280372999999
7626,59.66253460999998
7627,65.91508273000001
7628,65.9950529
7629,64.75401086
7630,65.79684069
7631,65.57956573
7632,65.6646949
7633,67.61834597000002
7634,67.31426541
7635,67.36895430999999
7636,66.3770079
7637,65.04400224
7638,64.31041701
7639,63.66135111
7640,63.54771766
7641,63.68964672
7642,64.03914327999999
7643,137.9765765300005
7644,178.56
7645,178.56
7646,178.56
7647,178.56
7648,178.56
7649,60.18467931
7650,60.87246199999999
7651,61.95037863
7652,61.77055045
7653,61.49860485999998
7654,61.07296789999999
7655,60.39387158
7656,62.91084023000001
7657,62.29751731
7658,62.85250027000001
7659,62.20610452
7660,61.76976371999999
7661,60.54009275999999
7662,60.73107144999999
7663,59.69035751000001
7664,59.09326689
7665,58.20555292999999
7666,58.64400948000002
7667,99.31413936000018
7668,178.56
7669,178.56
7670,178.56
7671,178.56
7672,178.56
7673,62.92636664999999
7674,63.39924234
7675,63.70292467
7676,64.03447897
7677,63.70550186
7678,62.06513739999999
7679,63.38111255
7680,62.13362805999999
7681,62.36630386000001
7682,62.32510256
7683,63.76006734999999
7684,63.75279589
7685,63.21496972
7686,63.02887954999998
7687,62.51002058
7688,63.39525661000001
7689,62.42872033999999
7690,63.06311662
7691,142.0164337100003
7692,178.56
7693,178.56
7694,178.56
7695,178.56
7696,178.56
7697,63.71274168
7698,62.82092131
7699,63.78539096999999
7700,65.32024982000003
7701,65.96280802999999
7702,63.01059639
7703,63.86320955000001
7704,65.20369576
7705,64.65856838
7706,64.1521328
7707,65.66715127
7708,65.27513762
7709,65.54262904
7710,65.49934769000002
7711,65.59112391999999
7712,65.76865476999997
7713,64.64714269999999
7714,64.35966894
7715,149.676687280001
7716,178.56
7717,178.56
7718,178.56
7719,178.56
7720,178.56
7721,61.82878352000002
7722,64.15399718
7723,64.38789014000001
7724,65.06769086999998
7725,64.28808407000002
7726,64.88836886
7727,65.64894231
7728,66.40569194
7729,65.37115192999997
7730,66.92251503000001
7731,67.32180525
7732,67.12501047
7733,66.03527440999999
7734,64.93111289000002
7735,64.21066876
7736,62.29166705999999
7737,61.00681278999999
7738,61.11858431
7739,163.5127970200007
7740,178.56
7741,178.56
7742,178.56
7743,178.56
7744,178.56
7745,64.34999522000001
7746,64.43961524
7747,65.23060362
7748,64.67534947999997
7749,66.52157161999999
7750,67.38760923999999
7751,67.82927431
7752,68.18056594999999
7753,68.20177475999999
7754,67.35389479
7755,68.59189490999998
7756,65.96133634999998
7757,65.0085058
7758,64.90539503000002
7759,64.31246213
7760,63.29395121000003
7761,64.53641593
7762,171.2991897400005
7763,178.56
7764,178.56
7765,178.56
7766,178.56
7767,178.56
7768,64.72386186
7769,66.87099971999999
7770,64.81799359
7771,65.71121221
7772,63.04038250999998
7773,61.01368448
7774,61.86542586000001
7775,60.12778555
7776,55.76205817
7777,53.72438861999998
7778,53.14323657999999
7779,53.02121048
7780,52.14152978999999
7781,52.13296837
7782,51.05467752000001
7783,50.72185082999999
7784,49.84681603999999
7785,49.27590528
7786,49.37166031
7787,108.5061516200003
7788,178.56
7789,178.56
7790,178.56
7791,178.56
7792,56.29548378999998
7793,54.02484962
7794,53.37799095999998
7795,53.69016848999999
7796,52.65566620999999
7797,53.78044965999999
7798,53.96385673
7799,52.49445866
7800,52.71256634
7801,51.73758778999999
7802,54.60529192999998
7803,55.21140337999999
7804,55.08442317
7805,54.69738897000001
7806,54.56097472000001
7807,54.46900479999999
7808,54.30788797
7809,54.05575776999999
7810,54.05387658999999
7811,178.56
7812,178.56
7813,178.56
7814,178.56
7815,138.6326774099998
7816,59.34342651999999
7817,59.34621665
7818,58.84329744999999
7819,58.68182158999999
7820,59.16347451000001
7821,58.17938245000001
7822,56.94794056000001
7823,55.51614313000001
7824,53.82798903999998
7825,52.05054155000001
7826,51.91527088999999
7827,52.03659076
7828,51.10054634999999
7829,49.85280559
7830,49.51942604000001
7831,49.31775568999998
7832,49.24341821000002
7833,48.94991275999999
7834,48.90781266
7835,164.8131792800002
7836,178.56
7837,178.56
7838,178.56
7839,47.40299255999999
7840,47.52628761999999
7841,48.20862885999999
7842,48.76823259000001
7843,49.20199164999999
7844,49.65741466
7845,49.50712865
7846,49.78619582999999
7847,50.47277165
7848,50.89413524999999
7849,50.61772547999999
7850,50.66176220000002
7851,49.39905781999998
7852,49.06615406
7853,47.74934478999999
7854,47.09662054999999
7855,47.034218
7856,46.98552123999998
7857,47.46930524
7858,48.28447175999999
7859,178.56
7860,178.56
7861,178.56
7862,178.56
7863,74.77643505000054
7864,63.84818335
7865,64.11482692999999
7866,65.31645714999999
7867,53.25927620999999
7868,52.45225782999999
7869,52.98331898999999
7870,52.38979696999999
7871,52.89254823999999
7872,53.77152143999999
7873,52.53671968999999
7874,50.05492575999998
7875,51.76614120999999
7876,52.66113048
7877,51.49773096999999
7878,51.72406385999999
7879,51.22514886999999
7880,50.84827734
7881,49.4988711
7882,47.77244730999998
7883,178.56
7884,178.56
7885,178.56
7886,178.56
7887,103.4400090500002
7888,54.50939214000001
7889,55.38338596000001
7890,55.34988473
7891,59.66452114000001
7892,60.40995197999999
7893,58.84840940999999
7894,58.71578299999998
7895,57.99377317999997
7896,56.97192452
7897,55.57583254999999
7898,54.66111728
7899,56.24217626999999
7900,56.73258276000001
7901,55.55711945
7902,55.31234113999998
7903,54.92004454999999
7904,54.60259259000001
7905,53.79010692999999
7906,53.12643679000001
7907,123.4893431199998
7908,178.56
7909,178.56
7910,178.56
7911,178.56
7912,56.43608599999998
7913,55.16491134
7914,53.49177154999998
7915,55.18119628000001
7916,55.69431706999998
7917,55.00249076
7918,53.85133354999999
7919,53.83338589999999
7920,53.40869771999999
7921,51.70689034000001
7922,51.05900562
7923,50.94326740999999
7924,50.61477798999999
7925,51.13097969000001
7926,51.09923455
7927,50.91938110000001
7928,50.87486844999999
7929,50.53885921000001
7930,50.61259216999999
7931,178.56
7932,178.56
7933,178.56
7934,178.56
7935,85.56201786000024
7936,52.52063592999998
7937,53.84025499999999
7938,54.69037931000002
7939,54.59289073000001
7940,54.23655286000002
7941,53.63651111000001
7942,53.29870468999999
7943,54.66211162999999
7944,55.11938214999999
7945,54.592825
7946,53.80693100999999
7947,52.50451941000001
7948,51.83422776
7949,51.59082348
7950,51.50404945
7951,51.35630395
7952,51.03523355000001
7953,50.62746038000002
7954,76.57264497000072
7955,178.56
7956,178.56
7957,178.56
7958,178.56
7959,51.99511799999998
7960,50.82471099999999
7961,52.05775623999999
7962,52.16873214
7963,53.74155282999999
7964,53.51683372
7965,52.85906759
7966,53.47446958000001
7967,54.16687311
7968,54.31704172999999
7969,55.60696673
7970,52.29565102999999
7971,52.01559531
7972,53.19563858
7973,54.2395469
7974,53.19214648999999
7975,52.70005755
7976,52.80815841
7977,53.13075593000001
7978,119.5508419400006
7979,178.56
7980,178.56
7981,178.56
7982,178.56
7983,56.52921120000001
7984,57.67842899000001
7985,57.72700955
7986,58.17647702999999
7987,57.41573669999998
7988,57.55661372999999
7989,53.17297076000002
7990,52.58963731
7991,52.08499764999998
7992,54.48980341
7993,55.28292496999999
7994,55.43088607
7995,55.58806189999999
7996,53.65237716999999
7997,55.94527645000001
7998,56.04484116
7999,55.91557712999999
8000,55.99908986000001
8001,56.18973479000001
8002,143.6272111500002
8003,178.56
8004,178.56
8005,178.56
8006,178.56
8007,56.09118402999999
8008,54.66233996999998
8009,55.01463359
8010,57.73287995999998
8011,58.46439850999999
8012,58.46215955999999
8013,58.02435583
8014,53.51869411000001
8015,53.69298906999999
8016,55.30826252
8017,54.71818058
8018,54.20337748
8019,54.37410496
8020,55.30143472
8021,53.09276000000002
8022,51.7140533
8023,52.11329164999999
8024,51.80459214
8025,51.83243303
8026,51.77724342000001
8027,178.56
8028,178.56
8029,178.56
8030,178.56
8031,62.15591706999971
8032,49.69550578999998
8033,52.54783561999999
8034,54.52716514
8035,53.64078475
8036,52.61185307
8037,50.78409679
8038,50.94394164999999
8039,51.63998944999998
8040,52.79136288999998
8041,52.11560668999999
8042,52.77428401
8043,51.843526
8044,51.45413105
8045,50.49919475999999
8046,50.87962999000001
8047,51.96203824
8048,51.69840879
8049,51.52864296999999
8050,74.34335443999979
8051,178.56
8052,178.56
8053,178.56
8054,178.56
8055,52.66008979
8056,51.81467417
8057,52.13668124
8058,50.37925228
8059,51.22978685999998
8060,50.78446309999999
8061,49.52994682999999
8062,48.11349935
8063,48.99722106999999
8064,50.76754696999998
8065,50.91761527999999
8066,51.63342589999998
8067,52.30460185999998
8068,51.89259418
8069,51.39393475999999
8070,51.70658521
8071,50.54680378999999
8072,49.61910064999999
8073,48.86754879999999
8074,48.78371407
8075,178.56
8076,178.56
8077,178.56
8078,178.56
8079,81.07324705000025
8080,54.76487758
8081,54.87577662
8082,55.11482928
8083,55.20339734
8084,56.18804099999998
8085,57.37758109999999
8086,57.14377732
8087,56.22893297
8088,56.13206003999999
8089,54.41480134999999
8090,56.70433776
8091,54.61188131
8092,55.45941344999999
8093,55.81984303
8094,55.78963782
8095,57.44787789999999
8096,56.78500352
8097,57.01060603000001
8098,59.26890641
8099,178.56
8100,178.56
8101,178.56
8102,178.56
8103,163.2118236699999
8104,57.52799689
8105,57.23118177
8106,56.73680866
8107,57.82065310000002
8108,58.17515416999998
8109,58.63773852999999
8110,58.30796503000001
8111,55.60666993
8112,54.30587617
8113,53.50383906
8114,54.86532120999998
8115,54.70040632
8116,55.72798973
8117,55.90279807000001
8118,57.84538375
8119,56.86727200000001
8120,56.84031506999998
8121,56.95639830999999
8122,178.56
8123,178.56
8124,178.56
8125,178.56
8126,178.56
8127,68.04227499000055
8128,57.32487089
8129,56.72593297000001
8130,58.37744709999998
8131,59.25577931
8132,57.04517903000001
8133,56.04689251000001
8134,53.55013530999999
8135,52.91759886000001
8136,50.83220121
8137,49.60479027000001
8138,49.82798099999999
8139,50.03661789000002
8140,50.93581723999999
8141,50.38056358999998
8142,50.37923302999999
8143,49.74028066000001
8144,49.71429876000001
8145,49.64814924999997
8146,71.08420587000037
8147,178.56
8148,178.56
8149,178.56
8150,178.56
8151,49.69091911
8152,51.23504442
8153,49.57306865
8154,53.11334181999999
8155,56.12539554999999
8156,53.90930278999998
8157,51.76605252
8158,50.39205703
8159,50.00204531
8160,50.24250924
8161,49.39499186999998
8162,50.68096096
8163,51.32264690000001
8164,51.57648363
8165,50.85621876999999
8166,50.96225224999999
8167,50.67208327999999
8168,49.91121331
8169,49.16343361999999
8170,49.17513068999999
8171,172.1166120300001
8172,178.56
8173,178.56
8174,178.56
8175,51.13928917999999
8176,49.90530502999999
8177,48.08596849000001
8178,47.75940371999999
8179,48.66465995999998
8180,48.23614845000001
8181,49.05187896000001
8182,50.07953951
8183,50.51738076000001
8184,50.17800892999999
8185,47.94698089999999
8186,45.11750607
8187,45.15738507
8188,46.07827237999999
8189,49.39901911000001
8190,48.77855752
8191,50.11167721
8192,46.81147583
8193,45.57369368999999
8194,45.80196628000002
8195,134.3556445300004
8196,178.56
8197,178.56
8198,178.56
8199,46.15012493
8200,45.53029376
8201,45.60053560999999
8202,46.86702495999999
8203,47.15607623999999
8204,47.82794541000001
8205,49.98457988999999
8206,49.90095173
8207,51.000145
8208,52.27084338
8209,51.62912068999999
8210,50.85803548
8211,50.8116749
8212,50.04916258999999
8213,50.46516041
8214,50.74408486
8215,48.68232621
8216,48.52975617
8217,48.79157472
8218,48.43182371999999
8219,174.4334569600001
8220,178.56
8221,178.56
8222,178.56
8223,49.68039552000001
8224,53.97044226000001
8225,54.54975876
8226,51.89848783
8227,49.98610841000001
8228,53.81528572000001
8229,53.37822686
8230,52.07206872
8231,50.29002516999999
8232,52.18881303999999
8233,50.86946403
8234,54.86054657999999
8235,52.92958502999998
8236,52.53451763
8237,52.36025879
8238,51.59696276000002
8239,51.76422601
8240,51.49548872999998
8241,50.44173637999999
8242,49.83802425
8243,178.56
8244,178.56
8245,178.56
8246,178.56
8247,76.3004728900004
8248,51.71762918
8249,54.33988244999999
8250,53.30594535000001
8251,55.55495427999999
8252,55.35130741
8253,53.67046762
8254,54.10271306999999
8255,54.11176652
8256,55.04435803999998
8257,55.46782667999999
8258,56.48167909999999
8259,56.56491035999998
8260,57.90608879999998
8261,57.13259062000001
8262,55.88719752
8263,52.85803642
8264,50.49654182999999
8265,49.26271301000001
8266,93.51277797000044
8267,178.56
8268,178.56
8269,178.56
8270,178.56
8271,51.53088458
8272,54.00432295999999
8273,54.34871161999999
8274,53.19552763
8275,53.50097864999999
8276,53.50138213
8277,51.36467721
8278,53.0278189
8279,54.00157952000001
8280,54.81222859
8281,55.64610793000001
8282,56.85546363
8283,57.0067099
8284,57.55822786
8285,57.65739763
8286,56.49927100999999
8287,56.19657637999997
8288,53.02442564999998
8289,52.04531297
8290,50.89492604
8291,178.56
8292,178.56
8293,178.56
8294,178.56
8295,119.1855360700005
8296,55.35323493000001
8297,55.97928966000001
8298,56.99388617999999
8299,56.44101799
8300,56.40441127999998
8301,55.89905250999998
8302,55.76832576
8303,55.11084138
8304,55.65106623999999
8305,56.48009562999997
8306,57.60626368000001
8307,57.75340396000001
8308,56.07387324000001
8309,55.23587488999998
8310,55.19332455000001
8311,54.57808720000001
8312,52.42454434000001
8313,51.85756072
8314,51.53972362
8315,178.56
8316,178.56
8317,178.56
8318,178.56
8319,156.9047058700007
8320,66.16639658999998
8321,62.44983045
8322,61.02989136999999
8323,59.39358298999998
8324,60.64305541
8325,61.01213600999998
8326,61.08455941
8327,59.82565406999998
8328,58.99869289999999
8329,57.76050223999999
8330,57.26987672
8331,55.60492455
8332,53.86446156000002
8333,53.20618107000001
8334,51.76420633999999
8335,52.03326289
8336,51.84024286000002
8337,51.6784079
8338,51.51272273
8339,178.56
8340,178.56
8341,178.56
8342,178.56
8343,101.4991607400008
8344,53.85486666
8345,54.54326541999999
8346,53.59564469
8347,53.08294628000001
8348,53.29517654999999
8349,52.95962902999999
8350,53.46535823999999
8351,52.89118737
8352,52.06846176000001
8353,53.06201403999999
8354,52.89337676000001
8355,51.18882012999999
8356,49.55240997000001
8357,50.67513941000001
8358,49.85989456000001
8359,49.85329055
8360,49.36389765999999
8361,48.39117485999999
8362,47.99215421
8363,178.56
8364,178.56
8365,178.56
8366,178.56
8367,74.24598214000004
8368,53.73033133999999
8369,55.78458214000001
8370,57.66378568999998
8371,57.84927162
8372,57.32245644999997
8373,56.07576806999998
8374,55.06783163
8375,55.58706048
8376,55.74667538999999
8377,56.22979355
8378,54.78824434999997
8379,54.17036303
8380,53.54858145
8381,52.99828121
8382,52.86933652
8383,52.47090533999999
8384,51.68863084
8385,54.37869541999999
8386,55.73807078
8387,178.56
8388,178.56
8389,178.56
8390,178.56
8391,141.6011750099999
8392,55.48303116999999
8393,56.74110211000001
8394,56.54505304000001
8395,56.22102947999999
8396,56.75973995999998
8397,54.19414476
8398,53.97248010000001
8399,54.28604369999999
8400,54.75422218
8401,53.69972768999998
8402,53.85064061999999
8403,55.28332151999999
8404,56.11635134000001
8405,55.93929635000001
8406,55.51408127999999
8407,55.61473826999999
8408,54.97142188999999
8409,54.67399007000001
8410,53.50938348
8411,178.56
8412,178.56
8413,178.56
8414,178.56
8415,114.0015921800007
8416,55.38752603999999
8417,54.8153571
8418,56.93911279
8419,57.5274371
8420,56.94120320000001
8421,56.51112663
8422,56.54025104
8423,56.98846083
8424,56.61682628
8425,56.38902955
8426,56.94339706999999
8427,57.89072106999999
8428,58.12487114
8429,57.35170721000001
8430,56.75842633999999
8431,56.71298968999999
8432,54.10566020999999
8433,52.50418124000002
8434,59.89933117
8435,159.6713955840002
8436,178.56
8437,178.56
8438,178.56
8439,178.56
8440,54.51434568999999
8441,54.04553686000001
8442,55.39965213999999
8443,54.69630098100001
8444,56.54935069
8445,56.69928810000003
8446,56.98736449
8447,57.93096665999999
8448,57.579146695
8449,57.04817467999998
8450,56.27796276549999
8451,55.88389569
8452,55.47532620000001
8453,52.63989749549999
8454,51.96443196000001
8455,51.1545909
8456,46.84540686699999
8457,28.06830825399999
8458,26.50360999999999
8459,26.52600999999999
8460,178.56
8461,178.56
8462,164.5567108090003
8463,39.97552068300001
8464,46.15009211400001
8465,45.29926067799999
8466,45.12695369
8467,45.11906699999999
8468,45.141621
8469,45.13304124
8470,45.09368731
8471,45.23851738
8472,45.53034031
8473,45.17523745
8474,45.130904
8475,45.1795351
8476,45.19700731
8477,45.231676
8478,45.24212693
8479,45.314962
8480,45.38156000000001
8481,45.15691831000001
8482,50.95637134
8483,178.56
8484,178.56
8485,178.56
8486,178.56
8487,93.24272023000047
8488,54.86895596
8489,56.00988365
8490,56.02520027999999
8491,60.62363286
8492,62.29806771999998
8493,63.89347489
8494,58.61473296000001
8495,58.65009493000001
8496,58.45822948000001
8497,58.08177172000001
8498,58.21133024
8499,58.41639993
8500,58.00251751
8501,58.30573664999999
8502,57.19293712999999
8503,55.37496131999999
8504,55.53034024999999
8505,54.95342306999999
8506,139.3346942300001
8507,178.56
8508,178.56
8509,178.56
8510,178.56
8511,54.68159711
8512,55.39152955000001
8513,54.85370289000001
8514,55.49631276000001
8515,56.38362736999999
8516,57.18023709999999
8517,56.89789742
8518,57.43037006
8519,56.57758854999999
8520,57.38441324
8521,56.87702993
8522,56.24528944999998
8523,56.05611914000001
8524,56.18108313999997
8525,55.25961727999999
8526,54.42868829999998
8527,54.35530029999999
8528,53.73819024
8529,52.35128465
8530,53.27124823999998
8531,178.56
8532,178.56
8533,178.56
8534,178.56
8535,131.1135436700002
8536,56.37402414
8537,55.19540355
8538,55.67200064999999
8539,56.42128107
8540,55.60707579
8541,56.25959275999999
8542,56.04036675999999
8543,56.24056011000001
8544,56.11583803000001
8545,55.68876614000002
8546,55.00430565
8547,53.93294641000001
8548,54.57560731000002
8549,54.85878006000002
8550,53.78607234
8551,54.81583821
8552,54.21772097000001
8553,54.80992048
8554,53.37486427000001
8555,178.56
8556,178.56
8557,178.56
8558,178.56
8559,80.66773886999938
8560,50.88310255
8561,51.17433517
8562,51.58335252
8563,51.67520624000002
8564,51.48885903000001
8565,51.45166061
8566,51.64433442
8567,52.37975448999999
8568,53.52324865999999
8569,52.98824810999999
8570,53.29364831
8571,53.20768355
8572,53.77059876999999
8573,53.54924154999998
8574,53.28670214
8575,53.27691656
8576,53.28679062
8577,52.7656738
8578,57.06114493999982
8579,178.56
8580,178.56
8581,178.56
8582,178.56
8583,48.42983789
8584,48.31874600000001
8585,47.83464021
8586,48.26675749
8587,48.23194620999999
8588,48.00224807000001
8589,47.97957717000001
8590,48.04170909999999
8591,48.39895683
8592,49.74149557999999
8593,48.88168334
8594,48.11062431
8595,48.07504309999999
8596,47.79881113
8597,47.68633366
8598,47.49902310999999
8599,47.69739288999999
8600,47.96219007999999
8601,47.73010375
8602,47.63133234999999
8603,47.135753
8604,178.56
8605,178.56
8606,178.56
8607,152.8224885099999
8608,48.56322107
8609,48.68497732
8610,48.91856172
8611,48.71101473
8612,48.56953269000001
8613,48.92737030999999
8614,49.29213772
8615,49.210896
8616,50.65843740999998
8617,50.06786834
8618,49.02733485999997
8619,48.41148186000001
8620,48.32166738
8621,48.21262900999999
8622,47.92529483000001
8623,47.48292255
8624,47.65295696
8625,48.32285024
8626,47.57563524000001
8627,178.56
8628,178.56
8629,168.8749806300002
8630,178.56
8631,49.61910338
8632,50.16271637999999
8633,52.67986464999998
8634,51.65691223
8635,51.86950321
8636,50.89447062
8637,51.16884065999999
8638,51.1538188
8639,50.44102210000001
8640,50.79973226999999
8641,50.47773961999999
8642,50.47542289999999
8643,49.88449213999998
8644,49.52846289999999
8645,49.42581455
8646,48.41647706
8647,48.00516308
8648,48.40563224
8649,47.93215217
8650,52.19704602000022
8651,178.56
8652,178.56
8653,178.56
8654,178.56
8655,50.84047703
8656,50.93941496000001
8657,50.75951061999999
8658,50.21259873
8659,49.88095238
8660,50.23917486
8661,49.63351085
8662,49.32861002999999
8663,49.58370416999999
8664,50.21199169
8665,49.63761852
8666,49.89461183
8667,49.74976720000002
8668,49.2690751
8669,49.12980086
8670,49.47368775999999
8671,49.13488048
8672,49.21859858999998
8673,48.81847389999998
8674,48.55499859
8675,178.56
8676,178.56
8677,158.11449028
8678,178.56
8679,48.31924139
8680,48.01169575999999
8681,48.02988624
8682,48.18603537999999
8683,48.08651869000001
8684,48.24500289
8685,48.26332245
8686,48.27622547999999
8687,47.92753678999999
8688,48.54424862
8689,47.03871452
8690,47.00395461999999
8691,47.05207254999999
8692,47.02729724
8693,47.05621605999999
8694,47.30308310000001
8695,47.32686916999999
8696,47.35902318
8697,47.23381348
8698,47.09831300999998
8699,151.46492551
8700,178.56
8701,178.56
8702,178.56
8703,48.03405858999999
8704,49.02024127
8705,48.84847344999999
8706,48.99676817
8707,49.33335414
8708,49.62561358999999
8709,49.89536335
8710,49.76078499
8711,51.30049630999999
8712,51.3322649
8713,51.27235365000001
8714,50.64328353000001
8715,51.64822844999998
8716,50.82609252
8717,49.75357799999999
8718,49.353157
8719,49.36280076000001
8720,48.82979927
8721,48.94726963
8722,49.23845066000001
8723,166.3730146600006
8724,178.56
8725,178.56
8726,178.56
8727,48.59135932000001
8728,48.27038972
8729,50.05383138
8730,49.36703555
8731,49.01318835000001
8732,47.47169266
8733,47.62419661999999
8734,47.68050210000001
8735,47.75716147999999
8736,48.27875269
8737,46.69467817
8738,46.60527501000001
8739,47.23761692999999
8740,47.54342796000001
8741,47.60086352
8742,47.28516828
8743,47.16311564999999
8744,46.72313128
8745,46.72420221000001
8746,46.6110043
8747,150.3105543400002
8748,178.56
8749,178.56
8750,178.56
8751,51.74735734
8752,52.49214572000001
8753,52.97256734
8754,53.15800252
8755,51.85441044
8756,51.75502234
8757,52.10231165999999
8758,48.34798948000001
8759,47.66288792999999
8760,47.06738847999999
