param : PeriodOfYear TimeOfYear := 
1      1   1
2      1   2
3      1   3
4      1   4
5      1   5
6      1   6
7      1   7
8      1   8
9      1   9
10     1  10
11     1  11
12     1  12
13     1  13
14     1  14
15     1  15
16     1  16
17     1  17
18     1  18
19     1  19
20     1  20
21     1  21
22     1  22
23     1  23
24     1  24
25     1   1
26     1   2
27     1   3
28     1   4
29     1   5
30     1   6
31     1   7
32     1   8
33     1   9
34     1  10
35     1  11
36     1  12
37     1  13
38     1  14
39     1  15
40     1  16
41     1  17
42     1  18
43     1  19
44     1  20
45     1  21
46     1  22
47     1  23
48     1  24
49     2   1
50     2   2
51     2   3
52     2   4
53     2   5
54     2   6
55     2   7
56     2   8
57     2   9
58     2  10
59     2  11
60     2  12
61     2  13
62     2  14
63     2  15
64     2  16
65     2  17
66     2  18
67     2  19
68     2  20
69     2  21
70     2  22
71     2  23
72     2  24
73     2   1
74     2   2
75     2   3
76     2   4
77     2   5
78     2   6
79     2   7
80     2   8
81     2   9
82     2  10
83     2  11
84     2  12
85     2  13
86     2  14
87     2  15
88     2  16
89     2  17
90     2  18
91     2  19
92     2  20
93     2  21
94     2  22
95     2  23
96     2  24
97     2   1
98     2   2
99     2   3
100    2   4
101    2   5
102    2   6
103    2   7
104    2   8
105    2   9
106    2  10
107    2  11
108    2  12
109    2  13
110    2  14
111    2  15
112    2  16
113    2  17
114    2  18
115    2  19
116    2  20
117    2  21
118    2  22
119    2  23
120    2  24
121    2   1
122    2   2
123    2   3
124    2   4
125    2   5
126    2   6
127    2   7
128    2   8
129    2   9
130    2  10
131    2  11
132    2  12
133    2  13
134    2  14
135    2  15
136    2  16
137    2  17
138    2  18
139    2  19
140    2  20
141    2  21
142    2  22
143    2  23
144    2  24
145    2   1
146    2   2
147    2   3
148    2   4
149    2   5
150    2   6
151    2   7
152    2   8
153    2   9
154    2  10
155    2  11
156    2  12
157    2  13
158    2  14
159    2  15
160    2  16
161    2  17
162    2  18
163    2  19
164    2  20
165    2  21
166    2  22
167    2  23
168    2  24
169    3   1
170    3   2
171    3   3
172    3   4
173    3   5
174    3   6
175    3   7
176    3   8
177    3   9
178    3  10
179    3  11
180    3  12
181    3  13
182    3  14
183    3  15
184    3  16
185    3  17
186    3  18
187    3  19
188    3  20
189    3  21
190    3  22
191    3  23
192    3  24
193    3   1
194    3   2
195    3   3
196    3   4
197    3   5
198    3   6
199    3   7
200    3   8
201    3   9
202    3  10
203    3  11
204    3  12
205    3  13
206    3  14
207    3  15
208    3  16
209    3  17
210    3  18
211    3  19
212    3  20
213    3  21
214    3  22
215    3  23
216    3  24
217    2   1
218    2   2
219    2   3
220    2   4
221    2   5
222    2   6
223    2   7
224    2   8
225    2   9
226    2  10
227    2  11
228    2  12
229    2  13
230    2  14
231    2  15
232    2  16
233    2  17
234    2  18
235    2  19
236    2  20
237    2  21
238    2  22
239    2  23
240    2  24
241    2   1
242    2   2
243    2   3
244    2   4
245    2   5
246    2   6
247    2   7
248    2   8
249    2   9
250    2  10
251    2  11
252    2  12
253    2  13
254    2  14
255    2  15
256    2  16
257    2  17
258    2  18
259    2  19
260    2  20
261    2  21
262    2  22
263    2  23
264    2  24
265    2   1
266    2   2
267    2   3
268    2   4
269    2   5
270    2   6
271    2   7
272    2   8
273    2   9
274    2  10
275    2  11
276    2  12
277    2  13
278    2  14
279    2  15
280    2  16
281    2  17
282    2  18
283    2  19
284    2  20
285    2  21
286    2  22
287    2  23
288    2  24
289    2   1
290    2   2
291    2   3
292    2   4
293    2   5
294    2   6
295    2   7
296    2   8
297    2   9
298    2  10
299    2  11
300    2  12
301    2  13
302    2  14
303    2  15
304    2  16
305    2  17
306    2  18
307    2  19
308    2  20
309    2  21
310    2  22
311    2  23
312    2  24
313    2   1
314    2   2
315    2   3
316    2   4
317    2   5
318    2   6
319    2   7
320    2   8
321    2   9
322    2  10
323    2  11
324    2  12
325    2  13
326    2  14
327    2  15
328    2  16
329    2  17
330    2  18
331    2  19
332    2  20
333    2  21
334    2  22
335    2  23
336    2  24
337    1   1
338    1   2
339    1   3
340    1   4
341    1   5
342    1   6
343    1   7
344    1   8
345    1   9
346    1  10
347    1  11
348    1  12
349    1  13
350    1  14
351    1  15
352    1  16
353    1  17
354    1  18
355    1  19
356    1  20
357    1  21
358    1  22
359    1  23
360    1  24
361    1   1
362    1   2
363    1   3
364    1   4
365    1   5
366    1   6
367    1   7
368    1   8
369    1   9
370    1  10
371    1  11
372    1  12
373    1  13
374    1  14
375    1  15
376    1  16
377    1  17
378    1  18
379    1  19
380    1  20
381    1  21
382    1  22
383    1  23
384    1  24
385    4   1
386    4   2
387    4   3
388    4   4
389    4   5
390    4   6
391    4   7
392    4   8
393    4   9
394    4  10
395    4  11
396    4  12
397    4  13
398    4  14
399    4  15
400    4  16
401    4  17
402    4  18
403    4  19
404    4  20
405    4  21
406    4  22
407    4  23
408    4  24
409    5   1
410    5   2
411    5   3
412    5   4
413    5   5
414    5   6
415    5   7
416    5   8
417    5   9
418    5  10
419    5  11
420    5  12
421    5  13
422    5  14
423    5  15
424    5  16
425    5  17
426    5  18
427    5  19
428    5  20
429    5  21
430    5  22
431    5  23
432    5  24
433    5   1
434    5   2
435    5   3
436    5   4
437    5   5
438    5   6
439    5   7
440    5   8
441    5   9
442    5  10
443    5  11
444    5  12
445    5  13
446    5  14
447    5  15
448    5  16
449    5  17
450    5  18
451    5  19
452    5  20
453    5  21
454    5  22
455    5  23
456    5  24
457    5   1
458    5   2
459    5   3
460    5   4
461    5   5
462    5   6
463    5   7
464    5   8
465    5   9
466    5  10
467    5  11
468    5  12
469    5  13
470    5  14
471    5  15
472    5  16
473    5  17
474    5  18
475    5  19
476    5  20
477    5  21
478    5  22
479    5  23
480    5  24
481    5   1
482    5   2
483    5   3
484    5   4
485    5   5
486    5   6
487    5   7
488    5   8
489    5   9
490    5  10
491    5  11
492    5  12
493    5  13
494    5  14
495    5  15
496    5  16
497    5  17
498    5  18
499    5  19
500    5  20
501    5  21
502    5  22
503    5  23
504    5  24
505    1   1
506    1   2
507    1   3
508    1   4
509    1   5
510    1   6
511    1   7
512    1   8
513    1   9
514    1  10
515    1  11
516    1  12
517    1  13
518    1  14
519    1  15
520    1  16
521    1  17
522    1  18
523    1  19
524    1  20
525    1  21
526    1  22
527    1  23
528    1  24
529    1   1
530    1   2
531    1   3
532    1   4
533    1   5
534    1   6
535    1   7
536    1   8
537    1   9
538    1  10
539    1  11
540    1  12
541    1  13
542    1  14
543    1  15
544    1  16
545    1  17
546    1  18
547    1  19
548    1  20
549    1  21
550    1  22
551    1  23
552    1  24
553    5   1
554    5   2
555    5   3
556    5   4
557    5   5
558    5   6
559    5   7
560    5   8
561    5   9
562    5  10
563    5  11
564    5  12
565    5  13
566    5  14
567    5  15
568    5  16
569    5  17
570    5  18
571    5  19
572    5  20
573    5  21
574    5  22
575    5  23
576    5  24
577    5   1
578    5   2
579    5   3
580    5   4
581    5   5
582    5   6
583    5   7
584    5   8
585    5   9
586    5  10
587    5  11
588    5  12
589    5  13
590    5  14
591    5  15
592    5  16
593    5  17
594    5  18
595    5  19
596    5  20
597    5  21
598    5  22
599    5  23
600    5  24
601    2   1
602    2   2
603    2   3
604    2   4
605    2   5
606    2   6
607    2   7
608    2   8
609    2   9
610    2  10
611    2  11
612    2  12
613    2  13
614    2  14
615    2  15
616    2  16
617    2  17
618    2  18
619    2  19
620    2  20
621    2  21
622    2  22
623    2  23
624    2  24
625    2   1
626    2   2
627    2   3
628    2   4
629    2   5
630    2   6
631    2   7
632    2   8
633    2   9
634    2  10
635    2  11
636    2  12
637    2  13
638    2  14
639    2  15
640    2  16
641    2  17
642    2  18
643    2  19
644    2  20
645    2  21
646    2  22
647    2  23
648    2  24
649    2   1
650    2   2
651    2   3
652    2   4
653    2   5
654    2   6
655    2   7
656    2   8
657    2   9
658    2  10
659    2  11
660    2  12
661    2  13
662    2  14
663    2  15
664    2  16
665    2  17
666    2  18
667    2  19
668    2  20
669    2  21
670    2  22
671    2  23
672    2  24
673    1   1
674    1   2
675    1   3
676    1   4
677    1   5
678    1   6
679    1   7
680    1   8
681    1   9
682    1  10
683    1  11
684    1  12
685    1  13
686    1  14
687    1  15
688    1  16
689    1  17
690    1  18
691    1  19
692    1  20
693    1  21
694    1  22
695    1  23
696    1  24
697    1   1
698    1   2
699    1   3
700    1   4
701    1   5
702    1   6
703    1   7
704    1   8
705    1   9
706    1  10
707    1  11
708    1  12
709    1  13
710    1  14
711    1  15
712    1  16
713    1  17
714    1  18
715    1  19
716    1  20
717    1  21
718    1  22
719    1  23
720    1  24
721    2   1
722    2   2
723    2   3
724    2   4
725    2   5
726    2   6
727    2   7
728    2   8
729    2   9
730    2  10
731    2  11
732    2  12
733    2  13
734    2  14
735    2  15
736    2  16
737    2  17
738    2  18
739    2  19
740    2  20
741    2  21
742    2  22
743    2  23
744    2  24
745    5   1
746    5   2
747    5   3
748    5   4
749    5   5
750    5   6
751    5   7
752    5   8
753    5   9
754    5  10
755    5  11
756    5  12
757    5  13
758    5  14
759    5  15
760    5  16
761    5  17
762    5  18
763    5  19
764    5  20
765    5  21
766    5  22
767    5  23
768    5  24
769    5   1
770    5   2
771    5   3
772    5   4
773    5   5
774    5   6
775    5   7
776    5   8
777    5   9
778    5  10
779    5  11
780    5  12
781    5  13
782    5  14
783    5  15
784    5  16
785    5  17
786    5  18
787    5  19
788    5  20
789    5  21
790    5  22
791    5  23
792    5  24
793    5   1
794    5   2
795    5   3
796    5   4
797    5   5
798    5   6
799    5   7
800    5   8
801    5   9
802    5  10
803    5  11
804    5  12
805    5  13
806    5  14
807    5  15
808    5  16
809    5  17
810    5  18
811    5  19
812    5  20
813    5  21
814    5  22
815    5  23
816    5  24
817    5   1
818    5   2
819    5   3
820    5   4
821    5   5
822    5   6
823    5   7
824    5   8
825    5   9
826    5  10
827    5  11
828    5  12
829    5  13
830    5  14
831    5  15
832    5  16
833    5  17
834    5  18
835    5  19
836    5  20
837    5  21
838    5  22
839    5  23
840    5  24
841    6   1
842    6   2
843    6   3
844    6   4
845    6   5
846    6   6
847    6   7
848    6   8
849    6   9
850    6  10
851    6  11
852    6  12
853    6  13
854    6  14
855    6  15
856    6  16
857    6  17
858    6  18
859    6  19
860    6  20
861    6  21
862    6  22
863    6  23
864    6  24
865    6   1
866    6   2
867    6   3
868    6   4
869    6   5
870    6   6
871    6   7
872    6   8
873    6   9
874    6  10
875    6  11
876    6  12
877    6  13
878    6  14
879    6  15
880    6  16
881    6  17
882    6  18
883    6  19
884    6  20
885    6  21
886    6  22
887    6  23
888    6  24
889    4   1
890    4   2
891    4   3
892    4   4
893    4   5
894    4   6
895    4   7
896    4   8
897    4   9
898    4  10
899    4  11
900    4  12
901    4  13
902    4  14
903    4  15
904    4  16
905    4  17
906    4  18
907    4  19
908    4  20
909    4  21
910    4  22
911    4  23
912    4  24
913    4   1
914    4   2
915    4   3
916    4   4
917    4   5
918    4   6
919    4   7
920    4   8
921    4   9
922    4  10
923    4  11
924    4  12
925    4  13
926    4  14
927    4  15
928    4  16
929    4  17
930    4  18
931    4  19
932    4  20
933    4  21
934    4  22
935    4  23
936    4  24
937    4   1
938    4   2
939    4   3
940    4   4
941    4   5
942    4   6
943    4   7
944    4   8
945    4   9
946    4  10
947    4  11
948    4  12
949    4  13
950    4  14
951    4  15
952    4  16
953    4  17
954    4  18
955    4  19
956    4  20
957    4  21
958    4  22
959    4  23
960    4  24
961    4   1
962    4   2
963    4   3
964    4   4
965    4   5
966    4   6
967    4   7
968    4   8
969    4   9
970    4  10
971    4  11
972    4  12
973    4  13
974    4  14
975    4  15
976    4  16
977    4  17
978    4  18
979    4  19
980    4  20
981    4  21
982    4  22
983    4  23
984    4  24
985    5   1
986    5   2
987    5   3
988    5   4
989    5   5
990    5   6
991    5   7
992    5   8
993    5   9
994    5  10
995    5  11
996    5  12
997    5  13
998    5  14
999    5  15
1000   5  16
1001   5  17
1002   5  18
1003   5  19
1004   5  20
1005   5  21
1006   5  22
1007   5  23
1008   5  24
1009   1   1
1010   1   2
1011   1   3
1012   1   4
1013   1   5
1014   1   6
1015   1   7
1016   1   8
1017   1   9
1018   1  10
1019   1  11
1020   1  12
1021   1  13
1022   1  14
1023   1  15
1024   1  16
1025   1  17
1026   1  18
1027   1  19
1028   1  20
1029   1  21
1030   1  22
1031   1  23
1032   1  24
1033   6   1
1034   6   2
1035   6   3
1036   6   4
1037   6   5
1038   6   6
1039   6   7
1040   6   8
1041   6   9
1042   6  10
1043   6  11
1044   6  12
1045   6  13
1046   6  14
1047   6  15
1048   6  16
1049   6  17
1050   6  18
1051   6  19
1052   6  20
1053   6  21
1054   6  22
1055   6  23
1056   6  24
1057   4   1
1058   4   2
1059   4   3
1060   4   4
1061   4   5
1062   4   6
1063   4   7
1064   4   8
1065   4   9
1066   4  10
1067   4  11
1068   4  12
1069   4  13
1070   4  14
1071   4  15
1072   4  16
1073   4  17
1074   4  18
1075   4  19
1076   4  20
1077   4  21
1078   4  22
1079   4  23
1080   4  24
1081   5   1
1082   5   2
1083   5   3
1084   5   4
1085   5   5
1086   5   6
1087   5   7
1088   5   8
1089   5   9
1090   5  10
1091   5  11
1092   5  12
1093   5  13
1094   5  14
1095   5  15
1096   5  16
1097   5  17
1098   5  18
1099   5  19
1100   5  20
1101   5  21
1102   5  22
1103   5  23
1104   5  24
1105   5   1
1106   5   2
1107   5   3
1108   5   4
1109   5   5
1110   5   6
1111   5   7
1112   5   8
1113   5   9
1114   5  10
1115   5  11
1116   5  12
1117   5  13
1118   5  14
1119   5  15
1120   5  16
1121   5  17
1122   5  18
1123   5  19
1124   5  20
1125   5  21
1126   5  22
1127   5  23
1128   5  24
1129   4   1
1130   4   2
1131   4   3
1132   4   4
1133   4   5
1134   4   6
1135   4   7
1136   4   8
1137   4   9
1138   4  10
1139   4  11
1140   4  12
1141   4  13
1142   4  14
1143   4  15
1144   4  16
1145   4  17
1146   4  18
1147   4  19
1148   4  20
1149   4  21
1150   4  22
1151   4  23
1152   4  24
1153   4   1
1154   4   2
1155   4   3
1156   4   4
1157   4   5
1158   4   6
1159   4   7
1160   4   8
1161   4   9
1162   4  10
1163   4  11
1164   4  12
1165   4  13
1166   4  14
1167   4  15
1168   4  16
1169   4  17
1170   4  18
1171   4  19
1172   4  20
1173   4  21
1174   4  22
1175   4  23
1176   4  24
1177   6   1
1178   6   2
1179   6   3
1180   6   4
1181   6   5
1182   6   6
1183   6   7
1184   6   8
1185   6   9
1186   6  10
1187   6  11
1188   6  12
1189   6  13
1190   6  14
1191   6  15
1192   6  16
1193   6  17
1194   6  18
1195   6  19
1196   6  20
1197   6  21
1198   6  22
1199   6  23
1200   6  24
1201   6   1
1202   6   2
1203   6   3
1204   6   4
1205   6   5
1206   6   6
1207   6   7
1208   6   8
1209   6   9
1210   6  10
1211   6  11
1212   6  12
1213   6  13
1214   6  14
1215   6  15
1216   6  16
1217   6  17
1218   6  18
1219   6  19
1220   6  20
1221   6  21
1222   6  22
1223   6  23
1224   6  24
1225   4   1
1226   4   2
1227   4   3
1228   4   4
1229   4   5
1230   4   6
1231   4   7
1232   4   8
1233   4   9
1234   4  10
1235   4  11
1236   4  12
1237   4  13
1238   4  14
1239   4  15
1240   4  16
1241   4  17
1242   4  18
1243   4  19
1244   4  20
1245   4  21
1246   4  22
1247   4  23
1248   4  24
1249   7   1
1250   7   2
1251   7   3
1252   7   4
1253   7   5
1254   7   6
1255   7   7
1256   7   8
1257   7   9
1258   7  10
1259   7  11
1260   7  12
1261   7  13
1262   7  14
1263   7  15
1264   7  16
1265   7  17
1266   7  18
1267   7  19
1268   7  20
1269   7  21
1270   7  22
1271   7  23
1272   7  24
1273   7   1
1274   7   2
1275   7   3
1276   7   4
1277   7   5
1278   7   6
1279   7   7
1280   7   8
1281   7   9
1282   7  10
1283   7  11
1284   7  12
1285   7  13
1286   7  14
1287   7  15
1288   7  16
1289   7  17
1290   7  18
1291   7  19
1292   7  20
1293   7  21
1294   7  22
1295   7  23
1296   7  24
1297   7   1
1298   7   2
1299   7   3
1300   7   4
1301   7   5
1302   7   6
1303   7   7
1304   7   8
1305   7   9
1306   7  10
1307   7  11
1308   7  12
1309   7  13
1310   7  14
1311   7  15
1312   7  16
1313   7  17
1314   7  18
1315   7  19
1316   7  20
1317   7  21
1318   7  22
1319   7  23
1320   7  24
1321   7   1
1322   7   2
1323   7   3
1324   7   4
1325   7   5
1326   7   6
1327   7   7
1328   7   8
1329   7   9
1330   7  10
1331   7  11
1332   7  12
1333   7  13
1334   7  14
1335   7  15
1336   7  16
1337   7  17
1338   7  18
1339   7  19
1340   7  20
1341   7  21
1342   7  22
1343   7  23
1344   7  24
1345   8   1
1346   8   2
1347   8   3
1348   8   4
1349   8   5
1350   8   6
1351   8   7
1352   8   8
1353   8   9
1354   8  10
1355   8  11
1356   8  12
1357   8  13
1358   8  14
1359   8  15
1360   8  16
1361   8  17
1362   8  18
1363   8  19
1364   8  20
1365   8  21
1366   8  22
1367   8  23
1368   8  24
1369   6   1
1370   6   2
1371   6   3
1372   6   4
1373   6   5
1374   6   6
1375   6   7
1376   6   8
1377   6   9
1378   6  10
1379   6  11
1380   6  12
1381   6  13
1382   6  14
1383   6  15
1384   6  16
1385   6  17
1386   6  18
1387   6  19
1388   6  20
1389   6  21
1390   6  22
1391   6  23
1392   6  24
1393   9   1
1394   9   2
1395   9   3
1396   9   4
1397   9   5
1398   9   6
1399   9   7
1400   9   8
1401   9   9
1402   9  10
1403   9  11
1404   9  12
1405   9  13
1406   9  14
1407   9  15
1408   9  16
1409   9  17
1410   9  18
1411   9  19
1412   9  20
1413   9  21
1414   9  22
1415   9  23
1416   9  24
1417   4   1
1418   4   2
1419   4   3
1420   4   4
1421   4   5
1422   4   6
1423   4   7
1424   4   8
1425   4   9
1426   4  10
1427   4  11
1428   4  12
1429   4  13
1430   4  14
1431   4  15
1432   4  16
1433   4  17
1434   4  18
1435   4  19
1436   4  20
1437   4  21
1438   4  22
1439   4  23
1440   4  24
1441   9   1
1442   9   2
1443   9   3
1444   9   4
1445   9   5
1446   9   6
1447   9   7
1448   9   8
1449   9   9
1450   9  10
1451   9  11
1452   9  12
1453   9  13
1454   9  14
1455   9  15
1456   9  16
1457   9  17
1458   9  18
1459   9  19
1460   9  20
1461   9  21
1462   9  22
1463   9  23
1464   9  24
1465   4   1
1466   4   2
1467   4   3
1468   4   4
1469   4   5
1470   4   6
1471   4   7
1472   4   8
1473   4   9
1474   4  10
1475   4  11
1476   4  12
1477   4  13
1478   4  14
1479   4  15
1480   4  16
1481   4  17
1482   4  18
1483   4  19
1484   4  20
1485   4  21
1486   4  22
1487   4  23
1488   4  24
1489   5   1
1490   5   2
1491   5   3
1492   5   4
1493   5   5
1494   5   6
1495   5   7
1496   5   8
1497   5   9
1498   5  10
1499   5  11
1500   5  12
1501   5  13
1502   5  14
1503   5  15
1504   5  16
1505   5  17
1506   5  18
1507   5  19
1508   5  20
1509   5  21
1510   5  22
1511   5  23
1512   5  24
1513   1   1
1514   1   2
1515   1   3
1516   1   4
1517   1   5
1518   1   6
1519   1   7
1520   1   8
1521   1   9
1522   1  10
1523   1  11
1524   1  12
1525   1  13
1526   1  14
1527   1  15
1528   1  16
1529   1  17
1530   1  18
1531   1  19
1532   1  20
1533   1  21
1534   1  22
1535   1  23
1536   1  24
1537   3   1
1538   3   2
1539   3   3
1540   3   4
1541   3   5
1542   3   6
1543   3   7
1544   3   8
1545   3   9
1546   3  10
1547   3  11
1548   3  12
1549   3  13
1550   3  14
1551   3  15
1552   3  16
1553   3  17
1554   3  18
1555   3  19
1556   3  20
1557   3  21
1558   3  22
1559   3  23
1560   3  24
1561   5   1
1562   5   2
1563   5   3
1564   5   4
1565   5   5
1566   5   6
1567   5   7
1568   5   8
1569   5   9
1570   5  10
1571   5  11
1572   5  12
1573   5  13
1574   5  14
1575   5  15
1576   5  16
1577   5  17
1578   5  18
1579   5  19
1580   5  20
1581   5  21
1582   5  22
1583   5  23
1584   5  24
1585   7   1
1586   7   2
1587   7   3
1588   7   4
1589   7   5
1590   7   6
1591   7   7
1592   7   8
1593   7   9
1594   7  10
1595   7  11
1596   7  12
1597   7  13
1598   7  14
1599   7  15
1600   7  16
1601   7  17
1602   7  18
1603   7  19
1604   7  20
1605   7  21
1606   7  22
1607   7  23
1608   7  24
1609   9   1
1610   9   2
1611   9   3
1612   9   4
1613   9   5
1614   9   6
1615   9   7
1616   9   8
1617   9   9
1618   9  10
1619   9  11
1620   9  12
1621   9  13
1622   9  14
1623   9  15
1624   9  16
1625   9  17
1626   9  18
1627   9  19
1628   9  20
1629   9  21
1630   9  22
1631   9  23
1632   9  24
1633   4   1
1634   4   2
1635   4   3
1636   4   4
1637   4   5
1638   4   6
1639   4   7
1640   4   8
1641   4   9
1642   4  10
1643   4  11
1644   4  12
1645   4  13
1646   4  14
1647   4  15
1648   4  16
1649   4  17
1650   4  18
1651   4  19
1652   4  20
1653   4  21
1654   4  22
1655   4  23
1656   4  24
1657   4   1
1658   4   2
1659   4   3
1660   4   4
1661   4   5
1662   4   6
1663   4   7
1664   4   8
1665   4   9
1666   4  10
1667   4  11
1668   4  12
1669   4  13
1670   4  14
1671   4  15
1672   4  16
1673   4  17
1674   4  18
1675   4  19
1676   4  20
1677   4  21
1678   4  22
1679   4  23
1680   4  24
1681   6   1
1682   6   2
1683   6   3
1684   6   4
1685   6   5
1686   6   6
1687   6   7
1688   6   8
1689   6   9
1690   6  10
1691   6  11
1692   6  12
1693   6  13
1694   6  14
1695   6  15
1696   6  16
1697   6  17
1698   6  18
1699   6  19
1700   6  20
1701   6  21
1702   6  22
1703   6  23
1704   6  24
1705   8   1
1706   8   2
1707   8   3
1708   8   4
1709   8   5
1710   8   6
1711   8   7
1712   8   8
1713   8   9
1714   8  10
1715   8  11
1716   8  12
1717   8  13
1718   8  14
1719   8  15
1720   8  16
1721   8  17
1722   8  18
1723   8  19
1724   8  20
1725   8  21
1726   8  22
1727   8  23
1728   8  24
1729   7   1
1730   7   2
1731   7   3
1732   7   4
1733   7   5
1734   7   6
1735   7   7
1736   7   8
1737   7   9
1738   7  10
1739   7  11
1740   7  12
1741   7  13
1742   7  14
1743   7  15
1744   7  16
1745   7  17
1746   7  18
1747   7  19
1748   7  20
1749   7  21
1750   7  22
1751   7  23
1752   7  24
1753  10   1
1754  10   2
1755  10   3
1756  10   4
1757  10   5
1758  10   6
1759  10   7
1760  10   8
1761  10   9
1762  10  10
1763  10  11
1764  10  12
1765  10  13
1766  10  14
1767  10  15
1768  10  16
1769  10  17
1770  10  18
1771  10  19
1772  10  20
1773  10  21
1774  10  22
1775  10  23
1776  10  24
1777   4   1
1778   4   2
1779   4   3
1780   4   4
1781   4   5
1782   4   6
1783   4   7
1784   4   8
1785   4   9
1786   4  10
1787   4  11
1788   4  12
1789   4  13
1790   4  14
1791   4  15
1792   4  16
1793   4  17
1794   4  18
1795   4  19
1796   4  20
1797   4  21
1798   4  22
1799   4  23
1800   4  24
1801   4   1
1802   4   2
1803   4   3
1804   4   4
1805   4   5
1806   4   6
1807   4   7
1808   4   8
1809   4   9
1810   4  10
1811   4  11
1812   4  12
1813   4  13
1814   4  14
1815   4  15
1816   4  16
1817   4  17
1818   4  18
1819   4  19
1820   4  20
1821   4  21
1822   4  22
1823   4  23
1824   4  24
1825   4   1
1826   4   2
1827   4   3
1828   4   4
1829   4   5
1830   4   6
1831   4   7
1832   4   8
1833   4   9
1834   4  10
1835   4  11
1836   4  12
1837   4  13
1838   4  14
1839   4  15
1840   4  16
1841   4  17
1842   4  18
1843   4  19
1844   4  20
1845   4  21
1846   4  22
1847   4  23
1848   4  24
1849   6   1
1850   6   2
1851   6   3
1852   6   4
1853   6   5
1854   6   6
1855   6   7
1856   6   8
1857   6   9
1858   6  10
1859   6  11
1860   6  12
1861   6  13
1862   6  14
1863   6  15
1864   6  16
1865   6  17
1866   6  18
1867   6  19
1868   6  20
1869   6  21
1870   6  22
1871   6  23
1872   6  24
1873   6   1
1874   6   2
1875   6   3
1876   6   4
1877   6   5
1878   6   6
1879   6   7
1880   6   8
1881   6   9
1882   6  10
1883   6  11
1884   6  12
1885   6  13
1886   6  14
1887   6  15
1888   6  16
1889   6  17
1890   6  18
1891   6  19
1892   6  20
1893   6  21
1894   6  22
1895   6  23
1896   6  24
1897   5   1
1898   5   2
1899   5   3
1900   5   4
1901   5   5
1902   5   6
1903   5   7
1904   5   8
1905   5   9
1906   5  10
1907   5  11
1908   5  12
1909   5  13
1910   5  14
1911   5  15
1912   5  16
1913   5  17
1914   5  18
1915   5  19
1916   5  20
1917   5  21
1918   5  22
1919   5  23
1920   5  24
1921   5   1
1922   5   2
1923   5   3
1924   5   4
1925   5   5
1926   5   6
1927   5   7
1928   5   8
1929   5   9
1930   5  10
1931   5  11
1932   5  12
1933   5  13
1934   5  14
1935   5  15
1936   5  16
1937   5  17
1938   5  18
1939   5  19
1940   5  20
1941   5  21
1942   5  22
1943   5  23
1944   5  24
1945   5   1
1946   5   2
1947   5   3
1948   5   4
1949   5   5
1950   5   6
1951   5   7
1952   5   8
1953   5   9
1954   5  10
1955   5  11
1956   5  12
1957   5  13
1958   5  14
1959   5  15
1960   5  16
1961   5  17
1962   5  18
1963   5  19
1964   5  20
1965   5  21
1966   5  22
1967   5  23
1968   5  24
1969   5   1
1970   5   2
1971   5   3
1972   5   4
1973   5   5
1974   5   6
1975   5   7
1976   5   8
1977   5   9
1978   5  10
1979   5  11
1980   5  12
1981   5  13
1982   5  14
1983   5  15
1984   5  16
1985   5  17
1986   5  18
1987   5  19
1988   5  20
1989   5  21
1990   5  22
1991   5  23
1992   5  24
1993   4   1
1994   4   2
1995   4   3
1996   4   4
1997   4   5
1998   4   6
1999   4   7
2000   4   8
2001   4   9
2002   4  10
2003   4  11
2004   4  12
2005   4  13
2006   4  14
2007   4  15
2008   4  16
2009   4  17
2010   4  18
2011   4  19
2012   4  20
2013   4  21
2014   4  22
2015   4  23
2016   4  24
2017   8   1
2018   8   2
2019   8   3
2020   8   4
2021   8   5
2022   8   6
2023   8   7
2024   8   8
2025   8   9
2026   8  10
2027   8  11
2028   8  12
2029   8  13
2030   8  14
2031   8  15
2032   8  16
2033   8  17
2034   8  18
2035   8  19
2036   8  20
2037   8  21
2038   8  22
2039   8  23
2040   8  24
2041   8   1
2042   8   2
2043   8   3
2044   8   4
2045   8   5
2046   8   6
2047   8   7
2048   8   8
2049   8   9
2050   8  10
2051   8  11
2052   8  12
2053   8  13
2054   8  14
2055   8  15
2056   8  16
2057   8  17
2058   8  18
2059   8  19
2060   8  20
2061   8  21
2062   8  22
2063   8  23
2064   8  24
2065   7   1
2066   7   2
2067   7   3
2068   7   4
2069   7   5
2070   7   6
2071   7   7
2072   7   8
2073   7   9
2074   7  10
2075   7  11
2076   7  12
2077   7  13
2078   7  14
2079   7  15
2080   7  16
2081   7  17
2082   7  18
2083   7  19
2084   7  20
2085   7  21
2086   7  22
2087   7  23
2088   7  24
2089   7   1
2090   7   2
2091   7   3
2092   7   4
2093   7   5
2094   7   6
2095   7   7
2096   7   8
2097   7   9
2098   7  10
2099   7  11
2100   7  12
2101   7  13
2102   7  14
2103   7  15
2104   7  16
2105   7  17
2106   7  18
2107   7  19
2108   7  20
2109   7  21
2110   7  22
2111   7  23
2112   7  24
2113   7   1
2114   7   2
2115   7   3
2116   7   4
2117   7   5
2118   7   6
2119   7   7
2120   7   8
2121   7   9
2122   7  10
2123   7  11
2124   7  12
2125   7  13
2126   7  14
2127   7  15
2128   7  16
2129   7  17
2130   7  18
2131   7  19
2132   7  20
2133   7  21
2134   7  22
2135   7  23
2136   7  24
2137   4   1
2138   4   2
2139   4   3
2140   4   4
2141   4   5
2142   4   6
2143   4   7
2144   4   8
2145   4   9
2146   4  10
2147   4  11
2148   4  12
2149   4  13
2150   4  14
2151   4  15
2152   4  16
2153   4  17
2154   4  18
2155   4  19
2156   4  20
2157   4  21
2158   4  22
2159   4  23
2160   4  24
2161   7   1
2162   7   2
2163   7   3
2164   7   4
2165   7   5
2166   7   6
2167   7   7
2168   7   8
2169   7   9
2170   7  10
2171   7  11
2172   7  12
2173   7  13
2174   7  14
2175   7  15
2176   7  16
2177   7  17
2178   7  18
2179   7  19
2180   7  20
2181   7  21
2182   7  22
2183   7  23
2184   7  24
2185  11   1
2186  11   2
2187  11   3
2188  11   4
2189  11   5
2190  11   6
2191  11   7
2192  11   8
2193  11   9
2194  11  10
2195  11  11
2196  11  12
2197  11  13
2198  11  14
2199  11  15
2200  11  16
2201  11  17
2202  11  18
2203  11  19
2204  11  20
2205  11  21
2206  11  22
2207  11  23
2208  11  24
2209   8   1
2210   8   2
2211   8   3
2212   8   4
2213   8   5
2214   8   6
2215   8   7
2216   8   8
2217   8   9
2218   8  10
2219   8  11
2220   8  12
2221   8  13
2222   8  14
2223   8  15
2224   8  16
2225   8  17
2226   8  18
2227   8  19
2228   8  20
2229   8  21
2230   8  22
2231   8  23
2232   8  24
2233   9   1
2234   9   2
2235   9   3
2236   9   4
2237   9   5
2238   9   6
2239   9   7
2240   9   8
2241   9   9
2242   9  10
2243   9  11
2244   9  12
2245   9  13
2246   9  14
2247   9  15
2248   9  16
2249   9  17
2250   9  18
2251   9  19
2252   9  20
2253   9  21
2254   9  22
2255   9  23
2256   9  24
2257   7   1
2258   7   2
2259   7   3
2260   7   4
2261   7   5
2262   7   6
2263   7   7
2264   7   8
2265   7   9
2266   7  10
2267   7  11
2268   7  12
2269   7  13
2270   7  14
2271   7  15
2272   7  16
2273   7  17
2274   7  18
2275   7  19
2276   7  20
2277   7  21
2278   7  22
2279   7  23
2280   7  24
2281  12   1
2282  12   2
2283  12   3
2284  12   4
2285  12   5
2286  12   6
2287  12   7
2288  12   8
2289  12   9
2290  12  10
2291  12  11
2292  12  12
2293  12  13
2294  12  14
2295  12  15
2296  12  16
2297  12  17
2298  12  18
2299  12  19
2300  12  20
2301  12  21
2302  12  22
2303  12  23
2304  12  24
2305   9   1
2306   9   2
2307   9   3
2308   9   4
2309   9   5
2310   9   6
2311   9   7
2312   9   8
2313   9   9
2314   9  10
2315   9  11
2316   9  12
2317   9  13
2318   9  14
2319   9  15
2320   9  16
2321   9  17
2322   9  18
2323   9  19
2324   9  20
2325   9  21
2326   9  22
2327   9  23
2328   9  24
2329   4   1
2330   4   2
2331   4   3
2332   4   4
2333   4   5
2334   4   6
2335   4   7
2336   4   8
2337   4   9
2338   4  10
2339   4  11
2340   4  12
2341   4  13
2342   4  14
2343   4  15
2344   4  16
2345   4  17
2346   4  18
2347   4  19
2348   4  20
2349   4  21
2350   4  22
2351   4  23
2352   4  24
2353   8   1
2354   8   2
2355   8   3
2356   8   4
2357   8   5
2358   8   6
2359   8   7
2360   8   8
2361   8   9
2362   8  10
2363   8  11
2364   8  12
2365   8  13
2366   8  14
2367   8  15
2368   8  16
2369   8  17
2370   8  18
2371   8  19
2372   8  20
2373   8  21
2374   8  22
2375   8  23
2376   8  24
2377   8   1
2378   8   2
2379   8   3
2380   8   4
2381   8   5
2382   8   6
2383   8   7
2384   8   8
2385   8   9
2386   8  10
2387   8  11
2388   8  12
2389   8  13
2390   8  14
2391   8  15
2392   8  16
2393   8  17
2394   8  18
2395   8  19
2396   8  20
2397   8  21
2398   8  22
2399   8  23
2400   8  24
2401   7   1
2402   7   2
2403   7   3
2404   7   4
2405   7   5
2406   7   6
2407   7   7
2408   7   8
2409   7   9
2410   7  10
2411   7  11
2412   7  12
2413   7  13
2414   7  14
2415   7  15
2416   7  16
2417   7  17
2418   7  18
2419   7  19
2420   7  20
2421   7  21
2422   7  22
2423   7  23
2424   7  24
2425   4   1
2426   4   2
2427   4   3
2428   4   4
2429   4   5
2430   4   6
2431   4   7
2432   4   8
2433   4   9
2434   4  10
2435   4  11
2436   4  12
2437   4  13
2438   4  14
2439   4  15
2440   4  16
2441   4  17
2442   4  18
2443   4  19
2444   4  20
2445   4  21
2446   4  22
2447   4  23
2448   4  24
2449   9   1
2450   9   2
2451   9   3
2452   9   4
2453   9   5
2454   9   6
2455   9   7
2456   9   8
2457   9   9
2458   9  10
2459   9  11
2460   9  12
2461   9  13
2462   9  14
2463   9  15
2464   9  16
2465   9  17
2466   9  18
2467   9  19
2468   9  20
2469   9  21
2470   9  22
2471   9  23
2472   9  24
2473   4   1
2474   4   2
2475   4   3
2476   4   4
2477   4   5
2478   4   6
2479   4   7
2480   4   8
2481   4   9
2482   4  10
2483   4  11
2484   4  12
2485   4  13
2486   4  14
2487   4  15
2488   4  16
2489   4  17
2490   4  18
2491   4  19
2492   4  20
2493   4  21
2494   4  22
2495   4  23
2496   4  24
2497   4   1
2498   4   2
2499   4   3
2500   4   4
2501   4   5
2502   4   6
2503   4   7
2504   4   8
2505   4   9
2506   4  10
2507   4  11
2508   4  12
2509   4  13
2510   4  14
2511   4  15
2512   4  16
2513   4  17
2514   4  18
2515   4  19
2516   4  20
2517   4  21
2518   4  22
2519   4  23
2520   4  24
2521   6   1
2522   6   2
2523   6   3
2524   6   4
2525   6   5
2526   6   6
2527   6   7
2528   6   8
2529   6   9
2530   6  10
2531   6  11
2532   6  12
2533   6  13
2534   6  14
2535   6  15
2536   6  16
2537   6  17
2538   6  18
2539   6  19
2540   6  20
2541   6  21
2542   6  22
2543   6  23
2544   6  24
2545   8   1
2546   8   2
2547   8   3
2548   8   4
2549   8   5
2550   8   6
2551   8   7
2552   8   8
2553   8   9
2554   8  10
2555   8  11
2556   8  12
2557   8  13
2558   8  14
2559   8  15
2560   8  16
2561   8  17
2562   8  18
2563   8  19
2564   8  20
2565   8  21
2566   8  22
2567   8  23
2568   8  24
2569   7   1
2570   7   2
2571   7   3
2572   7   4
2573   7   5
2574   7   6
2575   7   7
2576   7   8
2577   7   9
2578   7  10
2579   7  11
2580   7  12
2581   7  13
2582   7  14
2583   7  15
2584   7  16
2585   7  17
2586   7  18
2587   7  19
2588   7  20
2589   7  21
2590   7  22
2591   7  23
2592   7  24
2593   7   1
2594   7   2
2595   7   3
2596   7   4
2597   7   5
2598   7   6
2599   7   7
2600   7   8
2601   7   9
2602   7  10
2603   7  11
2604   7  12
2605   7  13
2606   7  14
2607   7  15
2608   7  16
2609   7  17
2610   7  18
2611   7  19
2612   7  20
2613   7  21
2614   7  22
2615   7  23
2616   7  24
2617   7   1
2618   7   2
2619   7   3
2620   7   4
2621   7   5
2622   7   6
2623   7   7
2624   7   8
2625   7   9
2626   7  10
2627   7  11
2628   7  12
2629   7  13
2630   7  14
2631   7  15
2632   7  16
2633   7  17
2634   7  18
2635   7  19
2636   7  20
2637   7  21
2638   7  22
2639   7  23
2640   7  24
2641   7   1
2642   7   2
2643   7   3
2644   7   4
2645   7   5
2646   7   6
2647   7   7
2648   7   8
2649   7   9
2650   7  10
2651   7  11
2652   7  12
2653   7  13
2654   7  14
2655   7  15
2656   7  16
2657   7  17
2658   7  18
2659   7  19
2660   7  20
2661   7  21
2662   7  22
2663   7  23
2664   7  24
2665   7   1
2666   7   2
2667   7   3
2668   7   4
2669   7   5
2670   7   6
2671   7   7
2672   7   8
2673   7   9
2674   7  10
2675   7  11
2676   7  12
2677   7  13
2678   7  14
2679   7  15
2680   7  16
2681   7  17
2682   7  18
2683   7  19
2684   7  20
2685   7  21
2686   7  22
2687   7  23
2688   7  24
2689   8   1
2690   8   2
2691   8   3
2692   8   4
2693   8   5
2694   8   6
2695   8   7
2696   8   8
2697   8   9
2698   8  10
2699   8  11
2700   8  12
2701   8  13
2702   8  14
2703   8  15
2704   8  16
2705   8  17
2706   8  18
2707   8  19
2708   8  20
2709   8  21
2710   8  22
2711   8  23
2712   8  24
2713   8   1
2714   8   2
2715   8   3
2716   8   4
2717   8   5
2718   8   6
2719   8   7
2720   8   8
2721   8   9
2722   8  10
2723   8  11
2724   8  12
2725   8  13
2726   8  14
2727   8  15
2728   8  16
2729   8  17
2730   8  18
2731   8  19
2732   8  20
2733   8  21
2734   8  22
2735   8  23
2736   8  24
2737   7   1
2738   7   2
2739   7   3
2740   7   4
2741   7   5
2742   7   6
2743   7   7
2744   7   8
2745   7   9
2746   7  10
2747   7  11
2748   7  12
2749   7  13
2750   7  14
2751   7  15
2752   7  16
2753   7  17
2754   7  18
2755   7  19
2756   7  20
2757   7  21
2758   7  22
2759   7  23
2760   7  24
2761  12   1
2762  12   2
2763  12   3
2764  12   4
2765  12   5
2766  12   6
2767  12   7
2768  12   8
2769  12   9
2770  12  10
2771  12  11
2772  12  12
2773  12  13
2774  12  14
2775  12  15
2776  12  16
2777  12  17
2778  12  18
2779  12  19
2780  12  20
2781  12  21
2782  12  22
2783  12  23
2784  12  24
2785  13   1
2786  13   2
2787  13   3
2788  13   4
2789  13   5
2790  13   6
2791  13   7
2792  13   8
2793  13   9
2794  13  10
2795  13  11
2796  13  12
2797  13  13
2798  13  14
2799  13  15
2800  13  16
2801  13  17
2802  13  18
2803  13  19
2804  13  20
2805  13  21
2806  13  22
2807  13  23
2808  13  24
2809  13   1
2810  13   2
2811  13   3
2812  13   4
2813  13   5
2814  13   6
2815  13   7
2816  13   8
2817  13   9
2818  13  10
2819  13  11
2820  13  12
2821  13  13
2822  13  14
2823  13  15
2824  13  16
2825  13  17
2826  13  18
2827  13  19
2828  13  20
2829  13  21
2830  13  22
2831  13  23
2832  13  24
2833  12   1
2834  12   2
2835  12   3
2836  12   4
2837  12   5
2838  12   6
2839  12   7
2840  12   8
2841  12   9
2842  12  10
2843  12  11
2844  12  12
2845  12  13
2846  12  14
2847  12  15
2848  12  16
2849  12  17
2850  12  18
2851  12  19
2852  12  20
2853  12  21
2854  12  22
2855  12  23
2856  12  24
2857  14   1
2858  14   2
2859  14   3
2860  14   4
2861  14   5
2862  14   6
2863  14   7
2864  14   8
2865  14   9
2866  14  10
2867  14  11
2868  14  12
2869  14  13
2870  14  14
2871  14  15
2872  14  16
2873  14  17
2874  14  18
2875  14  19
2876  14  20
2877  14  21
2878  14  22
2879  14  23
2880  14  24
2881  11   1
2882  11   2
2883  11   3
2884  11   4
2885  11   5
2886  11   6
2887  11   7
2888  11   8
2889  11   9
2890  11  10
2891  11  11
2892  11  12
2893  11  13
2894  11  14
2895  11  15
2896  11  16
2897  11  17
2898  11  18
2899  11  19
2900  11  20
2901  11  21
2902  11  22
2903  11  23
2904  11  24
2905  13   1
2906  13   2
2907  13   3
2908  13   4
2909  13   5
2910  13   6
2911  13   7
2912  13   8
2913  13   9
2914  13  10
2915  13  11
2916  13  12
2917  13  13
2918  13  14
2919  13  15
2920  13  16
2921  13  17
2922  13  18
2923  13  19
2924  13  20
2925  13  21
2926  13  22
2927  13  23
2928  13  24
2929  15   1
2930  15   2
2931  15   3
2932  15   4
2933  15   5
2934  15   6
2935  15   7
2936  15   8
2937  15   9
2938  15  10
2939  15  11
2940  15  12
2941  15  13
2942  15  14
2943  15  15
2944  15  16
2945  15  17
2946  15  18
2947  15  19
2948  15  20
2949  15  21
2950  15  22
2951  15  23
2952  15  24
2953  12   1
2954  12   2
2955  12   3
2956  12   4
2957  12   5
2958  12   6
2959  12   7
2960  12   8
2961  12   9
2962  12  10
2963  12  11
2964  12  12
2965  12  13
2966  12  14
2967  12  15
2968  12  16
2969  12  17
2970  12  18
2971  12  19
2972  12  20
2973  12  21
2974  12  22
2975  12  23
2976  12  24
2977  13   1
2978  13   2
2979  13   3
2980  13   4
2981  13   5
2982  13   6
2983  13   7
2984  13   8
2985  13   9
2986  13  10
2987  13  11
2988  13  12
2989  13  13
2990  13  14
2991  13  15
2992  13  16
2993  13  17
2994  13  18
2995  13  19
2996  13  20
2997  13  21
2998  13  22
2999  13  23
3000  13  24
3001  13   1
3002  13   2
3003  13   3
3004  13   4
3005  13   5
3006  13   6
3007  13   7
3008  13   8
3009  13   9
3010  13  10
3011  13  11
3012  13  12
3013  13  13
3014  13  14
3015  13  15
3016  13  16
3017  13  17
3018  13  18
3019  13  19
3020  13  20
3021  13  21
3022  13  22
3023  13  23
3024  13  24
3025  16   1
3026  16   2
3027  16   3
3028  16   4
3029  16   5
3030  16   6
3031  16   7
3032  16   8
3033  16   9
3034  16  10
3035  16  11
3036  16  12
3037  16  13
3038  16  14
3039  16  15
3040  16  16
3041  16  17
3042  16  18
3043  16  19
3044  16  20
3045  16  21
3046  16  22
3047  16  23
3048  16  24
3049  16   1
3050  16   2
3051  16   3
3052  16   4
3053  16   5
3054  16   6
3055  16   7
3056  16   8
3057  16   9
3058  16  10
3059  16  11
3060  16  12
3061  16  13
3062  16  14
3063  16  15
3064  16  16
3065  16  17
3066  16  18
3067  16  19
3068  16  20
3069  16  21
3070  16  22
3071  16  23
3072  16  24
3073  17   1
3074  17   2
3075  17   3
3076  17   4
3077  17   5
3078  17   6
3079  17   7
3080  17   8
3081  17   9
3082  17  10
3083  17  11
3084  17  12
3085  17  13
3086  17  14
3087  17  15
3088  17  16
3089  17  17
3090  17  18
3091  17  19
3092  17  20
3093  17  21
3094  17  22
3095  17  23
3096  17  24
3097  13   1
3098  13   2
3099  13   3
3100  13   4
3101  13   5
3102  13   6
3103  13   7
3104  13   8
3105  13   9
3106  13  10
3107  13  11
3108  13  12
3109  13  13
3110  13  14
3111  13  15
3112  13  16
3113  13  17
3114  13  18
3115  13  19
3116  13  20
3117  13  21
3118  13  22
3119  13  23
3120  13  24
3121  13   1
3122  13   2
3123  13   3
3124  13   4
3125  13   5
3126  13   6
3127  13   7
3128  13   8
3129  13   9
3130  13  10
3131  13  11
3132  13  12
3133  13  13
3134  13  14
3135  13  15
3136  13  16
3137  13  17
3138  13  18
3139  13  19
3140  13  20
3141  13  21
3142  13  22
3143  13  23
3144  13  24
3145  18   1
3146  18   2
3147  18   3
3148  18   4
3149  18   5
3150  18   6
3151  18   7
3152  18   8
3153  18   9
3154  18  10
3155  18  11
3156  18  12
3157  18  13
3158  18  14
3159  18  15
3160  18  16
3161  18  17
3162  18  18
3163  18  19
3164  18  20
3165  18  21
3166  18  22
3167  18  23
3168  18  24
3169  13   1
3170  13   2
3171  13   3
3172  13   4
3173  13   5
3174  13   6
3175  13   7
3176  13   8
3177  13   9
3178  13  10
3179  13  11
3180  13  12
3181  13  13
3182  13  14
3183  13  15
3184  13  16
3185  13  17
3186  13  18
3187  13  19
3188  13  20
3189  13  21
3190  13  22
3191  13  23
3192  13  24
3193  14   1
3194  14   2
3195  14   3
3196  14   4
3197  14   5
3198  14   6
3199  14   7
3200  14   8
3201  14   9
3202  14  10
3203  14  11
3204  14  12
3205  14  13
3206  14  14
3207  14  15
3208  14  16
3209  14  17
3210  14  18
3211  14  19
3212  14  20
3213  14  21
3214  14  22
3215  14  23
3216  14  24
3217   8   1
3218   8   2
3219   8   3
3220   8   4
3221   8   5
3222   8   6
3223   8   7
3224   8   8
3225   8   9
3226   8  10
3227   8  11
3228   8  12
3229   8  13
3230   8  14
3231   8  15
3232   8  16
3233   8  17
3234   8  18
3235   8  19
3236   8  20
3237   8  21
3238   8  22
3239   8  23
3240   8  24
3241  12   1
3242  12   2
3243  12   3
3244  12   4
3245  12   5
3246  12   6
3247  12   7
3248  12   8
3249  12   9
3250  12  10
3251  12  11
3252  12  12
3253  12  13
3254  12  14
3255  12  15
3256  12  16
3257  12  17
3258  12  18
3259  12  19
3260  12  20
3261  12  21
3262  12  22
3263  12  23
3264  12  24
3265  13   1
3266  13   2
3267  13   3
3268  13   4
3269  13   5
3270  13   6
3271  13   7
3272  13   8
3273  13   9
3274  13  10
3275  13  11
3276  13  12
3277  13  13
3278  13  14
3279  13  15
3280  13  16
3281  13  17
3282  13  18
3283  13  19
3284  13  20
3285  13  21
3286  13  22
3287  13  23
3288  13  24
3289  13   1
3290  13   2
3291  13   3
3292  13   4
3293  13   5
3294  13   6
3295  13   7
3296  13   8
3297  13   9
3298  13  10
3299  13  11
3300  13  12
3301  13  13
3302  13  14
3303  13  15
3304  13  16
3305  13  17
3306  13  18
3307  13  19
3308  13  20
3309  13  21
3310  13  22
3311  13  23
3312  13  24
3313  12   1
3314  12   2
3315  12   3
3316  12   4
3317  12   5
3318  12   6
3319  12   7
3320  12   8
3321  12   9
3322  12  10
3323  12  11
3324  12  12
3325  12  13
3326  12  14
3327  12  15
3328  12  16
3329  12  17
3330  12  18
3331  12  19
3332  12  20
3333  12  21
3334  12  22
3335  12  23
3336  12  24
3337  13   1
3338  13   2
3339  13   3
3340  13   4
3341  13   5
3342  13   6
3343  13   7
3344  13   8
3345  13   9
3346  13  10
3347  13  11
3348  13  12
3349  13  13
3350  13  14
3351  13  15
3352  13  16
3353  13  17
3354  13  18
3355  13  19
3356  13  20
3357  13  21
3358  13  22
3359  13  23
3360  13  24
3361  16   1
3362  16   2
3363  16   3
3364  16   4
3365  16   5
3366  16   6
3367  16   7
3368  16   8
3369  16   9
3370  16  10
3371  16  11
3372  16  12
3373  16  13
3374  16  14
3375  16  15
3376  16  16
3377  16  17
3378  16  18
3379  16  19
3380  16  20
3381  16  21
3382  16  22
3383  16  23
3384  16  24
3385  16   1
3386  16   2
3387  16   3
3388  16   4
3389  16   5
3390  16   6
3391  16   7
3392  16   8
3393  16   9
3394  16  10
3395  16  11
3396  16  12
3397  16  13
3398  16  14
3399  16  15
3400  16  16
3401  16  17
3402  16  18
3403  16  19
3404  16  20
3405  16  21
3406  16  22
3407  16  23
3408  16  24
3409  17   1
3410  17   2
3411  17   3
3412  17   4
3413  17   5
3414  17   6
3415  17   7
3416  17   8
3417  17   9
3418  17  10
3419  17  11
3420  17  12
3421  17  13
3422  17  14
3423  17  15
3424  17  16
3425  17  17
3426  17  18
3427  17  19
3428  17  20
3429  17  21
3430  17  22
3431  17  23
3432  17  24
3433  17   1
3434  17   2
3435  17   3
3436  17   4
3437  17   5
3438  17   6
3439  17   7
3440  17   8
3441  17   9
3442  17  10
3443  17  11
3444  17  12
3445  17  13
3446  17  14
3447  17  15
3448  17  16
3449  17  17
3450  17  18
3451  17  19
3452  17  20
3453  17  21
3454  17  22
3455  17  23
3456  17  24
3457  17   1
3458  17   2
3459  17   3
3460  17   4
3461  17   5
3462  17   6
3463  17   7
3464  17   8
3465  17   9
3466  17  10
3467  17  11
3468  17  12
3469  17  13
3470  17  14
3471  17  15
3472  17  16
3473  17  17
3474  17  18
3475  17  19
3476  17  20
3477  17  21
3478  17  22
3479  17  23
3480  17  24
3481  13   1
3482  13   2
3483  13   3
3484  13   4
3485  13   5
3486  13   6
3487  13   7
3488  13   8
3489  13   9
3490  13  10
3491  13  11
3492  13  12
3493  13  13
3494  13  14
3495  13  15
3496  13  16
3497  13  17
3498  13  18
3499  13  19
3500  13  20
3501  13  21
3502  13  22
3503  13  23
3504  13  24
3505  10   1
3506  10   2
3507  10   3
3508  10   4
3509  10   5
3510  10   6
3511  10   7
3512  10   8
3513  10   9
3514  10  10
3515  10  11
3516  10  12
3517  10  13
3518  10  14
3519  10  15
3520  10  16
3521  10  17
3522  10  18
3523  10  19
3524  10  20
3525  10  21
3526  10  22
3527  10  23
3528  10  24
3529  16   1
3530  16   2
3531  16   3
3532  16   4
3533  16   5
3534  16   6
3535  16   7
3536  16   8
3537  16   9
3538  16  10
3539  16  11
3540  16  12
3541  16  13
3542  16  14
3543  16  15
3544  16  16
3545  16  17
3546  16  18
3547  16  19
3548  16  20
3549  16  21
3550  16  22
3551  16  23
3552  16  24
3553  16   1
3554  16   2
3555  16   3
3556  16   4
3557  16   5
3558  16   6
3559  16   7
3560  16   8
3561  16   9
3562  16  10
3563  16  11
3564  16  12
3565  16  13
3566  16  14
3567  16  15
3568  16  16
3569  16  17
3570  16  18
3571  16  19
3572  16  20
3573  16  21
3574  16  22
3575  16  23
3576  16  24
3577  17   1
3578  17   2
3579  17   3
3580  17   4
3581  17   5
3582  17   6
3583  17   7
3584  17   8
3585  17   9
3586  17  10
3587  17  11
3588  17  12
3589  17  13
3590  17  14
3591  17  15
3592  17  16
3593  17  17
3594  17  18
3595  17  19
3596  17  20
3597  17  21
3598  17  22
3599  17  23
3600  17  24
3601  15   1
3602  15   2
3603  15   3
3604  15   4
3605  15   5
3606  15   6
3607  15   7
3608  15   8
3609  15   9
3610  15  10
3611  15  11
3612  15  12
3613  15  13
3614  15  14
3615  15  15
3616  15  16
3617  15  17
3618  15  18
3619  15  19
3620  15  20
3621  15  21
3622  15  22
3623  15  23
3624  15  24
3625  18   1
3626  18   2
3627  18   3
3628  18   4
3629  18   5
3630  18   6
3631  18   7
3632  18   8
3633  18   9
3634  18  10
3635  18  11
3636  18  12
3637  18  13
3638  18  14
3639  18  15
3640  18  16
3641  18  17
3642  18  18
3643  18  19
3644  18  20
3645  18  21
3646  18  22
3647  18  23
3648  18  24
3649  18   1
3650  18   2
3651  18   3
3652  18   4
3653  18   5
3654  18   6
3655  18   7
3656  18   8
3657  18   9
3658  18  10
3659  18  11
3660  18  12
3661  18  13
3662  18  14
3663  18  15
3664  18  16
3665  18  17
3666  18  18
3667  18  19
3668  18  20
3669  18  21
3670  18  22
3671  18  23
3672  18  24
3673  12   1
3674  12   2
3675  12   3
3676  12   4
3677  12   5
3678  12   6
3679  12   7
3680  12   8
3681  12   9
3682  12  10
3683  12  11
3684  12  12
3685  12  13
3686  12  14
3687  12  15
3688  12  16
3689  12  17
3690  12  18
3691  12  19
3692  12  20
3693  12  21
3694  12  22
3695  12  23
3696  12  24
3697  14   1
3698  14   2
3699  14   3
3700  14   4
3701  14   5
3702  14   6
3703  14   7
3704  14   8
3705  14   9
3706  14  10
3707  14  11
3708  14  12
3709  14  13
3710  14  14
3711  14  15
3712  14  16
3713  14  17
3714  14  18
3715  14  19
3716  14  20
3717  14  21
3718  14  22
3719  14  23
3720  14  24
3721  14   1
3722  14   2
3723  14   3
3724  14   4
3725  14   5
3726  14   6
3727  14   7
3728  14   8
3729  14   9
3730  14  10
3731  14  11
3732  14  12
3733  14  13
3734  14  14
3735  14  15
3736  14  16
3737  14  17
3738  14  18
3739  14  19
3740  14  20
3741  14  21
3742  14  22
3743  14  23
3744  14  24
3745  15   1
3746  15   2
3747  15   3
3748  15   4
3749  15   5
3750  15   6
3751  15   7
3752  15   8
3753  15   9
3754  15  10
3755  15  11
3756  15  12
3757  15  13
3758  15  14
3759  15  15
3760  15  16
3761  15  17
3762  15  18
3763  15  19
3764  15  20
3765  15  21
3766  15  22
3767  15  23
3768  15  24
3769  10   1
3770  10   2
3771  10   3
3772  10   4
3773  10   5
3774  10   6
3775  10   7
3776  10   8
3777  10   9
3778  10  10
3779  10  11
3780  10  12
3781  10  13
3782  10  14
3783  10  15
3784  10  16
3785  10  17
3786  10  18
3787  10  19
3788  10  20
3789  10  21
3790  10  22
3791  10  23
3792  10  24
3793  10   1
3794  10   2
3795  10   3
3796  10   4
3797  10   5
3798  10   6
3799  10   7
3800  10   8
3801  10   9
3802  10  10
3803  10  11
3804  10  12
3805  10  13
3806  10  14
3807  10  15
3808  10  16
3809  10  17
3810  10  18
3811  10  19
3812  10  20
3813  10  21
3814  10  22
3815  10  23
3816  10  24
3817  13   1
3818  13   2
3819  13   3
3820  13   4
3821  13   5
3822  13   6
3823  13   7
3824  13   8
3825  13   9
3826  13  10
3827  13  11
3828  13  12
3829  13  13
3830  13  14
3831  13  15
3832  13  16
3833  13  17
3834  13  18
3835  13  19
3836  13  20
3837  13  21
3838  13  22
3839  13  23
3840  13  24
3841  18   1
3842  18   2
3843  18   3
3844  18   4
3845  18   5
3846  18   6
3847  18   7
3848  18   8
3849  18   9
3850  18  10
3851  18  11
3852  18  12
3853  18  13
3854  18  14
3855  18  15
3856  18  16
3857  18  17
3858  18  18
3859  18  19
3860  18  20
3861  18  21
3862  18  22
3863  18  23
3864  18  24
3865  11   1
3866  11   2
3867  11   3
3868  11   4
3869  11   5
3870  11   6
3871  11   7
3872  11   8
3873  11   9
3874  11  10
3875  11  11
3876  11  12
3877  11  13
3878  11  14
3879  11  15
3880  11  16
3881  11  17
3882  11  18
3883  11  19
3884  11  20
3885  11  21
3886  11  22
3887  11  23
3888  11  24
3889  16   1
3890  16   2
3891  16   3
3892  16   4
3893  16   5
3894  16   6
3895  16   7
3896  16   8
3897  16   9
3898  16  10
3899  16  11
3900  16  12
3901  16  13
3902  16  14
3903  16  15
3904  16  16
3905  16  17
3906  16  18
3907  16  19
3908  16  20
3909  16  21
3910  16  22
3911  16  23
3912  16  24
3913  13   1
3914  13   2
3915  13   3
3916  13   4
3917  13   5
3918  13   6
3919  13   7
3920  13   8
3921  13   9
3922  13  10
3923  13  11
3924  13  12
3925  13  13
3926  13  14
3927  13  15
3928  13  16
3929  13  17
3930  13  18
3931  13  19
3932  13  20
3933  13  21
3934  13  22
3935  13  23
3936  13  24
3937  12   1
3938  12   2
3939  12   3
3940  12   4
3941  12   5
3942  12   6
3943  12   7
3944  12   8
3945  12   9
3946  12  10
3947  12  11
3948  12  12
3949  12  13
3950  12  14
3951  12  15
3952  12  16
3953  12  17
3954  12  18
3955  12  19
3956  12  20
3957  12  21
3958  12  22
3959  12  23
3960  12  24
3961  10   1
3962  10   2
3963  10   3
3964  10   4
3965  10   5
3966  10   6
3967  10   7
3968  10   8
3969  10   9
3970  10  10
3971  10  11
3972  10  12
3973  10  13
3974  10  14
3975  10  15
3976  10  16
3977  10  17
3978  10  18
3979  10  19
3980  10  20
3981  10  21
3982  10  22
3983  10  23
3984  10  24
3985  15   1
3986  15   2
3987  15   3
3988  15   4
3989  15   5
3990  15   6
3991  15   7
3992  15   8
3993  15   9
3994  15  10
3995  15  11
3996  15  12
3997  15  13
3998  15  14
3999  15  15
4000  15  16
4001  15  17
4002  15  18
4003  15  19
4004  15  20
4005  15  21
4006  15  22
4007  15  23
4008  15  24
4009  12   1
4010  12   2
4011  12   3
4012  12   4
4013  12   5
4014  12   6
4015  12   7
4016  12   8
4017  12   9
4018  12  10
4019  12  11
4020  12  12
4021  12  13
4022  12  14
4023  12  15
4024  12  16
4025  12  17
4026  12  18
4027  12  19
4028  12  20
4029  12  21
4030  12  22
4031  12  23
4032  12  24
4033  16   1
4034  16   2
4035  16   3
4036  16   4
4037  16   5
4038  16   6
4039  16   7
4040  16   8
4041  16   9
4042  16  10
4043  16  11
4044  16  12
4045  16  13
4046  16  14
4047  16  15
4048  16  16
4049  16  17
4050  16  18
4051  16  19
4052  16  20
4053  16  21
4054  16  22
4055  16  23
4056  16  24
4057  16   1
4058  16   2
4059  16   3
4060  16   4
4061  16   5
4062  16   6
4063  16   7
4064  16   8
4065  16   9
4066  16  10
4067  16  11
4068  16  12
4069  16  13
4070  16  14
4071  16  15
4072  16  16
4073  16  17
4074  16  18
4075  16  19
4076  16  20
4077  16  21
4078  16  22
4079  16  23
4080  16  24
4081  17   1
4082  17   2
4083  17   3
4084  17   4
4085  17   5
4086  17   6
4087  17   7
4088  17   8
4089  17   9
4090  17  10
4091  17  11
4092  17  12
4093  17  13
4094  17  14
4095  17  15
4096  17  16
4097  17  17
4098  17  18
4099  17  19
4100  17  20
4101  17  21
4102  17  22
4103  17  23
4104  17  24
4105  19   1
4106  19   2
4107  19   3
4108  19   4
4109  19   5
4110  19   6
4111  19   7
4112  19   8
4113  19   9
4114  19  10
4115  19  11
4116  19  12
4117  19  13
4118  19  14
4119  19  15
4120  19  16
4121  19  17
4122  19  18
4123  19  19
4124  19  20
4125  19  21
4126  19  22
4127  19  23
4128  19  24
4129  19   1
4130  19   2
4131  19   3
4132  19   4
4133  19   5
4134  19   6
4135  19   7
4136  19   8
4137  19   9
4138  19  10
4139  19  11
4140  19  12
4141  19  13
4142  19  14
4143  19  15
4144  19  16
4145  19  17
4146  19  18
4147  19  19
4148  19  20
4149  19  21
4150  19  22
4151  19  23
4152  19  24
4153  19   1
4154  19   2
4155  19   3
4156  19   4
4157  19   5
4158  19   6
4159  19   7
4160  19   8
4161  19   9
4162  19  10
4163  19  11
4164  19  12
4165  19  13
4166  19  14
4167  19  15
4168  19  16
4169  19  17
4170  19  18
4171  19  19
4172  19  20
4173  19  21
4174  19  22
4175  19  23
4176  19  24
4177  19   1
4178  19   2
4179  19   3
4180  19   4
4181  19   5
4182  19   6
4183  19   7
4184  19   8
4185  19   9
4186  19  10
4187  19  11
4188  19  12
4189  19  13
4190  19  14
4191  19  15
4192  19  16
4193  19  17
4194  19  18
4195  19  19
4196  19  20
4197  19  21
4198  19  22
4199  19  23
4200  19  24
4201  20   1
4202  20   2
4203  20   3
4204  20   4
4205  20   5
4206  20   6
4207  20   7
4208  20   8
4209  20   9
4210  20  10
4211  20  11
4212  20  12
4213  20  13
4214  20  14
4215  20  15
4216  20  16
4217  20  17
4218  20  18
4219  20  19
4220  20  20
4221  20  21
4222  20  22
4223  20  23
4224  20  24
4225  20   1
4226  20   2
4227  20   3
4228  20   4
4229  20   5
4230  20   6
4231  20   7
4232  20   8
4233  20   9
4234  20  10
4235  20  11
4236  20  12
4237  20  13
4238  20  14
4239  20  15
4240  20  16
4241  20  17
4242  20  18
4243  20  19
4244  20  20
4245  20  21
4246  20  22
4247  20  23
4248  20  24
4249  17   1
4250  17   2
4251  17   3
4252  17   4
4253  17   5
4254  17   6
4255  17   7
4256  17   8
4257  17   9
4258  17  10
4259  17  11
4260  17  12
4261  17  13
4262  17  14
4263  17  15
4264  17  16
4265  17  17
4266  17  18
4267  17  19
4268  17  20
4269  17  21
4270  17  22
4271  17  23
4272  17  24
4273  17   1
4274  17   2
4275  17   3
4276  17   4
4277  17   5
4278  17   6
4279  17   7
4280  17   8
4281  17   9
4282  17  10
4283  17  11
4284  17  12
4285  17  13
4286  17  14
4287  17  15
4288  17  16
4289  17  17
4290  17  18
4291  17  19
4292  17  20
4293  17  21
4294  17  22
4295  17  23
4296  17  24
4297  17   1
4298  17   2
4299  17   3
4300  17   4
4301  17   5
4302  17   6
4303  17   7
4304  17   8
4305  17   9
4306  17  10
4307  17  11
4308  17  12
4309  17  13
4310  17  14
4311  17  15
4312  17  16
4313  17  17
4314  17  18
4315  17  19
4316  17  20
4317  17  21
4318  17  22
4319  17  23
4320  17  24
4321  17   1
4322  17   2
4323  17   3
4324  17   4
4325  17   5
4326  17   6
4327  17   7
4328  17   8
4329  17   9
4330  17  10
4331  17  11
4332  17  12
4333  17  13
4334  17  14
4335  17  15
4336  17  16
4337  17  17
4338  17  18
4339  17  19
4340  17  20
4341  17  21
4342  17  22
4343  17  23
4344  17  24
4345  17   1
4346  17   2
4347  17   3
4348  17   4
4349  17   5
4350  17   6
4351  17   7
4352  17   8
4353  17   9
4354  17  10
4355  17  11
4356  17  12
4357  17  13
4358  17  14
4359  17  15
4360  17  16
4361  17  17
4362  17  18
4363  17  19
4364  17  20
4365  17  21
4366  17  22
4367  17  23
4368  17  24
4369  16   1
4370  16   2
4371  16   3
4372  16   4
4373  16   5
4374  16   6
4375  16   7
4376  16   8
4377  16   9
4378  16  10
4379  16  11
4380  16  12
4381  16  13
4382  16  14
4383  16  15
4384  16  16
4385  16  17
4386  16  18
4387  16  19
4388  16  20
4389  16  21
4390  16  22
4391  16  23
4392  16  24
4393  14   1
4394  14   2
4395  14   3
4396  14   4
4397  14   5
4398  14   6
4399  14   7
4400  14   8
4401  14   9
4402  14  10
4403  14  11
4404  14  12
4405  14  13
4406  14  14
4407  14  15
4408  14  16
4409  14  17
4410  14  18
4411  14  19
4412  14  20
4413  14  21
4414  14  22
4415  14  23
4416  14  24
4417  12   1
4418  12   2
4419  12   3
4420  12   4
4421  12   5
4422  12   6
4423  12   7
4424  12   8
4425  12   9
4426  12  10
4427  12  11
4428  12  12
4429  12  13
4430  12  14
4431  12  15
4432  12  16
4433  12  17
4434  12  18
4435  12  19
4436  12  20
4437  12  21
4438  12  22
4439  12  23
4440  12  24
4441  17   1
4442  17   2
4443  17   3
4444  17   4
4445  17   5
4446  17   6
4447  17   7
4448  17   8
4449  17   9
4450  17  10
4451  17  11
4452  17  12
4453  17  13
4454  17  14
4455  17  15
4456  17  16
4457  17  17
4458  17  18
4459  17  19
4460  17  20
4461  17  21
4462  17  22
4463  17  23
4464  17  24
4465  17   1
4466  17   2
4467  17   3
4468  17   4
4469  17   5
4470  17   6
4471  17   7
4472  17   8
4473  17   9
4474  17  10
4475  17  11
4476  17  12
4477  17  13
4478  17  14
4479  17  15
4480  17  16
4481  17  17
4482  17  18
4483  17  19
4484  17  20
4485  17  21
4486  17  22
4487  17  23
4488  17  24
4489  17   1
4490  17   2
4491  17   3
4492  17   4
4493  17   5
4494  17   6
4495  17   7
4496  17   8
4497  17   9
4498  17  10
4499  17  11
4500  17  12
4501  17  13
4502  17  14
4503  17  15
4504  17  16
4505  17  17
4506  17  18
4507  17  19
4508  17  20
4509  17  21
4510  17  22
4511  17  23
4512  17  24
4513  17   1
4514  17   2
4515  17   3
4516  17   4
4517  17   5
4518  17   6
4519  17   7
4520  17   8
4521  17   9
4522  17  10
4523  17  11
4524  17  12
4525  17  13
4526  17  14
4527  17  15
4528  17  16
4529  17  17
4530  17  18
4531  17  19
4532  17  20
4533  17  21
4534  17  22
4535  17  23
4536  17  24
4537  16   1
4538  16   2
4539  16   3
4540  16   4
4541  16   5
4542  16   6
4543  16   7
4544  16   8
4545  16   9
4546  16  10
4547  16  11
4548  16  12
4549  16  13
4550  16  14
4551  16  15
4552  16  16
4553  16  17
4554  16  18
4555  16  19
4556  16  20
4557  16  21
4558  16  22
4559  16  23
4560  16  24
4561  16   1
4562  16   2
4563  16   3
4564  16   4
4565  16   5
4566  16   6
4567  16   7
4568  16   8
4569  16   9
4570  16  10
4571  16  11
4572  16  12
4573  16  13
4574  16  14
4575  16  15
4576  16  16
4577  16  17
4578  16  18
4579  16  19
4580  16  20
4581  16  21
4582  16  22
4583  16  23
4584  16  24
4585  17   1
4586  17   2
4587  17   3
4588  17   4
4589  17   5
4590  17   6
4591  17   7
4592  17   8
4593  17   9
4594  17  10
4595  17  11
4596  17  12
4597  17  13
4598  17  14
4599  17  15
4600  17  16
4601  17  17
4602  17  18
4603  17  19
4604  17  20
4605  17  21
4606  17  22
4607  17  23
4608  17  24
4609  17   1
4610  17   2
4611  17   3
4612  17   4
4613  17   5
4614  17   6
4615  17   7
4616  17   8
4617  17   9
4618  17  10
4619  17  11
4620  17  12
4621  17  13
4622  17  14
4623  17  15
4624  17  16
4625  17  17
4626  17  18
4627  17  19
4628  17  20
4629  17  21
4630  17  22
4631  17  23
4632  17  24
4633  17   1
4634  17   2
4635  17   3
4636  17   4
4637  17   5
4638  17   6
4639  17   7
4640  17   8
4641  17   9
4642  17  10
4643  17  11
4644  17  12
4645  17  13
4646  17  14
4647  17  15
4648  17  16
4649  17  17
4650  17  18
4651  17  19
4652  17  20
4653  17  21
4654  17  22
4655  17  23
4656  17  24
4657  17   1
4658  17   2
4659  17   3
4660  17   4
4661  17   5
4662  17   6
4663  17   7
4664  17   8
4665  17   9
4666  17  10
4667  17  11
4668  17  12
4669  17  13
4670  17  14
4671  17  15
4672  17  16
4673  17  17
4674  17  18
4675  17  19
4676  17  20
4677  17  21
4678  17  22
4679  17  23
4680  17  24
4681  17   1
4682  17   2
4683  17   3
4684  17   4
4685  17   5
4686  17   6
4687  17   7
4688  17   8
4689  17   9
4690  17  10
4691  17  11
4692  17  12
4693  17  13
4694  17  14
4695  17  15
4696  17  16
4697  17  17
4698  17  18
4699  17  19
4700  17  20
4701  17  21
4702  17  22
4703  17  23
4704  17  24
4705  20   1
4706  20   2
4707  20   3
4708  20   4
4709  20   5
4710  20   6
4711  20   7
4712  20   8
4713  20   9
4714  20  10
4715  20  11
4716  20  12
4717  20  13
4718  20  14
4719  20  15
4720  20  16
4721  20  17
4722  20  18
4723  20  19
4724  20  20
4725  20  21
4726  20  22
4727  20  23
4728  20  24
4729  20   1
4730  20   2
4731  20   3
4732  20   4
4733  20   5
4734  20   6
4735  20   7
4736  20   8
4737  20   9
4738  20  10
4739  20  11
4740  20  12
4741  20  13
4742  20  14
4743  20  15
4744  20  16
4745  20  17
4746  20  18
4747  20  19
4748  20  20
4749  20  21
4750  20  22
4751  20  23
4752  20  24
4753  13   1
4754  13   2
4755  13   3
4756  13   4
4757  13   5
4758  13   6
4759  13   7
4760  13   8
4761  13   9
4762  13  10
4763  13  11
4764  13  12
4765  13  13
4766  13  14
4767  13  15
4768  13  16
4769  13  17
4770  13  18
4771  13  19
4772  13  20
4773  13  21
4774  13  22
4775  13  23
4776  13  24
4777  17   1
4778  17   2
4779  17   3
4780  17   4
4781  17   5
4782  17   6
4783  17   7
4784  17   8
4785  17   9
4786  17  10
4787  17  11
4788  17  12
4789  17  13
4790  17  14
4791  17  15
4792  17  16
4793  17  17
4794  17  18
4795  17  19
4796  17  20
4797  17  21
4798  17  22
4799  17  23
4800  17  24
4801  17   1
4802  17   2
4803  17   3
4804  17   4
4805  17   5
4806  17   6
4807  17   7
4808  17   8
4809  17   9
4810  17  10
4811  17  11
4812  17  12
4813  17  13
4814  17  14
4815  17  15
4816  17  16
4817  17  17
4818  17  18
4819  17  19
4820  17  20
4821  17  21
4822  17  22
4823  17  23
4824  17  24
4825  19   1
4826  19   2
4827  19   3
4828  19   4
4829  19   5
4830  19   6
4831  19   7
4832  19   8
4833  19   9
4834  19  10
4835  19  11
4836  19  12
4837  19  13
4838  19  14
4839  19  15
4840  19  16
4841  19  17
4842  19  18
4843  19  19
4844  19  20
4845  19  21
4846  19  22
4847  19  23
4848  19  24
4849  19   1
4850  19   2
4851  19   3
4852  19   4
4853  19   5
4854  19   6
4855  19   7
4856  19   8
4857  19   9
4858  19  10
4859  19  11
4860  19  12
4861  19  13
4862  19  14
4863  19  15
4864  19  16
4865  19  17
4866  19  18
4867  19  19
4868  19  20
4869  19  21
4870  19  22
4871  19  23
4872  19  24
4873  20   1
4874  20   2
4875  20   3
4876  20   4
4877  20   5
4878  20   6
4879  20   7
4880  20   8
4881  20   9
4882  20  10
4883  20  11
4884  20  12
4885  20  13
4886  20  14
4887  20  15
4888  20  16
4889  20  17
4890  20  18
4891  20  19
4892  20  20
4893  20  21
4894  20  22
4895  20  23
4896  20  24
4897  20   1
4898  20   2
4899  20   3
4900  20   4
4901  20   5
4902  20   6
4903  20   7
4904  20   8
4905  20   9
4906  20  10
4907  20  11
4908  20  12
4909  20  13
4910  20  14
4911  20  15
4912  20  16
4913  20  17
4914  20  18
4915  20  19
4916  20  20
4917  20  21
4918  20  22
4919  20  23
4920  20  24
4921  19   1
4922  19   2
4923  19   3
4924  19   4
4925  19   5
4926  19   6
4927  19   7
4928  19   8
4929  19   9
4930  19  10
4931  19  11
4932  19  12
4933  19  13
4934  19  14
4935  19  15
4936  19  16
4937  19  17
4938  19  18
4939  19  19
4940  19  20
4941  19  21
4942  19  22
4943  19  23
4944  19  24
4945  19   1
4946  19   2
4947  19   3
4948  19   4
4949  19   5
4950  19   6
4951  19   7
4952  19   8
4953  19   9
4954  19  10
4955  19  11
4956  19  12
4957  19  13
4958  19  14
4959  19  15
4960  19  16
4961  19  17
4962  19  18
4963  19  19
4964  19  20
4965  19  21
4966  19  22
4967  19  23
4968  19  24
4969  19   1
4970  19   2
4971  19   3
4972  19   4
4973  19   5
4974  19   6
4975  19   7
4976  19   8
4977  19   9
4978  19  10
4979  19  11
4980  19  12
4981  19  13
4982  19  14
4983  19  15
4984  19  16
4985  19  17
4986  19  18
4987  19  19
4988  19  20
4989  19  21
4990  19  22
4991  19  23
4992  19  24
4993  17   1
4994  17   2
4995  17   3
4996  17   4
4997  17   5
4998  17   6
4999  17   7
5000  17   8
5001  17   9
5002  17  10
5003  17  11
5004  17  12
5005  17  13
5006  17  14
5007  17  15
5008  17  16
5009  17  17
5010  17  18
5011  17  19
5012  17  20
5013  17  21
5014  17  22
5015  17  23
5016  17  24
5017  18   1
5018  18   2
5019  18   3
5020  18   4
5021  18   5
5022  18   6
5023  18   7
5024  18   8
5025  18   9
5026  18  10
5027  18  11
5028  18  12
5029  18  13
5030  18  14
5031  18  15
5032  18  16
5033  18  17
5034  18  18
5035  18  19
5036  18  20
5037  18  21
5038  18  22
5039  18  23
5040  18  24
5041  16   1
5042  16   2
5043  16   3
5044  16   4
5045  16   5
5046  16   6
5047  16   7
5048  16   8
5049  16   9
5050  16  10
5051  16  11
5052  16  12
5053  16  13
5054  16  14
5055  16  15
5056  16  16
5057  16  17
5058  16  18
5059  16  19
5060  16  20
5061  16  21
5062  16  22
5063  16  23
5064  16  24
5065  20   1
5066  20   2
5067  20   3
5068  20   4
5069  20   5
5070  20   6
5071  20   7
5072  20   8
5073  20   9
5074  20  10
5075  20  11
5076  20  12
5077  20  13
5078  20  14
5079  20  15
5080  20  16
5081  20  17
5082  20  18
5083  20  19
5084  20  20
5085  20  21
5086  20  22
5087  20  23
5088  20  24
5089  17   1
5090  17   2
5091  17   3
5092  17   4
5093  17   5
5094  17   6
5095  17   7
5096  17   8
5097  17   9
5098  17  10
5099  17  11
5100  17  12
5101  17  13
5102  17  14
5103  17  15
5104  17  16
5105  17  17
5106  17  18
5107  17  19
5108  17  20
5109  17  21
5110  17  22
5111  17  23
5112  17  24
5113  18   1
5114  18   2
5115  18   3
5116  18   4
5117  18   5
5118  18   6
5119  18   7
5120  18   8
5121  18   9
5122  18  10
5123  18  11
5124  18  12
5125  18  13
5126  18  14
5127  18  15
5128  18  16
5129  18  17
5130  18  18
5131  18  19
5132  18  20
5133  18  21
5134  18  22
5135  18  23
5136  18  24
5137  13   1
5138  13   2
5139  13   3
5140  13   4
5141  13   5
5142  13   6
5143  13   7
5144  13   8
5145  13   9
5146  13  10
5147  13  11
5148  13  12
5149  13  13
5150  13  14
5151  13  15
5152  13  16
5153  13  17
5154  13  18
5155  13  19
5156  13  20
5157  13  21
5158  13  22
5159  13  23
5160  13  24
5161  17   1
5162  17   2
5163  17   3
5164  17   4
5165  17   5
5166  17   6
5167  17   7
5168  17   8
5169  17   9
5170  17  10
5171  17  11
5172  17  12
5173  17  13
5174  17  14
5175  17  15
5176  17  16
5177  17  17
5178  17  18
5179  17  19
5180  17  20
5181  17  21
5182  17  22
5183  17  23
5184  17  24
5185  17   1
5186  17   2
5187  17   3
5188  17   4
5189  17   5
5190  17   6
5191  17   7
5192  17   8
5193  17   9
5194  17  10
5195  17  11
5196  17  12
5197  17  13
5198  17  14
5199  17  15
5200  17  16
5201  17  17
5202  17  18
5203  17  19
5204  17  20
5205  17  21
5206  17  22
5207  17  23
5208  17  24
5209  20   1
5210  20   2
5211  20   3
5212  20   4
5213  20   5
5214  20   6
5215  20   7
5216  20   8
5217  20   9
5218  20  10
5219  20  11
5220  20  12
5221  20  13
5222  20  14
5223  20  15
5224  20  16
5225  20  17
5226  20  18
5227  20  19
5228  20  20
5229  20  21
5230  20  22
5231  20  23
5232  20  24
5233  11   1
5234  11   2
5235  11   3
5236  11   4
5237  11   5
5238  11   6
5239  11   7
5240  11   8
5241  11   9
5242  11  10
5243  11  11
5244  11  12
5245  11  13
5246  11  14
5247  11  15
5248  11  16
5249  11  17
5250  11  18
5251  11  19
5252  11  20
5253  11  21
5254  11  22
5255  11  23
5256  11  24
5257  15   1
5258  15   2
5259  15   3
5260  15   4
5261  15   5
5262  15   6
5263  15   7
5264  15   8
5265  15   9
5266  15  10
5267  15  11
5268  15  12
5269  15  13
5270  15  14
5271  15  15
5272  15  16
5273  15  17
5274  15  18
5275  15  19
5276  15  20
5277  15  21
5278  15  22
5279  15  23
5280  15  24
5281  15   1
5282  15   2
5283  15   3
5284  15   4
5285  15   5
5286  15   6
5287  15   7
5288  15   8
5289  15   9
5290  15  10
5291  15  11
5292  15  12
5293  15  13
5294  15  14
5295  15  15
5296  15  16
5297  15  17
5298  15  18
5299  15  19
5300  15  20
5301  15  21
5302  15  22
5303  15  23
5304  15  24
5305  12   1
5306  12   2
5307  12   3
5308  12   4
5309  12   5
5310  12   6
5311  12   7
5312  12   8
5313  12   9
5314  12  10
5315  12  11
5316  12  12
5317  12  13
5318  12  14
5319  12  15
5320  12  16
5321  12  17
5322  12  18
5323  12  19
5324  12  20
5325  12  21
5326  12  22
5327  12  23
5328  12  24
5329  13   1
5330  13   2
5331  13   3
5332  13   4
5333  13   5
5334  13   6
5335  13   7
5336  13   8
5337  13   9
5338  13  10
5339  13  11
5340  13  12
5341  13  13
5342  13  14
5343  13  15
5344  13  16
5345  13  17
5346  13  18
5347  13  19
5348  13  20
5349  13  21
5350  13  22
5351  13  23
5352  13  24
5353  13   1
5354  13   2
5355  13   3
5356  13   4
5357  13   5
5358  13   6
5359  13   7
5360  13   8
5361  13   9
5362  13  10
5363  13  11
5364  13  12
5365  13  13
5366  13  14
5367  13  15
5368  13  16
5369  13  17
5370  13  18
5371  13  19
5372  13  20
5373  13  21
5374  13  22
5375  13  23
5376  13  24
5377  16   1
5378  16   2
5379  16   3
5380  16   4
5381  16   5
5382  16   6
5383  16   7
5384  16   8
5385  16   9
5386  16  10
5387  16  11
5388  16  12
5389  16  13
5390  16  14
5391  16  15
5392  16  16
5393  16  17
5394  16  18
5395  16  19
5396  16  20
5397  16  21
5398  16  22
5399  16  23
5400  16  24
5401  16   1
5402  16   2
5403  16   3
5404  16   4
5405  16   5
5406  16   6
5407  16   7
5408  16   8
5409  16   9
5410  16  10
5411  16  11
5412  16  12
5413  16  13
5414  16  14
5415  16  15
5416  16  16
5417  16  17
5418  16  18
5419  16  19
5420  16  20
5421  16  21
5422  16  22
5423  16  23
5424  16  24
5425  17   1
5426  17   2
5427  17   3
5428  17   4
5429  17   5
5430  17   6
5431  17   7
5432  17   8
5433  17   9
5434  17  10
5435  17  11
5436  17  12
5437  17  13
5438  17  14
5439  17  15
5440  17  16
5441  17  17
5442  17  18
5443  17  19
5444  17  20
5445  17  21
5446  17  22
5447  17  23
5448  17  24
5449  18   1
5450  18   2
5451  18   3
5452  18   4
5453  18   5
5454  18   6
5455  18   7
5456  18   8
5457  18   9
5458  18  10
5459  18  11
5460  18  12
5461  18  13
5462  18  14
5463  18  15
5464  18  16
5465  18  17
5466  18  18
5467  18  19
5468  18  20
5469  18  21
5470  18  22
5471  18  23
5472  18  24
5473  13   1
5474  13   2
5475  13   3
5476  13   4
5477  13   5
5478  13   6
5479  13   7
5480  13   8
5481  13   9
5482  13  10
5483  13  11
5484  13  12
5485  13  13
5486  13  14
5487  13  15
5488  13  16
5489  13  17
5490  13  18
5491  13  19
5492  13  20
5493  13  21
5494  13  22
5495  13  23
5496  13  24
5497  13   1
5498  13   2
5499  13   3
5500  13   4
5501  13   5
5502  13   6
5503  13   7
5504  13   8
5505  13   9
5506  13  10
5507  13  11
5508  13  12
5509  13  13
5510  13  14
5511  13  15
5512  13  16
5513  13  17
5514  13  18
5515  13  19
5516  13  20
5517  13  21
5518  13  22
5519  13  23
5520  13  24
5521  13   1
5522  13   2
5523  13   3
5524  13   4
5525  13   5
5526  13   6
5527  13   7
5528  13   8
5529  13   9
5530  13  10
5531  13  11
5532  13  12
5533  13  13
5534  13  14
5535  13  15
5536  13  16
5537  13  17
5538  13  18
5539  13  19
5540  13  20
5541  13  21
5542  13  22
5543  13  23
5544  13  24
5545  14   1
5546  14   2
5547  14   3
5548  14   4
5549  14   5
5550  14   6
5551  14   7
5552  14   8
5553  14   9
5554  14  10
5555  14  11
5556  14  12
5557  14  13
5558  14  14
5559  14  15
5560  14  16
5561  14  17
5562  14  18
5563  14  19
5564  14  20
5565  14  21
5566  14  22
5567  14  23
5568  14  24
5569  14   1
5570  14   2
5571  14   3
5572  14   4
5573  14   5
5574  14   6
5575  14   7
5576  14   8
5577  14   9
5578  14  10
5579  14  11
5580  14  12
5581  14  13
5582  14  14
5583  14  15
5584  14  16
5585  14  17
5586  14  18
5587  14  19
5588  14  20
5589  14  21
5590  14  22
5591  14  23
5592  14  24
5593  12   1
5594  12   2
5595  12   3
5596  12   4
5597  12   5
5598  12   6
5599  12   7
5600  12   8
5601  12   9
5602  12  10
5603  12  11
5604  12  12
5605  12  13
5606  12  14
5607  12  15
5608  12  16
5609  12  17
5610  12  18
5611  12  19
5612  12  20
5613  12  21
5614  12  22
5615  12  23
5616  12  24
5617  13   1
5618  13   2
5619  13   3
5620  13   4
5621  13   5
5622  13   6
5623  13   7
5624  13   8
5625  13   9
5626  13  10
5627  13  11
5628  13  12
5629  13  13
5630  13  14
5631  13  15
5632  13  16
5633  13  17
5634  13  18
5635  13  19
5636  13  20
5637  13  21
5638  13  22
5639  13  23
5640  13  24
5641  13   1
5642  13   2
5643  13   3
5644  13   4
5645  13   5
5646  13   6
5647  13   7
5648  13   8
5649  13   9
5650  13  10
5651  13  11
5652  13  12
5653  13  13
5654  13  14
5655  13  15
5656  13  16
5657  13  17
5658  13  18
5659  13  19
5660  13  20
5661  13  21
5662  13  22
5663  13  23
5664  13  24
5665  17   1
5666  17   2
5667  17   3
5668  17   4
5669  17   5
5670  17   6
5671  17   7
5672  17   8
5673  17   9
5674  17  10
5675  17  11
5676  17  12
5677  17  13
5678  17  14
5679  17  15
5680  17  16
5681  17  17
5682  17  18
5683  17  19
5684  17  20
5685  17  21
5686  17  22
5687  17  23
5688  17  24
5689  13   1
5690  13   2
5691  13   3
5692  13   4
5693  13   5
5694  13   6
5695  13   7
5696  13   8
5697  13   9
5698  13  10
5699  13  11
5700  13  12
5701  13  13
5702  13  14
5703  13  15
5704  13  16
5705  13  17
5706  13  18
5707  13  19
5708  13  20
5709  13  21
5710  13  22
5711  13  23
5712  13  24
5713  20   1
5714  20   2
5715  20   3
5716  20   4
5717  20   5
5718  20   6
5719  20   7
5720  20   8
5721  20   9
5722  20  10
5723  20  11
5724  20  12
5725  20  13
5726  20  14
5727  20  15
5728  20  16
5729  20  17
5730  20  18
5731  20  19
5732  20  20
5733  20  21
5734  20  22
5735  20  23
5736  20  24
5737  16   1
5738  16   2
5739  16   3
5740  16   4
5741  16   5
5742  16   6
5743  16   7
5744  16   8
5745  16   9
5746  16  10
5747  16  11
5748  16  12
5749  16  13
5750  16  14
5751  16  15
5752  16  16
5753  16  17
5754  16  18
5755  16  19
5756  16  20
5757  16  21
5758  16  22
5759  16  23
5760  16  24
5761  18   1
5762  18   2
5763  18   3
5764  18   4
5765  18   5
5766  18   6
5767  18   7
5768  18   8
5769  18   9
5770  18  10
5771  18  11
5772  18  12
5773  18  13
5774  18  14
5775  18  15
5776  18  16
5777  18  17
5778  18  18
5779  18  19
5780  18  20
5781  18  21
5782  18  22
5783  18  23
5784  18  24
5785  15   1
5786  15   2
5787  15   3
5788  15   4
5789  15   5
5790  15   6
5791  15   7
5792  15   8
5793  15   9
5794  15  10
5795  15  11
5796  15  12
5797  15  13
5798  15  14
5799  15  15
5800  15  16
5801  15  17
5802  15  18
5803  15  19
5804  15  20
5805  15  21
5806  15  22
5807  15  23
5808  15  24
5809  13   1
5810  13   2
5811  13   3
5812  13   4
5813  13   5
5814  13   6
5815  13   7
5816  13   8
5817  13   9
5818  13  10
5819  13  11
5820  13  12
5821  13  13
5822  13  14
5823  13  15
5824  13  16
5825  13  17
5826  13  18
5827  13  19
5828  13  20
5829  13  21
5830  13  22
5831  13  23
5832  13  24
5833  13   1
5834  13   2
5835  13   3
5836  13   4
5837  13   5
5838  13   6
5839  13   7
5840  13   8
5841  13   9
5842  13  10
5843  13  11
5844  13  12
5845  13  13
5846  13  14
5847  13  15
5848  13  16
5849  13  17
5850  13  18
5851  13  19
5852  13  20
5853  13  21
5854  13  22
5855  13  23
5856  13  24
5857  13   1
5858  13   2
5859  13   3
5860  13   4
5861  13   5
5862  13   6
5863  13   7
5864  13   8
5865  13   9
5866  13  10
5867  13  11
5868  13  12
5869  13  13
5870  13  14
5871  13  15
5872  13  16
5873  13  17
5874  13  18
5875  13  19
5876  13  20
5877  13  21
5878  13  22
5879  13  23
5880  13  24
5881  16   1
5882  16   2
5883  16   3
5884  16   4
5885  16   5
5886  16   6
5887  16   7
5888  16   8
5889  16   9
5890  16  10
5891  16  11
5892  16  12
5893  16  13
5894  16  14
5895  16  15
5896  16  16
5897  16  17
5898  16  18
5899  16  19
5900  16  20
5901  16  21
5902  16  22
5903  16  23
5904  16  24
5905  16   1
5906  16   2
5907  16   3
5908  16   4
5909  16   5
5910  16   6
5911  16   7
5912  16   8
5913  16   9
5914  16  10
5915  16  11
5916  16  12
5917  16  13
5918  16  14
5919  16  15
5920  16  16
5921  16  17
5922  16  18
5923  16  19
5924  16  20
5925  16  21
5926  16  22
5927  16  23
5928  16  24
5929  17   1
5930  17   2
5931  17   3
5932  17   4
5933  17   5
5934  17   6
5935  17   7
5936  17   8
5937  17   9
5938  17  10
5939  17  11
5940  17  12
5941  17  13
5942  17  14
5943  17  15
5944  17  16
5945  17  17
5946  17  18
5947  17  19
5948  17  20
5949  17  21
5950  17  22
5951  17  23
5952  17  24
5953  13   1
5954  13   2
5955  13   3
5956  13   4
5957  13   5
5958  13   6
5959  13   7
5960  13   8
5961  13   9
5962  13  10
5963  13  11
5964  13  12
5965  13  13
5966  13  14
5967  13  15
5968  13  16
5969  13  17
5970  13  18
5971  13  19
5972  13  20
5973  13  21
5974  13  22
5975  13  23
5976  13  24
5977  13   1
5978  13   2
5979  13   3
5980  13   4
5981  13   5
5982  13   6
5983  13   7
5984  13   8
5985  13   9
5986  13  10
5987  13  11
5988  13  12
5989  13  13
5990  13  14
5991  13  15
5992  13  16
5993  13  17
5994  13  18
5995  13  19
5996  13  20
5997  13  21
5998  13  22
5999  13  23
6000  13  24
6001  18   1
6002  18   2
6003  18   3
6004  18   4
6005  18   5
6006  18   6
6007  18   7
6008  18   8
6009  18   9
6010  18  10
6011  18  11
6012  18  12
6013  18  13
6014  18  14
6015  18  15
6016  18  16
6017  18  17
6018  18  18
6019  18  19
6020  18  20
6021  18  21
6022  18  22
6023  18  23
6024  18  24
6025  12   1
6026  12   2
6027  12   3
6028  12   4
6029  12   5
6030  12   6
6031  12   7
6032  12   8
6033  12   9
6034  12  10
6035  12  11
6036  12  12
6037  12  13
6038  12  14
6039  12  15
6040  12  16
6041  12  17
6042  12  18
6043  12  19
6044  12  20
6045  12  21
6046  12  22
6047  12  23
6048  12  24
6049  14   1
6050  14   2
6051  14   3
6052  14   4
6053  14   5
6054  14   6
6055  14   7
6056  14   8
6057  14   9
6058  14  10
6059  14  11
6060  14  12
6061  14  13
6062  14  14
6063  14  15
6064  14  16
6065  14  17
6066  14  18
6067  14  19
6068  14  20
6069  14  21
6070  14  22
6071  14  23
6072  14  24
6073  14   1
6074  14   2
6075  14   3
6076  14   4
6077  14   5
6078  14   6
6079  14   7
6080  14   8
6081  14   9
6082  14  10
6083  14  11
6084  14  12
6085  14  13
6086  14  14
6087  14  15
6088  14  16
6089  14  17
6090  14  18
6091  14  19
6092  14  20
6093  14  21
6094  14  22
6095  14  23
6096  14  24
6097  10   1
6098  10   2
6099  10   3
6100  10   4
6101  10   5
6102  10   6
6103  10   7
6104  10   8
6105  10   9
6106  10  10
6107  10  11
6108  10  12
6109  10  13
6110  10  14
6111  10  15
6112  10  16
6113  10  17
6114  10  18
6115  10  19
6116  10  20
6117  10  21
6118  10  22
6119  10  23
6120  10  24
6121  12   1
6122  12   2
6123  12   3
6124  12   4
6125  12   5
6126  12   6
6127  12   7
6128  12   8
6129  12   9
6130  12  10
6131  12  11
6132  12  12
6133  12  13
6134  12  14
6135  12  15
6136  12  16
6137  12  17
6138  12  18
6139  12  19
6140  12  20
6141  12  21
6142  12  22
6143  12  23
6144  12  24
6145  12   1
6146  12   2
6147  12   3
6148  12   4
6149  12   5
6150  12   6
6151  12   7
6152  12   8
6153  12   9
6154  12  10
6155  12  11
6156  12  12
6157  12  13
6158  12  14
6159  12  15
6160  12  16
6161  12  17
6162  12  18
6163  12  19
6164  12  20
6165  12  21
6166  12  22
6167  12  23
6168  12  24
6169  10   1
6170  10   2
6171  10   3
6172  10   4
6173  10   5
6174  10   6
6175  10   7
6176  10   8
6177  10   9
6178  10  10
6179  10  11
6180  10  12
6181  10  13
6182  10  14
6183  10  15
6184  10  16
6185  10  17
6186  10  18
6187  10  19
6188  10  20
6189  10  21
6190  10  22
6191  10  23
6192  10  24
6193  15   1
6194  15   2
6195  15   3
6196  15   4
6197  15   5
6198  15   6
6199  15   7
6200  15   8
6201  15   9
6202  15  10
6203  15  11
6204  15  12
6205  15  13
6206  15  14
6207  15  15
6208  15  16
6209  15  17
6210  15  18
6211  15  19
6212  15  20
6213  15  21
6214  15  22
6215  15  23
6216  15  24
6217   8   1
6218   8   2
6219   8   3
6220   8   4
6221   8   5
6222   8   6
6223   8   7
6224   8   8
6225   8   9
6226   8  10
6227   8  11
6228   8  12
6229   8  13
6230   8  14
6231   8  15
6232   8  16
6233   8  17
6234   8  18
6235   8  19
6236   8  20
6237   8  21
6238   8  22
6239   8  23
6240   8  24
6241  14   1
6242  14   2
6243  14   3
6244  14   4
6245  14   5
6246  14   6
6247  14   7
6248  14   8
6249  14   9
6250  14  10
6251  14  11
6252  14  12
6253  14  13
6254  14  14
6255  14  15
6256  14  16
6257  14  17
6258  14  18
6259  14  19
6260  14  20
6261  14  21
6262  14  22
6263  14  23
6264  14  24
6265  12   1
6266  12   2
6267  12   3
6268  12   4
6269  12   5
6270  12   6
6271  12   7
6272  12   8
6273  12   9
6274  12  10
6275  12  11
6276  12  12
6277  12  13
6278  12  14
6279  12  15
6280  12  16
6281  12  17
6282  12  18
6283  12  19
6284  12  20
6285  12  21
6286  12  22
6287  12  23
6288  12  24
6289  12   1
6290  12   2
6291  12   3
6292  12   4
6293  12   5
6294  12   6
6295  12   7
6296  12   8
6297  12   9
6298  12  10
6299  12  11
6300  12  12
6301  12  13
6302  12  14
6303  12  15
6304  12  16
6305  12  17
6306  12  18
6307  12  19
6308  12  20
6309  12  21
6310  12  22
6311  12  23
6312  12  24
6313  12   1
6314  12   2
6315  12   3
6316  12   4
6317  12   5
6318  12   6
6319  12   7
6320  12   8
6321  12   9
6322  12  10
6323  12  11
6324  12  12
6325  12  13
6326  12  14
6327  12  15
6328  12  16
6329  12  17
6330  12  18
6331  12  19
6332  12  20
6333  12  21
6334  12  22
6335  12  23
6336  12  24
6337  12   1
6338  12   2
6339  12   3
6340  12   4
6341  12   5
6342  12   6
6343  12   7
6344  12   8
6345  12   9
6346  12  10
6347  12  11
6348  12  12
6349  12  13
6350  12  14
6351  12  15
6352  12  16
6353  12  17
6354  12  18
6355  12  19
6356  12  20
6357  12  21
6358  12  22
6359  12  23
6360  12  24
6361  12   1
6362  12   2
6363  12   3
6364  12   4
6365  12   5
6366  12   6
6367  12   7
6368  12   8
6369  12   9
6370  12  10
6371  12  11
6372  12  12
6373  12  13
6374  12  14
6375  12  15
6376  12  16
6377  12  17
6378  12  18
6379  12  19
6380  12  20
6381  12  21
6382  12  22
6383  12  23
6384  12  24
6385  11   1
6386  11   2
6387  11   3
6388  11   4
6389  11   5
6390  11   6
6391  11   7
6392  11   8
6393  11   9
6394  11  10
6395  11  11
6396  11  12
6397  11  13
6398  11  14
6399  11  15
6400  11  16
6401  11  17
6402  11  18
6403  11  19
6404  11  20
6405  11  21
6406  11  22
6407  11  23
6408  11  24
6409  11   1
6410  11   2
6411  11   3
6412  11   4
6413  11   5
6414  11   6
6415  11   7
6416  11   8
6417  11   9
6418  11  10
6419  11  11
6420  11  12
6421  11  13
6422  11  14
6423  11  15
6424  11  16
6425  11  17
6426  11  18
6427  11  19
6428  11  20
6429  11  21
6430  11  22
6431  11  23
6432  11  24
6433  18   1
6434  18   2
6435  18   3
6436  18   4
6437  18   5
6438  18   6
6439  18   7
6440  18   8
6441  18   9
6442  18  10
6443  18  11
6444  18  12
6445  18  13
6446  18  14
6447  18  15
6448  18  16
6449  18  17
6450  18  18
6451  18  19
6452  18  20
6453  18  21
6454  18  22
6455  18  23
6456  18  24
6457  12   1
6458  12   2
6459  12   3
6460  12   4
6461  12   5
6462  12   6
6463  12   7
6464  12   8
6465  12   9
6466  12  10
6467  12  11
6468  12  12
6469  12  13
6470  12  14
6471  12  15
6472  12  16
6473  12  17
6474  12  18
6475  12  19
6476  12  20
6477  12  21
6478  12  22
6479  12  23
6480  12  24
6481  12   1
6482  12   2
6483  12   3
6484  12   4
6485  12   5
6486  12   6
6487  12   7
6488  12   8
6489  12   9
6490  12  10
6491  12  11
6492  12  12
6493  12  13
6494  12  14
6495  12  15
6496  12  16
6497  12  17
6498  12  18
6499  12  19
6500  12  20
6501  12  21
6502  12  22
6503  12  23
6504  12  24
6505  18   1
6506  18   2
6507  18   3
6508  18   4
6509  18   5
6510  18   6
6511  18   7
6512  18   8
6513  18   9
6514  18  10
6515  18  11
6516  18  12
6517  18  13
6518  18  14
6519  18  15
6520  18  16
6521  18  17
6522  18  18
6523  18  19
6524  18  20
6525  18  21
6526  18  22
6527  18  23
6528  18  24
6529  12   1
6530  12   2
6531  12   3
6532  12   4
6533  12   5
6534  12   6
6535  12   7
6536  12   8
6537  12   9
6538  12  10
6539  12  11
6540  12  12
6541  12  13
6542  12  14
6543  12  15
6544  12  16
6545  12  17
6546  12  18
6547  12  19
6548  12  20
6549  12  21
6550  12  22
6551  12  23
6552  12  24
6553  11   1
6554  11   2
6555  11   3
6556  11   4
6557  11   5
6558  11   6
6559  11   7
6560  11   8
6561  11   9
6562  11  10
6563  11  11
6564  11  12
6565  11  13
6566  11  14
6567  11  15
6568  11  16
6569  11  17
6570  11  18
6571  11  19
6572  11  20
6573  11  21
6574  11  22
6575  11  23
6576  11  24
6577  11   1
6578  11   2
6579  11   3
6580  11   4
6581  11   5
6582  11   6
6583  11   7
6584  11   8
6585  11   9
6586  11  10
6587  11  11
6588  11  12
6589  11  13
6590  11  14
6591  11  15
6592  11  16
6593  11  17
6594  11  18
6595  11  19
6596  11  20
6597  11  21
6598  11  22
6599  11  23
6600  11  24
6601  18   1
6602  18   2
6603  18   3
6604  18   4
6605  18   5
6606  18   6
6607  18   7
6608  18   8
6609  18   9
6610  18  10
6611  18  11
6612  18  12
6613  18  13
6614  18  14
6615  18  15
6616  18  16
6617  18  17
6618  18  18
6619  18  19
6620  18  20
6621  18  21
6622  18  22
6623  18  23
6624  18  24
6625  18   1
6626  18   2
6627  18   3
6628  18   4
6629  18   5
6630  18   6
6631  18   7
6632  18   8
6633  18   9
6634  18  10
6635  18  11
6636  18  12
6637  18  13
6638  18  14
6639  18  15
6640  18  16
6641  18  17
6642  18  18
6643  18  19
6644  18  20
6645  18  21
6646  18  22
6647  18  23
6648  18  24
6649  18   1
6650  18   2
6651  18   3
6652  18   4
6653  18   5
6654  18   6
6655  18   7
6656  18   8
6657  18   9
6658  18  10
6659  18  11
6660  18  12
6661  18  13
6662  18  14
6663  18  15
6664  18  16
6665  18  17
6666  18  18
6667  18  19
6668  18  20
6669  18  21
6670  18  22
6671  18  23
6672  18  24
6673  10   1
6674  10   2
6675  10   3
6676  10   4
6677  10   5
6678  10   6
6679  10   7
6680  10   8
6681  10   9
6682  10  10
6683  10  11
6684  10  12
6685  10  13
6686  10  14
6687  10  15
6688  10  16
6689  10  17
6690  10  18
6691  10  19
6692  10  20
6693  10  21
6694  10  22
6695  10  23
6696  10  24
6697  10   1
6698  10   2
6699  10   3
6700  10   4
6701  10   5
6702  10   6
6703  10   7
6704  10   8
6705  10   9
6706  10  10
6707  10  11
6708  10  12
6709  10  13
6710  10  14
6711  10  15
6712  10  16
6713  10  17
6714  10  18
6715  10  19
6716  10  20
6717  10  21
6718  10  22
6719  10  23
6720  10  24
6721  14   1
6722  14   2
6723  14   3
6724  14   4
6725  14   5
6726  14   6
6727  14   7
6728  14   8
6729  14   9
6730  14  10
6731  14  11
6732  14  12
6733  14  13
6734  14  14
6735  14  15
6736  14  16
6737  14  17
6738  14  18
6739  14  19
6740  14  20
6741  14  21
6742  14  22
6743  14  23
6744  14  24
6745  14   1
6746  14   2
6747  14   3
6748  14   4
6749  14   5
6750  14   6
6751  14   7
6752  14   8
6753  14   9
6754  14  10
6755  14  11
6756  14  12
6757  14  13
6758  14  14
6759  14  15
6760  14  16
6761  14  17
6762  14  18
6763  14  19
6764  14  20
6765  14  21
6766  14  22
6767  14  23
6768  14  24
6769   4   1
6770   4   2
6771   4   3
6772   4   4
6773   4   5
6774   4   6
6775   4   7
6776   4   8
6777   4   9
6778   4  10
6779   4  11
6780   4  12
6781   4  13
6782   4  14
6783   4  15
6784   4  16
6785   4  17
6786   4  18
6787   4  19
6788   4  20
6789   4  21
6790   4  22
6791   4  23
6792   4  24
6793   4   1
6794   4   2
6795   4   3
6796   4   4
6797   4   5
6798   4   6
6799   4   7
6800   4   8
6801   4   9
6802   4  10
6803   4  11
6804   4  12
6805   4  13
6806   4  14
6807   4  15
6808   4  16
6809   4  17
6810   4  18
6811   4  19
6812   4  20
6813   4  21
6814   4  22
6815   4  23
6816   4  24
6817   9   1
6818   9   2
6819   9   3
6820   9   4
6821   9   5
6822   9   6
6823   9   7
6824   9   8
6825   9   9
6826   9  10
6827   9  11
6828   9  12
6829   9  13
6830   9  14
6831   9  15
6832   9  16
6833   9  17
6834   9  18
6835   9  19
6836   9  20
6837   9  21
6838   9  22
6839   9  23
6840   9  24
6841  10   1
6842  10   2
6843  10   3
6844  10   4
6845  10   5
6846  10   6
6847  10   7
6848  10   8
6849  10   9
6850  10  10
6851  10  11
6852  10  12
6853  10  13
6854  10  14
6855  10  15
6856  10  16
6857  10  17
6858  10  18
6859  10  19
6860  10  20
6861  10  21
6862  10  22
6863  10  23
6864  10  24
6865  15   1
6866  15   2
6867  15   3
6868  15   4
6869  15   5
6870  15   6
6871  15   7
6872  15   8
6873  15   9
6874  15  10
6875  15  11
6876  15  12
6877  15  13
6878  15  14
6879  15  15
6880  15  16
6881  15  17
6882  15  18
6883  15  19
6884  15  20
6885  15  21
6886  15  22
6887  15  23
6888  15  24
6889  14   1
6890  14   2
6891  14   3
6892  14   4
6893  14   5
6894  14   6
6895  14   7
6896  14   8
6897  14   9
6898  14  10
6899  14  11
6900  14  12
6901  14  13
6902  14  14
6903  14  15
6904  14  16
6905  14  17
6906  14  18
6907  14  19
6908  14  20
6909  14  21
6910  14  22
6911  14  23
6912  14  24
6913  14   1
6914  14   2
6915  14   3
6916  14   4
6917  14   5
6918  14   6
6919  14   7
6920  14   8
6921  14   9
6922  14  10
6923  14  11
6924  14  12
6925  14  13
6926  14  14
6927  14  15
6928  14  16
6929  14  17
6930  14  18
6931  14  19
6932  14  20
6933  14  21
6934  14  22
6935  14  23
6936  14  24
6937  10   1
6938  10   2
6939  10   3
6940  10   4
6941  10   5
6942  10   6
6943  10   7
6944  10   8
6945  10   9
6946  10  10
6947  10  11
6948  10  12
6949  10  13
6950  10  14
6951  10  15
6952  10  16
6953  10  17
6954  10  18
6955  10  19
6956  10  20
6957  10  21
6958  10  22
6959  10  23
6960  10  24
6961  10   1
6962  10   2
6963  10   3
6964  10   4
6965  10   5
6966  10   6
6967  10   7
6968  10   8
6969  10   9
6970  10  10
6971  10  11
6972  10  12
6973  10  13
6974  10  14
6975  10  15
6976  10  16
6977  10  17
6978  10  18
6979  10  19
6980  10  20
6981  10  21
6982  10  22
6983  10  23
6984  10  24
6985  12   1
6986  12   2
6987  12   3
6988  12   4
6989  12   5
6990  12   6
6991  12   7
6992  12   8
6993  12   9
6994  12  10
6995  12  11
6996  12  12
6997  12  13
6998  12  14
6999  12  15
7000  12  16
7001  12  17
7002  12  18
7003  12  19
7004  12  20
7005  12  21
7006  12  22
7007  12  23
7008  12  24
7009  15   1
7010  15   2
7011  15   3
7012  15   4
7013  15   5
7014  15   6
7015  15   7
7016  15   8
7017  15   9
7018  15  10
7019  15  11
7020  15  12
7021  15  13
7022  15  14
7023  15  15
7024  15  16
7025  15  17
7026  15  18
7027  15  19
7028  15  20
7029  15  21
7030  15  22
7031  15  23
7032  15  24
7033  10   1
7034  10   2
7035  10   3
7036  10   4
7037  10   5
7038  10   6
7039  10   7
7040  10   8
7041  10   9
7042  10  10
7043  10  11
7044  10  12
7045  10  13
7046  10  14
7047  10  15
7048  10  16
7049  10  17
7050  10  18
7051  10  19
7052  10  20
7053  10  21
7054  10  22
7055  10  23
7056  10  24
7057  14   1
7058  14   2
7059  14   3
7060  14   4
7061  14   5
7062  14   6
7063  14   7
7064  14   8
7065  14   9
7066  14  10
7067  14  11
7068  14  12
7069  14  13
7070  14  14
7071  14  15
7072  14  16
7073  14  17
7074  14  18
7075  14  19
7076  14  20
7077  14  21
7078  14  22
7079  14  23
7080  14  24
7081  14   1
7082  14   2
7083  14   3
7084  14   4
7085  14   5
7086  14   6
7087  14   7
7088  14   8
7089  14   9
7090  14  10
7091  14  11
7092  14  12
7093  14  13
7094  14  14
7095  14  15
7096  14  16
7097  14  17
7098  14  18
7099  14  19
7100  14  20
7101  14  21
7102  14  22
7103  14  23
7104  14  24
7105  10   1
7106  10   2
7107  10   3
7108  10   4
7109  10   5
7110  10   6
7111  10   7
7112  10   8
7113  10   9
7114  10  10
7115  10  11
7116  10  12
7117  10  13
7118  10  14
7119  10  15
7120  10  16
7121  10  17
7122  10  18
7123  10  19
7124  10  20
7125  10  21
7126  10  22
7127  10  23
7128  10  24
7129  10   1
7130  10   2
7131  10   3
7132  10   4
7133  10   5
7134  10   6
7135  10   7
7136  10   8
7137  10   9
7138  10  10
7139  10  11
7140  10  12
7141  10  13
7142  10  14
7143  10  15
7144  10  16
7145  10  17
7146  10  18
7147  10  19
7148  10  20
7149  10  21
7150  10  22
7151  10  23
7152  10  24
7153  12   1
7154  12   2
7155  12   3
7156  12   4
7157  12   5
7158  12   6
7159  12   7
7160  12   8
7161  12   9
7162  12  10
7163  12  11
7164  12  12
7165  12  13
7166  12  14
7167  12  15
7168  12  16
7169  12  17
7170  12  18
7171  12  19
7172  12  20
7173  12  21
7174  12  22
7175  12  23
7176  12  24
7177  15   1
7178  15   2
7179  15   3
7180  15   4
7181  15   5
7182  15   6
7183  15   7
7184  15   8
7185  15   9
7186  15  10
7187  15  11
7188  15  12
7189  15  13
7190  15  14
7191  15  15
7192  15  16
7193  15  17
7194  15  18
7195  15  19
7196  15  20
7197  15  21
7198  15  22
7199  15  23
7200  15  24
7201  12   1
7202  12   2
7203  12   3
7204  12   4
7205  12   5
7206  12   6
7207  12   7
7208  12   8
7209  12   9
7210  12  10
7211  12  11
7212  12  12
7213  12  13
7214  12  14
7215  12  15
7216  12  16
7217  12  17
7218  12  18
7219  12  19
7220  12  20
7221  12  21
7222  12  22
7223  12  23
7224  12  24
7225  14   1
7226  14   2
7227  14   3
7228  14   4
7229  14   5
7230  14   6
7231  14   7
7232  14   8
7233  14   9
7234  14  10
7235  14  11
7236  14  12
7237  14  13
7238  14  14
7239  14  15
7240  14  16
7241  14  17
7242  14  18
7243  14  19
7244  14  20
7245  14  21
7246  14  22
7247  14  23
7248  14  24
7249   8   1
7250   8   2
7251   8   3
7252   8   4
7253   8   5
7254   8   6
7255   8   7
7256   8   8
7257   8   9
7258   8  10
7259   8  11
7260   8  12
7261   8  13
7262   8  14
7263   8  15
7264   8  16
7265   8  17
7266   8  18
7267   8  19
7268   8  20
7269   8  21
7270   8  22
7271   8  23
7272   8  24
7273   9   1
7274   9   2
7275   9   3
7276   9   4
7277   9   5
7278   9   6
7279   9   7
7280   9   8
7281   9   9
7282   9  10
7283   9  11
7284   9  12
7285   9  13
7286   9  14
7287   9  15
7288   9  16
7289   9  17
7290   9  18
7291   9  19
7292   9  20
7293   9  21
7294   9  22
7295   9  23
7296   9  24
7297  10   1
7298  10   2
7299  10   3
7300  10   4
7301  10   5
7302  10   6
7303  10   7
7304  10   8
7305  10   9
7306  10  10
7307  10  11
7308  10  12
7309  10  13
7310  10  14
7311  10  15
7312  10  16
7313  10  17
7314  10  18
7315  10  19
7316  10  20
7317  10  21
7318  10  22
7319  10  23
7320  10  24
7321  10   1
7322  10   2
7323  10   3
7324  10   4
7325  10   5
7326  10   6
7327  10   7
7328  10   8
7329  10   9
7330  10  10
7331  10  11
7332  10  12
7333  10  13
7334  10  14
7335  10  15
7336  10  16
7337  10  17
7338  10  18
7339  10  19
7340  10  20
7341  10  21
7342  10  22
7343  10  23
7344  10  24
7345  15   1
7346  15   2
7347  15   3
7348  15   4
7349  15   5
7350  15   6
7351  15   7
7352  15   8
7353  15   9
7354  15  10
7355  15  11
7356  15  12
7357  15  13
7358  15  14
7359  15  15
7360  15  16
7361  15  17
7362  15  18
7363  15  19
7364  15  20
7365  15  21
7366  15  22
7367  15  23
7368  15  24
7369  15   1
7370  15   2
7371  15   3
7372  15   4
7373  15   5
7374  15   6
7375  15   7
7376  15   8
7377  15   9
7378  15  10
7379  15  11
7380  15  12
7381  15  13
7382  15  14
7383  15  15
7384  15  16
7385  15  17
7386  15  18
7387  15  19
7388  15  20
7389  15  21
7390  15  22
7391  15  23
7392  15  24
7393  14   1
7394  14   2
7395  14   3
7396  14   4
7397  14   5
7398  14   6
7399  14   7
7400  14   8
7401  14   9
7402  14  10
7403  14  11
7404  14  12
7405  14  13
7406  14  14
7407  14  15
7408  14  16
7409  14  17
7410  14  18
7411  14  19
7412  14  20
7413  14  21
7414  14  22
7415  14  23
7416  14  24
7417  14   1
7418  14   2
7419  14   3
7420  14   4
7421  14   5
7422  14   6
7423  14   7
7424  14   8
7425  14   9
7426  14  10
7427  14  11
7428  14  12
7429  14  13
7430  14  14
7431  14  15
7432  14  16
7433  14  17
7434  14  18
7435  14  19
7436  14  20
7437  14  21
7438  14  22
7439  14  23
7440  14  24
7441  15   1
7442  15   2
7443  15   3
7444  15   4
7445  15   5
7446  15   6
7447  15   7
7448  15   8
7449  15   9
7450  15  10
7451  15  11
7452  15  12
7453  15  13
7454  15  14
7455  15  15
7456  15  16
7457  15  17
7458  15  18
7459  15  19
7460  15  20
7461  15  21
7462  15  22
7463  15  23
7464  15  24
7465  15   1
7466  15   2
7467  15   3
7468  15   4
7469  15   5
7470  15   6
7471  15   7
7472  15   8
7473  15   9
7474  15  10
7475  15  11
7476  15  12
7477  15  13
7478  15  14
7479  15  15
7480  15  16
7481  15  17
7482  15  18
7483  15  19
7484  15  20
7485  15  21
7486  15  22
7487  15  23
7488  15  24
7489  10   1
7490  10   2
7491  10   3
7492  10   4
7493  10   5
7494  10   6
7495  10   7
7496  10   8
7497  10   9
7498  10  10
7499  10  11
7500  10  12
7501  10  13
7502  10  14
7503  10  15
7504  10  16
7505  10  17
7506  10  18
7507  10  19
7508  10  20
7509  10  21
7510  10  22
7511  10  23
7512  10  24
7513   9   1
7514   9   2
7515   9   3
7516   9   4
7517   9   5
7518   9   6
7519   9   7
7520   9   8
7521   9   9
7522   9  10
7523   9  11
7524   9  12
7525   9  13
7526   9  14
7527   9  15
7528   9  16
7529   9  17
7530   9  18
7531   9  19
7532   9  20
7533   9  21
7534   9  22
7535   9  23
7536   9  24
7537   9   1
7538   9   2
7539   9   3
7540   9   4
7541   9   5
7542   9   6
7543   9   7
7544   9   8
7545   9   9
7546   9  10
7547   9  11
7548   9  12
7549   9  13
7550   9  14
7551   9  15
7552   9  16
7553   9  17
7554   9  18
7555   9  19
7556   9  20
7557   9  21
7558   9  22
7559   9  23
7560   9  24
7561   8   1
7562   8   2
7563   8   3
7564   8   4
7565   8   5
7566   8   6
7567   8   7
7568   8   8
7569   8   9
7570   8  10
7571   8  11
7572   8  12
7573   8  13
7574   8  14
7575   8  15
7576   8  16
7577   8  17
7578   8  18
7579   8  19
7580   8  20
7581   8  21
7582   8  22
7583   8  23
7584   8  24
7585   8   1
7586   8   2
7587   8   3
7588   8   4
7589   8   5
7590   8   6
7591   8   7
7592   8   8
7593   8   9
7594   8  10
7595   8  11
7596   8  12
7597   8  13
7598   8  14
7599   8  15
7600   8  16
7601   8  17
7602   8  18
7603   8  19
7604   8  20
7605   8  21
7606   8  22
7607   8  23
7608   8  24
7609   9   1
7610   9   2
7611   9   3
7612   9   4
7613   9   5
7614   9   6
7615   9   7
7616   9   8
7617   9   9
7618   9  10
7619   9  11
7620   9  12
7621   9  13
7622   9  14
7623   9  15
7624   9  16
7625   9  17
7626   9  18
7627   9  19
7628   9  20
7629   9  21
7630   9  22
7631   9  23
7632   9  24
7633   9   1
7634   9   2
7635   9   3
7636   9   4
7637   9   5
7638   9   6
7639   9   7
7640   9   8
7641   9   9
7642   9  10
7643   9  11
7644   9  12
7645   9  13
7646   9  14
7647   9  15
7648   9  16
7649   9  17
7650   9  18
7651   9  19
7652   9  20
7653   9  21
7654   9  22
7655   9  23
7656   9  24
7657   9   1
7658   9   2
7659   9   3
7660   9   4
7661   9   5
7662   9   6
7663   9   7
7664   9   8
7665   9   9
7666   9  10
7667   9  11
7668   9  12
7669   9  13
7670   9  14
7671   9  15
7672   9  16
7673   9  17
7674   9  18
7675   9  19
7676   9  20
7677   9  21
7678   9  22
7679   9  23
7680   9  24
7681   9   1
7682   9   2
7683   9   3
7684   9   4
7685   9   5
7686   9   6
7687   9   7
7688   9   8
7689   9   9
7690   9  10
7691   9  11
7692   9  12
7693   9  13
7694   9  14
7695   9  15
7696   9  16
7697   9  17
7698   9  18
7699   9  19
7700   9  20
7701   9  21
7702   9  22
7703   9  23
7704   9  24
7705   9   1
7706   9   2
7707   9   3
7708   9   4
7709   9   5
7710   9   6
7711   9   7
7712   9   8
7713   9   9
7714   9  10
7715   9  11
7716   9  12
7717   9  13
7718   9  14
7719   9  15
7720   9  16
7721   9  17
7722   9  18
7723   9  19
7724   9  20
7725   9  21
7726   9  22
7727   9  23
7728   9  24
7729   8   1
7730   8   2
7731   8   3
7732   8   4
7733   8   5
7734   8   6
7735   8   7
7736   8   8
7737   8   9
7738   8  10
7739   8  11
7740   8  12
7741   8  13
7742   8  14
7743   8  15
7744   8  16
7745   8  17
7746   8  18
7747   8  19
7748   8  20
7749   8  21
7750   8  22
7751   8  23
7752   8  24
7753   8   1
7754   8   2
7755   8   3
7756   8   4
7757   8   5
7758   8   6
7759   8   7
7760   8   8
7761   8   9
7762   8  10
7763   8  11
7764   8  12
7765   8  13
7766   8  14
7767   8  15
7768   8  16
7769   8  17
7770   8  18
7771   8  19
7772   8  20
7773   8  21
7774   8  22
7775   8  23
7776   8  24
7777   9   1
7778   9   2
7779   9   3
7780   9   4
7781   9   5
7782   9   6
7783   9   7
7784   9   8
7785   9   9
7786   9  10
7787   9  11
7788   9  12
7789   9  13
7790   9  14
7791   9  15
7792   9  16
7793   9  17
7794   9  18
7795   9  19
7796   9  20
7797   9  21
7798   9  22
7799   9  23
7800   9  24
7801   9   1
7802   9   2
7803   9   3
7804   9   4
7805   9   5
7806   9   6
7807   9   7
7808   9   8
7809   9   9
7810   9  10
7811   9  11
7812   9  12
7813   9  13
7814   9  14
7815   9  15
7816   9  16
7817   9  17
7818   9  18
7819   9  19
7820   9  20
7821   9  21
7822   9  22
7823   9  23
7824   9  24
7825   9   1
7826   9   2
7827   9   3
7828   9   4
7829   9   5
7830   9   6
7831   9   7
7832   9   8
7833   9   9
7834   9  10
7835   9  11
7836   9  12
7837   9  13
7838   9  14
7839   9  15
7840   9  16
7841   9  17
7842   9  18
7843   9  19
7844   9  20
7845   9  21
7846   9  22
7847   9  23
7848   9  24
7849   4   1
7850   4   2
7851   4   3
7852   4   4
7853   4   5
7854   4   6
7855   4   7
7856   4   8
7857   4   9
7858   4  10
7859   4  11
7860   4  12
7861   4  13
7862   4  14
7863   4  15
7864   4  16
7865   4  17
7866   4  18
7867   4  19
7868   4  20
7869   4  21
7870   4  22
7871   4  23
7872   4  24
7873   4   1
7874   4   2
7875   4   3
7876   4   4
7877   4   5
7878   4   6
7879   4   7
7880   4   8
7881   4   9
7882   4  10
7883   4  11
7884   4  12
7885   4  13
7886   4  14
7887   4  15
7888   4  16
7889   4  17
7890   4  18
7891   4  19
7892   4  20
7893   4  21
7894   4  22
7895   4  23
7896   4  24
7897   6   1
7898   6   2
7899   6   3
7900   6   4
7901   6   5
7902   6   6
7903   6   7
7904   6   8
7905   6   9
7906   6  10
7907   6  11
7908   6  12
7909   6  13
7910   6  14
7911   6  15
7912   6  16
7913   6  17
7914   6  18
7915   6  19
7916   6  20
7917   6  21
7918   6  22
7919   6  23
7920   6  24
7921   6   1
7922   6   2
7923   6   3
7924   6   4
7925   6   5
7926   6   6
7927   6   7
7928   6   8
7929   6   9
7930   6  10
7931   6  11
7932   6  12
7933   6  13
7934   6  14
7935   6  15
7936   6  16
7937   6  17
7938   6  18
7939   6  19
7940   6  20
7941   6  21
7942   6  22
7943   6  23
7944   6  24
7945   4   1
7946   4   2
7947   4   3
7948   4   4
7949   4   5
7950   4   6
7951   4   7
7952   4   8
7953   4   9
7954   4  10
7955   4  11
7956   4  12
7957   4  13
7958   4  14
7959   4  15
7960   4  16
7961   4  17
7962   4  18
7963   4  19
7964   4  20
7965   4  21
7966   4  22
7967   4  23
7968   4  24
7969   9   1
7970   9   2
7971   9   3
7972   9   4
7973   9   5
7974   9   6
7975   9   7
7976   9   8
7977   9   9
7978   9  10
7979   9  11
7980   9  12
7981   9  13
7982   9  14
7983   9  15
7984   9  16
7985   9  17
7986   9  18
7987   9  19
7988   9  20
7989   9  21
7990   9  22
7991   9  23
7992   9  24
7993   9   1
7994   9   2
7995   9   3
7996   9   4
7997   9   5
7998   9   6
7999   9   7
8000   9   8
8001   9   9
8002   9  10
8003   9  11
8004   9  12
8005   9  13
8006   9  14
8007   9  15
8008   9  16
8009   9  17
8010   9  18
8011   9  19
8012   9  20
8013   9  21
8014   9  22
8015   9  23
8016   9  24
8017   9   1
8018   9   2
8019   9   3
8020   9   4
8021   9   5
8022   9   6
8023   9   7
8024   9   8
8025   9   9
8026   9  10
8027   9  11
8028   9  12
8029   9  13
8030   9  14
8031   9  15
8032   9  16
8033   9  17
8034   9  18
8035   9  19
8036   9  20
8037   9  21
8038   9  22
8039   9  23
8040   9  24
8041   4   1
8042   4   2
8043   4   3
8044   4   4
8045   4   5
8046   4   6
8047   4   7
8048   4   8
8049   4   9
8050   4  10
8051   4  11
8052   4  12
8053   4  13
8054   4  14
8055   4  15
8056   4  16
8057   4  17
8058   4  18
8059   4  19
8060   4  20
8061   4  21
8062   4  22
8063   4  23
8064   4  24
8065   6   1
8066   6   2
8067   6   3
8068   6   4
8069   6   5
8070   6   6
8071   6   7
8072   6   8
8073   6   9
8074   6  10
8075   6  11
8076   6  12
8077   6  13
8078   6  14
8079   6  15
8080   6  16
8081   6  17
8082   6  18
8083   6  19
8084   6  20
8085   6  21
8086   6  22
8087   6  23
8088   6  24
8089   6   1
8090   6   2
8091   6   3
8092   6   4
8093   6   5
8094   6   6
8095   6   7
8096   6   8
8097   6   9
8098   6  10
8099   6  11
8100   6  12
8101   6  13
8102   6  14
8103   6  15
8104   6  16
8105   6  17
8106   6  18
8107   6  19
8108   6  20
8109   6  21
8110   6  22
8111   6  23
8112   6  24
8113   4   1
8114   4   2
8115   4   3
8116   4   4
8117   4   5
8118   4   6
8119   4   7
8120   4   8
8121   4   9
8122   4  10
8123   4  11
8124   4  12
8125   4  13
8126   4  14
8127   4  15
8128   4  16
8129   4  17
8130   4  18
8131   4  19
8132   4  20
8133   4  21
8134   4  22
8135   4  23
8136   4  24
8137   5   1
8138   5   2
8139   5   3
8140   5   4
8141   5   5
8142   5   6
8143   5   7
8144   5   8
8145   5   9
8146   5  10
8147   5  11
8148   5  12
8149   5  13
8150   5  14
8151   5  15
8152   5  16
8153   5  17
8154   5  18
8155   5  19
8156   5  20
8157   5  21
8158   5  22
8159   5  23
8160   5  24
8161   5   1
8162   5   2
8163   5   3
8164   5   4
8165   5   5
8166   5   6
8167   5   7
8168   5   8
8169   5   9
8170   5  10
8171   5  11
8172   5  12
8173   5  13
8174   5  14
8175   5  15
8176   5  16
8177   5  17
8178   5  18
8179   5  19
8180   5  20
8181   5  21
8182   5  22
8183   5  23
8184   5  24
8185   4   1
8186   4   2
8187   4   3
8188   4   4
8189   4   5
8190   4   6
8191   4   7
8192   4   8
8193   4   9
8194   4  10
8195   4  11
8196   4  12
8197   4  13
8198   4  14
8199   4  15
8200   4  16
8201   4  17
8202   4  18
8203   4  19
8204   4  20
8205   4  21
8206   4  22
8207   4  23
8208   4  24
8209   4   1
8210   4   2
8211   4   3
8212   4   4
8213   4   5
8214   4   6
8215   4   7
8216   4   8
8217   4   9
8218   4  10
8219   4  11
8220   4  12
8221   4  13
8222   4  14
8223   4  15
8224   4  16
8225   4  17
8226   4  18
8227   4  19
8228   4  20
8229   4  21
8230   4  22
8231   4  23
8232   4  24
8233   6   1
8234   6   2
8235   6   3
8236   6   4
8237   6   5
8238   6   6
8239   6   7
8240   6   8
8241   6   9
8242   6  10
8243   6  11
8244   6  12
8245   6  13
8246   6  14
8247   6  15
8248   6  16
8249   6  17
8250   6  18
8251   6  19
8252   6  20
8253   6  21
8254   6  22
8255   6  23
8256   6  24
8257   6   1
8258   6   2
8259   6   3
8260   6   4
8261   6   5
8262   6   6
8263   6   7
8264   6   8
8265   6   9
8266   6  10
8267   6  11
8268   6  12
8269   6  13
8270   6  14
8271   6  15
8272   6  16
8273   6  17
8274   6  18
8275   6  19
8276   6  20
8277   6  21
8278   6  22
8279   6  23
8280   6  24
8281   5   1
8282   5   2
8283   5   3
8284   5   4
8285   5   5
8286   5   6
8287   5   7
8288   5   8
8289   5   9
8290   5  10
8291   5  11
8292   5  12
8293   5  13
8294   5  14
8295   5  15
8296   5  16
8297   5  17
8298   5  18
8299   5  19
8300   5  20
8301   5  21
8302   5  22
8303   5  23
8304   5  24
8305   5   1
8306   5   2
8307   5   3
8308   5   4
8309   5   5
8310   5   6
8311   5   7
8312   5   8
8313   5   9
8314   5  10
8315   5  11
8316   5  12
8317   5  13
8318   5  14
8319   5  15
8320   5  16
8321   5  17
8322   5  18
8323   5  19
8324   5  20
8325   5  21
8326   5  22
8327   5  23
8328   5  24
8329   4   1
8330   4   2
8331   4   3
8332   4   4
8333   4   5
8334   4   6
8335   4   7
8336   4   8
8337   4   9
8338   4  10
8339   4  11
8340   4  12
8341   4  13
8342   4  14
8343   4  15
8344   4  16
8345   4  17
8346   4  18
8347   4  19
8348   4  20
8349   4  21
8350   4  22
8351   4  23
8352   4  24
8353   5   1
8354   5   2
8355   5   3
8356   5   4
8357   5   5
8358   5   6
8359   5   7
8360   5   8
8361   5   9
8362   5  10
8363   5  11
8364   5  12
8365   5  13
8366   5  14
8367   5  15
8368   5  16
8369   5  17
8370   5  18
8371   5  19
8372   5  20
8373   5  21
8374   5  22
8375   5  23
8376   5  24
8377   5   1
8378   5   2
8379   5   3
8380   5   4
8381   5   5
8382   5   6
8383   5   7
8384   5   8
8385   5   9
8386   5  10
8387   5  11
8388   5  12
8389   5  13
8390   5  14
8391   5  15
8392   5  16
8393   5  17
8394   5  18
8395   5  19
8396   5  20
8397   5  21
8398   5  22
8399   5  23
8400   5  24
8401   1   1
8402   1   2
8403   1   3
8404   1   4
8405   1   5
8406   1   6
8407   1   7
8408   1   8
8409   1   9
8410   1  10
8411   1  11
8412   1  12
8413   1  13
8414   1  14
8415   1  15
8416   1  16
8417   1  17
8418   1  18
8419   1  19
8420   1  20
8421   1  21
8422   1  22
8423   1  23
8424   1  24
8425   1   1
8426   1   2
8427   1   3
8428   1   4
8429   1   5
8430   1   6
8431   1   7
8432   1   8
8433   1   9
8434   1  10
8435   1  11
8436   1  12
8437   1  13
8438   1  14
8439   1  15
8440   1  16
8441   1  17
8442   1  18
8443   1  19
8444   1  20
8445   1  21
8446   1  22
8447   1  23
8448   1  24
8449   2   1
8450   2   2
8451   2   3
8452   2   4
8453   2   5
8454   2   6
8455   2   7
8456   2   8
8457   2   9
8458   2  10
8459   2  11
8460   2  12
8461   2  13
8462   2  14
8463   2  15
8464   2  16
8465   2  17
8466   2  18
8467   2  19
8468   2  20
8469   2  21
8470   2  22
8471   2  23
8472   2  24
8473   2   1
8474   2   2
8475   2   3
8476   2   4
8477   2   5
8478   2   6
8479   2   7
8480   2   8
8481   2   9
8482   2  10
8483   2  11
8484   2  12
8485   2  13
8486   2  14
8487   2  15
8488   2  16
8489   2  17
8490   2  18
8491   2  19
8492   2  20
8493   2  21
8494   2  22
8495   2  23
8496   2  24
8497   5   1
8498   5   2
8499   5   3
8500   5   4
8501   5   5
8502   5   6
8503   5   7
8504   5   8
8505   5   9
8506   5  10
8507   5  11
8508   5  12
8509   5  13
8510   5  14
8511   5  15
8512   5  16
8513   5  17
8514   5  18
8515   5  19
8516   5  20
8517   5  21
8518   5  22
8519   5  23
8520   5  24
8521   5   1
8522   5   2
8523   5   3
8524   5   4
8525   5   5
8526   5   6
8527   5   7
8528   5   8
8529   5   9
8530   5  10
8531   5  11
8532   5  12
8533   5  13
8534   5  14
8535   5  15
8536   5  16
8537   5  17
8538   5  18
8539   5  19
8540   5  20
8541   5  21
8542   5  22
8543   5  23
8544   5  24
8545   4   1
8546   4   2
8547   4   3
8548   4   4
8549   4   5
8550   4   6
8551   4   7
8552   4   8
8553   4   9
8554   4  10
8555   4  11
8556   4  12
8557   4  13
8558   4  14
8559   4  15
8560   4  16
8561   4  17
8562   4  18
8563   4  19
8564   4  20
8565   4  21
8566   4  22
8567   4  23
8568   4  24
8569   1   1
8570   1   2
8571   1   3
8572   1   4
8573   1   5
8574   1   6
8575   1   7
8576   1   8
8577   1   9
8578   1  10
8579   1  11
8580   1  12
8581   1  13
8582   1  14
8583   1  15
8584   1  16
8585   1  17
8586   1  18
8587   1  19
8588   1  20
8589   1  21
8590   1  22
8591   1  23
8592   1  24
8593   1   1
8594   1   2
8595   1   3
8596   1   4
8597   1   5
8598   1   6
8599   1   7
8600   1   8
8601   1   9
8602   1  10
8603   1  11
8604   1  12
8605   1  13
8606   1  14
8607   1  15
8608   1  16
8609   1  17
8610   1  18
8611   1  19
8612   1  20
8613   1  21
8614   1  22
8615   1  23
8616   1  24
8617   5   1
8618   5   2
8619   5   3
8620   5   4
8621   5   5
8622   5   6
8623   5   7
8624   5   8
8625   5   9
8626   5  10
8627   5  11
8628   5  12
8629   5  13
8630   5  14
8631   5  15
8632   5  16
8633   5  17
8634   5  18
8635   5  19
8636   5  20
8637   5  21
8638   5  22
8639   5  23
8640   5  24
8641   5   1
8642   5   2
8643   5   3
8644   5   4
8645   5   5
8646   5   6
8647   5   7
8648   5   8
8649   5   9
8650   5  10
8651   5  11
8652   5  12
8653   5  13
8654   5  14
8655   5  15
8656   5  16
8657   5  17
8658   5  18
8659   5  19
8660   5  20
8661   5  21
8662   5  22
8663   5  23
8664   5  24
8665   5   1
8666   5   2
8667   5   3
8668   5   4
8669   5   5
8670   5   6
8671   5   7
8672   5   8
8673   5   9
8674   5  10
8675   5  11
8676   5  12
8677   5  13
8678   5  14
8679   5  15
8680   5  16
8681   5  17
8682   5  18
8683   5  19
8684   5  20
8685   5  21
8686   5  22
8687   5  23
8688   5  24
8689   5   1
8690   5   2
8691   5   3
8692   5   4
8693   5   5
8694   5   6
8695   5   7
8696   5   8
8697   5   9
8698   5  10
8699   5  11
8700   5  12
8701   5  13
8702   5  14
8703   5  15
8704   5  16
8705   5  17
8706   5  18
8707   5  19
8708   5  20
8709   5  21
8710   5  22
8711   5  23
8712   5  24
8713   5   1
8714   5   2
8715   5   3
8716   5   4
8717   5   5
8718   5   6
8719   5   7
8720   5   8
8721   5   9
8722   5  10
8723   5  11
8724   5  12
8725   5  13
8726   5  14
8727   5  15
8728   5  16
8729   5  17
8730   5  18
8731   5  19
8732   5  20
8733   5  21
8734   5  22
8735   5  23
8736   5  24
8737   1   1
8738   1   2
8739   1   3
8740   1   4
8741   1   5
8742   1   6
8743   1   7
8744   1   8
8745   1   9
8746   1  10
8747   1  11
8748   1  12
8749   1  13
8750   1  14
8751   1  15
8752   1  16
8753   1  17
8754   1  18
8755   1  19
8756   1  20
8757   1  21
8758   1  22
8759   1  23
8760   1  24
;