param : PeriodOfYear TimeOfYear := 
1      1   1
2      1   2
3      1   3
4      1   4
5      1   5
6      1   6
7      1   7
8      1   8
9      1   9
10     1  10
11     1  11
12     1  12
13     1  13
14     1  14
15     1  15
16     1  16
17     1  17
18     1  18
19     1  19
20     1  20
21     1  21
22     1  22
23     1  23
24     1  24
25     2   1
26     2   2
27     2   3
28     2   4
29     2   5
30     2   6
31     2   7
32     2   8
33     2   9
34     2  10
35     2  11
36     2  12
37     2  13
38     2  14
39     2  15
40     2  16
41     2  17
42     2  18
43     2  19
44     2  20
45     2  21
46     2  22
47     2  23
48     2  24
49     2   1
50     2   2
51     2   3
52     2   4
53     2   5
54     2   6
55     2   7
56     2   8
57     2   9
58     2  10
59     2  11
60     2  12
61     2  13
62     2  14
63     2  15
64     2  16
65     2  17
66     2  18
67     2  19
68     2  20
69     2  21
70     2  22
71     2  23
72     2  24
73     1   1
74     1   2
75     1   3
76     1   4
77     1   5
78     1   6
79     1   7
80     1   8
81     1   9
82     1  10
83     1  11
84     1  12
85     1  13
86     1  14
87     1  15
88     1  16
89     1  17
90     1  18
91     1  19
92     1  20
93     1  21
94     1  22
95     1  23
96     1  24
97     2   1
98     2   2
99     2   3
100    2   4
101    2   5
102    2   6
103    2   7
104    2   8
105    2   9
106    2  10
107    2  11
108    2  12
109    2  13
110    2  14
111    2  15
112    2  16
113    2  17
114    2  18
115    2  19
116    2  20
117    2  21
118    2  22
119    2  23
120    2  24
121    2   1
122    2   2
123    2   3
124    2   4
125    2   5
126    2   6
127    2   7
128    2   8
129    2   9
130    2  10
131    2  11
132    2  12
133    2  13
134    2  14
135    2  15
136    2  16
137    2  17
138    2  18
139    2  19
140    2  20
141    2  21
142    2  22
143    2  23
144    2  24
145    3   1
146    3   2
147    3   3
148    3   4
149    3   5
150    3   6
151    3   7
152    3   8
153    3   9
154    3  10
155    3  11
156    3  12
157    3  13
158    3  14
159    3  15
160    3  16
161    3  17
162    3  18
163    3  19
164    3  20
165    3  21
166    3  22
167    3  23
168    3  24
169    2   1
170    2   2
171    2   3
172    2   4
173    2   5
174    2   6
175    2   7
176    2   8
177    2   9
178    2  10
179    2  11
180    2  12
181    2  13
182    2  14
183    2  15
184    2  16
185    2  17
186    2  18
187    2  19
188    2  20
189    2  21
190    2  22
191    2  23
192    2  24
193    2   1
194    2   2
195    2   3
196    2   4
197    2   5
198    2   6
199    2   7
200    2   8
201    2   9
202    2  10
203    2  11
204    2  12
205    2  13
206    2  14
207    2  15
208    2  16
209    2  17
210    2  18
211    2  19
212    2  20
213    2  21
214    2  22
215    2  23
216    2  24
217    3   1
218    3   2
219    3   3
220    3   4
221    3   5
222    3   6
223    3   7
224    3   8
225    3   9
226    3  10
227    3  11
228    3  12
229    3  13
230    3  14
231    3  15
232    3  16
233    3  17
234    3  18
235    3  19
236    3  20
237    3  21
238    3  22
239    3  23
240    3  24
241    3   1
242    3   2
243    3   3
244    3   4
245    3   5
246    3   6
247    3   7
248    3   8
249    3   9
250    3  10
251    3  11
252    3  12
253    3  13
254    3  14
255    3  15
256    3  16
257    3  17
258    3  18
259    3  19
260    3  20
261    3  21
262    3  22
263    3  23
264    3  24
265    4   1
266    4   2
267    4   3
268    4   4
269    4   5
270    4   6
271    4   7
272    4   8
273    4   9
274    4  10
275    4  11
276    4  12
277    4  13
278    4  14
279    4  15
280    4  16
281    4  17
282    4  18
283    4  19
284    4  20
285    4  21
286    4  22
287    4  23
288    4  24
289    3   1
290    3   2
291    3   3
292    3   4
293    3   5
294    3   6
295    3   7
296    3   8
297    3   9
298    3  10
299    3  11
300    3  12
301    3  13
302    3  14
303    3  15
304    3  16
305    3  17
306    3  18
307    3  19
308    3  20
309    3  21
310    3  22
311    3  23
312    3  24
313    2   1
314    2   2
315    2   3
316    2   4
317    2   5
318    2   6
319    2   7
320    2   8
321    2   9
322    2  10
323    2  11
324    2  12
325    2  13
326    2  14
327    2  15
328    2  16
329    2  17
330    2  18
331    2  19
332    2  20
333    2  21
334    2  22
335    2  23
336    2  24
337    3   1
338    3   2
339    3   3
340    3   4
341    3   5
342    3   6
343    3   7
344    3   8
345    3   9
346    3  10
347    3  11
348    3  12
349    3  13
350    3  14
351    3  15
352    3  16
353    3  17
354    3  18
355    3  19
356    3  20
357    3  21
358    3  22
359    3  23
360    3  24
361    3   1
362    3   2
363    3   3
364    3   4
365    3   5
366    3   6
367    3   7
368    3   8
369    3   9
370    3  10
371    3  11
372    3  12
373    3  13
374    3  14
375    3  15
376    3  16
377    3  17
378    3  18
379    3  19
380    3  20
381    3  21
382    3  22
383    3  23
384    3  24
385    2   1
386    2   2
387    2   3
388    2   4
389    2   5
390    2   6
391    2   7
392    2   8
393    2   9
394    2  10
395    2  11
396    2  12
397    2  13
398    2  14
399    2  15
400    2  16
401    2  17
402    2  18
403    2  19
404    2  20
405    2  21
406    2  22
407    2  23
408    2  24
409    3   1
410    3   2
411    3   3
412    3   4
413    3   5
414    3   6
415    3   7
416    3   8
417    3   9
418    3  10
419    3  11
420    3  12
421    3  13
422    3  14
423    3  15
424    3  16
425    3  17
426    3  18
427    3  19
428    3  20
429    3  21
430    3  22
431    3  23
432    3  24
433    3   1
434    3   2
435    3   3
436    3   4
437    3   5
438    3   6
439    3   7
440    3   8
441    3   9
442    3  10
443    3  11
444    3  12
445    3  13
446    3  14
447    3  15
448    3  16
449    3  17
450    3  18
451    3  19
452    3  20
453    3  21
454    3  22
455    3  23
456    3  24
457    3   1
458    3   2
459    3   3
460    3   4
461    3   5
462    3   6
463    3   7
464    3   8
465    3   9
466    3  10
467    3  11
468    3  12
469    3  13
470    3  14
471    3  15
472    3  16
473    3  17
474    3  18
475    3  19
476    3  20
477    3  21
478    3  22
479    3  23
480    3  24
481    4   1
482    4   2
483    4   3
484    4   4
485    4   5
486    4   6
487    4   7
488    4   8
489    4   9
490    4  10
491    4  11
492    4  12
493    4  13
494    4  14
495    4  15
496    4  16
497    4  17
498    4  18
499    4  19
500    4  20
501    4  21
502    4  22
503    4  23
504    4  24
505    4   1
506    4   2
507    4   3
508    4   4
509    4   5
510    4   6
511    4   7
512    4   8
513    4   9
514    4  10
515    4  11
516    4  12
517    4  13
518    4  14
519    4  15
520    4  16
521    4  17
522    4  18
523    4  19
524    4  20
525    4  21
526    4  22
527    4  23
528    4  24
529    3   1
530    3   2
531    3   3
532    3   4
533    3   5
534    3   6
535    3   7
536    3   8
537    3   9
538    3  10
539    3  11
540    3  12
541    3  13
542    3  14
543    3  15
544    3  16
545    3  17
546    3  18
547    3  19
548    3  20
549    3  21
550    3  22
551    3  23
552    3  24
553    3   1
554    3   2
555    3   3
556    3   4
557    3   5
558    3   6
559    3   7
560    3   8
561    3   9
562    3  10
563    3  11
564    3  12
565    3  13
566    3  14
567    3  15
568    3  16
569    3  17
570    3  18
571    3  19
572    3  20
573    3  21
574    3  22
575    3  23
576    3  24
577    3   1
578    3   2
579    3   3
580    3   4
581    3   5
582    3   6
583    3   7
584    3   8
585    3   9
586    3  10
587    3  11
588    3  12
589    3  13
590    3  14
591    3  15
592    3  16
593    3  17
594    3  18
595    3  19
596    3  20
597    3  21
598    3  22
599    3  23
600    3  24
601    3   1
602    3   2
603    3   3
604    3   4
605    3   5
606    3   6
607    3   7
608    3   8
609    3   9
610    3  10
611    3  11
612    3  12
613    3  13
614    3  14
615    3  15
616    3  16
617    3  17
618    3  18
619    3  19
620    3  20
621    3  21
622    3  22
623    3  23
624    3  24
625    3   1
626    3   2
627    3   3
628    3   4
629    3   5
630    3   6
631    3   7
632    3   8
633    3   9
634    3  10
635    3  11
636    3  12
637    3  13
638    3  14
639    3  15
640    3  16
641    3  17
642    3  18
643    3  19
644    3  20
645    3  21
646    3  22
647    3  23
648    3  24
649    4   1
650    4   2
651    4   3
652    4   4
653    4   5
654    4   6
655    4   7
656    4   8
657    4   9
658    4  10
659    4  11
660    4  12
661    4  13
662    4  14
663    4  15
664    4  16
665    4  17
666    4  18
667    4  19
668    4  20
669    4  21
670    4  22
671    4  23
672    4  24
673    3   1
674    3   2
675    3   3
676    3   4
677    3   5
678    3   6
679    3   7
680    3   8
681    3   9
682    3  10
683    3  11
684    3  12
685    3  13
686    3  14
687    3  15
688    3  16
689    3  17
690    3  18
691    3  19
692    3  20
693    3  21
694    3  22
695    3  23
696    3  24
697    1   1
698    1   2
699    1   3
700    1   4
701    1   5
702    1   6
703    1   7
704    1   8
705    1   9
706    1  10
707    1  11
708    1  12
709    1  13
710    1  14
711    1  15
712    1  16
713    1  17
714    1  18
715    1  19
716    1  20
717    1  21
718    1  22
719    1  23
720    1  24
721    1   1
722    1   2
723    1   3
724    1   4
725    1   5
726    1   6
727    1   7
728    1   8
729    1   9
730    1  10
731    1  11
732    1  12
733    1  13
734    1  14
735    1  15
736    1  16
737    1  17
738    1  18
739    1  19
740    1  20
741    1  21
742    1  22
743    1  23
744    1  24
745    5   1
746    5   2
747    5   3
748    5   4
749    5   5
750    5   6
751    5   7
752    5   8
753    5   9
754    5  10
755    5  11
756    5  12
757    5  13
758    5  14
759    5  15
760    5  16
761    5  17
762    5  18
763    5  19
764    5  20
765    5  21
766    5  22
767    5  23
768    5  24
769    2   1
770    2   2
771    2   3
772    2   4
773    2   5
774    2   6
775    2   7
776    2   8
777    2   9
778    2  10
779    2  11
780    2  12
781    2  13
782    2  14
783    2  15
784    2  16
785    2  17
786    2  18
787    2  19
788    2  20
789    2  21
790    2  22
791    2  23
792    2  24
793    2   1
794    2   2
795    2   3
796    2   4
797    2   5
798    2   6
799    2   7
800    2   8
801    2   9
802    2  10
803    2  11
804    2  12
805    2  13
806    2  14
807    2  15
808    2  16
809    2  17
810    2  18
811    2  19
812    2  20
813    2  21
814    2  22
815    2  23
816    2  24
817    4   1
818    4   2
819    4   3
820    4   4
821    4   5
822    4   6
823    4   7
824    4   8
825    4   9
826    4  10
827    4  11
828    4  12
829    4  13
830    4  14
831    4  15
832    4  16
833    4  17
834    4  18
835    4  19
836    4  20
837    4  21
838    4  22
839    4  23
840    4  24
841    3   1
842    3   2
843    3   3
844    3   4
845    3   5
846    3   6
847    3   7
848    3   8
849    3   9
850    3  10
851    3  11
852    3  12
853    3  13
854    3  14
855    3  15
856    3  16
857    3  17
858    3  18
859    3  19
860    3  20
861    3  21
862    3  22
863    3  23
864    3  24
865    3   1
866    3   2
867    3   3
868    3   4
869    3   5
870    3   6
871    3   7
872    3   8
873    3   9
874    3  10
875    3  11
876    3  12
877    3  13
878    3  14
879    3  15
880    3  16
881    3  17
882    3  18
883    3  19
884    3  20
885    3  21
886    3  22
887    3  23
888    3  24
889    3   1
890    3   2
891    3   3
892    3   4
893    3   5
894    3   6
895    3   7
896    3   8
897    3   9
898    3  10
899    3  11
900    3  12
901    3  13
902    3  14
903    3  15
904    3  16
905    3  17
906    3  18
907    3  19
908    3  20
909    3  21
910    3  22
911    3  23
912    3  24
913    4   1
914    4   2
915    4   3
916    4   4
917    4   5
918    4   6
919    4   7
920    4   8
921    4   9
922    4  10
923    4  11
924    4  12
925    4  13
926    4  14
927    4  15
928    4  16
929    4  17
930    4  18
931    4  19
932    4  20
933    4  21
934    4  22
935    4  23
936    4  24
937    3   1
938    3   2
939    3   3
940    3   4
941    3   5
942    3   6
943    3   7
944    3   8
945    3   9
946    3  10
947    3  11
948    3  12
949    3  13
950    3  14
951    3  15
952    3  16
953    3  17
954    3  18
955    3  19
956    3  20
957    3  21
958    3  22
959    3  23
960    3  24
961    3   1
962    3   2
963    3   3
964    3   4
965    3   5
966    3   6
967    3   7
968    3   8
969    3   9
970    3  10
971    3  11
972    3  12
973    3  13
974    3  14
975    3  15
976    3  16
977    3  17
978    3  18
979    3  19
980    3  20
981    3  21
982    3  22
983    3  23
984    3  24
985    3   1
986    3   2
987    3   3
988    3   4
989    3   5
990    3   6
991    3   7
992    3   8
993    3   9
994    3  10
995    3  11
996    3  12
997    3  13
998    3  14
999    3  15
1000   3  16
1001   3  17
1002   3  18
1003   3  19
1004   3  20
1005   3  21
1006   3  22
1007   3  23
1008   3  24
1009   4   1
1010   4   2
1011   4   3
1012   4   4
1013   4   5
1014   4   6
1015   4   7
1016   4   8
1017   4   9
1018   4  10
1019   4  11
1020   4  12
1021   4  13
1022   4  14
1023   4  15
1024   4  16
1025   4  17
1026   4  18
1027   4  19
1028   4  20
1029   4  21
1030   4  22
1031   4  23
1032   4  24
1033   4   1
1034   4   2
1035   4   3
1036   4   4
1037   4   5
1038   4   6
1039   4   7
1040   4   8
1041   4   9
1042   4  10
1043   4  11
1044   4  12
1045   4  13
1046   4  14
1047   4  15
1048   4  16
1049   4  17
1050   4  18
1051   4  19
1052   4  20
1053   4  21
1054   4  22
1055   4  23
1056   4  24
1057   4   1
1058   4   2
1059   4   3
1060   4   4
1061   4   5
1062   4   6
1063   4   7
1064   4   8
1065   4   9
1066   4  10
1067   4  11
1068   4  12
1069   4  13
1070   4  14
1071   4  15
1072   4  16
1073   4  17
1074   4  18
1075   4  19
1076   4  20
1077   4  21
1078   4  22
1079   4  23
1080   4  24
1081   4   1
1082   4   2
1083   4   3
1084   4   4
1085   4   5
1086   4   6
1087   4   7
1088   4   8
1089   4   9
1090   4  10
1091   4  11
1092   4  12
1093   4  13
1094   4  14
1095   4  15
1096   4  16
1097   4  17
1098   4  18
1099   4  19
1100   4  20
1101   4  21
1102   4  22
1103   4  23
1104   4  24
1105   3   1
1106   3   2
1107   3   3
1108   3   4
1109   3   5
1110   3   6
1111   3   7
1112   3   8
1113   3   9
1114   3  10
1115   3  11
1116   3  12
1117   3  13
1118   3  14
1119   3  15
1120   3  16
1121   3  17
1122   3  18
1123   3  19
1124   3  20
1125   3  21
1126   3  22
1127   3  23
1128   3  24
1129   1   1
1130   1   2
1131   1   3
1132   1   4
1133   1   5
1134   1   6
1135   1   7
1136   1   8
1137   1   9
1138   1  10
1139   1  11
1140   1  12
1141   1  13
1142   1  14
1143   1  15
1144   1  16
1145   1  17
1146   1  18
1147   1  19
1148   1  20
1149   1  21
1150   1  22
1151   1  23
1152   1  24
1153   3   1
1154   3   2
1155   3   3
1156   3   4
1157   3   5
1158   3   6
1159   3   7
1160   3   8
1161   3   9
1162   3  10
1163   3  11
1164   3  12
1165   3  13
1166   3  14
1167   3  15
1168   3  16
1169   3  17
1170   3  18
1171   3  19
1172   3  20
1173   3  21
1174   3  22
1175   3  23
1176   3  24
1177   3   1
1178   3   2
1179   3   3
1180   3   4
1181   3   5
1182   3   6
1183   3   7
1184   3   8
1185   3   9
1186   3  10
1187   3  11
1188   3  12
1189   3  13
1190   3  14
1191   3  15
1192   3  16
1193   3  17
1194   3  18
1195   3  19
1196   3  20
1197   3  21
1198   3  22
1199   3  23
1200   3  24
1201   1   1
1202   1   2
1203   1   3
1204   1   4
1205   1   5
1206   1   6
1207   1   7
1208   1   8
1209   1   9
1210   1  10
1211   1  11
1212   1  12
1213   1  13
1214   1  14
1215   1  15
1216   1  16
1217   1  17
1218   1  18
1219   1  19
1220   1  20
1221   1  21
1222   1  22
1223   1  23
1224   1  24
1225   1   1
1226   1   2
1227   1   3
1228   1   4
1229   1   5
1230   1   6
1231   1   7
1232   1   8
1233   1   9
1234   1  10
1235   1  11
1236   1  12
1237   1  13
1238   1  14
1239   1  15
1240   1  16
1241   1  17
1242   1  18
1243   1  19
1244   1  20
1245   1  21
1246   1  22
1247   1  23
1248   1  24
1249   3   1
1250   3   2
1251   3   3
1252   3   4
1253   3   5
1254   3   6
1255   3   7
1256   3   8
1257   3   9
1258   3  10
1259   3  11
1260   3  12
1261   3  13
1262   3  14
1263   3  15
1264   3  16
1265   3  17
1266   3  18
1267   3  19
1268   3  20
1269   3  21
1270   3  22
1271   3  23
1272   3  24
1273   3   1
1274   3   2
1275   3   3
1276   3   4
1277   3   5
1278   3   6
1279   3   7
1280   3   8
1281   3   9
1282   3  10
1283   3  11
1284   3  12
1285   3  13
1286   3  14
1287   3  15
1288   3  16
1289   3  17
1290   3  18
1291   3  19
1292   3  20
1293   3  21
1294   3  22
1295   3  23
1296   3  24
1297   1   1
1298   1   2
1299   1   3
1300   1   4
1301   1   5
1302   1   6
1303   1   7
1304   1   8
1305   1   9
1306   1  10
1307   1  11
1308   1  12
1309   1  13
1310   1  14
1311   1  15
1312   1  16
1313   1  17
1314   1  18
1315   1  19
1316   1  20
1317   1  21
1318   1  22
1319   1  23
1320   1  24
1321   1   1
1322   1   2
1323   1   3
1324   1   4
1325   1   5
1326   1   6
1327   1   7
1328   1   8
1329   1   9
1330   1  10
1331   1  11
1332   1  12
1333   1  13
1334   1  14
1335   1  15
1336   1  16
1337   1  17
1338   1  18
1339   1  19
1340   1  20
1341   1  21
1342   1  22
1343   1  23
1344   1  24
1345   3   1
1346   3   2
1347   3   3
1348   3   4
1349   3   5
1350   3   6
1351   3   7
1352   3   8
1353   3   9
1354   3  10
1355   3  11
1356   3  12
1357   3  13
1358   3  14
1359   3  15
1360   3  16
1361   3  17
1362   3  18
1363   3  19
1364   3  20
1365   3  21
1366   3  22
1367   3  23
1368   3  24
1369   3   1
1370   3   2
1371   3   3
1372   3   4
1373   3   5
1374   3   6
1375   3   7
1376   3   8
1377   3   9
1378   3  10
1379   3  11
1380   3  12
1381   3  13
1382   3  14
1383   3  15
1384   3  16
1385   3  17
1386   3  18
1387   3  19
1388   3  20
1389   3  21
1390   3  22
1391   3  23
1392   3  24
1393   3   1
1394   3   2
1395   3   3
1396   3   4
1397   3   5
1398   3   6
1399   3   7
1400   3   8
1401   3   9
1402   3  10
1403   3  11
1404   3  12
1405   3  13
1406   3  14
1407   3  15
1408   3  16
1409   3  17
1410   3  18
1411   3  19
1412   3  20
1413   3  21
1414   3  22
1415   3  23
1416   3  24
1417   3   1
1418   3   2
1419   3   3
1420   3   4
1421   3   5
1422   3   6
1423   3   7
1424   3   8
1425   3   9
1426   3  10
1427   3  11
1428   3  12
1429   3  13
1430   3  14
1431   3  15
1432   3  16
1433   3  17
1434   3  18
1435   3  19
1436   3  20
1437   3  21
1438   3  22
1439   3  23
1440   3  24
1441   3   1
1442   3   2
1443   3   3
1444   3   4
1445   3   5
1446   3   6
1447   3   7
1448   3   8
1449   3   9
1450   3  10
1451   3  11
1452   3  12
1453   3  13
1454   3  14
1455   3  15
1456   3  16
1457   3  17
1458   3  18
1459   3  19
1460   3  20
1461   3  21
1462   3  22
1463   3  23
1464   3  24
1465   3   1
1466   3   2
1467   3   3
1468   3   4
1469   3   5
1470   3   6
1471   3   7
1472   3   8
1473   3   9
1474   3  10
1475   3  11
1476   3  12
1477   3  13
1478   3  14
1479   3  15
1480   3  16
1481   3  17
1482   3  18
1483   3  19
1484   3  20
1485   3  21
1486   3  22
1487   3  23
1488   3  24
1489   2   1
1490   2   2
1491   2   3
1492   2   4
1493   2   5
1494   2   6
1495   2   7
1496   2   8
1497   2   9
1498   2  10
1499   2  11
1500   2  12
1501   2  13
1502   2  14
1503   2  15
1504   2  16
1505   2  17
1506   2  18
1507   2  19
1508   2  20
1509   2  21
1510   2  22
1511   2  23
1512   2  24
1513   2   1
1514   2   2
1515   2   3
1516   2   4
1517   2   5
1518   2   6
1519   2   7
1520   2   8
1521   2   9
1522   2  10
1523   2  11
1524   2  12
1525   2  13
1526   2  14
1527   2  15
1528   2  16
1529   2  17
1530   2  18
1531   2  19
1532   2  20
1533   2  21
1534   2  22
1535   2  23
1536   2  24
1537   2   1
1538   2   2
1539   2   3
1540   2   4
1541   2   5
1542   2   6
1543   2   7
1544   2   8
1545   2   9
1546   2  10
1547   2  11
1548   2  12
1549   2  13
1550   2  14
1551   2  15
1552   2  16
1553   2  17
1554   2  18
1555   2  19
1556   2  20
1557   2  21
1558   2  22
1559   2  23
1560   2  24
1561   1   1
1562   1   2
1563   1   3
1564   1   4
1565   1   5
1566   1   6
1567   1   7
1568   1   8
1569   1   9
1570   1  10
1571   1  11
1572   1  12
1573   1  13
1574   1  14
1575   1  15
1576   1  16
1577   1  17
1578   1  18
1579   1  19
1580   1  20
1581   1  21
1582   1  22
1583   1  23
1584   1  24
1585   2   1
1586   2   2
1587   2   3
1588   2   4
1589   2   5
1590   2   6
1591   2   7
1592   2   8
1593   2   9
1594   2  10
1595   2  11
1596   2  12
1597   2  13
1598   2  14
1599   2  15
1600   2  16
1601   2  17
1602   2  18
1603   2  19
1604   2  20
1605   2  21
1606   2  22
1607   2  23
1608   2  24
1609   1   1
1610   1   2
1611   1   3
1612   1   4
1613   1   5
1614   1   6
1615   1   7
1616   1   8
1617   1   9
1618   1  10
1619   1  11
1620   1  12
1621   1  13
1622   1  14
1623   1  15
1624   1  16
1625   1  17
1626   1  18
1627   1  19
1628   1  20
1629   1  21
1630   1  22
1631   1  23
1632   1  24
1633   1   1
1634   1   2
1635   1   3
1636   1   4
1637   1   5
1638   1   6
1639   1   7
1640   1   8
1641   1   9
1642   1  10
1643   1  11
1644   1  12
1645   1  13
1646   1  14
1647   1  15
1648   1  16
1649   1  17
1650   1  18
1651   1  19
1652   1  20
1653   1  21
1654   1  22
1655   1  23
1656   1  24
1657   5   1
1658   5   2
1659   5   3
1660   5   4
1661   5   5
1662   5   6
1663   5   7
1664   5   8
1665   5   9
1666   5  10
1667   5  11
1668   5  12
1669   5  13
1670   5  14
1671   5  15
1672   5  16
1673   5  17
1674   5  18
1675   5  19
1676   5  20
1677   5  21
1678   5  22
1679   5  23
1680   5  24
1681   1   1
1682   1   2
1683   1   3
1684   1   4
1685   1   5
1686   1   6
1687   1   7
1688   1   8
1689   1   9
1690   1  10
1691   1  11
1692   1  12
1693   1  13
1694   1  14
1695   1  15
1696   1  16
1697   1  17
1698   1  18
1699   1  19
1700   1  20
1701   1  21
1702   1  22
1703   1  23
1704   1  24
1705   2   1
1706   2   2
1707   2   3
1708   2   4
1709   2   5
1710   2   6
1711   2   7
1712   2   8
1713   2   9
1714   2  10
1715   2  11
1716   2  12
1717   2  13
1718   2  14
1719   2  15
1720   2  16
1721   2  17
1722   2  18
1723   2  19
1724   2  20
1725   2  21
1726   2  22
1727   2  23
1728   2  24
1729   5   1
1730   5   2
1731   5   3
1732   5   4
1733   5   5
1734   5   6
1735   5   7
1736   5   8
1737   5   9
1738   5  10
1739   5  11
1740   5  12
1741   5  13
1742   5  14
1743   5  15
1744   5  16
1745   5  17
1746   5  18
1747   5  19
1748   5  20
1749   5  21
1750   5  22
1751   5  23
1752   5  24
1753   5   1
1754   5   2
1755   5   3
1756   5   4
1757   5   5
1758   5   6
1759   5   7
1760   5   8
1761   5   9
1762   5  10
1763   5  11
1764   5  12
1765   5  13
1766   5  14
1767   5  15
1768   5  16
1769   5  17
1770   5  18
1771   5  19
1772   5  20
1773   5  21
1774   5  22
1775   5  23
1776   5  24
1777   6   1
1778   6   2
1779   6   3
1780   6   4
1781   6   5
1782   6   6
1783   6   7
1784   6   8
1785   6   9
1786   6  10
1787   6  11
1788   6  12
1789   6  13
1790   6  14
1791   6  15
1792   6  16
1793   6  17
1794   6  18
1795   6  19
1796   6  20
1797   6  21
1798   6  22
1799   6  23
1800   6  24
1801   6   1
1802   6   2
1803   6   3
1804   6   4
1805   6   5
1806   6   6
1807   6   7
1808   6   8
1809   6   9
1810   6  10
1811   6  11
1812   6  12
1813   6  13
1814   6  14
1815   6  15
1816   6  16
1817   6  17
1818   6  18
1819   6  19
1820   6  20
1821   6  21
1822   6  22
1823   6  23
1824   6  24
1825   5   1
1826   5   2
1827   5   3
1828   5   4
1829   5   5
1830   5   6
1831   5   7
1832   5   8
1833   5   9
1834   5  10
1835   5  11
1836   5  12
1837   5  13
1838   5  14
1839   5  15
1840   5  16
1841   5  17
1842   5  18
1843   5  19
1844   5  20
1845   5  21
1846   5  22
1847   5  23
1848   5  24
1849   6   1
1850   6   2
1851   6   3
1852   6   4
1853   6   5
1854   6   6
1855   6   7
1856   6   8
1857   6   9
1858   6  10
1859   6  11
1860   6  12
1861   6  13
1862   6  14
1863   6  15
1864   6  16
1865   6  17
1866   6  18
1867   6  19
1868   6  20
1869   6  21
1870   6  22
1871   6  23
1872   6  24
1873   1   1
1874   1   2
1875   1   3
1876   1   4
1877   1   5
1878   1   6
1879   1   7
1880   1   8
1881   1   9
1882   1  10
1883   1  11
1884   1  12
1885   1  13
1886   1  14
1887   1  15
1888   1  16
1889   1  17
1890   1  18
1891   1  19
1892   1  20
1893   1  21
1894   1  22
1895   1  23
1896   1  24
1897   6   1
1898   6   2
1899   6   3
1900   6   4
1901   6   5
1902   6   6
1903   6   7
1904   6   8
1905   6   9
1906   6  10
1907   6  11
1908   6  12
1909   6  13
1910   6  14
1911   6  15
1912   6  16
1913   6  17
1914   6  18
1915   6  19
1916   6  20
1917   6  21
1918   6  22
1919   6  23
1920   6  24
1921   6   1
1922   6   2
1923   6   3
1924   6   4
1925   6   5
1926   6   6
1927   6   7
1928   6   8
1929   6   9
1930   6  10
1931   6  11
1932   6  12
1933   6  13
1934   6  14
1935   6  15
1936   6  16
1937   6  17
1938   6  18
1939   6  19
1940   6  20
1941   6  21
1942   6  22
1943   6  23
1944   6  24
1945   6   1
1946   6   2
1947   6   3
1948   6   4
1949   6   5
1950   6   6
1951   6   7
1952   6   8
1953   6   9
1954   6  10
1955   6  11
1956   6  12
1957   6  13
1958   6  14
1959   6  15
1960   6  16
1961   6  17
1962   6  18
1963   6  19
1964   6  20
1965   6  21
1966   6  22
1967   6  23
1968   6  24
1969   6   1
1970   6   2
1971   6   3
1972   6   4
1973   6   5
1974   6   6
1975   6   7
1976   6   8
1977   6   9
1978   6  10
1979   6  11
1980   6  12
1981   6  13
1982   6  14
1983   6  15
1984   6  16
1985   6  17
1986   6  18
1987   6  19
1988   6  20
1989   6  21
1990   6  22
1991   6  23
1992   6  24
1993   6   1
1994   6   2
1995   6   3
1996   6   4
1997   6   5
1998   6   6
1999   6   7
2000   6   8
2001   6   9
2002   6  10
2003   6  11
2004   6  12
2005   6  13
2006   6  14
2007   6  15
2008   6  16
2009   6  17
2010   6  18
2011   6  19
2012   6  20
2013   6  21
2014   6  22
2015   6  23
2016   6  24
2017   6   1
2018   6   2
2019   6   3
2020   6   4
2021   6   5
2022   6   6
2023   6   7
2024   6   8
2025   6   9
2026   6  10
2027   6  11
2028   6  12
2029   6  13
2030   6  14
2031   6  15
2032   6  16
2033   6  17
2034   6  18
2035   6  19
2036   6  20
2037   6  21
2038   6  22
2039   6  23
2040   6  24
2041   6   1
2042   6   2
2043   6   3
2044   6   4
2045   6   5
2046   6   6
2047   6   7
2048   6   8
2049   6   9
2050   6  10
2051   6  11
2052   6  12
2053   6  13
2054   6  14
2055   6  15
2056   6  16
2057   6  17
2058   6  18
2059   6  19
2060   6  20
2061   6  21
2062   6  22
2063   6  23
2064   6  24
2065   6   1
2066   6   2
2067   6   3
2068   6   4
2069   6   5
2070   6   6
2071   6   7
2072   6   8
2073   6   9
2074   6  10
2075   6  11
2076   6  12
2077   6  13
2078   6  14
2079   6  15
2080   6  16
2081   6  17
2082   6  18
2083   6  19
2084   6  20
2085   6  21
2086   6  22
2087   6  23
2088   6  24
2089   6   1
2090   6   2
2091   6   3
2092   6   4
2093   6   5
2094   6   6
2095   6   7
2096   6   8
2097   6   9
2098   6  10
2099   6  11
2100   6  12
2101   6  13
2102   6  14
2103   6  15
2104   6  16
2105   6  17
2106   6  18
2107   6  19
2108   6  20
2109   6  21
2110   6  22
2111   6  23
2112   6  24
2113   6   1
2114   6   2
2115   6   3
2116   6   4
2117   6   5
2118   6   6
2119   6   7
2120   6   8
2121   6   9
2122   6  10
2123   6  11
2124   6  12
2125   6  13
2126   6  14
2127   6  15
2128   6  16
2129   6  17
2130   6  18
2131   6  19
2132   6  20
2133   6  21
2134   6  22
2135   6  23
2136   6  24
2137   6   1
2138   6   2
2139   6   3
2140   6   4
2141   6   5
2142   6   6
2143   6   7
2144   6   8
2145   6   9
2146   6  10
2147   6  11
2148   6  12
2149   6  13
2150   6  14
2151   6  15
2152   6  16
2153   6  17
2154   6  18
2155   6  19
2156   6  20
2157   6  21
2158   6  22
2159   6  23
2160   6  24
2161   5   1
2162   5   2
2163   5   3
2164   5   4
2165   5   5
2166   5   6
2167   5   7
2168   5   8
2169   5   9
2170   5  10
2171   5  11
2172   5  12
2173   5  13
2174   5  14
2175   5  15
2176   5  16
2177   5  17
2178   5  18
2179   5  19
2180   5  20
2181   5  21
2182   5  22
2183   5  23
2184   5  24
2185   7   1
2186   7   2
2187   7   3
2188   7   4
2189   7   5
2190   7   6
2191   7   7
2192   7   8
2193   7   9
2194   7  10
2195   7  11
2196   7  12
2197   7  13
2198   7  14
2199   7  15
2200   7  16
2201   7  17
2202   7  18
2203   7  19
2204   7  20
2205   7  21
2206   7  22
2207   7  23
2208   7  24
2209   5   1
2210   5   2
2211   5   3
2212   5   4
2213   5   5
2214   5   6
2215   5   7
2216   5   8
2217   5   9
2218   5  10
2219   5  11
2220   5  12
2221   5  13
2222   5  14
2223   5  15
2224   5  16
2225   5  17
2226   5  18
2227   5  19
2228   5  20
2229   5  21
2230   5  22
2231   5  23
2232   5  24
2233   5   1
2234   5   2
2235   5   3
2236   5   4
2237   5   5
2238   5   6
2239   5   7
2240   5   8
2241   5   9
2242   5  10
2243   5  11
2244   5  12
2245   5  13
2246   5  14
2247   5  15
2248   5  16
2249   5  17
2250   5  18
2251   5  19
2252   5  20
2253   5  21
2254   5  22
2255   5  23
2256   5  24
2257   6   1
2258   6   2
2259   6   3
2260   6   4
2261   6   5
2262   6   6
2263   6   7
2264   6   8
2265   6   9
2266   6  10
2267   6  11
2268   6  12
2269   6  13
2270   6  14
2271   6  15
2272   6  16
2273   6  17
2274   6  18
2275   6  19
2276   6  20
2277   6  21
2278   6  22
2279   6  23
2280   6  24
2281   6   1
2282   6   2
2283   6   3
2284   6   4
2285   6   5
2286   6   6
2287   6   7
2288   6   8
2289   6   9
2290   6  10
2291   6  11
2292   6  12
2293   6  13
2294   6  14
2295   6  15
2296   6  16
2297   6  17
2298   6  18
2299   6  19
2300   6  20
2301   6  21
2302   6  22
2303   6  23
2304   6  24
2305   6   1
2306   6   2
2307   6   3
2308   6   4
2309   6   5
2310   6   6
2311   6   7
2312   6   8
2313   6   9
2314   6  10
2315   6  11
2316   6  12
2317   6  13
2318   6  14
2319   6  15
2320   6  16
2321   6  17
2322   6  18
2323   6  19
2324   6  20
2325   6  21
2326   6  22
2327   6  23
2328   6  24
2329   6   1
2330   6   2
2331   6   3
2332   6   4
2333   6   5
2334   6   6
2335   6   7
2336   6   8
2337   6   9
2338   6  10
2339   6  11
2340   6  12
2341   6  13
2342   6  14
2343   6  15
2344   6  16
2345   6  17
2346   6  18
2347   6  19
2348   6  20
2349   6  21
2350   6  22
2351   6  23
2352   6  24
2353   6   1
2354   6   2
2355   6   3
2356   6   4
2357   6   5
2358   6   6
2359   6   7
2360   6   8
2361   6   9
2362   6  10
2363   6  11
2364   6  12
2365   6  13
2366   6  14
2367   6  15
2368   6  16
2369   6  17
2370   6  18
2371   6  19
2372   6  20
2373   6  21
2374   6  22
2375   6  23
2376   6  24
2377   7   1
2378   7   2
2379   7   3
2380   7   4
2381   7   5
2382   7   6
2383   7   7
2384   7   8
2385   7   9
2386   7  10
2387   7  11
2388   7  12
2389   7  13
2390   7  14
2391   7  15
2392   7  16
2393   7  17
2394   7  18
2395   7  19
2396   7  20
2397   7  21
2398   7  22
2399   7  23
2400   7  24
2401   8   1
2402   8   2
2403   8   3
2404   8   4
2405   8   5
2406   8   6
2407   8   7
2408   8   8
2409   8   9
2410   8  10
2411   8  11
2412   8  12
2413   8  13
2414   8  14
2415   8  15
2416   8  16
2417   8  17
2418   8  18
2419   8  19
2420   8  20
2421   8  21
2422   8  22
2423   8  23
2424   8  24
2425   6   1
2426   6   2
2427   6   3
2428   6   4
2429   6   5
2430   6   6
2431   6   7
2432   6   8
2433   6   9
2434   6  10
2435   6  11
2436   6  12
2437   6  13
2438   6  14
2439   6  15
2440   6  16
2441   6  17
2442   6  18
2443   6  19
2444   6  20
2445   6  21
2446   6  22
2447   6  23
2448   6  24
2449   6   1
2450   6   2
2451   6   3
2452   6   4
2453   6   5
2454   6   6
2455   6   7
2456   6   8
2457   6   9
2458   6  10
2459   6  11
2460   6  12
2461   6  13
2462   6  14
2463   6  15
2464   6  16
2465   6  17
2466   6  18
2467   6  19
2468   6  20
2469   6  21
2470   6  22
2471   6  23
2472   6  24
2473   6   1
2474   6   2
2475   6   3
2476   6   4
2477   6   5
2478   6   6
2479   6   7
2480   6   8
2481   6   9
2482   6  10
2483   6  11
2484   6  12
2485   6  13
2486   6  14
2487   6  15
2488   6  16
2489   6  17
2490   6  18
2491   6  19
2492   6  20
2493   6  21
2494   6  22
2495   6  23
2496   6  24
2497   6   1
2498   6   2
2499   6   3
2500   6   4
2501   6   5
2502   6   6
2503   6   7
2504   6   8
2505   6   9
2506   6  10
2507   6  11
2508   6  12
2509   6  13
2510   6  14
2511   6  15
2512   6  16
2513   6  17
2514   6  18
2515   6  19
2516   6  20
2517   6  21
2518   6  22
2519   6  23
2520   6  24
2521   5   1
2522   5   2
2523   5   3
2524   5   4
2525   5   5
2526   5   6
2527   5   7
2528   5   8
2529   5   9
2530   5  10
2531   5  11
2532   5  12
2533   5  13
2534   5  14
2535   5  15
2536   5  16
2537   5  17
2538   5  18
2539   5  19
2540   5  20
2541   5  21
2542   5  22
2543   5  23
2544   5  24
2545   6   1
2546   6   2
2547   6   3
2548   6   4
2549   6   5
2550   6   6
2551   6   7
2552   6   8
2553   6   9
2554   6  10
2555   6  11
2556   6  12
2557   6  13
2558   6  14
2559   6  15
2560   6  16
2561   6  17
2562   6  18
2563   6  19
2564   6  20
2565   6  21
2566   6  22
2567   6  23
2568   6  24
2569   6   1
2570   6   2
2571   6   3
2572   6   4
2573   6   5
2574   6   6
2575   6   7
2576   6   8
2577   6   9
2578   6  10
2579   6  11
2580   6  12
2581   6  13
2582   6  14
2583   6  15
2584   6  16
2585   6  17
2586   6  18
2587   6  19
2588   6  20
2589   6  21
2590   6  22
2591   6  23
2592   6  24
2593   6   1
2594   6   2
2595   6   3
2596   6   4
2597   6   5
2598   6   6
2599   6   7
2600   6   8
2601   6   9
2602   6  10
2603   6  11
2604   6  12
2605   6  13
2606   6  14
2607   6  15
2608   6  16
2609   6  17
2610   6  18
2611   6  19
2612   6  20
2613   6  21
2614   6  22
2615   6  23
2616   6  24
2617   1   1
2618   1   2
2619   1   3
2620   1   4
2621   1   5
2622   1   6
2623   1   7
2624   1   8
2625   1   9
2626   1  10
2627   1  11
2628   1  12
2629   1  13
2630   1  14
2631   1  15
2632   1  16
2633   1  17
2634   1  18
2635   1  19
2636   1  20
2637   1  21
2638   1  22
2639   1  23
2640   1  24
2641   5   1
2642   5   2
2643   5   3
2644   5   4
2645   5   5
2646   5   6
2647   5   7
2648   5   8
2649   5   9
2650   5  10
2651   5  11
2652   5  12
2653   5  13
2654   5  14
2655   5  15
2656   5  16
2657   5  17
2658   5  18
2659   5  19
2660   5  20
2661   5  21
2662   5  22
2663   5  23
2664   5  24
2665   6   1
2666   6   2
2667   6   3
2668   6   4
2669   6   5
2670   6   6
2671   6   7
2672   6   8
2673   6   9
2674   6  10
2675   6  11
2676   6  12
2677   6  13
2678   6  14
2679   6  15
2680   6  16
2681   6  17
2682   6  18
2683   6  19
2684   6  20
2685   6  21
2686   6  22
2687   6  23
2688   6  24
2689   7   1
2690   7   2
2691   7   3
2692   7   4
2693   7   5
2694   7   6
2695   7   7
2696   7   8
2697   7   9
2698   7  10
2699   7  11
2700   7  12
2701   7  13
2702   7  14
2703   7  15
2704   7  16
2705   7  17
2706   7  18
2707   7  19
2708   7  20
2709   7  21
2710   7  22
2711   7  23
2712   7  24
2713   5   1
2714   5   2
2715   5   3
2716   5   4
2717   5   5
2718   5   6
2719   5   7
2720   5   8
2721   5   9
2722   5  10
2723   5  11
2724   5  12
2725   5  13
2726   5  14
2727   5  15
2728   5  16
2729   5  17
2730   5  18
2731   5  19
2732   5  20
2733   5  21
2734   5  22
2735   5  23
2736   5  24
2737   5   1
2738   5   2
2739   5   3
2740   5   4
2741   5   5
2742   5   6
2743   5   7
2744   5   8
2745   5   9
2746   5  10
2747   5  11
2748   5  12
2749   5  13
2750   5  14
2751   5  15
2752   5  16
2753   5  17
2754   5  18
2755   5  19
2756   5  20
2757   5  21
2758   5  22
2759   5  23
2760   5  24
2761   5   1
2762   5   2
2763   5   3
2764   5   4
2765   5   5
2766   5   6
2767   5   7
2768   5   8
2769   5   9
2770   5  10
2771   5  11
2772   5  12
2773   5  13
2774   5  14
2775   5  15
2776   5  16
2777   5  17
2778   5  18
2779   5  19
2780   5  20
2781   5  21
2782   5  22
2783   5  23
2784   5  24
2785   5   1
2786   5   2
2787   5   3
2788   5   4
2789   5   5
2790   5   6
2791   5   7
2792   5   8
2793   5   9
2794   5  10
2795   5  11
2796   5  12
2797   5  13
2798   5  14
2799   5  15
2800   5  16
2801   5  17
2802   5  18
2803   5  19
2804   5  20
2805   5  21
2806   5  22
2807   5  23
2808   5  24
2809   5   1
2810   5   2
2811   5   3
2812   5   4
2813   5   5
2814   5   6
2815   5   7
2816   5   8
2817   5   9
2818   5  10
2819   5  11
2820   5  12
2821   5  13
2822   5  14
2823   5  15
2824   5  16
2825   5  17
2826   5  18
2827   5  19
2828   5  20
2829   5  21
2830   5  22
2831   5  23
2832   5  24
2833   5   1
2834   5   2
2835   5   3
2836   5   4
2837   5   5
2838   5   6
2839   5   7
2840   5   8
2841   5   9
2842   5  10
2843   5  11
2844   5  12
2845   5  13
2846   5  14
2847   5  15
2848   5  16
2849   5  17
2850   5  18
2851   5  19
2852   5  20
2853   5  21
2854   5  22
2855   5  23
2856   5  24
2857   5   1
2858   5   2
2859   5   3
2860   5   4
2861   5   5
2862   5   6
2863   5   7
2864   5   8
2865   5   9
2866   5  10
2867   5  11
2868   5  12
2869   5  13
2870   5  14
2871   5  15
2872   5  16
2873   5  17
2874   5  18
2875   5  19
2876   5  20
2877   5  21
2878   5  22
2879   5  23
2880   5  24
2881   5   1
2882   5   2
2883   5   3
2884   5   4
2885   5   5
2886   5   6
2887   5   7
2888   5   8
2889   5   9
2890   5  10
2891   5  11
2892   5  12
2893   5  13
2894   5  14
2895   5  15
2896   5  16
2897   5  17
2898   5  18
2899   5  19
2900   5  20
2901   5  21
2902   5  22
2903   5  23
2904   5  24
2905   8   1
2906   8   2
2907   8   3
2908   8   4
2909   8   5
2910   8   6
2911   8   7
2912   8   8
2913   8   9
2914   8  10
2915   8  11
2916   8  12
2917   8  13
2918   8  14
2919   8  15
2920   8  16
2921   8  17
2922   8  18
2923   8  19
2924   8  20
2925   8  21
2926   8  22
2927   8  23
2928   8  24
2929   7   1
2930   7   2
2931   7   3
2932   7   4
2933   7   5
2934   7   6
2935   7   7
2936   7   8
2937   7   9
2938   7  10
2939   7  11
2940   7  12
2941   7  13
2942   7  14
2943   7  15
2944   7  16
2945   7  17
2946   7  18
2947   7  19
2948   7  20
2949   7  21
2950   7  22
2951   7  23
2952   7  24
2953   6   1
2954   6   2
2955   6   3
2956   6   4
2957   6   5
2958   6   6
2959   6   7
2960   6   8
2961   6   9
2962   6  10
2963   6  11
2964   6  12
2965   6  13
2966   6  14
2967   6  15
2968   6  16
2969   6  17
2970   6  18
2971   6  19
2972   6  20
2973   6  21
2974   6  22
2975   6  23
2976   6  24
2977   8   1
2978   8   2
2979   8   3
2980   8   4
2981   8   5
2982   8   6
2983   8   7
2984   8   8
2985   8   9
2986   8  10
2987   8  11
2988   8  12
2989   8  13
2990   8  14
2991   8  15
2992   8  16
2993   8  17
2994   8  18
2995   8  19
2996   8  20
2997   8  21
2998   8  22
2999   8  23
3000   8  24
3001   9   1
3002   9   2
3003   9   3
3004   9   4
3005   9   5
3006   9   6
3007   9   7
3008   9   8
3009   9   9
3010   9  10
3011   9  11
3012   9  12
3013   9  13
3014   9  14
3015   9  15
3016   9  16
3017   9  17
3018   9  18
3019   9  19
3020   9  20
3021   9  21
3022   9  22
3023   9  23
3024   9  24
3025   6   1
3026   6   2
3027   6   3
3028   6   4
3029   6   5
3030   6   6
3031   6   7
3032   6   8
3033   6   9
3034   6  10
3035   6  11
3036   6  12
3037   6  13
3038   6  14
3039   6  15
3040   6  16
3041   6  17
3042   6  18
3043   6  19
3044   6  20
3045   6  21
3046   6  22
3047   6  23
3048   6  24
3049   7   1
3050   7   2
3051   7   3
3052   7   4
3053   7   5
3054   7   6
3055   7   7
3056   7   8
3057   7   9
3058   7  10
3059   7  11
3060   7  12
3061   7  13
3062   7  14
3063   7  15
3064   7  16
3065   7  17
3066   7  18
3067   7  19
3068   7  20
3069   7  21
3070   7  22
3071   7  23
3072   7  24
3073   7   1
3074   7   2
3075   7   3
3076   7   4
3077   7   5
3078   7   6
3079   7   7
3080   7   8
3081   7   9
3082   7  10
3083   7  11
3084   7  12
3085   7  13
3086   7  14
3087   7  15
3088   7  16
3089   7  17
3090   7  18
3091   7  19
3092   7  20
3093   7  21
3094   7  22
3095   7  23
3096   7  24
3097   5   1
3098   5   2
3099   5   3
3100   5   4
3101   5   5
3102   5   6
3103   5   7
3104   5   8
3105   5   9
3106   5  10
3107   5  11
3108   5  12
3109   5  13
3110   5  14
3111   5  15
3112   5  16
3113   5  17
3114   5  18
3115   5  19
3116   5  20
3117   5  21
3118   5  22
3119   5  23
3120   5  24
3121   7   1
3122   7   2
3123   7   3
3124   7   4
3125   7   5
3126   7   6
3127   7   7
3128   7   8
3129   7   9
3130   7  10
3131   7  11
3132   7  12
3133   7  13
3134   7  14
3135   7  15
3136   7  16
3137   7  17
3138   7  18
3139   7  19
3140   7  20
3141   7  21
3142   7  22
3143   7  23
3144   7  24
3145   6   1
3146   6   2
3147   6   3
3148   6   4
3149   6   5
3150   6   6
3151   6   7
3152   6   8
3153   6   9
3154   6  10
3155   6  11
3156   6  12
3157   6  13
3158   6  14
3159   6  15
3160   6  16
3161   6  17
3162   6  18
3163   6  19
3164   6  20
3165   6  21
3166   6  22
3167   6  23
3168   6  24
3169   8   1
3170   8   2
3171   8   3
3172   8   4
3173   8   5
3174   8   6
3175   8   7
3176   8   8
3177   8   9
3178   8  10
3179   8  11
3180   8  12
3181   8  13
3182   8  14
3183   8  15
3184   8  16
3185   8  17
3186   8  18
3187   8  19
3188   8  20
3189   8  21
3190   8  22
3191   8  23
3192   8  24
3193   6   1
3194   6   2
3195   6   3
3196   6   4
3197   6   5
3198   6   6
3199   6   7
3200   6   8
3201   6   9
3202   6  10
3203   6  11
3204   6  12
3205   6  13
3206   6  14
3207   6  15
3208   6  16
3209   6  17
3210   6  18
3211   6  19
3212   6  20
3213   6  21
3214   6  22
3215   6  23
3216   6  24
3217   8   1
3218   8   2
3219   8   3
3220   8   4
3221   8   5
3222   8   6
3223   8   7
3224   8   8
3225   8   9
3226   8  10
3227   8  11
3228   8  12
3229   8  13
3230   8  14
3231   8  15
3232   8  16
3233   8  17
3234   8  18
3235   8  19
3236   8  20
3237   8  21
3238   8  22
3239   8  23
3240   8  24
3241   6   1
3242   6   2
3243   6   3
3244   6   4
3245   6   5
3246   6   6
3247   6   7
3248   6   8
3249   6   9
3250   6  10
3251   6  11
3252   6  12
3253   6  13
3254   6  14
3255   6  15
3256   6  16
3257   6  17
3258   6  18
3259   6  19
3260   6  20
3261   6  21
3262   6  22
3263   6  23
3264   6  24
3265   7   1
3266   7   2
3267   7   3
3268   7   4
3269   7   5
3270   7   6
3271   7   7
3272   7   8
3273   7   9
3274   7  10
3275   7  11
3276   7  12
3277   7  13
3278   7  14
3279   7  15
3280   7  16
3281   7  17
3282   7  18
3283   7  19
3284   7  20
3285   7  21
3286   7  22
3287   7  23
3288   7  24
3289   7   1
3290   7   2
3291   7   3
3292   7   4
3293   7   5
3294   7   6
3295   7   7
3296   7   8
3297   7   9
3298   7  10
3299   7  11
3300   7  12
3301   7  13
3302   7  14
3303   7  15
3304   7  16
3305   7  17
3306   7  18
3307   7  19
3308   7  20
3309   7  21
3310   7  22
3311   7  23
3312   7  24
3313   8   1
3314   8   2
3315   8   3
3316   8   4
3317   8   5
3318   8   6
3319   8   7
3320   8   8
3321   8   9
3322   8  10
3323   8  11
3324   8  12
3325   8  13
3326   8  14
3327   8  15
3328   8  16
3329   8  17
3330   8  18
3331   8  19
3332   8  20
3333   8  21
3334   8  22
3335   8  23
3336   8  24
3337  10   1
3338  10   2
3339  10   3
3340  10   4
3341  10   5
3342  10   6
3343  10   7
3344  10   8
3345  10   9
3346  10  10
3347  10  11
3348  10  12
3349  10  13
3350  10  14
3351  10  15
3352  10  16
3353  10  17
3354  10  18
3355  10  19
3356  10  20
3357  10  21
3358  10  22
3359  10  23
3360  10  24
3361   9   1
3362   9   2
3363   9   3
3364   9   4
3365   9   5
3366   9   6
3367   9   7
3368   9   8
3369   9   9
3370   9  10
3371   9  11
3372   9  12
3373   9  13
3374   9  14
3375   9  15
3376   9  16
3377   9  17
3378   9  18
3379   9  19
3380   9  20
3381   9  21
3382   9  22
3383   9  23
3384   9  24
3385   7   1
3386   7   2
3387   7   3
3388   7   4
3389   7   5
3390   7   6
3391   7   7
3392   7   8
3393   7   9
3394   7  10
3395   7  11
3396   7  12
3397   7  13
3398   7  14
3399   7  15
3400   7  16
3401   7  17
3402   7  18
3403   7  19
3404   7  20
3405   7  21
3406   7  22
3407   7  23
3408   7  24
3409   7   1
3410   7   2
3411   7   3
3412   7   4
3413   7   5
3414   7   6
3415   7   7
3416   7   8
3417   7   9
3418   7  10
3419   7  11
3420   7  12
3421   7  13
3422   7  14
3423   7  15
3424   7  16
3425   7  17
3426   7  18
3427   7  19
3428   7  20
3429   7  21
3430   7  22
3431   7  23
3432   7  24
3433   7   1
3434   7   2
3435   7   3
3436   7   4
3437   7   5
3438   7   6
3439   7   7
3440   7   8
3441   7   9
3442   7  10
3443   7  11
3444   7  12
3445   7  13
3446   7  14
3447   7  15
3448   7  16
3449   7  17
3450   7  18
3451   7  19
3452   7  20
3453   7  21
3454   7  22
3455   7  23
3456   7  24
3457   7   1
3458   7   2
3459   7   3
3460   7   4
3461   7   5
3462   7   6
3463   7   7
3464   7   8
3465   7   9
3466   7  10
3467   7  11
3468   7  12
3469   7  13
3470   7  14
3471   7  15
3472   7  16
3473   7  17
3474   7  18
3475   7  19
3476   7  20
3477   7  21
3478   7  22
3479   7  23
3480   7  24
3481   8   1
3482   8   2
3483   8   3
3484   8   4
3485   8   5
3486   8   6
3487   8   7
3488   8   8
3489   8   9
3490   8  10
3491   8  11
3492   8  12
3493   8  13
3494   8  14
3495   8  15
3496   8  16
3497   8  17
3498   8  18
3499   8  19
3500   8  20
3501   8  21
3502   8  22
3503   8  23
3504   8  24
3505  10   1
3506  10   2
3507  10   3
3508  10   4
3509  10   5
3510  10   6
3511  10   7
3512  10   8
3513  10   9
3514  10  10
3515  10  11
3516  10  12
3517  10  13
3518  10  14
3519  10  15
3520  10  16
3521  10  17
3522  10  18
3523  10  19
3524  10  20
3525  10  21
3526  10  22
3527  10  23
3528  10  24
3529  10   1
3530  10   2
3531  10   3
3532  10   4
3533  10   5
3534  10   6
3535  10   7
3536  10   8
3537  10   9
3538  10  10
3539  10  11
3540  10  12
3541  10  13
3542  10  14
3543  10  15
3544  10  16
3545  10  17
3546  10  18
3547  10  19
3548  10  20
3549  10  21
3550  10  22
3551  10  23
3552  10  24
3553  10   1
3554  10   2
3555  10   3
3556  10   4
3557  10   5
3558  10   6
3559  10   7
3560  10   8
3561  10   9
3562  10  10
3563  10  11
3564  10  12
3565  10  13
3566  10  14
3567  10  15
3568  10  16
3569  10  17
3570  10  18
3571  10  19
3572  10  20
3573  10  21
3574  10  22
3575  10  23
3576  10  24
3577   8   1
3578   8   2
3579   8   3
3580   8   4
3581   8   5
3582   8   6
3583   8   7
3584   8   8
3585   8   9
3586   8  10
3587   8  11
3588   8  12
3589   8  13
3590   8  14
3591   8  15
3592   8  16
3593   8  17
3594   8  18
3595   8  19
3596   8  20
3597   8  21
3598   8  22
3599   8  23
3600   8  24
3601   9   1
3602   9   2
3603   9   3
3604   9   4
3605   9   5
3606   9   6
3607   9   7
3608   9   8
3609   9   9
3610   9  10
3611   9  11
3612   9  12
3613   9  13
3614   9  14
3615   9  15
3616   9  16
3617   9  17
3618   9  18
3619   9  19
3620   9  20
3621   9  21
3622   9  22
3623   9  23
3624   9  24
3625   7   1
3626   7   2
3627   7   3
3628   7   4
3629   7   5
3630   7   6
3631   7   7
3632   7   8
3633   7   9
3634   7  10
3635   7  11
3636   7  12
3637   7  13
3638   7  14
3639   7  15
3640   7  16
3641   7  17
3642   7  18
3643   7  19
3644   7  20
3645   7  21
3646   7  22
3647   7  23
3648   7  24
3649   9   1
3650   9   2
3651   9   3
3652   9   4
3653   9   5
3654   9   6
3655   9   7
3656   9   8
3657   9   9
3658   9  10
3659   9  11
3660   9  12
3661   9  13
3662   9  14
3663   9  15
3664   9  16
3665   9  17
3666   9  18
3667   9  19
3668   9  20
3669   9  21
3670   9  22
3671   9  23
3672   9  24
3673   9   1
3674   9   2
3675   9   3
3676   9   4
3677   9   5
3678   9   6
3679   9   7
3680   9   8
3681   9   9
3682   9  10
3683   9  11
3684   9  12
3685   9  13
3686   9  14
3687   9  15
3688   9  16
3689   9  17
3690   9  18
3691   9  19
3692   9  20
3693   9  21
3694   9  22
3695   9  23
3696   9  24
3697   7   1
3698   7   2
3699   7   3
3700   7   4
3701   7   5
3702   7   6
3703   7   7
3704   7   8
3705   7   9
3706   7  10
3707   7  11
3708   7  12
3709   7  13
3710   7  14
3711   7  15
3712   7  16
3713   7  17
3714   7  18
3715   7  19
3716   7  20
3717   7  21
3718   7  22
3719   7  23
3720   7  24
3721   9   1
3722   9   2
3723   9   3
3724   9   4
3725   9   5
3726   9   6
3727   9   7
3728   9   8
3729   9   9
3730   9  10
3731   9  11
3732   9  12
3733   9  13
3734   9  14
3735   9  15
3736   9  16
3737   9  17
3738   9  18
3739   9  19
3740   9  20
3741   9  21
3742   9  22
3743   9  23
3744   9  24
3745   9   1
3746   9   2
3747   9   3
3748   9   4
3749   9   5
3750   9   6
3751   9   7
3752   9   8
3753   9   9
3754   9  10
3755   9  11
3756   9  12
3757   9  13
3758   9  14
3759   9  15
3760   9  16
3761   9  17
3762   9  18
3763   9  19
3764   9  20
3765   9  21
3766   9  22
3767   9  23
3768   9  24
3769   7   1
3770   7   2
3771   7   3
3772   7   4
3773   7   5
3774   7   6
3775   7   7
3776   7   8
3777   7   9
3778   7  10
3779   7  11
3780   7  12
3781   7  13
3782   7  14
3783   7  15
3784   7  16
3785   7  17
3786   7  18
3787   7  19
3788   7  20
3789   7  21
3790   7  22
3791   7  23
3792   7  24
3793   7   1
3794   7   2
3795   7   3
3796   7   4
3797   7   5
3798   7   6
3799   7   7
3800   7   8
3801   7   9
3802   7  10
3803   7  11
3804   7  12
3805   7  13
3806   7  14
3807   7  15
3808   7  16
3809   7  17
3810   7  18
3811   7  19
3812   7  20
3813   7  21
3814   7  22
3815   7  23
3816   7  24
3817   7   1
3818   7   2
3819   7   3
3820   7   4
3821   7   5
3822   7   6
3823   7   7
3824   7   8
3825   7   9
3826   7  10
3827   7  11
3828   7  12
3829   7  13
3830   7  14
3831   7  15
3832   7  16
3833   7  17
3834   7  18
3835   7  19
3836   7  20
3837   7  21
3838   7  22
3839   7  23
3840   7  24
3841  10   1
3842  10   2
3843  10   3
3844  10   4
3845  10   5
3846  10   6
3847  10   7
3848  10   8
3849  10   9
3850  10  10
3851  10  11
3852  10  12
3853  10  13
3854  10  14
3855  10  15
3856  10  16
3857  10  17
3858  10  18
3859  10  19
3860  10  20
3861  10  21
3862  10  22
3863  10  23
3864  10  24
3865  10   1
3866  10   2
3867  10   3
3868  10   4
3869  10   5
3870  10   6
3871  10   7
3872  10   8
3873  10   9
3874  10  10
3875  10  11
3876  10  12
3877  10  13
3878  10  14
3879  10  15
3880  10  16
3881  10  17
3882  10  18
3883  10  19
3884  10  20
3885  10  21
3886  10  22
3887  10  23
3888  10  24
3889  10   1
3890  10   2
3891  10   3
3892  10   4
3893  10   5
3894  10   6
3895  10   7
3896  10   8
3897  10   9
3898  10  10
3899  10  11
3900  10  12
3901  10  13
3902  10  14
3903  10  15
3904  10  16
3905  10  17
3906  10  18
3907  10  19
3908  10  20
3909  10  21
3910  10  22
3911  10  23
3912  10  24
3913  10   1
3914  10   2
3915  10   3
3916  10   4
3917  10   5
3918  10   6
3919  10   7
3920  10   8
3921  10   9
3922  10  10
3923  10  11
3924  10  12
3925  10  13
3926  10  14
3927  10  15
3928  10  16
3929  10  17
3930  10  18
3931  10  19
3932  10  20
3933  10  21
3934  10  22
3935  10  23
3936  10  24
3937   9   1
3938   9   2
3939   9   3
3940   9   4
3941   9   5
3942   9   6
3943   9   7
3944   9   8
3945   9   9
3946   9  10
3947   9  11
3948   9  12
3949   9  13
3950   9  14
3951   9  15
3952   9  16
3953   9  17
3954   9  18
3955   9  19
3956   9  20
3957   9  21
3958   9  22
3959   9  23
3960   9  24
3961   7   1
3962   7   2
3963   7   3
3964   7   4
3965   7   5
3966   7   6
3967   7   7
3968   7   8
3969   7   9
3970   7  10
3971   7  11
3972   7  12
3973   7  13
3974   7  14
3975   7  15
3976   7  16
3977   7  17
3978   7  18
3979   7  19
3980   7  20
3981   7  21
3982   7  22
3983   7  23
3984   7  24
3985  10   1
3986  10   2
3987  10   3
3988  10   4
3989  10   5
3990  10   6
3991  10   7
3992  10   8
3993  10   9
3994  10  10
3995  10  11
3996  10  12
3997  10  13
3998  10  14
3999  10  15
4000  10  16
4001  10  17
4002  10  18
4003  10  19
4004  10  20
4005  10  21
4006  10  22
4007  10  23
4008  10  24
4009   9   1
4010   9   2
4011   9   3
4012   9   4
4013   9   5
4014   9   6
4015   9   7
4016   9   8
4017   9   9
4018   9  10
4019   9  11
4020   9  12
4021   9  13
4022   9  14
4023   9  15
4024   9  16
4025   9  17
4026   9  18
4027   9  19
4028   9  20
4029   9  21
4030   9  22
4031   9  23
4032   9  24
4033  10   1
4034  10   2
4035  10   3
4036  10   4
4037  10   5
4038  10   6
4039  10   7
4040  10   8
4041  10   9
4042  10  10
4043  10  11
4044  10  12
4045  10  13
4046  10  14
4047  10  15
4048  10  16
4049  10  17
4050  10  18
4051  10  19
4052  10  20
4053  10  21
4054  10  22
4055  10  23
4056  10  24
4057  10   1
4058  10   2
4059  10   3
4060  10   4
4061  10   5
4062  10   6
4063  10   7
4064  10   8
4065  10   9
4066  10  10
4067  10  11
4068  10  12
4069  10  13
4070  10  14
4071  10  15
4072  10  16
4073  10  17
4074  10  18
4075  10  19
4076  10  20
4077  10  21
4078  10  22
4079  10  23
4080  10  24
4081  10   1
4082  10   2
4083  10   3
4084  10   4
4085  10   5
4086  10   6
4087  10   7
4088  10   8
4089  10   9
4090  10  10
4091  10  11
4092  10  12
4093  10  13
4094  10  14
4095  10  15
4096  10  16
4097  10  17
4098  10  18
4099  10  19
4100  10  20
4101  10  21
4102  10  22
4103  10  23
4104  10  24
4105  10   1
4106  10   2
4107  10   3
4108  10   4
4109  10   5
4110  10   6
4111  10   7
4112  10   8
4113  10   9
4114  10  10
4115  10  11
4116  10  12
4117  10  13
4118  10  14
4119  10  15
4120  10  16
4121  10  17
4122  10  18
4123  10  19
4124  10  20
4125  10  21
4126  10  22
4127  10  23
4128  10  24
4129   8   1
4130   8   2
4131   8   3
4132   8   4
4133   8   5
4134   8   6
4135   8   7
4136   8   8
4137   8   9
4138   8  10
4139   8  11
4140   8  12
4141   8  13
4142   8  14
4143   8  15
4144   8  16
4145   8  17
4146   8  18
4147   8  19
4148   8  20
4149   8  21
4150   8  22
4151   8  23
4152   8  24
4153   8   1
4154   8   2
4155   8   3
4156   8   4
4157   8   5
4158   8   6
4159   8   7
4160   8   8
4161   8   9
4162   8  10
4163   8  11
4164   8  12
4165   8  13
4166   8  14
4167   8  15
4168   8  16
4169   8  17
4170   8  18
4171   8  19
4172   8  20
4173   8  21
4174   8  22
4175   8  23
4176   8  24
4177  10   1
4178  10   2
4179  10   3
4180  10   4
4181  10   5
4182  10   6
4183  10   7
4184  10   8
4185  10   9
4186  10  10
4187  10  11
4188  10  12
4189  10  13
4190  10  14
4191  10  15
4192  10  16
4193  10  17
4194  10  18
4195  10  19
4196  10  20
4197  10  21
4198  10  22
4199  10  23
4200  10  24
4201  10   1
4202  10   2
4203  10   3
4204  10   4
4205  10   5
4206  10   6
4207  10   7
4208  10   8
4209  10   9
4210  10  10
4211  10  11
4212  10  12
4213  10  13
4214  10  14
4215  10  15
4216  10  16
4217  10  17
4218  10  18
4219  10  19
4220  10  20
4221  10  21
4222  10  22
4223  10  23
4224  10  24
4225   9   1
4226   9   2
4227   9   3
4228   9   4
4229   9   5
4230   9   6
4231   9   7
4232   9   8
4233   9   9
4234   9  10
4235   9  11
4236   9  12
4237   9  13
4238   9  14
4239   9  15
4240   9  16
4241   9  17
4242   9  18
4243   9  19
4244   9  20
4245   9  21
4246   9  22
4247   9  23
4248   9  24
4249   9   1
4250   9   2
4251   9   3
4252   9   4
4253   9   5
4254   9   6
4255   9   7
4256   9   8
4257   9   9
4258   9  10
4259   9  11
4260   9  12
4261   9  13
4262   9  14
4263   9  15
4264   9  16
4265   9  17
4266   9  18
4267   9  19
4268   9  20
4269   9  21
4270   9  22
4271   9  23
4272   9  24
4273  10   1
4274  10   2
4275  10   3
4276  10   4
4277  10   5
4278  10   6
4279  10   7
4280  10   8
4281  10   9
4282  10  10
4283  10  11
4284  10  12
4285  10  13
4286  10  14
4287  10  15
4288  10  16
4289  10  17
4290  10  18
4291  10  19
4292  10  20
4293  10  21
4294  10  22
4295  10  23
4296  10  24
4297   9   1
4298   9   2
4299   9   3
4300   9   4
4301   9   5
4302   9   6
4303   9   7
4304   9   8
4305   9   9
4306   9  10
4307   9  11
4308   9  12
4309   9  13
4310   9  14
4311   9  15
4312   9  16
4313   9  17
4314   9  18
4315   9  19
4316   9  20
4317   9  21
4318   9  22
4319   9  23
4320   9  24
4321   8   1
4322   8   2
4323   8   3
4324   8   4
4325   8   5
4326   8   6
4327   8   7
4328   8   8
4329   8   9
4330   8  10
4331   8  11
4332   8  12
4333   8  13
4334   8  14
4335   8  15
4336   8  16
4337   8  17
4338   8  18
4339   8  19
4340   8  20
4341   8  21
4342   8  22
4343   8  23
4344   8  24
4345   9   1
4346   9   2
4347   9   3
4348   9   4
4349   9   5
4350   9   6
4351   9   7
4352   9   8
4353   9   9
4354   9  10
4355   9  11
4356   9  12
4357   9  13
4358   9  14
4359   9  15
4360   9  16
4361   9  17
4362   9  18
4363   9  19
4364   9  20
4365   9  21
4366   9  22
4367   9  23
4368   9  24
4369  10   1
4370  10   2
4371  10   3
4372  10   4
4373  10   5
4374  10   6
4375  10   7
4376  10   8
4377  10   9
4378  10  10
4379  10  11
4380  10  12
4381  10  13
4382  10  14
4383  10  15
4384  10  16
4385  10  17
4386  10  18
4387  10  19
4388  10  20
4389  10  21
4390  10  22
4391  10  23
4392  10  24
4393   9   1
4394   9   2
4395   9   3
4396   9   4
4397   9   5
4398   9   6
4399   9   7
4400   9   8
4401   9   9
4402   9  10
4403   9  11
4404   9  12
4405   9  13
4406   9  14
4407   9  15
4408   9  16
4409   9  17
4410   9  18
4411   9  19
4412   9  20
4413   9  21
4414   9  22
4415   9  23
4416   9  24
4417   9   1
4418   9   2
4419   9   3
4420   9   4
4421   9   5
4422   9   6
4423   9   7
4424   9   8
4425   9   9
4426   9  10
4427   9  11
4428   9  12
4429   9  13
4430   9  14
4431   9  15
4432   9  16
4433   9  17
4434   9  18
4435   9  19
4436   9  20
4437   9  21
4438   9  22
4439   9  23
4440   9  24
4441   9   1
4442   9   2
4443   9   3
4444   9   4
4445   9   5
4446   9   6
4447   9   7
4448   9   8
4449   9   9
4450   9  10
4451   9  11
4452   9  12
4453   9  13
4454   9  14
4455   9  15
4456   9  16
4457   9  17
4458   9  18
4459   9  19
4460   9  20
4461   9  21
4462   9  22
4463   9  23
4464   9  24
4465   9   1
4466   9   2
4467   9   3
4468   9   4
4469   9   5
4470   9   6
4471   9   7
4472   9   8
4473   9   9
4474   9  10
4475   9  11
4476   9  12
4477   9  13
4478   9  14
4479   9  15
4480   9  16
4481   9  17
4482   9  18
4483   9  19
4484   9  20
4485   9  21
4486   9  22
4487   9  23
4488   9  24
4489   8   1
4490   8   2
4491   8   3
4492   8   4
4493   8   5
4494   8   6
4495   8   7
4496   8   8
4497   8   9
4498   8  10
4499   8  11
4500   8  12
4501   8  13
4502   8  14
4503   8  15
4504   8  16
4505   8  17
4506   8  18
4507   8  19
4508   8  20
4509   8  21
4510   8  22
4511   8  23
4512   8  24
4513   9   1
4514   9   2
4515   9   3
4516   9   4
4517   9   5
4518   9   6
4519   9   7
4520   9   8
4521   9   9
4522   9  10
4523   9  11
4524   9  12
4525   9  13
4526   9  14
4527   9  15
4528   9  16
4529   9  17
4530   9  18
4531   9  19
4532   9  20
4533   9  21
4534   9  22
4535   9  23
4536   9  24
4537  10   1
4538  10   2
4539  10   3
4540  10   4
4541  10   5
4542  10   6
4543  10   7
4544  10   8
4545  10   9
4546  10  10
4547  10  11
4548  10  12
4549  10  13
4550  10  14
4551  10  15
4552  10  16
4553  10  17
4554  10  18
4555  10  19
4556  10  20
4557  10  21
4558  10  22
4559  10  23
4560  10  24
4561   9   1
4562   9   2
4563   9   3
4564   9   4
4565   9   5
4566   9   6
4567   9   7
4568   9   8
4569   9   9
4570   9  10
4571   9  11
4572   9  12
4573   9  13
4574   9  14
4575   9  15
4576   9  16
4577   9  17
4578   9  18
4579   9  19
4580   9  20
4581   9  21
4582   9  22
4583   9  23
4584   9  24
4585  10   1
4586  10   2
4587  10   3
4588  10   4
4589  10   5
4590  10   6
4591  10   7
4592  10   8
4593  10   9
4594  10  10
4595  10  11
4596  10  12
4597  10  13
4598  10  14
4599  10  15
4600  10  16
4601  10  17
4602  10  18
4603  10  19
4604  10  20
4605  10  21
4606  10  22
4607  10  23
4608  10  24
4609   9   1
4610   9   2
4611   9   3
4612   9   4
4613   9   5
4614   9   6
4615   9   7
4616   9   8
4617   9   9
4618   9  10
4619   9  11
4620   9  12
4621   9  13
4622   9  14
4623   9  15
4624   9  16
4625   9  17
4626   9  18
4627   9  19
4628   9  20
4629   9  21
4630   9  22
4631   9  23
4632   9  24
4633   8   1
4634   8   2
4635   8   3
4636   8   4
4637   8   5
4638   8   6
4639   8   7
4640   8   8
4641   8   9
4642   8  10
4643   8  11
4644   8  12
4645   8  13
4646   8  14
4647   8  15
4648   8  16
4649   8  17
4650   8  18
4651   8  19
4652   8  20
4653   8  21
4654   8  22
4655   8  23
4656   8  24
4657   8   1
4658   8   2
4659   8   3
4660   8   4
4661   8   5
4662   8   6
4663   8   7
4664   8   8
4665   8   9
4666   8  10
4667   8  11
4668   8  12
4669   8  13
4670   8  14
4671   8  15
4672   8  16
4673   8  17
4674   8  18
4675   8  19
4676   8  20
4677   8  21
4678   8  22
4679   8  23
4680   8  24
4681   9   1
4682   9   2
4683   9   3
4684   9   4
4685   9   5
4686   9   6
4687   9   7
4688   9   8
4689   9   9
4690   9  10
4691   9  11
4692   9  12
4693   9  13
4694   9  14
4695   9  15
4696   9  16
4697   9  17
4698   9  18
4699   9  19
4700   9  20
4701   9  21
4702   9  22
4703   9  23
4704   9  24
4705  10   1
4706  10   2
4707  10   3
4708  10   4
4709  10   5
4710  10   6
4711  10   7
4712  10   8
4713  10   9
4714  10  10
4715  10  11
4716  10  12
4717  10  13
4718  10  14
4719  10  15
4720  10  16
4721  10  17
4722  10  18
4723  10  19
4724  10  20
4725  10  21
4726  10  22
4727  10  23
4728  10  24
4729   9   1
4730   9   2
4731   9   3
4732   9   4
4733   9   5
4734   9   6
4735   9   7
4736   9   8
4737   9   9
4738   9  10
4739   9  11
4740   9  12
4741   9  13
4742   9  14
4743   9  15
4744   9  16
4745   9  17
4746   9  18
4747   9  19
4748   9  20
4749   9  21
4750   9  22
4751   9  23
4752   9  24
4753  10   1
4754  10   2
4755  10   3
4756  10   4
4757  10   5
4758  10   6
4759  10   7
4760  10   8
4761  10   9
4762  10  10
4763  10  11
4764  10  12
4765  10  13
4766  10  14
4767  10  15
4768  10  16
4769  10  17
4770  10  18
4771  10  19
4772  10  20
4773  10  21
4774  10  22
4775  10  23
4776  10  24
4777  10   1
4778  10   2
4779  10   3
4780  10   4
4781  10   5
4782  10   6
4783  10   7
4784  10   8
4785  10   9
4786  10  10
4787  10  11
4788  10  12
4789  10  13
4790  10  14
4791  10  15
4792  10  16
4793  10  17
4794  10  18
4795  10  19
4796  10  20
4797  10  21
4798  10  22
4799  10  23
4800  10  24
4801   9   1
4802   9   2
4803   9   3
4804   9   4
4805   9   5
4806   9   6
4807   9   7
4808   9   8
4809   9   9
4810   9  10
4811   9  11
4812   9  12
4813   9  13
4814   9  14
4815   9  15
4816   9  16
4817   9  17
4818   9  18
4819   9  19
4820   9  20
4821   9  21
4822   9  22
4823   9  23
4824   9  24
4825  10   1
4826  10   2
4827  10   3
4828  10   4
4829  10   5
4830  10   6
4831  10   7
4832  10   8
4833  10   9
4834  10  10
4835  10  11
4836  10  12
4837  10  13
4838  10  14
4839  10  15
4840  10  16
4841  10  17
4842  10  18
4843  10  19
4844  10  20
4845  10  21
4846  10  22
4847  10  23
4848  10  24
4849  10   1
4850  10   2
4851  10   3
4852  10   4
4853  10   5
4854  10   6
4855  10   7
4856  10   8
4857  10   9
4858  10  10
4859  10  11
4860  10  12
4861  10  13
4862  10  14
4863  10  15
4864  10  16
4865  10  17
4866  10  18
4867  10  19
4868  10  20
4869  10  21
4870  10  22
4871  10  23
4872  10  24
4873   9   1
4874   9   2
4875   9   3
4876   9   4
4877   9   5
4878   9   6
4879   9   7
4880   9   8
4881   9   9
4882   9  10
4883   9  11
4884   9  12
4885   9  13
4886   9  14
4887   9  15
4888   9  16
4889   9  17
4890   9  18
4891   9  19
4892   9  20
4893   9  21
4894   9  22
4895   9  23
4896   9  24
4897  10   1
4898  10   2
4899  10   3
4900  10   4
4901  10   5
4902  10   6
4903  10   7
4904  10   8
4905  10   9
4906  10  10
4907  10  11
4908  10  12
4909  10  13
4910  10  14
4911  10  15
4912  10  16
4913  10  17
4914  10  18
4915  10  19
4916  10  20
4917  10  21
4918  10  22
4919  10  23
4920  10  24
4921   9   1
4922   9   2
4923   9   3
4924   9   4
4925   9   5
4926   9   6
4927   9   7
4928   9   8
4929   9   9
4930   9  10
4931   9  11
4932   9  12
4933   9  13
4934   9  14
4935   9  15
4936   9  16
4937   9  17
4938   9  18
4939   9  19
4940   9  20
4941   9  21
4942   9  22
4943   9  23
4944   9  24
4945   9   1
4946   9   2
4947   9   3
4948   9   4
4949   9   5
4950   9   6
4951   9   7
4952   9   8
4953   9   9
4954   9  10
4955   9  11
4956   9  12
4957   9  13
4958   9  14
4959   9  15
4960   9  16
4961   9  17
4962   9  18
4963   9  19
4964   9  20
4965   9  21
4966   9  22
4967   9  23
4968   9  24
4969   8   1
4970   8   2
4971   8   3
4972   8   4
4973   8   5
4974   8   6
4975   8   7
4976   8   8
4977   8   9
4978   8  10
4979   8  11
4980   8  12
4981   8  13
4982   8  14
4983   8  15
4984   8  16
4985   8  17
4986   8  18
4987   8  19
4988   8  20
4989   8  21
4990   8  22
4991   8  23
4992   8  24
4993   8   1
4994   8   2
4995   8   3
4996   8   4
4997   8   5
4998   8   6
4999   8   7
5000   8   8
5001   8   9
5002   8  10
5003   8  11
5004   8  12
5005   8  13
5006   8  14
5007   8  15
5008   8  16
5009   8  17
5010   8  18
5011   8  19
5012   8  20
5013   8  21
5014   8  22
5015   8  23
5016   8  24
5017  10   1
5018  10   2
5019  10   3
5020  10   4
5021  10   5
5022  10   6
5023  10   7
5024  10   8
5025  10   9
5026  10  10
5027  10  11
5028  10  12
5029  10  13
5030  10  14
5031  10  15
5032  10  16
5033  10  17
5034  10  18
5035  10  19
5036  10  20
5037  10  21
5038  10  22
5039  10  23
5040  10  24
5041   9   1
5042   9   2
5043   9   3
5044   9   4
5045   9   5
5046   9   6
5047   9   7
5048   9   8
5049   9   9
5050   9  10
5051   9  11
5052   9  12
5053   9  13
5054   9  14
5055   9  15
5056   9  16
5057   9  17
5058   9  18
5059   9  19
5060   9  20
5061   9  21
5062   9  22
5063   9  23
5064   9  24
5065   9   1
5066   9   2
5067   9   3
5068   9   4
5069   9   5
5070   9   6
5071   9   7
5072   9   8
5073   9   9
5074   9  10
5075   9  11
5076   9  12
5077   9  13
5078   9  14
5079   9  15
5080   9  16
5081   9  17
5082   9  18
5083   9  19
5084   9  20
5085   9  21
5086   9  22
5087   9  23
5088   9  24
5089   9   1
5090   9   2
5091   9   3
5092   9   4
5093   9   5
5094   9   6
5095   9   7
5096   9   8
5097   9   9
5098   9  10
5099   9  11
5100   9  12
5101   9  13
5102   9  14
5103   9  15
5104   9  16
5105   9  17
5106   9  18
5107   9  19
5108   9  20
5109   9  21
5110   9  22
5111   9  23
5112   9  24
5113   9   1
5114   9   2
5115   9   3
5116   9   4
5117   9   5
5118   9   6
5119   9   7
5120   9   8
5121   9   9
5122   9  10
5123   9  11
5124   9  12
5125   9  13
5126   9  14
5127   9  15
5128   9  16
5129   9  17
5130   9  18
5131   9  19
5132   9  20
5133   9  21
5134   9  22
5135   9  23
5136   9  24
5137   7   1
5138   7   2
5139   7   3
5140   7   4
5141   7   5
5142   7   6
5143   7   7
5144   7   8
5145   7   9
5146   7  10
5147   7  11
5148   7  12
5149   7  13
5150   7  14
5151   7  15
5152   7  16
5153   7  17
5154   7  18
5155   7  19
5156   7  20
5157   7  21
5158   7  22
5159   7  23
5160   7  24
5161   6   1
5162   6   2
5163   6   3
5164   6   4
5165   6   5
5166   6   6
5167   6   7
5168   6   8
5169   6   9
5170   6  10
5171   6  11
5172   6  12
5173   6  13
5174   6  14
5175   6  15
5176   6  16
5177   6  17
5178   6  18
5179   6  19
5180   6  20
5181   6  21
5182   6  22
5183   6  23
5184   6  24
5185   9   1
5186   9   2
5187   9   3
5188   9   4
5189   9   5
5190   9   6
5191   9   7
5192   9   8
5193   9   9
5194   9  10
5195   9  11
5196   9  12
5197   9  13
5198   9  14
5199   9  15
5200   9  16
5201   9  17
5202   9  18
5203   9  19
5204   9  20
5205   9  21
5206   9  22
5207   9  23
5208   9  24
5209   9   1
5210   9   2
5211   9   3
5212   9   4
5213   9   5
5214   9   6
5215   9   7
5216   9   8
5217   9   9
5218   9  10
5219   9  11
5220   9  12
5221   9  13
5222   9  14
5223   9  15
5224   9  16
5225   9  17
5226   9  18
5227   9  19
5228   9  20
5229   9  21
5230   9  22
5231   9  23
5232   9  24
5233   7   1
5234   7   2
5235   7   3
5236   7   4
5237   7   5
5238   7   6
5239   7   7
5240   7   8
5241   7   9
5242   7  10
5243   7  11
5244   7  12
5245   7  13
5246   7  14
5247   7  15
5248   7  16
5249   7  17
5250   7  18
5251   7  19
5252   7  20
5253   7  21
5254   7  22
5255   7  23
5256   7  24
5257   7   1
5258   7   2
5259   7   3
5260   7   4
5261   7   5
5262   7   6
5263   7   7
5264   7   8
5265   7   9
5266   7  10
5267   7  11
5268   7  12
5269   7  13
5270   7  14
5271   7  15
5272   7  16
5273   7  17
5274   7  18
5275   7  19
5276   7  20
5277   7  21
5278   7  22
5279   7  23
5280   7  24
5281   9   1
5282   9   2
5283   9   3
5284   9   4
5285   9   5
5286   9   6
5287   9   7
5288   9   8
5289   9   9
5290   9  10
5291   9  11
5292   9  12
5293   9  13
5294   9  14
5295   9  15
5296   9  16
5297   9  17
5298   9  18
5299   9  19
5300   9  20
5301   9  21
5302   9  22
5303   9  23
5304   9  24
5305   9   1
5306   9   2
5307   9   3
5308   9   4
5309   9   5
5310   9   6
5311   9   7
5312   9   8
5313   9   9
5314   9  10
5315   9  11
5316   9  12
5317   9  13
5318   9  14
5319   9  15
5320   9  16
5321   9  17
5322   9  18
5323   9  19
5324   9  20
5325   9  21
5326   9  22
5327   9  23
5328   9  24
5329   8   1
5330   8   2
5331   8   3
5332   8   4
5333   8   5
5334   8   6
5335   8   7
5336   8   8
5337   8   9
5338   8  10
5339   8  11
5340   8  12
5341   8  13
5342   8  14
5343   8  15
5344   8  16
5345   8  17
5346   8  18
5347   8  19
5348   8  20
5349   8  21
5350   8  22
5351   8  23
5352   8  24
5353   9   1
5354   9   2
5355   9   3
5356   9   4
5357   9   5
5358   9   6
5359   9   7
5360   9   8
5361   9   9
5362   9  10
5363   9  11
5364   9  12
5365   9  13
5366   9  14
5367   9  15
5368   9  16
5369   9  17
5370   9  18
5371   9  19
5372   9  20
5373   9  21
5374   9  22
5375   9  23
5376   9  24
5377   7   1
5378   7   2
5379   7   3
5380   7   4
5381   7   5
5382   7   6
5383   7   7
5384   7   8
5385   7   9
5386   7  10
5387   7  11
5388   7  12
5389   7  13
5390   7  14
5391   7  15
5392   7  16
5393   7  17
5394   7  18
5395   7  19
5396   7  20
5397   7  21
5398   7  22
5399   7  23
5400   7  24
5401   8   1
5402   8   2
5403   8   3
5404   8   4
5405   8   5
5406   8   6
5407   8   7
5408   8   8
5409   8   9
5410   8  10
5411   8  11
5412   8  12
5413   8  13
5414   8  14
5415   8  15
5416   8  16
5417   8  17
5418   8  18
5419   8  19
5420   8  20
5421   8  21
5422   8  22
5423   8  23
5424   8  24
5425   9   1
5426   9   2
5427   9   3
5428   9   4
5429   9   5
5430   9   6
5431   9   7
5432   9   8
5433   9   9
5434   9  10
5435   9  11
5436   9  12
5437   9  13
5438   9  14
5439   9  15
5440   9  16
5441   9  17
5442   9  18
5443   9  19
5444   9  20
5445   9  21
5446   9  22
5447   9  23
5448   9  24
5449  10   1
5450  10   2
5451  10   3
5452  10   4
5453  10   5
5454  10   6
5455  10   7
5456  10   8
5457  10   9
5458  10  10
5459  10  11
5460  10  12
5461  10  13
5462  10  14
5463  10  15
5464  10  16
5465  10  17
5466  10  18
5467  10  19
5468  10  20
5469  10  21
5470  10  22
5471  10  23
5472  10  24
5473  10   1
5474  10   2
5475  10   3
5476  10   4
5477  10   5
5478  10   6
5479  10   7
5480  10   8
5481  10   9
5482  10  10
5483  10  11
5484  10  12
5485  10  13
5486  10  14
5487  10  15
5488  10  16
5489  10  17
5490  10  18
5491  10  19
5492  10  20
5493  10  21
5494  10  22
5495  10  23
5496  10  24
5497  10   1
5498  10   2
5499  10   3
5500  10   4
5501  10   5
5502  10   6
5503  10   7
5504  10   8
5505  10   9
5506  10  10
5507  10  11
5508  10  12
5509  10  13
5510  10  14
5511  10  15
5512  10  16
5513  10  17
5514  10  18
5515  10  19
5516  10  20
5517  10  21
5518  10  22
5519  10  23
5520  10  24
5521  10   1
5522  10   2
5523  10   3
5524  10   4
5525  10   5
5526  10   6
5527  10   7
5528  10   8
5529  10   9
5530  10  10
5531  10  11
5532  10  12
5533  10  13
5534  10  14
5535  10  15
5536  10  16
5537  10  17
5538  10  18
5539  10  19
5540  10  20
5541  10  21
5542  10  22
5543  10  23
5544  10  24
5545  10   1
5546  10   2
5547  10   3
5548  10   4
5549  10   5
5550  10   6
5551  10   7
5552  10   8
5553  10   9
5554  10  10
5555  10  11
5556  10  12
5557  10  13
5558  10  14
5559  10  15
5560  10  16
5561  10  17
5562  10  18
5563  10  19
5564  10  20
5565  10  21
5566  10  22
5567  10  23
5568  10  24
5569   9   1
5570   9   2
5571   9   3
5572   9   4
5573   9   5
5574   9   6
5575   9   7
5576   9   8
5577   9   9
5578   9  10
5579   9  11
5580   9  12
5581   9  13
5582   9  14
5583   9  15
5584   9  16
5585   9  17
5586   9  18
5587   9  19
5588   9  20
5589   9  21
5590   9  22
5591   9  23
5592   9  24
5593   9   1
5594   9   2
5595   9   3
5596   9   4
5597   9   5
5598   9   6
5599   9   7
5600   9   8
5601   9   9
5602   9  10
5603   9  11
5604   9  12
5605   9  13
5606   9  14
5607   9  15
5608   9  16
5609   9  17
5610   9  18
5611   9  19
5612   9  20
5613   9  21
5614   9  22
5615   9  23
5616   9  24
5617   7   1
5618   7   2
5619   7   3
5620   7   4
5621   7   5
5622   7   6
5623   7   7
5624   7   8
5625   7   9
5626   7  10
5627   7  11
5628   7  12
5629   7  13
5630   7  14
5631   7  15
5632   7  16
5633   7  17
5634   7  18
5635   7  19
5636   7  20
5637   7  21
5638   7  22
5639   7  23
5640   7  24
5641   8   1
5642   8   2
5643   8   3
5644   8   4
5645   8   5
5646   8   6
5647   8   7
5648   8   8
5649   8   9
5650   8  10
5651   8  11
5652   8  12
5653   8  13
5654   8  14
5655   8  15
5656   8  16
5657   8  17
5658   8  18
5659   8  19
5660   8  20
5661   8  21
5662   8  22
5663   8  23
5664   8  24
5665   9   1
5666   9   2
5667   9   3
5668   9   4
5669   9   5
5670   9   6
5671   9   7
5672   9   8
5673   9   9
5674   9  10
5675   9  11
5676   9  12
5677   9  13
5678   9  14
5679   9  15
5680   9  16
5681   9  17
5682   9  18
5683   9  19
5684   9  20
5685   9  21
5686   9  22
5687   9  23
5688   9  24
5689   9   1
5690   9   2
5691   9   3
5692   9   4
5693   9   5
5694   9   6
5695   9   7
5696   9   8
5697   9   9
5698   9  10
5699   9  11
5700   9  12
5701   9  13
5702   9  14
5703   9  15
5704   9  16
5705   9  17
5706   9  18
5707   9  19
5708   9  20
5709   9  21
5710   9  22
5711   9  23
5712   9  24
5713   9   1
5714   9   2
5715   9   3
5716   9   4
5717   9   5
5718   9   6
5719   9   7
5720   9   8
5721   9   9
5722   9  10
5723   9  11
5724   9  12
5725   9  13
5726   9  14
5727   9  15
5728   9  16
5729   9  17
5730   9  18
5731   9  19
5732   9  20
5733   9  21
5734   9  22
5735   9  23
5736   9  24
5737   9   1
5738   9   2
5739   9   3
5740   9   4
5741   9   5
5742   9   6
5743   9   7
5744   9   8
5745   9   9
5746   9  10
5747   9  11
5748   9  12
5749   9  13
5750   9  14
5751   9  15
5752   9  16
5753   9  17
5754   9  18
5755   9  19
5756   9  20
5757   9  21
5758   9  22
5759   9  23
5760   9  24
5761   9   1
5762   9   2
5763   9   3
5764   9   4
5765   9   5
5766   9   6
5767   9   7
5768   9   8
5769   9   9
5770   9  10
5771   9  11
5772   9  12
5773   9  13
5774   9  14
5775   9  15
5776   9  16
5777   9  17
5778   9  18
5779   9  19
5780   9  20
5781   9  21
5782   9  22
5783   9  23
5784   9  24
5785   9   1
5786   9   2
5787   9   3
5788   9   4
5789   9   5
5790   9   6
5791   9   7
5792   9   8
5793   9   9
5794   9  10
5795   9  11
5796   9  12
5797   9  13
5798   9  14
5799   9  15
5800   9  16
5801   9  17
5802   9  18
5803   9  19
5804   9  20
5805   9  21
5806   9  22
5807   9  23
5808   9  24
5809   8   1
5810   8   2
5811   8   3
5812   8   4
5813   8   5
5814   8   6
5815   8   7
5816   8   8
5817   8   9
5818   8  10
5819   8  11
5820   8  12
5821   8  13
5822   8  14
5823   8  15
5824   8  16
5825   8  17
5826   8  18
5827   8  19
5828   8  20
5829   8  21
5830   8  22
5831   8  23
5832   8  24
5833   8   1
5834   8   2
5835   8   3
5836   8   4
5837   8   5
5838   8   6
5839   8   7
5840   8   8
5841   8   9
5842   8  10
5843   8  11
5844   8  12
5845   8  13
5846   8  14
5847   8  15
5848   8  16
5849   8  17
5850   8  18
5851   8  19
5852   8  20
5853   8  21
5854   8  22
5855   8  23
5856   8  24
5857  10   1
5858  10   2
5859  10   3
5860  10   4
5861  10   5
5862  10   6
5863  10   7
5864  10   8
5865  10   9
5866  10  10
5867  10  11
5868  10  12
5869  10  13
5870  10  14
5871  10  15
5872  10  16
5873  10  17
5874  10  18
5875  10  19
5876  10  20
5877  10  21
5878  10  22
5879  10  23
5880  10  24
5881   9   1
5882   9   2
5883   9   3
5884   9   4
5885   9   5
5886   9   6
5887   9   7
5888   9   8
5889   9   9
5890   9  10
5891   9  11
5892   9  12
5893   9  13
5894   9  14
5895   9  15
5896   9  16
5897   9  17
5898   9  18
5899   9  19
5900   9  20
5901   9  21
5902   9  22
5903   9  23
5904   9  24
5905   9   1
5906   9   2
5907   9   3
5908   9   4
5909   9   5
5910   9   6
5911   9   7
5912   9   8
5913   9   9
5914   9  10
5915   9  11
5916   9  12
5917   9  13
5918   9  14
5919   9  15
5920   9  16
5921   9  17
5922   9  18
5923   9  19
5924   9  20
5925   9  21
5926   9  22
5927   9  23
5928   9  24
5929   9   1
5930   9   2
5931   9   3
5932   9   4
5933   9   5
5934   9   6
5935   9   7
5936   9   8
5937   9   9
5938   9  10
5939   9  11
5940   9  12
5941   9  13
5942   9  14
5943   9  15
5944   9  16
5945   9  17
5946   9  18
5947   9  19
5948   9  20
5949   9  21
5950   9  22
5951   9  23
5952   9  24
5953   9   1
5954   9   2
5955   9   3
5956   9   4
5957   9   5
5958   9   6
5959   9   7
5960   9   8
5961   9   9
5962   9  10
5963   9  11
5964   9  12
5965   9  13
5966   9  14
5967   9  15
5968   9  16
5969   9  17
5970   9  18
5971   9  19
5972   9  20
5973   9  21
5974   9  22
5975   9  23
5976   9  24
5977   8   1
5978   8   2
5979   8   3
5980   8   4
5981   8   5
5982   8   6
5983   8   7
5984   8   8
5985   8   9
5986   8  10
5987   8  11
5988   8  12
5989   8  13
5990   8  14
5991   8  15
5992   8  16
5993   8  17
5994   8  18
5995   8  19
5996   8  20
5997   8  21
5998   8  22
5999   8  23
6000   8  24
6001   6   1
6002   6   2
6003   6   3
6004   6   4
6005   6   5
6006   6   6
6007   6   7
6008   6   8
6009   6   9
6010   6  10
6011   6  11
6012   6  12
6013   6  13
6014   6  14
6015   6  15
6016   6  16
6017   6  17
6018   6  18
6019   6  19
6020   6  20
6021   6  21
6022   6  22
6023   6  23
6024   6  24
6025   7   1
6026   7   2
6027   7   3
6028   7   4
6029   7   5
6030   7   6
6031   7   7
6032   7   8
6033   7   9
6034   7  10
6035   7  11
6036   7  12
6037   7  13
6038   7  14
6039   7  15
6040   7  16
6041   7  17
6042   7  18
6043   7  19
6044   7  20
6045   7  21
6046   7  22
6047   7  23
6048   7  24
6049   7   1
6050   7   2
6051   7   3
6052   7   4
6053   7   5
6054   7   6
6055   7   7
6056   7   8
6057   7   9
6058   7  10
6059   7  11
6060   7  12
6061   7  13
6062   7  14
6063   7  15
6064   7  16
6065   7  17
6066   7  18
6067   7  19
6068   7  20
6069   7  21
6070   7  22
6071   7  23
6072   7  24
6073   5   1
6074   5   2
6075   5   3
6076   5   4
6077   5   5
6078   5   6
6079   5   7
6080   5   8
6081   5   9
6082   5  10
6083   5  11
6084   5  12
6085   5  13
6086   5  14
6087   5  15
6088   5  16
6089   5  17
6090   5  18
6091   5  19
6092   5  20
6093   5  21
6094   5  22
6095   5  23
6096   5  24
6097   7   1
6098   7   2
6099   7   3
6100   7   4
6101   7   5
6102   7   6
6103   7   7
6104   7   8
6105   7   9
6106   7  10
6107   7  11
6108   7  12
6109   7  13
6110   7  14
6111   7  15
6112   7  16
6113   7  17
6114   7  18
6115   7  19
6116   7  20
6117   7  21
6118   7  22
6119   7  23
6120   7  24
6121   7   1
6122   7   2
6123   7   3
6124   7   4
6125   7   5
6126   7   6
6127   7   7
6128   7   8
6129   7   9
6130   7  10
6131   7  11
6132   7  12
6133   7  13
6134   7  14
6135   7  15
6136   7  16
6137   7  17
6138   7  18
6139   7  19
6140   7  20
6141   7  21
6142   7  22
6143   7  23
6144   7  24
6145   8   1
6146   8   2
6147   8   3
6148   8   4
6149   8   5
6150   8   6
6151   8   7
6152   8   8
6153   8   9
6154   8  10
6155   8  11
6156   8  12
6157   8  13
6158   8  14
6159   8  15
6160   8  16
6161   8  17
6162   8  18
6163   8  19
6164   8  20
6165   8  21
6166   8  22
6167   8  23
6168   8  24
6169   7   1
6170   7   2
6171   7   3
6172   7   4
6173   7   5
6174   7   6
6175   7   7
6176   7   8
6177   7   9
6178   7  10
6179   7  11
6180   7  12
6181   7  13
6182   7  14
6183   7  15
6184   7  16
6185   7  17
6186   7  18
6187   7  19
6188   7  20
6189   7  21
6190   7  22
6191   7  23
6192   7  24
6193   7   1
6194   7   2
6195   7   3
6196   7   4
6197   7   5
6198   7   6
6199   7   7
6200   7   8
6201   7   9
6202   7  10
6203   7  11
6204   7  12
6205   7  13
6206   7  14
6207   7  15
6208   7  16
6209   7  17
6210   7  18
6211   7  19
6212   7  20
6213   7  21
6214   7  22
6215   7  23
6216   7  24
6217   5   1
6218   5   2
6219   5   3
6220   5   4
6221   5   5
6222   5   6
6223   5   7
6224   5   8
6225   5   9
6226   5  10
6227   5  11
6228   5  12
6229   5  13
6230   5  14
6231   5  15
6232   5  16
6233   5  17
6234   5  18
6235   5  19
6236   5  20
6237   5  21
6238   5  22
6239   5  23
6240   5  24
6241   7   1
6242   7   2
6243   7   3
6244   7   4
6245   7   5
6246   7   6
6247   7   7
6248   7   8
6249   7   9
6250   7  10
6251   7  11
6252   7  12
6253   7  13
6254   7  14
6255   7  15
6256   7  16
6257   7  17
6258   7  18
6259   7  19
6260   7  20
6261   7  21
6262   7  22
6263   7  23
6264   7  24
6265   7   1
6266   7   2
6267   7   3
6268   7   4
6269   7   5
6270   7   6
6271   7   7
6272   7   8
6273   7   9
6274   7  10
6275   7  11
6276   7  12
6277   7  13
6278   7  14
6279   7  15
6280   7  16
6281   7  17
6282   7  18
6283   7  19
6284   7  20
6285   7  21
6286   7  22
6287   7  23
6288   7  24
6289   6   1
6290   6   2
6291   6   3
6292   6   4
6293   6   5
6294   6   6
6295   6   7
6296   6   8
6297   6   9
6298   6  10
6299   6  11
6300   6  12
6301   6  13
6302   6  14
6303   6  15
6304   6  16
6305   6  17
6306   6  18
6307   6  19
6308   6  20
6309   6  21
6310   6  22
6311   6  23
6312   6  24
6313   8   1
6314   8   2
6315   8   3
6316   8   4
6317   8   5
6318   8   6
6319   8   7
6320   8   8
6321   8   9
6322   8  10
6323   8  11
6324   8  12
6325   8  13
6326   8  14
6327   8  15
6328   8  16
6329   8  17
6330   8  18
6331   8  19
6332   8  20
6333   8  21
6334   8  22
6335   8  23
6336   8  24
6337   6   1
6338   6   2
6339   6   3
6340   6   4
6341   6   5
6342   6   6
6343   6   7
6344   6   8
6345   6   9
6346   6  10
6347   6  11
6348   6  12
6349   6  13
6350   6  14
6351   6  15
6352   6  16
6353   6  17
6354   6  18
6355   6  19
6356   6  20
6357   6  21
6358   6  22
6359   6  23
6360   6  24
6361   8   1
6362   8   2
6363   8   3
6364   8   4
6365   8   5
6366   8   6
6367   8   7
6368   8   8
6369   8   9
6370   8  10
6371   8  11
6372   8  12
6373   8  13
6374   8  14
6375   8  15
6376   8  16
6377   8  17
6378   8  18
6379   8  19
6380   8  20
6381   8  21
6382   8  22
6383   8  23
6384   8  24
6385   7   1
6386   7   2
6387   7   3
6388   7   4
6389   7   5
6390   7   6
6391   7   7
6392   7   8
6393   7   9
6394   7  10
6395   7  11
6396   7  12
6397   7  13
6398   7  14
6399   7  15
6400   7  16
6401   7  17
6402   7  18
6403   7  19
6404   7  20
6405   7  21
6406   7  22
6407   7  23
6408   7  24
6409   7   1
6410   7   2
6411   7   3
6412   7   4
6413   7   5
6414   7   6
6415   7   7
6416   7   8
6417   7   9
6418   7  10
6419   7  11
6420   7  12
6421   7  13
6422   7  14
6423   7  15
6424   7  16
6425   7  17
6426   7  18
6427   7  19
6428   7  20
6429   7  21
6430   7  22
6431   7  23
6432   7  24
6433   7   1
6434   7   2
6435   7   3
6436   7   4
6437   7   5
6438   7   6
6439   7   7
6440   7   8
6441   7   9
6442   7  10
6443   7  11
6444   7  12
6445   7  13
6446   7  14
6447   7  15
6448   7  16
6449   7  17
6450   7  18
6451   7  19
6452   7  20
6453   7  21
6454   7  22
6455   7  23
6456   7  24
6457   7   1
6458   7   2
6459   7   3
6460   7   4
6461   7   5
6462   7   6
6463   7   7
6464   7   8
6465   7   9
6466   7  10
6467   7  11
6468   7  12
6469   7  13
6470   7  14
6471   7  15
6472   7  16
6473   7  17
6474   7  18
6475   7  19
6476   7  20
6477   7  21
6478   7  22
6479   7  23
6480   7  24
6481   7   1
6482   7   2
6483   7   3
6484   7   4
6485   7   5
6486   7   6
6487   7   7
6488   7   8
6489   7   9
6490   7  10
6491   7  11
6492   7  12
6493   7  13
6494   7  14
6495   7  15
6496   7  16
6497   7  17
6498   7  18
6499   7  19
6500   7  20
6501   7  21
6502   7  22
6503   7  23
6504   7  24
6505   8   1
6506   8   2
6507   8   3
6508   8   4
6509   8   5
6510   8   6
6511   8   7
6512   8   8
6513   8   9
6514   8  10
6515   8  11
6516   8  12
6517   8  13
6518   8  14
6519   8  15
6520   8  16
6521   8  17
6522   8  18
6523   8  19
6524   8  20
6525   8  21
6526   8  22
6527   8  23
6528   8  24
6529   7   1
6530   7   2
6531   7   3
6532   7   4
6533   7   5
6534   7   6
6535   7   7
6536   7   8
6537   7   9
6538   7  10
6539   7  11
6540   7  12
6541   7  13
6542   7  14
6543   7  15
6544   7  16
6545   7  17
6546   7  18
6547   7  19
6548   7  20
6549   7  21
6550   7  22
6551   7  23
6552   7  24
6553   7   1
6554   7   2
6555   7   3
6556   7   4
6557   7   5
6558   7   6
6559   7   7
6560   7   8
6561   7   9
6562   7  10
6563   7  11
6564   7  12
6565   7  13
6566   7  14
6567   7  15
6568   7  16
6569   7  17
6570   7  18
6571   7  19
6572   7  20
6573   7  21
6574   7  22
6575   7  23
6576   7  24
6577   5   1
6578   5   2
6579   5   3
6580   5   4
6581   5   5
6582   5   6
6583   5   7
6584   5   8
6585   5   9
6586   5  10
6587   5  11
6588   5  12
6589   5  13
6590   5  14
6591   5  15
6592   5  16
6593   5  17
6594   5  18
6595   5  19
6596   5  20
6597   5  21
6598   5  22
6599   5  23
6600   5  24
6601   5   1
6602   5   2
6603   5   3
6604   5   4
6605   5   5
6606   5   6
6607   5   7
6608   5   8
6609   5   9
6610   5  10
6611   5  11
6612   5  12
6613   5  13
6614   5  14
6615   5  15
6616   5  16
6617   5  17
6618   5  18
6619   5  19
6620   5  20
6621   5  21
6622   5  22
6623   5  23
6624   5  24
6625   7   1
6626   7   2
6627   7   3
6628   7   4
6629   7   5
6630   7   6
6631   7   7
6632   7   8
6633   7   9
6634   7  10
6635   7  11
6636   7  12
6637   7  13
6638   7  14
6639   7  15
6640   7  16
6641   7  17
6642   7  18
6643   7  19
6644   7  20
6645   7  21
6646   7  22
6647   7  23
6648   7  24
6649   6   1
6650   6   2
6651   6   3
6652   6   4
6653   6   5
6654   6   6
6655   6   7
6656   6   8
6657   6   9
6658   6  10
6659   6  11
6660   6  12
6661   6  13
6662   6  14
6663   6  15
6664   6  16
6665   6  17
6666   6  18
6667   6  19
6668   6  20
6669   6  21
6670   6  22
6671   6  23
6672   6  24
6673   6   1
6674   6   2
6675   6   3
6676   6   4
6677   6   5
6678   6   6
6679   6   7
6680   6   8
6681   6   9
6682   6  10
6683   6  11
6684   6  12
6685   6  13
6686   6  14
6687   6  15
6688   6  16
6689   6  17
6690   6  18
6691   6  19
6692   6  20
6693   6  21
6694   6  22
6695   6  23
6696   6  24
6697   7   1
6698   7   2
6699   7   3
6700   7   4
6701   7   5
6702   7   6
6703   7   7
6704   7   8
6705   7   9
6706   7  10
6707   7  11
6708   7  12
6709   7  13
6710   7  14
6711   7  15
6712   7  16
6713   7  17
6714   7  18
6715   7  19
6716   7  20
6717   7  21
6718   7  22
6719   7  23
6720   7  24
6721   7   1
6722   7   2
6723   7   3
6724   7   4
6725   7   5
6726   7   6
6727   7   7
6728   7   8
6729   7   9
6730   7  10
6731   7  11
6732   7  12
6733   7  13
6734   7  14
6735   7  15
6736   7  16
6737   7  17
6738   7  18
6739   7  19
6740   7  20
6741   7  21
6742   7  22
6743   7  23
6744   7  24
6745   7   1
6746   7   2
6747   7   3
6748   7   4
6749   7   5
6750   7   6
6751   7   7
6752   7   8
6753   7   9
6754   7  10
6755   7  11
6756   7  12
6757   7  13
6758   7  14
6759   7  15
6760   7  16
6761   7  17
6762   7  18
6763   7  19
6764   7  20
6765   7  21
6766   7  22
6767   7  23
6768   7  24
6769   7   1
6770   7   2
6771   7   3
6772   7   4
6773   7   5
6774   7   6
6775   7   7
6776   7   8
6777   7   9
6778   7  10
6779   7  11
6780   7  12
6781   7  13
6782   7  14
6783   7  15
6784   7  16
6785   7  17
6786   7  18
6787   7  19
6788   7  20
6789   7  21
6790   7  22
6791   7  23
6792   7  24
6793   7   1
6794   7   2
6795   7   3
6796   7   4
6797   7   5
6798   7   6
6799   7   7
6800   7   8
6801   7   9
6802   7  10
6803   7  11
6804   7  12
6805   7  13
6806   7  14
6807   7  15
6808   7  16
6809   7  17
6810   7  18
6811   7  19
6812   7  20
6813   7  21
6814   7  22
6815   7  23
6816   7  24
6817   7   1
6818   7   2
6819   7   3
6820   7   4
6821   7   5
6822   7   6
6823   7   7
6824   7   8
6825   7   9
6826   7  10
6827   7  11
6828   7  12
6829   7  13
6830   7  14
6831   7  15
6832   7  16
6833   7  17
6834   7  18
6835   7  19
6836   7  20
6837   7  21
6838   7  22
6839   7  23
6840   7  24
6841   6   1
6842   6   2
6843   6   3
6844   6   4
6845   6   5
6846   6   6
6847   6   7
6848   6   8
6849   6   9
6850   6  10
6851   6  11
6852   6  12
6853   6  13
6854   6  14
6855   6  15
6856   6  16
6857   6  17
6858   6  18
6859   6  19
6860   6  20
6861   6  21
6862   6  22
6863   6  23
6864   6  24
6865   5   1
6866   5   2
6867   5   3
6868   5   4
6869   5   5
6870   5   6
6871   5   7
6872   5   8
6873   5   9
6874   5  10
6875   5  11
6876   5  12
6877   5  13
6878   5  14
6879   5  15
6880   5  16
6881   5  17
6882   5  18
6883   5  19
6884   5  20
6885   5  21
6886   5  22
6887   5  23
6888   5  24
6889   6   1
6890   6   2
6891   6   3
6892   6   4
6893   6   5
6894   6   6
6895   6   7
6896   6   8
6897   6   9
6898   6  10
6899   6  11
6900   6  12
6901   6  13
6902   6  14
6903   6  15
6904   6  16
6905   6  17
6906   6  18
6907   6  19
6908   6  20
6909   6  21
6910   6  22
6911   6  23
6912   6  24
6913   6   1
6914   6   2
6915   6   3
6916   6   4
6917   6   5
6918   6   6
6919   6   7
6920   6   8
6921   6   9
6922   6  10
6923   6  11
6924   6  12
6925   6  13
6926   6  14
6927   6  15
6928   6  16
6929   6  17
6930   6  18
6931   6  19
6932   6  20
6933   6  21
6934   6  22
6935   6  23
6936   6  24
6937   5   1
6938   5   2
6939   5   3
6940   5   4
6941   5   5
6942   5   6
6943   5   7
6944   5   8
6945   5   9
6946   5  10
6947   5  11
6948   5  12
6949   5  13
6950   5  14
6951   5  15
6952   5  16
6953   5  17
6954   5  18
6955   5  19
6956   5  20
6957   5  21
6958   5  22
6959   5  23
6960   5  24
6961   6   1
6962   6   2
6963   6   3
6964   6   4
6965   6   5
6966   6   6
6967   6   7
6968   6   8
6969   6   9
6970   6  10
6971   6  11
6972   6  12
6973   6  13
6974   6  14
6975   6  15
6976   6  16
6977   6  17
6978   6  18
6979   6  19
6980   6  20
6981   6  21
6982   6  22
6983   6  23
6984   6  24
6985   7   1
6986   7   2
6987   7   3
6988   7   4
6989   7   5
6990   7   6
6991   7   7
6992   7   8
6993   7   9
6994   7  10
6995   7  11
6996   7  12
6997   7  13
6998   7  14
6999   7  15
7000   7  16
7001   7  17
7002   7  18
7003   7  19
7004   7  20
7005   7  21
7006   7  22
7007   7  23
7008   7  24
7009   6   1
7010   6   2
7011   6   3
7012   6   4
7013   6   5
7014   6   6
7015   6   7
7016   6   8
7017   6   9
7018   6  10
7019   6  11
7020   6  12
7021   6  13
7022   6  14
7023   6  15
7024   6  16
7025   6  17
7026   6  18
7027   6  19
7028   6  20
7029   6  21
7030   6  22
7031   6  23
7032   6  24
7033   7   1
7034   7   2
7035   7   3
7036   7   4
7037   7   5
7038   7   6
7039   7   7
7040   7   8
7041   7   9
7042   7  10
7043   7  11
7044   7  12
7045   7  13
7046   7  14
7047   7  15
7048   7  16
7049   7  17
7050   7  18
7051   7  19
7052   7  20
7053   7  21
7054   7  22
7055   7  23
7056   7  24
7057   6   1
7058   6   2
7059   6   3
7060   6   4
7061   6   5
7062   6   6
7063   6   7
7064   6   8
7065   6   9
7066   6  10
7067   6  11
7068   6  12
7069   6  13
7070   6  14
7071   6  15
7072   6  16
7073   6  17
7074   6  18
7075   6  19
7076   6  20
7077   6  21
7078   6  22
7079   6  23
7080   6  24
7081   6   1
7082   6   2
7083   6   3
7084   6   4
7085   6   5
7086   6   6
7087   6   7
7088   6   8
7089   6   9
7090   6  10
7091   6  11
7092   6  12
7093   6  13
7094   6  14
7095   6  15
7096   6  16
7097   6  17
7098   6  18
7099   6  19
7100   6  20
7101   6  21
7102   6  22
7103   6  23
7104   6  24
7105   7   1
7106   7   2
7107   7   3
7108   7   4
7109   7   5
7110   7   6
7111   7   7
7112   7   8
7113   7   9
7114   7  10
7115   7  11
7116   7  12
7117   7  13
7118   7  14
7119   7  15
7120   7  16
7121   7  17
7122   7  18
7123   7  19
7124   7  20
7125   7  21
7126   7  22
7127   7  23
7128   7  24
7129   6   1
7130   6   2
7131   6   3
7132   6   4
7133   6   5
7134   6   6
7135   6   7
7136   6   8
7137   6   9
7138   6  10
7139   6  11
7140   6  12
7141   6  13
7142   6  14
7143   6  15
7144   6  16
7145   6  17
7146   6  18
7147   6  19
7148   6  20
7149   6  21
7150   6  22
7151   6  23
7152   6  24
7153   1   1
7154   1   2
7155   1   3
7156   1   4
7157   1   5
7158   1   6
7159   1   7
7160   1   8
7161   1   9
7162   1  10
7163   1  11
7164   1  12
7165   1  13
7166   1  14
7167   1  15
7168   1  16
7169   1  17
7170   1  18
7171   1  19
7172   1  20
7173   1  21
7174   1  22
7175   1  23
7176   1  24
7177   5   1
7178   5   2
7179   5   3
7180   5   4
7181   5   5
7182   5   6
7183   5   7
7184   5   8
7185   5   9
7186   5  10
7187   5  11
7188   5  12
7189   5  13
7190   5  14
7191   5  15
7192   5  16
7193   5  17
7194   5  18
7195   5  19
7196   5  20
7197   5  21
7198   5  22
7199   5  23
7200   5  24
7201   5   1
7202   5   2
7203   5   3
7204   5   4
7205   5   5
7206   5   6
7207   5   7
7208   5   8
7209   5   9
7210   5  10
7211   5  11
7212   5  12
7213   5  13
7214   5  14
7215   5  15
7216   5  16
7217   5  17
7218   5  18
7219   5  19
7220   5  20
7221   5  21
7222   5  22
7223   5  23
7224   5  24
7225   6   1
7226   6   2
7227   6   3
7228   6   4
7229   6   5
7230   6   6
7231   6   7
7232   6   8
7233   6   9
7234   6  10
7235   6  11
7236   6  12
7237   6  13
7238   6  14
7239   6  15
7240   6  16
7241   6  17
7242   6  18
7243   6  19
7244   6  20
7245   6  21
7246   6  22
7247   6  23
7248   6  24
7249   6   1
7250   6   2
7251   6   3
7252   6   4
7253   6   5
7254   6   6
7255   6   7
7256   6   8
7257   6   9
7258   6  10
7259   6  11
7260   6  12
7261   6  13
7262   6  14
7263   6  15
7264   6  16
7265   6  17
7266   6  18
7267   6  19
7268   6  20
7269   6  21
7270   6  22
7271   6  23
7272   6  24
7273   5   1
7274   5   2
7275   5   3
7276   5   4
7277   5   5
7278   5   6
7279   5   7
7280   5   8
7281   5   9
7282   5  10
7283   5  11
7284   5  12
7285   5  13
7286   5  14
7287   5  15
7288   5  16
7289   5  17
7290   5  18
7291   5  19
7292   5  20
7293   5  21
7294   5  22
7295   5  23
7296   5  24
7297   1   1
7298   1   2
7299   1   3
7300   1   4
7301   1   5
7302   1   6
7303   1   7
7304   1   8
7305   1   9
7306   1  10
7307   1  11
7308   1  12
7309   1  13
7310   1  14
7311   1  15
7312   1  16
7313   1  17
7314   1  18
7315   1  19
7316   1  20
7317   1  21
7318   1  22
7319   1  23
7320   1  24
7321   1   1
7322   1   2
7323   1   3
7324   1   4
7325   1   5
7326   1   6
7327   1   7
7328   1   8
7329   1   9
7330   1  10
7331   1  11
7332   1  12
7333   1  13
7334   1  14
7335   1  15
7336   1  16
7337   1  17
7338   1  18
7339   1  19
7340   1  20
7341   1  21
7342   1  22
7343   1  23
7344   1  24
7345   1   1
7346   1   2
7347   1   3
7348   1   4
7349   1   5
7350   1   6
7351   1   7
7352   1   8
7353   1   9
7354   1  10
7355   1  11
7356   1  12
7357   1  13
7358   1  14
7359   1  15
7360   1  16
7361   1  17
7362   1  18
7363   1  19
7364   1  20
7365   1  21
7366   1  22
7367   1  23
7368   1  24
7369   2   1
7370   2   2
7371   2   3
7372   2   4
7373   2   5
7374   2   6
7375   2   7
7376   2   8
7377   2   9
7378   2  10
7379   2  11
7380   2  12
7381   2  13
7382   2  14
7383   2  15
7384   2  16
7385   2  17
7386   2  18
7387   2  19
7388   2  20
7389   2  21
7390   2  22
7391   2  23
7392   2  24
7393   2   1
7394   2   2
7395   2   3
7396   2   4
7397   2   5
7398   2   6
7399   2   7
7400   2   8
7401   2   9
7402   2  10
7403   2  11
7404   2  12
7405   2  13
7406   2  14
7407   2  15
7408   2  16
7409   2  17
7410   2  18
7411   2  19
7412   2  20
7413   2  21
7414   2  22
7415   2  23
7416   2  24
7417   2   1
7418   2   2
7419   2   3
7420   2   4
7421   2   5
7422   2   6
7423   2   7
7424   2   8
7425   2   9
7426   2  10
7427   2  11
7428   2  12
7429   2  13
7430   2  14
7431   2  15
7432   2  16
7433   2  17
7434   2  18
7435   2  19
7436   2  20
7437   2  21
7438   2  22
7439   2  23
7440   2  24
7441   2   1
7442   2   2
7443   2   3
7444   2   4
7445   2   5
7446   2   6
7447   2   7
7448   2   8
7449   2   9
7450   2  10
7451   2  11
7452   2  12
7453   2  13
7454   2  14
7455   2  15
7456   2  16
7457   2  17
7458   2  18
7459   2  19
7460   2  20
7461   2  21
7462   2  22
7463   2  23
7464   2  24
7465   1   1
7466   1   2
7467   1   3
7468   1   4
7469   1   5
7470   1   6
7471   1   7
7472   1   8
7473   1   9
7474   1  10
7475   1  11
7476   1  12
7477   1  13
7478   1  14
7479   1  15
7480   1  16
7481   1  17
7482   1  18
7483   1  19
7484   1  20
7485   1  21
7486   1  22
7487   1  23
7488   1  24
7489   6   1
7490   6   2
7491   6   3
7492   6   4
7493   6   5
7494   6   6
7495   6   7
7496   6   8
7497   6   9
7498   6  10
7499   6  11
7500   6  12
7501   6  13
7502   6  14
7503   6  15
7504   6  16
7505   6  17
7506   6  18
7507   6  19
7508   6  20
7509   6  21
7510   6  22
7511   6  23
7512   6  24
7513   6   1
7514   6   2
7515   6   3
7516   6   4
7517   6   5
7518   6   6
7519   6   7
7520   6   8
7521   6   9
7522   6  10
7523   6  11
7524   6  12
7525   6  13
7526   6  14
7527   6  15
7528   6  16
7529   6  17
7530   6  18
7531   6  19
7532   6  20
7533   6  21
7534   6  22
7535   6  23
7536   6  24
7537   6   1
7538   6   2
7539   6   3
7540   6   4
7541   6   5
7542   6   6
7543   6   7
7544   6   8
7545   6   9
7546   6  10
7547   6  11
7548   6  12
7549   6  13
7550   6  14
7551   6  15
7552   6  16
7553   6  17
7554   6  18
7555   6  19
7556   6  20
7557   6  21
7558   6  22
7559   6  23
7560   6  24
7561   5   1
7562   5   2
7563   5   3
7564   5   4
7565   5   5
7566   5   6
7567   5   7
7568   5   8
7569   5   9
7570   5  10
7571   5  11
7572   5  12
7573   5  13
7574   5  14
7575   5  15
7576   5  16
7577   5  17
7578   5  18
7579   5  19
7580   5  20
7581   5  21
7582   5  22
7583   5  23
7584   5  24
7585   1   1
7586   1   2
7587   1   3
7588   1   4
7589   1   5
7590   1   6
7591   1   7
7592   1   8
7593   1   9
7594   1  10
7595   1  11
7596   1  12
7597   1  13
7598   1  14
7599   1  15
7600   1  16
7601   1  17
7602   1  18
7603   1  19
7604   1  20
7605   1  21
7606   1  22
7607   1  23
7608   1  24
7609   1   1
7610   1   2
7611   1   3
7612   1   4
7613   1   5
7614   1   6
7615   1   7
7616   1   8
7617   1   9
7618   1  10
7619   1  11
7620   1  12
7621   1  13
7622   1  14
7623   1  15
7624   1  16
7625   1  17
7626   1  18
7627   1  19
7628   1  20
7629   1  21
7630   1  22
7631   1  23
7632   1  24
7633   2   1
7634   2   2
7635   2   3
7636   2   4
7637   2   5
7638   2   6
7639   2   7
7640   2   8
7641   2   9
7642   2  10
7643   2  11
7644   2  12
7645   2  13
7646   2  14
7647   2  15
7648   2  16
7649   2  17
7650   2  18
7651   2  19
7652   2  20
7653   2  21
7654   2  22
7655   2  23
7656   2  24
7657   1   1
7658   1   2
7659   1   3
7660   1   4
7661   1   5
7662   1   6
7663   1   7
7664   1   8
7665   1   9
7666   1  10
7667   1  11
7668   1  12
7669   1  13
7670   1  14
7671   1  15
7672   1  16
7673   1  17
7674   1  18
7675   1  19
7676   1  20
7677   1  21
7678   1  22
7679   1  23
7680   1  24
7681   2   1
7682   2   2
7683   2   3
7684   2   4
7685   2   5
7686   2   6
7687   2   7
7688   2   8
7689   2   9
7690   2  10
7691   2  11
7692   2  12
7693   2  13
7694   2  14
7695   2  15
7696   2  16
7697   2  17
7698   2  18
7699   2  19
7700   2  20
7701   2  21
7702   2  22
7703   2  23
7704   2  24
7705   1   1
7706   1   2
7707   1   3
7708   1   4
7709   1   5
7710   1   6
7711   1   7
7712   1   8
7713   1   9
7714   1  10
7715   1  11
7716   1  12
7717   1  13
7718   1  14
7719   1  15
7720   1  16
7721   1  17
7722   1  18
7723   1  19
7724   1  20
7725   1  21
7726   1  22
7727   1  23
7728   1  24
7729   5   1
7730   5   2
7731   5   3
7732   5   4
7733   5   5
7734   5   6
7735   5   7
7736   5   8
7737   5   9
7738   5  10
7739   5  11
7740   5  12
7741   5  13
7742   5  14
7743   5  15
7744   5  16
7745   5  17
7746   5  18
7747   5  19
7748   5  20
7749   5  21
7750   5  22
7751   5  23
7752   5  24
7753   1   1
7754   1   2
7755   1   3
7756   1   4
7757   1   5
7758   1   6
7759   1   7
7760   1   8
7761   1   9
7762   1  10
7763   1  11
7764   1  12
7765   1  13
7766   1  14
7767   1  15
7768   1  16
7769   1  17
7770   1  18
7771   1  19
7772   1  20
7773   1  21
7774   1  22
7775   1  23
7776   1  24
7777   1   1
7778   1   2
7779   1   3
7780   1   4
7781   1   5
7782   1   6
7783   1   7
7784   1   8
7785   1   9
7786   1  10
7787   1  11
7788   1  12
7789   1  13
7790   1  14
7791   1  15
7792   1  16
7793   1  17
7794   1  18
7795   1  19
7796   1  20
7797   1  21
7798   1  22
7799   1  23
7800   1  24
7801   1   1
7802   1   2
7803   1   3
7804   1   4
7805   1   5
7806   1   6
7807   1   7
7808   1   8
7809   1   9
7810   1  10
7811   1  11
7812   1  12
7813   1  13
7814   1  14
7815   1  15
7816   1  16
7817   1  17
7818   1  18
7819   1  19
7820   1  20
7821   1  21
7822   1  22
7823   1  23
7824   1  24
7825   1   1
7826   1   2
7827   1   3
7828   1   4
7829   1   5
7830   1   6
7831   1   7
7832   1   8
7833   1   9
7834   1  10
7835   1  11
7836   1  12
7837   1  13
7838   1  14
7839   1  15
7840   1  16
7841   1  17
7842   1  18
7843   1  19
7844   1  20
7845   1  21
7846   1  22
7847   1  23
7848   1  24
7849   2   1
7850   2   2
7851   2   3
7852   2   4
7853   2   5
7854   2   6
7855   2   7
7856   2   8
7857   2   9
7858   2  10
7859   2  11
7860   2  12
7861   2  13
7862   2  14
7863   2  15
7864   2  16
7865   2  17
7866   2  18
7867   2  19
7868   2  20
7869   2  21
7870   2  22
7871   2  23
7872   2  24
7873   1   1
7874   1   2
7875   1   3
7876   1   4
7877   1   5
7878   1   6
7879   1   7
7880   1   8
7881   1   9
7882   1  10
7883   1  11
7884   1  12
7885   1  13
7886   1  14
7887   1  15
7888   1  16
7889   1  17
7890   1  18
7891   1  19
7892   1  20
7893   1  21
7894   1  22
7895   1  23
7896   1  24
7897   3   1
7898   3   2
7899   3   3
7900   3   4
7901   3   5
7902   3   6
7903   3   7
7904   3   8
7905   3   9
7906   3  10
7907   3  11
7908   3  12
7909   3  13
7910   3  14
7911   3  15
7912   3  16
7913   3  17
7914   3  18
7915   3  19
7916   3  20
7917   3  21
7918   3  22
7919   3  23
7920   3  24
7921   2   1
7922   2   2
7923   2   3
7924   2   4
7925   2   5
7926   2   6
7927   2   7
7928   2   8
7929   2   9
7930   2  10
7931   2  11
7932   2  12
7933   2  13
7934   2  14
7935   2  15
7936   2  16
7937   2  17
7938   2  18
7939   2  19
7940   2  20
7941   2  21
7942   2  22
7943   2  23
7944   2  24
7945   2   1
7946   2   2
7947   2   3
7948   2   4
7949   2   5
7950   2   6
7951   2   7
7952   2   8
7953   2   9
7954   2  10
7955   2  11
7956   2  12
7957   2  13
7958   2  14
7959   2  15
7960   2  16
7961   2  17
7962   2  18
7963   2  19
7964   2  20
7965   2  21
7966   2  22
7967   2  23
7968   2  24
7969   2   1
7970   2   2
7971   2   3
7972   2   4
7973   2   5
7974   2   6
7975   2   7
7976   2   8
7977   2   9
7978   2  10
7979   2  11
7980   2  12
7981   2  13
7982   2  14
7983   2  15
7984   2  16
7985   2  17
7986   2  18
7987   2  19
7988   2  20
7989   2  21
7990   2  22
7991   2  23
7992   2  24
7993   3   1
7994   3   2
7995   3   3
7996   3   4
7997   3   5
7998   3   6
7999   3   7
8000   3   8
8001   3   9
8002   3  10
8003   3  11
8004   3  12
8005   3  13
8006   3  14
8007   3  15
8008   3  16
8009   3  17
8010   3  18
8011   3  19
8012   3  20
8013   3  21
8014   3  22
8015   3  23
8016   3  24
8017   1   1
8018   1   2
8019   1   3
8020   1   4
8021   1   5
8022   1   6
8023   1   7
8024   1   8
8025   1   9
8026   1  10
8027   1  11
8028   1  12
8029   1  13
8030   1  14
8031   1  15
8032   1  16
8033   1  17
8034   1  18
8035   1  19
8036   1  20
8037   1  21
8038   1  22
8039   1  23
8040   1  24
8041   3   1
8042   3   2
8043   3   3
8044   3   4
8045   3   5
8046   3   6
8047   3   7
8048   3   8
8049   3   9
8050   3  10
8051   3  11
8052   3  12
8053   3  13
8054   3  14
8055   3  15
8056   3  16
8057   3  17
8058   3  18
8059   3  19
8060   3  20
8061   3  21
8062   3  22
8063   3  23
8064   3  24
8065   3   1
8066   3   2
8067   3   3
8068   3   4
8069   3   5
8070   3   6
8071   3   7
8072   3   8
8073   3   9
8074   3  10
8075   3  11
8076   3  12
8077   3  13
8078   3  14
8079   3  15
8080   3  16
8081   3  17
8082   3  18
8083   3  19
8084   3  20
8085   3  21
8086   3  22
8087   3  23
8088   3  24
8089   1   1
8090   1   2
8091   1   3
8092   1   4
8093   1   5
8094   1   6
8095   1   7
8096   1   8
8097   1   9
8098   1  10
8099   1  11
8100   1  12
8101   1  13
8102   1  14
8103   1  15
8104   1  16
8105   1  17
8106   1  18
8107   1  19
8108   1  20
8109   1  21
8110   1  22
8111   1  23
8112   1  24
8113   3   1
8114   3   2
8115   3   3
8116   3   4
8117   3   5
8118   3   6
8119   3   7
8120   3   8
8121   3   9
8122   3  10
8123   3  11
8124   3  12
8125   3  13
8126   3  14
8127   3  15
8128   3  16
8129   3  17
8130   3  18
8131   3  19
8132   3  20
8133   3  21
8134   3  22
8135   3  23
8136   3  24
8137   3   1
8138   3   2
8139   3   3
8140   3   4
8141   3   5
8142   3   6
8143   3   7
8144   3   8
8145   3   9
8146   3  10
8147   3  11
8148   3  12
8149   3  13
8150   3  14
8151   3  15
8152   3  16
8153   3  17
8154   3  18
8155   3  19
8156   3  20
8157   3  21
8158   3  22
8159   3  23
8160   3  24
8161   1   1
8162   1   2
8163   1   3
8164   1   4
8165   1   5
8166   1   6
8167   1   7
8168   1   8
8169   1   9
8170   1  10
8171   1  11
8172   1  12
8173   1  13
8174   1  14
8175   1  15
8176   1  16
8177   1  17
8178   1  18
8179   1  19
8180   1  20
8181   1  21
8182   1  22
8183   1  23
8184   1  24
8185   1   1
8186   1   2
8187   1   3
8188   1   4
8189   1   5
8190   1   6
8191   1   7
8192   1   8
8193   1   9
8194   1  10
8195   1  11
8196   1  12
8197   1  13
8198   1  14
8199   1  15
8200   1  16
8201   1  17
8202   1  18
8203   1  19
8204   1  20
8205   1  21
8206   1  22
8207   1  23
8208   1  24
8209   2   1
8210   2   2
8211   2   3
8212   2   4
8213   2   5
8214   2   6
8215   2   7
8216   2   8
8217   2   9
8218   2  10
8219   2  11
8220   2  12
8221   2  13
8222   2  14
8223   2  15
8224   2  16
8225   2  17
8226   2  18
8227   2  19
8228   2  20
8229   2  21
8230   2  22
8231   2  23
8232   2  24
8233   2   1
8234   2   2
8235   2   3
8236   2   4
8237   2   5
8238   2   6
8239   2   7
8240   2   8
8241   2   9
8242   2  10
8243   2  11
8244   2  12
8245   2  13
8246   2  14
8247   2  15
8248   2  16
8249   2  17
8250   2  18
8251   2  19
8252   2  20
8253   2  21
8254   2  22
8255   2  23
8256   2  24
8257   2   1
8258   2   2
8259   2   3
8260   2   4
8261   2   5
8262   2   6
8263   2   7
8264   2   8
8265   2   9
8266   2  10
8267   2  11
8268   2  12
8269   2  13
8270   2  14
8271   2  15
8272   2  16
8273   2  17
8274   2  18
8275   2  19
8276   2  20
8277   2  21
8278   2  22
8279   2  23
8280   2  24
8281   3   1
8282   3   2
8283   3   3
8284   3   4
8285   3   5
8286   3   6
8287   3   7
8288   3   8
8289   3   9
8290   3  10
8291   3  11
8292   3  12
8293   3  13
8294   3  14
8295   3  15
8296   3  16
8297   3  17
8298   3  18
8299   3  19
8300   3  20
8301   3  21
8302   3  22
8303   3  23
8304   3  24
8305   2   1
8306   2   2
8307   2   3
8308   2   4
8309   2   5
8310   2   6
8311   2   7
8312   2   8
8313   2   9
8314   2  10
8315   2  11
8316   2  12
8317   2  13
8318   2  14
8319   2  15
8320   2  16
8321   2  17
8322   2  18
8323   2  19
8324   2  20
8325   2  21
8326   2  22
8327   2  23
8328   2  24
8329   1   1
8330   1   2
8331   1   3
8332   1   4
8333   1   5
8334   1   6
8335   1   7
8336   1   8
8337   1   9
8338   1  10
8339   1  11
8340   1  12
8341   1  13
8342   1  14
8343   1  15
8344   1  16
8345   1  17
8346   1  18
8347   1  19
8348   1  20
8349   1  21
8350   1  22
8351   1  23
8352   1  24
8353   1   1
8354   1   2
8355   1   3
8356   1   4
8357   1   5
8358   1   6
8359   1   7
8360   1   8
8361   1   9
8362   1  10
8363   1  11
8364   1  12
8365   1  13
8366   1  14
8367   1  15
8368   1  16
8369   1  17
8370   1  18
8371   1  19
8372   1  20
8373   1  21
8374   1  22
8375   1  23
8376   1  24
8377   5   1
8378   5   2
8379   5   3
8380   5   4
8381   5   5
8382   5   6
8383   5   7
8384   5   8
8385   5   9
8386   5  10
8387   5  11
8388   5  12
8389   5  13
8390   5  14
8391   5  15
8392   5  16
8393   5  17
8394   5  18
8395   5  19
8396   5  20
8397   5  21
8398   5  22
8399   5  23
8400   5  24
8401   2   1
8402   2   2
8403   2   3
8404   2   4
8405   2   5
8406   2   6
8407   2   7
8408   2   8
8409   2   9
8410   2  10
8411   2  11
8412   2  12
8413   2  13
8414   2  14
8415   2  15
8416   2  16
8417   2  17
8418   2  18
8419   2  19
8420   2  20
8421   2  21
8422   2  22
8423   2  23
8424   2  24
8425   5   1
8426   5   2
8427   5   3
8428   5   4
8429   5   5
8430   5   6
8431   5   7
8432   5   8
8433   5   9
8434   5  10
8435   5  11
8436   5  12
8437   5  13
8438   5  14
8439   5  15
8440   5  16
8441   5  17
8442   5  18
8443   5  19
8444   5  20
8445   5  21
8446   5  22
8447   5  23
8448   5  24
8449   2   1
8450   2   2
8451   2   3
8452   2   4
8453   2   5
8454   2   6
8455   2   7
8456   2   8
8457   2   9
8458   2  10
8459   2  11
8460   2  12
8461   2  13
8462   2  14
8463   2  15
8464   2  16
8465   2  17
8466   2  18
8467   2  19
8468   2  20
8469   2  21
8470   2  22
8471   2  23
8472   2  24
8473   2   1
8474   2   2
8475   2   3
8476   2   4
8477   2   5
8478   2   6
8479   2   7
8480   2   8
8481   2   9
8482   2  10
8483   2  11
8484   2  12
8485   2  13
8486   2  14
8487   2  15
8488   2  16
8489   2  17
8490   2  18
8491   2  19
8492   2  20
8493   2  21
8494   2  22
8495   2  23
8496   2  24
8497   1   1
8498   1   2
8499   1   3
8500   1   4
8501   1   5
8502   1   6
8503   1   7
8504   1   8
8505   1   9
8506   1  10
8507   1  11
8508   1  12
8509   1  13
8510   1  14
8511   1  15
8512   1  16
8513   1  17
8514   1  18
8515   1  19
8516   1  20
8517   1  21
8518   1  22
8519   1  23
8520   1  24
8521   1   1
8522   1   2
8523   1   3
8524   1   4
8525   1   5
8526   1   6
8527   1   7
8528   1   8
8529   1   9
8530   1  10
8531   1  11
8532   1  12
8533   1  13
8534   1  14
8535   1  15
8536   1  16
8537   1  17
8538   1  18
8539   1  19
8540   1  20
8541   1  21
8542   1  22
8543   1  23
8544   1  24
8545   2   1
8546   2   2
8547   2   3
8548   2   4
8549   2   5
8550   2   6
8551   2   7
8552   2   8
8553   2   9
8554   2  10
8555   2  11
8556   2  12
8557   2  13
8558   2  14
8559   2  15
8560   2  16
8561   2  17
8562   2  18
8563   2  19
8564   2  20
8565   2  21
8566   2  22
8567   2  23
8568   2  24
8569   3   1
8570   3   2
8571   3   3
8572   3   4
8573   3   5
8574   3   6
8575   3   7
8576   3   8
8577   3   9
8578   3  10
8579   3  11
8580   3  12
8581   3  13
8582   3  14
8583   3  15
8584   3  16
8585   3  17
8586   3  18
8587   3  19
8588   3  20
8589   3  21
8590   3  22
8591   3  23
8592   3  24
8593   3   1
8594   3   2
8595   3   3
8596   3   4
8597   3   5
8598   3   6
8599   3   7
8600   3   8
8601   3   9
8602   3  10
8603   3  11
8604   3  12
8605   3  13
8606   3  14
8607   3  15
8608   3  16
8609   3  17
8610   3  18
8611   3  19
8612   3  20
8613   3  21
8614   3  22
8615   3  23
8616   3  24
8617   3   1
8618   3   2
8619   3   3
8620   3   4
8621   3   5
8622   3   6
8623   3   7
8624   3   8
8625   3   9
8626   3  10
8627   3  11
8628   3  12
8629   3  13
8630   3  14
8631   3  15
8632   3  16
8633   3  17
8634   3  18
8635   3  19
8636   3  20
8637   3  21
8638   3  22
8639   3  23
8640   3  24
8641   2   1
8642   2   2
8643   2   3
8644   2   4
8645   2   5
8646   2   6
8647   2   7
8648   2   8
8649   2   9
8650   2  10
8651   2  11
8652   2  12
8653   2  13
8654   2  14
8655   2  15
8656   2  16
8657   2  17
8658   2  18
8659   2  19
8660   2  20
8661   2  21
8662   2  22
8663   2  23
8664   2  24
8665   2   1
8666   2   2
8667   2   3
8668   2   4
8669   2   5
8670   2   6
8671   2   7
8672   2   8
8673   2   9
8674   2  10
8675   2  11
8676   2  12
8677   2  13
8678   2  14
8679   2  15
8680   2  16
8681   2  17
8682   2  18
8683   2  19
8684   2  20
8685   2  21
8686   2  22
8687   2  23
8688   2  24
8689   1   1
8690   1   2
8691   1   3
8692   1   4
8693   1   5
8694   1   6
8695   1   7
8696   1   8
8697   1   9
8698   1  10
8699   1  11
8700   1  12
8701   1  13
8702   1  14
8703   1  15
8704   1  16
8705   1  17
8706   1  18
8707   1  19
8708   1  20
8709   1  21
8710   1  22
8711   1  23
8712   1  24
8713   2   1
8714   2   2
8715   2   3
8716   2   4
8717   2   5
8718   2   6
8719   2   7
8720   2   8
8721   2   9
8722   2  10
8723   2  11
8724   2  12
8725   2  13
8726   2  14
8727   2  15
8728   2  16
8729   2  17
8730   2  18
8731   2  19
8732   2  20
8733   2  21
8734   2  22
8735   2  23
8736   2  24
8737   2   1
8738   2   2
8739   2   3
8740   2   4
8741   2   5
8742   2   6
8743   2   7
8744   2   8
8745   2   9
8746   2  10
8747   2  11
8748   2  12
8749   2  13
8750   2  14
8751   2  15
8752   2  16
8753   2  17
8754   2  18
8755   2  19
8756   2  20
8757   2  21
8758   2  22
8759   2  23
8760   2  24
;