-0.000000000000000000e+00
-0.000000000000000000e+00
-0.000000000000000000e+00
-0.000000000000000000e+00
-0.000000000000000000e+00
-0.000000000000000000e+00
-0.000000000000000000e+00
-0.000000000000000000e+00
4.578184076800000391e+00
3.265660016739999350e+01
3.964039412610002699e+01
6.381548051590001336e+01
3.414105099400000398e+01
3.261973731099999441e+01
2.537920975839999471e+01
1.386825150020000308e+01
2.689156049699999773e+00
-0.000000000000000000e+00
-0.000000000000000000e+00
-0.000000000000000000e+00
-0.000000000000000000e+00
-0.000000000000000000e+00
-0.000000000000000000e+00
-0.000000000000000000e+00
-0.000000000000000000e+00
-0.000000000000000000e+00
-0.000000000000000000e+00
-0.000000000000000000e+00
-0.000000000000000000e+00
-0.000000000000000000e+00
-0.000000000000000000e+00
-0.000000000000000000e+00
1.259322709769999804e+01
3.646558029430001113e+01
3.659742877530000982e+01
4.299893659340001761e+01
5.115501972240001294e+01
1.726763304061999804e+02
3.620849276969001949e+02
4.550710085166998624e+02
2.715055420803000175e+02
4.892366783100000838e+00
-0.000000000000000000e+00
-0.000000000000000000e+00
-0.000000000000000000e+00
-0.000000000000000000e+00
-0.000000000000000000e+00
-0.000000000000000000e+00
-0.000000000000000000e+00
-0.000000000000000000e+00
-0.000000000000000000e+00
-0.000000000000000000e+00
-0.000000000000000000e+00
-0.000000000000000000e+00
-0.000000000000000000e+00
2.156081469300000109e+00
2.266416366360000367e+01
5.223210843969998507e+01
7.572030988779997074e+01
8.933077408489998561e+01
1.214393653831999984e+02
1.661197082666000142e+02
2.139406020837999733e+02
2.224275284126000258e+02
8.668031353670002659e+01
1.910428738379999558e+01
4.348093233999999474e-01
-0.000000000000000000e+00
-0.000000000000000000e+00
-0.000000000000000000e+00
-0.000000000000000000e+00
-0.000000000000000000e+00
-0.000000000000000000e+00
-0.000000000000000000e+00
-0.000000000000000000e+00
-0.000000000000000000e+00
-0.000000000000000000e+00
-0.000000000000000000e+00
1.298848523599999583e+00
1.713109340310000661e+01
4.681782296010001687e+01
7.831267738980000104e+01
9.120281452799997624e+01
9.333378950339998426e+01
8.158187385519998713e+01
8.226610475619996521e+01
7.606501082680000536e+01
6.374723657369999330e+01
5.254264018510002643e+01
2.957602654410000298e+01
4.563725054999999031e+00
-0.000000000000000000e+00
-0.000000000000000000e+00
-0.000000000000000000e+00
-0.000000000000000000e+00
-0.000000000000000000e+00
-0.000000000000000000e+00
-0.000000000000000000e+00
-0.000000000000000000e+00
-0.000000000000000000e+00
-0.000000000000000000e+00
1.300335298499999404e+00
1.766007014890000448e+01
4.646252763879999037e+01
6.213152759309998174e+01
9.756123361180000586e+01
1.196366710614000084e+02
1.399394041929999446e+02
1.560269791900999508e+02
1.691266848002000245e+02
1.723319210946999647e+02
1.614182141221999700e+02
1.292075873631000036e+02
8.277163559790002978e+01
2.552357430949999895e+01
1.822841432000000150e+00
-0.000000000000000000e+00
-0.000000000000000000e+00
-0.000000000000000000e+00
-0.000000000000000000e+00
-0.000000000000000000e+00
-0.000000000000000000e+00
-0.000000000000000000e+00
-0.000000000000000000e+00
-0.000000000000000000e+00
1.222897626779999847e+01
3.957359658300001115e+01
4.787952202940002167e+01
5.140881615560000029e+01
7.226326983810000115e+01
7.855715795579999394e+01
8.668861198900002307e+01
6.604915854799997987e+01
2.895057959790999007e+02
4.702095138742999438e+02
5.715583514648001255e+02
5.718710095540999419e+02
4.504200685474998522e+02
2.143669769654999300e+02
1.566160974910000192e+01
4.395031782999999637e-01
-0.000000000000000000e+00
-0.000000000000000000e+00
-0.000000000000000000e+00
-0.000000000000000000e+00
-0.000000000000000000e+00
-0.000000000000000000e+00
-0.000000000000000000e+00
-0.000000000000000000e+00
1.114442095890000139e+01
3.707687851739999019e+01
4.858072947079997306e+01
5.217711217129998857e+01
5.164565810239999166e+01
5.530032931249997574e+01
5.546985969460000376e+01
5.529925875340001085e+01
2.540074550285999635e+02
4.468541520979000552e+02
5.963222149444000024e+02
6.680402423353000358e+02
6.043103293609999582e+02
3.944385072117001982e+02
1.001051435594999930e+02
1.377273080499999969e+00
-0.000000000000000000e+00
-0.000000000000000000e+00
-0.000000000000000000e+00
-0.000000000000000000e+00
-0.000000000000000000e+00
-0.000000000000000000e+00
-0.000000000000000000e+00
-0.000000000000000000e+00
3.794288056899998374e+00
2.792265991250000212e+01
4.745724790670001170e+01
4.873531012909998594e+01
5.406895687129999573e+01
5.729492569060000307e+01
7.174255658580001693e+01
9.862609706859997516e+01
2.519013786270000708e+02
4.337689359985001829e+02
5.845356288638000706e+02
6.548073275570000078e+02
5.819938559710998334e+02
3.267107572843999606e+02
1.190181487750000144e+01
-0.000000000000000000e+00
-0.000000000000000000e+00
-0.000000000000000000e+00
-0.000000000000000000e+00
-0.000000000000000000e+00
-0.000000000000000000e+00
-0.000000000000000000e+00
-0.000000000000000000e+00
-0.000000000000000000e+00
-0.000000000000000000e+00
7.972073242699998730e+00
3.723022221369999585e+01
5.773129079550001563e+01
8.463849710100004131e+01
9.675354406159996756e+01
9.789646403420000809e+01
8.475490214120000587e+01
8.548886846489995150e+01
7.937394715219996044e+01
6.725363493300000073e+01
4.805200919020001038e+01
2.579645131419999871e+01
5.871642076700000601e+00
-0.000000000000000000e+00
-0.000000000000000000e+00
-0.000000000000000000e+00
-0.000000000000000000e+00
-0.000000000000000000e+00
-0.000000000000000000e+00
-0.000000000000000000e+00
-0.000000000000000000e+00
-0.000000000000000000e+00
-0.000000000000000000e+00
-0.000000000000000000e+00
8.650465348000003774e-01
1.877266092909999884e+01
4.764829069830000918e+01
6.784232376210000837e+01
8.316697728579998738e+01
1.079328438260999832e+02
1.001310610919999959e+02
9.182553595720001738e+01
7.164481364790002260e+01
4.571529363279999814e+01
3.269247770079999782e+01
9.480984562000003280e+00
-0.000000000000000000e+00
-0.000000000000000000e+00
-0.000000000000000000e+00
-0.000000000000000000e+00
-0.000000000000000000e+00
-0.000000000000000000e+00
-0.000000000000000000e+00
-0.000000000000000000e+00
-0.000000000000000000e+00
-0.000000000000000000e+00
-0.000000000000000000e+00
-0.000000000000000000e+00
-0.000000000000000000e+00
1.735990390499999370e+00
1.288100438849999740e+01
2.795495846219999336e+01
6.121877570310002170e+01
8.130244792359998485e+01
1.007877424996000002e+02
2.662921153927000546e+02
4.313654370764998021e+02
4.642131305638000640e+02
2.355017123719999290e+02
1.372243893300000295e+00
-0.000000000000000000e+00
-0.000000000000000000e+00
-0.000000000000000000e+00
-0.000000000000000000e+00
-0.000000000000000000e+00
-0.000000000000000000e+00
-0.000000000000000000e+00
-0.000000000000000000e+00
-0.000000000000000000e+00
-0.000000000000000000e+00
-0.000000000000000000e+00
-0.000000000000000000e+00
-0.000000000000000000e+00
-0.000000000000000000e+00
3.064655728199999540e+00
1.472772108809999914e+01
2.635167281299999686e+01
3.446405763680000689e+01
3.782693989919999922e+01
4.590254409920001422e+01
4.459012550529998720e+01
2.787585560329999979e+01
3.746225879599998088e+00
-0.000000000000000000e+00
-0.000000000000000000e+00
-0.000000000000000000e+00
-0.000000000000000000e+00
-0.000000000000000000e+00
-0.000000000000000000e+00
-0.000000000000000000e+00
-0.000000000000000000e+00
-0.000000000000000000e+00
-0.000000000000000000e+00
-0.000000000000000000e+00
-0.000000000000000000e+00
-0.000000000000000000e+00
-0.000000000000000000e+00
-0.000000000000000000e+00
2.175136437299999059e+00
1.086866147929999471e+01
2.331374166419999483e+01
3.257538230989999306e+01
3.754119743589998848e+01
3.661763714359999966e+01
2.956643134630001057e+01
1.765534964269999918e+01
4.038251516399999907e+00
-0.000000000000000000e+00
-0.000000000000000000e+00
-0.000000000000000000e+00
-0.000000000000000000e+00
-0.000000000000000000e+00
-0.000000000000000000e+00
-0.000000000000000000e+00
-0.000000000000000000e+00
-0.000000000000000000e+00
-0.000000000000000000e+00
-0.000000000000000000e+00
-0.000000000000000000e+00
-0.000000000000000000e+00
-0.000000000000000000e+00
-0.000000000000000000e+00
1.311080579199999763e+00
1.087030726409999914e+01
2.331408497359999643e+01
3.257033155189999718e+01
3.753013470869998969e+01
3.659540822559999640e+01
3.002367246090000208e+01
1.814552150530001029e+01
4.504948344300001573e+00
-0.000000000000000000e+00
-0.000000000000000000e+00
-0.000000000000000000e+00
-0.000000000000000000e+00
-0.000000000000000000e+00
-0.000000000000000000e+00
-0.000000000000000000e+00
-0.000000000000000000e+00
-0.000000000000000000e+00
-0.000000000000000000e+00
-0.000000000000000000e+00
-0.000000000000000000e+00
-0.000000000000000000e+00
-0.000000000000000000e+00
-0.000000000000000000e+00
3.434216223000000401e+00
1.958944189809999514e+01
3.532434969070001074e+01
4.187787325080000755e+01
3.795725823600001547e+01
3.704592650070001980e+01
3.048215182880000995e+01
1.862745670309999824e+01
7.464573569599999736e+00
-0.000000000000000000e+00
-0.000000000000000000e+00
-0.000000000000000000e+00
-0.000000000000000000e+00
-0.000000000000000000e+00
-0.000000000000000000e+00
-0.000000000000000000e+00
-0.000000000000000000e+00
-0.000000000000000000e+00
-0.000000000000000000e+00
-0.000000000000000000e+00
-0.000000000000000000e+00
-0.000000000000000000e+00
-0.000000000000000000e+00
-0.000000000000000000e+00
1.746092721499999278e+00
1.129483911639999860e+01
3.006869554010000201e+01
5.039061114250000628e+01
6.766530877360001739e+01
7.067662173180001162e+01
7.701751847500003123e+01
1.105751273172000140e+02
1.241821305780000273e+01
-0.000000000000000000e+00
-0.000000000000000000e+00
-0.000000000000000000e+00
-0.000000000000000000e+00
-0.000000000000000000e+00
-0.000000000000000000e+00
-0.000000000000000000e+00
-0.000000000000000000e+00
-0.000000000000000000e+00
-0.000000000000000000e+00
-0.000000000000000000e+00
-0.000000000000000000e+00
-0.000000000000000000e+00
-0.000000000000000000e+00
-0.000000000000000000e+00
1.746114061199999457e+00
1.129799800430000012e+01
2.412887893660001026e+01
3.339623683749999827e+01
3.836354103079999334e+01
4.922591188250001437e+01
5.094140365989998998e+01
3.851575240379999343e+01
1.176293665490000429e+01
4.373053132999998871e-01
-0.000000000000000000e+00
-0.000000000000000000e+00
-0.000000000000000000e+00
-0.000000000000000000e+00
-0.000000000000000000e+00
-0.000000000000000000e+00
-0.000000000000000000e+00
-0.000000000000000000e+00
-0.000000000000000000e+00
-0.000000000000000000e+00
-0.000000000000000000e+00
-0.000000000000000000e+00
-0.000000000000000000e+00
-0.000000000000000000e+00
6.193125304900002348e+00
3.766170110110000735e+01
3.983325539399999826e+01
4.054976950310000916e+01
4.735668042270000910e+01
1.613142050669999890e+02
2.596487619927999049e+02
2.350434846651999976e+02
6.132826248929998769e+01
4.372751709999998515e-01
-0.000000000000000000e+00
-0.000000000000000000e+00
-0.000000000000000000e+00
-0.000000000000000000e+00
-0.000000000000000000e+00
-0.000000000000000000e+00
-0.000000000000000000e+00
-0.000000000000000000e+00
-0.000000000000000000e+00
-0.000000000000000000e+00
-0.000000000000000000e+00
-0.000000000000000000e+00
-0.000000000000000000e+00
-0.000000000000000000e+00
1.746955278799999345e+00
1.213740633619999798e+01
2.455439447189998958e+01
3.422927873509999586e+01
3.964062123180000441e+01
3.881349907530000110e+01
3.234549152940000027e+01
2.003894493589999826e+01
5.894951301199998994e+00
-0.000000000000000000e+00
-0.000000000000000000e+00
-0.000000000000000000e+00
-0.000000000000000000e+00
-0.000000000000000000e+00
-0.000000000000000000e+00
-0.000000000000000000e+00
-0.000000000000000000e+00
-0.000000000000000000e+00
-0.000000000000000000e+00
-0.000000000000000000e+00
-0.000000000000000000e+00
-0.000000000000000000e+00
-0.000000000000000000e+00
-0.000000000000000000e+00
2.609885986700000160e+00
2.115111369369999395e+01
3.758281488549999949e+01
4.425239903080001369e+01
3.963315702340000257e+01
5.146118521470000928e+01
5.396209978670001561e+01
4.190787741990001081e+01
1.048189096590000169e+01
4.373074292999998836e-01
-0.000000000000000000e+00
-0.000000000000000000e+00
-0.000000000000000000e+00
-0.000000000000000000e+00
-0.000000000000000000e+00
-0.000000000000000000e+00
-0.000000000000000000e+00
-0.000000000000000000e+00
-0.000000000000000000e+00
-0.000000000000000000e+00
-0.000000000000000000e+00
-0.000000000000000000e+00
-0.000000000000000000e+00
-0.000000000000000000e+00
1.747477854099999561e+00
1.255883012349999994e+01
2.537667455559999397e+01
3.505548595730001438e+01
4.005727819770000053e+01
3.968710117970000084e+01
3.326203609310001497e+01
2.098972243879999766e+01
6.842073400299998553e+00
4.372863061999999745e-01
-0.000000000000000000e+00
-0.000000000000000000e+00
-0.000000000000000000e+00
-0.000000000000000000e+00
-0.000000000000000000e+00
-0.000000000000000000e+00
-0.000000000000000000e+00
-0.000000000000000000e+00
-0.000000000000000000e+00
-0.000000000000000000e+00
-0.000000000000000000e+00
-0.000000000000000000e+00
-0.000000000000000000e+00
-0.000000000000000000e+00
2.612750852600000062e+00
1.256557854219999548e+01
2.894966734539999820e+01
4.465766046399999567e+01
5.705889373200002268e+01
6.348986523440000695e+01
6.133209456180001240e+01
4.349704770600001780e+01
1.374585595039999752e+01
4.372651566999999351e-01
-0.000000000000000000e+00
-0.000000000000000000e+00
-0.000000000000000000e+00
-0.000000000000000000e+00
-0.000000000000000000e+00
-0.000000000000000000e+00
-0.000000000000000000e+00
-0.000000000000000000e+00
-0.000000000000000000e+00
-0.000000000000000000e+00
-0.000000000000000000e+00
-0.000000000000000000e+00
-0.000000000000000000e+00
-0.000000000000000000e+00
3.462573422500000220e+00
1.298558254939999834e+01
2.579496187080000169e+01
3.587569159919998896e+01
4.090118598750000700e+01
4.056410502850000199e+01
3.418260611529999693e+01
2.194724576949998962e+01
7.300365101700000636e+00
4.372646918999999466e-01
-0.000000000000000000e+00
-0.000000000000000000e+00
-0.000000000000000000e+00
-0.000000000000000000e+00
-0.000000000000000000e+00
-0.000000000000000000e+00
-0.000000000000000000e+00
-0.000000000000000000e+00
-0.000000000000000000e+00
-0.000000000000000000e+00
-0.000000000000000000e+00
-0.000000000000000000e+00
-0.000000000000000000e+00
-0.000000000000000000e+00
3.042025251999999291e+00
2.307829979120000274e+01
3.946769475129999449e+01
4.622430611650000287e+01
4.175256983469999028e+01
4.145250707119999589e+01
3.464067031569999244e+01
2.242243991939999503e+01
7.777076075899999275e+00
4.372611513999998811e-01
-0.000000000000000000e+00
-0.000000000000000000e+00
-0.000000000000000000e+00
-0.000000000000000000e+00
-0.000000000000000000e+00
-0.000000000000000000e+00
-0.000000000000000000e+00
-0.000000000000000000e+00
-0.000000000000000000e+00
-0.000000000000000000e+00
-0.000000000000000000e+00
-0.000000000000000000e+00
-0.000000000000000000e+00
-0.000000000000000000e+00
7.434469052699998137e+00
2.721849515159999910e+01
4.562081894449998742e+01
6.917437490449998450e+01
8.735758361660003857e+01
1.572654808651000167e+02
2.762118866513998796e+02
3.123929495179000924e+02
1.785014486084000396e+02
1.879861993199999803e+00
-0.000000000000000000e+00
-0.000000000000000000e+00
-0.000000000000000000e+00
-0.000000000000000000e+00
-0.000000000000000000e+00
-0.000000000000000000e+00
-0.000000000000000000e+00
-0.000000000000000000e+00
-0.000000000000000000e+00
-0.000000000000000000e+00
-0.000000000000000000e+00
-0.000000000000000000e+00
-0.000000000000000000e+00
-0.000000000000000000e+00
2.183414532099999583e+00
1.382623847640000392e+01
2.702478608469998989e+01
3.710844025810001057e+01
4.259377980429999866e+01
4.233300890189998711e+01
3.605071377950001477e+01
2.389315691589999346e+01
8.731813106099997057e+00
4.371717286999998731e-01
-0.000000000000000000e+00
-0.000000000000000000e+00
-0.000000000000000000e+00
-0.000000000000000000e+00
-0.000000000000000000e+00
-0.000000000000000000e+00
-0.000000000000000000e+00
-0.000000000000000000e+00
-0.000000000000000000e+00
-0.000000000000000000e+00
-0.000000000000000000e+00
-0.000000000000000000e+00
-0.000000000000000000e+00
-0.000000000000000000e+00
2.183716573299999464e+00
1.383557748540000532e+01
2.743382375430000764e+01
3.752013616029999810e+01
4.301493017279997133e+01
4.276721523860000218e+01
3.649832882720000526e+01
2.384196915859999777e+01
8.709394109099999781e+00
4.371485148999998960e-01
-0.000000000000000000e+00
-0.000000000000000000e+00
-0.000000000000000000e+00
-0.000000000000000000e+00
-0.000000000000000000e+00
-0.000000000000000000e+00
-0.000000000000000000e+00
-0.000000000000000000e+00
-0.000000000000000000e+00
-0.000000000000000000e+00
-0.000000000000000000e+00
-0.000000000000000000e+00
-0.000000000000000000e+00
-0.000000000000000000e+00
3.899368200899999248e+00
2.463642039519999472e+01
5.084435193099998429e+01
7.184889649839999493e+01
9.473440905200001794e+01
1.509841627414999436e+02
2.721298766393999813e+02
3.214985318084999335e+02
1.324405657921000454e+02
2.427644897000000412e+00
-0.000000000000000000e+00
-0.000000000000000000e+00
-0.000000000000000000e+00
-0.000000000000000000e+00
-0.000000000000000000e+00
-0.000000000000000000e+00
-0.000000000000000000e+00
-0.000000000000000000e+00
-0.000000000000000000e+00
-0.000000000000000000e+00
-0.000000000000000000e+00
-0.000000000000000000e+00
-0.000000000000000000e+00
-0.000000000000000000e+00
9.390317113800000115e+00
3.664686830930001094e+01
5.262229124820001402e+01
7.265402095700000018e+01
7.569281031600000631e+01
9.319975867179998374e+01
1.469559181067999418e+02
1.501360435169000027e+02
2.566524736039999510e+01
1.880587977999999882e+00
-0.000000000000000000e+00
-0.000000000000000000e+00
-0.000000000000000000e+00
-0.000000000000000000e+00
-0.000000000000000000e+00
-0.000000000000000000e+00
-0.000000000000000000e+00
-0.000000000000000000e+00
-0.000000000000000000e+00
-0.000000000000000000e+00
-0.000000000000000000e+00
-0.000000000000000000e+00
-0.000000000000000000e+00
-0.000000000000000000e+00
4.326566829999999975e+00
2.577543741600000615e+01
5.059627755470000210e+01
6.658126754739997466e+01
8.571969258540001135e+01
1.192473243722999996e+02
1.532309439379000366e+02
1.510783872206999661e+02
9.667723124120000477e+01
3.658443192400000488e+00
-0.000000000000000000e+00
-0.000000000000000000e+00
-0.000000000000000000e+00
-0.000000000000000000e+00
-0.000000000000000000e+00
-0.000000000000000000e+00
-0.000000000000000000e+00
-0.000000000000000000e+00
-0.000000000000000000e+00
-0.000000000000000000e+00
-0.000000000000000000e+00
-0.000000000000000000e+00
-0.000000000000000000e+00
-0.000000000000000000e+00
4.331402091900000251e+00
2.652509949409999734e+01
4.866390069010000730e+01
6.609161956860000942e+01
7.762235283110000239e+01
8.339252008479998324e+01
7.695735212630003730e+01
5.411962140010000866e+01
2.134441704920000760e+01
1.869836261999999749e+00
-0.000000000000000000e+00
-0.000000000000000000e+00
-0.000000000000000000e+00
-0.000000000000000000e+00
-0.000000000000000000e+00
-0.000000000000000000e+00
-0.000000000000000000e+00
-0.000000000000000000e+00
-0.000000000000000000e+00
-0.000000000000000000e+00
-0.000000000000000000e+00
-0.000000000000000000e+00
-0.000000000000000000e+00
-0.000000000000000000e+00
3.801713736599999560e+00
2.297918084639999847e+01
4.603238448939998761e+01
6.073598181999999213e+01
7.910463101669998309e+01
1.662502581123001164e+02
2.386067757006999841e+02
2.372404060344998982e+02
1.243753648290000235e+01
-0.000000000000000000e+00
-0.000000000000000000e+00
-0.000000000000000000e+00
-0.000000000000000000e+00
-0.000000000000000000e+00
-0.000000000000000000e+00
-0.000000000000000000e+00
-0.000000000000000000e+00
-0.000000000000000000e+00
-0.000000000000000000e+00
-0.000000000000000000e+00
-0.000000000000000000e+00
-0.000000000000000000e+00
-0.000000000000000000e+00
-0.000000000000000000e+00
3.914387841199999940e+00
1.753975963339999922e+01
3.145447913550000507e+01
4.197902205979998058e+01
4.763437203060000513e+01
4.811004767419998984e+01
4.170852623730000630e+01
2.985701288060000280e+01
1.313781645660000130e+01
1.350888132099999916e+00
-0.000000000000000000e+00
-0.000000000000000000e+00
-0.000000000000000000e+00
-0.000000000000000000e+00
-0.000000000000000000e+00
-0.000000000000000000e+00
-0.000000000000000000e+00
-0.000000000000000000e+00
-0.000000000000000000e+00
-0.000000000000000000e+00
-0.000000000000000000e+00
-0.000000000000000000e+00
-0.000000000000000000e+00
4.954856668299999711e+00
2.763425819380000448e+01
4.896636993589999065e+01
5.216600999699998908e+01
5.015137296889999163e+01
5.336801775850000240e+01
1.966401089533000288e+02
3.196483930579999537e+02
2.917207379025999785e+02
2.329272734158999469e+02
7.496685699820000082e+01
8.894547519000000069e-01
-0.000000000000000000e+00
-0.000000000000000000e+00
-0.000000000000000000e+00
-0.000000000000000000e+00
-0.000000000000000000e+00
-0.000000000000000000e+00
-0.000000000000000000e+00
-0.000000000000000000e+00
-0.000000000000000000e+00
-0.000000000000000000e+00
-0.000000000000000000e+00
5.315574964499999666e+00
3.425841390289999566e+01
4.592806294019999314e+01
5.133001183069998774e+01
5.758131019029998754e+01
7.402801625710000621e+01
1.052809514443000012e+02
2.410197592714000336e+02
3.656406922819999181e+02
4.091272258475999024e+02
5.432724296441001570e+02
4.773025331638001489e+02
7.083165018249998468e+01
-0.000000000000000000e+00
-0.000000000000000000e+00
-0.000000000000000000e+00
-0.000000000000000000e+00
-0.000000000000000000e+00
-0.000000000000000000e+00
-0.000000000000000000e+00
-0.000000000000000000e+00
-0.000000000000000000e+00
-0.000000000000000000e+00
3.336823940099999941e+00
2.859953289070000793e+01
4.672601236299998106e+01
7.097738824089999810e+01
7.768523838619999822e+01
1.014219868280000014e+02
1.191781951309000078e+02
1.522622314136999648e+02
2.634705469857000821e+02
3.710776648323001723e+02
4.300625055139001347e+02
3.503216183200999012e+02
2.084869404929000893e+02
2.605588592419998761e+01
3.383708916000000677e+00
-0.000000000000000000e+00
-0.000000000000000000e+00
-0.000000000000000000e+00
-0.000000000000000000e+00
-0.000000000000000000e+00
-0.000000000000000000e+00
-0.000000000000000000e+00
-0.000000000000000000e+00
-0.000000000000000000e+00
1.077343779629999965e+01
3.499006192410001148e+01
4.955685377940002212e+01
6.829181534760000716e+01
8.486781128340001601e+01
8.519716741000003424e+01
9.622781387119998442e+01
1.067434656264000239e+02
2.784543509135000363e+02
3.674057011737000948e+02
3.381645824036000363e+02
1.726104675621000126e+02
7.696179277529999752e+01
2.110848706300000543e+01
4.461964118899999221e+00
-0.000000000000000000e+00
-0.000000000000000000e+00
-0.000000000000000000e+00
-0.000000000000000000e+00
-0.000000000000000000e+00
-0.000000000000000000e+00
-0.000000000000000000e+00
-0.000000000000000000e+00
-0.000000000000000000e+00
9.630436116599998542e+00
3.755146914890001852e+01
5.825344960249997683e+01
7.920207939260001240e+01
8.477347193409998738e+01
8.391259102680002968e+01
9.243077782799998943e+01
9.803616636729999811e+01
2.530740137741000240e+02
4.225241877940999302e+02
5.406200624860000516e+02
4.606619527210999081e+02
2.350353347060000146e+02
2.291434144950000373e+01
5.812100520200002229e+00
4.393839743999999325e-01
-0.000000000000000000e+00
-0.000000000000000000e+00
-0.000000000000000000e+00
-0.000000000000000000e+00
-0.000000000000000000e+00
-0.000000000000000000e+00
-0.000000000000000000e+00
-0.000000000000000000e+00
3.387031164600000643e+00
2.756705916330000505e+01
4.909349880199999916e+01
5.751939798490001721e+01
7.423020068259999960e+01
7.431943004219999693e+01
8.896418767750003553e+01
9.900126266160002331e+01
2.521703332983000223e+02
4.247925755217999040e+02
5.685866459646998692e+02
6.289749122200003058e+02
5.558664450111000406e+02
3.067087073201999488e+02
1.201632179540000323e+01
-0.000000000000000000e+00
-0.000000000000000000e+00
-0.000000000000000000e+00
-0.000000000000000000e+00
-0.000000000000000000e+00
-0.000000000000000000e+00
-0.000000000000000000e+00
-0.000000000000000000e+00
-0.000000000000000000e+00
-0.000000000000000000e+00
5.567415966300000463e+00
3.130475274949999331e+01
5.863426118409999077e+01
8.406998349669999016e+01
8.410177415180005767e+01
1.025248527058000292e+02
1.406594149321999225e+02
1.526330444038000280e+02
1.556773476465000101e+02
1.417062377773999913e+02
1.329804526100000146e+02
8.073361520449999773e+01
1.643195866630000168e+01
-0.000000000000000000e+00
-0.000000000000000000e+00
-0.000000000000000000e+00
-0.000000000000000000e+00
-0.000000000000000000e+00
-0.000000000000000000e+00
-0.000000000000000000e+00
-0.000000000000000000e+00
-0.000000000000000000e+00
-0.000000000000000000e+00
-0.000000000000000000e+00
1.293866273200000139e+00
2.350321166319999833e+01
4.378480137910000991e+01
5.615522397560000911e+01
7.860368200910002656e+01
9.237172748339996531e+01
1.280893737334000377e+02
2.500856196548000412e+02
3.680458491801001060e+02
4.269903377133999811e+02
3.930133718033998775e+02
1.013541420779000362e+02
4.347683453000000253e-01
-0.000000000000000000e+00
-0.000000000000000000e+00
-0.000000000000000000e+00
-0.000000000000000000e+00
-0.000000000000000000e+00
-0.000000000000000000e+00
-0.000000000000000000e+00
-0.000000000000000000e+00
-0.000000000000000000e+00
-0.000000000000000000e+00
-0.000000000000000000e+00
-0.000000000000000000e+00
3.375887416300000776e+00
2.848593892479999568e+01
5.150198164769998499e+01
6.233751839100001746e+01
6.352687569090000608e+01
9.315204758010001740e+01
2.647472084901999096e+02
3.612201176410000585e+02
3.295581781143000057e+02
1.782619548730001213e+02
8.907846204000001711e-01
-0.000000000000000000e+00
-0.000000000000000000e+00
-0.000000000000000000e+00
-0.000000000000000000e+00
-0.000000000000000000e+00
-0.000000000000000000e+00
-0.000000000000000000e+00
-0.000000000000000000e+00
-0.000000000000000000e+00
-0.000000000000000000e+00
-0.000000000000000000e+00
-0.000000000000000000e+00
-0.000000000000000000e+00
-0.000000000000000000e+00
3.063904163799998859e+00
1.431109075439999501e+01
3.309574078530000918e+01
5.189887500769999207e+01
6.686179473149999808e+01
6.743176516259997300e+01
5.432809477099998929e+01
2.727205392670000350e+01
4.286630387599999814e+00
-0.000000000000000000e+00
-0.000000000000000000e+00
-0.000000000000000000e+00
-0.000000000000000000e+00
-0.000000000000000000e+00
-0.000000000000000000e+00
-0.000000000000000000e+00
-0.000000000000000000e+00
-0.000000000000000000e+00
-0.000000000000000000e+00
-0.000000000000000000e+00
-0.000000000000000000e+00
-0.000000000000000000e+00
-0.000000000000000000e+00
4.325869605000000062e-01
1.886417033089999507e+01
3.445384943220000906e+01
3.487426696859998998e+01
3.527804955100000228e+01
4.070871905890000164e+01
2.058636985568999194e+02
3.926456033993998176e+02
4.998993151864000311e+02
4.477032596198998817e+02
8.129761896319998016e+01
-0.000000000000000000e+00
-0.000000000000000000e+00
-0.000000000000000000e+00
-0.000000000000000000e+00
-0.000000000000000000e+00
-0.000000000000000000e+00
-0.000000000000000000e+00
-0.000000000000000000e+00
-0.000000000000000000e+00
-0.000000000000000000e+00
-0.000000000000000000e+00
-0.000000000000000000e+00
-0.000000000000000000e+00
-0.000000000000000000e+00
7.346530587800000234e+00
2.288596366570000740e+01
3.750372816480000182e+01
4.806483247930000857e+01
5.426556324859998170e+01
5.456589776040000572e+01
4.899954037180000199e+01
3.649828861590000884e+01
1.949412644819999585e+01
3.156389665099999853e+00
-0.000000000000000000e+00
-0.000000000000000000e+00
-0.000000000000000000e+00
-0.000000000000000000e+00
-0.000000000000000000e+00
-0.000000000000000000e+00
-0.000000000000000000e+00
-0.000000000000000000e+00
-0.000000000000000000e+00
-0.000000000000000000e+00
-0.000000000000000000e+00
-0.000000000000000000e+00
-0.000000000000000000e+00
4.324355886000000315e-01
7.769448223999996905e+00
2.369187216249999040e+01
4.772023443699998069e+01
7.211742545270001870e+01
9.453381692719999307e+01
1.013304943365000241e+02
1.024317563742000061e+02
8.547421095640000033e+01
1.753239063068999428e+02
4.846236788129999695e+01
-0.000000000000000000e+00
-0.000000000000000000e+00
-0.000000000000000000e+00
-0.000000000000000000e+00
-0.000000000000000000e+00
-0.000000000000000000e+00
-0.000000000000000000e+00
-0.000000000000000000e+00
-0.000000000000000000e+00
-0.000000000000000000e+00
-0.000000000000000000e+00
-0.000000000000000000e+00
-0.000000000000000000e+00
4.324159022999999880e-01
8.193660662099997438e+00
2.409396924969999887e+01
3.869302598380001257e+01
4.965918743570001226e+01
5.592770332610002271e+01
8.866474093529998868e+01
1.616119396185999335e+02
2.064010383914999807e+02
1.290678157640000165e+02
8.474912868899998841e+00
-0.000000000000000000e+00
-0.000000000000000000e+00
-0.000000000000000000e+00
-0.000000000000000000e+00
-0.000000000000000000e+00
-0.000000000000000000e+00
-0.000000000000000000e+00
-0.000000000000000000e+00
-0.000000000000000000e+00
-0.000000000000000000e+00
-0.000000000000000000e+00
-0.000000000000000000e+00
-0.000000000000000000e+00
4.324074476999998917e-01
8.617536453899999671e+00
2.451235824729999280e+01
3.910095164409999313e+01
5.006785915289999167e+01
5.633900742889999691e+01
7.410263788649999128e+01
8.565093115380001620e+01
8.334271295720003536e+01
1.310846955689999618e+02
1.296409865369999892e+01
-0.000000000000000000e+00
-0.000000000000000000e+00
-0.000000000000000000e+00
-0.000000000000000000e+00
-0.000000000000000000e+00
-0.000000000000000000e+00
-0.000000000000000000e+00
-0.000000000000000000e+00
-0.000000000000000000e+00
-0.000000000000000000e+00
-0.000000000000000000e+00
-0.000000000000000000e+00
-0.000000000000000000e+00
4.323111809999998223e-01
9.039607709399996693e+00
2.491853313499999700e+01
3.989198268969999361e+01
5.087091269020000084e+01
5.675307896799998986e+01
5.761472029579999088e+01
5.174045098599999903e+01
3.941944026510000754e+01
2.196104753659999886e+01
4.070718005200000711e+00
-0.000000000000000000e+00
-0.000000000000000000e+00
-0.000000000000000000e+00
-0.000000000000000000e+00
-0.000000000000000000e+00
-0.000000000000000000e+00
-0.000000000000000000e+00
-0.000000000000000000e+00
-0.000000000000000000e+00
-0.000000000000000000e+00
-0.000000000000000000e+00
-0.000000000000000000e+00
-0.000000000000000000e+00
4.322773005999998586e-01
9.462232083199998200e+00
2.571749473959999577e+01
4.030311996309999500e+01
5.127293896610001411e+01
5.757334266350000718e+01
5.847262947659999810e+01
5.266989463779999880e+01
4.040823839970000364e+01
3.061688255389999114e+01
7.681809771400005538e+00
-0.000000000000000000e+00
-0.000000000000000000e+00
-0.000000000000000000e+00
-0.000000000000000000e+00
-0.000000000000000000e+00
-0.000000000000000000e+00
-0.000000000000000000e+00
-0.000000000000000000e+00
-0.000000000000000000e+00
-0.000000000000000000e+00
-0.000000000000000000e+00
-0.000000000000000000e+00
-0.000000000000000000e+00
4.322458148999998584e-01
9.884591459299999272e+00
2.613121524279999619e+01
4.071177628929999770e+01
5.168906231960000497e+01
5.798261439640000958e+01
5.888662311839998864e+01
5.310106178770000440e+01
4.086811602819999933e+01
2.293497362839999809e+01
5.019181464099998990e+00
-0.000000000000000000e+00
-0.000000000000000000e+00
-0.000000000000000000e+00
-0.000000000000000000e+00
-0.000000000000000000e+00
-0.000000000000000000e+00
-0.000000000000000000e+00
-0.000000000000000000e+00
-0.000000000000000000e+00
-0.000000000000000000e+00
-0.000000000000000000e+00
-0.000000000000000000e+00
-0.000000000000000000e+00
8.668420721999998690e-01
1.030677353360000303e+01
2.692923033380000675e+01
4.186397456260001348e+01
5.286138183980002481e+01
5.922324442799998678e+01
5.976134636719999804e+01
5.404295304150000590e+01
4.187439282199998303e+01
2.396856282670000127e+01
5.496104685399999745e+00
-0.000000000000000000e+00
-0.000000000000000000e+00
-0.000000000000000000e+00
-0.000000000000000000e+00
-0.000000000000000000e+00
-0.000000000000000000e+00
-0.000000000000000000e+00
-0.000000000000000000e+00
-0.000000000000000000e+00
-0.000000000000000000e+00
-0.000000000000000000e+00
-0.000000000000000000e+00
-0.000000000000000000e+00
8.667169814999998723e-01
1.072827629519999881e+01
2.733560970159999925e+01
4.227391085169999485e+01
5.327588175710000229e+01
5.962240979989997669e+01
6.062960215389999519e+01
5.496473176079998524e+01
4.232065820780000109e+01
2.444801030189999835e+01
5.474972450900000176e+00
-0.000000000000000000e+00
-0.000000000000000000e+00
-0.000000000000000000e+00
-0.000000000000000000e+00
-0.000000000000000000e+00
-0.000000000000000000e+00
-0.000000000000000000e+00
-0.000000000000000000e+00
-0.000000000000000000e+00
-0.000000000000000000e+00
-0.000000000000000000e+00
-0.000000000000000000e+00
-0.000000000000000000e+00
8.666249101999999871e-01
1.115006647570000098e+01
2.775918822590000445e+01
4.268334902319999458e+01
5.367961308889999827e+01
6.003658251920000311e+01
6.103662699190000041e+01
5.589835167289999163e+01
4.331568788460001684e+01
3.439705431790001455e+01
1.027327679619999934e+01
-0.000000000000000000e+00
-0.000000000000000000e+00
-0.000000000000000000e+00
-0.000000000000000000e+00
-0.000000000000000000e+00
-0.000000000000000000e+00
-0.000000000000000000e+00
-0.000000000000000000e+00
-0.000000000000000000e+00
-0.000000000000000000e+00
-0.000000000000000000e+00
-0.000000000000000000e+00
-0.000000000000000000e+00
2.913560669500000255e+00
2.759569254049999998e+01
4.419613799580002933e+01
6.521073606800003120e+01
9.167997153300002822e+01
1.022215162471000269e+02
1.138965467584999658e+02
1.141288700162999845e+02
9.659008497750001254e+01
5.692847808779999497e+01
1.321861820769999873e+01
-0.000000000000000000e+00
-0.000000000000000000e+00
-0.000000000000000000e+00
-0.000000000000000000e+00
-0.000000000000000000e+00
-0.000000000000000000e+00
-0.000000000000000000e+00
-0.000000000000000000e+00
-0.000000000000000000e+00
-0.000000000000000000e+00
-0.000000000000000000e+00
-0.000000000000000000e+00
-0.000000000000000000e+00
2.127927123500001461e+00
2.442248539009998609e+01
5.288161419559998677e+01
6.839921039009995241e+01
8.964533522370003027e+01
1.120668919413999873e+02
1.932326238806000447e+02
3.569419263422000768e+02
5.063564557936000483e+02
5.310589144424997130e+02
2.016374679200000344e+02
4.348235028999999363e-01
-0.000000000000000000e+00
-0.000000000000000000e+00
-0.000000000000000000e+00
-0.000000000000000000e+00
-0.000000000000000000e+00
-0.000000000000000000e+00
-0.000000000000000000e+00
-0.000000000000000000e+00
-0.000000000000000000e+00
-0.000000000000000000e+00
-0.000000000000000000e+00
-0.000000000000000000e+00
4.075416869899997963e+00
3.058362051389999436e+01
4.581539766159998095e+01
5.366328031580002289e+01
5.581483312310001565e+01
4.675741518219999904e+01
1.969473318645999598e+02
4.134193298734000450e+02
5.462940292983996642e+02
5.375801313368999672e+02
2.099495623958000294e+02
4.348707961999998539e-01
-0.000000000000000000e+00
-0.000000000000000000e+00
-0.000000000000000000e+00
-0.000000000000000000e+00
-0.000000000000000000e+00
-0.000000000000000000e+00
-0.000000000000000000e+00
-0.000000000000000000e+00
-0.000000000000000000e+00
-0.000000000000000000e+00
-0.000000000000000000e+00
-0.000000000000000000e+00
5.243021053400002351e+00
3.237725755510000880e+01
3.780754610410000538e+01
4.738115110290000587e+01
3.993076590690001382e+01
4.387567649089996991e+01
1.964762814098999399e+02
4.138305994276000774e+02
5.495669298677000825e+02
5.560178157004005470e+02
2.253645232112999963e+02
8.893865840999998218e-01
-0.000000000000000000e+00
-0.000000000000000000e+00
-0.000000000000000000e+00
-0.000000000000000000e+00
-0.000000000000000000e+00
-0.000000000000000000e+00
-0.000000000000000000e+00
-0.000000000000000000e+00
-0.000000000000000000e+00
-0.000000000000000000e+00
-0.000000000000000000e+00
-0.000000000000000000e+00
5.260695971400002335e+00
2.891204052200000518e+01
5.018759148780000601e+01
7.345683744250003144e+01
9.269464382950002346e+01
1.065889436686999687e+02
1.178665800654999885e+02
1.181122568492999676e+02
1.007413129122000157e+02
2.152210774251998942e+02
1.113624557063999987e+02
8.894081480999997957e-01
-0.000000000000000000e+00
-0.000000000000000000e+00
-0.000000000000000000e+00
-0.000000000000000000e+00
-0.000000000000000000e+00
-0.000000000000000000e+00
-0.000000000000000000e+00
-0.000000000000000000e+00
-0.000000000000000000e+00
-0.000000000000000000e+00
-0.000000000000000000e+00
-0.000000000000000000e+00
-0.000000000000000000e+00
3.405141271700000694e+00
1.685970577120000158e+01
3.227776019959998166e+01
3.830744414160000133e+01
3.456134469369999351e+01
3.306338670030000060e+01
2.584739061859999509e+01
1.433751493199999949e+01
2.681491104800000080e+00
-0.000000000000000000e+00
-0.000000000000000000e+00
-0.000000000000000000e+00
-0.000000000000000000e+00
-0.000000000000000000e+00
-0.000000000000000000e+00
-0.000000000000000000e+00
-0.000000000000000000e+00
-0.000000000000000000e+00
-0.000000000000000000e+00
-0.000000000000000000e+00
-0.000000000000000000e+00
-0.000000000000000000e+00
-0.000000000000000000e+00
-0.000000000000000000e+00
3.916970585200000521e+00
1.794989335520000751e+01
3.185894126890000422e+01
4.239299986640001805e+01
4.846913337130001764e+01
1.272506943476000032e+02
2.540627405231000182e+02
3.708096562678999248e+02
2.431433923083999105e+02
6.083084681800000837e+00
-0.000000000000000000e+00
-0.000000000000000000e+00
-0.000000000000000000e+00
-0.000000000000000000e+00
-0.000000000000000000e+00
-0.000000000000000000e+00
-0.000000000000000000e+00
-0.000000000000000000e+00
-0.000000000000000000e+00
-0.000000000000000000e+00
-0.000000000000000000e+00
-0.000000000000000000e+00
-0.000000000000000000e+00
4.216242407599998465e+00
3.022458607760000149e+01
4.948029864609999606e+01
5.302145216750000856e+01
4.872332595460002835e+01
4.671803230179999389e+01
1.889537689903000057e+02
4.067087101496999253e+02
5.134617951656000514e+02
4.229496358302000090e+02
1.301552506052999831e+02
8.894348790000000671e-01
-0.000000000000000000e+00
-0.000000000000000000e+00
-0.000000000000000000e+00
-0.000000000000000000e+00
-0.000000000000000000e+00
-0.000000000000000000e+00
-0.000000000000000000e+00
-0.000000000000000000e+00
-0.000000000000000000e+00
-0.000000000000000000e+00
-0.000000000000000000e+00
6.101462639400001109e+00
3.493231669610000267e+01
4.422388767929999887e+01
4.523495472599999090e+01
4.503231386659999913e+01
4.631002774179999193e+01
5.411281488199998080e+01
2.525149124797000013e+02
4.823995764681999958e+02
6.236363980560996652e+02
6.681253896640998846e+02
4.988691947545999597e+02
7.748733307509998269e+01
-0.000000000000000000e+00
-0.000000000000000000e+00
-0.000000000000000000e+00
-0.000000000000000000e+00
-0.000000000000000000e+00
-0.000000000000000000e+00
-0.000000000000000000e+00
-0.000000000000000000e+00
-0.000000000000000000e+00
-0.000000000000000000e+00
3.740966941900000453e+00
2.900208637469999928e+01
4.135970398500000300e+01
4.556294846290000322e+01
4.574772484840000430e+01
5.268873425859999315e+01
9.522304680380000264e+01
1.430991533040999570e+02
2.657456912615999158e+02
4.650054882340000972e+02
6.191934851043998833e+02
6.605413901231999034e+02
5.421732807738999327e+02
2.217971521512000663e+02
5.805183459200000229e+00
-0.000000000000000000e+00
-0.000000000000000000e+00
-0.000000000000000000e+00
-0.000000000000000000e+00
-0.000000000000000000e+00
-0.000000000000000000e+00
-0.000000000000000000e+00
-0.000000000000000000e+00
-0.000000000000000000e+00
4.353976350399999973e+00
2.429144864579999918e+01
5.172781876250000721e+01
7.653238710649999632e+01
1.054358030625999874e+02
1.070384991322000019e+02
1.136650758003000448e+02
1.006171409395999916e+02
2.768483792134000510e+02
4.207410627122999927e+02
5.207232227850000754e+02
5.151569857521998301e+02
4.013950170010000420e+02
2.179846402991999241e+02
1.617481157139999937e+01
4.395093966999999435e-01
-0.000000000000000000e+00
-0.000000000000000000e+00
-0.000000000000000000e+00
-0.000000000000000000e+00
-0.000000000000000000e+00
-0.000000000000000000e+00
-0.000000000000000000e+00
-0.000000000000000000e+00
5.202494297200002116e+00
2.667647056929999394e+01
5.375024593040000553e+01
7.940019157399999017e+01
1.022744584476000114e+02
1.151523017665000168e+02
1.140044927069000380e+02
9.702610121910001340e+01
9.768919947380001645e+01
9.327277840020002486e+01
8.319018211190001466e+01
9.010563252120000755e+01
7.928630857480000316e+01
4.753657535970000936e+01
1.139980121029999616e+01
4.393476038999999944e-01
-0.000000000000000000e+00
-0.000000000000000000e+00
-0.000000000000000000e+00
-0.000000000000000000e+00
-0.000000000000000000e+00
-0.000000000000000000e+00
-0.000000000000000000e+00
-0.000000000000000000e+00
2.976760018199999802e+00
2.720954628940000575e+01
4.837449265839999413e+01
5.292246990709997334e+01
5.838173780700000037e+01
8.485923836089997963e+01
1.141865892126000119e+02
1.255029864404999813e+02
2.113391891498999939e+02
3.714087778184999138e+02
5.408115297311001086e+02
6.122892679848000625e+02
5.442340534982998861e+02
3.011974430163000420e+02
1.080651147210000218e+01
-0.000000000000000000e+00
-0.000000000000000000e+00
-0.000000000000000000e+00
-0.000000000000000000e+00
-0.000000000000000000e+00
-0.000000000000000000e+00
-0.000000000000000000e+00
-0.000000000000000000e+00
-0.000000000000000000e+00
-0.000000000000000000e+00
5.147445345599998667e+00
3.092767674839998904e+01
5.906552950669998836e+01
8.350372652249998850e+01
8.399689184409996301e+01
1.027048972126000592e+02
1.403150260294999612e+02
1.690874657476000209e+02
2.055879419279999638e+02
2.172785574094998822e+02
3.190156778188000430e+02
2.801007831006998003e+02
7.950815488879999293e+01
4.357340355000000054e-01
-0.000000000000000000e+00
-0.000000000000000000e+00
-0.000000000000000000e+00
-0.000000000000000000e+00
-0.000000000000000000e+00
-0.000000000000000000e+00
-0.000000000000000000e+00
-0.000000000000000000e+00
-0.000000000000000000e+00
-0.000000000000000000e+00
1.293886946800000048e+00
2.326509225079999155e+01
3.654459215200000699e+01
4.529853543920000192e+01
4.553792277729998972e+01
4.838315015740000291e+01
7.662377843680002343e+01
2.952718756741000448e+02
4.685178521027000329e+02
5.624980898929001114e+02
4.787341781507998917e+02
1.139814362762999593e+02
-0.000000000000000000e+00
-0.000000000000000000e+00
-0.000000000000000000e+00
-0.000000000000000000e+00
-0.000000000000000000e+00
-0.000000000000000000e+00
-0.000000000000000000e+00
-0.000000000000000000e+00
-0.000000000000000000e+00
-0.000000000000000000e+00
-0.000000000000000000e+00
-0.000000000000000000e+00
-0.000000000000000000e+00
4.125877216599999286e+00
2.482760382789999198e+01
4.443947475390000079e+01
6.325746786819998846e+01
7.755088338689996874e+01
8.753029127049998692e+01
9.342908139540000434e+01
8.477227919080000618e+01
5.056991056939999396e+01
1.471501654009999882e+01
4.360718417000000735e-01
-0.000000000000000000e+00
-0.000000000000000000e+00
-0.000000000000000000e+00
-0.000000000000000000e+00
-0.000000000000000000e+00
-0.000000000000000000e+00
-0.000000000000000000e+00
-0.000000000000000000e+00
-0.000000000000000000e+00
-0.000000000000000000e+00
-0.000000000000000000e+00
-0.000000000000000000e+00
-0.000000000000000000e+00
-0.000000000000000000e+00
4.347432326900001698e+00
2.480488003329999103e+01
5.081793265749999478e+01
6.292077053739999570e+01
8.026422923469998238e+01
1.590393247436999786e+02
1.359145322769998927e+02
2.731054126330000287e+01
4.295199058399998826e+00
-0.000000000000000000e+00
-0.000000000000000000e+00
-0.000000000000000000e+00
-0.000000000000000000e+00
-0.000000000000000000e+00
-0.000000000000000000e+00
-0.000000000000000000e+00
-0.000000000000000000e+00
-0.000000000000000000e+00
-0.000000000000000000e+00
-0.000000000000000000e+00
-0.000000000000000000e+00
-0.000000000000000000e+00
-0.000000000000000000e+00
1.210194121530000011e+01
3.887298914070000677e+01
4.713011346340001495e+01
4.998521000470001496e+01
5.162048769849999275e+01
5.342532623849999140e+01
2.262385177014000419e+02
4.381984140358000559e+02
5.394764530687001525e+02
4.635944964377000019e+02
1.586018578387999867e+02
2.447717426499999682e+00
-0.000000000000000000e+00
-0.000000000000000000e+00
-0.000000000000000000e+00
-0.000000000000000000e+00
-0.000000000000000000e+00
-0.000000000000000000e+00
-0.000000000000000000e+00
-0.000000000000000000e+00
-0.000000000000000000e+00
-0.000000000000000000e+00
-0.000000000000000000e+00
-0.000000000000000000e+00
4.759657609500000497e+00
2.841253113710000733e+01
5.855611466729999393e+01
8.224017210480000983e+01
8.823248707860001616e+01
1.100038396058999552e+02
1.441646266037000146e+02
1.742231207189999793e+02
1.107058210913999545e+02
6.805975202329999263e+01
2.300438396330000046e+01
1.868534533300000078e+00
-0.000000000000000000e+00
-0.000000000000000000e+00
-0.000000000000000000e+00
-0.000000000000000000e+00
-0.000000000000000000e+00
-0.000000000000000000e+00
-0.000000000000000000e+00
-0.000000000000000000e+00
-0.000000000000000000e+00
-0.000000000000000000e+00
-0.000000000000000000e+00
-0.000000000000000000e+00
3.908275923999998458e+00
1.956662416499999679e+01
3.751661183939999233e+01
5.274300542019998517e+01
6.414897762969998496e+01
7.025961344739999959e+01
7.066012739119999253e+01
6.493726949290001471e+01
5.182160982730001564e+01
3.229309450539999204e+01
1.199826627610000429e+01
8.821112327000000253e-01
-0.000000000000000000e+00
-0.000000000000000000e+00
-0.000000000000000000e+00
-0.000000000000000000e+00
-0.000000000000000000e+00
-0.000000000000000000e+00
-0.000000000000000000e+00
-0.000000000000000000e+00
-0.000000000000000000e+00
-0.000000000000000000e+00
-0.000000000000000000e+00
-0.000000000000000000e+00
4.340646293499998976e+00
2.037679780499999893e+01
3.793402415930000160e+01
5.351261849029997819e+01
6.456515190639998991e+01
7.107970257250001112e+01
7.151789698120001049e+01
6.535543560069997682e+01
5.226200203709999670e+01
3.330872429729998885e+01
1.247957243320000131e+01
8.792176961999997875e-01
-0.000000000000000000e+00
-0.000000000000000000e+00
-0.000000000000000000e+00
-0.000000000000000000e+00
-0.000000000000000000e+00
-0.000000000000000000e+00
-0.000000000000000000e+00
-0.000000000000000000e+00
-0.000000000000000000e+00
-0.000000000000000000e+00
-0.000000000000000000e+00
-0.000000000000000000e+00
4.772802196000000663e+00
2.080286986609999289e+01
3.871882223350000629e+01
5.392976343649999649e+01
6.534641783879999366e+01
7.148069106260000183e+01
7.193129228710002110e+01
6.578812505960001999e+01
5.270951561429998833e+01
3.379722036930000684e+01
1.296253057310000223e+01
1.338629305600000041e+00
-0.000000000000000000e+00
-0.000000000000000000e+00
-0.000000000000000000e+00
-0.000000000000000000e+00
-0.000000000000000000e+00
-0.000000000000000000e+00
-0.000000000000000000e+00
-0.000000000000000000e+00
-0.000000000000000000e+00
-0.000000000000000000e+00
-0.000000000000000000e+00
-0.000000000000000000e+00
9.327073536200000348e+00
3.606640584489999668e+01
6.328494226219999774e+01
8.605702420430000643e+01
9.072219838239998069e+01
1.128617657103000198e+02
1.476873494770000832e+02
1.793780234778999727e+02
1.162408526575000423e+02
7.358132494359999498e+01
2.698981397149999495e+01
2.309504256400000788e+00
-0.000000000000000000e+00
-0.000000000000000000e+00
-0.000000000000000000e+00
-0.000000000000000000e+00
-0.000000000000000000e+00
-0.000000000000000000e+00
-0.000000000000000000e+00
-0.000000000000000000e+00
-0.000000000000000000e+00
-0.000000000000000000e+00
-0.000000000000000000e+00
4.313405563000000664e-01
1.638523685859999546e+01
4.377808234819999456e+01
5.491911304219999579e+01
7.442017850619998853e+01
1.019802989643000330e+02
1.146014873338000086e+02
1.491716839658999731e+02
2.210241681423000273e+02
2.539556550934000256e+02
2.981498254455999017e+02
1.949306375920001244e+02
5.827435794799995961e+00
-0.000000000000000000e+00
-0.000000000000000000e+00
-0.000000000000000000e+00
-0.000000000000000000e+00
-0.000000000000000000e+00
-0.000000000000000000e+00
-0.000000000000000000e+00
-0.000000000000000000e+00
-0.000000000000000000e+00
-0.000000000000000000e+00
-0.000000000000000000e+00
4.313021651000001344e-01
1.749946448930000287e+01
4.669391055090000009e+01
6.902805397240001639e+01
8.317805749569997431e+01
7.136683927099997504e+01
7.210899138439998524e+01
2.330301866176000658e+02
4.373077652901999954e+02
5.386329905088001624e+02
4.229164359915999967e+02
1.280490395923999927e+02
2.783174279700000753e+00
-0.000000000000000000e+00
-0.000000000000000000e+00
-0.000000000000000000e+00
-0.000000000000000000e+00
-0.000000000000000000e+00
-0.000000000000000000e+00
-0.000000000000000000e+00
-0.000000000000000000e+00
-0.000000000000000000e+00
-0.000000000000000000e+00
-0.000000000000000000e+00
8.649872241999998490e-01
2.202214918419999989e+01
4.343379401269999818e+01
5.858861822340000458e+01
6.273412405070001796e+01
6.497868604870001263e+01
6.458180059610003809e+01
2.330315774834000422e+02
4.314485669026000210e+02
5.178328687932000776e+02
4.676784602915998335e+02
2.096606288076000624e+02
5.607811833899997822e+00
-0.000000000000000000e+00
-0.000000000000000000e+00
-0.000000000000000000e+00
-0.000000000000000000e+00
-0.000000000000000000e+00
-0.000000000000000000e+00
-0.000000000000000000e+00
-0.000000000000000000e+00
-0.000000000000000000e+00
-0.000000000000000000e+00
-0.000000000000000000e+00
4.312480057000000477e-01
1.061471980560000183e+01
2.998249450259999094e+01
4.187814191999999736e+01
7.065836163030000705e+01
9.844325176310000813e+01
1.244927042330000120e+02
1.357559821638000130e+02
1.371662441752000063e+02
1.188356165308000385e+02
6.344344296199999178e+01
2.034261730749999586e+01
1.775968689499999753e+00
-0.000000000000000000e+00
-0.000000000000000000e+00
-0.000000000000000000e+00
-0.000000000000000000e+00
-0.000000000000000000e+00
-0.000000000000000000e+00
-0.000000000000000000e+00
-0.000000000000000000e+00
-0.000000000000000000e+00
-0.000000000000000000e+00
-0.000000000000000000e+00
4.312419925000000598e-01
7.352776197499999888e+00
2.447272058869998901e+01
4.265697627040000128e+01
7.170205285999999489e+01
9.946460067579998565e+01
1.257879953857999737e+02
1.532693556024000259e+02
1.855378735392000351e+02
1.234478866110000297e+02
3.266965580788998409e+02
2.244798374636998801e+02
8.061940265099998726e+00
-0.000000000000000000e+00
-0.000000000000000000e+00
-0.000000000000000000e+00
-0.000000000000000000e+00
-0.000000000000000000e+00
-0.000000000000000000e+00
-0.000000000000000000e+00
-0.000000000000000000e+00
-0.000000000000000000e+00
-0.000000000000000000e+00
-0.000000000000000000e+00
8.649075119000001477e-01
1.527638913819999544e+01
4.813189726900000665e+01
6.792744248480001090e+01
8.248025812859997075e+01
1.211626633984999444e+02
1.263017931617999636e+02
1.185622927196000091e+02
9.273400413340000625e+01
5.693374218630000172e+01
3.713596804860000589e+01
1.583406061590000391e+01
1.764784497099999960e+00
-0.000000000000000000e+00
-0.000000000000000000e+00
-0.000000000000000000e+00
-0.000000000000000000e+00
-0.000000000000000000e+00
-0.000000000000000000e+00
-0.000000000000000000e+00
-0.000000000000000000e+00
-0.000000000000000000e+00
-0.000000000000000000e+00
-0.000000000000000000e+00
4.312677462000001349e-01
8.209108920200003823e+00
2.568935540049999489e+01
4.383569437739998165e+01
7.316361720420000836e+01
1.012111495281000089e+02
1.277252482620999956e+02
1.392716417951000381e+02
1.414389055582999504e+02
1.240485648753999470e+02
3.301021623471000908e+02
2.281322162734000187e+02
9.164572921000003092e+00
-0.000000000000000000e+00
-0.000000000000000000e+00
-0.000000000000000000e+00
-0.000000000000000000e+00
-0.000000000000000000e+00
-0.000000000000000000e+00
-0.000000000000000000e+00
-0.000000000000000000e+00
-0.000000000000000000e+00
-0.000000000000000000e+00
-0.000000000000000000e+00
4.312981229000000805e-01
1.347305604960000025e+01
4.781958056589999018e+01
7.141945743649996814e+01
8.982016233430002217e+01
1.254423345252000246e+02
1.291386668798000130e+02
2.004185810311999774e+02
3.175309509876998959e+02
4.364385190828000418e+02
3.409996848290001594e+02
1.486069324368000082e+02
5.272544526599999060e+00
-0.000000000000000000e+00
-0.000000000000000000e+00
-0.000000000000000000e+00
-0.000000000000000000e+00
-0.000000000000000000e+00
-0.000000000000000000e+00
-0.000000000000000000e+00
-0.000000000000000000e+00
-0.000000000000000000e+00
-0.000000000000000000e+00
-0.000000000000000000e+00
2.121460730000000794e+00
2.380560206800000600e+01
4.893649940659998521e+01
7.204194945030002373e+01
8.639499659200001247e+01
8.896573827699998560e+01
7.795514260900000636e+01
7.820825215369998773e+01
7.199090688050003450e+01
5.881383583019999861e+01
3.912246129490001323e+01
1.729953249390000281e+01
2.210603466600000289e+00
-0.000000000000000000e+00
-0.000000000000000000e+00
-0.000000000000000000e+00
-0.000000000000000000e+00
-0.000000000000000000e+00
-0.000000000000000000e+00
-0.000000000000000000e+00
-0.000000000000000000e+00
-0.000000000000000000e+00
-0.000000000000000000e+00
-0.000000000000000000e+00
1.293895833199999679e+00
1.695110396309999601e+01
4.574936105599999792e+01
7.195134079889999157e+01
8.615628392229996280e+01
1.217451881015000197e+02
1.416040452074999791e+02
2.151032971752999288e+02
2.326667080649001207e+02
1.301528938651999852e+02
1.244972858267999953e+02
1.383125494538999760e+02
7.483582417800003661e+00
-0.000000000000000000e+00
-0.000000000000000000e+00
-0.000000000000000000e+00
-0.000000000000000000e+00
-0.000000000000000000e+00
-0.000000000000000000e+00
-0.000000000000000000e+00
-0.000000000000000000e+00
-0.000000000000000000e+00
-0.000000000000000000e+00
-0.000000000000000000e+00
1.295323990800000047e+00
1.988905003160000007e+01
5.064603400580001136e+01
7.337056433429998492e+01
1.018661928874999774e+02
1.112541460216000075e+02
1.278207789070999638e+02
2.526638428561999774e+02
4.384996051842001066e+02
5.771998766740000519e+02
5.179658227810999733e+02
3.192262798163999378e+02
1.063699049819999587e+01
-0.000000000000000000e+00
-0.000000000000000000e+00
-0.000000000000000000e+00
-0.000000000000000000e+00
-0.000000000000000000e+00
-0.000000000000000000e+00
-0.000000000000000000e+00
-0.000000000000000000e+00
-0.000000000000000000e+00
-0.000000000000000000e+00
-0.000000000000000000e+00
3.325775244600001290e+00
2.883939429459998394e+01
5.340327847729998467e+01
7.070933389620000753e+01
9.466186179110002286e+01
1.198776688915999955e+02
1.347646925017999990e+02
1.442223562411000159e+02
1.460784659841999940e+02
1.286051159457000210e+02
9.545063829949999956e+01
3.857288901100002221e+01
4.605373081199999774e+00
-0.000000000000000000e+00
-0.000000000000000000e+00
-0.000000000000000000e+00
-0.000000000000000000e+00
-0.000000000000000000e+00
-0.000000000000000000e+00
-0.000000000000000000e+00
-0.000000000000000000e+00
-0.000000000000000000e+00
-0.000000000000000000e+00
-0.000000000000000000e+00
2.558081357700001224e+00
2.176379272099999440e+01
4.304479672710000671e+01
4.773226115320000673e+01
6.942814633780000122e+01
8.924181215469998563e+01
1.068174274405999995e+02
1.162212086458999494e+02
1.194258671921999877e+02
1.093763759516999841e+02
8.053449004449996096e+01
3.696081398569999266e+01
4.583417978700000006e+00
-0.000000000000000000e+00
-0.000000000000000000e+00
-0.000000000000000000e+00
-0.000000000000000000e+00
-0.000000000000000000e+00
-0.000000000000000000e+00
-0.000000000000000000e+00
-0.000000000000000000e+00
-0.000000000000000000e+00
-0.000000000000000000e+00
-0.000000000000000000e+00
-0.000000000000000000e+00
-0.000000000000000000e+00
1.743899392500000367e+00
1.724687727350000443e+01
3.743412681739999925e+01
5.197105394589999605e+01
6.195683123679999227e+01
6.352331944209999648e+01
5.280752362829999669e+01
2.872652818950000864e+01
5.628104170700001241e+00
-0.000000000000000000e+00
-0.000000000000000000e+00
-0.000000000000000000e+00
-0.000000000000000000e+00
-0.000000000000000000e+00
-0.000000000000000000e+00
-0.000000000000000000e+00
-0.000000000000000000e+00
-0.000000000000000000e+00
-0.000000000000000000e+00
-0.000000000000000000e+00
-0.000000000000000000e+00
-0.000000000000000000e+00
-0.000000000000000000e+00
-0.000000000000000000e+00
5.189946879999999041e+00
1.836323013270000004e+01
3.227327368489999770e+01
4.280500065890000627e+01
4.846659021229999809e+01
4.896040576019999691e+01
4.309499488190000704e+01
3.079519923189999986e+01
1.410606986320000189e+01
1.817452668999999466e+00
-0.000000000000000000e+00
-0.000000000000000000e+00
-0.000000000000000000e+00
-0.000000000000000000e+00
-0.000000000000000000e+00
-0.000000000000000000e+00
-0.000000000000000000e+00
-0.000000000000000000e+00
-0.000000000000000000e+00
-0.000000000000000000e+00
-0.000000000000000000e+00
-0.000000000000000000e+00
-0.000000000000000000e+00
5.021378960400000757e+00
2.829388484709999574e+01
3.034994089519999605e+01
5.700306829350000726e+01
8.348789055339997844e+01
1.073782543630000106e+02
1.162466489617999912e+02
1.150365119986000053e+02
9.545585901420001562e+01
1.863507645987000387e+02
8.182909258639998029e+01
1.371726130699999713e+00
-0.000000000000000000e+00
-0.000000000000000000e+00
-0.000000000000000000e+00
-0.000000000000000000e+00
-0.000000000000000000e+00
-0.000000000000000000e+00
-0.000000000000000000e+00
-0.000000000000000000e+00
-0.000000000000000000e+00
-0.000000000000000000e+00
-0.000000000000000000e+00
6.147590585099998783e+00
3.581579613699999953e+01
4.470158736680001255e+01
4.868620987090000796e+01
4.958649363530001608e+01
5.223198903250000313e+01
6.276323099080000389e+01
2.537251460632000430e+02
4.771822828550999134e+02
6.061077234144000840e+02
6.141058116725997706e+02
4.406702343502000758e+02
6.708047518540001874e+01
-0.000000000000000000e+00
-0.000000000000000000e+00
-0.000000000000000000e+00
-0.000000000000000000e+00
-0.000000000000000000e+00
-0.000000000000000000e+00
-0.000000000000000000e+00
-0.000000000000000000e+00
-0.000000000000000000e+00
-0.000000000000000000e+00
1.303665363899999763e+00
1.116590276430000372e+01
2.914477810190000184e+01
4.801783161300001268e+01
6.498409326370001793e+01
7.874364447299998915e+01
8.859054910390001680e+01
9.354024025820002919e+01
9.391743158710004025e+01
8.859564193300002444e+01
7.598955708959999811e+01
5.795057262039998136e+01
3.500378271940000730e+01
1.294482846699999534e+01
1.328128287400000218e+00
-0.000000000000000000e+00
-0.000000000000000000e+00
-0.000000000000000000e+00
-0.000000000000000000e+00
-0.000000000000000000e+00
-0.000000000000000000e+00
-0.000000000000000000e+00
-0.000000000000000000e+00
-0.000000000000000000e+00
6.464105921699998980e+00
3.014094842919999806e+01
5.778491912989998269e+01
8.323771939889998350e+01
8.099482341699996368e+01
1.020246755392000040e+02
1.277640470577000116e+02
2.078807956889999105e+02
2.436827192540999931e+02
3.439573570517999315e+02
4.366423370320001140e+02
3.974806260987000428e+02
3.129813958882999714e+02
1.507198876260999612e+02
1.416247057159999656e+01
4.395415836999999604e-01
-0.000000000000000000e+00
-0.000000000000000000e+00
-0.000000000000000000e+00
-0.000000000000000000e+00
-0.000000000000000000e+00
-0.000000000000000000e+00
-0.000000000000000000e+00
-0.000000000000000000e+00
3.490642702199999725e+00
1.543721424470000692e+01
5.343224262289999871e+01
7.390830486009998879e+01
8.833383831429999589e+01
8.622410426320000454e+01
9.599438038159996722e+01
1.141320582600000222e+02
2.529470385643999748e+02
4.142901366665000182e+02
5.420009224032002066e+02
6.246803539119000561e+02
5.655777044423998632e+02
3.764980888288999950e+02
9.879741331819994343e+01
1.377275190900000057e+00
-0.000000000000000000e+00
-0.000000000000000000e+00
-0.000000000000000000e+00
-0.000000000000000000e+00
-0.000000000000000000e+00
-0.000000000000000000e+00
-0.000000000000000000e+00
-0.000000000000000000e+00
2.153778342500001219e+00
1.584718724979999926e+01
4.827151860930000282e+01
6.402087543969999217e+01
5.651120753170000910e+01
7.450332590860000437e+01
1.051540720031999996e+02
1.250756824779999903e+02
1.980759855305000201e+02
3.005297623805000740e+02
4.101507905988999596e+02
4.893998380599000484e+02
4.630760132591998968e+02
2.620385894094999344e+02
1.026405858429999540e+01
-0.000000000000000000e+00
-0.000000000000000000e+00
-0.000000000000000000e+00
-0.000000000000000000e+00
-0.000000000000000000e+00
-0.000000000000000000e+00
-0.000000000000000000e+00
-0.000000000000000000e+00
-0.000000000000000000e+00
-0.000000000000000000e+00
6.745395633300002025e+00
3.798651364820000964e+01
5.899983194710000589e+01
6.803187861260001057e+01
6.753330566569999860e+01
6.918134612859998356e+01
6.340738033790001538e+01
2.856065960978000362e+02
4.941447634655999650e+02
6.163517338175998930e+02
6.334217108876000566e+02
4.653265196708999838e+02
9.500116806950002513e+01
-0.000000000000000000e+00
-0.000000000000000000e+00
-0.000000000000000000e+00
-0.000000000000000000e+00
-0.000000000000000000e+00
-0.000000000000000000e+00
-0.000000000000000000e+00
-0.000000000000000000e+00
-0.000000000000000000e+00
-0.000000000000000000e+00
-0.000000000000000000e+00
1.293935591300000132e+00
2.332759694589999455e+01
3.675406488360000168e+01
4.504112816780000372e+01
4.527123982150000359e+01
4.814553388249998989e+01
7.731953574250000827e+01
2.717933597667000640e+02
2.802064128935001008e+02
8.518261751059999654e+01
4.390952671420000542e+01
8.592691785499997792e+00
-0.000000000000000000e+00
-0.000000000000000000e+00
-0.000000000000000000e+00
-0.000000000000000000e+00
-0.000000000000000000e+00
-0.000000000000000000e+00
-0.000000000000000000e+00
-0.000000000000000000e+00
-0.000000000000000000e+00
-0.000000000000000000e+00
-0.000000000000000000e+00
-0.000000000000000000e+00
-0.000000000000000000e+00
1.302981973700000351e+00
1.162343792820000132e+01
2.633379137709999895e+01
3.909009691930000230e+01
4.741062331329999324e+01
5.038287468460001151e+01
4.787646746459999747e+01
3.845382922090001188e+01
2.373409480759999468e+01
6.897027083199997577e+00
-0.000000000000000000e+00
-0.000000000000000000e+00
-0.000000000000000000e+00
-0.000000000000000000e+00
-0.000000000000000000e+00
-0.000000000000000000e+00
-0.000000000000000000e+00
-0.000000000000000000e+00
-0.000000000000000000e+00
-0.000000000000000000e+00
-0.000000000000000000e+00
-0.000000000000000000e+00
-0.000000000000000000e+00
-0.000000000000000000e+00
-0.000000000000000000e+00
5.176409004699998206e+00
1.387922582410000238e+01
2.549693030059999188e+01
3.361227047920001354e+01
3.694466985140000759e+01
4.494807027579999925e+01
4.352660780010000963e+01
2.670467508360001574e+01
3.247785170100000229e+00
-0.000000000000000000e+00
-0.000000000000000000e+00
-0.000000000000000000e+00
-0.000000000000000000e+00
-0.000000000000000000e+00
-0.000000000000000000e+00
-0.000000000000000000e+00
-0.000000000000000000e+00
-0.000000000000000000e+00
-0.000000000000000000e+00
-0.000000000000000000e+00
-0.000000000000000000e+00
-0.000000000000000000e+00
1.027271232810000257e+01
3.896272268270001149e+01
4.966699508580000355e+01
5.037737746490000035e+01
5.290786776910001521e+01
5.340860809229999973e+01
6.152690756750001810e+01
2.803011415564998856e+02
5.015475546660999839e+02
6.312554154236001978e+02
6.885991801505999774e+02
5.115551170533998402e+02
1.343482862183000748e+02
4.355771416000000507e-01
-0.000000000000000000e+00
-0.000000000000000000e+00
-0.000000000000000000e+00
-0.000000000000000000e+00
-0.000000000000000000e+00
-0.000000000000000000e+00
-0.000000000000000000e+00
-0.000000000000000000e+00
-0.000000000000000000e+00
-0.000000000000000000e+00
1.639805189210000336e+01
3.710429913159999415e+01
5.009028972330000329e+01
5.061614141089997787e+01
5.522708671910001499e+01
6.486284122140000363e+01
5.230628171130000226e+01
2.820767876589999332e+02
5.078812737642999195e+02
6.403324595312998326e+02
7.055704984297002511e+02
5.273071616150999716e+02
1.445506002756999919e+02
8.913700185000000831e-01
-0.000000000000000000e+00
-0.000000000000000000e+00
-0.000000000000000000e+00
-0.000000000000000000e+00
-0.000000000000000000e+00
-0.000000000000000000e+00
-0.000000000000000000e+00
-0.000000000000000000e+00
-0.000000000000000000e+00
-0.000000000000000000e+00
1.716011341950000002e+01
4.223838496010002075e+01
7.038024721229999159e+01
8.089340018300002555e+01
1.034492988803999793e+02
1.215240914554999989e+02
1.346327923142000031e+02
1.493537196082999401e+02
1.577130774134000717e+02
1.505408270266999864e+02
1.157271154954000139e+02
6.108639120599998762e+01
1.447656290839999826e+01
4.357365965000000729e-01
-0.000000000000000000e+00
-0.000000000000000000e+00
-0.000000000000000000e+00
-0.000000000000000000e+00
-0.000000000000000000e+00
-0.000000000000000000e+00
-0.000000000000000000e+00
-0.000000000000000000e+00
-0.000000000000000000e+00
-0.000000000000000000e+00
4.338796413899999926e+00
2.106784814730000122e+01
4.023100565450000232e+01
5.767055411759999828e+01
8.825209627460000661e+01
1.176625215110999960e+02
1.455625551457999904e+02
1.917651281892999577e+02
2.584017293842999266e+02
3.083023170198000003e+02
2.520017035257999112e+02
7.922046869730000651e+01
1.499677329160000205e+01
4.358178412000002222e-01
-0.000000000000000000e+00
-0.000000000000000000e+00
-0.000000000000000000e+00
-0.000000000000000000e+00
-0.000000000000000000e+00
-0.000000000000000000e+00
-0.000000000000000000e+00
-0.000000000000000000e+00
-0.000000000000000000e+00
-0.000000000000000000e+00
8.888002236700003778e+00
3.657681985610000197e+01
6.245637823510000430e+01
9.057366186229999983e+01
1.115456963545999969e+02
1.319414019497999675e+02
1.476084870284000203e+02
2.435034884261999366e+02
4.285488496564999537e+02
5.943887320770998031e+02
6.671410123730996702e+02
5.381593851595002889e+02
1.502850127411001040e+02
8.915959050999999747e-01
-0.000000000000000000e+00
-0.000000000000000000e+00
-0.000000000000000000e+00
-0.000000000000000000e+00
-0.000000000000000000e+00
-0.000000000000000000e+00
-0.000000000000000000e+00
-0.000000000000000000e+00
-0.000000000000000000e+00
-0.000000000000000000e+00
9.305440823199997880e+00
3.698050922800000961e+01
6.464551314370001478e+01
9.009152131849997147e+01
9.402021507739999606e+01
8.790367462660003639e+01
1.000438755656999916e+02
2.742366942378000090e+02
4.659415745123000079e+02
5.829609246579998398e+02
6.389999867327998118e+02
5.273247731877000888e+02
1.575303331199999661e+02
1.375139877099999852e+00
-0.000000000000000000e+00
-0.000000000000000000e+00
-0.000000000000000000e+00
-0.000000000000000000e+00
-0.000000000000000000e+00
-0.000000000000000000e+00
-0.000000000000000000e+00
-0.000000000000000000e+00
-0.000000000000000000e+00
-0.000000000000000000e+00
8.929727146999997700e+00
3.096223297239998473e+01
4.915841553689999444e+01
5.919575899820001297e+01
7.329803852970000833e+01
8.347303535469998792e+01
8.918124341659999743e+01
8.915845871779998788e+01
8.366413646780002011e+01
7.078013684609999245e+01
5.241509414829999969e+01
2.918705664890000406e+01
8.208823283300004547e+00
4.360157263000000172e-01
-0.000000000000000000e+00
-0.000000000000000000e+00
-0.000000000000000000e+00
-0.000000000000000000e+00
-0.000000000000000000e+00
-0.000000000000000000e+00
-0.000000000000000000e+00
-0.000000000000000000e+00
-0.000000000000000000e+00
4.329375403999999872e-01
1.052965693979999706e+01
3.869840286980001309e+01
6.615531262580000771e+01
7.329950265139999033e+01
8.695855293199997504e+01
1.273837309937000128e+02
1.373212115581999626e+02
1.420264143323000212e+02
1.357361195184999474e+02
1.158386126066999680e+02
9.822914965999999026e+01
5.940185095960000439e+01
1.771705977140000954e+01
8.917862684999999789e-01
-0.000000000000000000e+00
-0.000000000000000000e+00
-0.000000000000000000e+00
-0.000000000000000000e+00
-0.000000000000000000e+00
-0.000000000000000000e+00
-0.000000000000000000e+00
-0.000000000000000000e+00
-0.000000000000000000e+00
-0.000000000000000000e+00
6.486237758100000583e+00
2.388961125099999450e+01
4.295358386980001342e+01
6.031592601130000020e+01
8.339367642669998304e+01
1.049104042349999730e+02
1.237580544357000036e+02
1.404313881234999997e+02
1.517065778170999693e+02
1.519818954971000551e+02
9.482050615960002915e+01
4.096888663349998438e+01
9.173957630700002142e+00
4.359742501000000159e-01
-0.000000000000000000e+00
-0.000000000000000000e+00
-0.000000000000000000e+00
-0.000000000000000000e+00
-0.000000000000000000e+00
-0.000000000000000000e+00
-0.000000000000000000e+00
-0.000000000000000000e+00
-0.000000000000000000e+00
4.329926535999999992e-01
1.174512247520000763e+01
3.544754744000000102e+01
5.315198928379999188e+01
6.070242735829999248e+01
7.482235442139999293e+01
8.502471285520000777e+01
9.039187883640001075e+01
9.081807141580001996e+01
8.493511120740001274e+01
7.267193116880000048e+01
7.314412872000001187e+01
5.367088948069999788e+01
1.877941123689999614e+01
8.918674418000001047e-01
-0.000000000000000000e+00
-0.000000000000000000e+00
-0.000000000000000000e+00
-0.000000000000000000e+00
-0.000000000000000000e+00
-0.000000000000000000e+00
-0.000000000000000000e+00
-0.000000000000000000e+00
-0.000000000000000000e+00
4.330167577999999851e-01
1.253972633369999734e+01
4.370314629109999061e+01
6.482032263599998601e+01
8.609035641970000086e+01
9.677698820600004126e+01
1.155112761080000041e+02
1.491940175880000083e+02
1.626395926870999915e+02
2.157427305885000237e+02
2.304936716881999530e+02
1.258564207760000215e+02
6.824574853520000772e+01
1.930088618870000516e+01
8.919573168000002328e-01
-0.000000000000000000e+00
-0.000000000000000000e+00
-0.000000000000000000e+00
-0.000000000000000000e+00
-0.000000000000000000e+00
-0.000000000000000000e+00
-0.000000000000000000e+00
-0.000000000000000000e+00
-0.000000000000000000e+00
4.330341195999999893e-01
7.346897236900001182e+00
3.126090920000001105e+01
6.171677764480000405e+01
9.306627486820001138e+01
1.109165040634000263e+02
1.222623659847999704e+02
1.245644726083999956e+02
1.170623061565999876e+02
9.890931445059999305e+01
7.304727947160000667e+01
7.409135983209999665e+01
5.467930705319999873e+01
1.983374902879999979e+01
1.375403774200000262e+00
-0.000000000000000000e+00
-0.000000000000000000e+00
-0.000000000000000000e+00
-0.000000000000000000e+00
-0.000000000000000000e+00
-0.000000000000000000e+00
-0.000000000000000000e+00
-0.000000000000000000e+00
-0.000000000000000000e+00
4.331316341999999486e-01
7.774410429999999650e+00
2.552901815980000322e+01
4.416711805449999417e+01
6.153675057029999351e+01
9.236253407670004378e+01
1.220682401331999642e+02
1.505790241959999491e+02
1.417892107458000055e+02
1.132073081010999829e+02
7.350025494279999805e+01
7.456589651200002322e+01
5.590522541899998998e+01
2.100819623139999948e+01
1.375487749600000198e+00
-0.000000000000000000e+00
-0.000000000000000000e+00
-0.000000000000000000e+00
-0.000000000000000000e+00
-0.000000000000000000e+00
-0.000000000000000000e+00
-0.000000000000000000e+00
-0.000000000000000000e+00
-0.000000000000000000e+00
4.331574148999999818e-01
8.199149280800000383e+00
3.239098463789999016e+01
6.301938378930001505e+01
9.446386547070001427e+01
1.062897380130000329e+02
1.061868401439000422e+02
9.160029300819998355e+01
9.200849691310001788e+01
8.663597734879998313e+01
7.395054330660002506e+01
5.520573121059996424e+01
3.212116898059998960e+01
1.058116845230000180e+01
8.921706198000001198e-01
-0.000000000000000000e+00
-0.000000000000000000e+00
-0.000000000000000000e+00
-0.000000000000000000e+00
-0.000000000000000000e+00
-0.000000000000000000e+00
-0.000000000000000000e+00
-0.000000000000000000e+00
-0.000000000000000000e+00
4.331510372999999858e-01
8.624308528300000276e+00
2.633960152990000481e+01
4.530610444750000454e+01
6.231457537520000756e+01
7.641078330279998454e+01
8.625652279279999846e+01
9.158092687190000447e+01
1.174360182115000129e+02
1.406154070504999822e+02
1.553216463223000687e+02
1.604510034343000200e+02
2.179029858940999702e+02
4.757826711259996699e+01
3.017094576600000799e+00
-0.000000000000000000e+00
-0.000000000000000000e+00
-0.000000000000000000e+00
-0.000000000000000000e+00
-0.000000000000000000e+00
-0.000000000000000000e+00
-0.000000000000000000e+00
-0.000000000000000000e+00
-0.000000000000000000e+00
4.331550403000000160e-01
9.047561913900002750e+00
3.353364307010000545e+01
6.457115288060001035e+01
9.520513972680001302e+01
9.120572539190001748e+01
8.350429023049997568e+01
1.049707806379000061e+02
2.891492121544000611e+02
4.942184260013000880e+02
6.194056439840998110e+02
6.793873307938999915e+02
5.486628216597998744e+02
2.159022424765001062e+02
4.256287818700001502e+00
-0.000000000000000000e+00
-0.000000000000000000e+00
-0.000000000000000000e+00
-0.000000000000000000e+00
-0.000000000000000000e+00
-0.000000000000000000e+00
-0.000000000000000000e+00
-0.000000000000000000e+00
-0.000000000000000000e+00
2.526396735099999624e+00
2.618196364960000011e+01
4.948211119260000856e+01
7.825135218840000562e+01
8.352825878669995063e+01
1.065767439465000024e+02
1.202781244845000401e+02
1.531304128400000195e+02
1.437030740455999762e+02
1.147928365595999765e+02
7.478248004210001909e+01
7.710662450040001659e+01
5.864340563800000439e+01
2.378348516649999311e+01
1.846409975499999412e+00
-0.000000000000000000e+00
-0.000000000000000000e+00
-0.000000000000000000e+00
-0.000000000000000000e+00
-0.000000000000000000e+00
-0.000000000000000000e+00
-0.000000000000000000e+00
-0.000000000000000000e+00
-0.000000000000000000e+00
8.685514108999995431e-01
1.349974427250000453e+01
4.015499693070000831e+01
6.916381224650000092e+01
9.635781191290003278e+01
9.104597994099999880e+01
1.382607275328999776e+02
1.540528045800000143e+02
1.668186720202000117e+02
2.188506136833000539e+02
2.356923017768000364e+02
3.392270394780001084e+02
3.522166642954001645e+02
1.737079427313999815e+02
4.750980824400000024e+00
-0.000000000000000000e+00
-0.000000000000000000e+00
-0.000000000000000000e+00
-0.000000000000000000e+00
-0.000000000000000000e+00
-0.000000000000000000e+00
-0.000000000000000000e+00
-0.000000000000000000e+00
-0.000000000000000000e+00
-0.000000000000000000e+00
-0.000000000000000000e+00
-0.000000000000000000e+00
4.195107643799998343e+00
3.267494701520000433e+01
3.959325081769998889e+01
5.966035789340001116e+01
7.704007370390002052e+01
1.688893747371000131e+02
2.559995072687001141e+02
2.660377737796999327e+02
5.011912556410001685e+01
-0.000000000000000000e+00
-0.000000000000000000e+00
-0.000000000000000000e+00
-0.000000000000000000e+00
-0.000000000000000000e+00
-0.000000000000000000e+00
-0.000000000000000000e+00
-0.000000000000000000e+00
-0.000000000000000000e+00
-0.000000000000000000e+00
-0.000000000000000000e+00
-0.000000000000000000e+00
-0.000000000000000000e+00
-0.000000000000000000e+00
-0.000000000000000000e+00
5.614246213000000374e+00
1.878521388689999227e+01
3.268013380119999312e+01
4.321668196520000294e+01
4.930339419310001148e+01
4.938763171520001549e+01
4.353718171860000297e+01
3.125672130690000827e+01
1.459128529300000032e+01
1.807496383000000151e+00
-0.000000000000000000e+00
-0.000000000000000000e+00
-0.000000000000000000e+00
-0.000000000000000000e+00
-0.000000000000000000e+00
-0.000000000000000000e+00
-0.000000000000000000e+00
-0.000000000000000000e+00
-0.000000000000000000e+00
-0.000000000000000000e+00
-0.000000000000000000e+00
-0.000000000000000000e+00
-0.000000000000000000e+00
6.571882403500000969e+00
3.653546387470001378e+01
4.475444931740000953e+01
5.346058897670000931e+01
4.904336612880000956e+01
4.696632861179998741e+01
1.883836699122000198e+02
4.112541059803999701e+02
5.231488936507998915e+02
4.378027221690999227e+02
1.319869771504000084e+02
1.371829107399999526e+00
-0.000000000000000000e+00
-0.000000000000000000e+00
-0.000000000000000000e+00
-0.000000000000000000e+00
-0.000000000000000000e+00
-0.000000000000000000e+00
-0.000000000000000000e+00
-0.000000000000000000e+00
-0.000000000000000000e+00
-0.000000000000000000e+00
-0.000000000000000000e+00
7.300923104500000704e+00
3.646032686230000763e+01
4.541736221049999500e+01
4.378308299399999015e+01
5.002953342580000395e+01
5.325095499340000771e+01
6.439070543809999947e+01
2.538713214397999991e+02
4.773170798794999996e+02
6.034018415694999931e+02
6.504162555612998631e+02
4.961465610305000951e+02
9.696228775299999825e+01
-0.000000000000000000e+00
-0.000000000000000000e+00
-0.000000000000000000e+00
-0.000000000000000000e+00
-0.000000000000000000e+00
-0.000000000000000000e+00
-0.000000000000000000e+00
-0.000000000000000000e+00
-0.000000000000000000e+00
-0.000000000000000000e+00
1.304160613200000096e+00
1.158513746700000091e+01
2.954754408580000913e+01
4.840307210929999115e+01
6.535467562849999013e+01
7.912866879719999247e+01
8.933934236790000227e+01
9.433433934390002662e+01
9.474860465589999592e+01
8.901712203139999247e+01
7.696160395649997099e+01
1.350440472531000466e+02
2.451847028691999242e+02
1.411772323102000541e+02
5.617105082299997498e+00
-0.000000000000000000e+00
-0.000000000000000000e+00
-0.000000000000000000e+00
-0.000000000000000000e+00
-0.000000000000000000e+00
-0.000000000000000000e+00
-0.000000000000000000e+00
-0.000000000000000000e+00
-0.000000000000000000e+00
1.004711748960000506e+01
3.827573852800001930e+01
5.737950473360000814e+01
6.773027615860003436e+01
8.392226683990000424e+01
8.013352573230001497e+01
7.374017485630001545e+01
6.382269320509999488e+01
2.841712359436999691e+02
3.903294137147000811e+02
3.409728167341000926e+02
1.756236919183999703e+02
8.121442042000003880e+01
2.211262791540000094e+01
4.919949265899999702e+00
-0.000000000000000000e+00
-0.000000000000000000e+00
-0.000000000000000000e+00
-0.000000000000000000e+00
-0.000000000000000000e+00
-0.000000000000000000e+00
-0.000000000000000000e+00
-0.000000000000000000e+00
-0.000000000000000000e+00
9.974333100100000848e+00
3.671356641230001117e+01
4.836561724119999894e+01
5.195646562489999098e+01
5.138684932789998783e+01
5.500757255989999805e+01
5.483186943789998935e+01
5.330898315849998426e+01
2.518636301914999933e+02
4.430070890666000309e+02
6.043823225099997671e+02
6.717048440997999705e+02
6.128526587264002501e+02
3.728548453990998155e+02
8.502922464410001169e+01
1.377301064000000075e+00
-0.000000000000000000e+00
-0.000000000000000000e+00
-0.000000000000000000e+00
-0.000000000000000000e+00
-0.000000000000000000e+00
-0.000000000000000000e+00
-0.000000000000000000e+00
-0.000000000000000000e+00
2.556778233399999767e+00
2.648844447169999938e+01
5.024132322699998809e+01
7.052361616059998539e+01
9.302377706609998143e+01
1.138438844023000058e+02
1.328438985976999902e+02
1.338730690649999815e+02
1.725697033899000132e+02
1.683772694355999420e+02
1.600205464384000038e+02
2.777205601636000551e+02
2.505535767476999638e+02
1.690911801771999876e+02
7.874208294800004282e+00
-0.000000000000000000e+00
-0.000000000000000000e+00
-0.000000000000000000e+00
-0.000000000000000000e+00
-0.000000000000000000e+00
-0.000000000000000000e+00
-0.000000000000000000e+00
-0.000000000000000000e+00
-0.000000000000000000e+00
-0.000000000000000000e+00
2.602599350900000719e+00
1.776907743879999657e+01
3.629631244610000351e+01
5.343954054250002628e+01
6.826588776290000737e+01
8.900720969539997895e+01
7.556611057309999069e+01
2.872646894426998188e+02
4.920079824746998725e+02
6.143956132719000607e+02
6.523004358148000392e+02
4.737542409828998871e+02
9.140156761909994998e+01
-0.000000000000000000e+00
-0.000000000000000000e+00
-0.000000000000000000e+00
-0.000000000000000000e+00
-0.000000000000000000e+00
-0.000000000000000000e+00
-0.000000000000000000e+00
-0.000000000000000000e+00
-0.000000000000000000e+00
-0.000000000000000000e+00
-0.000000000000000000e+00
4.313355228999999902e-01
7.334587394299999730e+00
2.438223326799999668e+01
4.071910709759997360e+01
6.740652334640000731e+01
9.249093149269998548e+01
1.162089445895999944e+02
1.518563265042999433e+02
1.211028001144999564e+02
9.776363425359997450e+01
4.948363752719999553e+01
9.242498241600001663e+00
-0.000000000000000000e+00
-0.000000000000000000e+00
-0.000000000000000000e+00
-0.000000000000000000e+00
-0.000000000000000000e+00
-0.000000000000000000e+00
-0.000000000000000000e+00
-0.000000000000000000e+00
-0.000000000000000000e+00
-0.000000000000000000e+00
-0.000000000000000000e+00
-0.000000000000000000e+00
-0.000000000000000000e+00
1.301967572899999981e+00
1.708033283879999686e+01
4.301514877819998617e+01
6.325154607239998938e+01
7.099736866569999449e+01
1.039007894848000149e+02
2.702475756937998881e+02
4.199967912773001899e+02
4.405454269261000491e+02
1.960879749727999410e+02
4.360942946999998848e-01
-0.000000000000000000e+00
-0.000000000000000000e+00
-0.000000000000000000e+00
-0.000000000000000000e+00
-0.000000000000000000e+00
-0.000000000000000000e+00
-0.000000000000000000e+00
-0.000000000000000000e+00
-0.000000000000000000e+00
-0.000000000000000000e+00
-0.000000000000000000e+00
-0.000000000000000000e+00
-0.000000000000000000e+00
-0.000000000000000000e+00
2.626355712999999703e+00
1.387259332350000207e+01
2.508338412420001262e+01
3.318138769629999985e+01
3.650444002639999042e+01
3.421667496639999939e+01
2.608544647129999561e+01
1.301493118700000018e+01
2.262420042500000061e+00
-0.000000000000000000e+00
-0.000000000000000000e+00
-0.000000000000000000e+00
-0.000000000000000000e+00
-0.000000000000000000e+00
-0.000000000000000000e+00
-0.000000000000000000e+00
-0.000000000000000000e+00
-0.000000000000000000e+00
-0.000000000000000000e+00
-0.000000000000000000e+00
-0.000000000000000000e+00
6.644614424999997659e+00
3.546518470680000235e+01
4.398365930270001911e+01
4.746094570400002510e+01
4.736940398859997003e+01
4.593715368360000895e+01
5.165814696689997021e+01
6.214015344749999770e+01
2.748400934456000186e+02
5.094621596826000314e+02
6.399478182557998025e+02
7.037365984726000079e+02
5.610526417446998266e+02
3.336352155806000610e+02
9.447215255000005030e+00
-0.000000000000000000e+00
-0.000000000000000000e+00
-0.000000000000000000e+00
-0.000000000000000000e+00
-0.000000000000000000e+00
-0.000000000000000000e+00
-0.000000000000000000e+00
-0.000000000000000000e+00
-0.000000000000000000e+00
6.667484673199999712e+00
3.579200243729998476e+01
4.447191178159999225e+01
4.815423241630000462e+01
4.901623692149999556e+01
4.775484925000001368e+01
5.323445535329999956e+01
6.362092166439999374e+01
2.753416680146999624e+02
5.088954100112999868e+02
6.362407318556001883e+02
6.997598491242002865e+02
6.042762022880000359e+02
3.363707970080999985e+02
9.341125128599999883e+00
-0.000000000000000000e+00
-0.000000000000000000e+00
-0.000000000000000000e+00
-0.000000000000000000e+00
-0.000000000000000000e+00
-0.000000000000000000e+00
-0.000000000000000000e+00
-0.000000000000000000e+00
-0.000000000000000000e+00
7.069954491900001692e+00
3.634581493330000512e+01
4.445705041300001881e+01
4.791497686169997650e+01
4.791979155770000887e+01
4.797739390039999563e+01
6.140349980389999729e+01
1.017442163876000194e+02
2.731424651588999950e+02
4.704987974393999934e+02
5.790484619960999453e+02
6.150600426243003085e+02
5.625366359242999579e+02
3.205102656769000191e+02
9.903979819300001708e+00
-0.000000000000000000e+00
-0.000000000000000000e+00
-0.000000000000000000e+00
-0.000000000000000000e+00
-0.000000000000000000e+00
-0.000000000000000000e+00
-0.000000000000000000e+00
-0.000000000000000000e+00
-0.000000000000000000e+00
6.320942965600000463e+00
3.274532322689999830e+01
5.567995557510000992e+01
7.677385322789999123e+01
8.964065070779999189e+01
1.322194038793999766e+02
1.299310972092000043e+02
9.621956927600004406e+01
1.235416335952999844e+02
1.481837490429999775e+02
1.654575095100000510e+02
1.643338378346000468e+02
2.193990952895001385e+02
5.806449437130000746e+01
6.207989355999999681e+00
-0.000000000000000000e+00
-0.000000000000000000e+00
-0.000000000000000000e+00
-0.000000000000000000e+00
-0.000000000000000000e+00
-0.000000000000000000e+00
-0.000000000000000000e+00
-0.000000000000000000e+00
-0.000000000000000000e+00
3.470046259499999675e+00
2.497961492769999836e+01
5.592303511050000253e+01
7.278032470869997894e+01
9.255259773499999199e+01
1.116198448303000248e+02
1.350155852988000049e+02
1.673797126845999799e+02
2.321532969392000325e+02
2.951856320020000339e+02
3.394011444682000729e+02
3.407662224080999636e+02
2.856377541479000683e+02
1.642771455922999451e+02
8.471159972300002394e+00
-0.000000000000000000e+00
-0.000000000000000000e+00
-0.000000000000000000e+00
-0.000000000000000000e+00
-0.000000000000000000e+00
-0.000000000000000000e+00
-0.000000000000000000e+00
-0.000000000000000000e+00
-0.000000000000000000e+00
7.512636030099999473e+00
3.514294558639998911e+01
5.285860066629999210e+01
5.776958803639999473e+01
6.288626318999997977e+01
8.488365096010001309e+01
1.071556316350000060e+02
1.502723558675999413e+02
2.408330790946000377e+02
2.751337525677999452e+02
1.662290348121000250e+02
1.412416399684999817e+02
8.815560988810003096e+01
3.546355959110001521e+01
5.613338671600001106e+00
-0.000000000000000000e+00
-0.000000000000000000e+00
-0.000000000000000000e+00
-0.000000000000000000e+00
-0.000000000000000000e+00
-0.000000000000000000e+00
-0.000000000000000000e+00
-0.000000000000000000e+00
-0.000000000000000000e+00
2.614630994799999275e+00
1.496455814120000305e+01
4.799926632150000216e+01
7.096291476970000645e+01
9.247832447350002383e+01
8.968770653310001251e+01
9.732818451960000061e+01
1.055085084872000181e+02
2.746569675465000842e+02
4.773471157535999509e+02
6.134651177101000030e+02
5.750479129249999914e+02
3.819467330194000283e+02
6.829987166499999773e+01
8.356976873400002503e+00
-0.000000000000000000e+00
-0.000000000000000000e+00
-0.000000000000000000e+00
-0.000000000000000000e+00
-0.000000000000000000e+00
-0.000000000000000000e+00
-0.000000000000000000e+00
-0.000000000000000000e+00
-0.000000000000000000e+00
7.933114472899997160e+00
3.575207737610001146e+01
6.110318838869998359e+01
7.759204119999995442e+01
1.020258621941999877e+02
1.254539888361000521e+02
1.448592909408999958e+02
1.603947068835000493e+02
1.721815384442000436e+02
1.752579391454000017e+02
2.402526539607000586e+02
2.275914852012999461e+02
8.840955761659996881e+01
3.588273886379998601e+01
4.559204367199998664e+00
-0.000000000000000000e+00
-0.000000000000000000e+00
-0.000000000000000000e+00
-0.000000000000000000e+00
-0.000000000000000000e+00
-0.000000000000000000e+00
-0.000000000000000000e+00
-0.000000000000000000e+00
-0.000000000000000000e+00
5.165233124999999426e+00
2.613584158849999994e+01
5.736184284440000880e+01
7.032572222230000136e+01
6.734347983890000933e+01
7.560226359180001054e+01
9.790967837720002365e+01
1.427107848852999723e+02
2.757068409831000508e+02
4.468953004974001146e+02
5.749160048295000252e+02
6.589936672985999166e+02
5.981114309091999530e+02
3.531954336389000559e+02
1.196787249429999989e+01
-0.000000000000000000e+00
-0.000000000000000000e+00
-0.000000000000000000e+00
-0.000000000000000000e+00
-0.000000000000000000e+00
-0.000000000000000000e+00
-0.000000000000000000e+00
-0.000000000000000000e+00
-0.000000000000000000e+00
7.580066314200000654e+00
3.429566322780000576e+01
6.232140895730002228e+01
7.149579179260001638e+01
1.044384446949999727e+02
1.262377468255000110e+02
1.457476928095999540e+02
1.613049358508000353e+02
1.499563405179999904e+02
1.210955253331000137e+02
8.121519540119994929e+01
6.281945512200000792e+01
4.072752354780001127e+01
1.820002286779999423e+01
2.645325296999999409e+00
-0.000000000000000000e+00
-0.000000000000000000e+00
-0.000000000000000000e+00
-0.000000000000000000e+00
-0.000000000000000000e+00
-0.000000000000000000e+00
-0.000000000000000000e+00
-0.000000000000000000e+00
-0.000000000000000000e+00
6.404396760200000038e+00
2.687189098949999888e+01
4.906281566149998952e+01
6.379744207510000820e+01
6.858698637909999718e+01
8.161776721479996866e+01
9.065467356069999028e+01
9.582886883100000830e+01
9.621614157109999610e+01
9.196758639100004018e+01
8.013402086499998234e+01
8.580485585340001364e+01
7.118831894819999206e+01
3.756833094369999060e+01
4.528414457899998524e+00
-0.000000000000000000e+00
-0.000000000000000000e+00
-0.000000000000000000e+00
-0.000000000000000000e+00
-0.000000000000000000e+00
-0.000000000000000000e+00
-0.000000000000000000e+00
-0.000000000000000000e+00
-0.000000000000000000e+00
4.338484534200000908e+00
2.723496490319999452e+01
5.527794736080000604e+01
8.079569464769996046e+01
8.009783704860001308e+01
1.267558938100000177e+02
1.465869031656999937e+02
1.618597804716000326e+02
2.309468682675000366e+02
4.096862766361999775e+02
5.705666041665997454e+02
6.182577341508997506e+02
5.347098366516000851e+02
2.792139014657997791e+02
1.438434498929999350e+01
-0.000000000000000000e+00
-0.000000000000000000e+00
-0.000000000000000000e+00
-0.000000000000000000e+00
-0.000000000000000000e+00
-0.000000000000000000e+00
-0.000000000000000000e+00
-0.000000000000000000e+00
-0.000000000000000000e+00
9.533590261499998775e+00
3.956840846060001127e+01
4.651163587780000341e+01
4.990760905140000858e+01
5.108415921299998530e+01
4.907899827100001033e+01
5.472241216759999105e+01
7.610606643120001991e+01
2.667297832593999374e+02
4.999173011602999281e+02
6.348858134691000714e+02
6.922321191326999497e+02
6.086022079542001393e+02
3.674570049692999305e+02
1.568022442350000212e+01
-0.000000000000000000e+00
-0.000000000000000000e+00
-0.000000000000000000e+00
-0.000000000000000000e+00
-0.000000000000000000e+00
-0.000000000000000000e+00
-0.000000000000000000e+00
-0.000000000000000000e+00
-0.000000000000000000e+00
9.926187403500000173e+00
3.984044515149999199e+01
4.650681244190001706e+01
5.011232815109996608e+01
5.170718723230000791e+01
4.711878323489999332e+01
5.416861787989997623e+01
7.674964379529998837e+01
2.647003072966999753e+02
4.974097557403998735e+02
6.322289316740999539e+02
6.885301017743998955e+02
6.041171939021998014e+02
3.655473571137000022e+02
1.627521789040000044e+01
-0.000000000000000000e+00
-0.000000000000000000e+00
-0.000000000000000000e+00
-0.000000000000000000e+00
-0.000000000000000000e+00
-0.000000000000000000e+00
-0.000000000000000000e+00
-0.000000000000000000e+00
-0.000000000000000000e+00
9.941689927499998802e+00
3.655946596840000495e+01
5.012766330000001602e+01
5.791974811060000405e+01
6.709146656420001875e+01
9.944019032670000513e+01
1.322116217097000117e+02
1.540471680917000015e+02
2.153593476588999636e+02
2.047536773070000322e+02
1.671699455112999715e+02
1.125390948605000290e+02
5.715987866179998633e+01
1.912544824619999773e+01
4.496197909700001105e+00
-0.000000000000000000e+00
-0.000000000000000000e+00
-0.000000000000000000e+00
-0.000000000000000000e+00
-0.000000000000000000e+00
-0.000000000000000000e+00
-0.000000000000000000e+00
-0.000000000000000000e+00
-0.000000000000000000e+00
5.192384073800001332e+00
2.801927230349998865e+01
5.517428266329999786e+01
8.077840033549998111e+01
1.037808881185000445e+02
1.239535871792000421e+02
1.464114127024000140e+02
1.609828261485000098e+02
1.499106825935000415e+02
1.211250266857999947e+02
8.141954325380001478e+01
8.647895149389995595e+01
7.251646216320000349e+01
4.044133771759998552e+01
1.085892891369999980e+01
-0.000000000000000000e+00
-0.000000000000000000e+00
-0.000000000000000000e+00
-0.000000000000000000e+00
-0.000000000000000000e+00
-0.000000000000000000e+00
-0.000000000000000000e+00
-0.000000000000000000e+00
-0.000000000000000000e+00
3.919102539299999854e+00
1.664835491599999884e+01
3.480093266390000650e+01
5.314102650399999561e+01
6.935691114770001775e+01
1.154539866903999723e+02
1.196966434970999842e+02
1.529269508455999471e+02
2.713700983112000245e+02
4.635559811693999563e+02
6.268407834647001664e+02
5.993371126898997545e+02
3.666670592914999247e+02
4.102743782019999941e+01
1.140816882110000208e+01
-0.000000000000000000e+00
-0.000000000000000000e+00
-0.000000000000000000e+00
-0.000000000000000000e+00
-0.000000000000000000e+00
-0.000000000000000000e+00
-0.000000000000000000e+00
-0.000000000000000000e+00
-0.000000000000000000e+00
6.034292441599997225e+00
2.840332899220000229e+01
5.604703287969999792e+01
8.197333469320001598e+01
8.011174010610000096e+01
1.272489215622999836e+02
1.467280519764000530e+02
1.609297926998000605e+02
1.737045628600000668e+02
1.773477015715999130e+02
2.409463228227999423e+02
1.420569738498000163e+02
9.410358199639998134e+01
4.090695168759998523e+01
7.461331368299999767e+00
-0.000000000000000000e+00
-0.000000000000000000e+00
-0.000000000000000000e+00
-0.000000000000000000e+00
-0.000000000000000000e+00
-0.000000000000000000e+00
-0.000000000000000000e+00
-0.000000000000000000e+00
-0.000000000000000000e+00
8.459717340799999263e+00
3.605223941810000809e+01
5.878871066659998235e+01
8.180287356450000402e+01
8.736863858449997622e+01
1.127524246225999747e+02
1.243187431231000204e+02
1.407024441296000248e+02
1.833409304309000163e+02
1.775510168504000319e+02
1.681394580409000241e+02
1.409954361357000323e+02
9.554226921870001377e+01
4.149133420019998653e+01
9.042957747999999185e+00
-0.000000000000000000e+00
-0.000000000000000000e+00
-0.000000000000000000e+00
-0.000000000000000000e+00
-0.000000000000000000e+00
-0.000000000000000000e+00
-0.000000000000000000e+00
-0.000000000000000000e+00
-0.000000000000000000e+00
-0.000000000000000000e+00
-0.000000000000000000e+00
-0.000000000000000000e+00
1.311343746199999938e+00
1.002062733910000247e+01
2.767431859249999704e+01
4.737522745460002227e+01
6.347127254210000302e+01
6.509227952749998281e+01
5.483940728870000925e+01
3.040300872300001345e+01
9.485593242700000260e+00
-0.000000000000000000e+00
-0.000000000000000000e+00
-0.000000000000000000e+00
-0.000000000000000000e+00
-0.000000000000000000e+00
-0.000000000000000000e+00
-0.000000000000000000e+00
-0.000000000000000000e+00
-0.000000000000000000e+00
-0.000000000000000000e+00
-0.000000000000000000e+00
-0.000000000000000000e+00
-0.000000000000000000e+00
-0.000000000000000000e+00
-0.000000000000000000e+00
4.778294385000002364e+00
1.918630802529999713e+01
4.894688675719999793e+01
7.354121636159997877e+01
9.269522021499997777e+01
1.297879184906000205e+02
1.030142960829000032e+02
6.966481974639999919e+01
3.164930867870000597e+01
3.869187475799999110e+00
-0.000000000000000000e+00
-0.000000000000000000e+00
-0.000000000000000000e+00
-0.000000000000000000e+00
-0.000000000000000000e+00
-0.000000000000000000e+00
-0.000000000000000000e+00
-0.000000000000000000e+00
-0.000000000000000000e+00
-0.000000000000000000e+00
-0.000000000000000000e+00
-0.000000000000000000e+00
-0.000000000000000000e+00
6.988945373999999156e+00
3.743780153959999524e+01
5.069336361839998517e+01
5.343707494419999193e+01
5.522434048309999355e+01
4.638225469020002123e+01
1.900150705069000026e+02
4.054609569002000171e+02
4.657702846478001106e+02
4.169492599732000144e+02
1.241886276693000326e+02
1.889631441699999970e+00
-0.000000000000000000e+00
-0.000000000000000000e+00
-0.000000000000000000e+00
-0.000000000000000000e+00
-0.000000000000000000e+00
-0.000000000000000000e+00
-0.000000000000000000e+00
-0.000000000000000000e+00
-0.000000000000000000e+00
-0.000000000000000000e+00
-0.000000000000000000e+00
7.350864308900001198e+00
3.756124754540000055e+01
4.905867492319999457e+01
5.480864647839997161e+01
6.319777604280001526e+01
7.626005186599995511e+01
9.911989379769997299e+01
2.432659125726999036e+02
4.127407180740000285e+02
4.995316525233999414e+02
5.104932360049998579e+02
4.187598522263002110e+02
8.175066198459997224e+01
-0.000000000000000000e+00
-0.000000000000000000e+00
-0.000000000000000000e+00
-0.000000000000000000e+00
-0.000000000000000000e+00
-0.000000000000000000e+00
-0.000000000000000000e+00
-0.000000000000000000e+00
-0.000000000000000000e+00
-0.000000000000000000e+00
1.304528558699999730e+00
1.159500694950000188e+01
2.994334275369999432e+01
4.878862166910001008e+01
6.607356162959999324e+01
1.109740065547999990e+02
1.173977527532999829e+02
1.533443928250999875e+02
1.989335601405999512e+02
1.464571435443000098e+02
7.808049368299998605e+01
5.948672600569999247e+01
3.657631734829999459e+01
1.392647080990000319e+01
3.268225228800000881e+00
-0.000000000000000000e+00
-0.000000000000000000e+00
-0.000000000000000000e+00
-0.000000000000000000e+00
-0.000000000000000000e+00
-0.000000000000000000e+00
-0.000000000000000000e+00
-0.000000000000000000e+00
-0.000000000000000000e+00
5.632924339300001471e+00
3.050678676049999893e+01
5.782072175549998150e+01
8.306032648029999166e+01
8.054736377599999742e+01
1.282860817831999611e+02
1.477492152018999718e+02
1.623407613046000222e+02
1.753423583135999309e+02
1.788138377814999842e+02
2.439177102913999988e+02
2.356317172564999396e+02
1.005895309479000446e+02
4.655920664869999825e+01
9.993597862599997939e+00
4.395412459999999966e-01
-0.000000000000000000e+00
-0.000000000000000000e+00
-0.000000000000000000e+00
-0.000000000000000000e+00
-0.000000000000000000e+00
-0.000000000000000000e+00
-0.000000000000000000e+00
-0.000000000000000000e+00
9.585302441699999676e+00
3.447369742359999378e+01
5.009127733490000622e+01
5.442436266539999679e+01
6.433478668200000072e+01
8.136679664790000288e+01
1.167642561949999589e+02
1.486775307550999514e+02
2.144827428756999836e+02
2.590937298810999891e+02
2.748869198197000401e+02
1.720121077647000334e+02
1.168382730532999432e+02
4.692541899909996062e+01
1.671263504800000277e+01
8.960862773999997977e-01
-0.000000000000000000e+00
-0.000000000000000000e+00
-0.000000000000000000e+00
-0.000000000000000000e+00
-0.000000000000000000e+00
-0.000000000000000000e+00
-0.000000000000000000e+00
-0.000000000000000000e+00
2.547757913700000376e+00
2.612861716460001205e+01
4.643843196820000685e+01
5.348824194480002348e+01
5.353503747849998717e+01
6.033395488899998327e+01
7.114856085130004715e+01
9.393009711949993346e+01
2.528529248294999547e+02
4.296959952247999581e+02
5.438575146693999613e+02
6.157362260573002004e+02
5.387646120222003674e+02
2.868675086261000047e+02
9.183120503200001394e+00
-0.000000000000000000e+00
-0.000000000000000000e+00
-0.000000000000000000e+00
-0.000000000000000000e+00
-0.000000000000000000e+00
-0.000000000000000000e+00
-0.000000000000000000e+00
-0.000000000000000000e+00
-0.000000000000000000e+00
-0.000000000000000000e+00
8.216196099600002967e+00
3.732360328770000280e+01
6.507717186080003557e+01
7.784641460970000537e+01
9.056631368080000755e+01
9.334344664900000055e+01
9.738466863200000034e+01
2.778179635013999587e+02
4.241830108867000035e+02
4.808607074824000733e+02
5.630016536979002240e+02
4.467172060028998999e+02
7.735360309809996693e+01
-0.000000000000000000e+00
-0.000000000000000000e+00
-0.000000000000000000e+00
-0.000000000000000000e+00
-0.000000000000000000e+00
-0.000000000000000000e+00
-0.000000000000000000e+00
-0.000000000000000000e+00
-0.000000000000000000e+00
-0.000000000000000000e+00
-0.000000000000000000e+00
4.313398265000000231e-01
1.503224792399999821e+01
4.549151373019998346e+01
6.468085584409998035e+01
7.696268596530001105e+01
8.859690889010001058e+01
1.220798552629999989e+02
2.374435945138999671e+02
2.427431590115000120e+02
9.609611965990001181e+01
4.316492431930000606e+01
7.082744634300003561e+00
-0.000000000000000000e+00
-0.000000000000000000e+00
-0.000000000000000000e+00
-0.000000000000000000e+00
-0.000000000000000000e+00
-0.000000000000000000e+00
-0.000000000000000000e+00
-0.000000000000000000e+00
-0.000000000000000000e+00
-0.000000000000000000e+00
-0.000000000000000000e+00
-0.000000000000000000e+00
-0.000000000000000000e+00
1.300866929900000635e+00
1.629746955799999597e+01
4.229653143750001476e+01
6.082003927250000430e+01
7.535457633119999343e+01
8.480919521440000608e+01
1.999334993258000566e+02
3.677030101581999588e+02
4.236685361493997561e+02
1.862529654434000577e+02
4.360707114999998746e-01
-0.000000000000000000e+00
-0.000000000000000000e+00
-0.000000000000000000e+00
-0.000000000000000000e+00
-0.000000000000000000e+00
-0.000000000000000000e+00
-0.000000000000000000e+00
-0.000000000000000000e+00
-0.000000000000000000e+00
-0.000000000000000000e+00
-0.000000000000000000e+00
-0.000000000000000000e+00
-0.000000000000000000e+00
-0.000000000000000000e+00
2.626193230999999351e+00
1.345230117640000422e+01
2.507465322480000935e+01
3.317974542519999659e+01
3.650521831140000728e+01
3.422297090540001108e+01
2.609727094469999997e+01
1.302126909279999722e+01
2.264038643899999759e+00
-0.000000000000000000e+00
-0.000000000000000000e+00
-0.000000000000000000e+00
-0.000000000000000000e+00
-0.000000000000000000e+00
-0.000000000000000000e+00
-0.000000000000000000e+00
-0.000000000000000000e+00
-0.000000000000000000e+00
-0.000000000000000000e+00
-0.000000000000000000e+00
4.371879989000000966e-01
1.233567814600000290e+01
4.066866057439999338e+01
6.124011990969999886e+01
7.569461466299999586e+01
9.228485271590000139e+01
1.130832763967000005e+02
1.357566228818000127e+02
1.445158447826999577e+02
2.257570774178000192e+02
2.959976652481000201e+02
3.331157961407999437e+02
3.293279895689999535e+02
2.605783965100999922e+02
1.560884878757999559e+02
1.889025527689999251e+01
8.961850826999998576e-01
-0.000000000000000000e+00
-0.000000000000000000e+00
-0.000000000000000000e+00
-0.000000000000000000e+00
-0.000000000000000000e+00
-0.000000000000000000e+00
-0.000000000000000000e+00
4.371961423000000346e-01
1.122530498579999403e+01
4.067032470009999656e+01
5.616284148669998899e+01
5.782851177529999376e+01
5.991996059949998710e+01
6.252251004120001454e+01
8.317437078890002056e+01
1.168068642640999997e+02
2.756924570826999457e+02
3.776318077252998933e+02
4.263853820631001099e+02
4.731500117977000173e+02
3.849671525800999348e+02
2.463155185635000066e+02
2.816592858249999765e+01
8.962115725999998395e-01
-0.000000000000000000e+00
-0.000000000000000000e+00
-0.000000000000000000e+00
-0.000000000000000000e+00
-0.000000000000000000e+00
-0.000000000000000000e+00
-0.000000000000000000e+00
4.371975889999999976e-01
1.414899142459999837e+01
4.064877089849999692e+01
4.686676351560002018e+01
5.039602528309995932e+01
5.260239248869998363e+01
5.338269658260000483e+01
6.730279448790000174e+01
1.047361867450000119e+02
2.736753723290999005e+02
4.290533401187999516e+02
5.617422478003002198e+02
6.462734697912999309e+02
6.082403315066001142e+02
4.197528421607000269e+02
8.504380886780005255e+01
8.962257843999998919e-01
-0.000000000000000000e+00
-0.000000000000000000e+00
-0.000000000000000000e+00
-0.000000000000000000e+00
-0.000000000000000000e+00
-0.000000000000000000e+00
-0.000000000000000000e+00
-0.000000000000000000e+00
6.061486457199999123e+00
2.507767382809999290e+01
4.483180156440000985e+01
6.044048143389999694e+01
7.008367381150002018e+01
8.308796139140000037e+01
9.246699028010000632e+01
9.720446947320002096e+01
9.836049212420000742e+01
9.391312284600003579e+01
8.387581546969998669e+01
8.743371305439998764e+01
7.463542484169997238e+01
4.572981157059999902e+01
7.783165883300000587e+00
4.395927843999999363e-01
-0.000000000000000000e+00
-0.000000000000000000e+00
-0.000000000000000000e+00
-0.000000000000000000e+00
-0.000000000000000000e+00
-0.000000000000000000e+00
-0.000000000000000000e+00
-0.000000000000000000e+00
3.929372164200000572e+00
1.828654953899999569e+01
4.515332340730000027e+01
7.587099434209994797e+01
1.062550424934999995e+02
1.283428204379999613e+02
1.480720174994000331e+02
1.629163709655000218e+02
1.756097778017999929e+02
1.801389005281000095e+02
2.432599245852000536e+02
2.367566549296999199e+02
1.054227301930000209e+02
5.073574624159998336e+01
1.256969360090000087e+01
4.395674504999999566e-01
-0.000000000000000000e+00
-0.000000000000000000e+00
-0.000000000000000000e+00
-0.000000000000000000e+00
-0.000000000000000000e+00
-0.000000000000000000e+00
-0.000000000000000000e+00
-0.000000000000000000e+00
8.915596087399997316e+00
3.806228462520000733e+01
5.961828429770000071e+01
7.566632201009994674e+01
9.199690501979995361e+01
1.128787056297000220e+02
1.358460389977000489e+02
1.464674982851999800e+02
2.288209251226000447e+02
2.899407353157000102e+02
3.396458917270998654e+02
4.458382793183000103e+02
4.948865697738999643e+02
3.868684373455002401e+02
9.082779913750000844e+01
1.377062343900000041e+00
-0.000000000000000000e+00
-0.000000000000000000e+00
-0.000000000000000000e+00
-0.000000000000000000e+00
-0.000000000000000000e+00
-0.000000000000000000e+00
-0.000000000000000000e+00
-0.000000000000000000e+00
8.116530975099999878e+00
3.087876323360000086e+01
5.811201860750000492e+01
8.324697800260000236e+01
8.053923321630003329e+01
1.284863957545999540e+02
1.481915423359000101e+02
1.633195075449000058e+02
2.091883576358999335e+02
3.142660231812998859e+02
4.300918702091001364e+02
5.181847190887001489e+02
5.089557227119000231e+02
3.942607130363001033e+02
9.011064269900003865e+01
1.377062343900000041e+00
-0.000000000000000000e+00
-0.000000000000000000e+00
-0.000000000000000000e+00
-0.000000000000000000e+00
-0.000000000000000000e+00
-0.000000000000000000e+00
-0.000000000000000000e+00
-0.000000000000000000e+00
8.515364870500002681e+00
3.054572384649999961e+01
5.209064159610002065e+01
6.643851970670003482e+01
7.038573060979997820e+01
1.021198596743999474e+02
1.329802847550000138e+02
1.624517375618999893e+02
1.751012808565999990e+02
1.794392371672000479e+02
2.420559969361999890e+02
2.370494714909000038e+02
1.042547119274999972e+02
5.130660566759999597e+01
1.253215879019999512e+01
8.962189711000000392e-01
-0.000000000000000000e+00
-0.000000000000000000e+00
-0.000000000000000000e+00
-0.000000000000000000e+00
-0.000000000000000000e+00
-0.000000000000000000e+00
-0.000000000000000000e+00
4.372668429000000079e-01
1.341910835889999554e+01
4.036895732409999482e+01
4.711398968630000184e+01
5.172328441919999875e+01
5.404055354830001789e+01
6.045873883390002845e+01
7.435834798309998916e+01
8.946107728290000694e+01
2.580503549000999897e+02
4.484641778691000695e+02
6.030858431546000702e+02
6.781188909687002706e+02
6.388149658386001875e+02
4.391371926416999827e+02
1.171263107619999886e+02
1.377070515300000020e+00
-0.000000000000000000e+00
-0.000000000000000000e+00
-0.000000000000000000e+00
-0.000000000000000000e+00
-0.000000000000000000e+00
-0.000000000000000000e+00
-0.000000000000000000e+00
4.372511860000000694e-01
1.158774058639999893e+01
3.773473811600000971e+01
5.892998162680003560e+01
7.636133438069998647e+01
9.564543075719997489e+01
1.000650110504000168e+02
1.602590797787000270e+02
1.322336954090999654e+02
1.797010783623000520e+02
2.172264224251000826e+02
1.716434431864000203e+02
1.485469669583999348e+02
1.059397110688000225e+02
5.121984152849999816e+01
1.308053919890000039e+01
8.962295696999998951e-01
-0.000000000000000000e+00
-0.000000000000000000e+00
-0.000000000000000000e+00
-0.000000000000000000e+00
-0.000000000000000000e+00
-0.000000000000000000e+00
-0.000000000000000000e+00
4.372566146000000376e-01
1.120966593490000029e+01
3.850202572780001731e+01
5.640738002880000579e+01
5.738372253489998087e+01
5.528339194919998079e+01
6.399347028249999170e+01
8.793387323050001214e+01
1.257132843485000109e+02
2.443473381151999320e+02
2.872586615493000863e+02
2.388450269892001074e+02
2.971170635022999704e+02
3.141011607022999783e+02
2.064443297649000044e+02
2.269668883170000839e+01
8.962060240999999428e-01
-0.000000000000000000e+00
-0.000000000000000000e+00
-0.000000000000000000e+00
-0.000000000000000000e+00
-0.000000000000000000e+00
-0.000000000000000000e+00
-0.000000000000000000e+00
-0.000000000000000000e+00
1.006831736870000071e+01
3.770660598450000833e+01
5.920792309140001208e+01
7.051821639100000993e+01
7.038260356399999296e+01
7.201658441169999492e+01
6.472933769200001564e+01
7.308793191000000888e+01
2.506632956496000020e+02
4.506199917253000535e+02
6.126257900120999693e+02
6.916578169848002062e+02
6.602347112560997857e+02
4.271723528584001315e+02
1.234980088351000092e+02
1.888254044900000039e+00
-0.000000000000000000e+00
-0.000000000000000000e+00
-0.000000000000000000e+00
-0.000000000000000000e+00
-0.000000000000000000e+00
-0.000000000000000000e+00
-0.000000000000000000e+00
4.373482740999999896e-01
1.339331606549999876e+01
3.791509218390001479e+01
4.758879803270001219e+01
4.577962908419998911e+01
4.964823129759998466e+01
4.641873806890000509e+01
5.718355360430001610e+01
7.265077057479999212e+01
2.520184974710000461e+02
4.480322601661001158e+02
6.091437890901000856e+02
6.886964273803996548e+02
6.560418148475001772e+02
4.274442587300999890e+02
1.245367484750000386e+02
1.888359500900000043e+00
-0.000000000000000000e+00
-0.000000000000000000e+00
-0.000000000000000000e+00
-0.000000000000000000e+00
-0.000000000000000000e+00
-0.000000000000000000e+00
-0.000000000000000000e+00
4.373505064999999581e-01
1.302452086800000863e+01
3.815250155460002190e+01
4.999155450199997119e+01
7.741777230870003734e+01
7.651914172999997277e+01
9.534994264010001075e+01
1.141854857841999547e+02
1.373193801481999685e+02
1.785407793107000032e+02
2.161492999831000077e+02
1.707727944808999609e+02
2.975582622764999883e+02
3.135957467599999404e+02
2.064390376751000247e+02
3.327619185379999323e+01
1.377128612799999763e+00
-0.000000000000000000e+00
-0.000000000000000000e+00
-0.000000000000000000e+00
-0.000000000000000000e+00
-0.000000000000000000e+00
-0.000000000000000000e+00
-0.000000000000000000e+00
-0.000000000000000000e+00
5.634072506500000799e+00
2.948450828350000918e+01
5.690511238009998607e+01
8.234455337560000032e+01
8.008916554059999271e+01
1.060350152312000063e+02
1.120610544693000179e+02
1.004319067594000074e+02
2.483552575728000704e+02
3.299464106129999550e+02
3.367775719136000703e+02
3.491900484605000088e+02
2.751448394410999185e+02
1.636075810887999751e+02
1.853351692660000793e+01
8.961867797999998331e-01
-0.000000000000000000e+00
-0.000000000000000000e+00
-0.000000000000000000e+00
-0.000000000000000000e+00
-0.000000000000000000e+00
-0.000000000000000000e+00
-0.000000000000000000e+00
-0.000000000000000000e+00
7.693592141400001694e+00
2.980388827210001423e+01
5.108533462190001018e+01
6.570539816549998591e+01
6.962845726780001598e+01
1.156729768271999887e+02
1.183091416492999599e+02
1.513538399582000125e+02
2.112736697865999531e+02
2.428102251002000003e+02
1.726694157879001068e+02
2.384797933943999908e+02
1.070314944493999434e+02
5.259421440140000215e+01
1.138519121190000405e+01
4.394889360999998940e-01
-0.000000000000000000e+00
-0.000000000000000000e+00
-0.000000000000000000e+00
-0.000000000000000000e+00
-0.000000000000000000e+00
-0.000000000000000000e+00
-0.000000000000000000e+00
-0.000000000000000000e+00
7.689071693500000748e+00
3.670711270060000686e+01
5.667408343010000493e+01
6.014344178340000013e+01
6.248327778889998285e+01
7.168761271139999280e+01
1.058140657012000077e+02
1.212371614342000044e+02
2.495350438959999906e+02
3.804990705391999768e+02
5.096422391554000910e+02
4.844161639763000835e+02
3.562400487814000485e+02
1.656795228583000039e+02
3.593240351929998866e+01
1.889074003000000168e+00
-0.000000000000000000e+00
-0.000000000000000000e+00
-0.000000000000000000e+00
-0.000000000000000000e+00
-0.000000000000000000e+00
-0.000000000000000000e+00
-0.000000000000000000e+00
-0.000000000000000000e+00
1.225632928910000174e+01
3.734194718959999904e+01
5.313697282100000052e+01
6.423109736930000224e+01
8.602093737830003306e+01
9.742807975460006276e+01
1.097469455683000348e+02
1.285453591617999791e+02
2.644821131351000076e+02
4.139137915062000275e+02
5.619531126096001117e+02
6.508727357037998900e+02
6.243868093516998670e+02
4.378584095843999080e+02
1.096253743168000199e+02
1.889084052399999880e+00
-0.000000000000000000e+00
-0.000000000000000000e+00
-0.000000000000000000e+00
-0.000000000000000000e+00
-0.000000000000000000e+00
-0.000000000000000000e+00
-0.000000000000000000e+00
-0.000000000000000000e+00
-0.000000000000000000e+00
-0.000000000000000000e+00
-0.000000000000000000e+00
1.744589787200000242e+00
1.002153754860000134e+01
2.207364560209999738e+01
3.091490558480000317e+01
3.540699212149999653e+01
3.440798083659999662e+01
2.723483511660000289e+01
1.527020159110000819e+01
3.132883755900000455e+00
-0.000000000000000000e+00
-0.000000000000000000e+00
-0.000000000000000000e+00
-0.000000000000000000e+00
-0.000000000000000000e+00
-0.000000000000000000e+00
-0.000000000000000000e+00
-0.000000000000000000e+00
-0.000000000000000000e+00
-0.000000000000000000e+00
-0.000000000000000000e+00
-0.000000000000000000e+00
-0.000000000000000000e+00
-0.000000000000000000e+00
-0.000000000000000000e+00
1.533685427780000232e+01
3.664562509379999256e+01
3.882958750460000630e+01
4.389018008749998501e+01
5.212257675640002219e+01
1.736418898200999763e+02
2.013469670062999910e+02
7.147066230129996711e+01
3.284049132040000529e+01
4.387086899099998050e+00
-0.000000000000000000e+00
-0.000000000000000000e+00
-0.000000000000000000e+00
-0.000000000000000000e+00
-0.000000000000000000e+00
-0.000000000000000000e+00
-0.000000000000000000e+00
-0.000000000000000000e+00
-0.000000000000000000e+00
-0.000000000000000000e+00
-0.000000000000000000e+00
-0.000000000000000000e+00
-0.000000000000000000e+00
7.406465623699999945e+00
3.831738820569999149e+01
4.549865872260000543e+01
5.415184344589998489e+01
5.631873380510001681e+01
4.861711335120001110e+01
1.907064181768999731e+02
4.100872772471999497e+02
5.214406173789002423e+02
4.413941033089001849e+02
1.428767408928000293e+02
1.889697466199999898e+00
-0.000000000000000000e+00
-0.000000000000000000e+00
-0.000000000000000000e+00
-0.000000000000000000e+00
-0.000000000000000000e+00
-0.000000000000000000e+00
-0.000000000000000000e+00
-0.000000000000000000e+00
-0.000000000000000000e+00
-0.000000000000000000e+00
-0.000000000000000000e+00
8.135122771699998978e+00
3.819750502170001738e+01
4.514640421459999686e+01
5.109609004819999711e+01
5.615330484260000787e+01
6.337557960380002697e+01
6.325887418920002858e+01
2.547292704456999672e+02
4.814247433776001230e+02
6.041772514196998145e+02
6.439164893276999919e+02
4.895318821529999695e+02
1.087428273191000159e+02
-0.000000000000000000e+00
-0.000000000000000000e+00
-0.000000000000000000e+00
-0.000000000000000000e+00
-0.000000000000000000e+00
-0.000000000000000000e+00
-0.000000000000000000e+00
-0.000000000000000000e+00
-0.000000000000000000e+00
-0.000000000000000000e+00
4.211046964700000395e+00
3.087445646609999628e+01
5.257475730899999178e+01
7.154008044160001134e+01
8.326422162220003997e+01
8.404717895450001208e+01
1.221473487531000046e+02
1.670727164396000148e+02
2.793154461493999747e+02
4.364082775491999655e+02
5.865495621761997427e+02
6.644364452970999082e+02
5.296800316333998353e+02
2.787804966116999026e+02
7.408498212999997001e+00
-0.000000000000000000e+00
-0.000000000000000000e+00
-0.000000000000000000e+00
-0.000000000000000000e+00
-0.000000000000000000e+00
-0.000000000000000000e+00
-0.000000000000000000e+00
-0.000000000000000000e+00
-0.000000000000000000e+00
4.785394361400000740e+00
1.788423673629999655e+01
3.631875258290001085e+01
5.424540033199999556e+01
7.042861852829996394e+01
8.379006132120002803e+01
9.322728158669998777e+01
9.761049693489998447e+01
9.864734401049999235e+01
9.376362048200000743e+01
8.353011086520001527e+01
9.043903110600004425e+01
7.917054805210001689e+01
4.718248562289999626e+01
8.375397044299997873e+00
4.395674504999999566e-01
-0.000000000000000000e+00
-0.000000000000000000e+00
-0.000000000000000000e+00
-0.000000000000000000e+00
-0.000000000000000000e+00
-0.000000000000000000e+00
-0.000000000000000000e+00
-0.000000000000000000e+00
9.193130790599999713e+00
3.517730045990000320e+01
4.912353305679999949e+01
4.992218570540001821e+01
5.009362438760000202e+01
5.080321371960001642e+01
5.798145599419999741e+01
5.643754328889998817e+01
2.531847680998000101e+02
4.418992828088999545e+02
6.013034165420000363e+02
6.691863083496002673e+02
6.135580711007997934e+02
3.787119924257000321e+02
8.839434002739997709e+01
1.377362602899999899e+00
-0.000000000000000000e+00
-0.000000000000000000e+00
-0.000000000000000000e+00
-0.000000000000000000e+00
-0.000000000000000000e+00
-0.000000000000000000e+00
-0.000000000000000000e+00
-0.000000000000000000e+00
2.537844389100000875e+00
2.576417352220000723e+01
4.594311703759998977e+01
5.306087738560000844e+01
5.333744553730002735e+01
5.824413050480002596e+01
6.016655774649999699e+01
7.224612269430002698e+01
2.535414234280000016e+02
4.369107792638000660e+02
5.404234780378002370e+02
5.667424264048997884e+02
4.608408747493000419e+02
2.076633387256999868e+02
8.647481689499999291e+00
-0.000000000000000000e+00
-0.000000000000000000e+00
-0.000000000000000000e+00
-0.000000000000000000e+00
-0.000000000000000000e+00
-0.000000000000000000e+00
-0.000000000000000000e+00
-0.000000000000000000e+00
-0.000000000000000000e+00
-0.000000000000000000e+00
8.912370940499997118e+00
3.887969164640000486e+01
4.378806724000001083e+01
4.832989757180000367e+01
5.014648042630001612e+01
4.997022806959999741e+01
5.711538828229999609e+01
2.893275922816000048e+02
4.903518403543000090e+02
6.141115400064001051e+02
6.408515554728002144e+02
4.515768240315999265e+02
6.103026733989999997e+01
-0.000000000000000000e+00
-0.000000000000000000e+00
-0.000000000000000000e+00
-0.000000000000000000e+00
-0.000000000000000000e+00
-0.000000000000000000e+00
-0.000000000000000000e+00
-0.000000000000000000e+00
-0.000000000000000000e+00
-0.000000000000000000e+00
-0.000000000000000000e+00
-0.000000000000000000e+00
8.955383363099999272e+00
3.454950742630001059e+01
6.438250239000001329e+01
8.283372749749999286e+01
9.158833643630002541e+01
1.160787607354000244e+02
1.036514311355999922e+02
7.547598281949997556e+01
4.147900736080000428e+01
2.188510477119998754e+01
3.573832701799999789e+00
-0.000000000000000000e+00
-0.000000000000000000e+00
-0.000000000000000000e+00
-0.000000000000000000e+00
-0.000000000000000000e+00
-0.000000000000000000e+00
-0.000000000000000000e+00
-0.000000000000000000e+00
-0.000000000000000000e+00
-0.000000000000000000e+00
-0.000000000000000000e+00
-0.000000000000000000e+00
-0.000000000000000000e+00
8.696241320999997804e-01
1.036139586179999839e+01
2.510993347380000884e+01
3.747221030189998459e+01
4.535939183779998274e+01
4.867881085909999683e+01
4.559756702469999823e+01
3.655291859860001580e+01
2.228585816919999374e+01
9.668105217600000856e+00
-0.000000000000000000e+00
-0.000000000000000000e+00
-0.000000000000000000e+00
-0.000000000000000000e+00
-0.000000000000000000e+00
-0.000000000000000000e+00
-0.000000000000000000e+00
-0.000000000000000000e+00
-0.000000000000000000e+00
-0.000000000000000000e+00
-0.000000000000000000e+00
-0.000000000000000000e+00
-0.000000000000000000e+00
-0.000000000000000000e+00
-0.000000000000000000e+00
2.625019572300001158e+00
1.344657065880000069e+01
2.466292902209999482e+01
3.274682373459999951e+01
3.605998117209999521e+01
4.449046900109999569e+01
4.302969343530000401e+01
2.615301909760000854e+01
3.258155082400001845e+00
-0.000000000000000000e+00
-0.000000000000000000e+00
-0.000000000000000000e+00
-0.000000000000000000e+00
-0.000000000000000000e+00
-0.000000000000000000e+00
-0.000000000000000000e+00
-0.000000000000000000e+00
-0.000000000000000000e+00
-0.000000000000000000e+00
-0.000000000000000000e+00
-0.000000000000000000e+00
7.578994069500000208e+00
3.419452808589999648e+01
4.893795878600001004e+01
4.741067083860001219e+01
5.254161220940000021e+01
5.230155876779999602e+01
5.331645782529999877e+01
6.226581931199999076e+01
2.467487767024000220e+02
4.364174191568000083e+02
5.986516822062999381e+02
5.825777110523999909e+02
3.561677417048999246e+02
4.520633245009999968e+01
1.042309781909999700e+01
4.391427139999999896e-01
-0.000000000000000000e+00
-0.000000000000000000e+00
-0.000000000000000000e+00
-0.000000000000000000e+00
-0.000000000000000000e+00
-0.000000000000000000e+00
-0.000000000000000000e+00
-0.000000000000000000e+00
7.566369700600000137e+00
3.414901373210000202e+01
5.298082259239999559e+01
6.521597393510000984e+01
9.524273606680003468e+01
1.100159711826999853e+02
1.309644418887999393e+02
1.366349748504999866e+02
2.512889268227000059e+02
4.106440509299000041e+02
5.760367689739999832e+02
5.355992233563999889e+02
3.271435900255000320e+02
4.527997966259999174e+01
9.899648711599997597e+00
4.391461149999999480e-01
-0.000000000000000000e+00
-0.000000000000000000e+00
-0.000000000000000000e+00
-0.000000000000000000e+00
-0.000000000000000000e+00
-0.000000000000000000e+00
-0.000000000000000000e+00
-0.000000000000000000e+00
6.772892007499999423e+00
3.385067310899998461e+01
5.181048963640002114e+01
6.215302479829999527e+01
9.503010144430000139e+01
7.997464815590001308e+01
8.090539023170001087e+01
7.537566190269997435e+01
2.478181499845999838e+02
4.363947353393999720e+02
6.007062742823998178e+02
6.556646825129001854e+02
5.911483108072002324e+02
3.491039647562001278e+02
6.801039037019999967e+01
8.958673994999999390e-01
-0.000000000000000000e+00
-0.000000000000000000e+00
-0.000000000000000000e+00
-0.000000000000000000e+00
-0.000000000000000000e+00
-0.000000000000000000e+00
-0.000000000000000000e+00
-0.000000000000000000e+00
7.150866307000001143e+00
3.354252092010000297e+01
4.872500990210001959e+01
4.928588518069999225e+01
5.503832375710000235e+01
6.876428615210001283e+01
9.721306378379999558e+01
1.419030358692999414e+02
2.362348832892999440e+02
3.202164544212000123e+02
3.620017818865999857e+02
3.493616792555999950e+02
2.731084781274999500e+02
7.530176195079998536e+01
1.216881349700000392e+01
4.390531178999998452e-01
-0.000000000000000000e+00
-0.000000000000000000e+00
-0.000000000000000000e+00
-0.000000000000000000e+00
-0.000000000000000000e+00
-0.000000000000000000e+00
-0.000000000000000000e+00
-0.000000000000000000e+00
6.748158227500001161e+00
3.305836069670001365e+01
5.392761591209999494e+01
6.582551307210002278e+01
9.204796675239997228e+01
1.005773526413000099e+02
1.406146883357000377e+02
9.462883626960001493e+01
9.606831410610001853e+01
9.156450906820001023e+01
8.080869802379997680e+01
3.515521931989999871e+02
4.882323716701000080e+02
3.759535568442001932e+02
3.363606735630000344e+01
8.958207655999999020e-01
-0.000000000000000000e+00
-0.000000000000000000e+00
-0.000000000000000000e+00
-0.000000000000000000e+00
-0.000000000000000000e+00
-0.000000000000000000e+00
-0.000000000000000000e+00
-0.000000000000000000e+00
6.734415962800000877e+00
3.294339322939999448e+01
4.873878444620001460e+01
4.951120358860000437e+01
5.522767406729999351e+01
5.972845682950001134e+01
6.523035382360001222e+01
7.750443436870001790e+01
2.562787892333999480e+02
3.796917966043999968e+02
4.085807193922998977e+02
3.785675547587999858e+02
2.866047827003999373e+02
7.396761306940003067e+01
1.793543717470000587e+01
4.390607013000000225e-01
-0.000000000000000000e+00
-0.000000000000000000e+00
-0.000000000000000000e+00
-0.000000000000000000e+00
-0.000000000000000000e+00
-0.000000000000000000e+00
-0.000000000000000000e+00
-0.000000000000000000e+00
5.540067595700000069e+00
2.919791509669999030e+01
5.555601247819998889e+01
7.512730171929999301e+01
6.516641982460001259e+01
8.635664153980000890e+01
1.188015847259999873e+02
1.440835548627999572e+02
2.546433388415000536e+02
4.192152214995999202e+02
5.974531239087999666e+02
6.604758595900999580e+02
5.952089978446998657e+02
3.552074525065000330e+02
2.874005661709999160e+01
4.390366655000000340e-01
-0.000000000000000000e+00
-0.000000000000000000e+00
-0.000000000000000000e+00
-0.000000000000000000e+00
-0.000000000000000000e+00
-0.000000000000000000e+00
-0.000000000000000000e+00
-0.000000000000000000e+00
6.316844781000000353e+00
3.256252545480000293e+01
4.828621561070001889e+01
4.929859274729997765e+01
5.500899684550000757e+01
6.865328688990000217e+01
9.661948303649998593e+01
1.438574487123999290e+02
2.542375600067000505e+02
4.182655761273000508e+02
5.980903904064000471e+02
6.001325216017002049e+02
4.171464223913000637e+02
7.953969501259997799e+01
1.002630570070000005e+01
-0.000000000000000000e+00
-0.000000000000000000e+00
-0.000000000000000000e+00
-0.000000000000000000e+00
-0.000000000000000000e+00
-0.000000000000000000e+00
-0.000000000000000000e+00
-0.000000000000000000e+00
-0.000000000000000000e+00
5.517745549699998087e+00
3.227588959899999566e+01
4.802190761020000309e+01
4.768078630289998898e+01
5.246488806459998955e+01
5.514886535459997674e+01
5.990708503719999811e+01
7.733604238809999742e+01
2.519946219898000663e+02
4.280808318292999957e+02
5.747708653838002419e+02
5.978657631796000942e+02
4.827636601812000663e+02
2.525819754537000392e+02
1.751053058369999960e+01
4.389568891999999223e-01
-0.000000000000000000e+00
-0.000000000000000000e+00
-0.000000000000000000e+00
-0.000000000000000000e+00
-0.000000000000000000e+00
-0.000000000000000000e+00
-0.000000000000000000e+00
-0.000000000000000000e+00
5.505969426899999242e+00
3.193183892180000072e+01
4.943692387030000646e+01
4.932167275969998599e+01
5.458410353260001813e+01
6.394234589780000988e+01
9.166071688400000994e+01
1.202878583737999918e+02
2.384873544822999918e+02
2.788689927443000443e+02
1.650873425501999634e+02
1.388965518556000234e+02
9.374337712029999636e+01
4.115270350939999133e+01
7.922504906499997723e+00
-0.000000000000000000e+00
-0.000000000000000000e+00
-0.000000000000000000e+00
-0.000000000000000000e+00
-0.000000000000000000e+00
-0.000000000000000000e+00
-0.000000000000000000e+00
-0.000000000000000000e+00
-0.000000000000000000e+00
3.877814296599999988e+00
2.642622361629999617e+01
5.323400720049999535e+01
7.138130754549999324e+01
8.735055161309998084e+01
9.810986030370001743e+01
9.910264094549998504e+01
1.059897523349000039e+02
2.504101170662999607e+02
4.177738271262001035e+02
5.788026732772999594e+02
5.550525297419000026e+02
3.785650068839000255e+02
7.585268905489999725e+01
1.011823809910000094e+01
-0.000000000000000000e+00
-0.000000000000000000e+00
-0.000000000000000000e+00
-0.000000000000000000e+00
-0.000000000000000000e+00
-0.000000000000000000e+00
-0.000000000000000000e+00
-0.000000000000000000e+00
-0.000000000000000000e+00
3.034659852000001656e+00
1.982709678939999520e+01
4.198547550909999870e+01
5.820424909219999421e+01
6.434608624779997399e+01
7.799809780970001327e+01
8.803197192929995651e+01
9.384857017710000093e+01
9.489763083710003855e+01
9.081122369669999728e+01
8.006532423009998922e+01
6.329665416829999458e+01
4.136299911160001841e+01
1.953402300010000303e+01
3.996868845199999853e+00
-0.000000000000000000e+00
-0.000000000000000000e+00
-0.000000000000000000e+00
-0.000000000000000000e+00
-0.000000000000000000e+00
-0.000000000000000000e+00
-0.000000000000000000e+00
-0.000000000000000000e+00
-0.000000000000000000e+00
1.307547095300000350e+00
1.122172031169999329e+01
2.850781759239999502e+01
4.706044738430000507e+01
6.398217482599998363e+01
7.763524734039997099e+01
8.765026828269999726e+01
9.345468642149999994e+01
9.491758958620005160e+01
9.093076183189999995e+01
8.009806922399997120e+01
6.280890708119999033e+01
4.141037028300001310e+01
1.903186530019999623e+01
3.536348437600000061e+00
-0.000000000000000000e+00
-0.000000000000000000e+00
-0.000000000000000000e+00
-0.000000000000000000e+00
-0.000000000000000000e+00
-0.000000000000000000e+00
-0.000000000000000000e+00
-0.000000000000000000e+00
-0.000000000000000000e+00
1.743351197399999997e+00
1.902972432729999497e+01
4.669335192559999825e+01
7.245419265419999988e+01
9.700332193719998486e+01
1.172483358818000170e+02
1.100806540267000031e+02
1.354607345208000311e+02
1.464067153377000068e+02
1.189379996229999676e+02
8.015968138169996848e+01
6.286401408749998865e+01
4.144949029560001463e+01
1.905106274329999749e+01
3.540516249299999973e+00
-0.000000000000000000e+00
-0.000000000000000000e+00
-0.000000000000000000e+00
-0.000000000000000000e+00
-0.000000000000000000e+00
-0.000000000000000000e+00
-0.000000000000000000e+00
-0.000000000000000000e+00
-0.000000000000000000e+00
2.175240411700000376e+00
1.864842765989999762e+01
4.814971903150001253e+01
7.238146958500000494e+01
7.772499053709998407e+01
9.934118340390000412e+01
1.206488632005000170e+02
1.541817693570000074e+02
1.677575443350000626e+02
1.727567062599999872e+02
2.341694560597000532e+02
2.251797035826000410e+02
9.002010418710000295e+01
3.900673004530001009e+01
1.148245316070000044e+01
-0.000000000000000000e+00
-0.000000000000000000e+00
-0.000000000000000000e+00
-0.000000000000000000e+00
-0.000000000000000000e+00
-0.000000000000000000e+00
-0.000000000000000000e+00
-0.000000000000000000e+00
-0.000000000000000000e+00
3.434201454800000608e+00
2.422032730090000641e+01
4.995251663330000014e+01
6.598006031639997104e+01
6.357105250390002027e+01
1.085374127873000134e+02
1.485379500742999710e+02
1.456514230330000146e+02
2.289186036914999249e+02
3.584231591368999830e+02
4.879606770051000808e+02
5.869646725927003672e+02
5.559740522926999802e+02
2.963856859409001459e+02
1.551408143029999920e+01
-0.000000000000000000e+00
-0.000000000000000000e+00
-0.000000000000000000e+00
-0.000000000000000000e+00
-0.000000000000000000e+00
-0.000000000000000000e+00
-0.000000000000000000e+00
-0.000000000000000000e+00
-0.000000000000000000e+00
3.831677283199999451e+00
3.001725983590001334e+01
5.186300390520000292e+01
7.680131034930002443e+01
8.726628428269999915e+01
1.282544359110000300e+02
1.237846406572999456e+02
9.268751601900002868e+01
1.437519384462999881e+02
1.954374091817999783e+02
3.210765987316999599e+02
4.774860744368000383e+02
5.277125903342001720e+02
2.894897206944998516e+02
1.494397236180000199e+01
-0.000000000000000000e+00
-0.000000000000000000e+00
-0.000000000000000000e+00
-0.000000000000000000e+00
-0.000000000000000000e+00
-0.000000000000000000e+00
-0.000000000000000000e+00
-0.000000000000000000e+00
-0.000000000000000000e+00
8.704686646000001637e-01
9.945685902799997535e+00
3.382277708250000359e+01
6.449544818270000235e+01
7.374275610929998948e+01
1.277811331197999323e+02
1.191694904380000111e+02
1.502327532957000074e+02
2.024176530899999591e+02
1.951423855992999563e+02
2.329670006018999402e+02
1.115187125964000643e+02
5.413194332030000311e+01
1.759168567229999880e+01
3.095015322999999707e+00
-0.000000000000000000e+00
-0.000000000000000000e+00
-0.000000000000000000e+00
-0.000000000000000000e+00
-0.000000000000000000e+00
-0.000000000000000000e+00
-0.000000000000000000e+00
-0.000000000000000000e+00
-0.000000000000000000e+00
8.703416125000003056e-01
9.939917542400001693e+00
2.689611144370001483e+01
4.551197688369998673e+01
6.280139944610000668e+01
8.505204515140005128e+01
1.165966454068000075e+02
1.354445555290000129e+02
2.261249479707000205e+02
2.583639704472000176e+02
1.616457857336999950e+02
1.078934683635999647e+02
5.361325965460000731e+01
1.762779815580000431e+01
7.626659049999999773e+00
-0.000000000000000000e+00
-0.000000000000000000e+00
-0.000000000000000000e+00
-0.000000000000000000e+00
-0.000000000000000000e+00
-0.000000000000000000e+00
-0.000000000000000000e+00
-0.000000000000000000e+00
-0.000000000000000000e+00
-0.000000000000000000e+00
-0.000000000000000000e+00
-0.000000000000000000e+00
3.006920789200000055e+00
1.764766337609999525e+01
3.341055700400000461e+01
3.989598051540001222e+01
3.582991787380000659e+01
1.047296206035000381e+02
1.924140483014000438e+02
2.370260293431000491e+02
1.248338729220000154e+01
-0.000000000000000000e+00
-0.000000000000000000e+00
-0.000000000000000000e+00
-0.000000000000000000e+00
-0.000000000000000000e+00
-0.000000000000000000e+00
-0.000000000000000000e+00
-0.000000000000000000e+00
-0.000000000000000000e+00
-0.000000000000000000e+00
-0.000000000000000000e+00
-0.000000000000000000e+00
-0.000000000000000000e+00
-0.000000000000000000e+00
-0.000000000000000000e+00
1.117574485399999418e+01
3.409878052259999492e+01
5.740982697440004756e+01
7.478099402530003204e+01
9.496343956619998039e+01
1.492407800408000185e+02
1.696116854233999334e+02
7.301249632159999692e+01
1.466278610078000497e+02
9.700965600400000000e+00
-0.000000000000000000e+00
-0.000000000000000000e+00
-0.000000000000000000e+00
-0.000000000000000000e+00
-0.000000000000000000e+00
-0.000000000000000000e+00
-0.000000000000000000e+00
-0.000000000000000000e+00
-0.000000000000000000e+00
-0.000000000000000000e+00
-0.000000000000000000e+00
-0.000000000000000000e+00
-0.000000000000000000e+00
8.193144919100001644e+00
3.920822786630000678e+01
4.574559864710000312e+01
4.875797081439999658e+01
5.631168374330002280e+01
4.709341263389998034e+01
2.210030683752999607e+02
4.298035573704000853e+02
5.264932401012002856e+02
4.477934988310000222e+02
1.688061238625001295e+02
2.451271097299999813e+00
-0.000000000000000000e+00
-0.000000000000000000e+00
-0.000000000000000000e+00
-0.000000000000000000e+00
-0.000000000000000000e+00
-0.000000000000000000e+00
-0.000000000000000000e+00
-0.000000000000000000e+00
-0.000000000000000000e+00
-0.000000000000000000e+00
-0.000000000000000000e+00
8.553142724700000699e+00
3.880698517040001150e+01
4.488223795409999894e+01
4.968706454540000550e+01
5.192033359559997763e+01
5.215153318150002093e+01
5.918188060759999303e+01
2.834972467615001506e+02
4.978178848752000363e+02
6.372843572312997367e+02
6.925079684754000482e+02
4.958440783098999418e+02
1.020150858443000317e+02
-0.000000000000000000e+00
-0.000000000000000000e+00
-0.000000000000000000e+00
-0.000000000000000000e+00
-0.000000000000000000e+00
-0.000000000000000000e+00
-0.000000000000000000e+00
-0.000000000000000000e+00
-0.000000000000000000e+00
-0.000000000000000000e+00
4.617989615699999106e+00
2.705137072970000034e+01
4.877120834130002436e+01
5.237794063770000008e+01
5.259214167649998473e+01
4.708144980730001805e+01
6.378197203229999701e+01
1.224011004266999976e+02
2.635011618222999914e+02
3.292827775114999440e+02
2.400380113475000030e+02
1.335508080354000526e+02
8.879262589560002539e+01
2.997027773650001237e+01
4.282516385600000142e+00
-0.000000000000000000e+00
-0.000000000000000000e+00
-0.000000000000000000e+00
-0.000000000000000000e+00
-0.000000000000000000e+00
-0.000000000000000000e+00
-0.000000000000000000e+00
-0.000000000000000000e+00
-0.000000000000000000e+00
4.786630460000000475e+00
1.789094232879999780e+01
4.481288415730000452e+01
7.562539332170001671e+01
1.061238146634000117e+02
1.280893239889999506e+02
1.475026331288999586e+02
1.394553160172999640e+02
1.750962906814999940e+02
1.790242585505000363e+02
2.439185344775000601e+02
3.001535370902998920e+02
3.101389638472999195e+02
2.099426231144999804e+02
2.065006875109998319e+01
8.961568885999998679e-01
-0.000000000000000000e+00
-0.000000000000000000e+00
-0.000000000000000000e+00
-0.000000000000000000e+00
-0.000000000000000000e+00
-0.000000000000000000e+00
-0.000000000000000000e+00
-0.000000000000000000e+00
9.179839579100001146e+00
3.490316224089999508e+01
4.888183108330000692e+01
4.947428106190000818e+01
5.127204422490000724e+01
5.016625664529998119e+01
5.378111809470000537e+01
6.256264531549999930e+01
2.476240272674000380e+02
4.391068634610001027e+02
6.005074759775001212e+02
6.667125039766999635e+02
6.097176133629998276e+02
3.759788768192998987e+02
8.595821236570004942e+01
1.377368028999999883e+00
-0.000000000000000000e+00
-0.000000000000000000e+00
-0.000000000000000000e+00
-0.000000000000000000e+00
-0.000000000000000000e+00
-0.000000000000000000e+00
-0.000000000000000000e+00
-0.000000000000000000e+00
2.130995027800000940e+00
2.539547537559999313e+01
4.757517350540002354e+01
5.660406352700000099e+01
7.281030421460000923e+01
8.761603986660001908e+01
1.075511566764000406e+02
1.391400082652999686e+02
2.240818805655000574e+02
2.598207770231999802e+02
1.596421876684999859e+02
1.199092214201999980e+02
6.705214470430000517e+01
2.422050257179999733e+01
3.159961844800000641e+00
-0.000000000000000000e+00
-0.000000000000000000e+00
-0.000000000000000000e+00
-0.000000000000000000e+00
-0.000000000000000000e+00
-0.000000000000000000e+00
-0.000000000000000000e+00
-0.000000000000000000e+00
-0.000000000000000000e+00
-0.000000000000000000e+00
8.514467209599999364e+00
3.854891890439999713e+01
4.380079000690002289e+01
4.762016744990000205e+01
4.890680382780000457e+01
4.899159246970001647e+01
6.052163566779999115e+01
2.902431968527000095e+02
4.919765591848999975e+02
6.204328100051001229e+02
6.251530063775999224e+02
4.429389741871002002e+02
1.800726682290000014e+01
-0.000000000000000000e+00
-0.000000000000000000e+00
-0.000000000000000000e+00
-0.000000000000000000e+00
-0.000000000000000000e+00
-0.000000000000000000e+00
-0.000000000000000000e+00
-0.000000000000000000e+00
-0.000000000000000000e+00
-0.000000000000000000e+00
-0.000000000000000000e+00
-0.000000000000000000e+00
6.481144120999998925e+00
2.316952169510000203e+01
3.916024600740001915e+01
5.259288287959999764e+01
6.186136766060000980e+01
6.565478056870001922e+01
6.382673875129999885e+01
5.534244510199999212e+01
4.050959417499999660e+01
2.087445067640000573e+01
3.588729738700001004e+00
-0.000000000000000000e+00
-0.000000000000000000e+00
-0.000000000000000000e+00
-0.000000000000000000e+00
-0.000000000000000000e+00
-0.000000000000000000e+00
-0.000000000000000000e+00
-0.000000000000000000e+00
-0.000000000000000000e+00
-0.000000000000000000e+00
-0.000000000000000000e+00
-0.000000000000000000e+00
-0.000000000000000000e+00
8.696669701999998336e-01
9.938932932900002015e+00
2.470185966709999903e+01
4.168638368470000444e+01
5.694428494499999260e+01
6.847463446640000484e+01
7.387388963929998908e+01
6.798339120049999451e+01
4.469390122059999015e+01
9.722398214500000080e+00
-0.000000000000000000e+00
-0.000000000000000000e+00
-0.000000000000000000e+00
-0.000000000000000000e+00
-0.000000000000000000e+00
-0.000000000000000000e+00
-0.000000000000000000e+00
-0.000000000000000000e+00
-0.000000000000000000e+00
-0.000000000000000000e+00
-0.000000000000000000e+00
-0.000000000000000000e+00
-0.000000000000000000e+00
-0.000000000000000000e+00
-0.000000000000000000e+00
2.190267764899999747e+00
1.302566984390000471e+01
2.465635797719999189e+01
3.274503168959999755e+01
3.604820065639999171e+01
3.375494559819999552e+01
2.559442501819999194e+01
1.303200290800000083e+01
2.265609253100000053e+00
-0.000000000000000000e+00
-0.000000000000000000e+00
-0.000000000000000000e+00
-0.000000000000000000e+00
-0.000000000000000000e+00
-0.000000000000000000e+00
-0.000000000000000000e+00
-0.000000000000000000e+00
-0.000000000000000000e+00
-0.000000000000000000e+00
-0.000000000000000000e+00
-0.000000000000000000e+00
8.690315635999997790e-01
1.104441098460000426e+01
3.594317816150000766e+01
6.187357337589999418e+01
8.532612062809999998e+01
1.055046366725000127e+02
1.215612251928999541e+02
1.338110029489999988e+02
2.131089162073000125e+02
4.038417211040999746e+02
5.850430876147000845e+02
6.404755346003000795e+02
5.281302053284996418e+02
2.356277671812000278e+02
6.729482395799998962e+00
-0.000000000000000000e+00
-0.000000000000000000e+00
-0.000000000000000000e+00
-0.000000000000000000e+00
-0.000000000000000000e+00
-0.000000000000000000e+00
-0.000000000000000000e+00
-0.000000000000000000e+00
-0.000000000000000000e+00
1.299373123299999877e+00
2.287061846380001384e+01
4.437497709950000058e+01
5.074828340010000005e+01
4.743269071290000483e+01
4.826936957110001458e+01
5.564388437700000622e+01
9.033544189520003442e+01
2.449465927354999621e+02
2.975782628088000479e+02
2.297345900116000053e+02
2.686295097815000190e+02
2.317036162412999545e+02
1.185572065835000473e+02
4.946004722099998752e+00
-0.000000000000000000e+00
-0.000000000000000000e+00
-0.000000000000000000e+00
-0.000000000000000000e+00
-0.000000000000000000e+00
-0.000000000000000000e+00
-0.000000000000000000e+00
-0.000000000000000000e+00
-0.000000000000000000e+00
1.299253342499999908e+00
2.338220199540000266e+01
4.434278859529999295e+01
5.053504817779997893e+01
5.719423086140000834e+01
7.305512348009995094e+01
1.045661988629000092e+02
1.249671192583999897e+02
2.511644883868000591e+02
4.028345154941999908e+02
5.433611705729998675e+02
4.960930148323999447e+02
3.106862999325999795e+02
3.808376584330000725e+01
3.850445190900000370e+00
-0.000000000000000000e+00
-0.000000000000000000e+00
-0.000000000000000000e+00
-0.000000000000000000e+00
-0.000000000000000000e+00
-0.000000000000000000e+00
-0.000000000000000000e+00
-0.000000000000000000e+00
-0.000000000000000000e+00
1.299136579899999644e+00
2.208207293010000427e+01
4.407357762419998437e+01
5.241873074770000329e+01
4.469485513370000263e+01
5.881140179620001618e+01
6.227120036069999998e+01
8.664681223660002729e+01
2.527231961125000339e+02
4.402742550546000757e+02
5.825882423246000599e+02
6.338988851977002241e+02
5.164622504725000454e+02
2.155423402255999861e+02
5.121147384300002159e+00
-0.000000000000000000e+00
-0.000000000000000000e+00
-0.000000000000000000e+00
-0.000000000000000000e+00
-0.000000000000000000e+00
-0.000000000000000000e+00
-0.000000000000000000e+00
-0.000000000000000000e+00
-0.000000000000000000e+00
8.688044767999999474e-01
2.145008180369999806e+01
4.380466640740001338e+01
5.246110715289998438e+01
4.468956192130000460e+01
5.862035513749999183e+01
6.205428622429997176e+01
8.606192010320002339e+01
2.523599244396000358e+02
4.414651059524000516e+02
5.852626710483001489e+02
6.342336689244000354e+02
5.123814783500998828e+02
2.077537580612000170e+02
4.584159732699999878e+00
-0.000000000000000000e+00
-0.000000000000000000e+00
-0.000000000000000000e+00
-0.000000000000000000e+00
-0.000000000000000000e+00
-0.000000000000000000e+00
-0.000000000000000000e+00
-0.000000000000000000e+00
-0.000000000000000000e+00
8.686836244999998069e-01
2.195330137720000963e+01
4.329920364359999496e+01
4.650117696010002533e+01
4.631492551710000072e+01
4.353756877650002366e+01
4.132444884709999400e+01
7.068522610290000330e+01
2.401054276925999886e+02
4.404516538420999723e+02
5.933349767620001103e+02
6.653989215800000920e+02
5.434495406846000378e+02
2.239765192335000279e+02
4.691674755399998453e+00
-0.000000000000000000e+00
-0.000000000000000000e+00
-0.000000000000000000e+00
-0.000000000000000000e+00
-0.000000000000000000e+00
-0.000000000000000000e+00
-0.000000000000000000e+00
-0.000000000000000000e+00
-0.000000000000000000e+00
8.686306388999998074e-01
2.111794856639999551e+01
4.390398144620001375e+01
7.165231364300002781e+01
8.265233270610001171e+01
1.053638286614000350e+02
1.095624098438999994e+02
1.295958783045000189e+02
2.458577279273999636e+02
4.043964217079000036e+02
5.442438377752002907e+02
6.024450773554999614e+02
4.963602833492997206e+02
1.957928346908999799e+02
4.142782353100001203e+00
-0.000000000000000000e+00
-0.000000000000000000e+00
-0.000000000000000000e+00
-0.000000000000000000e+00
-0.000000000000000000e+00
-0.000000000000000000e+00
-0.000000000000000000e+00
-0.000000000000000000e+00
-0.000000000000000000e+00
4.332474761999999813e-01
2.091385392290001732e+01
4.250019978320000291e+01
4.973116840159998731e+01
4.840061872790003150e+01
5.225148245909996803e+01
5.063293653339997746e+01
8.873795595070002662e+01
2.490205174344000341e+02
4.440297812624999665e+02
5.857490011047999587e+02
6.525021546356000499e+02
5.317934522006000861e+02
2.013854777654999282e+02
3.589658332700001342e+00
-0.000000000000000000e+00
-0.000000000000000000e+00
-0.000000000000000000e+00
-0.000000000000000000e+00
-0.000000000000000000e+00
-0.000000000000000000e+00
-0.000000000000000000e+00
-0.000000000000000000e+00
-0.000000000000000000e+00
4.331717789999999790e-01
2.050198706449999619e+01
4.222450405780003280e+01
4.976866436120000969e+01
4.887815738369999963e+01
5.337047087440001292e+01
4.930249669290000725e+01
7.203821841090000078e+01
2.531136707274000059e+02
4.299112981394000599e+02
5.105982789481000168e+02
4.601072360718999334e+02
2.796771367249001514e+02
2.990059556519999973e+01
1.883235988199999600e+00
-0.000000000000000000e+00
-0.000000000000000000e+00
-0.000000000000000000e+00
-0.000000000000000000e+00
-0.000000000000000000e+00
-0.000000000000000000e+00
-0.000000000000000000e+00
-0.000000000000000000e+00
-0.000000000000000000e+00
4.331741308000000013e-01
1.986112653079999646e+01
4.194219563260003270e+01
5.002980008340000495e+01
4.911184055110000202e+01
5.318930297659999695e+01
5.452664126370000020e+01
7.015248149600002137e+01
2.484571507612000687e+02
4.120859086193000280e+02
4.757167534472999364e+02
3.609713905739000097e+02
8.328950503209998146e+01
9.582272859599996195e+00
4.360646393000000010e-01
-0.000000000000000000e+00
-0.000000000000000000e+00
-0.000000000000000000e+00
-0.000000000000000000e+00
-0.000000000000000000e+00
-0.000000000000000000e+00
-0.000000000000000000e+00
-0.000000000000000000e+00
-0.000000000000000000e+00
4.331471749999999399e-01
1.903168174099999987e+01
4.269622262550002034e+01
6.417909895459999348e+01
8.602791876690000095e+01
9.639675842670004613e+01
1.007717440134000242e+02
8.658672199439997996e+01
8.711597904459998176e+01
8.234955194569997161e+01
6.990681333350001125e+01
9.149927675770001656e+01
7.928923329239995610e+01
2.674118795869999587e+01
1.376816123899999855e+00
-0.000000000000000000e+00
-0.000000000000000000e+00
-0.000000000000000000e+00
-0.000000000000000000e+00
-0.000000000000000000e+00
-0.000000000000000000e+00
-0.000000000000000000e+00
-0.000000000000000000e+00
-0.000000000000000000e+00
-0.000000000000000000e+00
4.343712679599998516e+00
2.032829821300000717e+01
3.880412283959999797e+01
5.625250759720000815e+01
7.064234069190003140e+01
8.069037757529999055e+01
8.581355767669998613e+01
8.681084126550000235e+01
8.196922202789998835e+01
6.949355439010000168e+01
5.103147625239999741e+01
2.899182878889999415e+01
8.638210657800000192e+00
4.360592998000001330e-01
-0.000000000000000000e+00
-0.000000000000000000e+00
-0.000000000000000000e+00
-0.000000000000000000e+00
-0.000000000000000000e+00
-0.000000000000000000e+00
-0.000000000000000000e+00
-0.000000000000000000e+00
-0.000000000000000000e+00
-0.000000000000000000e+00
4.340820545999999780e+00
1.991626191539999979e+01
3.878733653709998919e+01
5.621596910640000999e+01
8.469263549509996380e+01
1.166383950241999656e+02
1.457022611403000099e+02
1.540185668650000252e+02
1.585807347728999730e+02
1.462641042129999676e+02
1.135876896858000151e+02
5.993902448260001847e+01
1.637639470459999558e+01
8.921886392000002441e-01
-0.000000000000000000e+00
-0.000000000000000000e+00
-0.000000000000000000e+00
-0.000000000000000000e+00
-0.000000000000000000e+00
-0.000000000000000000e+00
-0.000000000000000000e+00
-0.000000000000000000e+00
-0.000000000000000000e+00
-0.000000000000000000e+00
3.909847605900000023e+00
2.480100871810001095e+01
5.509062599129999427e+01
6.933486737479996975e+01
1.073821677072000114e+02
1.246062937094000347e+02
1.390015466014999674e+02
1.533945460267999295e+02
1.579418252163000602e+02
1.454109177766000585e+02
2.403087950099999546e+02
2.228296022343000402e+02
3.116214637759999562e+01
1.376603172699999877e+00
-0.000000000000000000e+00
-0.000000000000000000e+00
-0.000000000000000000e+00
-0.000000000000000000e+00
-0.000000000000000000e+00
-0.000000000000000000e+00
-0.000000000000000000e+00
-0.000000000000000000e+00
-0.000000000000000000e+00
-0.000000000000000000e+00
3.908251172699998666e+00
2.440822984719999766e+01
5.472585676089997975e+01
6.897663888460002113e+01
9.500466572010000732e+01
9.934173555530003341e+01
8.547007893529999478e+01
1.106228867493999672e+02
1.326712695301999929e+02
2.203116160393999508e+02
9.907221397840001487e+01
4.673604427939999084e+01
1.082408933290000164e+01
4.359361869000001888e-01
-0.000000000000000000e+00
-0.000000000000000000e+00
-0.000000000000000000e+00
-0.000000000000000000e+00
-0.000000000000000000e+00
-0.000000000000000000e+00
-0.000000000000000000e+00
-0.000000000000000000e+00
-0.000000000000000000e+00
-0.000000000000000000e+00
6.840635655999999898e+00
2.859639240990000175e+01
4.679729062520000582e+01
5.508081848980000217e+01
8.513562360730000478e+01
1.141839143329000734e+02
1.417069787703999566e+02
1.547936834579999470e+02
2.056150784274000216e+02
2.187627883717000259e+02
1.096276756162999959e+02
5.654402608150001441e+01
1.371882486699999681e+01
4.358675464000001387e-01
-0.000000000000000000e+00
-0.000000000000000000e+00
-0.000000000000000000e+00
-0.000000000000000000e+00
-0.000000000000000000e+00
-0.000000000000000000e+00
-0.000000000000000000e+00
-0.000000000000000000e+00
-0.000000000000000000e+00
-0.000000000000000000e+00
1.284715892620000233e+01
4.219713286329999136e+01
5.009107986820000491e+01
5.492096301770000366e+01
5.692622891189999024e+01
6.107309285160000201e+01
7.331761641049999412e+01
2.748845839982000143e+02
4.724365019303001532e+02
5.848186914770999465e+02
6.000765057155997511e+02
4.514469698652000602e+02
1.287243031218999931e+02
8.920790466000000363e-01
-0.000000000000000000e+00
-0.000000000000000000e+00
-0.000000000000000000e+00
-0.000000000000000000e+00
-0.000000000000000000e+00
-0.000000000000000000e+00
-0.000000000000000000e+00
-0.000000000000000000e+00
-0.000000000000000000e+00
-0.000000000000000000e+00
1.209522004150000107e+01
4.188306724849999796e+01
5.184667808919999743e+01
5.708553043159998452e+01
8.489945339610000019e+01
1.124313084097999962e+02
1.249156628056000358e+02
1.376009488427999941e+02
1.383194873321000387e+02
1.249411283756000444e+02
9.691190910039993867e+01
5.126622692429999262e+01
1.216143004749999967e+01
4.357918403000000662e-01
-0.000000000000000000e+00
-0.000000000000000000e+00
-0.000000000000000000e+00
-0.000000000000000000e+00
-0.000000000000000000e+00
-0.000000000000000000e+00
-0.000000000000000000e+00
-0.000000000000000000e+00
-0.000000000000000000e+00
-0.000000000000000000e+00
5.583167068799999910e+00
3.995822834669999679e+01
6.221548726060001400e+01
6.059549671830001216e+01
6.530142558390001284e+01
7.408900768580002705e+01
9.050730900899996811e+01
2.730300229040000772e+02
4.648019974615999104e+02
5.813386509974000091e+02
6.087164435389995560e+02
4.484340631770000414e+02
1.129909713956999298e+02
4.357342680999999884e-01
-0.000000000000000000e+00
-0.000000000000000000e+00
-0.000000000000000000e+00
-0.000000000000000000e+00
-0.000000000000000000e+00
-0.000000000000000000e+00
-0.000000000000000000e+00
-0.000000000000000000e+00
-0.000000000000000000e+00
-0.000000000000000000e+00
-0.000000000000000000e+00
-0.000000000000000000e+00
4.205858317200000585e+00
3.334264541560000339e+01
4.614640308130002211e+01
6.555191841630001193e+01
6.334586201450002108e+01
6.634805407359998242e+01
5.666042425130000737e+01
3.258797512520000339e+01
7.635544018700000990e+00
-0.000000000000000000e+00
-0.000000000000000000e+00
-0.000000000000000000e+00
-0.000000000000000000e+00
-0.000000000000000000e+00
-0.000000000000000000e+00
-0.000000000000000000e+00
-0.000000000000000000e+00
-0.000000000000000000e+00
-0.000000000000000000e+00
-0.000000000000000000e+00
-0.000000000000000000e+00
-0.000000000000000000e+00
-0.000000000000000000e+00
-0.000000000000000000e+00
1.649607929809999618e+01
3.452258779709999459e+01
3.280607395010000715e+01
3.649943265840000350e+01
4.406018314300000327e+01
1.849946867749000035e+02
3.603752714909999213e+02
4.323721658111001034e+02
3.757196702556999526e+02
1.278405859410000112e+01
-0.000000000000000000e+00
-0.000000000000000000e+00
-0.000000000000000000e+00
-0.000000000000000000e+00
-0.000000000000000000e+00
-0.000000000000000000e+00
-0.000000000000000000e+00
-0.000000000000000000e+00
-0.000000000000000000e+00
-0.000000000000000000e+00
-0.000000000000000000e+00
-0.000000000000000000e+00
-0.000000000000000000e+00
8.611750377499999942e+00
4.008694862419999083e+01
5.211452594620000411e+01
5.460022731970000365e+01
5.683970990519998878e+01
4.884730291270002311e+01
2.222307436530999780e+02
4.289687635646000672e+02
5.231440393224000900e+02
4.752910250502998224e+02
1.692897927169999264e+02
2.451002906599999864e+00
-0.000000000000000000e+00
-0.000000000000000000e+00
-0.000000000000000000e+00
-0.000000000000000000e+00
-0.000000000000000000e+00
-0.000000000000000000e+00
-0.000000000000000000e+00
-0.000000000000000000e+00
-0.000000000000000000e+00
-0.000000000000000000e+00
-0.000000000000000000e+00
9.695742568799998296e+00
4.102746784780000411e+01
4.675028643739997847e+01
5.180660114119999804e+01
5.248130223550001006e+01
4.171268533239999954e+01
5.175228175030000699e+01
2.846567522149999832e+02
5.043979388639998547e+02
6.325095022921999544e+02
6.613863447233997022e+02
4.574204517181003098e+02
9.208905152570001462e+01
4.354816105000001158e-01
-0.000000000000000000e+00
-0.000000000000000000e+00
-0.000000000000000000e+00
-0.000000000000000000e+00
-0.000000000000000000e+00
-0.000000000000000000e+00
-0.000000000000000000e+00
-0.000000000000000000e+00
-0.000000000000000000e+00
4.243694388699999820e+00
2.190408749449999704e+01
4.474121745349997781e+01
6.103310741179999610e+01
6.652143904970002097e+01
9.781261982039998770e+01
1.280858192971999756e+02
1.575377102230000332e+02
2.007079222930999549e+02
2.749859772193000254e+02
3.234677965894000522e+02
4.238974646893998397e+02
4.243314608087999886e+02
2.274853330016999280e+02
6.565004682600000585e+00
-0.000000000000000000e+00
-0.000000000000000000e+00
-0.000000000000000000e+00
-0.000000000000000000e+00
-0.000000000000000000e+00
-0.000000000000000000e+00
-0.000000000000000000e+00
-0.000000000000000000e+00
-0.000000000000000000e+00
6.888270640999999195e+00
3.054014270229999894e+01
5.786565442769998668e+01
8.309743087150002339e+01
8.068473184100000140e+01
1.282813189515999852e+02
1.477361393227000121e+02
1.625765122183000813e+02
1.749900701343000549e+02
2.206788995985000668e+02
1.708294631319000416e+02
2.966904984486999979e+02
3.092584782721000920e+02
1.948706584034001708e+02
1.580241330489999996e+01
4.395674504999999566e-01
-0.000000000000000000e+00
-0.000000000000000000e+00
-0.000000000000000000e+00
-0.000000000000000000e+00
-0.000000000000000000e+00
-0.000000000000000000e+00
-0.000000000000000000e+00
-0.000000000000000000e+00
8.785810599999999582e+00
3.486319303670000380e+01
4.888490556430001277e+01
4.924422860839999316e+01
5.095961676509998739e+01
4.985416113729997534e+01
5.411816922219999526e+01
6.293365141660001427e+01
2.478354040566000265e+02
4.387750208325000472e+02
5.981907002473000148e+02
6.635135574887000303e+02
6.053358260586001052e+02
3.719015258391000884e+02
7.454259101119998832e+01
8.959733578999998782e-01
-0.000000000000000000e+00
-0.000000000000000000e+00
-0.000000000000000000e+00
-0.000000000000000000e+00
-0.000000000000000000e+00
-0.000000000000000000e+00
-0.000000000000000000e+00
-0.000000000000000000e+00
1.720395665100000304e+00
2.501518441440000373e+01
4.708865876590002131e+01
5.617911504170000825e+01
7.293248016430001712e+01
7.383773334300002489e+01
8.378750260219995027e+01
8.247698890659998483e+01
2.577488230106999367e+02
4.172484577070999308e+02
4.824145251373001315e+02
4.111216086844999040e+02
2.390337075802999607e+02
3.072234490230000148e+01
3.667061315799999388e+00
-0.000000000000000000e+00
-0.000000000000000000e+00
-0.000000000000000000e+00
-0.000000000000000000e+00
-0.000000000000000000e+00
-0.000000000000000000e+00
-0.000000000000000000e+00
-0.000000000000000000e+00
-0.000000000000000000e+00
-0.000000000000000000e+00
2.167109335600000630e+00
1.847628739539999643e+01
4.295311830409998777e+01
6.889214437830001714e+01
9.320736620059999211e+01
1.159393818415999533e+02
1.367873503008999876e+02
1.254408928215999737e+02
9.992723007690001680e+01
6.133119131060001195e+01
5.794489446879998695e+01
3.510654271610000166e+01
5.633420456899998818e+00
-0.000000000000000000e+00
-0.000000000000000000e+00
-0.000000000000000000e+00
-0.000000000000000000e+00
-0.000000000000000000e+00
-0.000000000000000000e+00
-0.000000000000000000e+00
-0.000000000000000000e+00
-0.000000000000000000e+00
-0.000000000000000000e+00
-0.000000000000000000e+00
-0.000000000000000000e+00
6.055096273799999373e+00
2.238014820370000635e+01
3.876115142500000843e+01
5.219469817429998670e+01
6.107104747639998266e+01
6.526852468799999940e+01
6.295801233440000289e+01
5.493177606290002046e+01
4.007445074269999452e+01
2.041243180639999011e+01
3.126374108400000740e+00
-0.000000000000000000e+00
-0.000000000000000000e+00
-0.000000000000000000e+00
-0.000000000000000000e+00
-0.000000000000000000e+00
-0.000000000000000000e+00
-0.000000000000000000e+00
-0.000000000000000000e+00
-0.000000000000000000e+00
-0.000000000000000000e+00
-0.000000000000000000e+00
-0.000000000000000000e+00
-0.000000000000000000e+00
8.696632396000000265e-01
9.515771976399999943e+00
2.388805514620000281e+01
3.625652257189999972e+01
4.412552787059999559e+01
4.739314968109997750e+01
4.423072403130002073e+01
3.561548067159999675e+01
2.078675592969999641e+01
4.999645899999997312e+00
-0.000000000000000000e+00
-0.000000000000000000e+00
-0.000000000000000000e+00
-0.000000000000000000e+00
-0.000000000000000000e+00
-0.000000000000000000e+00
-0.000000000000000000e+00
-0.000000000000000000e+00
-0.000000000000000000e+00
-0.000000000000000000e+00
-0.000000000000000000e+00
-0.000000000000000000e+00
-0.000000000000000000e+00
-0.000000000000000000e+00
-0.000000000000000000e+00
2.189775736299999664e+00
1.301738037720000385e+01
2.423642715420000471e+01
3.273567749130000237e+01
3.604727166020000340e+01
4.400513584779999832e+01
4.246448699649998559e+01
2.619368175480000716e+01
3.786111951800000153e+00
-0.000000000000000000e+00
-0.000000000000000000e+00
-0.000000000000000000e+00
-0.000000000000000000e+00
-0.000000000000000000e+00
-0.000000000000000000e+00
-0.000000000000000000e+00
-0.000000000000000000e+00
-0.000000000000000000e+00
-0.000000000000000000e+00
-0.000000000000000000e+00
-0.000000000000000000e+00
-0.000000000000000000e+00
3.423771953300000614e+00
2.546395645369999627e+01
5.313714131789998874e+01
7.774824818349999589e+01
8.797211989560004497e+01
8.990499012150003466e+01
7.903425103529995965e+01
7.876121333440001138e+01
7.229942034100000114e+01
5.915995233599999636e+01
6.950227821110000548e+01
4.407353715189999832e+01
5.925591135300000367e+00
-0.000000000000000000e+00
-0.000000000000000000e+00
-0.000000000000000000e+00
-0.000000000000000000e+00
-0.000000000000000000e+00
-0.000000000000000000e+00
-0.000000000000000000e+00
-0.000000000000000000e+00
-0.000000000000000000e+00
-0.000000000000000000e+00
-0.000000000000000000e+00
4.217830159800000089e+00
3.104171677710001376e+01
5.677768829439999365e+01
8.657001926280001669e+01
1.052073443108999840e+02
1.222718749646000020e+02
1.320181747051000514e+02
2.238713474660999054e+02
3.788772658795000439e+02
5.430765001990998826e+02
4.770990092159999563e+02
2.256576967117001118e+02
7.336646118899994740e+00
-0.000000000000000000e+00
-0.000000000000000000e+00
-0.000000000000000000e+00
-0.000000000000000000e+00
-0.000000000000000000e+00
-0.000000000000000000e+00
-0.000000000000000000e+00
-0.000000000000000000e+00
-0.000000000000000000e+00
-0.000000000000000000e+00
-0.000000000000000000e+00
2.998170694299999273e+00
2.434902671869999935e+01
5.269068801080001663e+01
7.731361782129999938e+01
8.125013526649999562e+01
9.956482902519998390e+01
1.251739243327000111e+02
1.645370424607000359e+02
1.961412760192000349e+02
1.292538031039999851e+02
8.636693211570000983e+01
3.409635182869999426e+01
3.794816293699999843e+00
-0.000000000000000000e+00
-0.000000000000000000e+00
-0.000000000000000000e+00
-0.000000000000000000e+00
-0.000000000000000000e+00
-0.000000000000000000e+00
-0.000000000000000000e+00
-0.000000000000000000e+00
-0.000000000000000000e+00
-0.000000000000000000e+00
-0.000000000000000000e+00
4.942575825700001424e+00
3.322358390939999850e+01
4.842248991319997486e+01
5.050200993210000888e+01
7.027284984650000865e+01
1.046405688447000273e+02
1.411597009689000117e+02
1.953705746512000303e+02
1.658772792948000188e+02
1.225132458909000377e+02
1.049173523032999924e+02
4.872282241450001550e+01
4.433266108900000724e+00
-0.000000000000000000e+00
-0.000000000000000000e+00
-0.000000000000000000e+00
-0.000000000000000000e+00
-0.000000000000000000e+00
-0.000000000000000000e+00
-0.000000000000000000e+00
-0.000000000000000000e+00
-0.000000000000000000e+00
-0.000000000000000000e+00
-0.000000000000000000e+00
5.287938884699997288e+00
3.401879354369999930e+01
4.344398677489999017e+01
4.333373461720000108e+01
4.559532280290000017e+01
5.198567318979998930e+01
8.392863310490000117e+01
2.759361209448999261e+02
4.551729305763999491e+02
5.600251554244000545e+02
5.104996677232000479e+02
2.747753943596001136e+02
6.572175798600002672e+00
-0.000000000000000000e+00
-0.000000000000000000e+00
-0.000000000000000000e+00
-0.000000000000000000e+00
-0.000000000000000000e+00
-0.000000000000000000e+00
-0.000000000000000000e+00
-0.000000000000000000e+00
-0.000000000000000000e+00
-0.000000000000000000e+00
-0.000000000000000000e+00
5.261940788899998722e+00
3.176835241229999340e+01
4.320764828560000836e+01
4.336847434460000983e+01
4.610850811840001739e+01
5.900779894779998358e+01
9.867045562390001123e+01
2.640030042177999121e+02
3.759316348502001119e+02
3.727688265441998396e+02
4.465902754713999911e+02
2.744315737715001546e+02
6.848965593200000868e+00
-0.000000000000000000e+00
-0.000000000000000000e+00
-0.000000000000000000e+00
-0.000000000000000000e+00
-0.000000000000000000e+00
-0.000000000000000000e+00
-0.000000000000000000e+00
-0.000000000000000000e+00
-0.000000000000000000e+00
-0.000000000000000000e+00
-0.000000000000000000e+00
2.557887668700001615e+00
2.210805133229999697e+01
4.985777417620001728e+01
7.418769850159999635e+01
8.499868769270000257e+01
8.669751978440002915e+01
7.593539182060001735e+01
7.557305119079997269e+01
6.847928337790001763e+01
5.508019746290000995e+01
3.506627150800001402e+01
1.354264783590000221e+01
1.346214177499999831e+00
-0.000000000000000000e+00
-0.000000000000000000e+00
-0.000000000000000000e+00
-0.000000000000000000e+00
-0.000000000000000000e+00
-0.000000000000000000e+00
-0.000000000000000000e+00
-0.000000000000000000e+00
-0.000000000000000000e+00
-0.000000000000000000e+00
-0.000000000000000000e+00
4.843833164699999472e+00
3.077731421039999660e+01
4.323606059879999464e+01
4.185938924369999370e+01
4.822767317030001522e+01
4.933410198260000357e+01
7.331561389940003437e+01
2.768386266481000462e+02
4.795682592714000521e+02
6.186959337987001391e+02
5.815390842972001337e+02
3.055088970821999510e+02
5.825296852399999281e+00
-0.000000000000000000e+00
-0.000000000000000000e+00
-0.000000000000000000e+00
-0.000000000000000000e+00
-0.000000000000000000e+00
-0.000000000000000000e+00
-0.000000000000000000e+00
-0.000000000000000000e+00
-0.000000000000000000e+00
-0.000000000000000000e+00
-0.000000000000000000e+00
4.448256418099999721e+00
3.040137461020000487e+01
4.249390759490000846e+01
4.318525873739999810e+01
4.428062424310000722e+01
4.711039062159999702e+01
7.194370223140001031e+01
2.761156126217999827e+02
4.811737581731999285e+02
6.182466521067997292e+02
5.788486269835999565e+02
2.962837464476000946e+02
5.268146295100001097e+00
-0.000000000000000000e+00
-0.000000000000000000e+00
-0.000000000000000000e+00
-0.000000000000000000e+00
-0.000000000000000000e+00
-0.000000000000000000e+00
-0.000000000000000000e+00
-0.000000000000000000e+00
-0.000000000000000000e+00
-0.000000000000000000e+00
-0.000000000000000000e+00
4.053962138499999313e+00
2.977261392150000674e+01
4.175518227039999886e+01
4.294740947620001492e+01
4.440932567360000860e+01
4.727839098989998945e+01
7.198622012910003320e+01
2.750491956589998495e+02
4.770789641068998890e+02
5.977283017785001675e+02
5.206890313292999508e+02
2.566544160888000192e+02
4.502743561600000000e+00
-0.000000000000000000e+00
-0.000000000000000000e+00
-0.000000000000000000e+00
-0.000000000000000000e+00
-0.000000000000000000e+00
-0.000000000000000000e+00
-0.000000000000000000e+00
-0.000000000000000000e+00
-0.000000000000000000e+00
-0.000000000000000000e+00
-0.000000000000000000e+00
8.649930607999998244e-01
1.155107306620000074e+01
2.921080842880000361e+01
4.615483863770000994e+01
6.758369707390004066e+01
8.628077645369997128e+01
1.023335501363000049e+02
1.158427555097000123e+02
1.227499027126999920e+02
1.131659156730999740e+02
7.183871166729996105e+01
2.373426599050001329e+01
1.374922341099999779e+00
-0.000000000000000000e+00
-0.000000000000000000e+00
-0.000000000000000000e+00
-0.000000000000000000e+00
-0.000000000000000000e+00
-0.000000000000000000e+00
-0.000000000000000000e+00
-0.000000000000000000e+00
-0.000000000000000000e+00
-0.000000000000000000e+00
-0.000000000000000000e+00
1.712395440100000554e+00
1.978813010420000751e+01
4.746071705330000157e+01
7.168279107810000994e+01
8.146433107939999729e+01
1.084770692890999868e+02
1.409439880188000416e+02
2.030591328188999967e+02
2.623980536729999926e+02
2.544252386232998902e+02
2.212418290070999092e+02
3.702592068660000990e+01
1.896559899600000154e+00
-0.000000000000000000e+00
-0.000000000000000000e+00
-0.000000000000000000e+00
-0.000000000000000000e+00
-0.000000000000000000e+00
-0.000000000000000000e+00
-0.000000000000000000e+00
-0.000000000000000000e+00
-0.000000000000000000e+00
-0.000000000000000000e+00
-0.000000000000000000e+00
3.278093990899998644e+00
2.783402733019999431e+01
5.485719299510000724e+01
7.028170335689999604e+01
8.964357401320000918e+01
8.178932409409999593e+01
8.324516778459998534e+01
2.864650494773999299e+02
4.261071173136998596e+02
4.612839305388000071e+02
4.346271195529000693e+02
1.774745949101999543e+02
2.462222319499999035e+00
-0.000000000000000000e+00
-0.000000000000000000e+00
-0.000000000000000000e+00
-0.000000000000000000e+00
-0.000000000000000000e+00
-0.000000000000000000e+00
-0.000000000000000000e+00
-0.000000000000000000e+00
-0.000000000000000000e+00
-0.000000000000000000e+00
-0.000000000000000000e+00
2.898998762900000248e+00
2.742621512800000261e+01
4.430161572060002584e+01
5.097010995880002326e+01
5.335049067619999619e+01
5.980538382620000704e+01
7.723419118660001459e+01
2.875801298230000498e+02
4.261283340057000260e+02
4.569108502667002085e+02
2.893015600995998398e+02
3.101217381729999545e+01
8.901957815999997914e-01
-0.000000000000000000e+00
-0.000000000000000000e+00
-0.000000000000000000e+00
-0.000000000000000000e+00
-0.000000000000000000e+00
-0.000000000000000000e+00
-0.000000000000000000e+00
-0.000000000000000000e+00
-0.000000000000000000e+00
-0.000000000000000000e+00
-0.000000000000000000e+00
2.514288780499999820e+00
2.746414972769999352e+01
5.163339297139999218e+01
6.931783890710002538e+01
7.771393374409998955e+01
9.591924595959999067e+01
1.199480284198000390e+02
1.581431294669000067e+02
1.846586215818998937e+02
1.123721463366999984e+02
1.033345794926999872e+02
3.732554184009998721e+01
1.374656450599999635e+00
-0.000000000000000000e+00
-0.000000000000000000e+00
-0.000000000000000000e+00
-0.000000000000000000e+00
-0.000000000000000000e+00
-0.000000000000000000e+00
-0.000000000000000000e+00
-0.000000000000000000e+00
-0.000000000000000000e+00
-0.000000000000000000e+00
-0.000000000000000000e+00
2.514952051599999461e+00
2.639397922260001295e+01
3.824147771129999995e+01
4.334971874210000919e+01
4.362993739440001661e+01
4.422037936970001937e+01
6.618653913560001456e+01
2.965780124796998507e+02
4.868539533623001603e+02
6.067880767845999799e+02
5.034468556918999980e+02
1.873343272227999989e+02
8.901152578999999010e-01
-0.000000000000000000e+00
-0.000000000000000000e+00
-0.000000000000000000e+00
-0.000000000000000000e+00
-0.000000000000000000e+00
-0.000000000000000000e+00
-0.000000000000000000e+00
-0.000000000000000000e+00
-0.000000000000000000e+00
-0.000000000000000000e+00
-0.000000000000000000e+00
1.712753715200000304e+00
2.522349302749999467e+01
4.965413436269999892e+01
7.018506598350002434e+01
7.726722663630002330e+01
9.532363159599998426e+01
1.194205969758000236e+02
1.574838501855999766e+02
1.305368294790000334e+02
1.105534386187000138e+02
7.334724988699997539e+01
1.976338622419999780e+01
4.347321392000000340e-01
-0.000000000000000000e+00
-0.000000000000000000e+00
-0.000000000000000000e+00
-0.000000000000000000e+00
-0.000000000000000000e+00
-0.000000000000000000e+00
-0.000000000000000000e+00
-0.000000000000000000e+00
-0.000000000000000000e+00
-0.000000000000000000e+00
-0.000000000000000000e+00
2.119591283800000170e+00
2.603602374329999591e+01
4.017244263550001193e+01
4.954313461159998155e+01
5.125368445809999685e+01
5.742363012580000259e+01
7.600980062250002334e+01
2.935825878421999846e+02
4.560257172249001201e+02
5.315849993223999945e+02
4.658737503853998874e+02
1.418006241493001198e+02
8.900459468999999402e-01
-0.000000000000000000e+00
-0.000000000000000000e+00
-0.000000000000000000e+00
-0.000000000000000000e+00
-0.000000000000000000e+00
-0.000000000000000000e+00
-0.000000000000000000e+00
-0.000000000000000000e+00
-0.000000000000000000e+00
-0.000000000000000000e+00
-0.000000000000000000e+00
-0.000000000000000000e+00
-0.000000000000000000e+00
4.982861266200000472e+00
3.422609005760000400e+01
4.042053109219997964e+01
3.755770584260000078e+01
4.353320771370000131e+01
1.883653315506999206e+02
3.066873275321000278e+02
2.853644857453999180e+02
6.285221948129999703e+01
-0.000000000000000000e+00
-0.000000000000000000e+00
-0.000000000000000000e+00
-0.000000000000000000e+00
-0.000000000000000000e+00
-0.000000000000000000e+00
-0.000000000000000000e+00
-0.000000000000000000e+00
-0.000000000000000000e+00
-0.000000000000000000e+00
-0.000000000000000000e+00
-0.000000000000000000e+00
-0.000000000000000000e+00
-0.000000000000000000e+00
4.325487953000000108e-01
1.722594667939999979e+01
3.485134058560000625e+01
3.347808068860000219e+01
3.988769808240001424e+01
5.534002320760000515e+01
1.922407452998999702e+02
2.833977615530999401e+02
2.873408263100999989e+02
2.835931296063999980e+02
1.242720056000000106e+01
-0.000000000000000000e+00
-0.000000000000000000e+00
-0.000000000000000000e+00
-0.000000000000000000e+00
-0.000000000000000000e+00
-0.000000000000000000e+00
-0.000000000000000000e+00
-0.000000000000000000e+00
-0.000000000000000000e+00
-0.000000000000000000e+00
-0.000000000000000000e+00
-0.000000000000000000e+00
-0.000000000000000000e+00
9.030261569799996835e+00
4.093489150850000158e+01
5.258502457109999995e+01
5.482155044860003557e+01
5.683309588440000226e+01
4.825862911839999470e+01
2.219254865957000220e+02
4.358234286512999915e+02
5.351093061059002594e+02
4.623639777697001705e+02
1.639583464609999339e+02
3.062943842200000599e+00
-0.000000000000000000e+00
-0.000000000000000000e+00
-0.000000000000000000e+00
-0.000000000000000000e+00
-0.000000000000000000e+00
-0.000000000000000000e+00
-0.000000000000000000e+00
-0.000000000000000000e+00
-0.000000000000000000e+00
-0.000000000000000000e+00
-0.000000000000000000e+00
4.726930351400001840e+00
3.091109816109998576e+01
5.967847544990002007e+01
6.991815503569998214e+01
9.782501392759998282e+01
9.926792424750000521e+01
8.559112218589997667e+01
1.110568131659999835e+02
1.328311522218000107e+02
1.447090639562999854e+02
2.966421325311999340e+02
2.550832209403999116e+02
7.835719557589995077e+01
4.355533185999999612e-01
-0.000000000000000000e+00
-0.000000000000000000e+00
-0.000000000000000000e+00
-0.000000000000000000e+00
-0.000000000000000000e+00
-0.000000000000000000e+00
-0.000000000000000000e+00
-0.000000000000000000e+00
-0.000000000000000000e+00
5.432678292399999442e+00
3.254921079590000943e+01
4.449102464050000094e+01
4.982513983329999263e+01
5.019885259469998573e+01
5.570715417130001867e+01
5.934519593159998863e+01
8.796970269059997349e+01
2.781380346441000597e+02
5.003420824759998595e+02
6.272654564930002152e+02
6.947667633723001472e+02
5.557987490309999430e+02
2.983670955583999103e+02
8.426801682100000690e+00
-0.000000000000000000e+00
-0.000000000000000000e+00
-0.000000000000000000e+00
-0.000000000000000000e+00
-0.000000000000000000e+00
-0.000000000000000000e+00
-0.000000000000000000e+00
-0.000000000000000000e+00
-0.000000000000000000e+00
6.889206729799999707e+00
3.054555664499999779e+01
6.095211743690001072e+01
7.533138570989997618e+01
9.469385714570002222e+01
1.129935787934999638e+02
1.360039671255999849e+02
1.445479980349000186e+02
2.530683353883000564e+02
4.186322840354000618e+02
5.619898368839001250e+02
5.093264214690000813e+02
3.170775958819999119e+02
4.834915515140001929e+01
1.271927342839999753e+01
4.395674504999999566e-01
-0.000000000000000000e+00
-0.000000000000000000e+00
-0.000000000000000000e+00
-0.000000000000000000e+00
-0.000000000000000000e+00
-0.000000000000000000e+00
-0.000000000000000000e+00
-0.000000000000000000e+00
6.820541379799998971e+00
2.444880150089999660e+01
5.483002660600000411e+01
7.175089580789997967e+01
6.202392794279999322e+01
6.606337913549999996e+01
5.599944985750001791e+01
4.124706568969997988e+01
2.350404692815999965e+02
4.299796173039000564e+02
5.953263699452000992e+02
6.677521926295000867e+02
6.052490421041999298e+02
3.641134435595998298e+02
8.185292470849998381e+01
1.377363974699999938e+00
-0.000000000000000000e+00
-0.000000000000000000e+00
-0.000000000000000000e+00
-0.000000000000000000e+00
-0.000000000000000000e+00
-0.000000000000000000e+00
-0.000000000000000000e+00
-0.000000000000000000e+00
8.693487865999995901e-01
1.382233351460000392e+01
4.076602653769999307e+01
6.754294259339999940e+01
9.207148811219998663e+01
1.011025340529999710e+02
1.053932341544999787e+02
9.038748073949999196e+01
9.133729913670001110e+01
8.662637039790001836e+01
7.542139595319999046e+01
7.893412265839998554e+01
6.256268785860001458e+01
2.954658045480000794e+01
4.734799605700001024e+00
-0.000000000000000000e+00
-0.000000000000000000e+00
-0.000000000000000000e+00
-0.000000000000000000e+00
-0.000000000000000000e+00
-0.000000000000000000e+00
-0.000000000000000000e+00
-0.000000000000000000e+00
-0.000000000000000000e+00
-0.000000000000000000e+00
7.715418581300001577e+00
3.765612701770001536e+01
4.477783844010001957e+01
5.310491407420002474e+01
6.056915736799998484e+01
6.104934747990000687e+01
7.644210914639999999e+01
2.903474674033999463e+02
4.686042018340000936e+02
5.484481853027002671e+02
4.624617791078001119e+02
2.107983588345999522e+02
7.399167210200000788e+00
-0.000000000000000000e+00
-0.000000000000000000e+00
-0.000000000000000000e+00
-0.000000000000000000e+00
-0.000000000000000000e+00
-0.000000000000000000e+00
-0.000000000000000000e+00
-0.000000000000000000e+00
-0.000000000000000000e+00
-0.000000000000000000e+00
-0.000000000000000000e+00
-0.000000000000000000e+00
9.305730865499997506e+00
2.790565643569999921e+01
3.835958558469998536e+01
5.143355102710000182e+01
6.067869828709999069e+01
6.444756134740001130e+01
7.197044166779998875e+01
7.219063115980002010e+01
5.990224984810002695e+01
3.389759029389999512e+01
5.150249819199999024e+00
-0.000000000000000000e+00
-0.000000000000000000e+00
-0.000000000000000000e+00
-0.000000000000000000e+00
-0.000000000000000000e+00
-0.000000000000000000e+00
-0.000000000000000000e+00
-0.000000000000000000e+00
-0.000000000000000000e+00
-0.000000000000000000e+00
-0.000000000000000000e+00
-0.000000000000000000e+00
-0.000000000000000000e+00
8.697630003999998749e-01
9.092569409599999375e+00
2.347754219320000857e+01
3.545762519809999702e+01
4.370335599000000570e+01
4.651669147599999121e+01
5.753878310839999699e+01
5.816171550750001273e+01
4.230335323189999741e+01
9.260759704900001665e+00
-0.000000000000000000e+00
-0.000000000000000000e+00
-0.000000000000000000e+00
-0.000000000000000000e+00
-0.000000000000000000e+00
-0.000000000000000000e+00
-0.000000000000000000e+00
-0.000000000000000000e+00
-0.000000000000000000e+00
-0.000000000000000000e+00
-0.000000000000000000e+00
-0.000000000000000000e+00
-0.000000000000000000e+00
-0.000000000000000000e+00
-0.000000000000000000e+00
3.477191940999999620e+00
2.204889370900000145e+01
3.635552323529998375e+01
4.140428266050000161e+01
3.561577645499999534e+01
4.400296430580000617e+01
4.247902414479999322e+01
2.619416786900000460e+01
3.788377854400000189e+00
-0.000000000000000000e+00
-0.000000000000000000e+00
-0.000000000000000000e+00
-0.000000000000000000e+00
-0.000000000000000000e+00
-0.000000000000000000e+00
-0.000000000000000000e+00
-0.000000000000000000e+00
-0.000000000000000000e+00
-0.000000000000000000e+00
-0.000000000000000000e+00
-0.000000000000000000e+00
-0.000000000000000000e+00
-0.000000000000000000e+00
5.193474107200000134e+00
2.074111948029999652e+01
3.678389041910000401e+01
7.145598840160000975e+01
9.594869721779996041e+01
1.290685421158999588e+02
2.142090998616000661e+02
3.249335818373999700e+02
4.062484932434999223e+02
3.306451518467000028e+02
1.222942111190000247e+01
-0.000000000000000000e+00
-0.000000000000000000e+00
-0.000000000000000000e+00
-0.000000000000000000e+00
-0.000000000000000000e+00
-0.000000000000000000e+00
-0.000000000000000000e+00
-0.000000000000000000e+00
-0.000000000000000000e+00
-0.000000000000000000e+00
-0.000000000000000000e+00
-0.000000000000000000e+00
-0.000000000000000000e+00
7.652182861799996516e+00
3.249607722989998848e+01
5.696473397590000332e+01
7.772534679619998599e+01
9.264491822769997498e+01
1.116973505344000017e+02
9.628412508640002443e+01
6.849092057659997579e+01
3.622279083149999224e+01
1.698129190010000045e+01
2.238965509799999420e+00
-0.000000000000000000e+00
-0.000000000000000000e+00
-0.000000000000000000e+00
-0.000000000000000000e+00
-0.000000000000000000e+00
-0.000000000000000000e+00
-0.000000000000000000e+00
-0.000000000000000000e+00
-0.000000000000000000e+00
-0.000000000000000000e+00
-0.000000000000000000e+00
-0.000000000000000000e+00
-0.000000000000000000e+00
5.602690242799999609e+00
2.975660842439999598e+01
5.776552118399999358e+01
7.378934134229999131e+01
8.489453349410000271e+01
8.655881364140002177e+01
7.759385884649999809e+01
5.879274954489999772e+01
3.522455899010000024e+01
1.650381284170000029e+01
2.251989793399999940e+00
-0.000000000000000000e+00
-0.000000000000000000e+00
-0.000000000000000000e+00
-0.000000000000000000e+00
-0.000000000000000000e+00
-0.000000000000000000e+00
-0.000000000000000000e+00
-0.000000000000000000e+00
-0.000000000000000000e+00
-0.000000000000000000e+00
-0.000000000000000000e+00
-0.000000000000000000e+00
-0.000000000000000000e+00
4.335514310099999769e+00
1.951013437890000191e+01
3.559070491360000688e+01
4.867232630719997388e+01
5.751967315609997655e+01
6.121012813839999467e+01
5.873066441509998015e+01
4.994405841130001278e+01
3.477010557230001098e+01
1.603565845689999847e+01
1.786569344300000139e+00
-0.000000000000000000e+00
-0.000000000000000000e+00
-0.000000000000000000e+00
-0.000000000000000000e+00
-0.000000000000000000e+00
-0.000000000000000000e+00
-0.000000000000000000e+00
-0.000000000000000000e+00
-0.000000000000000000e+00
-0.000000000000000000e+00
-0.000000000000000000e+00
-0.000000000000000000e+00
-0.000000000000000000e+00
1.024913534000000404e+01
3.914860301669999387e+01
5.125396559620000403e+01
5.937192443009999465e+01
8.353904838700002244e+01
1.273210330044999949e+02
2.255161569652999560e+02
2.273500781786999596e+02
7.863641120279997665e+01
3.837593145609999823e+01
4.464703232800000698e+00
-0.000000000000000000e+00
-0.000000000000000000e+00
-0.000000000000000000e+00
-0.000000000000000000e+00
-0.000000000000000000e+00
-0.000000000000000000e+00
-0.000000000000000000e+00
-0.000000000000000000e+00
-0.000000000000000000e+00
-0.000000000000000000e+00
-0.000000000000000000e+00
-0.000000000000000000e+00
-0.000000000000000000e+00
1.356214794220000464e+01
3.953712475940001525e+01
4.198576093270000342e+01
4.136782161829999893e+01
4.799529629670001896e+01
9.717344781079999905e+01
2.858678017419000525e+02
4.660230665695000880e+02
4.925229149083000380e+02
2.733800369671999988e+02
5.202094217999998271e+00
-0.000000000000000000e+00
-0.000000000000000000e+00
-0.000000000000000000e+00
-0.000000000000000000e+00
-0.000000000000000000e+00
-0.000000000000000000e+00
-0.000000000000000000e+00
-0.000000000000000000e+00
-0.000000000000000000e+00
-0.000000000000000000e+00
-0.000000000000000000e+00
-0.000000000000000000e+00
-0.000000000000000000e+00
3.472567134899999797e+00
1.828181835739999528e+01
3.400232704219999391e+01
6.763440134149999494e+01
9.223646450290000587e+01
1.246017847569000025e+02
1.667097012796999422e+02
1.166725510006000519e+02
7.144813640259998522e+01
5.050366439400000473e+01
5.348321065799998664e+00
-0.000000000000000000e+00
-0.000000000000000000e+00
-0.000000000000000000e+00
-0.000000000000000000e+00
-0.000000000000000000e+00
-0.000000000000000000e+00
-0.000000000000000000e+00
-0.000000000000000000e+00
-0.000000000000000000e+00
-0.000000000000000000e+00
-0.000000000000000000e+00
-0.000000000000000000e+00
-0.000000000000000000e+00
6.359919982099998315e+00
3.473042435200000000e+01
5.764306196010001315e+01
7.594439757210001574e+01
9.482979954079999629e+01
1.225393878345999923e+02
2.320201125995999689e+02
3.244123256871999388e+02
3.582852195295997717e+02
1.574036846468001158e+02
4.124543325500001245e+00
-0.000000000000000000e+00
-0.000000000000000000e+00
-0.000000000000000000e+00
-0.000000000000000000e+00
-0.000000000000000000e+00
-0.000000000000000000e+00
-0.000000000000000000e+00
-0.000000000000000000e+00
-0.000000000000000000e+00
-0.000000000000000000e+00
-0.000000000000000000e+00
-0.000000000000000000e+00
-0.000000000000000000e+00
4.729641431599998391e+00
2.167303608240000656e+01
3.281370718810001108e+01
5.720270535189999350e+01
7.953552193130001058e+01
1.000159640796000247e+02
1.014622740550000088e+02
8.725908485769998890e+01
5.653075315480000995e+01
2.304162782909998342e+01
2.390306471200000171e+00
-0.000000000000000000e+00
-0.000000000000000000e+00
-0.000000000000000000e+00
-0.000000000000000000e+00
-0.000000000000000000e+00
-0.000000000000000000e+00
-0.000000000000000000e+00
-0.000000000000000000e+00
-0.000000000000000000e+00
-0.000000000000000000e+00
-0.000000000000000000e+00
-0.000000000000000000e+00
-0.000000000000000000e+00
3.888692128899999823e+00
2.525388427820000459e+01
5.338055622619999951e+01
7.339880731070000763e+01
9.150702497290002668e+01
1.215818758464999689e+02
2.529486914821999335e+02
4.012336384527001201e+02
4.333907103434000874e+02
2.725757865201998698e+02
5.129575591799998335e+00
-0.000000000000000000e+00
-0.000000000000000000e+00
-0.000000000000000000e+00
-0.000000000000000000e+00
-0.000000000000000000e+00
-0.000000000000000000e+00
-0.000000000000000000e+00
-0.000000000000000000e+00
-0.000000000000000000e+00
-0.000000000000000000e+00
-0.000000000000000000e+00
-0.000000000000000000e+00
-0.000000000000000000e+00
5.116189805300001225e+00
2.829776892920000009e+01
5.239385781749996340e+01
7.113861343449998742e+01
8.610165833379997480e+01
9.682076019869997197e+01
1.041026351113000175e+02
9.707091310919999216e+01
6.579495030709998105e+01
2.476246904810000160e+01
1.889901310800000234e+00
-0.000000000000000000e+00
-0.000000000000000000e+00
-0.000000000000000000e+00
-0.000000000000000000e+00
-0.000000000000000000e+00
-0.000000000000000000e+00
-0.000000000000000000e+00
-0.000000000000000000e+00
-0.000000000000000000e+00
-0.000000000000000000e+00
-0.000000000000000000e+00
-0.000000000000000000e+00
-0.000000000000000000e+00
2.606408297700000265e+00
1.621258853190000337e+01
3.159788823739999941e+01
4.432374311670001532e+01
5.270871394930000520e+01
5.623972071519999361e+01
1.497572156344999712e+02
2.520614338247999910e+02
3.575493284457000414e+02
1.605009266931000411e+02
3.711592979900000255e+00
-0.000000000000000000e+00
-0.000000000000000000e+00
-0.000000000000000000e+00
-0.000000000000000000e+00
-0.000000000000000000e+00
-0.000000000000000000e+00
-0.000000000000000000e+00
-0.000000000000000000e+00
-0.000000000000000000e+00
-0.000000000000000000e+00
-0.000000000000000000e+00
-0.000000000000000000e+00
-0.000000000000000000e+00
2.604843605600000167e+00
1.579767180930000237e+01
3.081343728070000054e+01
5.458308440309998844e+01
7.769313533080000411e+01
9.808807497500001205e+01
9.764326473430000419e+01
8.245358341429998461e+01
5.223426543679998701e+01
1.921686334769999860e+01
1.372710868800000261e+00
-0.000000000000000000e+00
-0.000000000000000000e+00
-0.000000000000000000e+00
-0.000000000000000000e+00
-0.000000000000000000e+00
-0.000000000000000000e+00
-0.000000000000000000e+00
-0.000000000000000000e+00
-0.000000000000000000e+00
-0.000000000000000000e+00
-0.000000000000000000e+00
-0.000000000000000000e+00
-0.000000000000000000e+00
3.028066130600000072e+00
1.657150426240000129e+01
3.040445671469999667e+01
6.965136160420001943e+01
8.922505460090002316e+01
9.616450085579998586e+01
2.630695979248998810e+02
3.687932324547999769e+02
4.126323278546998949e+02
2.382092357493000350e+02
3.050113148899999960e+00
-0.000000000000000000e+00
-0.000000000000000000e+00
-0.000000000000000000e+00
-0.000000000000000000e+00
-0.000000000000000000e+00
-0.000000000000000000e+00
-0.000000000000000000e+00
-0.000000000000000000e+00
-0.000000000000000000e+00
-0.000000000000000000e+00
-0.000000000000000000e+00
-0.000000000000000000e+00
-0.000000000000000000e+00
6.197288058299999847e+00
3.306651434409999268e+01
4.515594949929997881e+01
6.698285820379999222e+01
8.068104626499999199e+01
1.182094266007000130e+02
1.711804493976000288e+02
1.680969683865000661e+02
5.994446014749999563e+01
2.016335243000000332e+01
1.372498147000000168e+00
-0.000000000000000000e+00
-0.000000000000000000e+00
-0.000000000000000000e+00
-0.000000000000000000e+00
-0.000000000000000000e+00
-0.000000000000000000e+00
-0.000000000000000000e+00
-0.000000000000000000e+00
-0.000000000000000000e+00
-0.000000000000000000e+00
-0.000000000000000000e+00
-0.000000000000000000e+00
-0.000000000000000000e+00
7.285645227899999909e+00
3.366403792689998653e+01
3.936899345980003062e+01
5.516933886170001244e+01
8.179212443469999982e+01
1.135238402760999747e+02
1.561107565628000202e+02
1.035126140762000233e+02
5.885140518579998314e+01
1.968335633479999558e+01
8.909054345000002595e-01
-0.000000000000000000e+00
-0.000000000000000000e+00
-0.000000000000000000e+00
-0.000000000000000000e+00
-0.000000000000000000e+00
-0.000000000000000000e+00
-0.000000000000000000e+00
-0.000000000000000000e+00
-0.000000000000000000e+00
-0.000000000000000000e+00
-0.000000000000000000e+00
-0.000000000000000000e+00
-0.000000000000000000e+00
2.593026209100000035e+00
2.102536781410001154e+01
4.762603222880001397e+01
7.524963819109999008e+01
8.777774845560004735e+01
1.142826118371000206e+02
1.655009576404999905e+02
1.864916249908999646e+02
1.817177105321999306e+02
2.191548617599999460e+01
8.908753546000003354e-01
-0.000000000000000000e+00
-0.000000000000000000e+00
-0.000000000000000000e+00
-0.000000000000000000e+00
-0.000000000000000000e+00
-0.000000000000000000e+00
-0.000000000000000000e+00
-0.000000000000000000e+00
-0.000000000000000000e+00
-0.000000000000000000e+00
-0.000000000000000000e+00
-0.000000000000000000e+00
-0.000000000000000000e+00
6.863872190200000389e+00
3.359608606199999770e+01
3.652455752090000374e+01
3.927738240560000094e+01
4.369951470920001668e+01
7.356690444929996886e+01
2.768475036750000413e+02
4.251071276469999134e+02
4.486200323344999106e+02
2.223322545331000413e+02
1.887999786199999974e+00
-0.000000000000000000e+00
-0.000000000000000000e+00
-0.000000000000000000e+00
-0.000000000000000000e+00
-0.000000000000000000e+00
-0.000000000000000000e+00
-0.000000000000000000e+00
-0.000000000000000000e+00
-0.000000000000000000e+00
-0.000000000000000000e+00
-0.000000000000000000e+00
-0.000000000000000000e+00
-0.000000000000000000e+00
6.084205337900002064e+00
3.178928171469999953e+01
4.819509884829999180e+01
6.218519489959999191e+01
8.394566425740003979e+01
1.136760550498999720e+02
2.292232333805999076e+02
3.584481773076998934e+02
3.663533909298000140e+02
1.655414874999000290e+02
8.907846581000001818e-01
-0.000000000000000000e+00
-0.000000000000000000e+00
-0.000000000000000000e+00
-0.000000000000000000e+00
-0.000000000000000000e+00
-0.000000000000000000e+00
-0.000000000000000000e+00
-0.000000000000000000e+00
-0.000000000000000000e+00
-0.000000000000000000e+00
-0.000000000000000000e+00
-0.000000000000000000e+00
-0.000000000000000000e+00
-0.000000000000000000e+00
3.420578413200000334e+00
2.332625268849999856e+01
4.658475363130000346e+01
5.622564156300000349e+01
5.858136173880001962e+01
1.865753133987000467e+02
3.039753702499000383e+02
2.898922386086999836e+02
6.477828514190001385e+01
-0.000000000000000000e+00
-0.000000000000000000e+00
-0.000000000000000000e+00
-0.000000000000000000e+00
-0.000000000000000000e+00
-0.000000000000000000e+00
-0.000000000000000000e+00
-0.000000000000000000e+00
-0.000000000000000000e+00
-0.000000000000000000e+00
-0.000000000000000000e+00
-0.000000000000000000e+00
-0.000000000000000000e+00
-0.000000000000000000e+00
4.325339577999999796e-01
1.767356575399999485e+01
3.517344758440000163e+01
3.512629364970000267e+01
7.563770302749998109e+01
8.895965839539992714e+01
8.400719742459997974e+01
6.272225575379999185e+01
3.512251513670000236e+01
3.061352876009999946e+01
6.480429102000001329e+00
-0.000000000000000000e+00
-0.000000000000000000e+00
-0.000000000000000000e+00
-0.000000000000000000e+00
-0.000000000000000000e+00
-0.000000000000000000e+00
-0.000000000000000000e+00
-0.000000000000000000e+00
-0.000000000000000000e+00
-0.000000000000000000e+00
-0.000000000000000000e+00
-0.000000000000000000e+00
-0.000000000000000000e+00
9.817656788599997242e+00
4.179453199819997877e+01
5.303518774710000372e+01
5.503023648780000343e+01
5.709764757759999299e+01
4.833091389159998386e+01
2.222555072804999270e+02
4.374058715202998542e+02
5.391477924355000368e+02
4.683262644134001107e+02
1.812218751616000532e+02
3.063746039199999771e+00
-0.000000000000000000e+00
-0.000000000000000000e+00
-0.000000000000000000e+00
-0.000000000000000000e+00
-0.000000000000000000e+00
-0.000000000000000000e+00
-0.000000000000000000e+00
-0.000000000000000000e+00
-0.000000000000000000e+00
-0.000000000000000000e+00
-0.000000000000000000e+00
7.165402844699997331e+00
3.925874090109999059e+01
6.069967311899997497e+01
7.414350287310003296e+01
7.603412107879998416e+01
7.852351735820001011e+01
7.886917661380002187e+01
2.816952638321000109e+02
4.704027794796000421e+02
5.641969354948996624e+02
5.636656069270998159e+02
5.017830554211001299e+02
1.508727226162999671e+02
4.355581915000000248e-01
-0.000000000000000000e+00
-0.000000000000000000e+00
-0.000000000000000000e+00
-0.000000000000000000e+00
-0.000000000000000000e+00
-0.000000000000000000e+00
-0.000000000000000000e+00
-0.000000000000000000e+00
-0.000000000000000000e+00
5.837729354799999548e+00
3.455727336550000217e+01
4.328618617769995325e+01
4.699010454429999584e+01
4.785592936039999756e+01
4.921416299819999551e+01
5.112390186420001470e+01
7.756783165729997620e+01
2.780661609799000189e+02
5.109238811026000349e+02
6.415675138187003768e+02
7.107426675386002444e+02
5.655957253338999635e+02
3.050210569072000339e+02
8.318814144600001015e+00
-0.000000000000000000e+00
-0.000000000000000000e+00
-0.000000000000000000e+00
-0.000000000000000000e+00
-0.000000000000000000e+00
-0.000000000000000000e+00
-0.000000000000000000e+00
-0.000000000000000000e+00
-0.000000000000000000e+00
8.513181269100002169e+00
3.806147988550001315e+01
6.089543473170002130e+01
5.586750171539998888e+01
5.620767721350000556e+01
4.719269041379999408e+01
5.602679192119999385e+01
5.177805092949999732e+01
2.793911705717999894e+02
4.838159913556999641e+02
6.020729472555999564e+02
6.638638376080001535e+02
5.980383440001999134e+02
3.920233620265000241e+02
9.409768043069993837e+01
8.961850826999998576e-01
-0.000000000000000000e+00
-0.000000000000000000e+00
-0.000000000000000000e+00
-0.000000000000000000e+00
-0.000000000000000000e+00
-0.000000000000000000e+00
-0.000000000000000000e+00
-0.000000000000000000e+00
7.209637937800001950e+00
3.139590156209998284e+01
5.344437783749997095e+01
5.970693720240001312e+01
5.968993823019999212e+01
4.992112959009999429e+01
4.472555641790002312e+01
4.167960117549997534e+01
2.515370796784000333e+02
4.242481981735001000e+02
5.383761013379998985e+02
5.359315844856998865e+02
4.273625758458000519e+02
2.152370110143999966e+02
2.730969899520000155e+01
8.959423520999998392e-01
-0.000000000000000000e+00
-0.000000000000000000e+00
-0.000000000000000000e+00
-0.000000000000000000e+00
-0.000000000000000000e+00
-0.000000000000000000e+00
-0.000000000000000000e+00
-0.000000000000000000e+00
1.720357969100000384e+00
2.449865346389998777e+01
4.492538196189998700e+01
4.976216175270001685e+01
4.899417029580000360e+01
5.681001101570001310e+01
6.094031342560002429e+01
7.892365185350001866e+01
2.590574530862999154e+02
4.528500786243999983e+02
5.797030657545999475e+02
6.603652546296997343e+02
5.681220824402004155e+02
2.749339832112001432e+02
7.150406727300000931e+00
-0.000000000000000000e+00
-0.000000000000000000e+00
-0.000000000000000000e+00
-0.000000000000000000e+00
-0.000000000000000000e+00
-0.000000000000000000e+00
-0.000000000000000000e+00
-0.000000000000000000e+00
-0.000000000000000000e+00
-0.000000000000000000e+00
3.436596423900000641e+00
2.656769616189998828e+01
5.411523817970000039e+01
7.867460930329994540e+01
8.895058519350001802e+01
9.063662908950007591e+01
7.982552009549999639e+01
1.028028885661999965e+02
1.238047382722000265e+02
1.305416618101999688e+02
7.227250182679999568e+01
2.581925625840000293e+01
2.676122875300000814e+00
-0.000000000000000000e+00
-0.000000000000000000e+00
-0.000000000000000000e+00
-0.000000000000000000e+00
-0.000000000000000000e+00
-0.000000000000000000e+00
-0.000000000000000000e+00
-0.000000000000000000e+00
-0.000000000000000000e+00
-0.000000000000000000e+00
-0.000000000000000000e+00
-0.000000000000000000e+00
1.156956783339999717e+01
4.252525279950001647e+01
6.191589815300000055e+01
7.456169091640001056e+01
8.675199774669998476e+01
1.241182617057000073e+02
2.696825197984999249e+02
3.899957550679998235e+02
4.523015598722000732e+02
3.905726100963000818e+02
4.807714233560002270e+01
-0.000000000000000000e+00
-0.000000000000000000e+00
-0.000000000000000000e+00
-0.000000000000000000e+00
-0.000000000000000000e+00
-0.000000000000000000e+00
-0.000000000000000000e+00
-0.000000000000000000e+00
-0.000000000000000000e+00
-0.000000000000000000e+00
-0.000000000000000000e+00
-0.000000000000000000e+00
-0.000000000000000000e+00
4.338199651000000934e-01
8.667992705800001474e+00
2.266389668130000601e+01
3.504663592700001118e+01
4.287973960739999768e+01
4.608659237900000960e+01
4.334730356709998489e+01
3.416396589350001278e+01
1.978742703669999869e+01
4.536892479999999672e+00
-0.000000000000000000e+00
-0.000000000000000000e+00
-0.000000000000000000e+00
-0.000000000000000000e+00
-0.000000000000000000e+00
-0.000000000000000000e+00
-0.000000000000000000e+00
-0.000000000000000000e+00
-0.000000000000000000e+00
-0.000000000000000000e+00
-0.000000000000000000e+00
-0.000000000000000000e+00
-0.000000000000000000e+00
-0.000000000000000000e+00
-0.000000000000000000e+00
3.893325670299999430e+00
2.165016263660000462e+01
4.536659004800000616e+01
6.413047580799999992e+01
8.690194551759998376e+01
1.584761305469999968e+02
2.615436658125001372e+02
2.249985958847000234e+02
1.038362250349999805e+01
-0.000000000000000000e+00
-0.000000000000000000e+00
-0.000000000000000000e+00
-0.000000000000000000e+00
-0.000000000000000000e+00
-0.000000000000000000e+00
-0.000000000000000000e+00
-0.000000000000000000e+00
-0.000000000000000000e+00
-0.000000000000000000e+00
-0.000000000000000000e+00
-0.000000000000000000e+00
-0.000000000000000000e+00
-0.000000000000000000e+00
4.338696922000001566e-01
8.236309263100002553e+00
2.183541697789999603e+01
4.304385991429999336e+01
6.342103553069998867e+01
8.080739946829999099e+01
8.255791370849999566e+01
7.010867687009999827e+01
3.938274531410000634e+01
6.610546465899997948e+00
-0.000000000000000000e+00
-0.000000000000000000e+00
-0.000000000000000000e+00
-0.000000000000000000e+00
-0.000000000000000000e+00
-0.000000000000000000e+00
-0.000000000000000000e+00
-0.000000000000000000e+00
-0.000000000000000000e+00
-0.000000000000000000e+00
-0.000000000000000000e+00
-0.000000000000000000e+00
-0.000000000000000000e+00
-0.000000000000000000e+00
1.301570574899999944e+00
2.091303267919999698e+01
4.360777422720000374e+01
6.098570993180000244e+01
7.912743981430003259e+01
8.085122335760000567e+01
8.272179533329997980e+01
7.079349996790001853e+01
3.956711397560000876e+01
1.011504791810000015e+01
-0.000000000000000000e+00
-0.000000000000000000e+00
-0.000000000000000000e+00
-0.000000000000000000e+00
-0.000000000000000000e+00
-0.000000000000000000e+00
-0.000000000000000000e+00
-0.000000000000000000e+00
-0.000000000000000000e+00
-0.000000000000000000e+00
-0.000000000000000000e+00
-0.000000000000000000e+00
-0.000000000000000000e+00
-0.000000000000000000e+00
1.301606118899999887e+00
2.018088286479999738e+01
3.414219282529999333e+01
3.471804002439999692e+01
4.199974627199998878e+01
9.466136143339996067e+01
2.599187512744001083e+02
3.875291124508001985e+02
3.803286863381002263e+02
1.184519411375999880e+02
-0.000000000000000000e+00
-0.000000000000000000e+00
-0.000000000000000000e+00
-0.000000000000000000e+00
-0.000000000000000000e+00
-0.000000000000000000e+00
-0.000000000000000000e+00
-0.000000000000000000e+00
-0.000000000000000000e+00
-0.000000000000000000e+00
-0.000000000000000000e+00
-0.000000000000000000e+00
-0.000000000000000000e+00
-0.000000000000000000e+00
4.340544638000001232e-01
1.259655234440000093e+01
3.573449816839999471e+01
4.910248683920000445e+01
5.213625029100001029e+01
4.394435631389999486e+01
4.109706403239999872e+01
3.231925162719999634e+01
1.838264458070000984e+01
5.107751690100002406e+00
-0.000000000000000000e+00
-0.000000000000000000e+00
-0.000000000000000000e+00
-0.000000000000000000e+00
-0.000000000000000000e+00
-0.000000000000000000e+00
-0.000000000000000000e+00
-0.000000000000000000e+00
-0.000000000000000000e+00
-0.000000000000000000e+00
-0.000000000000000000e+00
-0.000000000000000000e+00
-0.000000000000000000e+00
-0.000000000000000000e+00
4.340520020000001034e-01
6.952701854199998976e+00
2.057234878519999555e+01
4.871648030139999719e+01
7.363806244040002014e+01
1.003450545033000054e+02
2.156630654277000190e+02
3.639452942656000118e+02
3.818212515247000738e+02
1.203148533503999715e+02
-0.000000000000000000e+00
-0.000000000000000000e+00
-0.000000000000000000e+00
-0.000000000000000000e+00
-0.000000000000000000e+00
-0.000000000000000000e+00
-0.000000000000000000e+00
-0.000000000000000000e+00
-0.000000000000000000e+00
-0.000000000000000000e+00
-0.000000000000000000e+00
-0.000000000000000000e+00
-0.000000000000000000e+00
-0.000000000000000000e+00
4.340666110000000466e-01
1.514089274639999871e+01
3.426157761370001964e+01
5.318640561179999082e+01
6.633018825599999957e+01
7.492236645299999509e+01
7.877612593980003908e+01
6.589861059499997964e+01
3.604873273229999597e+01
6.212376588400001509e+00
-0.000000000000000000e+00
-0.000000000000000000e+00
-0.000000000000000000e+00
-0.000000000000000000e+00
-0.000000000000000000e+00
-0.000000000000000000e+00
-0.000000000000000000e+00
-0.000000000000000000e+00
-0.000000000000000000e+00
-0.000000000000000000e+00
-0.000000000000000000e+00
-0.000000000000000000e+00
-0.000000000000000000e+00
-0.000000000000000000e+00
-0.000000000000000000e+00
9.402414106799996674e+00
3.352123829760000007e+01
5.004040283069997486e+01
5.950179867149999779e+01
6.080044937879999623e+01
5.252448055869999166e+01
3.612968663900001332e+01
1.743258384340000333e+01
6.802808349500001128e+00
-0.000000000000000000e+00
-0.000000000000000000e+00
-0.000000000000000000e+00
-0.000000000000000000e+00
-0.000000000000000000e+00
-0.000000000000000000e+00
-0.000000000000000000e+00
-0.000000000000000000e+00
-0.000000000000000000e+00
-0.000000000000000000e+00
-0.000000000000000000e+00
-0.000000000000000000e+00
-0.000000000000000000e+00
-0.000000000000000000e+00
-0.000000000000000000e+00
6.093626878399997615e+00
1.934557222069999938e+01
3.133349091810000786e+01
3.952795322349999907e+01
4.265615737190000800e+01
5.256535784010000611e+01
5.217457339910000513e+01
3.493042439479999217e+01
6.271061285999999235e+00
-0.000000000000000000e+00
-0.000000000000000000e+00
-0.000000000000000000e+00
-0.000000000000000000e+00
-0.000000000000000000e+00
-0.000000000000000000e+00
-0.000000000000000000e+00
-0.000000000000000000e+00
-0.000000000000000000e+00
-0.000000000000000000e+00
-0.000000000000000000e+00
-0.000000000000000000e+00
-0.000000000000000000e+00
-0.000000000000000000e+00
-0.000000000000000000e+00
1.015977832780000512e+01
3.273499851239999003e+01
5.236850069270000319e+01
6.738828121110000779e+01
7.609383370959999127e+01
7.833121282490000681e+01
6.750954859779997719e+01
3.506330773579999516e+01
6.300806279499998830e+00
-0.000000000000000000e+00
-0.000000000000000000e+00
-0.000000000000000000e+00
-0.000000000000000000e+00
-0.000000000000000000e+00
-0.000000000000000000e+00
-0.000000000000000000e+00
-0.000000000000000000e+00
-0.000000000000000000e+00
-0.000000000000000000e+00
-0.000000000000000000e+00
-0.000000000000000000e+00
-0.000000000000000000e+00
-0.000000000000000000e+00
4.342095670000000185e-01
1.702709482839999566e+01
3.343770654740000481e+01
3.325809315049998105e+01
3.925053360869999608e+01
8.790671718179997640e+01
2.528329460885998969e+02
3.765562859246998642e+02
3.621374081970001271e+02
6.087083547570002651e+01
-0.000000000000000000e+00
-0.000000000000000000e+00
-0.000000000000000000e+00
-0.000000000000000000e+00
-0.000000000000000000e+00
-0.000000000000000000e+00
-0.000000000000000000e+00
-0.000000000000000000e+00
-0.000000000000000000e+00
-0.000000000000000000e+00
-0.000000000000000000e+00
-0.000000000000000000e+00
-0.000000000000000000e+00
-0.000000000000000000e+00
-0.000000000000000000e+00
1.011838586200000201e+01
3.160805826440001098e+01
5.664478359430000154e+01
7.568092004289998442e+01
1.019383116237000024e+02
1.804000240092000524e+02
2.818292844673998729e+02
2.648923989230999041e+02
1.816833349570000067e+01
-0.000000000000000000e+00
-0.000000000000000000e+00
-0.000000000000000000e+00
-0.000000000000000000e+00
-0.000000000000000000e+00
-0.000000000000000000e+00
-0.000000000000000000e+00
-0.000000000000000000e+00
-0.000000000000000000e+00
-0.000000000000000000e+00
-0.000000000000000000e+00
-0.000000000000000000e+00
-0.000000000000000000e+00
-0.000000000000000000e+00
-0.000000000000000000e+00
1.585520054620000430e+01
3.709535991730000859e+01
3.212218533850000313e+01
3.390097701909998307e+01
8.065752713300001631e+01
2.578500324633999981e+02
3.831003709183000296e+02
3.155175283654000395e+02
4.026160301329998958e+01
-0.000000000000000000e+00
-0.000000000000000000e+00
-0.000000000000000000e+00
-0.000000000000000000e+00
-0.000000000000000000e+00
-0.000000000000000000e+00
-0.000000000000000000e+00
-0.000000000000000000e+00
-0.000000000000000000e+00
-0.000000000000000000e+00
-0.000000000000000000e+00
-0.000000000000000000e+00
-0.000000000000000000e+00
-0.000000000000000000e+00
-0.000000000000000000e+00
1.007289200049999955e+01
3.046849136990000062e+01
4.909117393589998812e+01
6.431179786299999535e+01
7.255177853179999659e+01
1.763291374780000069e+02
3.080648287613996672e+02
3.515608414521000782e+02
3.649526110570000270e+01
-0.000000000000000000e+00
-0.000000000000000000e+00
-0.000000000000000000e+00
-0.000000000000000000e+00
-0.000000000000000000e+00
-0.000000000000000000e+00
-0.000000000000000000e+00
-0.000000000000000000e+00
-0.000000000000000000e+00
-0.000000000000000000e+00
-0.000000000000000000e+00
-0.000000000000000000e+00
-0.000000000000000000e+00
-0.000000000000000000e+00
-0.000000000000000000e+00
4.367605673900001761e+00
1.723706311420000503e+01
2.923794487700000744e+01
3.699083931400000580e+01
4.002884232759999605e+01
3.747377150570002158e+01
2.901158815329999641e+01
1.549540225580000374e+01
2.716038749300000887e+00
-0.000000000000000000e+00
-0.000000000000000000e+00
-0.000000000000000000e+00
-0.000000000000000000e+00
-0.000000000000000000e+00
-0.000000000000000000e+00
-0.000000000000000000e+00
-0.000000000000000000e+00
-0.000000000000000000e+00
-0.000000000000000000e+00
-0.000000000000000000e+00
-0.000000000000000000e+00
-0.000000000000000000e+00
-0.000000000000000000e+00
-0.000000000000000000e+00
3.935303963899999591e+00
1.681287587660000327e+01
2.882616676670000189e+01
3.656825191400000108e+01
4.003860780049998880e+01
3.749403354600001848e+01
2.850573971429999176e+01
1.550680584300000753e+01
2.720492482900000564e+00
-0.000000000000000000e+00
-0.000000000000000000e+00
-0.000000000000000000e+00
-0.000000000000000000e+00
-0.000000000000000000e+00
-0.000000000000000000e+00
-0.000000000000000000e+00
-0.000000000000000000e+00
-0.000000000000000000e+00
-0.000000000000000000e+00
-0.000000000000000000e+00
-0.000000000000000000e+00
-0.000000000000000000e+00
-0.000000000000000000e+00
-0.000000000000000000e+00
6.046824690399997593e+00
2.857838934470000680e+01
5.308360297479998735e+01
7.232775167499997337e+01
9.569740069930004722e+01
1.186295067657000004e+02
6.926621129909999297e+01
3.098488559469999970e+01
4.244401328199998602e+00
-0.000000000000000000e+00
-0.000000000000000000e+00
-0.000000000000000000e+00
-0.000000000000000000e+00
-0.000000000000000000e+00
-0.000000000000000000e+00
-0.000000000000000000e+00
-0.000000000000000000e+00
-0.000000000000000000e+00
-0.000000000000000000e+00
-0.000000000000000000e+00
-0.000000000000000000e+00
-0.000000000000000000e+00
-0.000000000000000000e+00
-0.000000000000000000e+00
4.360136749200001383e+00
1.839684543579999954e+01
3.040546648990000378e+01
3.780594003290002547e+01
3.915857121589998968e+01
3.655728563159999567e+01
2.804273655210000271e+01
1.501895454010000641e+01
2.728671485400001373e+00
-0.000000000000000000e+00
-0.000000000000000000e+00
-0.000000000000000000e+00
-0.000000000000000000e+00
-0.000000000000000000e+00
-0.000000000000000000e+00
-0.000000000000000000e+00
-0.000000000000000000e+00
-0.000000000000000000e+00
-0.000000000000000000e+00
-0.000000000000000000e+00
-0.000000000000000000e+00
-0.000000000000000000e+00
-0.000000000000000000e+00
-0.000000000000000000e+00
3.499052297399999123e+00
1.555980856449999550e+01
2.716989376659999067e+01
3.530709903479999667e+01
3.827429129380000461e+01
4.737333286200000515e+01
4.632388196300000516e+01
2.978516149839999017e+01
5.375862638800002813e+00
-0.000000000000000000e+00
-0.000000000000000000e+00
-0.000000000000000000e+00
-0.000000000000000000e+00
-0.000000000000000000e+00
-0.000000000000000000e+00
-0.000000000000000000e+00
-0.000000000000000000e+00
-0.000000000000000000e+00
-0.000000000000000000e+00
-0.000000000000000000e+00
-0.000000000000000000e+00
-0.000000000000000000e+00
-0.000000000000000000e+00
-0.000000000000000000e+00
1.311142470399999871e+00
1.044818185229999585e+01
2.289664100400000635e+01
3.215799335039999818e+01
3.667369659599998499e+01
4.705602018280001886e+01
4.809468663900000962e+01
3.475942013560000277e+01
7.545587786700001409e+00
-0.000000000000000000e+00
-0.000000000000000000e+00
-0.000000000000000000e+00
-0.000000000000000000e+00
-0.000000000000000000e+00
-0.000000000000000000e+00
-0.000000000000000000e+00
-0.000000000000000000e+00
-0.000000000000000000e+00
-0.000000000000000000e+00
-0.000000000000000000e+00
-0.000000000000000000e+00
-0.000000000000000000e+00
-0.000000000000000000e+00
4.325674354999999860e-01
1.890714325699999776e+01
4.480021896759999578e+01
6.136369591730000650e+01
7.679565107789998990e+01
9.681398031339999477e+01
1.821989505273999725e+02
3.259464723065000271e+02
4.848115169757998615e+02
4.222332560703001718e+02
4.955786294470000541e+01
-0.000000000000000000e+00
-0.000000000000000000e+00
-0.000000000000000000e+00
-0.000000000000000000e+00
-0.000000000000000000e+00
-0.000000000000000000e+00
-0.000000000000000000e+00
-0.000000000000000000e+00
-0.000000000000000000e+00
-0.000000000000000000e+00
-0.000000000000000000e+00
-0.000000000000000000e+00
-0.000000000000000000e+00
1.060141440510000344e+01
4.210385377360002224e+01
4.740548919410001361e+01
5.050881451340000439e+01
5.214720598649998351e+01
5.354128264080000577e+01
2.263162388691000046e+02
4.143012728199999515e+02
4.632733378675000608e+02
4.600146404785000414e+02
1.946840895844000272e+02
3.732134877399999606e+00
-0.000000000000000000e+00
-0.000000000000000000e+00
-0.000000000000000000e+00
-0.000000000000000000e+00
-0.000000000000000000e+00
-0.000000000000000000e+00
-0.000000000000000000e+00
-0.000000000000000000e+00
-0.000000000000000000e+00
-0.000000000000000000e+00
-0.000000000000000000e+00
1.166202984859999603e+01
4.144286116460000358e+01
4.571248566729997975e+01
4.370749344569998840e+01
4.130759043309999612e+01
4.941180523300000971e+01
6.080982521839999322e+01
2.811554353003999722e+02
4.935581451987000605e+02
6.170538861641998665e+02
6.858994950207998045e+02
5.479110593430000336e+02
1.738503492876000962e+02
4.355823001000000971e-01
-0.000000000000000000e+00
-0.000000000000000000e+00
-0.000000000000000000e+00
-0.000000000000000000e+00
-0.000000000000000000e+00
-0.000000000000000000e+00
-0.000000000000000000e+00
-0.000000000000000000e+00
-0.000000000000000000e+00
6.241437627699998991e+00
3.513043649789999279e+01
4.352270704279998625e+01
4.746120997300001676e+01
4.881333304149998753e+01
4.884173345879998607e+01
5.560993283659996678e+01
7.316277518670003133e+01
2.760955441437000104e+02
4.996134723430999429e+02
6.272435773816001756e+02
6.928355567097001995e+02
5.567106162573998063e+02
3.052742261500000609e+02
8.882011777300000688e+00
-0.000000000000000000e+00
-0.000000000000000000e+00
-0.000000000000000000e+00
-0.000000000000000000e+00
-0.000000000000000000e+00
-0.000000000000000000e+00
-0.000000000000000000e+00
-0.000000000000000000e+00
4.371358568000000555e-01
1.712903909160000282e+01
4.064578784229999542e+01
4.853080665269997951e+01
5.177255528480002056e+01
7.222943519989999572e+01
9.909279672560002439e+01
1.328281297467999877e+02
1.528620088376999604e+02
2.320255588648999776e+02
2.936964383170999895e+02
3.406490450142999293e+02
2.949203045781999322e+02
1.221784961498000115e+02
4.889688199699998705e+01
9.358268914500001756e+00
4.395927843999999363e-01
-0.000000000000000000e+00
-0.000000000000000000e+00
-0.000000000000000000e+00
-0.000000000000000000e+00
-0.000000000000000000e+00
-0.000000000000000000e+00
-0.000000000000000000e+00
-0.000000000000000000e+00
6.803796224999999254e+00
3.104420878950000073e+01
5.634212704859999832e+01
7.234043102459997954e+01
7.704074346399997353e+01
7.240276533419998373e+01
7.687264175939999689e+01
7.603986782699999480e+01
2.469958949245000213e+02
4.365143119523999644e+02
6.004321389880002471e+02
6.591717484853000997e+02
5.910234406540001828e+02
3.546411077027001397e+02
7.611220443230000399e+01
8.958363620999999499e-01
-0.000000000000000000e+00
-0.000000000000000000e+00
-0.000000000000000000e+00
-0.000000000000000000e+00
-0.000000000000000000e+00
-0.000000000000000000e+00
-0.000000000000000000e+00
-0.000000000000000000e+00
1.719779989500000328e+00
2.388036349419999382e+01
4.512885289169999226e+01
5.046018451629997514e+01
5.700263397800000575e+01
6.494599446490001071e+01
6.883917016759998830e+01
7.179336199520001571e+01
2.537248919664000084e+02
4.561292002476000107e+02
5.794803888722002512e+02
6.429773398006000207e+02
5.359009765563000656e+02
2.519170504779999362e+02
6.617675973300002568e+00
-0.000000000000000000e+00
-0.000000000000000000e+00
-0.000000000000000000e+00
-0.000000000000000000e+00
-0.000000000000000000e+00
-0.000000000000000000e+00
-0.000000000000000000e+00
-0.000000000000000000e+00
-0.000000000000000000e+00
-0.000000000000000000e+00
4.643588796800000473e+00
3.400130623949999631e+01
5.634656491140002288e+01
7.610533879109999589e+01
8.396212930210000991e+01
9.135687056700000142e+01
1.197618119250000035e+02
2.473808380166999541e+02
2.726322952084999542e+02
1.331368503475999603e+02
2.231812247781000735e+02
1.519062044932000219e+02
8.307734464199999280e+00
-0.000000000000000000e+00
-0.000000000000000000e+00
-0.000000000000000000e+00
-0.000000000000000000e+00
-0.000000000000000000e+00
-0.000000000000000000e+00
-0.000000000000000000e+00
-0.000000000000000000e+00
-0.000000000000000000e+00
-0.000000000000000000e+00
-0.000000000000000000e+00
-0.000000000000000000e+00
1.757475362089999749e+01
3.515549161899999575e+01
4.491397400480001068e+01
5.126154782989999603e+01
5.744761013650001047e+01
1.081179807433999969e+02
2.510450722171000280e+02
2.527610177711999313e+02
1.535842147935000526e+02
3.653845687979998758e+01
4.711731553399999939e+00
-0.000000000000000000e+00
-0.000000000000000000e+00
-0.000000000000000000e+00
-0.000000000000000000e+00
-0.000000000000000000e+00
-0.000000000000000000e+00
-0.000000000000000000e+00
-0.000000000000000000e+00
-0.000000000000000000e+00
-0.000000000000000000e+00
-0.000000000000000000e+00
-0.000000000000000000e+00
-0.000000000000000000e+00
4.338136649000001177e-01
8.660729659700002969e+00
2.264628777159999728e+01
3.463095564459998599e+01
4.245613600179999736e+01
4.566746566999999146e+01
4.289606643959999843e+01
3.368964563739999107e+01
1.983509914619999392e+01
4.548840816399998488e+00
-0.000000000000000000e+00
-0.000000000000000000e+00
-0.000000000000000000e+00
-0.000000000000000000e+00
-0.000000000000000000e+00
-0.000000000000000000e+00
-0.000000000000000000e+00
-0.000000000000000000e+00
-0.000000000000000000e+00
-0.000000000000000000e+00
-0.000000000000000000e+00
-0.000000000000000000e+00
-0.000000000000000000e+00
-0.000000000000000000e+00
-0.000000000000000000e+00
2.188225671700000596e+00
1.217117489899999860e+01
2.380419014359999963e+01
3.188531311930001522e+01
3.515346619979999332e+01
3.328127630680000237e+01
2.511335856679999878e+01
1.304163443330000405e+01
2.268089704899999948e+00
-0.000000000000000000e+00
-0.000000000000000000e+00
-0.000000000000000000e+00
-0.000000000000000000e+00
-0.000000000000000000e+00
-0.000000000000000000e+00
-0.000000000000000000e+00
-0.000000000000000000e+00
-0.000000000000000000e+00
-0.000000000000000000e+00
-0.000000000000000000e+00
-0.000000000000000000e+00
-0.000000000000000000e+00
-0.000000000000000000e+00
-0.000000000000000000e+00
2.187224294700000904e+00
1.216541412060000127e+01
2.339365469200000192e+01
3.187993189110001069e+01
3.515284885500000200e+01
4.201810010500000914e+01
3.903662120979999628e+01
2.369656054329999861e+01
3.788040085800000067e+00
-0.000000000000000000e+00
-0.000000000000000000e+00
-0.000000000000000000e+00
-0.000000000000000000e+00
-0.000000000000000000e+00
-0.000000000000000000e+00
-0.000000000000000000e+00
-0.000000000000000000e+00
-0.000000000000000000e+00
-0.000000000000000000e+00
-0.000000000000000000e+00
-0.000000000000000000e+00
-0.000000000000000000e+00
-0.000000000000000000e+00
-0.000000000000000000e+00
5.091146743499999516e+00
2.047456831219999529e+01
3.994313521480000873e+01
5.397262596220000574e+01
6.118815355999999639e+01
1.282223285720000092e+02
2.275935085753999942e+02
2.253477985744999614e+02
1.035623384740000041e+01
-0.000000000000000000e+00
-0.000000000000000000e+00
-0.000000000000000000e+00
-0.000000000000000000e+00
-0.000000000000000000e+00
-0.000000000000000000e+00
-0.000000000000000000e+00
-0.000000000000000000e+00
-0.000000000000000000e+00
-0.000000000000000000e+00
-0.000000000000000000e+00
-0.000000000000000000e+00
-0.000000000000000000e+00
-0.000000000000000000e+00
-0.000000000000000000e+00
1.751457429399999599e+00
1.173944079030000154e+01
3.514023470179999720e+01
5.926016939749998613e+01
8.181217254660002425e+01
1.055199703131000319e+02
6.008559591790000098e+01
2.619158292359999152e+01
3.261327920300000294e+00
-0.000000000000000000e+00
-0.000000000000000000e+00
-0.000000000000000000e+00
-0.000000000000000000e+00
-0.000000000000000000e+00
-0.000000000000000000e+00
-0.000000000000000000e+00
-0.000000000000000000e+00
-0.000000000000000000e+00
-0.000000000000000000e+00
-0.000000000000000000e+00
-0.000000000000000000e+00
-0.000000000000000000e+00
-0.000000000000000000e+00
-0.000000000000000000e+00
1.751400293899999516e+00
1.131746974449999676e+01
2.295886079980000360e+01
3.101730205380000882e+01
3.470713707950000071e+01
3.281416305999999139e+01
2.510374540839999469e+01
1.303820886360000131e+01
2.265124742900000321e+00
-0.000000000000000000e+00
-0.000000000000000000e+00
-0.000000000000000000e+00
-0.000000000000000000e+00
-0.000000000000000000e+00
-0.000000000000000000e+00
-0.000000000000000000e+00
-0.000000000000000000e+00
-0.000000000000000000e+00
-0.000000000000000000e+00
-0.000000000000000000e+00
-0.000000000000000000e+00
-0.000000000000000000e+00
-0.000000000000000000e+00
-0.000000000000000000e+00
2.612041595000000438e+00
1.966486192069999817e+01
3.915112316640000500e+01
5.312662339569997982e+01
6.067081355750001137e+01
6.335964333920000513e+01
5.147099443310001021e+01
2.615241761639999396e+01
6.063657567300000828e+00
-0.000000000000000000e+00
-0.000000000000000000e+00
-0.000000000000000000e+00
-0.000000000000000000e+00
-0.000000000000000000e+00
-0.000000000000000000e+00
-0.000000000000000000e+00
-0.000000000000000000e+00
-0.000000000000000000e+00
-0.000000000000000000e+00
-0.000000000000000000e+00
-0.000000000000000000e+00
-0.000000000000000000e+00
-0.000000000000000000e+00
-0.000000000000000000e+00
1.750949641499999210e+00
1.130921089930000001e+01
2.253791170179999526e+01
3.101018995550000668e+01
3.470248551299999917e+01
3.280746022619999280e+01
2.510037187449999507e+01
1.303061113109999702e+01
2.263461304499999827e+00
-0.000000000000000000e+00
-0.000000000000000000e+00
-0.000000000000000000e+00
-0.000000000000000000e+00
-0.000000000000000000e+00
-0.000000000000000000e+00
-0.000000000000000000e+00
-0.000000000000000000e+00
-0.000000000000000000e+00
-0.000000000000000000e+00
-0.000000000000000000e+00
-0.000000000000000000e+00
-0.000000000000000000e+00
-0.000000000000000000e+00
-0.000000000000000000e+00
6.195669998999999706e+00
3.536702795339999739e+01
4.331417284470000340e+01
5.819545120819999084e+01
8.086454292029999635e+01
7.403082265049998512e+01
4.240994645190001222e+01
1.302633620549999627e+01
2.262187038700000041e+00
-0.000000000000000000e+00
-0.000000000000000000e+00
-0.000000000000000000e+00
-0.000000000000000000e+00
-0.000000000000000000e+00
-0.000000000000000000e+00
-0.000000000000000000e+00
-0.000000000000000000e+00
-0.000000000000000000e+00
-0.000000000000000000e+00
-0.000000000000000000e+00
-0.000000000000000000e+00
-0.000000000000000000e+00
-0.000000000000000000e+00
-0.000000000000000000e+00
4.249928659600000103e+00
1.088366110629999994e+01
3.429431065280000723e+01
5.836367462120001193e+01
8.066827635390002627e+01
1.210233024477999777e+02
1.504355815755999686e+02
1.174368458807000053e+02
8.648371444000002128e+00
-0.000000000000000000e+00
-0.000000000000000000e+00
-0.000000000000000000e+00
-0.000000000000000000e+00
-0.000000000000000000e+00
-0.000000000000000000e+00
-0.000000000000000000e+00
-0.000000000000000000e+00
-0.000000000000000000e+00
-0.000000000000000000e+00
-0.000000000000000000e+00
-0.000000000000000000e+00
-0.000000000000000000e+00
-0.000000000000000000e+00
-0.000000000000000000e+00
2.180099925899999569e+00
1.885089787269999917e+01
4.193211072639999060e+01
6.191179345080000473e+01
7.792845259070004715e+01
1.029046325915999915e+02
6.339273813980000938e+01
2.668350744550000542e+01
3.754389449099999165e+00
-0.000000000000000000e+00
-0.000000000000000000e+00
-0.000000000000000000e+00
-0.000000000000000000e+00
-0.000000000000000000e+00
-0.000000000000000000e+00
-0.000000000000000000e+00
-0.000000000000000000e+00
-0.000000000000000000e+00
-0.000000000000000000e+00
-0.000000000000000000e+00
-0.000000000000000000e+00
-0.000000000000000000e+00
-0.000000000000000000e+00
-0.000000000000000000e+00
5.401207966099999425e+00
3.379343781370000244e+01
3.643714699240000954e+01
5.030753721839998605e+01
8.091282537569998112e+01
1.206343076081000021e+02
1.113081699252999357e+02
2.728108819599999180e+01
5.977905211400003083e+00
-0.000000000000000000e+00
-0.000000000000000000e+00
-0.000000000000000000e+00
-0.000000000000000000e+00
-0.000000000000000000e+00
-0.000000000000000000e+00
-0.000000000000000000e+00
-0.000000000000000000e+00
-0.000000000000000000e+00
-0.000000000000000000e+00
-0.000000000000000000e+00
-0.000000000000000000e+00
-0.000000000000000000e+00
-0.000000000000000000e+00
-0.000000000000000000e+00
2.603499287299999576e+00
1.882474959340000353e+01
3.865770840049999890e+01
5.261756087289998618e+01
6.208071019840000559e+01
6.357111536300001831e+01
5.311931342659998734e+01
2.723475406429999879e+01
9.223277913599996936e+00
-0.000000000000000000e+00
-0.000000000000000000e+00
-0.000000000000000000e+00
-0.000000000000000000e+00
-0.000000000000000000e+00
-0.000000000000000000e+00
-0.000000000000000000e+00
-0.000000000000000000e+00
-0.000000000000000000e+00
-0.000000000000000000e+00
-0.000000000000000000e+00
-0.000000000000000000e+00
-0.000000000000000000e+00
-0.000000000000000000e+00
-0.000000000000000000e+00
2.177837918399999850e+00
1.881649677789999586e+01
3.828575786979999407e+01
5.259956344739998002e+01
6.205330768350000881e+01
5.339040776730001880e+01
3.443105295800000221e+01
1.349824945599999992e+01
2.251443626100000373e+00
-0.000000000000000000e+00
-0.000000000000000000e+00
-0.000000000000000000e+00
-0.000000000000000000e+00
-0.000000000000000000e+00
-0.000000000000000000e+00
-0.000000000000000000e+00
-0.000000000000000000e+00
-0.000000000000000000e+00
-0.000000000000000000e+00
-0.000000000000000000e+00
-0.000000000000000000e+00
-0.000000000000000000e+00
-0.000000000000000000e+00
-0.000000000000000000e+00
1.312908874199999021e+00
1.045101937130000103e+01
2.811480670229999390e+01
4.716450545879999368e+01
6.240843253499998866e+01
6.399572223740002386e+01
5.361194071660000304e+01
2.842836824449999256e+01
4.783015120900000916e+00
-0.000000000000000000e+00
-0.000000000000000000e+00
-0.000000000000000000e+00
-0.000000000000000000e+00
-0.000000000000000000e+00
-0.000000000000000000e+00
-0.000000000000000000e+00
-0.000000000000000000e+00
-0.000000000000000000e+00
-0.000000000000000000e+00
-0.000000000000000000e+00
-0.000000000000000000e+00
-0.000000000000000000e+00
-0.000000000000000000e+00
-0.000000000000000000e+00
1.747229063999999887e+00
1.044931419389999938e+01
2.849111177700000752e+01
4.714759420779998322e+01
6.280644690149997444e+01
5.383387920489997924e+01
3.492202031390001338e+01
1.399148043260000307e+01
2.723323281900001280e+00
-0.000000000000000000e+00
-0.000000000000000000e+00
-0.000000000000000000e+00
-0.000000000000000000e+00
-0.000000000000000000e+00
-0.000000000000000000e+00
-0.000000000000000000e+00
-0.000000000000000000e+00
-0.000000000000000000e+00
-0.000000000000000000e+00
-0.000000000000000000e+00
-0.000000000000000000e+00
-0.000000000000000000e+00
-0.000000000000000000e+00
-0.000000000000000000e+00
1.312625048600000177e+00
1.044737080640000038e+01
3.345617459659998616e+01
5.780298478289996922e+01
8.012149684340002409e+01
1.133828442353000554e+02
1.319291330387999608e+02
8.973346891549996940e+01
6.450994741199997051e+00
-0.000000000000000000e+00
-0.000000000000000000e+00
-0.000000000000000000e+00
-0.000000000000000000e+00
-0.000000000000000000e+00
-0.000000000000000000e+00
-0.000000000000000000e+00
-0.000000000000000000e+00
-0.000000000000000000e+00
-0.000000000000000000e+00
-0.000000000000000000e+00
-0.000000000000000000e+00
-0.000000000000000000e+00
-0.000000000000000000e+00
-0.000000000000000000e+00
4.205982484700000690e+00
3.157920235880001414e+01
4.579610723779999404e+01
6.388359287689998922e+01
8.366487365730002068e+01
1.140460292486999947e+02
1.336947342325999557e+02
9.166023183330010227e+01
7.018702359399997981e+00
-0.000000000000000000e+00
-0.000000000000000000e+00
-0.000000000000000000e+00
-0.000000000000000000e+00
-0.000000000000000000e+00
-0.000000000000000000e+00
-0.000000000000000000e+00
-0.000000000000000000e+00
-0.000000000000000000e+00
-0.000000000000000000e+00
-0.000000000000000000e+00
-0.000000000000000000e+00
-0.000000000000000000e+00
-0.000000000000000000e+00
-0.000000000000000000e+00
2.173729755100000549e+00
1.840661066340000573e+01
3.857730663229999379e+01
5.286471461609999523e+01
6.318876644289998268e+01
6.571023011879999842e+01
5.599409661159999985e+01
3.010501172349999877e+01
5.263533949999999351e+00
-0.000000000000000000e+00
-0.000000000000000000e+00
-0.000000000000000000e+00
-0.000000000000000000e+00
-0.000000000000000000e+00
-0.000000000000000000e+00
-0.000000000000000000e+00
-0.000000000000000000e+00
-0.000000000000000000e+00
-0.000000000000000000e+00
-0.000000000000000000e+00
-0.000000000000000000e+00
-0.000000000000000000e+00
-0.000000000000000000e+00
-0.000000000000000000e+00
3.004614919299998466e+00
2.297744496769999500e+01
4.624075294929997426e+01
6.043578150679999794e+01
7.872249010940002734e+01
1.227282324682000194e+02
1.563419061836000310e+02
1.545208624532000385e+02
1.160985444939999667e+01
-0.000000000000000000e+00
-0.000000000000000000e+00
-0.000000000000000000e+00
-0.000000000000000000e+00
-0.000000000000000000e+00
-0.000000000000000000e+00
-0.000000000000000000e+00
-0.000000000000000000e+00
-0.000000000000000000e+00
-0.000000000000000000e+00
-0.000000000000000000e+00
-0.000000000000000000e+00
-0.000000000000000000e+00
-0.000000000000000000e+00
-0.000000000000000000e+00
5.352119336399999483e+00
3.440764528880000483e+01
3.060618232270002181e+01
3.411810062879998640e+01
4.926981310270002012e+01
1.942543818408999812e+02
3.307608136392004212e+02
2.976842258644998083e+02
4.290367352979998827e+01
-0.000000000000000000e+00
-0.000000000000000000e+00
-0.000000000000000000e+00
-0.000000000000000000e+00
-0.000000000000000000e+00
-0.000000000000000000e+00
-0.000000000000000000e+00
-0.000000000000000000e+00
7.107426675386002444e+02
