Hour,Load_Profile
1,306.7272378472223
2,309.4915868055555
3,313.2050704861112
4,306.8522777777778
5,301.8982993055556
6,305.9517128472222
7,307.0546069444445
8,306.8683086805555
9,307.2116454861111
10,307.1008444444445
11,1240.0
12,299.3381329861111
13,296.6697100694445
14,290.2446055555556
15,294.6483902777778
16,1240.0
17,298.2812482638888
18,1240.0
19,302.8480940972223
20,1240.0
21,1240.0
22,1240.0
23,1240.0
24,1040.180623958333
25,315.3155100694444
26,311.495901388889
27,313.4280010416666
28,308.4458746527778
29,309.8682041666667
30,308.0661590277778
31,303.4237142361111
32,310.3455333333334
33,303.5624184027778
34,302.1965510416667
35,1240.0
36,307.9652440972222
37,302.6754065972223
38,303.8438649305556
39,296.6049652777778
40,1240.0
41,291.0125927083334
42,1240.0
43,287.0932631944445
44,1240.0
45,1240.0
46,1240.0
47,1240.0
48,810.5538583333318
49,289.2570934027778
50,293.1003128472221
51,295.2843625
52,295.5194795138889
53,295.7854059027778
54,298.6289503472223
55,298.0222572916667
56,295.8521416666666
57,290.8469784722223
58,293.629664236111
59,1240.0
60,293.4694333333334
61,292.1821177083332
62,288.9402677083332
63,281.8839336805555
64,1240.0
65,297.7236097222222
66,1240.0
67,297.6196545138889
68,1240.0
69,1240.0
70,1240.0
71,1240.0
72,777.3453399305599
73,298.1379371527778
74,294.4148402777777
75,292.1650190972223
76,293.0406576388888
77,294.9248861111111
78,291.9346083333333
79,287.5908472222222
80,282.2960395833333
81,278.2254982638889
82,279.69315
83,1240.0
84,294.0328024305555
85,288.5230899305556
86,289.9058246527779
87,289.9509878472222
88,1240.0
89,289.48761875
90,1240.0
91,301.2902663194444
92,1240.0
93,1240.0
94,1240.0
95,1240.0
96,672.318236805555
97,289.0909517361113
98,290.089826736111
99,287.405484375
100,286.4411711805557
101,291.8153447916667
102,289.6043649305556
103,291.1057493055555
104,295.3642711805556
105,1240.0
106,1240.0
107,1240.0
108,1240.0
109,303.2688190972223
110,880.9264756944442
111,1240.0
112,1240.0
113,1240.0
114,295.2074545138889
115,295.7767694444445
116,297.3054065972223
117,299.4979899305557
118,297.704979861111
119,298.7451020833334
120,304.0906364583332
121,310.066317013889
122,308.9834729166666
123,310.8915010416666
124,304.0112479166666
125,303.0497350694444
126,299.0539208333333
127,297.3162982638889
128,298.3168284722223
129,1240.0
130,1240.0
131,1240.0
132,1240.0
133,303.8726725694444
134,1155.917554166666
135,1240.0
136,1240.0
137,1240.0
138,312.4255076388888
139,311.2931336805556
140,312.6602072916667
141,317.2958350694445
142,316.8382302083333
143,316.9860072916666
144,304.1744090277778
145,301.2567701388887
146,304.5721399305556
147,299.6601736111111
148,303.1023482638889
149,307.0665142361111
150,309.7632649305555
151,309.2361423611112
152,315.64946875
153,1240.0
154,1240.0
155,1240.0
156,1240.0
157,309.4032302083332
158,1204.673773958333
159,1240.0
160,1240.0
161,1240.0
162,303.9967572916667
163,303.5358444444445
164,299.8892625
165,294.3938052083333
166,299.0706840277777
167,297.2900211805555
168,298.3085093749999
169,296.5462517361112
170,302.9082652777777
171,307.0584406249999
172,307.0659128472223
173,306.2884986111112
174,304.6649378472222
175,294.5417225694446
176,293.7696552083333
177,1240.0
178,1240.0
179,1240.0
180,1240.0
181,305.4210770833333
182,1084.562071180559
183,1240.0
184,1240.0
185,1240.0
186,293.3216656249999
187,307.5271618055555
188,308.37695625
189,309.8886586805555
190,315.0219513888888
191,314.0482194444445
192,311.5577788194444
193,304.5090305555556
194,312.3080479166666
195,304.2054388888889
196,303.330371875
197,302.2706979166667
198,299.5197680555555
199,295.3832756944444
200,293.939490625
201,1240.0
202,1240.0
203,1240.0
204,1240.0
205,290.4390506944445
206,714.9144534722203
207,1240.0
208,1240.0
209,1240.0
210,298.1580996527777
211,291.2718638888888
212,290.3036017361111
213,285.5151270833333
214,288.3262048611111
215,291.7951142361111
216,294.8491065972221
217,292.3988430555556
218,291.72505625
219,293.09009375
220,290.1028694444445
221,289.3498954861111
222,286.9611829861111
223,287.5721319444444
224,285.2731711805555
225,1240.0
226,1240.0
227,1240.0
228,1240.0
229,300.6471548611111
230,654.4448937499999
231,1240.0
232,1240.0
233,1240.0
234,285.294723263889
235,287.9475461805555
236,279.4320604166666
237,275.7182517361111
238,281.3271996527777
239,283.1719565972222
240,290.6377861111111
241,293.7361593750001
242,295.5790013888889
243,294.3403270833334
244,290.8567013888889
245,285.2672927083334
246,284.5462704861111
247,280.0564850694445
248,275.576235763889
249,1098.326969444442
250,1240.0
251,1240.0
252,1240.0
253,268.6879534722222
254,267.8596093749999
255,1240.0
256,1240.0
257,1240.0
258,275.7117361111112
259,274.2301402777778
260,278.1042940972222
261,278.9431375
262,275.9844329861111
263,271.4137986111111
264,272.1136131944444
265,268.4268635416666
266,267.3139694444445
267,266.7893979166666
268,265.7668996527777
269,266.0784017361111
270,264.7823052083333
271,257.8972107638889
272,657.3709760416648
273,1240.0
274,1240.0
275,261.9340944444444
276,262.2318524305556
277,264.3810197916667
278,264.5919465277778
279,1240.0
280,1240.0
281,1240.0
282,1240.0
283,252.6169211805556
284,258.5156364583332
285,257.654190625
286,259.8165993055555
287,260.2275371527778
288,269.5126965277777
289,268.1910791666668
290,268.5788444444445
291,265.8591093749999
292,266.6187600694445
293,266.8631684027777
294,266.541795138889
295,263.54553125
296,257.9953340277778
297,903.8454142361104
298,1240.0
299,1240.0
300,1240.0
301,255.9880434027778
302,277.224375
303,1240.0
304,1240.0
305,1240.0
306,281.6064156250001
307,275.3316680555555
308,273.1992361111111
309,277.4846159722222
310,279.7576607638889
311,286.2333670138888
312,291.73536875
313,289.5429170138888
314,275.0853927083332
315,267.3345607638889
316,263.6779177083333
317,259.0842364583334
318,258.9926656250001
319,257.5302888888888
320,256.057732638889
321,833.53390034722
322,1240.0
323,1240.0
324,1240.0
325,269.6900454861111
326,268.589120486111
327,1240.0
328,1240.0
329,1240.0
330,273.8854052083333
331,276.1925704861112
332,278.1604413194444
333,264.5076732638889
334,269.4371388888889
335,281.430290625
336,279.8034250000001
337,284.0140149305554
338,287.5315600694445
339,290.2536472222222
340,295.8263100694444
341,278.70039375
342,278.7298951388889
343,268.7603444444445
344,262.3516645833333
345,979.9981361111148
346,1240.0
347,1240.0
348,1240.0
349,261.6201993055556
350,269.5838326388889
351,1240.0
352,1240.0
353,1240.0
354,267.1891562499999
355,266.1189135416667
356,265.4429614583333
357,259.0979416666667
358,264.9753951388889
359,274.2991336805556
360,279.5414118055556
361,275.6069097222221
362,275.6977798611111
363,270.4642131944445
364,268.0744743055555
365,264.3685607638889
366,261.4075690972222
367,260.4544541666667
368,1240.0
369,256.9679958333333
370,253.7015736111111
371,259.6915743055555
372,924.120400347219
373,1240.0
374,1240.0
375,276.8045861111111
376,1240.0
377,1240.0
378,1240.0
379,273.5543506944443
380,277.1347916666667
381,279.1553697916667
382,289.6599552083334
383,287.2317704861111
384,275.55340625
385,286.1041451388888
386,300.5729322916666
387,299.7916878472222
388,302.4182850694445
389,299.5190395833334
390,303.4904638888888
391,289.6571618055555
392,282.9599888888889
393,1240.0
394,1240.0
395,1240.0
396,1240.0
397,291.2813635416666
398,711.4255069444387
399,1240.0
400,1240.0
401,1240.0
402,301.4092152777778
403,302.8086232638889
404,305.0772131944445
405,304.5891784722221
406,305.5427305555554
407,300.845290625
408,314.7345368055555
409,309.4487156250001
410,312.5955173611111
411,306.4591659722223
412,302.2073253472222
413,308.3121673611111
414,300.6187458333334
415,289.1691694444444
416,1240.0
417,291.6528802083334
418,301.9804958333334
419,311.2190642361111
420,1240.0
421,1240.0
422,1240.0
423,914.8811243055536
424,1240.0
425,1240.0
426,1240.0
427,306.9539940972222
428,305.2501020833333
429,307.0533559027778
430,304.492257986111
431,308.2177065972222
432,308.3238555555556
433,310.0060993055555
434,315.1185184027779
435,320.5454017361111
436,313.9668881944445
437,312.2770003472222
438,306.5382517361111
439,301.7028003472222
440,300.4520253472222
441,1240.0
442,1240.0
443,1240.0
444,1240.0
445,306.5791347222222
446,995.0815194444444
447,1240.0
448,1240.0
449,1240.0
450,288.9565520833332
451,287.0688215277778
452,295.9486086805555
453,307.1785100694444
454,305.442915625
455,304.7345020833333
456,305.3753704861112
457,301.8841760416666
458,306.9718972222223
459,311.7874184027778
460,305.7203232638889
461,302.0638072916666
462,298.833665625
463,294.3964579861112
464,289.0358361111111
465,1240.0
466,1240.0
467,1240.0
468,1240.0
469,294.692389236111
470,964.0967913194452
471,1240.0
472,1240.0
473,1240.0
474,307.3115260416668
475,303.2003704861111
476,304.6770600694445
477,307.6587388888889
478,307.762084375
479,309.0684222222222
480,312.0129270833334
481,301.2469684027778
482,304.9445364583333
483,305.5694927083333
484,296.1882625
485,290.3652350694445
486,290.4291086805555
487,290.9566684027778
488,1240.0
489,1240.0
490,1240.0
491,290.3502548611111
492,275.279073611111
493,398.7686627118056
494,272.2387256840277
495,1240.0
496,1240.0
497,1240.0
498,1240.0
499,277.3590277777778
500,277.4701388888889
501,277.58125
502,277.692361111111
503,277.8034722222222
504,277.9145833333333
505,275.3590277777778
506,275.4701388888889
507,275.58125
508,275.6923611111111
509,275.8034722222222
510,275.9145833333333
511,276.0256944444444
512,1088.061188541664
513,1240.0
514,1240.0
515,267.969326736111
516,267.3182062499999
517,273.2203572916666
518,272.2363065972222
519,1240.0
520,1240.0
521,1240.0
522,1240.0
523,271.2509756944444
524,275.2877083333333
525,289.8555440972223
526,290.8447420138889
527,299.8873736111111
528,304.2847902777777
529,300.4152215277777
530,305.32024375
531,306.5625479166666
532,287.8861895833333
533,282.0598496527778
534,278.9003704861112
535,265.4412503472221
536,1240.0
537,1240.0
538,1240.0
539,275.8946753472223
540,271.8620708333333
541,326.175399305558
542,273.4729142361111
543,1240.0
544,1240.0
545,1240.0
546,1240.0
547,279.8367013888889
548,281.3755215277778
549,295.1139034722221
550,307.920845138889
551,310.924929861111
552,301.3424197916667
553,298.6419822916666
554,317.5898288194444
555,324.2453031249999
556,311.5886434027777
557,304.1799062499999
558,303.408345138889
559,301.8763284722222
560,1240.0
561,1240.0
562,1240.0
563,301.4849538194444
564,305.5390072916666
565,1110.551027777775
566,305.8415635416666
567,1240.0
568,1240.0
569,1240.0
570,1240.0
571,326.959735763889
572,327.3564131944445
573,321.2004506944444
574,326.3732177083334
575,325.2954649305556
576,325.7177326388889
577,335.4084621527779
578,333.9001260416667
579,334.1714003472222
580,329.25103125
581,322.6389
582,319.000084375
583,315.7805114583334
584,1240.0
585,1240.0
586,1240.0
587,322.2408378472222
588,323.8347781250001
589,1240.0
590,305.8811607638889
591,1240.0
592,1240.0
593,1240.0
594,1240.0
595,307.2935447916667
596,410.9871180555541
597,305.0526034722221
598,302.9413090277778
599,299.5727756944445
600,312.0577392361112
601,309.0154628472222
602,311.7683545138889
603,308.5620263888889
604,306.3976375
605,300.2980791666666
606,301.2453940972222
607,296.0831225694445
608,1240.0
609,1240.0
610,1240.0
611,288.7726975694445
612,290.2870715277778
613,1032.130413541667
614,302.9550809027778
615,1240.0
616,1240.0
617,1240.0
618,1240.0
619,315.9867295138889
620,317.6313440972223
621,315.9995131944444
622,307.8627847222222
623,314.3904392361111
624,308.2025201388888
625,309.3566659722223
626,309.1522944444445
627,316.2701753472222
628,316.2341065972223
629,313.5663180555556
630,312.6432517361111
631,310.0695465277778
632,1240.0
633,1240.0
634,1240.0
635,311.7565861111111
636,318.6211118055555
637,1240.0
638,313.9060621527778
639,1240.0
640,1240.0
641,1240.0
642,1240.0
643,316.3957885416667
644,479.4362409722252
645,327.1964684027778
646,312.5525614583334
647,316.7817934027779
648,323.4310305555555
649,320.7270256944444
650,318.2149444444444
651,325.729917013889
652,323.7854048611111
653,325.1122472222222
654,324.8975579861112
655,325.3527972222221
656,1240.0
657,1240.0
658,1240.0
659,316.1888
660,316.3458708333333
661,1240.0
662,315.0026218749999
663,1240.0
664,1240.0
665,1240.0
666,1240.0
667,319.3843756944445
668,602.8282954861107
669,318.8893059027779
670,321.8669090277777
671,325.6395947916666
672,329.3933131944444
673,324.2616663194443
674,331.9569197916667
675,333.9375260416666
676,332.9613614583333
677,327.5559246527777
678,322.0789329861112
679,318.5053013888888
680,1240.0
681,1240.0
682,1240.0
683,312.2638062500001
684,320.3543743055554
685,1240.0
686,323.3800680555555
687,1240.0
688,1240.0
689,1240.0
690,1240.0
691,323.5645020833334
692,665.1704763888853
693,329.9681131944445
694,334.2639347222222
695,336.4547336805555
696,338.1972517361111
697,338.3024541666667
698,334.0967003472223
699,340.2375739583333
700,327.1891684027777
701,322.4628263888889
702,321.9513642361112
703,319.0102288194445
704,313.9580913194446
705,1240.0
706,1240.0
707,1240.0
708,1240.0
709,335.5673104166667
710,1240.0
711,1240.0
712,1240.0
713,1240.0
714,722.248913194448
715,325.9484732638889
716,312.7003100694444
717,302.6472444444445
718,306.8721520833334
719,298.2529045138889
720,276.5975107638889
721,266.4900229166666
722,263.6073243055555
723,263.0020361111111
724,258.638540625
725,258.5960732638889
726,253.2474083333334
727,251.5964822916666
728,247.2560319444444
729,244.4241333333333
730,244.8991086805556
731,1240.0
732,268.27301875
733,288.6035083333333
734,286.1734079861111
735,277.9358607638889
736,1240.0
737,267.9804048611111
738,1240.0
739,266.3202802083333
740,1240.0
741,1240.0
742,1240.0
743,731.5956128472217
744,261.4710631944445
745,256.6348600694444
746,270.859582986111
747,273.8660881944444
748,273.2362260416667
749,271.3164135416667
750,270.6397555555557
751,270.1835555555555
752,269.3843649305556
753,268.1337190972222
754,268.1243878472222
755,1240.0
756,266.3383458333333
757,279.6901927083333
758,284.5357652777778
759,285.8443979166667
760,1240.0
761,294.3760746527778
762,1240.0
763,291.0804642361111
764,1240.0
765,1240.0
766,1240.0
767,1200.876658333333
768,267.0039138888889
769,258.1872100694445
770,257.5162246527777
771,258.1180097222223
772,253.4749322916666
773,247.2857420138889
774,245.6320736111112
775,244.6317246527777
776,1240.0
777,242.8071069444444
778,242.5982770833334
779,241.3272576388889
780,239.2578465277778
781,1117.852208333336
782,1240.0
783,235.1338916666666
784,1240.0
785,1240.0
786,1240.0
787,244.0574982638889
788,246.3165409722222
789,245.5710746527778
790,246.9553364583333
791,250.3609704861111
792,252.4510677083333
793,251.0799875
794,251.2984236111112
795,245.0350090277777
796,243.3837006944444
797,236.8519086805555
798,233.6141892361111
799,233.3046527777778
800,1240.0
801,235.4628236111112
802,239.5063083333332
803,242.8583427083333
804,677.771507291664
805,1240.0
806,1240.0
807,285.426425
808,1240.0
809,1240.0
810,1240.0
811,264.1829177083333
812,260.1798503472222
813,262.8140822916666
814,259.8700246527778
815,262.3638305555555
816,266.7238166666666
817,260.5988079861111
818,248.2883222222221
819,256.7764940972222
820,261.215925
821,255.4450940972222
822,256.5677770833333
823,254.0930003472222
824,792.1887506944416
825,1240.0
826,1240.0
827,248.6784135416667
828,261.9263774305556
829,261.6039805555556
830,266.8686697916665
831,1240.0
832,1240.0
833,1240.0
834,1240.0
835,295.9549659722223
836,299.6525395833333
837,291.9067927083333
838,291.248923611111
839,287.6675256944443
840,282.5988319444444
841,275.6737725694444
842,271.1364944444445
843,278.9790489583333
844,281.4116208333334
845,275.5809496527778
846,274.3667715277776
847,272.4208559027778
848,1240.0
849,266.8160065972222
850,263.5239920138889
851,261.7848375
852,997.1532076388905
853,1240.0
854,1240.0
855,277.0056951388888
856,1240.0
857,1240.0
858,1240.0
859,273.716251388889
860,276.2614934027777
861,272.8298152777778
862,267.1197100694444
863,267.0306840277777
864,264.9240958333332
865,256.4825909722223
866,253.2688770833333
867,252.6947788194445
868,251.0653670138889
869,253.6258913194445
870,253.4684253472223
871,252.576295138889
872,1240.0
873,250.688785763889
874,251.0545246527778
875,253.517014236111
876,626.2575267361121
877,1240.0
878,1240.0
879,262.0105565972223
880,1240.0
881,1240.0
882,1240.0
883,270.7980690972223
884,269.030520138889
885,266.0541225694445
886,264.3784954861111
887,271.1414267361111
888,273.4096336805555
889,270.7977430555555
890,266.899459375
891,260.439084375
892,257.114225
893,255.9068625
894,255.476435763889
895,254.7435711805556
896,1240.0
897,251.1282756944445
898,249.581746875
899,256.0377225694444
900,548.4973354166743
901,1240.0
902,1240.0
903,257.9122916666666
904,1240.0
905,1240.0
906,1240.0
907,266.5751628472221
908,265.4604847222222
909,262.1977559027778
910,265.250345138889
911,268.6848864583333
912,269.4297704861111
913,275.8282079861111
914,259.4030309027777
915,258.013865625
916,263.8672548611111
917,269.0453715277778
918,263.8499329861111
919,261.409015625
920,985.9129972222215
921,1240.0
922,1240.0
923,263.8523010416666
924,271.4586888888889
925,276.8238340277778
926,275.8379979166666
927,1240.0
928,1240.0
929,1240.0
930,1240.0
931,284.80028125
932,285.4990760416666
933,263.7548152777779
934,260.8612961805556
935,258.3581232638888
936,270.2867232638889
937,274.2208579861111
938,274.9547920138889
939,275.7344340277778
940,266.1328232638889
941,277.5063315972222
942,278.0002041666667
943,277.3590135416666
944,1165.859264583336
945,1240.0
946,1240.0
947,278.4917284722222
948,280.4883687499999
949,281.9281340277778
950,280.9717128472221
951,1240.0
952,1240.0
953,1240.0
954,1240.0
955,290.001976736111
956,289.9908708333333
957,287.8192253472222
958,265.4697128472223
959,266.3342711805555
960,274.3465402777778
961,271.4195465277778
962,268.8659597222223
963,269.7128222222223
964,274.3126722222222
965,263.3569444444446
966,256.5181215277777
967,258.4984704861111
968,1240.0
969,257.1053225694444
970,256.8315645833334
971,258.6592604166667
972,465.9237305555581
973,1240.0
974,1240.0
975,246.0072131944445
976,1240.0
977,1240.0
978,1240.0
979,266.0753211805555
980,260.9714934027778
981,251.9052420138889
982,252.6981232638888
983,256.1507413194444
984,261.8619190972222
985,258.5099538194444
986,261.7772024305556
987,257.1603472222222
988,255.2288246527778
989,250.4920375
990,252.3791170138889
991,257.7482055555556
992,463.1568562500064
993,1240.0
994,1240.0
995,257.8207635416666
996,264.2778833333334
997,265.5970850694444
998,251.1210979166667
999,1240.0
1000,1240.0
1001,1240.0
1002,1240.0
1003,254.1160062499999
1004,251.9070590277777
1005,245.6842600694444
1006,238.6582309027778
1007,243.0417711805556
1008,251.8231496527777
1009,252.5675361111111
1010,256.1181840277777
1011,259.4474298611111
1012,257.4037409722222
1013,254.9302319444444
1014,256.4810774305556
1015,250.7281934027777
1016,636.2566249999984
1017,1240.0
1018,1240.0
1019,246.2698718749999
1020,243.4104732638888
1021,257.6490718749999
1022,252.5174895833333
1023,1240.0
1024,1240.0
1025,1240.0
1026,1240.0
1027,273.8263756944444
1028,278.7105208333333
1029,284.6110173611111
1030,283.4512763888889
1031,278.9133579861111
1032,278.4328374999999
1033,269.9146892361111
1034,281.2715166666667
1035,270.8922684027778
1036,275.096296875
1037,276.8841420138889
1038,276.7343145833333
1039,284.9597118055555
1040,1240.0
1041,1240.0
1042,1240.0
1043,295.737409375
1044,293.5941559027777
1045,390.4597059027764
1046,280.9726055555555
1047,1240.0
1048,1240.0
1049,1240.0
1050,1240.0
1051,286.808795138889
1052,288.5672329861111
1053,290.8617982638889
1054,289.226017013889
1055,275.8267357638889
1056,269.3743857638889
1057,265.3960270833333
1058,272.1494107638888
1059,271.3313805555555
1060,276.4285204861111
1061,277.2956253472223
1062,286.9314670138889
1063,282.0797222222223
1064,1240.0
1065,1240.0
1066,1240.0
1067,303.8075114583334
1068,323.2790027777777
1069,464.9906930555564
1070,314.8198840277778
1071,1240.0
1072,1240.0
1073,1240.0
1074,1240.0
1075,293.9274767361111
1076,282.9621975694445
1077,278.0103795138889
1078,265.6256711805555
1079,262.4880895833334
1080,252.1438552083334
1081,246.0555072916667
1082,247.1626041666666
1083,248.197509375
1084,252.6578236111111
1085,249.903589236111
1086,249.896989236111
1087,246.7275826388889
1088,392.055089236111
1089,1240.0
1090,1240.0
1091,253.1111329861112
1092,259.841721875
1093,269.5634458333333
1094,259.2167920138889
1095,1240.0
1096,1240.0
1097,1240.0
1098,1240.0
1099,278.3997795138889
1100,267.4072559027777
1101,256.7760541666667
1102,249.9606003472223
1103,248.0260184027778
1104,249.2187958333333
1105,245.0148406249999
1106,251.3936555555556
1107,254.5766215277778
1108,255.8357322916667
1109,252.2629899305555
1110,252.7889496527778
1111,251.3496194444444
1112,247.5754628472222
1113,1240.0
1114,1240.0
1115,244.4710413194444
1116,241.2555479166666
1117,241.754201388889
1118,246.0198489583333
1119,1240.0
1120,1240.0
1121,1240.0
1122,1185.016160416666
1123,241.3921624999999
1124,239.2666093750001
1125,243.3128916666668
1126,248.4104142361111
1127,250.5822458333334
1128,248.8988538194444
1129,237.8322465277777
1130,223.797153125
1131,223.994965625
1132,228.5628590277778
1133,245.034817013889
1134,241.9571305555556
1135,248.5698274305556
1136,1240.0
1137,226.0599885416667
1138,227.1922930555556
1139,230.758471875
1140,230.1407041666668
1141,799.8411736111107
1142,1240.0
1143,228.9192704861111
1144,1240.0
1145,1240.0
1146,1240.0
1147,233.9091083333333
1148,237.2417927083334
1149,247.939384375
1150,247.5245621527778
1151,252.9769097222222
1152,259.2799770833333
1153,256.0968288194444
1154,252.2720013888889
1155,252.0420381944445
1156,248.2597350694444
1157,250.3232163194445
1158,251.7067701388889
1159,241.4797927083333
1160,1240.0
1161,242.0217
1162,240.2372208333333
1163,235.3544100694444
1164,317.8807961805556
1165,1240.0
1166,1240.0
1167,246.4305333333334
1168,1240.0
1169,1240.0
1170,1240.0
1171,247.9469663194445
1172,266.9409013888889
1173,264.7729506944444
1174,258.2939916666667
1175,249.4544899305556
1176,258.8730805555555
1177,252.328690625
1178,272.1257270833333
1179,262.5475447916666
1180,260.5878850694445
1181,259.7235059027778
1182,255.9373152777779
1183,256.7669940972223
1184,1240.0
1185,250.2070256944444
1186,247.212421875
1187,244.8897805555555
1188,587.4242315972258
1189,1240.0
1190,1240.0
1191,259.2908559027778
1192,1240.0
1193,1240.0
1194,1240.0
1195,275.5702097222222
1196,274.5600565972222
1197,266.2225576388889
1198,268.3666322916667
1199,268.4115402777778
1200,273.0374902777777
1201,275.1380291666667
1202,280.1670590277777
1203,280.5799124999999
1204,287.2325833333333
1205,283.3957868055556
1206,277.2182416666667
1207,262.1926409722223
1208,250.478878125
1209,244.3586954861111
1210,243.0690850694445
1211,1240.0
1212,264.0513857638888
1213,260.7218156250001
1214,256.2143274305556
1215,255.6095465277778
1216,1240.0
1217,269.5868631944444
1218,1240.0
1219,265.3818385416666
1220,1240.0
1221,1240.0
1222,1240.0
1223,762.5677708333367
1224,271.8860545138889
1225,276.022360763889
1226,282.0211489583334
1227,282.7713784722222
1228,285.5070826388888
1229,285.9989961805556
1230,280.2543204861111
1231,278.7528590277776
1232,263.0179843749999
1233,258.1612746527778
1234,252.4549902777778
1235,1240.0
1236,257.8440302083333
1237,263.1702072916667
1238,270.3959284722222
1239,277.1162059027778
1240,1240.0
1241,277.6750479166668
1242,1240.0
1243,279.9653670138889
1244,1240.0
1245,1240.0
1246,1240.0
1247,1040.678590972225
1248,276.0469555555555
1249,280.1592045138888
1250,285.7453555555556
1251,286.4752180555556
1252,278.1442125000001
1253,273.9874746527777
1254,273.7764114583334
1255,270.724638888889
1256,1240.0
1257,257.2299638888889
1258,255.6533909722222
1259,261.2746871527778
1260,1240.0
1261,1240.0
1262,1240.0
1263,490.3318177083318
1264,1240.0
1265,1240.0
1266,1240.0
1267,294.6110267361111
1268,300.8088065972222
1269,302.6395635416665
1270,302.9988065972222
1271,296.7542364583333
1272,292.6522465277778
1273,286.5104277777777
1274,284.0767694444445
1275,275.8180781250001
1276,267.1848291666668
1277,263.9195489583334
1278,256.7668965277778
1279,258.1015024305556
1280,1240.0
1281,256.3413090277778
1282,255.5194579861111
1283,258.4533927083334
1284,778.6929680555586
1285,1240.0
1286,1240.0
1287,264.8445847222222
1288,1240.0
1289,1240.0
1290,1240.0
1291,263.3082652777778
1292,264.3609947916666
1293,262.6965725694445
1294,265.20515
1295,262.3570802083333
1296,258.2761
1297,263.2044347222222
1298,262.3679402777779
1299,253.9127982638888
1300,245.795684375
1301,251.3647788194444
1302,247.3209055555556
1303,247.2881475694444
1304,1240.0
1305,240.0355895833333
1306,238.0563204861112
1307,237.9470489583333
1308,607.705078819444
1309,1240.0
1310,1240.0
1311,263.3902621527777
1312,1240.0
1313,1240.0
1314,1240.0
1315,286.9507520833333
1316,284.3375815972221
1317,278.1536114583332
1318,273.1539267361111
1319,275.7294666666667
1320,276.5212072916666
1321,278.9176267361112
1322,271.7670850694443
1323,268.7021975694445
1324,265.6179635416667
1325,262.8882996527778
1326,262.2486930555555
1327,260.2723479166667
1328,256.3920180555556
1329,269.7355923611111
1330,276.4785256944445
1331,1240.0
1332,303.088659375
1333,302.4680913194444
1334,267.7698052083333
1335,270.5103489583333
1336,1240.0
1337,281.4538795138889
1338,1240.0
1339,278.8741541666666
1340,1240.0
1341,1240.0
1342,1240.0
1343,1061.764470833333
1344,271.5983243055555
1345,266.3676968749999
1346,267.1162729166666
1347,274.2228249999999
1348,278.3549173611112
1349,277.4766684027779
1350,275.3674666666666
1351,275.8667572916667
1352,1240.0
1353,271.2003475694445
1354,265.4235291666667
1355,256.9776868055556
1356,986.4402902777767
1357,1240.0
1358,1240.0
1359,268.1085520833333
1360,1240.0
1361,1240.0
1362,1240.0
1363,285.3543506944445
1364,282.4464444444445
1365,280.313128125
1366,280.4575944444445
1367,282.6808572916667
1368,280.8374319444445
1369,279.7074878472222
1370,282.457326736111
1371,287.1563545138889
1372,288.3178131944445
1373,284.4826746527779
1374,281.5398131944444
1375,281.3144329861111
1376,1240.0
1377,260.4374069444445
1378,297.1196982638889
1379,302.4761833333333
1380,1240.0
1381,1240.0
1382,1240.0
1383,293.1887745833351
1384,1240.0
1385,1240.0
1386,1240.0
1387,271.3110167708334
1388,280.5027315972223
1389,281.2464687500001
1390,282.6754190972223
1391,287.3559854166666
1392,285.6108467013889
1393,282.9770569444444
1394,279.1565613368056
1395,277.2018635416666
1396,275.1752291666667
1397,261.11060265625
1398,257.7600791666667
1399,253.7430104166666
1400,232.3680896180556
1401,1094.104616305552
1402,1240.0
1403,131.5774305555555
1404,131.6885416666666
1405,131.7996527777777
1406,124.9789816527778
1407,1240.0
1408,1240.0
1409,1240.0
1410,223.8440163194445
1411,223.8048958333333
1412,223.9167708333334
1413,223.8742125
1414,223.6790045138889
1415,224.3974076388889
1416,225.8449420138889
1417,224.0835190972223
1418,223.8636111111111
1419,224.1048368055556
1420,224.1915045138889
1421,224.3634722222222
1422,224.4153121527778
1423,224.7765972222223
1424,593.6836857638866
1425,1240.0
1426,1240.0
1427,261.3140270833333
1428,269.9590527777777
1429,267.6468517361112
1430,263.8156600694444
1431,1240.0
1432,1240.0
1433,1240.0
1434,1240.0
1435,300.7124645833333
1436,309.0181930555555
1437,316.9319190972222
1438,290.7476833333334
1439,290.9230899305556
1440,289.971376388889
1441,288.1040263888889
1442,288.7466777777778
1443,289.7638885416667
1444,287.7109003472223
1445,289.2149635416666
1446,283.6951246527777
1447,274.6773875
1448,1240.0
1449,272.5864239583333
1450,275.5179413194443
1451,272.2064454861111
1452,1173.064972916668
1453,1240.0
1454,1240.0
1455,271.2380809027778
1456,1240.0
1457,1240.0
1458,1240.0
1459,279.6806913194445
1460,283.6321284722222
1461,282.2316340277778
1462,284.8728673611112
1463,280.6428003472222
1464,284.6449069444444
1465,282.1281246527778
1466,278.9944913194444
1467,278.0561465277778
1468,278.6760076388888
1469,274.1052444444445
1470,269.9835729166666
1471,269.6195451388888
1472,1240.0
1473,259.6789913194445
1474,264.2423027777777
1475,272.2678173611111
1476,1066.781045486112
1477,1240.0
1478,1240.0
1479,276.2615395833333
1480,1240.0
1481,1240.0
1482,1240.0
1483,279.867465625
1484,275.8287489583333
1485,279.0654402777777
1486,277.9780097222222
1487,278.9710322916667
1488,278.3523711805557
1489,276.2339590277779
1490,272.8388177083334
1491,267.5245357638889
1492,270.7123378472223
1493,272.1169645833335
1494,266.79599375
1495,271.903959375
1496,1240.0
1497,271.8746055555556
1498,264.7562711805556
1499,260.6323836805556
1500,604.2091319444457
1501,1240.0
1502,1240.0
1503,252.0871343750001
1504,1240.0
1505,1240.0
1506,1240.0
1507,256.3254277777779
1508,255.4010864583334
1509,255.2165704861112
1510,256.17229375
1511,259.8202107638888
1512,265.4923048611111
1513,262.8385322916666
1514,264.3534142361111
1515,263.9270017361111
1516,266.7192399305555
1517,265.6212378472221
1518,264.3189590277778
1519,264.2704194444445
1520,1240.0
1521,261.7344930555556
1522,258.8994086805556
1523,250.4761
1524,297.6339378472207
1525,1240.0
1526,1240.0
1527,240.2273704861111
1528,1240.0
1529,1240.0
1530,1240.0
1531,239.2457649305555
1532,238.1063892361112
1533,237.993934375
1534,238.3021284722222
1535,240.074190625
1536,246.7336090277777
1537,242.4686673611112
1538,238.6439697916667
1539,238.4674756944444
1540,237.0972774305556
1541,236.5393534722222
1542,235.6102336805556
1543,236.5942107638888
1544,1240.0
1545,236.7564670138889
1546,236.2665295138889
1547,233.8082986111112
1548,234.0640409722222
1549,990.8811496527812
1550,1240.0
1551,239.3911684027778
1552,1240.0
1553,1240.0
1554,1240.0
1555,241.622096875
1556,240.9203010416668
1557,242.6952892361111
1558,244.5046513888889
1559,244.1016666666667
1560,251.2819315972222
1561,248.3525215277778
1562,243.1911451388888
1563,240.13631875
1564,239.6908104166666
1565,239.1499454861111
1566,237.7246767361111
1567,235.5303697916667
1568,1240.0
1569,239.6966777777778
1570,235.9902541666667
1571,236.3300239583334
1572,241.0033364583333
1573,1189.274146180558
1574,1240.0
1575,246.1265048611112
1576,1240.0
1577,1240.0
1578,1240.0
1579,257.2892024305556
1580,252.45273125
1581,253.81369375
1582,253.7391805555555
1583,250.203482638889
1584,251.9827989583333
1585,250.3856131944444
1586,250.3741215277777
1587,247.4429173611111
1588,245.6768993055555
1589,245.1677309027778
1590,240.1610965277778
1591,238.1208486111111
1592,1240.0
1593,237.7586913194444
1594,235.1470513888889
1595,252.0316312500001
1596,262.3130920138843
1597,1240.0
1598,1240.0
1599,252.1849059027778
1600,1240.0
1601,1240.0
1602,1240.0
1603,247.4253590277778
1604,249.20225625
1605,246.1979704861112
1606,244.685565625
1607,245.9509135416666
1608,249.0674190972222
1609,246.2183458333334
1610,247.4931142361111
1611,246.774638888889
1612,244.3902534722222
1613,243.6994090277778
1614,245.4051972222222
1615,243.7246055555556
1616,1240.0
1617,242.1551284722221
1618,240.8482072916667
1619,240.3797784722223
1620,239.9579506944445
1621,1031.304101041665
1622,1240.0
1623,239.6787767361112
1624,1240.0
1625,1240.0
1626,1240.0
1627,238.5243982638889
1628,239.3105302083334
1629,239.4014010416666
1630,239.4654041666666
1631,237.7357975694444
1632,240.7948840277778
1633,233.3269569444444
1634,233.1545368055556
1635,233.3932170138889
1636,233.2703236111111
1637,233.4137701388889
1638,234.6383090277778
1639,234.7562954861111
1640,1240.0
1641,234.2947097222223
1642,233.6225843749999
1643,233.5516309027778
1644,234.2985538194444
1645,987.3388631944424
1646,1240.0
1647,238.2641795138889
1648,1240.0
1649,1240.0
1650,1240.0
1651,244.7090979166667
1652,246.1587975694445
1653,247.4968420138889
1654,246.829290625
1655,254.4667475694444
1656,254.6243298611111
1657,254.3271510416667
1658,251.2067635416668
1659,256.1916093749999
1660,252.1135541666666
1661,246.7935416666666
1662,244.8073263888889
1663,244.8551625000001
1664,242.2113059027778
1665,242.7939961805556
1666,244.2383465277778
1667,1240.0
1668,245.1700895833333
1669,240.1898840277777
1670,240.8133100694444
1671,241.0285680555556
1672,1094.071193055557
1673,248.28289375
1674,1240.0
1675,243.1209739583334
1676,1240.0
1677,1240.0
1678,1240.0
1679,236.8906819444445
1680,239.4779399305556
1681,231.6204274305556
1682,231.1769593750001
1683,234.3135760416666
1684,235.8304958333334
1685,236.1153944444445
1686,234.5494458333334
1687,233.9440260416666
1688,231.7615638888889
1689,231.7668760416668
1690,231.2053784722222
1691,1240.0
1692,229.3973142361112
1693,230.8033440972222
1694,233.8840756944444
1695,256.6833201388889
1696,1091.935476388888
1697,262.7607506944444
1698,1240.0
1699,257.2143375
1700,1240.0
1701,1240.0
1702,1240.0
1703,236.4230552083333
1704,233.4691888888889
1705,228.8885083333333
1706,235.0642579861112
1707,238.5551989583334
1708,237.5623597222222
1709,238.8312722222223
1710,235.2526072916667
1711,237.7078357638889
1712,238.747196875
1713,239.0523378472222
1714,237.4431746527777
1715,1240.0
1716,241.091945486111
1717,238.4655326388889
1718,240.5465864583333
1719,247.4153104166667
1720,1212.334426736111
1721,256.871548263889
1722,1240.0
1723,256.6097204861111
1724,1240.0
1725,1240.0
1726,1240.0
1727,261.1579083333335
1728,273.0783555555556
1729,268.6127645833334
1730,271.8478020833334
1731,274.4499541666667
1732,277.5146395833333
1733,275.2971635416666
1734,274.6890013888888
1735,267.87228125
1736,261.2218288194443
1737,1240.0
1738,1240.0
1739,257.2688541666667
1740,1240.0
1741,1240.0
1742,1240.0
1743,1240.0
1744,266.9563180555555
1745,269.5762979166667
1746,276.4715072916666
1747,280.9845263888888
1748,279.0471381944443
1749,274.3731267361111
1750,270.6915256944445
1751,272.9072791666666
1752,857.0473500000026
1753,273.1981378472223
1754,271.6033565972222
1755,269.7721545138888
1756,269.3146760416666
1757,267.6475809027779
1758,267.1620260416666
1759,268.3433434027776
1760,268.8160309027778
1761,268.7366767361111
1762,266.8353232638889
1763,1240.0
1764,269.2567829861111
1765,270.1993881944445
1766,273.0366916666667
1767,263.8977434027777
1768,1240.0
1769,252.9918854166667
1770,1240.0
1771,259.8617260416667
1772,1240.0
1773,1240.0
1774,1240.0
1775,760.4333385416694
1776,263.7874291666667
1777,261.6308208333334
1778,265.1237951388889
1779,265.387054861111
1780,264.1714114583333
1781,263.0377659722223
1782,261.9223843750001
1783,259.3080659722222
1784,258.1375006944444
1785,1240.0
1786,1240.0
1787,271.70240625
1788,1240.0
1789,1240.0
1790,1240.0
1791,1240.0
1792,267.5893295138888
1793,266.9261118055555
1794,266.2114555555555
1795,265.8460319444445
1796,267.5671625
1797,267.3478934027777
1798,266.8478944444445
1799,265.432246875
1800,808.0792864583366
1801,261.831595138889
1802,262.0036913194444
1803,261.7431704861111
1804,259.4111118055556
1805,253.3235194444444
1806,253.6418270833333
1807,251.227267013889
1808,248.848484375
1809,1240.0
1810,1240.0
1811,253.352776388889
1812,1240.0
1813,1240.0
1814,1240.0
1815,1240.0
1816,261.9716881944444
1817,266.0394899305556
1818,268.6131253472222
1819,265.2782038194445
1820,266.6811784722222
1821,264.7515618055555
1822,272.6203493055555
1823,272.5710395833334
1824,621.1490406250032
1825,275.7404843750001
1826,276.4643663194445
1827,279.9950229166666
1828,278.382289236111
1829,277.1881711805556
1830,270.6582166666666
1831,268.7493520833333
1832,268.3216670138891
1833,1240.0
1834,1240.0
1835,269.3478454861112
1836,1240.0
1837,1240.0
1838,1240.0
1839,1240.0
1840,278.5152333333333
1841,277.3552322916667
1842,278.4190402777778
1843,277.0725222222222
1844,276.4551378472222
1845,273.8748138888889
1846,273.5497458333334
1847,278.0907756944445
1848,1100.647311111112
1849,280.9381107638889
1850,280.5021527777778
1851,278.6057645833333
1852,277.424375
1853,277.0388319444444
1854,277.2297006944444
1855,275.3218493055556
1856,273.4281388888888
1857,1240.0
1858,1240.0
1859,288.3503465277777
1860,1240.0
1861,1240.0
1862,1240.0
1863,1240.0
1864,280.1518649305556
1865,278.3318614583334
1866,278.0216892361112
1867,270.7489229166666
1868,263.7258208333333
1869,267.8174319444444
1870,275.0316888888889
1871,275.4375385416666
1872,1153.557438541668
1873,274.8023055555555
1874,268.2016315972222
1875,264.1237072916667
1876,261.9129753472222
1877,262.2284229166667
1878,260.5615159722222
1879,260.0568065972222
1880,257.2086111111111
1881,257.5981586805556
1882,257.6852059027777
1883,1240.0
1884,258.1127909722222
1885,255.8270704861112
1886,256.105726388889
1887,257.2568732638888
1888,1240.0
1889,257.755878125
1890,1240.0
1891,256.7822336805555
1892,1240.0
1893,1240.0
1894,1240.0
1895,536.8804777777816
1896,250.7525583333333
1897,253.5842718750001
1898,254.605428125
1899,254.3016204861111
1900,254.248495486111
1901,254.1095600694445
1902,255.3782756944444
1903,254.4036458333333
1904,254.5399652777778
1905,1240.0
1906,1240.0
1907,254.8400694444445
1908,1240.0
1909,1240.0
1910,1240.0
1911,1240.0
1912,256.0692479166667
1913,256.00835625
1914,256.6643749999999
1915,258.0803357638889
1916,255.9234607638889
1917,261.8854531250001
1918,262.4915659722222
1919,264.1506930555556
1920,513.7388930555574
1921,265.6243045138888
1922,265.3035666666667
1923,262.1146767361111
1924,259.5339684027777
1925,260.2257611111112
1926,259.3375121527778
1927,259.5485673611111
1928,261.4394114583333
1929,1240.0
1930,1240.0
1931,270.7985986111112
1932,1240.0
1933,1240.0
1934,1240.0
1935,1240.0
1936,264.6553631944445
1937,262.3569107638889
1938,263.9178833333334
1939,270.2175097222221
1940,267.0792937499999
1941,272.207628125
1942,278.0607625000001
1943,286.8641670138889
1944,904.2941458333335
1945,280.0562027777777
1946,278.3446746527778
1947,276.7817253472222
1948,278.6993065972222
1949,275.553575
1950,278.2823395833333
1951,277.7684590277778
1952,279.2656493055555
1953,1240.0
1954,1240.0
1955,287.4891916666667
1956,1240.0
1957,1240.0
1958,1240.0
1959,1240.0
1960,275.3859618055556
1961,273.9120038194444
1962,269.4441072916668
1963,274.3376725694444
1964,271.7726260416666
1965,264.6255204861112
1966,262.3451517361111
1967,263.1958333333333
1968,1113.499127430554
1969,259.7640024305556
1970,257.0370131944444
1971,257.0243770833334
1972,257.5852895833333
1973,257.3172548611111
1974,256.7749201388889
1975,256.1584211805555
1976,254.3961010416666
1977,1240.0
1978,1240.0
1979,265.7883822916667
1980,1240.0
1981,1240.0
1982,1240.0
1983,1240.0
1984,267.7759729166666
1985,263.601032638889
1986,265.5347791666667
1987,268.4963437500001
1988,275.4427340277778
1989,274.9657774305555
1990,278.5366642361111
1991,281.9695465277778
1992,803.9774555555566
1993,280.1282631944444
1994,274.3034517361111
1995,265.6545385416667
1996,266.8069548611111
1997,265.1401177083333
1998,265.2842604166667
1999,263.1443166666667
2000,262.5280770833334
2001,1240.0
2002,1240.0
2003,263.2781138888889
2004,1240.0
2005,1240.0
2006,1240.0
2007,1240.0
2008,276.5971059027778
2009,278.8825020833333
2010,281.8714375
2011,284.6086677083333
2012,281.3078708333334
2013,281.4688878472222
2014,272.95021875
2015,270.71963125
2016,914.6574541666639
2017,263.6979013888889
2018,1240.0
2019,269.5027527777778
2020,1240.0
2021,263.2377781250001
2022,251.7834142361112
2023,244.0213795138889
2024,243.0757774305555
2025,244.0523711805555
2026,618.6299236111108
2027,1240.0
2028,1240.0
2029,1240.0
2030,268.7409618055555
2031,1240.0
2032,265.0696399305556
2033,266.0710663194443
2034,267.3000020833333
2035,265.0417809027778
2036,252.3595350694444
2037,251.5165517361112
2038,249.3545819444444
2039,247.6532423611112
2040,248.7027916666667
2041,249.5103249999999
2042,251.2974083333334
2043,247.5911097222222
2044,251.0099857638888
2045,247.2020958333333
2046,248.8092121527777
2047,245.80365625
2048,246.453184375
2049,244.9989583333333
2050,1240.0
2051,1240.0
2052,1240.0
2053,245.4434027777778
2054,245.5545138888889
2055,1240.0
2056,1240.0
2057,1193.987394097221
2058,245.9989583333333
2059,246.1100694444444
2060,246.2211805555555
2061,246.3322916666666
2062,246.4434027777778
2063,246.5545138888889
2064,246.665625
2065,244.1934027777777
2066,244.3045138888889
2067,244.415625
2068,244.5267361111111
2069,244.6378472222222
2070,244.665625
2071,244.7767361111111
2072,244.8878472222222
2073,244.9989583333333
2074,1240.0
2075,1240.0
2076,1240.0
2077,245.4434027777778
2078,245.5545138888889
2079,1240.0
2080,1240.0
2081,1162.718750000002
2082,245.9989583333333
2083,246.1100694444444
2084,246.2211805555555
2085,246.3322916666666
2086,246.4434027777778
2087,246.5545138888889
2088,246.665625
2089,244.1934027777777
2090,244.3045138888889
2091,244.415625
2092,244.5267361111111
2093,244.6378472222222
2094,244.665625
2095,244.7767361111111
2096,244.8878472222222
2097,1240.0
2098,1161.829861111113
2099,245.2211805555555
2100,1240.0
2101,1240.0
2102,1240.0
2103,1240.0
2104,245.7767361111111
2105,245.8878472222222
2106,245.9989583333333
2107,246.1100694444444
2108,246.2211805555555
2109,246.3322916666666
2110,246.4434027777778
2111,246.5545138888889
2112,246.665625
2113,244.1934027777777
2114,244.3045138888889
2115,244.415625
2116,244.5267361111111
2117,244.6378472222222
2118,244.665625
2119,244.7767361111111
2120,244.8878472222222
2121,244.9989583333333
2122,1240.0
2123,1240.0
2124,1240.0
2125,245.4434027777778
2126,245.5545138888889
2127,1240.0
2128,1240.0
2129,1162.718750000002
2130,245.9989583333333
2131,246.1100694444444
2132,246.2211805555555
2133,246.3322916666666
2134,246.4434027777778
2135,246.5545138888889
2136,246.665625
2137,244.1934027777777
2138,244.3045138888889
2139,244.415625
2140,244.5267361111111
2141,244.6378472222222
2142,244.665625
2143,244.7767361111111
2144,244.8878472222222
2145,244.9989583333333
2146,1240.0
2147,1240.0
2148,1240.0
2149,245.4434027777778
2150,245.5545138888889
2151,1240.0
2152,1240.0
2153,1167.293807638891
2154,246.9477083333333
2155,246.8663194444444
2156,246.4279395833333
2157,246.285057986111
2158,246.1575809027778
2159,246.037361111111
2160,246.2764236111111
2161,243.8622569444445
2162,244.1372225694444
2163,245.2494097222223
2164,244.0452315972223
2165,244.1467940972223
2166,244.2355555555555
2167,244.28695625
2168,244.4132173611111
2169,1240.0
2170,1240.0
2171,278.0538920138889
2172,1240.0
2173,1240.0
2174,1240.0
2175,1240.0
2176,254.5188088888889
2177,268.9571618055556
2178,263.5689118055555
2179,268.4726586805555
2180,268.0750225694445
2181,262.3136114583334
2182,255.9348486111111
2183,256.4823982638889
2184,555.6030512500007
2185,261.6564145833332
2186,1240.0
2187,263.3834944444444
2188,1240.0
2189,266.1388986111111
2190,265.7849881944445
2191,263.9399076388889
2192,263.1916430555555
2193,262.62149375
2194,885.5810843750032
2195,1240.0
2196,1240.0
2197,1240.0
2198,268.9189458333333
2199,1240.0
2200,277.3305652777778
2201,284.0372232638888
2202,281.9983701388888
2203,274.8862701388889
2204,271.8311885416667
2205,261.2849069444444
2206,261.4727072916667
2207,264.6534621527778
2208,265.7246517361111
2209,249.4447541666667
2210,244.5958131944444
2211,244.6954659722223
2212,248.8381281249999
2213,246.582201388889
2214,245.0371329861111
2215,243.2683107638889
2216,244.1326166666667
2217,1240.0
2218,1240.0
2219,260.1996423611111
2220,1240.0
2221,1240.0
2222,1240.0
2223,1240.0
2224,266.8554864583333
2225,274.5553111111111
2226,274.324595486111
2227,279.0627079861111
2228,273.0054190972223
2229,271.484220486111
2230,265.2801406250001
2231,263.340079513889
2232,625.318215972223
2233,258.3038315972223
2234,1240.0
2235,263.8424659722223
2236,1240.0
2237,258.1709020833333
2238,253.0616524305555
2239,247.8804184027777
2240,244.2386694444444
2241,243.4511913194445
2242,703.5270138888925
2243,1240.0
2244,1240.0
2245,1240.0
2246,276.2645017361111
2247,1240.0
2248,270.3780333333333
2249,266.0526222222222
2250,265.2406840277777
2251,265.5431493055556
2252,264.9090881944445
2253,262.7537399305556
2254,259.5134125
2255,263.0560409722223
2256,261.5743201388888
2257,255.3357416666666
2258,252.4171399305555
2259,250.7870986111111
2260,247.9709836805556
2261,246.4741079861111
2262,245.319384375
2263,241.8660614583333
2264,229.3295958333333
2265,1240.0
2266,1150.19153715278
2267,238.3417267361112
2268,1240.0
2269,1240.0
2270,1240.0
2271,1240.0
2272,254.1441204861111
2273,250.745160763889
2274,243.5582048611112
2275,241.6391548611111
2276,246.7407559027778
2277,241.8318416666666
2278,242.7584024305555
2279,239.9757777777778
2280,240.9491885416666
2281,236.9680315972222
2282,1240.0
2283,235.5029506944445
2284,1240.0
2285,238.0765503472223
2286,236.5565642361111
2287,236.9860899305556
2288,237.7675114583334
2289,239.9156586805556
2290,240.3863055555556
2291,1240.0
2292,1240.0
2293,1240.0
2294,248.1892940972223
2295,1068.039517013891
2296,245.8425590277778
2297,249.4303802083334
2298,250.550846875
2299,249.2543631944444
2300,247.8010309027778
2301,246.9060996527778
2302,246.8429152777778
2303,246.2879184027778
2304,236.3431940972222
2305,231.2896638888889
2306,232.1301611111111
2307,232.6843302083333
2308,231.2679194444443
2309,230.5890385416666
2310,230.5647458333333
2311,229.1227447916666
2312,231.9864013888889
2313,225.3379857638889
2314,1240.0
2315,1240.0
2316,1240.0
2317,237.0468638888889
2318,884.0822329861148
2319,1240.0
2320,1240.0
2321,243.1649628472223
2322,243.2402989583333
2323,243.098059375
2324,242.008715625
2325,243.5370930555555
2326,240.5328128472223
2327,238.8653361111111
2328,236.9213305555554
2329,240.4450006944445
2330,240.8127770833334
2331,243.0692725694445
2332,233.3651746527779
2333,234.2077076388889
2334,222.7826298611111
2335,222.9084697916668
2336,221.397048263889
2337,224.1099302083333
2338,1240.0
2339,1240.0
2340,1240.0
2341,234.5989927083334
2342,237.2443972222222
2343,1240.0
2344,1240.0
2345,863.3397753472275
2346,246.3864708333334
2347,236.5759017361111
2348,242.89778125
2349,240.6429631944445
2350,242.3201413194445
2351,234.7244670138889
2352,235.1675819444445
2353,306.7272378472223
2354,1240.0
2355,313.2050704861112
2356,1240.0
2357,1031.587843402779
2358,305.9517128472222
2359,307.0546069444445
2360,306.8683086805555
2361,307.2116454861111
2362,1240.0
2363,1240.0
2364,1240.0
2365,1240.0
2366,290.2446055555556
2367,1240.0
2368,300.6516336805556
2369,298.2812482638888
2370,297.1698829861111
2371,302.8480940972223
2372,303.3422906250001
2373,301.5105784722223
2374,294.671828125
2375,308.7171635416667
2376,318.5286447916667
2377,315.3155100694444
2378,1240.0
2379,313.4280010416666
2380,1240.0
2381,949.7442861111108
2382,308.0661590277778
2383,303.4237142361111
2384,310.3455333333334
2385,303.5624184027778
2386,1240.0
2387,1240.0
2388,1240.0
2389,1240.0
2390,303.8438649305556
2391,1240.0
2392,290.2082527777778
2393,291.0125927083334
2394,290.4426958333334
2395,287.0932631944445
2396,284.3619475694445
2397,283.0933468750001
2398,279.8055333333334
2399,285.1238194444445
2400,287.0261236111112
2401,289.2570934027778
2402,293.1003128472221
2403,295.2843625
2404,295.5194795138889
2405,295.7854059027778
2406,298.6289503472223
2407,298.0222572916667
2408,295.8521416666666
2409,737.1687069444483
2410,1240.0
2411,1240.0
2412,1240.0
2413,292.1821177083332
2414,1240.0
2415,1240.0
2416,1240.0
2417,1240.0
2418,293.2954440972222
2419,297.6196545138889
2420,297.3214493055555
2421,296.8672791666667
2422,297.8731597222222
2423,300.9561833333334
2424,300.3570045138889
2425,298.1379371527778
2426,294.4148402777777
2427,292.1650190972223
2428,293.0406576388888
2429,294.9248861111111
2430,291.9346083333333
2431,287.5908472222222
2432,282.2960395833333
2433,609.3968371527786
2434,1240.0
2435,1240.0
2436,1240.0
2437,288.5230899305556
2438,1240.0
2439,1240.0
2440,1240.0
2441,1240.0
2442,295.7895378472222
2443,301.2902663194444
2444,299.8761437499999
2445,295.9290996527777
2446,299.1058236111111
2447,296.7238548611111
2448,296.792821875
2449,289.0909517361113
2450,1240.0
2451,287.405484375
2452,1240.0
2453,846.5856902777771
2454,289.6043649305556
2455,291.1057493055555
2456,295.3642711805556
2457,300.1218625
2458,1240.0
2459,1240.0
2460,1240.0
2461,1240.0
2462,304.7588736111111
2463,1240.0
2464,303.015865625
2465,298.0593454861112
2466,295.2074545138889
2467,295.7767694444445
2468,297.3054065972223
2469,299.4979899305557
2470,297.704979861111
2471,298.7451020833334
2472,304.0906364583332
2473,310.066317013889
2474,1240.0
2475,310.8915010416666
2476,1240.0
2477,1145.258462500001
2478,299.0539208333333
2479,297.3162982638889
2480,298.3168284722223
2481,297.4202427083333
2482,1240.0
2483,1240.0
2484,1240.0
2485,1240.0
2486,310.8600604166666
2487,1240.0
2488,312.0925243055555
2489,310.2033927083334
2490,312.4255076388888
2491,311.2931336805556
2492,312.6602072916667
2493,317.2958350694445
2494,316.8382302083333
2495,316.9860072916666
2496,304.1744090277778
2497,301.2567701388887
2498,1240.0
2499,299.6601736111111
2500,1240.0
2501,1176.660529166664
2502,309.7632649305555
2503,309.2361423611112
2504,315.64946875
2505,318.0743968749999
2506,1240.0
2507,1240.0
2508,1240.0
2509,1240.0
2510,312.9849458333334
2511,1240.0
2512,310.6792020833334
2513,310.4189326388889
2514,303.9967572916667
2515,303.5358444444445
2516,299.8892625
2517,294.3938052083333
2518,299.0706840277777
2519,297.2900211805555
2520,298.3085093749999
2521,296.5462517361112
2522,1240.0
2523,307.0584406249999
2524,1240.0
2525,1086.685902430559
2526,304.6649378472222
2527,294.5417225694446
2528,293.7696552083333
2529,295.8664923611111
2530,1240.0
2531,1240.0
2532,1240.0
2533,1240.0
2534,312.8182861111111
2535,1240.0
2536,306.899353125
2537,303.9757909722223
2538,293.3216656249999
2539,307.5271618055555
2540,308.37695625
2541,309.8886586805555
2542,315.0219513888888
2543,314.0482194444445
2544,311.5577788194444
2545,304.5090305555556
2546,1240.0
2547,304.2054388888889
2548,1240.0
2549,755.294481597221
2550,299.5197680555555
2551,295.3832756944444
2552,293.939490625
2553,295.46634375
2554,1240.0
2555,1240.0
2556,1240.0
2557,1240.0
2558,284.9647329861111
2559,1240.0
2560,286.1168645833334
2561,301.4201989583333
2562,298.1580996527777
2563,291.2718638888888
2564,290.3036017361111
2565,285.5151270833333
2566,288.3262048611111
2567,291.7951142361111
2568,294.8491065972221
2569,292.3988430555556
2570,1240.0
2571,293.09009375
2572,1240.0
2573,667.8957947916667
2574,286.9611829861111
2575,287.5721319444444
2576,285.2731711805555
2577,293.6182420138888
2578,1240.0
2579,1240.0
2580,1240.0
2581,1240.0
2582,298.2325916666667
2583,1240.0
2584,283.4573854166667
2585,283.0658559027777
2586,285.294723263889
2587,287.9475461805555
2588,279.4320604166666
2589,275.7182517361111
2590,281.3271996527777
2591,283.1719565972222
2592,290.6377861111111
2593,293.7361593750001
2594,1240.0
2595,294.3403270833334
2596,1240.0
2597,285.2672927083334
2598,284.5462704861111
2599,280.0564850694445
2600,275.576235763889
2601,271.6575795138889
2602,1140.094662152777
2603,1240.0
2604,1240.0
2605,1240.0
2606,267.8596093749999
2607,1240.0
2608,264.1335416666667
2609,277.5648423611111
2610,275.7117361111112
2611,274.2301402777778
2612,278.1042940972222
2613,278.9431375
2614,275.9844329861111
2615,271.4137986111111
2616,272.1136131944444
2617,268.4268635416666
2618,267.3139694444445
2619,266.7893979166666
2620,265.7668996527777
2621,266.0784017361111
2622,264.7823052083333
2623,257.8972107638889
2624,255.9399666666667
2625,256.0285434027778
2626,257.3260996527778
2627,1240.0
2628,262.2318524305556
2629,264.3810197916667
2630,264.5919465277778
2631,265.8110791666666
2632,1240.0
2633,259.05160625
2634,1240.0
2635,252.6169211805556
2636,1240.0
2637,1240.0
2638,1240.0
2639,661.3617388888879
2640,269.5126965277777
2641,268.1910791666668
2642,268.5788444444445
2643,265.8591093749999
2644,266.6187600694445
2645,266.8631684027777
2646,266.541795138889
2647,263.54553125
2648,257.9953340277778
2649,256.5543513888888
2650,254.5795364583333
2651,1240.0
2652,248.2057048611111
2653,255.9880434027778
2654,277.224375
2655,285.9483319444444
2656,1240.0
2657,280.5128142361111
2658,1240.0
2659,275.3316680555555
2660,1240.0
2661,1240.0
2662,1240.0
2663,976.3259708333316
2664,291.73536875
2665,289.5429170138888
2666,275.0853927083332
2667,267.3345607638889
2668,263.6779177083333
2669,259.0842364583334
2670,258.9926656250001
2671,257.5302888888888
2672,256.057732638889
2673,1240.0
2674,1240.0
2675,255.3073590277778
2676,1240.0
2677,1240.0
2678,1240.0
2679,1240.0
2680,272.5117472222223
2681,279.0020934027777
2682,273.8854052083333
2683,276.1925704861112
2684,278.1604413194444
2685,264.5076732638889
2686,269.4371388888889
2687,281.430290625
2688,844.7952916666641
2689,284.0140149305554
2690,287.5315600694445
2691,290.2536472222222
2692,295.8263100694444
2693,278.70039375
2694,278.7298951388889
2695,268.7603444444445
2696,262.3516645833333
2697,1240.0
2698,1240.0
2699,268.7001138888889
2700,1240.0
2701,1240.0
2702,1240.0
2703,1240.0
2704,274.0390145833334
2705,277.6435190972222
2706,267.1891562499999
2707,266.1189135416667
2708,265.4429614583333
2709,259.0979416666667
2710,264.9753951388889
2711,274.2991336805556
2712,970.3609322916695
2713,275.6069097222221
2714,275.6977798611111
2715,270.4642131944445
2716,268.0744743055555
2717,264.3685607638889
2718,261.4075690972222
2719,260.4544541666667
2720,251.6012041666667
2721,1240.0
2722,1240.0
2723,259.6915743055555
2724,1240.0
2725,1240.0
2726,1240.0
2727,1240.0
2728,276.1575361111111
2729,277.1430430555556
2730,264.9056361111111
2731,273.5543506944443
2732,277.1347916666667
2733,279.1553697916667
2734,289.6599552083334
2735,287.2317704861111
2736,917.3405427083303
2737,286.1041451388888
2738,300.5729322916666
2739,299.7916878472222
2740,302.4182850694445
2741,299.5190395833334
2742,303.4904638888888
2743,289.6571618055555
2744,282.9599888888889
2745,1240.0
2746,1240.0
2747,722.0948576388832
2748,1240.0
2749,1240.0
2750,1240.0
2751,1240.0
2752,300.9995815972222
2753,294.3469680555555
2754,301.4092152777778
2755,302.8086232638889
2756,305.0772131944445
2757,304.5891784722221
2758,305.5427305555554
2759,300.845290625
2760,1240.0
2761,309.4487156250001
2762,1240.0
2763,306.4591659722223
2764,1240.0
2765,988.5438489583314
2766,300.6187458333334
2767,289.1691694444444
2768,288.2192340277778
2769,291.6528802083334
2770,1240.0
2771,1240.0
2772,1240.0
2773,1240.0
2774,300.282234375
2775,1240.0
2776,290.4237958333333
2777,290.2247680555556
2778,293.5018131944445
2779,306.9539940972222
2780,305.2501020833333
2781,307.0533559027778
2782,304.492257986111
2783,308.2177065972222
2784,308.3238555555556
2785,310.0060993055555
2786,315.1185184027779
2787,320.5454017361111
2788,313.9668881944445
2789,312.2770003472222
2790,306.5382517361111
2791,301.7028003472222
2792,300.4520253472222
2793,1240.0
2794,1240.0
2795,1020.695212152778
2796,1240.0
2797,1240.0
2798,1240.0
2799,1240.0
2800,295.8551763888889
2801,290.4856361111111
2802,288.9565520833332
2803,287.0688215277778
2804,295.9486086805555
2805,307.1785100694444
2806,305.442915625
2807,304.7345020833333
2808,1240.0
2809,301.8841760416666
2810,1240.0
2811,311.7874184027778
2812,1240.0
2813,955.6198809027776
2814,298.833665625
2815,294.3964579861112
2816,289.0358361111111
2817,288.7471743055556
2818,1240.0
2819,1240.0
2820,1240.0
2821,1240.0
2822,302.8832753472223
2823,1240.0
2824,312.6744822916666
2825,313.620395486111
2826,307.3115260416668
2827,303.2003704861111
2828,304.6770600694445
2829,307.6587388888889
2830,307.762084375
2831,309.0684222222222
2832,312.0129270833334
2833,301.2469684027778
2834,1240.0
2835,305.5694927083333
2836,1240.0
2837,436.0854283368059
2838,290.4291086805555
2839,290.9566684027778
2840,292.6402454861111
2841,293.8188902777777
2842,1240.0
2843,1240.0
2844,1240.0
2845,1240.0
2846,272.2387256840277
2847,1240.0
2848,278.9667388888889
2849,277.1368055555556
2850,277.2479166666666
2851,277.3590277777778
2852,277.4701388888889
2853,277.58125
2854,277.692361111111
2855,277.8034722222222
2856,277.9145833333333
2857,275.3590277777778
2858,1240.0
2859,275.58125
2860,1240.0
2861,275.8034722222222
2862,275.9145833333333
2863,276.0256944444444
2864,276.1368055555556
2865,276.5777895833334
2866,1097.669007638887
2867,1240.0
2868,1240.0
2869,1240.0
2870,272.2363065972222
2871,1240.0
2872,263.2213305555555
2873,262.0349809027778
2874,272.0916645833333
2875,271.2509756944444
2876,275.2877083333333
2877,289.8555440972223
2878,290.8447420138889
2879,299.8873736111111
2880,304.2847902777777
2881,300.4152215277777
2882,305.32024375
2883,306.5625479166666
2884,287.8861895833333
2885,282.0598496527778
2886,278.9003704861112
2887,265.4412503472221
2888,262.6752996527778
2889,1240.0
2890,1240.0
2891,343.9054413194474
2892,1240.0
2893,1240.0
2894,1240.0
2895,1240.0
2896,279.6593302083334
2897,282.7488402777777
2898,279.7585680555554
2899,279.8367013888889
2900,281.3755215277778
2901,295.1139034722221
2902,307.920845138889
2903,310.924929861111
2904,1240.0
2905,298.6419822916666
2906,317.5898288194444
2907,324.2453031249999
2908,311.5886434027777
2909,304.1799062499999
2910,303.408345138889
2911,301.8763284722222
2912,299.5799138888888
2913,1116.080518402777
2914,1240.0
2915,1240.0
2916,1240.0
2917,311.8110079861112
2918,1240.0
2919,1240.0
2920,1240.0
2921,1240.0
2922,295.9451121527777
2923,326.959735763889
2924,327.3564131944445
2925,321.2004506944444
2926,326.3732177083334
2927,325.2954649305556
2928,325.7177326388889
2929,335.4084621527779
2930,1240.0
2931,539.0189579861084
2932,1240.0
2933,1240.0
2934,319.000084375
2935,315.7805114583334
2936,315.2168534722222
2937,315.9208666666667
2938,1240.0
2939,1240.0
2940,1240.0
2941,1240.0
2942,305.8811607638889
2943,1240.0
2944,299.9841218750001
2945,298.535115625
2946,301.9467361111111
2947,307.2935447916667
2948,306.4015399305556
2949,305.0526034722221
2950,302.9413090277778
2951,299.5727756944445
2952,312.0577392361112
2953,309.0154628472222
2954,1240.0
2955,308.5620263888889
2956,1240.0
2957,1012.855624305558
2958,301.2453940972222
2959,296.0831225694445
2960,293.1213635416667
2961,288.7180204861111
2962,1240.0
2963,1240.0
2964,1240.0
2965,1240.0
2966,302.9550809027778
2967,1240.0
2968,308.3441215277778
2969,312.1347552083333
2970,314.48036875
2971,315.9867295138889
2972,317.6313440972223
2973,315.9995131944444
2974,307.8627847222222
2975,314.3904392361111
2976,308.2025201388888
2977,309.3566659722223
2978,309.1522944444445
2979,316.2701753472222
2980,316.2341065972223
2981,313.5663180555556
2982,312.6432517361111
2983,310.0695465277778
2984,314.4605982638889
2985,1240.0
2986,1240.0
2987,1240.0
2988,1240.0
2989,473.6385142361134
2990,1240.0
2991,1240.0
2992,1240.0
2993,1240.0
2994,311.6117128472222
2995,316.3957885416667
2996,324.0091756944445
2997,327.1964684027778
2998,312.5525614583334
2999,316.7817934027779
3000,323.4310305555555
3001,320.7270256944444
3002,318.2149444444444
3003,325.729917013889
3004,323.7854048611111
3005,325.1122472222222
3006,324.8975579861112
3007,325.3527972222221
3008,326.2334065972221
3009,1240.0
3010,1240.0
3011,1240.0
3012,1240.0
3013,583.1515861111103
3014,1240.0
3015,1240.0
3016,1240.0
3017,1240.0
3018,318.2241923611111
3019,319.3843756944445
3020,322.7564031249999
3021,318.8893059027779
3022,321.8669090277777
3023,325.6395947916666
3024,329.3933131944444
3025,324.2616663194443
3026,1240.0
3027,730.1644173611104
3028,1240.0
3029,1240.0
3030,322.0789329861112
3031,318.5053013888888
3032,308.98644375
3033,302.6131586805556
3034,1240.0
3035,1240.0
3036,1240.0
3037,1240.0
3038,323.3800680555555
3039,1240.0
3040,322.7887503472222
3041,319.1964048611111
3042,319.6409486111111
3043,323.5645020833334
3044,320.8102652777777
3045,329.9681131944445
3046,334.2639347222222
3047,336.4547336805555
3048,338.1972517361111
3049,338.3024541666667
3050,1240.0
3051,749.9944861111134
3052,1240.0
3053,1240.0
3054,321.9513642361112
3055,319.0102288194445
3056,313.9580913194446
3057,320.1211107638889
3058,1240.0
3059,1240.0
3060,1240.0
3061,1240.0
3062,337.4167809027776
3063,1240.0
3064,321.0509020833334
3065,331.7013875
3066,321.5178253472222
3067,325.9484732638889
3068,312.7003100694444
3069,302.6472444444445
3070,306.8721520833334
3071,298.2529045138889
3072,276.5975107638889
3073,266.4900229166666
3074,263.6073243055555
3075,263.0020361111111
3076,258.638540625
3077,258.5960732638889
3078,253.2474083333334
3079,251.5964822916666
3080,247.2560319444444
3081,714.3123940972233
3082,1240.0
3083,1240.0
3084,1240.0
3085,288.6035083333333
3086,286.1734079861111
3087,1240.0
3088,1240.0
3089,1240.0
3090,264.7717805555555
3091,266.3202802083333
3092,261.1888204861111
3093,266.7681034722222
3094,267.6778607638889
3095,260.3891798611111
3096,261.4710631944445
3097,256.6348600694444
3098,270.859582986111
3099,273.8660881944444
3100,273.2362260416667
3101,271.3164135416667
3102,270.6397555555557
3103,270.1835555555555
3104,269.3843649305556
3105,1151.896767708331
3106,1240.0
3107,1240.0
3108,1240.0
3109,279.6901927083333
3110,284.5357652777778
3111,1240.0
3112,1240.0
3113,1240.0
3114,291.8814357638888
3115,291.0804642361111
3116,293.4696156250001
3117,288.5882065972223
3118,282.479863888889
3119,275.3776940972223
3120,267.0039138888889
3121,258.1872100694445
3122,257.5162246527777
3123,258.1180097222223
3124,253.4749322916666
3125,247.2857420138889
3126,245.6320736111112
3127,244.6317246527777
3128,244.2629871527778
3129,242.8071069444444
3130,1240.0
3131,1240.0
3132,1240.0
3133,238.9815395833334
3134,233.0586913194444
3135,1240.0
3136,1240.0
3137,1117.960347569447
3138,241.9059156250001
3139,244.0574982638889
3140,246.3165409722222
3141,245.5710746527778
3142,246.9553364583333
3143,250.3609704861111
3144,252.4510677083333
3145,251.0799875
3146,251.2984236111112
3147,245.0350090277777
3148,243.3837006944444
3149,236.8519086805555
3150,233.6141892361111
3151,233.3046527777778
3152,233.0631013888888
3153,1240.0
3154,1240.0
3155,242.8583427083333
3156,1240.0
3157,1240.0
3158,1240.0
3159,1240.0
3160,316.7072586805555
3161,318.0298954861112
3162,323.9903628472222
3163,264.1829177083333
3164,260.1798503472222
3165,262.8140822916666
3166,259.8700246527778
3167,262.3638305555555
3168,513.1002624999974
3169,260.5988079861111
3170,248.2883222222221
3171,256.7764940972222
3172,261.215925
3173,255.4450940972222
3174,256.5677770833333
3175,254.0930003472222
3176,252.2235979166666
3177,776.0169440972198
3178,1240.0
3179,1240.0
3180,1240.0
3181,261.6039805555556
3182,266.8686697916665
3183,1240.0
3184,1240.0
3185,1240.0
3186,274.5529996527778
3187,295.9549659722223
3188,299.6525395833333
3189,291.9067927083333
3190,291.248923611111
3191,287.6675256944443
3192,282.5988319444444
3193,275.6737725694444
3194,271.1364944444445
3195,278.9790489583333
3196,281.4116208333334
3197,275.5809496527778
3198,274.3667715277776
3199,272.4208559027778
3200,270.8461934027778
3201,978.5223618055554
3202,1240.0
3203,1240.0
3204,1240.0
3205,274.3954288194444
3206,277.1835864583334
3207,1240.0
3208,1240.0
3209,1240.0
3210,265.3361684027777
3211,273.716251388889
3212,276.2614934027777
3213,272.8298152777778
3214,267.1197100694444
3215,267.0306840277777
3216,264.9240958333332
3217,256.4825909722223
3218,253.2688770833333
3219,252.6947788194445
3220,251.0653670138889
3221,253.6258913194445
3222,253.4684253472223
3223,252.576295138889
3224,252.3554982638888
3225,1240.0
3226,1240.0
3227,1240.0
3228,1240.0
3229,260.5510895833334
3230,592.2754197916684
3231,1240.0
3232,1240.0
3233,267.0647569444444
3234,271.2816434027779
3235,270.7980690972223
3236,269.030520138889
3237,266.0541225694445
3238,264.3784954861111
3239,271.1414267361111
3240,273.4096336805555
3241,270.7977430555555
3242,266.899459375
3243,260.439084375
3244,257.114225
3245,255.9068625
3246,255.476435763889
3247,254.7435711805556
3248,253.1509600694445
3249,551.3807864583389
3250,1240.0
3251,1240.0
3252,1240.0
3253,247.1522215277778
3254,252.69993125
3255,1240.0
3256,1240.0
3257,1240.0
3258,258.7734729166667
3259,266.5751628472221
3260,265.4604847222222
3261,262.1977559027778
3262,265.250345138889
3263,268.6848864583333
3264,269.4297704861111
3265,275.8282079861111
3266,259.4030309027777
3267,258.013865625
3268,263.8672548611111
3269,269.0453715277778
3270,263.8499329861111
3271,261.409015625
3272,261.9452302083334
3273,970.7049621527765
3274,1240.0
3275,1240.0
3276,1240.0
3277,276.8238340277778
3278,275.8379979166666
3279,1240.0
3280,1240.0
3281,1240.0
3282,288.5737947916667
3283,284.80028125
3284,285.4990760416666
3285,263.7548152777779
3286,260.8612961805556
3287,258.3581232638888
3288,270.2867232638889
3289,274.2208579861111
3290,274.9547920138889
3291,275.7344340277778
3292,266.1328232638889
3293,277.5063315972222
3294,278.0002041666667
3295,277.3590135416666
3296,277.7732631944445
3297,1160.692686111114
3298,1240.0
3299,1240.0
3300,1240.0
3301,281.9281340277778
3302,280.9717128472221
3303,1240.0
3304,1240.0
3305,1240.0
3306,286.3734124999999
3307,290.001976736111
3308,289.9908708333333
3309,287.8192253472222
3310,265.4697128472223
3311,266.3342711805555
3312,274.3465402777778
3313,271.4195465277778
3314,268.8659597222223
3315,269.7128222222223
3316,274.3126722222222
3317,263.3569444444446
3318,256.5181215277777
3319,258.4984704861111
3320,256.9672229166666
3321,497.951579166671
3322,1240.0
3323,1240.0
3324,1240.0
3325,225.858054861111
3326,233.2781850694445
3327,1240.0
3328,1240.0
3329,1240.0
3330,270.4720493055556
3331,266.0753211805555
3332,260.9714934027778
3333,251.9052420138889
3334,252.6981232638888
3335,256.1507413194444
3336,261.8619190972222
3337,258.5099538194444
3338,261.7772024305556
3339,257.1603472222222
3340,255.2288246527778
3341,250.4920375
3342,252.3791170138889
3343,257.7482055555556
3344,256.4405197916667
3345,478.9178986111182
3346,1240.0
3347,1240.0
3348,1240.0
3349,265.5970850694444
3350,251.1210979166667
3351,1240.0
3352,1240.0
3353,1240.0
3354,249.8970847222222
3355,254.1160062499999
3356,251.9070590277777
3357,245.6842600694444
3358,238.6582309027778
3359,243.0417711805556
3360,251.8231496527777
3361,252.5675361111111
3362,256.1181840277777
3363,259.4474298611111
3364,257.4037409722222
3365,254.9302319444444
3366,256.4810774305556
3367,250.7281934027777
3368,246.1264913194444
3369,1240.0
3370,1240.0
3371,1240.0
3372,1240.0
3373,257.6490718749999
3374,586.7396454861093
3375,1240.0
3376,1240.0
3377,272.2012729166667
3378,273.38705
3379,273.8263756944444
3380,278.7105208333333
3381,284.6110173611111
3382,283.4512763888889
3383,278.9133579861111
3384,278.4328374999999
3385,269.9146892361111
3386,281.2715166666667
3387,270.8922684027778
3388,275.096296875
3389,276.8841420138889
3390,276.7343145833333
3391,284.9597118055555
3392,281.6716444444445
3393,410.6030215277764
3394,1240.0
3395,1240.0
3396,1240.0
3397,287.056628125
3398,1240.0
3399,1240.0
3400,1240.0
3401,1240.0
3402,281.4325826388889
3403,286.808795138889
3404,288.5672329861111
3405,290.8617982638889
3406,289.226017013889
3407,275.8267357638889
3408,269.3743857638889
3409,265.3960270833333
3410,272.1494107638888
3411,271.3313805555555
3412,276.4285204861111
3413,277.2956253472223
3414,286.9314670138889
3415,282.0797222222223
3416,281.9460072916667
3417,510.7494895833346
3418,1240.0
3419,1240.0
3420,1240.0
3421,324.6309243055556
3422,1240.0
3423,1240.0
3424,1240.0
3425,1240.0
3426,289.5706701388888
3427,293.9274767361111
3428,282.9621975694445
3429,278.0103795138889
3430,265.6256711805555
3431,262.4880895833334
3432,252.1438552083334
3433,246.0555072916667
3434,247.1626041666666
3435,248.197509375
3436,252.6578236111111
3437,249.903589236111
3438,249.896989236111
3439,246.7275826388889
3440,246.5987041666667
3441,394.9502031250002
3442,1240.0
3443,1240.0
3444,1240.0
3445,269.5634458333333
3446,259.2167920138889
3447,1240.0
3448,1240.0
3449,1240.0
3450,263.4590368055555
3451,278.3997795138889
3452,267.4072559027777
3453,256.7760541666667
3454,249.9606003472223
3455,248.0260184027778
3456,249.2187958333333
3457,245.0148406249999
3458,251.3936555555556
3459,254.5766215277778
3460,255.8357322916667
3461,252.2629899305555
3462,252.7889496527778
3463,251.3496194444444
3464,247.5754628472222
3465,243.8662381944444
3466,1240.0
3467,1240.0
3468,1240.0
3469,241.754201388889
3470,246.0198489583333
3471,1240.0
3472,1240.0
3473,1189.974707291666
3474,236.9018041666666
3475,241.3921624999999
3476,239.2666093750001
3477,243.3128916666668
3478,248.4104142361111
3479,250.5822458333334
3480,248.8988538194444
3481,237.8322465277777
3482,223.797153125
3483,223.994965625
3484,228.5628590277778
3485,245.034817013889
3486,241.9571305555556
3487,248.5698274305556
3488,232.1997809027778
3489,226.0599885416667
3490,1240.0
3491,1240.0
3492,1240.0
3493,222.9956371527778
3494,802.9880399305557
3495,1240.0
3496,1240.0
3497,226.193132986111
3498,232.4753222222222
3499,233.9091083333333
3500,237.2417927083334
3501,247.939384375
3502,247.5245621527778
3503,252.9769097222222
3504,259.2799770833333
3505,256.0968288194444
3506,252.2720013888889
3507,252.0420381944445
3508,248.2597350694444
3509,250.3232163194445
3510,251.7067701388889
3511,241.4797927083333
3512,240.722996875
3513,1240.0
3514,1240.0
3515,1240.0
3516,1240.0
3517,241.4567961805555
3518,271.7277711805557
3519,1240.0
3520,1240.0
3521,270.5841208333333
3522,257.4329753472223
3523,247.9469663194445
3524,266.9409013888889
3525,264.7729506944444
3526,258.2939916666667
3527,249.4544899305556
3528,258.8730805555555
3529,252.328690625
3530,272.1257270833333
3531,262.5475447916666
3532,260.5878850694445
3533,259.7235059027778
3534,255.9373152777779
3535,256.7669940972223
3536,255.4339718749999
3537,1240.0
3538,1240.0
3539,1240.0
3540,1240.0
3541,244.9799770833333
3542,554.6528875000029
3543,1240.0
3544,1240.0
3545,269.5430677083333
3546,264.4144114583334
3547,275.5702097222222
3548,274.5600565972222
3549,266.2225576388889
3550,268.3666322916667
3551,268.4115402777778
3552,273.0374902777777
3553,275.1380291666667
3554,280.1670590277777
3555,280.5799124999999
3556,287.2325833333333
3557,283.3957868055556
3558,277.2182416666667
3559,262.1926409722223
3560,250.478878125
3561,724.3079034722255
3562,1240.0
3563,1240.0
3564,1240.0
3565,260.7218156250001
3566,256.2143274305556
3567,1240.0
3568,1240.0
3569,1240.0
3570,263.8667045138889
3571,265.3818385416666
3572,265.3838399305556
3573,254.7851052083334
3574,263.0348159722222
3575,267.8649777777778
3576,271.8860545138889
3577,276.022360763889
3578,282.0211489583334
3579,282.7713784722222
3580,285.5070826388888
3581,285.9989961805556
3582,280.2543204861111
3583,278.7528590277776
3584,263.0179843749999
3585,974.1656701388899
3586,1240.0
3587,1240.0
3588,1240.0
3589,263.1702072916667
3590,270.3959284722222
3591,1240.0
3592,1240.0
3593,1240.0
3594,282.70776875
3595,279.9653670138889
3596,279.7837861111111
3597,277.2770461805554
3598,276.6286
3599,273.36726875
3600,276.0469555555555
3601,280.1592045138888
3602,285.7453555555556
3603,286.4752180555556
3604,278.1442125000001
3605,273.9874746527777
3606,273.7764114583334
3607,270.724638888889
3608,260.042382638889
3609,1240.0
3610,1240.0
3611,1240.0
3612,1240.0
3613,277.4583697916667
3614,424.2614715277762
3615,1240.0
3616,1240.0
3617,1240.0
3618,302.7276357638888
3619,294.6110267361111
3620,300.8088065972222
3621,302.6395635416665
3622,302.9988065972222
3623,296.7542364583333
3624,292.6522465277778
3625,286.5104277777777
3626,284.0767694444445
3627,275.8180781250001
3628,267.1848291666668
3629,263.9195489583334
3630,256.7668965277778
3631,258.1015024305556
3632,257.1440618055557
3633,758.7748440972255
3634,1240.0
3635,1240.0
3636,1240.0
3637,265.088590625
3638,266.9928038194445
3639,1240.0
3640,1240.0
3641,1240.0
3642,265.8514121527778
3643,263.3082652777778
3644,264.3609947916666
3645,262.6965725694445
3646,265.20515
3647,262.3570802083333
3648,258.2761
3649,263.2044347222222
3650,262.3679402777779
3651,253.9127982638888
3652,245.795684375
3653,251.3647788194444
3654,247.3209055555556
3655,247.2881475694444
3656,244.8606034722222
3657,554.0196274305556
3658,1240.0
3659,1240.0
3660,1240.0
3661,246.4918371527777
3662,255.7315489583333
3663,1240.0
3664,1240.0
3665,1240.0
3666,286.0306829861111
3667,286.9507520833333
3668,284.3375815972221
3669,278.1536114583332
3670,273.1539267361111
3671,275.7294666666667
3672,276.5212072916666
3673,278.9176267361112
3674,271.7670850694443
3675,268.7021975694445
3676,265.6179635416667
3677,262.8882996527778
3678,262.2486930555555
3679,260.2723479166667
3680,256.3920180555556
3681,1240.0
3682,1240.0
3683,1240.0
3684,1240.0
3685,302.4680913194444
3686,1081.502851041665
3687,1240.0
3688,1240.0
3689,281.4538795138889
3690,280.481413888889
3691,278.8741541666666
3692,281.5463291666666
3693,268.8201625
3694,267.7206354166668
3695,269.2760104166667
3696,271.5983243055555
3697,266.3676968749999
3698,267.1162729166666
3699,274.2228249999999
3700,278.3549173611112
3701,277.4766684027779
3702,275.3674666666666
3703,275.8667572916667
3704,272.6757038194444
3705,973.1895204861096
3706,1240.0
3707,1240.0
3708,1240.0
3709,261.4189895833333
3710,258.4301166666667
3711,1240.0
3712,1240.0
3713,1240.0
3714,282.4360753472222
3715,285.3543506944445
3716,282.4464444444445
3717,280.313128125
3718,280.4575944444445
3719,282.6808572916667
3720,280.8374319444445
3721,279.7074878472222
3722,282.457326736111
3723,287.1563545138889
3724,288.3178131944445
3725,284.4826746527779
3726,281.5398131944444
3727,281.3144329861111
3728,268.3812510416666
3729,323.1269148611127
3730,1240.0
3731,1240.0
3732,1240.0
3733,286.9140354166666
3734,1240.0
3735,1240.0
3736,1240.0
3737,1240.0
3738,274.7998618055556
3739,271.3110167708334
3740,280.5027315972223
3741,281.2464687500001
3742,282.6754190972223
3743,287.3559854166666
3744,285.6108467013889
3745,282.9770569444444
3746,279.1565613368056
3747,277.2018635416666
3748,275.1752291666667
3749,261.11060265625
3750,257.7600791666667
3751,253.7430104166666
3752,232.3680896180556
3753,139.2277195138889
3754,1240.0
3755,1240.0
3756,993.4441553333295
3757,131.7996527777777
3758,124.9789816527778
3759,1240.0
3760,1240.0
3761,224.6987136805555
3762,223.8440163194445
3763,223.8048958333333
3764,223.9167708333334
3765,223.8742125
3766,223.6790045138889
3767,224.3974076388889
3768,225.8449420138889
3769,224.0835190972223
3770,223.8636111111111
3771,224.1048368055556
3772,224.1915045138889
3773,224.3634722222222
3774,224.4153121527778
3775,224.7765972222223
3776,225.1069444444445
3777,621.947042013888
3778,1240.0
3779,1240.0
3780,1240.0
3781,267.6468517361112
3782,263.8156600694444
3783,1240.0
3784,1240.0
3785,1240.0
3786,277.9027791666666
3787,300.7124645833333
3788,309.0181930555555
3789,316.9319190972222
3790,290.7476833333334
3791,290.9230899305556
3792,289.971376388889
3793,288.1040263888889
3794,288.7466777777778
3795,289.7638885416667
3796,287.7109003472223
3797,289.2149635416666
3798,283.6951246527777
3799,274.6773875
3800,275.4481163194444
3801,1170.196336805556
3802,1240.0
3803,1240.0
3804,1240.0
3805,272.8210538194445
3806,270.8690284722222
3807,1240.0
3808,1240.0
3809,1240.0
3810,275.2793291666667
3811,279.6806913194445
3812,283.6321284722222
3813,282.2316340277778
3814,284.8728673611112
3815,280.6428003472222
3816,284.6449069444444
3817,282.1281246527778
3818,278.9944913194444
3819,278.0561465277778
3820,278.6760076388888
3821,274.1052444444445
3822,269.9835729166666
3823,269.6195451388888
3824,266.5584833333334
3825,1050.68784236111
3826,1240.0
3827,1240.0
3828,1240.0
3829,272.5142260416667
3830,273.3203479166667
3831,1240.0
3832,1240.0
3833,1240.0
3834,276.1507968749999
3835,279.867465625
3836,275.8287489583333
3837,279.0654402777777
3838,277.9780097222222
3839,278.9710322916667
3840,278.3523711805557
3841,276.2339590277779
3842,272.8388177083334
3843,267.5245357638889
3844,270.7123378472223
3845,272.1169645833335
3846,266.79599375
3847,271.903959375
3848,268.9371079861111
3849,635.4452111111118
3850,1240.0
3851,1240.0
3852,1240.0
3853,246.0792097222222
3854,247.22819375
3855,1240.0
3856,1240.0
3857,1240.0
3858,255.8698041666667
3859,256.3254277777779
3860,255.4010864583334
3861,255.2165704861112
3862,256.17229375
3863,259.8202107638888
3864,265.4923048611111
3865,262.8385322916666
3866,264.3534142361111
3867,263.9270017361111
3868,266.7192399305555
3869,265.6212378472221
3870,264.3189590277778
3871,264.2704194444445
3872,264.3193979166667
3873,312.8410753472216
3874,1240.0
3875,1240.0
3876,1240.0
3877,245.9147222222223
3878,246.4776746527778
3879,1240.0
3880,1240.0
3881,1240.0
3882,239.4184399305556
3883,239.2457649305555
3884,238.1063892361112
3885,237.993934375
3886,238.3021284722222
3887,240.074190625
3888,246.7336090277777
3889,242.4686673611112
3890,238.6439697916667
3891,238.4674756944444
3892,237.0972774305556
3893,236.5393534722222
3894,235.6102336805556
3895,236.5942107638888
3896,237.9076888888889
3897,236.7564670138889
3898,1240.0
3899,1240.0
3900,1240.0
3901,237.8541684027778
3902,974.5047909722255
3903,1240.0
3904,1240.0
3905,241.4929430555556
3906,242.6515958333333
3907,241.622096875
3908,240.9203010416668
3909,242.6952892361111
3910,244.5046513888889
3911,244.1016666666667
3912,251.2819315972222
3913,248.3525215277778
3914,243.1911451388888
3915,240.13631875
3916,239.6908104166666
3917,239.1499454861111
3918,237.7246767361111
3919,235.5303697916667
3920,236.3737944444445
3921,239.6966777777778
3922,1240.0
3923,1240.0
3924,1240.0
3925,246.5390736111111
3926,244.1558336805556
3927,1240.0
3928,1240.0
3929,1165.420880208337
3930,256.2346836805556
3931,257.2892024305556
3932,252.45273125
3933,253.81369375
3934,253.7391805555555
3935,250.203482638889
3936,251.9827989583333
3937,250.3856131944444
3938,250.3741215277777
3939,247.4429173611111
3940,245.6768993055555
3941,245.1677309027778
3942,240.1610965277778
3943,238.1208486111111
3944,240.1073027777778
3945,1223.83624131944
3946,1240.0
3947,1240.0
3948,1240.0
3949,257.0094430555556
3950,257.6286677083333
3951,1240.0
3952,1240.0
3953,251.7832868055555
3954,249.0704302083333
3955,247.4253590277778
3956,249.20225625
3957,246.1979704861112
3958,244.685565625
3959,245.9509135416666
3960,249.0674190972222
3961,246.2183458333334
3962,247.4931142361111
3963,246.774638888889
3964,244.3902534722222
3965,243.6994090277778
3966,245.4051972222222
3967,243.7246055555556
3968,244.1398739583333
3969,242.1551284722221
3970,1240.0
3971,1240.0
3972,1240.0
3973,240.0927430555556
3974,238.0257541666666
3975,1240.0
3976,1240.0
3977,1030.892410416665
3978,239.0180326388889
3979,238.5243982638889
3980,239.3105302083334
3981,239.4014010416666
3982,239.4654041666666
3983,237.7357975694444
3984,240.7948840277778
3985,233.3269569444444
3986,233.1545368055556
3987,233.3932170138889
3988,233.2703236111111
3989,233.4137701388889
3990,234.6383090277778
3991,234.7562954861111
3992,234.9157895833334
3993,234.2947097222223
3994,1240.0
3995,1240.0
3996,1240.0
3997,239.0404878472222
3998,239.0786486111112
3999,1240.0
4000,1240.0
4001,971.0013611111087
4002,243.0395246527778
4003,244.7090979166667
4004,246.1587975694445
4005,247.4968420138889
4006,246.829290625
4007,254.4667475694444
4008,254.6243298611111
4009,254.3271510416667
4010,251.2067635416668
4011,256.1916093749999
4012,252.1135541666666
4013,246.7935416666666
4014,244.8073263888889
4015,244.8551625000001
4016,242.2113059027778
4017,242.7939961805556
4018,1240.0
4019,1240.0
4020,1240.0
4021,240.1898840277777
4022,1112.229111805558
4023,1240.0
4024,1240.0
4025,248.28289375
4026,244.8761684027778
4027,243.1209739583334
4028,235.4746659722222
4029,236.2311340277777
4030,236.5104270833334
4031,236.8906819444445
4032,239.4779399305556
4033,231.6204274305556
4034,231.1769593750001
4035,234.3135760416666
4036,235.8304958333334
4037,236.1153944444445
4038,234.5494458333334
4039,233.9440260416666
4040,231.7615638888889
4041,231.7668760416668
4042,1240.0
4043,1240.0
4044,1240.0
4045,230.8033440972222
4046,1024.438273263887
4047,1240.0
4048,1240.0
4049,262.7607506944444
4050,263.6805680555556
4051,257.2143375
4052,256.7213409722223
4053,258.44400625
4054,239.821376388889
4055,236.4230552083333
4056,233.4691888888889
4057,228.8885083333333
4058,235.0642579861112
4059,238.5551989583334
4060,237.5623597222222
4061,238.8312722222223
4062,235.2526072916667
4063,237.7078357638889
4064,238.747196875
4065,239.0523378472222
4066,1240.0
4067,1240.0
4068,1240.0
4069,238.4655326388889
4070,1150.654759027778
4071,1240.0
4072,1240.0
4073,256.871548263889
4074,258.9305802083333
4075,256.6097204861111
4076,253.8393173611111
4077,258.0940135416667
4078,257.3127736111111
4079,261.1579083333335
4080,273.0783555555556
4081,268.6127645833334
4082,271.8478020833334
4083,274.4499541666667
4084,277.5146395833333
4085,275.2971635416666
4086,274.6890013888888
4087,267.87228125
4088,261.2218288194443
4089,1240.0
4090,1240.0
4091,1240.0
4092,1240.0
4093,258.5220704861111
4094,844.4566427083357
4095,1240.0
4096,1240.0
4097,269.5762979166667
4098,276.4715072916666
4099,280.9845263888888
4100,279.0471381944443
4101,274.3731267361111
4102,270.6915256944445
4103,272.9072791666666
4104,278.2938090277779
4105,273.1981378472223
4106,271.6033565972222
4107,269.7721545138888
4108,269.3146760416666
4109,267.6475809027779
4110,267.1620260416666
4111,268.3433434027776
4112,268.8160309027778
4113,1240.0
4114,1240.0
4115,1240.0
4116,1240.0
4117,270.1993881944445
4118,809.9405982638893
4119,1240.0
4120,1240.0
4121,252.9918854166667
4122,257.0568840277778
4123,259.8617260416667
4124,261.1210868055556
4125,261.2449288194445
4126,253.7191895833333
4127,259.1138690972222
4128,263.7874291666667
4129,261.6308208333334
4130,265.1237951388889
4131,265.387054861111
4132,264.1714114583333
4133,263.0377659722223
4134,261.9223843750001
4135,259.3080659722222
4136,258.1375006944444
4137,1240.0
4138,1240.0
4139,1240.0
4140,1240.0
4141,273.7216777777778
4142,810.5109670138928
4143,1240.0
4144,1240.0
4145,266.9261118055555
4146,266.2114555555555
4147,265.8460319444445
4148,267.5671625
4149,267.3478934027777
4150,266.8478944444445
4151,265.432246875
4152,263.1383774305556
4153,261.831595138889
4154,262.0036913194444
4155,261.7431704861111
4156,259.4111118055556
4157,253.3235194444444
4158,253.6418270833333
4159,251.227267013889
4160,248.848484375
4161,1240.0
4162,1240.0
4163,1240.0
4164,1240.0
4165,254.9780107638889
4166,603.3343503472249
4167,1240.0
4168,1240.0
4169,266.0394899305556
4170,268.6131253472222
4171,265.2782038194445
4172,266.6811784722222
4173,264.7515618055555
4174,272.6203493055555
4175,272.5710395833334
4176,278.1611440972221
4177,275.7404843750001
4178,276.4643663194445
4179,279.9950229166666
4180,278.382289236111
4181,277.1881711805556
4182,270.6582166666666
4183,268.7493520833333
4184,268.3216670138891
4185,1091.946987152779
4186,1240.0
4187,1240.0
4188,1240.0
4189,277.4085868055554
4190,275.1524104166667
4191,1240.0
4192,1240.0
4193,1240.0
4194,278.4190402777778
4195,277.0725222222222
4196,276.4551378472222
4197,273.8748138888889
4198,273.5497458333334
4199,278.0907756944445
4200,281.3576378472222
4201,280.9381107638889
4202,280.5021527777778
4203,278.6057645833333
4204,277.424375
4205,277.0388319444444
4206,277.2297006944444
4207,275.3218493055556
4208,273.4281388888888
4209,1172.673874305556
4210,1240.0
4211,1240.0
4212,1240.0
4213,278.6929416666666
4214,275.0227958333334
4215,1240.0
4216,1240.0
4217,1240.0
4218,278.0216892361112
4219,270.7489229166666
4220,263.7258208333333
4221,267.8174319444444
4222,275.0316888888889
4223,275.4375385416666
4224,274.0018996527777
4225,274.8023055555555
4226,268.2016315972222
4227,264.1237072916667
4228,261.9129753472222
4229,262.2284229166667
4230,260.5615159722222
4231,260.0568065972222
4232,257.2086111111111
4233,1240.0
4234,1240.0
4235,1240.0
4236,1240.0
4237,255.8270704861112
4238,561.6957864583364
4239,1240.0
4240,1240.0
4241,257.755878125
4242,257.8512027777778
4243,256.7822336805555
4244,254.339790625
4245,255.6042496527778
4246,250.2782510416666
4247,243.8699524305555
4248,250.7525583333333
4249,253.5842718750001
4250,254.605428125
4251,254.3016204861111
4252,254.248495486111
4253,254.1095600694445
4254,255.3782756944444
4255,254.4036458333333
4256,254.5399652777778
4257,1240.0
4258,1240.0
4259,1240.0
4260,1240.0
4261,255.0709489583334
4262,503.0836274305569
4263,1240.0
4264,1240.0
4265,256.00835625
4266,256.6643749999999
4267,258.0803357638889
4268,255.9234607638889
4269,261.8854531250001
4270,262.4915659722222
4271,264.1506930555556
4272,266.4936340277779
4273,265.6243045138888
4274,265.3035666666667
4275,262.1146767361111
4276,259.5339684027777
4277,260.2257611111112
4278,259.3375121527778
4279,259.5485673611111
4280,261.4394114583333
4281,869.1192246527773
4282,1240.0
4283,1240.0
4284,1240.0
4285,270.2214093750001
4286,275.184615625
4287,1240.0
4288,1240.0
4289,1240.0
4290,263.9178833333334
4291,270.2175097222221
4292,267.0792937499999
4293,272.207628125
4294,278.0607625000001
4295,286.8641670138889
4296,287.57976875
4297,280.0562027777777
4298,278.3446746527778
4299,276.7817253472222
4300,278.6993065972222
4301,275.553575
4302,278.2823395833333
4303,277.7684590277778
4304,279.2656493055555
4305,1240.0
4306,1240.0
4307,1240.0
4308,1240.0
4309,280.0144663194444
4310,1135.137267013889
4311,1240.0
4312,1240.0
4313,273.9120038194444
4314,269.4441072916668
4315,274.3376725694444
4316,271.7726260416666
4317,264.6255204861112
4318,262.3451517361111
4319,263.1958333333333
4320,261.2225475694444
4321,259.7640024305556
4322,257.0370131944444
4323,257.0243770833334
4324,257.5852895833333
4325,257.3172548611111
4326,256.7749201388889
4327,256.1584211805555
4328,254.3961010416666
4329,1240.0
4330,1240.0
4331,1240.0
4332,1240.0
4333,266.8370031249999
4334,783.1082329861121
4335,1240.0
4336,1240.0
4337,263.601032638889
4338,265.5347791666667
4339,268.4963437500001
4340,275.4427340277778
4341,274.9657774305555
4342,278.5366642361111
4343,281.9695465277778
4344,287.5965746527778
4345,280.1282631944444
4346,274.3034517361111
4347,265.6545385416667
4348,266.8069548611111
4349,265.1401177083333
4350,265.2842604166667
4351,263.1443166666667
4352,262.5280770833334
4353,934.6689166666638
4354,1240.0
4355,1240.0
4356,1240.0
4357,265.9950697916667
4358,266.023934375
4359,1240.0
4360,1240.0
4361,1240.0
4362,281.8714375
4363,284.6086677083333
4364,281.3078708333334
4365,281.4688878472222
4366,272.95021875
4367,270.71963125
4368,266.7272552083334
4369,263.6979013888889
4370,265.9663631944445
4371,269.5027527777778
4372,265.3612989583334
4373,263.2377781250001
4374,251.7834142361112
4375,244.0213795138889
4376,243.0757774305555
4377,244.0523711805555
4378,1240.0
4379,1240.0
4380,1240.0
4381,268.8571083333334
4382,1240.0
4383,1240.0
4384,1240.0
4385,618.3268211805553
4386,267.3000020833333
4387,265.0417809027778
4388,252.3595350694444
4389,251.5165517361112
4390,249.3545819444444
4391,247.6532423611112
4392,248.7027916666667
4393,249.5103249999999
4394,251.2974083333334
4395,247.5911097222222
4396,251.0099857638888
4397,247.2020958333333
4398,248.8092121527777
4399,245.80365625
4400,246.453184375
4401,244.9989583333333
4402,1240.0
4403,1240.0
4404,1240.0
4405,245.4434027777778
4406,1193.654060763888
4407,1240.0
4408,1240.0
4409,245.8878472222222
4410,245.9989583333333
4411,246.1100694444444
4412,246.2211805555555
4413,246.3322916666666
4414,246.4434027777778
4415,246.5545138888889
4416,246.665625
4417,244.1934027777777
4418,244.3045138888889
4419,244.415625
4420,244.5267361111111
4421,244.6378472222222
4422,244.665625
4423,244.7767361111111
4424,244.8878472222222
4425,244.9989583333333
4426,1240.0
4427,1240.0
4428,1240.0
4429,245.4434027777778
4430,245.5545138888889
4431,1240.0
4432,1240.0
4433,1162.718750000002
4434,245.9989583333333
4435,246.1100694444444
4436,246.2211805555555
4437,246.3322916666666
4438,246.4434027777778
4439,246.5545138888889
4440,246.665625
4441,244.1934027777777
4442,244.3045138888889
4443,244.415625
4444,244.5267361111111
4445,244.6378472222222
4446,244.665625
4447,244.7767361111111
4448,244.8878472222222
4449,244.9989583333333
4450,1240.0
4451,1240.0
4452,1240.0
4453,245.4434027777778
4454,1162.385416666669
4455,1240.0
4456,1240.0
4457,245.8878472222222
4458,245.9989583333333
4459,246.1100694444444
4460,246.2211805555555
4461,246.3322916666666
4462,246.4434027777778
4463,246.5545138888889
4464,246.665625
4465,244.1934027777777
4466,244.3045138888889
4467,244.415625
4468,244.5267361111111
4469,244.6378472222222
4470,244.665625
4471,244.7767361111111
4472,244.8878472222222
4473,244.9989583333333
4474,1240.0
4475,1240.0
4476,1240.0
4477,245.4434027777778
4478,1162.385416666669
4479,1240.0
4480,1240.0
4481,245.8878472222222
4482,245.9989583333333
4483,246.1100694444444
4484,246.2211805555555
4485,246.3322916666666
4486,246.4434027777778
4487,246.5545138888889
4488,246.665625
4489,244.1934027777777
4490,244.3045138888889
4491,244.415625
4492,244.5267361111111
4493,244.6378472222222
4494,244.665625
4495,244.7767361111111
4496,244.8878472222222
4497,244.9989583333333
4498,1240.0
4499,1240.0
4500,1240.0
4501,245.4434027777778
4502,1165.997082638891
4503,1240.0
4504,1240.0
4505,246.8512388888889
4506,246.9477083333333
4507,246.8663194444444
4508,246.4279395833333
4509,246.285057986111
4510,246.1575809027778
4511,246.037361111111
4512,246.2764236111111
4513,243.8622569444445
4514,244.1372225694444
4515,245.2494097222223
4516,244.0452315972223
4517,244.1467940972223
4518,244.2355555555555
4519,244.28695625
4520,244.4132173611111
4521,1240.0
4522,1240.0
4523,1240.0
4524,1240.0
4525,268.9052309027778
4526,559.5747365277784
4527,1240.0
4528,1240.0
4529,268.9571618055556
4530,263.5689118055555
4531,268.4726586805555
4532,268.0750225694445
4533,262.3136114583334
4534,255.9348486111111
4535,256.4823982638889
4536,259.6957847222222
4537,261.6564145833332
4538,265.3714246527778
4539,263.3834944444444
4540,263.2604729166666
4541,266.1388986111111
4542,265.7849881944445
4543,263.9399076388889
4544,263.1916430555555
4545,1240.0
4546,1240.0
4547,1240.0
4548,1240.0
4549,280.9866434027776
4550,884.8335482638927
4551,1240.0
4552,1240.0
4553,284.0372232638888
4554,281.9983701388888
4555,274.8862701388889
4556,271.8311885416667
4557,261.2849069444444
4558,261.4727072916667
4559,264.6534621527778
4560,265.7246517361111
4561,249.4447541666667
4562,244.5958131944444
4563,244.6954659722223
4564,248.8381281249999
4565,246.582201388889
4566,245.0371329861111
4567,243.2683107638889
4568,244.1326166666667
4569,1240.0
4570,1240.0
4571,1240.0
4572,1240.0
4573,276.4830083333332
4574,613.5088444444452
4575,1240.0
4576,1240.0
4577,274.5553111111111
4578,274.324595486111
4579,279.0627079861111
4580,273.0054190972223
4581,271.484220486111
4582,265.2801406250001
4583,263.340079513889
4584,262.3814920138889
4585,258.3038315972223
4586,266.5032503472221
4587,263.8424659722223
4588,263.658971875
4589,258.1709020833333
4590,253.0616524305555
4591,247.8804184027777
4592,244.2386694444444
4593,1240.0
4594,1240.0
4595,1240.0
4596,1240.0
4597,279.1725361111111
4598,684.2859819444463
4599,1240.0
4600,1240.0
4601,266.0526222222222
4602,265.2406840277777
4603,265.5431493055556
4604,264.9090881944445
4605,262.7537399305556
4606,259.5134125
4607,263.0560409722223
4608,261.5743201388888
4609,255.3357416666666
4610,252.4171399305555
4611,250.7870986111111
4612,247.9709836805556
4613,246.4741079861111
4614,245.319384375
4615,241.8660614583333
4616,229.3295958333333
4617,234.6644357638889
4618,1240.0
4619,1240.0
4620,1240.0
4621,251.2723881944444
4622,251.0860899305556
4623,1240.0
4624,1240.0
4625,1156.399631250003
4626,243.5582048611112
4627,241.6391548611111
4628,246.7407559027778
4629,241.8318416666666
4630,242.7584024305555
4631,239.9757777777778
4632,240.9491885416666
4633,236.9680315972222
4634,236.5378006944444
4635,235.5029506944445
4636,236.9391541666666
4637,238.0765503472223
4638,236.5565642361111
4639,236.9860899305556
4640,237.7675114583334
4641,239.9156586805556
4642,1240.0
4643,1240.0
4644,1240.0
4645,244.0196427083333
4646,1084.961078125006
4647,1240.0
4648,1240.0
4649,249.4303802083334
4650,250.550846875
4651,249.2543631944444
4652,247.8010309027778
4653,246.9060996527778
4654,246.8429152777778
4655,246.2879184027778
4656,236.3431940972222
4657,231.2896638888889
4658,232.1301611111111
4659,232.6843302083333
4660,231.2679194444443
4661,230.5890385416666
4662,230.5647458333333
4663,229.1227447916666
4664,231.9864013888889
4665,225.3379857638889
4666,1240.0
4667,1240.0
4668,1240.0
4669,237.0468638888889
4670,241.4677076388889
4671,1240.0
4672,1240.0
4673,885.7794881944483
4674,243.2402989583333
4675,243.098059375
4676,242.008715625
4677,243.5370930555555
4678,240.5328128472223
4679,238.8653361111111
4680,236.9213305555554
4681,240.4450006944445
4682,240.8127770833334
4683,243.0692725694445
4684,233.3651746527779
4685,234.2077076388889
4686,222.7826298611111
4687,222.9084697916668
4688,221.397048263889
4689,224.1099302083333
4690,1240.0
4691,1240.0
4692,1240.0
4693,234.5989927083334
4694,237.2443972222222
4695,1240.0
4696,1240.0
4697,863.3397753472275
4698,246.3864708333334
4699,236.5759017361111
4700,242.89778125
4701,240.6429631944445
4702,242.3201413194445
4703,234.7244670138889
4704,235.1675819444445
4705,306.7272378472223
4706,309.4915868055555
4707,313.2050704861112
4708,306.8522777777778
4709,301.8982993055556
4710,305.9517128472222
4711,307.0546069444445
4712,306.8683086805555
4713,1013.065102430556
4714,1240.0
4715,1240.0
4716,1240.0
4717,296.6697100694445
4718,1240.0
4719,1240.0
4720,1240.0
4721,1240.0
4722,297.1698829861111
4723,302.8480940972223
4724,303.3422906250001
4725,301.5105784722223
4726,294.671828125
4727,308.7171635416667
4728,318.5286447916667
4729,315.3155100694444
4730,311.495901388889
4731,313.4280010416666
4732,308.4458746527778
4733,309.8682041666667
4734,308.0661590277778
4735,303.4237142361111
4736,310.3455333333334
4737,1240.0
4738,1240.0
4739,1240.0
4740,1240.0
4741,302.6754065972223
4742,905.8860281249986
4743,1240.0
4744,1240.0
4745,1240.0
4746,290.4426958333334
4747,287.0932631944445
4748,284.3619475694445
4749,283.0933468750001
4750,279.8055333333334
4751,285.1238194444445
4752,287.0261236111112
4753,289.2570934027778
4754,293.1003128472221
4755,295.2843625
4756,295.5194795138889
4757,295.7854059027778
4758,298.6289503472223
4759,298.0222572916667
4760,295.8521416666666
4761,1240.0
4762,1240.0
4763,1240.0
4764,1240.0
4765,292.1821177083332
4766,737.1687069444483
4767,1240.0
4768,1240.0
4769,1240.0
4770,293.2954440972222
4771,297.6196545138889
4772,297.3214493055555
4773,296.8672791666667
4774,297.8731597222222
4775,300.9561833333334
4776,300.3570045138889
4777,298.1379371527778
4778,294.4148402777777
4779,292.1650190972223
4780,293.0406576388888
4781,294.9248861111111
4782,291.9346083333333
4783,287.5908472222222
4784,282.2960395833333
4785,609.3968371527786
4786,1240.0
4787,1240.0
4788,1240.0
4789,288.5230899305556
4790,1240.0
4791,1240.0
4792,1240.0
4793,1240.0
4794,295.7895378472222
4795,301.2902663194444
4796,299.8761437499999
4797,295.9290996527777
4798,299.1058236111111
4799,296.7238548611111
4800,296.792821875
4801,289.0909517361113
4802,290.089826736111
4803,287.405484375
4804,286.4411711805557
4805,291.8153447916667
4806,289.6043649305556
4807,291.1057493055555
4808,295.3642711805556
4809,1240.0
4810,1240.0
4811,1240.0
4812,1240.0
4813,303.2688190972223
4814,880.9264756944442
4815,1240.0
4816,1240.0
4817,1240.0
4818,295.2074545138889
4819,295.7767694444445
4820,297.3054065972223
4821,299.4979899305557
4822,297.704979861111
4823,298.7451020833334
4824,304.0906364583332
4825,310.066317013889
4826,308.9834729166666
4827,310.8915010416666
4828,304.0112479166666
4829,303.0497350694444
4830,299.0539208333333
4831,297.3162982638889
4832,298.3168284722223
4833,1240.0
4834,1240.0
4835,1240.0
4836,1240.0
4837,303.8726725694444
4838,1155.917554166666
4839,1240.0
4840,1240.0
4841,1240.0
4842,312.4255076388888
4843,311.2931336805556
4844,312.6602072916667
4845,317.2958350694445
4846,316.8382302083333
4847,316.9860072916666
4848,304.1744090277778
4849,301.2567701388887
4850,304.5721399305556
4851,299.6601736111111
4852,303.1023482638889
4853,307.0665142361111
4854,309.7632649305555
4855,309.2361423611112
4856,315.64946875
4857,1240.0
4858,1240.0
4859,1240.0
4860,1240.0
4861,309.4032302083332
4862,1204.673773958333
4863,1240.0
4864,1240.0
4865,1240.0
4866,303.9967572916667
4867,303.5358444444445
4868,299.8892625
4869,294.3938052083333
4870,299.0706840277777
4871,297.2900211805555
4872,298.3085093749999
4873,296.5462517361112
4874,302.9082652777777
4875,307.0584406249999
4876,307.0659128472223
4877,306.2884986111112
4878,304.6649378472222
4879,294.5417225694446
4880,293.7696552083333
4881,1240.0
4882,1240.0
4883,1240.0
4884,1240.0
4885,305.4210770833333
4886,1084.562071180559
4887,1240.0
4888,1240.0
4889,1240.0
4890,293.3216656249999
4891,307.5271618055555
4892,308.37695625
4893,309.8886586805555
4894,315.0219513888888
4895,314.0482194444445
4896,311.5577788194444
4897,304.5090305555556
4898,312.3080479166666
4899,304.2054388888889
4900,303.330371875
4901,302.2706979166667
4902,299.5197680555555
4903,295.3832756944444
4904,293.939490625
4905,714.9144534722203
4906,1240.0
4907,1240.0
4908,1240.0
4909,290.4390506944445
4910,1240.0
4911,1240.0
4912,1240.0
4913,1240.0
4914,298.1580996527777
4915,291.2718638888888
4916,290.3036017361111
4917,285.5151270833333
4918,288.3262048611111
4919,291.7951142361111
4920,294.8491065972221
4921,292.3988430555556
4922,291.72505625
4923,293.09009375
4924,290.1028694444445
4925,289.3498954861111
4926,286.9611829861111
4927,287.5721319444444
4928,285.2731711805555
4929,1240.0
4930,1240.0
4931,1240.0
4932,1240.0
4933,300.6471548611111
4934,654.4448937499999
4935,1240.0
4936,1240.0
4937,1240.0
4938,285.294723263889
4939,287.9475461805555
4940,279.4320604166666
4941,275.7182517361111
4942,281.3271996527777
4943,283.1719565972222
4944,290.6377861111111
4945,293.7361593750001
4946,295.5790013888889
4947,294.3403270833334
4948,290.8567013888889
4949,285.2672927083334
4950,284.5462704861111
4951,280.0564850694445
4952,275.576235763889
4953,1240.0
4954,1240.0
4955,1240.0
4956,1240.0
4957,268.6879534722222
4958,1088.621736458331
4959,1240.0
4960,1240.0
4961,277.5648423611111
4962,275.7117361111112
4963,274.2301402777778
4964,278.1042940972222
4965,278.9431375
4966,275.9844329861111
4967,271.4137986111111
4968,272.1136131944444
4969,268.4268635416666
4970,267.3139694444445
4971,266.7893979166666
4972,265.7668996527777
4973,266.0784017361111
4974,264.7823052083333
4975,257.8972107638889
4976,255.9399666666667
4977,1240.0
4978,1240.0
4979,1240.0
4980,1240.0
4981,264.3810197916667
4982,675.6836381944424
4983,1240.0
4984,1240.0
4985,259.05160625
4986,255.4536583333333
4987,252.6169211805556
4988,258.5156364583332
4989,257.654190625
4990,259.8165993055555
4991,260.2275371527778
4992,269.5126965277777
4993,268.1910791666668
4994,268.5788444444445
4995,265.8591093749999
4996,266.6187600694445
4997,266.8631684027777
4998,266.541795138889
4999,263.54553125
5000,257.9953340277778
5001,903.8454142361104
5002,1240.0
5003,1240.0
5004,1240.0
5005,255.9880434027778
5006,277.224375
5007,1240.0
5008,1240.0
5009,1240.0
5010,281.6064156250001
5011,275.3316680555555
5012,273.1992361111111
5013,277.4846159722222
5014,279.7576607638889
5015,286.2333670138888
5016,291.73536875
5017,289.5429170138888
5018,275.0853927083332
5019,267.3345607638889
5020,263.6779177083333
5021,259.0842364583334
5022,258.9926656250001
5023,257.5302888888888
5024,256.057732638889
5025,1240.0
5026,1240.0
5027,1240.0
5028,1240.0
5029,269.6900454861111
5030,823.1209274305534
5031,1240.0
5032,1240.0
5033,279.0020934027777
5034,273.8854052083333
5035,276.1925704861112
5036,278.1604413194444
5037,264.5076732638889
5038,269.4371388888889
5039,281.430290625
5040,279.8034250000001
5041,284.0140149305554
5042,287.5315600694445
5043,290.2536472222222
5044,295.8263100694444
5045,278.70039375
5046,278.7298951388889
5047,268.7603444444445
5048,262.3516645833333
5049,1240.0
5050,1240.0
5051,1240.0
5052,1240.0
5053,261.6201993055556
5054,971.9384496527808
5055,1240.0
5056,1240.0
5057,277.6435190972222
5058,267.1891562499999
5059,266.1189135416667
5060,265.4429614583333
5061,259.0979416666667
5062,264.9753951388889
5063,274.2991336805556
5064,279.5414118055556
5065,275.6069097222221
5066,275.6977798611111
5067,270.4642131944445
5068,268.0744743055555
5069,264.3685607638889
5070,261.4075690972222
5071,260.4544541666667
5072,251.6012041666667
5073,1240.0
5074,1240.0
5075,1240.0
5076,1240.0
5077,269.7860413194445
5078,907.8502055555514
5079,1240.0
5080,1240.0
5081,277.1430430555556
5082,264.9056361111111
5083,273.5543506944443
5084,277.1347916666667
5085,279.1553697916667
5086,289.6599552083334
5087,287.2317704861111
5088,275.55340625
5089,286.1041451388888
5090,300.5729322916666
5091,299.7916878472222
5092,302.4182850694445
5093,299.5190395833334
5094,303.4904638888888
5095,289.6571618055555
5096,282.9599888888889
5097,1240.0
5098,1240.0
5099,1240.0
5100,1240.0
5101,291.2813635416666
5102,711.4255069444387
5103,1240.0
5104,1240.0
5105,1240.0
5106,301.4092152777778
5107,302.8086232638889
5108,305.0772131944445
5109,304.5891784722221
5110,305.5427305555554
5111,300.845290625
5112,314.7345368055555
5113,309.4487156250001
5114,312.5955173611111
5115,306.4591659722223
5116,302.2073253472222
5117,308.3121673611111
5118,300.6187458333334
5119,289.1691694444444
5120,288.2192340277778
5121,1240.0
5122,1240.0
5123,1240.0
5124,1240.0
5125,301.3661013888888
5126,936.6464159722211
5127,1240.0
5128,1240.0
5129,1240.0
5130,293.5018131944445
5131,306.9539940972222
5132,305.2501020833333
5133,307.0533559027778
5134,304.492257986111
5135,308.2177065972222
5136,308.3238555555556
5137,310.0060993055555
5138,315.1185184027779
5139,320.5454017361111
5140,313.9668881944445
5141,312.2770003472222
5142,306.5382517361111
5143,301.7028003472222
5144,300.4520253472222
5145,995.0815194444444
5146,1240.0
5147,1240.0
5148,1240.0
5149,306.5791347222222
5150,1240.0
5151,1240.0
5152,1240.0
5153,1240.0
5154,288.9565520833332
5155,287.0688215277778
5156,295.9486086805555
5157,307.1785100694444
5158,305.442915625
5159,304.7345020833333
5160,305.3753704861112
5161,301.8841760416666
5162,306.9718972222223
5163,311.7874184027778
5164,305.7203232638889
5165,302.0638072916666
5166,298.833665625
5167,294.3964579861112
5168,289.0358361111111
5169,964.0967913194452
5170,1240.0
5171,1240.0
5172,1240.0
5173,294.692389236111
5174,1240.0
5175,1240.0
5176,1240.0
5177,1240.0
5178,307.3115260416668
5179,303.2003704861111
5180,304.6770600694445
5181,307.6587388888889
5182,307.762084375
5183,309.0684222222222
5184,312.0129270833334
5185,301.2469684027778
5186,304.9445364583333
5187,305.5694927083333
5188,296.1882625
5189,290.3652350694445
5190,290.4291086805555
5191,290.9566684027778
5192,292.6402454861111
5193,395.2528015902777
5194,1240.0
5195,1240.0
5196,1240.0
5197,271.4957531250001
5198,1240.0
5199,1240.0
5200,1240.0
5201,1240.0
5202,277.2479166666666
5203,277.3590277777778
5204,277.4701388888889
5205,277.58125
5206,277.692361111111
5207,277.8034722222222
5208,277.9145833333333
5209,275.3590277777778
5210,275.4701388888889
5211,275.58125
5212,275.6923611111111
5213,275.8034722222222
5214,275.9145833333333
5215,276.0256944444444
5216,276.1368055555556
5217,1075.120251388886
5218,1240.0
5219,1240.0
5220,1240.0
5221,273.2203572916666
5222,272.2363065972222
5223,1240.0
5224,1240.0
5225,1240.0
5226,272.0916645833333
5227,271.2509756944444
5228,275.2877083333333
5229,289.8555440972223
5230,290.8447420138889
5231,299.8873736111111
5232,304.2847902777777
5233,300.4152215277777
5234,305.32024375
5235,306.5625479166666
5236,287.8861895833333
5237,282.0598496527778
5238,278.9003704861112
5239,265.4412503472221
5240,262.6752996527778
5241,335.4359579861142
5242,1240.0
5243,1240.0
5244,1240.0
5245,269.5352340277778
5246,1240.0
5247,1240.0
5248,1240.0
5249,1240.0
5250,279.7585680555554
5251,279.8367013888889
5252,281.3755215277778
5253,295.1139034722221
5254,307.920845138889
5255,310.924929861111
5256,301.3424197916667
5257,298.6419822916666
5258,317.5898288194444
5259,324.2453031249999
5260,311.5886434027777
5261,304.1799062499999
5262,303.408345138889
5263,301.8763284722222
5264,299.5799138888888
5265,1116.080518402777
5266,1240.0
5267,1240.0
5268,1240.0
5269,311.8110079861112
5270,1240.0
5271,1240.0
5272,1240.0
5273,1240.0
5274,295.9451121527777
5275,326.959735763889
5276,327.3564131944445
5277,321.2004506944444
5278,326.3732177083334
5279,325.2954649305556
5280,325.7177326388889
5281,335.4084621527779
5282,333.9001260416667
5283,334.1714003472222
5284,329.25103125
5285,322.6389
5286,319.000084375
5287,315.7805114583334
5288,315.2168534722222
5289,1240.0
5290,1240.0
5291,1240.0
5292,1240.0
5293,331.8041430555555
5294,1240.0
5295,1240.0
5296,1240.0
5297,1240.0
5298,409.5213583333315
5299,307.2935447916667
5300,306.4015399305556
5301,305.0526034722221
5302,302.9413090277778
5303,299.5727756944445
5304,312.0577392361112
5305,309.0154628472222
5306,311.7683545138889
5307,308.5620263888889
5308,306.3976375
5309,300.2980791666666
5310,301.2453940972222
5311,296.0831225694445
5312,293.1213635416667
5313,1240.0
5314,1240.0
5315,1240.0
5316,1240.0
5317,292.7698013888888
5318,1013.773729861113
5319,1240.0
5320,1240.0
5321,1240.0
5322,314.48036875
5323,315.9867295138889
5324,317.6313440972223
5325,315.9995131944444
5326,307.8627847222222
5327,314.3904392361111
5328,308.2025201388888
5329,309.3566659722223
5330,309.1522944444445
5331,316.2701753472222
5332,316.2341065972223
5333,313.5663180555556
5334,312.6432517361111
5335,310.0695465277778
5336,314.4605982638889
5337,1240.0
5338,1240.0
5339,1240.0
5340,1240.0
5341,320.034270138889
5342,1240.0
5343,1240.0
5344,1240.0
5345,1240.0
5346,465.2159569444468
5347,316.3957885416667
5348,324.0091756944445
5349,327.1964684027778
5350,312.5525614583334
5351,316.7817934027779
5352,323.4310305555555
5353,320.7270256944444
5354,318.2149444444444
5355,325.729917013889
5356,323.7854048611111
5357,325.1122472222222
5358,324.8975579861112
5359,325.3527972222221
5360,326.2334065972221
5361,1240.0
5362,1240.0
5363,1240.0
5364,1240.0
5365,315.6080440972222
5366,1240.0
5367,1240.0
5368,1240.0
5369,1240.0
5370,585.7677343749993
5371,319.3843756944445
5372,322.7564031249999
5373,318.8893059027779
5374,321.8669090277777
5375,325.6395947916666
5376,329.3933131944444
5377,324.2616663194443
5378,331.9569197916667
5379,333.9375260416666
5380,332.9613614583333
5381,327.5559246527777
5382,322.0789329861112
5383,318.5053013888888
5384,308.98644375
5385,1240.0
5386,1240.0
5387,1240.0
5388,1240.0
5389,671.7310673611083
5390,1240.0
5391,1240.0
5392,1240.0
5393,1240.0
5394,319.6409486111111
5395,323.5645020833334
5396,320.8102652777777
5397,329.9681131944445
5398,334.2639347222222
5399,336.4547336805555
5400,338.1972517361111
5401,338.3024541666667
5402,334.0967003472223
5403,340.2375739583333
5404,327.1891684027777
5405,322.4628263888889
5406,321.9513642361112
5407,319.0102288194445
5408,313.9580913194446
5409,1240.0
5410,1240.0
5411,1240.0
5412,1240.0
5413,736.2983982638921
5414,1240.0
5415,1240.0
5416,1240.0
5417,1240.0
5418,321.5178253472222
5419,325.9484732638889
5420,312.7003100694444
5421,302.6472444444445
5422,306.8721520833334
5423,298.2529045138889
5424,276.5975107638889
5425,266.4900229166666
5426,263.6073243055555
5427,263.0020361111111
5428,258.638540625
5429,258.5960732638889
5430,253.2474083333334
5431,251.5964822916666
5432,247.2560319444444
5433,1240.0
5434,1240.0
5435,1240.0
5436,1240.0
5437,288.6035083333333
5438,732.5053972222228
5439,1240.0
5440,1240.0
5441,267.9804048611111
5442,264.7717805555555
5443,266.3202802083333
5444,261.1888204861111
5445,266.7681034722222
5446,267.6778607638889
5447,260.3891798611111
5448,261.4710631944445
5449,256.6348600694444
5450,270.859582986111
5451,273.8660881944444
5452,273.2362260416667
5453,271.3164135416667
5454,270.6397555555557
5455,270.1835555555555
5456,269.3843649305556
5457,1151.896767708331
5458,1240.0
5459,1240.0
5460,1240.0
5461,279.6901927083333
5462,284.5357652777778
5463,1240.0
5464,1240.0
5465,1240.0
5466,291.8814357638888
5467,291.0804642361111
5468,293.4696156250001
5469,288.5882065972223
5470,282.479863888889
5471,275.3776940972223
5472,267.0039138888889
5473,258.1872100694445
5474,257.5162246527777
5475,258.1180097222223
5476,253.4749322916666
5477,247.2857420138889
5478,245.6320736111112
5479,244.6317246527777
5480,244.2629871527778
5481,242.8071069444444
5482,1240.0
5483,1240.0
5484,1240.0
5485,238.9815395833334
5486,1111.888935416669
5487,1240.0
5488,1240.0
5489,239.1301034722222
5490,241.9059156250001
5491,244.0574982638889
5492,246.3165409722222
5493,245.5710746527778
5494,246.9553364583333
5495,250.3609704861111
5496,252.4510677083333
5497,251.0799875
5498,251.2984236111112
5499,245.0350090277777
5500,243.3837006944444
5501,236.8519086805555
5502,233.6141892361111
5503,233.3046527777778
5504,233.0631013888888
5505,1240.0
5506,1240.0
5507,1240.0
5508,1240.0
5509,240.3592125
5510,565.58283472222
5511,1240.0
5512,1240.0
5513,318.0298954861112
5514,323.9903628472222
5515,264.1829177083333
5516,260.1798503472222
5517,262.8140822916666
5518,259.8700246527778
5519,262.3638305555555
5520,266.7238166666666
5521,260.5988079861111
5522,248.2883222222221
5523,256.7764940972222
5524,261.215925
5525,255.4450940972222
5526,256.5677770833333
5527,254.0930003472222
5528,252.2235979166666
5529,1240.0
5530,1240.0
5531,1240.0
5532,1240.0
5533,261.6039805555556
5534,768.1664374999967
5535,1240.0
5536,1240.0
5537,274.7191763888889
5538,274.5529996527778
5539,295.9549659722223
5540,299.6525395833333
5541,291.9067927083333
5542,291.248923611111
5543,287.6675256944443
5544,282.5988319444444
5545,275.6737725694444
5546,271.1364944444445
5547,278.9790489583333
5548,281.4116208333334
5549,275.5809496527778
5550,274.3667715277776
5551,272.4208559027778
5552,270.8461934027778
5553,1240.0
5554,1240.0
5555,1240.0
5556,1240.0
5557,274.3954288194444
5558,982.0704753472221
5559,1240.0
5560,1240.0
5561,273.6354729166667
5562,265.3361684027777
5563,273.716251388889
5564,276.2614934027777
5565,272.8298152777778
5566,267.1197100694444
5567,267.0306840277777
5568,264.9240958333332
5569,256.4825909722223
5570,253.2688770833333
5571,252.6947788194445
5572,251.0653670138889
5573,253.6258913194445
5574,253.4684253472223
5575,252.576295138889
5576,252.3554982638888
5577,1240.0
5578,1240.0
5579,1240.0
5580,1240.0
5581,260.5510895833334
5582,592.2754197916684
5583,1240.0
5584,1240.0
5585,267.0647569444444
5586,271.2816434027779
5587,270.7980690972223
5588,269.030520138889
5589,266.0541225694445
5590,264.3784954861111
5591,271.1414267361111
5592,273.4096336805555
5593,270.7977430555555
5594,266.899459375
5595,260.439084375
5596,257.114225
5597,255.9068625
5598,255.476435763889
5599,254.7435711805556
5600,253.1509600694445
5601,1240.0
5602,1240.0
5603,1240.0
5604,1240.0
5605,247.1522215277778
5606,545.8577204861169
5607,1240.0
5608,1240.0
5609,258.2229972222222
5610,258.7734729166667
5611,266.5751628472221
5612,265.4604847222222
5613,262.1977559027778
5614,265.250345138889
5615,268.6848864583333
5616,269.4297704861111
5617,275.8282079861111
5618,259.4030309027777
5619,258.013865625
5620,263.8672548611111
5621,269.0453715277778
5622,263.8499329861111
5623,261.409015625
5624,261.9452302083334
5625,970.7049621527765
5626,1240.0
5627,1240.0
5628,1240.0
5629,276.8238340277778
5630,275.8379979166666
5631,1240.0
5632,1240.0
5633,1240.0
5634,288.5737947916667
5635,284.80028125
5636,285.4990760416666
5637,263.7548152777779
5638,260.8612961805556
5639,258.3581232638888
5640,270.2867232638889
5641,274.2208579861111
5642,274.9547920138889
5643,275.7344340277778
5644,266.1328232638889
5645,277.5063315972222
5646,278.0002041666667
5647,277.3590135416666
5648,277.7732631944445
5649,1240.0
5650,1240.0
5651,1240.0
5652,1240.0
5653,281.9281340277778
5654,1168.774351388892
5655,1240.0
5656,1240.0
5657,272.8900475694444
5658,286.3734124999999
5659,290.001976736111
5660,289.9908708333333
5661,287.8192253472222
5662,265.4697128472223
5663,266.3342711805555
5664,274.3465402777778
5665,271.4195465277778
5666,268.8659597222223
5667,269.7128222222223
5668,274.3126722222222
5669,263.3569444444446
5670,256.5181215277777
5671,258.4984704861111
5672,256.9672229166666
5673,1240.0
5674,1240.0
5675,1240.0
5676,1240.0
5677,225.858054861111
5678,470.5758177083377
5679,1240.0
5680,1240.0
5681,260.6539465277777
5682,270.4720493055556
5683,266.0753211805555
5684,260.9714934027778
5685,251.9052420138889
5686,252.6981232638888
5687,256.1507413194444
5688,261.8619190972222
5689,258.5099538194444
5690,261.7772024305556
5691,257.1603472222222
5692,255.2288246527778
5693,250.4920375
5694,252.3791170138889
5695,257.7482055555556
5696,256.4405197916667
5697,1240.0
5698,1240.0
5699,1240.0
5700,1240.0
5701,265.5970850694444
5702,471.4245062500066
5703,1240.0
5704,1240.0
5705,258.6144902777778
5706,249.8970847222222
5707,254.1160062499999
5708,251.9070590277777
5709,245.6842600694444
5710,238.6582309027778
5711,243.0417711805556
5712,251.8231496527777
5713,252.5675361111111
5714,256.1181840277777
5715,259.4474298611111
5716,257.4037409722222
5717,254.9302319444444
5718,256.4810774305556
5719,250.7281934027777
5720,246.1264913194444
5721,1240.0
5722,1240.0
5723,1240.0
5724,1240.0
5725,257.6490718749999
5726,586.7396454861093
5727,1240.0
5728,1240.0
5729,272.2012729166667
5730,273.38705
5731,273.8263756944444
5732,278.7105208333333
5733,284.6110173611111
5734,283.4512763888889
5735,278.9133579861111
5736,278.4328374999999
5737,269.9146892361111
5738,281.2715166666667
5739,270.8922684027778
5740,275.096296875
5741,276.8841420138889
5742,276.7343145833333
5743,284.9597118055555
5744,281.6716444444445
5745,1240.0
5746,1240.0
5747,1240.0
5748,1240.0
5749,287.056628125
5750,410.6030215277764
5751,1240.0
5752,1240.0
5753,1240.0
5754,281.4325826388889
5755,286.808795138889
5756,288.5672329861111
5757,290.8617982638889
5758,289.226017013889
5759,275.8267357638889
5760,269.3743857638889
5761,265.3960270833333
5762,272.1494107638888
5763,271.3313805555555
5764,276.4285204861111
5765,277.2956253472223
5766,286.9314670138889
5767,282.0797222222223
5768,281.9460072916667
5769,510.7494895833346
5770,1240.0
5771,1240.0
5772,1240.0
5773,324.6309243055556
5774,1240.0
5775,1240.0
5776,1240.0
5777,1240.0
5778,289.5706701388888
5779,293.9274767361111
5780,282.9621975694445
5781,278.0103795138889
5782,265.6256711805555
5783,262.4880895833334
5784,252.1438552083334
5785,246.0555072916667
5786,247.1626041666666
5787,248.197509375
5788,252.6578236111111
5789,249.903589236111
5790,249.896989236111
5791,246.7275826388889
5792,246.5987041666667
5793,1240.0
5794,1240.0
5795,1240.0
5796,1240.0
5797,269.5634458333333
5798,408.2688371527782
5799,1240.0
5800,1240.0
5801,245.8981579861111
5802,263.4590368055555
5803,278.3997795138889
5804,267.4072559027777
5805,256.7760541666667
5806,249.9606003472223
5807,248.0260184027778
5808,249.2187958333333
5809,245.0148406249999
5810,251.3936555555556
5811,254.5766215277778
5812,255.8357322916667
5813,252.2629899305555
5814,252.7889496527778
5815,251.3496194444444
5816,247.5754628472222
5817,243.8662381944444
5818,1240.0
5819,1240.0
5820,1240.0
5821,241.754201388889
5822,1197.472887152777
5823,1240.0
5824,1240.0
5825,238.5216690972223
5826,236.9018041666666
5827,241.3921624999999
5828,239.2666093750001
5829,243.3128916666668
5830,248.4104142361111
5831,250.5822458333334
5832,248.8988538194444
5833,237.8322465277777
5834,223.797153125
5835,223.994965625
5836,228.5628590277778
5837,245.034817013889
5838,241.9571305555556
5839,248.5698274305556
5840,232.1997809027778
5841,226.0599885416667
5842,1240.0
5843,1240.0
5844,1240.0
5845,222.9956371527778
5846,802.9880399305557
5847,1240.0
5848,1240.0
5849,226.193132986111
5850,232.4753222222222
5851,233.9091083333333
5852,237.2417927083334
5853,247.939384375
5854,247.5245621527778
5855,252.9769097222222
5856,259.2799770833333
5857,256.0968288194444
5858,252.2720013888889
5859,252.0420381944445
5860,248.2597350694444
5861,250.3232163194445
5862,251.7067701388889
5863,241.4797927083333
5864,240.722996875
5865,308.3400947916664
5866,1240.0
5867,1240.0
5868,1240.0
5869,241.4567961805555
5870,233.9717972222222
5871,1240.0
5872,1240.0
5873,1240.0
5874,257.4329753472223
5875,247.9469663194445
5876,266.9409013888889
5877,264.7729506944444
5878,258.2939916666667
5879,249.4544899305556
5880,258.8730805555555
5881,252.328690625
5882,272.1257270833333
5883,262.5475447916666
5884,260.5878850694445
5885,259.7235059027778
5886,255.9373152777779
5887,256.7669940972223
5888,255.4339718749999
5889,1240.0
5890,1240.0
5891,1240.0
5892,1240.0
5893,244.9799770833333
5894,554.6528875000029
5895,1240.0
5896,1240.0
5897,269.5430677083333
5898,264.4144114583334
5899,275.5702097222222
5900,274.5600565972222
5901,266.2225576388889
5902,268.3666322916667
5903,268.4115402777778
5904,273.0374902777777
5905,275.1380291666667
5906,280.1670590277777
5907,280.5799124999999
5908,287.2325833333333
5909,283.3957868055556
5910,277.2182416666667
5911,262.1926409722223
5912,250.478878125
5913,1240.0
5914,1240.0
5915,1240.0
5916,1240.0
5917,260.7218156250001
5918,710.9353677083363
5919,1240.0
5920,1240.0
5921,269.5868631944444
5922,263.8667045138889
5923,265.3818385416666
5924,265.3838399305556
5925,254.7851052083334
5926,263.0348159722222
5927,267.8649777777778
5928,271.8860545138889
5929,276.022360763889
5930,282.0211489583334
5931,282.7713784722222
5932,285.5070826388888
5933,285.9989961805556
5934,280.2543204861111
5935,278.7528590277776
5936,263.0179843749999
5937,974.1656701388899
5938,1240.0
5939,1240.0
5940,1240.0
5941,263.1702072916667
5942,270.3959284722222
5943,1240.0
5944,1240.0
5945,1240.0
5946,282.70776875
5947,279.9653670138889
5948,279.7837861111111
5949,277.2770461805554
5950,276.6286
5951,273.36726875
5952,276.0469555555555
5953,280.1592045138888
5954,285.7453555555556
5955,286.4752180555556
5956,278.1442125000001
5957,273.9874746527777
5958,273.7764114583334
5959,270.724638888889
5960,260.042382638889
5961,1240.0
5962,1240.0
5963,1240.0
5964,1240.0
5965,277.4583697916667
5966,424.2614715277762
5967,1240.0
5968,1240.0
5969,1240.0
5970,302.7276357638888
5971,294.6110267361111
5972,300.8088065972222
5973,302.6395635416665
5974,302.9988065972222
5975,296.7542364583333
5976,292.6522465277778
5977,286.5104277777777
5978,284.0767694444445
5979,275.8180781250001
5980,267.1848291666668
5981,263.9195489583334
5982,256.7668965277778
5983,258.1015024305556
5984,257.1440618055557
5985,1240.0
5986,1240.0
5987,1240.0
5988,1240.0
5989,265.088590625
5990,755.2157361111149
5991,1240.0
5992,1240.0
5993,270.5519118055555
5994,265.8514121527778
5995,263.3082652777778
5996,264.3609947916666
5997,262.6965725694445
5998,265.20515
5999,262.3570802083333
6000,258.2761
6001,263.2044347222222
6002,262.3679402777779
6003,253.9127982638888
6004,245.795684375
6005,251.3647788194444
6006,247.3209055555556
6007,247.2881475694444
6008,244.8606034722222
6009,554.0196274305556
6010,1240.0
6011,1240.0
6012,1240.0
6013,246.4918371527777
6014,255.7315489583333
6015,1240.0
6016,1240.0
6017,1240.0
6018,286.0306829861111
6019,286.9507520833333
6020,284.3375815972221
6021,278.1536114583332
6022,273.1539267361111
6023,275.7294666666667
6024,276.5212072916666
6025,278.9176267361112
6026,271.7670850694443
6027,268.7021975694445
6028,265.6179635416667
6029,262.8882996527778
6030,262.2486930555555
6031,260.2723479166667
6032,256.3920180555556
6033,1095.18692534722
6034,1240.0
6035,1240.0
6036,1240.0
6037,302.4680913194444
6038,267.7698052083333
6039,1240.0
6040,1240.0
6041,1240.0
6042,280.481413888889
6043,278.8741541666666
6044,281.5463291666666
6045,268.8201625
6046,267.7206354166668
6047,269.2760104166667
6048,271.5983243055555
6049,266.3676968749999
6050,267.1162729166666
6051,274.2228249999999
6052,278.3549173611112
6053,277.4766684027779
6054,275.3674666666666
6055,275.8667572916667
6056,272.6757038194444
6057,1240.0
6058,1240.0
6059,256.9776868055556
6060,1240.0
6061,1240.0
6062,1240.0
6063,1240.0
6064,274.7397124999999
6065,271.9015729166667
6066,282.4360753472222
6067,285.3543506944445
6068,282.4464444444445
6069,280.313128125
6070,280.4575944444445
6071,282.6808572916667
6072,970.2570864583312
6073,279.7074878472222
6074,282.457326736111
6075,287.1563545138889
6076,288.3178131944445
6077,284.4826746527779
6078,281.5398131944444
6079,281.3144329861111
6080,268.3812510416666
6081,1240.0
6082,1240.0
6083,357.1603160763907
6084,1240.0
6085,1240.0
6086,1240.0
6087,1240.0
6088,270.4084607638889
6089,268.0830201388889
6090,274.7998618055556
6091,271.3110167708334
6092,280.5027315972223
6093,281.2464687500001
6094,282.6754190972223
6095,287.3559854166666
6096,1240.0
6097,282.9770569444444
6098,279.1565613368056
6099,277.2018635416666
6100,275.1752291666667
6101,261.11060265625
6102,257.7600791666667
6103,253.7430104166666
6104,232.3680896180556
6105,139.2277195138889
6106,1240.0
6107,1240.0
6108,993.4441553333295
6109,131.7996527777777
6110,124.9789816527778
6111,1240.0
6112,1240.0
6113,224.6987136805555
6114,223.8440163194445
6115,223.8048958333333
6116,223.9167708333334
6117,223.8742125
6118,223.6790045138889
6119,224.3974076388889
6120,225.8449420138889
6121,224.0835190972223
6122,223.8636111111111
6123,224.1048368055556
6124,224.1915045138889
6125,224.3634722222222
6126,224.4153121527778
6127,224.7765972222223
6128,225.1069444444445
6129,1240.0
6130,1240.0
6131,261.3140270833333
6132,1240.0
6133,1240.0
6134,1240.0
6135,1240.0
6136,272.1674402777778
6137,277.8268038194445
6138,277.9027791666666
6139,300.7124645833333
6140,309.0181930555555
6141,316.9319190972222
6142,290.7476833333334
6143,290.9230899305556
6144,632.0726590277766
6145,288.1040263888889
6146,288.7466777777778
6147,289.7638885416667
6148,287.7109003472223
6149,289.2149635416666
6150,283.6951246527777
6151,274.6773875
6152,275.4481163194444
6153,1240.0
6154,1240.0
6155,1240.0
6156,1240.0
6157,272.8210538194445
6158,1168.973585069446
6159,1240.0
6160,1240.0
6161,272.0917802083334
6162,275.2793291666667
6163,279.6806913194445
6164,283.6321284722222
6165,282.2316340277778
6166,284.8728673611112
6167,280.6428003472222
6168,284.6449069444444
6169,282.1281246527778
6170,278.9944913194444
6171,278.0561465277778
6172,278.6760076388888
6173,274.1052444444445
6174,269.9835729166666
6175,269.6195451388888
6176,266.5584833333334
6177,1050.68784236111
6178,1240.0
6179,1240.0
6180,1240.0
6181,272.5142260416667
6182,273.3203479166667
6183,1240.0
6184,1240.0
6185,1240.0
6186,276.1507968749999
6187,279.867465625
6188,275.8287489583333
6189,279.0654402777777
6190,277.9780097222222
6191,278.9710322916667
6192,278.3523711805557
6193,276.2339590277779
6194,272.8388177083334
6195,267.5245357638889
6196,270.7123378472223
6197,272.1169645833335
6198,266.79599375
6199,271.903959375
6200,268.9371079861111
6201,635.4452111111118
6202,1240.0
6203,1240.0
6204,1240.0
6205,246.0792097222222
6206,247.22819375
6207,1240.0
6208,1240.0
6209,1240.0
6210,255.8698041666667
6211,256.3254277777779
6212,255.4010864583334
6213,255.2165704861112
6214,256.17229375
6215,259.8202107638888
6216,265.4923048611111
6217,262.8385322916666
6218,264.3534142361111
6219,263.9270017361111
6220,266.7192399305555
6221,265.6212378472221
6222,264.3189590277778
6223,264.2704194444445
6224,264.3193979166667
6225,261.7344930555556
6226,258.8994086805556
6227,1240.0
6228,243.8143170138889
6229,245.9147222222223
6230,246.4776746527778
6231,240.2273704861111
6232,1240.0
6233,237.2750010416667
6234,1240.0
6235,239.2457649305555
6236,1240.0
6237,1240.0
6238,1240.0
6239,264.7855677083325
6240,246.7336090277777
6241,242.4686673611112
6242,238.6439697916667
6243,238.4674756944444
6244,237.0972774305556
6245,236.5393534722222
6246,235.6102336805556
6247,236.5942107638888
6248,237.9076888888889
6249,236.7564670138889
6250,1240.0
6251,1240.0
6252,1240.0
6253,237.8541684027778
6254,239.2283704861111
6255,1240.0
6256,1240.0
6257,976.7693635416701
6258,242.6515958333333
6259,241.622096875
6260,240.9203010416668
6261,242.6952892361111
6262,244.5046513888889
6263,244.1016666666667
6264,251.2819315972222
6265,248.3525215277778
6266,243.1911451388888
6267,240.13631875
6268,239.6908104166666
6269,239.1499454861111
6270,237.7246767361111
6271,235.5303697916667
6272,236.3737944444445
6273,239.6966777777778
6274,1240.0
6275,1240.0
6276,1240.0
6277,246.5390736111111
6278,244.1558336805556
6279,1240.0
6280,1240.0
6281,1165.420880208337
6282,256.2346836805556
6283,257.2892024305556
6284,252.45273125
6285,253.81369375
6286,253.7391805555555
6287,250.203482638889
6288,251.9827989583333
6289,250.3856131944444
6290,250.3741215277777
6291,247.4429173611111
6292,245.6768993055555
6293,245.1677309027778
6294,240.1610965277778
6295,238.1208486111111
6296,240.1073027777778
6297,237.7586913194444
6298,1240.0
6299,1240.0
6300,1240.0
6301,257.0094430555556
6302,257.6286677083333
6303,1240.0
6304,1240.0
6305,1237.860836805551
6306,249.0704302083333
6307,247.4253590277778
6308,249.20225625
6309,246.1979704861112
6310,244.685565625
6311,245.9509135416666
6312,249.0674190972222
6313,246.2183458333334
6314,247.4931142361111
6315,246.774638888889
6316,244.3902534722222
6317,243.6994090277778
6318,245.4051972222222
6319,243.7246055555556
6320,244.1398739583333
6321,242.1551284722221
6322,1240.0
6323,1240.0
6324,1240.0
6325,240.0927430555556
6326,238.0257541666666
6327,1240.0
6328,1240.0
6329,1030.892410416665
6330,239.0180326388889
6331,238.5243982638889
6332,239.3105302083334
6333,239.4014010416666
6334,239.4654041666666
6335,237.7357975694444
6336,240.7948840277778
6337,233.3269569444444
6338,233.1545368055556
6339,233.3932170138889
6340,233.2703236111111
6341,233.4137701388889
6342,234.6383090277778
6343,234.7562954861111
6344,234.9157895833334
6345,234.2947097222223
6346,1240.0
6347,1240.0
6348,1240.0
6349,239.0404878472222
6350,239.0786486111112
6351,1240.0
6352,1240.0
6353,971.0013611111087
6354,243.0395246527778
6355,244.7090979166667
6356,246.1587975694445
6357,247.4968420138889
6358,246.829290625
6359,254.4667475694444
6360,254.6243298611111
6361,254.3271510416667
6362,251.2067635416668
6363,256.1916093749999
6364,252.1135541666666
6365,246.7935416666666
6366,244.8073263888889
6367,244.8551625000001
6368,242.2113059027778
6369,242.7939961805556
6370,1240.0
6371,1240.0
6372,1240.0
6373,240.1898840277777
6374,240.8133100694444
6375,1240.0
6376,1240.0
6377,1119.698695486114
6378,244.8761684027778
6379,243.1209739583334
6380,235.4746659722222
6381,236.2311340277777
6382,236.5104270833334
6383,236.8906819444445
6384,239.4779399305556
6385,231.6204274305556
6386,231.1769593750001
6387,234.3135760416666
6388,235.8304958333334
6389,236.1153944444445
6390,234.5494458333334
6391,233.9440260416666
6392,231.7615638888889
6393,231.7668760416668
6394,1240.0
6395,1240.0
6396,1240.0
6397,230.8033440972222
6398,1024.438273263887
6399,1240.0
6400,1240.0
6401,262.7607506944444
6402,263.6805680555556
6403,257.2143375
6404,256.7213409722223
6405,258.44400625
6406,239.821376388889
6407,236.4230552083333
6408,233.4691888888889
6409,228.8885083333333
6410,235.0642579861112
6411,238.5551989583334
6412,237.5623597222222
6413,238.8312722222223
6414,235.2526072916667
6415,237.7078357638889
6416,238.747196875
6417,239.0523378472222
6418,1240.0
6419,1240.0
6420,1240.0
6421,238.4655326388889
6422,240.5465864583333
6423,1240.0
6424,1240.0
6425,1166.979720833334
6426,258.9305802083333
6427,256.6097204861111
6428,253.8393173611111
6429,258.0940135416667
6430,257.3127736111111
6431,261.1579083333335
6432,273.0783555555556
6433,268.6127645833334
6434,271.8478020833334
6435,274.4499541666667
6436,277.5146395833333
6437,275.2971635416666
6438,274.6890013888888
6439,267.87228125
6440,261.2218288194443
6441,853.3137059027797
6442,1240.0
6443,1240.0
6444,1240.0
6445,258.5220704861111
6446,260.7192347222223
6447,1240.0
6448,1240.0
6449,1240.0
6450,276.4715072916666
6451,280.9845263888888
6452,279.0471381944443
6453,274.3731267361111
6454,270.6915256944445
6455,272.9072791666666
6456,278.2938090277779
6457,273.1981378472223
6458,271.6033565972222
6459,269.7721545138888
6460,269.3146760416666
6461,267.6475809027779
6462,267.1620260416666
6463,268.3433434027776
6464,268.8160309027778
6465,789.8957920138889
6466,1240.0
6467,1240.0
6468,1240.0
6469,270.1993881944445
6470,273.0366916666667
6471,1240.0
6472,1240.0
6473,1240.0
6474,257.0568840277778
6475,259.8617260416667
6476,261.1210868055556
6477,261.2449288194445
6478,253.7191895833333
6479,259.1138690972222
6480,263.7874291666667
6481,261.6308208333334
6482,265.1237951388889
6483,265.387054861111
6484,264.1714114583333
6485,263.0377659722223
6486,261.9223843750001
6487,259.3080659722222
6488,258.1375006944444
6489,806.2147503472262
6490,1240.0
6491,1240.0
6492,1240.0
6493,273.7216777777778
6494,271.2223284722222
6495,1240.0
6496,1240.0
6497,1240.0
6498,266.2114555555555
6499,265.8460319444445
6500,267.5671625
6501,267.3478934027777
6502,266.8478944444445
6503,265.432246875
6504,263.1383774305556
6505,261.831595138889
6506,262.0036913194444
6507,261.7431704861111
6508,259.4111118055556
6509,253.3235194444444
6510,253.6418270833333
6511,251.227267013889
6512,248.848484375
6513,610.1483868055582
6514,1240.0
6515,1240.0
6516,1240.0
6517,254.9780107638889
6518,259.2254534722222
6519,1240.0
6520,1240.0
6521,1240.0
6522,268.6131253472222
6523,265.2782038194445
6524,266.6811784722222
6525,264.7515618055555
6526,272.6203493055555
6527,272.5710395833334
6528,278.1611440972221
6529,275.7404843750001
6530,276.4643663194445
6531,279.9950229166666
6532,278.382289236111
6533,277.1881711805556
6534,270.6582166666666
6535,268.7493520833333
6536,268.3216670138891
6537,1091.946987152779
6538,1240.0
6539,1240.0
6540,1240.0
6541,277.4085868055554
6542,275.1524104166667
6543,1240.0
6544,1240.0
6545,1240.0
6546,278.4190402777778
6547,277.0725222222222
6548,276.4551378472222
6549,273.8748138888889
6550,273.5497458333334
6551,278.0907756944445
6552,281.3576378472222
6553,280.9381107638889
6554,280.5021527777778
6555,278.6057645833333
6556,277.424375
6557,277.0388319444444
6558,277.2297006944444
6559,275.3218493055556
6560,273.4281388888888
6561,1240.0
6562,1240.0
6563,288.3503465277777
6564,1240.0
6565,1240.0
6566,1240.0
6567,1240.0
6568,280.1518649305556
6569,278.3318614583334
6570,278.0216892361112
6571,270.7489229166666
6572,263.7258208333333
6573,267.8174319444444
6574,275.0316888888889
6575,275.4375385416666
6576,1153.557438541668
6577,274.8023055555555
6578,268.2016315972222
6579,264.1237072916667
6580,261.9129753472222
6581,262.2284229166667
6582,260.5615159722222
6583,260.0568065972222
6584,257.2086111111111
6585,1240.0
6586,1240.0
6587,261.1399875
6588,1240.0
6589,1240.0
6590,1240.0
6591,1240.0
6592,256.87056875
6593,257.755878125
6594,257.8512027777778
6595,256.7822336805555
6596,254.339790625
6597,255.6042496527778
6598,250.2782510416666
6599,243.8699524305555
6600,550.2648590277815
6601,253.5842718750001
6602,254.605428125
6603,254.3016204861111
6604,254.248495486111
6605,254.1095600694445
6606,255.3782756944444
6607,254.4036458333333
6608,254.5399652777778
6609,1240.0
6610,1240.0
6611,254.8400694444445
6612,1240.0
6613,1240.0
6614,1240.0
6615,1240.0
6616,256.0692479166667
6617,256.00835625
6618,256.6643749999999
6619,258.0803357638889
6620,255.9234607638889
6621,261.8854531250001
6622,262.4915659722222
6623,264.1506930555556
6624,513.7388930555574
6625,265.6243045138888
6626,265.3035666666667
6627,262.1146767361111
6628,259.5339684027777
6629,260.2257611111112
6630,259.3375121527778
6631,259.5485673611111
6632,261.4394114583333
6633,1240.0
6634,1240.0
6635,270.7985986111112
6636,1240.0
6637,1240.0
6638,1240.0
6639,1240.0
6640,264.6553631944445
6641,262.3569107638889
6642,263.9178833333334
6643,270.2175097222221
6644,267.0792937499999
6645,272.207628125
6646,278.0607625000001
6647,286.8641670138889
6648,904.2941458333335
6649,280.0562027777777
6650,278.3446746527778
6651,276.7817253472222
6652,278.6993065972222
6653,275.553575
6654,278.2823395833333
6655,277.7684590277778
6656,279.2656493055555
6657,1240.0
6658,1240.0
6659,287.4891916666667
6660,1240.0
6661,1240.0
6662,1240.0
6663,1240.0
6664,275.3859618055556
6665,273.9120038194444
6666,269.4441072916668
6667,274.3376725694444
6668,271.7726260416666
6669,264.6255204861112
6670,262.3451517361111
6671,263.1958333333333
6672,1113.499127430554
6673,259.7640024305556
6674,257.0370131944444
6675,257.0243770833334
6676,257.5852895833333
6677,257.3172548611111
6678,256.7749201388889
6679,256.1584211805555
6680,254.3961010416666
6681,1240.0
6682,1240.0
6683,265.7883822916667
6684,1240.0
6685,1240.0
6686,1240.0
6687,1240.0
6688,267.7759729166666
6689,263.601032638889
6690,265.5347791666667
6691,268.4963437500001
6692,275.4427340277778
6693,274.9657774305555
6694,278.5366642361111
6695,281.9695465277778
6696,803.9774555555566
6697,280.1282631944444
6698,274.3034517361111
6699,265.6545385416667
6700,266.8069548611111
6701,265.1401177083333
6702,265.2842604166667
6703,263.1443166666667
6704,262.5280770833334
6705,1240.0
6706,1240.0
6707,263.2781138888889
6708,1240.0
6709,1240.0
6710,1240.0
6711,1240.0
6712,276.5971059027778
6713,278.8825020833333
6714,281.8714375
6715,284.6086677083333
6716,281.3078708333334
6717,281.4688878472222
6718,272.95021875
6719,270.71963125
6720,914.6574541666639
6721,263.6979013888889
6722,265.9663631944445
6723,269.5027527777778
6724,265.3612989583334
6725,263.2377781250001
6726,251.7834142361112
6727,244.0213795138889
6728,243.0757774305555
6729,593.6382305555562
6730,1240.0
6731,1240.0
6732,1240.0
6733,268.8571083333334
6734,268.7409618055555
6735,1240.0
6736,1240.0
6737,1240.0
6738,267.3000020833333
6739,265.0417809027778
6740,252.3595350694444
6741,251.5165517361112
6742,249.3545819444444
6743,247.6532423611112
6744,248.7027916666667
6745,249.5103249999999
6746,251.2974083333334
6747,247.5911097222222
6748,251.0099857638888
6749,247.2020958333333
6750,248.8092121527777
6751,245.80365625
6752,246.453184375
6753,244.9989583333333
6754,1240.0
6755,1240.0
6756,1240.0
6757,245.4434027777778
6758,245.5545138888889
6759,1240.0
6760,1240.0
6761,1193.987394097221
6762,245.9989583333333
6763,246.1100694444444
6764,246.2211805555555
6765,246.3322916666666
6766,246.4434027777778
6767,246.5545138888889
6768,246.665625
6769,244.1934027777777
6770,244.3045138888889
6771,244.415625
6772,244.5267361111111
6773,244.6378472222222
6774,244.665625
6775,244.7767361111111
6776,244.8878472222222
6777,244.9989583333333
6778,1240.0
6779,1240.0
6780,1240.0
6781,245.4434027777778
6782,245.5545138888889
6783,1240.0
6784,1240.0
6785,1162.718750000002
6786,245.9989583333333
6787,246.1100694444444
6788,246.2211805555555
6789,246.3322916666666
6790,246.4434027777778
6791,246.5545138888889
6792,246.665625
6793,244.1934027777777
6794,244.3045138888889
6795,244.415625
6796,244.5267361111111
6797,244.6378472222222
6798,244.665625
6799,244.7767361111111
6800,244.8878472222222
6801,244.9989583333333
6802,1240.0
6803,1240.0
6804,1240.0
6805,245.4434027777778
6806,245.5545138888889
6807,1240.0
6808,1240.0
6809,1162.718750000002
6810,245.9989583333333
6811,246.1100694444444
6812,246.2211805555555
6813,246.3322916666666
6814,246.4434027777778
6815,246.5545138888889
6816,246.665625
6817,244.1934027777777
6818,244.3045138888889
6819,244.415625
6820,244.5267361111111
6821,244.6378472222222
6822,244.665625
6823,244.7767361111111
6824,244.8878472222222
6825,244.9989583333333
6826,1240.0
6827,1240.0
6828,1240.0
6829,245.4434027777778
6830,245.5545138888889
6831,1240.0
6832,1240.0
6833,1162.718750000002
6834,245.9989583333333
6835,246.1100694444444
6836,246.2211805555555
6837,246.3322916666666
6838,246.4434027777778
6839,246.5545138888889
6840,246.665625
6841,244.1934027777777
6842,244.3045138888889
6843,244.415625
6844,244.5267361111111
6845,244.6378472222222
6846,244.665625
6847,244.7767361111111
6848,244.8878472222222
6849,244.9989583333333
6850,1240.0
6851,1240.0
6852,1240.0
6853,245.4434027777778
6854,245.5545138888889
6855,1240.0
6856,1240.0
6857,1167.293807638891
6858,246.9477083333333
6859,246.8663194444444
6860,246.4279395833333
6861,246.285057986111
6862,246.1575809027778
6863,246.037361111111
6864,246.2764236111111
6865,243.8622569444445
6866,244.1372225694444
6867,245.2494097222223
6868,244.0452315972223
6869,244.1467940972223
6870,244.2355555555555
6871,244.28695625
6872,244.4132173611111
6873,1240.0
6874,1240.0
6875,278.0538920138889
6876,1240.0
6877,1240.0
6878,1240.0
6879,1240.0
6880,254.5188088888889
6881,268.9571618055556
6882,263.5689118055555
6883,268.4726586805555
6884,268.0750225694445
6885,262.3136114583334
6886,255.9348486111111
6887,256.4823982638889
6888,555.6030512500007
6889,261.6564145833332
6890,265.3714246527778
6891,263.3834944444444
6892,263.2604729166666
6893,266.1388986111111
6894,265.7849881944445
6895,263.9399076388889
6896,263.1916430555555
6897,899.9518256944484
6898,1240.0
6899,1240.0
6900,1240.0
6901,280.9866434027776
6902,268.9189458333333
6903,1240.0
6904,1240.0
6905,1240.0
6906,281.9983701388888
6907,274.8862701388889
6908,271.8311885416667
6909,261.2849069444444
6910,261.4727072916667
6911,264.6534621527778
6912,265.7246517361111
6913,249.4447541666667
6914,244.5958131944444
6915,244.6954659722223
6916,248.8381281249999
6917,246.582201388889
6918,245.0371329861111
6919,243.2683107638889
6920,244.1326166666667
6921,1240.0
6922,1240.0
6923,260.1996423611111
6924,1240.0
6925,1240.0
6926,1240.0
6927,1240.0
6928,266.8554864583333
6929,274.5553111111111
6930,274.324595486111
6931,279.0627079861111
6932,273.0054190972223
6933,271.484220486111
6934,265.2801406250001
6935,263.340079513889
6936,625.318215972223
6937,258.3038315972223
6938,266.5032503472221
6939,263.8424659722223
6940,263.658971875
6941,258.1709020833333
6942,253.0616524305555
6943,247.8804184027777
6944,244.2386694444444
6945,1240.0
6946,1240.0
6947,253.6411486111111
6948,1240.0
6949,1240.0
6950,1240.0
6951,1240.0
6952,270.3780333333333
6953,266.0526222222222
6954,265.2406840277777
6955,265.5431493055556
6956,264.9090881944445
6957,262.7537399305556
6958,259.5134125
6959,263.0560409722223
6960,701.013656250002
6961,255.3357416666666
6962,252.4171399305555
6963,250.7870986111111
6964,247.9709836805556
6965,246.4741079861111
6966,245.319384375
6967,241.8660614583333
6968,229.3295958333333
6969,1240.0
6970,1150.19153715278
6971,238.3417267361112
6972,1240.0
6973,1240.0
6974,1240.0
6975,1240.0
6976,254.1441204861111
6977,250.745160763889
6978,243.5582048611112
6979,241.6391548611111
6980,246.7407559027778
6981,241.8318416666666
6982,242.7584024305555
6983,239.9757777777778
6984,240.9491885416666
6985,236.9680315972222
6986,236.5378006944444
6987,235.5029506944445
6988,236.9391541666666
6989,238.0765503472223
6990,236.5565642361111
6991,236.9860899305556
6992,237.7675114583334
6993,1240.0
6994,1080.228320138893
6995,242.8255003472223
6996,1240.0
6997,1240.0
6998,1240.0
6999,1240.0
7000,245.8425590277778
7001,249.4303802083334
7002,250.550846875
7003,249.2543631944444
7004,247.8010309027778
7005,246.9060996527778
7006,246.8429152777778
7007,246.2879184027778
7008,236.3431940972222
7009,231.2896638888889
7010,232.1301611111111
7011,232.6843302083333
7012,231.2679194444443
7013,230.5890385416666
7014,230.5647458333333
7015,229.1227447916666
7016,231.9864013888889
7017,1240.0
7018,873.4508583333368
7019,227.5635059027777
7020,1240.0
7021,1240.0
7022,1240.0
7023,1240.0
7024,245.4527184027778
7025,243.1649628472223
7026,243.2402989583333
7027,243.098059375
7028,242.008715625
7029,243.5370930555555
7030,240.5328128472223
7031,238.8653361111111
7032,236.9213305555554
7033,240.4450006944445
7034,240.8127770833334
7035,243.0692725694445
7036,233.3651746527779
7037,234.2077076388889
7038,222.7826298611111
7039,222.9084697916668
7040,221.397048263889
7041,224.1099302083333
7042,1240.0
7043,1240.0
7044,1240.0
7045,234.5989927083334
7046,237.2443972222222
7047,1240.0
7048,1240.0
7049,863.3397753472275
7050,246.3864708333334
7051,236.5759017361111
7052,242.89778125
7053,240.6429631944445
7054,242.3201413194445
7055,234.7244670138889
7056,235.1675819444445
7057,306.7272378472223
7058,1240.0
7059,313.2050704861112
7060,1240.0
7061,1031.587843402779
7062,305.9517128472222
7063,307.0546069444445
7064,306.8683086805555
7065,307.2116454861111
7066,1240.0
7067,1240.0
7068,1240.0
7069,1240.0
7070,290.2446055555556
7071,1240.0
7072,300.6516336805556
7073,298.2812482638888
7074,297.1698829861111
7075,302.8480940972223
7076,303.3422906250001
7077,301.5105784722223
7078,294.671828125
7079,308.7171635416667
7080,318.5286447916667
7081,315.3155100694444
7082,311.495901388889
7083,313.4280010416666
7084,308.4458746527778
7085,309.8682041666667
7086,308.0661590277778
7087,303.4237142361111
7088,310.3455333333334
7089,1240.0
7090,1240.0
7091,914.3667128472216
7092,1240.0
7093,1240.0
7094,1240.0
7095,1240.0
7096,290.2082527777778
7097,291.0125927083334
7098,290.4426958333334
7099,287.0932631944445
7100,284.3619475694445
7101,283.0933468750001
7102,279.8055333333334
7103,285.1238194444445
7104,1240.0
7105,289.2570934027778
7106,1240.0
7107,295.2843625
7108,1240.0
7109,737.443164583336
7110,298.6289503472223
7111,298.0222572916667
7112,295.8521416666666
7113,290.8469784722223
7114,1240.0
7115,1240.0
7116,1240.0
7117,1240.0
7118,288.9402677083332
7119,1240.0
7120,298.8020024305555
7121,297.7236097222222
7122,293.2954440972222
7123,297.6196545138889
7124,297.3214493055555
7125,296.8672791666667
7126,297.8731597222222
7127,300.9561833333334
7128,300.3570045138889
7129,298.1379371527778
7130,294.4148402777777
7131,292.1650190972223
7132,293.0406576388888
7133,294.9248861111111
7134,291.9346083333333
7135,287.5908472222222
7136,282.2960395833333
7137,1240.0
7138,1240.0
7139,619.7975503472228
7140,1240.0
7141,1240.0
7142,1240.0
7143,1240.0
7144,285.427579861111
7145,289.48761875
7146,295.7895378472222
7147,301.2902663194444
7148,299.8761437499999
7149,295.9290996527777
7150,299.1058236111111
7151,296.7238548611111
7152,1240.0
7153,289.0909517361113
7154,290.089826736111
7155,287.405484375
7156,286.4411711805557
7157,291.8153447916667
7158,289.6043649305556
7159,291.1057493055555
7160,295.3642711805556
7161,300.1218625
7162,305.1186802083334
7163,1240.0
7164,303.0310319444444
7165,303.2688190972223
7166,304.7588736111111
7167,304.9829173611112
7168,1240.0
7169,298.0593454861112
7170,1240.0
7171,295.7767694444445
7172,1240.0
7173,1240.0
7174,1240.0
7175,1240.0
7176,857.405334027776
7177,310.066317013889
7178,308.9834729166666
7179,310.8915010416666
7180,304.0112479166666
7181,303.0497350694444
7182,299.0539208333333
7183,297.3162982638889
7184,298.3168284722223
7185,297.4202427083333
7186,299.0792499999999
7187,1240.0
7188,305.4790378472222
7189,303.8726725694444
7190,310.8600604166666
7191,313.2516298611112
7192,1240.0
7193,310.2033927083334
7194,1240.0
7195,311.2931336805556
7196,1240.0
7197,1240.0
7198,1240.0
7199,1240.0
7200,1200.004137152776
7201,301.2567701388887
7202,304.5721399305556
7203,299.6601736111111
7204,303.1023482638889
7205,307.0665142361111
7206,309.7632649305555
7207,309.2361423611112
7208,315.64946875
7209,318.0743968749999
7210,316.751690625
7211,1240.0
7212,315.1777541666665
7213,309.4032302083332
7214,312.9849458333334
7215,315.6471833333334
7216,1240.0
7217,310.4189326388889
7218,1240.0
7219,303.5358444444445
7220,1240.0
7221,1240.0
7222,1240.0
7223,1240.0
7224,1108.567910069444
7225,296.5462517361112
7226,302.9082652777777
7227,307.0584406249999
7228,307.0659128472223
7229,306.2884986111112
7230,304.6649378472222
7231,294.5417225694446
7232,293.7696552083333
7233,295.8664923611111
7234,298.231585763889
7235,1240.0
7236,311.450484375
7237,305.4210770833333
7238,312.8182861111111
7239,311.0546909722222
7240,1240.0
7241,303.9757909722223
7242,1240.0
7243,307.5271618055555
7244,1240.0
7245,1240.0
7246,1240.0
7247,1240.0
7248,1103.379970833338
7249,304.5090305555556
7250,312.3080479166666
7251,304.2054388888889
7252,303.330371875
7253,302.2706979166667
7254,299.5197680555555
7255,295.3832756944444
7256,293.939490625
7257,1240.0
7258,1240.0
7259,712.6655472222205
7260,1240.0
7261,1240.0
7262,1240.0
7263,1240.0
7264,286.1168645833334
7265,301.4201989583333
7266,298.1580996527777
7267,291.2718638888888
7268,290.3036017361111
7269,285.5151270833333
7270,288.3262048611111
7271,291.7951142361111
7272,1240.0
7273,292.3988430555556
7274,291.72505625
7275,293.09009375
7276,290.1028694444445
7277,289.3498954861111
7278,286.9611829861111
7279,287.5721319444444
7280,285.2731711805555
7281,1240.0
7282,1240.0
7283,679.2065934027773
7284,1240.0
7285,1240.0
7286,1240.0
7287,1240.0
7288,283.4573854166667
7289,283.0658559027777
7290,285.294723263889
7291,287.9475461805555
7292,279.4320604166666
7293,275.7182517361111
7294,281.3271996527777
7295,283.1719565972222
7296,1240.0
7297,293.7361593750001
7298,295.5790013888889
7299,294.3403270833334
7300,290.8567013888889
7301,285.2672927083334
7302,284.5462704861111
7303,280.0564850694445
7304,275.576235763889
7305,271.6575795138889
7306,273.5363329861111
7307,1240.0
7308,267.8160041666666
7309,268.6879534722222
7310,267.8596093749999
7311,260.5725822916666
7312,1240.0
7313,277.5648423611111
7314,1240.0
7315,274.2301402777778
7316,1240.0
7317,1240.0
7318,1240.0
7319,1127.337027430552
7320,272.1136131944444
7321,268.4268635416666
7322,267.3139694444445
7323,266.7893979166666
7324,265.7668996527777
7325,266.0784017361111
7326,264.7823052083333
7327,257.8972107638889
7328,255.9399666666667
7329,256.0285434027778
7330,257.3260996527778
7331,1240.0
7332,262.2318524305556
7333,264.3810197916667
7334,264.5919465277778
7335,265.8110791666666
7336,1240.0
7337,259.05160625
7338,1240.0
7339,252.6169211805556
7340,1240.0
7341,1240.0
7342,1240.0
7343,661.3617388888879
7344,269.5126965277777
7345,268.1910791666668
7346,268.5788444444445
7347,265.8591093749999
7348,266.6187600694445
7349,266.8631684027777
7350,266.541795138889
7351,263.54553125
7352,257.9953340277778
7353,256.5543513888888
7354,254.5795364583333
7355,1240.0
7356,248.2057048611111
7357,255.9880434027778
7358,277.224375
7359,285.9483319444444
7360,1240.0
7361,280.5128142361111
7362,1240.0
7363,275.3316680555555
7364,1240.0
7365,1240.0
7366,1240.0
7367,976.3259708333316
7368,291.73536875
7369,289.5429170138888
7370,275.0853927083332
7371,267.3345607638889
7372,263.6779177083333
7373,259.0842364583334
7374,258.9926656250001
7375,257.5302888888888
7376,256.057732638889
7377,250.9824211805556
7378,247.7807982638888
7379,1240.0
7380,261.2731725694444
7381,269.6900454861111
7382,268.589120486111
7383,275.4084472222223
7384,1240.0
7385,279.0020934027777
7386,1240.0
7387,276.1925704861112
7388,1240.0
7389,1240.0
7390,1240.0
7391,886.5079170138852
7392,279.8034250000001
7393,284.0140149305554
7394,287.5315600694445
7395,290.2536472222222
7396,295.8263100694444
7397,278.70039375
7398,278.7298951388889
7399,268.7603444444445
7400,262.3516645833333
7401,261.1536003472222
7402,263.0718170138888
7403,1240.0
7404,267.6171395833333
7405,261.6201993055556
7406,269.5838326388889
7407,270.7554756944446
7408,1240.0
7409,277.6435190972222
7410,1240.0
7411,266.1189135416667
7412,1240.0
7413,1240.0
7414,1240.0
7415,970.7611725694471
7416,279.5414118055556
7417,275.6069097222221
7418,275.6977798611111
7419,270.4642131944445
7420,268.0744743055555
7421,264.3685607638889
7422,261.4075690972222
7423,260.4544541666667
7424,251.6012041666667
7425,256.9679958333333
7426,253.7015736111111
7427,1240.0
7428,268.5341930555555
7429,269.7860413194445
7430,271.1678788194445
7431,276.8045861111111
7432,1240.0
7433,277.1430430555556
7434,1240.0
7435,273.5543506944443
7436,1240.0
7437,1240.0
7438,1240.0
7439,978.7615013888862
7440,275.55340625
7441,286.1041451388888
7442,300.5729322916666
7443,299.7916878472222
7444,302.4182850694445
7445,299.5190395833334
7446,303.4904638888888
7447,289.6571618055555
7448,282.9599888888889
7449,281.2810499999999
7450,278.9106711805556
7451,1240.0
7452,284.1678097222222
7453,291.2813635416666
7454,289.2337253472223
7455,295.1996666666667
7456,1240.0
7457,294.3469680555555
7458,1240.0
7459,302.8086232638889
7460,1240.0
7461,1240.0
7462,1240.0
7463,1240.0
7464,820.4837809027722
7465,309.4487156250001
7466,312.5955173611111
7467,306.4591659722223
7468,302.2073253472222
7469,308.3121673611111
7470,300.6187458333334
7471,289.1691694444444
7472,288.2192340277778
7473,291.6528802083334
7474,301.9804958333334
7475,1240.0
7476,300.174721875
7477,301.3661013888888
7478,300.282234375
7479,296.2706336805555
7480,1240.0
7481,290.2247680555556
7482,1240.0
7483,306.9539940972222
7484,1240.0
7485,1240.0
7486,1240.0
7487,1240.0
7488,982.8997732638882
7489,310.0060993055555
7490,315.1185184027779
7491,320.5454017361111
7492,313.9668881944445
7493,312.2770003472222
7494,306.5382517361111
7495,301.7028003472222
7496,300.4520253472222
7497,1240.0
7498,1240.0
7499,1020.695212152778
7500,1240.0
7501,1240.0
7502,1240.0
7503,1240.0
7504,295.8551763888889
7505,290.4856361111111
7506,288.9565520833332
7507,287.0688215277778
7508,295.9486086805555
7509,307.1785100694444
7510,305.442915625
7511,304.7345020833333
7512,1240.0
7513,301.8841760416666
7514,306.9718972222223
7515,311.7874184027778
7516,305.7203232638889
7517,302.0638072916666
7518,298.833665625
7519,294.3964579861112
7520,289.0358361111111
7521,1240.0
7522,1240.0
7523,944.5072298611121
7524,1240.0
7525,1240.0
7526,1240.0
7527,1240.0
7528,312.6744822916666
7529,313.620395486111
7530,307.3115260416668
7531,303.2003704861111
7532,304.6770600694445
7533,307.6587388888889
7534,307.762084375
7535,309.0684222222222
7536,1240.0
7537,301.2469684027778
7538,304.9445364583333
7539,305.5694927083333
7540,296.1882625
7541,290.3652350694445
7542,290.4291086805555
7543,290.9566684027778
7544,292.6402454861111
7545,1240.0
7546,1240.0
7547,388.5595936041666
7548,1240.0
7549,1240.0
7550,1240.0
7551,1240.0
7552,278.9667388888889
7553,277.1368055555556
7554,277.2479166666666
7555,277.3590277777778
7556,277.4701388888889
7557,277.58125
7558,277.692361111111
7559,277.8034722222222
7560,1240.0
7561,275.3590277777778
7562,275.4701388888889
7563,275.58125
7564,275.6923611111111
7565,275.8034722222222
7566,275.9145833333333
7567,276.0256944444444
7568,276.1368055555556
7569,1240.0
7570,1240.0
7571,267.969326736111
7572,1240.0
7573,1240.0
7574,1240.0
7575,1240.0
7576,263.2213305555555
7577,262.0349809027778
7578,272.0916645833333
7579,271.2509756944444
7580,275.2877083333333
7581,289.8555440972223
7582,290.8447420138889
7583,299.8873736111111
7584,1131.636067361109
7585,300.4152215277777
7586,305.32024375
7587,306.5625479166666
7588,287.8861895833333
7589,282.0598496527778
7590,278.9003704861112
7591,265.4412503472221
7592,262.6752996527778
7593,1240.0
7594,1240.0
7595,343.9054413194474
7596,1240.0
7597,1240.0
7598,1240.0
7599,1240.0
7600,279.6593302083334
7601,282.7488402777777
7602,279.7585680555554
7603,279.8367013888889
7604,281.3755215277778
7605,295.1139034722221
7606,307.920845138889
7607,310.924929861111
7608,1240.0
7609,298.6419822916666
7610,1240.0
7611,324.2453031249999
7612,1240.0
7613,1177.115836805554
7614,303.408345138889
7615,301.8763284722222
7616,299.5799138888888
7617,297.8683913194443
7618,1240.0
7619,1240.0
7620,1240.0
7621,1240.0
7622,305.8415635416666
7623,1240.0
7624,295.7871899305556
7625,284.6369232638889
7626,295.9451121527777
7627,326.959735763889
7628,327.3564131944445
7629,321.2004506944444
7630,326.3732177083334
7631,325.2954649305556
7632,325.7177326388889
7633,335.4084621527779
7634,333.9001260416667
7635,334.1714003472222
7636,329.25103125
7637,322.6389
7638,319.000084375
7639,315.7805114583334
7640,315.2168534722222
7641,1240.0
7642,1240.0
7643,1240.0
7644,1240.0
7645,331.8041430555555
7646,1240.0
7647,1240.0
7648,1240.0
7649,1240.0
7650,409.5213583333315
7651,307.2935447916667
7652,306.4015399305556
7653,305.0526034722221
7654,302.9413090277778
7655,299.5727756944445
7656,312.0577392361112
7657,309.0154628472222
7658,311.7683545138889
7659,308.5620263888889
7660,306.3976375
7661,300.2980791666666
7662,301.2453940972222
7663,296.0831225694445
7664,293.1213635416667
7665,288.7180204861111
7666,290.8929041666668
7667,1240.0
7668,290.2870715277778
7669,292.7698013888888
7670,302.9550809027778
7671,307.8747427083333
7672,1240.0
7673,312.1347552083333
7674,1240.0
7675,315.9867295138889
7676,1240.0
7677,1240.0
7678,1240.0
7679,1240.0
7680,1099.478125000001
7681,309.3566659722223
7682,309.1522944444445
7683,316.2701753472222
7684,316.2341065972223
7685,313.5663180555556
7686,312.6432517361111
7687,310.0695465277778
7688,314.4605982638889
7689,1240.0
7690,1240.0
7691,1240.0
7692,1240.0
7693,320.034270138889
7694,1240.0
7695,1240.0
7696,1240.0
7697,1240.0
7698,465.2159569444468
7699,316.3957885416667
7700,324.0091756944445
7701,327.1964684027778
7702,312.5525614583334
7703,316.7817934027779
7704,323.4310305555555
7705,320.7270256944444
7706,318.2149444444444
7707,325.729917013889
7708,323.7854048611111
7709,325.1122472222222
7710,324.8975579861112
7711,325.3527972222221
7712,326.2334065972221
7713,1240.0
7714,1240.0
7715,1240.0
7716,1240.0
7717,315.6080440972222
7718,1240.0
7719,1240.0
7720,1240.0
7721,1240.0
7722,585.7677343749993
7723,319.3843756944445
7724,322.7564031249999
7725,318.8893059027779
7726,321.8669090277777
7727,325.6395947916666
7728,329.3933131944444
7729,324.2616663194443
7730,331.9569197916667
7731,333.9375260416666
7732,332.9613614583333
7733,769.3811749999941
7734,322.0789329861112
7735,318.5053013888888
7736,308.98644375
7737,302.6131586805556
7738,303.1675809027778
7739,1240.0
7740,320.3543743055554
7741,319.5471618055556
7742,323.3800680555555
7743,320.9823156250001
7744,1240.0
7745,319.1964048611111
7746,1240.0
7747,323.5645020833334
7748,1240.0
7749,1240.0
7750,1240.0
7751,1240.0
7752,1240.0
7753,338.3024541666667
7754,334.0967003472223
7755,340.2375739583333
7756,327.1891684027777
7757,569.3530694444489
7758,321.9513642361112
7759,319.0102288194445
7760,313.9580913194446
7761,320.1211107638889
7762,321.8952083333334
7763,1240.0
7764,331.1945947916666
7765,335.5673104166667
7766,337.4167809027776
7767,330.0997097222223
7768,1240.0
7769,331.7013875
7770,1240.0
7771,325.9484732638889
7772,1240.0
7773,1240.0
7774,1240.0
7775,1240.0
7776,1240.0
7777,266.4900229166666
7778,263.6073243055555
7779,263.0020361111111
7780,258.638540625
7781,258.5960732638889
7782,253.2474083333334
7783,251.5964822916666
7784,247.2560319444444
7785,1240.0
7786,1240.0
7787,251.5012371527778
7788,1240.0
7789,1240.0
7790,1240.0
7791,1240.0
7792,279.2434711805555
7793,267.9804048611111
7794,264.7717805555555
7795,266.3202802083333
7796,261.1888204861111
7797,266.7681034722222
7798,267.6778607638889
7799,260.3891798611111
7800,751.8352604166672
7801,256.6348600694444
7802,270.859582986111
7803,273.8660881944444
7804,273.2362260416667
7805,271.3164135416667
7806,270.6397555555557
7807,270.1835555555555
7808,269.3843649305556
7809,268.1337190972222
7810,268.1243878472222
7811,1240.0
7812,266.3383458333333
7813,279.6901927083333
7814,284.5357652777778
7815,285.8443979166667
7816,1240.0
7817,294.3760746527778
7818,1240.0
7819,291.0804642361111
7820,1240.0
7821,1240.0
7822,1240.0
7823,1200.876658333333
7824,267.0039138888889
7825,258.1872100694445
7826,257.5162246527777
7827,258.1180097222223
7828,253.4749322916666
7829,247.2857420138889
7830,245.6320736111112
7831,244.6317246527777
7832,244.2629871527778
7833,242.8071069444444
7834,242.5982770833334
7835,1240.0
7836,239.2578465277778
7837,238.9815395833334
7838,233.0586913194444
7839,235.1338916666666
7840,1142.589096527782
7841,239.1301034722222
7842,1240.0
7843,244.0574982638889
7844,1240.0
7845,1240.0
7846,1240.0
7847,250.3609704861111
7848,252.4510677083333
7849,251.0799875
7850,251.2984236111112
7851,245.0350090277777
7852,243.3837006944444
7853,236.8519086805555
7854,233.6141892361111
7855,233.3046527777778
7856,233.0631013888888
7857,235.4628236111112
7858,239.5063083333332
7859,1240.0
7860,245.8787229166666
7861,240.3592125
7862,243.879053125
7863,285.426425
7864,1240.0
7865,318.0298954861112
7866,1240.0
7867,264.1829177083333
7868,1240.0
7869,1240.0
7870,1240.0
7871,684.6476524305544
7872,266.7238166666666
7873,260.5988079861111
7874,248.2883222222221
7875,256.7764940972222
7876,261.215925
7877,255.4450940972222
7878,256.5677770833333
7879,254.0930003472222
7880,252.2235979166666
7881,245.5301145833333
7882,236.9665045138888
7883,1240.0
7884,261.9263774305556
7885,261.6039805555556
7886,266.8686697916665
7887,271.171871875
7888,1240.0
7889,274.7191763888889
7890,1240.0
7891,295.9549659722223
7892,1240.0
7893,1240.0
7894,1240.0
7895,930.7316805555525
7896,282.5988319444444
7897,275.6737725694444
7898,271.1364944444445
7899,278.9790489583333
7900,281.4116208333334
7901,275.5809496527778
7902,274.3667715277776
7903,272.4208559027778
7904,1240.0
7905,266.8160065972222
7906,263.5239920138889
7907,261.7848375
7908,997.1532076388905
7909,1240.0
7910,1240.0
7911,277.0056951388888
7912,1240.0
7913,1240.0
7914,1240.0
7915,273.716251388889
7916,276.2614934027777
7917,272.8298152777778
7918,267.1197100694444
7919,267.0306840277777
7920,264.9240958333332
7921,256.4825909722223
7922,253.2688770833333
7923,252.6947788194445
7924,251.0653670138889
7925,253.6258913194445
7926,253.4684253472223
7927,252.576295138889
7928,252.3554982638888
7929,250.688785763889
7930,251.0545246527778
7931,1240.0
7932,256.2531006944445
7933,260.5510895833334
7934,262.4709597222222
7935,262.0105565972223
7936,1240.0
7937,267.0647569444444
7938,1240.0
7939,270.7980690972223
7940,1240.0
7941,1240.0
7942,1240.0
7943,651.6837006944456
7944,273.4096336805555
7945,270.7977430555555
7946,266.899459375
7947,260.439084375
7948,257.114225
7949,255.9068625
7950,255.476435763889
7951,254.7435711805556
7952,253.1509600694445
7953,551.3807864583389
7954,1240.0
7955,1240.0
7956,1240.0
7957,247.1522215277778
7958,252.69993125
7959,1240.0
7960,1240.0
7961,1240.0
7962,258.7734729166667
7963,266.5751628472221
7964,265.4604847222222
7965,262.1977559027778
7966,265.250345138889
7967,268.6848864583333
7968,269.4297704861111
7969,275.8282079861111
7970,259.4030309027777
7971,258.013865625
7972,263.8672548611111
7973,269.0453715277778
7974,263.8499329861111
7975,261.409015625
7976,261.9452302083334
7977,970.7049621527765
7978,1240.0
7979,1240.0
7980,1240.0
7981,276.8238340277778
7982,275.8379979166666
7983,1240.0
7984,1240.0
7985,1240.0
7986,288.5737947916667
7987,284.80028125
7988,285.4990760416666
7989,263.7548152777779
7990,260.8612961805556
7991,258.3581232638888
7992,270.2867232638889
7993,274.2208579861111
7994,274.9547920138889
7995,275.7344340277778
7996,266.1328232638889
7997,277.5063315972222
7998,278.0002041666667
7999,277.3590135416666
8000,277.7732631944445
8001,1160.692686111114
8002,1240.0
8003,1240.0
8004,1240.0
8005,281.9281340277778
8006,280.9717128472221
8007,1240.0
8008,1240.0
8009,1240.0
8010,286.3734124999999
8011,290.001976736111
8012,289.9908708333333
8013,287.8192253472222
8014,265.4697128472223
8015,266.3342711805555
8016,274.3465402777778
8017,271.4195465277778
8018,268.8659597222223
8019,269.7128222222223
8020,274.3126722222222
8021,263.3569444444446
8022,256.5181215277777
8023,258.4984704861111
8024,256.9672229166666
8025,497.951579166671
8026,1240.0
8027,1240.0
8028,1240.0
8029,225.858054861111
8030,233.2781850694445
8031,1240.0
8032,1240.0
8033,1240.0
8034,270.4720493055556
8035,266.0753211805555
8036,260.9714934027778
8037,251.9052420138889
8038,252.6981232638888
8039,256.1507413194444
8040,261.8619190972222
8041,258.5099538194444
8042,261.7772024305556
8043,257.1603472222222
8044,255.2288246527778
8045,250.4920375
8046,252.3791170138889
8047,257.7482055555556
8048,256.4405197916667
8049,478.9178986111182
8050,1240.0
8051,1240.0
8052,1240.0
8053,265.5970850694444
8054,251.1210979166667
8055,1240.0
8056,1240.0
8057,1240.0
8058,249.8970847222222
8059,254.1160062499999
8060,251.9070590277777
8061,245.6842600694444
8062,238.6582309027778
8063,243.0417711805556
8064,251.8231496527777
8065,252.5675361111111
8066,256.1181840277777
8067,259.4474298611111
8068,257.4037409722222
8069,254.9302319444444
8070,256.4810774305556
8071,250.7281934027777
8072,246.1264913194444
8073,606.4234288194423
8074,1240.0
8075,1240.0
8076,1240.0
8077,257.6490718749999
8078,252.5174895833333
8079,1240.0
8080,1240.0
8081,1240.0
8082,273.38705
8083,273.8263756944444
8084,278.7105208333333
8085,284.6110173611111
8086,283.4512763888889
8087,278.9133579861111
8088,278.4328374999999
8089,269.9146892361111
8090,281.2715166666667
8091,270.8922684027778
8092,275.096296875
8093,276.8841420138889
8094,276.7343145833333
8095,284.9597118055555
8096,281.6716444444445
8097,282.790704513889
8098,293.9925913194445
8099,1240.0
8100,293.5941559027777
8101,287.056628125
8102,280.9726055555555
8103,285.6827065972222
8104,1240.0
8105,283.8848302083334
8106,1240.0
8107,286.808795138889
8108,1240.0
8109,1240.0
8110,1240.0
8111,1240.0
8112,384.9741798611112
8113,265.3960270833333
8114,272.1494107638888
8115,271.3313805555555
8116,276.4285204861111
8117,277.2956253472223
8118,286.9314670138889
8119,282.0797222222223
8120,281.9460072916667
8121,1240.0
8122,1240.0
8123,1240.0
8124,1240.0
8125,324.6309243055556
8126,510.7494895833346
8127,1240.0
8128,1240.0
8129,1240.0
8130,289.5706701388888
8131,293.9274767361111
8132,282.9621975694445
8133,278.0103795138889
8134,265.6256711805555
8135,262.4880895833334
8136,252.1438552083334
8137,246.0555072916667
8138,247.1626041666666
8139,248.197509375
8140,252.6578236111111
8141,249.903589236111
8142,249.896989236111
8143,246.7275826388889
8144,246.5987041666667
8145,394.9502031250002
8146,1240.0
8147,1240.0
8148,1240.0
8149,269.5634458333333
8150,259.2167920138889
8151,1240.0
8152,1240.0
8153,1240.0
8154,263.4590368055555
8155,278.3997795138889
8156,267.4072559027777
8157,256.7760541666667
8158,249.9606003472223
8159,248.0260184027778
8160,249.2187958333333
8161,245.0148406249999
8162,251.3936555555556
8163,254.5766215277778
8164,255.8357322916667
8165,252.2629899305555
8166,252.7889496527778
8167,251.3496194444444
8168,247.5754628472222
8169,243.8662381944444
8170,1240.0
8171,1240.0
8172,1240.0
8173,241.754201388889
8174,246.0198489583333
8175,1240.0
8176,1240.0
8177,1189.974707291666
8178,236.9018041666666
8179,241.3921624999999
8180,239.2666093750001
8181,243.3128916666668
8182,248.4104142361111
8183,250.5822458333334
8184,248.8988538194444
8185,237.8322465277777
8186,223.797153125
8187,223.994965625
8188,228.5628590277778
8189,245.034817013889
8190,241.9571305555556
8191,248.5698274305556
8192,232.1997809027778
8193,226.0599885416667
8194,1240.0
8195,1240.0
8196,1240.0
8197,222.9956371527778
8198,224.3662715277778
8199,1240.0
8200,1240.0
8201,804.8149013888888
8202,232.4753222222222
8203,233.9091083333333
8204,237.2417927083334
8205,247.939384375
8206,247.5245621527778
8207,252.9769097222222
8208,259.2799770833333
8209,256.0968288194444
8210,252.2720013888889
8211,252.0420381944445
8212,248.2597350694444
8213,250.3232163194445
8214,251.7067701388889
8215,241.4797927083333
8216,240.722996875
8217,308.3400947916664
8218,1240.0
8219,1240.0
8220,1240.0
8221,241.4567961805555
8222,233.9717972222222
8223,1240.0
8224,1240.0
8225,1240.0
8226,257.4329753472223
8227,247.9469663194445
8228,266.9409013888889
8229,264.7729506944444
8230,258.2939916666667
8231,249.4544899305556
8232,258.8730805555555
8233,252.328690625
8234,272.1257270833333
8235,262.5475447916666
8236,260.5878850694445
8237,259.7235059027778
8238,255.9373152777779
8239,256.7669940972223
8240,255.4339718749999
8241,567.3255736111139
8242,1240.0
8243,1240.0
8244,1240.0
8245,244.9799770833333
8246,256.8703815972223
8247,1240.0
8248,1240.0
8249,1240.0
8250,264.4144114583334
8251,275.5702097222222
8252,274.5600565972222
8253,266.2225576388889
8254,268.3666322916667
8255,268.4115402777778
8256,273.0374902777777
8257,275.1380291666667
8258,280.1670590277777
8259,280.5799124999999
8260,287.2325833333333
8261,283.3957868055556
8262,277.2182416666667
8263,262.1926409722223
8264,250.478878125
8265,724.3079034722255
8266,1240.0
8267,1240.0
8268,1240.0
8269,260.7218156250001
8270,256.2143274305556
8271,1240.0
8272,1240.0
8273,1240.0
8274,263.8667045138889
8275,265.3818385416666
8276,265.3838399305556
8277,254.7851052083334
8278,263.0348159722222
8279,267.8649777777778
8280,271.8860545138889
8281,276.022360763889
8282,282.0211489583334
8283,282.7713784722222
8284,285.5070826388888
8285,285.9989961805556
8286,280.2543204861111
8287,278.7528590277776
8288,263.0179843749999
8289,974.1656701388899
8290,1240.0
8291,1240.0
8292,1240.0
8293,263.1702072916667
8294,270.3959284722222
8295,1240.0
8296,1240.0
8297,1240.0
8298,282.70776875
8299,279.9653670138889
8300,279.7837861111111
8301,277.2770461805554
8302,276.6286
8303,273.36726875
8304,276.0469555555555
8305,280.1592045138888
8306,285.7453555555556
8307,286.4752180555556
8308,278.1442125000001
8309,273.9874746527777
8310,273.7764114583334
8311,270.724638888889
8312,260.042382638889
8313,257.2299638888889
8314,255.6533909722222
8315,1240.0
8316,264.0073378472222
8317,277.4583697916667
8318,293.7733458333333
8319,292.3618982638889
8320,1240.0
8321,309.770984375
8322,1240.0
8323,294.6110267361111
8324,1240.0
8325,1240.0
8326,1240.0
8327,1240.0
8328,550.0458458333324
8329,286.5104277777777
8330,284.0767694444445
8331,275.8180781250001
8332,267.1848291666668
8333,263.9195489583334
8334,256.7668965277778
8335,258.1015024305556
8336,257.1440618055557
8337,256.3413090277778
8338,255.5194579861111
8339,1240.0
8340,264.7099885416667
8341,265.088590625
8342,266.9928038194445
8343,264.8445847222222
8344,1240.0
8345,270.5519118055555
8346,1240.0
8347,263.3082652777778
8348,1240.0
8349,1240.0
8350,1240.0
8351,767.2788017361154
8352,258.2761
8353,263.2044347222222
8354,262.3679402777779
8355,253.9127982638888
8356,245.795684375
8357,251.3647788194444
8358,247.3209055555556
8359,247.2881475694444
8360,244.8606034722222
8361,240.0355895833333
8362,238.0563204861112
8363,1240.0
8364,234.7439010416667
8365,246.4918371527777
8366,255.7315489583333
8367,263.3902621527777
8368,1240.0
8369,276.7092368055556
8370,1240.0
8371,286.9507520833333
8372,1240.0
8373,1240.0
8374,1240.0
8375,698.4895868055537
8376,276.5212072916666
8377,278.9176267361112
8378,271.7670850694443
8379,268.7021975694445
8380,265.6179635416667
8381,262.8882996527778
8382,262.2486930555555
8383,260.2723479166667
8384,256.3920180555556
8385,269.7355923611111
8386,276.4785256944445
8387,1240.0
8388,303.088659375
8389,302.4680913194444
8390,267.7698052083333
8391,270.5103489583333
8392,1240.0
8393,281.4538795138889
8394,1240.0
8395,278.8741541666666
8396,1240.0
8397,1240.0
8398,1240.0
8399,1061.764470833333
8400,271.5983243055555
8401,266.3676968749999
8402,267.1162729166666
8403,274.2228249999999
8404,278.3549173611112
8405,277.4766684027779
8406,275.3674666666666
8407,275.8667572916667
8408,272.6757038194444
8409,271.2003475694445
8410,265.4235291666667
8411,1240.0
8412,257.3317107638889
8413,261.4189895833333
8414,258.4301166666667
8415,268.1085520833333
8416,1240.0
8417,271.9015729166667
8418,1240.0
8419,285.3543506944445
8420,1240.0
8421,1240.0
8422,1240.0
8423,1047.557907638889
8424,280.8374319444445
8425,279.7074878472222
8426,282.457326736111
8427,287.1563545138889
8428,288.3178131944445
8429,284.4826746527779
8430,281.5398131944444
8431,281.3144329861111
8432,268.3812510416666
8433,1240.0
8434,1240.0
8435,357.1603160763907
8436,1240.0
8437,1240.0
8438,1240.0
8439,1240.0
8440,270.4084607638889
8441,268.0830201388889
8442,274.7998618055556
8443,271.3110167708334
8444,280.5027315972223
8445,281.2464687500001
8446,282.6754190972223
8447,287.3559854166666
8448,1240.0
8449,282.9770569444444
8450,279.1565613368056
8451,277.2018635416666
8452,275.1752291666667
8453,261.11060265625
8454,257.7600791666667
8455,253.7430104166666
8456,1240.0
8457,139.2277195138889
8458,131.4663194444444
8459,131.5774305555555
8460,131.6885416666666
8461,131.7996527777777
8462,1240.0
8463,198.2912732291667
8464,1240.0
8465,1240.0
8466,1206.31039170833
8467,223.8048958333333
8468,223.9167708333334
8469,223.8742125
8470,223.6790045138889
8471,224.3974076388889
8472,225.8449420138889
8473,224.0835190972223
8474,223.8636111111111
8475,224.1048368055556
8476,224.1915045138889
8477,224.3634722222222
8478,224.4153121527778
8479,224.7765972222223
8480,225.1069444444445
8481,223.9926503472223
8482,252.7597784722222
8483,1240.0
8484,269.9590527777777
8485,267.6468517361112
8486,263.8156600694444
8487,271.6658607638889
8488,1240.0
8489,277.8268038194445
8490,1240.0
8491,300.7124645833333
8492,1240.0
8493,1240.0
8494,1240.0
8495,811.2665604166646
8496,289.971376388889
8497,288.1040263888889
8498,288.7466777777778
8499,289.7638885416667
8500,287.7109003472223
8501,289.2149635416666
8502,283.6951246527777
8503,274.6773875
8504,275.4481163194444
8505,1170.196336805556
8506,1240.0
8507,1240.0
8508,1240.0
8509,272.8210538194445
8510,270.8690284722222
8511,1240.0
8512,1240.0
8513,1240.0
8514,275.2793291666667
8515,279.6806913194445
8516,283.6321284722222
8517,282.2316340277778
8518,284.8728673611112
8519,280.6428003472222
8520,284.6449069444444
8521,282.1281246527778
8522,278.9944913194444
8523,278.0561465277778
8524,278.6760076388888
8525,274.1052444444445
8526,269.9835729166666
8527,269.6195451388888
8528,266.5584833333334
8529,259.6789913194445
8530,264.2423027777777
8531,1240.0
8532,274.3884625
8533,272.5142260416667
8534,273.3203479166667
8535,276.2615395833333
8536,1240.0
8537,273.7867239583334
8538,1240.0
8539,279.867465625
8540,1240.0
8541,1240.0
8542,1240.0
8543,1090.323850347225
8544,278.3523711805557
8545,276.2339590277779
8546,272.8388177083334
8547,267.5245357638889
8548,270.7123378472223
8549,272.1169645833335
8550,266.79599375
8551,271.903959375
8552,268.9371079861111
8553,271.8746055555556
8554,264.7562711805556
8555,1240.0
8556,249.8005315972221
8557,246.0792097222222
8558,247.22819375
8559,252.0871343750001
8560,1240.0
8561,253.8409482638889
8562,1240.0
8563,256.3254277777779
8564,1240.0
8565,1240.0
8566,1240.0
8567,625.5656857638903
8568,265.4923048611111
8569,262.8385322916666
8570,264.3534142361111
8571,263.9270017361111
8572,266.7192399305555
8573,265.6212378472221
8574,264.3189590277778
8575,264.2704194444445
8576,264.3193979166667
8577,312.8410753472216
8578,1240.0
8579,1240.0
8580,1240.0
8581,245.9147222222223
8582,246.4776746527778
8583,1240.0
8584,1240.0
8585,1240.0
8586,239.4184399305556
8587,239.2457649305555
8588,238.1063892361112
8589,237.993934375
8590,238.3021284722222
8591,240.074190625
8592,246.7336090277777
8593,242.4686673611112
8594,238.6439697916667
8595,238.4674756944444
8596,237.0972774305556
8597,236.5393534722222
8598,235.6102336805556
8599,236.5942107638888
8600,237.9076888888889
8601,1240.0
8602,1240.0
8603,233.8082986111112
8604,234.0640409722222
8605,237.8541684027778
8606,239.2283704861111
8607,1240.0
8608,1240.0
8609,1240.0
8610,988.3050868055595
8611,241.622096875
8612,240.9203010416668
8613,242.6952892361111
8614,244.5046513888889
8615,244.1016666666667
8616,251.2819315972222
8617,248.3525215277778
8618,243.1911451388888
8619,240.13631875
8620,239.6908104166666
8621,239.1499454861111
8622,237.7246767361111
8623,235.5303697916667
8624,236.3737944444445
8625,239.6966777777778
8626,1240.0
8627,1240.0
8628,1240.0
8629,246.5390736111111
8630,244.1558336805556
8631,1240.0
8632,1240.0
8633,1165.420880208337
8634,256.2346836805556
8635,257.2892024305556
8636,252.45273125
8637,253.81369375
8638,253.7391805555555
8639,250.203482638889
8640,251.9827989583333
8641,250.3856131944444
8642,250.3741215277777
8643,247.4429173611111
8644,245.6768993055555
8645,245.1677309027778
8646,240.1610965277778
8647,238.1208486111111
8648,240.1073027777778
8649,237.7586913194444
8650,1240.0
8651,1240.0
8652,1240.0
8653,257.0094430555556
8654,257.6286677083333
8655,1240.0
8656,1240.0
8657,1237.860836805551
8658,249.0704302083333
8659,247.4253590277778
8660,249.20225625
8661,246.1979704861112
8662,244.685565625
8663,245.9509135416666
8664,249.0674190972222
8665,246.2183458333334
8666,247.4931142361111
8667,246.774638888889
8668,244.3902534722222
8669,243.6994090277778
8670,245.4051972222222
8671,243.7246055555556
8672,244.1398739583333
8673,242.1551284722221
8674,1240.0
8675,1240.0
8676,1240.0
8677,240.0927430555556
8678,238.0257541666666
8679,1240.0
8680,1240.0
8681,1030.892410416665
8682,239.0180326388889
8683,238.5243982638889
8684,239.3105302083334
8685,239.4014010416666
8686,239.4654041666666
8687,237.7357975694444
8688,240.7948840277778
8689,233.3269569444444
8690,233.1545368055556
8691,233.3932170138889
8692,233.2703236111111
8693,233.4137701388889
8694,234.6383090277778
8695,234.7562954861111
8696,234.9157895833334
8697,234.2947097222223
8698,233.6225843749999
8699,1240.0
8700,234.2985538194444
8701,239.0404878472222
8702,239.0786486111112
8703,238.2641795138889
8704,1006.036562499998
8705,242.3039357638889
8706,1240.0
8707,244.7090979166667
8708,1240.0
8709,1240.0
8710,1240.0
8711,254.4667475694444
8712,254.6243298611111
8713,254.3271510416667
8714,251.2067635416668
8715,256.1916093749999
8716,252.1135541666666
8717,246.7935416666666
8718,244.8073263888889
8719,244.8551625000001
8720,242.2113059027778
8721,242.7939961805556
8722,244.2383465277778
8723,1240.0
8724,245.1700895833333
8725,240.1898840277777
8726,240.8133100694444
8727,241.0285680555556
8728,1094.071193055557
8729,248.28289375
8730,1240.0
8731,243.1209739583334
8732,1240.0
8733,1240.0
8734,1240.0
8735,236.8906819444445
8736,239.4779399305556
8737,231.6204274305556
8738,231.1769593750001
8739,234.3135760416666
8740,235.8304958333334
8741,236.1153944444445
8742,234.5494458333334
8743,233.9440260416666
8744,231.7615638888889
8745,231.7668760416668
8746,1240.0
8747,1240.0
8748,1240.0
8749,230.8033440972222
8750,233.8840756944444
8751,1240.0
8752,1240.0
8753,1053.314948263888
8754,263.6805680555556
8755,257.2143375
8756,256.7213409722223
8757,258.44400625
8758,239.821376388889
8759,236.4230552083333
8760,233.4691888888889
