Hour,Load_Profile
1,1240.0
2,309.4915868055555
3,1240.0
4,1240.0
5,1240.0
6,305.9517128472222
7,307.0546069444445
8,306.8683086805555
9,307.2116454861111
10,307.1008444444445
11,1240.0
12,299.3381329861111
13,296.6697100694445
14,290.2446055555556
15,294.6483902777778
16,300.6516336805556
17,298.2812482638888
18,297.1698829861111
19,1060.320054166667
20,303.3422906250001
21,301.5105784722223
22,1240.0
23,308.7171635416667
24,1240.0
25,1240.0
26,311.495901388889
27,1240.0
28,1240.0
29,1240.0
30,308.0661590277778
31,303.4237142361111
32,310.3455333333334
33,303.5624184027778
34,302.1965510416667
35,1240.0
36,307.9652440972222
37,302.6754065972223
38,303.8438649305556
39,296.6049652777778
40,290.2082527777778
41,291.0125927083334
42,290.4426958333334
43,911.4746489583322
44,284.3619475694445
45,283.0933468750001
46,1240.0
47,285.1238194444445
48,1240.0
49,1240.0
50,293.1003128472221
51,1240.0
52,1240.0
53,1240.0
54,298.6289503472223
55,298.0222572916667
56,295.8521416666666
57,290.8469784722223
58,293.629664236111
59,1240.0
60,293.4694333333334
61,292.1821177083332
62,288.9402677083332
63,281.8839336805555
64,298.8020024305555
65,297.7236097222222
66,293.2954440972222
67,763.5689774305577
68,297.3214493055555
69,296.8672791666667
70,1240.0
71,300.9561833333334
72,1240.0
73,1240.0
74,294.4148402777777
75,1240.0
76,1240.0
77,1240.0
78,291.9346083333333
79,287.5908472222222
80,282.2960395833333
81,278.2254982638889
82,279.69315
83,1240.0
84,294.0328024305555
85,288.5230899305556
86,289.9058246527779
87,289.9509878472222
88,285.427579861111
89,289.48761875
90,295.7895378472222
91,678.1307871527799
92,299.8761437499999
93,295.9290996527777
94,1240.0
95,296.7238548611111
96,1240.0
97,1240.0
98,1240.0
99,1240.0
100,1240.0
101,1240.0
102,1240.0
103,1240.0
104,295.3642711805556
105,300.1218625
106,305.1186802083334
107,305.1175
108,303.0310319444444
109,303.2688190972223
110,304.7588736111111
111,304.9829173611112
112,303.015865625
113,298.0593454861112
114,295.2074545138889
115,295.7767694444445
116,297.3054065972223
117,299.4979899305557
118,297.704979861111
119,298.7451020833334
120,786.3639284722217
121,1240.0
122,1240.0
123,1240.0
124,1240.0
125,1240.0
126,1240.0
127,1240.0
128,298.3168284722223
129,297.4202427083333
130,299.0792499999999
131,305.9549770833333
132,305.4790378472222
133,303.8726725694444
134,310.8600604166666
135,313.2516298611112
136,312.0925243055555
137,310.2033927083334
138,312.4255076388888
139,311.2931336805556
140,312.6602072916667
141,317.2958350694445
142,316.8382302083333
143,316.9860072916666
144,1139.123341319443
145,1240.0
146,1240.0
147,1240.0
148,1240.0
149,1240.0
150,1240.0
151,1240.0
152,315.64946875
153,318.0743968749999
154,316.751690625
155,314.5053131944444
156,315.1777541666665
157,309.4032302083332
158,312.9849458333334
159,315.6471833333334
160,310.6792020833334
161,310.4189326388889
162,303.9967572916667
163,303.5358444444445
164,299.8892625
165,294.3938052083333
166,299.0706840277777
167,297.2900211805555
168,1123.400218055554
169,1240.0
170,1240.0
171,1240.0
172,1240.0
173,1240.0
174,1240.0
175,1240.0
176,293.7696552083333
177,295.8664923611111
178,298.231585763889
179,302.9807749999999
180,311.450484375
181,305.4210770833333
182,312.8182861111111
183,311.0546909722222
184,306.899353125
185,303.9757909722223
186,293.3216656249999
187,307.5271618055555
188,308.37695625
189,309.8886586805555
190,315.0219513888888
191,314.0482194444445
192,1071.916420833337
193,1240.0
194,1240.0
195,1240.0
196,1240.0
197,1240.0
198,1240.0
199,1240.0
200,293.939490625
201,295.46634375
202,298.8477909722222
203,290.0406256944443
204,289.1428906249999
205,290.4390506944445
206,284.9647329861111
207,278.3956340277778
208,286.1168645833334
209,301.4201989583333
210,298.1580996527777
211,291.2718638888888
212,290.3036017361111
213,285.5151270833333
214,288.3262048611111
215,291.7951142361111
216,806.8951093749967
217,1240.0
218,1240.0
219,1240.0
220,1240.0
221,1240.0
222,1240.0
223,1240.0
224,285.2731711805555
225,293.6182420138888
226,302.8102118055555
227,310.0038451388889
228,302.7015395833333
229,300.6471548611111
230,298.2325916666667
231,293.0078138888888
232,283.4573854166667
233,283.0658559027777
234,285.294723263889
235,287.9475461805555
236,279.4320604166666
237,275.7182517361111
238,281.3271996527777
239,283.1719565972222
240,609.3852673611104
241,1240.0
242,1240.0
243,1240.0
244,1240.0
245,1240.0
246,1240.0
247,1235.049316666665
248,275.576235763889
249,271.6575795138889
250,273.5363329861111
251,272.3790072916666
252,267.8160041666666
253,268.6879534722222
254,267.8596093749999
255,260.5725822916666
256,264.1335416666667
257,277.5648423611111
258,275.7117361111112
259,274.2301402777778
260,278.1042940972222
261,278.9431375
262,275.9844329861111
263,271.4137986111111
264,272.1136131944444
265,1240.0
266,267.3139694444445
267,1240.0
268,265.7668996527777
269,266.0784017361111
270,264.7823052083333
271,669.7946020833324
272,255.9399666666667
273,1240.0
274,257.3260996527778
275,261.9340944444444
276,262.2318524305556
277,264.3810197916667
278,264.5919465277778
279,265.8110791666666
280,264.8057631944444
281,259.05160625
282,255.4536583333333
283,252.6169211805556
284,258.5156364583332
285,1240.0
286,1240.0
287,1240.0
288,269.5126965277777
289,1240.0
290,1240.0
291,1240.0
292,1240.0
293,1240.0
294,1240.0
295,909.4981812499972
296,257.9953340277778
297,256.5543513888888
298,254.5795364583333
299,249.9243649305556
300,248.2057048611111
301,255.9880434027778
302,277.224375
303,285.9483319444444
304,284.8204170138888
305,280.5128142361111
306,281.6064156250001
307,275.3316680555555
308,273.1992361111111
309,277.4846159722222
310,279.7576607638889
311,286.2333670138888
312,291.73536875
313,1240.0
314,1240.0
315,1240.0
316,1240.0
317,1240.0
318,1240.0
319,862.5158406249989
320,256.057732638889
321,250.9824211805556
322,247.7807982638888
323,255.3073590277778
324,261.2731725694444
325,269.6900454861111
326,268.589120486111
327,275.4084472222223
328,272.5117472222223
329,279.0020934027777
330,273.8854052083333
331,276.1925704861112
332,278.1604413194444
333,264.5076732638889
334,269.4371388888889
335,281.430290625
336,279.8034250000001
337,1240.0
338,1240.0
339,1240.0
340,1240.0
341,1240.0
342,1240.0
343,1080.83362152778
344,262.3516645833333
345,261.1536003472222
346,263.0718170138888
347,268.7001138888889
348,267.6171395833333
349,261.6201993055556
350,269.5838326388889
351,270.7554756944446
352,274.0390145833334
353,277.6435190972222
354,267.1891562499999
355,266.1189135416667
356,265.4429614583333
357,259.0979416666667
358,264.9753951388889
359,274.2991336805556
360,279.5414118055556
361,275.6069097222221
362,275.6977798611111
363,270.4642131944445
364,268.0744743055555
365,1240.0
366,1240.0
367,1240.0
368,1240.0
369,256.9679958333333
370,253.7015736111111
371,259.6915743055555
372,268.5341930555555
373,269.7860413194445
374,271.1678788194445
375,276.8045861111111
376,276.1575361111111
377,277.1430430555556
378,264.9056361111111
379,273.5543506944443
380,277.1347916666667
381,279.1553697916667
382,1240.0
383,1240.0
384,935.1017878472212
385,1240.0
386,1240.0
387,1240.0
388,1240.0
389,1240.0
390,1240.0
391,1240.0
392,282.9599888888889
393,281.2810499999999
394,278.9106711805556
395,276.1723527777777
396,284.1678097222222
397,291.2813635416666
398,289.2337253472223
399,295.1996666666667
400,300.9995815972222
401,294.3469680555555
402,301.4092152777778
403,302.8086232638889
404,305.0772131944445
405,304.5891784722221
406,305.5427305555554
407,300.845290625
408,807.401934027775
409,309.4487156250001
410,312.5955173611111
411,1240.0
412,302.2073253472222
413,1240.0
414,1240.0
415,1240.0
416,1240.0
417,291.6528802083334
418,301.9804958333334
419,311.2190642361111
420,300.174721875
421,301.3661013888888
422,300.282234375
423,296.2706336805555
424,290.4237958333333
425,290.2247680555556
426,293.5018131944445
427,306.9539940972222
428,305.2501020833333
429,307.0533559027778
430,1240.0
431,1240.0
432,968.2301246527786
433,1240.0
434,1240.0
435,1240.0
436,1240.0
437,1240.0
438,1240.0
439,1240.0
440,300.4520253472222
441,299.5891791666667
442,299.256978125
443,301.3590329861111
444,303.3284381944445
445,306.5791347222222
446,302.3787291666667
447,304.3418892361111
448,295.8551763888889
449,290.4856361111111
450,288.9565520833332
451,287.0688215277778
452,295.9486086805555
453,307.1785100694444
454,305.442915625
455,304.7345020833333
456,1084.016790625001
457,1240.0
458,1240.0
459,1240.0
460,1240.0
461,1240.0
462,1240.0
463,1240.0
464,289.0358361111111
465,288.7471743055556
466,287.3531743055555
467,288.9084149305556
468,292.8937166666666
469,294.692389236111
470,302.8832753472223
471,306.4292121527777
472,312.6744822916666
473,313.620395486111
474,307.3115260416668
475,303.2003704861111
476,304.6770600694445
477,307.6587388888889
478,307.762084375
479,309.0684222222222
480,1004.25761875
481,1240.0
482,304.9445364583333
483,1240.0
484,296.1882625
485,1240.0
486,290.4291086805555
487,466.1132494062502
488,292.6402454861111
489,1240.0
490,289.1674076388888
491,290.3502548611111
492,275.279073611111
493,271.4957531250001
494,272.2387256840277
495,267.2159938611111
496,278.9667388888889
497,277.1368055555556
498,277.2479166666666
499,277.3590277777778
500,277.4701388888889
501,1240.0
502,1240.0
503,1240.0
504,277.9145833333333
505,1240.0
506,275.4701388888889
507,1240.0
508,275.6923611111111
509,275.8034722222222
510,275.9145833333333
511,1179.16294513889
512,276.1368055555556
513,1240.0
514,275.87599375
515,267.969326736111
516,267.3182062499999
517,273.2203572916666
518,272.2363065972222
519,267.0910999999999
520,263.2213305555555
521,262.0349809027778
522,272.0916645833333
523,271.2509756944444
524,275.2877083333333
525,1240.0
526,1240.0
527,1240.0
528,304.2847902777777
529,1240.0
530,305.32024375
531,1240.0
532,287.8861895833333
533,1240.0
534,278.9003704861112
535,471.1608902777779
536,262.6752996527778
537,1240.0
538,265.1694545138888
539,275.8946753472223
540,271.8620708333333
541,269.5352340277778
542,273.4729142361111
543,283.9063302083333
544,279.6593302083334
545,282.7488402777777
546,279.7585680555554
547,279.8367013888889
548,281.3755215277778
549,1240.0
550,1240.0
551,1240.0
552,301.3424197916667
553,1240.0
554,317.5898288194444
555,1240.0
556,311.5886434027777
557,1240.0
558,303.408345138889
559,1228.605997222221
560,299.5799138888888
561,1240.0
562,295.0916232638888
563,301.4849538194444
564,305.5390072916666
565,311.8110079861112
566,305.8415635416666
567,300.9059135416667
568,295.7871899305556
569,284.6369232638889
570,295.9451121527777
571,326.959735763889
572,327.3564131944445
573,1240.0
574,1240.0
575,1240.0
576,325.7177326388889
577,1240.0
578,333.9001260416667
579,1240.0
580,1240.0
581,1240.0
582,319.000084375
583,490.7440513888877
584,315.2168534722222
585,1240.0
586,317.6544805555555
587,322.2408378472222
588,323.8347781250001
589,331.8041430555555
590,305.8811607638889
591,293.5170694444445
592,299.9841218750001
593,298.535115625
594,301.9467361111111
595,307.2935447916667
596,306.4015399305556
597,1240.0
598,1240.0
599,1240.0
600,312.0577392361112
601,1240.0
602,311.7683545138889
603,1240.0
604,306.3976375
605,1240.0
606,301.2453940972222
607,1064.723784375
608,293.1213635416667
609,1240.0
610,290.8929041666668
611,288.7726975694445
612,290.2870715277778
613,292.7698013888888
614,302.9550809027778
615,307.8747427083333
616,308.3441215277778
617,312.1347552083333
618,314.48036875
619,315.9867295138889
620,317.6313440972223
621,1240.0
622,1240.0
623,1240.0
624,308.2025201388888
625,1240.0
626,309.1522944444445
627,1240.0
628,1240.0
629,1240.0
630,312.6432517361111
631,475.378908333334
632,314.4605982638889
633,1240.0
634,312.8130784722222
635,311.7565861111111
636,318.6211118055555
637,320.034270138889
638,313.9060621527778
639,311.6015062500001
640,315.5192017361113
641,316.035425
642,311.6117128472222
643,316.3957885416667
644,324.0091756944445
645,1240.0
646,1240.0
647,1240.0
648,323.4310305555555
649,1240.0
650,318.2149444444444
651,1240.0
652,1240.0
653,1240.0
654,324.8975579861112
655,662.4530430555538
656,326.2334065972221
657,1240.0
658,319.2443895833334
659,316.1888
660,316.3458708333333
661,315.6080440972222
662,315.0026218749999
663,309.8912878472221
664,308.830336111111
665,306.6903944444446
666,318.2241923611111
667,319.3843756944445
668,322.7564031249999
669,1240.0
670,1240.0
671,1240.0
672,329.3933131944444
673,1240.0
674,331.9569197916667
675,1240.0
676,1240.0
677,1240.0
678,322.0789329861112
679,767.9591666666655
680,308.98644375
681,1240.0
682,303.1675809027778
683,312.2638062500001
684,320.3543743055554
685,319.5471618055556
686,323.3800680555555
687,320.9823156250001
688,322.7887503472222
689,319.1964048611111
690,319.6409486111111
691,323.5645020833334
692,320.8102652777777
693,1240.0
694,1240.0
695,1240.0
696,338.1972517361111
697,1240.0
698,1240.0
699,1240.0
700,1240.0
701,1240.0
702,1240.0
703,1240.0
704,682.8275315972246
705,320.1211107638889
706,321.8952083333334
707,318.2297805555556
708,331.1945947916666
709,335.5673104166667
710,337.4167809027776
711,330.0997097222223
712,321.0509020833334
713,331.7013875
714,321.5178253472222
715,325.9484732638889
716,312.7003100694444
717,302.6472444444445
718,306.8721520833334
719,298.2529045138889
720,1240.0
721,1240.0
722,263.6073243055555
723,1240.0
724,1240.0
725,1240.0
726,253.2474083333334
727,251.5964822916666
728,247.2560319444444
729,244.4241333333333
730,244.8991086805556
731,1240.0
732,268.27301875
733,288.6035083333333
734,286.1734079861111
735,277.9358607638889
736,279.2434711805555
737,267.9804048611111
738,264.7717805555555
739,266.3202802083333
740,261.1888204861111
741,266.7681034722222
742,1240.0
743,260.3891798611111
744,707.4319934027764
745,1240.0
746,270.859582986111
747,1240.0
748,1240.0
749,1240.0
750,270.6397555555557
751,270.1835555555555
752,269.3843649305556
753,268.1337190972222
754,268.1243878472222
755,1240.0
756,266.3383458333333
757,279.6901927083333
758,284.5357652777778
759,285.8443979166667
760,294.3622347222222
761,294.3760746527778
762,291.8814357638888
763,291.0804642361111
764,293.4696156250001
765,288.5882065972223
766,1240.0
767,275.3776940972223
768,1099.254973263887
769,258.1872100694445
770,257.5162246527777
771,258.1180097222223
772,253.4749322916666
773,1240.0
774,245.6320736111112
775,1240.0
776,1240.0
777,242.8071069444444
778,242.5982770833334
779,241.3272576388889
780,239.2578465277778
781,238.9815395833334
782,233.0586913194444
783,235.1338916666666
784,235.7454743055555
785,239.1301034722222
786,241.9059156250001
787,244.0574982638889
788,246.3165409722222
789,245.5710746527778
790,1240.0
791,1240.0
792,1170.715325347223
793,251.0799875
794,251.2984236111112
795,245.0350090277777
796,243.3837006944444
797,1240.0
798,1240.0
799,1240.0
800,1240.0
801,235.4628236111112
802,239.5063083333332
803,242.8583427083333
804,245.8787229166666
805,240.3592125
806,243.879053125
807,285.426425
808,316.7072586805555
809,318.0298954861112
810,323.9903628472222
811,264.1829177083333
812,260.1798503472222
813,262.8140822916666
814,1240.0
815,1240.0
816,481.6554243055562
817,1240.0
818,248.2883222222221
819,1240.0
820,261.215925
821,255.4450940972222
822,256.5677770833333
823,854.4622552083316
824,252.2235979166666
825,1240.0
826,236.9665045138888
827,248.6784135416667
828,261.9263774305556
829,261.6039805555556
830,266.8686697916665
831,271.171871875
832,270.3838895833334
833,274.7191763888889
834,274.5529996527778
835,295.9549659722223
836,299.6525395833333
837,1240.0
838,1240.0
839,1240.0
840,282.5988319444444
841,275.6737725694444
842,271.1364944444445
843,278.9790489583333
844,281.4116208333334
845,1240.0
846,1240.0
847,1240.0
848,1240.0
849,266.8160065972222
850,263.5239920138889
851,261.7848375
852,266.9478034722222
853,274.3954288194444
854,277.1835864583334
855,277.0056951388888
856,279.9409027777778
857,273.6354729166667
858,265.3361684027777
859,273.716251388889
860,276.2614934027777
861,272.8298152777778
862,1240.0
863,1240.0
864,981.156911805554
865,256.4825909722223
866,253.2688770833333
867,252.6947788194445
868,251.0653670138889
869,1240.0
870,1240.0
871,1240.0
872,1240.0
873,250.688785763889
874,251.0545246527778
875,253.517014236111
876,256.2531006944445
877,260.5510895833334
878,262.4709597222222
879,262.0105565972223
880,260.5190274305555
881,267.0647569444444
882,271.2816434027779
883,270.7980690972223
884,269.030520138889
885,266.0541225694445
886,1240.0
887,1240.0
888,616.717116666669
889,270.7977430555555
890,266.899459375
891,260.439084375
892,257.114225
893,1240.0
894,1240.0
895,1240.0
896,1240.0
897,251.1282756944445
898,249.581746875
899,256.0377225694444
900,255.3244715277778
901,247.1522215277778
902,252.69993125
903,257.9122916666666
904,252.1067013888889
905,258.2229972222222
906,258.7734729166667
907,266.5751628472221
908,265.4604847222222
909,262.1977559027778
910,1240.0
911,1240.0
912,593.709411111116
913,1240.0
914,259.4030309027777
915,1240.0
916,263.8672548611111
917,269.0453715277778
918,263.8499329861111
919,896.2021472222216
920,261.9452302083334
921,1240.0
922,264.5667038194444
923,263.8523010416666
924,271.4586888888889
925,276.8238340277778
926,275.8379979166666
927,280.4028333333334
928,286.1033184027779
929,286.3442934027778
930,288.5737947916667
931,284.80028125
932,285.4990760416666
933,1240.0
934,1240.0
935,1240.0
936,270.2867232638889
937,1240.0
938,274.9547920138889
939,1240.0
940,266.1328232638889
941,277.5063315972222
942,278.0002041666667
943,1148.461568750003
944,277.7732631944445
945,1240.0
946,277.9258486111111
947,278.4917284722222
948,280.4883687499999
949,281.9281340277778
950,280.9717128472221
951,278.2300795138888
952,271.1425593749999
953,272.8900475694444
954,286.3734124999999
955,290.001976736111
956,289.9908708333333
957,1240.0
958,1240.0
959,1240.0
960,274.3465402777778
961,271.4195465277778
962,268.8659597222223
963,269.7128222222223
964,274.3126722222222
965,1240.0
966,1240.0
967,1240.0
968,1240.0
969,257.1053225694444
970,256.8315645833334
971,258.6592604166667
972,243.7515524305556
973,225.858054861111
974,233.2781850694445
975,246.0072131944445
976,246.5054850694444
977,260.6539465277777
978,270.4720493055556
979,266.0753211805555
980,260.9714934027778
981,251.9052420138889
982,1240.0
983,1240.0
984,534.4887774305589
985,1240.0
986,261.7772024305556
987,1240.0
988,255.2288246527778
989,250.4920375
990,252.3791170138889
991,426.6511218750039
992,256.4405197916667
993,1240.0
994,254.1284125
995,257.8207635416666
996,264.2778833333334
997,265.5970850694444
998,251.1210979166667
999,261.2107628472222
1000,257.0172329861111
1001,258.6144902777778
1002,249.8970847222222
1003,254.1160062499999
1004,251.9070590277777
1005,1240.0
1006,1240.0
1007,1240.0
1008,251.8231496527777
1009,1240.0
1010,256.1181840277777
1011,1240.0
1012,257.4037409722222
1013,254.9302319444444
1014,256.4810774305556
1015,682.9800222222198
1016,246.1264913194444
1017,1240.0
1018,241.9827086805556
1019,246.2698718749999
1020,243.4104732638888
1021,257.6490718749999
1022,252.5174895833333
1023,257.6467124999999
1024,271.6511784722222
1025,272.2012729166667
1026,273.38705
1027,273.8263756944444
1028,278.7105208333333
1029,1240.0
1030,1240.0
1031,1240.0
1032,278.4328374999999
1033,1240.0
1034,281.2715166666667
1035,1240.0
1036,275.096296875
1037,1240.0
1038,276.7343145833333
1039,349.9469576388886
1040,281.6716444444445
1041,1240.0
1042,293.9925913194445
1043,295.737409375
1044,293.5941559027777
1045,287.056628125
1046,280.9726055555555
1047,285.6827065972222
1048,285.3571274305556
1049,283.8848302083334
1050,281.4325826388889
1051,286.808795138889
1052,288.5672329861111
1053,1240.0
1054,1240.0
1055,1240.0
1056,269.3743857638889
1057,1240.0
1058,272.1494107638888
1059,1240.0
1060,276.4285204861111
1061,1240.0
1062,286.9314670138889
1063,331.5821697916683
1064,281.9460072916667
1065,1240.0
1066,281.7618413194445
1067,303.8075114583334
1068,323.2790027777777
1069,324.6309243055556
1070,314.8198840277778
1071,291.9977819444443
1072,284.3495579861111
1073,281.378635763889
1074,289.5706701388888
1075,293.9274767361111
1076,282.9621975694445
1077,1240.0
1078,1240.0
1079,1240.0
1080,252.1438552083334
1081,1240.0
1082,247.1626041666666
1083,1240.0
1084,252.6578236111111
1085,249.903589236111
1086,249.896989236111
1087,384.1029996527787
1088,246.5987041666667
1089,1240.0
1090,247.1146437500001
1091,253.1111329861112
1092,259.841721875
1093,269.5634458333333
1094,259.2167920138889
1095,246.4827336805556
1096,254.1420854166668
1097,245.8981579861111
1098,263.4590368055555
1099,278.3997795138889
1100,267.4072559027777
1101,1240.0
1102,1240.0
1103,1240.0
1104,249.2187958333333
1105,245.0148406249999
1106,251.3936555555556
1107,1240.0
1108,255.8357322916667
1109,252.2629899305555
1110,252.7889496527778
1111,1212.686955555556
1112,247.5754628472222
1113,1240.0
1114,243.924259375
1115,244.4710413194444
1116,241.2555479166666
1117,241.754201388889
1118,246.0198489583333
1119,253.6671090277778
1120,247.5461559027778
1121,238.5216690972223
1122,236.9018041666666
1123,241.3921624999999
1124,239.2666093750001
1125,1240.0
1126,1240.0
1127,1240.0
1128,248.8988538194444
1129,237.8322465277777
1130,223.797153125
1131,223.994965625
1132,228.5628590277778
1133,1240.0
1134,241.9571305555556
1135,1240.0
1136,1240.0
1137,226.0599885416667
1138,227.1922930555556
1139,230.758471875
1140,230.1407041666668
1141,222.9956371527778
1142,224.3662715277778
1143,228.9192704861111
1144,225.8447111111111
1145,226.193132986111
1146,232.4753222222222
1147,233.9091083333333
1148,237.2417927083334
1149,247.939384375
1150,1240.0
1151,1240.0
1152,921.3521920138896
1153,256.0968288194444
1154,252.2720013888889
1155,252.0420381944445
1156,248.2597350694444
1157,1240.0
1158,1240.0
1159,1240.0
1160,1240.0
1161,242.0217
1162,240.2372208333333
1163,235.3544100694444
1164,235.8078708333333
1165,241.4567961805555
1166,233.9717972222222
1167,246.4305333333334
1168,267.7105270833334
1169,270.5841208333333
1170,257.4329753472223
1171,247.9469663194445
1172,266.9409013888889
1173,264.7729506944444
1174,1240.0
1175,1240.0
1176,321.0480499999999
1177,252.328690625
1178,272.1257270833333
1179,262.5475447916666
1180,260.5878850694445
1181,1240.0
1182,1240.0
1183,1240.0
1184,1240.0
1185,250.2070256944444
1186,247.212421875
1187,244.8897805555555
1188,242.0413302083333
1189,244.9799770833333
1190,256.8703815972223
1191,259.2908559027778
1192,256.5358590277778
1193,269.5430677083333
1194,264.4144114583334
1195,275.5702097222222
1196,274.5600565972222
1197,266.2225576388889
1198,1240.0
1199,1240.0
1200,635.2826826388928
1201,1240.0
1202,280.1670590277777
1203,1240.0
1204,1240.0
1205,1240.0
1206,277.2182416666667
1207,262.1926409722223
1208,250.478878125
1209,244.3586954861111
1210,243.0690850694445
1211,1240.0
1212,264.0513857638888
1213,260.7218156250001
1214,256.2143274305556
1215,255.6095465277778
1216,267.878586111111
1217,269.5868631944444
1218,263.8667045138889
1219,265.3818385416666
1220,265.3838399305556
1221,254.7851052083334
1222,1240.0
1223,267.8649777777778
1224,841.0209236111141
1225,1240.0
1226,282.0211489583334
1227,1240.0
1228,1240.0
1229,1240.0
1230,280.2543204861111
1231,278.7528590277776
1232,263.0179843749999
1233,258.1612746527778
1234,252.4549902777778
1235,1240.0
1236,257.8440302083333
1237,263.1702072916667
1238,270.3959284722222
1239,277.1162059027778
1240,274.5696177083334
1241,277.6750479166668
1242,282.70776875
1243,279.9653670138889
1244,279.7837861111111
1245,277.2770461805554
1246,1240.0
1247,273.36726875
1248,1059.319877083332
1249,280.1592045138888
1250,285.7453555555556
1251,1240.0
1252,278.1442125000001
1253,1240.0
1254,1240.0
1255,1240.0
1256,1240.0
1257,257.2299638888889
1258,255.6533909722222
1259,261.2746871527778
1260,264.0073378472222
1261,277.4583697916667
1262,293.7733458333333
1263,292.3618982638889
1264,328.2063322916666
1265,309.770984375
1266,302.7276357638888
1267,294.6110267361111
1268,300.8088065972222
1269,302.6395635416665
1270,1240.0
1271,1240.0
1272,419.3949461805541
1273,286.5104277777777
1274,284.0767694444445
1275,275.8180781250001
1276,267.1848291666668
1277,1240.0
1278,1240.0
1279,1240.0
1280,1240.0
1281,256.3413090277778
1282,255.5194579861111
1283,258.4533927083334
1284,264.7099885416667
1285,265.088590625
1286,266.9928038194445
1287,264.8445847222222
1288,267.1372354166667
1289,270.5519118055555
1290,265.8514121527778
1291,263.3082652777778
1292,264.3609947916666
1293,262.6965725694445
1294,1240.0
1295,1240.0
1296,742.9873038194469
1297,263.2044347222222
1298,262.3679402777779
1299,253.9127982638888
1300,245.795684375
1301,1240.0
1302,1240.0
1303,1240.0
1304,1240.0
1305,240.0355895833333
1306,238.0563204861112
1307,237.9470489583333
1308,234.7439010416667
1309,246.4918371527777
1310,255.7315489583333
1311,263.3902621527777
1312,266.5195006944444
1313,276.7092368055556
1314,286.0306829861111
1315,286.9507520833333
1316,284.3375815972221
1317,278.1536114583332
1318,1240.0
1319,1240.0
1320,612.8568038194453
1321,1240.0
1322,271.7670850694443
1323,1240.0
1324,1240.0
1325,1240.0
1326,262.2486930555555
1327,260.2723479166667
1328,256.3920180555556
1329,269.7355923611111
1330,276.4785256944445
1331,1240.0
1332,303.088659375
1333,302.4680913194444
1334,267.7698052083333
1335,270.5103489583333
1336,275.2134482638888
1337,281.4538795138889
1338,280.481413888889
1339,278.8741541666666
1340,281.5463291666666
1341,268.8201625
1342,1240.0
1343,269.2760104166667
1344,1034.151518402775
1345,266.3676968749999
1346,267.1162729166666
1347,274.2228249999999
1348,278.3549173611112
1349,1240.0
1350,1240.0
1351,1240.0
1352,1240.0
1353,271.2003475694445
1354,265.4235291666667
1355,256.9776868055556
1356,257.3317107638889
1357,261.4189895833333
1358,258.4301166666667
1359,268.1085520833333
1360,274.7397124999999
1361,271.9015729166667
1362,282.4360753472222
1363,285.3543506944445
1364,282.4464444444445
1365,280.313128125
1366,1240.0
1367,1240.0
1368,1052.868888541667
1369,279.7074878472222
1370,282.457326736111
1371,1240.0
1372,288.3178131944445
1373,1240.0
1374,1240.0
1375,1240.0
1376,1240.0
1377,260.4374069444445
1378,297.1196982638889
1379,302.4761833333333
1380,289.0446854166665
1381,286.9140354166666
1382,282.6353340277778
1383,279.4719086805555
1384,270.4084607638889
1385,268.0830201388889
1386,274.7998618055556
1387,271.3110167708334
1388,280.5027315972223
1389,281.2464687500001
1390,1240.0
1391,1240.0
1392,331.9669948958358
1393,282.9770569444444
1394,279.1565613368056
1395,277.2018635416666
1396,275.1752291666667
1397,261.11060265625
1398,257.7600791666667
1399,1236.422837312497
1400,232.3680896180556
1401,1240.0
1402,131.4663194444444
1403,131.5774305555555
1404,131.6885416666666
1405,131.7996527777777
1406,124.9789816527778
1407,198.2912732291667
1408,228.9191077083334
1409,224.6987136805555
1410,223.8440163194445
1411,223.8048958333333
1412,223.9167708333334
1413,1240.0
1414,1240.0
1415,1240.0
1416,225.8449420138889
1417,1240.0
1418,223.8636111111111
1419,1240.0
1420,224.1915045138889
1421,224.3634722222222
1422,224.4153121527778
1423,587.8217243055547
1424,225.1069444444445
1425,1240.0
1426,252.7597784722222
1427,261.3140270833333
1428,269.9590527777777
1429,267.6468517361112
1430,263.8156600694444
1431,271.6658607638889
1432,272.1674402777778
1433,277.8268038194445
1434,277.9027791666666
1435,300.7124645833333
1436,309.0181930555555
1437,1240.0
1438,1240.0
1439,1240.0
1440,289.971376388889
1441,288.1040263888889
1442,288.7466777777778
1443,289.7638885416667
1444,287.7109003472223
1445,1240.0
1446,1240.0
1447,1240.0
1448,1240.0
1449,272.5864239583333
1450,275.5179413194443
1451,272.2064454861111
1452,270.6801628472222
1453,272.8210538194445
1454,270.8690284722222
1455,271.2380809027778
1456,274.7595711805556
1457,272.0917802083334
1458,275.2793291666667
1459,279.6806913194445
1460,283.6321284722222
1461,282.2316340277778
1462,1240.0
1463,1240.0
1464,1234.312097569445
1465,282.1281246527778
1466,278.9944913194444
1467,278.0561465277778
1468,278.6760076388888
1469,1240.0
1470,1240.0
1471,1240.0
1472,1240.0
1473,259.6789913194445
1474,264.2423027777777
1475,272.2678173611111
1476,274.3884625
1477,272.5142260416667
1478,273.3203479166667
1479,276.2615395833333
1480,279.63305625
1481,273.7867239583334
1482,276.1507968749999
1483,279.867465625
1484,275.8287489583333
1485,279.0654402777777
1486,1240.0
1487,1240.0
1488,1065.997207638889
1489,276.2339590277779
1490,272.8388177083334
1491,267.5245357638889
1492,270.7123378472223
1493,1240.0
1494,1240.0
1495,1240.0
1496,1240.0
1497,271.8746055555556
1498,264.7562711805556
1499,260.6323836805556
1500,249.8005315972221
1501,246.0792097222222
1502,247.22819375
1503,252.0871343750001
1504,252.3963420138889
1505,253.8409482638889
1506,255.8698041666667
1507,256.3254277777779
1508,255.4010864583334
1509,255.2165704861112
1510,1240.0
1511,1240.0
1512,691.2958295138883
1513,262.8385322916666
1514,264.3534142361111
1515,263.9270017361111
1516,266.7192399305555
1517,1240.0
1518,1240.0
1519,1240.0
1520,1240.0
1521,261.7344930555556
1522,258.8994086805556
1523,250.4761
1524,243.8143170138889
1525,245.9147222222223
1526,246.4776746527778
1527,240.2273704861111
1528,239.6763194444445
1529,237.2750010416667
1530,239.4184399305556
1531,239.2457649305555
1532,238.1063892361112
1533,237.993934375
1534,1240.0
1535,1240.0
1536,364.3780079861108
1537,242.4686673611112
1538,238.6439697916667
1539,238.4674756944444
1540,237.0972774305556
1541,1240.0
1542,235.6102336805556
1543,1240.0
1544,1240.0
1545,236.7564670138889
1546,236.2665295138889
1547,233.8082986111112
1548,234.0640409722222
1549,237.8541684027778
1550,239.2283704861111
1551,239.3911684027778
1552,240.8889934027778
1553,241.4929430555556
1554,242.6515958333333
1555,241.622096875
1556,240.9203010416668
1557,242.6952892361111
1558,1240.0
1559,1240.0
1560,1001.786892361116
1561,248.3525215277778
1562,243.1911451388888
1563,240.13631875
1564,239.6908104166666
1565,1240.0
1566,237.7246767361111
1567,1240.0
1568,1240.0
1569,239.6966777777778
1570,235.9902541666667
1571,236.3300239583334
1572,241.0033364583333
1573,246.5390736111111
1574,244.1558336805556
1575,246.1265048611112
1576,248.8229979166667
1577,261.3088524305555
1578,256.2346836805556
1579,257.2892024305556
1580,252.45273125
1581,253.81369375
1582,1240.0
1583,1240.0
1584,1162.818482291669
1585,250.3856131944444
1586,250.3741215277777
1587,247.4429173611111
1588,245.6768993055555
1589,1240.0
1590,240.1610965277778
1591,1240.0
1592,1240.0
1593,237.7586913194444
1594,235.1470513888889
1595,252.0316312500001
1596,254.3912503472222
1597,257.0094430555556
1598,257.6286677083333
1599,252.1849059027778
1600,252.6756694444445
1601,251.7832868055555
1602,249.0704302083333
1603,247.4253590277778
1604,249.20225625
1605,246.1979704861112
1606,1240.0
1607,1240.0
1608,1202.746822222219
1609,246.2183458333334
1610,247.4931142361111
1611,246.774638888889
1612,244.3902534722222
1613,1240.0
1614,245.4051972222222
1615,1240.0
1616,1240.0
1617,242.1551284722221
1618,240.8482072916667
1619,240.3797784722223
1620,239.9579506944445
1621,240.0927430555556
1622,238.0257541666666
1623,239.6787767361112
1624,238.1532527777777
1625,238.2434833333334
1626,239.0180326388889
1627,238.5243982638889
1628,239.3105302083334
1629,239.4014010416666
1630,1240.0
1631,1240.0
1632,1043.190935416665
1633,233.3269569444444
1634,233.1545368055556
1635,233.3932170138889
1636,233.2703236111111
1637,1240.0
1638,234.6383090277778
1639,1240.0
1640,1240.0
1641,234.2947097222223
1642,233.6225843749999
1643,233.5516309027778
1644,234.2985538194444
1645,239.0404878472222
1646,239.0786486111112
1647,238.2641795138889
1648,243.1559586805556
1649,242.3039357638889
1650,243.0395246527778
1651,244.7090979166667
1652,246.1587975694445
1653,247.4968420138889
1654,1240.0
1655,1240.0
1656,1004.810741319443
1657,1240.0
1658,251.2067635416668
1659,1240.0
1660,1147.478623958334
1661,1240.0
1662,244.8073263888889
1663,244.8551625000001
1664,242.2113059027778
1665,242.7939961805556
1666,244.2383465277778
1667,1240.0
1668,245.1700895833333
1669,240.1898840277777
1670,240.8133100694444
1671,241.0285680555556
1672,239.4364569444445
1673,248.28289375
1674,244.8761684027778
1675,243.1209739583334
1676,235.4746659722222
1677,236.2311340277777
1678,1240.0
1679,236.8906819444445
1680,239.4779399305556
1681,1240.0
1682,231.1769593750001
1683,1240.0
1684,990.5917479166689
1685,1240.0
1686,234.5494458333334
1687,233.9440260416666
1688,231.7615638888889
1689,231.7668760416668
1690,231.2053784722222
1691,1240.0
1692,229.3973142361112
1693,230.8033440972222
1694,233.8840756944444
1695,256.6833201388889
1696,260.3777069444445
1697,262.7607506944444
1698,263.6805680555556
1699,257.2143375
1700,256.7213409722223
1701,258.44400625
1702,1240.0
1703,236.4230552083333
1704,233.4691888888889
1705,1240.0
1706,235.0642579861112
1707,1240.0
1708,1134.021950694442
1709,1240.0
1710,235.2526072916667
1711,237.7078357638889
1712,238.747196875
1713,239.0523378472222
1714,237.4431746527777
1715,1240.0
1716,241.091945486111
1717,238.4655326388889
1718,240.5465864583333
1719,247.4153104166667
1720,251.2859041666667
1721,256.871548263889
1722,258.9305802083333
1723,256.6097204861111
1724,253.8393173611111
1725,258.0940135416667
1726,1240.0
1727,261.1579083333335
1728,273.0783555555556
1729,268.6127645833334
1730,1240.0
1731,274.4499541666667
1732,1240.0
1733,1240.0
1734,274.6890013888888
1735,267.87228125
1736,1240.0
1737,908.7201270833332
1738,261.1061569444444
1739,257.2688541666667
1740,256.6950121527778
1741,258.5220704861111
1742,260.7192347222223
1743,262.4711784722222
1744,266.9563180555555
1745,269.5762979166667
1746,276.4715072916666
1747,280.9845263888888
1748,279.0471381944443
1749,274.3731267361111
1750,1240.0
1751,1240.0
1752,278.2938090277779
1753,1240.0
1754,271.6033565972222
1755,1240.0
1756,1240.0
1757,1240.0
1758,267.1620260416666
1759,268.3433434027776
1760,268.8160309027778
1761,268.7366767361111
1762,266.8353232638889
1763,1240.0
1764,269.2567829861111
1765,270.1993881944445
1766,273.0366916666667
1767,263.8977434027777
1768,265.3086114583334
1769,252.9918854166667
1770,257.0568840277778
1771,259.8617260416667
1772,261.1210868055556
1773,261.2449288194445
1774,1240.0
1775,259.1138690972222
1776,800.307936805553
1777,261.6308208333334
1778,1240.0
1779,265.387054861111
1780,1240.0
1781,1240.0
1782,261.9223843750001
1783,259.3080659722222
1784,1240.0
1785,776.729691666669
1786,263.4248145833333
1787,271.70240625
1788,274.2104746527778
1789,273.7216777777778
1790,271.2223284722222
1791,268.3825364583334
1792,267.5893295138888
1793,266.9261118055555
1794,266.2114555555555
1795,265.8460319444445
1796,267.5671625
1797,267.3478934027777
1798,1240.0
1799,1240.0
1800,263.1383774305556
1801,261.831595138889
1802,1240.0
1803,261.7431704861111
1804,1240.0
1805,1240.0
1806,253.6418270833333
1807,251.227267013889
1808,1240.0
1809,632.3831954861109
1810,251.5586927083334
1811,253.352776388889
1812,253.8855552083334
1813,254.9780107638889
1814,259.2254534722222
1815,259.7351847222222
1816,261.9716881944444
1817,266.0394899305556
1818,268.6131253472222
1819,265.2782038194445
1820,266.6811784722222
1821,264.7515618055555
1822,1240.0
1823,1240.0
1824,278.1611440972221
1825,275.7404843750001
1826,1240.0
1827,279.9950229166666
1828,1240.0
1829,1240.0
1830,270.6582166666666
1831,268.7493520833333
1832,1240.0
1833,1091.074158333334
1834,270.9876920138889
1835,269.3478454861112
1836,276.7281243055555
1837,277.4085868055554
1838,275.1524104166667
1839,279.9357166666667
1840,278.5152333333333
1841,277.3552322916667
1842,278.4190402777778
1843,277.0725222222222
1844,276.4551378472222
1845,273.8748138888889
1846,1240.0
1847,1240.0
1848,281.3576378472222
1849,280.9381107638889
1850,1240.0
1851,278.6057645833333
1852,1240.0
1853,1240.0
1854,277.2297006944444
1855,275.3218493055556
1856,1240.0
1857,1136.806918402778
1858,278.0276940972221
1859,288.3503465277777
1860,286.1272659722222
1861,278.6929416666666
1862,275.0227958333334
1863,283.7406489583334
1864,280.1518649305556
1865,278.3318614583334
1866,278.0216892361112
1867,270.7489229166666
1868,263.7258208333333
1869,267.8174319444444
1870,1240.0
1871,1240.0
1872,274.0018996527777
1873,1240.0
1874,268.2016315972222
1875,1240.0
1876,1240.0
1877,1240.0
1878,260.5615159722222
1879,260.0568065972222
1880,257.2086111111111
1881,257.5981586805556
1882,257.6852059027777
1883,1240.0
1884,258.1127909722222
1885,255.8270704861112
1886,256.105726388889
1887,257.2568732638888
1888,256.87056875
1889,257.755878125
1890,257.8512027777778
1891,256.7822336805555
1892,254.339790625
1893,255.6042496527778
1894,1240.0
1895,243.8699524305555
1896,582.1646829861131
1897,253.5842718750001
1898,1240.0
1899,254.3016204861111
1900,1240.0
1901,1240.0
1902,255.3782756944444
1903,254.4036458333333
1904,1240.0
1905,516.2616618055565
1906,254.720428125
1907,254.8400694444445
1908,254.9387034722222
1909,255.0709489583334
1910,255.1452663194445
1911,255.2539583333333
1912,256.0692479166667
1913,256.00835625
1914,256.6643749999999
1915,258.0803357638889
1916,255.9234607638889
1917,261.8854531250001
1918,1240.0
1919,1240.0
1920,266.4936340277779
1921,265.6243045138888
1922,1240.0
1923,262.1146767361111
1924,1240.0
1925,1240.0
1926,259.3375121527778
1927,259.5485673611111
1928,1240.0
1929,877.1624930555561
1930,265.1183538194445
1931,270.7985986111112
1932,271.366390625
1933,270.2214093750001
1934,275.184615625
1935,269.0887517361111
1936,264.6553631944445
1937,262.3569107638889
1938,263.9178833333334
1939,270.2175097222221
1940,267.0792937499999
1941,272.207628125
1942,1240.0
1943,1240.0
1944,287.57976875
1945,280.0562027777777
1946,1240.0
1947,276.7817253472222
1948,1240.0
1949,1240.0
1950,278.2823395833333
1951,277.7684590277778
1952,1240.0
1953,1088.295907291664
1954,285.7685645833333
1955,287.4891916666667
1956,283.6852434027778
1957,280.0144663194444
1958,272.0589135416667
1959,279.8576753472222
1960,275.3859618055556
1961,273.9120038194444
1962,269.4441072916668
1963,274.3376725694444
1964,271.7726260416666
1965,264.6255204861112
1966,1240.0
1967,1240.0
1968,261.2225475694444
1969,259.7640024305556
1970,1240.0
1971,257.0243770833334
1972,1240.0
1973,1240.0
1974,256.7749201388889
1975,256.1584211805555
1976,1240.0
1977,771.6358194444446
1978,265.2717673611111
1979,265.7883822916667
1980,268.3604868055555
1981,266.8370031249999
1982,265.7504625
1983,265.367211111111
1984,267.7759729166666
1985,263.601032638889
1986,265.5347791666667
1987,268.4963437500001
1988,275.4427340277778
1989,274.9657774305555
1990,1240.0
1991,1240.0
1992,287.5965746527778
1993,280.1282631944444
1994,1240.0
1995,265.6545385416667
1996,1240.0
1997,1240.0
1998,265.2842604166667
1999,263.1443166666667
2000,1240.0
2001,927.0915499999994
2002,255.8233576388889
2003,263.2781138888889
2004,270.8231402777777
2005,265.9950697916667
2006,266.023934375
2007,274.6215982638888
2008,276.5971059027778
2009,278.8825020833333
2010,281.8714375
2011,284.6086677083333
2012,281.3078708333334
2013,281.4688878472222
2014,1240.0
2015,1240.0
2016,266.7272552083334
2017,610.3668437500005
2018,1240.0
2019,1240.0
2020,1240.0
2021,1240.0
2022,251.7834142361112
2023,244.0213795138889
2024,243.0757774305555
2025,244.0523711805555
2026,254.7919805555555
2027,261.2940409722223
2028,266.6613447916666
2029,268.8571083333334
2030,268.7409618055555
2031,265.7920607638888
2032,265.0696399305556
2033,266.0710663194443
2034,267.3000020833333
2035,1240.0
2036,252.3595350694444
2037,251.5165517361112
2038,249.3545819444444
2039,1240.0
2040,248.7027916666667
2041,1240.0
2042,251.2974083333334
2043,247.5911097222222
2044,1240.0
2045,1240.0
2046,1240.0
2047,245.80365625
2048,246.453184375
2049,244.9989583333333
2050,245.1100694444445
2051,245.2211805555555
2052,245.3322916666666
2053,1240.0
2054,245.5545138888889
2055,245.665625
2056,245.7767361111111
2057,245.8878472222222
2058,245.9989583333333
2059,246.1100694444444
2060,246.2211805555555
2061,246.3322916666666
2062,246.4434027777778
2063,246.5545138888889
2064,1209.634290624998
2065,1240.0
2066,244.3045138888889
2067,244.415625
2068,1240.0
2069,1240.0
2070,1240.0
2071,244.7767361111111
2072,244.8878472222222
2073,244.9989583333333
2074,245.1100694444445
2075,245.2211805555555
2076,245.3322916666666
2077,1240.0
2078,245.5545138888889
2079,245.665625
2080,245.7767361111111
2081,245.8878472222222
2082,245.9989583333333
2083,246.1100694444444
2084,246.2211805555555
2085,246.3322916666666
2086,246.4434027777778
2087,246.5545138888889
2088,1159.857638888891
2089,244.1934027777777
2090,1240.0
2091,244.415625
2092,1240.0
2093,1240.0
2094,244.665625
2095,244.7767361111111
2096,1161.079861111113
2097,244.9989583333333
2098,245.1100694444445
2099,245.2211805555555
2100,245.3322916666666
2101,245.4434027777778
2102,245.5545138888889
2103,245.665625
2104,245.7767361111111
2105,245.8878472222222
2106,245.9989583333333
2107,246.1100694444444
2108,246.2211805555555
2109,246.3322916666666
2110,1240.0
2111,1240.0
2112,246.665625
2113,1240.0
2114,244.3045138888889
2115,244.415625
2116,1240.0
2117,1240.0
2118,1240.0
2119,244.7767361111111
2120,244.8878472222222
2121,244.9989583333333
2122,245.1100694444445
2123,245.2211805555555
2124,245.3322916666666
2125,1240.0
2126,245.5545138888889
2127,245.665625
2128,245.7767361111111
2129,245.8878472222222
2130,245.9989583333333
2131,246.1100694444444
2132,246.2211805555555
2133,246.3322916666666
2134,246.4434027777778
2135,246.5545138888889
2136,1159.857638888891
2137,1240.0
2138,244.3045138888889
2139,244.415625
2140,1240.0
2141,1240.0
2142,1240.0
2143,244.7767361111111
2144,244.8878472222222
2145,244.9989583333333
2146,245.1100694444445
2147,245.2211805555555
2148,245.3322916666666
2149,1240.0
2150,245.5545138888889
2151,245.7134951388889
2152,246.7168284722222
2153,246.8512388888889
2154,246.9477083333333
2155,246.8663194444444
2156,246.4279395833333
2157,246.285057986111
2158,246.1575809027778
2159,246.037361111111
2160,1162.092140972223
2161,243.8622569444445
2162,1240.0
2163,245.2494097222223
2164,1240.0
2165,1240.0
2166,244.2355555555555
2167,244.28695625
2168,1240.0
2169,456.8638189583314
2170,246.868925
2171,278.0538920138889
2172,274.4601392361111
2173,268.9052309027778
2174,273.7021635416668
2175,264.2667013888888
2176,254.5188088888889
2177,268.9571618055556
2178,263.5689118055555
2179,268.4726586805555
2180,268.0750225694445
2181,262.3136114583334
2182,1240.0
2183,1240.0
2184,259.6957847222222
2185,861.568545486112
2186,1240.0
2187,1240.0
2188,1240.0
2189,1240.0
2190,265.7849881944445
2191,263.9399076388889
2192,263.1916430555555
2193,262.62149375
2194,263.4367791666666
2195,265.4770937500001
2196,277.6738197916666
2197,280.9866434027776
2198,268.9189458333333
2199,267.1567427083334
2200,277.3305652777778
2201,284.0372232638888
2202,281.9983701388888
2203,1240.0
2204,271.8311885416667
2205,261.2849069444444
2206,261.4727072916667
2207,1240.0
2208,265.7246517361111
2209,249.4447541666667
2210,1240.0
2211,244.6954659722223
2212,1240.0
2213,1240.0
2214,245.0371329861111
2215,243.2683107638889
2216,1240.0
2217,545.0460079861127
2218,249.5674861111112
2219,260.1996423611111
2220,265.6805079861112
2221,276.4830083333332
2222,272.1296996527778
2223,266.7989934027777
2224,266.8554864583333
2225,274.5553111111111
2226,274.324595486111
2227,279.0627079861111
2228,273.0054190972223
2229,271.484220486111
2230,1240.0
2231,1240.0
2232,262.3814920138889
2233,682.959480902781
2234,1240.0
2235,1240.0
2236,1240.0
2237,1240.0
2238,253.0616524305555
2239,247.8804184027777
2240,244.2386694444444
2241,243.4511913194445
2242,245.7517381944444
2243,253.6411486111111
2244,280.4990583333333
2245,279.1725361111111
2246,276.2645017361111
2247,270.4194416666667
2248,270.3780333333333
2249,266.0526222222222
2250,265.2406840277777
2251,1240.0
2252,264.9090881944445
2253,262.7537399305556
2254,259.5134125
2255,1240.0
2256,261.5743201388888
2257,255.3357416666666
2258,1240.0
2259,250.7870986111111
2260,1240.0
2261,1240.0
2262,245.319384375
2263,241.8660614583333
2264,1139.114000000003
2265,234.6644357638889
2266,231.2927204861111
2267,238.3417267361112
2268,251.4807131944445
2269,251.2723881944444
2270,251.0860899305556
2271,250.2071972222222
2272,254.1441204861111
2273,250.745160763889
2274,243.5582048611112
2275,241.6391548611111
2276,246.7407559027778
2277,241.8318416666666
2278,1240.0
2279,1240.0
2280,240.9491885416666
2281,236.9680315972222
2282,1240.0
2283,1240.0
2284,1240.0
2285,1240.0
2286,236.5565642361111
2287,236.9860899305556
2288,237.7675114583334
2289,239.9156586805556
2290,240.3863055555556
2291,242.8255003472223
2292,241.4777072916667
2293,244.0196427083333
2294,248.1892940972223
2295,247.4158211805556
2296,245.8425590277778
2297,249.4303802083334
2298,250.550846875
2299,1061.422628125004
2300,247.8010309027778
2301,246.9060996527778
2302,246.8429152777778
2303,1240.0
2304,236.3431940972222
2305,1240.0
2306,1240.0
2307,1240.0
2308,1240.0
2309,230.5890385416666
2310,230.5647458333333
2311,229.1227447916666
2312,231.9864013888889
2313,1240.0
2314,229.9252305555556
2315,227.5635059027777
2316,232.6528836805556
2317,237.0468638888889
2318,241.4677076388889
2319,243.2848381944444
2320,245.4527184027778
2321,243.1649628472223
2322,243.2402989583333
2323,243.098059375
2324,242.008715625
2325,243.5370930555555
2326,240.5328128472223
2327,238.8653361111111
2328,853.3667395833337
2329,1240.0
2330,240.8127770833334
2331,243.0692725694445
2332,1240.0
2333,1240.0
2334,1240.0
2335,222.9084697916668
2336,221.397048263889
2337,224.1099302083333
2338,226.5371197916667
2339,226.1888451388889
2340,229.0184732638889
2341,1240.0
2342,237.2443972222222
2343,242.3047125000001
2344,245.5889815972222
2345,245.203401388889
2346,246.3864708333334
2347,236.5759017361111
2348,242.89778125
2349,240.6429631944445
2350,242.3201413194445
2351,234.7244670138889
2352,849.0653291666699
2353,1240.0
2354,1240.0
2355,1240.0
2356,1240.0
2357,1240.0
2358,305.9517128472222
2359,307.0546069444445
2360,306.8683086805555
2361,307.2116454861111
2362,307.1008444444445
2363,1065.328331597223
2364,299.3381329861111
2365,296.6697100694445
2366,290.2446055555556
2367,294.6483902777778
2368,300.6516336805556
2369,298.2812482638888
2370,297.1698829861111
2371,1240.0
2372,303.3422906250001
2373,301.5105784722223
2374,294.671828125
2375,1240.0
2376,318.5286447916667
2377,1240.0
2378,1240.0
2379,1240.0
2380,1240.0
2381,1240.0
2382,308.0661590277778
2383,303.4237142361111
2384,310.3455333333334
2385,303.5624184027778
2386,302.1965510416667
2387,941.2627128472216
2388,307.9652440972222
2389,302.6754065972223
2390,303.8438649305556
2391,296.6049652777778
2392,290.2082527777778
2393,291.0125927083334
2394,290.4426958333334
2395,1240.0
2396,284.3619475694445
2397,283.0933468750001
2398,279.8055333333334
2399,1240.0
2400,287.0261236111112
2401,1240.0
2402,1240.0
2403,1240.0
2404,1240.0
2405,1240.0
2406,1240.0
2407,298.0222572916667
2408,295.8521416666666
2409,290.8469784722223
2410,293.629664236111
2411,294.3273159722222
2412,293.4694333333334
2413,1240.0
2414,288.9402677083332
2415,281.8839336805555
2416,298.8020024305555
2417,297.7236097222222
2418,293.2954440972222
2419,297.6196545138889
2420,297.3214493055555
2421,296.8672791666667
2422,297.8731597222222
2423,300.9561833333334
2424,757.6602281250023
2425,1240.0
2426,1240.0
2427,1240.0
2428,1240.0
2429,1240.0
2430,1240.0
2431,287.5908472222222
2432,282.2960395833333
2433,278.2254982638889
2434,279.69315
2435,283.7072201388888
2436,294.0328024305555
2437,1240.0
2438,289.9058246527779
2439,289.9509878472222
2440,285.427579861111
2441,289.48761875
2442,295.7895378472222
2443,301.2902663194444
2444,299.8761437499999
2445,295.9290996527777
2446,299.1058236111111
2447,296.7238548611111
2448,668.9000156250006
2449,1240.0
2450,1240.0
2451,1240.0
2452,1240.0
2453,1240.0
2454,289.6043649305556
2455,291.1057493055555
2456,295.3642711805556
2457,300.1218625
2458,305.1186802083334
2459,801.2025493055551
2460,303.0310319444444
2461,303.2688190972223
2462,304.7588736111111
2463,304.9829173611112
2464,303.015865625
2465,298.0593454861112
2466,295.2074545138889
2467,1240.0
2468,297.3054065972223
2469,299.4979899305557
2470,297.704979861111
2471,1240.0
2472,304.0906364583332
2473,1240.0
2474,1240.0
2475,1240.0
2476,1240.0
2477,1240.0
2478,299.0539208333333
2479,297.3162982638889
2480,298.3168284722223
2481,297.4202427083333
2482,299.0792499999999
2483,1172.81283125
2484,305.4790378472222
2485,303.8726725694444
2486,310.8600604166666
2487,313.2516298611112
2488,312.0925243055555
2489,310.2033927083334
2490,312.4255076388888
2491,1240.0
2492,312.6602072916667
2493,317.2958350694445
2494,316.8382302083333
2495,1240.0
2496,304.1744090277778
2497,1240.0
2498,1240.0
2499,1240.0
2500,1240.0
2501,1240.0
2502,309.7632649305555
2503,309.2361423611112
2504,315.64946875
2505,318.0743968749999
2506,316.751690625
2507,1121.42348020833
2508,315.1777541666665
2509,309.4032302083332
2510,312.9849458333334
2511,315.6471833333334
2512,310.6792020833334
2513,310.4189326388889
2514,303.9967572916667
2515,1240.0
2516,299.8892625
2517,294.3938052083333
2518,299.0706840277777
2519,1240.0
2520,298.3085093749999
2521,1240.0
2522,1240.0
2523,1240.0
2524,1240.0
2525,1240.0
2526,304.6649378472222
2527,294.5417225694446
2528,293.7696552083333
2529,295.8664923611111
2530,298.231585763889
2531,1085.708137847226
2532,311.450484375
2533,305.4210770833333
2534,312.8182861111111
2535,311.0546909722222
2536,306.899353125
2537,303.9757909722223
2538,293.3216656249999
2539,1240.0
2540,308.37695625
2541,309.8886586805555
2542,315.0219513888888
2543,1240.0
2544,311.5577788194444
2545,1240.0
2546,1240.0
2547,1240.0
2548,1240.0
2549,1240.0
2550,299.5197680555555
2551,295.3832756944444
2552,293.939490625
2553,295.46634375
2554,298.8477909722222
2555,790.25056284722
2556,289.1428906249999
2557,290.4390506944445
2558,284.9647329861111
2559,278.3956340277778
2560,286.1168645833334
2561,301.4201989583333
2562,298.1580996527777
2563,1240.0
2564,290.3036017361111
2565,285.5151270833333
2566,288.3262048611111
2567,1240.0
2568,294.8491065972221
2569,1240.0
2570,1240.0
2571,1240.0
2572,1240.0
2573,1240.0
2574,286.9611829861111
2575,287.5721319444444
2576,285.2731711805555
2577,293.6182420138888
2578,302.8102118055555
2579,625.3375142361108
2580,302.7015395833333
2581,300.6471548611111
2582,298.2325916666667
2583,293.0078138888888
2584,283.4573854166667
2585,283.0658559027777
2586,285.294723263889
2587,1240.0
2588,279.4320604166666
2589,275.7182517361111
2590,281.3271996527777
2591,1240.0
2592,290.6377861111111
2593,1216.090499999998
2594,1240.0
2595,1240.0
2596,1240.0
2597,1240.0
2598,284.5462704861111
2599,280.0564850694445
2600,275.576235763889
2601,271.6575795138889
2602,273.5363329861111
2603,272.3790072916666
2604,267.8160041666666
2605,268.6879534722222
2606,267.8596093749999
2607,260.5725822916666
2608,264.1335416666667
2609,277.5648423611111
2610,275.7117361111112
2611,1240.0
2612,278.1042940972222
2613,278.9431375
2614,275.9844329861111
2615,1240.0
2616,272.1136131944444
2617,1240.0
2618,267.3139694444445
2619,1240.0
2620,1240.0
2621,1240.0
2622,264.7823052083333
2623,257.8972107638889
2624,255.9399666666667
2625,256.0285434027778
2626,257.3260996527778
2627,1240.0
2628,262.2318524305556
2629,264.3810197916667
2630,264.5919465277778
2631,265.8110791666666
2632,264.8057631944444
2633,259.05160625
2634,255.4536583333333
2635,252.6169211805556
2636,258.5156364583332
2637,257.654190625
2638,1240.0
2639,260.2275371527778
2640,701.2792124999985
2641,1240.0
2642,268.5788444444445
2643,1240.0
2644,1240.0
2645,1240.0
2646,266.541795138889
2647,263.54553125
2648,257.9953340277778
2649,256.5543513888888
2650,254.5795364583333
2651,1240.0
2652,248.2057048611111
2653,255.9880434027778
2654,277.224375
2655,285.9483319444444
2656,284.8204170138888
2657,280.5128142361111
2658,281.6064156250001
2659,275.3316680555555
2660,273.1992361111111
2661,277.4846159722222
2662,1240.0
2663,286.2333670138888
2664,932.2494048611087
2665,289.5429170138888
2666,1240.0
2667,267.3345607638889
2668,1240.0
2669,1240.0
2670,258.9926656250001
2671,257.5302888888888
2672,1240.0
2673,847.022991666664
2674,247.7807982638888
2675,255.3073590277778
2676,261.2731725694444
2677,269.6900454861111
2678,268.589120486111
2679,275.4084472222223
2680,272.5117472222223
2681,279.0020934027777
2682,273.8854052083333
2683,276.1925704861112
2684,278.1604413194444
2685,264.5076732638889
2686,1240.0
2687,1240.0
2688,279.8034250000001
2689,284.0140149305554
2690,1240.0
2691,290.2536472222222
2692,1240.0
2693,1240.0
2694,278.7298951388889
2695,268.7603444444445
2696,1240.0
2697,1021.855513541669
2698,263.0718170138888
2699,268.7001138888889
2700,267.6171395833333
2701,261.6201993055556
2702,269.5838326388889
2703,270.7554756944446
2704,274.0390145833334
2705,277.6435190972222
2706,267.1891562499999
2707,266.1189135416667
2708,265.4429614583333
2709,259.0979416666667
2710,1240.0
2711,1240.0
2712,279.5414118055556
2713,275.6069097222221
2714,1240.0
2715,270.4642131944445
2716,1240.0
2717,1240.0
2718,261.4075690972222
2719,260.4544541666667
2720,1240.0
2721,938.4266083333323
2722,253.7015736111111
2723,259.6915743055555
2724,268.5341930555555
2725,269.7860413194445
2726,271.1678788194445
2727,276.8045861111111
2728,276.1575361111111
2729,277.1430430555556
2730,264.9056361111111
2731,273.5543506944443
2732,277.1347916666667
2733,279.1553697916667
2734,1240.0
2735,1240.0
2736,275.55340625
2737,286.1041451388888
2738,1240.0
2739,299.7916878472222
2740,1240.0
2741,1240.0
2742,303.4904638888888
2743,289.6571618055555
2744,1240.0
2745,1240.0
2746,278.9106711805556
2747,276.1723527777777
2748,284.1678097222222
2749,291.2813635416666
2750,289.2337253472223
2751,295.1996666666667
2752,300.9995815972222
2753,294.3469680555555
2754,785.6622138888863
2755,302.8086232638889
2756,305.0772131944445
2757,304.5891784722221
2758,1240.0
2759,1240.0
2760,314.7345368055555
2761,1240.0
2762,1240.0
2763,1240.0
2764,1240.0
2765,1240.0
2766,300.6187458333334
2767,289.1691694444444
2768,288.2192340277778
2769,291.6528802083334
2770,301.9804958333334
2771,1019.831478472223
2772,300.174721875
2773,301.3661013888888
2774,300.282234375
2775,296.2706336805555
2776,290.4237958333333
2777,290.2247680555556
2778,293.5018131944445
2779,1240.0
2780,305.2501020833333
2781,307.0533559027778
2782,304.492257986111
2783,1240.0
2784,308.3238555555556
2785,310.0060993055555
2786,1240.0
2787,320.5454017361111
2788,1240.0
2789,1240.0
2790,306.5382517361111
2791,301.7028003472222
2792,1240.0
2793,1240.0
2794,299.256978125
2795,301.3590329861111
2796,303.3284381944445
2797,306.5791347222222
2798,302.3787291666667
2799,304.3418892361111
2800,295.8551763888889
2801,290.4856361111111
2802,1039.024041319443
2803,287.0688215277778
2804,295.9486086805555
2805,307.1785100694444
2806,1240.0
2807,1240.0
2808,305.3753704861112
2809,1240.0
2810,1240.0
2811,1240.0
2812,1240.0
2813,1240.0
2814,298.833665625
2815,294.3964579861112
2816,289.0358361111111
2817,288.7471743055556
2818,287.3531743055555
2819,1000.191775694444
2820,292.8937166666666
2821,294.692389236111
2822,302.8832753472223
2823,306.4292121527777
2824,312.6744822916666
2825,313.620395486111
2826,307.3115260416668
2827,1240.0
2828,304.6770600694445
2829,307.6587388888889
2830,307.762084375
2831,1240.0
2832,312.0129270833334
2833,1240.0
2834,1240.0
2835,1240.0
2836,1240.0
2837,1240.0
2838,290.4291086805555
2839,290.9566684027778
2840,292.6402454861111
2841,293.8188902777777
2842,289.1674076388888
2843,494.9061612118056
2844,275.279073611111
2845,271.4957531250001
2846,272.2387256840277
2847,267.2159938611111
2848,278.9667388888889
2849,277.1368055555556
2850,277.2479166666666
2851,1240.0
2852,277.4701388888889
2853,277.58125
2854,277.692361111111
2855,1240.0
2856,277.9145833333333
2857,1144.076122916665
2858,1240.0
2859,1240.0
2860,1240.0
2861,1240.0
2862,275.9145833333333
2863,276.0256944444444
2864,276.1368055555556
2865,276.5777895833334
2866,275.87599375
2867,267.969326736111
2868,267.3182062499999
2869,273.2203572916666
2870,272.2363065972222
2871,267.0910999999999
2872,263.2213305555555
2873,262.0349809027778
2874,272.0916645833333
2875,1240.0
2876,275.2877083333333
2877,289.8555440972223
2878,290.8447420138889
2879,1240.0
2880,304.2847902777777
2881,300.4152215277777
2882,1240.0
2883,306.5625479166666
2884,1240.0
2885,1240.0
2886,278.9003704861112
2887,265.4412503472221
2888,1240.0
2889,1240.0
2890,265.1694545138888
2891,275.8946753472223
2892,271.8620708333333
2893,269.5352340277778
2894,273.4729142361111
2895,283.9063302083333
2896,279.6593302083334
2897,282.7488402777777
2898,439.2682680555575
2899,279.8367013888889
2900,281.3755215277778
2901,295.1139034722221
2902,1240.0
2903,1240.0
2904,301.3424197916667
2905,1240.0
2906,1240.0
2907,1240.0
2908,1240.0
2909,1240.0
2910,1240.0
2911,1240.0
2912,299.5799138888888
2913,297.8683913194443
2914,295.0916232638888
2915,301.4849538194444
2916,305.5390072916666
2917,311.8110079861112
2918,305.8415635416666
2919,300.9059135416667
2920,295.7871899305556
2921,284.6369232638889
2922,295.9451121527777
2923,326.959735763889
2924,327.3564131944445
2925,321.2004506944444
2926,326.3732177083334
2927,325.2954649305556
2928,1216.173022569442
2929,1240.0
2930,1240.0
2931,1240.0
2932,1240.0
2933,1240.0
2934,319.000084375
2935,315.7805114583334
2936,315.2168534722222
2937,530.4041361111098
2938,317.6544805555555
2939,1240.0
2940,323.8347781250001
2941,331.8041430555555
2942,305.8811607638889
2943,293.5170694444445
2944,299.9841218750001
2945,298.535115625
2946,301.9467361111111
2947,1240.0
2948,306.4015399305556
2949,305.0526034722221
2950,302.9413090277778
2951,1240.0
2952,312.0577392361112
2953,1240.0
2954,1240.0
2955,1240.0
2956,1240.0
2957,1240.0
2958,301.2453940972222
2959,296.0831225694445
2960,293.1213635416667
2961,288.7180204861111
2962,290.8929041666668
2963,1078.985762500001
2964,290.2870715277778
2965,292.7698013888888
2966,302.9550809027778
2967,307.8747427083333
2968,308.3441215277778
2969,312.1347552083333
2970,314.48036875
2971,1240.0
2972,317.6313440972223
2973,315.9995131944444
2974,307.8627847222222
2975,1240.0
2976,308.2025201388888
2977,1240.0
2978,1240.0
2979,1240.0
2980,1240.0
2981,1240.0
2982,1240.0
2983,1240.0
2984,314.4605982638889
2985,1240.0
2986,312.8130784722222
2987,311.7565861111111
2988,318.6211118055555
2989,320.034270138889
2990,313.9060621527778
2991,311.6015062500001
2992,315.5192017361113
2993,316.035425
2994,311.6117128472222
2995,316.3957885416667
2996,324.0091756944445
2997,327.1964684027778
2998,312.5525614583334
2999,316.7817934027779
3000,464.0746618055584
3001,1240.0
3002,1240.0
3003,1240.0
3004,1240.0
3005,1240.0
3006,1240.0
3007,1240.0
3008,326.2334065972221
3009,1240.0
3010,319.2443895833334
3011,316.1888
3012,316.3458708333333
3013,315.6080440972222
3014,315.0026218749999
3015,309.8912878472221
3016,308.830336111111
3017,306.6903944444446
3018,318.2241923611111
3019,319.3843756944445
3020,322.7564031249999
3021,318.8893059027779
3022,321.8669090277777
3023,325.6395947916666
3024,668.5630489583318
3025,1240.0
3026,1240.0
3027,1240.0
3028,1240.0
3029,1240.0
3030,322.0789329861112
3031,318.5053013888888
3032,308.98644375
3033,753.0070454861101
3034,303.1675809027778
3035,1240.0
3036,320.3543743055554
3037,319.5471618055556
3038,323.3800680555555
3039,320.9823156250001
3040,322.7887503472222
3041,319.1964048611111
3042,319.6409486111111
3043,1240.0
3044,320.8102652777777
3045,329.9681131944445
3046,334.2639347222222
3047,1240.0
3048,338.1972517361111
3049,1240.0
3050,1240.0
3051,1240.0
3052,1240.0
3053,1240.0
3054,321.9513642361112
3055,319.0102288194445
3056,313.9580913194446
3057,713.8626055555582
3058,321.8952083333334
3059,1240.0
3060,331.1945947916666
3061,335.5673104166667
3062,337.4167809027776
3063,330.0997097222223
3064,321.0509020833334
3065,331.7013875
3066,321.5178253472222
3067,1240.0
3068,312.7003100694444
3069,302.6472444444445
3070,306.8721520833334
3071,1240.0
3072,276.5975107638889
3073,1240.0
3074,1240.0
3075,263.0020361111111
3076,1240.0
3077,1240.0
3078,1240.0
3079,251.5964822916666
3080,247.2560319444444
3081,244.4241333333333
3082,244.8991086805556
3083,251.5012371527778
3084,268.27301875
3085,1240.0
3086,286.1734079861111
3087,277.9358607638889
3088,279.2434711805555
3089,267.9804048611111
3090,264.7717805555555
3091,266.3202802083333
3092,261.1888204861111
3093,266.7681034722222
3094,267.6778607638889
3095,260.3891798611111
3096,730.7091003472216
3097,1240.0
3098,1240.0
3099,273.8660881944444
3100,1240.0
3101,1240.0
3102,1240.0
3103,270.1835555555555
3104,269.3843649305556
3105,268.1337190972222
3106,268.1243878472222
3107,263.6552243055556
3108,266.3383458333333
3109,1240.0
3110,284.5357652777778
3111,285.8443979166667
3112,294.3622347222222
3113,294.3760746527778
3114,291.8814357638888
3115,291.0804642361111
3116,293.4696156250001
3117,288.5882065972223
3118,282.479863888889
3119,275.3776940972223
3120,1100.443328124998
3121,1240.0
3122,257.5162246527777
3123,258.1180097222223
3124,1240.0
3125,1240.0
3126,1240.0
3127,244.6317246527777
3128,244.2629871527778
3129,242.8071069444444
3130,242.5982770833334
3131,241.3272576388889
3132,239.2578465277778
3133,1240.0
3134,233.0586913194444
3135,235.1338916666666
3136,235.7454743055555
3137,239.1301034722222
3138,241.9059156250001
3139,244.0574982638889
3140,246.3165409722222
3141,245.5710746527778
3142,246.9553364583333
3143,250.3609704861111
3144,1180.780062152779
3145,251.0799875
3146,1240.0
3147,245.0350090277777
3148,1240.0
3149,1240.0
3150,233.6141892361111
3151,233.3046527777778
3152,1240.0
3153,478.1577135416683
3154,239.5063083333332
3155,242.8583427083333
3156,245.8787229166666
3157,240.3592125
3158,243.879053125
3159,285.426425
3160,316.7072586805555
3161,318.0298954861112
3162,323.9903628472222
3163,264.1829177083333
3164,260.1798503472222
3165,262.8140822916666
3166,1240.0
3167,1240.0
3168,266.7238166666666
3169,1240.0
3170,1240.0
3171,256.7764940972222
3172,1240.0
3173,1240.0
3174,1240.0
3175,254.0930003472222
3176,252.2235979166666
3177,245.5301145833333
3178,236.9665045138888
3179,248.6784135416667
3180,261.9263774305556
3181,1240.0
3182,266.8686697916665
3183,271.171871875
3184,270.3838895833334
3185,274.7191763888889
3186,274.5529996527778
3187,295.9549659722223
3188,299.6525395833333
3189,291.9067927083333
3190,291.248923611111
3191,287.6675256944443
3192,792.9593350694429
3193,1240.0
3194,1240.0
3195,278.9790489583333
3196,1240.0
3197,1240.0
3198,1240.0
3199,272.4208559027778
3200,270.8461934027778
3201,266.8160065972222
3202,263.5239920138889
3203,261.7848375
3204,266.9478034722222
3205,1240.0
3206,277.1835864583334
3207,277.0056951388888
3208,279.9409027777778
3209,273.6354729166667
3210,265.3361684027777
3211,273.716251388889
3212,276.2614934027777
3213,272.8298152777778
3214,267.1197100694444
3215,267.0306840277777
3216,1006.356785069442
3217,1240.0
3218,1240.0
3219,1240.0
3220,1240.0
3221,1240.0
3222,253.4684253472223
3223,252.576295138889
3224,252.3554982638888
3225,1240.0
3226,251.0545246527778
3227,253.517014236111
3228,256.2531006944445
3229,260.5510895833334
3230,262.4709597222222
3231,262.0105565972223
3232,260.5190274305555
3233,267.0647569444444
3234,271.2816434027779
3235,270.7980690972223
3236,269.030520138889
3237,266.0541225694445
3238,264.3784954861111
3239,271.1414267361111
3240,586.9973753472257
3241,1240.0
3242,1240.0
3243,260.439084375
3244,1240.0
3245,1240.0
3246,1240.0
3247,254.7435711805556
3248,253.1509600694445
3249,251.1282756944445
3250,249.581746875
3251,256.0377225694444
3252,255.3244715277778
3253,1240.0
3254,252.69993125
3255,257.9122916666666
3256,252.1067013888889
3257,258.2229972222222
3258,258.7734729166667
3259,266.5751628472221
3260,265.4604847222222
3261,262.1977559027778
3262,265.250345138889
3263,268.6848864583333
3264,593.8432972222254
3265,1240.0
3266,1240.0
3267,258.013865625
3268,1240.0
3269,1240.0
3270,1240.0
3271,261.409015625
3272,261.9452302083334
3273,263.5454163194445
3274,264.5667038194444
3275,263.8523010416666
3276,271.4586888888889
3277,1240.0
3278,275.8379979166666
3279,280.4028333333334
3280,286.1033184027779
3281,286.3442934027778
3282,288.5737947916667
3283,284.80028125
3284,285.4990760416666
3285,263.7548152777779
3286,260.8612961805556
3287,258.3581232638888
3288,933.5357624999991
3289,1240.0
3290,1240.0
3291,275.7344340277778
3292,1240.0
3293,1240.0
3294,1240.0
3295,277.3590135416666
3296,277.7732631944445
3297,278.7189225694445
3298,277.9258486111111
3299,278.4917284722222
3300,280.4883687499999
3301,1240.0
3302,280.9717128472221
3303,278.2300795138888
3304,271.1425593749999
3305,272.8900475694444
3306,286.3734124999999
3307,290.001976736111
3308,289.9908708333333
3309,287.8192253472222
3310,265.4697128472223
3311,266.3342711805555
3312,1149.894814583333
3313,1240.0
3314,1240.0
3315,1240.0
3316,1240.0
3317,1240.0
3318,1240.0
3319,258.4984704861111
3320,256.9672229166666
3321,257.1053225694444
3322,256.8315645833334
3323,258.6592604166667
3324,243.7515524305556
3325,225.858054861111
3326,233.2781850694445
3327,246.0072131944445
3328,246.5054850694444
3329,260.6539465277777
3330,270.4720493055556
3331,266.0753211805555
3332,260.9714934027778
3333,251.9052420138889
3334,252.6981232638888
3335,256.1507413194444
3336,594.4852201388913
3337,1240.0
3338,1240.0
3339,1240.0
3340,1240.0
3341,1240.0
3342,1240.0
3343,257.7482055555556
3344,256.4405197916667
3345,255.5984274305555
3346,254.1284125
3347,257.8207635416666
3348,264.2778833333334
3349,265.5970850694444
3350,251.1210979166667
3351,261.2107628472222
3352,257.0172329861111
3353,258.6144902777778
3354,249.8970847222222
3355,254.1160062499999
3356,251.9070590277777
3357,245.6842600694444
3358,238.6582309027778
3359,243.0417711805556
3360,457.6205579861154
3361,1240.0
3362,1240.0
3363,1240.0
3364,1240.0
3365,1240.0
3366,256.4810774305556
3367,250.7281934027777
3368,246.1264913194444
3369,1240.0
3370,241.9827086805556
3371,246.2698718749999
3372,243.4104732638888
3373,257.6490718749999
3374,252.5174895833333
3375,257.6467124999999
3376,271.6511784722222
3377,272.2012729166667
3378,273.38705
3379,273.8263756944444
3380,278.7105208333333
3381,284.6110173611111
3382,283.4512763888889
3383,278.9133579861111
3384,632.1611715277764
3385,1240.0
3386,1240.0
3387,1240.0
3388,1240.0
3389,1240.0
3390,1240.0
3391,284.9597118055555
3392,281.6716444444445
3393,282.790704513889
3394,293.9925913194445
3395,295.737409375
3396,293.5941559027777
3397,1240.0
3398,280.9726055555555
3399,285.6827065972222
3400,285.3571274305556
3401,283.8848302083334
3402,281.4325826388889
3403,286.808795138889
3404,288.5672329861111
3405,290.8617982638889
3406,289.226017013889
3407,275.8267357638889
3408,315.815132291666
3409,1240.0
3410,1240.0
3411,1240.0
3412,1240.0
3413,1240.0
3414,1240.0
3415,282.0797222222223
3416,281.9460072916667
3417,282.5218170138888
3418,281.7618413194445
3419,303.8075114583334
3420,323.2790027777777
3421,1240.0
3422,314.8198840277778
3423,291.9977819444443
3424,284.3495579861111
3425,281.378635763889
3426,289.5706701388888
3427,293.9274767361111
3428,282.9621975694445
3429,278.0103795138889
3430,265.6256711805555
3431,262.4880895833334
3432,373.1406680555579
3433,1240.0
3434,1240.0
3435,248.197509375
3436,1240.0
3437,1240.0
3438,1240.0
3439,246.7275826388889
3440,246.5987041666667
3441,246.2705815972221
3442,247.1146437500001
3443,253.1111329861112
3444,259.841721875
3445,1240.0
3446,259.2167920138889
3447,246.4827336805556
3448,254.1420854166668
3449,245.8981579861111
3450,263.4590368055555
3451,278.3997795138889
3452,267.4072559027777
3453,256.7760541666667
3454,249.9606003472223
3455,248.0260184027778
3456,406.5479010416659
3457,1240.0
3458,251.3936555555556
3459,254.5766215277778
3460,1240.0
3461,1240.0
3462,1240.0
3463,251.3496194444444
3464,247.5754628472222
3465,243.8662381944444
3466,243.924259375
3467,244.4710413194444
3468,241.2555479166666
3469,1240.0
3470,246.0198489583333
3471,253.6671090277778
3472,247.5461559027778
3473,238.5216690972223
3474,236.9018041666666
3475,241.3921624999999
3476,239.2666093750001
3477,243.3128916666668
3478,248.4104142361111
3479,250.5822458333334
3480,1217.144492361113
3481,1240.0
3482,1240.0
3483,1240.0
3484,1240.0
3485,1240.0
3486,241.9571305555556
3487,248.5698274305556
3488,232.1997809027778
3489,226.0599885416667
3490,227.1922930555556
3491,230.758471875
3492,230.1407041666668
3493,222.9956371527778
3494,224.3662715277778
3495,228.9192704861111
3496,225.8447111111111
3497,226.193132986111
3498,232.4753222222222
3499,233.9091083333333
3500,237.2417927083334
3501,247.939384375
3502,247.5245621527778
3503,252.9769097222222
3504,854.2683361111119
3505,1240.0
3506,1240.0
3507,1240.0
3508,1240.0
3509,1240.0
3510,1240.0
3511,241.4797927083333
3512,240.722996875
3513,242.0217
3514,240.2372208333333
3515,235.3544100694444
3516,235.8078708333333
3517,241.4567961805555
3518,233.9717972222222
3519,246.4305333333334
3520,267.7105270833334
3521,270.5841208333333
3522,257.4329753472223
3523,247.9469663194445
3524,266.9409013888889
3525,264.7729506944444
3526,258.2939916666667
3527,249.4544899305556
3528,339.7673822916645
3529,1240.0
3530,1240.0
3531,1240.0
3532,1240.0
3533,1240.0
3534,1240.0
3535,256.7669940972223
3536,255.4339718749999
3537,250.2070256944444
3538,247.212421875
3539,244.8897805555555
3540,242.0413302083333
3541,244.9799770833333
3542,256.8703815972223
3543,259.2908559027778
3544,256.5358590277778
3545,269.5430677083333
3546,264.4144114583334
3547,275.5702097222222
3548,274.5600565972222
3549,266.2225576388889
3550,268.3666322916667
3551,268.4115402777778
3552,633.8933916666689
3553,1240.0
3554,1240.0
3555,1240.0
3556,1240.0
3557,1240.0
3558,1240.0
3559,262.1926409722223
3560,250.478878125
3561,244.3586954861111
3562,243.0690850694445
3563,254.8284840277777
3564,264.0513857638888
3565,260.7218156250001
3566,256.2143274305556
3567,255.6095465277778
3568,267.878586111111
3569,269.5868631944444
3570,263.8667045138889
3571,265.3818385416666
3572,265.3838399305556
3573,254.7851052083334
3574,263.0348159722222
3575,267.8649777777778
3576,880.5429243055576
3577,1240.0
3578,1240.0
3579,282.7713784722222
3580,1240.0
3581,1240.0
3582,1240.0
3583,278.7528590277776
3584,263.0179843749999
3585,258.1612746527778
3586,252.4549902777778
3587,252.4171388888889
3588,257.8440302083333
3589,1240.0
3590,270.3959284722222
3591,277.1162059027778
3592,274.5696177083334
3593,277.6750479166668
3594,282.70776875
3595,279.9653670138889
3596,279.7837861111111
3597,277.2770461805554
3598,276.6286
3599,273.36726875
3600,1072.948436458331
3601,1240.0
3602,1240.0
3603,1240.0
3604,1240.0
3605,1240.0
3606,1240.0
3607,270.724638888889
3608,260.042382638889
3609,1240.0
3610,255.6533909722222
3611,261.2746871527778
3612,264.0073378472222
3613,277.4583697916667
3614,293.7733458333333
3615,292.3618982638889
3616,328.2063322916666
3617,309.770984375
3618,302.7276357638888
3619,294.6110267361111
3620,300.8088065972222
3621,302.6395635416665
3622,302.9988065972222
3623,296.7542364583333
3624,390.1536180555545
3625,1240.0
3626,1240.0
3627,275.8180781250001
3628,1240.0
3629,1240.0
3630,1240.0
3631,258.1015024305556
3632,257.1440618055557
3633,256.3413090277778
3634,255.5194579861111
3635,258.4533927083334
3636,264.7099885416667
3637,1240.0
3638,266.9928038194445
3639,264.8445847222222
3640,267.1372354166667
3641,270.5519118055555
3642,265.8514121527778
3643,263.3082652777778
3644,264.3609947916666
3645,262.6965725694445
3646,265.20515
3647,262.3570802083333
3648,803.0401263888905
3649,1240.0
3650,1240.0
3651,253.9127982638888
3652,1240.0
3653,1240.0
3654,1240.0
3655,247.2881475694444
3656,244.8606034722222
3657,240.0355895833333
3658,238.0563204861112
3659,237.9470489583333
3660,234.7439010416667
3661,1240.0
3662,255.7315489583333
3663,263.3902621527777
3664,266.5195006944444
3665,276.7092368055556
3666,286.0306829861111
3667,286.9507520833333
3668,284.3375815972221
3669,278.1536114583332
3670,273.1539267361111
3671,275.7294666666667
3672,589.6845559027768
3673,1240.0
3674,1240.0
3675,1240.0
3676,1240.0
3677,1240.0
3678,262.2486930555555
3679,260.2723479166667
3680,256.3920180555556
3681,1240.0
3682,276.4785256944445
3683,283.432429513889
3684,303.088659375
3685,302.4680913194444
3686,267.7698052083333
3687,270.5103489583333
3688,275.2134482638888
3689,281.4538795138889
3690,280.481413888889
3691,278.8741541666666
3692,281.5463291666666
3693,268.8201625
3694,267.7206354166668
3695,269.2760104166667
3696,1024.501130902775
3697,1240.0
3698,1240.0
3699,274.2228249999999
3700,1240.0
3701,1240.0
3702,1240.0
3703,275.8667572916667
3704,272.6757038194444
3705,271.2003475694445
3706,265.4235291666667
3707,256.9776868055556
3708,257.3317107638889
3709,1240.0
3710,258.4301166666667
3711,268.1085520833333
3712,274.7397124999999
3713,271.9015729166667
3714,282.4360753472222
3715,285.3543506944445
3716,282.4464444444445
3717,280.313128125
3718,280.4575944444445
3719,282.6808572916667
3720,1014.445852430556
3721,1240.0
3722,1240.0
3723,1240.0
3724,1240.0
3725,1240.0
3726,1240.0
3727,281.3144329861111
3728,268.3812510416666
3729,260.4374069444445
3730,297.1196982638889
3731,302.4761833333333
3732,289.0446854166665
3733,1240.0
3734,282.6353340277778
3735,279.4719086805555
3736,270.4084607638889
3737,268.0830201388889
3738,274.7998618055556
3739,271.3110167708334
3740,280.5027315972223
3741,281.2464687500001
3742,282.6754190972223
3743,287.3559854166666
3744,349.6365695486127
3745,1240.0
3746,1240.0
3747,1240.0
3748,1240.0
3749,1240.0
3750,257.7600791666667
3751,253.7430104166666
3752,232.3680896180556
3753,139.2277195138889
3754,131.4663194444444
3755,131.5774305555555
3756,131.6885416666666
3757,131.7996527777777
3758,124.9789816527778
3759,198.2912732291667
3760,228.9191077083334
3761,224.6987136805555
3762,223.8440163194445
3763,223.8048958333333
3764,223.9167708333334
3765,223.8742125
3766,223.6790045138889
3767,224.3974076388889
3768,532.9677383888863
3769,1240.0
3770,1240.0
3771,224.1048368055556
3772,1240.0
3773,1240.0
3774,1240.0
3775,224.7765972222223
3776,225.1069444444445
3777,223.9926503472223
3778,252.7597784722222
3779,261.3140270833333
3780,269.9590527777777
3781,1240.0
3782,263.8156600694444
3783,271.6658607638889
3784,272.1674402777778
3785,277.8268038194445
3786,277.9027791666666
3787,300.7124645833333
3788,309.0181930555555
3789,316.9319190972222
3790,290.7476833333334
3791,290.9230899305556
3792,470.7970756944426
3793,1240.0
3794,1240.0
3795,1240.0
3796,1240.0
3797,1240.0
3798,1240.0
3799,274.6773875
3800,275.4481163194444
3801,272.5864239583333
3802,275.5179413194443
3803,272.2064454861111
3804,270.6801628472222
3805,1240.0
3806,270.8690284722222
3807,271.2380809027778
3808,274.7595711805556
3809,272.0917802083334
3810,275.2793291666667
3811,279.6806913194445
3812,283.6321284722222
3813,282.2316340277778
3814,284.8728673611112
3815,280.6428003472222
3816,305.8174729166654
3817,1240.0
3818,1240.0
3819,278.0561465277778
3820,1240.0
3821,1240.0
3822,1240.0
3823,269.6195451388888
3824,266.5584833333334
3825,259.6789913194445
3826,264.2423027777777
3827,272.2678173611111
3828,274.3884625
3829,1240.0
3830,273.3203479166667
3831,276.2615395833333
3832,279.63305625
3833,273.7867239583334
3834,276.1507968749999
3835,279.867465625
3836,275.8287489583333
3837,279.0654402777777
3838,277.9780097222222
3839,278.9710322916667
3840,1085.182986805557
3841,1240.0
3842,1240.0
3843,1240.0
3844,1240.0
3845,1240.0
3846,1240.0
3847,271.903959375
3848,268.9371079861111
3849,271.8746055555556
3850,264.7562711805556
3851,260.6323836805556
3852,249.8005315972221
3853,246.0792097222222
3854,247.22819375
3855,252.0871343750001
3856,252.3963420138889
3857,253.8409482638889
3858,255.8698041666667
3859,256.3254277777779
3860,255.4010864583334
3861,255.2165704861112
3862,256.17229375
3863,259.8202107638888
3864,721.7719079861097
3865,1240.0
3866,1240.0
3867,1240.0
3868,1240.0
3869,1240.0
3870,1240.0
3871,264.2704194444445
3872,264.3193979166667
3873,261.7344930555556
3874,258.8994086805556
3875,250.4761
3876,243.8143170138889
3877,245.9147222222223
3878,246.4776746527778
3879,240.2273704861111
3880,239.6763194444445
3881,237.2750010416667
3882,239.4184399305556
3883,239.2457649305555
3884,238.1063892361112
3885,237.993934375
3886,238.3021284722222
3887,240.074190625
3888,415.2500597222215
3889,1240.0
3890,1240.0
3891,1240.0
3892,1240.0
3893,1240.0
3894,235.6102336805556
3895,236.5942107638888
3896,237.9076888888889
3897,236.7564670138889
3898,236.2665295138889
3899,233.8082986111112
3900,234.0640409722222
3901,237.8541684027778
3902,239.2283704861111
3903,239.3911684027778
3904,240.8889934027778
3905,241.4929430555556
3906,242.6515958333333
3907,241.622096875
3908,240.9203010416668
3909,242.6952892361111
3910,244.5046513888889
3911,244.1016666666667
3912,995.35606493056
3913,1240.0
3914,1240.0
3915,1240.0
3916,1240.0
3917,1240.0
3918,237.7246767361111
3919,235.5303697916667
3920,236.3737944444445
3921,239.6966777777778
3922,235.9902541666667
3923,236.3300239583334
3924,241.0033364583333
3925,246.5390736111111
3926,244.1558336805556
3927,246.1265048611112
3928,248.8229979166667
3929,261.3088524305555
3930,256.2346836805556
3931,257.2892024305556
3932,252.45273125
3933,253.81369375
3934,253.7391805555555
3935,250.203482638889
3936,1158.342450694446
3937,1240.0
3938,1240.0
3939,1240.0
3940,1240.0
3941,245.1677309027778
3942,240.1610965277778
3943,238.1208486111111
3944,240.1073027777778
3945,1240.0
3946,235.1470513888889
3947,252.0316312500001
3948,254.3912503472222
3949,257.0094430555556
3950,257.6286677083333
3951,252.1849059027778
3952,252.6756694444445
3953,251.7832868055555
3954,249.0704302083333
3955,247.4253590277778
3956,249.20225625
3957,246.1979704861112
3958,244.685565625
3959,245.9509135416666
3960,1220.35270347222
3961,1240.0
3962,247.4931142361111
3963,246.774638888889
3964,1240.0
3965,1240.0
3966,1240.0
3967,243.7246055555556
3968,244.1398739583333
3969,242.1551284722221
3970,240.8482072916667
3971,240.3797784722223
3972,239.9579506944445
3973,1240.0
3974,238.0257541666666
3975,239.6787767361112
3976,238.1532527777777
3977,238.2434833333334
3978,239.0180326388889
3979,238.5243982638889
3980,239.3105302083334
3981,239.4014010416666
3982,239.4654041666666
3983,237.7357975694444
3984,1054.23179375
3985,1240.0
3986,1240.0
3987,1240.0
3988,1240.0
3989,1240.0
3990,234.6383090277778
3991,234.7562954861111
3992,234.9157895833334
3993,234.2947097222223
3994,233.6225843749999
3995,233.5516309027778
3996,234.2985538194444
3997,239.0404878472222
3998,239.0786486111112
3999,238.2641795138889
4000,243.1559586805556
4001,242.3039357638889
4002,243.0395246527778
4003,244.7090979166667
4004,246.1587975694445
4005,247.4968420138889
4006,246.829290625
4007,254.4667475694444
4008,966.9876524305537
4009,1240.0
4010,1240.0
4011,1240.0
4012,1240.0
4013,246.7935416666666
4014,244.8073263888889
4015,244.8551625000001
4016,242.2113059027778
4017,1240.0
4018,244.2383465277778
4019,247.2501947916666
4020,245.1700895833333
4021,240.1898840277777
4022,240.8133100694444
4023,241.0285680555556
4024,239.4364569444445
4025,248.28289375
4026,244.8761684027778
4027,243.1209739583334
4028,235.4746659722222
4029,236.2311340277777
4030,236.5104270833334
4031,236.8906819444445
4032,1150.403160069445
4033,1240.0
4034,1240.0
4035,1240.0
4036,1240.0
4037,1240.0
4038,234.5494458333334
4039,233.9440260416666
4040,231.7615638888889
4041,231.7668760416668
4042,231.2053784722222
4043,230.4629746527778
4044,229.3973142361112
4045,230.8033440972222
4046,233.8840756944444
4047,256.6833201388889
4048,260.3777069444445
4049,262.7607506944444
4050,263.6805680555556
4051,257.2143375
4052,256.7213409722223
4053,258.44400625
4054,239.821376388889
4055,236.4230552083333
4056,984.9535451388903
4057,1240.0
4058,1240.0
4059,1240.0
4060,1240.0
4061,1240.0
4062,235.2526072916667
4063,237.7078357638889
4064,238.747196875
4065,239.0523378472222
4066,237.4431746527777
4067,235.5337958333333
4068,241.091945486111
4069,238.4655326388889
4070,240.5465864583333
4071,247.4153104166667
4072,251.2859041666667
4073,256.871548263889
4074,258.9305802083333
4075,256.6097204861111
4076,253.8393173611111
4077,258.0940135416667
4078,257.3127736111111
4079,261.1579083333335
4080,1149.317994791666
4081,1240.0
4082,1240.0
4083,1240.0
4084,1240.0
4085,1240.0
4086,1240.0
4087,267.87228125
4088,261.2218288194443
4089,260.8252086805556
4090,261.1061569444444
4091,257.2688541666667
4092,256.6950121527778
4093,258.5220704861111
4094,260.7192347222223
4095,262.4711784722222
4096,266.9563180555555
4097,269.5762979166667
4098,276.4715072916666
4099,280.9845263888888
4100,279.0471381944443
4101,274.3731267361111
4102,270.6915256944445
4103,272.9072791666666
4104,939.1198138888899
4105,1240.0
4106,1240.0
4107,1240.0
4108,1240.0
4109,1240.0
4110,1240.0
4111,268.3433434027776
4112,268.8160309027778
4113,268.7366767361111
4114,266.8353232638889
4115,270.4216229166667
4116,269.2567829861111
4117,270.1993881944445
4118,273.0366916666667
4119,263.8977434027777
4120,265.3086114583334
4121,252.9918854166667
4122,257.0568840277778
4123,259.8617260416667
4124,261.1210868055556
4125,261.2449288194445
4126,253.7191895833333
4127,259.1138690972222
4128,814.9325069444428
4129,1240.0
4130,1240.0
4131,1240.0
4132,1240.0
4133,1240.0
4134,261.9223843750001
4135,259.3080659722222
4136,258.1375006944444
4137,1240.0
4138,263.4248145833333
4139,271.70240625
4140,274.2104746527778
4141,273.7216777777778
4142,271.2223284722222
4143,268.3825364583334
4144,267.5893295138888
4145,266.9261118055555
4146,266.2114555555555
4147,265.8460319444445
4148,267.5671625
4149,267.3478934027777
4150,266.8478944444445
4151,265.432246875
4152,776.4683027777794
4153,1240.0
4154,1240.0
4155,1240.0
4156,1240.0
4157,1240.0
4158,253.6418270833333
4159,251.227267013889
4160,248.848484375
4161,1240.0
4162,251.5586927083334
4163,253.352776388889
4164,253.8855552083334
4165,254.9780107638889
4166,259.2254534722222
4167,259.7351847222222
4168,261.9716881944444
4169,266.0394899305556
4170,268.6131253472222
4171,265.2782038194445
4172,266.6811784722222
4173,264.7515618055555
4174,272.6203493055555
4175,272.5710395833334
4176,640.0792319444445
4177,1240.0
4178,1240.0
4179,1240.0
4180,1240.0
4181,1240.0
4182,1240.0
4183,268.7493520833333
4184,268.3216670138891
4185,269.6635291666666
4186,270.9876920138889
4187,269.3478454861112
4188,276.7281243055555
4189,277.4085868055554
4190,275.1524104166667
4191,279.9357166666667
4192,278.5152333333333
4193,277.3552322916667
4194,278.4190402777778
4195,277.0725222222222
4196,276.4551378472222
4197,273.8748138888889
4198,273.5497458333334
4199,278.0907756944445
4200,1109.199802430556
4201,1240.0
4202,1240.0
4203,1240.0
4204,1240.0
4205,1240.0
4206,1240.0
4207,275.3218493055556
4208,273.4281388888888
4209,272.1124284722223
4210,278.0276940972221
4211,288.3503465277777
4212,286.1272659722222
4213,278.6929416666666
4214,275.0227958333334
4215,283.7406489583334
4216,280.1518649305556
4217,278.3318614583334
4218,278.0216892361112
4219,270.7489229166666
4220,263.7258208333333
4221,267.8174319444444
4222,275.0316888888889
4223,275.4375385416666
4224,1151.572599305556
4225,1240.0
4226,1240.0
4227,1240.0
4228,1240.0
4229,1240.0
4230,260.5615159722222
4231,260.0568065972222
4232,257.2086111111111
4233,1240.0
4234,257.6852059027777
4235,261.1399875
4236,258.1127909722222
4237,255.8270704861112
4238,256.105726388889
4239,257.2568732638888
4240,256.87056875
4241,257.755878125
4242,257.8512027777778
4243,256.7822336805555
4244,254.339790625
4245,255.6042496527778
4246,250.2782510416666
4247,243.8699524305555
4248,596.5462347222249
4249,1240.0
4250,1240.0
4251,1240.0
4252,1240.0
4253,1240.0
4254,255.3782756944444
4255,254.4036458333333
4256,254.5399652777778
4257,1240.0
4258,254.720428125
4259,254.8400694444445
4260,254.9387034722222
4261,255.0709489583334
4262,255.1452663194445
4263,255.2539583333333
4264,256.0692479166667
4265,256.00835625
4266,256.6643749999999
4267,258.0803357638889
4268,255.9234607638889
4269,261.8854531250001
4270,262.4915659722222
4271,264.1506930555556
4272,509.4589638888894
4273,1240.0
4274,1240.0
4275,1240.0
4276,1240.0
4277,1240.0
4278,1240.0
4279,259.5485673611111
4280,261.4394114583333
4281,268.9448402777778
4282,265.1183538194445
4283,270.7985986111112
4284,271.366390625
4285,270.2214093750001
4286,275.184615625
4287,269.0887517361111
4288,264.6553631944445
4289,262.3569107638889
4290,263.9178833333334
4291,270.2175097222221
4292,267.0792937499999
4293,272.207628125
4294,278.0607625000001
4295,286.8641670138889
4296,856.5095739583335
4297,1240.0
4298,1240.0
4299,1240.0
4300,1240.0
4301,1240.0
4302,278.2823395833333
4303,277.7684590277778
4304,279.2656493055555
4305,1240.0
4306,285.7685645833333
4307,287.4891916666667
4308,283.6852434027778
4309,280.0144663194444
4310,272.0589135416667
4311,279.8576753472222
4312,275.3859618055556
4313,273.9120038194444
4314,269.4441072916668
4315,274.3376725694444
4316,271.7726260416666
4317,264.6255204861112
4318,262.3451517361111
4319,263.1958333333333
4320,1101.54974861111
4321,1240.0
4322,1240.0
4323,1240.0
4324,1240.0
4325,1240.0
4326,256.7749201388889
4327,256.1584211805555
4328,254.3961010416666
4329,1240.0
4330,265.2717673611111
4331,265.7883822916667
4332,268.3604868055555
4333,266.8370031249999
4334,265.7504625
4335,265.367211111111
4336,267.7759729166666
4337,263.601032638889
4338,265.5347791666667
4339,268.4963437500001
4340,275.4427340277778
4341,274.9657774305555
4342,278.5366642361111
4343,281.9695465277778
4344,761.1184618055538
4345,1240.0
4346,1240.0
4347,265.6545385416667
4348,1240.0
4349,1240.0
4350,1240.0
4351,263.1443166666667
4352,262.5280770833334
4353,259.9771635416666
4354,255.8233576388889
4355,263.2781138888889
4356,270.8231402777777
4357,1240.0
4358,266.023934375
4359,274.6215982638888
4360,276.5971059027778
4361,278.8825020833333
4362,281.8714375
4363,284.6086677083333
4364,281.3078708333334
4365,281.4688878472222
4366,272.95021875
4367,270.71963125
4368,939.0513079861119
4369,548.2321111111105
4370,265.9663631944445
4371,269.5027527777778
4372,265.3612989583334
4373,263.2377781250001
4374,251.7834142361112
4375,244.0213795138889
4376,243.0757774305555
4377,244.0523711805555
4378,254.7919805555555
4379,261.2940409722223
4380,266.6613447916666
4381,268.8571083333334
4382,268.7409618055555
4383,265.7920607638888
4384,265.0696399305556
4385,266.0710663194443
4386,267.3000020833333
4387,1240.0
4388,1240.0
4389,1240.0
4390,1240.0
4391,1240.0
4392,1240.0
4393,1240.0
4394,1240.0
4395,1240.0
4396,1240.0
4397,247.2020958333333
4398,248.8092121527777
4399,245.80365625
4400,246.453184375
4401,1240.0
4402,245.1100694444445
4403,245.2211805555555
4404,245.3322916666666
4405,245.4434027777778
4406,245.5545138888889
4407,245.665625
4408,245.7767361111111
4409,245.8878472222222
4410,245.9989583333333
4411,246.1100694444444
4412,246.2211805555555
4413,246.3322916666666
4414,246.4434027777778
4415,246.5545138888889
4416,1212.067056249998
4417,1240.0
4418,1240.0
4419,1240.0
4420,1240.0
4421,1240.0
4422,244.665625
4423,244.7767361111111
4424,244.8878472222222
4425,244.9989583333333
4426,245.1100694444445
4427,245.2211805555555
4428,245.3322916666666
4429,245.4434027777778
4430,245.5545138888889
4431,245.665625
4432,245.7767361111111
4433,245.8878472222222
4434,245.9989583333333
4435,246.1100694444444
4436,246.2211805555555
4437,246.3322916666666
4438,246.4434027777778
4439,246.5545138888889
4440,1158.468750000001
4441,1240.0
4442,1240.0
4443,1240.0
4444,1240.0
4445,244.6378472222222
4446,244.665625
4447,244.7767361111111
4448,244.8878472222222
4449,1240.0
4450,245.1100694444445
4451,245.2211805555555
4452,245.3322916666666
4453,245.4434027777778
4454,245.5545138888889
4455,245.665625
4456,245.7767361111111
4457,245.8878472222222
4458,245.9989583333333
4459,246.1100694444444
4460,246.2211805555555
4461,246.3322916666666
4462,246.4434027777778
4463,246.5545138888889
4464,1158.829861111112
4465,1240.0
4466,1240.0
4467,1240.0
4468,1240.0
4469,244.6378472222222
4470,244.665625
4471,244.7767361111111
4472,244.8878472222222
4473,1240.0
4474,245.1100694444445
4475,245.2211805555555
4476,245.3322916666666
4477,245.4434027777778
4478,245.5545138888889
4479,245.665625
4480,245.7767361111111
4481,245.8878472222222
4482,245.9989583333333
4483,246.1100694444444
4484,246.2211805555555
4485,246.3322916666666
4486,246.4434027777778
4487,246.5545138888889
4488,1158.829861111112
4489,1240.0
4490,1240.0
4491,1240.0
4492,1240.0
4493,244.6378472222222
4494,244.665625
4495,244.7767361111111
4496,244.8878472222222
4497,1240.0
4498,245.1100694444445
4499,245.2211805555555
4500,245.3322916666666
4501,245.4434027777778
4502,245.5545138888889
4503,245.7134951388889
4504,246.7168284722222
4505,246.8512388888889
4506,246.9477083333333
4507,246.8663194444444
4508,246.4279395833333
4509,246.285057986111
4510,246.1575809027778
4511,246.037361111111
4512,1161.064363194445
4513,1240.0
4514,1240.0
4515,1240.0
4516,1240.0
4517,1240.0
4518,244.2355555555555
4519,244.28695625
4520,244.4132173611111
4521,1240.0
4522,246.868925
4523,278.0538920138889
4524,274.4601392361111
4525,268.9052309027778
4526,273.7021635416668
4527,264.2667013888888
4528,254.5188088888889
4529,268.9571618055556
4530,263.5689118055555
4531,268.4726586805555
4532,268.0750225694445
4533,262.3136114583334
4534,255.9348486111111
4535,256.4823982638889
4536,448.8408061111101
4537,1240.0
4538,1240.0
4539,1240.0
4540,1240.0
4541,1240.0
4542,1240.0
4543,263.9399076388889
4544,263.1916430555555
4545,262.62149375
4546,263.4367791666666
4547,265.4770937500001
4548,277.6738197916666
4549,280.9866434027776
4550,268.9189458333333
4551,267.1567427083334
4552,277.3305652777778
4553,284.0372232638888
4554,281.9983701388888
4555,274.8862701388889
4556,271.8311885416667
4557,261.2849069444444
4558,261.4727072916667
4559,264.6534621527778
4560,853.5384531250027
4561,1240.0
4562,1240.0
4563,1240.0
4564,1240.0
4565,1240.0
4566,245.0371329861111
4567,243.2683107638889
4568,244.1326166666667
4569,1240.0
4570,249.5674861111112
4571,260.1996423611111
4572,265.6805079861112
4573,276.4830083333332
4574,272.1296996527778
4575,266.7989934027777
4576,266.8554864583333
4577,274.5553111111111
4578,274.324595486111
4579,279.0627079861111
4580,273.0054190972223
4581,271.484220486111
4582,265.2801406250001
4583,263.340079513889
4584,528.8148833333341
4585,1240.0
4586,1240.0
4587,1240.0
4588,1240.0
4589,1240.0
4590,1240.0
4591,247.8804184027777
4592,244.2386694444444
4593,243.4511913194445
4594,245.7517381944444
4595,253.6411486111111
4596,280.4990583333333
4597,279.1725361111111
4598,276.2645017361111
4599,270.4194416666667
4600,270.3780333333333
4601,266.0526222222222
4602,265.2406840277777
4603,265.5431493055556
4604,264.9090881944445
4605,262.7537399305556
4606,259.5134125
4607,263.0560409722223
4608,668.9962631944481
4609,1240.0
4610,1240.0
4611,1240.0
4612,1240.0
4613,1240.0
4614,245.319384375
4615,241.8660614583333
4616,229.3295958333333
4617,234.6644357638889
4618,231.2927204861111
4619,238.3417267361112
4620,251.4807131944445
4621,251.2723881944444
4622,251.0860899305556
4623,250.2071972222222
4624,254.1441204861111
4625,250.745160763889
4626,243.5582048611112
4627,241.6391548611111
4628,246.7407559027778
4629,241.8318416666666
4630,242.7584024305555
4631,239.9757777777778
4632,1174.122252777778
4633,1240.0
4634,1240.0
4635,1240.0
4636,1240.0
4637,238.0765503472223
4638,236.5565642361111
4639,236.9860899305556
4640,237.7675114583334
4641,1240.0
4642,240.3863055555556
4643,242.8255003472223
4644,241.4777072916667
4645,244.0196427083333
4646,248.1892940972223
4647,247.4158211805556
4648,245.8425590277778
4649,249.4303802083334
4650,250.550846875
4651,249.2543631944444
4652,247.8010309027778
4653,246.9060996527778
4654,246.8429152777778
4655,246.2879184027778
4656,1041.030680555558
4657,1240.0
4658,1240.0
4659,1240.0
4660,1240.0
4661,1240.0
4662,230.5647458333333
4663,229.1227447916666
4664,231.9864013888889
4665,225.3379857638889
4666,229.9252305555556
4667,227.5635059027777
4668,232.6528836805556
4669,237.0468638888889
4670,241.4677076388889
4671,243.2848381944444
4672,245.4527184027778
4673,243.1649628472223
4674,243.2402989583333
4675,243.098059375
4676,242.008715625
4677,243.5370930555555
4678,240.5328128472223
4679,238.8653361111111
4680,858.6177923611114
4681,1240.0
4682,1240.0
4683,1240.0
4684,1240.0
4685,1240.0
4686,222.7826298611111
4687,222.9084697916668
4688,221.397048263889
4689,224.1099302083333
4690,226.5371197916667
4691,226.1888451388889
4692,229.0184732638889
4693,234.5989927083334
4694,237.2443972222222
4695,242.3047125000001
4696,245.5889815972222
4697,245.203401388889
4698,246.3864708333334
4699,236.5759017361111
4700,242.89778125
4701,240.6429631944445
4702,242.3201413194445
4703,234.7244670138889
4704,875.5657562500021
4705,1240.0
4706,1240.0
4707,1240.0
4708,1240.0
4709,1240.0
4710,1240.0
4711,1240.0
4712,306.8683086805555
4713,307.2116454861111
4714,307.1008444444445
4715,308.3024038194445
4716,299.3381329861111
4717,296.6697100694445
4718,290.2446055555556
4719,294.6483902777778
4720,300.6516336805556
4721,298.2812482638888
4722,297.1698829861111
4723,302.8480940972223
4724,303.3422906250001
4725,301.5105784722223
4726,294.671828125
4727,308.7171635416667
4728,1076.995634722223
4729,1240.0
4730,1240.0
4731,1240.0
4732,1240.0
4733,1240.0
4734,1240.0
4735,303.4237142361111
4736,310.3455333333334
4737,1240.0
4738,302.1965510416667
4739,307.5436076388889
4740,307.9652440972222
4741,302.6754065972223
4742,303.8438649305556
4743,296.6049652777778
4744,290.2082527777778
4745,291.0125927083334
4746,290.4426958333334
4747,287.0932631944445
4748,284.3619475694445
4749,283.0933468750001
4750,279.8055333333334
4751,285.1238194444445
4752,960.1567236111093
4753,1240.0
4754,1240.0
4755,1240.0
4756,1240.0
4757,1240.0
4758,1240.0
4759,1240.0
4760,295.8521416666666
4761,290.8469784722223
4762,293.629664236111
4763,294.3273159722222
4764,293.4694333333334
4765,292.1821177083332
4766,288.9402677083332
4767,281.8839336805555
4768,298.8020024305555
4769,297.7236097222222
4770,293.2954440972222
4771,297.6196545138889
4772,297.3214493055555
4773,296.8672791666667
4774,297.8731597222222
4775,300.9561833333334
4776,763.5003677083353
4777,1240.0
4778,1240.0
4779,1240.0
4780,1240.0
4781,1240.0
4782,1240.0
4783,1240.0
4784,282.2960395833333
4785,278.2254982638889
4786,279.69315
4787,283.7072201388888
4788,294.0328024305555
4789,288.5230899305556
4790,289.9058246527779
4791,289.9509878472222
4792,285.427579861111
4793,289.48761875
4794,295.7895378472222
4795,301.2902663194444
4796,299.8761437499999
4797,295.9290996527777
4798,299.1058236111111
4799,296.7238548611111
4800,667.9677729166667
4801,1240.0
4802,1240.0
4803,1240.0
4804,1240.0
4805,1240.0
4806,1240.0
4807,291.1057493055555
4808,295.3642711805556
4809,1240.0
4810,305.1186802083334
4811,305.1175
4812,303.0310319444444
4813,303.2688190972223
4814,304.7588736111111
4815,304.9829173611112
4816,303.015865625
4817,298.0593454861112
4818,295.2074545138889
4819,295.7767694444445
4820,297.3054065972223
4821,299.4979899305557
4822,297.704979861111
4823,298.7451020833334
4824,795.3800416666659
4825,1240.0
4826,1240.0
4827,1240.0
4828,1240.0
4829,1240.0
4830,1240.0
4831,1240.0
4832,298.3168284722223
4833,297.4202427083333
4834,299.0792499999999
4835,305.9549770833333
4836,305.4790378472222
4837,303.8726725694444
4838,310.8600604166666
4839,313.2516298611112
4840,312.0925243055555
4841,310.2033927083334
4842,312.4255076388888
4843,311.2931336805556
4844,312.6602072916667
4845,317.2958350694445
4846,316.8382302083333
4847,316.9860072916666
4848,1139.123341319443
4849,1240.0
4850,1240.0
4851,1240.0
4852,1240.0
4853,1240.0
4854,1240.0
4855,1240.0
4856,315.64946875
4857,318.0743968749999
4858,316.751690625
4859,314.5053131944444
4860,315.1777541666665
4861,309.4032302083332
4862,312.9849458333334
4863,315.6471833333334
4864,310.6792020833334
4865,310.4189326388889
4866,303.9967572916667
4867,303.5358444444445
4868,299.8892625
4869,294.3938052083333
4870,299.0706840277777
4871,297.2900211805555
4872,1123.400218055554
4873,1240.0
4874,1240.0
4875,1240.0
4876,1240.0
4877,1240.0
4878,1240.0
4879,294.5417225694446
4880,293.7696552083333
4881,1240.0
4882,298.231585763889
4883,302.9807749999999
4884,311.450484375
4885,305.4210770833333
4886,312.8182861111111
4887,311.0546909722222
4888,306.899353125
4889,303.9757909722223
4890,293.3216656249999
4891,307.5271618055555
4892,308.37695625
4893,309.8886586805555
4894,315.0219513888888
4895,314.0482194444445
4896,1073.241190625004
4897,1240.0
4898,1240.0
4899,1240.0
4900,1240.0
4901,1240.0
4902,1240.0
4903,1240.0
4904,293.939490625
4905,295.46634375
4906,298.8477909722222
4907,290.0406256944443
4908,289.1428906249999
4909,290.4390506944445
4910,284.9647329861111
4911,278.3956340277778
4912,286.1168645833334
4913,301.4201989583333
4914,298.1580996527777
4915,291.2718638888888
4916,290.3036017361111
4917,285.5151270833333
4918,288.3262048611111
4919,291.7951142361111
4920,806.8951093749967
4921,1240.0
4922,1240.0
4923,1240.0
4924,1240.0
4925,1240.0
4926,1240.0
4927,287.5721319444444
4928,285.2731711805555
4929,1240.0
4930,302.8102118055555
4931,310.0038451388889
4932,302.7015395833333
4933,300.6471548611111
4934,298.2325916666667
4935,293.0078138888888
4936,283.4573854166667
4937,283.0658559027777
4938,285.294723263889
4939,287.9475461805555
4940,279.4320604166666
4941,275.7182517361111
4942,281.3271996527777
4943,283.1719565972222
4944,615.4313774305542
4945,1240.0
4946,1240.0
4947,1240.0
4948,1240.0
4949,1240.0
4950,284.5462704861111
4951,280.0564850694445
4952,275.576235763889
4953,1240.0
4954,273.5363329861111
4955,272.3790072916666
4956,267.8160041666666
4957,268.6879534722222
4958,267.8596093749999
4959,260.5725822916666
4960,264.1335416666667
4961,277.5648423611111
4962,275.7117361111112
4963,274.2301402777778
4964,278.1042940972222
4965,278.9431375
4966,275.9844329861111
4967,271.4137986111111
4968,1214.217753819443
4969,1240.0
4970,1240.0
4971,1240.0
4972,1240.0
4973,1240.0
4974,264.7823052083333
4975,257.8972107638889
4976,255.9399666666667
4977,1240.0
4978,257.3260996527778
4979,261.9340944444444
4980,262.2318524305556
4981,264.3810197916667
4982,264.5919465277778
4983,265.8110791666666
4984,264.8057631944444
4985,259.05160625
4986,255.4536583333333
4987,252.6169211805556
4988,258.5156364583332
4989,257.654190625
4990,259.8165993055555
4991,260.2275371527778
4992,702.8710315972208
4993,1240.0
4994,1240.0
4995,1240.0
4996,1240.0
4997,1240.0
4998,1240.0
4999,263.54553125
5000,257.9953340277778
5001,256.5543513888888
5002,254.5795364583333
5003,249.9243649305556
5004,248.2057048611111
5005,255.9880434027778
5006,277.224375
5007,285.9483319444444
5008,284.8204170138888
5009,280.5128142361111
5010,281.6064156250001
5011,275.3316680555555
5012,273.1992361111111
5013,277.4846159722222
5014,279.7576607638889
5015,286.2333670138888
5016,937.6880187499984
5017,1240.0
5018,1240.0
5019,1240.0
5020,1240.0
5021,1240.0
5022,1240.0
5023,257.5302888888888
5024,256.057732638889
5025,250.9824211805556
5026,247.7807982638888
5027,255.3073590277778
5028,261.2731725694444
5029,269.6900454861111
5030,268.589120486111
5031,275.4084472222223
5032,272.5117472222223
5033,279.0020934027777
5034,273.8854052083333
5035,276.1925704861112
5036,278.1604413194444
5037,264.5076732638889
5038,269.4371388888889
5039,281.430290625
5040,884.7889767361098
5041,1240.0
5042,1240.0
5043,1240.0
5044,1240.0
5045,1240.0
5046,278.7298951388889
5047,268.7603444444445
5048,262.3516645833333
5049,1240.0
5050,263.0718170138888
5051,268.7001138888889
5052,267.6171395833333
5053,261.6201993055556
5054,269.5838326388889
5055,270.7554756944446
5056,274.0390145833334
5057,277.6435190972222
5058,267.1891562499999
5059,266.1189135416667
5060,265.4429614583333
5061,259.0979416666667
5062,264.9753951388889
5063,274.2991336805556
5064,1074.038394097224
5065,1240.0
5066,1240.0
5067,1240.0
5068,1240.0
5069,1240.0
5070,261.4075690972222
5071,260.4544541666667
5072,251.6012041666667
5073,1240.0
5074,253.7015736111111
5075,259.6915743055555
5076,268.5341930555555
5077,269.7860413194445
5078,271.1678788194445
5079,276.8045861111111
5080,276.1575361111111
5081,277.1430430555556
5082,264.9056361111111
5083,273.5543506944443
5084,277.1347916666667
5085,279.1553697916667
5086,289.6599552083334
5087,287.2317704861111
5088,931.5582076388878
5089,1240.0
5090,1240.0
5091,1240.0
5092,1240.0
5093,1240.0
5094,1240.0
5095,289.6571618055555
5096,282.9599888888889
5097,1240.0
5098,278.9106711805556
5099,276.1723527777777
5100,284.1678097222222
5101,291.2813635416666
5102,289.2337253472223
5103,295.1996666666667
5104,300.9995815972222
5105,294.3469680555555
5106,301.4092152777778
5107,302.8086232638889
5108,305.0772131944445
5109,304.5891784722221
5110,305.5427305555554
5111,300.845290625
5112,799.0258222222187
5113,1240.0
5114,1240.0
5115,1240.0
5116,1240.0
5117,1240.0
5118,1240.0
5119,289.1691694444444
5120,288.2192340277778
5121,1240.0
5122,301.9804958333334
5123,311.2190642361111
5124,300.174721875
5125,301.3661013888888
5126,300.282234375
5127,296.2706336805555
5128,290.4237958333333
5129,290.2247680555556
5130,293.5018131944445
5131,306.9539940972222
5132,305.2501020833333
5133,307.0533559027778
5134,304.492257986111
5135,308.2177065972222
5136,994.0361951388902
5137,1240.0
5138,1240.0
5139,1240.0
5140,1240.0
5141,1240.0
5142,1240.0
5143,301.7028003472222
5144,300.4520253472222
5145,299.5891791666667
5146,299.256978125
5147,301.3590329861111
5148,303.3284381944445
5149,1240.0
5150,302.3787291666667
5151,304.3418892361111
5152,295.8551763888889
5153,290.4856361111111
5154,288.9565520833332
5155,287.0688215277778
5156,295.9486086805555
5157,307.1785100694444
5158,305.442915625
5159,304.7345020833333
5160,1088.893125000001
5161,1240.0
5162,1240.0
5163,1240.0
5164,1240.0
5165,1240.0
5166,1240.0
5167,294.3964579861112
5168,289.0358361111111
5169,288.7471743055556
5170,287.3531743055555
5171,288.9084149305556
5172,292.8937166666666
5173,1240.0
5174,302.8832753472223
5175,306.4292121527777
5176,312.6744822916666
5177,313.620395486111
5178,307.3115260416668
5179,303.2003704861111
5180,304.6770600694445
5181,307.6587388888889
5182,307.762084375
5183,309.0684222222222
5184,1004.55355
5185,1240.0
5186,1240.0
5187,1240.0
5188,1240.0
5189,1240.0
5190,1240.0
5191,1240.0
5192,292.6402454861111
5193,293.8188902777777
5194,289.1674076388888
5195,290.3502548611111
5196,275.279073611111
5197,271.4957531250001
5198,272.2387256840277
5199,267.2159938611111
5200,278.9667388888889
5201,277.1368055555556
5202,277.2479166666666
5203,277.3590277777778
5204,277.4701388888889
5205,277.58125
5206,277.692361111111
5207,277.8034722222222
5208,508.6937667673616
5209,1240.0
5210,1240.0
5211,1240.0
5212,1240.0
5213,1240.0
5214,1240.0
5215,276.0256944444444
5216,276.1368055555556
5217,276.5777895833334
5218,275.87599375
5219,267.969326736111
5220,267.3182062499999
5221,273.2203572916666
5222,272.2363065972222
5223,267.0910999999999
5224,263.2213305555555
5225,262.0349809027778
5226,272.0916645833333
5227,271.2509756944444
5228,275.2877083333333
5229,289.8555440972223
5230,290.8447420138889
5231,299.8873736111111
5232,1153.13714722222
5233,1240.0
5234,1240.0
5235,1240.0
5236,1240.0
5237,1240.0
5238,1240.0
5239,265.4412503472221
5240,262.6752996527778
5241,267.4698152777777
5242,265.1694545138888
5243,275.8946753472223
5244,271.8620708333333
5245,1240.0
5246,273.4729142361111
5247,283.9063302083333
5248,279.6593302083334
5249,282.7488402777777
5250,279.7585680555554
5251,279.8367013888889
5252,281.3755215277778
5253,295.1139034722221
5254,307.920845138889
5255,310.924929861111
5256,467.2746038194468
5257,1240.0
5258,1240.0
5259,1240.0
5260,1240.0
5261,1240.0
5262,1240.0
5263,301.8763284722222
5264,299.5799138888888
5265,297.8683913194443
5266,295.0916232638888
5267,301.4849538194444
5268,305.5390072916666
5269,1240.0
5270,305.8415635416666
5271,300.9059135416667
5272,295.7871899305556
5273,284.6369232638889
5274,295.9451121527777
5275,326.959735763889
5276,327.3564131944445
5277,321.2004506944444
5278,326.3732177083334
5279,325.2954649305556
5280,1226.10770208333
5281,1240.0
5282,1240.0
5283,1240.0
5284,1240.0
5285,1240.0
5286,1240.0
5287,1240.0
5288,1240.0
5289,315.9208666666667
5290,317.6544805555555
5291,322.2408378472222
5292,323.8347781250001
5293,331.8041430555555
5294,305.8811607638889
5295,293.5170694444445
5296,299.9841218750001
5297,298.535115625
5298,301.9467361111111
5299,307.2935447916667
5300,306.4015399305556
5301,305.0526034722221
5302,302.9413090277778
5303,299.5727756944445
5304,547.4312996527769
5305,1240.0
5306,1240.0
5307,1240.0
5308,1240.0
5309,1240.0
5310,1240.0
5311,296.0831225694445
5312,293.1213635416667
5313,1240.0
5314,290.8929041666668
5315,288.7726975694445
5316,290.2870715277778
5317,292.7698013888888
5318,302.9550809027778
5319,307.8747427083333
5320,308.3441215277778
5321,312.1347552083333
5322,314.48036875
5323,315.9867295138889
5324,317.6313440972223
5325,315.9995131944444
5326,307.8627847222222
5327,314.3904392361111
5328,1058.001830902779
5329,1240.0
5330,1240.0
5331,1240.0
5332,1240.0
5333,1240.0
5334,1240.0
5335,1240.0
5336,1240.0
5337,309.6662715277778
5338,312.8130784722222
5339,311.7565861111111
5340,318.6211118055555
5341,320.034270138889
5342,313.9060621527778
5343,311.6015062500001
5344,315.5192017361113
5345,316.035425
5346,311.6117128472222
5347,316.3957885416667
5348,324.0091756944445
5349,327.1964684027778
5350,312.5525614583334
5351,316.7817934027779
5352,468.8689885416681
5353,1240.0
5354,1240.0
5355,1240.0
5356,1240.0
5357,1240.0
5358,1240.0
5359,1240.0
5360,1240.0
5361,320.6703506944444
5362,319.2443895833334
5363,316.1888
5364,316.3458708333333
5365,315.6080440972222
5366,315.0026218749999
5367,309.8912878472221
5368,308.830336111111
5369,306.6903944444446
5370,318.2241923611111
5371,319.3843756944445
5372,322.7564031249999
5373,318.8893059027779
5374,321.8669090277777
5375,325.6395947916666
5376,674.1261048611095
5377,1240.0
5378,1240.0
5379,1240.0
5380,1240.0
5381,1240.0
5382,1240.0
5383,1240.0
5384,308.98644375
5385,1240.0
5386,303.1675809027778
5387,312.2638062500001
5388,320.3543743055554
5389,319.5471618055556
5390,323.3800680555555
5391,320.9823156250001
5392,322.7887503472222
5393,319.1964048611111
5394,319.6409486111111
5395,323.5645020833334
5396,320.8102652777777
5397,329.9681131944445
5398,334.2639347222222
5399,336.4547336805555
5400,759.5054895833307
5401,1240.0
5402,1240.0
5403,1240.0
5404,1240.0
5405,1240.0
5406,1240.0
5407,1240.0
5408,1240.0
5409,320.1211107638889
5410,321.8952083333334
5411,318.2297805555556
5412,331.1945947916666
5413,335.5673104166667
5414,337.4167809027776
5415,330.0997097222223
5416,321.0509020833334
5417,331.7013875
5418,321.5178253472222
5419,325.9484732638889
5420,312.7003100694444
5421,302.6472444444445
5422,306.8721520833334
5423,298.2529045138889
5424,682.8275315972242
5425,1240.0
5426,1240.0
5427,1240.0
5428,1240.0
5429,1240.0
5430,253.2474083333334
5431,251.5964822916666
5432,247.2560319444444
5433,1240.0
5434,244.8991086805556
5435,251.5012371527778
5436,268.27301875
5437,288.6035083333333
5438,286.1734079861111
5439,277.9358607638889
5440,279.2434711805555
5441,267.9804048611111
5442,264.7717805555555
5443,266.3202802083333
5444,261.1888204861111
5445,266.7681034722222
5446,267.6778607638889
5447,260.3891798611111
5448,696.284353124999
5449,1240.0
5450,1240.0
5451,1240.0
5452,1240.0
5453,1240.0
5454,1240.0
5455,270.1835555555555
5456,269.3843649305556
5457,268.1337190972222
5458,268.1243878472222
5459,263.6552243055556
5460,266.3383458333333
5461,279.6901927083333
5462,284.5357652777778
5463,285.8443979166667
5464,294.3622347222222
5465,294.3760746527778
5466,291.8814357638888
5467,291.0804642361111
5468,293.4696156250001
5469,288.5882065972223
5470,282.479863888889
5471,275.3776940972223
5472,1094.61922361111
5473,1240.0
5474,1240.0
5475,1240.0
5476,1240.0
5477,1240.0
5478,245.6320736111112
5479,244.6317246527777
5480,244.2629871527778
5481,242.8071069444444
5482,242.5982770833334
5483,241.3272576388889
5484,239.2578465277778
5485,238.9815395833334
5486,233.0586913194444
5487,235.1338916666666
5488,235.7454743055555
5489,239.1301034722222
5490,241.9059156250001
5491,244.0574982638889
5492,246.3165409722222
5493,245.5710746527778
5494,246.9553364583333
5495,250.3609704861111
5496,1211.800683333335
5497,1240.0
5498,1240.0
5499,1240.0
5500,1240.0
5501,1240.0
5502,1240.0
5503,233.3046527777778
5504,233.0631013888888
5505,235.4628236111112
5506,239.5063083333332
5507,242.8583427083333
5508,245.8787229166666
5509,240.3592125
5510,243.879053125
5511,285.426425
5512,316.7072586805555
5513,318.0298954861112
5514,323.9903628472222
5515,264.1829177083333
5516,260.1798503472222
5517,262.8140822916666
5518,259.8700246527778
5519,262.3638305555555
5520,483.8509357638877
5521,1240.0
5522,1240.0
5523,1240.0
5524,1240.0
5525,1240.0
5526,1240.0
5527,254.0930003472222
5528,252.2235979166666
5529,245.5301145833333
5530,236.9665045138888
5531,248.6784135416667
5532,261.9263774305556
5533,261.6039805555556
5534,266.8686697916665
5535,271.171871875
5536,270.3838895833334
5537,274.7191763888889
5538,274.5529996527778
5539,295.9549659722223
5540,299.6525395833333
5541,291.9067927083333
5542,291.248923611111
5543,287.6675256944443
5544,788.1318486111102
5545,1240.0
5546,1240.0
5547,1240.0
5548,1240.0
5549,1240.0
5550,1240.0
5551,272.4208559027778
5552,270.8461934027778
5553,266.8160065972222
5554,263.5239920138889
5555,261.7848375
5556,266.9478034722222
5557,274.3954288194444
5558,277.1835864583334
5559,277.0056951388888
5560,279.9409027777778
5561,273.6354729166667
5562,265.3361684027777
5563,273.716251388889
5564,276.2614934027777
5565,272.8298152777778
5566,267.1197100694444
5567,267.0306840277777
5568,1010.940405208332
5569,1240.0
5570,1240.0
5571,1240.0
5572,1240.0
5573,1240.0
5574,253.4684253472223
5575,252.576295138889
5576,252.3554982638888
5577,1240.0
5578,251.0545246527778
5579,253.517014236111
5580,256.2531006944445
5581,260.5510895833334
5582,262.4709597222222
5583,262.0105565972223
5584,260.5190274305555
5585,267.0647569444444
5586,271.2816434027779
5587,270.7980690972223
5588,269.030520138889
5589,266.0541225694445
5590,264.3784954861111
5591,271.1414267361111
5592,586.9973753472257
5593,1240.0
5594,1240.0
5595,1240.0
5596,1240.0
5597,1240.0
5598,255.476435763889
5599,254.7435711805556
5600,253.1509600694445
5601,1240.0
5602,249.581746875
5603,256.0377225694444
5604,255.3244715277778
5605,247.1522215277778
5606,252.69993125
5607,257.9122916666666
5608,252.1067013888889
5609,258.2229972222222
5610,258.7734729166667
5611,266.5751628472221
5612,265.4604847222222
5613,262.1977559027778
5614,265.250345138889
5615,268.6848864583333
5616,602.7820000000047
5617,1240.0
5618,1240.0
5619,258.013865625
5620,1240.0
5621,1240.0
5622,1240.0
5623,261.409015625
5624,261.9452302083334
5625,263.5454163194445
5626,264.5667038194444
5627,263.8523010416666
5628,271.4586888888889
5629,1240.0
5630,275.8379979166666
5631,280.4028333333334
5632,286.1033184027779
5633,286.3442934027778
5634,288.5737947916667
5635,284.80028125
5636,285.4990760416666
5637,263.7548152777779
5638,260.8612961805556
5639,258.3581232638888
5640,933.5357624999991
5641,1240.0
5642,1240.0
5643,1240.0
5644,1240.0
5645,1240.0
5646,278.0002041666667
5647,277.3590135416666
5648,277.7732631944445
5649,1240.0
5650,277.9258486111111
5651,278.4917284722222
5652,280.4883687499999
5653,281.9281340277778
5654,280.9717128472221
5655,278.2300795138888
5656,271.1425593749999
5657,272.8900475694444
5658,286.3734124999999
5659,290.001976736111
5660,289.9908708333333
5661,287.8192253472222
5662,265.4697128472223
5663,266.3342711805555
5664,1144.419832986111
5665,1240.0
5666,1240.0
5667,1240.0
5668,1240.0
5669,1240.0
5670,256.5181215277777
5671,258.4984704861111
5672,256.9672229166666
5673,1240.0
5674,256.8315645833334
5675,258.6592604166667
5676,243.7515524305556
5677,225.858054861111
5678,233.2781850694445
5679,246.0072131944445
5680,246.5054850694444
5681,260.6539465277777
5682,270.4720493055556
5683,266.0753211805555
5684,260.9714934027778
5685,251.9052420138889
5686,252.6981232638888
5687,256.1507413194444
5688,595.0724211805574
5689,1240.0
5690,1240.0
5691,1240.0
5692,1240.0
5693,1240.0
5694,252.3791170138889
5695,257.7482055555556
5696,256.4405197916667
5697,1240.0
5698,254.1284125
5699,257.8207635416666
5700,264.2778833333334
5701,265.5970850694444
5702,251.1210979166667
5703,261.2107628472222
5704,257.0172329861111
5705,258.6144902777778
5706,249.8970847222222
5707,254.1160062499999
5708,251.9070590277777
5709,245.6842600694444
5710,238.6582309027778
5711,243.0417711805556
5712,460.8398684027817
5713,1240.0
5714,1240.0
5715,1240.0
5716,1240.0
5717,1240.0
5718,256.4810774305556
5719,250.7281934027777
5720,246.1264913194444
5721,1240.0
5722,241.9827086805556
5723,246.2698718749999
5724,243.4104732638888
5725,257.6490718749999
5726,252.5174895833333
5727,257.6467124999999
5728,271.6511784722222
5729,272.2012729166667
5730,273.38705
5731,273.8263756944444
5732,278.7105208333333
5733,284.6110173611111
5734,283.4512763888889
5735,278.9133579861111
5736,632.1611715277764
5737,1240.0
5738,1240.0
5739,1240.0
5740,1240.0
5741,1240.0
5742,1240.0
5743,284.9597118055555
5744,281.6716444444445
5745,1240.0
5746,293.9925913194445
5747,295.737409375
5748,293.5941559027777
5749,287.056628125
5750,280.9726055555555
5751,285.6827065972222
5752,285.3571274305556
5753,283.8848302083334
5754,281.4325826388889
5755,286.808795138889
5756,288.5672329861111
5757,290.8617982638889
5758,289.226017013889
5759,275.8267357638889
5760,311.5492086805548
5761,1240.0
5762,1240.0
5763,1240.0
5764,1240.0
5765,1240.0
5766,1240.0
5767,282.0797222222223
5768,281.9460072916667
5769,282.5218170138888
5770,281.7618413194445
5771,303.8075114583334
5772,323.2790027777777
5773,1240.0
5774,314.8198840277778
5775,291.9977819444443
5776,284.3495579861111
5777,281.378635763889
5778,289.5706701388888
5779,293.9274767361111
5780,282.9621975694445
5781,278.0103795138889
5782,265.6256711805555
5783,262.4880895833334
5784,373.1406680555579
5785,1240.0
5786,1240.0
5787,1240.0
5788,1240.0
5789,1240.0
5790,249.896989236111
5791,246.7275826388889
5792,246.5987041666667
5793,1240.0
5794,247.1146437500001
5795,253.1111329861112
5796,259.841721875
5797,269.5634458333333
5798,259.2167920138889
5799,246.4827336805556
5800,254.1420854166668
5801,245.8981579861111
5802,263.4590368055555
5803,278.3997795138889
5804,267.4072559027777
5805,256.7760541666667
5806,249.9606003472223
5807,248.0260184027778
5808,381.5555569444447
5809,1240.0
5810,1240.0
5811,1240.0
5812,1240.0
5813,252.2629899305555
5814,252.7889496527778
5815,251.3496194444444
5816,247.5754628472222
5817,1240.0
5818,243.924259375
5819,244.4710413194444
5820,241.2555479166666
5821,241.754201388889
5822,246.0198489583333
5823,253.6671090277778
5824,247.5461559027778
5825,238.5216690972223
5826,236.9018041666666
5827,241.3921624999999
5828,239.2666093750001
5829,243.3128916666668
5830,248.4104142361111
5831,250.5822458333334
5832,1220.174866666668
5833,1240.0
5834,1240.0
5835,1240.0
5836,1240.0
5837,245.034817013889
5838,241.9571305555556
5839,248.5698274305556
5840,232.1997809027778
5841,1240.0
5842,227.1922930555556
5843,230.758471875
5844,230.1407041666668
5845,222.9956371527778
5846,224.3662715277778
5847,228.9192704861111
5848,225.8447111111111
5849,226.193132986111
5850,232.4753222222222
5851,233.9091083333333
5852,237.2417927083334
5853,247.939384375
5854,247.5245621527778
5855,252.9769097222222
5856,835.2935076388901
5857,1240.0
5858,1240.0
5859,1240.0
5860,1240.0
5861,1240.0
5862,1240.0
5863,241.4797927083333
5864,240.722996875
5865,242.0217
5866,240.2372208333333
5867,235.3544100694444
5868,235.8078708333333
5869,241.4567961805555
5870,233.9717972222222
5871,246.4305333333334
5872,267.7105270833334
5873,270.5841208333333
5874,257.4329753472223
5875,247.9469663194445
5876,266.9409013888889
5877,264.7729506944444
5878,258.2939916666667
5879,249.4544899305556
5880,339.7673822916645
5881,1240.0
5882,1240.0
5883,1240.0
5884,1240.0
5885,1240.0
5886,255.9373152777779
5887,256.7669940972223
5888,255.4339718749999
5889,1240.0
5890,247.212421875
5891,244.8897805555555
5892,242.0413302083333
5893,244.9799770833333
5894,256.8703815972223
5895,259.2908559027778
5896,256.5358590277778
5897,269.5430677083333
5898,264.4144114583334
5899,275.5702097222222
5900,274.5600565972222
5901,266.2225576388889
5902,268.3666322916667
5903,268.4115402777778
5904,628.1631020833353
5905,1240.0
5906,1240.0
5907,1240.0
5908,1240.0
5909,1240.0
5910,277.2182416666667
5911,262.1926409722223
5912,250.478878125
5913,1240.0
5914,243.0690850694445
5915,254.8284840277777
5916,264.0513857638888
5917,260.7218156250001
5918,256.2143274305556
5919,255.6095465277778
5920,267.878586111111
5921,269.5868631944444
5922,263.8667045138889
5923,265.3818385416666
5924,265.3838399305556
5925,254.7851052083334
5926,263.0348159722222
5927,267.8649777777778
5928,847.6833781250023
5929,1240.0
5930,1240.0
5931,1240.0
5932,1240.0
5933,1240.0
5934,1240.0
5935,278.7528590277776
5936,263.0179843749999
5937,258.1612746527778
5938,252.4549902777778
5939,252.4171388888889
5940,257.8440302083333
5941,263.1702072916667
5942,270.3959284722222
5943,277.1162059027778
5944,274.5696177083334
5945,277.6750479166668
5946,282.70776875
5947,279.9653670138889
5948,279.7837861111111
5949,277.2770461805554
5950,276.6286
5951,273.36726875
5952,1092.549607638886
5953,1240.0
5954,1240.0
5955,1240.0
5956,1240.0
5957,1240.0
5958,1240.0
5959,270.724638888889
5960,260.042382638889
5961,1240.0
5962,255.6533909722222
5963,261.2746871527778
5964,264.0073378472222
5965,277.4583697916667
5966,293.7733458333333
5967,292.3618982638889
5968,328.2063322916666
5969,309.770984375
5970,302.7276357638888
5971,294.6110267361111
5972,300.8088065972222
5973,302.6395635416665
5974,302.9988065972222
5975,296.7542364583333
5976,390.1536180555545
5977,1240.0
5978,1240.0
5979,1240.0
5980,1240.0
5981,1240.0
5982,256.7668965277778
5983,258.1015024305556
5984,257.1440618055557
5985,1240.0
5986,255.5194579861111
5987,258.4533927083334
5988,264.7099885416667
5989,265.088590625
5990,266.9928038194445
5991,264.8445847222222
5992,267.1372354166667
5993,270.5519118055555
5994,265.8514121527778
5995,263.3082652777778
5996,264.3609947916666
5997,262.6965725694445
5998,265.20515
5999,262.3570802083333
6000,813.344026388889
6001,1240.0
6002,1240.0
6003,253.9127982638888
6004,1240.0
6005,1240.0
6006,1240.0
6007,247.2881475694444
6008,244.8606034722222
6009,240.0355895833333
6010,238.0563204861112
6011,237.9470489583333
6012,234.7439010416667
6013,1240.0
6014,255.7315489583333
6015,263.3902621527777
6016,266.5195006944444
6017,276.7092368055556
6018,286.0306829861111
6019,286.9507520833333
6020,284.3375815972221
6021,278.1536114583332
6022,273.1539267361111
6023,275.7294666666667
6024,589.6845559027768
6025,1240.0
6026,1240.0
6027,268.7021975694445
6028,1240.0
6029,1240.0
6030,1240.0
6031,260.2723479166667
6032,256.3920180555556
6033,269.7355923611111
6034,276.4785256944445
6035,283.432429513889
6036,303.088659375
6037,1240.0
6038,267.7698052083333
6039,270.5103489583333
6040,275.2134482638888
6041,281.4538795138889
6042,280.481413888889
6043,278.8741541666666
6044,281.5463291666666
6045,268.8201625
6046,267.7206354166668
6047,269.2760104166667
6048,1050.780125347219
6049,266.3676968749999
6050,1240.0
6051,274.2228249999999
6052,1240.0
6053,1240.0
6054,275.3674666666666
6055,275.8667572916667
6056,1240.0
6057,1037.468770486111
6058,265.4235291666667
6059,256.9776868055556
6060,257.3317107638889
6061,261.4189895833333
6062,258.4301166666667
6063,268.1085520833333
6064,274.7397124999999
6065,271.9015729166667
6066,282.4360753472222
6067,285.3543506944445
6068,282.4464444444445
6069,280.313128125
6070,1240.0
6071,1240.0
6072,280.8374319444445
6073,279.7074878472222
6074,1240.0
6075,287.1563545138889
6076,1240.0
6077,1240.0
6078,281.5398131944444
6079,281.3144329861111
6080,1240.0
6081,1240.0
6082,297.1196982638889
6083,302.4761833333333
6084,289.0446854166665
6085,286.9140354166666
6086,282.6353340277778
6087,279.4719086805555
6088,270.4084607638889
6089,268.0830201388889
6090,302.357956180557
6091,271.3110167708334
6092,280.5027315972223
6093,281.2464687500001
6094,1240.0
6095,1240.0
6096,285.6108467013889
6097,1240.0
6098,1240.0
6099,1240.0
6100,1240.0
6101,261.11060265625
6102,257.7600791666667
6103,253.7430104166666
6104,232.3680896180556
6105,1240.0
6106,131.4663194444444
6107,131.5774305555555
6108,131.6885416666666
6109,131.7996527777777
6110,124.9789816527778
6111,198.2912732291667
6112,228.9191077083334
6113,224.6987136805555
6114,223.8440163194445
6115,223.8048958333333
6116,223.9167708333334
6117,223.8742125
6118,223.6790045138889
6119,224.3974076388889
6120,411.0848552465247
6121,224.0835190972223
6122,1240.0
6123,224.1048368055556
6124,1240.0
6125,1240.0
6126,224.4153121527778
6127,224.7765972222223
6128,1240.0
6129,495.4503843749967
6130,252.7597784722222
6131,261.3140270833333
6132,269.9590527777777
6133,267.6468517361112
6134,263.8156600694444
6135,271.6658607638889
6136,272.1674402777778
6137,277.8268038194445
6138,277.9027791666666
6139,300.7124645833333
6140,309.0181930555555
6141,316.9319190972222
6142,1240.0
6143,1240.0
6144,289.971376388889
6145,1240.0
6146,1240.0
6147,1240.0
6148,1240.0
6149,1240.0
6150,1240.0
6151,274.6773875
6152,275.4481163194444
6153,1240.0
6154,275.5179413194443
6155,272.2064454861111
6156,270.6801628472222
6157,272.8210538194445
6158,270.8690284722222
6159,271.2380809027778
6160,274.7595711805556
6161,272.0917802083334
6162,275.2793291666667
6163,279.6806913194445
6164,283.6321284722222
6165,282.2316340277778
6166,284.8728673611112
6167,280.6428003472222
6168,305.5828430555553
6169,1240.0
6170,1240.0
6171,278.0561465277778
6172,1240.0
6173,1240.0
6174,1240.0
6175,269.6195451388888
6176,266.5584833333334
6177,259.6789913194445
6178,264.2423027777777
6179,272.2678173611111
6180,274.3884625
6181,1240.0
6182,273.3203479166667
6183,276.2615395833333
6184,279.63305625
6185,273.7867239583334
6186,276.1507968749999
6187,279.867465625
6188,275.8287489583333
6189,279.0654402777777
6190,277.9780097222222
6191,278.9710322916667
6192,1085.182986805557
6193,1240.0
6194,1240.0
6195,267.5245357638889
6196,1240.0
6197,1240.0
6198,1240.0
6199,271.903959375
6200,268.9371079861111
6201,271.8746055555556
6202,264.7562711805556
6203,260.6323836805556
6204,249.8005315972221
6205,1240.0
6206,247.22819375
6207,252.0871343750001
6208,252.3963420138889
6209,253.8409482638889
6210,255.8698041666667
6211,256.3254277777779
6212,255.4010864583334
6213,255.2165704861112
6214,256.17229375
6215,259.8202107638888
6216,700.3265819444425
6217,1240.0
6218,264.3534142361111
6219,1240.0
6220,1240.0
6221,1240.0
6222,264.3189590277778
6223,264.2704194444445
6224,264.3193979166667
6225,261.7344930555556
6226,258.8994086805556
6227,1240.0
6228,243.8143170138889
6229,245.9147222222223
6230,246.4776746527778
6231,240.2273704861111
6232,239.6763194444445
6233,237.2750010416667
6234,239.4184399305556
6235,239.2457649305555
6236,238.1063892361112
6237,237.993934375
6238,1240.0
6239,240.074190625
6240,375.355914930554
6241,1240.0
6242,238.6439697916667
6243,238.4674756944444
6244,1240.0
6245,1240.0
6246,1240.0
6247,236.5942107638888
6248,237.9076888888889
6249,236.7564670138889
6250,236.2665295138889
6251,233.8082986111112
6252,234.0640409722222
6253,1240.0
6254,239.2283704861111
6255,239.3911684027778
6256,240.8889934027778
6257,241.4929430555556
6258,242.6515958333333
6259,241.622096875
6260,240.9203010416668
6261,242.6952892361111
6262,244.5046513888889
6263,244.1016666666667
6264,991.7090215277822
6265,1240.0
6266,243.1911451388888
6267,240.13631875
6268,1240.0
6269,1240.0
6270,1240.0
6271,235.5303697916667
6272,236.3737944444445
6273,239.6966777777778
6274,235.9902541666667
6275,236.3300239583334
6276,241.0033364583333
6277,1240.0
6278,244.1558336805556
6279,246.1265048611112
6280,248.8229979166667
6281,261.3088524305555
6282,256.2346836805556
6283,257.2892024305556
6284,252.45273125
6285,253.81369375
6286,253.7391805555555
6287,250.203482638889
6288,1159.27873715278
6289,1240.0
6290,250.3741215277777
6291,247.4429173611111
6292,1240.0
6293,1240.0
6294,1240.0
6295,238.1208486111111
6296,240.1073027777778
6297,237.7586913194444
6298,235.1470513888889
6299,252.0316312500001
6300,254.3912503472222
6301,1240.0
6302,257.6286677083333
6303,252.1849059027778
6304,252.6756694444445
6305,251.7832868055555
6306,249.0704302083333
6307,247.4253590277778
6308,249.20225625
6309,246.1979704861112
6310,244.685565625
6311,245.9509135416666
6312,1227.115243749998
6313,1240.0
6314,247.4931142361111
6315,246.774638888889
6316,1240.0
6317,1240.0
6318,1240.0
6319,243.7246055555556
6320,244.1398739583333
6321,242.1551284722221
6322,240.8482072916667
6323,240.3797784722223
6324,239.9579506944445
6325,1240.0
6326,238.0257541666666
6327,239.6787767361112
6328,238.1532527777777
6329,238.2434833333334
6330,239.0180326388889
6331,238.5243982638889
6332,239.3105302083334
6333,239.4014010416666
6334,239.4654041666666
6335,237.7357975694444
6336,1054.23179375
6337,1240.0
6338,233.1545368055556
6339,233.3932170138889
6340,1240.0
6341,1240.0
6342,1240.0
6343,234.7562954861111
6344,234.9157895833334
6345,234.2947097222223
6346,233.6225843749999
6347,233.5516309027778
6348,234.2985538194444
6349,1240.0
6350,239.0786486111112
6351,238.2641795138889
6352,243.1559586805556
6353,242.3039357638889
6354,243.0395246527778
6355,244.7090979166667
6356,246.1587975694445
6357,247.4968420138889
6358,246.829290625
6359,254.4667475694444
6360,974.1186954861087
6361,1240.0
6362,251.2067635416668
6363,256.1916093749999
6364,1240.0
6365,1240.0
6366,1240.0
6367,244.8551625000001
6368,242.2113059027778
6369,242.7939961805556
6370,244.2383465277778
6371,247.2501947916666
6372,245.1700895833333
6373,1240.0
6374,240.8133100694444
6375,241.0285680555556
6376,239.4364569444445
6377,248.28289375
6378,244.8761684027778
6379,243.1209739583334
6380,235.4746659722222
6381,236.2311340277777
6382,236.5104270833334
6383,236.8906819444445
6384,1132.001543055556
6385,1240.0
6386,1240.0
6387,1240.0
6388,1240.0
6389,236.1153944444445
6390,234.5494458333334
6391,233.9440260416666
6392,231.7615638888889
6393,1240.0
6394,231.2053784722222
6395,230.4629746527778
6396,229.3973142361112
6397,230.8033440972222
6398,233.8840756944444
6399,256.6833201388889
6400,260.3777069444445
6401,262.7607506944444
6402,263.6805680555556
6403,257.2143375
6404,256.7213409722223
6405,258.44400625
6406,239.821376388889
6407,236.4230552083333
6408,980.6050267361126
6409,1240.0
6410,235.0642579861112
6411,238.5551989583334
6412,1240.0
6413,1240.0
6414,1240.0
6415,237.7078357638889
6416,238.747196875
6417,239.0523378472222
6418,237.4431746527777
6419,235.5337958333333
6420,241.091945486111
6421,1240.0
6422,240.5465864583333
6423,247.4153104166667
6424,251.2859041666667
6425,256.871548263889
6426,258.9305802083333
6427,256.6097204861111
6428,253.8393173611111
6429,258.0940135416667
6430,257.3127736111111
6431,261.1579083333335
6432,1149.416677777777
6433,1240.0
6434,1240.0
6435,274.4499541666667
6436,1240.0
6437,1240.0
6438,1240.0
6439,267.87228125
6440,261.2218288194443
6441,260.8252086805556
6442,261.1061569444444
6443,257.2688541666667
6444,256.6950121527778
6445,1240.0
6446,260.7192347222223
6447,262.4711784722222
6448,266.9563180555555
6449,269.5762979166667
6450,276.4715072916666
6451,280.9845263888888
6452,279.0471381944443
6453,274.3731267361111
6454,270.6915256944445
6455,272.9072791666666
6456,923.1919302083347
6457,1240.0
6458,1240.0
6459,269.7721545138888
6460,1240.0
6461,1240.0
6462,1240.0
6463,268.3433434027776
6464,268.8160309027778
6465,268.7366767361111
6466,266.8353232638889
6467,270.4216229166667
6468,269.2567829861111
6469,1240.0
6470,273.0366916666667
6471,263.8977434027777
6472,265.3086114583334
6473,252.9918854166667
6474,257.0568840277778
6475,259.8617260416667
6476,261.1210868055556
6477,261.2449288194445
6478,253.7191895833333
6479,259.1138690972222
6480,815.359740624999
6481,1240.0
6482,1240.0
6483,265.387054861111
6484,1240.0
6485,1240.0
6486,1240.0
6487,259.3080659722222
6488,258.1375006944444
6489,257.8447680555555
6490,263.4248145833333
6491,271.70240625
6492,274.2104746527778
6493,1240.0
6494,271.2223284722222
6495,268.3825364583334
6496,267.5893295138888
6497,266.9261118055555
6498,266.2114555555555
6499,265.8460319444445
6500,267.5671625
6501,267.3478934027777
6502,266.8478944444445
6503,265.432246875
6504,788.8805420138917
6505,1240.0
6506,1240.0
6507,261.7431704861111
6508,1240.0
6509,1240.0
6510,1240.0
6511,251.227267013889
6512,248.848484375
6513,251.0754395833333
6514,251.5586927083334
6515,253.352776388889
6516,253.8855552083334
6517,1240.0
6518,259.2254534722222
6519,259.7351847222222
6520,261.9716881944444
6521,266.0394899305556
6522,268.6131253472222
6523,265.2782038194445
6524,266.6811784722222
6525,264.7515618055555
6526,272.6203493055555
6527,272.5710395833334
6528,635.8804597222206
6529,1240.0
6530,1240.0
6531,279.9950229166666
6532,1240.0
6533,1240.0
6534,1240.0
6535,268.7493520833333
6536,268.3216670138891
6537,269.6635291666666
6538,270.9876920138889
6539,269.3478454861112
6540,276.7281243055555
6541,1240.0
6542,275.1524104166667
6543,279.9357166666667
6544,278.5152333333333
6545,277.3552322916667
6546,278.4190402777778
6547,277.0725222222222
6548,276.4551378472222
6549,273.8748138888889
6550,273.5497458333334
6551,278.0907756944445
6552,1106.613366319445
6553,280.9381107638889
6554,1240.0
6555,278.6057645833333
6556,1240.0
6557,1240.0
6558,277.2297006944444
6559,275.3218493055556
6560,1240.0
6561,1136.806918402778
6562,278.0276940972221
6563,288.3503465277777
6564,286.1272659722222
6565,278.6929416666666
6566,275.0227958333334
6567,283.7406489583334
6568,280.1518649305556
6569,278.3318614583334
6570,278.0216892361112
6571,270.7489229166666
6572,263.7258208333333
6573,267.8174319444444
6574,1240.0
6575,1240.0
6576,274.0018996527777
6577,274.8023055555555
6578,1240.0
6579,264.1237072916667
6580,1240.0
6581,1240.0
6582,260.5615159722222
6583,260.0568065972222
6584,1240.0
6585,558.2244781250031
6586,257.6852059027777
6587,261.1399875
6588,258.1127909722222
6589,255.8270704861112
6590,256.105726388889
6591,257.2568732638888
6592,256.87056875
6593,257.755878125
6594,257.8512027777778
6595,256.7822336805555
6596,254.339790625
6597,255.6042496527778
6598,1240.0
6599,1240.0
6600,250.7525583333333
6601,253.5842718750001
6602,1240.0
6603,254.3016204861111
6604,1240.0
6605,1240.0
6606,255.3782756944444
6607,254.4036458333333
6608,1240.0
6609,516.2616618055565
6610,254.720428125
6611,254.8400694444445
6612,254.9387034722222
6613,255.0709489583334
6614,255.1452663194445
6615,255.2539583333333
6616,256.0692479166667
6617,256.00835625
6618,256.6643749999999
6619,258.0803357638889
6620,255.9234607638889
6621,261.8854531250001
6622,1240.0
6623,1240.0
6624,266.4936340277779
6625,265.6243045138888
6626,1240.0
6627,262.1146767361111
6628,1240.0
6629,1240.0
6630,259.3375121527778
6631,259.5485673611111
6632,1240.0
6633,877.1624930555561
6634,265.1183538194445
6635,270.7985986111112
6636,271.366390625
6637,270.2214093750001
6638,275.184615625
6639,269.0887517361111
6640,264.6553631944445
6641,262.3569107638889
6642,263.9178833333334
6643,270.2175097222221
6644,267.0792937499999
6645,272.207628125
6646,1240.0
6647,1240.0
6648,287.57976875
6649,280.0562027777777
6650,1240.0
6651,276.7817253472222
6652,1240.0
6653,1240.0
6654,278.2823395833333
6655,277.7684590277778
6656,1240.0
6657,1088.295907291664
6658,285.7685645833333
6659,287.4891916666667
6660,283.6852434027778
6661,280.0144663194444
6662,272.0589135416667
6663,279.8576753472222
6664,275.3859618055556
6665,273.9120038194444
6666,269.4441072916668
6667,274.3376725694444
6668,271.7726260416666
6669,264.6255204861112
6670,1240.0
6671,1240.0
6672,261.2225475694444
6673,259.7640024305556
6674,1240.0
6675,257.0243770833334
6676,1240.0
6677,1240.0
6678,256.7749201388889
6679,256.1584211805555
6680,1240.0
6681,771.6358194444446
6682,265.2717673611111
6683,265.7883822916667
6684,268.3604868055555
6685,266.8370031249999
6686,265.7504625
6687,265.367211111111
6688,267.7759729166666
6689,263.601032638889
6690,265.5347791666667
6691,268.4963437500001
6692,275.4427340277778
6693,274.9657774305555
6694,1240.0
6695,1240.0
6696,287.5965746527778
6697,280.1282631944444
6698,1240.0
6699,265.6545385416667
6700,1240.0
6701,1240.0
6702,265.2842604166667
6703,263.1443166666667
6704,1240.0
6705,927.0915499999994
6706,255.8233576388889
6707,263.2781138888889
6708,270.8231402777777
6709,265.9950697916667
6710,266.023934375
6711,274.6215982638888
6712,276.5971059027778
6713,278.8825020833333
6714,281.8714375
6715,284.6086677083333
6716,281.3078708333334
6717,281.4688878472222
6718,1240.0
6719,1240.0
6720,266.7272552083334
6721,1240.0
6722,1240.0
6723,269.5027527777778
6724,1240.0
6725,1240.0
6726,1240.0
6727,244.0213795138889
6728,243.0757774305555
6729,244.0523711805555
6730,254.7919805555555
6731,261.2940409722223
6732,266.6613447916666
6733,1240.0
6734,268.7409618055555
6735,265.7920607638888
6736,265.0696399305556
6737,266.0710663194443
6738,267.3000020833333
6739,265.0417809027778
6740,252.3595350694444
6741,251.5165517361112
6742,249.3545819444444
6743,247.6532423611112
6744,597.5123819444434
6745,1240.0
6746,251.2974083333334
6747,247.5911097222222
6748,1240.0
6749,1240.0
6750,1240.0
6751,245.80365625
6752,246.453184375
6753,244.9989583333333
6754,245.1100694444445
6755,245.2211805555555
6756,245.3322916666666
6757,1240.0
6758,245.5545138888889
6759,245.665625
6760,245.7767361111111
6761,245.8878472222222
6762,245.9989583333333
6763,246.1100694444444
6764,246.2211805555555
6765,246.3322916666666
6766,246.4434027777778
6767,246.5545138888889
6768,1209.634290624998
6769,1240.0
6770,244.3045138888889
6771,244.415625
6772,1240.0
6773,1240.0
6774,1240.0
6775,244.7767361111111
6776,244.8878472222222
6777,244.9989583333333
6778,245.1100694444445
6779,245.2211805555555
6780,245.3322916666666
6781,1240.0
6782,245.5545138888889
6783,245.665625
6784,245.7767361111111
6785,245.8878472222222
6786,245.9989583333333
6787,246.1100694444444
6788,246.2211805555555
6789,246.3322916666666
6790,246.4434027777778
6791,246.5545138888889
6792,1159.857638888891
6793,1240.0
6794,244.3045138888889
6795,244.415625
6796,1240.0
6797,1240.0
6798,1240.0
6799,244.7767361111111
6800,244.8878472222222
6801,244.9989583333333
6802,245.1100694444445
6803,245.2211805555555
6804,245.3322916666666
6805,1240.0
6806,245.5545138888889
6807,245.665625
6808,245.7767361111111
6809,245.8878472222222
6810,245.9989583333333
6811,246.1100694444444
6812,246.2211805555555
6813,246.3322916666666
6814,246.4434027777778
6815,246.5545138888889
6816,1159.857638888891
6817,1240.0
6818,244.3045138888889
6819,244.415625
6820,1240.0
6821,1240.0
6822,1240.0
6823,244.7767361111111
6824,244.8878472222222
6825,244.9989583333333
6826,245.1100694444445
6827,245.2211805555555
6828,245.3322916666666
6829,1240.0
6830,245.5545138888889
6831,245.665625
6832,245.7767361111111
6833,245.8878472222222
6834,245.9989583333333
6835,246.1100694444444
6836,246.2211805555555
6837,246.3322916666666
6838,246.4434027777778
6839,246.5545138888889
6840,1159.857638888891
6841,1240.0
6842,244.3045138888889
6843,244.415625
6844,1240.0
6845,1240.0
6846,1240.0
6847,244.7767361111111
6848,244.8878472222222
6849,244.9989583333333
6850,245.1100694444445
6851,245.2211805555555
6852,245.3322916666666
6853,1240.0
6854,245.5545138888889
6855,245.7134951388889
6856,246.7168284722222
6857,246.8512388888889
6858,246.9477083333333
6859,246.8663194444444
6860,246.4279395833333
6861,246.285057986111
6862,246.1575809027778
6863,246.037361111111
6864,1162.092140972223
6865,243.8622569444445
6866,1240.0
6867,245.2494097222223
6868,1240.0
6869,1240.0
6870,244.2355555555555
6871,244.28695625
6872,1240.0
6873,456.8638189583314
6874,246.868925
6875,278.0538920138889
6876,274.4601392361111
6877,268.9052309027778
6878,273.7021635416668
6879,264.2667013888888
6880,254.5188088888889
6881,268.9571618055556
6882,263.5689118055555
6883,268.4726586805555
6884,268.0750225694445
6885,262.3136114583334
6886,1240.0
6887,1240.0
6888,259.6957847222222
6889,1240.0
6890,1240.0
6891,263.3834944444444
6892,1240.0
6893,1240.0
6894,1240.0
6895,263.9399076388889
6896,263.1916430555555
6897,262.62149375
6898,263.4367791666666
6899,265.4770937500001
6900,277.6738197916666
6901,1240.0
6902,268.9189458333333
6903,267.1567427083334
6904,277.3305652777778
6905,284.0372232638888
6906,281.9983701388888
6907,274.8862701388889
6908,271.8311885416667
6909,261.2849069444444
6910,261.4727072916667
6911,264.6534621527778
6912,871.141602083336
6913,249.4447541666667
6914,1240.0
6915,244.6954659722223
6916,1240.0
6917,1240.0
6918,245.0371329861111
6919,243.2683107638889
6920,1240.0
6921,545.0460079861127
6922,249.5674861111112
6923,260.1996423611111
6924,265.6805079861112
6925,276.4830083333332
6926,272.1296996527778
6927,266.7989934027777
6928,266.8554864583333
6929,274.5553111111111
6930,274.324595486111
6931,279.0627079861111
6932,273.0054190972223
6933,271.484220486111
6934,1240.0
6935,1240.0
6936,262.3814920138889
6937,258.3038315972223
6938,1240.0
6939,263.8424659722223
6940,1240.0
6941,1240.0
6942,253.0616524305555
6943,247.8804184027777
6944,1240.0
6945,642.473307291669
6946,245.7517381944444
6947,253.6411486111111
6948,280.4990583333333
6949,279.1725361111111
6950,276.2645017361111
6951,270.4194416666667
6952,270.3780333333333
6953,266.0526222222222
6954,265.2406840277777
6955,265.5431493055556
6956,264.9090881944445
6957,262.7537399305556
6958,1240.0
6959,1240.0
6960,261.5743201388888
6961,255.3357416666666
6962,1240.0
6963,250.7870986111111
6964,1240.0
6965,1240.0
6966,245.319384375
6967,241.8660614583333
6968,1139.114000000003
6969,234.6644357638889
6970,231.2927204861111
6971,238.3417267361112
6972,251.4807131944445
6973,251.2723881944444
6974,251.0860899305556
6975,250.2071972222222
6976,254.1441204861111
6977,250.745160763889
6978,243.5582048611112
6979,241.6391548611111
6980,246.7407559027778
6981,241.8318416666666
6982,1240.0
6983,1240.0
6984,240.9491885416666
6985,236.9680315972222
6986,1240.0
6987,235.5029506944445
6988,1240.0
6989,1240.0
6990,236.5565642361111
6991,236.9860899305556
6992,1061.275740972226
6993,239.9156586805556
6994,240.3863055555556
6995,242.8255003472223
6996,241.4777072916667
6997,244.0196427083333
6998,248.1892940972223
6999,247.4158211805556
7000,245.8425590277778
7001,249.4303802083334
7002,250.550846875
7003,249.2543631944444
7004,247.8010309027778
7005,246.9060996527778
7006,1240.0
7007,1240.0
7008,236.3431940972222
7009,231.2896638888889
7010,1240.0
7011,232.6843302083333
7012,1240.0
7013,1240.0
7014,230.5647458333333
7015,229.1227447916666
7016,869.1070180555585
7017,225.3379857638889
7018,229.9252305555556
7019,227.5635059027777
7020,232.6528836805556
7021,237.0468638888889
7022,241.4677076388889
7023,243.2848381944444
7024,245.4527184027778
7025,243.1649628472223
7026,243.2402989583333
7027,243.098059375
7028,242.008715625
7029,243.5370930555555
7030,1240.0
7031,1240.0
7032,236.9213305555554
7033,1240.0
7034,240.8127770833334
7035,243.0692725694445
7036,1240.0
7037,1240.0
7038,1240.0
7039,222.9084697916668
7040,221.397048263889
7041,224.1099302083333
7042,226.5371197916667
7043,226.1888451388889
7044,229.0184732638889
7045,1240.0
7046,237.2443972222222
7047,242.3047125000001
7048,245.5889815972222
7049,245.203401388889
7050,246.3864708333334
7051,236.5759017361111
7052,242.89778125
7053,240.6429631944445
7054,242.3201413194445
7055,234.7244670138889
7056,849.0653291666699
7057,1240.0
7058,1240.0
7059,1240.0
7060,1240.0
7061,1240.0
7062,305.9517128472222
7063,307.0546069444445
7064,306.8683086805555
7065,307.2116454861111
7066,307.1008444444445
7067,1065.328331597223
7068,299.3381329861111
7069,296.6697100694445
7070,290.2446055555556
7071,294.6483902777778
7072,300.6516336805556
7073,298.2812482638888
7074,297.1698829861111
7075,1240.0
7076,303.3422906250001
7077,301.5105784722223
7078,294.671828125
7079,1240.0
7080,318.5286447916667
7081,315.3155100694444
7082,1240.0
7083,313.4280010416666
7084,1240.0
7085,1240.0
7086,308.0661590277778
7087,303.4237142361111
7088,1240.0
7089,1240.0
7090,302.1965510416667
7091,307.5436076388889
7092,307.9652440972222
7093,302.6754065972223
7094,303.8438649305556
7095,296.6049652777778
7096,290.2082527777778
7097,291.0125927083334
7098,902.0385118055558
7099,287.0932631944445
7100,284.3619475694445
7101,283.0933468750001
7102,1240.0
7103,1240.0
7104,287.0261236111112
7105,1240.0
7106,1240.0
7107,1240.0
7108,1240.0
7109,1240.0
7110,298.6289503472223
7111,298.0222572916667
7112,295.8521416666666
7113,290.8469784722223
7114,293.629664236111
7115,759.3953093750013
7116,293.4694333333334
7117,292.1821177083332
7118,288.9402677083332
7119,281.8839336805555
7120,298.8020024305555
7121,297.7236097222222
7122,293.2954440972222
7123,1240.0
7124,297.3214493055555
7125,296.8672791666667
7126,297.8731597222222
7127,1240.0
7128,300.3570045138889
7129,298.1379371527778
7130,1240.0
7131,292.1650190972223
7132,1240.0
7133,1240.0
7134,291.9346083333333
7135,287.5908472222222
7136,1240.0
7137,1240.0
7138,279.69315
7139,283.7072201388888
7140,294.0328024305555
7141,288.5230899305556
7142,289.9058246527779
7143,289.9509878472222
7144,285.427579861111
7145,289.48761875
7146,653.4872934027793
7147,301.2902663194444
7148,299.8761437499999
7149,295.9290996527777
7150,1240.0
7151,1240.0
7152,296.792821875
7153,1240.0
7154,290.089826736111
7155,1240.0
7156,1240.0
7157,1240.0
7158,289.6043649305556
7159,291.1057493055555
7160,295.3642711805556
7161,300.1218625
7162,305.1186802083334
7163,1240.0
7164,303.0310319444444
7165,303.2688190972223
7166,304.7588736111111
7167,304.9829173611112
7168,303.015865625
7169,298.0593454861112
7170,295.2074545138889
7171,814.1632368055543
7172,297.3054065972223
7173,299.4979899305557
7174,1240.0
7175,298.7451020833334
7176,1240.0
7177,1240.0
7178,308.9834729166666
7179,1240.0
7180,1240.0
7181,1240.0
7182,299.0539208333333
7183,297.3162982638889
7184,298.3168284722223
7185,297.4202427083333
7186,299.0792499999999
7187,1240.0
7188,305.4790378472222
7189,303.8726725694444
7190,310.8600604166666
7191,313.2516298611112
7192,312.0925243055555
7193,310.2033927083334
7194,312.4255076388888
7195,1167.855990277777
7196,312.6602072916667
7197,317.2958350694445
7198,1240.0
7199,316.9860072916666
7200,1240.0
7201,1240.0
7202,304.5721399305556
7203,1240.0
7204,1240.0
7205,1240.0
7206,309.7632649305555
7207,309.2361423611112
7208,315.64946875
7209,318.0743968749999
7210,316.751690625
7211,1240.0
7212,315.1777541666665
7213,309.4032302083332
7214,312.9849458333334
7215,315.6471833333334
7216,310.6792020833334
7217,310.4189326388889
7218,303.9967572916667
7219,1116.940512499998
7220,299.8892625
7221,294.3938052083333
7222,1240.0
7223,297.2900211805555
7224,1240.0
7225,1240.0
7226,302.9082652777777
7227,1240.0
7228,1240.0
7229,1240.0
7230,304.6649378472222
7231,294.5417225694446
7232,293.7696552083333
7233,295.8664923611111
7234,298.231585763889
7235,1240.0
7236,311.450484375
7237,305.4210770833333
7238,312.8182861111111
7239,311.0546909722222
7240,306.899353125
7241,303.9757909722223
7242,293.3216656249999
7243,1095.331383333337
7244,308.37695625
7245,309.8886586805555
7246,1240.0
7247,314.0482194444445
7248,1240.0
7249,304.5090305555556
7250,1240.0
7251,304.2054388888889
7252,1240.0
7253,1240.0
7254,299.5197680555555
7255,295.3832756944444
7256,1240.0
7257,1240.0
7258,298.8477909722222
7259,290.0406256944443
7260,289.1428906249999
7261,290.4390506944445
7262,284.9647329861111
7263,278.3956340277778
7264,286.1168645833334
7265,301.4201989583333
7266,776.1137427083318
7267,291.2718638888888
7268,290.3036017361111
7269,285.5151270833333
7270,1240.0
7271,1240.0
7272,294.8491065972221
7273,292.3988430555556
7274,1240.0
7275,293.09009375
7276,1240.0
7277,1240.0
7278,286.9611829861111
7279,287.5721319444444
7280,1240.0
7281,1240.0
7282,302.8102118055555
7283,310.0038451388889
7284,302.7015395833333
7285,300.6471548611111
7286,298.2325916666667
7287,293.0078138888888
7288,283.4573854166667
7289,283.0658559027777
7290,587.4105222222222
7291,287.9475461805555
7292,279.4320604166666
7293,275.7182517361111
7294,1240.0
7295,1240.0
7296,290.6377861111111
7297,1240.0
7298,295.5790013888889
7299,1240.0
7300,1240.0
7301,1240.0
7302,284.5462704861111
7303,280.0564850694445
7304,275.576235763889
7305,271.6575795138889
7306,273.5363329861111
7307,1240.0
7308,267.8160041666666
7309,268.6879534722222
7310,267.8596093749999
7311,260.5725822916666
7312,264.1335416666667
7313,277.5648423611111
7314,275.7117361111112
7315,274.2301402777778
7316,278.1042940972222
7317,278.9431375
7318,1240.0
7319,271.4137986111111
7320,1195.344613194442
7321,1240.0
7322,267.3139694444445
7323,1240.0
7324,1240.0
7325,1240.0
7326,264.7823052083333
7327,257.8972107638889
7328,255.9399666666667
7329,256.0285434027778
7330,257.3260996527778
7331,1240.0
7332,262.2318524305556
7333,264.3810197916667
7334,264.5919465277778
7335,265.8110791666666
7336,264.8057631944444
7337,259.05160625
7338,255.4536583333333
7339,252.6169211805556
7340,258.5156364583332
7341,257.654190625
7342,1240.0
7343,260.2275371527778
7344,701.2792124999985
7345,1240.0
7346,268.5788444444445
7347,1240.0
7348,1240.0
7349,1240.0
7350,266.541795138889
7351,263.54553125
7352,257.9953340277778
7353,256.5543513888888
7354,254.5795364583333
7355,1240.0
7356,248.2057048611111
7357,255.9880434027778
7358,277.224375
7359,285.9483319444444
7360,284.8204170138888
7361,280.5128142361111
7362,281.6064156250001
7363,275.3316680555555
7364,273.1992361111111
7365,277.4846159722222
7366,1240.0
7367,286.2333670138888
7368,932.2494048611087
7369,1240.0
7370,275.0853927083332
7371,1240.0
7372,1240.0
7373,1240.0
7374,258.9926656250001
7375,257.5302888888888
7376,256.057732638889
7377,250.9824211805556
7378,247.7807982638888
7379,1240.0
7380,261.2731725694444
7381,269.6900454861111
7382,268.589120486111
7383,275.4084472222223
7384,272.5117472222223
7385,279.0020934027777
7386,273.8854052083333
7387,276.1925704861112
7388,278.1604413194444
7389,264.5076732638889
7390,1240.0
7391,281.430290625
7392,875.4554163194434
7393,1240.0
7394,287.5315600694445
7395,1240.0
7396,1240.0
7397,1240.0
7398,278.7298951388889
7399,268.7603444444445
7400,262.3516645833333
7401,261.1536003472222
7402,263.0718170138888
7403,1240.0
7404,267.6171395833333
7405,261.6201993055556
7406,269.5838326388889
7407,270.7554756944446
7408,274.0390145833334
7409,277.6435190972222
7410,267.1891562499999
7411,266.1189135416667
7412,265.4429614583333
7413,259.0979416666667
7414,1240.0
7415,274.2991336805556
7416,1059.028742708335
7417,1240.0
7418,275.6977798611111
7419,1240.0
7420,1240.0
7421,1240.0
7422,261.4075690972222
7423,260.4544541666667
7424,251.6012041666667
7425,256.9679958333333
7426,253.7015736111111
7427,1240.0
7428,268.5341930555555
7429,269.7860413194445
7430,271.1678788194445
7431,276.8045861111111
7432,276.1575361111111
7433,277.1430430555556
7434,264.9056361111111
7435,273.5543506944443
7436,277.1347916666667
7437,279.1553697916667
7438,1240.0
7439,287.2317704861111
7440,948.2439614583313
7441,1240.0
7442,300.5729322916666
7443,1240.0
7444,1240.0
7445,1240.0
7446,303.4904638888888
7447,289.6571618055555
7448,282.9599888888889
7449,281.2810499999999
7450,278.9106711805556
7451,1240.0
7452,284.1678097222222
7453,291.2813635416666
7454,289.2337253472223
7455,295.1996666666667
7456,300.9995815972222
7457,294.3469680555555
7458,301.4092152777778
7459,798.2050826388863
7460,305.0772131944445
7461,304.5891784722221
7462,1240.0
7463,300.845290625
7464,1240.0
7465,1240.0
7466,312.5955173611111
7467,1240.0
7468,1240.0
7469,1240.0
7470,300.6187458333334
7471,289.1691694444444
7472,288.2192340277778
7473,291.6528802083334
7474,301.9804958333334
7475,1240.0
7476,300.174721875
7477,301.3661013888888
7478,300.282234375
7479,296.2706336805555
7480,290.4237958333333
7481,290.2247680555556
7482,293.5018131944445
7483,1011.834368055555
7484,305.2501020833333
7485,307.0533559027778
7486,1240.0
7487,308.2177065972222
7488,1240.0
7489,310.0060993055555
7490,1240.0
7491,320.5454017361111
7492,1240.0
7493,1240.0
7494,306.5382517361111
7495,301.7028003472222
7496,1240.0
7497,1240.0
7498,299.256978125
7499,301.3590329861111
7500,303.3284381944445
7501,306.5791347222222
7502,302.3787291666667
7503,304.3418892361111
7504,295.8551763888889
7505,290.4856361111111
7506,1039.024041319443
7507,287.0688215277778
7508,295.9486086805555
7509,307.1785100694444
7510,1240.0
7511,1240.0
7512,305.3753704861112
7513,301.8841760416666
7514,1240.0
7515,311.7874184027778
7516,1240.0
7517,1240.0
7518,298.833665625
7519,294.3964579861112
7520,1240.0
7521,1240.0
7522,287.3531743055555
7523,288.9084149305556
7524,292.8937166666666
7525,294.692389236111
7526,302.8832753472223
7527,306.4292121527777
7528,312.6744822916666
7529,313.620395486111
7530,987.2680166666671
7531,303.2003704861111
7532,304.6770600694445
7533,307.6587388888889
7534,1240.0
7535,1240.0
7536,312.0129270833334
7537,301.2469684027778
7538,1240.0
7539,305.5694927083333
7540,1240.0
7541,1240.0
7542,290.4291086805555
7543,290.9566684027778
7544,1240.0
7545,1240.0
7546,289.1674076388888
7547,290.3502548611111
7548,275.279073611111
7549,271.4957531250001
7550,272.2387256840277
7551,267.2159938611111
7552,278.9667388888889
7553,277.1368055555556
7554,461.7798310034713
7555,277.3590277777778
7556,277.4701388888889
7557,277.58125
7558,1240.0
7559,1240.0
7560,277.9145833333333
7561,275.3590277777778
7562,1240.0
7563,275.58125
7564,1240.0
7565,1240.0
7566,275.9145833333333
7567,276.0256944444444
7568,1240.0
7569,1165.444206597221
7570,275.87599375
7571,267.969326736111
7572,267.3182062499999
7573,273.2203572916666
7574,272.2363065972222
7575,267.0910999999999
7576,263.2213305555555
7577,262.0349809027778
7578,272.0916645833333
7579,271.2509756944444
7580,275.2877083333333
7581,289.8555440972223
7582,1240.0
7583,1240.0
7584,304.2847902777777
7585,300.4152215277777
7586,1240.0
7587,306.5625479166666
7588,1240.0
7589,1240.0
7590,278.9003704861112
7591,265.4412503472221
7592,1240.0
7593,1240.0
7594,265.1694545138888
7595,275.8946753472223
7596,271.8620708333333
7597,269.5352340277778
7598,273.4729142361111
7599,283.9063302083333
7600,279.6593302083334
7601,282.7488402777777
7602,439.2682680555575
7603,279.8367013888889
7604,281.3755215277778
7605,295.1139034722221
7606,1240.0
7607,1240.0
7608,301.3424197916667
7609,1240.0
7610,1240.0
7611,1240.0
7612,1240.0
7613,1240.0
7614,303.408345138889
7615,301.8763284722222
7616,299.5799138888888
7617,297.8683913194443
7618,295.0916232638888
7619,1238.910770833331
7620,305.5390072916666
7621,311.8110079861112
7622,305.8415635416666
7623,300.9059135416667
7624,295.7871899305556
7625,284.6369232638889
7626,295.9451121527777
7627,1240.0
7628,327.3564131944445
7629,321.2004506944444
7630,326.3732177083334
7631,1240.0
7632,325.7177326388889
7633,1240.0
7634,1240.0
7635,1240.0
7636,1240.0
7637,1240.0
7638,1240.0
7639,1240.0
7640,547.4312996527772
7641,315.9208666666667
7642,317.6544805555555
7643,322.2408378472222
7644,323.8347781250001
7645,331.8041430555555
7646,305.8811607638889
7647,293.5170694444445
7648,299.9841218750001
7649,298.535115625
7650,301.9467361111111
7651,307.2935447916667
7652,306.4015399305556
7653,305.0526034722221
7654,302.9413090277778
7655,299.5727756944445
7656,1240.0
7657,1240.0
7658,311.7683545138889
7659,1240.0
7660,1240.0
7661,1240.0
7662,301.2453940972222
7663,296.0831225694445
7664,293.1213635416667
7665,288.7180204861111
7666,290.8929041666668
7667,1240.0
7668,290.2870715277778
7669,292.7698013888888
7670,302.9550809027778
7671,307.8747427083333
7672,308.3441215277778
7673,312.1347552083333
7674,314.48036875
7675,1068.892273611113
7676,317.6313440972223
7677,315.9995131944444
7678,1240.0
7679,314.3904392361111
7680,1240.0
7681,1240.0
7682,1240.0
7683,1240.0
7684,1240.0
7685,1240.0
7686,1240.0
7687,1240.0
7688,468.8689885416686
7689,309.6662715277778
7690,312.8130784722222
7691,311.7565861111111
7692,318.6211118055555
7693,320.034270138889
7694,313.9060621527778
7695,311.6015062500001
7696,315.5192017361113
7697,316.035425
7698,311.6117128472222
7699,316.3957885416667
7700,324.0091756944445
7701,327.1964684027778
7702,312.5525614583334
7703,316.7817934027779
7704,1240.0
7705,1240.0
7706,1240.0
7707,1240.0
7708,1240.0
7709,1240.0
7710,1240.0
7711,1240.0
7712,674.12610486111
7713,320.6703506944444
7714,319.2443895833334
7715,316.1888
7716,316.3458708333333
7717,315.6080440972222
7718,315.0026218749999
7719,309.8912878472221
7720,308.830336111111
7721,306.6903944444446
7722,318.2241923611111
7723,319.3843756944445
7724,322.7564031249999
7725,318.8893059027779
7726,321.8669090277777
7727,325.6395947916666
7728,1240.0
7729,1240.0
7730,331.9569197916667
7731,1240.0
7732,1240.0
7733,1240.0
7734,322.0789329861112
7735,772.9487211805547
7736,308.98644375
7737,302.6131586805556
7738,303.1675809027778
7739,1240.0
7740,320.3543743055554
7741,319.5471618055556
7742,323.3800680555555
7743,320.9823156250001
7744,322.7887503472222
7745,319.1964048611111
7746,319.6409486111111
7747,1240.0
7748,320.8102652777777
7749,329.9681131944445
7750,1240.0
7751,336.4547336805555
7752,1240.0
7753,1240.0
7754,334.0967003472223
7755,1240.0
7756,1240.0
7757,1240.0
7758,321.9513642361112
7759,663.8717815972263
7760,313.9580913194446
7761,320.1211107638889
7762,321.8952083333334
7763,1240.0
7764,331.1945947916666
7765,335.5673104166667
7766,337.4167809027776
7767,330.0997097222223
7768,321.0509020833334
7769,331.7013875
7770,321.5178253472222
7771,1240.0
7772,312.7003100694444
7773,302.6472444444445
7774,1240.0
7775,298.2529045138889
7776,1240.0
7777,266.4900229166666
7778,1240.0
7779,263.0020361111111
7780,1240.0
7781,1240.0
7782,253.2474083333334
7783,251.5964822916666
7784,1240.0
7785,680.6443034722206
7786,244.8991086805556
7787,251.5012371527778
7788,268.27301875
7789,288.6035083333333
7790,286.1734079861111
7791,277.9358607638889
7792,279.2434711805555
7793,267.9804048611111
7794,264.7717805555555
7795,266.3202802083333
7796,261.1888204861111
7797,266.7681034722222
7798,1240.0
7799,1240.0
7800,261.4710631944445
7801,1240.0
7802,270.859582986111
7803,1240.0
7804,1240.0
7805,1240.0
7806,270.6397555555557
7807,270.1835555555555
7808,269.3843649305556
7809,268.1337190972222
7810,268.1243878472222
7811,1240.0
7812,266.3383458333333
7813,279.6901927083333
7814,284.5357652777778
7815,285.8443979166667
7816,294.3622347222222
7817,294.3760746527778
7818,291.8814357638888
7819,291.0804642361111
7820,293.4696156250001
7821,288.5882065972223
7822,1240.0
7823,275.3776940972223
7824,1099.254973263887
7825,1240.0
7826,257.5162246527777
7827,1240.0
7828,1190.115985069446
7829,1240.0
7830,245.6320736111112
7831,244.6317246527777
7832,244.2629871527778
7833,242.8071069444444
7834,242.5982770833334
7835,1240.0
7836,239.2578465277778
7837,238.9815395833334
7838,233.0586913194444
7839,235.1338916666666
7840,235.7454743055555
7841,239.1301034722222
7842,241.9059156250001
7843,244.0574982638889
7844,246.3165409722222
7845,245.5710746527778
7846,1240.0
7847,250.3609704861111
7848,252.4510677083333
7849,1240.0
7850,251.2984236111112
7851,1240.0
7852,1240.0
7853,1240.0
7854,233.6141892361111
7855,233.3046527777778
7856,233.0631013888888
7857,235.4628236111112
7858,239.5063083333332
7859,1240.0
7860,245.8787229166666
7861,240.3592125
7862,243.879053125
7863,285.426425
7864,316.7072586805555
7865,318.0298954861112
7866,323.9903628472222
7867,264.1829177083333
7868,260.1798503472222
7869,262.8140822916666
7870,1240.0
7871,262.3638305555555
7872,501.6666902777756
7873,1240.0
7874,248.2883222222221
7875,1240.0
7876,1240.0
7877,1240.0
7878,256.5677770833333
7879,254.0930003472222
7880,252.2235979166666
7881,245.5301145833333
7882,236.9665045138888
7883,1240.0
7884,261.9263774305556
7885,261.6039805555556
7886,266.8686697916665
7887,271.171871875
7888,270.3838895833334
7889,274.7191763888889
7890,274.5529996527778
7891,295.9549659722223
7892,299.6525395833333
7893,291.9067927083333
7894,1240.0
7895,287.6675256944443
7896,823.2030864583314
7897,275.6737725694444
7898,271.1364944444445
7899,278.9790489583333
7900,281.4116208333334
7901,1240.0
7902,1240.0
7903,1240.0
7904,1240.0
7905,266.8160065972222
7906,263.5239920138889
7907,261.7848375
7908,266.9478034722222
7909,274.3954288194444
7910,277.1835864583334
7911,277.0056951388888
7912,279.9409027777778
7913,273.6354729166667
7914,265.3361684027777
7915,273.716251388889
7916,276.2614934027777
7917,272.8298152777778
7918,1240.0
7919,1240.0
7920,981.156911805554
7921,1240.0
7922,253.2688770833333
7923,1240.0
7924,1240.0
7925,1240.0
7926,253.4684253472223
7927,252.576295138889
7928,252.3554982638888
7929,250.688785763889
7930,251.0545246527778
7931,1240.0
7932,256.2531006944445
7933,260.5510895833334
7934,262.4709597222222
7935,262.0105565972223
7936,260.5190274305555
7937,267.0647569444444
7938,271.2816434027779
7939,270.7980690972223
7940,269.030520138889
7941,266.0541225694445
7942,1240.0
7943,271.1414267361111
7944,600.9352222222251
7945,1240.0
7946,1240.0
7947,1240.0
7948,1240.0
7949,1240.0
7950,1240.0
7951,592.4439607638935
7952,253.1509600694445
7953,251.1282756944445
7954,249.581746875
7955,256.0377225694444
7956,255.3244715277778
7957,247.1522215277778
7958,252.69993125
7959,257.9122916666666
7960,252.1067013888889
7961,258.2229972222222
7962,258.7734729166667
7963,266.5751628472221
7964,265.4604847222222
7965,262.1977559027778
7966,265.250345138889
7967,268.6848864583333
7968,269.4297704861111
7969,1240.0
7970,1240.0
7971,1240.0
7972,1240.0
7973,1240.0
7974,1240.0
7975,905.8480864583332
7976,261.9452302083334
7977,263.5454163194445
7978,264.5667038194444
7979,263.8523010416666
7980,271.4586888888889
7981,276.8238340277778
7982,275.8379979166666
7983,280.4028333333334
7984,286.1033184027779
7985,286.3442934027778
7986,288.5737947916667
7987,284.80028125
7988,285.4990760416666
7989,263.7548152777779
7990,260.8612961805556
7991,258.3581232638888
7992,270.2867232638889
7993,1240.0
7994,1240.0
7995,1240.0
7996,1240.0
7997,1240.0
7998,1240.0
7999,1146.713587847222
8000,277.7732631944445
8001,278.7189225694445
8002,277.9258486111111
8003,278.4917284722222
8004,280.4883687499999
8005,281.9281340277778
8006,280.9717128472221
8007,278.2300795138888
8008,271.1425593749999
8009,272.8900475694444
8010,286.3734124999999
8011,290.001976736111
8012,289.9908708333333
8013,287.8192253472222
8014,265.4697128472223
8015,266.3342711805555
8016,274.3465402777778
8017,1240.0
8018,1240.0
8019,1240.0
8020,1240.0
8021,1240.0
8022,1240.0
8023,591.12177152778
8024,256.9672229166666
8025,257.1053225694444
8026,256.8315645833334
8027,258.6592604166667
8028,243.7515524305556
8029,225.858054861111
8030,233.2781850694445
8031,246.0072131944445
8032,246.5054850694444
8033,260.6539465277777
8034,270.4720493055556
8035,266.0753211805555
8036,260.9714934027778
8037,251.9052420138889
8038,252.6981232638888
8039,256.1507413194444
8040,261.8619190972222
8041,1240.0
8042,1240.0
8043,1240.0
8044,1240.0
8045,1240.0
8046,1240.0
8047,463.5456138888934
8048,256.4405197916667
8049,255.5984274305555
8050,254.1284125
8051,257.8207635416666
8052,264.2778833333334
8053,265.5970850694444
8054,251.1210979166667
8055,261.2107628472222
8056,257.0172329861111
8057,258.6144902777778
8058,249.8970847222222
8059,254.1160062499999
8060,251.9070590277777
8061,245.6842600694444
8062,238.6582309027778
8063,243.0417711805556
8064,251.8231496527777
8065,1240.0
8066,1240.0
8067,1240.0
8068,1240.0
8069,1240.0
8070,1240.0
8071,618.539049305554
8072,246.1264913194444
8073,242.3985555555556
8074,241.9827086805556
8075,246.2698718749999
8076,243.4104732638888
8077,257.6490718749999
8078,252.5174895833333
8079,257.6467124999999
8080,271.6511784722222
8081,272.2012729166667
8082,273.38705
8083,273.8263756944444
8084,278.7105208333333
8085,284.6110173611111
8086,283.4512763888889
8087,278.9133579861111
8088,278.4328374999999
8089,1240.0
8090,281.2715166666667
8091,1240.0
8092,1240.0
8093,1240.0
8094,276.7343145833333
8095,284.9597118055555
8096,281.6716444444445
8097,282.790704513889
8098,293.9925913194445
8099,1240.0
8100,293.5941559027777
8101,287.056628125
8102,280.9726055555555
8103,285.6827065972222
8104,285.3571274305556
8105,283.8848302083334
8106,281.4325826388889
8107,342.524894444442
8108,288.5672329861111
8109,290.8617982638889
8110,1240.0
8111,275.8267357638889
8112,1240.0
8113,1240.0
8114,1240.0
8115,1240.0
8116,1240.0
8117,1240.0
8118,1240.0
8119,1240.0
8120,281.9460072916667
8121,282.5218170138888
8122,281.7618413194445
8123,303.8075114583334
8124,323.2790027777777
8125,324.6309243055556
8126,314.8198840277778
8127,291.9977819444443
8128,284.3495579861111
8129,281.378635763889
8130,289.5706701388888
8131,293.9274767361111
8132,282.9621975694445
8133,278.0103795138889
8134,265.6256711805555
8135,262.4880895833334
8136,330.5894659722244
8137,1240.0
8138,1240.0
8139,1240.0
8140,1240.0
8141,1240.0
8142,1240.0
8143,382.6907513888889
8144,246.5987041666667
8145,246.2705815972221
8146,247.1146437500001
8147,253.1111329861112
8148,259.841721875
8149,269.5634458333333
8150,259.2167920138889
8151,246.4827336805556
8152,254.1420854166668
8153,245.8981579861111
8154,263.4590368055555
8155,278.3997795138889
8156,267.4072559027777
8157,256.7760541666667
8158,249.9606003472223
8159,248.0260184027778
8160,249.2187958333333
8161,245.0148406249999
8162,1240.0
8163,1240.0
8164,1240.0
8165,1240.0
8166,1240.0
8167,1238.796493055559
8168,247.5754628472222
8169,243.8662381944444
8170,243.924259375
8171,244.4710413194444
8172,241.2555479166666
8173,241.754201388889
8174,246.0198489583333
8175,253.6671090277778
8176,247.5461559027778
8177,238.5216690972223
8178,236.9018041666666
8179,241.3921624999999
8180,239.2666093750001
8181,243.3128916666668
8182,248.4104142361111
8183,250.5822458333334
8184,248.8988538194444
8185,237.8322465277777
8186,1240.0
8187,1240.0
8188,1240.0
8189,1240.0
8190,1240.0
8191,847.6830704861122
8192,232.1997809027778
8193,226.0599885416667
8194,227.1922930555556
8195,230.758471875
8196,230.1407041666668
8197,222.9956371527778
8198,224.3662715277778
8199,228.9192704861111
8200,225.8447111111111
8201,226.193132986111
8202,232.4753222222222
8203,233.9091083333333
8204,237.2417927083334
8205,247.939384375
8206,247.5245621527778
8207,252.9769097222222
8208,259.2799770833333
8209,1240.0
8210,1240.0
8211,1240.0
8212,1240.0
8213,1240.0
8214,1240.0
8215,322.3740944444428
8216,240.722996875
8217,242.0217
8218,240.2372208333333
8219,235.3544100694444
8220,235.8078708333333
8221,241.4567961805555
8222,233.9717972222222
8223,246.4305333333334
8224,267.7105270833334
8225,270.5841208333333
8226,257.4329753472223
8227,247.9469663194445
8228,266.9409013888889
8229,264.7729506944444
8230,258.2939916666667
8231,249.4544899305556
8232,258.8730805555555
8233,1240.0
8234,1240.0
8235,1240.0
8236,1240.0
8237,1240.0
8238,1240.0
8239,617.6228954861137
8240,255.4339718749999
8241,250.2070256944444
8242,247.212421875
8243,244.8897805555555
8244,242.0413302083333
8245,244.9799770833333
8246,256.8703815972223
8247,259.2908559027778
8248,256.5358590277778
8249,269.5430677083333
8250,264.4144114583334
8251,275.5702097222222
8252,274.5600565972222
8253,266.2225576388889
8254,268.3666322916667
8255,268.4115402777778
8256,273.0374902777777
8257,1240.0
8258,1240.0
8259,1240.0
8260,1240.0
8261,1240.0
8262,1240.0
8263,870.849510763891
8264,250.478878125
8265,244.3586954861111
8266,243.0690850694445
8267,254.8284840277777
8268,264.0513857638888
8269,260.7218156250001
8270,256.2143274305556
8271,255.6095465277778
8272,267.878586111111
8273,269.5868631944444
8274,263.8667045138889
8275,265.3818385416666
8276,265.3838399305556
8277,254.7851052083334
8278,263.0348159722222
8279,267.8649777777778
8280,271.8860545138889
8281,1240.0
8282,1240.0
8283,1240.0
8284,1240.0
8285,1240.0
8286,1240.0
8287,1095.255511111108
8288,263.0179843749999
8289,258.1612746527778
8290,252.4549902777778
8291,252.4171388888889
8292,257.8440302083333
8293,263.1702072916667
8294,270.3959284722222
8295,277.1162059027778
8296,274.5696177083334
8297,277.6750479166668
8298,282.70776875
8299,279.9653670138889
8300,279.7837861111111
8301,277.2770461805554
8302,276.6286
8303,273.36726875
8304,276.0469555555555
8305,1240.0
8306,285.7453555555556
8307,1240.0
8308,1240.0
8309,1240.0
8310,273.7764114583334
8311,270.724638888889
8312,260.042382638889
8313,257.2299638888889
8314,255.6533909722222
8315,1240.0
8316,264.0073378472222
8317,277.4583697916667
8318,293.7733458333333
8319,292.3618982638889
8320,328.2063322916666
8321,309.770984375
8322,302.7276357638888
8323,432.2864076388878
8324,300.8088065972222
8325,302.6395635416665
8326,1240.0
8327,296.7542364583333
8328,1240.0
8329,1240.0
8330,284.0767694444445
8331,1240.0
8332,1240.0
8333,1240.0
8334,256.7668965277778
8335,258.1015024305556
8336,257.1440618055557
8337,256.3413090277778
8338,255.5194579861111
8339,1240.0
8340,264.7099885416667
8341,265.088590625
8342,266.9928038194445
8343,264.8445847222222
8344,267.1372354166667
8345,270.5519118055555
8346,265.8514121527778
8347,263.3082652777778
8348,264.3609947916666
8349,262.6965725694445
8350,1240.0
8351,262.3570802083333
8352,796.5844906250006
8353,1240.0
8354,262.3679402777779
8355,1240.0
8356,1240.0
8357,1240.0
8358,247.3209055555556
8359,247.2881475694444
8360,244.8606034722222
8361,240.0355895833333
8362,238.0563204861112
8363,1240.0
8364,234.7439010416667
8365,246.4918371527777
8366,255.7315489583333
8367,263.3902621527777
8368,266.5195006944444
8369,276.7092368055556
8370,286.0306829861111
8371,286.9507520833333
8372,284.3375815972221
8373,278.1536114583332
8374,1240.0
8375,275.7294666666667
8376,598.5176468749996
8377,1240.0
8378,271.7670850694443
8379,1240.0
8380,1240.0
8381,1240.0
8382,262.2486930555555
8383,260.2723479166667
8384,256.3920180555556
8385,269.7355923611111
8386,276.4785256944445
8387,1240.0
8388,303.088659375
8389,302.4680913194444
8390,267.7698052083333
8391,270.5103489583333
8392,275.2134482638888
8393,281.4538795138889
8394,280.481413888889
8395,278.8741541666666
8396,281.5463291666666
8397,268.8201625
8398,1240.0
8399,269.2760104166667
8400,1034.151518402775
8401,1240.0
8402,267.1162729166666
8403,1240.0
8404,1240.0
8405,1240.0
8406,275.3674666666666
8407,275.8667572916667
8408,272.6757038194444
8409,271.2003475694445
8410,265.4235291666667
8411,1240.0
8412,257.3317107638889
8413,261.4189895833333
8414,258.4301166666667
8415,268.1085520833333
8416,274.7397124999999
8417,271.9015729166667
8418,282.4360753472222
8419,285.3543506944445
8420,282.4464444444445
8421,280.313128125
8422,1240.0
8423,282.6808572916667
8424,1022.201229513891
8425,279.7074878472222
8426,1240.0
8427,287.1563545138889
8428,1240.0
8429,1240.0
8430,281.5398131944444
8431,281.3144329861111
8432,1240.0
8433,1240.0
8434,297.1196982638889
8435,302.4761833333333
8436,289.0446854166665
8437,286.9140354166666
8438,282.6353340277778
8439,279.4719086805555
8440,270.4084607638889
8441,268.0830201388889
8442,302.357956180557
8443,271.3110167708334
8444,280.5027315972223
8445,281.2464687500001
8446,1240.0
8447,1240.0
8448,285.6108467013889
8449,282.9770569444444
8450,279.1565613368056
8451,277.2018635416666
8452,275.1752291666667
8453,1240.0
8454,257.7600791666667
8455,1240.0
8456,1240.0
8457,139.2277195138889
8458,131.4663194444444
8459,131.5774305555555
8460,131.6885416666666
8461,131.7996527777777
8462,124.9789816527778
8463,198.2912732291667
8464,228.9191077083334
8465,224.6987136805555
8466,223.8440163194445
8467,223.8048958333333
8468,223.9167708333334
8469,223.8742125
8470,1240.0
8471,1240.0
8472,352.6445395868027
8473,1240.0
8474,223.8636111111111
8475,1240.0
8476,1240.0
8477,1240.0
8478,224.4153121527778
8479,224.7765972222223
8480,225.1069444444445
8481,223.9926503472223
8482,252.7597784722222
8483,1240.0
8484,269.9590527777777
8485,267.6468517361112
8486,263.8156600694444
8487,271.6658607638889
8488,272.1674402777778
8489,277.8268038194445
8490,277.9027791666666
8491,300.7124645833333
8492,309.0181930555555
8493,316.9319190972222
8494,1240.0
8495,290.9230899305556
8496,531.0378479166654
8497,1240.0
8498,1240.0
8499,1240.0
8500,1240.0
8501,1240.0
8502,1240.0
8503,1240.0
8504,275.4481163194444
8505,272.5864239583333
8506,275.5179413194443
8507,272.2064454861111
8508,270.6801628472222
8509,272.8210538194445
8510,270.8690284722222
8511,271.2380809027778
8512,274.7595711805556
8513,272.0917802083334
8514,275.2793291666667
8515,279.6806913194445
8516,283.6321284722222
8517,282.2316340277778
8518,284.8728673611112
8519,280.6428003472222
8520,307.6738065972218
8521,1240.0
8522,278.9944913194444
8523,1240.0
8524,1240.0
8525,1240.0
8526,269.9835729166666
8527,269.6195451388888
8528,266.5584833333334
8529,259.6789913194445
8530,264.2423027777777
8531,1240.0
8532,274.3884625
8533,272.5142260416667
8534,273.3203479166667
8535,276.2615395833333
8536,279.63305625
8537,273.7867239583334
8538,276.1507968749999
8539,279.867465625
8540,275.8287489583333
8541,279.0654402777777
8542,1240.0
8543,278.9710322916667
8544,1091.992670138889
8545,1240.0
8546,272.8388177083334
8547,1240.0
8548,1240.0
8549,1240.0
8550,266.79599375
8551,271.903959375
8552,268.9371079861111
8553,271.8746055555556
8554,264.7562711805556
8555,1240.0
8556,249.8005315972221
8557,246.0792097222222
8558,247.22819375
8559,252.0871343750001
8560,252.3963420138889
8561,253.8409482638889
8562,255.8698041666667
8563,256.3254277777779
8564,255.4010864583334
8565,255.2165704861112
8566,1240.0
8567,259.8202107638888
8568,698.9417739583325
8569,1240.0
8570,1240.0
8571,1240.0
8572,1240.0
8573,1240.0
8574,1240.0
8575,432.7868701388892
8576,264.3193979166667
8577,261.7344930555556
8578,258.8994086805556
8579,250.4761
8580,243.8143170138889
8581,245.9147222222223
8582,246.4776746527778
8583,240.2273704861111
8584,239.6763194444445
8585,237.2750010416667
8586,239.4184399305556
8587,239.2457649305555
8588,238.1063892361112
8589,237.993934375
8590,238.3021284722222
8591,240.074190625
8592,246.7336090277777
8593,242.4686673611112
8594,238.6439697916667
8595,1240.0
8596,237.0972774305556
8597,236.5393534722222
8598,235.6102336805556
8599,993.9771503472264
8600,237.9076888888889
8601,1240.0
8602,236.2665295138889
8603,233.8082986111112
8604,234.0640409722222
8605,237.8541684027778
8606,239.2283704861111
8607,239.3911684027778
8608,240.8889934027778
8609,241.4929430555556
8610,242.6515958333333
8611,241.622096875
8612,240.9203010416668
8613,1240.0
8614,1240.0
8615,1240.0
8616,251.2819315972222
8617,248.3525215277778
8618,1240.0
8619,1240.0
8620,1240.0
8621,1240.0
8622,1240.0
8623,1131.262176736112
8624,236.3737944444445
8625,239.6966777777778
8626,235.9902541666667
8627,236.3300239583334
8628,241.0033364583333
8629,246.5390736111111
8630,244.1558336805556
8631,246.1265048611112
8632,248.8229979166667
8633,261.3088524305555
8634,256.2346836805556
8635,257.2892024305556
8636,252.45273125
8637,253.81369375
8638,253.7391805555555
8639,250.203482638889
8640,251.9827989583333
8641,250.3856131944444
8642,1240.0
8643,1240.0
8644,1240.0
8645,1240.0
8646,1240.0
8647,1206.590655902775
8648,240.1073027777778
8649,237.7586913194444
8650,235.1470513888889
8651,252.0316312500001
8652,254.3912503472222
8653,257.0094430555556
8654,257.6286677083333
8655,252.1849059027778
8656,252.6756694444445
8657,251.7832868055555
8658,249.0704302083333
8659,247.4253590277778
8660,249.20225625
8661,246.1979704861112
8662,244.685565625
8663,245.9509135416666
8664,249.0674190972222
8665,246.2183458333334
8666,1240.0
8667,1240.0
8668,1240.0
8669,1240.0
8670,1240.0
8671,1065.118179513888
8672,244.1398739583333
8673,242.1551284722221
8674,240.8482072916667
8675,240.3797784722223
8676,239.9579506944445
8677,240.0927430555556
8678,238.0257541666666
8679,239.6787767361112
8680,238.1532527777777
8681,238.2434833333334
8682,239.0180326388889
8683,238.5243982638889
8684,239.3105302083334
8685,239.4014010416666
8686,239.4654041666666
8687,237.7357975694444
8688,240.7948840277778
8689,1240.0
8690,233.1545368055556
8691,1240.0
8692,959.5897072916648
8693,1240.0
8694,234.6383090277778
8695,234.7562954861111
8696,234.9157895833334
8697,234.2947097222223
8698,233.6225843749999
8699,1240.0
8700,234.2985538194444
8701,239.0404878472222
8702,239.0786486111112
8703,238.2641795138889
8704,243.1559586805556
8705,242.3039357638889
8706,243.0395246527778
8707,244.7090979166667
8708,246.1587975694445
8709,247.4968420138889
8710,1240.0
8711,254.4667475694444
8712,254.6243298611111
8713,1240.0
8714,251.2067635416668
8715,1240.0
8716,1147.478623958334
8717,1240.0
8718,244.8073263888889
8719,244.8551625000001
8720,242.2113059027778
8721,242.7939961805556
8722,244.2383465277778
8723,1240.0
8724,245.1700895833333
8725,240.1898840277777
8726,240.8133100694444
8727,241.0285680555556
8728,239.4364569444445
8729,248.28289375
8730,244.8761684027778
8731,243.1209739583334
8732,235.4746659722222
8733,236.2311340277777
8734,1240.0
8735,236.8906819444445
8736,239.4779399305556
8737,231.6204274305556
8738,1240.0
8739,1240.0
8740,1240.0
8741,1240.0
8742,1240.0
8743,988.3574006944448
8744,231.7615638888889
8745,231.7668760416668
8746,231.2053784722222
8747,230.4629746527778
8748,229.3973142361112
8749,230.8033440972222
8750,233.8840756944444
8751,256.6833201388889
8752,260.3777069444445
8753,262.7607506944444
8754,263.6805680555556
8755,257.2143375
8756,256.7213409722223
8757,258.44400625
8758,239.821376388889
8759,236.4230552083333
8760,233.4691888888889
