Hour,Load_Profile
1,306.7272378472223
2,309.4915868055555
3,313.2050704861112
4,306.8522777777778
5,301.8982993055556
6,305.9517128472222
7,307.0546069444445
8,306.8683086805555
9,307.2116454861111
10,307.1008444444445
11,308.3024038194445
12,299.3381329861111
13,1240.0
14,1240.0
15,1240.0
16,1240.0
17,298.2812482638888
18,297.1698829861111
19,302.8480940972223
20,997.7423982638877
21,1240.0
22,1240.0
23,1240.0
24,318.5286447916667
25,1240.0
26,311.495901388889
27,313.4280010416666
28,308.4458746527778
29,938.9666868055551
30,308.0661590277778
31,303.4237142361111
32,310.3455333333334
33,1240.0
34,1240.0
35,1240.0
36,307.9652440972222
37,1240.0
38,1240.0
39,296.6049652777778
40,290.2082527777778
41,1240.0
42,290.4426958333334
43,287.0932631944445
44,284.3619475694445
45,283.0933468750001
46,279.8055333333334
47,285.1238194444445
48,287.0261236111112
49,289.2570934027778
50,293.1003128472221
51,1240.0
52,1240.0
53,759.0520888888916
54,298.6289503472223
55,1240.0
56,1240.0
57,290.8469784722223
58,293.629664236111
59,294.3273159722222
60,293.4694333333334
61,292.1821177083332
62,288.9402677083332
63,1240.0
64,1240.0
65,297.7236097222222
66,293.2954440972222
67,297.6196545138889
68,297.3214493055555
69,296.8672791666667
70,297.8731597222222
71,300.9561833333334
72,1240.0
73,1240.0
74,1240.0
75,292.1650190972223
76,1240.0
77,1240.0
78,291.9346083333333
79,287.5908472222222
80,282.2960395833333
81,278.2254982638889
82,279.69315
83,283.7072201388888
84,294.0328024305555
85,1240.0
86,1240.0
87,1240.0
88,285.427579861111
89,289.48761875
90,295.7895378472222
91,301.2902663194444
92,299.8761437499999
93,295.9290996527777
94,666.9702024305558
95,296.7238548611111
96,296.792821875
97,289.0909517361113
98,290.089826736111
99,287.405484375
100,286.4411711805557
101,291.8153447916667
102,289.6043649305556
103,291.1057493055555
104,295.3642711805556
105,300.1218625
106,305.1186802083334
107,305.1175
108,856.9650857638874
109,303.2688190972223
110,304.7588736111111
111,1240.0
112,1240.0
113,1240.0
114,1240.0
115,295.7767694444445
116,297.3054065972223
117,1240.0
118,1240.0
119,1240.0
120,304.0906364583332
121,310.066317013889
122,308.9834729166666
123,310.8915010416666
124,304.0112479166666
125,303.0497350694444
126,299.0539208333333
127,297.3162982638889
128,298.3168284722223
129,297.4202427083333
130,299.0792499999999
131,1240.0
132,1178.402040972222
133,1240.0
134,1240.0
135,313.2516298611112
136,312.0925243055555
137,310.2033927083334
138,312.4255076388888
139,311.2931336805556
140,1240.0
141,317.2958350694445
142,1240.0
143,1240.0
144,1240.0
145,1240.0
146,304.5721399305556
147,299.6601736111111
148,303.1023482638889
149,307.0665142361111
150,309.7632649305555
151,309.2361423611112
152,315.64946875
153,318.0743968749999
154,1240.0
155,1240.0
156,1240.0
157,309.4032302083332
158,1175.745723958333
159,1240.0
160,1240.0
161,310.4189326388889
162,303.9967572916667
163,303.5358444444445
164,299.8892625
165,294.3938052083333
166,299.0706840277777
167,297.2900211805555
168,1240.0
169,1240.0
170,302.9082652777777
171,307.0584406249999
172,307.0659128472223
173,306.2884986111112
174,304.6649378472222
175,294.5417225694446
176,293.7696552083333
177,295.8664923611111
178,298.231585763889
179,302.9807749999999
180,311.450484375
181,1240.0
182,312.8182861111111
183,1240.0
184,1240.0
185,303.9757909722223
186,1095.155600694448
187,307.5271618055555
188,308.37695625
189,309.8886586805555
190,1240.0
191,1240.0
192,1240.0
193,1240.0
194,1240.0
195,1240.0
196,1240.0
197,302.2706979166667
198,299.5197680555555
199,1240.0
200,293.939490625
201,295.46634375
202,298.8477909722222
203,290.0406256944443
204,289.1428906249999
205,290.4390506944445
206,284.9647329861111
207,278.3956340277778
208,286.1168645833334
209,1240.0
210,798.1600402777754
211,291.2718638888888
212,290.3036017361111
213,285.5151270833333
214,1240.0
215,291.7951142361111
216,294.8491065972221
217,292.3988430555556
218,291.72505625
219,293.09009375
220,290.1028694444445
221,289.3498954861111
222,286.9611829861111
223,287.5721319444444
224,1240.0
225,1240.0
226,302.8102118055555
227,310.0038451388889
228,302.7015395833333
229,1240.0
230,1240.0
231,1240.0
232,283.4573854166667
233,283.0658559027777
234,285.294723263889
235,287.9475461805555
236,279.4320604166666
237,275.7182517361111
238,613.4633243055555
239,1240.0
240,1240.0
241,293.7361593750001
242,1240.0
243,1240.0
244,1240.0
245,1240.0
246,284.5462704861111
247,1200.29429861111
248,275.576235763889
249,271.6575795138889
250,273.5363329861111
251,272.3790072916666
252,267.8160041666666
253,268.6879534722222
254,267.8596093749999
255,260.5725822916666
256,264.1335416666667
257,277.5648423611111
258,275.7117361111112
259,274.2301402777778
260,278.1042940972222
261,278.9431375
262,275.9844329861111
263,1240.0
264,1240.0
265,1240.0
266,1240.0
267,266.7893979166666
268,1240.0
269,266.0784017361111
270,264.7823052083333
271,700.8448656249982
272,255.9399666666667
273,256.0285434027778
274,257.3260996527778
275,261.9340944444444
276,262.2318524305556
277,1240.0
278,1240.0
279,265.8110791666666
280,264.8057631944444
281,259.05160625
282,255.4536583333333
283,252.6169211805556
284,258.5156364583332
285,257.654190625
286,259.8165993055555
287,260.2275371527778
288,1240.0
289,268.1910791666668
290,268.5788444444445
291,265.8591093749999
292,1240.0
293,1240.0
294,1240.0
295,1240.0
296,257.9953340277778
297,256.5543513888888
298,254.5795364583333
299,249.9243649305556
300,1240.0
301,1240.0
302,888.2872715277753
303,285.9483319444444
304,284.8204170138888
305,280.5128142361111
306,281.6064156250001
307,275.3316680555555
308,273.1992361111111
309,277.4846159722222
310,279.7576607638889
311,286.2333670138888
312,291.73536875
313,289.5429170138888
314,275.0853927083332
315,267.3345607638889
316,263.6779177083333
317,259.0842364583334
318,258.9926656250001
319,257.5302888888888
320,1240.0
321,1240.0
322,1240.0
323,815.0837857638862
324,261.2731725694444
325,1240.0
326,1240.0
327,1240.0
328,272.5117472222223
329,279.0020934027777
330,273.8854052083333
331,276.1925704861112
332,278.1604413194444
333,264.5076732638889
334,269.4371388888889
335,281.430290625
336,279.8034250000001
337,284.0140149305554
338,287.5315600694445
339,1240.0
340,295.8263100694444
341,278.70039375
342,278.7298951388889
343,268.7603444444445
344,262.3516645833333
345,261.1536003472222
346,263.0718170138888
347,268.7001138888889
348,1008.530284027782
349,1240.0
350,1240.0
351,1240.0
352,1240.0
353,1240.0
354,267.1891562499999
355,266.1189135416667
356,265.4429614583333
357,259.0979416666667
358,264.9753951388889
359,274.2991336805556
360,279.5414118055556
361,1240.0
362,1240.0
363,1240.0
364,1240.0
365,1240.0
366,1240.0
367,920.8988288194428
368,251.6012041666667
369,256.9679958333333
370,253.7015736111111
371,259.6915743055555
372,268.5341930555555
373,269.7860413194445
374,271.1678788194445
375,276.8045861111111
376,276.1575361111111
377,277.1430430555556
378,264.9056361111111
379,273.5543506944443
380,277.1347916666667
381,279.1553697916667
382,289.6599552083334
383,287.2317704861111
384,275.55340625
385,286.1041451388888
386,300.5729322916666
387,299.7916878472222
388,302.4182850694445
389,299.5190395833334
390,303.4904638888888
391,1240.0
392,1240.0
393,1240.0
394,747.5645732638839
395,276.1723527777777
396,284.1678097222222
397,291.2813635416666
398,289.2337253472223
399,295.1996666666667
400,300.9995815972222
401,1240.0
402,1240.0
403,1240.0
404,1240.0
405,304.5891784722221
406,305.5427305555554
407,300.845290625
408,314.7345368055555
409,309.4487156250001
410,312.5955173611111
411,306.4591659722223
412,302.2073253472222
413,308.3121673611111
414,300.6187458333334
415,289.1691694444444
416,1240.0
417,1240.0
418,940.5249649305556
419,311.2190642361111
420,300.174721875
421,301.3661013888888
422,300.282234375
423,296.2706336805555
424,290.4237958333333
425,1240.0
426,1240.0
427,1240.0
428,1240.0
429,307.0533559027778
430,304.492257986111
431,308.2177065972222
432,1240.0
433,310.0060993055555
434,315.1185184027779
435,320.5454017361111
436,313.9668881944445
437,312.2770003472222
438,306.5382517361111
439,1240.0
440,1240.0
441,967.3574857638873
442,1240.0
443,1240.0
444,303.3284381944445
445,306.5791347222222
446,302.3787291666667
447,304.3418892361111
448,295.8551763888889
449,1240.0
450,1240.0
451,1240.0
452,295.9486086805555
453,307.1785100694444
454,305.442915625
455,304.7345020833333
456,305.3753704861112
457,301.8841760416666
458,306.9718972222223
459,311.7874184027778
460,305.7203232638889
461,302.0638072916666
462,298.833665625
463,294.3964579861112
464,289.0358361111111
465,288.7471743055556
466,970.0420062500004
467,1240.0
468,1240.0
469,1240.0
470,1240.0
471,1240.0
472,1240.0
473,1240.0
474,307.3115260416668
475,303.2003704861111
476,304.6770600694445
477,307.6587388888889
478,307.762084375
479,309.0684222222222
480,312.0129270833334
481,301.2469684027778
482,304.9445364583333
483,305.5694927083333
484,296.1882625
485,290.3652350694445
486,290.4291086805555
487,290.9566684027778
488,292.6402454861111
489,293.8188902777777
490,289.1674076388888
491,290.3502548611111
492,275.279073611111
493,271.4957531250001
494,1240.0
495,356.2955085347231
496,1240.0
497,1240.0
498,1240.0
499,1240.0
500,1240.0
501,1240.0
502,277.692361111111
503,277.8034722222222
504,277.9145833333333
505,275.3590277777778
506,1240.0
507,1240.0
508,1240.0
509,275.8034722222222
510,275.9145833333333
511,276.0256944444444
512,276.1368055555556
513,276.5777895833334
514,275.87599375
515,267.969326736111
516,267.3182062499999
517,1100.373252083332
518,272.2363065972222
519,267.0910999999999
520,263.2213305555555
521,1240.0
522,1240.0
523,1240.0
524,275.2877083333333
525,289.8555440972223
526,290.8447420138889
527,299.8873736111111
528,304.2847902777777
529,300.4152215277777
530,305.32024375
531,306.5625479166666
532,287.8861895833333
533,282.0598496527778
534,278.9003704861112
535,265.4412503472221
536,262.6752996527778
537,1240.0
538,1240.0
539,1240.0
540,1240.0
541,1240.0
542,1240.0
543,1240.0
544,279.6593302083334
545,325.3118618055586
546,279.7585680555554
547,279.8367013888889
548,281.3755215277778
549,295.1139034722221
550,307.920845138889
551,310.924929861111
552,301.3424197916667
553,298.6419822916666
554,317.5898288194444
555,324.2453031249999
556,311.5886434027777
557,304.1799062499999
558,303.408345138889
559,301.8763284722222
560,1240.0
561,297.8683913194443
562,295.0916232638888
563,1134.511425694444
564,1240.0
565,1240.0
566,1240.0
567,1240.0
568,1240.0
569,1240.0
570,295.9451121527777
571,326.959735763889
572,327.3564131944445
573,321.2004506944444
574,326.3732177083334
575,325.2954649305556
576,325.7177326388889
577,335.4084621527779
578,333.9001260416667
579,334.1714003472222
580,329.25103125
581,322.6389
582,319.000084375
583,315.7805114583334
584,1240.0
585,315.9208666666667
586,317.6544805555555
587,1240.0
588,1240.0
589,1240.0
590,1240.0
591,430.2764305555542
592,299.9841218750001
593,1240.0
594,1240.0
595,1240.0
596,306.4015399305556
597,305.0526034722221
598,302.9413090277778
599,299.5727756944445
600,312.0577392361112
601,309.0154628472222
602,311.7683545138889
603,308.5620263888889
604,306.3976375
605,300.2980791666666
606,301.2453940972222
607,296.0831225694445
608,1240.0
609,1240.0
610,1240.0
611,1240.0
612,1240.0
613,1240.0
614,983.4460305555556
615,307.8747427083333
616,308.3441215277778
617,1240.0
618,314.48036875
619,315.9867295138889
620,317.6313440972223
621,315.9995131944444
622,307.8627847222222
623,314.3904392361111
624,308.2025201388888
625,309.3566659722223
626,309.1522944444445
627,316.2701753472222
628,316.2341065972223
629,313.5663180555556
630,312.6432517361111
631,310.0695465277778
632,1240.0
633,1240.0
634,1240.0
635,1240.0
636,1240.0
637,1240.0
638,1240.0
639,311.6015062500001
640,476.4976062500029
641,1240.0
642,311.6117128472222
643,316.3957885416667
644,324.0091756944445
645,327.1964684027778
646,312.5525614583334
647,316.7817934027779
648,323.4310305555555
649,320.7270256944444
650,318.2149444444444
651,325.729917013889
652,323.7854048611111
653,325.1122472222222
654,324.8975579861112
655,325.3527972222221
656,326.2334065972221
657,320.6703506944444
658,1240.0
659,1240.0
660,316.3458708333333
661,315.6080440972222
662,315.0026218749999
663,605.2829829861093
664,1240.0
665,1240.0
666,1240.0
667,1240.0
668,1240.0
669,318.8893059027779
670,321.8669090277777
671,325.6395947916666
672,1240.0
673,324.2616663194443
674,331.9569197916667
675,333.9375260416666
676,332.9613614583333
677,327.5559246527777
678,322.0789329861112
679,318.5053013888888
680,308.98644375
681,302.6131586805556
682,303.1675809027778
683,1240.0
684,1240.0
685,319.5471618055556
686,323.3800680555555
687,747.4829583333283
688,322.7887503472222
689,319.1964048611111
690,1240.0
691,1240.0
692,1240.0
693,1240.0
694,1240.0
695,336.4547336805555
696,1240.0
697,338.3024541666667
698,334.0967003472223
699,340.2375739583333
700,327.1891684027777
701,322.4628263888889
702,321.9513642361112
703,319.0102288194445
704,313.9580913194446
705,320.1211107638889
706,724.0983993055597
707,1240.0
708,331.1945947916666
709,1240.0
710,1240.0
711,1240.0
712,321.0509020833334
713,1240.0
714,1240.0
715,1240.0
716,1240.0
717,302.6472444444445
718,306.8721520833334
719,298.2529045138889
720,276.5975107638889
721,266.4900229166666
722,1240.0
723,263.0020361111111
724,258.638540625
725,258.5960732638889
726,253.2474083333334
727,728.7773958333343
728,247.2560319444444
729,244.4241333333333
730,244.8991086805556
731,251.5012371527778
732,268.27301875
733,288.6035083333333
734,286.1734079861111
735,277.9358607638889
736,279.2434711805555
737,1240.0
738,1240.0
739,1240.0
740,261.1888204861111
741,1240.0
742,1240.0
743,260.3891798611111
744,261.4710631944445
745,1240.0
746,1240.0
747,1240.0
748,1240.0
749,1240.0
750,270.6397555555557
751,270.1835555555555
752,269.3843649305556
753,268.1337190972222
754,268.1243878472222
755,263.6552243055556
756,266.3383458333333
757,279.6901927083333
758,284.5357652777778
759,285.8443979166667
760,294.3622347222222
761,294.3760746527778
762,1115.860903819443
763,291.0804642361111
764,293.4696156250001
765,288.5882065972223
766,282.479863888889
767,275.3776940972223
768,1240.0
769,1240.0
770,1240.0
771,1240.0
772,1184.10410451389
773,247.2857420138889
774,245.6320736111112
775,244.6317246527777
776,244.2629871527778
777,242.8071069444444
778,242.5982770833334
779,241.3272576388889
780,239.2578465277778
781,1240.0
782,1240.0
783,235.1338916666666
784,235.7454743055555
785,239.1301034722222
786,241.9059156250001
787,244.0574982638889
788,246.3165409722222
789,245.5710746527778
790,246.9553364583333
791,250.3609704861111
792,252.4510677083333
793,251.0799875
794,251.2984236111112
795,245.0350090277777
796,243.3837006944444
797,236.8519086805555
798,233.6141892361111
799,233.3046527777778
800,233.0631013888888
801,235.4628236111112
802,239.5063083333332
803,242.8583427083333
804,245.8787229166666
805,1240.0
806,1240.0
807,1240.0
808,690.588980555553
809,318.0298954861112
810,1240.0
811,1240.0
812,1240.0
813,262.8140822916666
814,259.8700246527778
815,262.3638305555555
816,266.7238166666666
817,260.5988079861111
818,248.2883222222221
819,256.7764940972222
820,261.215925
821,255.4450940972222
822,256.5677770833333
823,254.0930003472222
824,252.2235979166666
825,245.5301145833333
826,236.9665045138888
827,248.6784135416667
828,261.9263774305556
829,1240.0
830,881.8961499999972
831,1240.0
832,1240.0
833,1240.0
834,1240.0
835,1240.0
836,299.6525395833333
837,291.9067927083333
838,291.248923611111
839,287.6675256944443
840,282.5988319444444
841,275.6737725694444
842,271.1364944444445
843,278.9790489583333
844,281.4116208333334
845,275.5809496527778
846,274.3667715277776
847,272.4208559027778
848,270.8461934027778
849,266.8160065972222
850,1240.0
851,261.7848375
852,1240.0
853,1240.0
854,1240.0
855,277.0056951388888
856,989.8310062500007
857,1240.0
858,1240.0
859,273.716251388889
860,276.2614934027777
861,272.8298152777778
862,267.1197100694444
863,267.0306840277777
864,264.9240958333332
865,256.4825909722223
866,253.2688770833333
867,252.6947788194445
868,251.0653670138889
869,253.6258913194445
870,253.4684253472223
871,1240.0
872,1240.0
873,1240.0
874,251.0545246527778
875,253.517014236111
876,256.2531006944445
877,260.5510895833334
878,262.4709597222222
879,262.0105565972223
880,260.5190274305555
881,1240.0
882,1240.0
883,1240.0
884,629.5570194444472
885,266.0541225694445
886,264.3784954861111
887,271.1414267361111
888,273.4096336805555
889,270.7977430555555
890,266.899459375
891,260.439084375
892,257.114225
893,255.9068625
894,255.476435763889
895,1240.0
896,1240.0
897,251.1282756944445
898,249.581746875
899,256.0377225694444
900,255.3244715277778
901,247.1522215277778
902,252.69993125
903,257.9122916666666
904,580.0999298611162
905,1240.0
906,1240.0
907,1240.0
908,1240.0
909,262.1977559027778
910,265.250345138889
911,268.6848864583333
912,269.4297704861111
913,275.8282079861111
914,259.4030309027777
915,258.013865625
916,263.8672548611111
917,269.0453715277778
918,263.8499329861111
919,1240.0
920,1240.0
921,263.5454163194445
922,264.5667038194444
923,263.8523010416666
924,271.4586888888889
925,276.8238340277778
926,275.8379979166666
927,280.4028333333334
928,286.1033184027779
929,1240.0
930,1240.0
931,1240.0
932,1240.0
933,986.7579135416665
934,260.8612961805556
935,258.3581232638888
936,270.2867232638889
937,274.2208579861111
938,274.9547920138889
939,275.7344340277778
940,266.1328232638889
941,277.5063315972222
942,278.0002041666667
943,1240.0
944,1188.492303472226
945,1240.0
946,277.9258486111111
947,278.4917284722222
948,280.4883687499999
949,281.9281340277778
950,280.9717128472221
951,278.2300795138888
952,271.1425593749999
953,272.8900475694444
954,1240.0
955,1240.0
956,1240.0
957,287.8192253472222
958,1240.0
959,266.3342711805555
960,274.3465402777778
961,271.4195465277778
962,268.8659597222223
963,269.7128222222223
964,274.3126722222222
965,263.3569444444446
966,256.5181215277777
967,1240.0
968,1240.0
969,1240.0
970,555.3586788194494
971,258.6592604166667
972,243.7515524305556
973,225.858054861111
974,233.2781850694445
975,246.0072131944445
976,246.5054850694444
977,260.6539465277777
978,1240.0
979,1240.0
980,1240.0
981,251.9052420138889
982,252.6981232638888
983,256.1507413194444
984,261.8619190972222
985,258.5099538194444
986,484.433837847227
987,257.1603472222222
988,255.2288246527778
989,250.4920375
990,1240.0
991,257.7482055555556
992,256.4405197916667
993,255.5984274305555
994,254.1284125
995,1240.0
996,1240.0
997,1240.0
998,1240.0
999,1240.0
1000,257.0172329861111
1001,258.6144902777778
1002,249.8970847222222
1003,254.1160062499999
1004,251.9070590277777
1005,245.6842600694444
1006,238.6582309027778
1007,243.0417711805556
1008,251.8231496527777
1009,252.5675361111111
1010,256.1181840277777
1011,259.4474298611111
1012,257.4037409722222
1013,254.9302319444444
1014,256.4810774305556
1015,250.7281934027777
1016,246.1264913194444
1017,242.3985555555556
1018,241.9827086805556
1019,246.2698718749999
1020,661.5011013888864
1021,1240.0
1022,1240.0
1023,1240.0
1024,271.6511784722222
1025,1240.0
1026,1240.0
1027,1240.0
1028,278.7105208333333
1029,284.6110173611111
1030,283.4512763888889
1031,278.9133579861111
1032,278.4328374999999
1033,269.9146892361111
1034,281.2715166666667
1035,270.8922684027778
1036,275.096296875
1037,276.8841420138889
1038,276.7343145833333
1039,1240.0
1040,1240.0
1041,1240.0
1042,392.6989836805534
1043,295.737409375
1044,293.5941559027777
1045,287.056628125
1046,280.9726055555555
1047,285.6827065972222
1048,285.3571274305556
1049,1240.0
1050,1240.0
1051,1240.0
1052,1240.0
1053,290.8617982638889
1054,289.226017013889
1055,275.8267357638889
1056,269.3743857638889
1057,265.3960270833333
1058,272.1494107638888
1059,271.3313805555555
1060,276.4285204861111
1061,277.2956253472223
1062,286.9314670138889
1063,1240.0
1064,1240.0
1065,1240.0
1066,281.7618413194445
1067,303.8075114583334
1068,323.2790027777777
1069,324.6309243055556
1070,314.8198840277778
1071,291.9977819444443
1072,425.5695420138902
1073,1240.0
1074,1240.0
1075,1240.0
1076,1240.0
1077,278.0103795138889
1078,265.6256711805555
1079,262.4880895833334
1080,252.1438552083334
1081,246.0555072916667
1082,247.1626041666666
1083,248.197509375
1084,252.6578236111111
1085,249.903589236111
1086,419.3399777777775
1087,1240.0
1088,1240.0
1089,1240.0
1090,247.1146437500001
1091,253.1111329861112
1092,259.841721875
1093,269.5634458333333
1094,259.2167920138889
1095,246.4827336805556
1096,254.1420854166668
1097,1240.0
1098,1240.0
1099,1240.0
1100,267.4072559027777
1101,256.7760541666667
1102,249.9606003472223
1103,248.0260184027778
1104,249.2187958333333
1105,245.0148406249999
1106,251.3936555555556
1107,254.5766215277778
1108,255.8357322916667
1109,252.2629899305555
1110,252.7889496527778
1111,251.3496194444444
1112,1240.0
1113,1240.0
1114,243.924259375
1115,244.4710413194444
1116,241.2555479166666
1117,241.754201388889
1118,246.0198489583333
1119,1188.667363888889
1120,1240.0
1121,1240.0
1122,1240.0
1123,241.3921624999999
1124,239.2666093750001
1125,243.3128916666668
1126,248.4104142361111
1127,250.5822458333334
1128,248.8988538194444
1129,237.8322465277777
1130,223.797153125
1131,223.994965625
1132,228.5628590277778
1133,245.034817013889
1134,241.9571305555556
1135,248.5698274305556
1136,232.1997809027778
1137,226.0599885416667
1138,227.1922930555556
1139,230.758471875
1140,1240.0
1141,1240.0
1142,1240.0
1143,1240.0
1144,1240.0
1145,226.193132986111
1146,800.5082343749996
1147,233.9091083333333
1148,237.2417927083334
1149,247.939384375
1150,247.5245621527778
1151,252.9769097222222
1152,259.2799770833333
1153,256.0968288194444
1154,252.2720013888889
1155,252.0420381944445
1156,248.2597350694444
1157,250.3232163194445
1158,251.7067701388889
1159,241.4797927083333
1160,240.722996875
1161,242.0217
1162,240.2372208333333
1163,301.509767361112
1164,1240.0
1165,1240.0
1166,1240.0
1167,1240.0
1168,1240.0
1169,1240.0
1170,257.4329753472223
1171,247.9469663194445
1172,266.9409013888889
1173,264.7729506944444
1174,258.2939916666667
1175,249.4544899305556
1176,258.8730805555555
1177,252.328690625
1178,272.1257270833333
1179,262.5475447916666
1180,260.5878850694445
1181,259.7235059027778
1182,255.9373152777779
1183,256.7669940972223
1184,255.4339718749999
1185,250.2070256944444
1186,247.212421875
1187,566.6278284722255
1188,1240.0
1189,1240.0
1190,1240.0
1191,1240.0
1192,1240.0
1193,269.5430677083333
1194,1240.0
1195,275.5702097222222
1196,274.5600565972222
1197,266.2225576388889
1198,268.3666322916667
1199,268.4115402777778
1200,273.0374902777777
1201,275.1380291666667
1202,280.1670590277777
1203,280.5799124999999
1204,287.2325833333333
1205,283.3957868055556
1206,277.2182416666667
1207,262.1926409722223
1208,1240.0
1209,741.4899885416708
1210,243.0690850694445
1211,1240.0
1212,1240.0
1213,260.7218156250001
1214,256.2143274305556
1215,255.6095465277778
1216,1240.0
1217,1240.0
1218,263.8667045138889
1219,1240.0
1220,265.3838399305556
1221,254.7851052083334
1222,263.0348159722222
1223,267.8649777777778
1224,271.8860545138889
1225,276.022360763889
1226,282.0211489583334
1227,282.7713784722222
1228,285.5070826388888
1229,285.9989961805556
1230,280.2543204861111
1231,1240.0
1232,1240.0
1233,1043.991452430558
1234,252.4549902777778
1235,252.4171388888889
1236,257.8440302083333
1237,263.1702072916667
1238,270.3959284722222
1239,277.1162059027778
1240,274.5696177083334
1241,1240.0
1242,1240.0
1243,1240.0
1244,1240.0
1245,277.2770461805554
1246,276.6286
1247,273.36726875
1248,276.0469555555555
1249,280.1592045138888
1250,285.7453555555556
1251,286.4752180555556
1252,278.1442125000001
1253,273.9874746527777
1254,1240.0
1255,1240.0
1256,1240.0
1257,459.0729069444422
1258,255.6533909722222
1259,261.2746871527778
1260,264.0073378472222
1261,277.4583697916667
1262,293.7733458333333
1263,292.3618982638889
1264,1240.0
1265,1240.0
1266,1240.0
1267,1240.0
1268,300.8088065972222
1269,302.6395635416665
1270,302.9988065972222
1271,296.7542364583333
1272,292.6522465277778
1273,286.5104277777777
1274,284.0767694444445
1275,275.8180781250001
1276,267.1848291666668
1277,263.9195489583334
1278,256.7668965277778
1279,1240.0
1280,1240.0
1281,1240.0
1282,255.5194579861111
1283,258.4533927083334
1284,264.7099885416667
1285,265.088590625
1286,266.9928038194445
1287,264.8445847222222
1288,759.65266180556
1289,1240.0
1290,1240.0
1291,1240.0
1292,264.3609947916666
1293,262.6965725694445
1294,265.20515
1295,262.3570802083333
1296,258.2761
1297,263.2044347222222
1298,262.3679402777779
1299,253.9127982638888
1300,245.795684375
1301,251.3647788194444
1302,247.3209055555556
1303,247.2881475694444
1304,1240.0
1305,240.0355895833333
1306,238.0563204861112
1307,237.9470489583333
1308,234.7439010416667
1309,246.4918371527777
1310,255.7315489583333
1311,263.3902621527777
1312,266.5195006944444
1313,276.7092368055556
1314,286.0306829861111
1315,1240.0
1316,1240.0
1317,716.324917013887
1318,1240.0
1319,1240.0
1320,1240.0
1321,278.9176267361112
1322,271.7670850694443
1323,268.7021975694445
1324,265.6179635416667
1325,262.8882996527778
1326,262.2486930555555
1327,260.2723479166667
1328,256.3920180555556
1329,1240.0
1330,1240.0
1331,1240.0
1332,1240.0
1333,1240.0
1334,1240.0
1335,1108.75749409722
1336,275.2134482638888
1337,281.4538795138889
1338,280.481413888889
1339,278.8741541666666
1340,281.5463291666666
1341,268.8201625
1342,267.7206354166668
1343,269.2760104166667
1344,271.5983243055555
1345,266.3676968749999
1346,267.1162729166666
1347,274.2228249999999
1348,278.3549173611112
1349,277.4766684027779
1350,275.3674666666666
1351,275.8667572916667
1352,272.6757038194444
1353,271.2003475694445
1354,1240.0
1355,1240.0
1356,1240.0
1357,1240.0
1358,1240.0
1359,1240.0
1360,949.9367062499989
1361,271.9015729166667
1362,282.4360753472222
1363,285.3543506944445
1364,282.4464444444445
1365,280.313128125
1366,280.4575944444445
1367,282.6808572916667
1368,280.8374319444445
1369,279.7074878472222
1370,282.457326736111
1371,287.1563545138889
1372,288.3178131944445
1373,284.4826746527779
1374,281.5398131944444
1375,1240.0
1376,1240.0
1377,260.4374069444445
1378,297.1196982638889
1379,1240.0
1380,289.0446854166665
1381,1240.0
1382,309.3653528125033
1383,279.4719086805555
1384,270.4084607638889
1385,1240.0
1386,1240.0
1387,1240.0
1388,280.5027315972223
1389,281.2464687500001
1390,282.6754190972223
1391,287.3559854166666
1392,285.6108467013889
1393,282.9770569444444
1394,279.1565613368056
1395,277.2018635416666
1396,275.1752291666667
1397,261.11060265625
1398,257.7600791666667
1399,313.8769794305526
1400,1240.0
1401,139.2277195138889
1402,131.4663194444444
1403,131.5774305555555
1404,131.6885416666666
1405,131.7996527777777
1406,124.9789816527778
1407,198.2912732291667
1408,228.9191077083334
1409,1240.0
1410,1240.0
1411,1240.0
1412,1240.0
1413,223.8742125
1414,223.6790045138889
1415,224.3974076388889
1416,225.8449420138889
1417,224.0835190972223
1418,223.8636111111111
1419,224.1048368055556
1420,224.1915045138889
1421,224.3634722222222
1422,224.4153121527778
1423,1240.0
1424,1240.0
1425,631.5978611111084
1426,252.7597784722222
1427,261.3140270833333
1428,269.9590527777777
1429,267.6468517361112
1430,263.8156600694444
1431,271.6658607638889
1432,272.1674402777778
1433,1240.0
1434,1240.0
1435,1240.0
1436,1240.0
1437,316.9319190972222
1438,290.7476833333334
1439,290.9230899305556
1440,289.971376388889
1441,288.1040263888889
1442,288.7466777777778
1443,289.7638885416667
1444,287.7109003472223
1445,289.2149635416666
1446,283.6951246527777
1447,1240.0
1448,1240.0
1449,1194.511787847223
1450,275.5179413194443
1451,272.2064454861111
1452,270.6801628472222
1453,272.8210538194445
1454,270.8690284722222
1455,271.2380809027778
1456,274.7595711805556
1457,1240.0
1458,1240.0
1459,1240.0
1460,1240.0
1461,282.2316340277778
1462,284.8728673611112
1463,280.6428003472222
1464,284.6449069444444
1465,282.1281246527778
1466,278.9944913194444
1467,278.0561465277778
1468,278.6760076388888
1469,274.1052444444445
1470,269.9835729166666
1471,1240.0
1472,1240.0
1473,1240.0
1474,1240.0
1475,272.2678173611111
1476,274.3884625
1477,272.5142260416667
1478,273.3203479166667
1479,276.2615395833333
1480,279.63305625
1481,273.7867239583334
1482,276.1507968749999
1483,1240.0
1484,1240.0
1485,1045.289926041665
1486,277.9780097222222
1487,278.9710322916667
1488,278.3523711805557
1489,1240.0
1490,272.8388177083334
1491,267.5245357638889
1492,270.7123378472223
1493,272.1169645833335
1494,266.79599375
1495,271.903959375
1496,268.9371079861111
1497,1240.0
1498,1240.0
1499,260.6323836805556
1500,249.8005315972221
1501,246.0792097222222
1502,653.963672569444
1503,1240.0
1504,252.3963420138889
1505,253.8409482638889
1506,255.8698041666667
1507,1240.0
1508,1240.0
1509,255.2165704861112
1510,256.17229375
1511,259.8202107638888
1512,265.4923048611111
1513,1240.0
1514,1240.0
1515,263.9270017361111
1516,266.7192399305555
1517,265.6212378472221
1518,264.3189590277778
1519,264.2704194444445
1520,264.3193979166667
1521,261.7344930555556
1522,258.8994086805556
1523,250.4761
1524,243.8143170138889
1525,316.2616149305547
1526,1240.0
1527,240.2273704861111
1528,239.6763194444445
1529,1240.0
1530,1240.0
1531,1240.0
1532,238.1063892361112
1533,237.993934375
1534,238.3021284722222
1535,240.074190625
1536,246.7336090277777
1537,242.4686673611112
1538,238.6439697916667
1539,238.4674756944444
1540,237.0972774305556
1541,236.5393534722222
1542,235.6102336805556
1543,1240.0
1544,1240.0
1545,1240.0
1546,236.2665295138889
1547,233.8082986111112
1548,234.0640409722222
1549,984.1144635416711
1550,239.2283704861111
1551,239.3911684027778
1552,240.8889934027778
1553,1240.0
1554,1240.0
1555,241.622096875
1556,240.9203010416668
1557,242.6952892361111
1558,244.5046513888889
1559,244.1016666666667
1560,251.2819315972222
1561,248.3525215277778
1562,243.1911451388888
1563,240.13631875
1564,239.6908104166666
1565,239.1499454861111
1566,237.7246767361111
1567,1141.678775000003
1568,236.3737944444445
1569,1240.0
1570,1240.0
1571,1240.0
1572,1240.0
1573,246.5390736111111
1574,244.1558336805556
1575,246.1265048611112
1576,248.8229979166667
1577,261.3088524305555
1578,256.2346836805556
1579,1240.0
1580,252.45273125
1581,253.81369375
1582,253.7391805555555
1583,250.203482638889
1584,251.9827989583333
1585,250.3856131944444
1586,250.3741215277777
1587,247.4429173611111
1588,245.6768993055555
1589,245.1677309027778
1590,240.1610965277778
1591,1240.0
1592,1240.0
1593,237.7586913194444
1594,235.1470513888889
1595,252.0316312500001
1596,254.3912503472222
1597,257.0094430555556
1598,257.6286677083333
1599,252.1849059027778
1600,252.6756694444445
1601,1240.0
1602,1240.0
1603,1240.0
1604,1215.356525347218
1605,246.1979704861112
1606,244.685565625
1607,245.9509135416666
1608,249.0674190972222
1609,246.2183458333334
1610,247.4931142361111
1611,246.774638888889
1612,244.3902534722222
1613,243.6994090277778
1614,245.4051972222222
1615,1240.0
1616,1240.0
1617,242.1551284722221
1618,240.8482072916667
1619,240.3797784722223
1620,239.9579506944445
1621,240.0927430555556
1622,238.0257541666666
1623,239.6787767361112
1624,238.1532527777777
1625,1240.0
1626,1240.0
1627,1240.0
1628,1036.591885069442
1629,239.4014010416666
1630,239.4654041666666
1631,237.7357975694444
1632,240.7948840277778
1633,233.3269569444444
1634,233.1545368055556
1635,1240.0
1636,1240.0
1637,1240.0
1638,234.6383090277778
1639,234.7562954861111
1640,234.9157895833334
1641,234.2947097222223
1642,233.6225843749999
1643,233.5516309027778
1644,234.2985538194444
1645,239.0404878472222
1646,239.0786486111112
1647,238.2641795138889
1648,243.1559586805556
1649,1240.0
1650,243.0395246527778
1651,244.7090979166667
1652,246.1587975694445
1653,247.4968420138889
1654,246.829290625
1655,997.2768420138877
1656,1240.0
1657,1240.0
1658,1240.0
1659,1240.0
1660,1240.0
1661,246.7935416666666
1662,1240.0
1663,244.8551625000001
1664,242.2113059027778
1665,242.7939961805556
1666,244.2383465277778
1667,247.2501947916666
1668,245.1700895833333
1669,240.1898840277777
1670,240.8133100694444
1671,241.0285680555556
1672,239.4364569444445
1673,248.28289375
1674,1157.81471875
1675,243.1209739583334
1676,235.4746659722222
1677,236.2311340277777
1678,236.5104270833334
1679,236.8906819444445
1680,239.4779399305556
1681,231.6204274305556
1682,231.1769593750001
1683,1240.0
1684,1240.0
1685,1240.0
1686,234.5494458333334
1687,233.9440260416666
1688,231.7615638888889
1689,1240.0
1690,231.2053784722222
1691,230.4629746527778
1692,1240.0
1693,230.8033440972222
1694,983.7352354166673
1695,256.6833201388889
1696,260.3777069444445
1697,262.7607506944444
1698,263.6805680555556
1699,257.2143375
1700,256.7213409722223
1701,258.44400625
1702,239.821376388889
1703,236.4230552083333
1704,233.4691888888889
1705,228.8885083333333
1706,1240.0
1707,1240.0
1708,1240.0
1709,1240.0
1710,235.2526072916667
1711,237.7078357638889
1712,238.747196875
1713,239.0523378472222
1714,237.4431746527777
1715,235.5337958333333
1716,241.091945486111
1717,238.4655326388889
1718,240.5465864583333
1719,247.4153104166667
1720,251.2859041666667
1721,256.871548263889
1722,258.9305802083333
1723,1240.0
1724,253.8393173611111
1725,258.0940135416667
1726,1161.273624999998
1727,261.1579083333335
1728,273.0783555555556
1729,268.6127645833334
1730,1240.0
1731,1240.0
1732,903.113700000001
1733,275.2971635416666
1734,1240.0
1735,267.87228125
1736,261.2218288194443
1737,260.8252086805556
1738,261.1061569444444
1739,257.2688541666667
1740,256.6950121527778
1741,1240.0
1742,1240.0
1743,262.4711784722222
1744,1240.0
1745,269.5762979166667
1746,276.4715072916666
1747,280.9845263888888
1748,279.0471381944443
1749,274.3731267361111
1750,270.6915256944445
1751,272.9072791666666
1752,278.2938090277779
1753,273.1981378472223
1754,271.6033565972222
1755,269.7721545138888
1756,269.3146760416666
1757,267.6475809027779
1758,267.1620260416666
1759,268.3433434027776
1760,268.8160309027778
1761,268.7366767361111
1762,266.8353232638889
1763,270.4216229166667
1764,269.2567829861111
1765,270.1993881944445
1766,765.7217746527792
1767,1240.0
1768,1240.0
1769,1240.0
1770,1240.0
1771,1240.0
1772,1240.0
1773,261.2449288194445
1774,253.7191895833333
1775,259.1138690972222
1776,263.7874291666667
1777,261.6308208333334
1778,265.1237951388889
1779,789.3247430555589
1780,264.1714114583333
1781,263.0377659722223
1782,1240.0
1783,1240.0
1784,258.1375006944444
1785,257.8447680555555
1786,263.4248145833333
1787,271.70240625
1788,274.2104746527778
1789,273.7216777777778
1790,271.2223284722222
1791,268.3825364583334
1792,1240.0
1793,1240.0
1794,1240.0
1795,1240.0
1796,267.5671625
1797,267.3478934027777
1798,266.8478944444445
1799,265.432246875
1800,263.1383774305556
1801,261.831595138889
1802,654.3442041666683
1803,261.7431704861111
1804,259.4111118055556
1805,253.3235194444444
1806,253.6418270833333
1807,1240.0
1808,248.848484375
1809,251.0754395833333
1810,251.5586927083334
1811,253.352776388889
1812,253.8855552083334
1813,254.9780107638889
1814,259.2254534722222
1815,259.7351847222222
1816,1240.0
1817,1240.0
1818,1240.0
1819,1240.0
1820,1240.0
1821,264.7515618055555
1822,272.6203493055555
1823,272.5710395833334
1824,278.1611440972221
1825,275.7404843750001
1826,276.4643663194445
1827,279.9950229166666
1828,278.382289236111
1829,277.1881711805556
1830,270.6582166666666
1831,268.7493520833333
1832,268.3216670138891
1833,269.6635291666666
1834,270.9876920138889
1835,269.3478454861112
1836,276.7281243055555
1837,1114.575083333335
1838,275.1524104166667
1839,1240.0
1840,1240.0
1841,1240.0
1842,1240.0
1843,1240.0
1844,1240.0
1845,273.8748138888889
1846,273.5497458333334
1847,278.0907756944445
1848,281.3576378472222
1849,280.9381107638889
1850,280.5021527777778
1851,278.6057645833333
1852,277.424375
1853,277.0388319444444
1854,277.2297006944444
1855,275.3218493055556
1856,273.4281388888888
1857,272.1124284722223
1858,278.0276940972221
1859,288.3503465277777
1860,286.1272659722222
1861,1130.52766076389
1862,1240.0
1863,283.7406489583334
1864,1240.0
1865,1240.0
1866,1240.0
1867,1240.0
1868,1240.0
1869,267.8174319444444
1870,275.0316888888889
1871,275.4375385416666
1872,274.0018996527777
1873,274.8023055555555
1874,268.2016315972222
1875,264.1237072916667
1876,261.9129753472222
1877,262.2284229166667
1878,260.5615159722222
1879,1240.0
1880,557.79156666667
1881,257.5981586805556
1882,257.6852059027777
1883,261.1399875
1884,258.1127909722222
1885,255.8270704861112
1886,256.105726388889
1887,257.2568732638888
1888,1240.0
1889,1240.0
1890,1240.0
1891,1240.0
1892,1240.0
1893,255.6042496527778
1894,250.2782510416666
1895,243.8699524305555
1896,250.7525583333333
1897,253.5842718750001
1898,254.605428125
1899,254.3016204861111
1900,254.248495486111
1901,254.1095600694445
1902,508.6560583333351
1903,1240.0
1904,1240.0
1905,254.6040972222222
1906,254.720428125
1907,254.8400694444445
1908,254.9387034722222
1909,255.0709489583334
1910,255.1452663194445
1911,255.2539583333333
1912,1240.0
1913,1240.0
1914,1240.0
1915,1240.0
1916,255.9234607638889
1917,261.8854531250001
1918,262.4915659722222
1919,264.1506930555556
1920,266.4936340277779
1921,265.6243045138888
1922,265.3035666666667
1923,1240.0
1924,259.5339684027777
1925,260.2257611111112
1926,259.3375121527778
1927,259.5485673611111
1928,261.4394114583333
1929,268.9448402777778
1930,265.1183538194445
1931,270.7985986111112
1932,271.366390625
1933,270.2214093750001
1934,275.184615625
1935,269.0887517361111
1936,264.6553631944445
1937,1240.0
1938,1240.0
1939,1240.0
1940,267.0792937499999
1941,1240.0
1942,278.0607625000001
1943,902.0485600694446
1944,1240.0
1945,280.0562027777777
1946,278.3446746527778
1947,276.7817253472222
1948,278.6993065972222
1949,275.553575
1950,278.2823395833333
1951,277.7684590277778
1952,279.2656493055555
1953,280.5121524305555
1954,285.7685645833333
1955,287.4891916666667
1956,283.6852434027778
1957,280.0144663194444
1958,272.0589135416667
1959,1240.0
1960,1076.312158680555
1961,1240.0
1962,1240.0
1963,1240.0
1964,1240.0
1965,264.6255204861112
1966,262.3451517361111
1967,263.1958333333333
1968,1240.0
1969,259.7640024305556
1970,257.0370131944444
1971,1240.0
1972,1240.0
1973,776.0748451388905
1974,256.7749201388889
1975,256.1584211805555
1976,254.3961010416666
1977,253.7209159722222
1978,265.2717673611111
1979,265.7883822916667
1980,268.3604868055555
1981,266.8370031249999
1982,265.7504625
1983,265.367211111111
1984,267.7759729166666
1985,1240.0
1986,1240.0
1987,1240.0
1988,1240.0
1989,274.9657774305555
1990,278.5366642361111
1991,281.9695465277778
1992,287.5965746527778
1993,280.1282631944444
1994,274.3034517361111
1995,972.3768395833285
1996,266.8069548611111
1997,265.1401177083333
1998,265.2842604166667
1999,263.1443166666667
2000,262.5280770833334
2001,259.9771635416666
2002,255.8233576388889
2003,263.2781138888889
2004,270.8231402777777
2005,265.9950697916667
2006,266.023934375
2007,274.6215982638888
2008,276.5971059027778
2009,1240.0
2010,281.8714375
2011,284.6086677083333
2012,1240.0
2013,1240.0
2014,1240.0
2015,1240.0
2016,1240.0
2017,263.6979013888889
2018,265.9663631944445
2019,550.9404982638898
2020,1240.0
2021,1240.0
2022,1240.0
2023,1240.0
2024,1240.0
2025,1240.0
2026,254.7919805555555
2027,261.2940409722223
2028,266.6613447916666
2029,268.8571083333334
2030,268.7409618055555
2031,265.7920607638888
2032,265.0696399305556
2033,266.0710663194443
2034,267.3000020833333
2035,265.0417809027778
2036,252.3595350694444
2037,251.5165517361112
2038,249.3545819444444
2039,247.6532423611112
2040,248.7027916666667
2041,1240.0
2042,1240.0
2043,1240.0
2044,1215.015341319442
2045,247.2020958333333
2046,1240.0
2047,1240.0
2048,246.453184375
2049,244.9989583333333
2050,245.1100694444445
2051,245.2211805555555
2052,245.3322916666666
2053,245.4434027777778
2054,245.5545138888889
2055,245.665625
2056,245.7767361111111
2057,245.8878472222222
2058,245.9989583333333
2059,246.1100694444444
2060,246.2211805555555
2061,246.3322916666666
2062,246.4434027777778
2063,246.5545138888889
2064,246.665625
2065,244.1934027777777
2066,244.3045138888889
2067,244.415625
2068,244.5267361111111
2069,244.6378472222222
2070,1240.0
2071,1240.0
2072,244.8878472222222
2073,244.9989583333333
2074,245.1100694444445
2075,245.2211805555555
2076,245.3322916666666
2077,245.4434027777778
2078,245.5545138888889
2079,245.665625
2080,1162.940972222224
2081,1240.0
2082,1240.0
2083,1240.0
2084,246.2211805555555
2085,246.3322916666666
2086,246.4434027777778
2087,246.5545138888889
2088,246.665625
2089,244.1934027777777
2090,244.3045138888889
2091,244.415625
2092,244.5267361111111
2093,244.6378472222222
2094,1240.0
2095,1240.0
2096,244.8878472222222
2097,244.9989583333333
2098,245.1100694444445
2099,245.2211805555555
2100,245.3322916666666
2101,245.4434027777778
2102,245.5545138888889
2103,245.665625
2104,245.7767361111111
2105,1240.0
2106,1240.0
2107,1240.0
2108,1163.385416666669
2109,246.3322916666666
2110,246.4434027777778
2111,246.5545138888889
2112,246.665625
2113,244.1934027777777
2114,1240.0
2115,1240.0
2116,1240.0
2117,1240.0
2118,1240.0
2119,244.7767361111111
2120,244.8878472222222
2121,244.9989583333333
2122,245.1100694444445
2123,245.2211805555555
2124,245.3322916666666
2125,245.4434027777778
2126,245.5545138888889
2127,245.665625
2128,245.7767361111111
2129,245.8878472222222
2130,1158.274305555557
2131,246.1100694444444
2132,246.2211805555555
2133,246.3322916666666
2134,246.4434027777778
2135,246.5545138888889
2136,246.665625
2137,1240.0
2138,1240.0
2139,1240.0
2140,1240.0
2141,244.6378472222222
2142,244.665625
2143,244.7767361111111
2144,244.8878472222222
2145,244.9989583333333
2146,245.1100694444445
2147,245.2211805555555
2148,245.3322916666666
2149,245.4434027777778
2150,245.5545138888889
2151,245.7134951388889
2152,246.7168284722222
2153,246.8512388888889
2154,1163.603009027777
2155,1240.0
2156,246.4279395833333
2157,246.285057986111
2158,246.1575809027778
2159,246.037361111111
2160,246.2764236111111
2161,243.8622569444445
2162,1240.0
2163,1240.0
2164,1240.0
2165,244.1467940972223
2166,244.2355555555555
2167,244.28695625
2168,244.4132173611111
2169,244.5256017361111
2170,246.868925
2171,1240.0
2172,1240.0
2173,1240.0
2174,273.7021635416668
2175,264.2667013888888
2176,532.5484396527763
2177,268.9571618055556
2178,263.5689118055555
2179,268.4726586805555
2180,268.0750225694445
2181,262.3136114583334
2182,255.9348486111111
2183,256.4823982638889
2184,259.6957847222222
2185,261.6564145833332
2186,887.2546427083366
2187,1240.0
2188,1240.0
2189,266.1388986111111
2190,1240.0
2191,263.9399076388889
2192,263.1916430555555
2193,262.62149375
2194,263.4367791666666
2195,265.4770937500001
2196,277.6738197916666
2197,1240.0
2198,1240.0
2199,267.1567427083334
2200,1240.0
2201,284.0372232638888
2202,281.9983701388888
2203,274.8862701388889
2204,271.8311885416667
2205,261.2849069444444
2206,261.4727072916667
2207,264.6534621527778
2208,265.7246517361111
2209,249.4447541666667
2210,244.5958131944444
2211,244.6954659722223
2212,248.8381281249999
2213,246.582201388889
2214,1240.0
2215,1240.0
2216,244.1326166666667
2217,242.2669072916667
2218,249.5674861111112
2219,260.1996423611111
2220,265.6805079861112
2221,276.4830083333332
2222,632.9796510416684
2223,1240.0
2224,1240.0
2225,1240.0
2226,1240.0
2227,279.0627079861111
2228,273.0054190972223
2229,271.484220486111
2230,265.2801406250001
2231,263.340079513889
2232,262.3814920138889
2233,258.3038315972223
2234,266.5032503472221
2235,263.8424659722223
2236,263.658971875
2237,258.1709020833333
2238,253.0616524305555
2239,1240.0
2240,244.2386694444444
2241,243.4511913194445
2242,245.7517381944444
2243,253.6411486111111
2244,1240.0
2245,713.1784253472242
2246,276.2645017361111
2247,270.4194416666667
2248,270.3780333333333
2249,1240.0
2250,1240.0
2251,1240.0
2252,1240.0
2253,262.7537399305556
2254,259.5134125
2255,263.0560409722223
2256,261.5743201388888
2257,255.3357416666666
2258,252.4171399305555
2259,250.7870986111111
2260,247.9709836805556
2261,1240.0
2262,1240.0
2263,1240.0
2264,229.3295958333333
2265,234.6644357638889
2266,231.2927204861111
2267,238.3417267361112
2268,251.4807131944445
2269,251.2723881944444
2270,251.0860899305556
2271,250.2071972222222
2272,254.1441204861111
2273,1149.790066666668
2274,1240.0
2275,1240.0
2276,246.7407559027778
2277,241.8318416666666
2278,242.7584024305555
2279,239.9757777777778
2280,240.9491885416666
2281,236.9680315972222
2282,236.5378006944444
2283,235.5029506944445
2284,236.9391541666666
2285,238.0765503472223
2286,1240.0
2287,1240.0
2288,237.7675114583334
2289,239.9156586805556
2290,240.3863055555556
2291,242.8255003472223
2292,241.4777072916667
2293,244.0196427083333
2294,1240.0
2295,1081.615250000002
2296,1240.0
2297,249.4303802083334
2298,250.550846875
2299,249.2543631944444
2300,1240.0
2301,246.9060996527778
2302,246.8429152777778
2303,246.2879184027778
2304,236.3431940972222
2305,231.2896638888889
2306,232.1301611111111
2307,232.6843302083333
2308,231.2679194444443
2309,230.5890385416666
2310,230.5647458333333
2311,229.1227447916666
2312,231.9864013888889
2313,225.3379857638889
2314,229.9252305555556
2315,227.5635059027777
2316,906.8053232638922
2317,1240.0
2318,1240.0
2319,1240.0
2320,1240.0
2321,1240.0
2322,243.2402989583333
2323,243.098059375
2324,242.008715625
2325,243.5370930555555
2326,240.5328128472223
2327,238.8653361111111
2328,236.9213305555554
2329,240.4450006944445
2330,240.8127770833334
2331,243.0692725694445
2332,233.3651746527779
2333,234.2077076388889
2334,222.7826298611111
2335,222.9084697916668
2336,221.397048263889
2337,224.1099302083333
2338,856.4315447916722
2339,1240.0
2340,1240.0
2341,1240.0
2342,237.2443972222222
2343,242.3047125000001
2344,245.5889815972222
2345,1240.0
2346,1240.0
2347,236.5759017361111
2348,242.89778125
2349,240.6429631944445
2350,242.3201413194445
2351,234.7244670138889
2352,235.1675819444445
2353,306.7272378472223
2354,309.4915868055555
2355,1240.0
2356,1240.0
2357,301.8982993055556
2358,305.9517128472222
2359,1240.0
2360,306.8683086805555
2361,307.2116454861111
2362,307.1008444444445
2363,308.3024038194445
2364,299.3381329861111
2365,296.6697100694445
2366,1015.393913888887
2367,1240.0
2368,1240.0
2369,1240.0
2370,1240.0
2371,302.8480940972223
2372,303.3422906250001
2373,301.5105784722223
2374,294.671828125
2375,308.7171635416667
2376,318.5286447916667
2377,315.3155100694444
2378,311.495901388889
2379,1240.0
2380,1240.0
2381,309.8682041666667
2382,308.0661590277778
2383,303.4237142361111
2384,310.3455333333334
2385,303.5624184027778
2386,302.1965510416667
2387,307.5436076388889
2388,307.9652440972222
2389,302.6754065972223
2390,303.8438649305556
2391,863.2103840277769
2392,1240.0
2393,1240.0
2394,1240.0
2395,287.0932631944445
2396,284.3619475694445
2397,1240.0
2398,279.8055333333334
2399,285.1238194444445
2400,1240.0
2401,289.2570934027778
2402,293.1003128472221
2403,295.2843625
2404,295.5194795138889
2405,295.7854059027778
2406,298.6289503472223
2407,298.0222572916667
2408,295.8521416666666
2409,290.8469784722223
2410,293.629664236111
2411,294.3273159722222
2412,293.4694333333334
2413,750.1015562500033
2414,1240.0
2415,1240.0
2416,298.8020024305555
2417,297.7236097222222
2418,1240.0
2419,1240.0
2420,1240.0
2421,296.8672791666667
2422,297.8731597222222
2423,1240.0
2424,1240.0
2425,1240.0
2426,1240.0
2427,678.2169184027795
2428,1240.0
2429,1240.0
2430,291.9346083333333
2431,287.5908472222222
2432,282.2960395833333
2433,278.2254982638889
2434,279.69315
2435,283.7072201388888
2436,294.0328024305555
2437,288.5230899305556
2438,289.9058246527779
2439,289.9509878472222
2440,285.427579861111
2441,1240.0
2442,1240.0
2443,1240.0
2444,299.8761437499999
2445,295.9290996527777
2446,299.1058236111111
2447,296.7238548611111
2448,296.792821875
2449,1240.0
2450,1240.0
2451,1240.0
2452,1240.0
2453,1240.0
2454,289.6043649305556
2455,291.1057493055555
2456,295.3642711805556
2457,300.1218625
2458,305.1186802083334
2459,305.1175
2460,795.5784336805543
2461,303.2688190972223
2462,304.7588736111111
2463,304.9829173611112
2464,303.015865625
2465,298.0593454861112
2466,1240.0
2467,1240.0
2468,297.3054065972223
2469,299.4979899305557
2470,297.704979861111
2471,298.7451020833334
2472,304.0906364583332
2473,310.066317013889
2474,308.9834729166666
2475,310.8915010416666
2476,304.0112479166666
2477,1240.0
2478,299.0539208333333
2479,297.3162982638889
2480,298.3168284722223
2481,297.4202427083333
2482,299.0792499999999
2483,1167.905916319443
2484,1240.0
2485,1240.0
2486,310.8600604166666
2487,1240.0
2488,1240.0
2489,1240.0
2490,1240.0
2491,311.2931336805556
2492,312.6602072916667
2493,317.2958350694445
2494,316.8382302083333
2495,316.9860072916666
2496,304.1744090277778
2497,301.2567701388887
2498,304.5721399305556
2499,299.6601736111111
2500,303.1023482638889
2501,307.0665142361111
2502,309.7632649305555
2503,309.2361423611112
2504,315.64946875
2505,318.0743968749999
2506,1196.002607291666
2507,1240.0
2508,1240.0
2509,1240.0
2510,1240.0
2511,1240.0
2512,1240.0
2513,1240.0
2514,303.9967572916667
2515,303.5358444444445
2516,299.8892625
2517,294.3938052083333
2518,299.0706840277777
2519,297.2900211805555
2520,298.3085093749999
2521,296.5462517361112
2522,302.9082652777777
2523,307.0584406249999
2524,307.0659128472223
2525,306.2884986111112
2526,304.6649378472222
2527,294.5417225694446
2528,293.7696552083333
2529,295.8664923611111
2530,298.231585763889
2531,302.9807749999999
2532,1240.0
2533,1240.0
2534,1240.0
2535,1240.0
2536,1240.0
2537,1240.0
2538,1240.0
2539,1093.753122569448
2540,308.37695625
2541,309.8886586805555
2542,315.0219513888888
2543,314.0482194444445
2544,311.5577788194444
2545,304.5090305555556
2546,312.3080479166666
2547,304.2054388888889
2548,303.330371875
2549,1240.0
2550,1240.0
2551,1240.0
2552,1240.0
2553,295.46634375
2554,298.8477909722222
2555,1240.0
2556,289.1428906249999
2557,290.4390506944445
2558,284.9647329861111
2559,278.3956340277778
2560,286.1168645833334
2561,762.5233923611099
2562,1240.0
2563,1240.0
2564,290.3036017361111
2565,285.5151270833333
2566,288.3262048611111
2567,291.7951142361111
2568,294.8491065972221
2569,292.3988430555556
2570,291.72505625
2571,293.09009375
2572,290.1028694444445
2573,289.3498954861111
2574,1240.0
2575,1240.0
2576,285.2731711805555
2577,293.6182420138888
2578,1240.0
2579,310.0038451388889
2580,302.7015395833333
2581,300.6471548611111
2582,610.069438194445
2583,293.0078138888888
2584,283.4573854166667
2585,1240.0
2586,1240.0
2587,1240.0
2588,279.4320604166666
2589,275.7182517361111
2590,281.3271996527777
2591,283.1719565972222
2592,1240.0
2593,293.7361593750001
2594,295.5790013888889
2595,294.3403270833334
2596,290.8567013888889
2597,285.2672927083334
2598,284.5462704861111
2599,280.0564850694445
2600,275.576235763889
2601,271.6575795138889
2602,1240.0
2603,272.3790072916666
2604,1240.0
2605,1088.984839236108
2606,1240.0
2607,1240.0
2608,1240.0
2609,277.5648423611111
2610,1240.0
2611,274.2301402777778
2612,278.1042940972222
2613,278.9431375
2614,275.9844329861111
2615,271.4137986111111
2616,272.1136131944444
2617,268.4268635416666
2618,267.3139694444445
2619,266.7893979166666
2620,265.7668996527777
2621,266.0784017361111
2622,264.7823052083333
2623,657.1061347222205
2624,255.9399666666667
2625,256.0285434027778
2626,257.3260996527778
2627,261.9340944444444
2628,262.2318524305556
2629,264.3810197916667
2630,264.5919465277778
2631,1240.0
2632,1240.0
2633,1240.0
2634,1240.0
2635,1240.0
2636,1240.0
2637,257.654190625
2638,259.8165993055555
2639,260.2275371527778
2640,269.5126965277777
2641,268.1910791666668
2642,268.5788444444445
2643,265.8591093749999
2644,266.6187600694445
2645,266.8631684027777
2646,266.541795138889
2647,1240.0
2648,1240.0
2649,1240.0
2650,254.5795364583333
2651,1240.0
2652,248.2057048611111
2653,255.9880434027778
2654,909.8238499999978
2655,1240.0
2656,284.8204170138888
2657,280.5128142361111
2658,281.6064156250001
2659,1240.0
2660,273.1992361111111
2661,277.4846159722222
2662,279.7576607638889
2663,286.2333670138888
2664,291.73536875
2665,289.5429170138888
2666,275.0853927083332
2667,267.3345607638889
2668,263.6779177083333
2669,259.0842364583334
2670,1240.0
2671,257.5302888888888
2672,256.057732638889
2673,250.9824211805556
2674,1240.0
2675,255.3073590277778
2676,261.2731725694444
2677,269.6900454861111
2678,1240.0
2679,1240.0
2680,1240.0
2681,871.7131749999976
2682,273.8854052083333
2683,276.1925704861112
2684,1240.0
2685,264.5076732638889
2686,269.4371388888889
2687,281.430290625
2688,279.8034250000001
2689,284.0140149305554
2690,287.5315600694445
2691,290.2536472222222
2692,295.8263100694444
2693,278.70039375
2694,278.7298951388889
2695,268.7603444444445
2696,262.3516645833333
2697,261.1536003472222
2698,263.0718170138888
2699,268.7001138888889
2700,267.6171395833333
2701,1240.0
2702,1240.0
2703,1240.0
2704,274.0390145833334
2705,975.3715138888928
2706,1240.0
2707,1240.0
2708,1240.0
2709,259.0979416666667
2710,264.9753951388889
2711,274.2991336805556
2712,279.5414118055556
2713,275.6069097222221
2714,275.6977798611111
2715,1240.0
2716,268.0744743055555
2717,264.3685607638889
2718,1240.0
2719,1240.0
2720,1240.0
2721,256.9679958333333
2722,253.7015736111111
2723,259.6915743055555
2724,268.5341930555555
2725,269.7860413194445
2726,912.8823093749966
2727,1240.0
2728,1240.0
2729,277.1430430555556
2730,264.9056361111111
2731,273.5543506944443
2732,277.1347916666667
2733,279.1553697916667
2734,289.6599552083334
2735,287.2317704861111
2736,275.55340625
2737,286.1041451388888
2738,300.5729322916666
2739,299.7916878472222
2740,302.4182850694445
2741,299.5190395833334
2742,1240.0
2743,289.6571618055555
2744,1240.0
2745,281.2810499999999
2746,278.9106711805556
2747,1240.0
2748,284.1678097222222
2749,1240.0
2750,753.6690812499958
2751,1240.0
2752,300.9995815972222
2753,294.3469680555555
2754,1240.0
2755,1240.0
2756,305.0772131944445
2757,304.5891784722221
2758,305.5427305555554
2759,300.845290625
2760,314.7345368055555
2761,309.4487156250001
2762,312.5955173611111
2763,306.4591659722223
2764,302.2073253472222
2765,1240.0
2766,1240.0
2767,1240.0
2768,1240.0
2769,938.0959281249995
2770,301.9804958333334
2771,311.2190642361111
2772,300.174721875
2773,301.3661013888888
2774,300.282234375
2775,296.2706336805555
2776,290.4237958333333
2777,290.2247680555556
2778,1240.0
2779,1240.0
2780,1240.0
2781,307.0533559027778
2782,304.492257986111
2783,308.2177065972222
2784,308.3238555555556
2785,310.0060993055555
2786,315.1185184027779
2787,320.5454017361111
2788,313.9668881944445
2789,312.2770003472222
2790,1240.0
2791,1240.0
2792,300.4520253472222
2793,299.5891791666667
2794,299.256978125
2795,301.3590329861111
2796,303.3284381944445
2797,306.5791347222222
2798,302.3787291666667
2799,304.3418892361111
2800,295.8551763888889
2801,1240.0
2802,1240.0
2803,1240.0
2804,1240.0
2805,1240.0
2806,981.8085562499973
2807,304.7345020833333
2808,305.3753704861112
2809,301.8841760416666
2810,306.9718972222223
2811,311.7874184027778
2812,305.7203232638889
2813,302.0638072916666
2814,1240.0
2815,1240.0
2816,1240.0
2817,1240.0
2818,944.1422107638889
2819,288.9084149305556
2820,292.8937166666666
2821,294.692389236111
2822,302.8832753472223
2823,306.4292121527777
2824,312.6744822916666
2825,313.620395486111
2826,1240.0
2827,1240.0
2828,1240.0
2829,307.6587388888889
2830,307.762084375
2831,309.0684222222222
2832,312.0129270833334
2833,301.2469684027778
2834,304.9445364583333
2835,305.5694927083333
2836,296.1882625
2837,290.3652350694445
2838,290.4291086805555
2839,290.9566684027778
2840,292.6402454861111
2841,293.8188902777777
2842,289.1674076388888
2843,290.3502548611111
2844,275.279073611111
2845,271.4957531250001
2846,272.2387256840277
2847,267.2159938611111
2848,278.9667388888889
2849,1240.0
2850,1240.0
2851,1240.0
2852,1240.0
2853,1240.0
2854,1240.0
2855,1240.0
2856,371.2844667673617
2857,275.3590277777778
2858,275.4701388888889
2859,1240.0
2860,1240.0
2861,1240.0
2862,1240.0
2863,276.0256944444444
2864,276.1368055555556
2865,276.5777895833334
2866,275.87599375
2867,267.969326736111
2868,267.3182062499999
2869,273.2203572916666
2870,272.2363065972222
2871,267.0910999999999
2872,263.2213305555555
2873,262.0349809027778
2874,1240.0
2875,1240.0
2876,1116.653538888886
2877,289.8555440972223
2878,290.8447420138889
2879,299.8873736111111
2880,304.2847902777777
2881,300.4152215277777
2882,305.32024375
2883,306.5625479166666
2884,1240.0
2885,282.0598496527778
2886,278.9003704861112
2887,265.4412503472221
2888,262.6752996527778
2889,267.4698152777777
2890,265.1694545138888
2891,275.8946753472223
2892,271.8620708333333
2893,269.5352340277778
2894,1240.0
2895,283.9063302083333
2896,395.1044958333338
2897,1240.0
2898,1240.0
2899,1240.0
2900,1240.0
2901,1240.0
2902,307.920845138889
2903,310.924929861111
2904,301.3424197916667
2905,298.6419822916666
2906,317.5898288194444
2907,324.2453031249999
2908,311.5886434027777
2909,1209.43115798611
2910,1240.0
2911,1240.0
2912,1240.0
2913,297.8683913194443
2914,295.0916232638888
2915,301.4849538194444
2916,305.5390072916666
2917,311.8110079861112
2918,305.8415635416666
2919,300.9059135416667
2920,295.7871899305556
2921,284.6369232638889
2922,1240.0
2923,1240.0
2924,1240.0
2925,1240.0
2926,326.3732177083334
2927,325.2954649305556
2928,325.7177326388889
2929,1240.0
2930,333.9001260416667
2931,334.1714003472222
2932,1240.0
2933,1240.0
2934,1240.0
2935,1240.0
2936,315.2168534722222
2937,315.9208666666667
2938,317.6544805555555
2939,322.2408378472222
2940,323.8347781250001
2941,331.8041430555555
2942,305.8811607638889
2943,293.5170694444445
2944,299.9841218750001
2945,298.535115625
2946,1240.0
2947,1240.0
2948,1240.0
2949,305.0526034722221
2950,302.9413090277778
2951,467.2997770833327
2952,312.0577392361112
2953,309.0154628472222
2954,1240.0
2955,1240.0
2956,306.3976375
2957,300.2980791666666
2958,1105.551188888889
2959,1240.0
2960,293.1213635416667
2961,288.7180204861111
2962,290.8929041666668
2963,288.7726975694445
2964,290.2870715277778
2965,292.7698013888888
2966,302.9550809027778
2967,307.8747427083333
2968,308.3441215277778
2969,312.1347552083333
2970,1240.0
2971,1240.0
2972,1240.0
2973,1240.0
2974,307.8627847222222
2975,314.3904392361111
2976,308.2025201388888
2977,309.3566659722223
2978,309.1522944444445
2979,316.2701753472222
2980,316.2341065972223
2981,1240.0
2982,1240.0
2983,310.0695465277778
2984,314.4605982638889
2985,309.6662715277778
2986,312.8130784722222
2987,311.7565861111111
2988,318.6211118055555
2989,320.034270138889
2990,313.9060621527778
2991,311.6015062500001
2992,315.5192017361113
2993,1240.0
2994,1240.0
2995,1240.0
2996,1240.0
2997,1240.0
2998,1240.0
2999,494.4774961805596
3000,323.4310305555555
3001,320.7270256944444
3002,318.2149444444444
3003,325.729917013889
3004,1240.0
3005,1240.0
3006,1240.0
3007,1240.0
3008,326.2334065972221
3009,320.6703506944444
3010,319.2443895833334
3011,316.1888
3012,316.3458708333333
3013,315.6080440972222
3014,315.0026218749999
3015,309.8912878472221
3016,308.830336111111
3017,306.6903944444446
3018,1240.0
3019,1240.0
3020,1240.0
3021,1240.0
3022,654.9486840277751
3023,325.6395947916666
3024,329.3933131944444
3025,324.2616663194443
3026,331.9569197916667
3027,333.9375260416666
3028,332.9613614583333
3029,327.5559246527777
3030,322.0789329861112
3031,318.5053013888888
3032,1240.0
3033,302.6131586805556
3034,303.1675809027778
3035,312.2638062500001
3036,714.3208822916628
3037,319.5471618055556
3038,1240.0
3039,1240.0
3040,322.7887503472222
3041,1240.0
3042,1240.0
3043,1240.0
3044,1240.0
3045,1240.0
3046,334.2639347222222
3047,336.4547336805555
3048,338.1972517361111
3049,338.3024541666667
3050,334.0967003472223
3051,340.2375739583333
3052,1240.0
3053,322.4628263888889
3054,321.9513642361112
3055,319.0102288194445
3056,313.9580913194446
3057,580.8683128472258
3058,321.8952083333334
3059,318.2297805555556
3060,331.1945947916666
3061,335.5673104166667
3062,337.4167809027776
3063,330.0997097222223
3064,321.0509020833334
3065,331.7013875
3066,1240.0
3067,1240.0
3068,1240.0
3069,1240.0
3070,1240.0
3071,1240.0
3072,1240.0
3073,266.4900229166666
3074,263.6073243055555
3075,263.0020361111111
3076,258.638540625
3077,258.5960732638889
3078,1240.0
3079,251.5964822916666
3080,247.2560319444444
3081,244.4241333333333
3082,244.8991086805556
3083,251.5012371527778
3084,268.27301875
3085,288.6035083333333
3086,286.1734079861111
3087,277.9358607638889
3088,279.2434711805555
3089,727.2101774305556
3090,1240.0
3091,1240.0
3092,261.1888204861111
3093,1240.0
3094,1240.0
3095,1240.0
3096,261.4710631944445
3097,256.6348600694444
3098,270.859582986111
3099,273.8660881944444
3100,273.2362260416667
3101,271.3164135416667
3102,270.6397555555557
3103,1240.0
3104,1240.0
3105,268.1337190972222
3106,268.1243878472222
3107,263.6552243055556
3108,266.3383458333333
3109,279.6901927083333
3110,284.5357652777778
3111,285.8443979166667
3112,294.3622347222222
3113,294.3760746527778
3114,1198.129889930553
3115,1240.0
3116,1240.0
3117,1240.0
3118,1240.0
3119,275.3776940972223
3120,267.0039138888889
3121,258.1872100694445
3122,257.5162246527777
3123,258.1180097222223
3124,253.4749322916666
3125,247.2857420138889
3126,1240.0
3127,1240.0
3128,1240.0
3129,242.8071069444444
3130,242.5982770833334
3131,241.3272576388889
3132,239.2578465277778
3133,238.9815395833334
3134,233.0586913194444
3135,235.1338916666666
3136,235.7454743055555
3137,239.1301034722222
3138,1150.828770833337
3139,1240.0
3140,246.3165409722222
3141,1240.0
3142,246.9553364583333
3143,250.3609704861111
3144,252.4510677083333
3145,251.0799875
3146,251.2984236111112
3147,245.0350090277777
3148,243.3837006944444
3149,236.8519086805555
3150,1240.0
3151,1240.0
3152,233.0631013888888
3153,235.4628236111112
3154,239.5063083333332
3155,242.8583427083333
3156,245.8787229166666
3157,240.3592125
3158,243.879053125
3159,285.426425
3160,316.7072586805555
3161,318.0298954861112
3162,1240.0
3163,1240.0
3164,1240.0
3165,600.6737722222229
3166,259.8700246527778
3167,262.3638305555555
3168,1240.0
3169,260.5988079861111
3170,248.2883222222221
3171,256.7764940972222
3172,261.215925
3173,255.4450940972222
3174,972.2379527777721
3175,254.0930003472222
3176,252.2235979166666
3177,245.5301145833333
3178,236.9665045138888
3179,248.6784135416667
3180,261.9263774305556
3181,261.6039805555556
3182,266.8686697916665
3183,271.171871875
3184,270.3838895833334
3185,274.7191763888889
3186,274.5529996527778
3187,1240.0
3188,1240.0
3189,1240.0
3190,1240.0
3191,1240.0
3192,1240.0
3193,1240.0
3194,1240.0
3195,1240.0
3196,1240.0
3197,1240.0
3198,274.3667715277776
3199,272.4208559027778
3200,270.8461934027778
3201,266.8160065972222
3202,263.5239920138889
3203,261.7848375
3204,266.9478034722222
3205,274.3954288194444
3206,277.1835864583334
3207,277.0056951388888
3208,279.9409027777778
3209,273.6354729166667
3210,265.3361684027777
3211,273.716251388889
3212,1020.740846527776
3213,1240.0
3214,267.1197100694444
3215,267.0306840277777
3216,264.9240958333332
3217,1240.0
3218,1240.0
3219,252.6947788194445
3220,251.0653670138889
3221,1240.0
3222,1240.0
3223,1240.0
3224,590.9486625000027
3225,250.688785763889
3226,251.0545246527778
3227,253.517014236111
3228,256.2531006944445
3229,260.5510895833334
3230,262.4709597222222
3231,262.0105565972223
3232,260.5190274305555
3233,267.0647569444444
3234,271.2816434027779
3235,270.7980690972223
3236,269.030520138889
3237,266.0541225694445
3238,264.3784954861111
3239,271.1414267361111
3240,1240.0
3241,1240.0
3242,1240.0
3243,1240.0
3244,1240.0
3245,255.9068625
3246,255.476435763889
3247,1240.0
3248,253.1509600694445
3249,251.1282756944445
3250,249.581746875
3251,256.0377225694444
3252,255.3244715277778
3253,247.1522215277778
3254,252.69993125
3255,257.9122916666666
3256,252.1067013888889
3257,258.2229972222222
3258,258.7734729166667
3259,613.0963100694482
3260,1240.0
3261,262.1977559027778
3262,265.250345138889
3263,268.6848864583333
3264,269.4297704861111
3265,1240.0
3266,259.4030309027777
3267,258.013865625
3268,263.8672548611111
3269,269.0453715277778
3270,1240.0
3271,261.409015625
3272,261.9452302083334
3273,263.5454163194445
3274,264.5667038194444
3275,263.8523010416666
3276,271.4586888888889
3277,276.8238340277778
3278,275.8379979166666
3279,280.4028333333334
3280,286.1033184027779
3281,1240.0
3282,1240.0
3283,1240.0
3284,1240.0
3285,263.7548152777779
3286,260.8612961805556
3287,997.6851166666661
3288,270.2867232638889
3289,274.2208579861111
3290,274.9547920138889
3291,1186.545184375002
3292,1240.0
3293,1240.0
3294,1240.0
3295,277.3590135416666
3296,277.7732631944445
3297,278.7189225694445
3298,277.9258486111111
3299,278.4917284722222
3300,280.4883687499999
3301,281.9281340277778
3302,280.9717128472221
3303,278.2300795138888
3304,271.1425593749999
3305,272.8900475694444
3306,1240.0
3307,1240.0
3308,1240.0
3309,287.8192253472222
3310,265.4697128472223
3311,266.3342711805555
3312,274.3465402777778
3313,271.4195465277778
3314,268.8659597222223
3315,1240.0
3316,1240.0
3317,1240.0
3318,589.8566586805597
3319,258.4984704861111
3320,256.9672229166666
3321,257.1053225694444
3322,256.8315645833334
3323,258.6592604166667
3324,243.7515524305556
3325,225.858054861111
3326,233.2781850694445
3327,246.0072131944445
3328,246.5054850694444
3329,260.6539465277777
3330,1240.0
3331,1240.0
3332,1240.0
3333,251.9052420138889
3334,252.6981232638888
3335,256.1507413194444
3336,261.8619190972222
3337,1240.0
3338,1240.0
3339,1240.0
3340,450.5760687500041
3341,1240.0
3342,252.3791170138889
3343,257.7482055555556
3344,256.4405197916667
3345,255.5984274305555
3346,254.1284125
3347,257.8207635416666
3348,264.2778833333334
3349,265.5970850694444
3350,251.1210979166667
3351,261.2107628472222
3352,257.0172329861111
3353,258.6144902777778
3354,249.8970847222222
3355,1240.0
3356,251.9070590277777
3357,245.6842600694444
3358,238.6582309027778
3359,1240.0
3360,251.8231496527777
3361,252.5675361111111
3362,256.1181840277777
3363,259.4474298611111
3364,1240.0
3365,254.9302319444444
3366,256.4810774305556
3367,250.7281934027777
3368,246.1264913194444
3369,242.3985555555556
3370,241.9827086805556
3371,246.2698718749999
3372,243.4104732638888
3373,257.6490718749999
3374,252.5174895833333
3375,257.6467124999999
3376,271.6511784722222
3377,272.2012729166667
3378,1240.0
3379,1240.0
3380,1240.0
3381,1240.0
3382,1240.0
3383,761.1659947916664
3384,278.4328374999999
3385,269.9146892361111
3386,1240.0
3387,1240.0
3388,1240.0
3389,1240.0
3390,1240.0
3391,284.9597118055555
3392,281.6716444444445
3393,282.790704513889
3394,293.9925913194445
3395,295.737409375
3396,293.5941559027777
3397,287.056628125
3398,280.9726055555555
3399,285.6827065972222
3400,285.3571274305556
3401,283.8848302083334
3402,346.278039930554
3403,1240.0
3404,1240.0
3405,290.8617982638889
3406,289.226017013889
3407,275.8267357638889
3408,269.3743857638889
3409,265.3960270833333
3410,272.1494107638888
3411,271.3313805555555
3412,1240.0
3413,277.2956253472223
3414,375.2869815972238
3415,1240.0
3416,281.9460072916667
3417,282.5218170138888
3418,281.7618413194445
3419,303.8075114583334
3420,323.2790027777777
3421,324.6309243055556
3422,314.8198840277778
3423,291.9977819444443
3424,284.3495579861111
3425,281.378635763889
3426,289.5706701388888
3427,1240.0
3428,1240.0
3429,1240.0
3430,1240.0
3431,1240.0
3432,252.1438552083334
3433,246.0555072916667
3434,247.1626041666666
3435,1240.0
3436,1240.0
3437,413.6559500000006
3438,1240.0
3439,1240.0
3440,246.5987041666667
3441,246.2705815972221
3442,247.1146437500001
3443,253.1111329861112
3444,259.841721875
3445,269.5634458333333
3446,259.2167920138889
3447,246.4827336805556
3448,254.1420854166668
3449,245.8981579861111
3450,263.4590368055555
3451,278.3997795138889
3452,1240.0
3453,1240.0
3454,249.9606003472223
3455,248.0260184027778
3456,249.2187958333333
3457,1204.628861458334
3458,1240.0
3459,254.5766215277778
3460,255.8357322916667
3461,1240.0
3462,1240.0
3463,251.3496194444444
3464,247.5754628472222
3465,243.8662381944444
3466,243.924259375
3467,244.4710413194444
3468,241.2555479166666
3469,241.754201388889
3470,246.0198489583333
3471,253.6671090277778
3472,247.5461559027778
3473,238.5216690972223
3474,236.9018041666666
3475,241.3921624999999
3476,1240.0
3477,1240.0
3478,248.4104142361111
3479,250.5822458333334
3480,248.8988538194444
3481,237.8322465277777
3482,223.797153125
3483,223.994965625
3484,1240.0
3485,1240.0
3486,1240.0
3487,1240.0
3488,232.1997809027778
3489,226.0599885416667
3490,227.1922930555556
3491,230.758471875
3492,230.1407041666668
3493,222.9956371527778
3494,224.3662715277778
3495,228.9192704861111
3496,225.8447111111111
3497,226.193132986111
3498,232.4753222222222
3499,233.9091083333333
3500,237.2417927083334
3501,900.8072458333338
3502,247.5245621527778
3503,1240.0
3504,259.2799770833333
3505,1240.0
3506,1240.0
3507,252.0420381944445
3508,248.2597350694444
3509,250.3232163194445
3510,251.7067701388889
3511,241.4797927083333
3512,240.722996875
3513,242.0217
3514,240.2372208333333
3515,235.3544100694444
3516,235.8078708333333
3517,241.4567961805555
3518,233.9717972222222
3519,246.4305333333334
3520,267.7105270833334
3521,270.5841208333333
3522,367.3900302083321
3523,247.9469663194445
3524,266.9409013888889
3525,1240.0
3526,1240.0
3527,1240.0
3528,1240.0
3529,1240.0
3530,1240.0
3531,1240.0
3532,1240.0
3533,1240.0
3534,1240.0
3535,256.7669940972223
3536,255.4339718749999
3537,250.2070256944444
3538,247.212421875
3539,244.8897805555555
3540,242.0413302083333
3541,244.9799770833333
3542,256.8703815972223
3543,259.2908559027778
3544,256.5358590277778
3545,269.5430677083333
3546,264.4144114583334
3547,275.5702097222222
3548,274.5600565972222
3549,266.2225576388889
3550,268.3666322916667
3551,268.4115402777778
3552,633.8933916666689
3553,275.1380291666667
3554,798.1245329861133
3555,1240.0
3556,287.2325833333333
3557,283.3957868055556
3558,277.2182416666667
3559,262.1926409722223
3560,250.478878125
3561,244.3586954861111
3562,243.0690850694445
3563,254.8284840277777
3564,264.0513857638888
3565,260.7218156250001
3566,256.2143274305556
3567,255.6095465277778
3568,267.878586111111
3569,269.5868631944444
3570,1240.0
3571,1240.0
3572,1240.0
3573,1240.0
3574,1240.0
3575,267.8649777777778
3576,271.8860545138889
3577,276.022360763889
3578,282.0211489583334
3579,1240.0
3580,1240.0
3581,1240.0
3582,1240.0
3583,1240.0
3584,1073.597254513887
3585,258.1612746527778
3586,252.4549902777778
3587,252.4171388888889
3588,257.8440302083333
3589,263.1702072916667
3590,270.3959284722222
3591,277.1162059027778
3592,274.5696177083334
3593,277.6750479166668
3594,282.70776875
3595,279.9653670138889
3596,279.7837861111111
3597,277.2770461805554
3598,276.6286
3599,1240.0
3600,276.0469555555555
3601,280.1592045138888
3602,285.7453555555556
3603,1240.0
3604,474.3054249999976
3605,273.9874746527777
3606,1240.0
3607,1240.0
3608,260.042382638889
3609,257.2299638888889
3610,255.6533909722222
3611,261.2746871527778
3612,264.0073378472222
3613,277.4583697916667
3614,293.7733458333333
3615,292.3618982638889
3616,328.2063322916666
3617,309.770984375
3618,302.7276357638888
3619,294.6110267361111
3620,1240.0
3621,1240.0
3622,1240.0
3623,1240.0
3624,292.6522465277778
3625,286.5104277777777
3626,284.0767694444445
3627,1240.0
3628,267.1848291666668
3629,263.9195489583334
3630,767.4744236111153
3631,1240.0
3632,257.1440618055557
3633,256.3413090277778
3634,255.5194579861111
3635,258.4533927083334
3636,264.7099885416667
3637,265.088590625
3638,266.9928038194445
3639,264.8445847222222
3640,267.1372354166667
3641,270.5519118055555
3642,265.8514121527778
3643,1240.0
3644,1240.0
3645,1240.0
3646,1240.0
3647,262.3570802083333
3648,258.2761
3649,263.2044347222222
3650,262.3679402777779
3651,253.9127982638888
3652,245.795684375
3653,251.3647788194444
3654,1240.0
3655,1240.0
3656,639.6456364583337
3657,240.0355895833333
3658,238.0563204861112
3659,237.9470489583333
3660,234.7439010416667
3661,246.4918371527777
3662,255.7315489583333
3663,263.3902621527777
3664,266.5195006944444
3665,276.7092368055556
3666,286.0306829861111
3667,286.9507520833333
3668,284.3375815972221
3669,1240.0
3670,1240.0
3671,1240.0
3672,1240.0
3673,278.9176267361112
3674,271.7670850694443
3675,1005.370035069443
3676,1240.0
3677,1240.0
3678,1240.0
3679,1240.0
3680,256.3920180555556
3681,269.7355923611111
3682,276.4785256944445
3683,283.432429513889
3684,303.088659375
3685,302.4680913194444
3686,267.7698052083333
3687,270.5103489583333
3688,275.2134482638888
3689,281.4538795138889
3690,280.481413888889
3691,278.8741541666666
3692,1240.0
3693,1240.0
3694,267.7206354166668
3695,269.2760104166667
3696,271.5983243055555
3697,266.3676968749999
3698,1240.0
3699,1240.0
3700,1240.0
3701,1240.0
3702,1240.0
3703,1240.0
3704,272.6757038194444
3705,271.2003475694445
3706,265.4235291666667
3707,256.9776868055556
3708,257.3317107638889
3709,261.4189895833333
3710,258.4301166666667
3711,268.1085520833333
3712,274.7397124999999
3713,271.9015729166667
3714,282.4360753472222
3715,1041.265667013889
3716,282.4464444444445
3717,280.313128125
3718,280.4575944444445
3719,282.6808572916667
3720,280.8374319444445
3721,279.7074878472222
3722,282.457326736111
3723,287.1563545138889
3724,288.3178131944445
3725,284.4826746527779
3726,281.5398131944444
3727,281.3144329861111
3728,305.3337984722239
3729,260.4374069444445
3730,297.1196982638889
3731,302.4761833333333
3732,289.0446854166665
3733,286.9140354166666
3734,282.6353340277778
3735,279.4719086805555
3736,270.4084607638889
3737,268.0830201388889
3738,1240.0
3739,1240.0
3740,1240.0
3741,1240.0
3742,1240.0
3743,1240.0
3744,1240.0
3745,282.9770569444444
3746,1240.0
3747,1240.0
3748,468.4743242743016
3749,261.11060265625
3750,1240.0
3751,253.7430104166666
3752,232.3680896180556
3753,139.2277195138889
3754,131.4663194444444
3755,131.5774305555555
3756,131.6885416666666
3757,131.7996527777777
3758,124.9789816527778
3759,198.2912732291667
3760,228.9191077083334
3761,224.6987136805555
3762,223.8440163194445
3763,1240.0
3764,223.9167708333334
3765,1240.0
3766,223.6790045138889
3767,224.3974076388889
3768,225.8449420138889
3769,224.0835190972223
3770,223.8636111111111
3771,224.1048368055556
3772,1240.0
3773,736.1294444444418
3774,224.4153121527778
3775,224.7765972222223
3776,225.1069444444445
3777,223.9926503472223
3778,252.7597784722222
3779,261.3140270833333
3780,269.9590527777777
3781,267.6468517361112
3782,263.8156600694444
3783,271.6658607638889
3784,272.1674402777778
3785,277.8268038194445
3786,1240.0
3787,1240.0
3788,1240.0
3789,1240.0
3790,1240.0
3791,290.9230899305556
3792,289.971376388889
3793,288.1040263888889
3794,288.7466777777778
3795,289.7638885416667
3796,1240.0
3797,1240.0
3798,1240.0
3799,282.4302659722213
3800,275.4481163194444
3801,272.5864239583333
3802,275.5179413194443
3803,272.2064454861111
3804,270.6801628472222
3805,272.8210538194445
3806,270.8690284722222
3807,271.2380809027778
3808,274.7595711805556
3809,272.0917802083334
3810,1240.0
3811,279.6806913194445
3812,1240.0
3813,1240.0
3814,1240.0
3815,280.6428003472222
3816,284.6449069444444
3817,282.1281246527778
3818,278.9944913194444
3819,278.0561465277778
3820,1240.0
3821,1084.106225347222
3822,1240.0
3823,269.6195451388888
3824,266.5584833333334
3825,259.6789913194445
3826,264.2423027777777
3827,272.2678173611111
3828,274.3884625
3829,272.5142260416667
3830,273.3203479166667
3831,276.2615395833333
3832,279.63305625
3833,273.7867239583334
3834,1240.0
3835,1240.0
3836,1240.0
3837,1240.0
3838,277.9780097222222
3839,278.9710322916667
3840,278.3523711805557
3841,712.605030902776
3842,1240.0
3843,1240.0
3844,1240.0
3845,1240.0
3846,1240.0
3847,271.903959375
3848,268.9371079861111
3849,271.8746055555556
3850,264.7562711805556
3851,260.6323836805556
3852,249.8005315972221
3853,246.0792097222222
3854,247.22819375
3855,252.0871343750001
3856,252.3963420138889
3857,253.8409482638889
3858,255.8698041666667
3859,1240.0
3860,255.4010864583334
3861,255.2165704861112
3862,256.17229375
3863,259.8202107638888
3864,265.4923048611111
3865,262.8385322916666
3866,264.3534142361111
3867,1240.0
3868,1240.0
3869,1240.0
3870,1240.0
3871,264.2704194444445
3872,264.3193979166667
3873,261.7344930555556
3874,258.8994086805556
3875,250.4761
3876,243.8143170138889
3877,245.9147222222223
3878,246.4776746527778
3879,240.2273704861111
3880,239.6763194444445
3881,1240.0
3882,1240.0
3883,357.263710069443
3884,238.1063892361112
3885,237.993934375
3886,238.3021284722222
3887,240.074190625
3888,246.7336090277777
3889,242.4686673611112
3890,238.6439697916667
3891,1240.0
3892,1240.0
3893,1240.0
3894,235.6102336805556
3895,236.5942107638888
3896,237.9076888888889
3897,236.7564670138889
3898,236.2665295138889
3899,233.8082986111112
3900,234.0640409722222
3901,237.8541684027778
3902,239.2283704861111
3903,239.3911684027778
3904,240.8889934027778
3905,241.4929430555556
3906,242.6515958333333
3907,241.622096875
3908,991.0817378472284
3909,1240.0
3910,1240.0
3911,244.1016666666667
3912,251.2819315972222
3913,248.3525215277778
3914,243.1911451388888
3915,240.13631875
3916,239.6908104166666
3917,1208.518347569447
3918,237.7246767361111
3919,235.5303697916667
3920,236.3737944444445
3921,239.6966777777778
3922,235.9902541666667
3923,236.3300239583334
3924,241.0033364583333
3925,246.5390736111111
3926,244.1558336805556
3927,246.1265048611112
3928,248.8229979166667
3929,261.3088524305555
3930,1240.0
3931,1240.0
3932,1240.0
3933,1240.0
3934,1240.0
3935,250.203482638889
3936,251.9827989583333
3937,250.3856131944444
3938,250.3741215277777
3939,247.4429173611111
3940,245.6768993055555
3941,245.1677309027778
3942,240.1610965277778
3943,1240.0
3944,240.1073027777778
3945,237.7586913194444
3946,235.1470513888889
3947,252.0316312500001
3948,254.3912503472222
3949,257.0094430555556
3950,257.6286677083333
3951,252.1849059027778
3952,252.6756694444445
3953,251.7832868055555
3954,1240.0
3955,1240.0
3956,1240.0
3957,1240.0
3958,1214.349471874995
3959,245.9509135416666
3960,249.0674190972222
3961,246.2183458333334
3962,247.4931142361111
3963,246.774638888889
3964,244.3902534722222
3965,243.6994090277778
3966,1240.0
3967,243.7246055555556
3968,244.1398739583333
3969,242.1551284722221
3970,240.8482072916667
3971,240.3797784722223
3972,239.9579506944445
3973,240.0927430555556
3974,238.0257541666666
3975,239.6787767361112
3976,238.1532527777777
3977,238.2434833333334
3978,239.0180326388889
3979,238.5243982638889
3980,1035.74417534722
3981,1240.0
3982,1240.0
3983,1240.0
3984,1240.0
3985,1240.0
3986,233.1545368055556
3987,233.3932170138889
3988,1240.0
3989,1240.0
3990,234.6383090277778
3991,234.7562954861111
3992,234.9157895833334
3993,234.2947097222223
3994,233.6225843749999
3995,233.5516309027778
3996,234.2985538194444
3997,239.0404878472222
3998,239.0786486111112
3999,238.2641795138889
4000,243.1559586805556
4001,242.3039357638889
4002,243.0395246527778
4003,244.7090979166667
4004,246.1587975694445
4005,247.4968420138889
4006,1001.735936805554
4007,1240.0
4008,1240.0
4009,1240.0
4010,1240.0
4011,1240.0
4012,252.1135541666666
4013,246.7935416666666
4014,1145.998571875001
4015,244.8551625000001
4016,242.2113059027778
4017,242.7939961805556
4018,244.2383465277778
4019,247.2501947916666
4020,245.1700895833333
4021,240.1898840277777
4022,240.8133100694444
4023,241.0285680555556
4024,239.4364569444445
4025,1240.0
4026,244.8761684027778
4027,243.1209739583334
4028,235.4746659722222
4029,236.2311340277777
4030,236.5104270833334
4031,1240.0
4032,239.4779399305556
4033,231.6204274305556
4034,231.1769593750001
4035,234.3135760416666
4036,235.8304958333334
4037,236.1153944444445
4038,234.5494458333334
4039,1240.0
4040,231.7615638888889
4041,231.7668760416668
4042,231.2053784722222
4043,230.4629746527778
4044,229.3973142361112
4045,230.8033440972222
4046,233.8840756944444
4047,256.6833201388889
4048,260.3777069444445
4049,262.7607506944444
4050,1240.0
4051,1240.0
4052,1240.0
4053,1240.0
4054,1092.253158333331
4055,236.4230552083333
4056,233.4691888888889
4057,228.8885083333333
4058,235.0642579861112
4059,238.5551989583334
4060,237.5623597222222
4061,238.8312722222223
4062,235.2526072916667
4063,237.7078357638889
4064,238.747196875
4065,239.0523378472222
4066,237.4431746527777
4067,235.5337958333333
4068,241.091945486111
4069,238.4655326388889
4070,240.5465864583333
4071,247.4153104166667
4072,251.2859041666667
4073,260.1539038194458
4074,1240.0
4075,1240.0
4076,1240.0
4077,1240.0
4078,1240.0
4079,1240.0
4080,273.0783555555556
4081,268.6127645833334
4082,271.8478020833334
4083,274.4499541666667
4084,277.5146395833333
4085,275.2971635416666
4086,1240.0
4087,1240.0
4088,261.2218288194443
4089,260.8252086805556
4090,261.1061569444444
4091,257.2688541666667
4092,256.6950121527778
4093,258.5220704861111
4094,260.7192347222223
4095,262.4711784722222
4096,266.9563180555555
4097,269.5762979166667
4098,1240.0
4099,1240.0
4100,942.5437864583364
4101,1240.0
4102,1240.0
4103,272.9072791666666
4104,278.2938090277779
4105,273.1981378472223
4106,271.6033565972222
4107,269.7721545138888
4108,269.3146760416666
4109,267.6475809027779
4110,267.1620260416666
4111,752.9081736111129
4112,268.8160309027778
4113,268.7366767361111
4114,266.8353232638889
4115,270.4216229166667
4116,269.2567829861111
4117,270.1993881944445
4118,273.0366916666667
4119,263.8977434027777
4120,265.3086114583334
4121,252.9918854166667
4122,1240.0
4123,1240.0
4124,1240.0
4125,1240.0
4126,1240.0
4127,1240.0
4128,263.7874291666667
4129,261.6308208333334
4130,265.1237951388889
4131,265.387054861111
4132,264.1714114583333
4133,263.0377659722223
4134,1240.0
4135,1240.0
4136,782.4748034722239
4137,257.8447680555555
4138,263.4248145833333
4139,271.70240625
4140,274.2104746527778
4141,273.7216777777778
4142,271.2223284722222
4143,268.3825364583334
4144,267.5893295138888
4145,266.9261118055555
4146,1240.0
4147,1240.0
4148,1240.0
4149,1240.0
4150,266.8478944444445
4151,265.432246875
4152,263.1383774305556
4153,261.831595138889
4154,262.0036913194444
4155,261.7431704861111
4156,259.4111118055556
4157,253.3235194444444
4158,1240.0
4159,1240.0
4160,248.848484375
4161,251.0754395833333
4162,251.5586927083334
4163,253.352776388889
4164,253.8855552083334
4165,254.9780107638889
4166,259.2254534722222
4167,259.7351847222222
4168,261.9716881944444
4169,266.0394899305556
4170,268.6131253472222
4171,1240.0
4172,1240.0
4173,1240.0
4174,1240.0
4175,659.300987152779
4176,278.1611440972221
4177,1240.0
4178,1086.530894444445
4179,1240.0
4180,278.382289236111
4181,1240.0
4182,1240.0
4183,1240.0
4184,1240.0
4185,269.6635291666666
4186,270.9876920138889
4187,269.3478454861112
4188,276.7281243055555
4189,277.4085868055554
4190,275.1524104166667
4191,279.9357166666667
4192,278.5152333333333
4193,277.3552322916667
4194,278.4190402777778
4195,277.0725222222222
4196,276.4551378472222
4197,273.8748138888889
4198,273.5497458333334
4199,278.0907756944445
4200,281.3576378472222
4201,280.9381107638889
4202,280.5021527777778
4203,278.6057645833333
4204,277.424375
4205,277.0388319444444
4206,1109.824767361113
4207,275.3218493055556
4208,273.4281388888888
4209,272.1124284722223
4210,278.0276940972221
4211,288.3503465277777
4212,286.1272659722222
4213,278.6929416666666
4214,275.0227958333334
4215,283.7406489583334
4216,280.1518649305556
4217,278.3318614583334
4218,278.0216892361112
4219,1240.0
4220,1240.0
4221,1240.0
4222,1240.0
4223,1240.0
4224,1240.0
4225,274.8023055555555
4226,268.2016315972222
4227,264.1237072916667
4228,261.9129753472222
4229,262.2284229166667
4230,260.5615159722222
4231,260.0568065972222
4232,257.2086111111111
4233,257.5981586805556
4234,257.6852059027777
4235,261.1399875
4236,258.1127909722222
4237,255.8270704861112
4238,256.105726388889
4239,257.2568732638888
4240,256.87056875
4241,257.755878125
4242,1240.0
4243,1240.0
4244,1240.0
4245,1240.0
4246,1240.0
4247,1240.0
4248,526.4047135416704
4249,253.5842718750001
4250,254.605428125
4251,254.3016204861111
4252,254.248495486111
4253,254.1095600694445
4254,532.0860159722235
4255,254.4036458333333
4256,254.5399652777778
4257,254.6040972222222
4258,254.720428125
4259,254.8400694444445
4260,254.9387034722222
4261,255.0709489583334
4262,255.1452663194445
4263,255.2539583333333
4264,256.0692479166667
4265,256.00835625
4266,1240.0
4267,1240.0
4268,1240.0
4269,1240.0
4270,1240.0
4271,1240.0
4272,266.4936340277779
4273,265.6243045138888
4274,265.3035666666667
4275,262.1146767361111
4276,259.5339684027777
4277,1240.0
4278,1240.0
4279,259.5485673611111
4280,261.4394114583333
4281,268.9448402777778
4282,265.1183538194445
4283,270.7985986111112
4284,271.366390625
4285,270.2214093750001
4286,275.184615625
4287,269.0887517361111
4288,264.6553631944445
4289,262.3569107638889
4290,876.6397708333332
4291,1240.0
4292,1240.0
4293,1240.0
4294,278.0607625000001
4295,1240.0
4296,287.57976875
4297,280.0562027777777
4298,278.3446746527778
4299,276.7817253472222
4300,278.6993065972222
4301,1072.310721180553
4302,1240.0
4303,1240.0
4304,279.2656493055555
4305,280.5121524305555
4306,285.7685645833333
4307,287.4891916666667
4308,283.6852434027778
4309,280.0144663194444
4310,272.0589135416667
4311,279.8576753472222
4312,275.3859618055556
4313,1240.0
4314,1240.0
4315,274.3376725694444
4316,271.7726260416666
4317,1240.0
4318,1240.0
4319,263.1958333333333
4320,261.2225475694444
4321,259.7640024305556
4322,257.0370131944444
4323,257.0243770833334
4324,257.5852895833333
4325,257.3172548611111
4326,782.4617173611114
4327,1240.0
4328,1240.0
4329,1240.0
4330,265.2717673611111
4331,265.7883822916667
4332,268.3604868055555
4333,266.8370031249999
4334,265.7504625
4335,265.367211111111
4336,1240.0
4337,263.601032638889
4338,265.5347791666667
4339,268.4963437500001
4340,275.4427340277778
4341,1240.0
4342,278.5366642361111
4343,281.9695465277778
4344,1240.0
4345,280.1282631944444
4346,274.3034517361111
4347,1240.0
4348,1240.0
4349,1240.0
4350,953.2787840277767
4351,263.1443166666667
4352,262.5280770833334
4353,259.9771635416666
4354,255.8233576388889
4355,263.2781138888889
4356,270.8231402777777
4357,265.9950697916667
4358,266.023934375
4359,274.6215982638888
4360,276.5971059027778
4361,278.8825020833333
4362,281.8714375
4363,284.6086677083333
4364,1240.0
4365,1240.0
4366,1240.0
4367,270.71963125
4368,266.7272552083334
4369,263.6979013888889
4370,1240.0
4371,1240.0
4372,265.3612989583334
4373,586.8850697916664
4374,251.7834142361112
4375,244.0213795138889
4376,243.0757774305555
4377,244.0523711805555
4378,254.7919805555555
4379,261.2940409722223
4380,266.6613447916666
4381,268.8571083333334
4382,268.7409618055555
4383,265.7920607638888
4384,265.0696399305556
4385,266.0710663194443
4386,267.3000020833333
4387,1240.0
4388,1240.0
4389,1240.0
4390,1240.0
4391,247.6532423611112
4392,248.7027916666667
4393,249.5103249999999
4394,251.2974083333334
4395,247.5911097222222
4396,251.0099857638888
4397,247.2020958333333
4398,1240.0
4399,245.80365625
4400,246.453184375
4401,244.9989583333333
4402,245.1100694444445
4403,245.2211805555555
4404,245.3322916666666
4405,245.4434027777778
4406,245.5545138888889
4407,245.665625
4408,245.7767361111111
4409,245.8878472222222
4410,1200.908759027777
4411,1240.0
4412,1240.0
4413,1240.0
4414,1240.0
4415,246.5545138888889
4416,246.665625
4417,244.1934027777777
4418,244.3045138888889
4419,244.415625
4420,244.5267361111111
4421,244.6378472222222
4422,244.665625
4423,244.7767361111111
4424,244.8878472222222
4425,244.9989583333333
4426,245.1100694444445
4427,245.2211805555555
4428,245.3322916666666
4429,245.4434027777778
4430,245.5545138888889
4431,245.665625
4432,245.7767361111111
4433,1240.0
4434,245.9989583333333
4435,1167.274305555558
4436,1240.0
4437,1240.0
4438,1240.0
4439,1240.0
4440,246.665625
4441,244.1934027777777
4442,244.3045138888889
4443,244.415625
4444,244.5267361111111
4445,1240.0
4446,1240.0
4447,244.7767361111111
4448,244.8878472222222
4449,244.9989583333333
4450,245.1100694444445
4451,245.2211805555555
4452,245.3322916666666
4453,245.4434027777778
4454,245.5545138888889
4455,245.665625
4456,245.7767361111111
4457,245.8878472222222
4458,245.9989583333333
4459,1240.0
4460,1240.0
4461,1240.0
4462,1164.135416666669
4463,246.5545138888889
4464,246.665625
4465,244.1934027777777
4466,244.3045138888889
4467,244.415625
4468,1240.0
4469,1240.0
4470,244.665625
4471,244.7767361111111
4472,244.8878472222222
4473,244.9989583333333
4474,245.1100694444445
4475,245.2211805555555
4476,245.3322916666666
4477,245.4434027777778
4478,245.5545138888889
4479,245.665625
4480,245.7767361111111
4481,245.8878472222222
4482,245.9989583333333
4483,246.1100694444444
4484,1164.663194444446
4485,1240.0
4486,246.4434027777778
4487,1240.0
4488,1240.0
4489,244.1934027777777
4490,244.3045138888889
4491,244.415625
4492,244.5267361111111
4493,244.6378472222222
4494,1240.0
4495,244.7767361111111
4496,244.8878472222222
4497,244.9989583333333
4498,245.1100694444445
4499,245.2211805555555
4500,245.3322916666666
4501,245.4434027777778
4502,245.5545138888889
4503,245.7134951388889
4504,246.7168284722222
4505,246.8512388888889
4506,246.9477083333333
4507,1240.0
4508,1240.0
4509,1240.0
4510,1240.0
4511,1168.788587500002
4512,246.2764236111111
4513,1240.0
4514,1240.0
4515,1240.0
4516,1240.0
4517,244.1467940972223
4518,244.2355555555555
4519,244.28695625
4520,244.4132173611111
4521,244.5256017361111
4522,246.868925
4523,278.0538920138889
4524,274.4601392361111
4525,268.9052309027778
4526,273.7021635416668
4527,264.2667013888888
4528,254.5188088888889
4529,268.9571618055556
4530,263.5689118055555
4531,268.4726586805555
4532,484.7258311111104
4533,262.3136114583334
4534,255.9348486111111
4535,1240.0
4536,1240.0
4537,1240.0
4538,265.3714246527778
4539,263.3834944444444
4540,1240.0
4541,1240.0
4542,1240.0
4543,263.9399076388889
4544,263.1916430555555
4545,262.62149375
4546,263.4367791666666
4547,265.4770937500001
4548,277.6738197916666
4549,280.9866434027776
4550,268.9189458333333
4551,267.1567427083334
4552,277.3305652777778
4553,284.0372232638888
4554,281.9983701388888
4555,274.8862701388889
4556,1240.0
4557,856.8284399305574
4558,261.4727072916667
4559,1240.0
4560,265.7246517361111
4561,249.4447541666667
4562,244.5958131944444
4563,244.6954659722223
4564,248.8381281249999
4565,1240.0
4566,588.2480048611105
4567,243.2683107638889
4568,1240.0
4569,242.2669072916667
4570,249.5674861111112
4571,260.1996423611111
4572,265.6805079861112
4573,276.4830083333332
4574,272.1296996527778
4575,266.7989934027777
4576,266.8554864583333
4577,274.5553111111111
4578,274.324595486111
4579,279.0627079861111
4580,273.0054190972223
4581,1240.0
4582,1240.0
4583,1240.0
4584,1240.0
4585,1240.0
4586,266.5032503472221
4587,263.8424659722223
4588,263.658971875
4589,1240.0
4590,1240.0
4591,1240.0
4592,244.2386694444444
4593,243.4511913194445
4594,245.7517381944444
4595,253.6411486111111
4596,280.4990583333333
4597,279.1725361111111
4598,276.2645017361111
4599,270.4194416666667
4600,270.3780333333333
4601,266.0526222222222
4602,648.8055097222241
4603,265.5431493055556
4604,264.9090881944445
4605,1240.0
4606,1240.0
4607,263.0560409722223
4608,261.5743201388888
4609,255.3357416666666
4610,252.4171399305555
4611,250.7870986111111
4612,247.9709836805556
4613,1240.0
4614,1143.288262500002
4615,241.8660614583333
4616,229.3295958333333
4617,234.6644357638889
4618,231.2927204861111
4619,238.3417267361112
4620,251.4807131944445
4621,251.2723881944444
4622,251.0860899305556
4623,250.2071972222222
4624,254.1441204861111
4625,250.745160763889
4626,243.5582048611112
4627,241.6391548611111
4628,1240.0
4629,1240.0
4630,1240.0
4631,1240.0
4632,240.9491885416666
4633,236.9680315972222
4634,236.5378006944444
4635,235.5029506944445
4636,236.9391541666666
4637,238.0765503472223
4638,1240.0
4639,236.9860899305556
4640,237.7675114583334
4641,239.9156586805556
4642,240.3863055555556
4643,242.8255003472223
4644,241.4777072916667
4645,244.0196427083333
4646,248.1892940972223
4647,247.4158211805556
4648,245.8425590277778
4649,249.4303802083334
4650,250.550846875
4651,1240.0
4652,1240.0
4653,1240.0
4654,1240.0
4655,1092.472782291672
4656,236.3431940972222
4657,1240.0
4658,1240.0
4659,850.8192065972221
4660,1240.0
4661,1240.0
4662,230.5647458333333
4663,1240.0
4664,231.9864013888889
4665,225.3379857638889
4666,229.9252305555556
4667,227.5635059027777
4668,232.6528836805556
4669,237.0468638888889
4670,241.4677076388889
4671,243.2848381944444
4672,245.4527184027778
4673,243.1649628472223
4674,243.2402989583333
4675,243.098059375
4676,242.008715625
4677,243.5370930555555
4678,240.5328128472223
4679,238.8653361111111
4680,236.9213305555554
4681,240.4450006944445
4682,240.8127770833334
4683,243.0692725694445
4684,233.3651746527779
4685,234.2077076388889
4686,222.7826298611111
4687,222.9084697916668
4688,221.397048263889
4689,224.1099302083333
4690,226.5371197916667
4691,226.1888451388889
4692,229.0184732638889
4693,234.5989927083334
4694,237.2443972222222
4695,242.3047125000001
4696,245.5889815972222
4697,1240.0
4698,1240.0
4699,1240.0
4700,1240.0
4701,1240.0
4702,242.3201413194445
4703,894.9292270833387
4704,235.1675819444445
4705,306.7272378472223
4706,1043.56626736111
4707,313.2050704861112
4708,306.8522777777778
4709,301.8982993055556
4710,305.9517128472222
4711,307.0546069444445
4712,306.8683086805555
4713,307.2116454861111
4714,307.1008444444445
4715,308.3024038194445
4716,299.3381329861111
4717,296.6697100694445
4718,290.2446055555556
4719,294.6483902777778
4720,300.6516336805556
4721,298.2812482638888
4722,1240.0
4723,1240.0
4724,1240.0
4725,1240.0
4726,1240.0
4727,1240.0
4728,1240.0
4729,315.3155100694444
4730,311.495901388889
4731,313.4280010416666
4732,308.4458746527778
4733,309.8682041666667
4734,1240.0
4735,303.4237142361111
4736,310.3455333333334
4737,303.5624184027778
4738,302.1965510416667
4739,307.5436076388889
4740,307.9652440972222
4741,302.6754065972223
4742,303.8438649305556
4743,296.6049652777778
4744,290.2082527777778
4745,291.0125927083334
4746,1240.0
4747,1240.0
4748,1240.0
4749,807.9614201388868
4750,1240.0
4751,1240.0
4752,1240.0
4753,289.2570934027778
4754,293.1003128472221
4755,295.2843625
4756,295.5194795138889
4757,1240.0
4758,1240.0
4759,1240.0
4760,295.8521416666666
4761,290.8469784722223
4762,293.629664236111
4763,294.3273159722222
4764,293.4694333333334
4765,292.1821177083332
4766,288.9402677083332
4767,281.8839336805555
4768,298.8020024305555
4769,297.7236097222222
4770,293.2954440972222
4771,780.6198409722253
4772,1240.0
4773,1240.0
4774,1240.0
4775,1240.0
4776,300.3570045138889
4777,298.1379371527778
4778,294.4148402777777
4779,292.1650190972223
4780,293.0406576388888
4781,1240.0
4782,1240.0
4783,1240.0
4784,282.2960395833333
4785,278.2254982638889
4786,279.69315
4787,283.7072201388888
4788,294.0328024305555
4789,288.5230899305556
4790,289.9058246527779
4791,289.9509878472222
4792,285.427579861111
4793,289.48761875
4794,295.7895378472222
4795,686.341685069446
4796,1240.0
4797,1240.0
4798,1240.0
4799,1240.0
4800,296.792821875
4801,289.0909517361113
4802,290.089826736111
4803,287.405484375
4804,286.4411711805557
4805,291.8153447916667
4806,1240.0
4807,1240.0
4808,295.3642711805556
4809,300.1218625
4810,305.1186802083334
4811,305.1175
4812,303.0310319444444
4813,303.2688190972223
4814,304.7588736111111
4815,304.9829173611112
4816,303.015865625
4817,820.9824590277758
4818,1240.0
4819,1240.0
4820,1240.0
4821,1240.0
4822,1240.0
4823,298.7451020833334
4824,304.0906364583332
4825,310.066317013889
4826,308.9834729166666
4827,310.8915010416666
4828,304.0112479166666
4829,303.0497350694444
4830,1240.0
4831,1177.194480902777
4832,298.3168284722223
4833,297.4202427083333
4834,299.0792499999999
4835,305.9549770833333
4836,305.4790378472222
4837,303.8726725694444
4838,310.8600604166666
4839,313.2516298611112
4840,312.0925243055555
4841,310.2033927083334
4842,312.4255076388888
4843,1240.0
4844,1240.0
4845,1240.0
4846,1240.0
4847,1240.0
4848,1240.0
4849,1240.0
4850,1240.0
4851,1240.0
4852,1240.0
4853,1240.0
4854,1110.138634027775
4855,309.2361423611112
4856,315.64946875
4857,318.0743968749999
4858,316.751690625
4859,314.5053131944444
4860,315.1777541666665
4861,309.4032302083332
4862,312.9849458333334
4863,315.6471833333334
4864,310.6792020833334
4865,310.4189326388889
4866,303.9967572916667
4867,303.5358444444445
4868,1240.0
4869,1240.0
4870,299.0706840277777
4871,297.2900211805555
4872,298.3085093749999
4873,296.5462517361112
4874,1240.0
4875,307.0584406249999
4876,307.0659128472223
4877,306.2884986111112
4878,1097.04242881945
4879,294.5417225694446
4880,293.7696552083333
4881,295.8664923611111
4882,298.231585763889
4883,302.9807749999999
4884,311.450484375
4885,305.4210770833333
4886,312.8182861111111
4887,311.0546909722222
4888,306.899353125
4889,303.9757909722223
4890,1240.0
4891,1240.0
4892,1240.0
4893,1240.0
4894,1240.0
4895,1240.0
4896,311.5577788194444
4897,304.5090305555556
4898,312.3080479166666
4899,304.2054388888889
4900,303.330371875
4901,302.2706979166667
4902,730.25825798611
4903,295.3832756944444
4904,293.939490625
4905,295.46634375
4906,298.8477909722222
4907,290.0406256944443
4908,289.1428906249999
4909,290.4390506944445
4910,284.9647329861111
4911,278.3956340277778
4912,286.1168645833334
4913,301.4201989583333
4914,1240.0
4915,1240.0
4916,1240.0
4917,1240.0
4918,1240.0
4919,1240.0
4920,1240.0
4921,1240.0
4922,291.72505625
4923,293.09009375
4924,564.6073184027794
4925,289.3498954861111
4926,1240.0
4927,287.5721319444444
4928,285.2731711805555
4929,293.6182420138888
4930,302.8102118055555
4931,310.0038451388889
4932,302.7015395833333
4933,300.6471548611111
4934,298.2325916666667
4935,293.0078138888888
4936,283.4573854166667
4937,283.0658559027777
4938,285.294723263889
4939,1240.0
4940,1240.0
4941,1240.0
4942,1240.0
4943,1240.0
4944,290.6377861111111
4945,293.7361593750001
4946,295.5790013888889
4947,294.3403270833334
4948,1240.0
4949,1240.0
4950,284.5462704861111
4951,280.0564850694445
4952,275.576235763889
4953,271.6575795138889
4954,273.5363329861111
4955,272.3790072916666
4956,267.8160041666666
4957,268.6879534722222
4958,267.8596093749999
4959,260.5725822916666
4960,264.1335416666667
4961,277.5648423611111
4962,275.7117361111112
4963,1165.466876736108
4964,1240.0
4965,1240.0
4966,1240.0
4967,1240.0
4968,272.1136131944444
4969,268.4268635416666
4970,267.3139694444445
4971,266.7893979166666
4972,265.7668996527777
4973,1240.0
4974,264.7823052083333
4975,257.8972107638889
4976,255.9399666666667
4977,256.0285434027778
4978,257.3260996527778
4979,261.9340944444444
4980,262.2318524305556
4981,264.3810197916667
4982,264.5919465277778
4983,265.8110791666666
4984,264.8057631944444
4985,659.7518892361095
4986,1240.0
4987,252.6169211805556
4988,1240.0
4989,1240.0
4990,1240.0
4991,1240.0
4992,269.5126965277777
4993,268.1910791666668
4994,268.5788444444445
4995,265.8591093749999
4996,266.6187600694445
4997,266.8631684027777
4998,266.541795138889
4999,263.54553125
5000,257.9953340277778
5001,256.5543513888888
5002,254.5795364583333
5003,249.9243649305556
5004,248.2057048611111
5005,255.9880434027778
5006,277.224375
5007,285.9483319444444
5008,284.8204170138888
5009,1009.403379166665
5010,1240.0
5011,1240.0
5012,1240.0
5013,1240.0
5014,279.7576607638889
5015,1240.0
5016,1240.0
5017,289.5429170138888
5018,866.3100642361087
5019,1240.0
5020,1240.0
5021,1240.0
5022,1240.0
5023,257.5302888888888
5024,256.057732638889
5025,250.9824211805556
5026,247.7807982638888
5027,255.3073590277778
5028,261.2731725694444
5029,269.6900454861111
5030,268.589120486111
5031,275.4084472222223
5032,272.5117472222223
5033,279.0020934027777
5034,273.8854052083333
5035,276.1925704861112
5036,278.1604413194444
5037,264.5076732638889
5038,1240.0
5039,1240.0
5040,279.8034250000001
5041,1240.0
5042,1016.66565104167
5043,1240.0
5044,295.8263100694444
5045,278.70039375
5046,278.7298951388889
5047,268.7603444444445
5048,262.3516645833333
5049,261.1536003472222
5050,263.0718170138888
5051,268.7001138888889
5052,267.6171395833333
5053,261.6201993055556
5054,269.5838326388889
5055,270.7554756944446
5056,274.0390145833334
5057,277.6435190972222
5058,1240.0
5059,1240.0
5060,1240.0
5061,1240.0
5062,264.9753951388889
5063,274.2991336805556
5064,279.5414118055556
5065,275.6069097222221
5066,275.6977798611111
5067,270.4642131944445
5068,268.0744743055555
5069,1240.0
5070,1240.0
5071,1240.0
5072,251.6012041666667
5073,256.9679958333333
5074,253.7015736111111
5075,259.6915743055555
5076,268.5341930555555
5077,269.7860413194445
5078,271.1678788194445
5079,276.8045861111111
5080,276.1575361111111
5081,277.1430430555556
5082,264.9056361111111
5083,1240.0
5084,1240.0
5085,1240.0
5086,950.5599190972221
5087,287.2317704861111
5088,275.55340625
5089,286.1041451388888
5090,300.5729322916666
5091,299.7916878472222
5092,302.4182850694445
5093,1240.0
5094,847.7207579861079
5095,289.6571618055555
5096,282.9599888888889
5097,281.2810499999999
5098,278.9106711805556
5099,276.1723527777777
5100,284.1678097222222
5101,291.2813635416666
5102,289.2337253472223
5103,295.1996666666667
5104,300.9995815972222
5105,294.3469680555555
5106,301.4092152777778
5107,1240.0
5108,1240.0
5109,1240.0
5110,1240.0
5111,1240.0
5112,1240.0
5113,1240.0
5114,312.5955173611111
5115,306.4591659722223
5116,1240.0
5117,308.3121673611111
5118,1240.0
5119,1240.0
5120,963.3384642361104
5121,291.6528802083334
5122,301.9804958333334
5123,311.2190642361111
5124,300.174721875
5125,301.3661013888888
5126,300.282234375
5127,296.2706336805555
5128,290.4237958333333
5129,290.2247680555556
5130,293.5018131944445
5131,1240.0
5132,1240.0
5133,1240.0
5134,304.492257986111
5135,308.2177065972222
5136,308.3238555555556
5137,310.0060993055555
5138,315.1185184027779
5139,320.5454017361111
5140,313.9668881944445
5141,312.2770003472222
5142,999.7299923611099
5143,301.7028003472222
5144,300.4520253472222
5145,299.5891791666667
5146,299.256978125
5147,301.3590329861111
5148,303.3284381944445
5149,306.5791347222222
5150,302.3787291666667
5151,304.3418892361111
5152,295.8551763888889
5153,290.4856361111111
5154,1240.0
5155,1240.0
5156,1240.0
5157,1240.0
5158,1240.0
5159,1240.0
5160,1240.0
5161,1240.0
5162,1240.0
5163,1240.0
5164,1240.0
5165,302.0638072916666
5166,298.833665625
5167,294.3964579861112
5168,289.0358361111111
5169,288.7471743055556
5170,287.3531743055555
5171,288.9084149305556
5172,292.8937166666666
5173,294.692389236111
5174,302.8832753472223
5175,306.4292121527777
5176,312.6744822916666
5177,313.620395486111
5178,1030.020696180558
5179,303.2003704861111
5180,1240.0
5181,307.6587388888889
5182,307.762084375
5183,1240.0
5184,1240.0
5185,1240.0
5186,1240.0
5187,1240.0
5188,1240.0
5189,1240.0
5190,1240.0
5191,1240.0
5192,292.6402454861111
5193,293.8188902777777
5194,289.1674076388888
5195,290.3502548611111
5196,275.279073611111
5197,271.4957531250001
5198,272.2387256840277
5199,267.2159938611111
5200,278.9667388888889
5201,277.1368055555556
5202,277.2479166666666
5203,277.3590277777778
5204,277.4701388888889
5205,508.3604334340283
5206,277.692361111111
5207,277.8034722222222
5208,277.9145833333333
5209,1240.0
5210,275.4701388888889
5211,1240.0
5212,1240.0
5213,275.8034722222222
5214,275.9145833333333
5215,1240.0
5216,1240.0
5217,1240.0
5218,275.87599375
5219,1118.373778819443
5220,267.3182062499999
5221,273.2203572916666
5222,272.2363065972222
5223,267.0910999999999
5224,263.2213305555555
5225,262.0349809027778
5226,272.0916645833333
5227,271.2509756944444
5228,275.2877083333333
5229,289.8555440972223
5230,290.8447420138889
5231,299.8873736111111
5232,304.2847902777777
5233,300.4152215277777
5234,305.32024375
5235,306.5625479166666
5236,287.8861895833333
5237,282.0598496527778
5238,278.9003704861112
5239,1240.0
5240,1240.0
5241,267.4698152777777
5242,265.1694545138888
5243,275.8946753472223
5244,271.8620708333333
5245,269.5352340277778
5246,273.4729142361111
5247,283.9063302083333
5248,279.6593302083334
5249,1240.0
5250,1240.0
5251,1240.0
5252,1240.0
5253,1240.0
5254,390.1234569444451
5255,310.924929861111
5256,301.3424197916667
5257,298.6419822916666
5258,317.5898288194444
5259,324.2453031249999
5260,311.5886434027777
5261,304.1799062499999
5262,1240.0
5263,301.8763284722222
5264,299.5799138888888
5265,297.8683913194443
5266,295.0916232638888
5267,301.4849538194444
5268,305.5390072916666
5269,311.8110079861112
5270,305.8415635416666
5271,300.9059135416667
5272,295.7871899305556
5273,1240.0
5274,1240.0
5275,1240.0
5276,1240.0
5277,1240.0
5278,1240.0
5279,1240.0
5280,325.8183479166673
5281,335.4084621527779
5282,333.9001260416667
5283,465.445810416667
5284,1240.0
5285,1240.0
5286,1240.0
5287,315.7805114583334
5288,315.2168534722222
5289,315.9208666666667
5290,317.6544805555555
5291,322.2408378472222
5292,323.8347781250001
5293,331.8041430555555
5294,305.8811607638889
5295,293.5170694444445
5296,299.9841218750001
5297,298.535115625
5298,301.9467361111111
5299,1240.0
5300,1240.0
5301,1240.0
5302,302.9413090277778
5303,1240.0
5304,1240.0
5305,1240.0
5306,311.7683545138889
5307,308.5620263888889
5308,306.3976375
5309,1240.0
5310,1240.0
5311,296.0831225694445
5312,293.1213635416667
5313,288.7180204861111
5314,290.8929041666668
5315,288.7726975694445
5316,290.2870715277778
5317,292.7698013888888
5318,302.9550809027778
5319,307.8747427083333
5320,308.3441215277778
5321,312.1347552083333
5322,314.48036875
5323,315.9867295138889
5324,1098.43987326389
5325,1240.0
5326,1240.0
5327,1240.0
5328,1240.0
5329,1240.0
5330,1240.0
5331,1240.0
5332,1240.0
5333,313.5663180555556
5334,1240.0
5335,310.0695465277778
5336,314.4605982638889
5337,309.6662715277778
5338,312.8130784722222
5339,311.7565861111111
5340,318.6211118055555
5341,320.034270138889
5342,313.9060621527778
5343,311.6015062500001
5344,315.5192017361113
5345,316.035425
5346,311.6117128472222
5347,316.3957885416667
5348,1240.0
5349,327.1964684027778
5350,484.1160562500027
5351,1240.0
5352,1240.0
5353,1240.0
5354,1240.0
5355,1240.0
5356,1240.0
5357,1240.0
5358,1240.0
5359,1240.0
5360,665.4031423611096
5361,1240.0
5362,319.2443895833334
5363,316.1888
5364,316.3458708333333
5365,315.6080440972222
5366,315.0026218749999
5367,309.8912878472221
5368,308.830336111111
5369,306.6903944444446
5370,318.2241923611111
5371,319.3843756944445
5372,322.7564031249999
5373,318.8893059027779
5374,321.8669090277777
5375,325.6395947916666
5376,329.3933131944444
5377,324.2616663194443
5378,331.9569197916667
5379,333.9375260416666
5380,332.9613614583333
5381,327.5559246527777
5382,322.0789329861112
5383,318.5053013888888
5384,308.98644375
5385,302.6131586805556
5386,303.1675809027778
5387,312.2638062500001
5388,320.3543743055554
5389,319.5471618055556
5390,323.3800680555555
5391,1240.0
5392,1240.0
5393,1240.0
5394,1240.0
5395,323.5645020833334
5396,1240.0
5397,1240.0
5398,1240.0
5399,1240.0
5400,769.7401645833279
5401,338.3024541666667
5402,334.0967003472223
5403,340.2375739583333
5404,1240.0
5405,322.4628263888889
5406,1240.0
5407,1240.0
5408,606.1474899305595
5409,320.1211107638889
5410,321.8952083333334
5411,318.2297805555556
5412,331.1945947916666
5413,335.5673104166667
5414,337.4167809027776
5415,330.0997097222223
5416,321.0509020833334
5417,331.7013875
5418,1240.0
5419,1240.0
5420,1240.0
5421,302.6472444444445
5422,306.8721520833334
5423,1240.0
5424,1240.0
5425,1240.0
5426,263.6073243055555
5427,263.0020361111111
5428,258.638540625
5429,1240.0
5430,1240.0
5431,1240.0
5432,679.101421180555
5433,244.4241333333333
5434,244.8991086805556
5435,251.5012371527778
5436,268.27301875
5437,288.6035083333333
5438,286.1734079861111
5439,277.9358607638889
5440,279.2434711805555
5441,267.9804048611111
5442,264.7717805555555
5443,266.3202802083333
5444,261.1888204861111
5445,266.7681034722222
5446,267.6778607638889
5447,1240.0
5448,1240.0
5449,1240.0
5450,270.859582986111
5451,273.8660881944444
5452,1240.0
5453,1240.0
5454,1240.0
5455,270.1835555555555
5456,269.3843649305556
5457,268.1337190972222
5458,268.1243878472222
5459,263.6552243055556
5460,266.3383458333333
5461,279.6901927083333
5462,284.5357652777778
5463,285.8443979166667
5464,294.3622347222222
5465,294.3760746527778
5466,1159.321154166664
5467,1240.0
5468,1240.0
5469,288.5882065972223
5470,282.479863888889
5471,275.3776940972223
5472,267.0039138888889
5473,258.1872100694445
5474,257.5162246527777
5475,258.1180097222223
5476,1240.0
5477,1240.0
5478,1240.0
5479,244.6317246527777
5480,244.2629871527778
5481,1165.854967361113
5482,242.5982770833334
5483,241.3272576388889
5484,239.2578465277778
5485,238.9815395833334
5486,233.0586913194444
5487,235.1338916666666
5488,235.7454743055555
5489,239.1301034722222
5490,241.9059156250001
5491,244.0574982638889
5492,1240.0
5493,1240.0
5494,246.9553364583333
5495,250.3609704861111
5496,252.4510677083333
5497,251.0799875
5498,251.2984236111112
5499,245.0350090277777
5500,243.3837006944444
5501,597.3672361111126
5502,1240.0
5503,233.3046527777778
5504,233.0631013888888
5505,235.4628236111112
5506,239.5063083333332
5507,242.8583427083333
5508,245.8787229166666
5509,240.3592125
5510,243.879053125
5511,285.426425
5512,316.7072586805555
5513,318.0298954861112
5514,1240.0
5515,1240.0
5516,1240.0
5517,1240.0
5518,1240.0
5519,262.3638305555555
5520,266.7238166666666
5521,260.5988079861111
5522,248.2883222222221
5523,256.7764940972222
5524,261.215925
5525,255.4450940972222
5526,256.5677770833333
5527,254.0930003472222
5528,252.2235979166666
5529,245.5301145833333
5530,236.9665045138888
5531,248.6784135416667
5532,261.9263774305556
5533,261.6039805555556
5534,266.8686697916665
5535,271.171871875
5536,270.3838895833334
5537,274.7191763888889
5538,1240.0
5539,1240.0
5540,1240.0
5541,990.223175347217
5542,1240.0
5543,1240.0
5544,1240.0
5545,1240.0
5546,1018.437165277776
5547,1240.0
5548,1240.0
5549,1240.0
5550,1240.0
5551,1240.0
5552,270.8461934027778
5553,266.8160065972222
5554,263.5239920138889
5555,261.7848375
5556,266.9478034722222
5557,274.3954288194444
5558,277.1835864583334
5559,277.0056951388888
5560,279.9409027777778
5561,273.6354729166667
5562,265.3361684027777
5563,273.716251388889
5564,276.2614934027777
5565,272.8298152777778
5566,267.1197100694444
5567,267.0306840277777
5568,264.9240958333332
5569,256.4825909722223
5570,253.2688770833333
5571,252.6947788194445
5572,251.0653670138889
5573,1240.0
5574,1240.0
5575,1240.0
5576,252.3554982638888
5577,250.688785763889
5578,251.0545246527778
5579,253.517014236111
5580,256.2531006944445
5581,260.5510895833334
5582,262.4709597222222
5583,262.0105565972223
5584,624.8806458333347
5585,267.0647569444444
5586,271.2816434027779
5587,270.7980690972223
5588,269.030520138889
5589,266.0541225694445
5590,1240.0
5591,1240.0
5592,1240.0
5593,1240.0
5594,1240.0
5595,1240.0
5596,1240.0
5597,1240.0
5598,1240.0
5599,254.7435711805556
5600,253.1509600694445
5601,251.1282756944445
5602,249.581746875
5603,256.0377225694444
5604,255.3244715277778
5605,247.1522215277778
5606,252.69993125
5607,257.9122916666666
5608,252.1067013888889
5609,258.2229972222222
5610,258.7734729166667
5611,266.5751628472221
5612,265.4604847222222
5613,262.1977559027778
5614,602.9507347222268
5615,268.6848864583333
5616,269.4297704861111
5617,275.8282079861111
5618,259.4030309027777
5619,258.013865625
5620,263.8672548611111
5621,1240.0
5622,1240.0
5623,1240.0
5624,261.9452302083334
5625,263.5454163194445
5626,264.5667038194444
5627,263.8523010416666
5628,271.4586888888889
5629,276.8238340277778
5630,275.8379979166666
5631,280.4028333333334
5632,286.1033184027779
5633,286.3442934027778
5634,1240.0
5635,1240.0
5636,1240.0
5637,971.3636944444445
5638,260.8612961805556
5639,258.3581232638888
5640,270.2867232638889
5641,274.2208579861111
5642,274.9547920138889
5643,275.7344340277778
5644,266.1328232638889
5645,1240.0
5646,1240.0
5647,1240.0
5648,277.7732631944445
5649,278.7189225694445
5650,277.9258486111111
5651,278.4917284722222
5652,280.4883687499999
5653,281.9281340277778
5654,280.9717128472221
5655,278.2300795138888
5656,1193.179500000003
5657,272.8900475694444
5658,1240.0
5659,1240.0
5660,1240.0
5661,287.8192253472222
5662,265.4697128472223
5663,266.3342711805555
5664,274.3465402777778
5665,271.4195465277778
5666,268.8659597222223
5667,269.7128222222223
5668,274.3126722222222
5669,263.3569444444446
5670,1240.0
5671,1240.0
5672,1240.0
5673,257.1053225694444
5674,256.8315645833334
5675,258.6592604166667
5676,243.7515524305556
5677,225.858054861111
5678,233.2781850694445
5679,246.0072131944445
5680,246.5054850694444
5681,260.6539465277777
5682,1240.0
5683,549.8451552083378
5684,1240.0
5685,1240.0
5686,252.6981232638888
5687,256.1507413194444
5688,261.8619190972222
5689,258.5099538194444
5690,261.7772024305556
5691,257.1603472222222
5692,255.2288246527778
5693,250.4920375
5694,252.3791170138889
5695,257.7482055555556
5696,256.4405197916667
5697,255.5984274305555
5698,254.1284125
5699,257.8207635416666
5700,264.2778833333334
5701,265.5970850694444
5702,251.1210979166667
5703,423.546479166672
5704,257.0172329861111
5705,258.6144902777778
5706,1240.0
5707,1240.0
5708,1240.0
5709,1240.0
5710,1240.0
5711,243.0417711805556
5712,1240.0
5713,1240.0
5714,256.1181840277777
5715,259.4474298611111
5716,257.4037409722222
5717,1240.0
5718,256.4810774305556
5719,699.6235809027751
5720,246.1264913194444
5721,242.3985555555556
5722,241.9827086805556
5723,246.2698718749999
5724,243.4104732638888
5725,257.6490718749999
5726,252.5174895833333
5727,257.6467124999999
5728,271.6511784722222
5729,272.2012729166667
5730,1240.0
5731,1240.0
5732,1240.0
5733,1240.0
5734,283.4512763888889
5735,278.9133579861111
5736,278.4328374999999
5737,269.9146892361111
5738,281.2715166666667
5739,270.8922684027778
5740,275.096296875
5741,276.8841420138889
5742,381.9331972222211
5743,284.9597118055555
5744,281.6716444444445
5745,282.790704513889
5746,293.9925913194445
5747,295.737409375
5748,293.5941559027777
5749,287.056628125
5750,280.9726055555555
5751,285.6827065972222
5752,285.3571274305556
5753,1240.0
5754,1240.0
5755,1240.0
5756,1240.0
5757,1240.0
5758,1240.0
5759,1240.0
5760,269.3743857638889
5761,265.3960270833333
5762,272.1494107638888
5763,271.3313805555555
5764,276.4285204861111
5765,1240.0
5766,1240.0
5767,282.0797222222223
5768,281.9460072916667
5769,282.5218170138888
5770,281.7618413194445
5771,303.8075114583334
5772,323.2790027777777
5773,324.6309243055556
5774,314.8198840277778
5775,291.9977819444443
5776,284.3495579861111
5777,1240.0
5778,402.5355805555563
5779,1240.0
5780,1240.0
5781,1240.0
5782,1240.0
5783,262.4880895833334
5784,252.1438552083334
5785,246.0555072916667
5786,247.1626041666666
5787,248.197509375
5788,1240.0
5789,1240.0
5790,1240.0
5791,246.7275826388889
5792,395.9089250000007
5793,246.2705815972221
5794,247.1146437500001
5795,253.1111329861112
5796,259.841721875
5797,269.5634458333333
5798,259.2167920138889
5799,246.4827336805556
5800,254.1420854166668
5801,245.8981579861111
5802,263.4590368055555
5803,278.3997795138889
5804,267.4072559027777
5805,1240.0
5806,1240.0
5807,1240.0
5808,249.2187958333333
5809,245.0148406249999
5810,251.3936555555556
5811,254.5766215277778
5812,255.8357322916667
5813,252.2629899305555
5814,1240.0
5815,251.3496194444444
5816,247.5754628472222
5817,243.8662381944444
5818,243.924259375
5819,244.4710413194444
5820,241.2555479166666
5821,241.754201388889
5822,246.0198489583333
5823,253.6671090277778
5824,247.5461559027778
5825,1240.0
5826,236.9018041666666
5827,241.3921624999999
5828,1193.471704513888
5829,1240.0
5830,1240.0
5831,1240.0
5832,248.8988538194444
5833,237.8322465277777
5834,223.797153125
5835,223.994965625
5836,228.5628590277778
5837,1240.0
5838,1240.0
5839,248.5698274305556
5840,232.1997809027778
5841,226.0599885416667
5842,227.1922930555556
5843,230.758471875
5844,230.1407041666668
5845,222.9956371527778
5846,224.3662715277778
5847,228.9192704861111
5848,225.8447111111111
5849,226.193132986111
5850,232.4753222222222
5851,894.8254604166675
5852,1240.0
5853,1240.0
5854,247.5245621527778
5855,1240.0
5856,259.2799770833333
5857,256.0968288194444
5858,252.2720013888889
5859,252.0420381944445
5860,248.2597350694444
5861,250.3232163194445
5862,371.0581892361109
5863,1240.0
5864,240.722996875
5865,242.0217
5866,240.2372208333333
5867,235.3544100694444
5868,235.8078708333333
5869,241.4567961805555
5870,233.9717972222222
5871,246.4305333333334
5872,267.7105270833334
5873,1240.0
5874,1240.0
5875,1240.0
5876,1240.0
5877,1240.0
5878,258.2939916666667
5879,249.4544899305556
5880,258.8730805555555
5881,1240.0
5882,272.1257270833333
5883,262.5475447916666
5884,260.5878850694445
5885,259.7235059027778
5886,255.9373152777779
5887,256.7669940972223
5888,255.4339718749999
5889,250.2070256944444
5890,247.212421875
5891,244.8897805555555
5892,242.0413302083333
5893,244.9799770833333
5894,256.8703815972223
5895,259.2908559027778
5896,256.5358590277778
5897,1240.0
5898,1240.0
5899,1240.0
5900,1240.0
5901,1240.0
5902,668.6108586805603
5903,268.4115402777778
5904,273.0374902777777
5905,275.1380291666667
5906,280.1670590277777
5907,280.5799124999999
5908,287.2325833333333
5909,283.3957868055556
5910,1240.0
5911,783.3404913194477
5912,250.478878125
5913,244.3586954861111
5914,243.0690850694445
5915,254.8284840277777
5916,264.0513857638888
5917,260.7218156250001
5918,256.2143274305556
5919,255.6095465277778
5920,267.878586111111
5921,1240.0
5922,1240.0
5923,1240.0
5924,1240.0
5925,1240.0
5926,263.0348159722222
5927,267.8649777777778
5928,271.8860545138889
5929,276.022360763889
5930,282.0211489583334
5931,282.7713784722222
5932,285.5070826388888
5933,1240.0
5934,1240.0
5935,278.7528590277776
5936,263.0179843749999
5937,258.1612746527778
5938,252.4549902777778
5939,252.4171388888889
5940,257.8440302083333
5941,263.1702072916667
5942,270.3959284722222
5943,277.1162059027778
5944,274.5696177083334
5945,1087.589697222223
5946,1240.0
5947,1240.0
5948,1240.0
5949,1240.0
5950,276.6286
5951,273.36726875
5952,276.0469555555555
5953,280.1592045138888
5954,285.7453555555556
5955,286.4752180555556
5956,1240.0
5957,1240.0
5958,1240.0
5959,270.724638888889
5960,260.042382638889
5961,257.2299638888889
5962,255.6533909722222
5963,261.2746871527778
5964,264.0073378472222
5965,277.4583697916667
5966,293.7733458333333
5967,292.3618982638889
5968,328.2063322916666
5969,498.4496465277758
5970,1240.0
5971,1240.0
5972,1240.0
5973,1240.0
5974,302.9988065972222
5975,296.7542364583333
5976,292.6522465277778
5977,286.5104277777777
5978,284.0767694444445
5979,275.8180781250001
5980,267.1848291666668
5981,1240.0
5982,1240.0
5983,1240.0
5984,257.1440618055557
5985,256.3413090277778
5986,255.5194579861111
5987,258.4533927083334
5988,264.7099885416667
5989,265.088590625
5990,266.9928038194445
5991,264.8445847222222
5992,267.1372354166667
5993,1240.0
5994,1240.0
5995,1240.0
5996,764.0774958333354
5997,262.6965725694445
5998,265.20515
5999,262.3570802083333
6000,258.2761
6001,263.2044347222222
6002,262.3679402777779
6003,253.9127982638888
6004,245.795684375
6005,1240.0
6006,1240.0
6007,247.2881475694444
6008,244.8606034722222
6009,240.0355895833333
6010,238.0563204861112
6011,237.9470489583333
6012,234.7439010416667
6013,246.4918371527777
6014,255.7315489583333
6015,263.3902621527777
6016,266.5195006944444
6017,276.7092368055556
6018,286.0306829861111
6019,693.6287906250018
6020,1240.0
6021,1240.0
6022,1240.0
6023,1240.0
6024,276.5212072916666
6025,278.9176267361112
6026,271.7670850694443
6027,268.7021975694445
6028,265.6179635416667
6029,262.8882996527778
6030,262.2486930555555
6031,260.2723479166667
6032,256.3920180555556
6033,269.7355923611111
6034,276.4785256944445
6035,283.432429513889
6036,303.088659375
6037,302.4680913194444
6038,267.7698052083333
6039,270.5103489583333
6040,275.2134482638888
6041,1054.563537152777
6042,280.481413888889
6043,1240.0
6044,1240.0
6045,1240.0
6046,1240.0
6047,1240.0
6048,1240.0
6049,266.3676968749999
6050,267.1162729166666
6051,1240.0
6052,278.3549173611112
6053,1240.0
6054,1240.0
6055,1240.0
6056,272.6757038194444
6057,271.2003475694445
6058,265.4235291666667
6059,256.9776868055556
6060,257.3317107638889
6061,261.4189895833333
6062,258.4301166666667
6063,268.1085520833333
6064,274.7397124999999
6065,1240.0
6066,282.4360753472222
6067,285.3543506944445
6068,1045.101271527779
6069,1240.0
6070,280.4575944444445
6071,282.6808572916667
6072,280.8374319444445
6073,279.7074878472222
6074,282.457326736111
6075,287.1563545138889
6076,288.3178131944445
6077,284.4826746527779
6078,1240.0
6079,1240.0
6080,268.3812510416666
6081,260.4374069444445
6082,297.1196982638889
6083,302.4761833333333
6084,289.0446854166665
6085,286.9140354166666
6086,282.6353340277778
6087,279.4719086805555
6088,270.4084607638889
6089,1240.0
6090,294.9229816319472
6091,1240.0
6092,1240.0
6093,1240.0
6094,1240.0
6095,287.3559854166666
6096,285.6108467013889
6097,282.9770569444444
6098,279.1565613368056
6099,277.2018635416666
6100,275.1752291666667
6101,1240.0
6102,1240.0
6103,375.6808579548577
6104,232.3680896180556
6105,139.2277195138889
6106,131.4663194444444
6107,131.5774305555555
6108,131.6885416666666
6109,131.7996527777777
6110,124.9789816527778
6111,198.2912732291667
6112,228.9191077083334
6113,224.6987136805555
6114,1240.0
6115,1240.0
6116,1240.0
6117,223.8742125
6118,223.6790045138889
6119,224.3974076388889
6120,225.8449420138889
6121,224.0835190972223
6122,223.8636111111111
6123,224.1048368055556
6124,224.1915045138889
6125,224.3634722222222
6126,671.1256381944424
6127,1240.0
6128,1240.0
6129,223.9926503472223
6130,252.7597784722222
6131,261.3140270833333
6132,269.9590527777777
6133,267.6468517361112
6134,263.8156600694444
6135,271.6658607638889
6136,272.1674402777778
6137,277.8268038194445
6138,1240.0
6139,1240.0
6140,1240.0
6141,1240.0
6142,290.7476833333334
6143,290.9230899305556
6144,289.971376388889
6145,288.1040263888889
6146,288.7466777777778
6147,289.7638885416667
6148,287.7109003472223
6149,1240.0
6150,1240.0
6151,1221.938278472222
6152,275.4481163194444
6153,272.5864239583333
6154,275.5179413194443
6155,272.2064454861111
6156,270.6801628472222
6157,272.8210538194445
6158,270.8690284722222
6159,271.2380809027778
6160,274.7595711805556
6161,1240.0
6162,1240.0
6163,279.6806913194445
6164,1240.0
6165,1240.0
6166,284.8728673611112
6167,280.6428003472222
6168,284.6449069444444
6169,282.1281246527778
6170,278.9944913194444
6171,278.0561465277778
6172,278.6760076388888
6173,1240.0
6174,1240.0
6175,1240.0
6176,266.5584833333334
6177,259.6789913194445
6178,264.2423027777777
6179,272.2678173611111
6180,274.3884625
6181,272.5142260416667
6182,273.3203479166667
6183,276.2615395833333
6184,279.63305625
6185,1240.0
6186,1240.0
6187,1240.0
6188,1069.771046527777
6189,279.0654402777777
6190,277.9780097222222
6191,278.9710322916667
6192,278.3523711805557
6193,276.2339590277779
6194,272.8388177083334
6195,267.5245357638889
6196,270.7123378472223
6197,272.1169645833335
6198,1240.0
6199,1240.0
6200,268.9371079861111
6201,271.8746055555556
6202,264.7562711805556
6203,260.6323836805556
6204,249.8005315972221
6205,246.0792097222222
6206,247.22819375
6207,252.0871343750001
6208,252.3963420138889
6209,253.8409482638889
6210,255.8698041666667
6211,651.6925368055552
6212,1240.0
6213,1240.0
6214,1240.0
6215,1240.0
6216,265.4923048611111
6217,262.8385322916666
6218,264.3534142361111
6219,263.9270017361111
6220,266.7192399305555
6221,265.6212378472221
6222,264.3189590277778
6223,1240.0
6224,1240.0
6225,261.7344930555556
6226,258.8994086805556
6227,250.4761
6228,243.8143170138889
6229,245.9147222222223
6230,246.4776746527778
6231,240.2273704861111
6232,239.6763194444445
6233,1240.0
6234,300.4237760416658
6235,239.2457649305555
6236,1240.0
6237,1240.0
6238,1240.0
6239,240.074190625
6240,246.7336090277777
6241,242.4686673611112
6242,238.6439697916667
6243,238.4674756944444
6244,237.0972774305556
6245,1240.0
6246,1240.0
6247,1240.0
6248,237.9076888888889
6249,236.7564670138889
6250,236.2665295138889
6251,233.8082986111112
6252,234.0640409722222
6253,237.8541684027778
6254,239.2283704861111
6255,239.3911684027778
6256,240.8889934027778
6257,241.4929430555556
6258,1240.0
6259,1240.0
6260,984.7951812500053
6261,242.6952892361111
6262,244.5046513888889
6263,244.1016666666667
6264,251.2819315972222
6265,248.3525215277778
6266,243.1911451388888
6267,240.13631875
6268,239.6908104166666
6269,239.1499454861111
6270,1240.0
6271,1240.0
6272,1171.444368750001
6273,239.6966777777778
6274,235.9902541666667
6275,236.3300239583334
6276,241.0033364583333
6277,246.5390736111111
6278,244.1558336805556
6279,246.1265048611112
6280,248.8229979166667
6281,261.3088524305555
6282,1240.0
6283,1240.0
6284,1240.0
6285,253.81369375
6286,253.7391805555555
6287,250.203482638889
6288,251.9827989583333
6289,250.3856131944444
6290,250.3741215277777
6291,247.4429173611111
6292,245.6768993055555
6293,245.1677309027778
6294,240.1610965277778
6295,1240.0
6296,240.1073027777778
6297,237.7586913194444
6298,235.1470513888889
6299,252.0316312500001
6300,254.3912503472222
6301,257.0094430555556
6302,257.6286677083333
6303,252.1849059027778
6304,252.6756694444445
6305,1221.447193055551
6306,1240.0
6307,1240.0
6308,1240.0
6309,1240.0
6310,244.685565625
6311,245.9509135416666
6312,249.0674190972222
6313,246.2183458333334
6314,247.4931142361111
6315,246.774638888889
6316,244.3902534722222
6317,243.6994090277778
6318,245.4051972222222
6319,1240.0
6320,244.1398739583333
6321,242.1551284722221
6322,240.8482072916667
6323,240.3797784722223
6324,239.9579506944445
6325,240.0927430555556
6326,238.0257541666666
6327,239.6787767361112
6328,238.1532527777777
6329,1032.300783680553
6330,239.0180326388889
6331,1240.0
6332,1240.0
6333,1240.0
6334,1240.0
6335,237.7357975694444
6336,240.7948840277778
6337,233.3269569444444
6338,233.1545368055556
6339,233.3932170138889
6340,233.2703236111111
6341,233.4137701388889
6342,234.6383090277778
6343,1240.0
6344,234.9157895833334
6345,234.2947097222223
6346,233.6225843749999
6347,233.5516309027778
6348,234.2985538194444
6349,239.0404878472222
6350,239.0786486111112
6351,238.2641795138889
6352,243.1559586805556
6353,242.3039357638889
6354,243.0395246527778
6355,1240.0
6356,1240.0
6357,1240.0
6358,1240.0
6359,254.4667475694444
6360,1020.379171527776
6361,254.3271510416667
6362,251.2067635416668
6363,256.1916093749999
6364,252.1135541666666
6365,246.7935416666666
6366,244.8073263888889
6367,1240.0
6368,1240.0
6369,242.7939961805556
6370,244.2383465277778
6371,247.2501947916666
6372,245.1700895833333
6373,240.1898840277777
6374,240.8133100694444
6375,241.0285680555556
6376,239.4364569444445
6377,248.28289375
6378,244.8761684027778
6379,243.1209739583334
6380,1086.46552326389
6381,1240.0
6382,1240.0
6383,1240.0
6384,239.4779399305556
6385,231.6204274305556
6386,231.1769593750001
6387,234.3135760416666
6388,235.8304958333334
6389,1070.692025694445
6390,1240.0
6391,1240.0
6392,231.7615638888889
6393,231.7668760416668
6394,231.2053784722222
6395,230.4629746527778
6396,229.3973142361112
6397,230.8033440972222
6398,233.8840756944444
6399,256.6833201388889
6400,260.3777069444445
6401,1240.0
6402,1240.0
6403,1240.0
6404,256.7213409722223
6405,258.44400625
6406,239.821376388889
6407,236.4230552083333
6408,233.4691888888889
6409,228.8885083333333
6410,235.0642579861112
6411,238.5551989583334
6412,237.5623597222222
6413,238.8312722222223
6414,235.2526072916667
6415,1238.528246180557
6416,238.747196875
6417,239.0523378472222
6418,237.4431746527777
6419,235.5337958333333
6420,241.091945486111
6421,238.4655326388889
6422,240.5465864583333
6423,247.4153104166667
6424,251.2859041666667
6425,256.871548263889
6426,258.9305802083333
6427,256.6097204861111
6428,1240.0
6429,1240.0
6430,1240.0
6431,1240.0
6432,1240.0
6433,268.6127645833334
6434,271.8478020833334
6435,274.4499541666667
6436,277.5146395833333
6437,1240.0
6438,1240.0
6439,921.6067451388899
6440,1240.0
6441,260.8252086805556
6442,261.1061569444444
6443,257.2688541666667
6444,256.6950121527778
6445,258.5220704861111
6446,260.7192347222223
6447,262.4711784722222
6448,266.9563180555555
6449,269.5762979166667
6450,276.4715072916666
6451,280.9845263888888
6452,1240.0
6453,1240.0
6454,1240.0
6455,272.9072791666666
6456,278.2938090277779
6457,273.1981378472223
6458,271.6033565972222
6459,269.7721545138888
6460,1240.0
6461,1240.0
6462,1240.0
6463,1240.0
6464,783.7795725694425
6465,268.7366767361111
6466,266.8353232638889
6467,270.4216229166667
6468,269.2567829861111
6469,270.1993881944445
6470,273.0366916666667
6471,263.8977434027777
6472,265.3086114583334
6473,1240.0
6474,1240.0
6475,259.8617260416667
6476,261.1210868055556
6477,261.2449288194445
6478,253.7191895833333
6479,259.1138690972222
6480,263.7874291666667
6481,261.6308208333334
6482,265.1237951388889
6483,265.387054861111
6484,264.1714114583333
6485,1240.0
6486,1240.0
6487,1240.0
6488,258.1375006944444
6489,257.8447680555555
6490,263.4248145833333
6491,271.70240625
6492,274.2104746527778
6493,273.7216777777778
6494,271.2223284722222
6495,268.3825364583334
6496,267.5893295138888
6497,786.95328715278
6498,1240.0
6499,1240.0
6500,1240.0
6501,267.3478934027777
6502,266.8478944444445
6503,265.432246875
6504,263.1383774305556
6505,261.831595138889
6506,262.0036913194444
6507,261.7431704861111
6508,259.4111118055556
6509,253.3235194444444
6510,1240.0
6511,1240.0
6512,1240.0
6513,251.0754395833333
6514,251.5586927083334
6515,253.352776388889
6516,253.8855552083334
6517,254.9780107638889
6518,259.2254534722222
6519,259.7351847222222
6520,628.1496458333338
6521,1240.0
6522,1240.0
6523,1240.0
6524,266.6811784722222
6525,264.7515618055555
6526,272.6203493055555
6527,272.5710395833334
6528,278.1611440972221
6529,275.7404843750001
6530,276.4643663194445
6531,279.9950229166666
6532,278.382289236111
6533,277.1881711805556
6534,270.6582166666666
6535,1240.0
6536,268.3216670138891
6537,269.6635291666666
6538,270.9876920138889
6539,269.3478454861112
6540,276.7281243055555
6541,277.4085868055554
6542,275.1524104166667
6543,279.9357166666667
6544,1240.0
6545,277.3552322916667
6546,1240.0
6547,1096.049459375003
6548,1240.0
6549,1240.0
6550,1240.0
6551,278.0907756944445
6552,281.3576378472222
6553,280.9381107638889
6554,280.5021527777778
6555,278.6057645833333
6556,277.424375
6557,277.0388319444444
6558,277.2297006944444
6559,275.3218493055556
6560,1240.0
6561,272.1124284722223
6562,278.0276940972221
6563,288.3503465277777
6564,286.1272659722222
6565,278.6929416666666
6566,275.0227958333334
6567,283.7406489583334
6568,1240.0
6569,1240.0
6570,1240.0
6571,1240.0
6572,1240.0
6573,1118.057494097225
6574,275.0316888888889
6575,275.4375385416666
6576,274.0018996527777
6577,274.8023055555555
6578,268.2016315972222
6579,264.1237072916667
6580,261.9129753472222
6581,262.2284229166667
6582,1240.0
6583,1240.0
6584,257.2086111111111
6585,257.5981586805556
6586,257.6852059027777
6587,261.1399875
6588,258.1127909722222
6589,255.8270704861112
6590,256.105726388889
6591,257.2568732638888
6592,1240.0
6593,1240.0
6594,1240.0
6595,1240.0
6596,561.1444715277808
6597,255.6042496527778
6598,250.2782510416666
6599,243.8699524305555
6600,250.7525583333333
6601,253.5842718750001
6602,254.605428125
6603,1240.0
6604,1240.0
6605,1240.0
6606,255.3782756944444
6607,1240.0
6608,503.8598545138878
6609,254.6040972222222
6610,254.720428125
6611,254.8400694444445
6612,254.9387034722222
6613,255.0709489583334
6614,255.1452663194445
6615,255.2539583333333
6616,256.0692479166667
6617,256.00835625
6618,1240.0
6619,1240.0
6620,255.9234607638889
6621,261.8854531250001
6622,262.4915659722222
6623,264.1506930555556
6624,266.4936340277779
6625,265.6243045138888
6626,265.3035666666667
6627,262.1146767361111
6628,259.5339684027777
6629,837.0495232638885
6630,1240.0
6631,1240.0
6632,261.4394114583333
6633,268.9448402777778
6634,265.1183538194445
6635,270.7985986111112
6636,271.366390625
6637,270.2214093750001
6638,275.184615625
6639,269.0887517361111
6640,1240.0
6641,1240.0
6642,1240.0
6643,1240.0
6644,267.0792937499999
6645,272.207628125
6646,278.0607625000001
6647,286.8641670138889
6648,287.57976875
6649,280.0562027777777
6650,278.3446746527778
6651,276.7817253472222
6652,278.6993065972222
6653,275.553575
6654,1091.282734375
6655,1240.0
6656,279.2656493055555
6657,280.5121524305555
6658,285.7685645833333
6659,287.4891916666667
6660,283.6852434027778
6661,280.0144663194444
6662,272.0589135416667
6663,279.8576753472222
6664,1240.0
6665,1240.0
6666,1240.0
6667,1240.0
6668,1240.0
6669,264.6255204861112
6670,262.3451517361111
6671,263.1958333333333
6672,261.2225475694444
6673,259.7640024305556
6674,257.0370131944444
6675,257.0243770833334
6676,257.5852895833333
6677,1240.0
6678,1240.0
6679,1240.0
6680,254.3961010416666
6681,253.7209159722222
6682,265.2717673611111
6683,265.7883822916667
6684,268.3604868055555
6685,266.8370031249999
6686,265.7504625
6687,265.367211111111
6688,766.7317586805549
6689,1240.0
6690,1240.0
6691,1240.0
6692,275.4427340277778
6693,274.9657774305555
6694,278.5366642361111
6695,281.9695465277778
6696,287.5965746527778
6697,280.1282631944444
6698,274.3034517361111
6699,265.6545385416667
6700,266.8069548611111
6701,982.4112986111072
6702,265.2842604166667
6703,263.1443166666667
6704,262.5280770833334
6705,259.9771635416666
6706,255.8233576388889
6707,263.2781138888889
6708,270.8231402777777
6709,265.9950697916667
6710,1240.0
6711,1240.0
6712,1240.0
6713,1240.0
6714,1240.0
6715,1240.0
6716,281.3078708333334
6717,281.4688878472222
6718,272.95021875
6719,270.71963125
6720,266.7272552083334
6721,263.6979013888889
6722,265.9663631944445
6723,269.5027527777778
6724,265.3612989583334
6725,263.2377781250001
6726,251.7834142361112
6727,1240.0
6728,1240.0
6729,1240.0
6730,254.7919805555555
6731,261.2940409722223
6732,266.6613447916666
6733,268.8571083333334
6734,268.7409618055555
6735,265.7920607638888
6736,1240.0
6737,549.597276388889
6738,267.3000020833333
6739,1240.0
6740,1240.0
6741,251.5165517361112
6742,249.3545819444444
6743,247.6532423611112
6744,248.7027916666667
6745,249.5103249999999
6746,251.2974083333334
6747,247.5911097222222
6748,251.0099857638888
6749,247.2020958333333
6750,1240.0
6751,1240.0
6752,1240.0
6753,244.9989583333333
6754,245.1100694444445
6755,245.2211805555555
6756,245.3322916666666
6757,245.4434027777778
6758,245.5545138888889
6759,245.665625
6760,245.7767361111111
6761,245.8878472222222
6762,245.9989583333333
6763,1200.723238541665
6764,1240.0
6765,1240.0
6766,246.4434027777778
6767,246.5545138888889
6768,246.665625
6769,244.1934027777777
6770,244.3045138888889
6771,244.415625
6772,244.5267361111111
6773,244.6378472222222
6774,1240.0
6775,1240.0
6776,1240.0
6777,244.9989583333333
6778,245.1100694444445
6779,245.2211805555555
6780,245.3322916666666
6781,245.4434027777778
6782,245.5545138888889
6783,245.665625
6784,1161.718750000002
6785,1240.0
6786,1240.0
6787,246.1100694444444
6788,246.2211805555555
6789,246.3322916666666
6790,246.4434027777778
6791,246.5545138888889
6792,246.665625
6793,244.1934027777777
6794,244.3045138888889
6795,244.415625
6796,244.5267361111111
6797,1240.0
6798,244.665625
6799,1240.0
6800,1162.024305555558
6801,244.9989583333333
6802,245.1100694444445
6803,245.2211805555555
6804,245.3322916666666
6805,245.4434027777778
6806,245.5545138888889
6807,245.665625
6808,245.7767361111111
6809,1240.0
6810,1240.0
6811,1240.0
6812,246.2211805555555
6813,246.3322916666666
6814,246.4434027777778
6815,246.5545138888889
6816,246.665625
6817,244.1934027777777
6818,244.3045138888889
6819,244.415625
6820,244.5267361111111
6821,244.6378472222222
6822,244.665625
6823,1240.0
6824,244.8878472222222
6825,244.9989583333333
6826,245.1100694444445
6827,245.2211805555555
6828,245.3322916666666
6829,245.4434027777778
6830,245.5545138888889
6831,1163.940972222224
6832,1240.0
6833,1240.0
6834,1240.0
6835,1240.0
6836,246.2211805555555
6837,246.3322916666666
6838,246.4434027777778
6839,246.5545138888889
6840,246.665625
6841,244.1934027777777
6842,244.3045138888889
6843,1240.0
6844,1240.0
6845,1240.0
6846,1240.0
6847,1240.0
6848,1160.25912013889
6849,244.9989583333333
6850,245.1100694444445
6851,245.2211805555555
6852,245.3322916666666
6853,245.4434027777778
6854,245.5545138888889
6855,245.7134951388889
6856,246.7168284722222
6857,246.8512388888889
6858,246.9477083333333
6859,246.8663194444444
6860,246.4279395833333
6861,246.285057986111
6862,246.1575809027778
6863,246.037361111111
6864,246.2764236111111
6865,1240.0
6866,1240.0
6867,1240.0
6868,1240.0
6869,1240.0
6870,244.2355555555555
6871,244.28695625
6872,244.4132173611111
6873,244.5256017361111
6874,246.868925
6875,278.0538920138889
6876,274.4601392361111
6877,268.9052309027778
6878,273.7021635416668
6879,264.2667013888888
6880,254.5188088888889
6881,477.1454932638879
6882,1240.0
6883,268.4726586805555
6884,268.0750225694445
6885,262.3136114583334
6886,255.9348486111111
6887,256.4823982638889
6888,259.6957847222222
6889,261.6564145833332
6890,1240.0
6891,1240.0
6892,1240.0
6893,1240.0
6894,1240.0
6895,263.9399076388889
6896,263.1916430555555
6897,262.62149375
6898,263.4367791666666
6899,1240.0
6900,277.6738197916666
6901,280.9866434027776
6902,268.9189458333333
6903,858.7912232638919
6904,277.3305652777778
6905,284.0372232638888
6906,281.9983701388888
6907,274.8862701388889
6908,271.8311885416667
6909,261.2849069444444
6910,261.4727072916667
6911,264.6534621527778
6912,265.7246517361111
6913,249.4447541666667
6914,244.5958131944444
6915,244.6954659722223
6916,248.8381281249999
6917,246.582201388889
6918,1240.0
6919,1240.0
6920,244.1326166666667
6921,242.2669072916667
6922,249.5674861111112
6923,260.1996423611111
6924,265.6805079861112
6925,276.4830083333332
6926,272.1296996527778
6927,266.7989934027777
6928,1240.0
6929,1240.0
6930,1240.0
6931,1240.0
6932,646.1190850694463
6933,271.484220486111
6934,265.2801406250001
6935,263.340079513889
6936,262.3814920138889
6937,258.3038315972223
6938,266.5032503472221
6939,263.8424659722223
6940,263.658971875
6941,1240.0
6942,1240.0
6943,1240.0
6944,1240.0
6945,243.4511913194445
6946,245.7517381944444
6947,253.6411486111111
6948,280.4990583333333
6949,279.1725361111111
6950,276.2645017361111
6951,270.4194416666667
6952,270.3780333333333
6953,1240.0
6954,1240.0
6955,644.0689666666672
6956,264.9090881944445
6957,262.7537399305556
6958,259.5134125
6959,263.0560409722223
6960,261.5743201388888
6961,255.3357416666666
6962,252.4171399305555
6963,250.7870986111111
6964,247.9709836805556
6965,246.4741079861111
6966,1240.0
6967,1240.0
6968,1240.0
6969,1125.670835416669
6970,231.2927204861111
6971,238.3417267361112
6972,251.4807131944445
6973,251.2723881944444
6974,251.0860899305556
6975,250.2071972222222
6976,254.1441204861111
6977,1240.0
6978,1240.0
6979,241.6391548611111
6980,246.7407559027778
6981,241.8318416666666
6982,242.7584024305555
6983,239.9757777777778
6984,240.9491885416666
6985,236.9680315972222
6986,236.5378006944444
6987,235.5029506944445
6988,236.9391541666666
6989,1089.598695138895
6990,1240.0
6991,236.9860899305556
6992,237.7675114583334
6993,239.9156586805556
6994,240.3863055555556
6995,242.8255003472223
6996,241.4777072916667
6997,244.0196427083333
6998,248.1892940972223
6999,247.4158211805556
7000,245.8425590277778
7001,1240.0
7002,1240.0
7003,1240.0
7004,247.8010309027778
7005,1240.0
7006,246.8429152777778
7007,246.2879184027778
7008,236.3431940972222
7009,231.2896638888889
7010,232.1301611111111
7011,232.6843302083333
7012,231.2679194444443
7013,230.5890385416666
7014,230.5647458333333
7015,229.1227447916666
7016,231.9864013888889
7017,225.3379857638889
7018,229.9252305555556
7019,227.5635059027777
7020,232.6528836805556
7021,237.0468638888889
7022,241.4677076388889
7023,243.2848381944444
7024,917.6214343750039
7025,1240.0
7026,1240.0
7027,1240.0
7028,1240.0
7029,243.5370930555555
7030,240.5328128472223
7031,238.8653361111111
7032,1240.0
7033,1240.0
7034,1240.0
7035,1240.0
7036,1240.0
7037,234.2077076388889
7038,875.3595673611142
7039,222.9084697916668
7040,221.397048263889
7041,224.1099302083333
7042,226.5371197916667
7043,226.1888451388889
7044,229.0184732638889
7045,234.5989927083334
7046,237.2443972222222
7047,242.3047125000001
7048,245.5889815972222
7049,245.203401388889
7050,1240.0
7051,236.5759017361111
7052,242.89778125
7053,240.6429631944445
7054,242.3201413194445
7055,234.7244670138889
7056,235.1675819444445
7057,306.7272378472223
7058,309.4915868055555
7059,313.2050704861112
7060,306.8522777777778
7061,301.8982993055556
7062,305.9517128472222
7063,307.0546069444445
7064,306.8683086805555
7065,307.2116454861111
7066,307.1008444444445
7067,308.3024038194445
7068,299.3381329861111
7069,296.6697100694445
7070,290.2446055555556
7071,294.6483902777778
7072,1035.837679513888
7073,1240.0
7074,297.1698829861111
7075,1240.0
7076,1240.0
7077,1240.0
7078,1240.0
7079,1240.0
7080,1240.0
7081,1240.0
7082,311.495901388889
7083,313.4280010416666
7084,308.4458746527778
7085,1240.0
7086,1240.0
7087,1240.0
7088,1240.0
7089,303.5624184027778
7090,302.1965510416667
7091,307.5436076388889
7092,307.9652440972222
7093,302.6754065972223
7094,303.8438649305556
7095,296.6049652777778
7096,290.2082527777778
7097,1240.0
7098,918.5162038194435
7099,1240.0
7100,284.3619475694445
7101,283.0933468750001
7102,279.8055333333334
7103,285.1238194444445
7104,287.0261236111112
7105,289.2570934027778
7106,293.1003128472221
7107,295.2843625
7108,295.5194795138889
7109,1240.0
7110,298.6289503472223
7111,298.0222572916667
7112,295.8521416666666
7113,772.0029416666703
7114,293.629664236111
7115,294.3273159722222
7116,293.4694333333334
7117,292.1821177083332
7118,288.9402677083332
7119,281.8839336805555
7120,298.8020024305555
7121,1240.0
7122,1240.0
7123,1240.0
7124,297.3214493055555
7125,296.8672791666667
7126,1240.0
7127,1240.0
7128,1240.0
7129,1240.0
7130,1240.0
7131,292.1650190972223
7132,293.0406576388888
7133,294.9248861111111
7134,1240.0
7135,1240.0
7136,282.2960395833333
7137,278.2254982638889
7138,279.69315
7139,283.7072201388888
7140,294.0328024305555
7141,288.5230899305556
7142,289.9058246527779
7143,289.9509878472222
7144,1240.0
7145,1240.0
7146,1240.0
7147,663.0393909722212
7148,299.8761437499999
7149,295.9290996527777
7150,299.1058236111111
7151,296.7238548611111
7152,296.792821875
7153,289.0909517361113
7154,290.089826736111
7155,287.405484375
7156,1240.0
7157,1240.0
7158,802.0230802083324
7159,1240.0
7160,1240.0
7161,300.1218625
7162,305.1186802083334
7163,305.1175
7164,303.0310319444444
7165,303.2688190972223
7166,304.7588736111111
7167,304.9829173611112
7168,303.015865625
7169,1240.0
7170,1240.0
7171,295.7767694444445
7172,297.3054065972223
7173,299.4979899305557
7174,1240.0
7175,298.7451020833334
7176,304.0906364583332
7177,310.066317013889
7178,308.9834729166666
7179,310.8915010416666
7180,1240.0
7181,303.0497350694444
7182,299.0539208333333
7183,1240.0
7184,298.3168284722223
7185,297.4202427083333
7186,299.0792499999999
7187,305.9549770833333
7188,305.4790378472222
7189,303.8726725694444
7190,310.8600604166666
7191,313.2516298611112
7192,312.0925243055555
7193,1240.0
7194,1240.0
7195,1240.0
7196,312.6602072916667
7197,317.2958350694445
7198,1240.0
7199,1240.0
7200,1174.824665972223
7201,1127.65652361111
7202,1240.0
7203,1240.0
7204,1240.0
7205,307.0665142361111
7206,309.7632649305555
7207,309.2361423611112
7208,315.64946875
7209,318.0743968749999
7210,316.751690625
7211,314.5053131944444
7212,315.1777541666665
7213,309.4032302083332
7214,312.9849458333334
7215,315.6471833333334
7216,1240.0
7217,1240.0
7218,1240.0
7219,1240.0
7220,299.8892625
7221,294.3938052083333
7222,299.0706840277777
7223,297.2900211805555
7224,298.3085093749999
7225,296.5462517361112
7226,1240.0
7227,1240.0
7228,307.0659128472223
7229,306.2884986111112
7230,1065.709479513893
7231,1240.0
7232,293.7696552083333
7233,295.8664923611111
7234,298.231585763889
7235,302.9807749999999
7236,311.450484375
7237,305.4210770833333
7238,312.8182861111111
7239,1240.0
7240,1240.0
7241,1240.0
7242,1240.0
7243,307.5271618055555
7244,308.37695625
7245,309.8886586805555
7246,315.0219513888888
7247,314.0482194444445
7248,311.5577788194444
7249,304.5090305555556
7250,312.3080479166666
7251,304.2054388888889
7252,303.330371875
7253,302.2706979166667
7254,733.4450319444431
7255,1240.0
7256,293.939490625
7257,295.46634375
7258,298.8477909722222
7259,290.0406256944443
7260,289.1428906249999
7261,290.4390506944445
7262,284.9647329861111
7263,278.3956340277778
7264,1240.0
7265,1240.0
7266,298.1580996527777
7267,291.2718638888888
7268,290.3036017361111
7269,1240.0
7270,1240.0
7271,1240.0
7272,1240.0
7273,1240.0
7274,1240.0
7275,1240.0
7276,1240.0
7277,1240.0
7278,286.9611829861111
7279,287.5721319444444
7280,285.2731711805555
7281,293.6182420138888
7282,302.8102118055555
7283,310.0038451388889
7284,302.7015395833333
7285,1240.0
7286,298.2325916666667
7287,293.0078138888888
7288,283.4573854166667
7289,283.0658559027777
7290,285.294723263889
7291,287.9475461805555
7292,279.4320604166666
7293,275.7182517361111
7294,609.3604774305547
7295,1240.0
7296,290.6377861111111
7297,293.7361593750001
7298,295.5790013888889
7299,1152.118923611109
7300,290.8567013888889
7301,285.2672927083334
7302,284.5462704861111
7303,280.0564850694445
7304,1240.0
7305,1240.0
7306,1240.0
7307,272.3790072916666
7308,267.8160041666666
7309,268.6879534722222
7310,267.8596093749999
7311,260.5725822916666
7312,264.1335416666667
7313,277.5648423611111
7314,275.7117361111112
7315,274.2301402777778
7316,278.1042940972222
7317,1240.0
7318,1240.0
7319,1240.0
7320,272.1136131944444
7321,268.4268635416666
7322,674.1930475694437
7323,1240.0
7324,1240.0
7325,266.0784017361111
7326,1240.0
7327,257.8972107638889
7328,255.9399666666667
7329,256.0285434027778
7330,257.3260996527778
7331,261.9340944444444
7332,262.2318524305556
7333,264.3810197916667
7334,264.5919465277778
7335,265.8110791666666
7336,264.8057631944444
7337,259.05160625
7338,1240.0
7339,1240.0
7340,1240.0
7341,257.654190625
7342,259.8165993055555
7343,260.2275371527778
7344,269.5126965277777
7345,1240.0
7346,1240.0
7347,1240.0
7348,1240.0
7349,266.8631684027777
7350,266.541795138889
7351,263.54553125
7352,257.9953340277778
7353,256.5543513888888
7354,254.5795364583333
7355,249.9243649305556
7356,248.2057048611111
7357,255.9880434027778
7358,277.224375
7359,285.9483319444444
7360,284.8204170138888
7361,280.5128142361111
7362,1240.0
7363,275.3316680555555
7364,273.1992361111111
7365,277.4846159722222
7366,960.1451298611081
7367,1240.0
7368,291.73536875
7369,289.5429170138888
7370,275.0853927083332
7371,267.3345607638889
7372,263.6779177083333
7373,259.0842364583334
7374,258.9926656250001
7375,821.7016934027747
7376,1240.0
7377,1240.0
7378,1240.0
7379,255.3073590277778
7380,261.2731725694444
7381,1240.0
7382,1240.0
7383,275.4084472222223
7384,272.5117472222223
7385,279.0020934027777
7386,273.8854052083333
7387,276.1925704861112
7388,278.1604413194444
7389,264.5076732638889
7390,269.4371388888889
7391,281.430290625
7392,1240.0
7393,1240.0
7394,1240.0
7395,1240.0
7396,1240.0
7397,1240.0
7398,1240.0
7399,268.7603444444445
7400,262.3516645833333
7401,261.1536003472222
7402,1075.145094097225
7403,268.7001138888889
7404,267.6171395833333
7405,261.6201993055556
7406,269.5838326388889
7407,270.7554756944446
7408,274.0390145833334
7409,277.6435190972222
7410,267.1891562499999
7411,266.1189135416667
7412,265.4429614583333
7413,259.0979416666667
7414,264.9753951388889
7415,274.2991336805556
7416,279.5414118055556
7417,275.6069097222221
7418,275.6977798611111
7419,270.4642131944445
7420,268.0744743055555
7421,915.1100222222199
7422,261.4075690972222
7423,1240.0
7424,251.6012041666667
7425,256.9679958333333
7426,1240.0
7427,259.6915743055555
7428,268.5341930555555
7429,269.7860413194445
7430,271.1678788194445
7431,276.8045861111111
7432,1240.0
7433,1240.0
7434,1240.0
7435,1240.0
7436,277.1347916666667
7437,279.1553697916667
7438,289.6599552083334
7439,287.2317704861111
7440,275.55340625
7441,286.1041451388888
7442,300.5729322916666
7443,299.7916878472222
7444,302.4182850694445
7445,299.5190395833334
7446,303.4904638888888
7447,1240.0
7448,1240.0
7449,281.2810499999999
7450,278.9106711805556
7451,276.1723527777777
7452,284.1678097222222
7453,291.2813635416666
7454,767.7286124999948
7455,1240.0
7456,1240.0
7457,1240.0
7458,1240.0
7459,1240.0
7460,305.0772131944445
7461,304.5891784722221
7462,305.5427305555554
7463,300.845290625
7464,314.7345368055555
7465,309.4487156250001
7466,312.5955173611111
7467,306.4591659722223
7468,302.2073253472222
7469,308.3121673611111
7470,300.6187458333334
7471,289.1691694444444
7472,288.2192340277778
7473,291.6528802083334
7474,301.9804958333334
7475,311.2190642361111
7476,1240.0
7477,1240.0
7478,1240.0
7479,1240.0
7480,1240.0
7481,1240.0
7482,1240.0
7483,306.9539940972222
7484,305.2501020833333
7485,307.0533559027778
7486,304.492257986111
7487,308.2177065972222
7488,934.9857458333315
7489,1240.0
7490,315.1185184027779
7491,1042.965089930556
7492,1240.0
7493,1240.0
7494,1240.0
7495,1240.0
7496,300.4520253472222
7497,299.5891791666667
7498,299.256978125
7499,301.3590329861111
7500,303.3284381944445
7501,306.5791347222222
7502,302.3787291666667
7503,304.3418892361111
7504,295.8551763888889
7505,1240.0
7506,1240.0
7507,287.0688215277778
7508,295.9486086805555
7509,307.1785100694444
7510,305.442915625
7511,304.7345020833333
7512,305.3753704861112
7513,301.8841760416666
7514,306.9718972222223
7515,1240.0
7516,1240.0
7517,1033.39448125
7518,298.833665625
7519,294.3964579861112
7520,289.0358361111111
7521,288.7471743055556
7522,287.3531743055555
7523,288.9084149305556
7524,292.8937166666666
7525,294.692389236111
7526,302.8832753472223
7527,1240.0
7528,1240.0
7529,1240.0
7530,1240.0
7531,1240.0
7532,304.6770600694445
7533,307.6587388888889
7534,307.762084375
7535,309.0684222222222
7536,312.0129270833334
7537,301.2469684027778
7538,304.9445364583333
7539,305.5694927083333
7540,296.1882625
7541,290.3652350694445
7542,290.4291086805555
7543,290.9566684027778
7544,292.6402454861111
7545,293.8188902777777
7546,289.1674076388888
7547,1240.0
7548,1240.0
7549,1240.0
7550,272.2387256840277
7551,1240.0
7552,1240.0
7553,1240.0
7554,1240.0
7555,366.1304755590285
7556,277.4701388888889
7557,277.58125
7558,277.692361111111
7559,277.8034722222222
7560,277.9145833333333
7561,1240.0
7562,1240.0
7563,1240.0
7564,275.6923611111111
7565,275.8034722222222
7566,275.9145833333333
7567,1240.0
7568,276.1368055555556
7569,276.5777895833334
7570,275.87599375
7571,267.969326736111
7572,267.3182062499999
7573,1240.0
7574,1240.0
7575,267.0910999999999
7576,263.2213305555555
7577,1104.959279513888
7578,272.0916645833333
7579,271.2509756944444
7580,275.2877083333333
7581,289.8555440972223
7582,290.8447420138889
7583,299.8873736111111
7584,304.2847902777777
7585,1240.0
7586,1240.0
7587,484.3116072916696
7588,287.8861895833333
7589,1240.0
7590,278.9003704861112
7591,265.4412503472221
7592,1240.0
7593,267.4698152777777
7594,265.1694545138888
7595,275.8946753472223
7596,271.8620708333333
7597,269.5352340277778
7598,273.4729142361111
7599,283.9063302083333
7600,279.6593302083334
7601,282.7488402777777
7602,1240.0
7603,279.8367013888889
7604,281.3755215277778
7605,295.1139034722221
7606,307.920845138889
7607,1240.0
7608,1240.0
7609,1240.0
7610,1240.0
7611,1240.0
7612,311.5886434027777
7613,304.1799062499999
7614,303.408345138889
7615,301.8763284722222
7616,299.5799138888888
7617,297.8683913194443
7618,295.0916232638888
7619,301.4849538194444
7620,305.5390072916666
7621,311.8110079861112
7622,305.8415635416666
7623,1240.0
7624,1173.636941319444
7625,1240.0
7626,1240.0
7627,1240.0
7628,327.3564131944445
7629,321.2004506944444
7630,326.3732177083334
7631,325.2954649305556
7632,325.7177326388889
7633,335.4084621527779
7634,333.9001260416667
7635,1240.0
7636,329.25103125
7637,322.6389
7638,319.000084375
7639,1240.0
7640,1240.0
7641,1240.0
7642,317.6544805555555
7643,322.2408378472222
7644,323.8347781250001
7645,331.8041430555555
7646,410.9600270833315
7647,1240.0
7648,1240.0
7649,1240.0
7650,1240.0
7651,307.2935447916667
7652,306.4015399305556
7653,305.0526034722221
7654,302.9413090277778
7655,299.5727756944445
7656,312.0577392361112
7657,309.0154628472222
7658,311.7683545138889
7659,308.5620263888889
7660,306.3976375
7661,300.2980791666666
7662,301.2453940972222
7663,296.0831225694445
7664,293.1213635416667
7665,288.7180204861111
7666,290.8929041666668
7667,288.7726975694445
7668,290.2870715277778
7669,292.7698013888888
7670,1240.0
7671,307.8747427083333
7672,1119.189033680556
7673,1240.0
7674,1240.0
7675,1240.0
7676,1240.0
7677,1240.0
7678,1240.0
7679,314.3904392361111
7680,308.2025201388888
7681,309.3566659722223
7682,309.1522944444445
7683,316.2701753472222
7684,316.2341065972223
7685,313.5663180555556
7686,312.6432517361111
7687,310.0695465277778
7688,1240.0
7689,475.3746940972258
7690,1240.0
7691,1240.0
7692,318.6211118055555
7693,320.034270138889
7694,313.9060621527778
7695,311.6015062500001
7696,1240.0
7697,1240.0
7698,1240.0
7699,1240.0
7700,324.0091756944445
7701,327.1964684027778
7702,312.5525614583334
7703,316.7817934027779
7704,1240.0
7705,1240.0
7706,1240.0
7707,1240.0
7708,1240.0
7709,1240.0
7710,324.8975579861112
7711,325.3527972222221
7712,326.2334065972221
7713,320.6703506944444
7714,635.6361343749996
7715,1240.0
7716,1240.0
7717,1240.0
7718,315.0026218749999
7719,309.8912878472221
7720,308.830336111111
7721,306.6903944444446
7722,318.2241923611111
7723,319.3843756944445
7724,322.7564031249999
7725,318.8893059027779
7726,321.8669090277777
7727,325.6395947916666
7728,329.3933131944444
7729,1240.0
7730,1240.0
7731,1240.0
7732,1240.0
7733,327.5559246527777
7734,322.0789329861112
7735,1240.0
7736,1240.0
7737,1240.0
7738,303.1675809027778
7739,312.2638062500001
7740,320.3543743055554
7741,319.5471618055556
7742,323.3800680555555
7743,739.8393913194434
7744,322.7887503472222
7745,319.1964048611111
7746,319.6409486111111
7747,323.5645020833334
7748,320.8102652777777
7749,329.9681131944445
7750,334.2639347222222
7751,336.4547336805555
7752,1240.0
7753,1240.0
7754,1240.0
7755,1240.0
7756,1240.0
7757,322.4628263888889
7758,321.9513642361112
7759,319.0102288194445
7760,728.8454395833373
7761,320.1211107638889
7762,321.8952083333334
7763,318.2297805555556
7764,331.1945947916666
7765,335.5673104166667
7766,337.4167809027776
7767,330.0997097222223
7768,321.0509020833334
7769,1240.0
7770,1240.0
7771,1240.0
7772,312.7003100694444
7773,302.6472444444445
7774,1240.0
7775,298.2529045138889
7776,276.5975107638889
7777,266.4900229166666
7778,263.6073243055555
7779,263.0020361111111
7780,258.638540625
7781,258.5960732638889
7782,253.2474083333334
7783,251.5964822916666
7784,247.2560319444444
7785,244.4241333333333
7786,1240.0
7787,251.5012371527778
7788,268.27301875
7789,288.6035083333333
7790,1240.0
7791,1240.0
7792,767.3794736111113
7793,1240.0
7794,1240.0
7795,1240.0
7796,261.1888204861111
7797,266.7681034722222
7798,267.6778607638889
7799,260.3891798611111
7800,261.4710631944445
7801,256.6348600694444
7802,270.859582986111
7803,273.8660881944444
7804,273.2362260416667
7805,271.3164135416667
7806,1240.0
7807,1240.0
7808,1240.0
7809,268.1337190972222
7810,1154.150685069441
7811,263.6552243055556
7812,266.3383458333333
7813,279.6901927083333
7814,1240.0
7815,1240.0
7816,294.3622347222222
7817,1240.0
7818,291.8814357638888
7819,291.0804642361111
7820,293.4696156250001
7821,288.5882065972223
7822,282.479863888889
7823,275.3776940972223
7824,267.0039138888889
7825,258.1872100694445
7826,257.5162246527777
7827,1240.0
7828,1240.0
7829,1240.0
7830,1169.292282291669
7831,244.6317246527777
7832,244.2629871527778
7833,242.8071069444444
7834,242.5982770833334
7835,241.3272576388889
7836,239.2578465277778
7837,238.9815395833334
7838,1240.0
7839,235.1338916666666
7840,235.7454743055555
7841,239.1301034722222
7842,241.9059156250001
7843,244.0574982638889
7844,246.3165409722222
7845,245.5710746527778
7846,1240.0
7847,250.3609704861111
7848,252.4510677083333
7849,251.0799875
7850,251.2984236111112
7851,245.0350090277777
7852,636.9540986111101
7853,236.8519086805555
7854,233.6141892361111
7855,1240.0
7856,233.0631013888888
7857,235.4628236111112
7858,239.5063083333332
7859,242.8583427083333
7860,245.8787229166666
7861,1240.0
7862,1240.0
7863,1240.0
7864,1240.0
7865,1240.0
7866,323.9903628472222
7867,264.1829177083333
7868,260.1798503472222
7869,262.8140822916666
7870,259.8700246527778
7871,262.3638305555555
7872,266.7238166666666
7873,260.5988079861111
7874,1240.0
7875,1240.0
7876,1240.0
7877,1240.0
7878,256.5677770833333
7879,254.0930003472222
7880,252.2235979166666
7881,245.5301145833333
7882,236.9665045138888
7883,248.6784135416667
7884,261.9263774305556
7885,788.0109538194432
7886,1240.0
7887,1240.0
7888,270.3838895833334
7889,274.7191763888889
7890,274.5529996527778
7891,295.9549659722223
7892,299.6525395833333
7893,291.9067927083333
7894,291.248923611111
7895,287.6675256944443
7896,282.5988319444444
7897,275.6737725694444
7898,271.1364944444445
7899,278.9790489583333
7900,281.4116208333334
7901,275.5809496527778
7902,274.3667715277776
7903,272.4208559027778
7904,270.8461934027778
7905,266.8160065972222
7906,263.5239920138889
7907,261.7848375
7908,266.9478034722222
7909,1240.0
7910,1240.0
7911,1240.0
7912,1240.0
7913,1240.0
7914,1240.0
7915,1010.081157291668
7916,276.2614934027777
7917,272.8298152777778
7918,267.1197100694444
7919,267.0306840277777
7920,264.9240958333332
7921,256.4825909722223
7922,253.2688770833333
7923,252.6947788194445
7924,251.0653670138889
7925,253.6258913194445
7926,253.4684253472223
7927,1240.0
7928,1240.0
7929,1240.0
7930,1240.0
7931,1240.0
7932,256.2531006944445
7933,583.5694152777805
7934,262.4709597222222
7935,262.0105565972223
7936,260.5190274305555
7937,1240.0
7938,271.2816434027779
7939,270.7980690972223
7940,269.030520138889
7941,266.0541225694445
7942,264.3784954861111
7943,271.1414267361111
7944,273.4096336805555
7945,270.7977430555555
7946,266.899459375
7947,260.439084375
7948,257.114225
7949,255.9068625
7950,255.476435763889
7951,254.7435711805556
7952,253.1509600694445
7953,251.1282756944445
7954,249.581746875
7955,256.0377225694444
7956,1240.0
7957,1240.0
7958,1240.0
7959,1240.0
7960,1240.0
7961,553.2586670138965
7962,1240.0
7963,266.5751628472221
7964,265.4604847222222
7965,262.1977559027778
7966,265.250345138889
7967,268.6848864583333
7968,269.4297704861111
7969,275.8282079861111
7970,259.4030309027777
7971,258.013865625
7972,263.8672548611111
7973,269.0453715277778
7974,263.8499329861111
7975,261.409015625
7976,261.9452302083334
7977,263.5454163194445
7978,264.5667038194444
7979,263.8523010416666
7980,271.4586888888889
7981,1042.978838194443
7982,275.8379979166666
7983,1240.0
7984,1240.0
7985,1240.0
7986,1240.0
7987,1240.0
7988,1240.0
7989,263.7548152777779
7990,260.8612961805556
7991,258.3581232638888
7992,270.2867232638889
7993,274.2208579861111
7994,274.9547920138889
7995,275.7344340277778
7996,266.1328232638889
7997,277.5063315972222
7998,278.0002041666667
7999,1240.0
8000,277.7732631944445
8001,278.7189225694445
8002,277.9258486111111
8003,278.4917284722222
8004,1186.83216944445
8005,1240.0
8006,1240.0
8007,278.2300795138888
8008,271.1425593749999
8009,272.8900475694444
8010,286.3734124999999
8011,290.001976736111
8012,1240.0
8013,1240.0
8014,1240.0
8015,266.3342711805555
8016,274.3465402777778
8017,271.4195465277778
8018,268.8659597222223
8019,269.7128222222223
8020,274.3126722222222
8021,263.3569444444446
8022,256.5181215277777
8023,1240.0
8024,256.9672229166666
8025,257.1053225694444
8026,256.8315645833334
8027,258.6592604166667
8028,1240.0
8029,225.858054861111
8030,1240.0
8031,1240.0
8032,246.5054850694444
8033,260.6539465277777
8034,270.4720493055556
8035,488.9247121527809
8036,1240.0
8037,1240.0
8038,252.6981232638888
8039,256.1507413194444
8040,261.8619190972222
8041,258.5099538194444
8042,261.7772024305556
8043,257.1603472222222
8044,255.2288246527778
8045,250.4920375
8046,252.3791170138889
8047,257.7482055555556
8048,256.4405197916667
8049,255.5984274305555
8050,1240.0
8051,1240.0
8052,1240.0
8053,1240.0
8054,1240.0
8055,1240.0
8056,481.4231638888958
8057,258.6144902777778
8058,249.8970847222222
8059,254.1160062499999
8060,251.9070590277777
8061,245.6842600694444
8062,238.6582309027778
8063,243.0417711805556
8064,251.8231496527777
8065,252.5675361111111
8066,256.1181840277777
8067,259.4474298611111
8068,257.4037409722222
8069,254.9302319444444
8070,256.4810774305556
8071,250.7281934027777
8072,246.1264913194444
8073,242.3985555555556
8074,241.9827086805556
8075,246.2698718749999
8076,243.4104732638888
8077,1240.0
8078,1240.0
8079,1240.0
8080,1240.0
8081,1240.0
8082,1240.0
8083,273.8263756944444
8084,278.7105208333333
8085,700.5264482638879
8086,283.4512763888889
8087,278.9133579861111
8088,278.4328374999999
8089,269.9146892361111
8090,1240.0
8091,1240.0
8092,1240.0
8093,1240.0
8094,276.7343145833333
8095,284.9597118055555
8096,281.6716444444445
8097,282.790704513889
8098,293.9925913194445
8099,1240.0
8100,1240.0
8101,1240.0
8102,280.9726055555555
8103,285.6827065972222
8104,285.3571274305556
8105,373.0081381944436
8106,281.4325826388889
8107,286.808795138889
8108,288.5672329861111
8109,290.8617982638889
8110,289.226017013889
8111,275.8267357638889
8112,269.3743857638889
8113,265.3960270833333
8114,272.1494107638888
8115,271.3313805555555
8116,276.4285204861111
8117,277.2956253472223
8118,286.9314670138889
8119,282.0797222222223
8120,281.9460072916667
8121,282.5218170138888
8122,281.7618413194445
8123,303.8075114583334
8124,1240.0
8125,550.7873909722233
8126,1240.0
8127,1240.0
8128,1240.0
8129,1240.0
8130,1240.0
8131,1240.0
8132,282.9621975694445
8133,278.0103795138889
8134,265.6256711805555
8135,262.4880895833334
8136,252.1438552083334
8137,246.0555072916667
8138,247.1626041666666
8139,248.197509375
8140,252.6578236111111
8141,249.903589236111
8142,249.896989236111
8143,1240.0
8144,1240.0
8145,1240.0
8146,398.9889229166664
8147,253.1111329861112
8148,259.841721875
8149,1240.0
8150,259.2167920138889
8151,1240.0
8152,1240.0
8153,245.8981579861111
8154,263.4590368055555
8155,278.3997795138889
8156,267.4072559027777
8157,256.7760541666667
8158,249.9606003472223
8159,248.0260184027778
8160,249.2187958333333
8161,245.0148406249999
8162,251.3936555555556
8163,254.5766215277778
8164,255.8357322916667
8165,252.2629899305555
8166,252.7889496527778
8167,1240.0
8168,1240.0
8169,1240.0
8170,243.924259375
8171,1240.0
8172,1240.0
8173,241.754201388889
8174,1195.126683333334
8175,253.6671090277778
8176,247.5461559027778
8177,238.5216690972223
8178,236.9018041666666
8179,241.3921624999999
8180,239.2666093750001
8181,243.3128916666668
8182,248.4104142361111
8183,250.5822458333334
8184,248.8988538194444
8185,1240.0
8186,1240.0
8187,1240.0
8188,1240.0
8189,245.034817013889
8190,1240.0
8191,248.5698274305556
8192,232.1997809027778
8193,226.0599885416667
8194,227.1922930555556
8195,230.758471875
8196,230.1407041666668
8197,222.9956371527778
8198,224.3662715277778
8199,228.9192704861111
8200,225.8447111111111
8201,818.1038055555564
8202,232.4753222222222
8203,233.9091083333333
8204,237.2417927083334
8205,247.939384375
8206,247.5245621527778
8207,252.9769097222222
8208,259.2799770833333
8209,256.0968288194444
8210,252.2720013888889
8211,252.0420381944445
8212,1240.0
8213,1240.0
8214,1240.0
8215,241.4797927083333
8216,240.722996875
8217,308.6808850694445
8218,1240.0
8219,1240.0
8220,235.8078708333333
8221,241.4567961805555
8222,233.9717972222222
8223,246.4305333333334
8224,267.7105270833334
8225,1240.0
8226,257.4329753472223
8227,247.9469663194445
8228,266.9409013888889
8229,264.7729506944444
8230,258.2939916666667
8231,249.4544899305556
8232,258.8730805555555
8233,252.328690625
8234,272.1257270833333
8235,262.5475447916666
8236,588.423617708338
8237,259.7235059027778
8238,255.9373152777779
8239,256.7669940972223
8240,255.4339718749999
8241,250.2070256944444
8242,247.212421875
8243,1240.0
8244,1240.0
8245,1240.0
8246,1240.0
8247,259.2908559027778
8248,256.5358590277778
8249,269.5430677083333
8250,264.4144114583334
8251,275.5702097222222
8252,274.5600565972222
8253,266.2225576388889
8254,268.3666322916667
8255,1240.0
8256,1240.0
8257,1240.0
8258,781.7071770833363
8259,1240.0
8260,287.2325833333333
8261,283.3957868055556
8262,277.2182416666667
8263,1240.0
8264,1240.0
8265,1240.0
8266,243.0690850694445
8267,254.8284840277777
8268,264.0513857638888
8269,260.7218156250001
8270,256.2143274305556
8271,255.6095465277778
8272,267.878586111111
8273,269.5868631944444
8274,1240.0
8275,265.3818385416666
8276,265.3838399305556
8277,254.7851052083334
8278,263.0348159722222
8279,267.8649777777778
8280,271.8860545138889
8281,1072.845220833331
8282,1240.0
8283,1240.0
8284,1240.0
8285,1240.0
8286,280.2543204861111
8287,1240.0
8288,263.0179843749999
8289,258.1612746527778
8290,252.4549902777778
8291,252.4171388888889
8292,1240.0
8293,263.1702072916667
8294,270.3959284722222
8295,277.1162059027778
8296,274.5696177083334
8297,277.6750479166668
8298,282.70776875
8299,279.9653670138889
8300,279.7837861111111
8301,277.2770461805554
8302,276.6286
8303,273.36726875
8304,276.0469555555555
8305,280.1592045138888
8306,1240.0
8307,1240.0
8308,1240.0
8309,1240.0
8310,1240.0
8311,270.724638888889
8312,1240.0
8313,1240.0
8314,255.6533909722222
8315,261.2746871527778
8316,264.0073378472222
8317,277.4583697916667
8318,293.7733458333333
8319,292.3618982638889
8320,328.2063322916666
8321,309.770984375
8322,380.1121854166648
8323,294.6110267361111
8324,300.8088065972222
8325,302.6395635416665
8326,302.9988065972222
8327,296.7542364583333
8328,292.6522465277778
8329,835.1299413194447
8330,1240.0
8331,1240.0
8332,1240.0
8333,1240.0
8334,256.7668965277778
8335,258.1015024305556
8336,257.1440618055557
8337,256.3413090277778
8338,255.5194579861111
8339,258.4533927083334
8340,264.7099885416667
8341,265.088590625
8342,266.9928038194445
8343,264.8445847222222
8344,267.1372354166667
8345,1240.0
8346,1240.0
8347,263.3082652777778
8348,264.3609947916666
8349,262.6965725694445
8350,265.20515
8351,262.3570802083333
8352,258.2761
8353,263.2044347222222
8354,262.3679402777779
8355,1240.0
8356,1240.0
8357,251.3647788194444
8358,247.3209055555556
8359,560.9513767361111
8360,1240.0
8361,1240.0
8362,238.0563204861112
8363,237.9470489583333
8364,234.7439010416667
8365,246.4918371527777
8366,1240.0
8367,263.3902621527777
8368,266.5195006944444
8369,1240.0
8370,286.0306829861111
8371,286.9507520833333
8372,284.3375815972221
8373,278.1536114583332
8374,273.1539267361111
8375,275.7294666666667
8376,276.5212072916666
8377,278.9176267361112
8378,271.7670850694443
8379,1240.0
8380,1240.0
8381,1035.479440972219
8382,1240.0
8383,260.2723479166667
8384,256.3920180555556
8385,269.7355923611111
8386,276.4785256944445
8387,283.432429513889
8388,303.088659375
8389,1240.0
8390,1240.0
8391,1240.0
8392,275.2134482638888
8393,281.4538795138889
8394,280.481413888889
8395,278.8741541666666
8396,281.5463291666666
8397,268.8201625
8398,267.7206354166668
8399,269.2760104166667
8400,271.5983243055555
8401,266.3676968749999
8402,1240.0
8403,1240.0
8404,1240.0
8405,1240.0
8406,275.3674666666666
8407,1240.0
8408,272.6757038194444
8409,271.2003475694445
8410,265.4235291666667
8411,256.9776868055556
8412,999.2945500000008
8413,1240.0
8414,258.4301166666667
8415,268.1085520833333
8416,274.7397124999999
8417,271.9015729166667
8418,282.4360753472222
8419,285.3543506944445
8420,282.4464444444445
8421,280.313128125
8422,280.4575944444445
8423,282.6808572916667
8424,280.8374319444445
8425,1240.0
8426,1240.0
8427,287.1563545138889
8428,1240.0
8429,284.4826746527779
8430,281.5398131944444
8431,281.3144329861111
8432,1240.0
8433,260.4374069444445
8434,297.1196982638889
8435,302.4761833333333
8436,289.0446854166665
8437,286.9140354166666
8438,282.6353340277778
8439,279.4719086805555
8440,1240.0
8441,1240.0
8442,1240.0
8443,271.3110167708334
8444,280.5027315972223
8445,281.2464687500001
8446,282.6754190972223
8447,287.3559854166666
8448,291.2162855208355
8449,1240.0
8450,279.1565613368056
8451,277.2018635416666
8452,275.1752291666667
8453,261.11060265625
8454,257.7600791666667
8455,253.7430104166666
8456,232.3680896180556
8457,139.2277195138889
8458,131.4663194444444
8459,131.5774305555555
8460,131.6885416666666
8461,131.7996527777777
8462,124.9789816527778
8463,198.2912732291667
8464,1240.0
8465,1240.0
8466,1240.0
8467,341.5902152291631
8468,223.9167708333334
8469,223.8742125
8470,223.6790045138889
8471,224.3974076388889
8472,1240.0
8473,224.0835190972223
8474,1240.0
8475,1240.0
8476,1240.0
8477,1240.0
8478,1240.0
8479,224.7765972222223
8480,225.1069444444445
8481,223.9926503472223
8482,252.7597784722222
8483,261.3140270833333
8484,269.9590527777777
8485,267.6468517361112
8486,263.8156600694444
8487,474.8374024305538
8488,272.1674402777778
8489,277.8268038194445
8490,277.9027791666666
8491,300.7124645833333
8492,309.0181930555555
8493,316.9319190972222
8494,290.7476833333334
8495,290.9230899305556
8496,1240.0
8497,1240.0
8498,1240.0
8499,1240.0
8500,1240.0
8501,1240.0
8502,283.6951246527777
8503,274.6773875
8504,275.4481163194444
8505,272.5864239583333
8506,275.5179413194443
8507,272.2064454861111
8508,270.6801628472222
8509,272.8210538194445
8510,302.4019569444433
8511,271.2380809027778
8512,274.7595711805556
8513,272.0917802083334
8514,275.2793291666667
8515,279.6806913194445
8516,283.6321284722222
8517,1240.0
8518,284.8728673611112
8519,280.6428003472222
8520,1240.0
8521,282.1281246527778
8522,278.9944913194444
8523,278.0561465277778
8524,1240.0
8525,1240.0
8526,1240.0
8527,269.6195451388888
8528,266.5584833333334
8529,259.6789913194445
8530,264.2423027777777
8531,272.2678173611111
8532,274.3884625
8533,1074.922943402779
8534,1240.0
8535,1240.0
8536,1240.0
8537,273.7867239583334
8538,276.1507968749999
8539,279.867465625
8540,275.8287489583333
8541,279.0654402777777
8542,277.9780097222222
8543,278.9710322916667
8544,278.3523711805557
8545,276.2339590277779
8546,272.8388177083334
8547,267.5245357638889
8548,270.7123378472223
8549,272.1169645833335
8550,266.79599375
8551,271.903959375
8552,268.9371079861111
8553,271.8746055555556
8554,1240.0
8555,1240.0
8556,1240.0
8557,1240.0
8558,1240.0
8559,1240.0
8560,603.0370607638902
8561,253.8409482638889
8562,255.8698041666667
8563,256.3254277777779
8564,255.4010864583334
8565,255.2165704861112
8566,256.17229375
8567,259.8202107638888
8568,265.4923048611111
8569,262.8385322916666
8570,264.3534142361111
8571,263.9270017361111
8572,266.7192399305555
8573,265.6212378472221
8574,264.3189590277778
8575,264.2704194444445
8576,264.3193979166667
8577,261.7344930555556
8578,258.8994086805556
8579,250.4761
8580,1240.0
8581,1240.0
8582,1240.0
8583,1240.0
8584,1240.0
8585,1240.0
8586,273.5419104166653
8587,239.2457649305555
8588,238.1063892361112
8589,237.993934375
8590,238.3021284722222
8591,240.074190625
8592,246.7336090277777
8593,242.4686673611112
8594,238.6439697916667
8595,238.4674756944444
8596,237.0972774305556
8597,236.5393534722222
8598,235.6102336805556
8599,236.5942107638888
8600,237.9076888888889
8601,236.7564670138889
8602,236.2665295138889
8603,233.8082986111112
8604,234.0640409722222
8605,1240.0
8606,1240.0
8607,1240.0
8608,1240.0
8609,1240.0
8610,242.6515958333333
8611,991.3351302083372
8612,240.9203010416668
8613,242.6952892361111
8614,244.5046513888889
8615,244.1016666666667
8616,251.2819315972222
8617,248.3525215277778
8618,243.1911451388888
8619,240.13631875
8620,239.6908104166666
8621,239.1499454861111
8622,237.7246767361111
8623,235.5303697916667
8624,1240.0
8625,239.6966777777778
8626,235.9902541666667
8627,236.3300239583334
8628,241.0033364583333
8629,246.5390736111111
8630,1240.0
8631,1240.0
8632,1240.0
8633,261.3088524305555
8634,256.2346836805556
8635,257.2892024305556
8636,252.45273125
8637,253.81369375
8638,1175.260704513892
8639,1240.0
8640,251.9827989583333
8641,250.3856131944444
8642,250.3741215277777
8643,247.4429173611111
8644,245.6768993055555
8645,245.1677309027778
8646,1196.648697916663
8647,1240.0
8648,1240.0
8649,1240.0
8650,235.1470513888889
8651,252.0316312500001
8652,254.3912503472222
8653,257.0094430555556
8654,257.6286677083333
8655,252.1849059027778
8656,252.6756694444445
8657,1240.0
8658,1240.0
8659,247.4253590277778
8660,249.20225625
8661,246.1979704861112
8662,244.685565625
8663,245.9509135416666
8664,249.0674190972222
8665,1240.0
8666,1240.0
8667,1240.0
8668,1240.0
8669,1240.0
8670,1067.611919791666
8671,243.7246055555556
8672,244.1398739583333
8673,242.1551284722221
8674,240.8482072916667
8675,240.3797784722223
8676,239.9579506944445
8677,240.0927430555556
8678,238.0257541666666
8679,239.6787767361112
8680,238.1532527777777
8681,238.2434833333334
8682,239.0180326388889
8683,238.5243982638889
8684,239.3105302083334
8685,239.4014010416666
8686,239.4654041666666
8687,237.7357975694444
8688,240.7948840277778
8689,233.3269569444444
8690,233.1545368055556
8691,233.3932170138889
8692,233.2703236111111
8693,233.4137701388889
8694,234.6383090277778
8695,234.7562954861111
8696,234.9157895833334
8697,234.2947097222223
8698,233.6225843749999
8699,233.5516309027778
8700,234.2985538194444
8701,992.3568263888872
8702,1240.0
8703,1240.0
8704,1240.0
8705,1240.0
8706,243.0395246527778
8707,1240.0
8708,246.1587975694445
8709,247.4968420138889
8710,246.829290625
8711,254.4667475694444
8712,254.6243298611111
8713,254.3271510416667
8714,251.2067635416668
8715,256.1916093749999
8716,252.1135541666666
8717,246.7935416666666
8718,244.8073263888889
8719,244.8551625000001
8720,242.2113059027778
8721,242.7939961805556
8722,244.2383465277778
8723,247.2501947916666
8724,245.1700895833333
8725,240.1898840277777
8726,1240.0
8727,1093.889241319448
8728,239.4364569444445
8729,248.28289375
8730,1240.0
8731,243.1209739583334
8732,235.4746659722222
8733,236.2311340277777
8734,1240.0
8735,1240.0
8736,1240.0
8737,1240.0
8738,231.1769593750001
8739,1240.0
8740,235.8304958333334
8741,236.1153944444445
8742,234.5494458333334
8743,233.9440260416666
8744,231.7615638888889
8745,231.7668760416668
8746,231.2053784722222
8747,230.4629746527778
8748,229.3973142361112
8749,1240.0
8750,1240.0
8751,1030.109953472223
8752,1240.0
8753,262.7607506944444
8754,263.6805680555556
8755,257.2143375
8756,256.7213409722223
8757,258.44400625
8758,239.821376388889
8759,236.4230552083333
8760,233.4691888888889
