Hour,Load_Profile
1,44.16872225000001
2,44.5667885
3,45.10153015000001
4,44.186728
5,43.4733551
6,44.05704664999999
7,44.2158634
8,44.18903645
9,44.23847695
10,44.2225216
11,178.56
12,43.10469115
13,42.72043825000001
14,41.7952232
15,42.4293682
16,178.56
17,42.95249974999999
18,178.56
19,43.61012555
20,178.56
21,178.56
22,178.56
23,178.56
24,149.7860098500005
25,45.40543345
26,44.8554098
27,45.13363215
28,44.41620595
29,44.6210214
30,44.36152689999999
31,43.69301485
32,44.6897568
33,43.71298825
34,43.51630335000001
35,178.56
36,44.34699515
37,43.58525855000001
38,43.75351655000001
39,42.71111500000001
40,178.56
41,41.90581335000001
42,178.56
43,41.34142990000001
44,178.56
45,178.56
46,178.56
47,178.56
48,116.7197556000002
49,41.65302145
50,42.20644504999999
51,42.5209482
52,42.55480505000001
53,42.59309845000001
54,43.00256885000001
55,42.91520505
56,42.6027084
57,41.88196490000001
58,42.28267164999999
59,178.56
60,42.25959840000001
61,42.07422494999999
62,41.60739854999999
63,40.59128644999999
64,178.56
65,42.8721998
66,178.56
67,42.85723025000001
68,178.56
69,178.56
70,178.56
71,178.56
72,111.9377289500003
73,42.93186295
74,42.39573699999999
75,42.07176275000001
76,42.19785469999999
77,42.46918359999999
78,42.0385836
79,41.413082
80,40.6506297
81,40.06447175
82,40.2758136
83,178.56
84,42.34072354999999
85,41.54732495
86,41.74643875000001
87,41.75294225
88,178.56
89,41.6862171
90,178.56
91,43.38579834999999
92,178.56
93,178.56
94,178.56
95,178.56
96,96.81382610000065
97,41.62909705000002
98,41.77293504999999
99,41.38638975
100,41.24752865000001
101,42.02140965000001
102,41.70302855000001
103,41.9192279
104,42.53245505000001
105,178.56
106,178.56
107,178.56
108,178.56
109,43.67070995
110,126.8534125000005
111,178.56
112,178.56
113,178.56
114,42.50987345
115,42.59185480000001
116,42.81197855000001
117,43.12771055000001
118,42.86951709999999
119,43.01929470000001
120,43.78905164999998
121,44.64954965000001
122,44.49362009999999
123,44.76837614999999
124,43.7776197
125,43.63916184999999
126,43.0637646
127,42.81354695
128,42.95762330000001
129,178.56
130,178.56
131,178.56
132,178.56
133,43.75766485
134,166.4521277999996
135,178.56
136,178.56
137,178.56
138,44.98927309999999
139,44.82621125000001
140,45.02306985000001
141,45.69060025000001
142,45.62470515
143,45.64598504999998
144,43.8011149
145,43.38097489999998
146,43.85838815000001
147,43.151065
148,43.64673815
149,44.21757804999999
150,44.60591014999999
151,44.53000450000001
152,45.4535235
153,178.56
154,178.56
155,178.56
156,178.56
157,44.55406514999999
158,173.4730234500001
159,178.56
160,178.56
161,178.56
162,43.77553305000001
163,43.7091616
164,43.1840538
165,42.39270795
166,43.06617849999999
167,42.80976304999999
168,42.95642534999999
169,42.70266025000001
170,43.61879019999999
171,44.21641544999999
172,44.21749145
173,44.1055438
174,43.87175105
175,42.41400805000001
176,42.30283035
177,178.56
178,178.56
179,178.56
180,178.56
181,43.98063509999999
182,156.1769382500001
183,178.56
184,178.56
185,178.56
186,42.23831985
187,44.28391129999999
188,44.4062817
189,44.62396685
190,45.36316099999998
191,45.22294360000001
192,44.86432015
193,43.8493004
194,44.97235889999999
195,43.8055832
196,43.67957355
197,43.5269805
198,43.1308466
199,42.5351917
200,42.32728665
201,178.56
202,178.56
203,178.56
204,178.56
205,41.8232233
206,102.947681300001
207,178.56
208,178.56
209,178.56
210,42.93476635
211,41.9431484
212,41.80371865000001
213,41.1141783
214,41.5189735
215,42.01849645
216,42.45827134999998
217,42.1054334
218,42.00840809999999
219,42.2049735
220,41.7748132
221,41.66638495
222,41.32241035
223,41.410387
224,41.07933664999999
225,178.56
226,178.56
227,178.56
228,178.56
229,43.2931903
230,94.24006470000043
231,178.56
232,178.56
233,178.56
234,41.08244015
235,41.46444665
236,40.23821669999999
237,39.70342824999999
238,40.51111674999999
239,40.77676175
240,41.8518412
241,42.29800695000001
242,42.5633762
243,42.38500710000001
244,41.883365
245,41.07849015000001
246,40.97466295
247,40.32813385
248,39.68297795000001
249,158.1590836000004
250,178.56
251,178.56
252,178.56
253,38.6910653
254,38.57178374999999
255,178.56
256,178.56
257,178.56
258,39.70249
259,39.4891402
260,40.04701835000001
261,40.1678118
262,39.74175835
263,39.083587
264,39.1843603
265,38.65346835
266,38.4932116
267,38.4176733
268,38.27043354999999
269,38.31528985000001
270,38.12865194999999
271,37.13719835
272,94.66142055000037
273,178.56
274,178.56
275,37.71850959999999
276,37.76138675000001
277,38.07086685
278,38.1012403
279,178.56
280,178.56
281,178.56
282,178.56
283,36.37683665
284,37.22625164999999
285,37.10220344999999
286,37.4135903
287,37.47276535
288,38.8098283
289,38.61951540000002
290,38.6753536
291,38.28371174999999
292,38.39310145000001
293,38.42829624999999
294,38.38201850000002
295,37.9505565
296,37.1513281
297,130.1537396500005
298,178.56
299,178.56
300,178.56
301,36.86227825
302,39.92031
303,178.56
304,178.56
305,178.56
306,40.55132385000001
307,39.64776019999999
308,39.34069
309,39.95778469999999
310,40.28510315
311,41.21760484999999
312,42.0098931
313,41.69418004999999
314,39.61229654999999
315,38.49617675
316,37.96962015
317,37.30813005
318,37.29494385000001
319,37.08436159999999
320,36.87231350000001
321,120.0288816500005
322,178.56
323,178.56
324,178.56
325,38.83536655
326,38.67683335
327,178.56
328,178.56
329,178.56
330,39.43949835
331,39.77173015000001
332,40.05510354999999
333,38.08910495
334,38.798948
335,40.52596185
336,40.29169320000001
337,40.89801814999998
338,41.40454465000001
339,41.7965252
340,42.59898865
341,40.1328567
342,40.1371049
343,38.7014896
344,37.7786397
345,141.1197316000008
346,178.56
347,178.56
348,178.56
349,37.67330870000001
350,38.8200719
351,178.56
352,178.56
353,178.56
354,38.4752385
355,38.32112355000001
356,38.22378645000001
357,37.31010360000001
358,38.1564569
359,39.49907525
360,40.25396330000001
361,39.68739499999999
362,39.70048030000001
363,38.9468467
364,38.60272429999999
365,38.06907275
366,37.64268994999999
367,37.50544140000001
368,178.56
369,37.0033914
370,36.5330266
371,37.3955867
372,133.0733376500001
373,178.56
374,178.56
375,39.8598604
376,178.56
377,178.56
378,178.56
379,39.39182649999999
380,39.90741
381,40.19837325
382,41.71103355
383,41.36137495
384,39.6796905
385,41.19899689999999
386,43.28250224999999
387,43.17000305000001
388,43.54823305000001
389,43.1307417
390,43.70262679999999
391,41.7106313
392,40.7462384
393,178.56
394,178.56
395,178.56
396,178.56
397,41.94451634999999
398,102.4452730000004
399,178.56
400,178.56
401,178.56
402,43.40292700000001
403,43.60444175000001
404,43.93111870000001
405,43.86084169999999
406,43.99815319999998
407,43.32172185
408,45.3217733
409,44.56061505000001
410,45.0137545
411,44.1301199
412,43.51785485
413,44.3969521
414,43.2890994
415,41.6403604
416,178.56
417,41.99801475000001
418,43.48519140000001
419,44.81554524999999
420,178.56
421,178.56
422,178.56
423,131.7428819000001
424,178.56
425,178.56
426,178.56
427,44.20137515
428,43.95601469999999
429,44.21568325
430,43.84688514999998
431,44.38334974999999
432,44.39863519999999
433,44.64087829999999
434,45.37706665
435,46.15853785
436,45.21123190000001
437,44.96788805
438,44.14150825
439,43.44520325
440,43.26509165
441,178.56
442,178.56
443,178.56
444,178.56
445,44.14739539999999
446,143.2917388000002
447,178.56
448,178.56
449,178.56
450,41.60974349999999
451,41.3379103
452,42.61659965
453,44.23370545
454,43.98377985
455,43.8817683
456,43.97405335000001
457,43.47132135
458,44.20395320000001
459,44.89738825
460,44.02372655000001
461,43.49718825
462,43.03204785
463,42.39308995000001
464,41.62116039999999
465,178.56
466,178.56
467,178.56
468,178.56
469,42.43570404999998
470,138.8299379500002
471,178.56
472,178.56
473,178.56
474,44.25285975000001
475,43.66085335
476,43.87349665000001
477,44.3028584
478,44.31774015
479,44.5058528
480,44.9298615
481,43.37956345000001
482,43.91201325
483,44.00200694999999
484,42.6511098
485,41.81259385000001
486,41.82179165
487,41.89776025
488,178.56
489,178.56
490,178.56
491,41.8104367
492,39.64018659999999
493,57.42268743049998
494,39.20237649849999
495,178.56
496,178.56
497,178.56
498,178.56
499,39.93969999999999
500,39.9557
501,39.9717
502,39.9877
503,40.00369999999999
504,40.0197
505,39.6517
506,39.6677
507,39.68369999999999
508,39.6997
509,39.7157
510,39.7317
511,39.74769999999999
512,156.6808111500012
513,178.56
514,178.56
515,38.58758304999999
516,38.4938217
517,39.34373144999999
518,39.20202815
519,178.56
520,178.56
521,178.56
522,178.56
523,39.0601405
524,39.64143
525,41.73919835000001
526,41.88164285000001
527,43.18378179999999
528,43.81700979999999
529,43.25979189999999
530,43.9661151
531,44.1450069
532,41.45561129999999
533,40.61661835
534,40.16165335000001
535,38.22354004999999
536,178.56
537,178.56
538,178.56
539,39.72883325000001
540,39.1481382
541,46.96925749999999
542,39.38009965
543,178.56
544,178.56
545,178.56
546,178.56
547,40.29648499999999
548,40.5180751
549,42.49640209999999
550,44.34060170000001
551,44.77318989999999
552,43.39330845
553,43.00444544999999
554,45.73293535
555,46.69132364999998
556,44.86876465
557,43.80190649999999
558,43.69080170000002
559,43.4701913
560,178.56
561,178.56
562,178.56
563,43.41383335
564,43.99761705
565,159.9193480000007
566,44.04118514999999
567,178.56
568,178.56
569,178.56
570,178.56
571,47.08220195000001
572,47.13932350000001
573,46.2528649
574,46.99774335
575,46.84254695
576,46.9033535
577,48.29881855000002
578,48.08161815000001
579,48.12068165
580,47.4121485
581,46.4600016
582,45.93601215
583,45.47239365
584,178.56
585,178.56
586,178.56
587,46.40268065
588,46.63220805000001
589,178.56
590,44.04688715
591,178.56
592,178.56
593,178.56
594,178.56
595,44.25027045
596,59.18214500000072
597,43.92757489999999
598,43.6235485
599,43.1384797
600,44.93631445000001
601,44.49822665000001
602,44.89464305000001
603,44.4329318
604,44.1212598
605,43.2429234
606,43.37933675
607,42.63596965000001
608,178.56
609,178.56
610,178.56
611,41.58326845
612,41.8013383
613,148.62677955
614,43.62553165
615,178.56
616,178.56
617,178.56
618,178.56
619,45.50208905
620,45.73891355
621,45.5039299
622,44.332241
623,45.27222325
624,44.38116289999999
625,44.54735990000001
626,44.5179304
627,45.54290525
628,45.53771135
629,45.1535498
630,45.02062824999999
631,44.6500147
632,178.56
633,178.56
634,178.56
635,44.8929484
636,45.88144009999999
637,178.56
638,45.20247295
639,178.56
640,178.56
641,178.56
642,178.56
643,45.56099355
644,69.0388187
645,47.11629145
646,45.00756885000001
647,45.61657825000001
648,46.5740684
649,46.1846917
650,45.822952
651,46.90510805
652,46.6250983
653,46.8161636
654,46.78524835000002
655,46.85080279999999
656,178.56
657,178.56
658,178.56
659,45.5311872
660,45.5538054
661,178.56
662,45.36037755
663,178.56
664,178.56
665,178.56
666,178.56
667,45.99135010000001
668,86.80727455000078
669,45.92006005000002
670,46.3488349
671,46.89210165
672,47.4326371
673,46.69367994999998
674,47.80179645000001
675,48.08700375
676,47.94643605
677,47.16805314999999
678,46.37936635000002
679,45.8647634
680,178.56
681,178.56
682,178.56
683,44.9659881
684,46.13102989999998
685,178.56
686,46.56672979999999
687,178.56
688,178.56
689,178.56
690,178.56
691,46.5932883
692,95.78454860000068
693,47.5154083
694,48.1340066
695,48.44948165
696,48.70040425
697,48.7155534
698,48.10992485
699,48.99421064999999
700,47.11524024999999
701,46.434647
702,46.36099645000002
703,45.93747295
704,45.20996515000002
705,178.56
706,178.56
707,178.56
708,178.56
709,48.3216927
710,178.56
711,178.56
712,178.56
713,178.56
714,104.0038435000007
715,46.93658015
716,45.02884464999999
717,43.5812032
718,44.18958990000001
719,42.94841825
720,39.83004155
721,38.37456329999999
722,37.95945469999999
723,37.8722932
724,37.24394984999999
725,37.23783455
726,36.46762680000001
727,36.22989345
728,35.6048686
729,35.1970752
730,35.26547165
731,178.56
732,38.6313147
733,41.55890519999999
734,41.20897075
735,40.02276395
736,178.56
737,38.5891783
738,178.56
739,38.35012035
740,178.56
741,178.56
742,178.56
743,105.3497682499999
744,37.6518331
745,36.95541985
746,39.00377994999999
747,39.4367167
748,39.34601655
749,39.06956355000001
750,38.97212480000001
751,38.906432
752,38.79134855
753,38.61125555
754,38.60991185
755,178.56
756,38.3527218
757,40.27538775
758,40.9731502
759,41.16159330000001
760,178.56
761,42.39015475
762,178.56
763,41.91558685
764,178.56
765,178.56
766,178.56
767,172.9262387999998
768,38.44856359999999
769,37.17895825000001
770,37.08233634999999
771,37.16899340000001
772,36.50039025
773,35.60914685
774,35.37101860000001
775,35.22696834999999
776,178.56
777,34.96422339999999
778,34.9341519
779,34.7511251
780,34.4531299
781,160.9707179999998
782,178.56
783,33.8592804
784,178.56
785,178.56
786,178.56
787,35.14427975
788,35.4695819
789,35.36223475
790,35.56156845
791,36.05197975
792,36.35295375
793,36.1555182
794,36.18697300000002
795,35.28504129999999
796,35.0472529
797,34.10667485
798,33.64044325
799,33.59587000000001
800,178.56
801,33.9066466
802,34.48890839999999
803,34.97160135
804,97.59909705000032
805,178.56
806,178.56
807,41.10140519999999
808,178.56
809,178.56
810,178.56
811,38.04234014999999
812,37.46589845
813,37.84522784999999
814,37.42128355
815,37.78039159999999
816,38.40822959999999
817,37.52622835
818,35.75351839999999
819,36.97581515
820,37.6150932
821,36.78409354999999
822,36.9457599
823,36.58939204999999
824,114.0751801000004
825,178.56
826,178.56
827,35.80969155000001
828,37.71739835
829,37.67097320000001
830,38.42908844999999
831,178.56
832,178.56
833,178.56
834,178.56
835,42.61751510000001
836,43.1499657
837,42.03457814999999
838,41.93984499999999
839,41.42412369999998
840,40.6942318
841,39.69702324999999
842,39.0436552
843,40.17298305
844,40.52327340000001
845,39.68365675
846,39.50881509999999
847,39.22860325
848,178.56
849,38.42150495
850,37.94745485000001
851,37.6970166
852,143.5900618999998
853,178.56
854,178.56
855,39.8888201
856,178.56
857,178.56
858,178.56
859,39.41514020000001
860,39.78165504999999
861,39.2874934
862,38.46523824999999
863,38.45241849999999
864,38.14906979999999
865,36.93349310000001
866,36.4707183
867,36.38804815
868,36.15341285
869,36.52212835000001
870,36.49945325
871,36.37098650000001
872,178.56
873,36.09918515000001
874,36.15185155
875,36.50645004999999
876,90.18108385000004
877,178.56
878,178.56
879,37.72952015000001
880,178.56
881,178.56
882,178.56
883,38.99492195000001
884,38.74039490000001
885,38.31179365000001
886,38.07050335
887,39.04436544999999
888,39.37098725
889,38.994875
890,38.43352214999999
891,37.50322815000001
892,37.0244484
893,36.8505882
894,36.78860675000001
895,36.68307425
896,178.56
897,36.16247170000001
898,35.93977155
899,36.86943204999999
900,78.9836163000003
901,178.56
902,178.56
903,37.13936999999999
904,178.56
905,178.56
906,178.56
907,38.38682344999999
908,38.2263098
909,37.75647685000001
910,38.19604970000001
911,38.69062365
912,38.79788694999999
913,39.71926195
914,37.35403645
915,37.15399665
916,37.9968847
917,38.7425335
918,37.99439035
919,37.64289825
920,141.9714716000009
921,178.56
922,178.56
923,37.99473135
924,39.0900512
925,39.8626321
926,39.7206717
927,178.56
928,178.56
929,178.56
930,178.56
931,41.01124049999999
932,41.11186694999999
933,37.98069340000001
934,37.56402665
935,37.20356974999999
936,38.92128815
937,39.48780355
938,39.59349005
939,39.70575849999999
940,38.32312655
941,39.96091175000001
942,40.03202940000001
943,39.93969795
944,167.8837341000002
945,178.56
946,178.56
947,40.1028089
948,40.39032509999999
949,40.5976513
950,40.45992664999999
951,178.56
952,178.56
953,178.56
954,178.56
955,41.76028465
956,41.7586854
957,41.44596845
958,38.22763865000001
959,38.35213504999999
960,39.5059018
961,39.0844147
962,38.7166982
963,38.8386464
964,39.5010248
965,37.92340000000002
966,36.9386095
967,37.22377975
968,178.56
969,37.02316645
970,36.98374530000001
971,37.2469335
972,67.0930171999999
973,178.56
974,178.56
975,35.4250387
976,178.56
977,178.56
978,178.56
979,38.31484625
980,37.57989505
981,36.27435485
982,36.38852975
983,36.88570674999999
984,37.70811634999999
985,37.22543335
986,37.69591715
987,37.03109000000001
988,36.75295075
989,36.0708534
990,36.34259285000001
991,37.1157416
992,66.69458729999981
993,178.56
994,178.56
995,37.12618994999999
996,38.0560152
997,38.24598025
998,36.1614381
999,178.56
1000,178.56
1001,178.56
1002,178.56
1003,36.59270489999999
1004,36.27461649999999
1005,35.37853344999999
1006,34.36678525000001
1007,34.99801505
1008,36.26253354999999
1009,36.3697252
1010,36.88101849999999
1011,37.36042989999999
1012,37.0661387
1013,36.7099534
1014,36.93327515
1015,36.10485985
1016,91.62095400000045
1017,178.56
1018,178.56
1019,35.46286154999999
1020,35.05110814999999
1021,37.10146635
1022,36.3625185
1023,178.56
1024,178.56
1025,178.56
1026,178.56
1027,39.4309981
1028,40.13431499999999
1029,40.9839865
1030,40.8169838
1031,40.16352355
1032,40.0943286
1033,38.86771525
1034,40.50309840000001
1035,39.00848665
1036,39.61386674999999
1037,39.87131645
1038,39.8497413
1039,41.0341985
1040,178.56
1041,178.56
1042,178.56
1043,42.58618695
1044,42.27755845
1045,56.2261976500003
1046,40.46005519999999
1047,178.56
1048,178.56
1049,178.56
1050,178.56
1051,41.30046650000001
1052,41.55368154999999
1053,41.88409894999999
1054,41.64854645000001
1055,39.71904995
1056,38.78991155
1057,38.2170279
1058,39.18951514999999
1059,39.0717188
1060,39.80570695
1061,39.93057005000001
1062,41.31813125
1063,40.61948000000001
1064,178.56
1065,178.56
1066,178.56
1067,43.74828165000001
1068,46.5521764
1069,66.95865980000042
1070,45.3340633
1071,178.56
1072,178.56
1073,178.56
1074,178.56
1075,42.32555665
1076,40.74655645000001
1077,40.03349465000001
1078,38.25009665
1079,37.79828490000001
1080,36.30871515
1081,35.43199305000001
1082,35.59141499999999
1083,35.74044135000001
1084,36.3827266
1085,35.98611684999999
1086,35.98516644999999
1087,35.52877190000001
1088,56.45593285000015
1089,178.56
1090,178.56
1091,36.44800315000001
1092,37.41720795
1093,38.8171362
1094,37.32721805
1095,178.56
1096,178.56
1097,178.56
1098,178.56
1099,40.08956825
1100,38.50664484999999
1101,36.9757518
1102,35.99432645
1103,35.71574665
1104,35.8875066
1105,35.28213704999999
1106,36.2006864
1107,36.65903350000001
1108,36.84034545
1109,36.32587055
1110,36.40160874999999
1111,36.19434519999999
1112,35.65086665
1113,178.56
1114,178.56
1115,35.20382994999999
1116,34.7407989
1117,34.81260500000001
1118,35.42685825
1119,178.56
1120,178.56
1121,178.56
1122,170.6423271000001
1123,34.76047139999999
1124,34.45439175000001
1125,35.03705640000001
1126,35.77109965
1127,36.08384340000001
1128,35.84143494999999
1129,34.24784349999999
1130,32.22679005
1131,32.25527505
1132,32.9130517
1133,35.28501365000001
1134,34.8418268
1135,35.79405515000001
1136,178.56
1137,32.55263835
1138,32.71569020000001
1139,33.22921995
1140,33.14026140000001
1141,115.1771289999996
1142,178.56
1143,32.96437495
1144,178.56
1145,178.56
1146,178.56
1147,33.6829116
1148,34.16281815000001
1149,35.70327134999999
1150,35.64353695
1151,36.42867500000001
1152,37.3363167
1153,36.87794335
1154,36.3271682
1155,36.2940535
1156,35.74940185
1157,36.04654315000001
1158,36.2457749
1159,34.77309015
1160,178.56
1161,34.8511248
1162,34.59415979999999
1163,33.89103505
1164,45.77483465000019
1165,178.56
1166,178.56
1167,35.48599680000001
1168,178.56
1169,178.56
1170,178.56
1171,35.70436315000001
1172,38.4394898
1173,38.1273049
1174,37.19433480000001
1175,35.92144655
1176,37.27772359999999
1177,36.33533145
1178,39.18610469999999
1179,37.80684644999999
1180,37.52465545
1181,37.40018485
1182,36.85497340000001
1183,36.97444715
1184,178.56
1185,36.0298117
1186,35.59858875
1187,35.2641284
1188,84.58908935000035
1189,178.56
1190,178.56
1191,37.33788325
1192,178.56
1193,178.56
1194,178.56
1195,39.6821102
1196,39.53664815
1197,38.3360483
1198,38.64479505
1199,38.6512618
1200,39.31739859999999
1201,39.6198762
1202,40.34405649999999
1203,40.40350739999999
1204,41.36149199999999
1205,40.80899330000001
1206,39.9194268
1207,37.7557403
1208,36.06895845
1209,35.18765215000001
1210,35.00194825000001
1211,178.56
1212,38.02339954999999
1213,37.54394145000001
1214,36.89486315
1215,36.8077747
1216,178.56
1217,38.82050829999999
1218,178.56
1219,38.21498475
1220,178.56
1221,178.56
1222,178.56
1223,109.8097589999997
1224,39.15159185
1225,39.74721995000001
1226,40.61104545000001
1227,40.7190785
1228,41.1130199
1229,41.18385545
1230,40.35662214999999
1231,40.14041169999998
1232,37.87458974999998
1233,37.17522355
1234,36.3535186
1235,178.56
1236,37.12954034999998
1237,37.89650985
1238,38.93701369999999
1239,39.90473365
1240,178.56
1241,39.98520690000001
1242,178.56
1243,40.31501285
1244,178.56
1245,178.56
1246,178.56
1247,149.8577170999999
1248,39.7507616
1249,40.34292544999998
1250,41.14733120000001
1251,41.25243140000001
1252,40.05276660000001
1253,39.45419634999999
1254,39.42380325000001
1255,38.98434800000001
1256,178.56
1257,37.0411148
1258,36.8140883
1259,37.62355495000001
1260,178.56
1261,178.56
1262,178.56
1263,70.60778175000044
1264,178.56
1265,178.56
1266,178.56
1267,42.42398784999999
1268,43.31646815
1269,43.58009714999999
1270,43.63182815
1271,42.73261004999999
1272,42.1419235
1273,41.2575016
1274,40.9070548
1275,39.71780325
1276,38.47461540000002
1277,38.00441505000001
1278,36.97443309999999
1279,37.16661635000001
1280,178.56
1281,36.9131485
1282,36.79480195
1283,37.21728855
1284,112.1317874000007
1285,178.56
1286,178.56
1287,38.1376202
1288,178.56
1289,178.56
1290,178.56
1291,37.91639020000001
1292,38.06798324999999
1293,37.82830645
1294,38.1895416
1295,37.77941955000001
1296,37.1917584
1297,37.9014386
1298,37.78098340000001
1299,36.56344295
1300,35.39457855000001
1301,36.19652815000001
1302,35.61421040000001
1303,35.60949325
1304,178.56
1305,34.56512489999999
1306,34.28011015000001
1307,34.26437505
1308,87.5095313500004
1309,178.56
1310,178.56
1311,37.92819775
1312,178.56
1313,178.56
1314,178.56
1315,41.3209083
1316,40.94461174999998
1317,40.05412004999999
1318,39.33416545
1319,39.7050432
1320,39.81905385
1321,40.16413825000001
1322,39.13446024999998
1323,38.69311645000001
1324,38.24898675
1325,37.85591515
1326,37.7638118
1327,37.4792181
1328,36.9204506
1329,38.84192529999999
1330,39.8129077
1331,178.56
1332,43.64476695
1333,43.55540515
1334,38.55885195
1335,38.95349024999999
1336,178.56
1337,40.52935865000001
1338,178.56
1339,40.1578782
1340,178.56
1341,178.56
1342,178.56
1343,152.8940837999996
1344,39.1101587
1345,38.35694834999999
1346,38.46474329999999
1347,39.48808679999999
1348,40.08310810000001
1349,39.95664025000001
1350,39.6529152
1351,39.72481304999999
1352,178.56
1353,39.05285005000001
1354,38.2209882
1355,37.00478690000001
1356,142.0474018000005
1357,178.56
1358,178.56
1359,38.6076315
1360,178.56
1361,178.56
1362,178.56
1363,41.09102650000001
1364,40.67228800000001
1365,40.36509045
1366,40.3858936
1367,40.70604345
1368,40.4405902
1369,40.27787825
1370,40.67385504999999
1371,41.35051505
1372,41.51776510000001
1373,40.96550515000001
1374,40.54173309999999
1375,40.50927835
1376,178.56
1377,37.50298660000001
1378,42.78523655
1379,43.5565704
1380,178.56
1381,178.56
1382,178.56
1383,42.21918354000052
1384,178.56
1385,178.56
1386,178.56
1387,39.06878641500001
1388,40.39239335000001
1389,40.49949150000002
1390,40.70526035
1391,41.3792619
1392,41.127961925
1393,40.74869619999999
1394,40.1985448325
1395,39.91706835
1396,39.62523300000001
1397,37.5999267825
1398,37.11745140000001
1399,36.5389935
1400,33.461004905
1401,157.5510647480003
1402,178.56
1403,18.94714999999999
1404,18.96315
1405,18.97914999999999
1406,17.996973358
1407,178.56
1408,178.56
1409,178.56
1410,32.23353835
1411,32.227905
1412,32.244015
1413,32.2378866
1414,32.20977665
1415,32.3132267
1416,32.52167165
1417,32.26802675
1418,32.23636
1419,32.27109650000001
1420,32.28357665
1421,32.30834
1422,32.31580495000001
1423,32.36783
1424,85.49045075000069
1425,178.56
1426,178.56
1427,37.6292199
1428,38.8741036
1429,38.54114665
1430,37.98945505
1431,178.56
1432,178.56
1433,178.56
1434,178.56
1435,43.3025949
1436,44.49861979999999
1437,45.63819635
1438,41.86766640000001
1439,41.89292495000001
1440,41.75587820000001
1441,41.48697980000001
1442,41.5795216
1443,41.72599995
1444,41.43036965
1445,41.64695475
1446,40.85209794999999
1447,39.55354379999999
1448,178.56
1449,39.25244505
1450,39.67458354999999
1451,39.19772815
1452,168.9213561
1453,178.56
1454,178.56
1455,39.05828365
1456,178.56
1457,178.56
1458,178.56
1459,40.27401955
1460,40.84302649999999
1461,40.6413553
1462,41.02169290000001
1463,40.41256325
1464,40.9888666
1465,40.62644995
1466,40.17520674999999
1467,40.04008510000001
1468,40.12934509999998
1469,39.4711552
1470,38.87763449999999
1471,38.82521449999999
1472,178.56
1473,37.39377475000001
1474,38.05089159999999
1475,39.2065657
1476,153.6164705500003
1477,178.56
1478,178.56
1479,39.7816617
1480,178.56
1481,178.56
1482,178.56
1483,40.30091505
1484,39.71933985
1485,40.1854234
1486,40.0288334
1487,40.17182865000001
1488,40.08274145000001
1489,39.77769010000002
1490,39.28878975
1491,38.52353315000001
1492,38.98257665000001
1493,39.18484290000001
1494,38.4186231
1495,39.15417015
1496,178.56
1497,39.1499432
1498,38.12490305000001
1499,37.53106325
1500,87.00611499999982
1501,178.56
1502,178.56
1503,36.30054735000001
1504,178.56
1505,178.56
1506,178.56
1507,36.91086160000001
1508,36.77775645000001
1509,36.75118615
1510,36.8888103
1511,37.41411034999999
1512,38.2308919
1513,37.84874865
1514,38.06689165
1515,38.00548825
1516,38.40757055
1517,38.24945824999999
1518,38.0619301
1519,38.05494040000001
1520,178.56
1521,37.689767
1522,37.28151485000001
1523,36.0685584
1524,42.8592870499995
1525,178.56
1526,178.56
1527,34.59274135
1528,178.56
1529,178.56
1530,178.56
1531,34.45139014999999
1532,34.28732005000001
1533,34.27112655000001
1534,34.3155065
1535,34.57068345
1536,35.5296397
1537,34.9154881
1538,34.36473165
1539,34.3393165
1540,34.14200795
1541,34.0616669
1542,33.92787365
1543,34.06956635
1544,178.56
1545,34.09293125000001
1546,34.02238025
1547,33.668395
1548,33.70522190000001
1549,142.6868855499999
1550,178.56
1551,34.47232825
1552,178.56
1553,178.56
1554,178.56
1555,34.79358195
1556,34.69252335000001
1557,34.94812164999999
1558,35.2086698
1559,35.15064
1560,36.18459814999999
1561,35.7627631
1562,35.01952489999999
1563,34.57962990000001
1564,34.5154767
1565,34.43759214999999
1566,34.23235345000001
1567,33.91637325000001
1568,178.56
1569,34.5163216
1570,33.98259660000001
1571,34.03152345
1572,34.70448045
1573,171.2554770499999
1574,178.56
1575,35.4422167
1576,178.56
1577,178.56
1578,178.56
1579,37.04964515
1580,36.3531933
1581,36.54917189999999
1582,36.538442
1583,36.02930150000001
1584,36.28552304999999
1585,36.05552829999999
1586,36.05387349999999
1587,35.63178009999999
1588,35.37747349999999
1589,35.30415325
1590,34.5831979
1591,34.2894022
1592,178.56
1593,34.23725155
1594,33.8611754
1595,36.29255490000001
1596,37.77308525000024
1597,178.56
1598,178.56
1599,36.31462645000001
1600,178.56
1601,178.56
1602,178.56
1603,35.6292517
1604,35.8851249
1605,35.45250775
1606,35.23472145
1607,35.41693154999999
1608,35.86570835
1609,35.4554418
1610,35.63900845
1611,35.53554800000001
1612,35.1921965
1613,35.0927149
1614,35.33834839999999
1615,35.0963432
1616,178.56
1617,34.87033849999999
1618,34.68214185
1619,34.6146881
1620,34.5539449
1621,148.50779055
1622,178.56
1623,34.51374385
1624,178.56
1625,178.56
1626,178.56
1627,34.34751335000001
1628,34.46071635000001
1629,34.47380175
1630,34.4830182
1631,34.23395485
1632,34.67446330000001
1633,33.5990818
1634,33.5742533
1635,33.60862324999999
1636,33.5909266
1637,33.61158289999999
1638,33.78791650000001
1639,33.80490655
1640,178.56
1641,33.7384382
1642,33.64165214999999
1643,33.63143485
1644,33.73899175
1645,142.1767963000001
1646,178.56
1647,34.31004185
1648,178.56
1649,178.56
1650,178.56
1651,35.2381101
1652,35.44686685
1653,35.63954525
1654,35.54341785
1655,36.64321165
1656,36.6659035
1657,36.62310975
1658,36.17377395000001
1659,36.89159174999999
1660,36.3043518
1661,35.53827
1662,35.252255
1663,35.25914340000001
1664,34.87842805
1665,34.96233545
1666,35.1703219
1667,178.56
1668,35.3044929
1669,34.58734329999999
1670,34.67711665
1671,34.70811380000001
1672,157.5462518000005
1673,35.7527367
1674,178.56
1675,35.00942025000001
1676,178.56
1677,178.56
1678,178.56
1679,34.1122582
1680,34.48482335
1681,33.35334155
1682,33.28948215
1683,33.74115494999999
1684,33.95959140000001
1685,34.0006168
1686,33.7751202
1687,33.68793975
1688,33.3736652
1689,33.37443015000001
1690,33.29357450000001
1691,178.56
1692,33.03321325
1693,33.23568155
1694,33.67930689999999
1695,36.9623981
1696,157.2387086000005
1697,37.8375481
1698,178.56
1699,37.0388646
1700,178.56
1701,178.56
1702,178.56
1703,34.04491994999999
1704,33.61956319999999
1705,32.95994519999999
1706,33.84925315
1707,34.35194865
1708,34.2089798
1709,34.3917032
1710,33.87637545
1711,34.22992834999999
1712,34.37959634999999
1713,34.42353665
1714,34.19181715
1715,178.56
1716,34.71724014999999
1717,34.3390367
1718,34.63870844999999
1719,35.62780470000001
1720,174.5761574500006
1721,36.98950295000001
1722,178.56
1723,36.95179975
1724,178.56
1725,178.56
1726,178.56
1727,37.60673880000002
1728,39.32328320000001
1729,38.6802381
1730,39.1460835
1731,39.5207934
1732,39.96210809999999
1733,39.64279154999999
1734,39.55521619999999
1735,38.57360849999999
1736,37.61594334999999
1737,178.56
1738,178.56
1739,37.046715
1740,178.56
1741,178.56
1742,178.56
1743,178.56
1744,38.44170979999999
1745,38.81898690000001
1746,39.81189704999999
1747,40.46177179999999
1748,40.18278789999998
1749,39.50973025
1750,38.97957970000001
1751,39.29864819999999
1752,123.4148184000001
1753,39.34053185
1754,39.11088335
1755,38.84719024999999
1756,38.78131334999999
1757,38.54125165000001
1758,38.47133174999999
1759,38.64144144999998
1760,38.70950845000001
1761,38.69808145
1762,38.42428655
1763,178.56
1764,38.77297675000001
1765,38.9087119
1766,39.3172836
1767,38.00127504999999
1768,178.56
1769,36.4308315
1770,178.56
1771,37.42008855
1772,178.56
1773,178.56
1774,178.56
1775,109.50240075
1776,37.98538980000001
1777,37.67483820000001
1778,38.17782649999999
1779,38.21573589999999
1780,38.04068324999999
1781,37.87743830000001
1782,37.71682335000002
1783,37.34036149999999
1784,37.1718001
1785,178.56
1786,178.56
1787,39.12514650000001
1788,178.56
1789,178.56
1790,178.56
1791,178.56
1792,38.53286344999999
1793,38.43736009999999
1794,38.33444959999999
1795,38.2818286
1796,38.52967140000001
1797,38.49809665
1798,38.4260968
1799,38.22224355
1800,116.3634172500003
1801,37.70374970000001
1802,37.72853154999999
1803,37.69101655
1804,37.3552001
1805,36.4785868
1806,36.52442309999999
1807,36.17672645000001
1808,35.83418175
1809,178.56
1810,178.56
1811,36.48279980000001
1812,178.56
1813,178.56
1814,178.56
1815,178.56
1816,37.72392309999999
1817,38.30968655000001
1818,38.68029005
1819,38.20006135000001
1820,38.4020897
1821,38.12422489999999
1822,39.25733029999999
1823,39.25022970000001
1824,89.44546184999999
1825,39.70662975
1826,39.81086875
1827,40.3192833
1828,40.08704964999999
1829,39.91509665000001
1830,38.9747832
1831,38.69990669999999
1832,38.63832005000002
1833,178.56
1834,178.56
1835,38.78608975000002
1836,178.56
1837,178.56
1838,178.56
1839,178.56
1840,40.10619359999999
1841,39.93915345
1842,40.0923418
1843,39.8984432
1844,39.80953984999999
1845,39.43797319999999
1846,39.3911634
1847,40.04507170000001
1848,158.4932128000003
1849,40.45508795
1850,40.39231000000001
1851,40.11923009999999
1852,39.94911
1853,39.8935918
1854,39.9210769
1855,39.6463463
1856,39.37365199999999
1857,178.56
1858,178.56
1859,41.5224499
1860,178.56
1861,178.56
1862,178.56
1863,178.56
1864,40.34186855
1865,40.07978805
1866,40.03512325000001
1867,38.9878449
1868,37.9765182
1869,38.5657102
1870,39.6045632
1871,39.66300554999999
1872,166.11227115
1873,39.571532
1874,38.62103494999999
1875,38.03381385000001
1876,37.71546845
1877,37.7608929
1878,37.5208583
1879,37.44818015000001
1880,37.03804
1881,37.09413485
1882,37.10666964999999
1883,178.56
1884,37.1682419
1885,36.83909815000001
1886,36.87922460000001
1887,37.04498974999999
1888,178.56
1889,37.11684645
1890,178.56
1891,36.97664165
1892,178.56
1893,178.56
1894,178.56
1895,77.3107887999997
1896,36.1083684
1897,36.51613515000001
1898,36.66318165
1899,36.61943335
1900,36.61178335
1901,36.59177665
1902,36.7744717
1903,36.634125
1904,36.653755
1905,178.56
1906,178.56
1907,36.69697
1908,178.56
1909,178.56
1910,178.56
1911,178.56
1912,36.8739717
1913,36.8652033
1914,36.95967
1915,37.16356835
1916,36.85297835
1917,37.71150525000001
1918,37.7987855
1919,38.0376998
1920,73.9784005999998
1921,38.24989985
1922,38.2037136
1923,37.74451345
1924,37.37289144999999
1925,37.47250960000001
1926,37.34460175000001
1927,37.37499369999999
1928,37.64727525
1929,178.56
1930,178.56
1931,38.9949982
1932,178.56
1933,178.56
1934,178.56
1935,178.56
1936,38.11037230000001
1937,37.77939515000001
1938,38.0041752
1939,38.91132139999999
1940,38.4594183
1941,39.19789845
1942,40.04074980000001
1943,41.30844005
1944,130.2183570000003
1945,40.3280932
1946,40.08163315
1947,39.85656844999999
1948,40.13270015
1949,39.6797148
1950,40.0726569
1951,39.99865810000001
1952,40.2142535
1953,178.56
1954,178.56
1955,41.3984436
1956,178.56
1957,178.56
1958,178.56
1959,178.56
1960,39.6555785
1961,39.44332854999999
1962,38.79995145000002
1963,39.50462484999999
1964,39.13525815
1965,38.10607495000001
1966,37.77770185
1967,37.9002
1968,160.3438743500006
1969,37.40601635
1970,37.0133299
1971,37.0115103
1972,37.09228169999999
1973,37.05368470000001
1974,36.97558850000001
1975,36.88681265
1976,36.63303854999999
1977,178.56
1978,178.56
1979,38.27352705
1980,178.56
1981,178.56
1982,178.56
1983,178.56
1984,38.55974009999999
1985,37.95854870000002
1986,38.2370082
1987,38.6634735
1988,39.66375369999999
1989,39.59507194999999
1990,40.10927965
1991,40.6036147
1992,115.7727536000003
1993,40.33846989999999
1994,39.49969705
1995,38.25425355000001
1996,38.4202015
1997,38.18017695
1998,38.2009335
1999,37.8927816
2000,37.8040431
2001,178.56
2002,178.56
2003,37.9120484
2004,178.56
2005,178.56
2006,178.56
2007,178.56
2008,39.82998325000001
2009,40.1590803
2010,40.589487
2011,40.98364814999999
2012,40.50833340000001
2013,40.53151985
2014,39.30483150000001
2015,38.9836269
2016,131.7106734000004
2017,37.9724978
2018,178.56
2019,38.80839640000001
2020,178.56
2021,37.90624005000002
2022,36.25681165
2023,35.13907865
2024,35.00291194999999
2025,35.14354144999999
2026,89.08270900000036
2027,178.56
2028,178.56
2029,178.56
2030,38.69869849999999
2031,178.56
2032,38.17002815000001
2033,38.31423354999998
2034,38.4912003
2035,38.16601644999999
2036,36.33977305
2037,36.21838345
2038,35.9070598
2039,35.66206690000001
2040,35.813202
2041,35.92948679999999
2042,36.18682680000001
2043,35.6531198
2044,36.14543794999999
2045,35.5971018
2046,35.82852654999999
2047,35.39572649999999
2048,35.48925855
2049,35.27985
2050,178.56
2051,178.56
2052,178.56
2053,35.34385
2054,35.35985
2055,178.56
2056,178.56
2057,171.9341847499999
2058,35.42385
2059,35.43985
2060,35.45585
2061,35.47185
2062,35.48785
2063,35.50385
2064,35.51985
2065,35.16385
2066,35.17985
2067,35.19585
2068,35.21185
2069,35.22785
2070,35.23185
2071,35.24785
2072,35.26385
2073,35.27985
2074,178.56
2075,178.56
2076,178.56
2077,35.34385
2078,35.35985
2079,178.56
2080,178.56
2081,167.4315000000003
2082,35.42385
2083,35.43985
2084,35.45585
2085,35.47185
2086,35.48785
2087,35.50385
2088,35.51985
2089,35.16385
2090,35.17985
2091,35.19585
2092,35.21185
2093,35.22785
2094,35.23185
2095,35.24785
2096,35.26385
2097,178.56
2098,167.3035000000002
2099,35.31185
2100,178.56
2101,178.56
2102,178.56
2103,178.56
2104,35.39185
2105,35.40785
2106,35.42385
2107,35.43985
2108,35.45585
2109,35.47185
2110,35.48785
2111,35.50385
2112,35.51985
2113,35.16385
2114,35.17985
2115,35.19585
2116,35.21185
2117,35.22785
2118,35.23185
2119,35.24785
2120,35.26385
2121,35.27985
2122,178.56
2123,178.56
2124,178.56
2125,35.34385
2126,35.35985
2127,178.56
2128,178.56
2129,167.4315000000003
2130,35.42385
2131,35.43985
2132,35.45585
2133,35.47185
2134,35.48785
2135,35.50385
2136,35.51985
2137,35.16385
2138,35.17985
2139,35.19585
2140,35.21185
2141,35.22785
2142,35.23185
2143,35.24785
2144,35.26385
2145,35.27985
2146,178.56
2147,178.56
2148,178.56
2149,35.34385
2150,35.35985
2151,178.56
2152,178.56
2153,168.0903083000007
2154,35.56047
2155,35.54875
2156,35.4856233
2157,35.46504835
2158,35.44669165
2159,35.42937999999999
2160,35.463805
2161,35.116165
2162,35.15576005
2163,35.315915
2164,35.14251335
2165,35.15713835
2166,35.16992
2167,35.1773217
2168,35.1955033
2169,178.56
2170,178.56
2171,40.03976045
2172,178.56
2173,178.56
2174,178.56
2175,178.56
2176,36.65070848
2177,38.72983130000001
2178,37.95392329999999
2179,38.66006285
2180,38.60280325000001
2181,37.77316005000001
2182,36.85461819999999
2183,36.93346535
2184,80.00683938000108
2185,37.67852369999999
2186,178.56
2187,37.92722319999999
2188,178.56
2189,38.3240014
2190,38.2730383
2191,38.00734669999999
2192,37.8995966
2193,37.8174951
2194,127.5236761499999
2195,178.56
2196,178.56
2197,178.56
2198,38.7243282
2199,178.56
2200,39.9356014
2201,40.90136015
2202,40.60776529999999
2203,39.5836229
2204,39.14369115
2205,37.62502659999999
2206,37.65206985
2207,38.11009855
2208,38.26434985
2209,35.9200446
2210,35.2217971
2211,35.2361471
2212,35.83269044999999
2213,35.50783700000001
2214,35.28534715
2215,35.03063675
2216,35.1550968
2217,178.56
2218,178.56
2219,37.4687485
2220,178.56
2221,178.56
2222,178.56
2223,178.56
2224,38.42719004999999
2225,39.5359648
2226,39.50274174999999
2227,40.18502995000001
2228,39.31278035000001
2229,39.09372774999999
2230,38.20034025000001
2231,37.92097145000001
2232,90.04582310000085
2233,37.19575175000001
2234,178.56
2235,37.99331510000001
2236,178.56
2237,37.1766099
2238,36.44087794999999
2239,35.69478024999999
2240,35.17036839999999
2241,35.05697155
2242,101.3078900000001
2243,178.56
2244,178.56
2245,178.56
2246,39.78208824999999
2247,178.56
2248,38.93443679999999
2249,38.31157759999999
2250,38.1946585
2251,38.2382135
2252,38.1469087
2253,37.83653855
2254,37.36993140000001
2255,37.88006990000001
2256,37.66670209999999
2257,36.7683468
2258,36.34806814999999
2259,36.1133422
2260,35.70782165000001
2261,35.49227155
2262,35.32599135
2263,34.82871285
2264,33.0234618
2265,178.56
2266,165.6275813499997
2267,34.32120865000001
2268,178.56
2269,178.56
2270,178.56
2271,178.56
2272,36.59675335
2273,36.10730315000001
2274,35.07238150000001
2275,34.79603830000001
2276,35.53066885
2277,34.8237852
2278,34.95720994999999
2279,34.556512
2280,34.69668315
2281,34.12339655
2282,178.56
2283,33.9124249
2284,178.56
2285,34.28302325
2286,34.06414525
2287,34.12599695
2288,34.23852165
2289,34.54785485
2290,34.615628
2291,178.56
2292,178.56
2293,178.56
2294,35.73925835000001
2295,153.7976904500002
2296,35.40132850000001
2297,35.91797475000001
2298,36.07932195
2299,35.8926283
2300,35.68334845
2301,35.55447835
2302,35.5453798
2303,35.46546025000001
2304,34.03341995
2305,33.3057116
2306,33.4267432
2307,33.50654355
2308,33.30258039999999
2309,33.20482155
2310,33.2013234
2311,32.99367525
2312,33.4060418
2313,32.44866995
2314,178.56
2315,178.56
2316,178.56
2317,34.1347484
2318,127.30784155
2319,178.56
2320,178.56
2321,35.01575465000001
2322,35.02660305
2323,35.00612055
2324,34.84925505
2325,35.06934139999999
2326,34.63672505000001
2327,34.3966084
2328,34.11667159999999
2329,34.62408010000001
2330,34.6770399
2331,35.00197525
2332,33.60458515000001
2333,33.7259099
2334,32.0806987
2335,32.09881965000001
2336,31.88117495000001
2337,32.27182995
2338,178.56
2339,178.56
2340,178.56
2341,33.78225495000001
2342,34.16319319999999
2343,178.56
2344,178.56
2345,124.3209276500003
2346,35.47965180000001
2347,34.06692985
2348,34.9772805
2349,34.6525867
2350,34.89410035
2351,33.80032325000001
2352,33.8641318
2353,44.16872225000001
2354,178.56
2355,45.10153015000001
2356,178.56
2357,148.5486494500004
2358,44.05704664999999
2359,44.2158634
2360,44.18903645
2361,44.23847695
2362,178.56
2363,178.56
2364,178.56
2365,178.56
2366,41.7952232
2367,178.56
2368,43.29383525000001
2369,42.95249974999999
2370,42.79246315
2371,43.61012555
2372,43.68128985000001
2373,43.41752330000001
2374,42.43274325
2375,44.45527155000001
2376,45.86812485000001
2377,45.40543345
2378,178.56
2379,45.13363215
2380,178.56
2381,136.7631772000004
2382,44.36152689999999
2383,43.69301485
2384,44.6897568
2385,43.71298825
2386,178.56
2387,178.56
2388,178.56
2389,178.56
2390,43.75351655000001
2391,178.56
2392,41.78998840000001
2393,41.90581335000001
2394,41.82374820000001
2395,41.34142990000001
2396,40.94812045
2397,40.76544195
2398,40.2919968
2399,41.05783
2400,41.33176180000001
2401,41.65302145
2402,42.20644504999999
2403,42.5209482
2404,42.55480505000001
2405,42.59309845000001
2406,43.00256885000001
2407,42.91520505
2408,42.6027084
2409,106.1522938000006
2410,178.56
2411,178.56
2412,178.56
2413,42.07422494999999
2414,178.56
2415,178.56
2416,178.56
2417,178.56
2418,42.23454395
2419,42.85723025000001
2420,42.81428869999999
2421,42.7488882
2422,42.89373499999999
2423,43.33769040000001
2424,43.25140864999999
2425,42.93186295
2426,42.39573699999999
2427,42.07176275000001
2428,42.19785469999999
2429,42.46918359999999
2430,42.0385836
2431,41.413082
2432,40.6506297
2433,87.75314455000043
2434,178.56
2435,178.56
2436,178.56
2437,41.54732495
2438,178.56
2439,178.56
2440,178.56
2441,178.56
2442,42.59369345
2443,43.38579834999999
2444,43.18216469999999
2445,42.61379035
2446,43.0712386
2447,42.7282351
2448,42.73816634999999
2449,41.62909705000002
2450,178.56
2451,41.38638975
2452,178.56
2453,121.9083394000004
2454,41.70302855000001
2455,41.9192279
2456,42.53245505000001
2457,43.2175482
2458,178.56
2459,178.56
2460,178.56
2461,178.56
2462,43.8852778
2463,178.56
2464,43.63428465
2465,42.92054575000001
2466,42.50987345
2467,42.59185480000001
2468,42.81197855000001
2469,43.12771055000001
2470,42.86951709999999
2471,43.01929470000001
2472,43.78905164999998
2473,44.64954965000001
2474,178.56
2475,44.76837614999999
2476,178.56
2477,164.9172185999997
2478,43.0637646
2479,42.81354695
2480,42.95762330000001
2481,42.82851494999999
2482,178.56
2483,178.56
2484,178.56
2485,178.56
2486,44.7638487
2487,178.56
2488,44.94132349999999
2489,44.66928855
2490,44.98927309999999
2491,44.82621125000001
2492,45.02306985000001
2493,45.69060025000001
2494,45.62470515
2495,45.64598504999998
2496,43.8011149
2497,43.38097489999998
2498,178.56
2499,43.151065
2500,178.56
2501,169.4391161999999
2502,44.60591014999999
2503,44.53000450000001
2504,45.4535235
2505,45.80271315
2506,178.56
2507,178.56
2508,178.56
2509,178.56
2510,45.06983220000001
2511,178.56
2512,44.73780510000001
2513,44.7003263
2514,43.77553305000001
2515,43.7091616
2516,43.1840538
2517,42.39270795
2518,43.06617849999999
2519,42.80976304999999
2520,42.95642534999999
2521,42.70266025000001
2522,178.56
2523,44.21641544999999
2524,178.56
2525,156.4827699499999
2526,43.87175105
2527,42.41400805000001
2528,42.30283035
2529,42.6047749
2530,178.56
2531,178.56
2532,178.56
2533,178.56
2534,45.0458332
2535,178.56
2536,44.19350685
2537,43.77251390000001
2538,42.23831985
2539,44.28391129999999
2540,44.4062817
2541,44.62396685
2542,45.36316099999998
2543,45.22294360000001
2544,44.86432015
2545,43.8493004
2546,178.56
2547,43.8055832
2548,178.56
2549,108.7624053500012
2550,43.1308466
2551,42.5351917
2552,42.32728665
2553,42.5471535
2554,178.56
2555,178.56
2556,178.56
2557,178.56
2558,41.03492155000001
2559,178.56
2560,41.20082850000001
2561,43.40450865
2562,42.93476635
2563,41.9431484
2564,41.80371865000001
2565,41.1141783
2566,41.5189735
2567,42.01849645
2568,42.45827134999998
2569,42.1054334
2570,178.56
2571,42.2049735
2572,178.56
2573,96.17699445000059
2574,41.32241035
2575,41.410387
2576,41.07933664999999
2577,42.28102685
2578,178.56
2579,178.56
2580,178.56
2581,178.56
2582,42.94549320000001
2583,178.56
2584,40.81786350000001
2585,40.76148324999998
2586,41.08244015
2587,41.46444665
2588,40.23821669999999
2589,39.70342824999999
2590,40.51111674999999
2591,40.77676175
2592,41.8518412
2593,42.29800695000001
2594,178.56
2595,42.38500710000001
2596,178.56
2597,41.07849015000001
2598,40.97466295
2599,40.32813385
2600,39.68297795000001
2601,39.11869145
2602,164.1736313500004
2603,178.56
2604,178.56
2605,178.56
2606,38.57178374999999
2607,178.56
2608,38.03523000000001
2609,39.96933729999999
2610,39.70249
2611,39.4891402
2612,40.04701835000001
2613,40.1678118
2614,39.74175835
2615,39.083587
2616,39.1843603
2617,38.65346835
2618,38.4932116
2619,38.4176733
2620,38.27043354999999
2621,38.31528985000001
2622,38.12865194999999
2623,37.13719835
2624,36.85535520000001
2625,36.86811025
2626,37.05495834999999
2627,178.56
2628,37.76138675000001
2629,38.07086685
2630,38.1012403
2631,38.27679539999999
2632,178.56
2633,37.3034313
2634,178.56
2635,36.37683665
2636,178.56
2637,178.56
2638,178.56
2639,95.23609040000031
2640,38.8098283
2641,38.61951540000002
2642,38.6753536
2643,38.28371174999999
2644,38.39310145000001
2645,38.42829624999999
2646,38.38201850000002
2647,37.9505565
2648,37.1513281
2649,36.94382659999999
2650,36.65945324999999
2651,178.56
2652,35.7416215
2653,36.86227825
2654,39.92031
2655,41.17655979999999
2656,178.56
2657,40.39384524999999
2658,178.56
2659,39.64776019999999
2660,178.56
2661,178.56
2662,178.56
2663,140.5909398000005
2664,42.0098931
2665,41.69418004999999
2666,39.61229654999999
2667,38.49617675
2668,37.96962015
2669,37.30813005
2670,37.29494385000001
2671,37.08436159999999
2672,36.87231350000001
2673,178.56
2674,178.56
2675,36.76425970000001
2676,178.56
2677,178.56
2678,178.56
2679,178.56
2680,39.24169160000001
2681,40.17630144999999
2682,39.43949835
2683,39.77173015000001
2684,40.05510354999999
2685,38.08910495
2686,38.798948
2687,40.52596185
2688,121.6505220000007
2689,40.89801814999998
2690,41.40454465000001
2691,41.7965252
2692,42.59898865
2693,40.1328567
2694,40.1371049
2695,38.7014896
2696,37.7786397
2697,178.56
2698,178.56
2699,38.69281640000001
2700,178.56
2701,178.56
2702,178.56
2703,178.56
2704,39.46161810000001
2705,39.98066675
2706,38.4752385
2707,38.32112355000001
2708,38.22378645000001
2709,37.31010360000001
2710,38.1564569
2711,39.49907525
2712,139.7319742500009
2713,39.68739499999999
2714,39.70048030000001
2715,38.9468467
2716,38.60272429999999
2717,38.06907275
2718,37.64268994999999
2719,37.50544140000001
2720,36.2305734
2721,178.56
2722,178.56
2723,37.3955867
2724,178.56
2725,178.56
2726,178.56
2727,178.56
2728,39.7666852
2729,39.90859820000001
2730,38.14641159999999
2731,39.39182649999999
2732,39.90741
2733,40.19837325
2734,41.71103355
2735,41.36137495
2736,132.0970381500003
2737,41.19899689999999
2738,43.28250224999999
2739,43.17000305000001
2740,43.54823305000001
2741,43.1307417
2742,43.70262679999999
2743,41.7106313
2744,40.7462384
2745,178.56
2746,178.56
2747,103.9816595000003
2748,178.56
2749,178.56
2750,178.56
2751,178.56
2752,43.34393975
2753,42.38596339999999
2754,43.40292700000001
2755,43.60444175000001
2756,43.93111870000001
2757,43.86084169999999
2758,43.99815319999998
2759,43.32172185
2760,178.56
2761,44.56061505000001
2762,178.56
2763,44.1301199
2764,178.56
2765,142.3503142500001
2766,43.2890994
2767,41.6403604
2768,41.5035697
2769,41.99801475000001
2770,178.56
2771,178.56
2772,178.56
2773,178.56
2774,43.24064174999999
2775,178.56
2776,41.8210266
2777,41.7923666
2778,42.26426110000001
2779,44.20137515
2780,43.95601469999999
2781,44.21568325
2782,43.84688514999998
2783,44.38334974999999
2784,44.39863519999999
2785,44.64087829999999
2786,45.37706665
2787,46.15853785
2788,45.21123190000001
2789,44.96788805
2790,44.14150825
2791,43.44520325
2792,43.26509165
2793,178.56
2794,178.56
2795,146.9801105500002
2796,178.56
2797,178.56
2798,178.56
2799,178.56
2800,42.6031454
2801,41.8299316
2802,41.60974349999999
2803,41.3379103
2804,42.61659965
2805,44.23370545
2806,43.98377985
2807,43.8817683
2808,178.56
2809,43.47132135
2810,178.56
2811,44.89738825
2812,178.56
2813,137.6092628500004
2814,43.03204785
2815,42.39308995000001
2816,41.62116039999999
2817,41.57959310000001
2818,178.56
2819,178.56
2820,178.56
2821,178.56
2822,43.61519165000001
2823,178.56
2824,45.02512544999999
2825,45.16133694999999
2826,44.25285975000001
2827,43.66085335
2828,43.87349665000001
2829,44.3028584
2830,44.31774015
2831,44.5058528
2832,44.9298615
2833,43.37956345000001
2834,178.56
2835,44.00200694999999
2836,178.56
2837,62.79630168049998
2838,41.82179165
2839,41.89776025
2840,42.14019535
2841,42.30992019999999
2842,178.56
2843,178.56
2844,178.56
2845,178.56
2846,39.20237649849999
2847,178.56
2848,40.17121039999999
2849,39.9077
2850,39.9237
2851,39.93969999999999
2852,39.9557
2853,39.9717
2854,39.9877
2855,40.00369999999999
2856,40.0197
2857,39.6517
2858,178.56
2859,39.68369999999999
2860,178.56
2861,39.7157
2862,39.7317
2863,39.74769999999999
2864,39.7637
2865,39.8272017
2866,158.0643371000008
2867,178.56
2868,178.56
2869,178.56
2870,39.20202815
2871,178.56
2872,37.9038716
2873,37.73303725000001
2874,39.1811997
2875,39.0601405
2876,39.64143
2877,41.73919835000001
2878,41.88164285000001
2879,43.18378179999999
2880,43.81700979999999
2881,43.25979189999999
2882,43.9661151
2883,44.1450069
2884,41.45561129999999
2885,40.61661835
2886,40.16165335000001
2887,38.22354004999999
2888,37.82524315
2889,178.56
2890,178.56
2891,49.52238355000009
2892,178.56
2893,178.56
2894,178.56
2895,178.56
2896,40.27094355000001
2897,40.715833
2898,40.28523379999999
2899,40.29648499999999
2900,40.5180751
2901,42.49640209999999
2902,44.34060170000001
2903,44.77318989999999
2904,178.56
2905,43.00444544999999
2906,45.73293535
2907,46.69132364999998
2908,44.86876465
2909,43.80190649999999
2910,43.69080170000002
2911,43.4701913
2912,43.13950759999999
2913,160.7155946500008
2914,178.56
2915,178.56
2916,178.56
2917,44.90078515000001
2918,178.56
2919,178.56
2920,178.56
2921,178.56
2922,42.61609614999999
2923,47.08220195000001
2924,47.13932350000001
2925,46.2528649
2926,46.99774335
2927,46.84254695
2928,46.9033535
2929,48.29881855000002
2930,178.56
2931,77.6187299500008
2932,178.56
2933,178.56
2934,45.93601215
2935,45.47239365
2936,45.3912269
2937,45.4926048
2938,178.56
2939,178.56
2940,178.56
2941,178.56
2942,44.04688715
2943,178.56
2944,43.19771355000002
2945,42.98905665
2946,43.48033
2947,44.25027045
2948,44.12182175
2949,43.92757489999999
2950,43.6235485
2951,43.1384797
2952,44.93631445000001
2953,44.49822665000001
2954,178.56
2955,44.4329318
2956,178.56
2957,145.8512099000002
2958,43.37933675
2959,42.63596965000001
2960,42.20947635
2961,41.57539495
2962,178.56
2963,178.56
2964,178.56
2965,178.56
2966,43.62553165
2967,178.56
2968,44.4015535
2969,44.94740475
2970,45.2851731
2971,45.50208905
2972,45.73891355
2973,45.5039299
2974,44.332241
2975,45.27222325
2976,44.38116289999999
2977,44.54735990000001
2978,44.5179304
2979,45.54290525
2980,45.53771135
2981,45.1535498
2982,45.02062824999999
2983,44.6500147
2984,45.28232615000001
2985,178.56
2986,178.56
2987,178.56
2988,178.56
2989,68.20394605000017
2990,178.56
2991,178.56
2992,178.56
2993,178.56
2994,44.87208665
2995,45.56099355
2996,46.65732130000002
2997,47.11629145
2998,45.00756885000001
2999,45.61657825000001
3000,46.5740684
3001,46.1846917
3002,45.822952
3003,46.90510805
3004,46.6250983
3005,46.8161636
3006,46.78524835000002
3007,46.85080279999999
3008,46.97761054999998
3009,178.56
3010,178.56
3011,178.56
3012,178.56
3013,83.97382840000097
3014,178.56
3015,178.56
3016,178.56
3017,178.56
3018,45.8242837
3019,45.99135010000001
3020,46.47692204999999
3021,45.92006005000002
3022,46.3488349
3023,46.89210165
3024,47.4326371
3025,46.69367994999998
3026,178.56
3027,105.1436761000008
3028,178.56
3029,178.56
3030,46.37936635000002
3031,45.8647634
3032,44.4940479
3033,43.57629485
3034,178.56
3035,178.56
3036,178.56
3037,178.56
3038,46.56672979999999
3039,178.56
3040,46.48158005
3041,45.96428230000001
3042,46.0282966
3043,46.5932883
3044,46.19667819999998
3045,47.5154083
3046,48.1340066
3047,48.44948165
3048,48.70040425
3049,48.7155534
3050,178.56
3051,107.9992060000006
3052,178.56
3053,178.56
3054,46.36099645000002
3055,45.93747295
3056,45.20996515000002
3057,46.09743995
3058,178.56
3059,178.56
3060,178.56
3061,178.56
3062,48.58801644999998
3063,178.56
3064,46.2313299
3065,47.76499979999999
3066,46.29856685
3067,46.93658015
3068,45.02884464999999
3069,43.5812032
3070,44.18958990000001
3071,42.94841825
3072,39.83004155
3073,38.37456329999999
3074,37.95945469999999
3075,37.8722932
3076,37.24394984999999
3077,37.23783455
3078,36.46762680000001
3079,36.22989345
3080,35.6048686
3081,102.8609847499999
3082,178.56
3083,178.56
3084,178.56
3085,41.55890519999999
3086,41.20897075
3087,178.56
3088,178.56
3089,178.56
3090,38.12713639999999
3091,38.35012035
3092,37.61119015
3093,38.4146069
3094,38.54561195
3095,37.4960419
3096,37.6518331
3097,36.95541985
3098,39.00377994999999
3099,39.4367167
3100,39.34601655
3101,39.06956355000001
3102,38.97212480000001
3103,38.906432
3104,38.79134855
3105,165.8731345499995
3106,178.56
3107,178.56
3108,178.56
3109,40.27538775
3110,40.9731502
3111,178.56
3112,178.56
3113,178.56
3114,42.03092674999999
3115,41.91558685
3116,42.25962465000001
3117,41.55670175000001
3118,40.67710040000001
3119,39.65438795000001
3120,38.44856359999999
3121,37.17895825000001
3122,37.08233634999999
3123,37.16899340000001
3124,36.50039025
3125,35.60914685
3126,35.37101860000001
3127,35.22696834999999
3128,35.17387015000001
3129,34.96422339999999
3130,178.56
3131,178.56
3132,178.56
3133,34.4133417
3134,33.56045155
3135,178.56
3136,178.56
3137,160.9862900499996
3138,34.83445185000001
3139,35.14427975
3140,35.4695819
3141,35.36223475
3142,35.56156845
3143,36.05197975
3144,36.35295375
3145,36.1555182
3146,36.18697300000002
3147,35.28504129999999
3148,35.0472529
3149,34.10667485
3150,33.64044325
3151,33.59587000000001
3152,33.56108659999999
3153,178.56
3154,178.56
3155,34.97160135
3156,178.56
3157,178.56
3158,178.56
3159,178.56
3160,45.60584525
3161,45.79630495
3162,46.65461225
3163,38.04234014999999
3164,37.46589845
3165,37.84522784999999
3166,37.42128355
3167,37.78039159999999
3168,73.88643780000027
3169,37.52622835
3170,35.75351839999999
3171,36.97581515
3172,37.6150932
3173,36.78409354999999
3174,36.9457599
3175,36.58939204999999
3176,36.3201981
3177,111.7464399500002
3178,178.56
3179,178.56
3180,178.56
3181,37.67097320000001
3182,38.42908844999999
3183,178.56
3184,178.56
3185,178.56
3186,39.53563195
3187,42.61751510000001
3188,43.1499657
3189,42.03457814999999
3190,41.93984499999999
3191,41.42412369999998
3192,40.6942318
3193,39.69702324999999
3194,39.0436552
3195,40.17298305
3196,40.52327340000001
3197,39.68365675
3198,39.50881509999999
3199,39.22860325
3200,39.00185185000001
3201,140.9072200999998
3202,178.56
3203,178.56
3204,178.56
3205,39.51294175
3206,39.91443645
3207,178.56
3208,178.56
3209,178.56
3210,38.20840824999999
3211,39.41514020000001
3212,39.78165504999999
3213,39.2874934
3214,38.46523824999999
3215,38.45241849999999
3216,38.14906979999999
3217,36.93349310000001
3218,36.4707183
3219,36.38804815
3220,36.15341285
3221,36.52212835000001
3222,36.49945325
3223,36.37098650000001
3224,36.33919174999999
3225,178.56
3226,178.56
3227,178.56
3228,178.56
3229,37.51935690000001
3230,85.28766045000008
3231,178.56
3232,178.56
3233,38.457325
3234,39.06455665000001
3235,38.99492195000001
3236,38.74039490000001
3237,38.31179365000001
3238,38.07050335
3239,39.04436544999999
3240,39.37098725
3241,38.994875
3242,38.43352214999999
3243,37.50322815000001
3244,37.0244484
3245,36.8505882
3246,36.78860675000001
3247,36.68307425
3248,36.45373825000001
3249,79.39883325000014
3250,178.56
3251,178.56
3252,178.56
3253,35.5899199
3254,36.3887901
3255,178.56
3256,178.56
3257,178.56
3258,37.26338010000001
3259,38.38682344999999
3260,38.2263098
3261,37.75647685000001
3262,38.19604970000001
3263,38.69062365
3264,38.79788694999999
3265,39.71926195
3266,37.35403645
3267,37.15399665
3268,37.9968847
3269,38.7425335
3270,37.99439035
3271,37.64289825
3272,37.72011315
3273,139.7815145500006
3274,178.56
3275,178.56
3276,178.56
3277,39.8626321
3278,39.7206717
3279,178.56
3280,178.56
3281,178.56
3282,41.55462645
3283,41.01124049999999
3284,41.11186694999999
3285,37.98069340000001
3286,37.56402665
3287,37.20356974999999
3288,38.92128815
3289,39.48780355
3290,39.59349005
3291,39.70575849999999
3292,38.32312655
3293,39.96091175000001
3294,40.03202940000001
3295,39.93969795
3296,39.99934990000001
3297,167.1397468000001
3298,178.56
3299,178.56
3300,178.56
3301,40.5976513
3302,40.45992664999999
3303,178.56
3304,178.56
3305,178.56
3306,41.23777139999999
3307,41.76028465
3308,41.7586854
3309,41.44596845
3310,38.22763865000001
3311,38.35213504999999
3312,39.5059018
3313,39.0844147
3314,38.7166982
3315,38.8386464
3316,39.5010248
3317,37.92340000000002
3318,36.9386095
3319,37.22377975
3320,37.0032801
3321,71.70502739999984
3322,178.56
3323,178.56
3324,178.56
3325,32.5235599
3326,33.59205865000001
3327,178.56
3328,178.56
3329,178.56
3330,38.9479751
3331,38.31484625
3332,37.57989505
3333,36.27435485
3334,36.38852975
3335,36.88570674999999
3336,37.70811634999999
3337,37.22543335
3338,37.69591715
3339,37.03109000000001
3340,36.75295075
3341,36.0708534
3342,36.34259285000001
3343,37.1157416
3344,36.92743485
3345,68.96417739999983
3346,178.56
3347,178.56
3348,178.56
3349,38.24598025
3350,36.1614381
3351,178.56
3352,178.56
3353,178.56
3354,35.9851802
3355,36.59270489999999
3356,36.27461649999999
3357,35.37853344999999
3358,34.36678525000001
3359,34.99801505
3360,36.26253354999999
3361,36.3697252
3362,36.88101849999999
3363,37.36042989999999
3364,37.0661387
3365,36.7099534
3366,36.93327515
3367,36.10485985
3368,35.44221474999999
3369,178.56
3370,178.56
3371,178.56
3372,178.56
3373,37.10146635
3374,84.49050895000057
3375,178.56
3376,178.56
3377,39.1969833
3378,39.36773520000001
3379,39.4309981
3380,40.13431499999999
3381,40.9839865
3382,40.8169838
3383,40.16352355
3384,40.0943286
3385,38.86771525
3386,40.50309840000001
3387,39.00848665
3388,39.61386674999999
3389,39.87131645
3390,39.8497413
3391,41.0341985
3392,40.5607168
3393,59.12683510000028
3394,178.56
3395,178.56
3396,178.56
3397,41.33615445
3398,178.56
3399,178.56
3400,178.56
3401,178.56
3402,40.5262919
3403,41.30046650000001
3404,41.55368154999999
3405,41.88409894999999
3406,41.64854645000001
3407,39.71904995
3408,38.78991155
3409,38.2170279
3410,39.18951514999999
3411,39.0717188
3412,39.80570695
3413,39.93057005000001
3414,41.31813125
3415,40.61948000000001
3416,40.60022504999999
3417,73.54792650000059
3418,178.56
3419,178.56
3420,178.56
3421,46.7468531
3422,178.56
3423,178.56
3424,178.56
3425,178.56
3426,41.69817649999999
3427,42.32555665
3428,40.74655645000001
3429,40.03349465000001
3430,38.25009665
3431,37.79828490000001
3432,36.30871515
3433,35.43199305000001
3434,35.59141499999999
3435,35.74044135000001
3436,36.3827266
3437,35.98611684999999
3438,35.98516644999999
3439,35.52877190000001
3440,35.5102134
3441,56.87282924999996
3442,178.56
3443,178.56
3444,178.56
3445,38.8171362
3446,37.32721805
3447,178.56
3448,178.56
3449,178.56
3450,37.93810129999999
3451,40.08956825
3452,38.50664484999999
3453,36.9757518
3454,35.99432645
3455,35.71574665
3456,35.8875066
3457,35.28213704999999
3458,36.2006864
3459,36.65903350000001
3460,36.84034545
3461,36.32587055
3462,36.40160874999999
3463,36.19434519999999
3464,35.65086665
3465,35.11673829999999
3466,178.56
3467,178.56
3468,178.56
3469,34.81260500000001
3470,35.42685825
3471,178.56
3472,178.56
3473,171.3563578500002
3474,34.1138598
3475,34.76047139999999
3476,34.45439175000001
3477,35.03705640000001
3478,35.77109965
3479,36.08384340000001
3480,35.84143494999999
3481,34.24784349999999
3482,32.22679005
3483,32.25527505
3484,32.9130517
3485,35.28501365000001
3486,34.8418268
3487,35.79405515000001
3488,33.43676845
3489,32.55263835
3490,178.56
3491,178.56
3492,178.56
3493,32.11137175
3494,115.6302777499998
3495,178.56
3496,178.56
3497,32.57181114999999
3498,33.4764464
3499,33.6829116
3500,34.16281815000001
3501,35.70327134999999
3502,35.64353695
3503,36.42867500000001
3504,37.3363167
3505,36.87794335
3506,36.3271682
3507,36.2940535
3508,35.74940185
3509,36.04654315000001
3510,36.2457749
3511,34.77309015
3512,34.66411155
3513,178.56
3514,178.56
3515,178.56
3516,178.56
3517,34.76977864999999
3518,39.1287990500003
3519,178.56
3520,178.56
3521,38.9641134
3522,37.07034845
3523,35.70436315000001
3524,38.4394898
3525,38.1273049
3526,37.19433480000001
3527,35.92144655
3528,37.27772359999999
3529,36.33533145
3530,39.18610469999999
3531,37.80684644999999
3532,37.52465545
3533,37.40018485
3534,36.85497340000001
3535,36.97444715
3536,36.78249194999999
3537,178.56
3538,178.56
3539,178.56
3540,178.56
3541,35.2771167
3542,79.87001580000039
3543,178.56
3544,178.56
3545,38.81420175
3546,38.07567525000001
3547,39.6821102
3548,39.53664815
3549,38.3360483
3550,38.64479505
3551,38.6512618
3552,39.31739859999999
3553,39.6198762
3554,40.34405649999999
3555,40.40350739999999
3556,41.36149199999999
3557,40.80899330000001
3558,39.9194268
3559,37.7557403
3560,36.06895845
3561,104.3003380999997
3562,178.56
3563,178.56
3564,178.56
3565,37.54394145000001
3566,36.89486315
3567,178.56
3568,178.56
3569,178.56
3570,37.99680545
3571,38.21498475
3572,38.21527295
3573,36.68905515
3574,37.8770135
3575,38.57255680000001
3576,39.15159185
3577,39.74721995000001
3578,40.61104545000001
3579,40.7190785
3580,41.1130199
3581,41.18385545
3582,40.35662214999999
3583,40.14041169999998
3584,37.87458974999998
3585,140.2798565000002
3586,178.56
3587,178.56
3588,178.56
3589,37.89650985
3590,38.93701369999999
3591,178.56
3592,178.56
3593,178.56
3594,40.7099187
3595,40.31501285
3596,40.28886519999999
3597,39.92789464999998
3598,39.8345184
3599,39.3648867
3600,39.7507616
3601,40.34292544999998
3602,41.14733120000001
3603,41.25243140000001
3604,40.05276660000001
3605,39.45419634999999
3606,39.42380325000001
3607,38.98434800000001
3608,37.44610310000001
3609,178.56
3610,178.56
3611,178.56
3612,178.56
3613,39.95400525
3614,61.09365190000043
3615,178.56
3616,178.56
3617,178.56
3618,43.59277955
3619,42.42398784999999
3620,43.31646815
3621,43.58009714999999
3622,43.63182815
3623,42.73261004999999
3624,42.1419235
3625,41.2575016
3626,40.9070548
3627,39.71780325
3628,38.47461540000002
3629,38.00441505000001
3630,36.97443309999999
3631,37.16661635000001
3632,37.02874490000001
3633,109.2635775500007
3634,178.56
3635,178.56
3636,178.56
3637,38.17275705
3638,38.44696375
3639,178.56
3640,178.56
3641,178.56
3642,38.28260335
3643,37.91639020000001
3644,38.06798324999999
3645,37.82830645
3646,38.1895416
3647,37.77941955000001
3648,37.1917584
3649,37.9014386
3650,37.78098340000001
3651,36.56344295
3652,35.39457855000001
3653,36.19652815000001
3654,35.61421040000001
3655,35.60949325
3656,35.2599269
3657,79.77882635000017
3658,178.56
3659,178.56
3660,178.56
3661,35.49482455
3662,36.82534304999999
3663,178.56
3664,178.56
3665,178.56
3666,41.18841834999999
3667,41.3209083
3668,40.94461174999998
3669,40.05412004999999
3670,39.33416545
3671,39.7050432
3672,39.81905385
3673,40.16413825000001
3674,39.13446024999998
3675,38.69311645000001
3676,38.24898675
3677,37.85591515
3678,37.7638118
3679,37.4792181
3680,36.9204506
3681,178.56
3682,178.56
3683,178.56
3684,178.56
3685,43.55540515
3686,155.7364105499997
3687,178.56
3688,178.56
3689,40.52935865000001
3690,40.38932360000001
3691,40.1578782
3692,40.54267139999999
3693,38.7101034
3694,38.55177150000001
3695,38.7757455
3696,39.1101587
3697,38.35694834999999
3698,38.46474329999999
3699,39.48808679999999
3700,40.08310810000001
3701,39.95664025000001
3702,39.6529152
3703,39.72481304999999
3704,39.26530134999999
3705,140.1392909500003
3706,178.56
3707,178.56
3708,178.56
3709,37.6443345
3710,37.2139368
3711,178.56
3712,178.56
3713,178.56
3714,40.67079485
3715,41.09102650000001
3716,40.67228800000001
3717,40.36509045
3718,40.3858936
3719,40.70604345
3720,40.4405902
3721,40.27787825
3722,40.67385504999999
3723,41.35051505
3724,41.51776510000001
3725,40.96550515000001
3726,40.54173309999999
3727,40.50927835
3728,38.64690014999999
3729,46.5302757400006
3730,178.56
3731,178.56
3732,178.56
3733,41.3156211
3734,178.56
3735,178.56
3736,178.56
3737,178.56
3738,39.5711801
3739,39.06878641500001
3740,40.39239335000001
3741,40.49949150000002
3742,40.70526035
3743,41.3792619
3744,41.127961925
3745,40.74869619999999
3746,40.1985448325
3747,39.91706835
3748,39.62523300000001
3749,37.5999267825
3750,37.11745140000001
3751,36.5389935
3752,33.461004905
3753,20.04879161
3754,178.56
3755,178.56
3756,143.0559583680002
3757,18.97914999999999
3758,17.996973358
3759,178.56
3760,178.56
3761,32.35661476999999
3762,32.23353835
3763,32.227905
3764,32.244015
3765,32.2378866
3766,32.20977665
3767,32.3132267
3768,32.52167165
3769,32.26802675
3770,32.23636
3771,32.27109650000001
3772,32.28357665
3773,32.30834
3774,32.31580495000001
3775,32.36783
3776,32.41540000000001
3777,89.56037405000038
3778,178.56
3779,178.56
3780,178.56
3781,38.54114665
3782,37.98945505
3783,178.56
3784,178.56
3785,178.56
3786,40.0180002
3787,43.3025949
3788,44.49861979999999
3789,45.63819635
3790,41.86766640000001
3791,41.89292495000001
3792,41.75587820000001
3793,41.48697980000001
3794,41.5795216
3795,41.72599995
3796,41.43036965
3797,41.64695475
3798,40.85209794999999
3799,39.55354379999999
3800,39.66452875
3801,168.5082725
3802,178.56
3803,178.56
3804,178.56
3805,39.28623175000001
3806,39.0051401
3807,178.56
3808,178.56
3809,178.56
3810,39.64022340000001
3811,40.27401955
3812,40.84302649999999
3813,40.6413553
3814,41.02169290000001
3815,40.41256325
3816,40.9888666
3817,40.62644995
3818,40.17520674999999
3819,40.04008510000001
3820,40.12934509999998
3821,39.4711552
3822,38.87763449999999
3823,38.82521449999999
3824,38.3844216
3825,151.2990493000002
3826,178.56
3827,178.56
3828,178.56
3829,39.24204855000001
3830,39.3581301
3831,178.56
3832,178.56
3833,178.56
3834,39.76571474999999
3835,40.30091505
3836,39.71933985
3837,40.1854234
3838,40.0288334
3839,40.17182865000001
3840,40.08274145000001
3841,39.77769010000002
3842,39.28878975
3843,38.52353315000001
3844,38.98257665000001
3845,39.18484290000001
3846,38.4186231
3847,39.15417015
3848,38.72694355000001
3849,91.50411039999986
3850,178.56
3851,178.56
3852,178.56
3853,35.4354062
3854,35.6008599
3855,178.56
3856,178.56
3857,178.56
3858,36.8452518
3859,36.91086160000001
3860,36.77775645000001
3861,36.75118615
3862,36.8888103
3863,37.41411034999999
3864,38.2308919
3865,37.84874865
3866,38.06689165
3867,38.00548825
3868,38.40757055
3869,38.24945824999999
3870,38.0619301
3871,38.05494040000001
3872,38.0619933
3873,45.0491148499996
3874,178.56
3875,178.56
3876,178.56
3877,35.41172
3878,35.49278515
3879,178.56
3880,178.56
3881,178.56
3882,34.47625535
3883,34.45139014999999
3884,34.28732005000001
3885,34.27112655000001
3886,34.3155065
3887,34.57068345
3888,35.5296397
3889,34.9154881
3890,34.36473165
3891,34.3393165
3892,34.14200795
3893,34.0616669
3894,33.92787365
3895,34.06956635
3896,34.2587072
3897,34.09293125000001
3898,178.56
3899,178.56
3900,178.56
3901,34.25100025
3902,140.3286898999999
3903,178.56
3904,178.56
3905,34.7749838
3906,34.9418298
3907,34.79358195
3908,34.69252335000001
3909,34.94812164999999
3910,35.2086698
3911,35.15064
3912,36.18459814999999
3913,35.7627631
3914,35.01952489999999
3915,34.57962990000001
3916,34.5154767
3917,34.43759214999999
3918,34.23235345000001
3919,33.91637325000001
3920,34.0378264
3921,34.5163216
3922,178.56
3923,178.56
3924,178.56
3925,35.5016266
3926,35.15844005
3927,178.56
3928,178.56
3929,167.8206067499996
3930,36.89779445
3931,37.04964515
3932,36.3531933
3933,36.54917189999999
3934,36.538442
3935,36.02930150000001
3936,36.28552304999999
3937,36.05552829999999
3938,36.05387349999999
3939,35.63178009999999
3940,35.37747349999999
3941,35.30415325
3942,34.5831979
3943,34.2894022
3944,34.5754516
3945,176.2324187500005
3946,178.56
3947,178.56
3948,178.56
3949,37.00935980000001
3950,37.09852815
3951,178.56
3952,178.56
3953,36.2567933
3954,35.86614195
3955,35.6292517
3956,35.8851249
3957,35.45250775
3958,35.23472145
3959,35.41693154999999
3960,35.86570835
3961,35.4554418
3962,35.63900845
3963,35.53554800000001
3964,35.1921965
3965,35.0927149
3966,35.33834839999999
3967,35.0963432
3968,35.15614184999999
3969,34.87033849999999
3970,178.56
3971,178.56
3972,178.56
3973,34.57335500000001
3974,34.27570859999999
3975,178.56
3976,178.56
3977,148.4485070999999
3978,34.41859669999999
3979,34.34751335000001
3980,34.46071635000001
3981,34.47380175
3982,34.4830182
3983,34.23395485
3984,34.67446330000001
3985,33.5990818
3986,33.5742533
3987,33.60862324999999
3988,33.5909266
3989,33.61158289999999
3990,33.78791650000001
3991,33.80490655
3992,33.8278737
3993,33.7384382
3994,178.56
3995,178.56
3996,178.56
3997,34.42183025
3998,34.42732540000001
3999,178.56
4000,178.56
4001,139.8241960000001
4002,34.99769155
4003,35.2381101
4004,35.44686685
4005,35.63954525
4006,35.54341785
4007,36.64321165
4008,36.6659035
4009,36.62310975
4010,36.17377395000001
4011,36.89159174999999
4012,36.3043518
4013,35.53827
4014,35.252255
4015,35.25914340000001
4016,34.87842805
4017,34.96233545
4018,178.56
4019,178.56
4020,178.56
4021,34.58734329999999
4022,160.1609921000005
4023,178.56
4024,178.56
4025,35.7527367
4026,35.26216825
4027,35.00942025000001
4028,33.9083519
4029,34.0172833
4030,34.05750150000001
4031,34.1122582
4032,34.48482335
4033,33.35334155
4034,33.28948215
4035,33.74115494999999
4036,33.95959140000001
4037,34.0006168
4038,33.7751202
4039,33.68793975
4040,33.3736652
4041,33.37443015000001
4042,178.56
4043,178.56
4044,178.56
4045,33.23568155
4046,147.5191113500007
4047,178.56
4048,178.56
4049,37.8375481
4050,37.9700018
4051,37.0388646
4052,36.96787310000001
4053,37.2159369
4054,34.53427820000001
4055,34.04491994999999
4056,33.61956319999999
4057,32.95994519999999
4058,33.84925315
4059,34.35194865
4060,34.2089798
4061,34.3917032
4062,33.87637545
4063,34.22992834999999
4064,34.37959634999999
4065,34.42353665
4066,178.56
4067,178.56
4068,178.56
4069,34.3390367
4070,165.6942853000005
4071,178.56
4072,178.56
4073,36.98950295000001
4074,37.28600355
4075,36.95179975
4076,36.5528617
4077,37.16553795000001
4078,37.05303940000001
4079,37.60673880000002
4080,39.32328320000001
4081,38.6802381
4082,39.1460835
4083,39.5207934
4084,39.96210809999999
4085,39.64279154999999
4086,39.55521619999999
4087,38.57360849999999
4088,37.61594334999999
4089,178.56
4090,178.56
4091,178.56
4092,178.56
4093,37.22717815000001
4094,121.60175655
4095,178.56
4096,178.56
4097,38.81898690000001
4098,39.81189704999999
4099,40.46177179999999
4100,40.18278789999998
4101,39.50973025
4102,38.97957970000001
4103,39.29864819999999
4104,40.07430850000001
4105,39.34053185
4106,39.11088335
4107,38.84719024999999
4108,38.78131334999999
4109,38.54125165000001
4110,38.47133174999999
4111,38.64144144999998
4112,38.70950845000001
4113,178.56
4114,178.56
4115,178.56
4116,178.56
4117,38.9087119
4118,116.6314461500003
4119,178.56
4120,178.56
4121,36.4308315
4122,37.0161913
4123,37.42008855
4124,37.60143650000001
4125,37.61926975
4126,36.5355633
4127,37.31239715
4128,37.98538980000001
4129,37.67483820000001
4130,38.17782649999999
4131,38.21573589999999
4132,38.04068324999999
4133,37.87743830000001
4134,37.71682335000002
4135,37.34036149999999
4136,37.1718001
4137,178.56
4138,178.56
4139,178.56
4140,178.56
4141,39.4159216
4142,116.7135792500003
4143,178.56
4144,178.56
4145,38.43736009999999
4146,38.33444959999999
4147,38.2818286
4148,38.52967140000001
4149,38.49809665
4150,38.4260968
4151,38.22224355
4152,37.89192635
4153,37.70374970000001
4154,37.72853154999999
4155,37.69101655
4156,37.3552001
4157,36.4785868
4158,36.52442309999999
4159,36.17672645000001
4160,35.83418175
4161,178.56
4162,178.56
4163,178.56
4164,178.56
4165,36.71683355
4166,86.88014645
4167,178.56
4168,178.56
4169,38.30968655000001
4170,38.68029005
4171,38.20006135000001
4172,38.4020897
4173,38.12422489999999
4174,39.25733029999999
4175,39.25022970000001
4176,40.05520474999999
4177,39.70662975
4178,39.81086875
4179,40.3192833
4180,40.08704964999999
4181,39.91509665000001
4182,38.9747832
4183,38.69990669999999
4184,38.63832005000002
4185,157.24036615
4186,178.56
4187,178.56
4188,178.56
4189,39.94683649999999
4190,39.62194710000001
4191,178.56
4192,178.56
4193,178.56
4194,40.0923418
4195,39.8984432
4196,39.80953984999999
4197,39.43797319999999
4198,39.3911634
4199,40.04507170000001
4200,40.51549985
4201,40.45508795
4202,40.39231000000001
4203,40.11923009999999
4204,39.94911
4205,39.8935918
4206,39.9210769
4207,39.6463463
4208,39.37365199999999
4209,168.8650379000002
4210,178.56
4211,178.56
4212,178.56
4213,40.1317836
4214,39.6032826
4215,178.56
4216,178.56
4217,178.56
4218,40.03512325000001
4219,38.9878449
4220,37.9765182
4221,38.5657102
4222,39.6045632
4223,39.66300554999999
4224,39.45627354999999
4225,39.571532
4226,38.62103494999999
4227,38.03381385000001
4228,37.71546845
4229,37.7608929
4230,37.5208583
4231,37.44818015000001
4232,37.03804
4233,178.56
4234,178.56
4235,178.56
4236,178.56
4237,36.83909815000001
4238,80.88419324999992
4239,178.56
4240,178.56
4241,37.11684645
4242,37.1305732
4243,36.97664165
4244,36.62492985
4245,36.80701195
4246,36.04006815
4247,35.11727315
4248,36.1083684
4249,36.51613515000001
4250,36.66318165
4251,36.61943335
4252,36.61178335
4253,36.59177665
4254,36.7744717
4255,36.634125
4256,36.653755
4257,178.56
4258,178.56
4259,178.56
4260,178.56
4261,36.73021665
4262,72.44404234999968
4263,178.56
4264,178.56
4265,36.8652033
4266,36.95967
4267,37.16356835
4268,36.85297835
4269,37.71150525000001
4270,37.7987855
4271,38.0376998
4272,38.37508330000001
4273,38.24989985
4274,38.2037136
4275,37.74451345
4276,37.37289144999999
4277,37.47250960000001
4278,37.34460175000001
4279,37.37499369999999
4280,37.64727525
4281,125.1531683500003
4282,178.56
4283,178.56
4284,178.56
4285,38.91188295000001
4286,39.62658465000001
4287,178.56
4288,178.56
4289,178.56
4290,38.0041752
4291,38.91132139999999
4292,38.4594183
4293,39.19789845
4294,40.04074980000001
4295,41.30844005
4296,41.4114867
4297,40.3280932
4298,40.08163315
4299,39.85656844999999
4300,40.13270015
4301,39.6797148
4302,40.0726569
4303,39.99865810000001
4304,40.2142535
4305,178.56
4306,178.56
4307,178.56
4308,178.56
4309,40.32208314999999
4310,163.4597664500006
4311,178.56
4312,178.56
4313,39.44332854999999
4314,38.79995145000002
4315,39.50462484999999
4316,39.13525815
4317,38.10607495000001
4318,37.77770185
4319,37.9002
4320,37.61604685
4321,37.40601635
4322,37.0133299
4323,37.0115103
4324,37.09228169999999
4325,37.05368470000001
4326,36.97558850000001
4327,36.88681265
4328,36.63303854999999
4329,178.56
4330,178.56
4331,178.56
4332,178.56
4333,38.42452844999999
4334,112.7675855500003
4335,178.56
4336,178.56
4337,37.95854870000002
4338,38.2370082
4339,38.6634735
4340,39.66375369999999
4341,39.59507194999999
4342,40.10927965
4343,40.6036147
4344,41.41390675000001
4345,40.33846989999999
4346,39.49969705
4347,38.25425355000001
4348,38.4202015
4349,38.18017695
4350,38.2009335
4351,37.8927816
4352,37.8040431
4353,134.5923240000002
4354,178.56
4355,178.56
4356,178.56
4357,38.30329004999999
4358,38.30744655
4359,178.56
4360,178.56
4361,178.56
4362,40.589487
4363,40.98364814999999
4364,40.50833340000001
4365,40.53151985
4366,39.30483150000001
4367,38.9836269
4368,38.40872475
4369,37.9724978
4370,38.29915630000001
4371,38.80839640000001
4372,38.21202705
4373,37.90624005000002
4374,36.25681165
4375,35.13907865
4376,35.00291194999999
4377,35.14354144999999
4378,178.56
4379,178.56
4380,178.56
4381,38.71542360000002
4382,178.56
4383,178.56
4384,178.56
4385,89.0390622500002
4386,38.4912003
4387,38.16601644999999
4388,36.33977305
4389,36.21838345
4390,35.9070598
4391,35.66206690000001
4392,35.813202
4393,35.92948679999999
4394,36.18682680000001
4395,35.6531198
4396,36.14543794999999
4397,35.5971018
4398,35.82852654999999
4399,35.39572649999999
4400,35.48925855
4401,35.27985
4402,178.56
4403,178.56
4404,178.56
4405,35.34385
4406,171.88618475
4407,178.56
4408,178.56
4409,35.40785
4410,35.42385
4411,35.43985
4412,35.45585
4413,35.47185
4414,35.48785
4415,35.50385
4416,35.51985
4417,35.16385
4418,35.17985
4419,35.19585
4420,35.21185
4421,35.22785
4422,35.23185
4423,35.24785
4424,35.26385
4425,35.27985
4426,178.56
4427,178.56
4428,178.56
4429,35.34385
4430,35.35985
4431,178.56
4432,178.56
4433,167.4315000000003
4434,35.42385
4435,35.43985
4436,35.45585
4437,35.47185
4438,35.48785
4439,35.50385
4440,35.51985
4441,35.16385
4442,35.17985
4443,35.19585
4444,35.21185
4445,35.22785
4446,35.23185
4447,35.24785
4448,35.26385
4449,35.27985
4450,178.56
4451,178.56
4452,178.56
4453,35.34385
4454,167.3835000000004
4455,178.56
4456,178.56
4457,35.40785
4458,35.42385
4459,35.43985
4460,35.45585
4461,35.47185
4462,35.48785
4463,35.50385
4464,35.51985
4465,35.16385
4466,35.17985
4467,35.19585
4468,35.21185
4469,35.22785
4470,35.23185
4471,35.24785
4472,35.26385
4473,35.27985
4474,178.56
4475,178.56
4476,178.56
4477,35.34385
4478,167.3835000000004
4479,178.56
4480,178.56
4481,35.40785
4482,35.42385
4483,35.43985
4484,35.45585
4485,35.47185
4486,35.48785
4487,35.50385
4488,35.51985
4489,35.16385
4490,35.17985
4491,35.19585
4492,35.21185
4493,35.22785
4494,35.23185
4495,35.24785
4496,35.26385
4497,35.27985
4498,178.56
4499,178.56
4500,178.56
4501,35.34385
4502,167.9035799000008
4503,178.56
4504,178.56
4505,35.5465784
4506,35.56047
4507,35.54875
4508,35.4856233
4509,35.46504835
4510,35.44669165
4511,35.42937999999999
4512,35.463805
4513,35.116165
4514,35.15576005
4515,35.315915
4516,35.14251335
4517,35.15713835
4518,35.16992
4519,35.1773217
4520,35.1955033
4521,178.56
4522,178.56
4523,178.56
4524,178.56
4525,38.72235325
4526,80.57876206000097
4527,178.56
4528,178.56
4529,38.72983130000001
4530,37.95392329999999
4531,38.66006285
4532,38.60280325000001
4533,37.77316005000001
4534,36.85461819999999
4535,36.93346535
4536,37.396193
4537,37.67852369999999
4538,38.21348515
4539,37.92722319999999
4540,37.90950809999999
4541,38.3240014
4542,38.2730383
4543,38.00734669999999
4544,37.8995966
4545,178.56
4546,178.56
4547,178.56
4548,178.56
4549,40.46207664999998
4550,127.4160309499999
4551,178.56
4552,178.56
4553,40.90136015
4554,40.60776529999999
4555,39.5836229
4556,39.14369115
4557,37.62502659999999
4558,37.65206985
4559,38.11009855
4560,38.26434985
4561,35.9200446
4562,35.2217971
4563,35.2361471
4564,35.83269044999999
4565,35.50783700000001
4566,35.28534715
4567,35.03063675
4568,35.1550968
4569,178.56
4570,178.56
4571,178.56
4572,178.56
4573,39.81355319999999
4574,88.34527360000067
4575,178.56
4576,178.56
4577,39.5359648
4578,39.50274174999999
4579,40.18502995000001
4580,39.31278035000001
4581,39.09372774999999
4582,38.20034025000001
4583,37.92097145000001
4584,37.78293485
4585,37.19575175000001
4586,38.37646804999999
4587,37.99331510000001
4588,37.96689195
4589,37.1766099
4590,36.44087794999999
4591,35.69478024999999
4592,35.17036839999999
4593,178.56
4594,178.56
4595,178.56
4596,178.56
4597,40.2008452
4598,98.5371814000001
4599,178.56
4600,178.56
4601,38.31157759999999
4602,38.1946585
4603,38.2382135
4604,38.1469087
4605,37.83653855
4606,37.36993140000001
4607,37.88006990000001
4608,37.66670209999999
4609,36.7683468
4610,36.34806814999999
4611,36.1133422
4612,35.70782165000001
4613,35.49227155
4614,35.32599135
4615,34.82871285
4616,33.0234618
4617,33.79167875
4618,178.56
4619,178.56
4620,178.56
4621,36.18322389999999
4622,36.15639695000001
4623,178.56
4624,178.56
4625,166.5215468999996
4626,35.07238150000001
4627,34.79603830000001
4628,35.53066885
4629,34.8237852
4630,34.95720994999999
4631,34.556512
4632,34.69668315
4633,34.12339655
4634,34.0614433
4635,33.9124249
4636,34.1192382
4637,34.28302325
4638,34.06414525
4639,34.12599695
4640,34.23852165
4641,34.54785485
4642,178.56
4643,178.56
4644,178.56
4645,35.13882855
4646,156.2343952500003
4647,178.56
4648,178.56
4649,35.91797475000001
4650,36.07932195
4651,35.8926283
4652,35.68334845
4653,35.55447835
4654,35.5453798
4655,35.46546025000001
4656,34.03341995
4657,33.3057116
4658,33.4267432
4659,33.50654355
4660,33.30258039999999
4661,33.20482155
4662,33.2013234
4663,32.99367525
4664,33.4060418
4665,32.44866995
4666,178.56
4667,178.56
4668,178.56
4669,34.1347484
4670,34.7713499
4671,178.56
4672,178.56
4673,127.5522462999999
4674,35.02660305
4675,35.00612055
4676,34.84925505
4677,35.06934139999999
4678,34.63672505000001
4679,34.3966084
4680,34.11667159999999
4681,34.62408010000001
4682,34.6770399
4683,35.00197525
4684,33.60458515000001
4685,33.7259099
4686,32.0806987
4687,32.09881965000001
4688,31.88117495000001
4689,32.27182995
4690,178.56
4691,178.56
4692,178.56
4693,33.78225495000001
4694,34.16319319999999
4695,178.56
4696,178.56
4697,124.3209276500003
4698,35.47965180000001
4699,34.06692985
4700,34.9772805
4701,34.6525867
4702,34.89410035
4703,33.80032325000001
4704,33.8641318
4705,44.16872225000001
4706,44.5667885
4707,45.10153015000001
4708,44.186728
4709,43.4733551
4710,44.05704664999999
4711,44.2158634
4712,44.18903645
4713,145.8813747500005
4714,178.56
4715,178.56
4716,178.56
4717,42.72043825000001
4718,178.56
4719,178.56
4720,178.56
4721,178.56
4722,42.79246315
4723,43.61012555
4724,43.68128985000001
4725,43.41752330000001
4726,42.43274325
4727,44.45527155000001
4728,45.86812485000001
4729,45.40543345
4730,44.8554098
4731,45.13363215
4732,44.41620595
4733,44.6210214
4734,44.36152689999999
4735,43.69301485
4736,44.6897568
4737,178.56
4738,178.56
4739,178.56
4740,178.56
4741,43.58525855000001
4742,130.4475880500005
4743,178.56
4744,178.56
4745,178.56
4746,41.82374820000001
4747,41.34142990000001
4748,40.94812045
4749,40.76544195
4750,40.2919968
4751,41.05783
4752,41.33176180000001
4753,41.65302145
4754,42.20644504999999
4755,42.5209482
4756,42.55480505000001
4757,42.59309845000001
4758,43.00256885000001
4759,42.91520505
4760,42.6027084
4761,178.56
4762,178.56
4763,178.56
4764,178.56
4765,42.07422494999999
4766,106.1522938000003
4767,178.56
4768,178.56
4769,178.56
4770,42.23454395
4771,42.85723025000001
4772,42.81428869999999
4773,42.7488882
4774,42.89373499999999
4775,43.33769040000001
4776,43.25140864999999
4777,42.93186295
4778,42.39573699999999
4779,42.07176275000001
4780,42.19785469999999
4781,42.46918359999999
4782,42.0385836
4783,41.413082
4784,40.6506297
4785,87.75314455000043
4786,178.56
4787,178.56
4788,178.56
4789,41.54732495
4790,178.56
4791,178.56
4792,178.56
4793,178.56
4794,42.59369345
4795,43.38579834999999
4796,43.18216469999999
4797,42.61379035
4798,43.0712386
4799,42.7282351
4800,42.73816634999999
4801,41.62909705000002
4802,41.77293504999999
4803,41.38638975
4804,41.24752865000001
4805,42.02140965000001
4806,41.70302855000001
4807,41.9192279
4808,42.53245505000001
4809,178.56
4810,178.56
4811,178.56
4812,178.56
4813,43.67070995
4814,126.8534125000005
4815,178.56
4816,178.56
4817,178.56
4818,42.50987345
4819,42.59185480000001
4820,42.81197855000001
4821,43.12771055000001
4822,42.86951709999999
4823,43.01929470000001
4824,43.78905164999998
4825,44.64954965000001
4826,44.49362009999999
4827,44.76837614999999
4828,43.7776197
4829,43.63916184999999
4830,43.0637646
4831,42.81354695
4832,42.95762330000001
4833,178.56
4834,178.56
4835,178.56
4836,178.56
4837,43.75766485
4838,166.4521277999996
4839,178.56
4840,178.56
4841,178.56
4842,44.98927309999999
4843,44.82621125000001
4844,45.02306985000001
4845,45.69060025000001
4846,45.62470515
4847,45.64598504999998
4848,43.8011149
4849,43.38097489999998
4850,43.85838815000001
4851,43.151065
4852,43.64673815
4853,44.21757804999999
4854,44.60591014999999
4855,44.53000450000001
4856,45.4535235
4857,178.56
4858,178.56
4859,178.56
4860,178.56
4861,44.55406514999999
4862,173.4730234500001
4863,178.56
4864,178.56
4865,178.56
4866,43.77553305000001
4867,43.7091616
4868,43.1840538
4869,42.39270795
4870,43.06617849999999
4871,42.80976304999999
4872,42.95642534999999
4873,42.70266025000001
4874,43.61879019999999
4875,44.21641544999999
4876,44.21749145
4877,44.1055438
4878,43.87175105
4879,42.41400805000001
4880,42.30283035
4881,178.56
4882,178.56
4883,178.56
4884,178.56
4885,43.98063509999999
4886,156.1769382500001
4887,178.56
4888,178.56
4889,178.56
4890,42.23831985
4891,44.28391129999999
4892,44.4062817
4893,44.62396685
4894,45.36316099999998
4895,45.22294360000001
4896,44.86432015
4897,43.8493004
4898,44.97235889999999
4899,43.8055832
4900,43.67957355
4901,43.5269805
4902,43.1308466
4903,42.5351917
4904,42.32728665
4905,102.947681300001
4906,178.56
4907,178.56
4908,178.56
4909,41.8232233
4910,178.56
4911,178.56
4912,178.56
4913,178.56
4914,42.93476635
4915,41.9431484
4916,41.80371865000001
4917,41.1141783
4918,41.5189735
4919,42.01849645
4920,42.45827134999998
4921,42.1054334
4922,42.00840809999999
4923,42.2049735
4924,41.7748132
4925,41.66638495
4926,41.32241035
4927,41.410387
4928,41.07933664999999
4929,178.56
4930,178.56
4931,178.56
4932,178.56
4933,43.2931903
4934,94.24006470000043
4935,178.56
4936,178.56
4937,178.56
4938,41.08244015
4939,41.46444665
4940,40.23821669999999
4941,39.70342824999999
4942,40.51111674999999
4943,40.77676175
4944,41.8518412
4945,42.29800695000001
4946,42.5633762
4947,42.38500710000001
4948,41.883365
4949,41.07849015000001
4950,40.97466295
4951,40.32813385
4952,39.68297795000001
4953,178.56
4954,178.56
4955,178.56
4956,178.56
4957,38.6910653
4958,156.7615300500005
4959,178.56
4960,178.56
4961,39.96933729999999
4962,39.70249
4963,39.4891402
4964,40.04701835000001
4965,40.1678118
4966,39.74175835
4967,39.083587
4968,39.1843603
4969,38.65346835
4970,38.4932116
4971,38.4176733
4972,38.27043354999999
4973,38.31528985000001
4974,38.12865194999999
4975,37.13719835
4976,36.85535520000001
4977,178.56
4978,178.56
4979,178.56
4980,178.56
4981,38.07086685
4982,97.29844390000008
4983,178.56
4984,178.56
4985,37.3034313
4986,36.7853268
4987,36.37683665
4988,37.22625164999999
4989,37.10220344999999
4990,37.4135903
4991,37.47276535
4992,38.8098283
4993,38.61951540000002
4994,38.6753536
4995,38.28371174999999
4996,38.39310145000001
4997,38.42829624999999
4998,38.38201850000002
4999,37.9505565
5000,37.1513281
5001,130.1537396500005
5002,178.56
5003,178.56
5004,178.56
5005,36.86227825
5006,39.92031
5007,178.56
5008,178.56
5009,178.56
5010,40.55132385000001
5011,39.64776019999999
5012,39.34069
5013,39.95778469999999
5014,40.28510315
5015,41.21760484999999
5016,42.0098931
5017,41.69418004999999
5018,39.61229654999999
5019,38.49617675
5020,37.96962015
5021,37.30813005
5022,37.29494385000001
5023,37.08436159999999
5024,36.87231350000001
5025,178.56
5026,178.56
5027,178.56
5028,178.56
5029,38.83536655
5030,118.5294135500005
5031,178.56
5032,178.56
5033,40.17630144999999
5034,39.43949835
5035,39.77173015000001
5036,40.05510354999999
5037,38.08910495
5038,38.798948
5039,40.52596185
5040,40.29169320000001
5041,40.89801814999998
5042,41.40454465000001
5043,41.7965252
5044,42.59898865
5045,40.1328567
5046,40.1371049
5047,38.7014896
5048,37.7786397
5049,178.56
5050,178.56
5051,178.56
5052,178.56
5053,37.67330870000001
5054,139.9591367500009
5055,178.56
5056,178.56
5057,39.98066675
5058,38.4752385
5059,38.32112355000001
5060,38.22378645000001
5061,37.31010360000001
5062,38.1564569
5063,39.49907525
5064,40.25396330000001
5065,39.68739499999999
5066,39.70048030000001
5067,38.9468467
5068,38.60272429999999
5069,38.06907275
5070,37.64268994999999
5071,37.50544140000001
5072,36.2305734
5073,178.56
5074,178.56
5075,178.56
5076,178.56
5077,38.84918995000001
5078,130.7304296000003
5079,178.56
5080,178.56
5081,39.90859820000001
5082,38.14641159999999
5083,39.39182649999999
5084,39.90741
5085,40.19837325
5086,41.71103355
5087,41.36137495
5088,39.6796905
5089,41.19899689999999
5090,43.28250224999999
5091,43.17000305000001
5092,43.54823305000001
5093,43.1307417
5094,43.70262679999999
5095,41.7106313
5096,40.7462384
5097,178.56
5098,178.56
5099,178.56
5100,178.56
5101,41.94451634999999
5102,102.4452730000004
5103,178.56
5104,178.56
5105,178.56
5106,43.40292700000001
5107,43.60444175000001
5108,43.93111870000001
5109,43.86084169999999
5110,43.99815319999998
5111,43.32172185
5112,45.3217733
5113,44.56061505000001
5114,45.0137545
5115,44.1301199
5116,43.51785485
5117,44.3969521
5118,43.2890994
5119,41.6403604
5120,41.5035697
5121,178.56
5122,178.56
5123,178.56
5124,178.56
5125,43.39671859999999
5126,134.8770839000002
5127,178.56
5128,178.56
5129,178.56
5130,42.26426110000001
5131,44.20137515
5132,43.95601469999999
5133,44.21568325
5134,43.84688514999998
5135,44.38334974999999
5136,44.39863519999999
5137,44.64087829999999
5138,45.37706665
5139,46.15853785
5140,45.21123190000001
5141,44.96788805
5142,44.14150825
5143,43.44520325
5144,43.26509165
5145,143.2917388000002
5146,178.56
5147,178.56
5148,178.56
5149,44.14739539999999
5150,178.56
5151,178.56
5152,178.56
5153,178.56
5154,41.60974349999999
5155,41.3379103
5156,42.61659965
5157,44.23370545
5158,43.98377985
5159,43.8817683
5160,43.97405335000001
5161,43.47132135
5162,44.20395320000001
5163,44.89738825
5164,44.02372655000001
5165,43.49718825
5166,43.03204785
5167,42.39308995000001
5168,41.62116039999999
5169,138.8299379500004
5170,178.56
5171,178.56
5172,178.56
5173,42.43570404999998
5174,178.56
5175,178.56
5176,178.56
5177,178.56
5178,44.25285975000001
5179,43.66085335
5180,43.87349665000001
5181,44.3028584
5182,44.31774015
5183,44.5058528
5184,44.9298615
5185,43.37956345000001
5186,43.91201325
5187,44.00200694999999
5188,42.6511098
5189,41.81259385000001
5190,41.82179165
5191,41.89776025
5192,42.14019535
5193,56.91640342900006
5194,178.56
5195,178.56
5196,178.56
5197,39.09538845000001
5198,178.56
5199,178.56
5200,178.56
5201,178.56
5202,39.9237
5203,39.93969999999999
5204,39.9557
5205,39.9717
5206,39.9877
5207,40.00369999999999
5208,40.0197
5209,39.6517
5210,39.6677
5211,39.68369999999999
5212,39.6997
5213,39.7157
5214,39.7317
5215,39.74769999999999
5216,39.7637
5217,154.8173162000009
5218,178.56
5219,178.56
5220,178.56
5221,39.34373144999999
5222,39.20202815
5223,178.56
5224,178.56
5225,178.56
5226,39.1811997
5227,39.0601405
5228,39.64143
5229,41.73919835000001
5230,41.88164285000001
5231,43.18378179999999
5232,43.81700979999999
5233,43.25979189999999
5234,43.9661151
5235,44.1450069
5236,41.45561129999999
5237,40.61661835
5238,40.16165335000001
5239,38.22354004999999
5240,37.82524315
5241,48.30277795000026
5242,178.56
5243,178.56
5244,178.56
5245,38.8130737
5246,178.56
5247,178.56
5248,178.56
5249,178.56
5250,40.28523379999999
5251,40.29648499999999
5252,40.5180751
5253,42.49640209999999
5254,44.34060170000001
5255,44.77318989999999
5256,43.39330845
5257,43.00444544999999
5258,45.73293535
5259,46.69132364999998
5260,44.86876465
5261,43.80190649999999
5262,43.69080170000002
5263,43.4701913
5264,43.13950759999999
5265,160.7155946500008
5266,178.56
5267,178.56
5268,178.56
5269,44.90078515000001
5270,178.56
5271,178.56
5272,178.56
5273,178.56
5274,42.61609614999999
5275,47.08220195000001
5276,47.13932350000001
5277,46.2528649
5278,46.99774335
5279,46.84254695
5280,46.9033535
5281,48.29881855000002
5282,48.08161815000001
5283,48.12068165
5284,47.4121485
5285,46.4600016
5286,45.93601215
5287,45.47239365
5288,45.3912269
5289,178.56
5290,178.56
5291,178.56
5292,178.56
5293,47.7797966
5294,178.56
5295,178.56
5296,178.56
5297,178.56
5298,58.97107560000065
5299,44.25027045
5300,44.12182175
5301,43.92757489999999
5302,43.6235485
5303,43.1384797
5304,44.93631445000001
5305,44.49822665000001
5306,44.89464305000001
5307,44.4329318
5308,44.1212598
5309,43.2429234
5310,43.37933675
5311,42.63596965000001
5312,42.20947635
5313,178.56
5314,178.56
5315,178.56
5316,178.56
5317,42.15885139999998
5318,145.9834171000003
5319,178.56
5320,178.56
5321,178.56
5322,45.2851731
5323,45.50208905
5324,45.73891355
5325,45.5039299
5326,44.332241
5327,45.27222325
5328,44.38116289999999
5329,44.54735990000001
5330,44.5179304
5331,45.54290525
5332,45.53771135
5333,45.1535498
5334,45.02062824999999
5335,44.6500147
5336,45.28232615000001
5337,178.56
5338,178.56
5339,178.56
5340,178.56
5341,46.0849349
5342,178.56
5343,178.56
5344,178.56
5345,178.56
5346,66.99109780000013
5347,45.56099355
5348,46.65732130000002
5349,47.11629145
5350,45.00756885000001
5351,45.61657825000001
5352,46.5740684
5353,46.1846917
5354,45.822952
5355,46.90510805
5356,46.6250983
5357,46.8161636
5358,46.78524835000002
5359,46.85080279999999
5360,46.97761054999998
5361,178.56
5362,178.56
5363,178.56
5364,178.56
5365,45.44755835
5366,178.56
5367,178.56
5368,178.56
5369,178.56
5370,84.35055375000098
5371,45.99135010000001
5372,46.47692204999999
5373,45.92006005000002
5374,46.3488349
5375,46.89210165
5376,47.4326371
5377,46.69367994999998
5378,47.80179645000001
5379,48.08700375
5380,47.94643605
5381,47.16805314999999
5382,46.37936635000002
5383,45.8647634
5384,44.4940479
5385,178.56
5386,178.56
5387,178.56
5388,178.56
5389,96.72927370000082
5390,178.56
5391,178.56
5392,178.56
5393,178.56
5394,46.0282966
5395,46.5932883
5396,46.19667819999998
5397,47.5154083
5398,48.1340066
5399,48.44948165
5400,48.70040425
5401,48.7155534
5402,48.10992485
5403,48.99421064999999
5404,47.11524024999999
5405,46.434647
5406,46.36099645000002
5407,45.93747295
5408,45.20996515000002
5409,178.56
5410,178.56
5411,178.56
5412,178.56
5413,106.0269693500008
5414,178.56
5415,178.56
5416,178.56
5417,178.56
5418,46.29856685
5419,46.93658015
5420,45.02884464999999
5421,43.5812032
5422,44.18958990000001
5423,42.94841825
5424,39.83004155
5425,38.37456329999999
5426,37.95945469999999
5427,37.8722932
5428,37.24394984999999
5429,37.23783455
5430,36.46762680000001
5431,36.22989345
5432,35.6048686
5433,178.56
5434,178.56
5435,178.56
5436,178.56
5437,41.55890519999999
5438,105.4807772
5439,178.56
5440,178.56
5441,38.5891783
5442,38.12713639999999
5443,38.35012035
5444,37.61119015
5445,38.4146069
5446,38.54561195
5447,37.4960419
5448,37.6518331
5449,36.95541985
5450,39.00377994999999
5451,39.4367167
5452,39.34601655
5453,39.06956355000001
5454,38.97212480000001
5455,38.906432
5456,38.79134855
5457,165.8731345499995
5458,178.56
5459,178.56
5460,178.56
5461,40.27538775
5462,40.9731502
5463,178.56
5464,178.56
5465,178.56
5466,42.03092674999999
5467,41.91558685
5468,42.25962465000001
5469,41.55670175000001
5470,40.67710040000001
5471,39.65438795000001
5472,38.44856359999999
5473,37.17895825000001
5474,37.08233634999999
5475,37.16899340000001
5476,36.50039025
5477,35.60914685
5478,35.37101860000001
5479,35.22696834999999
5480,35.17387015000001
5481,34.96422339999999
5482,178.56
5483,178.56
5484,178.56
5485,34.4133417
5486,160.1120066999997
5487,178.56
5488,178.56
5489,34.4347349
5490,34.83445185000001
5491,35.14427975
5492,35.4695819
5493,35.36223475
5494,35.56156845
5495,36.05197975
5496,36.35295375
5497,36.1555182
5498,36.18697300000002
5499,35.28504129999999
5500,35.0472529
5501,34.10667485
5502,33.64044325
5503,33.59587000000001
5504,33.56108659999999
5505,178.56
5506,178.56
5507,178.56
5508,178.56
5509,34.6117266
5510,81.4439282000001
5511,178.56
5512,178.56
5513,45.79630495
5514,46.65461225
5515,38.04234014999999
5516,37.46589845
5517,37.84522784999999
5518,37.42128355
5519,37.78039159999999
5520,38.40822959999999
5521,37.52622835
5522,35.75351839999999
5523,36.97581515
5524,37.6150932
5525,36.78409354999999
5526,36.9457599
5527,36.58939204999999
5528,36.3201981
5529,178.56
5530,178.56
5531,178.56
5532,178.56
5533,37.67097320000001
5534,110.6159670000001
5535,178.56
5536,178.56
5537,39.55956140000001
5538,39.53563195
5539,42.61751510000001
5540,43.1499657
5541,42.03457814999999
5542,41.93984499999999
5543,41.42412369999998
5544,40.6942318
5545,39.69702324999999
5546,39.0436552
5547,40.17298305
5548,40.52327340000001
5549,39.68365675
5550,39.50881509999999
5551,39.22860325
5552,39.00185185000001
5553,178.56
5554,178.56
5555,178.56
5556,178.56
5557,39.51294175
5558,141.4181484499999
5559,178.56
5560,178.56
5561,39.4035081
5562,38.20840824999999
5563,39.41514020000001
5564,39.78165504999999
5565,39.2874934
5566,38.46523824999999
5567,38.45241849999999
5568,38.14906979999999
5569,36.93349310000001
5570,36.4707183
5571,36.38804815
5572,36.15341285
5573,36.52212835000001
5574,36.49945325
5575,36.37098650000001
5576,36.33919174999999
5577,178.56
5578,178.56
5579,178.56
5580,178.56
5581,37.51935690000001
5582,85.28766045000008
5583,178.56
5584,178.56
5585,38.457325
5586,39.06455665000001
5587,38.99492195000001
5588,38.74039490000001
5589,38.31179365000001
5590,38.07050335
5591,39.04436544999999
5592,39.37098725
5593,38.994875
5594,38.43352214999999
5595,37.50322815000001
5596,37.0244484
5597,36.8505882
5598,36.78860675000001
5599,36.68307425
5600,36.45373825000001
5601,178.56
5602,178.56
5603,178.56
5604,178.56
5605,35.5899199
5606,78.6035117500002
5607,178.56
5608,178.56
5609,37.18411159999999
5610,37.26338010000001
5611,38.38682344999999
5612,38.2263098
5613,37.75647685000001
5614,38.19604970000001
5615,38.69062365
5616,38.79788694999999
5617,39.71926195
5618,37.35403645
5619,37.15399665
5620,37.9968847
5621,38.7425335
5622,37.99439035
5623,37.64289825
5624,37.72011315
5625,139.7815145500006
5626,178.56
5627,178.56
5628,178.56
5629,39.8626321
5630,39.7206717
5631,178.56
5632,178.56
5633,178.56
5634,41.55462645
5635,41.01124049999999
5636,41.11186694999999
5637,37.98069340000001
5638,37.56402665
5639,37.20356974999999
5640,38.92128815
5641,39.48780355
5642,39.59349005
5643,39.70575849999999
5644,38.32312655
5645,39.96091175000001
5646,40.03202940000001
5647,39.93969795
5648,39.99934990000001
5649,178.56
5650,178.56
5651,178.56
5652,178.56
5653,40.5976513
5654,168.3035066
5655,178.56
5656,178.56
5657,39.29616685000001
5658,41.23777139999999
5659,41.76028465
5660,41.7586854
5661,41.44596845
5662,38.22763865000001
5663,38.35213504999999
5664,39.5059018
5665,39.0844147
5666,38.7166982
5667,38.8386464
5668,39.5010248
5669,37.92340000000002
5670,36.9386095
5671,37.22377975
5672,37.0032801
5673,178.56
5674,178.56
5675,178.56
5676,178.56
5677,32.5235599
5678,67.76291774999999
5679,178.56
5680,178.56
5681,37.5341683
5682,38.9479751
5683,38.31484625
5684,37.57989505
5685,36.27435485
5686,36.38852975
5687,36.88570674999999
5688,37.70811634999999
5689,37.22543335
5690,37.69591715
5691,37.03109000000001
5692,36.75295075
5693,36.0708534
5694,36.34259285000001
5695,37.1157416
5696,36.92743485
5697,178.56
5698,178.56
5699,178.56
5700,178.56
5701,38.24598025
5702,67.88512889999983
5703,178.56
5704,178.56
5705,37.2404866
5706,35.9851802
5707,36.59270489999999
5708,36.27461649999999
5709,35.37853344999999
5710,34.36678525000001
5711,34.99801505
5712,36.26253354999999
5713,36.3697252
5714,36.88101849999999
5715,37.36042989999999
5716,37.0661387
5717,36.7099534
5718,36.93327515
5719,36.10485985
5720,35.44221474999999
5721,178.56
5722,178.56
5723,178.56
5724,178.56
5725,37.10146635
5726,84.49050895000057
5727,178.56
5728,178.56
5729,39.1969833
5730,39.36773520000001
5731,39.4309981
5732,40.13431499999999
5733,40.9839865
5734,40.8169838
5735,40.16352355
5736,40.0943286
5737,38.86771525
5738,40.50309840000001
5739,39.00848665
5740,39.61386674999999
5741,39.87131645
5742,39.8497413
5743,41.0341985
5744,40.5607168
5745,178.56
5746,178.56
5747,178.56
5748,178.56
5749,41.33615445
5750,59.12683510000028
5751,178.56
5752,178.56
5753,178.56
5754,40.5262919
5755,41.30046650000001
5756,41.55368154999999
5757,41.88409894999999
5758,41.64854645000001
5759,39.71904995
5760,38.78991155
5761,38.2170279
5762,39.18951514999999
5763,39.0717188
5764,39.80570695
5765,39.93057005000001
5766,41.31813125
5767,40.61948000000001
5768,40.60022504999999
5769,73.54792650000059
5770,178.56
5771,178.56
5772,178.56
5773,46.7468531
5774,178.56
5775,178.56
5776,178.56
5777,178.56
5778,41.69817649999999
5779,42.32555665
5780,40.74655645000001
5781,40.03349465000001
5782,38.25009665
5783,37.79828490000001
5784,36.30871515
5785,35.43199305000001
5786,35.59141499999999
5787,35.74044135000001
5788,36.3827266
5789,35.98611684999999
5790,35.98516644999999
5791,35.52877190000001
5792,35.5102134
5793,178.56
5794,178.56
5795,178.56
5796,178.56
5797,38.8171362
5798,58.79071255000004
5799,178.56
5800,178.56
5801,35.40933475
5802,37.93810129999999
5803,40.08956825
5804,38.50664484999999
5805,36.9757518
5806,35.99432645
5807,35.71574665
5808,35.8875066
5809,35.28213704999999
5810,36.2006864
5811,36.65903350000001
5812,36.84034545
5813,36.32587055
5814,36.40160874999999
5815,36.19434519999999
5816,35.65086665
5817,35.11673829999999
5818,178.56
5819,178.56
5820,178.56
5821,34.81260500000001
5822,172.43609575
5823,178.56
5824,178.56
5825,34.34712035
5826,34.1138598
5827,34.76047139999999
5828,34.45439175000001
5829,35.03705640000001
5830,35.77109965
5831,36.08384340000001
5832,35.84143494999999
5833,34.24784349999999
5834,32.22679005
5835,32.25527505
5836,32.9130517
5837,35.28501365000001
5838,34.8418268
5839,35.79405515000001
5840,33.43676845
5841,32.55263835
5842,178.56
5843,178.56
5844,178.56
5845,32.11137175
5846,115.6302777499998
5847,178.56
5848,178.56
5849,32.57181114999999
5850,33.4764464
5851,33.6829116
5852,34.16281815000001
5853,35.70327134999999
5854,35.64353695
5855,36.42867500000001
5856,37.3363167
5857,36.87794335
5858,36.3271682
5859,36.2940535
5860,35.74940185
5861,36.04654315000001
5862,36.2457749
5863,34.77309015
5864,34.66411155
5865,44.40097365000016
5866,178.56
5867,178.56
5868,178.56
5869,34.76977864999999
5870,33.6919388
5871,178.56
5872,178.56
5873,178.56
5874,37.07034845
5875,35.70436315000001
5876,38.4394898
5877,38.1273049
5878,37.19433480000001
5879,35.92144655
5880,37.27772359999999
5881,36.33533145
5882,39.18610469999999
5883,37.80684644999999
5884,37.52465545
5885,37.40018485
5886,36.85497340000001
5887,36.97444715
5888,36.78249194999999
5889,178.56
5890,178.56
5891,178.56
5892,178.56
5893,35.2771167
5894,79.87001580000039
5895,178.56
5896,178.56
5897,38.81420175
5898,38.07567525000001
5899,39.6821102
5900,39.53664815
5901,38.3360483
5902,38.64479505
5903,38.6512618
5904,39.31739859999999
5905,39.6198762
5906,40.34405649999999
5907,40.40350739999999
5908,41.36149199999999
5909,40.80899330000001
5910,39.9194268
5911,37.7557403
5912,36.06895845
5913,178.56
5914,178.56
5915,178.56
5916,178.56
5917,37.54394145000001
5918,102.3746929499997
5919,178.56
5920,178.56
5921,38.82050829999999
5922,37.99680545
5923,38.21498475
5924,38.21527295
5925,36.68905515
5926,37.8770135
5927,38.57255680000001
5928,39.15159185
5929,39.74721995000001
5930,40.61104545000001
5931,40.7190785
5932,41.1130199
5933,41.18385545
5934,40.35662214999999
5935,40.14041169999998
5936,37.87458974999998
5937,140.2798565000002
5938,178.56
5939,178.56
5940,178.56
5941,37.89650985
5942,38.93701369999999
5943,178.56
5944,178.56
5945,178.56
5946,40.7099187
5947,40.31501285
5948,40.28886519999999
5949,39.92789464999998
5950,39.8345184
5951,39.3648867
5952,39.7507616
5953,40.34292544999998
5954,41.14733120000001
5955,41.25243140000001
5956,40.05276660000001
5957,39.45419634999999
5958,39.42380325000001
5959,38.98434800000001
5960,37.44610310000001
5961,178.56
5962,178.56
5963,178.56
5964,178.56
5965,39.95400525
5966,61.09365190000043
5967,178.56
5968,178.56
5969,178.56
5970,43.59277955
5971,42.42398784999999
5972,43.31646815
5973,43.58009714999999
5974,43.63182815
5975,42.73261004999999
5976,42.1419235
5977,41.2575016
5978,40.9070548
5979,39.71780325
5980,38.47461540000002
5981,38.00441505000001
5982,36.97443309999999
5983,37.16661635000001
5984,37.02874490000001
5985,178.56
5986,178.56
5987,178.56
5988,178.56
5989,38.17275705
5990,108.7510660000008
5991,178.56
5992,178.56
5993,38.95947529999999
5994,38.28260335
5995,37.91639020000001
5996,38.06798324999999
5997,37.82830645
5998,38.1895416
5999,37.77941955000001
6000,37.1917584
6001,37.9014386
6002,37.78098340000001
6003,36.56344295
6004,35.39457855000001
6005,36.19652815000001
6006,35.61421040000001
6007,35.60949325
6008,35.2599269
6009,79.77882635000017
6010,178.56
6011,178.56
6012,178.56
6013,35.49482455
6014,36.82534304999999
6015,178.56
6016,178.56
6017,178.56
6018,41.18841834999999
6019,41.3209083
6020,40.94461174999998
6021,40.05412004999999
6022,39.33416545
6023,39.7050432
6024,39.81905385
6025,40.16413825000001
6026,39.13446024999998
6027,38.69311645000001
6028,38.24898675
6029,37.85591515
6030,37.7638118
6031,37.4792181
6032,36.9204506
6033,157.7069172499998
6034,178.56
6035,178.56
6036,178.56
6037,43.55540515
6038,38.55885195
6039,178.56
6040,178.56
6041,178.56
6042,40.38932360000001
6043,40.1578782
6044,40.54267139999999
6045,38.7101034
6046,38.55177150000001
6047,38.7757455
6048,39.1101587
6049,38.35694834999999
6050,38.46474329999999
6051,39.48808679999999
6052,40.08310810000001
6053,39.95664025000001
6054,39.6529152
6055,39.72481304999999
6056,39.26530134999999
6057,178.56
6058,178.56
6059,37.00478690000001
6060,178.56
6061,178.56
6062,178.56
6063,178.56
6064,39.5625186
6065,39.1538265
6066,40.67079485
6067,41.09102650000001
6068,40.67228800000001
6069,40.36509045
6070,40.3858936
6071,40.70604345
6072,139.7170204500005
6073,40.27787825
6074,40.67385504999999
6075,41.35051505
6076,41.51776510000001
6077,40.96550515000001
6078,40.54173309999999
6079,40.50927835
6080,38.64690014999999
6081,178.56
6082,178.56
6083,51.4310855150006
6084,178.56
6085,178.56
6086,178.56
6087,178.56
6088,38.93881835
6089,38.60395490000001
6090,39.5711801
6091,39.06878641500001
6092,40.39239335000001
6093,40.49949150000002
6094,40.70526035
6095,41.3792619
6096,178.56
6097,40.74869619999999
6098,40.1985448325
6099,39.91706835
6100,39.62523300000001
6101,37.5999267825
6102,37.11745140000001
6103,36.5389935
6104,33.461004905
6105,20.04879161
6106,178.56
6107,178.56
6108,143.0559583680002
6109,18.97914999999999
6110,17.996973358
6111,178.56
6112,178.56
6113,32.35661476999999
6114,32.23353835
6115,32.227905
6116,32.244015
6117,32.2378866
6118,32.20977665
6119,32.3132267
6120,32.52167165
6121,32.26802675
6122,32.23636
6123,32.27109650000001
6124,32.28357665
6125,32.30834
6126,32.31580495000001
6127,32.36783
6128,32.41540000000001
6129,178.56
6130,178.56
6131,37.6292199
6132,178.56
6133,178.56
6134,178.56
6135,178.56
6136,39.1921114
6137,40.00705975
6138,40.0180002
6139,43.3025949
6140,44.49861979999999
6141,45.63819635
6142,41.86766640000001
6143,41.89292495000001
6144,91.01846290000043
6145,41.48697980000001
6146,41.5795216
6147,41.72599995
6148,41.43036965
6149,41.64695475
6150,40.85209794999999
6151,39.55354379999999
6152,39.66452875
6153,178.56
6154,178.56
6155,178.56
6156,178.56
6157,39.28623175000001
6158,168.3321962500001
6159,178.56
6160,178.56
6161,39.18121635000001
6162,39.64022340000001
6163,40.27401955
6164,40.84302649999999
6165,40.6413553
6166,41.02169290000001
6167,40.41256325
6168,40.9888666
6169,40.62644995
6170,40.17520674999999
6171,40.04008510000001
6172,40.12934509999998
6173,39.4711552
6174,38.87763449999999
6175,38.82521449999999
6176,38.3844216
6177,151.2990493000002
6178,178.56
6179,178.56
6180,178.56
6181,39.24204855000001
6182,39.3581301
6183,178.56
6184,178.56
6185,178.56
6186,39.76571474999999
6187,40.30091505
6188,39.71933985
6189,40.1854234
6190,40.0288334
6191,40.17182865000001
6192,40.08274145000001
6193,39.77769010000002
6194,39.28878975
6195,38.52353315000001
6196,38.98257665000001
6197,39.18484290000001
6198,38.4186231
6199,39.15417015
6200,38.72694355000001
6201,91.50411039999986
6202,178.56
6203,178.56
6204,178.56
6205,35.4354062
6206,35.6008599
6207,178.56
6208,178.56
6209,178.56
6210,36.8452518
6211,36.91086160000001
6212,36.77775645000001
6213,36.75118615
6214,36.8888103
6215,37.41411034999999
6216,38.2308919
6217,37.84874865
6218,38.06689165
6219,38.00548825
6220,38.40757055
6221,38.24945824999999
6222,38.0619301
6223,38.05494040000001
6224,38.0619933
6225,37.689767
6226,37.28151485000001
6227,178.56
6228,35.10926165000001
6229,35.41172
6230,35.49278515
6231,34.59274135
6232,178.56
6233,34.16760015
6234,178.56
6235,34.45139014999999
6236,178.56
6237,178.56
6238,178.56
6239,38.12912174999976
6240,35.5296397
6241,34.9154881
6242,34.36473165
6243,34.3393165
6244,34.14200795
6245,34.0616669
6246,33.92787365
6247,34.06956635
6248,34.2587072
6249,34.09293125000001
6250,178.56
6251,178.56
6252,178.56
6253,34.25100025
6254,34.44888535
6255,178.56
6256,178.56
6257,140.65478835
6258,34.9418298
6259,34.79358195
6260,34.69252335000001
6261,34.94812164999999
6262,35.2086698
6263,35.15064
6264,36.18459814999999
6265,35.7627631
6266,35.01952489999999
6267,34.57962990000001
6268,34.5154767
6269,34.43759214999999
6270,34.23235345000001
6271,33.91637325000001
6272,34.0378264
6273,34.5163216
6274,178.56
6275,178.56
6276,178.56
6277,35.5016266
6278,35.15844005
6279,178.56
6280,178.56
6281,167.8206067499996
6282,36.89779445
6283,37.04964515
6284,36.3531933
6285,36.54917189999999
6286,36.538442
6287,36.02930150000001
6288,36.28552304999999
6289,36.05552829999999
6290,36.05387349999999
6291,35.63178009999999
6292,35.37747349999999
6293,35.30415325
6294,34.5831979
6295,34.2894022
6296,34.5754516
6297,34.23725155
6298,178.56
6299,178.56
6300,178.56
6301,37.00935980000001
6302,37.09852815
6303,178.56
6304,178.56
6305,178.2519605000003
6306,35.86614195
6307,35.6292517
6308,35.8851249
6309,35.45250775
6310,35.23472145
6311,35.41693154999999
6312,35.86570835
6313,35.4554418
6314,35.63900845
6315,35.53554800000001
6316,35.1921965
6317,35.0927149
6318,35.33834839999999
6319,35.0963432
6320,35.15614184999999
6321,34.87033849999999
6322,178.56
6323,178.56
6324,178.56
6325,34.57335500000001
6326,34.27570859999999
6327,178.56
6328,178.56
6329,148.4485070999999
6330,34.41859669999999
6331,34.34751335000001
6332,34.46071635000001
6333,34.47380175
6334,34.4830182
6335,34.23395485
6336,34.67446330000001
6337,33.5990818
6338,33.5742533
6339,33.60862324999999
6340,33.5909266
6341,33.61158289999999
6342,33.78791650000001
6343,33.80490655
6344,33.8278737
6345,33.7384382
6346,178.56
6347,178.56
6348,178.56
6349,34.42183025
6350,34.42732540000001
6351,178.56
6352,178.56
6353,139.8241960000001
6354,34.99769155
6355,35.2381101
6356,35.44686685
6357,35.63954525
6358,35.54341785
6359,36.64321165
6360,36.6659035
6361,36.62310975
6362,36.17377395000001
6363,36.89159174999999
6364,36.3043518
6365,35.53827
6366,35.252255
6367,35.25914340000001
6368,34.87842805
6369,34.96233545
6370,178.56
6371,178.56
6372,178.56
6373,34.58734329999999
6374,34.67711665
6375,178.56
6376,178.56
6377,161.2366121500005
6378,35.26216825
6379,35.00942025000001
6380,33.9083519
6381,34.0172833
6382,34.05750150000001
6383,34.1122582
6384,34.48482335
6385,33.35334155
6386,33.28948215
6387,33.74115494999999
6388,33.95959140000001
6389,34.0006168
6390,33.7751202
6391,33.68793975
6392,33.3736652
6393,33.37443015000001
6394,178.56
6395,178.56
6396,178.56
6397,33.23568155
6398,147.5191113500007
6399,178.56
6400,178.56
6401,37.8375481
6402,37.9700018
6403,37.0388646
6404,36.96787310000001
6405,37.2159369
6406,34.53427820000001
6407,34.04491994999999
6408,33.61956319999999
6409,32.95994519999999
6410,33.84925315
6411,34.35194865
6412,34.2089798
6413,34.3917032
6414,33.87637545
6415,34.22992834999999
6416,34.37959634999999
6417,34.42353665
6418,178.56
6419,178.56
6420,178.56
6421,34.3390367
6422,34.63870844999999
6423,178.56
6424,178.56
6425,168.0450798000006
6426,37.28600355
6427,36.95179975
6428,36.5528617
6429,37.16553795000001
6430,37.05303940000001
6431,37.60673880000002
6432,39.32328320000001
6433,38.6802381
6434,39.1460835
6435,39.5207934
6436,39.96210809999999
6437,39.64279154999999
6438,39.55521619999999
6439,38.57360849999999
6440,37.61594334999999
6441,122.8771736500002
6442,178.56
6443,178.56
6444,178.56
6445,37.22717815000001
6446,37.54356980000001
6447,178.56
6448,178.56
6449,178.56
6450,39.81189704999999
6451,40.46177179999999
6452,40.18278789999998
6453,39.50973025
6454,38.97957970000001
6455,39.29864819999999
6456,40.07430850000001
6457,39.34053185
6458,39.11088335
6459,38.84719024999999
6460,38.78131334999999
6461,38.54125165000001
6462,38.47133174999999
6463,38.64144144999998
6464,38.70950845000001
6465,113.7449940500004
6466,178.56
6467,178.56
6468,178.56
6469,38.9087119
6470,39.3172836
6471,178.56
6472,178.56
6473,178.56
6474,37.0161913
6475,37.42008855
6476,37.60143650000001
6477,37.61926975
6478,36.5355633
6479,37.31239715
6480,37.98538980000001
6481,37.67483820000001
6482,38.17782649999999
6483,38.21573589999999
6484,38.04068324999999
6485,37.87743830000001
6486,37.71682335000002
6487,37.34036149999999
6488,37.1718001
6489,116.0949240500002
6490,178.56
6491,178.56
6492,178.56
6493,39.4159216
6494,39.0560153
6495,178.56
6496,178.56
6497,178.56
6498,38.33444959999999
6499,38.2818286
6500,38.52967140000001
6501,38.49809665
6502,38.4260968
6503,38.22224355
6504,37.89192635
6505,37.70374970000001
6506,37.72853154999999
6507,37.69101655
6508,37.3552001
6509,36.4785868
6510,36.52442309999999
6511,36.17672645000001
6512,35.83418175
6513,87.86136769999992
6514,178.56
6515,178.56
6516,178.56
6517,36.71683355
6518,37.32846529999999
6519,178.56
6520,178.56
6521,178.56
6522,38.68029005
6523,38.20006135000001
6524,38.4020897
6525,38.12422489999999
6526,39.25733029999999
6527,39.25022970000001
6528,40.05520474999999
6529,39.70662975
6530,39.81086875
6531,40.3192833
6532,40.08704964999999
6533,39.91509665000001
6534,38.9747832
6535,38.69990669999999
6536,38.63832005000002
6537,157.24036615
6538,178.56
6539,178.56
6540,178.56
6541,39.94683649999999
6542,39.62194710000001
6543,178.56
6544,178.56
6545,178.56
6546,40.0923418
6547,39.8984432
6548,39.80953984999999
6549,39.43797319999999
6550,39.3911634
6551,40.04507170000001
6552,40.51549985
6553,40.45508795
6554,40.39231000000001
6555,40.11923009999999
6556,39.94911
6557,39.8935918
6558,39.9210769
6559,39.6463463
6560,39.37365199999999
6561,178.56
6562,178.56
6563,41.5224499
6564,178.56
6565,178.56
6566,178.56
6567,178.56
6568,40.34186855
6569,40.07978805
6570,40.03512325000001
6571,38.9878449
6572,37.9765182
6573,38.5657102
6574,39.6045632
6575,39.66300554999999
6576,166.11227115
6577,39.571532
6578,38.62103494999999
6579,38.03381385000001
6580,37.71546845
6581,37.7608929
6582,37.5208583
6583,37.44818015000001
6584,37.03804
6585,178.56
6586,178.56
6587,37.6041582
6588,178.56
6589,178.56
6590,178.56
6591,178.56
6592,36.98936190000001
6593,37.11684645
6594,37.1305732
6595,36.97664165
6596,36.62492985
6597,36.80701195
6598,36.04006815
6599,35.11727315
6600,79.2381397
6601,36.51613515000001
6602,36.66318165
6603,36.61943335
6604,36.61178335
6605,36.59177665
6606,36.7744717
6607,36.634125
6608,36.653755
6609,178.56
6610,178.56
6611,36.69697
6612,178.56
6613,178.56
6614,178.56
6615,178.56
6616,36.8739717
6617,36.8652033
6618,36.95967
6619,37.16356835
6620,36.85297835
6621,37.71150525000001
6622,37.7987855
6623,38.0376998
6624,73.9784005999998
6625,38.24989985
6626,38.2037136
6627,37.74451345
6628,37.37289144999999
6629,37.47250960000001
6630,37.34460175000001
6631,37.37499369999999
6632,37.64727525
6633,178.56
6634,178.56
6635,38.9949982
6636,178.56
6637,178.56
6638,178.56
6639,178.56
6640,38.11037230000001
6641,37.77939515000001
6642,38.0041752
6643,38.91132139999999
6644,38.4594183
6645,39.19789845
6646,40.04074980000001
6647,41.30844005
6648,130.2183570000003
6649,40.3280932
6650,40.08163315
6651,39.85656844999999
6652,40.13270015
6653,39.6797148
6654,40.0726569
6655,39.99865810000001
6656,40.2142535
6657,178.56
6658,178.56
6659,41.3984436
6660,178.56
6661,178.56
6662,178.56
6663,178.56
6664,39.6555785
6665,39.44332854999999
6666,38.79995145000002
6667,39.50462484999999
6668,39.13525815
6669,38.10607495000001
6670,37.77770185
6671,37.9002
6672,160.3438743500006
6673,37.40601635
6674,37.0133299
6675,37.0115103
6676,37.09228169999999
6677,37.05368470000001
6678,36.97558850000001
6679,36.88681265
6680,36.63303854999999
6681,178.56
6682,178.56
6683,38.27352705
6684,178.56
6685,178.56
6686,178.56
6687,178.56
6688,38.55974009999999
6689,37.95854870000002
6690,38.2370082
6691,38.6634735
6692,39.66375369999999
6693,39.59507194999999
6694,40.10927965
6695,40.6036147
6696,115.7727536000003
6697,40.33846989999999
6698,39.49969705
6699,38.25425355000001
6700,38.4202015
6701,38.18017695
6702,38.2009335
6703,37.8927816
6704,37.8040431
6705,178.56
6706,178.56
6707,37.9120484
6708,178.56
6709,178.56
6710,178.56
6711,178.56
6712,39.82998325000001
6713,40.1590803
6714,40.589487
6715,40.98364814999999
6716,40.50833340000001
6717,40.53151985
6718,39.30483150000001
6719,38.9836269
6720,131.7106734000004
6721,37.9724978
6722,38.29915630000001
6723,38.80839640000001
6724,38.21202705
6725,37.90624005000002
6726,36.25681165
6727,35.13907865
6728,35.00291194999999
6729,85.48390520000027
6730,178.56
6731,178.56
6732,178.56
6733,38.71542360000002
6734,38.69869849999999
6735,178.56
6736,178.56
6737,178.56
6738,38.4912003
6739,38.16601644999999
6740,36.33977305
6741,36.21838345
6742,35.9070598
6743,35.66206690000001
6744,35.813202
6745,35.92948679999999
6746,36.18682680000001
6747,35.6531198
6748,36.14543794999999
6749,35.5971018
6750,35.82852654999999
6751,35.39572649999999
6752,35.48925855
6753,35.27985
6754,178.56
6755,178.56
6756,178.56
6757,35.34385
6758,35.35985
6759,178.56
6760,178.56
6761,171.9341847499999
6762,35.42385
6763,35.43985
6764,35.45585
6765,35.47185
6766,35.48785
6767,35.50385
6768,35.51985
6769,35.16385
6770,35.17985
6771,35.19585
6772,35.21185
6773,35.22785
6774,35.23185
6775,35.24785
6776,35.26385
6777,35.27985
6778,178.56
6779,178.56
6780,178.56
6781,35.34385
6782,35.35985
6783,178.56
6784,178.56
6785,167.4315000000003
6786,35.42385
6787,35.43985
6788,35.45585
6789,35.47185
6790,35.48785
6791,35.50385
6792,35.51985
6793,35.16385
6794,35.17985
6795,35.19585
6796,35.21185
6797,35.22785
6798,35.23185
6799,35.24785
6800,35.26385
6801,35.27985
6802,178.56
6803,178.56
6804,178.56
6805,35.34385
6806,35.35985
6807,178.56
6808,178.56
6809,167.4315000000003
6810,35.42385
6811,35.43985
6812,35.45585
6813,35.47185
6814,35.48785
6815,35.50385
6816,35.51985
6817,35.16385
6818,35.17985
6819,35.19585
6820,35.21185
6821,35.22785
6822,35.23185
6823,35.24785
6824,35.26385
6825,35.27985
6826,178.56
6827,178.56
6828,178.56
6829,35.34385
6830,35.35985
6831,178.56
6832,178.56
6833,167.4315000000003
6834,35.42385
6835,35.43985
6836,35.45585
6837,35.47185
6838,35.48785
6839,35.50385
6840,35.51985
6841,35.16385
6842,35.17985
6843,35.19585
6844,35.21185
6845,35.22785
6846,35.23185
6847,35.24785
6848,35.26385
6849,35.27985
6850,178.56
6851,178.56
6852,178.56
6853,35.34385
6854,35.35985
6855,178.56
6856,178.56
6857,168.0903083000007
6858,35.56047
6859,35.54875
6860,35.4856233
6861,35.46504835
6862,35.44669165
6863,35.42937999999999
6864,35.463805
6865,35.116165
6866,35.15576005
6867,35.315915
6868,35.14251335
6869,35.15713835
6870,35.16992
6871,35.1773217
6872,35.1955033
6873,178.56
6874,178.56
6875,40.03976045
6876,178.56
6877,178.56
6878,178.56
6879,178.56
6880,36.65070848
6881,38.72983130000001
6882,37.95392329999999
6883,38.66006285
6884,38.60280325000001
6885,37.77316005000001
6886,36.85461819999999
6887,36.93346535
6888,80.00683938000108
6889,37.67852369999999
6890,38.21348515
6891,37.92722319999999
6892,37.90950809999999
6893,38.3240014
6894,38.2730383
6895,38.00734669999999
6896,37.8995966
6897,129.5930628999999
6898,178.56
6899,178.56
6900,178.56
6901,40.46207664999998
6902,38.7243282
6903,178.56
6904,178.56
6905,178.56
6906,40.60776529999999
6907,39.5836229
6908,39.14369115
6909,37.62502659999999
6910,37.65206985
6911,38.11009855
6912,38.26434985
6913,35.9200446
6914,35.2217971
6915,35.2361471
6916,35.83269044999999
6917,35.50783700000001
6918,35.28534715
6919,35.03063675
6920,35.1550968
6921,178.56
6922,178.56
6923,37.4687485
6924,178.56
6925,178.56
6926,178.56
6927,178.56
6928,38.42719004999999
6929,39.5359648
6930,39.50274174999999
6931,40.18502995000001
6932,39.31278035000001
6933,39.09372774999999
6934,38.20034025000001
6935,37.92097145000001
6936,90.04582310000085
6937,37.19575175000001
6938,38.37646804999999
6939,37.99331510000001
6940,37.96689195
6941,37.1766099
6942,36.44087794999999
6943,35.69478024999999
6944,35.17036839999999
6945,178.56
6946,178.56
6947,36.5243254
6948,178.56
6949,178.56
6950,178.56
6951,178.56
6952,38.93443679999999
6953,38.31157759999999
6954,38.1946585
6955,38.2382135
6956,38.1469087
6957,37.83653855
6958,37.36993140000001
6959,37.88006990000001
6960,100.9459665000002
6961,36.7683468
6962,36.34806814999999
6963,36.1133422
6964,35.70782165000001
6965,35.49227155
6966,35.32599135
6967,34.82871285
6968,33.0234618
6969,178.56
6970,165.6275813499997
6971,34.32120865000001
6972,178.56
6973,178.56
6974,178.56
6975,178.56
6976,36.59675335
6977,36.10730315000001
6978,35.07238150000001
6979,34.79603830000001
6980,35.53066885
6981,34.8237852
6982,34.95720994999999
6983,34.556512
6984,34.69668315
6985,34.12339655
6986,34.0614433
6987,33.9124249
6988,34.1192382
6989,34.28302325
6990,34.06414525
6991,34.12599695
6992,34.23852165
6993,178.56
6994,155.5528781000001
6995,34.96687205000001
6996,178.56
6997,178.56
6998,178.56
6999,178.56
7000,35.40132850000001
7001,35.91797475000001
7002,36.07932195
7003,35.8926283
7004,35.68334845
7005,35.55447835
7006,35.5453798
7007,35.46546025000001
7008,34.03341995
7009,33.3057116
7010,33.4267432
7011,33.50654355
7012,33.30258039999999
7013,33.20482155
7014,33.2013234
7015,32.99367525
7016,33.4060418
7017,178.56
7018,125.7769236000001
7019,32.76914485
7020,178.56
7021,178.56
7022,178.56
7023,178.56
7024,35.34519145
7025,35.01575465000001
7026,35.02660305
7027,35.00612055
7028,34.84925505
7029,35.06934139999999
7030,34.63672505000001
7031,34.3966084
7032,34.11667159999999
7033,34.62408010000001
7034,34.6770399
7035,35.00197525
7036,33.60458515000001
7037,33.7259099
7038,32.0806987
7039,32.09881965000001
7040,31.88117495000001
7041,32.27182995
7042,178.56
7043,178.56
7044,178.56
7045,33.78225495000001
7046,34.16319319999999
7047,178.56
7048,178.56
7049,124.3209276500003
7050,35.47965180000001
7051,34.06692985
7052,34.9772805
7053,34.6525867
7054,34.89410035
7055,33.80032325000001
7056,33.8641318
7057,44.16872225000001
7058,178.56
7059,45.10153015000001
7060,178.56
7061,148.5486494500004
7062,44.05704664999999
7063,44.2158634
7064,44.18903645
7065,44.23847695
7066,178.56
7067,178.56
7068,178.56
7069,178.56
7070,41.7952232
7071,178.56
7072,43.29383525000001
7073,42.95249974999999
7074,42.79246315
7075,43.61012555
7076,43.68128985000001
7077,43.41752330000001
7078,42.43274325
7079,44.45527155000001
7080,45.86812485000001
7081,45.40543345
7082,44.8554098
7083,45.13363215
7084,44.41620595
7085,44.6210214
7086,44.36152689999999
7087,43.69301485
7088,44.6897568
7089,178.56
7090,178.56
7091,131.6688066500006
7092,178.56
7093,178.56
7094,178.56
7095,178.56
7096,41.78998840000001
7097,41.90581335000001
7098,41.82374820000001
7099,41.34142990000001
7100,40.94812045
7101,40.76544195
7102,40.2919968
7103,41.05783
7104,178.56
7105,41.65302145
7106,178.56
7107,42.5209482
7108,178.56
7109,106.1918157000005
7110,43.00256885000001
7111,42.91520505
7112,42.6027084
7113,41.88196490000001
7114,178.56
7115,178.56
7116,178.56
7117,178.56
7118,41.60739854999999
7119,178.56
7120,43.02748835
7121,42.8721998
7122,42.23454395
7123,42.85723025000001
7124,42.81428869999999
7125,42.7488882
7126,42.89373499999999
7127,43.33769040000001
7128,43.25140864999999
7129,42.93186295
7130,42.39573699999999
7131,42.07176275000001
7132,42.19785469999999
7133,42.46918359999999
7134,42.0385836
7135,41.413082
7136,40.6506297
7137,178.56
7138,178.56
7139,89.2508472500005
7140,178.56
7141,178.56
7142,178.56
7143,178.56
7144,41.10157149999999
7145,41.6862171
7146,42.59369345
7147,43.38579834999999
7148,43.18216469999999
7149,42.61379035
7150,43.0712386
7151,42.7282351
7152,178.56
7153,41.62909705000002
7154,41.77293504999999
7155,41.38638975
7156,41.24752865000001
7157,42.02140965000001
7158,41.70302855000001
7159,41.9192279
7160,42.53245505000001
7161,43.2175482
7162,43.93708995000001
7163,178.56
7164,43.63646859999999
7165,43.67070995
7166,43.8852778
7167,43.9175401
7168,178.56
7169,42.92054575000001
7170,178.56
7171,42.59185480000001
7172,178.56
7173,178.56
7174,178.56
7175,178.56
7176,123.4663681000005
7177,44.64954965000001
7178,44.49362009999999
7179,44.76837614999999
7180,43.7776197
7181,43.63916184999999
7182,43.0637646
7183,42.81354695
7184,42.95762330000001
7185,42.82851494999999
7186,43.067412
7187,178.56
7188,43.98898145
7189,43.75766485
7190,44.7638487
7191,45.1082347
7192,178.56
7193,44.66928855
7194,178.56
7195,44.82621125000001
7196,178.56
7197,178.56
7198,178.56
7199,178.56
7200,172.8005957499996
7201,43.38097489999998
7202,43.85838815000001
7203,43.151065
7204,43.64673815
7205,44.21757804999999
7206,44.60591014999999
7207,44.53000450000001
7208,45.4535235
7209,45.80271315
7210,45.61224345
7211,178.56
7212,45.38559659999998
7213,44.55406514999999
7214,45.06983220000001
7215,45.4531944
7216,178.56
7217,44.7003263
7218,178.56
7219,43.7091616
7220,178.56
7221,178.56
7222,178.56
7223,178.56
7224,159.63377905
7225,42.70266025000001
7226,43.61879019999999
7227,44.21641544999999
7228,44.21749145
7229,44.1055438
7230,43.87175105
7231,42.41400805000001
7232,42.30283035
7233,42.6047749
7234,42.94534835000001
7235,178.56
7236,44.84886975
7237,43.98063509999999
7238,45.0458332
7239,44.7918755
7240,178.56
7241,43.77251390000001
7242,178.56
7243,44.28391129999999
7244,178.56
7245,178.56
7246,178.56
7247,178.56
7248,158.8867158000002
7249,43.8493004
7250,44.97235889999999
7251,43.8055832
7252,43.67957355
7253,43.5269805
7254,43.1308466
7255,42.5351917
7256,42.32728665
7257,178.56
7258,178.56
7259,102.623838800001
7260,178.56
7261,178.56
7262,178.56
7263,178.56
7264,41.20082850000001
7265,43.40450865
7266,42.93476635
7267,41.9431484
7268,41.80371865000001
7269,41.1141783
7270,41.5189735
7271,42.01849645
7272,178.56
7273,42.1054334
7274,42.00840809999999
7275,42.2049735
7276,41.7748132
7277,41.66638495
7278,41.32241035
7279,41.410387
7280,41.07933664999999
7281,178.56
7282,178.56
7283,97.80574945000052
7284,178.56
7285,178.56
7286,178.56
7287,178.56
7288,40.81786350000001
7289,40.76148324999998
7290,41.08244015
7291,41.46444665
7292,40.23821669999999
7293,39.70342824999999
7294,40.51111674999999
7295,40.77676175
7296,178.56
7297,42.29800695000001
7298,42.5633762
7299,42.38500710000001
7300,41.883365
7301,41.07849015000001
7302,40.97466295
7303,40.32813385
7304,39.68297795000001
7305,39.11869145
7306,39.38923195
7307,178.56
7308,38.5655046
7309,38.6910653
7310,38.57178374999999
7311,37.52245185
7312,178.56
7313,39.96933729999999
7314,178.56
7315,39.4891402
7316,178.56
7317,178.56
7318,178.56
7319,162.3365319500006
7320,39.1843603
7321,38.65346835
7322,38.4932116
7323,38.4176733
7324,38.27043354999999
7325,38.31528985000001
7326,38.12865194999999
7327,37.13719835
7328,36.85535520000001
7329,36.86811025
7330,37.05495834999999
7331,178.56
7332,37.76138675000001
7333,38.07086685
7334,38.1012403
7335,38.27679539999999
7336,178.56
7337,37.3034313
7338,178.56
7339,36.37683665
7340,178.56
7341,178.56
7342,178.56
7343,95.23609040000031
7344,38.8098283
7345,38.61951540000002
7346,38.6753536
7347,38.28371174999999
7348,38.39310145000001
7349,38.42829624999999
7350,38.38201850000002
7351,37.9505565
7352,37.1513281
7353,36.94382659999999
7354,36.65945324999999
7355,178.56
7356,35.7416215
7357,36.86227825
7358,39.92031
7359,41.17655979999999
7360,178.56
7361,40.39384524999999
7362,178.56
7363,39.64776019999999
7364,178.56
7365,178.56
7366,178.56
7367,140.5909398000005
7368,42.0098931
7369,41.69418004999999
7370,39.61229654999999
7371,38.49617675
7372,37.96962015
7373,37.30813005
7374,37.29494385000001
7375,37.08436159999999
7376,36.87231350000001
7377,36.14146865
7378,35.68043494999999
7379,178.56
7380,37.62333684999999
7381,38.83536655
7382,38.67683335
7383,39.6588164
7384,178.56
7385,40.17630144999999
7386,178.56
7387,39.77173015000001
7388,178.56
7389,178.56
7390,178.56
7391,127.6571400500006
7392,40.29169320000001
7393,40.89801814999998
7394,41.40454465000001
7395,41.7965252
7396,42.59898865
7397,40.1328567
7398,40.1371049
7399,38.7014896
7400,37.7786397
7401,37.60611845
7402,37.88234164999999
7403,178.56
7404,38.53686809999999
7405,37.67330870000001
7406,38.8200719
7407,38.98878850000003
7408,178.56
7409,39.98066675
7410,178.56
7411,38.32112355000001
7412,178.56
7413,178.56
7414,178.56
7415,139.7896088500011
7416,40.25396330000001
7417,39.68739499999999
7418,39.70048030000001
7419,38.9468467
7420,38.60272429999999
7421,38.06907275
7422,37.64268994999999
7423,37.50544140000001
7424,36.2305734
7425,37.0033914
7426,36.5330266
7427,178.56
7428,38.66892379999999
7429,38.84918995000001
7430,39.04817455000001
7431,39.8598604
7432,178.56
7433,39.90859820000001
7434,178.56
7435,39.39182649999999
7436,178.56
7437,178.56
7438,178.56
7439,140.9416561999999
7440,39.6796905
7441,41.19899689999999
7442,43.28250224999999
7443,43.17000305000001
7444,43.54823305000001
7445,43.1307417
7446,43.70262679999999
7447,41.7106313
7448,40.7462384
7449,40.50447119999999
7450,40.16313665
7451,178.56
7452,40.9201646
7453,41.94451634999999
7454,41.64965645
7455,42.508752
7456,178.56
7457,42.38596339999999
7458,178.56
7459,43.60444175000001
7460,178.56
7461,178.56
7462,178.56
7463,178.56
7464,118.1496644500003
7465,44.56061505000001
7466,45.0137545
7467,44.1301199
7468,43.51785485
7469,44.3969521
7470,43.2890994
7471,41.6403604
7472,41.5035697
7473,41.99801475000001
7474,43.48519140000001
7475,178.56
7476,43.22515995
7477,43.39671859999999
7478,43.24064174999999
7479,42.66297125
7480,178.56
7481,41.7923666
7482,178.56
7483,44.20137515
7484,178.56
7485,178.56
7486,178.56
7487,178.56
7488,141.5375673499998
7489,44.64087829999999
7490,45.37706665
7491,46.15853785
7492,45.21123190000001
7493,44.96788805
7494,44.14150825
7495,43.44520325
7496,43.26509165
7497,178.56
7498,178.56
7499,146.9801105500002
7500,178.56
7501,178.56
7502,178.56
7503,178.56
7504,42.6031454
7505,41.8299316
7506,41.60974349999999
7507,41.3379103
7508,42.61659965
7509,44.23370545
7510,43.98377985
7511,43.8817683
7512,178.56
7513,43.47132135
7514,44.20395320000001
7515,44.89738825
7516,44.02372655000001
7517,43.49718825
7518,43.03204785
7519,42.39308995000001
7520,41.62116039999999
7521,178.56
7522,178.56
7523,136.0090411000004
7524,178.56
7525,178.56
7526,178.56
7527,178.56
7528,45.02512544999999
7529,45.16133694999999
7530,44.25285975000001
7531,43.66085335
7532,43.87349665000001
7533,44.3028584
7534,44.31774015
7535,44.5058528
7536,178.56
7537,43.37956345000001
7538,43.91201325
7539,44.00200694999999
7540,42.6511098
7541,41.81259385000001
7542,41.82179165
7543,41.89776025
7544,42.14019535
7545,178.56
7546,178.56
7547,55.95258147900012
7548,178.56
7549,178.56
7550,178.56
7551,178.56
7552,40.17121039999999
7553,39.9077
7554,39.9237
7555,39.93969999999999
7556,39.9557
7557,39.9717
7558,39.9877
7559,40.00369999999999
7560,178.56
7561,39.6517
7562,39.6677
7563,39.68369999999999
7564,39.6997
7565,39.7157
7566,39.7317
7567,39.74769999999999
7568,39.7637
7569,178.56
7570,178.56
7571,38.58758304999999
7572,178.56
7573,178.56
7574,178.56
7575,178.56
7576,37.9038716
7577,37.73303725000001
7578,39.1811997
7579,39.0601405
7580,39.64143
7581,41.73919835000001
7582,41.88164285000001
7583,43.18378179999999
7584,162.955593700001
7585,43.25979189999999
7586,43.9661151
7587,44.1450069
7588,41.45561129999999
7589,40.61661835
7590,40.16165335000001
7591,38.22354004999999
7592,37.82524315
7593,178.56
7594,178.56
7595,49.52238355000009
7596,178.56
7597,178.56
7598,178.56
7599,178.56
7600,40.27094355000001
7601,40.715833
7602,40.28523379999999
7603,40.29648499999999
7604,40.5180751
7605,42.49640209999999
7606,44.34060170000001
7607,44.77318989999999
7608,178.56
7609,43.00444544999999
7610,178.56
7611,46.69132364999998
7612,178.56
7613,169.5046805000008
7614,43.69080170000002
7615,43.4701913
7616,43.13950759999999
7617,42.89304834999998
7618,178.56
7619,178.56
7620,178.56
7621,178.56
7622,44.04118514999999
7623,178.56
7624,42.59335535
7625,40.98771695
7626,42.61609614999999
7627,47.08220195000001
7628,47.13932350000001
7629,46.2528649
7630,46.99774335
7631,46.84254695
7632,46.9033535
7633,48.29881855000002
7634,48.08161815000001
7635,48.12068165
7636,47.4121485
7637,46.4600016
7638,45.93601215
7639,45.47239365
7640,45.3912269
7641,178.56
7642,178.56
7643,178.56
7644,178.56
7645,47.7797966
7646,178.56
7647,178.56
7648,178.56
7649,178.56
7650,58.97107560000065
7651,44.25027045
7652,44.12182175
7653,43.92757489999999
7654,43.6235485
7655,43.1384797
7656,44.93631445000001
7657,44.49822665000001
7658,44.89464305000001
7659,44.4329318
7660,44.1212598
7661,43.2429234
7662,43.37933675
7663,42.63596965000001
7664,42.20947635
7665,41.57539495
7666,41.88857820000001
7667,178.56
7668,41.8013383
7669,42.15885139999998
7670,43.62553165
7671,44.33396295
7672,178.56
7673,44.94740475
7674,178.56
7675,45.50208905
7676,178.56
7677,178.56
7678,178.56
7679,178.56
7680,158.3248500000001
7681,44.54735990000001
7682,44.5179304
7683,45.54290525
7684,45.53771135
7685,45.1535498
7686,45.02062824999999
7687,44.6500147
7688,45.28232615000001
7689,178.56
7690,178.56
7691,178.56
7692,178.56
7693,46.0849349
7694,178.56
7695,178.56
7696,178.56
7697,178.56
7698,66.99109780000013
7699,45.56099355
7700,46.65732130000002
7701,47.11629145
7702,45.00756885000001
7703,45.61657825000001
7704,46.5740684
7705,46.1846917
7706,45.822952
7707,46.90510805
7708,46.6250983
7709,46.8161636
7710,46.78524835000002
7711,46.85080279999999
7712,46.97761054999998
7713,178.56
7714,178.56
7715,178.56
7716,178.56
7717,45.44755835
7718,178.56
7719,178.56
7720,178.56
7721,178.56
7722,84.35055375000098
7723,45.99135010000001
7724,46.47692204999999
7725,45.92006005000002
7726,46.3488349
7727,46.89210165
7728,47.4326371
7729,46.69367994999998
7730,47.80179645000001
7731,48.08700375
7732,47.94643605
7733,110.7908892000005
7734,46.37936635000002
7735,45.8647634
7736,44.4940479
7737,43.57629485
7738,43.65613165000001
7739,178.56
7740,46.13102989999998
7741,46.0147913
7742,46.56672979999999
7743,46.22145345000002
7744,178.56
7745,45.96428230000001
7746,178.56
7747,46.5932883
7748,178.56
7749,178.56
7750,178.56
7751,178.56
7752,178.56
7753,48.7155534
7754,48.10992485
7755,48.99421064999999
7756,47.11524024999999
7757,81.98684200000054
7758,46.36099645000002
7759,45.93747295
7760,45.20996515000002
7761,46.09743995
7762,46.35291
7763,178.56
7764,47.69202164999998
7765,48.3216927
7766,48.58801644999998
7767,47.5343582
7768,178.56
7769,47.76499979999999
7770,178.56
7771,46.93658015
7772,178.56
7773,178.56
7774,178.56
7775,178.56
7776,178.56
7777,38.37456329999999
7778,37.95945469999999
7779,37.8722932
7780,37.24394984999999
7781,37.23783455
7782,36.46762680000001
7783,36.22989345
7784,35.6048686
7785,178.56
7786,178.56
7787,36.21617815
7788,178.56
7789,178.56
7790,178.56
7791,178.56
7792,40.21105984999999
7793,38.5891783
7794,38.12713639999999
7795,38.35012035
7796,37.61119015
7797,38.4146069
7798,38.54561195
7799,37.4960419
7800,108.2642775000002
7801,36.95541985
7802,39.00377994999999
7803,39.4367167
7804,39.34601655
7805,39.06956355000001
7806,38.97212480000001
7807,38.906432
7808,38.79134855
7809,38.61125555
7810,38.60991185
7811,178.56
7812,38.3527218
7813,40.27538775
7814,40.9731502
7815,41.16159330000001
7816,178.56
7817,42.39015475
7818,178.56
7819,41.91558685
7820,178.56
7821,178.56
7822,178.56
7823,172.9262387999998
7824,38.44856359999999
7825,37.17895825000001
7826,37.08233634999999
7827,37.16899340000001
7828,36.50039025
7829,35.60914685
7830,35.37101860000001
7831,35.22696834999999
7832,35.17387015000001
7833,34.96422339999999
7834,34.9341519
7835,178.56
7836,34.4531299
7837,34.4133417
7838,33.56045155
7839,33.8592804
7840,164.5328298999997
7841,34.4347349
7842,178.56
7843,35.14427975
7844,178.56
7845,178.56
7846,178.56
7847,36.05197975
7848,36.35295375
7849,36.1555182
7850,36.18697300000002
7851,35.28504129999999
7852,35.0472529
7853,34.10667485
7854,33.64044325
7855,33.59587000000001
7856,33.56108659999999
7857,33.9066466
7858,34.48890839999999
7859,178.56
7860,35.4065361
7861,34.6117266
7862,35.11858365
7863,41.10140519999999
7864,178.56
7865,45.79630495
7866,178.56
7867,38.04234014999999
7868,178.56
7869,178.56
7870,178.56
7871,98.58926195000001
7872,38.40822959999999
7873,37.52622835
7874,35.75351839999999
7875,36.97581515
7876,37.6150932
7877,36.78409354999999
7878,36.9457599
7879,36.58939204999999
7880,36.3201981
7881,35.3563365
7882,34.12317664999999
7883,178.56
7884,37.71739835
7885,37.67097320000001
7886,38.42908844999999
7887,39.04874955
7888,178.56
7889,39.55956140000001
7890,178.56
7891,42.61751510000001
7892,178.56
7893,178.56
7894,178.56
7895,134.0253620000003
7896,40.6942318
7897,39.69702324999999
7898,39.0436552
7899,40.17298305
7900,40.52327340000001
7901,39.68365675
7902,39.50881509999999
7903,39.22860325
7904,178.56
7905,38.42150495
7906,37.94745485000001
7907,37.6970166
7908,143.5900618999998
7909,178.56
7910,178.56
7911,39.8888201
7912,178.56
7913,178.56
7914,178.56
7915,39.41514020000001
7916,39.78165504999999
7917,39.2874934
7918,38.46523824999999
7919,38.45241849999999
7920,38.14906979999999
7921,36.93349310000001
7922,36.4707183
7923,36.38804815
7924,36.15341285
7925,36.52212835000001
7926,36.49945325
7927,36.37098650000001
7928,36.33919174999999
7929,36.09918515000001
7930,36.15185155
7931,178.56
7932,36.90044650000001
7933,37.51935690000001
7934,37.79581819999999
7935,37.72952015000001
7936,178.56
7937,38.457325
7938,178.56
7939,38.99492195000001
7940,178.56
7941,178.56
7942,178.56
7943,93.84245289999971
7944,39.37098725
7945,38.994875
7946,38.43352214999999
7947,37.50322815000001
7948,37.0244484
7949,36.8505882
7950,36.78860675000001
7951,36.68307425
7952,36.45373825000001
7953,79.39883325000014
7954,178.56
7955,178.56
7956,178.56
7957,35.5899199
7958,36.3887901
7959,178.56
7960,178.56
7961,178.56
7962,37.26338010000001
7963,38.38682344999999
7964,38.2263098
7965,37.75647685000001
7966,38.19604970000001
7967,38.69062365
7968,38.79788694999999
7969,39.71926195
7970,37.35403645
7971,37.15399665
7972,37.9968847
7973,38.7425335
7974,37.99439035
7975,37.64289825
7976,37.72011315
7977,139.7815145500006
7978,178.56
7979,178.56
7980,178.56
7981,39.8626321
7982,39.7206717
7983,178.56
7984,178.56
7985,178.56
7986,41.55462645
7987,41.01124049999999
7988,41.11186694999999
7989,37.98069340000001
7990,37.56402665
7991,37.20356974999999
7992,38.92128815
7993,39.48780355
7994,39.59349005
7995,39.70575849999999
7996,38.32312655
7997,39.96091175000001
7998,40.03202940000001
7999,39.93969795
8000,39.99934990000001
8001,167.1397468000001
8002,178.56
8003,178.56
8004,178.56
8005,40.5976513
8006,40.45992664999999
8007,178.56
8008,178.56
8009,178.56
8010,41.23777139999999
8011,41.76028465
8012,41.7586854
8013,41.44596845
8014,38.22763865000001
8015,38.35213504999999
8016,39.5059018
8017,39.0844147
8018,38.7166982
8019,38.8386464
8020,39.5010248
8021,37.92340000000002
8022,36.9386095
8023,37.22377975
8024,37.0032801
8025,71.70502739999984
8026,178.56
8027,178.56
8028,178.56
8029,32.5235599
8030,33.59205865000001
8031,178.56
8032,178.56
8033,178.56
8034,38.9479751
8035,38.31484625
8036,37.57989505
8037,36.27435485
8038,36.38852975
8039,36.88570674999999
8040,37.70811634999999
8041,37.22543335
8042,37.69591715
8043,37.03109000000001
8044,36.75295075
8045,36.0708534
8046,36.34259285000001
8047,37.1157416
8048,36.92743485
8049,68.96417739999983
8050,178.56
8051,178.56
8052,178.56
8053,38.24598025
8054,36.1614381
8055,178.56
8056,178.56
8057,178.56
8058,35.9851802
8059,36.59270489999999
8060,36.27461649999999
8061,35.37853344999999
8062,34.36678525000001
8063,34.99801505
8064,36.26253354999999
8065,36.3697252
8066,36.88101849999999
8067,37.36042989999999
8068,37.0661387
8069,36.7099534
8070,36.93327515
8071,36.10485985
8072,35.44221474999999
8073,87.3249737500005
8074,178.56
8075,178.56
8076,178.56
8077,37.10146635
8078,36.3625185
8079,178.56
8080,178.56
8081,178.56
8082,39.36773520000001
8083,39.4309981
8084,40.13431499999999
8085,40.9839865
8086,40.8169838
8087,40.16352355
8088,40.0943286
8089,38.86771525
8090,40.50309840000001
8091,39.00848665
8092,39.61386674999999
8093,39.87131645
8094,39.8497413
8095,41.0341985
8096,40.5607168
8097,40.72186145000001
8098,42.33493315
8099,178.56
8100,42.27755845
8101,41.33615445
8102,40.46005519999999
8103,41.13830975
8104,178.56
8105,40.87941555
8106,178.56
8107,41.30046650000001
8108,178.56
8109,178.56
8110,178.56
8111,178.56
8112,55.4362819000001
8113,38.2170279
8114,39.18951514999999
8115,39.0717188
8116,39.80570695
8117,39.93057005000001
8118,41.31813125
8119,40.61948000000001
8120,40.60022504999999
8121,178.56
8122,178.56
8123,178.56
8124,178.56
8125,46.7468531
8126,73.54792650000059
8127,178.56
8128,178.56
8129,178.56
8130,41.69817649999999
8131,42.32555665
8132,40.74655645000001
8133,40.03349465000001
8134,38.25009665
8135,37.79828490000001
8136,36.30871515
8137,35.43199305000001
8138,35.59141499999999
8139,35.74044135000001
8140,36.3827266
8141,35.98611684999999
8142,35.98516644999999
8143,35.52877190000001
8144,35.5102134
8145,56.87282924999996
8146,178.56
8147,178.56
8148,178.56
8149,38.8171362
8150,37.32721805
8151,178.56
8152,178.56
8153,178.56
8154,37.93810129999999
8155,40.08956825
8156,38.50664484999999
8157,36.9757518
8158,35.99432645
8159,35.71574665
8160,35.8875066
8161,35.28213704999999
8162,36.2006864
8163,36.65903350000001
8164,36.84034545
8165,36.32587055
8166,36.40160874999999
8167,36.19434519999999
8168,35.65086665
8169,35.11673829999999
8170,178.56
8171,178.56
8172,178.56
8173,34.81260500000001
8174,35.42685825
8175,178.56
8176,178.56
8177,171.3563578500002
8178,34.1138598
8179,34.76047139999999
8180,34.45439175000001
8181,35.03705640000001
8182,35.77109965
8183,36.08384340000001
8184,35.84143494999999
8185,34.24784349999999
8186,32.22679005
8187,32.25527505
8188,32.9130517
8189,35.28501365000001
8190,34.8418268
8191,35.79405515000001
8192,33.43676845
8193,32.55263835
8194,178.56
8195,178.56
8196,178.56
8197,32.11137175
8198,32.3087431
8199,178.56
8200,178.56
8201,115.8933457999997
8202,33.4764464
8203,33.6829116
8204,34.16281815000001
8205,35.70327134999999
8206,35.64353695
8207,36.42867500000001
8208,37.3363167
8209,36.87794335
8210,36.3271682
8211,36.2940535
8212,35.74940185
8213,36.04654315000001
8214,36.2457749
8215,34.77309015
8216,34.66411155
8217,44.40097365000016
8218,178.56
8219,178.56
8220,178.56
8221,34.76977864999999
8222,33.6919388
8223,178.56
8224,178.56
8225,178.56
8226,37.07034845
8227,35.70436315000001
8228,38.4394898
8229,38.1273049
8230,37.19433480000001
8231,35.92144655
8232,37.27772359999999
8233,36.33533145
8234,39.18610469999999
8235,37.80684644999999
8236,37.52465545
8237,37.40018485
8238,36.85497340000001
8239,36.97444715
8240,36.78249194999999
8241,81.69488260000033
8242,178.56
8243,178.56
8244,178.56
8245,35.2771167
8246,36.98933495000001
8247,178.56
8248,178.56
8249,178.56
8250,38.07567525000001
8251,39.6821102
8252,39.53664815
8253,38.3360483
8254,38.64479505
8255,38.6512618
8256,39.31739859999999
8257,39.6198762
8258,40.34405649999999
8259,40.40350739999999
8260,41.36149199999999
8261,40.80899330000001
8262,39.9194268
8263,37.7557403
8264,36.06895845
8265,104.3003380999997
8266,178.56
8267,178.56
8268,178.56
8269,37.54394145000001
8270,36.89486315
8271,178.56
8272,178.56
8273,178.56
8274,37.99680545
8275,38.21498475
8276,38.21527295
8277,36.68905515
8278,37.8770135
8279,38.57255680000001
8280,39.15159185
8281,39.74721995000001
8282,40.61104545000001
8283,40.7190785
8284,41.1130199
8285,41.18385545
8286,40.35662214999999
8287,40.14041169999998
8288,37.87458974999998
8289,140.2798565000002
8290,178.56
8291,178.56
8292,178.56
8293,37.89650985
8294,38.93701369999999
8295,178.56
8296,178.56
8297,178.56
8298,40.7099187
8299,40.31501285
8300,40.28886519999999
8301,39.92789464999998
8302,39.8345184
8303,39.3648867
8304,39.7507616
8305,40.34292544999998
8306,41.14733120000001
8307,41.25243140000001
8308,40.05276660000001
8309,39.45419634999999
8310,39.42380325000001
8311,38.98434800000001
8312,37.44610310000001
8313,37.0411148
8314,36.8140883
8315,178.56
8316,38.01705665
8317,39.95400525
8318,42.3033618
8319,42.10011335
8320,178.56
8321,44.60702175
8322,178.56
8323,42.42398784999999
8324,178.56
8325,178.56
8326,178.56
8327,178.56
8328,79.20660180000033
8329,41.2575016
8330,40.9070548
8331,39.71780325
8332,38.47461540000002
8333,38.00441505000001
8334,36.97443309999999
8335,37.16661635000001
8336,37.02874490000001
8337,36.9131485
8338,36.79480195
8339,178.56
8340,38.11823835
8341,38.17275705
8342,38.44696375
8343,38.1376202
8344,178.56
8345,38.95947529999999
8346,178.56
8347,37.91639020000001
8348,178.56
8349,178.56
8350,178.56
8351,110.4881474500008
8352,37.1917584
8353,37.9014386
8354,37.78098340000001
8355,36.56344295
8356,35.39457855000001
8357,36.19652815000001
8358,35.61421040000001
8359,35.60949325
8360,35.2599269
8361,34.56512489999999
8362,34.28011015000001
8363,178.56
8364,33.80312175
8365,35.49482455
8366,36.82534304999999
8367,37.92819775
8368,178.56
8369,39.84613010000001
8370,178.56
8371,41.3209083
8372,178.56
8373,178.56
8374,178.56
8375,100.5825005000004
8376,39.81905385
8377,40.16413825000001
8378,39.13446024999998
8379,38.69311645000001
8380,38.24898675
8381,37.85591515
8382,37.7638118
8383,37.4792181
8384,36.9204506
8385,38.84192529999999
8386,39.8129077
8387,178.56
8388,43.64476695
8389,43.55540515
8390,38.55885195
8391,38.95349024999999
8392,178.56
8393,40.52935865000001
8394,178.56
8395,40.1578782
8396,178.56
8397,178.56
8398,178.56
8399,152.8940837999996
8400,39.1101587
8401,38.35694834999999
8402,38.46474329999999
8403,39.48808679999999
8404,40.08310810000001
8405,39.95664025000001
8406,39.6529152
8407,39.72481304999999
8408,39.26530134999999
8409,39.05285005000001
8410,38.2209882
8411,178.56
8412,37.05576635
8413,37.6443345
8414,37.2139368
8415,38.6076315
8416,178.56
8417,39.1538265
8418,178.56
8419,41.09102650000001
8420,178.56
8421,178.56
8422,178.56
8423,150.8483387000003
8424,40.4405902
8425,40.27787825
8426,40.67385504999999
8427,41.35051505
8428,41.51776510000001
8429,40.96550515000001
8430,40.54173309999999
8431,40.50927835
8432,38.64690014999999
8433,178.56
8434,178.56
8435,51.4310855150006
8436,178.56
8437,178.56
8438,178.56
8439,178.56
8440,38.93881835
8441,38.60395490000001
8442,39.5711801
8443,39.06878641500001
8444,40.39239335000001
8445,40.49949150000002
8446,40.70526035
8447,41.3792619
8448,178.56
8449,40.74869619999999
8450,40.1985448325
8451,39.91706835
8452,39.62523300000001
8453,37.5999267825
8454,37.11745140000001
8455,36.5389935
8456,178.56
8457,20.04879161
8458,18.93115
8459,18.94714999999999
8460,18.96315
8461,18.97914999999999
8462,178.56
8463,28.553943345
8464,178.56
8465,178.56
8466,173.708696406
8467,32.227905
8468,32.244015
8469,32.2378866
8470,32.20977665
8471,32.3132267
8472,32.52167165
8473,32.26802675
8474,32.23636
8475,32.27109650000001
8476,32.28357665
8477,32.30834
8478,32.31580495000001
8479,32.36783
8480,32.41540000000001
8481,32.25494165000001
8482,36.3974081
8483,178.56
8484,38.8741036
8485,38.54114665
8486,37.98945505
8487,39.11988395
8488,178.56
8489,40.00705975
8490,178.56
8491,43.3025949
8492,178.56
8493,178.56
8494,178.56
8495,116.8223847000004
8496,41.75587820000001
8497,41.48697980000001
8498,41.5795216
8499,41.72599995
8500,41.43036965
8501,41.64695475
8502,40.85209794999999
8503,39.55354379999999
8504,39.66452875
8505,168.5082725
8506,178.56
8507,178.56
8508,178.56
8509,39.28623175000001
8510,39.0051401
8511,178.56
8512,178.56
8513,178.56
8514,39.64022340000001
8515,40.27401955
8516,40.84302649999999
8517,40.6413553
8518,41.02169290000001
8519,40.41256325
8520,40.9888666
8521,40.62644995
8522,40.17520674999999
8523,40.04008510000001
8524,40.12934509999998
8525,39.4711552
8526,38.87763449999999
8527,38.82521449999999
8528,38.3844216
8529,37.39377475000001
8530,38.05089159999999
8531,178.56
8532,39.5119386
8533,39.24204855000001
8534,39.3581301
8535,39.7816617
8536,178.56
8537,39.42528825
8538,178.56
8539,40.30091505
8540,178.56
8541,178.56
8542,178.56
8543,157.0066344500006
8544,40.08274145000001
8545,39.77769010000002
8546,39.28878975
8547,38.52353315000001
8548,38.98257665000001
8549,39.18484290000001
8550,38.4186231
8551,39.15417015
8552,38.72694355000001
8553,39.1499432
8554,38.12490305000001
8555,178.56
8556,35.97127654999999
8557,35.4354062
8558,35.6008599
8559,36.30054735000001
8560,178.56
8561,36.55309655
8562,178.56
8563,36.91086160000001
8564,178.56
8565,178.56
8566,178.56
8567,90.08145874999983
8568,38.2308919
8569,37.84874865
8570,38.06689165
8571,38.00548825
8572,38.40757055
8573,38.24945824999999
8574,38.0619301
8575,38.05494040000001
8576,38.0619933
8577,45.0491148499996
8578,178.56
8579,178.56
8580,178.56
8581,35.41172
8582,35.49278515
8583,178.56
8584,178.56
8585,178.56
8586,34.47625535
8587,34.45139014999999
8588,34.28732005000001
8589,34.27112655000001
8590,34.3155065
8591,34.57068345
8592,35.5296397
8593,34.9154881
8594,34.36473165
8595,34.3393165
8596,34.14200795
8597,34.0616669
8598,33.92787365
8599,34.06956635
8600,34.2587072
8601,178.56
8602,178.56
8603,33.668395
8604,33.70522190000001
8605,34.25100025
8606,34.44888535
8607,178.56
8608,178.56
8609,178.56
8610,142.3159325000001
8611,34.79358195
8612,34.69252335000001
8613,34.94812164999999
8614,35.2086698
8615,35.15064
8616,36.18459814999999
8617,35.7627631
8618,35.01952489999999
8619,34.57962990000001
8620,34.5154767
8621,34.43759214999999
8622,34.23235345000001
8623,33.91637325000001
8624,34.0378264
8625,34.5163216
8626,178.56
8627,178.56
8628,178.56
8629,35.5016266
8630,35.15844005
8631,178.56
8632,178.56
8633,167.8206067499996
8634,36.89779445
8635,37.04964515
8636,36.3531933
8637,36.54917189999999
8638,36.538442
8639,36.02930150000001
8640,36.28552304999999
8641,36.05552829999999
8642,36.05387349999999
8643,35.63178009999999
8644,35.37747349999999
8645,35.30415325
8646,34.5831979
8647,34.2894022
8648,34.5754516
8649,34.23725155
8650,178.56
8651,178.56
8652,178.56
8653,37.00935980000001
8654,37.09852815
8655,178.56
8656,178.56
8657,178.2519605000003
8658,35.86614195
8659,35.6292517
8660,35.8851249
8661,35.45250775
8662,35.23472145
8663,35.41693154999999
8664,35.86570835
8665,35.4554418
8666,35.63900845
8667,35.53554800000001
8668,35.1921965
8669,35.0927149
8670,35.33834839999999
8671,35.0963432
8672,35.15614184999999
8673,34.87033849999999
8674,178.56
8675,178.56
8676,178.56
8677,34.57335500000001
8678,34.27570859999999
8679,178.56
8680,178.56
8681,148.4485070999999
8682,34.41859669999999
8683,34.34751335000001
8684,34.46071635000001
8685,34.47380175
8686,34.4830182
8687,34.23395485
8688,34.67446330000001
8689,33.5990818
8690,33.5742533
8691,33.60862324999999
8692,33.5909266
8693,33.61158289999999
8694,33.78791650000001
8695,33.80490655
8696,33.8278737
8697,33.7384382
8698,33.64165214999999
8699,178.56
8700,33.73899175
8701,34.42183025
8702,34.42732540000001
8703,34.31004185
8704,144.8692649999999
8705,34.89176675
8706,178.56
8707,35.2381101
8708,178.56
8709,178.56
8710,178.56
8711,36.64321165
8712,36.6659035
8713,36.62310975
8714,36.17377395000001
8715,36.89159174999999
8716,36.3043518
8717,35.53827
8718,35.252255
8719,35.25914340000001
8720,34.87842805
8721,34.96233545
8722,35.1703219
8723,178.56
8724,35.3044929
8725,34.58734329999999
8726,34.67711665
8727,34.70811380000001
8728,157.5462518000005
8729,35.7527367
8730,178.56
8731,35.00942025000001
8732,178.56
8733,178.56
8734,178.56
8735,34.1122582
8736,34.48482335
8737,33.35334155
8738,33.28948215
8739,33.74115494999999
8740,33.95959140000001
8741,34.0006168
8742,33.7751202
8743,33.68793975
8744,33.3736652
8745,33.37443015000001
8746,178.56
8747,178.56
8748,178.56
8749,33.23568155
8750,33.67930689999999
8751,178.56
8752,178.56
8753,151.6773525500007
8754,37.9700018
8755,37.0388646
8756,36.96787310000001
8757,37.2159369
8758,34.53427820000001
8759,34.04491994999999
8760,33.61956319999999
