Hour,Load_Profile
1,429.4181329861112
2,433.2882215277777
3,438.4870986805557
4,429.5931888888888
5,422.6576190277777
6,428.332397986111
7,429.8764497222222
8,429.6156321527777
9,430.0963036805556
10,429.9411822222223
11,1240.0
12,419.0733861805556
13,415.3375940972222
14,406.3424477777777
15,412.5077463888888
16,700.2797835416707
17,417.5937475694443
18,1240.0
19,423.9873317361111
20,1240.0
21,1240.0
22,1240.0
23,432.2040289583334
24,445.9401027083334
25,441.4417140972222
26,436.0942619444446
27,438.7992014583332
28,431.8242245138889
29,433.8154858333334
30,431.2926226388888
31,424.7931999305555
32,434.4837466666667
33,424.9873857638889
34,423.0751714583333
35,1240.0
36,431.151341736111
37,423.7455692361112
38,425.3814109027778
39,415.2469513888889
40,539.4066563888914
41,407.4176297916667
42,1240.0
43,401.9305684722223
44,1240.0
45,1240.0
46,1240.0
47,399.1733472222222
48,401.8365730555556
49,404.9599307638889
50,410.340437986111
51,413.3981075
52,413.7272713194444
53,414.099568263889
54,418.0805304861112
55,417.2311602083333
56,414.1929983333333
57,407.1857698611112
58,411.0815299305554
59,1240.0
60,410.8572066666668
61,409.0549647916665
62,404.5163747916665
63,394.6375071527776
64,536.4086118055538
65,416.8130536111111
66,1240.0
67,416.6675163194445
68,1240.0
69,1240.0
70,1240.0
71,421.3386566666667
72,420.4998063194444
73,417.3931120138889
74,412.1807763888888
75,409.0310267361112
76,410.2569206944443
77,412.8948405555554
78,408.7084516666666
79,402.6271861111111
80,395.2144554166666
81,389.5156975694445
82,391.57041
83,1240.0
84,411.6459234027777
85,403.9323259027778
86,405.868154513889
87,405.9313829861111
88,463.1492599305568
89,405.28266625
90,1240.0
91,421.8063728472222
92,1240.0
93,1240.0
94,1240.0
95,415.4133968055555
96,415.5099506249999
97,404.7273324305557
98,406.1257574305554
99,402.367678125
100,401.0176396527779
101,408.5414827083333
102,405.4461109027778
103,407.5480490277777
104,413.5099796527779
105,420.1706075
106,1240.0
107,1240.0
108,1240.0
109,424.5763467361111
110,426.6624230555556
111,1240.0
112,1240.0
113,629.0877162500014
114,413.2904363194445
115,414.0874772222223
116,416.2275692361112
117,419.2971859027779
118,416.7869718055554
119,418.2431429166667
120,425.7268910416665
121,434.0928438194446
122,432.5768620833332
123,435.2481014583332
124,425.6157470833332
125,424.2696290972222
126,418.6754891666666
127,416.2428175694444
128,417.6435598611112
129,416.3883397916666
130,1240.0
131,1240.0
132,1240.0
133,425.4217415972222
134,435.2040845833332
135,1240.0
136,1240.0
137,813.4310000694436
138,437.3957106944443
139,435.8103871527779
140,437.7242902083334
141,444.2141690972223
142,443.5735222916666
143,443.7804102083332
144,425.8441726388889
145,421.7594781944442
146,426.4009959027779
147,419.5242430555555
148,424.3432875694444
149,429.8931199305555
150,433.6685709027777
151,432.9305993055557
152,441.9092562499999
153,445.3041556249999
154,1240.0
155,1240.0
156,1240.0
157,433.1645222916665
158,438.1789241666667
159,1240.0
160,1240.0
161,858.7127195833338
162,425.5954602083333
163,424.9501822222222
164,419.8449675
165,412.1513272916666
166,418.6989576388888
167,416.2060296527777
168,417.6319131249999
169,415.1647524305556
170,424.0715713888887
171,429.8818168749999
172,429.8922779861111
173,428.8038980555556
174,426.5309129861111
175,412.3584115972224
176,411.2775172916666
177,414.2130893055555
178,1240.0
179,1240.0
180,1240.0
181,427.5895079166665
182,437.9456005555555
183,1240.0
184,1240.0
185,761.2005197916681
186,410.6503318749999
187,430.5380265277777
188,431.72773875
189,433.8441221527777
190,441.0307319444443
191,439.6675072222223
192,436.1808903472221
193,426.3126427777778
194,437.2312670833333
195,425.8876144444445
196,424.662520625
197,423.1789770833333
198,419.3276752777777
199,413.5365859722222
200,411.515286875
201,413.65288125
202,1240.0
203,1240.0
204,1240.0
205,406.6146709722222
206,398.9506261805556
207,1240.0
208,1240.0
209,483.861229930557
210,417.4213395138888
211,407.7806094444443
212,406.4250424305556
213,399.7211779166666
214,403.6566868055555
215,408.5131599305555
216,412.7887492361109
217,409.3583802777778
218,408.4150787499999
219,410.3261312499999
220,406.1440172222223
221,405.0898536805555
222,401.7456561805556
223,402.6009847222222
224,399.3824396527777
225,411.0655388194444
226,1240.0
227,1240.0
228,1240.0
229,420.9060168055556
230,417.5256283333334
231,1240.0
232,1240.0
233,465.5937574305515
234,399.4126125694445
235,403.1265646527777
236,391.2048845833332
237,386.0055524305555
238,393.8580795138888
239,396.4407392361111
240,406.8929005555555
241,411.2306231250001
242,413.8106019444444
243,412.0764579166668
244,407.1993819444444
245,399.3742097916667
246,398.3647786805555
247,392.0790790972222
248,385.8067300694445
249,380.3206113194444
250,1240.0
251,1240.0
252,904.2127032638863
253,376.1631348611111
254,375.0034531249999
255,1240.0
256,1240.0
257,388.5907793055555
258,385.9964305555556
259,383.9221963888889
260,389.3460117361111
261,390.5203925
262,386.3782061805555
263,379.9793180555556
264,380.9590584722222
265,375.7976089583333
266,374.2395572222222
267,373.5051570833333
268,372.0736595138888
269,372.5097624305556
270,370.6952272916666
271,361.0560950694444
272,358.3159533333334
273,634.0048839583313
274,1240.0
275,366.7077322222221
276,367.1245934027778
277,370.1334277083333
278,370.4287251388889
279,1240.0
280,1240.0
281,1240.0
282,357.6351216666666
283,353.6636896527777
284,361.9218910416665
285,360.7158668749999
286,363.7432390277777
287,364.3185520138889
288,377.3177751388888
289,375.4675108333334
290,376.0103822222222
291,372.2027531249999
292,373.2662640972223
293,373.6084357638887
294,373.1585131944445
295,368.9637437499999
296,361.1934676388889
297,359.1760919444444
298,1240.0
299,1240.0
300,782.8496333333294
301,358.3832607638889
302,388.114125
303,1240.0
304,1240.0
305,392.7179399305555
306,394.2489818750001
307,385.4643352777776
308,382.4789305555555
309,388.478462361111
310,391.6607250694444
311,400.7267138194443
312,408.42951625
313,405.3600838194444
314,385.1195497916665
315,374.2683850694444
316,369.1490847916666
317,362.7179310416666
318,362.5897318750001
319,360.5424044444443
320,358.4808256944445
321,351.3753896527778
322,1240.0
323,1240.0
324,735.9548509027761
325,377.5660636805555
326,376.0247686805554
327,1240.0
328,1240.0
329,390.6029307638888
330,383.4395672916667
331,386.6695986805556
332,389.4246178472221
333,370.3107425694445
334,377.2119944444444
335,394.002406875
336,391.7247950000001
337,397.6196209027776
338,402.5441840972222
339,406.355106111111
340,414.1568340972222
341,390.1805512500001
342,390.2218531944444
343,376.2644822222222
344,367.2923304166666
345,365.6150404861111
346,1240.0
347,1240.0
348,844.0674586111148
349,366.2682790277777
350,377.4173656944445
351,1240.0
352,1240.0
353,388.7009267361111
354,374.0648187499999
355,372.5664789583333
356,371.6201460416667
357,362.7371183333334
358,370.9655531944445
359,384.0187871527778
360,391.3579765277779
361,385.8496736111109
362,385.9768918055556
363,378.6498984722223
364,375.3042640277777
365,370.1159850694445
366,365.970596736111
367,364.6362358333334
368,1240.0
369,359.7551941666666
370,355.1822030555555
371,363.5682040277777
372,375.9478702777777
373,377.7004578472223
374,1240.0
375,387.5264205555555
376,1240.0
377,1240.0
378,808.2603381944416
379,382.976090972222
380,387.9887083333333
381,390.8175177083333
382,405.5239372916667
383,402.1244786805555
384,385.77476875
385,400.5458031944444
386,420.8021052083332
387,419.7083629861111
388,423.3855990972223
389,419.3266554166667
390,424.8866494444443
391,405.5200265277777
392,396.1439844444445
393,393.7934699999999
394,1240.0
395,1240.0
396,1240.0
397,407.7939089583332
398,404.9272154861112
399,1240.0
400,1240.0
401,476.3840789583283
402,421.9729013888889
403,423.9320725694445
404,427.1080984722223
405,426.4248498611109
406,427.7598227777776
407,421.183406875
408,440.6283515277777
409,433.2282018750001
410,437.6337243055556
411,429.0428323611112
412,423.0902554861111
413,431.6370343055555
414,420.8662441666667
415,404.8368372222222
416,1240.0
417,408.3140322916667
418,422.7726941666667
419,435.7066899305555
420,420.244610625
421,610.2758187500023
422,1240.0
423,414.7788871527777
424,1240.0
425,1240.0
426,1240.0
427,429.735591736111
428,427.3501429166666
429,429.8746982638889
430,426.2891611805554
431,431.5047892361111
432,431.6533977777777
433,434.0085390277777
434,441.165925763889
435,448.7635624305555
436,439.5536434722223
437,437.1878004861111
438,429.1535524305555
439,422.383920486111
440,420.6328354861111
441,419.4248508333334
442,1240.0
443,1240.0
444,1240.0
445,429.2107886111111
446,423.3302208333334
447,1240.0
448,1240.0
449,679.5698875000003
450,404.5391729166665
451,401.8963501388889
452,414.3280521527777
453,430.0499140972222
454,427.620081875
455,426.6283029166667
456,427.5255186805556
457,422.6378464583333
458,429.7606561111112
459,436.5023857638889
460,428.0084525694445
461,422.8893302083333
462,418.367131875
463,412.1550411805557
464,404.6501705555555
465,404.2460440277779
466,1240.0
467,1240.0
468,1240.0
469,412.5693449305554
470,424.0365854861111
471,1240.0
472,1240.0
473,672.9833216666668
474,430.2361364583335
475,424.4805186805556
476,426.5478840972223
477,430.7222344444444
478,430.8669181249999
479,432.695791111111
480,436.8180979166667
481,421.745755763889
482,426.9223510416667
483,427.7972897916665
484,414.6635675
485,406.5113290972223
486,406.6007521527777
487,407.3393357638889
488,409.6963436805555
489,1107.475517438196
490,1240.0
491,406.4903568055556
492,385.3907030555554
493,380.0940543750001
494,381.1342159576388
495,1240.0
496,1240.0
497,1240.0
498,388.1470833333333
499,388.3026388888889
500,388.4581944444444
501,388.61375
502,388.7693055555554
503,388.9248611111111
504,389.0804166666666
505,385.5026388888889
506,385.6581944444444
507,385.8137499999999
508,385.9693055555555
509,386.1248611111111
510,386.2804166666666
511,386.4359722222222
512,386.5915277777777
513,903.7405868749975
514,1240.0
515,375.1570574305554
516,374.2454887499999
517,382.5085002083333
518,381.1308292361111
519,1240.0
520,1240.0
521,1240.0
522,380.9283304166667
523,379.7513659722222
524,385.4027916666666
525,405.7977617361112
526,407.1826388194445
527,419.8423230555555
528,425.9987063888888
529,420.5813101388887
530,427.4483412499999
531,429.1875670833332
532,403.0406654166666
533,394.8837895138889
534,390.4605186805556
535,371.617750486111
536,367.7454195138889
537,1059.686794930558
538,1240.0
539,386.2525454861112
540,380.6068991666666
541,377.3493276388889
542,382.8620799305555
543,1240.0
544,1240.0
545,1240.0
546,391.6619952777776
547,391.7713819444444
548,393.9257301388889
549,413.159464861111
550,431.0891831944446
551,435.2949018055554
552,421.8793877083333
553,418.0987752083333
554,444.6257603472221
555,453.9434243749998
556,436.2241007638888
557,425.8518687499999
558,424.7716831944446
559,422.6268598611111
560,419.4118794444443
561,1240.0
562,1240.0
563,422.0789353472221
564,427.7546102083332
565,436.5354111805556
566,428.1781889583332
567,1240.0
568,1240.0
569,1240.0
570,723.6841863194416
571,457.7436300694446
572,458.2989784722223
573,449.6806309722222
574,456.9225047916668
575,455.4136509027778
576,456.0048256944445
577,469.571847013889
578,467.4601764583334
579,467.8399604861111
580,460.95144375
581,451.69446
582,446.600118125
583,442.0927160416667
584,441.3035948611111
585,1240.0
586,1240.0
587,451.1371729861111
588,453.3686893750001
589,464.5258002777777
590,428.2336250694444
591,1240.0
592,1240.0
593,1240.0
594,888.5854611805554
595,430.2109627083333
596,428.9621559027778
597,427.0736448611109
598,424.1178326388888
599,419.4018859722223
600,436.8808349305556
601,432.6216479861111
602,436.4756963194445
603,431.9868369444443
604,428.9566924999999
605,420.4173108333333
606,421.7435517361111
607,414.5163715972222
608,410.3699089583333
609,1240.0
610,1240.0
611,404.2817765972222
612,406.4019001388888
613,409.8777219444443
614,424.1371132638889
615,1240.0
616,1240.0
617,1240.0
618,733.6994794444443
619,442.3814213194445
620,444.6838817361112
621,442.3993184722222
622,431.007898611111
623,440.1466149305556
624,431.4835281944443
625,433.0993323611112
626,432.8132122222222
627,442.778245486111
628,442.7277492361112
629,438.9928452777778
630,437.7005524305555
631,434.0973651388889
632,440.2448375694445
633,1240.0
634,1240.0
635,436.4592205555555
636,446.0695565277777
637,448.0479781944446
638,439.4684870138889
639,1240.0
640,1240.0
641,1240.0
642,966.3570747916683
643,442.9541039583334
644,453.6128459722223
645,458.0750557638889
646,437.5735860416667
647,443.494510763889
648,452.8034427777777
649,449.0178359722221
650,445.5009222222222
651,456.0218838194445
652,453.2995668055556
653,455.157146111111
654,454.8565811805557
655,455.4939161111109
656,456.7267692361109
657,1240.0
658,1240.0
659,442.66432
660,442.8842191666666
661,441.851261736111
662,441.0036706249999
663,1240.0
664,1240.0
665,1240.0
666,1041.779025833332
667,447.1381259722223
668,451.8589643749999
669,446.445028263889
670,450.6136726388887
671,455.8954327083333
672,461.1506384722222
673,453.966332847222
674,464.7396877083334
675,467.5125364583332
676,466.1459060416666
677,458.5782945138887
678,450.9105061805557
679,445.9074219444443
680,432.5810212499999
681,1240.0
682,1240.0
683,437.1693287500001
684,448.4961240277776
685,447.3660265277778
686,452.7320952777776
687,1240.0
688,1240.0
689,1240.0
690,1092.207290555554
691,452.9903029166667
692,449.1343713888887
693,461.9553584722222
694,467.9695086111111
695,471.0366271527777
696,473.4761524305555
697,473.6234358333334
698,467.7353804861112
699,476.3326035416665
700,458.0648357638888
701,451.4479569444445
702,450.7319099305557
703,446.6143203472223
704,439.5413278472224
705,448.1695550694444
706,1240.0
707,1240.0
708,1240.0
709,469.7942345833333
710,472.3834932638887
711,1240.0
712,1240.0
713,1161.253184097226
714,450.124955486111
715,456.3278625694444
716,437.7804340972221
717,423.7061422222222
718,429.6210129166667
719,417.5540663194444
720,387.2365150694444
721,373.0860320833333
722,369.0502540277777
723,368.2028505555555
724,362.0939568749999
725,362.0345025694444
726,354.5463716666667
727,352.2350752083333
728,346.1584447222222
729,342.1937866666667
730,342.8587521527778
731,1240.0
732,375.58222625
733,404.0449116666665
734,400.6427711805555
735,389.1102050694444
736,390.9408596527777
737,375.1725668055556
738,1240.0
739,372.8483922916666
740,1240.0
741,668.7040190277812
742,1240.0
743,364.5448518055555
744,366.0594884722223
745,359.2888040972222
746,379.2034161805555
747,383.4125234722221
748,382.5307164583333
749,379.8429789583333
750,378.8956577777779
751,378.2569777777777
752,377.1381109027778
753,375.387206736111
754,375.3741429861111
755,1240.0
756,372.8736841666666
757,391.5662697916666
758,398.3500713888889
759,400.1821570833334
760,412.1071286111111
761,412.1265045138889
762,1240.0
763,407.5126499305556
764,1240.0
765,1018.741514652779
766,1240.0
767,385.5287717361111
768,373.8054794444444
769,361.4620940972223
770,360.5227145138888
771,361.3652136111111
772,354.8649052083333
773,346.2000388194444
774,343.8849030555556
775,342.4844145138888
776,1143.936656875004
777,339.9299497222221
778,339.6375879166667
779,337.8581606944444
780,334.9609851388889
781,334.5741554166667
782,1240.0
783,329.1874483333333
784,1240.0
785,1240.0
786,338.668281875
787,341.6804975694444
788,344.8431573611111
789,343.7995045138889
790,345.7374710416666
791,350.5053586805556
792,353.4314947916666
793,351.5119825
794,351.8177930555556
795,343.0490126388888
796,340.7371809722222
797,331.5926721527777
798,327.0598649305555
799,326.626513888889
800,1240.0
801,329.6479530555556
802,335.3088316666665
803,340.0016797916667
804,344.2302120833333
805,336.5028975
806,1240.0
807,399.596995
808,1240.0
809,1240.0
810,767.4558803472221
811,369.8560847916666
812,364.2517904861111
813,367.9397152083333
814,363.8180345138888
815,367.3093627777777
816,373.4133433333332
817,364.8383311805555
818,347.603651111111
819,359.4870917361111
820,365.702295
821,357.623131736111
822,359.1948879166666
823,355.730200486111
824,353.1130370833333
825,702.2645374305566
826,1240.0
827,348.1497789583334
828,366.6969284027778
829,366.2455727777779
830,373.6161377083332
831,1240.0
832,1240.0
833,1240.0
834,384.3741995138889
835,414.3369523611112
836,419.5135554166666
837,408.6695097916666
838,407.7484930555554
839,402.734535972222
840,395.6383647222222
841,385.9432815972222
842,379.5910922222223
843,390.5706685416666
844,393.9762691666667
845,385.8133295138889
846,384.1134801388887
847,381.3891982638888
848,1240.0
849,373.5424092361111
850,368.9335888194445
851,366.4987725
852,373.7269248611111
853,384.1536003472222
854,1240.0
855,387.8079731944443
856,1240.0
857,1240.0
858,871.039844375
859,383.2027519444445
860,386.7660907638888
861,381.9617413888888
862,373.9675940972222
863,373.8429576388888
864,370.8937341666665
865,359.0756273611112
866,354.5764279166667
867,353.7726903472222
868,351.4915138194444
869,355.0762478472222
870,354.8557954861111
871,353.6068131944445
872,1240.0
873,350.9643000694446
874,351.4763345138889
875,354.9238199305555
876,358.7543409722223
877,364.7715254166667
878,1240.0
879,366.8147792361111
880,1240.0
881,1240.0
882,620.6255104861107
883,379.1172967361111
884,376.6427281944445
885,372.4757715972223
886,370.1298936805555
887,379.5979974305555
888,382.7734871527778
889,379.1168402777777
890,373.659243125
891,364.614718125
892,359.959915
893,358.2696075000001
894,357.6670100694445
895,356.6409996527778
896,1240.0
897,351.5795859722223
898,349.414445625
899,358.4528115972221
900,357.454260138889
901,346.0131101388889
902,1240.0
903,361.0772083333333
904,1240.0
905,1240.0
906,551.5756356944491
907,373.205227986111
908,371.6446786111111
909,367.0768582638889
910,371.3504831944446
911,376.1588410416666
912,377.2016786805555
913,386.1594911805556
914,363.1642432638888
915,361.219411875
916,369.4141568055555
917,376.6635201388889
918,369.3899061805555
919,365.972621875
920,366.7233222916667
921,870.0064355555579
922,1240.0
923,369.3932214583332
924,380.0421644444444
925,387.5533676388889
926,386.1731970833332
927,1240.0
928,1240.0
929,1240.0
930,404.0033127083333
931,398.7203937499999
932,399.6987064583333
933,369.256741388889
934,365.2058146527778
935,361.7013725694443
936,378.4014125694445
937,383.9092011805555
938,384.9367088194444
939,386.0282076388888
940,372.5859525694444
941,388.5088642361111
942,389.2002858333334
943,388.3026189583333
944,388.8825684722223
945,968.1535194444482
946,1240.0
947,389.888419861111
948,392.6837162499999
949,394.6993876388889
950,393.360397986111
951,1240.0
952,1240.0
953,1240.0
954,400.9227774999999
955,406.0027674305554
956,405.9872191666666
957,402.9469154861111
958,371.6575979861112
959,372.8679796527777
960,384.0851563888889
961,379.9873651388888
962,376.4123436111112
963,377.5979511111111
964,384.0377411111111
965,368.6997222222224
966,359.1253701388888
967,361.8978586805555
968,1240.0
969,359.9474515972221
970,359.5641904166667
971,362.1229645833333
972,341.2521734027778
973,316.2012768055554
974,1240.0
975,344.4100984722222
976,1240.0
977,1240.0
978,516.0899850694475
979,372.5054496527777
980,365.3600907638889
981,352.6673388194445
982,353.7773725694444
983,358.6110378472221
984,366.606686736111
985,361.9139353472222
986,366.4880834027778
987,360.0244861111111
988,357.3203545138889
989,350.6888525
990,353.3307638194445
991,360.8474877777778
992,359.0167277083333
993,507.347011875006
994,1240.0
995,360.9490689583333
996,369.9890366666667
997,371.8359190972221
998,351.5695370833333
999,1240.0
1000,1240.0
1001,1240.0
1002,349.8559186111111
1003,355.7624087499998
1004,352.6698826388888
1005,343.9579640972221
1006,334.1215232638889
1007,340.2584796527778
1008,352.5524095138887
1009,353.5945505555555
1010,358.5654576388888
1011,363.2264018055554
1012,360.3652373611111
1013,356.9023247222221
1014,359.0735084027777
1015,351.0194707638888
1016,344.5770878472221
1017,602.7501927083304
1018,1240.0
1019,344.7778206249999
1020,340.7746625694443
1021,360.7087006249999
1022,353.5244854166666
1023,1240.0
1024,1240.0
1025,1240.0
1026,382.7418700000001
1027,383.3569259722221
1028,390.1947291666666
1029,398.4554243055555
1030,396.8317869444444
1031,390.4787011805556
1032,389.8059724999999
1033,377.8805649305555
1034,393.7801233333334
1035,379.2491757638889
1036,385.1348156249999
1037,387.6377988194444
1038,387.4280404166666
1039,398.9435965277777
1040,394.3403022222222
1041,1117.545678472223
1042,1240.0
1043,414.0323731249999
1044,411.0318182638888
1045,401.879279375
1046,393.3616477777777
1047,1240.0
1048,1240.0
1049,1240.0
1050,394.0056156944444
1051,401.5323131944446
1052,403.9941261805555
1053,407.2065175694444
1054,404.9164238194445
1055,386.1574300694444
1056,377.1241400694444
1057,371.5544379166666
1058,381.0091750694443
1059,379.8639327777777
1060,386.9999286805555
1061,388.2138754861112
1062,401.7040538194444
1063,394.9116111111112
1064,394.7244102083333
1065,1126.91356201389
1066,1240.0
1067,425.3305160416667
1068,452.5906038888887
1069,454.4832940277778
1070,440.7478376388889
1071,1240.0
1072,1240.0
1073,1240.0
1074,405.3989381944443
1075,411.4984674305556
1076,396.1470765972223
1077,389.2145313194445
1078,371.8759396527777
1079,367.4833254166667
1080,353.0013972916668
1081,344.4777102083334
1082,346.0276458333332
1083,347.4765131250001
1084,353.7209530555555
1085,349.8650249305554
1086,349.8557849305554
1087,345.4186156944445
1088,345.2381858333334
1089,425.1249709027762
1090,1240.0
1091,354.3555861805556
1092,363.7784106249999
1093,377.3888241666667
1094,362.9035088194444
1095,1240.0
1096,1240.0
1097,1240.0
1098,368.8426515277777
1099,389.7596913194445
1100,374.3701582638888
1101,359.4864758333333
1102,349.9448404861112
1103,347.2364257638889
1104,348.9063141666666
1105,343.0207768749999
1106,351.9511177777778
1107,356.4072701388889
1108,358.1700252083333
1109,353.1681859027777
1110,353.9045295138889
1111,351.8894672222221
1112,346.6056479861111
1113,341.4127334722222
1114,1240.0
1115,342.2594578472221
1116,337.7577670833333
1117,338.4558819444446
1118,344.4277885416666
1119,1209.476225555557
1120,1240.0
1121,1240.0
1122,331.6625258333333
1123,337.9490274999998
1124,334.973253125
1125,340.6380483333334
1126,347.7745799305555
1127,350.8151441666667
1128,348.4583953472222
1129,332.9651451388888
1130,313.316014375
1131,313.592951875
1132,319.9880026388889
1133,343.0487438194445
1134,338.7399827777778
1135,347.9977584027778
1136,933.5052457638906
1137,316.4839839583333
1138,318.0692102777779
1139,323.061860625
1140,322.1969858333334
1141,312.1938920138888
1142,1240.0
1143,320.4869786805555
1144,1240.0
1145,1240.0
1146,325.4654511111111
1147,327.4727516666666
1148,332.1385097916668
1149,347.115138125
1150,346.5343870138889
1151,354.1676736111111
1152,362.9919679166666
1153,358.5355603472221
1154,353.1808019444445
1155,352.8588534722222
1156,347.5636290972222
1157,350.4525028472223
1158,352.3894781944444
1159,338.0717097916666
1160,1240.0
1161,338.83038
1162,336.3321091666666
1163,329.4961740972222
1164,330.1310191666666
1165,338.0395146527777
1166,1240.0
1167,345.0027466666667
1168,1240.0
1169,1240.0
1170,424.7076113888893
1171,347.1257528472223
1172,373.7172619444444
1173,370.6821309722222
1174,361.6115883333334
1175,349.2362859027778
1176,362.4223127777777
1177,353.2601668749999
1178,380.9760179166666
1179,367.5665627083332
1180,364.8230390972222
1181,363.612908263889
1182,358.312241388889
1183,359.4737917361111
1184,1240.0
1185,350.2898359722221
1186,346.0973906249999
1187,342.8456927777777
1188,338.8578622916665
1189,342.9719679166666
1190,1240.0
1191,363.0071982638888
1192,1240.0
1193,1240.0
1194,606.4799079166711
1195,385.798293611111
1196,384.3840792361111
1197,372.7115806944445
1198,375.7132852083333
1199,375.7761563888889
1200,382.2524863888888
1201,385.1932408333333
1202,392.2338826388888
1203,392.8118774999999
1204,402.1256166666666
1205,396.7541015277779
1206,388.1055383333334
1207,367.0696973611111
1208,350.6704293749999
1209,342.1021736805556
1210,340.2967190972223
1211,1240.0
1212,369.6719400694443
1213,365.0105418750001
1214,358.7000584027778
1215,357.8533651388889
1216,375.0300205555554
1217,377.4216084722221
1218,1240.0
1219,371.5345739583333
1220,1240.0
1221,681.6136838888888
1222,1240.0
1223,375.010968888889
1224,380.6404763194444
1225,386.4313050694445
1226,394.8296085416667
1227,395.8799298611111
1228,399.7099156944444
1229,400.3985946527778
1230,392.3560486805554
1231,390.2540026388887
1232,368.2251781249998
1233,361.4257845138889
1234,353.4369863888889
1235,1240.0
1236,360.9816422916666
1237,368.4382902083333
1238,378.554299861111
1239,387.9626882638889
1240,384.3974647916667
1241,388.7450670833334
1242,1240.0
1243,391.9515138194445
1244,1240.0
1245,894.6964946527789
1246,1240.0
1247,382.71417625
1248,386.4657377777777
1249,392.2228863194442
1250,400.0434977777779
1251,401.0653052777778
1252,389.4018975000001
1253,383.5824645138888
1254,383.2869760416667
1255,379.0144944444446
1256,1240.0
1257,360.1219494444445
1258,357.9147473611111
1259,365.7845620138889
1260,369.6102729861111
1261,388.4417177083333
1262,1240.0
1263,409.3066575694444
1264,1240.0
1265,1240.0
1266,1237.519071805552
1267,412.4554374305554
1268,421.132329236111
1269,423.6953889583331
1270,424.1983292361111
1271,415.4559310416665
1272,409.7131451388889
1273,401.1145988888888
1274,397.7074772222223
1275,386.1453093750001
1276,374.0587608333335
1277,369.4873685416667
1278,359.4736551388888
1279,361.3421034027778
1280,1240.0
1281,358.8778326388888
1282,357.7272411805555
1283,361.8347497916667
1284,370.5939839583334
1285,371.124026875
1286,1240.0
1287,370.7824186111111
1288,1240.0
1289,1240.0
1290,715.4785733333335
1291,368.6315713888889
1292,370.1053927083332
1293,367.7752015972222
1294,371.28721
1295,367.2999122916667
1296,361.58654
1297,368.4862086111111
1298,367.3151163888891
1299,355.4779175694443
1300,344.113958125
1301,351.9106903472222
1302,346.2492677777779
1303,346.2034065972222
1304,1240.0
1305,336.0498254166666
1306,333.2788486805556
1307,333.1258685416666
1308,328.6414614583333
1309,345.0885720138888
1310,1240.0
1311,368.7463670138888
1312,1240.0
1313,1240.0
1314,643.7628627083338
1315,401.7310529166666
1316,398.0726142361109
1317,389.4150560416665
1318,382.4154974305555
1319,386.0212533333333
1320,387.1296902083332
1321,390.4846774305556
1322,380.473919097222
1323,376.1830765972222
1324,371.8651489583333
1325,368.0436195138889
1326,367.1481702777777
1327,364.3812870833333
1328,358.9488252777778
1329,377.6298293055555
1330,387.0699359722223
1331,1240.0
1332,424.324123125
1333,423.4553278472221
1334,374.8777272916666
1335,378.7144885416666
1336,385.2988275694444
1337,394.0354313194445
1338,1240.0
1339,390.4238158333333
1340,1240.0
1341,919.9657836805543
1342,1240.0
1343,376.9864145833333
1344,380.2376540277778
1345,372.9147756249999
1346,373.9627820833333
1347,383.9119549999999
1348,389.6968843055556
1349,388.467335763889
1350,385.5144533333333
1351,386.2134602083333
1352,1240.0
1353,379.6804865972223
1354,371.5929408333333
1355,359.7687615277778
1356,360.2643950694444
1357,365.9865854166666
1358,1240.0
1359,375.3519729166666
1360,1240.0
1361,1240.0
1362,872.7602989583313
1363,399.4960909722222
1364,395.4250222222223
1365,392.4383793750001
1366,392.6406322222222
1367,395.7532002083334
1368,393.1724047222222
1369,391.5904829861111
1370,395.4402574305554
1371,402.0188963194444
1372,403.6449384722223
1373,398.275744513889
1374,394.1557384722222
1375,393.8402061805555
1376,1240.0
1377,364.6123697222224
1378,415.9675775694444
1379,423.4666566666666
1380,404.6625595833331
1381,401.6796495833333
1382,1240.0
1383,391.2606721527777
1384,1240.0
1385,1240.0
1386,1002.101229263888
1387,379.8354234791667
1388,392.7038242361112
1389,393.7450562500002
1390,395.7455867361112
1391,402.2983795833333
1392,399.8551853819445
1393,396.1678797222221
1394,390.8191858715278
1395,388.0826089583333
1396,385.2453208333334
1397,365.5548437187499
1398,360.8641108333333
1399,355.2402145833333
1400,325.3153254652778
1401,194.9188073194444
1402,1240.0
1403,184.2084027777777
1404,184.3639583333333
1405,184.5195138888888
1406,174.9705743138888
1407,455.6264693249971
1408,1240.0
1409,1240.0
1410,313.3816228472223
1411,313.3268541666666
1412,313.4834791666668
1413,313.4238975
1414,313.1506063194444
1415,314.1563706944444
1416,316.1829188194444
1417,313.7169267361111
1418,313.4090555555556
1419,313.7467715277778
1420,313.8681063194445
1421,314.1088611111111
1422,314.181437013889
1423,314.6872361111111
1424,315.1497222222222
1425,597.1344042361102
1426,1240.0
1427,365.8396379166666
1428,377.9426738888888
1429,374.7055924305556
1430,369.3419240972221
1431,1240.0
1432,1240.0
1433,1240.0
1434,389.0638908333332
1435,420.9974504166666
1436,432.6254702777777
1437,443.7046867361111
1438,407.0467566666667
1439,407.2923259027778
1440,405.9599269444445
1441,403.3456369444445
1442,404.2453488888889
1443,405.6694439583333
1444,402.7952604861111
1445,404.9009489583333
1446,397.1731745138888
1447,384.5483424999999
1448,1240.0
1449,381.6209935416667
1450,385.7251178472221
1451,381.0890236805556
1452,378.952227986111
1453,381.9494753472223
1454,1240.0
1455,379.7333132638889
1456,1240.0
1457,1240.0
1458,976.4965140277757
1459,391.5529678472222
1460,397.084979861111
1461,395.1242876388889
1462,398.8220143055556
1463,392.8999204861111
1464,398.5028697222222
1465,394.9793745138889
1466,390.5922878472221
1467,389.2786051388889
1468,390.1464106944443
1469,383.7473422222222
1470,377.9770020833332
1471,377.4673631944444
1472,1240.0
1473,363.5505878472223
1474,369.9392238888888
1475,381.1749443055555
1476,384.1438475
1477,381.5199164583333
1478,1240.0
1479,386.7661554166667
1480,1240.0
1481,1240.0
1482,911.4865408333324
1483,391.8144518749999
1484,386.1602485416666
1485,390.6916163888888
1486,389.169213611111
1487,390.5594452083334
1488,389.6933196527779
1489,386.727542638889
1490,381.9743447916667
1491,374.5343500694444
1492,378.9972729861112
1493,380.9637504166668
1494,373.51439125
1495,380.665543125
1496,1240.0
1497,380.6244477777778
1498,370.6587796527778
1499,364.8853371527778
1500,349.720744236111
1501,344.510893611111
1502,1240.0
1503,352.9219881250001
1504,1240.0
1505,1240.0
1506,591.615551319441
1507,358.855598888889
1508,357.5615210416667
1509,357.3031986805556
1510,358.64121125
1511,363.7482950694443
1512,371.6892268055555
1513,367.9739452083332
1514,370.0947799305555
1515,369.4978024305555
1516,373.4069359027777
1517,371.8697329861109
1518,370.0465426388889
1519,369.9785872222224
1520,1240.0
1521,366.4282902777778
1522,362.4591721527779
1523,350.66654
1524,341.3400438194445
1525,344.2806111111111
1526,1240.0
1527,336.3183186805556
1528,1240.0
1529,1240.0
1530,370.4764055555539
1531,334.9440709027777
1532,333.3489449305557
1533,333.191508125
1534,333.622979861111
1535,336.103866875
1536,345.4270526388888
1537,339.4561343055556
1538,334.1015577083333
1539,333.8544659722222
1540,331.9361884027778
1541,331.155094861111
1542,329.8543271527777
1543,331.2318950694444
1544,1073.839627916668
1545,331.4590538194445
1546,330.7731413194444
1547,327.3316180555556
1548,327.6896573611111
1549,332.9958357638889
1550,1240.0
1551,335.1476357638889
1552,1240.0
1553,1240.0
1554,339.7122341666667
1555,338.270935625
1556,337.2884214583335
1557,339.7734049305554
1558,342.3065119444444
1559,341.7423333333334
1560,351.7947042361111
1561,347.6935301388889
1562,340.4676031944443
1563,336.19084625
1564,335.5671345833333
1565,334.8099236805555
1566,332.8145474305556
1567,329.7425177083334
1568,1204.429416111114
1569,335.5753488888889
1570,330.3863558333334
1571,330.8620335416667
1572,337.4046710416666
1573,345.1547030555556
1574,1240.0
1575,344.5771068055556
1576,1240.0
1577,1240.0
1578,358.7285571527778
1579,360.2048834027778
1580,353.43382375
1581,355.33917125
1582,355.2348527777777
1583,350.2848756944446
1584,352.7759185416666
1585,350.5398584722221
1586,350.5237701388888
1587,346.4200843055555
1588,343.9476590277777
1589,343.2348232638889
1590,336.2255351388889
1591,333.3691880555555
1592,1240.0
1593,332.8621678472222
1594,329.2058719444444
1595,352.8442837500001
1596,356.1477504861111
1597,359.8132202777778
1598,1240.0
1599,353.0588682638889
1600,1240.0
1601,1240.0
1602,355.559724722221
1603,346.3955026388889
1604,348.88315875
1605,344.6771586805556
1606,342.5597918749999
1607,344.3312789583333
1608,348.6943867361111
1609,344.7056841666667
1610,346.4903599305555
1611,345.4844944444446
1612,342.1463548611111
1613,341.1791726388889
1614,343.567276111111
1615,341.2144477777778
1616,1098.165886597219
1617,339.017179861111
1618,337.1874902083333
1619,336.5316898611111
1620,335.9411309722223
1621,336.1298402777778
1622,1240.0
1623,335.5502874305556
1624,1240.0
1625,1240.0
1626,334.6252456944444
1627,333.9341575694445
1628,335.0347422916668
1629,335.1619614583333
1630,335.2515658333333
1631,332.8301165972221
1632,337.1128376388889
1633,326.6577397222222
1634,326.4163515277777
1635,326.7505038194444
1636,326.5784530555556
1637,326.7792781944444
1638,328.4936326388889
1639,328.6588136805555
1640,1070.718776527776
1641,328.0125936111111
1642,327.0716181249999
1643,326.9722832638889
1644,328.0179753472222
1645,334.6566829861111
1646,1240.0
1647,333.5698513194444
1648,1240.0
1649,1240.0
1650,340.2553345138888
1651,342.5927370833333
1652,344.6223165972222
1653,346.4955788194444
1654,345.561006875
1655,356.2534465972222
1656,356.4740618055556
1657,356.0580114583333
1658,351.6894689583335
1659,358.6682531249999
1660,352.9589758333333
1661,345.5109583333333
1662,342.7302569444444
1663,342.7972275000001
1664,339.0958282638888
1665,339.9115946527778
1666,341.933685138889
1667,1240.0
1668,343.2381254166666
1669,336.2658376388888
1670,337.1386340972222
1671,337.4399952777778
1672,335.2110397222223
1673,347.59605125
1674,1240.0
1675,340.3693635416667
1676,1240.0
1677,330.7235876388888
1678,1142.331326250003
1679,331.6469547222222
1680,335.2691159027777
1681,324.2685984027778
1682,323.647743125
1683,328.0390064583333
1684,330.1626941666668
1685,330.5615522222222
1686,328.3692241666668
1687,327.5216364583333
1688,324.4661894444444
1689,324.4736264583335
1690,323.6875298611111
1691,1240.0
1692,321.1562399305556
1693,323.1246817361111
1694,327.4377059722221
1695,359.3566481944445
1696,364.5287897222223
1697,367.8650509722221
1698,1240.0
1699,360.1000725
1700,1240.0
1701,361.8216087499999
1702,1136.417265972224
1703,330.9922772916666
1704,326.8568644444444
1705,320.4439116666666
1706,329.0899611805556
1707,333.9772785416667
1708,332.5873036111111
1709,334.3637811111111
1710,329.3536502083334
1711,332.7909700694444
1712,334.2460756249999
1713,334.673272986111
1714,332.4204445138888
1715,1240.0
1716,337.5287236805554
1717,333.8517456944444
1718,336.7652210416666
1719,346.3814345833334
1720,351.8002658333334
1721,359.6201675694446
1722,1240.0
1723,359.2536086805555
1724,1240.0
1725,361.3316189583334
1726,1226.265879027776
1727,365.6210716666668
1728,382.3096977777778
1729,376.0578704166667
1730,380.5869229166667
1731,384.2299358333333
1732,388.5204954166666
1733,385.4160289583332
1734,384.5646019444443
1735,375.0211937499999
1736,365.710560347222
1737,1240.0
1738,365.5486197222222
1739,360.1763958333333
1740,1240.0
1741,733.9745940277776
1742,1240.0
1743,1240.0
1744,373.7388452777776
1745,377.4068170833334
1746,387.0601102083332
1747,393.3783369444443
1748,390.665993472222
1749,384.1223774305556
1750,378.9681359722222
1751,382.0701908333332
1752,389.611332638889
1753,382.4773929861111
1754,380.2446992361111
1755,377.6810163194443
1756,377.0405464583332
1757,374.706613263889
1758,374.0268364583332
1759,375.6806807638887
1760,376.3424432638889
1761,376.2313474305554
1762,373.5694525694444
1763,1240.0
1764,376.9594961805556
1765,378.2791434722222
1766,382.2513683333333
1767,369.4568407638888
1768,371.4320560416667
1769,354.1886395833333
1770,1240.0
1771,363.8064164583333
1772,1240.0
1773,688.4574845138864
1774,1240.0
1775,362.7594167361111
1776,369.3024008333334
1777,366.2831491666668
1778,371.1733131944443
1779,371.5418768055554
1780,369.8399760416666
1781,368.2528723611112
1782,366.6913381250002
1783,363.031292361111
1784,361.3925009722221
1785,1240.0
1786,368.7947404166666
1787,380.38336875
1788,1240.0
1789,749.2150850000038
1790,1240.0
1791,1240.0
1792,374.6250613194443
1793,373.6965565277777
1794,372.6960377777776
1795,372.1844447222222
1796,374.5940275
1797,374.2870507638888
1798,373.5870522222223
1799,371.6051456249999
1800,368.3937284027778
1801,366.5642331944446
1802,366.8051678472221
1803,366.4404386805555
1804,363.1755565277778
1805,354.6529272222222
1806,355.0985579166666
1807,351.7181738194446
1808,348.387878125
1809,1240.0
1810,352.1821697916667
1811,354.6938869444446
1812,1240.0
1813,581.9772372916666
1814,1240.0
1815,1240.0
1816,366.7603634722221
1817,372.4552859027778
1818,376.0583754861111
1819,371.3894853472223
1820,373.3536498611111
1821,370.6521865277777
1822,381.6684890277777
1823,381.5994554166667
1824,389.4256017361109
1825,386.036678125
1826,387.0501128472222
1827,391.9930320833333
1828,389.7352049305554
1829,388.0634396527778
1830,378.9215033333333
1831,376.2490929166666
1832,375.6503338194447
1833,1240.0
1834,379.3827688194444
1835,377.0869836805557
1836,1240.0
1837,936.0918826388865
1838,1240.0
1839,1240.0
1840,389.9213266666666
1841,388.2973252083333
1842,389.7866563888888
1843,387.901531111111
1844,387.0371929861111
1845,383.4247394444444
1846,382.9696441666667
1847,389.3270859722223
1848,393.9006929861111
1849,393.3133550694444
1850,392.703013888889
1851,390.0480704166666
1852,388.394125
1853,387.8543647222222
1854,388.1215809722222
1855,385.4505890277778
1856,382.7993944444444
1857,1240.0
1858,389.2387717361109
1859,403.6904851388888
1860,1240.0
1861,981.4735715972256
1862,1240.0
1863,1240.0
1864,392.2126109027778
1865,389.6646060416667
1866,389.2303649305556
1867,379.0484920833333
1868,369.2161491666666
1869,374.9444047222221
1870,385.0443644444444
1871,385.6125539583333
1872,383.6026595138887
1873,384.7232277777777
1874,375.4822842361111
1875,369.7731902083334
1876,366.6781654861111
1877,367.1197920833334
1878,364.786122361111
1879,364.0795292361111
1880,360.0920555555555
1881,360.6374221527778
1882,360.7592882638888
1883,1240.0
1884,361.3579073611111
1885,358.1578986805556
1886,358.5480169444446
1887,360.1596225694444
1888,359.61879625
1889,360.858229375
1890,1240.0
1891,359.4951271527777
1892,1240.0
1893,549.0547592361124
1894,1240.0
1895,341.4179334027777
1896,351.0535816666666
1897,355.0179806250001
1898,356.447599375
1899,356.0222686805555
1900,355.9478936805554
1901,355.7533840972222
1902,357.5295859722222
1903,356.1651041666666
1904,356.3559513888889
1905,1240.0
1906,356.608599375
1907,356.7760972222222
1908,1240.0
1909,519.5252779861107
1910,1240.0
1911,1240.0
1912,358.4969470833333
1913,358.41169875
1914,359.3301249999999
1915,361.3124700694444
1916,358.2928450694444
1917,366.6396343750001
1918,367.4881923611111
1919,369.8109702777778
1920,373.091087638889
1921,371.8740263194443
1922,371.4249933333333
1923,366.9605474305556
1924,363.3475557638887
1925,364.3160655555556
1926,363.072517013889
1927,363.3679943055554
1928,366.0151760416666
1929,1240.0
1930,371.1656953472223
1931,379.1180380555556
1932,1240.0
1933,798.8024200694452
1934,1240.0
1935,1240.0
1936,370.5175084722222
1937,367.2996750694445
1938,369.4850366666666
1939,378.304513611111
1940,373.9110112499999
1941,381.090679375
1942,389.2850675000001
1943,401.6098338194444
1944,402.61167625
1945,392.0786838888888
1946,389.6825445138888
1947,387.494415486111
1948,390.179029236111
1949,385.775005
1950,389.5952754166667
1951,388.8758426388889
1952,390.9719090277777
1953,1240.0
1954,400.0759904166666
1955,402.4848683333333
1956,1240.0
1957,960.807569999999
1958,1240.0
1959,1240.0
1960,385.5403465277777
1961,383.4768053472221
1962,377.2217502083335
1963,384.0727415972221
1964,380.4816764583333
1965,370.4757286805556
1966,367.2832124305555
1967,368.4741666666666
1968,365.7115665972222
1969,363.6696034027778
1970,359.8518184722221
1971,359.8341279166667
1972,360.6194054166666
1973,360.2441568055555
1974,359.4848881944445
1975,358.6217896527777
1976,356.1545414583333
1977,1240.0
1978,371.3804743055555
1979,372.1037352083333
1980,1240.0
1981,710.6943317361118
1982,1240.0
1983,1240.0
1984,374.8863620833332
1985,369.0414456944446
1986,371.7486908333333
1987,375.89488125
1988,385.6198276388889
1989,384.9520884027776
1990,389.9513299305555
1991,394.7573651388889
1992,402.6352045138889
1993,392.1795684722221
1994,384.0248324305555
1995,371.9163539583333
1996,373.5297368055556
1997,371.1961647916666
1998,371.3979645833333
1999,368.4020433333333
2000,367.5393079166667
2001,1240.0
2002,358.1527006944444
2003,368.5893594444444
2004,1240.0
2005,809.2168297916653
2006,1240.0
2007,1240.0
2008,387.2359482638889
2009,390.4355029166666
2010,394.6200125
2011,398.4521347916665
2012,393.8310191666667
2013,394.056442986111
2014,382.13030625
2015,379.00748375
2016,373.4181572916667
2017,369.1770619444443
2018,1240.0
2019,377.3038538888889
2020,1240.0
2021,368.5328893750001
2022,352.4967799305556
2023,341.6299313194444
2024,340.3060884027777
2025,341.6733196527776
2026,356.7087727777777
2027,1240.0
2028,625.3396543750018
2029,1240.0
2030,376.2373465277777
2031,372.1088850694443
2032,371.0974959027778
2033,372.499492847222
2034,374.2200029166666
2035,371.0584932638889
2036,353.3033490972222
2037,352.1231724305556
2038,349.0964147222221
2039,346.7145393055556
2040,348.1839083333333
2041,349.3144549999999
2042,351.8163716666667
2043,346.6275536111111
2044,351.4139800694443
2045,346.0829341666666
2046,348.3328970138888
2047,344.1251187499999
2048,345.034458125
2049,342.9985416666666
2050,343.1540972222222
2051,1240.0
2052,1207.390353125001
2053,343.6207638888889
2054,343.7763194444444
2055,1240.0
2056,1240.0
2057,344.2429861111111
2058,344.3985416666667
2059,344.5540972222222
2060,344.7096527777777
2061,344.8652083333333
2062,345.0207638888889
2063,345.1763194444444
2064,345.331875
2065,341.8707638888888
2066,342.0263194444444
2067,342.181875
2068,342.3374305555555
2069,342.4929861111111
2070,342.531875
2071,342.6874305555555
2072,342.8429861111111
2073,342.9985416666666
2074,343.1540972222222
2075,1240.0
2076,1188.629166666668
2077,343.6207638888889
2078,343.7763194444444
2079,1240.0
2080,1240.0
2081,344.2429861111111
2082,344.3985416666667
2083,344.5540972222222
2084,344.7096527777777
2085,344.8652083333333
2086,345.0207638888889
2087,345.1763194444444
2088,345.331875
2089,341.8707638888888
2090,342.0263194444444
2091,342.181875
2092,342.3374305555555
2093,342.4929861111111
2094,342.531875
2095,342.6874305555555
2096,342.8429861111111
2097,1188.006944444445
2098,343.1540972222222
2099,343.3096527777777
2100,1240.0
2101,343.6207638888889
2102,1240.0
2103,1240.0
2104,344.0874305555555
2105,344.2429861111111
2106,344.3985416666667
2107,344.5540972222222
2108,344.7096527777777
2109,344.8652083333333
2110,345.0207638888889
2111,345.1763194444444
2112,345.331875
2113,341.8707638888888
2114,342.0263194444444
2115,342.181875
2116,342.3374305555555
2117,342.4929861111111
2118,342.531875
2119,342.6874305555555
2120,342.8429861111111
2121,342.9985416666666
2122,343.1540972222222
2123,1240.0
2124,1188.629166666668
2125,343.6207638888889
2126,343.7763194444444
2127,1240.0
2128,1240.0
2129,344.2429861111111
2130,344.3985416666667
2131,344.5540972222222
2132,344.7096527777777
2133,344.8652083333333
2134,345.0207638888889
2135,345.1763194444444
2136,345.331875
2137,341.8707638888888
2138,342.0263194444444
2139,342.181875
2140,342.3374305555555
2141,342.4929861111111
2142,342.531875
2143,342.6874305555555
2144,342.8429861111111
2145,342.9985416666666
2146,343.1540972222222
2147,1240.0
2148,1191.586536250001
2149,343.6207638888889
2150,343.7763194444444
2151,1240.0
2152,1240.0
2153,345.5917344444445
2154,345.7267916666667
2155,345.6128472222222
2156,344.9991154166667
2157,344.7990811805554
2158,344.6206132638889
2159,344.4523055555554
2160,344.7869930555556
2161,341.4071597222222
2162,341.7921115972221
2163,343.3491736111112
2164,341.6633242361111
2165,341.8055117361112
2166,341.9297777777778
2167,342.00173875
2168,342.1785043055555
2169,1240.0
2170,345.6164949999999
2171,389.2754488194445
2172,1240.0
2173,594.1108743611114
2174,1240.0
2175,1240.0
2176,356.3263324444444
2177,376.5400265277779
2178,368.9964765277777
2179,375.8617221527777
2180,375.3050315972223
2181,367.2390560416667
2182,358.3087880555555
2183,359.0753575694443
2184,363.5740986111111
2185,366.3189804166665
2186,1240.0
2187,368.7368922222221
2188,1240.0
2189,372.5944580555555
2190,372.0989834722222
2191,369.5158706944444
2192,368.4683002777777
2193,367.67009125
2194,368.8114908333332
2195,1240.0
2196,799.2081011111153
2197,1240.0
2198,376.4865241666666
2199,374.0194397916667
2200,388.2627913888889
2201,397.6521125694443
2202,394.7977181944444
2203,384.8407781944445
2204,380.5636639583333
2205,365.7988697222222
2206,366.0617902083333
2207,370.5148470138889
2208,372.0145124305556
2209,349.2226558333333
2210,342.4341384722222
2211,342.5736523611112
2212,348.3733793749999
2213,345.2150819444445
2214,343.0519861805555
2215,340.5756350694444
2216,341.7856633333333
2217,1240.0
2218,349.3944805555556
2219,364.2794993055555
2220,1240.0
2221,630.7088360416662
2222,1240.0
2223,1240.0
2224,373.5976810416666
2225,384.3774355555555
2226,384.0544336805554
2227,390.6877911805556
2228,382.2075867361112
2229,380.0779086805554
2230,371.3921968750001
2231,368.6761113194445
2232,367.3340888194444
2233,361.6253642361111
2234,1240.0
2235,369.3794523611111
2236,1240.0
2237,361.4392629166666
2238,354.2863134027777
2239,347.0325857638888
2240,341.9341372222221
2241,340.8316678472222
2242,344.0524334722222
2243,1240.0
2244,691.1934726388924
2245,1240.0
2246,386.7703024305555
2247,378.5872183333333
2248,378.5292466666666
2249,372.473671111111
2250,371.3369576388888
2251,371.7604090277778
2252,370.8727234722222
2253,367.8552359027778
2254,363.3187775
2255,368.2784573611112
2256,366.2040481944443
2257,357.4700383333333
2258,353.3839959027777
2259,351.1019380555555
2260,347.1593771527779
2261,345.0637511805555
2262,343.447138125
2263,338.6124860416667
2264,321.0614341666667
2265,1190.526605972222
2266,323.8098086805555
2267,333.6784174305557
2268,1240.0
2269,351.7813434722222
2270,1240.0
2271,1240.0
2272,355.8017686805555
2273,351.0432250694446
2274,340.9814868055556
2275,338.2948168055556
2276,345.4370582638889
2277,338.5645783333333
2278,339.8617634027777
2279,335.9660888888888
2280,337.3288639583333
2281,331.755244236111
2282,1240.0
2283,329.7041309722222
2284,1240.0
2285,333.3071704861111
2286,331.1791899305555
2287,331.7805259027778
2288,332.8745160416667
2289,335.8819221527777
2290,336.5408277777778
2291,1115.745271458338
2292,338.0687902083334
2293,1240.0
2294,347.4650117361111
2295,346.3821496527779
2296,344.1795826388889
2297,349.2025322916667
2298,350.771185625
2299,348.9561084722222
2300,346.9214432638889
2301,345.6685395138889
2302,345.5800813888889
2303,344.803085763889
2304,330.8804717361111
2305,323.8055294444445
2306,324.9822255555555
2307,325.7580622916666
2308,323.7750872222221
2309,322.8246539583333
2310,322.7906441666667
2311,320.7718427083333
2312,324.7809619444444
2313,315.4731800694445
2314,321.8953227777778
2315,1240.0
2316,1006.776733819447
2317,331.8656094444444
2318,338.0547906944444
2319,1240.0
2320,1240.0
2321,340.4309479861112
2322,340.5364185416666
2323,340.3372831249999
2324,338.812201875
2325,340.9519302777776
2326,336.7459379861112
2327,334.4114705555555
2328,331.6898627777776
2329,336.6230009722223
2330,337.1378879166667
2331,340.2969815972222
2332,326.711244513889
2333,327.8907906944444
2334,311.8956818055555
2335,312.0718577083334
2336,309.9558675694445
2337,313.7539022916666
2338,317.1519677083334
2339,1240.0
2340,989.4403625000045
2341,328.4385897916667
2342,332.1421561111111
2343,1240.0
2344,1240.0
2345,343.2847619444446
2346,344.9410591666667
2347,331.2062624305556
2348,340.05689375
2349,336.9001484722222
2350,339.2481978472222
2351,328.6142538194445
2352,329.2346147222222
2353,429.4181329861112
2354,1240.0
2355,438.4870986805557
2356,1240.0
2357,422.6576190277777
2358,428.332397986111
2359,429.8764497222222
2360,429.6156321527777
2361,430.0963036805556
2362,429.9411822222223
2363,1240.0
2364,1240.0
2365,1240.0
2366,406.3424477777777
2367,713.7952211805562
2368,420.9122871527778
2369,417.5937475694443
2370,416.0378361805555
2371,423.9873317361111
2372,424.6792068750001
2373,422.1148098611112
2374,412.540559375
2375,432.2040289583334
2376,445.9401027083334
2377,441.4417140972222
2378,1240.0
2379,438.7992014583332
2380,1240.0
2381,433.8154858333334
2382,431.2926226388888
2383,424.7931999305555
2384,434.4837466666667
2385,424.9873857638889
2386,423.0751714583333
2387,1240.0
2388,1240.0
2389,1240.0
2390,425.3814109027778
2391,678.3925182638907
2392,406.2915538888889
2393,407.4176297916667
2394,406.6197741666667
2395,401.9305684722223
2396,398.1067265972223
2397,396.3306856250001
2398,391.7277466666667
2399,399.1733472222222
2400,401.8365730555556
2401,404.9599307638889
2402,410.340437986111
2403,413.3981075
2404,413.7272713194444
2405,414.099568263889
2406,418.0805304861112
2407,417.2311602083333
2408,414.1929983333333
2409,407.1857698611112
2410,1240.0
2411,1240.0
2412,1240.0
2413,409.0549647916665
2414,404.5163747916665
2415,1240.0
2416,1240.0
2417,510.2976439583324
2418,410.613621736111
2419,416.6675163194445
2420,416.2500290277776
2421,415.6141908333333
2422,417.022423611111
2423,421.3386566666667
2424,420.4998063194444
2425,417.3931120138889
2426,412.1807763888888
2427,409.0310267361112
2428,410.2569206944443
2429,412.8948405555554
2430,408.7084516666666
2431,402.6271861111111
2432,395.2144554166666
2433,389.5156975694445
2434,1240.0
2435,1240.0
2436,1240.0
2437,403.9323259027778
2438,405.868154513889
2439,1240.0
2440,1240.0
2441,410.5987957638906
2442,414.1053529861111
2443,421.8063728472222
2444,419.8266012499999
2445,414.3007395138888
2446,418.7481530555555
2447,415.4133968055555
2448,415.5099506249999
2449,404.7273324305557
2450,1240.0
2451,402.367678125
2452,1240.0
2453,408.5414827083333
2454,405.4461109027778
2455,407.5480490277777
2456,413.5099796527779
2457,420.1706075
2458,427.1661522916667
2459,1240.0
2460,1240.0
2461,1240.0
2462,426.6624230555556
2463,592.1360122222227
2464,424.222211875
2465,417.2830836805556
2466,413.2904363194445
2467,414.0874772222223
2468,416.2275692361112
2469,419.2971859027779
2470,416.7869718055554
2471,418.2431429166667
2472,425.7268910416665
2473,434.0928438194446
2474,1240.0
2475,435.2481014583332
2476,1240.0
2477,424.2696290972222
2478,418.6754891666666
2479,416.2428175694444
2480,417.6435598611112
2481,416.3883397916666
2482,418.7109499999999
2483,1240.0
2484,1240.0
2485,1240.0
2486,435.2040845833332
2487,807.1201170138879
2488,436.9295340277776
2489,434.2847497916667
2490,437.3957106944443
2491,435.8103871527779
2492,437.7242902083334
2493,444.2141690972223
2494,443.5735222916666
2495,443.7804102083332
2496,425.8441726388889
2497,421.7594781944442
2498,1240.0
2499,419.5242430555555
2500,1240.0
2501,429.8931199305555
2502,433.6685709027777
2503,432.9305993055557
2504,441.9092562499999
2505,445.3041556249999
2506,443.4523668750001
2507,1240.0
2508,1240.0
2509,1240.0
2510,438.1789241666667
2511,829.6317698611107
2512,434.9508829166667
2513,434.5865056944444
2514,425.5954602083333
2515,424.9501822222222
2516,419.8449675
2517,412.1513272916666
2518,418.6989576388888
2519,416.2060296527777
2520,417.6319131249999
2521,415.1647524305556
2522,1240.0
2523,429.8818168749999
2524,1240.0
2525,428.8038980555556
2526,426.5309129861111
2527,412.3584115972224
2528,411.2775172916666
2529,414.2130893055555
2530,417.5242200694445
2531,1240.0
2532,1240.0
2533,1240.0
2534,437.9456005555555
2535,770.004455277782
2536,429.659094375
2537,425.5661073611113
2538,410.6503318749999
2539,430.5380265277777
2540,431.72773875
2541,433.8441221527777
2542,441.0307319444443
2543,439.6675072222223
2544,436.1808903472221
2545,426.3126427777778
2546,1240.0
2547,425.8876144444445
2548,1240.0
2549,423.1789770833333
2550,419.3276752777777
2551,413.5365859722222
2552,411.515286875
2553,413.65288125
2554,418.386907361111
2555,1240.0
2556,1240.0
2557,1240.0
2558,398.9506261805556
2559,511.4308922916663
2560,400.5636104166667
2561,421.9882785416667
2562,417.4213395138888
2563,407.7806094444443
2564,406.4250424305556
2565,399.7211779166666
2566,403.6566868055555
2567,408.5131599305555
2568,412.7887492361109
2569,409.3583802777778
2570,1240.0
2571,410.3261312499999
2572,1240.0
2573,405.0898536805555
2574,401.7456561805556
2575,402.6009847222222
2576,399.3824396527777
2577,411.0655388194444
2578,423.9342965277777
2579,1240.0
2580,1240.0
2581,1240.0
2582,417.5256283333334
2583,483.9920358333337
2584,396.8403395833333
2585,396.2921982638887
2586,399.4126125694445
2587,403.1265646527777
2588,391.2048845833332
2589,386.0055524305555
2590,393.8580795138888
2591,396.4407392361111
2592,406.8929005555555
2593,411.2306231250001
2594,1240.0
2595,412.0764579166668
2596,1240.0
2597,399.3742097916667
2598,398.3647786805555
2599,392.0790790972222
2600,385.8067300694445
2601,380.3206113194444
2602,382.9508661805555
2603,1240.0
2604,983.8463822916646
2605,1240.0
2606,375.0034531249999
2607,364.8016152083332
2608,369.7869583333334
2609,388.5907793055555
2610,385.9964305555556
2611,383.9221963888889
2612,389.3460117361111
2613,390.5203925
2614,386.3782061805555
2615,379.9793180555556
2616,380.9590584722222
2617,375.7976089583333
2618,374.2395572222222
2619,373.5051570833333
2620,372.0736595138888
2621,372.5097624305556
2622,370.6952272916666
2623,361.0560950694444
2624,358.3159533333334
2625,358.4399607638889
2626,360.2565395138889
2627,1240.0
2628,367.1245934027778
2629,370.1334277083333
2630,370.4287251388889
2631,372.1355108333332
2632,370.728068472222
2633,362.67224875
2634,1240.0
2635,353.6636896527777
2636,1240.0
2637,620.4964064583313
2638,1240.0
2639,364.3185520138889
2640,377.3177751388888
2641,375.4675108333334
2642,376.0103822222222
2643,372.2027531249999
2644,373.2662640972223
2645,373.6084357638887
2646,373.1585131944445
2647,368.9637437499999
2648,361.1934676388889
2649,359.1760919444444
2650,356.4113510416665
2651,1240.0
2652,347.4879868055555
2653,358.3832607638889
2654,388.114125
2655,400.3276647222222
2656,398.7485838194443
2657,392.7179399305555
2658,1240.0
2659,385.4643352777776
2660,1240.0
2661,836.7411468055523
2662,1240.0
2663,400.7267138194443
2664,408.42951625
2665,405.3600838194444
2666,385.1195497916665
2667,374.2683850694444
2668,369.1490847916666
2669,362.7179310416666
2670,362.5897318750001
2671,360.5424044444443
2672,358.4808256944445
2673,1240.0
2674,346.8931175694443
2675,357.430302638889
2676,1240.0
2677,755.0812065972189
2678,1240.0
2679,1240.0
2680,381.5164461111111
2681,390.6029307638888
2682,383.4395672916667
2683,386.6695986805556
2684,389.4246178472221
2685,370.3107425694445
2686,377.2119944444444
2687,394.002406875
2688,391.7247950000001
2689,397.6196209027776
2690,402.5441840972222
2691,406.355106111111
2692,414.1568340972222
2693,390.1805512500001
2694,390.2218531944444
2695,376.2644822222222
2696,367.2923304166666
2697,1240.0
2698,368.3005438194444
2699,376.1801594444445
2700,1240.0
2701,825.2328201388913
2702,1240.0
2703,1240.0
2704,383.6546204166668
2705,388.7009267361111
2706,374.0648187499999
2707,372.5664789583333
2708,371.6201460416667
2709,362.7371183333334
2710,370.9655531944445
2711,384.0187871527778
2712,391.3579765277779
2713,385.8496736111109
2714,385.9768918055556
2715,378.6498984722223
2716,375.3042640277777
2717,370.1159850694445
2718,365.970596736111
2719,364.6362358333334
2720,352.2416858333333
2721,1240.0
2722,355.1822030555555
2723,363.5682040277777
2724,1240.0
2725,811.4598938194429
2726,1240.0
2727,1240.0
2728,386.6205505555555
2729,388.0002602777778
2730,370.8678905555554
2731,382.976090972222
2732,387.9887083333333
2733,390.8175177083333
2734,405.5239372916667
2735,402.1244786805555
2736,385.77476875
2737,400.5458031944444
2738,420.8021052083332
2739,419.7083629861111
2740,423.3855990972223
2741,419.3266554166667
2742,424.8866494444443
2743,405.5200265277777
2744,396.1439844444445
2745,1240.0
2746,462.7722099999965
2747,386.6412938888888
2748,1240.0
2749,1240.0
2750,1240.0
2751,1240.0
2752,421.3994142361111
2753,412.0857552777777
2754,421.9729013888889
2755,423.9320725694445
2756,427.1080984722223
2757,426.4248498611109
2758,427.7598227777776
2759,421.183406875
2760,440.6283515277777
2761,433.2282018750001
2762,1240.0
2763,429.0428323611112
2764,1240.0
2765,431.6370343055555
2766,420.8662441666667
2767,404.8368372222222
2768,403.5069276388888
2769,408.3140322916667
2770,422.7726941666667
2771,1240.0
2772,1240.0
2773,1240.0
2774,420.3951281249999
2775,694.0174025694461
2776,406.5933141666666
2777,406.3146752777778
2778,410.9025384722223
2779,429.735591736111
2780,427.3501429166666
2781,429.8746982638889
2782,426.2891611805554
2783,431.5047892361111
2784,431.6533977777777
2785,434.0085390277777
2786,441.165925763889
2787,448.7635624305555
2788,439.5536434722223
2789,437.1878004861111
2790,429.1535524305555
2791,422.383920486111
2792,420.6328354861111
2793,1240.0
2794,708.7559640972227
2795,421.9026461805556
2796,1240.0
2797,1240.0
2798,1240.0
2799,1240.0
2800,414.1972469444444
2801,406.6798905555555
2802,404.5391729166665
2803,401.8963501388889
2804,414.3280521527777
2805,430.0499140972222
2806,427.620081875
2807,426.6283029166667
2808,427.5255186805556
2809,422.6378464583333
2810,1240.0
2811,436.5023857638889
2812,1240.0
2813,422.8893302083333
2814,418.367131875
2815,412.1550411805557
2816,404.6501705555555
2817,404.2460440277779
2818,402.2944440277777
2819,1240.0
2820,1240.0
2821,1240.0
2822,424.0365854861111
2823,664.2145023611135
2824,437.7442752083332
2825,439.0685536805554
2826,430.2361364583335
2827,424.4805186805556
2828,426.5478840972223
2829,430.7222344444444
2830,430.8669181249999
2831,432.695791111111
2832,436.8180979166667
2833,421.745755763889
2834,1240.0
2835,427.7972897916665
2836,1240.0
2837,406.5113290972223
2838,406.6007521527777
2839,407.3393357638889
2840,409.6963436805555
2841,411.3464463888888
2842,404.8343706944444
2843,1240.0
2844,1152.208379504863
2845,1240.0
2846,381.1342159576388
2847,374.1023914055556
2848,390.5534344444444
2849,387.9915277777778
2850,388.1470833333333
2851,388.3026388888889
2852,388.4581944444444
2853,388.61375
2854,388.7693055555554
2855,388.9248611111111
2856,389.0804166666666
2857,385.5026388888889
2858,1240.0
2859,385.8137499999999
2860,1240.0
2861,386.1248611111111
2862,386.2804166666666
2863,386.4359722222222
2864,386.5915277777777
2865,387.2089054166667
2866,386.22639125
2867,1240.0
2868,924.5574605555539
2869,1240.0
2870,381.1308292361111
2871,373.9275399999999
2872,368.5098627777778
2873,366.8489732638889
2874,380.9283304166667
2875,379.7513659722222
2876,385.4027916666666
2877,405.7977617361112
2878,407.1826388194445
2879,419.8423230555555
2880,425.9987063888888
2881,420.5813101388887
2882,427.4483412499999
2883,429.1875670833332
2884,403.0406654166666
2885,394.8837895138889
2886,390.4605186805556
2887,371.617750486111
2888,367.7454195138889
2889,1240.0
2890,371.2372363194443
2891,386.2525454861112
2892,1240.0
2893,1041.896426666669
2894,1240.0
2895,1240.0
2896,391.5230622916667
2897,395.8483763888888
2898,391.6619952777776
2899,391.7713819444444
2900,393.9257301388889
2901,413.159464861111
2902,431.0891831944446
2903,435.2949018055554
2904,421.8793877083333
2905,418.0987752083333
2906,444.6257603472221
2907,453.9434243749998
2908,436.2241007638888
2909,425.8518687499999
2910,424.7716831944446
2911,422.6268598611111
2912,419.4118794444443
2913,417.015747847222
2914,1240.0
2915,1240.0
2916,1240.0
2917,436.5354111805556
2918,428.1781889583332
2919,1240.0
2920,1240.0
2921,742.1788270138879
2922,414.3231570138888
2923,457.7436300694446
2924,458.2989784722223
2925,449.6806309722222
2926,456.9225047916668
2927,455.4136509027778
2928,456.0048256944445
2929,469.571847013889
2930,1240.0
2931,467.8399604861111
2932,1240.0
2933,451.69446
2934,446.600118125
2935,442.0927160416667
2936,441.3035948611111
2937,442.2892133333333
2938,444.7162727777776
2939,1240.0
2940,1240.0
2941,1240.0
2942,428.2336250694444
2943,1038.37089486111
2944,419.9777706250002
2945,417.949161875
2946,422.7254305555555
2947,430.2109627083333
2948,428.9621559027778
2949,427.0736448611109
2950,424.1178326388888
2951,419.4018859722223
2952,436.8808349305556
2953,432.6216479861111
2954,1240.0
2955,431.9868369444443
2956,1240.0
2957,420.4173108333333
2958,421.7435517361111
2959,414.5163715972222
2960,410.3699089583333
2961,404.2052286805555
2962,407.2500658333335
2963,1240.0
2964,1240.0
2965,1240.0
2966,424.1371132638889
2967,699.2950287500005
2968,431.6817701388889
2969,436.9886572916666
2970,440.27251625
2971,442.3814213194445
2972,444.6838817361112
2973,442.3993184722222
2974,431.007898611111
2975,440.1466149305556
2976,431.4835281944443
2977,433.0993323611112
2978,432.8132122222222
2979,442.778245486111
2980,442.7277492361112
2981,438.9928452777778
2982,437.7005524305555
2983,434.0973651388889
2984,440.2448375694445
2985,433.5327801388889
2986,1240.0
2987,1240.0
2988,1240.0
2989,448.0479781944446
2990,976.1155657638924
2991,1240.0
2992,1240.0
2993,442.449595
2994,436.2563979861111
2995,442.9541039583334
2996,453.6128459722223
2997,458.0750557638889
2998,437.5735860416667
2999,443.494510763889
3000,452.8034427777777
3001,449.0178359722221
3002,445.5009222222222
3003,456.0218838194445
3004,453.2995668055556
3005,455.157146111111
3006,454.8565811805557
3007,455.4939161111109
3008,456.7267692361109
3009,448.9384909722222
3010,1240.0
3011,1240.0
3012,1240.0
3013,441.851261736111
3014,1044.512323124997
3015,1240.0
3016,1240.0
3017,429.3665522222224
3018,445.5138693055555
3019,447.1381259722223
3020,451.8589643749999
3021,446.445028263889
3022,450.6136726388887
3023,455.8954327083333
3024,461.1506384722222
3025,453.966332847222
3026,1240.0
3027,467.5125364583332
3028,1240.0
3029,458.5782945138887
3030,450.9105061805557
3031,445.9074219444443
3032,432.5810212499999
3033,423.6584221527777
3034,424.4346132638889
3035,1240.0
3036,1240.0
3037,1240.0
3038,452.7320952777776
3039,1161.754782847222
3040,451.9042504861111
3041,446.8749668055556
3042,447.4973280555555
3043,452.9903029166667
3044,449.1343713888887
3045,461.9553584722222
3046,467.9695086111111
3047,471.0366271527777
3048,473.4761524305555
3049,473.6234358333334
3050,1240.0
3051,476.3326035416665
3052,1240.0
3053,451.4479569444445
3054,450.7319099305557
3055,446.6143203472223
3056,439.5413278472224
3057,448.1695550694444
3058,450.6532916666667
3059,1240.0
3060,1240.0
3061,1240.0
3062,472.3834932638887
3063,1192.341137847225
3064,449.4712629166667
3065,464.3819424999999
3066,450.124955486111
3067,456.3278625694444
3068,437.7804340972221
3069,423.7061422222222
3070,429.6210129166667
3071,417.5540663194444
3072,387.2365150694444
3073,373.0860320833333
3074,369.0502540277777
3075,368.2028505555555
3076,362.0939568749999
3077,362.0345025694444
3078,354.5463716666667
3079,352.2350752083333
3080,346.1584447222222
3081,342.1937866666667
3082,1240.0
3083,1240.0
3084,682.6268707638906
3085,404.0449116666665
3086,400.6427711805555
3087,1240.0
3088,1240.0
3089,375.1725668055556
3090,370.6804927777777
3091,372.8483922916666
3092,365.6643486805555
3093,373.4753448611111
3094,374.7490050694444
3095,364.5448518055555
3096,366.0594884722223
3097,359.2888040972222
3098,379.2034161805555
3099,383.4125234722221
3100,382.5307164583333
3101,379.8429789583333
3102,378.8956577777779
3103,378.2569777777777
3104,377.1381109027778
3105,375.387206736111
3106,1240.0
3107,1240.0
3108,960.2918568750007
3109,391.5662697916666
3110,398.3500713888889
3111,1240.0
3112,1240.0
3113,412.1265045138889
3114,408.6340100694443
3115,407.5126499305556
3116,410.8574618750001
3117,404.0234892361112
3118,395.4718094444445
3119,385.5287717361111
3120,373.8054794444444
3121,361.4620940972223
3122,360.5227145138888
3123,361.3652136111111
3124,354.8649052083333
3125,346.2000388194444
3126,343.8849030555556
3127,342.4844145138888
3128,341.968182013889
3129,339.9299497222221
3130,339.6375879166667
3131,1240.0
3132,1142.910756319448
3133,334.5741554166667
3134,326.2821678472222
3135,1240.0
3136,1240.0
3137,334.7821448611111
3138,338.668281875
3139,341.6804975694444
3140,344.8431573611111
3141,343.7995045138889
3142,345.7374710416666
3143,350.5053586805556
3144,353.4314947916666
3145,351.5119825
3146,351.8177930555556
3147,343.0490126388888
3148,340.7371809722222
3149,331.5926721527777
3150,327.0598649305555
3151,326.626513888889
3152,326.2883419444443
3153,1240.0
3154,335.3088316666665
3155,340.0016797916667
3156,1240.0
3157,508.927072222222
3158,1240.0
3159,1240.0
3160,443.3901621527777
3161,445.2418536805556
3162,453.5865079861111
3163,369.8560847916666
3164,364.2517904861111
3165,367.9397152083333
3166,363.8180345138888
3167,367.3093627777777
3168,373.4133433333332
3169,364.8383311805555
3170,347.603651111111
3171,359.4870917361111
3172,365.702295
3173,357.623131736111
3174,359.1948879166666
3175,355.730200486111
3176,353.1130370833333
3177,343.7421604166666
3178,1240.0
3179,1240.0
3180,688.7622374305574
3181,366.2455727777779
3182,373.6161377083332
3183,1240.0
3184,1240.0
3185,384.6068469444444
3186,384.3741995138889
3187,414.3369523611112
3188,419.5135554166666
3189,408.6695097916666
3190,407.7484930555554
3191,402.734535972222
3192,395.6383647222222
3193,385.9432815972222
3194,379.5910922222223
3195,390.5706685416666
3196,393.9762691666667
3197,385.8133295138889
3198,384.1134801388887
3199,381.3891982638888
3200,379.184670763889
3201,373.5424092361111
3202,1240.0
3203,1240.0
3204,846.2051140972221
3205,384.1536003472222
3206,388.0570210416667
3207,1240.0
3208,1240.0
3209,383.0896620833333
3210,371.4706357638888
3211,383.2027519444445
3212,386.7660907638888
3213,381.9617413888888
3214,373.9675940972222
3215,373.8429576388888
3216,370.8937341666665
3217,359.0756273611112
3218,354.5764279166667
3219,353.7726903472222
3220,351.4915138194444
3221,355.0762478472222
3222,354.8557954861111
3223,353.6068131944445
3224,353.2976975694443
3225,350.9643000694446
3226,1240.0
3227,1240.0
3228,578.1527834722233
3229,364.7715254166667
3230,367.459343611111
3231,1240.0
3232,1240.0
3233,373.8906597222222
3234,379.794300763889
3235,379.1172967361111
3236,376.6427281944445
3237,372.4757715972223
3238,370.1298936805555
3239,379.5979974305555
3240,382.7734871527778
3241,379.1168402777777
3242,373.659243125
3243,364.614718125
3244,359.959915
3245,358.2696075000001
3246,357.6670100694445
3247,356.6409996527778
3248,354.4113440972223
3249,351.5795859722223
3250,1240.0
3251,1240.0
3252,545.9880553472283
3253,346.0131101388889
3254,353.77990375
3255,1240.0
3256,1240.0
3257,361.5121961111111
3258,362.2828620833334
3259,373.205227986111
3260,371.6446786111111
3261,367.0768582638889
3262,371.3504831944446
3263,376.1588410416666
3264,377.2016786805555
3265,386.1594911805556
3266,363.1642432638888
3267,361.219411875
3268,369.4141568055555
3269,376.6635201388889
3270,369.3899061805555
3271,365.972621875
3272,366.7233222916667
3273,368.9635828472223
3274,1240.0
3275,1240.0
3276,849.596227847224
3277,387.5533676388889
3278,386.1731970833332
3279,1240.0
3280,1240.0
3281,400.8820107638889
3282,404.0033127083333
3283,398.7203937499999
3284,399.6987064583333
3285,369.256741388889
3286,365.2058146527778
3287,361.7013725694443
3288,378.4014125694445
3289,383.9092011805555
3290,384.9367088194444
3291,386.0282076388888
3292,372.5859525694444
3293,388.5088642361111
3294,389.2002858333334
3295,388.3026189583333
3296,388.8825684722223
3297,390.2064915972223
3298,1240.0
3299,1240.0
3300,978.4730973611136
3301,394.6993876388889
3302,393.360397986111
3303,1240.0
3304,1240.0
3305,382.0460665972222
3306,400.9227774999999
3307,406.0027674305554
3308,405.9872191666666
3309,402.9469154861111
3310,371.6575979861112
3311,372.8679796527777
3312,384.0851563888889
3313,379.9873651388888
3314,376.4123436111112
3315,377.5979511111111
3316,384.0377411111111
3317,368.6997222222224
3318,359.1253701388888
3319,361.8978586805555
3320,359.7541120833333
3321,359.9474515972221
3322,1240.0
3323,1240.0
3324,493.519446597227
3325,316.2012768055554
3326,326.5894590972222
3327,1240.0
3328,1240.0
3329,364.9155251388888
3330,378.6608690277778
3331,372.5054496527777
3332,365.3600907638889
3333,352.6673388194445
3334,353.7773725694444
3335,358.6110378472221
3336,366.606686736111
3337,361.9139353472222
3338,366.4880834027778
3339,360.0244861111111
3340,357.3203545138889
3341,350.6888525
3342,353.3307638194445
3343,360.8474877777778
3344,359.0167277083333
3345,357.8377984027778
3346,1240.0
3347,1240.0
3348,518.38703270834
3349,371.8359190972221
3350,351.5695370833333
3351,1240.0
3352,1240.0
3353,362.0602863888889
3354,349.8559186111111
3355,355.7624087499998
3356,352.6698826388888
3357,343.9579640972221
3358,334.1215232638889
3359,340.2584796527778
3360,352.5524095138887
3361,353.5945505555555
3362,358.5654576388888
3363,363.2264018055554
3364,360.3652373611111
3365,356.9023247222221
3366,359.0735084027777
3367,351.0194707638888
3368,344.5770878472221
3369,339.3579777777778
3370,1240.0
3371,1240.0
3372,567.8629160416631
3373,360.7087006249999
3374,353.5244854166666
3375,1240.0
3376,1240.0
3377,381.0817820833333
3378,382.7418700000001
3379,383.3569259722221
3380,390.1947291666666
3381,398.4554243055555
3382,396.8317869444444
3383,390.4787011805556
3384,389.8059724999999
3385,377.8805649305555
3386,393.7801233333334
3387,379.2491757638889
3388,385.1348156249999
3389,387.6377988194444
3390,387.4280404166666
3391,398.9435965277777
3392,394.3403022222222
3393,395.9069863194446
3394,1240.0
3395,1240.0
3396,1149.264121249999
3397,401.879279375
3398,393.3616477777777
3399,1240.0
3400,1240.0
3401,397.4387622916667
3402,394.0056156944444
3403,401.5323131944446
3404,403.9941261805555
3405,407.2065175694444
3406,404.9164238194445
3407,386.1574300694444
3408,377.1241400694444
3409,371.5544379166666
3410,381.0091750694443
3411,379.8639327777777
3412,386.9999286805555
3413,388.2138754861112
3414,401.7040538194444
3415,394.9116111111112
3416,394.7244102083333
3417,395.5305438194443
3418,1240.0
3419,1240.0
3420,1215.374048055556
3421,454.4832940277778
3422,440.7478376388889
3423,1240.0
3424,1240.0
3425,393.9300900694446
3426,405.3989381944443
3427,411.4984674305556
3428,396.1470765972223
3429,389.2145313194445
3430,371.8759396527777
3431,367.4833254166667
3432,353.0013972916668
3433,344.4777102083334
3434,346.0276458333332
3435,347.4765131250001
3436,353.7209530555555
3437,349.8650249305554
3438,349.8557849305554
3439,345.4186156944445
3440,345.2381858333334
3441,344.778814236111
3442,1240.0
3443,1240.0
3444,454.2227322916647
3445,377.3888241666667
3446,362.9035088194444
3447,1240.0
3448,1240.0
3449,344.2574211805555
3450,368.8426515277777
3451,389.7596913194445
3452,374.3701582638888
3453,359.4864758333333
3454,349.9448404861112
3455,347.2364257638889
3456,348.9063141666666
3457,343.0207768749999
3458,351.9511177777778
3459,356.4072701388889
3460,358.1700252083333
3461,353.1681859027777
3462,353.9045295138889
3463,351.8894672222221
3464,346.6056479861111
3465,341.4127334722222
3466,341.4939631249999
3467,1240.0
3468,1214.069150625001
3469,338.4558819444446
3470,344.4277885416666
3471,1240.0
3472,1240.0
3473,333.9303367361111
3474,331.6625258333333
3475,337.9490274999998
3476,334.973253125
3477,340.6380483333334
3478,347.7745799305555
3479,350.8151441666667
3480,348.4583953472222
3481,332.9651451388888
3482,313.316014375
3483,313.592951875
3484,319.9880026388889
3485,343.0487438194445
3486,338.7399827777778
3487,347.9977584027778
3488,325.0796932638889
3489,316.4839839583333
3490,318.0692102777779
3491,1240.0
3492,943.3882113194461
3493,312.1938920138888
3494,314.1127801388889
3495,1240.0
3496,1240.0
3497,316.6703861805555
3498,325.4654511111111
3499,327.4727516666666
3500,332.1385097916668
3501,347.115138125
3502,346.5343870138889
3503,354.1676736111111
3504,362.9919679166666
3505,358.5355603472221
3506,353.1808019444445
3507,352.8588534722222
3508,347.5636290972222
3509,350.4525028472223
3510,352.3894781944444
3511,338.0717097916666
3512,337.012195625
3513,338.83038
3514,1240.0
3515,1240.0
3516,1227.078276180555
3517,338.0395146527777
3518,327.5605161111112
3519,1240.0
3520,374.7947379166667
3521,378.8177691666666
3522,360.4061654861111
3523,347.1257528472223
3524,373.7172619444444
3525,370.6821309722222
3526,361.6115883333334
3527,349.2362859027778
3528,362.4223127777777
3529,353.2601668749999
3530,380.9760179166666
3531,367.5665627083332
3532,364.8230390972222
3533,363.612908263889
3534,358.312241388889
3535,359.4737917361111
3536,357.6075606249998
3537,350.2898359722221
3538,1240.0
3539,1240.0
3540,532.5214861805604
3541,342.9719679166666
3542,359.6185342361111
3543,1240.0
3544,1240.0
3545,377.3602947916666
3546,370.1801760416668
3547,385.798293611111
3548,384.3840792361111
3549,372.7115806944445
3550,375.7132852083333
3551,375.7761563888889
3552,382.2524863888888
3553,385.1932408333333
3554,392.2338826388888
3555,392.8118774999999
3556,402.1256166666666
3557,396.7541015277779
3558,388.1055383333334
3559,367.0696973611111
3560,350.6704293749999
3561,342.1021736805556
3562,1240.0
3563,1240.0
3564,658.5670768750006
3565,365.0105418750001
3566,358.7000584027778
3567,1240.0
3568,1240.0
3569,377.4216084722221
3570,369.4133863194444
3571,371.5345739583333
3572,371.5373759027777
3573,356.6991472916667
3574,368.2487423611111
3575,375.010968888889
3576,380.6404763194444
3577,386.4313050694445
3578,394.8296085416667
3579,395.8799298611111
3580,399.7099156944444
3581,400.3985946527778
3582,392.3560486805554
3583,390.2540026388887
3584,368.2251781249998
3585,361.4257845138889
3586,1240.0
3587,1240.0
3588,818.519194930557
3589,368.4382902083333
3590,378.554299861111
3591,1240.0
3592,1240.0
3593,388.7450670833334
3594,395.7908762499999
3595,391.9515138194445
3596,391.6973005555554
3597,388.1878646527776
3598,387.28004
3599,382.71417625
3600,386.4657377777777
3601,392.2228863194442
3602,400.0434977777779
3603,401.0653052777778
3604,389.4018975000001
3605,383.5824645138888
3606,383.2869760416667
3607,379.0144944444446
3608,364.0593356944445
3609,360.1219494444445
3610,1240.0
3611,1240.0
3612,1107.295223680552
3613,388.4417177083333
3614,411.2826841666666
3615,1240.0
3616,1240.0
3617,433.679378125
3618,423.8186900694444
3619,412.4554374305554
3620,421.132329236111
3621,423.6953889583331
3622,424.1983292361111
3623,415.4559310416665
3624,409.7131451388889
3625,401.1145988888888
3626,397.7074772222223
3627,386.1453093750001
3628,374.0587608333335
3629,369.4873685416667
3630,359.4736551388888
3631,361.3421034027778
3632,360.0016865277779
3633,358.8778326388888
3634,1240.0
3635,1240.0
3636,691.6607014583335
3637,371.124026875
3638,373.7899253472223
3639,1240.0
3640,1240.0
3641,378.7726765277777
3642,372.1919770138889
3643,368.6315713888889
3644,370.1053927083332
3645,367.7752015972222
3646,371.28721
3647,367.2999122916667
3648,361.58654
3649,368.4862086111111
3650,367.3151163888891
3651,355.4779175694443
3652,344.113958125
3653,351.9106903472222
3654,346.2492677777779
3655,346.2034065972222
3656,342.8048448611111
3657,336.0498254166666
3658,1240.0
3659,1240.0
3660,518.8905072916671
3661,345.0885720138888
3662,358.0241685416665
3663,1240.0
3664,1240.0
3665,387.3929315277779
3666,400.4429561805555
3667,401.7310529166666
3668,398.0726142361109
3669,389.4150560416665
3670,382.4154974305555
3671,386.0212533333333
3672,387.1296902083332
3673,390.4846774305556
3674,380.473919097222
3675,376.1830765972222
3676,371.8651489583333
3677,368.0436195138889
3678,367.1481702777777
3679,364.3812870833333
3680,358.9488252777778
3681,377.6298293055555
3682,1240.0
3683,1240.0
3684,957.3772015277766
3685,423.4553278472221
3686,374.8777272916666
3687,1240.0
3688,1240.0
3689,394.0354313194445
3690,392.6739794444446
3691,390.4238158333333
3692,394.1648608333333
3693,376.3482275
3694,374.8088895833334
3695,376.9864145833333
3696,380.2376540277778
3697,372.9147756249999
3698,373.9627820833333
3699,383.9119549999999
3700,389.6968843055556
3701,388.467335763889
3702,385.5144533333333
3703,386.2134602083333
3704,381.7459853472221
3705,379.6804865972223
3706,1240.0
3707,1240.0
3708,820.1175130555541
3709,365.9865854166666
3710,361.8021633333333
3711,1240.0
3712,1240.0
3713,380.6622020833333
3714,395.410505486111
3715,399.4960909722222
3716,395.4250222222223
3717,392.4383793750001
3718,392.6406322222222
3719,395.7532002083334
3720,393.1724047222222
3721,391.5904829861111
3722,395.4402574305554
3723,402.0188963194444
3724,403.6449384722223
3725,398.275744513889
3726,394.1557384722222
3727,393.8402061805555
3728,375.7337514583332
3729,364.6123697222224
3730,1240.0
3731,1240.0
3732,1105.999441416668
3733,401.6796495833333
3734,395.6894676388889
3735,1240.0
3736,1240.0
3737,375.3162281944445
3738,384.7198065277778
3739,379.8354234791667
3740,392.7038242361112
3741,393.7450562500002
3742,395.7455867361112
3743,402.2983795833333
3744,399.8551853819445
3745,396.1678797222221
3746,390.8191858715278
3747,388.0826089583333
3748,385.2453208333334
3749,365.5548437187499
3750,360.8641108333333
3751,355.2402145833333
3752,325.3153254652778
3753,194.9188073194444
3754,184.0528472222222
3755,1240.0
3756,325.5677840611077
3757,184.5195138888888
3758,174.9705743138888
3759,1240.0
3760,1240.0
3761,314.5781991527777
3762,313.3816228472223
3763,313.3268541666666
3764,313.4834791666668
3765,313.4238975
3766,313.1506063194444
3767,314.1563706944444
3768,316.1829188194444
3769,313.7169267361111
3770,313.4090555555556
3771,313.7467715277778
3772,313.8681063194445
3773,314.1088611111111
3774,314.181437013889
3775,314.6872361111111
3776,315.1497222222222
3777,313.5897104861111
3778,1240.0
3779,1240.0
3780,638.3694802083323
3781,374.7055924305556
3782,369.3419240972221
3783,1240.0
3784,1240.0
3785,388.9575253472223
3786,389.0638908333332
3787,420.9974504166666
3788,432.6254702777777
3789,443.7046867361111
3790,407.0467566666667
3791,407.2923259027778
3792,405.9599269444445
3793,403.3456369444445
3794,404.2453488888889
3795,405.6694439583333
3796,402.7952604861111
3797,404.9009489583333
3798,397.1731745138888
3799,384.5483424999999
3800,385.6273628472222
3801,381.6209935416667
3802,1240.0
3803,1240.0
3804,970.8326409722188
3805,381.9494753472223
3806,379.2166398611111
3807,1240.0
3808,1240.0
3809,380.9284922916667
3810,385.3910608333334
3811,391.5529678472222
3812,397.084979861111
3813,395.1242876388889
3814,398.8220143055556
3815,392.8999204861111
3816,398.5028697222222
3817,394.9793745138889
3818,390.5922878472221
3819,389.2786051388889
3820,390.1464106944443
3821,383.7473422222222
3822,377.9770020833332
3823,377.4673631944444
3824,373.1818766666667
3825,363.5505878472223
3826,1240.0
3827,1240.0
3828,907.7678190277759
3829,381.5199164583333
3830,382.6484870833334
3831,1240.0
3832,1240.0
3833,383.3014135416667
3834,386.6111156249999
3835,391.8144518749999
3836,386.1602485416666
3837,390.6916163888888
3838,389.169213611111
3839,390.5594452083334
3840,389.6933196527779
3841,386.727542638889
3842,381.9743447916667
3843,374.5343500694444
3844,378.9972729861112
3845,380.9637504166668
3846,373.51439125
3847,380.665543125
3848,376.5119511805556
3849,380.6244477777778
3850,1240.0
3851,1240.0
3852,593.5759246527748
3853,344.510893611111
3854,346.11947125
3855,1240.0
3856,1240.0
3857,355.3773275694444
3858,358.2177258333333
3859,358.855598888889
3860,357.5615210416667
3861,357.3031986805556
3862,358.64121125
3863,363.7482950694443
3864,371.6892268055555
3865,367.9739452083332
3866,370.0947799305555
3867,369.4978024305555
3868,373.4069359027777
3869,371.8697329861109
3870,370.0465426388889
3871,369.9785872222224
3872,370.0471570833333
3873,366.4282902777778
3874,1240.0
3875,1240.0
3876,378.7737612499992
3877,344.2806111111111
3878,345.0687445138889
3879,1240.0
3880,1240.0
3881,332.1850014583333
3882,335.1858159027778
3883,334.9440709027777
3884,333.3489449305557
3885,333.191508125
3886,333.622979861111
3887,336.103866875
3888,345.4270526388888
3889,339.4561343055556
3890,334.1015577083333
3891,333.8544659722222
3892,331.9361884027778
3893,331.155094861111
3894,329.8543271527777
3895,331.2318950694444
3896,333.0707644444444
3897,331.4590538194445
3898,330.7731413194444
3899,1240.0
3900,1057.927935694446
3901,332.9958357638889
3902,334.9197186805556
3903,1240.0
3904,1240.0
3905,338.0901202777778
3906,339.7122341666667
3907,338.270935625
3908,337.2884214583335
3909,339.7734049305554
3910,342.3065119444444
3911,341.7423333333334
3912,351.7947042361111
3913,347.6935301388889
3914,340.4676031944443
3915,336.19084625
3916,335.5671345833333
3917,334.8099236805555
3918,332.8145474305556
3919,329.7425177083334
3920,330.9233122222222
3921,335.5753488888889
3922,330.3863558333334
3923,1240.0
3924,1178.699354722225
3925,345.1547030555556
3926,341.8181671527778
3927,1240.0
3928,1240.0
3929,365.8323934027777
3930,358.7285571527778
3931,360.2048834027778
3932,353.43382375
3933,355.33917125
3934,355.2348527777777
3935,350.2848756944446
3936,352.7759185416666
3937,350.5398584722221
3938,350.5237701388888
3939,346.4200843055555
3940,343.9476590277777
3941,343.2348232638889
3942,336.2255351388889
3943,333.3691880555555
3944,336.1502238888889
3945,332.8621678472222
3946,1240.0
3947,1240.0
3948,1235.044999444441
3949,359.8132202777778
3950,360.6801347916666
3951,1240.0
3952,353.7459372222223
3953,352.4966015277777
3954,348.6986022916666
3955,346.3955026388889
3956,348.88315875
3957,344.6771586805556
3958,342.5597918749999
3959,344.3312789583333
3960,348.6943867361111
3961,344.7056841666667
3962,346.4903599305555
3963,345.4844944444446
3964,342.1463548611111
3965,341.1791726388889
3966,343.567276111111
3967,341.2144477777778
3968,341.7958235416666
3969,339.017179861111
3970,337.1874902083333
3971,1240.0
3972,1097.61623881944
3973,336.1298402777778
3974,333.2360558333332
3975,1240.0
3976,1240.0
3977,333.5408766666667
3978,334.6252456944444
3979,333.9341575694445
3980,335.0347422916668
3981,335.1619614583333
3982,335.2515658333333
3983,332.8301165972221
3984,337.1128376388889
3985,326.6577397222222
3986,326.4163515277777
3987,326.7505038194444
3988,326.5784530555556
3989,326.7792781944444
3990,328.4936326388889
3991,328.6588136805555
3992,328.8821054166668
3993,328.0125936111111
3994,327.0716181249999
3995,1240.0
3996,1056.461162916665
3997,334.6566829861111
3998,334.7101080555556
3999,1240.0
4000,1240.0
4001,339.2255100694444
4002,340.2553345138888
4003,342.5927370833333
4004,344.6223165972222
4005,346.4955788194444
4006,345.561006875
4007,356.2534465972222
4008,356.4740618055556
4009,356.0580114583333
4010,351.6894689583335
4011,358.6682531249999
4012,352.9589758333333
4013,345.5109583333333
4014,342.7302569444444
4015,342.7972275000001
4016,339.0958282638888
4017,339.9115946527778
4018,341.933685138889
4019,1240.0
4020,1154.614720625002
4021,336.2658376388888
4022,337.1386340972222
4023,1240.0
4024,1240.0
4025,347.59605125
4026,342.8266357638889
4027,340.3693635416667
4028,329.6645323611111
4029,330.7235876388888
4030,331.1145979166668
4031,331.6469547222222
4032,335.2691159027777
4033,324.2685984027778
4034,323.647743125
4035,328.0390064583333
4036,330.1626941666668
4037,330.5615522222222
4038,328.3692241666668
4039,327.5216364583333
4040,324.4661894444444
4041,324.4736264583335
4042,323.6875298611111
4043,1240.0
4044,1117.146344236113
4045,323.1246817361111
4046,327.4377059722221
4047,1240.0
4048,1240.0
4049,367.8650509722221
4050,369.1527952777778
4051,360.1000725
4052,359.4098773611112
4053,361.8216087499999
4054,335.7499269444445
4055,330.9922772916666
4056,326.8568644444444
4057,320.4439116666666
4058,329.0899611805556
4059,333.9772785416667
4060,332.5873036111111
4061,334.3637811111111
4062,329.3536502083334
4063,332.7909700694444
4064,334.2460756249999
4065,334.673272986111
4066,332.4204445138888
4067,1240.0
4068,1183.860563472221
4069,333.8517456944444
4070,336.7652210416666
4071,1240.0
4072,1240.0
4073,359.6201675694446
4074,362.5028122916666
4075,359.2536086805555
4076,355.3750443055555
4077,361.3316189583334
4078,360.2378830555556
4079,365.6210716666668
4080,382.3096977777778
4081,376.0578704166667
4082,380.5869229166667
4083,384.2299358333333
4084,388.5204954166666
4085,385.4160289583332
4086,384.5646019444443
4087,375.0211937499999
4088,365.710560347222
4089,365.1552921527778
4090,1240.0
4091,1240.0
4092,741.3453354166654
4093,361.9308986805556
4094,365.0069286111112
4095,1240.0
4096,1240.0
4097,377.4068170833334
4098,387.0601102083332
4099,393.3783369444443
4100,390.665993472222
4101,384.1223774305556
4102,378.9681359722222
4103,382.0701908333332
4104,389.611332638889
4105,382.4773929861111
4106,380.2446992361111
4107,377.6810163194443
4108,377.0405464583332
4109,374.706613263889
4110,374.0268364583332
4111,375.6806807638887
4112,376.3424432638889
4113,376.2313474305554
4114,1240.0
4115,1240.0
4116,733.4764051388877
4117,378.2791434722222
4118,382.2513683333333
4119,1240.0
4120,1240.0
4121,354.1886395833333
4122,359.8796376388888
4123,363.8064164583333
4124,365.5695215277778
4125,365.7429003472222
4126,355.2068654166666
4127,362.7594167361111
4128,369.3024008333334
4129,366.2831491666668
4130,371.1733131944443
4131,371.5418768055554
4132,369.8399760416666
4133,368.2528723611112
4134,366.6913381250002
4135,363.031292361111
4136,361.3925009722221
4137,360.9826752777777
4138,1240.0
4139,1240.0
4140,749.1139714583372
4141,383.2103488888889
4142,379.7112598611111
4143,1240.0
4144,1240.0
4145,373.6965565277777
4146,372.6960377777776
4147,372.1844447222222
4148,374.5940275
4149,374.2870507638888
4150,373.5870522222223
4151,371.6051456249999
4152,368.3937284027778
4153,366.5642331944446
4154,366.8051678472221
4155,366.4404386805555
4156,363.1755565277778
4157,354.6529272222222
4158,355.0985579166666
4159,351.7181738194446
4160,348.387878125
4161,351.5056154166666
4162,1240.0
4163,1240.0
4164,584.2231921527775
4165,356.9692150694444
4166,362.915634861111
4167,1240.0
4168,1240.0
4169,372.4552859027778
4170,376.0583754861111
4171,371.3894853472223
4172,373.3536498611111
4173,370.6521865277777
4174,381.6684890277777
4175,381.5994554166667
4176,389.4256017361109
4177,386.036678125
4178,387.0501128472222
4179,391.9930320833333
4180,389.7352049305554
4181,388.0634396527778
4182,378.9215033333333
4183,376.2490929166666
4184,375.6503338194447
4185,377.5289408333333
4186,1240.0
4187,1240.0
4188,931.3686248611098
4189,388.3720215277776
4190,385.2133745833334
4191,1240.0
4192,1240.0
4193,388.2973252083333
4194,389.7866563888888
4195,387.901531111111
4196,387.0371929861111
4197,383.4247394444444
4198,382.9696441666667
4199,389.3270859722223
4200,393.9006929861111
4201,393.3133550694444
4202,392.703013888889
4203,390.0480704166666
4204,388.394125
4205,387.8543647222222
4206,388.1215809722222
4207,385.4505890277778
4208,382.7993944444444
4209,380.9573998611112
4210,1240.0
4211,1240.0
4212,1010.456007013892
4213,390.1701183333333
4214,385.0319141666667
4215,1240.0
4216,1240.0
4217,389.6646060416667
4218,389.2303649305556
4219,379.0484920833333
4220,369.2161491666666
4221,374.9444047222221
4222,385.0443644444444
4223,385.6125539583333
4224,383.6026595138887
4225,384.7232277777777
4226,375.4822842361111
4227,369.7731902083334
4228,366.6781654861111
4229,367.1197920833334
4230,364.786122361111
4231,364.0795292361111
4232,360.0920555555555
4233,360.6374221527778
4234,1240.0
4235,1240.0
4236,565.6474819444456
4237,358.1578986805556
4238,358.5480169444446
4239,1240.0
4240,1240.0
4241,360.858229375
4242,360.9916838888889
4243,359.4951271527777
4244,356.075706875
4245,357.8459495138889
4246,350.3895514583332
4247,341.4179334027777
4248,351.0535816666666
4249,355.0179806250001
4250,356.447599375
4251,356.0222686805555
4252,355.9478936805554
4253,355.7533840972222
4254,357.5295859722222
4255,356.1651041666666
4256,356.3559513888889
4257,356.445736111111
4258,1240.0
4259,1240.0
4260,520.6584841666663
4261,357.0993285416668
4262,357.2033728472222
4263,1240.0
4264,1240.0
4265,358.41169875
4266,359.3301249999999
4267,361.3124700694444
4268,358.2928450694444
4269,366.6396343750001
4270,367.4881923611111
4271,369.8109702777778
4272,373.091087638889
4273,371.8740263194443
4274,371.4249933333333
4275,366.9605474305556
4276,363.3475557638887
4277,364.3160655555556
4278,363.072517013889
4279,363.3679943055554
4280,366.0151760416666
4281,376.5227763888889
4282,1240.0
4283,1240.0
4284,779.5124505555576
4285,378.3099731250001
4286,385.258461875
4287,1240.0
4288,1240.0
4289,367.2996750694445
4290,369.4850366666666
4291,378.304513611111
4292,373.9110112499999
4293,381.090679375
4294,389.2850675000001
4295,401.6098338194444
4296,402.61167625
4297,392.0786838888888
4298,389.6825445138888
4299,387.494415486111
4300,390.179029236111
4301,385.775005
4302,389.5952754166667
4303,388.8758426388889
4304,390.9719090277777
4305,392.7170134027778
4306,1240.0
4307,1240.0
4308,983.2890300694426
4309,392.0202528472221
4310,380.8824789583334
4311,1240.0
4312,1240.0
4313,383.4768053472221
4314,377.2217502083335
4315,384.0727415972221
4316,380.4816764583333
4317,370.4757286805556
4318,367.2832124305555
4319,368.4741666666666
4320,365.7115665972222
4321,363.6696034027778
4322,359.8518184722221
4323,359.8341279166667
4324,360.6194054166666
4325,360.2441568055555
4326,359.4848881944445
4327,358.6217896527777
4328,356.1545414583333
4329,355.2092823611111
4330,1240.0
4331,1240.0
4332,728.2331690972222
4333,373.5718043749998
4334,372.0506475
4335,1240.0
4336,1240.0
4337,369.0414456944446
4338,371.7486908333333
4339,375.89488125
4340,385.6198276388889
4341,384.9520884027776
4342,389.9513299305555
4343,394.7573651388889
4344,402.6352045138889
4345,392.1795684722221
4346,384.0248324305555
4347,371.9163539583333
4348,373.5297368055556
4349,371.1961647916666
4350,371.3979645833333
4351,368.4020433333333
4352,367.5393079166667
4353,363.9680289583333
4354,1240.0
4355,1240.0
4356,814.4002034027765
4357,372.3930977083333
4358,372.433508125
4359,1240.0
4360,1240.0
4361,390.4355029166666
4362,394.6200125
4363,398.4521347916665
4364,393.8310191666667
4365,394.056442986111
4366,382.13030625
4367,379.00748375
4368,373.4181572916667
4369,369.1770619444443
4370,372.3529084722223
4371,377.3038538888889
4372,371.5058185416667
4373,368.5328893750001
4374,352.4967799305556
4375,341.6299313194444
4376,340.3060884027777
4377,341.6733196527776
4378,1240.0
4379,1240.0
4380,604.996129444442
4381,376.3999516666668
4382,376.2373465277777
4383,1240.0
4384,1240.0
4385,372.499492847222
4386,374.2200029166666
4387,371.0584932638889
4388,353.3033490972222
4389,352.1231724305556
4390,349.0964147222221
4391,346.7145393055556
4392,348.1839083333333
4393,349.3144549999999
4394,351.8163716666667
4395,346.6275536111111
4396,351.4139800694443
4397,346.0829341666666
4398,348.3328970138888
4399,344.1251187499999
4400,345.034458125
4401,342.9985416666666
4402,343.1540972222222
4403,1240.0
4404,1207.390353125001
4405,343.6207638888889
4406,343.7763194444444
4407,1240.0
4408,1240.0
4409,344.2429861111111
4410,344.3985416666667
4411,344.5540972222222
4412,344.7096527777777
4413,344.8652083333333
4414,345.0207638888889
4415,345.1763194444444
4416,345.331875
4417,341.8707638888888
4418,342.0263194444444
4419,342.181875
4420,342.3374305555555
4421,342.4929861111111
4422,342.531875
4423,342.6874305555555
4424,342.8429861111111
4425,342.9985416666666
4426,343.1540972222222
4427,1240.0
4428,1188.629166666668
4429,343.6207638888889
4430,343.7763194444444
4431,1240.0
4432,1240.0
4433,344.2429861111111
4434,344.3985416666667
4435,344.5540972222222
4436,344.7096527777777
4437,344.8652083333333
4438,345.0207638888889
4439,345.1763194444444
4440,345.331875
4441,341.8707638888888
4442,342.0263194444444
4443,342.181875
4444,342.3374305555555
4445,342.4929861111111
4446,342.531875
4447,342.6874305555555
4448,342.8429861111111
4449,342.9985416666666
4450,343.1540972222222
4451,1240.0
4452,1188.629166666668
4453,343.6207638888889
4454,343.7763194444444
4455,1240.0
4456,1240.0
4457,344.2429861111111
4458,344.3985416666667
4459,344.5540972222222
4460,344.7096527777777
4461,344.8652083333333
4462,345.0207638888889
4463,345.1763194444444
4464,345.331875
4465,341.8707638888888
4466,342.0263194444444
4467,342.181875
4468,342.3374305555555
4469,342.4929861111111
4470,342.531875
4471,342.6874305555555
4472,342.8429861111111
4473,342.9985416666666
4474,343.1540972222222
4475,1240.0
4476,1188.629166666668
4477,343.6207638888889
4478,343.7763194444444
4479,1240.0
4480,1240.0
4481,344.2429861111111
4482,344.3985416666667
4483,344.5540972222222
4484,344.7096527777777
4485,344.8652083333333
4486,345.0207638888889
4487,345.1763194444444
4488,345.331875
4489,341.8707638888888
4490,342.0263194444444
4491,342.181875
4492,342.3374305555555
4493,342.4929861111111
4494,342.531875
4495,342.6874305555555
4496,342.8429861111111
4497,342.9985416666666
4498,343.1540972222222
4499,1240.0
4500,1191.586536250001
4501,343.6207638888889
4502,343.7763194444444
4503,1240.0
4504,1240.0
4505,345.5917344444445
4506,345.7267916666667
4507,345.6128472222222
4508,344.9991154166667
4509,344.7990811805554
4510,344.6206132638889
4511,344.4523055555554
4512,344.7869930555556
4513,341.4071597222222
4514,341.7921115972221
4515,343.3491736111112
4516,341.6633242361111
4517,341.8055117361112
4518,341.9297777777778
4519,342.00173875
4520,342.1785043055555
4521,342.3358424305555
4522,1240.0
4523,1240.0
4524,583.3429559722229
4525,376.4673232638888
4526,383.1830289583335
4527,1240.0
4528,1240.0
4529,376.5400265277779
4530,368.9964765277777
4531,375.8617221527777
4532,375.3050315972223
4533,367.2390560416667
4534,358.3087880555555
4535,359.0753575694443
4536,363.5740986111111
4537,366.3189804166665
4538,371.5199945138889
4539,368.7368922222221
4540,368.5646620833332
4541,372.5944580555555
4542,372.0989834722222
4543,369.5158706944444
4544,368.4683002777777
4545,367.67009125
4546,1240.0
4547,1240.0
4548,796.8358657638913
4549,393.3813007638887
4550,376.4865241666666
4551,1240.0
4552,1240.0
4553,397.6521125694443
4554,394.7977181944444
4555,384.8407781944445
4556,380.5636639583333
4557,365.7988697222222
4558,366.0617902083333
4559,370.5148470138889
4560,372.0145124305556
4561,349.2226558333333
4562,342.4341384722222
4563,342.5736523611112
4564,348.3733793749999
4565,345.2150819444445
4566,343.0519861805555
4567,340.5756350694444
4568,341.7856633333333
4569,339.1736702083333
4570,1240.0
4571,1240.0
4572,610.7490355555558
4573,387.0762116666664
4574,380.9815795138889
4575,1240.0
4576,1240.0
4577,384.3774355555555
4578,384.0544336805554
4579,390.6877911805556
4580,382.2075867361112
4581,380.0779086805554
4582,371.3921968750001
4583,368.6761113194445
4584,367.3340888194444
4585,361.6253642361111
4586,373.104550486111
4587,369.3794523611111
4588,369.1225606249999
4589,361.4392629166666
4590,354.2863134027777
4591,347.0325857638888
4592,341.9341372222221
4593,340.8316678472222
4594,1240.0
4595,1240.0
4596,659.293709444449
4597,390.8415505555555
4598,386.7703024305555
4599,1240.0
4600,1240.0
4601,372.473671111111
4602,371.3369576388888
4603,371.7604090277778
4604,370.8727234722222
4605,367.8552359027778
4606,363.3187775
4607,368.2784573611112
4608,366.2040481944443
4609,357.4700383333333
4610,353.3839959027777
4611,351.1019380555555
4612,347.1593771527779
4613,345.0637511805555
4614,343.447138125
4615,338.6124860416667
4616,321.0614341666667
4617,328.5302100694444
4618,323.8098086805555
4619,1240.0
4620,1199.956056111111
4621,351.7813434722222
4622,351.5205259027778
4623,1240.0
4624,1240.0
4625,351.0432250694446
4626,340.9814868055556
4627,338.2948168055556
4628,345.4370582638889
4629,338.5645783333333
4630,339.8617634027777
4631,335.9660888888888
4632,337.3288639583333
4633,331.755244236111
4634,331.1529209722222
4635,329.7041309722222
4636,331.7148158333333
4637,333.3071704861111
4638,331.1791899305555
4639,331.7805259027778
4640,332.8745160416667
4641,335.8819221527777
4642,336.5408277777778
4643,1240.0
4644,1139.880557361118
4645,341.6274997916666
4646,347.4650117361111
4647,1240.0
4648,1240.0
4649,349.2025322916667
4650,350.771185625
4651,348.9561084722222
4652,346.9214432638889
4653,345.6685395138889
4654,345.5800813888889
4655,344.803085763889
4656,330.8804717361111
4657,323.8055294444445
4658,324.9822255555555
4659,325.7580622916666
4660,323.7750872222221
4661,322.8246539583333
4662,322.7906441666667
4663,320.7718427083333
4664,324.7809619444444
4665,315.4731800694445
4666,321.8953227777778
4667,1240.0
4668,1006.776733819447
4669,331.8656094444444
4670,338.0547906944444
4671,1240.0
4672,1240.0
4673,340.4309479861112
4674,340.5364185416666
4675,340.3372831249999
4676,338.812201875
4677,340.9519302777776
4678,336.7459379861112
4679,334.4114705555555
4680,331.6898627777776
4681,336.6230009722223
4682,337.1378879166667
4683,340.2969815972222
4684,326.711244513889
4685,327.8907906944444
4686,311.8956818055555
4687,312.0718577083334
4688,309.9558675694445
4689,313.7539022916666
4690,317.1519677083334
4691,1240.0
4692,989.4403625000045
4693,328.4385897916667
4694,332.1421561111111
4695,1240.0
4696,1240.0
4697,343.2847619444446
4698,344.9410591666667
4699,331.2062624305556
4700,340.05689375
4701,336.9001484722222
4702,339.2481978472222
4703,328.6142538194445
4704,329.2346147222222
4705,429.4181329861112
4706,433.2882215277777
4707,438.4870986805557
4708,429.5931888888888
4709,422.6576190277777
4710,428.332397986111
4711,429.8764497222222
4712,429.6156321527777
4713,430.0963036805556
4714,1240.0
4715,1240.0
4716,1240.0
4717,415.3375940972222
4718,406.3424477777777
4719,1240.0
4720,1240.0
4721,704.0234336111146
4722,416.0378361805555
4723,423.9873317361111
4724,424.6792068750001
4725,422.1148098611112
4726,412.540559375
4727,432.2040289583334
4728,445.9401027083334
4729,441.4417140972222
4730,436.0942619444446
4731,438.7992014583332
4732,431.8242245138889
4733,433.8154858333334
4734,431.2926226388888
4735,424.7931999305555
4736,434.4837466666667
4737,424.9873857638889
4738,1240.0
4739,1240.0
4740,1240.0
4741,423.7455692361112
4742,641.476598819447
4743,1240.0
4744,1240.0
4745,407.4176297916667
4746,406.6197741666667
4747,401.9305684722223
4748,398.1067265972223
4749,396.3306856250001
4750,391.7277466666667
4751,399.1733472222222
4752,401.8365730555556
4753,404.9599307638889
4754,410.340437986111
4755,413.3981075
4756,413.7272713194444
4757,414.099568263889
4758,418.0805304861112
4759,417.2311602083333
4760,414.1929983333333
4761,407.1857698611112
4762,1240.0
4763,1240.0
4764,1240.0
4765,409.0549647916665
4766,498.000965138888
4767,1240.0
4768,1240.0
4769,416.8130536111111
4770,410.613621736111
4771,416.6675163194445
4772,416.2500290277776
4773,415.6141908333333
4774,417.022423611111
4775,421.3386566666667
4776,420.4998063194444
4777,417.3931120138889
4778,412.1807763888888
4779,409.0310267361112
4780,410.2569206944443
4781,412.8948405555554
4782,408.7084516666666
4783,402.6271861111111
4784,395.2144554166666
4785,389.5156975694445
4786,1240.0
4787,1240.0
4788,1240.0
4789,403.9323259027778
4790,405.868154513889
4791,1240.0
4792,1240.0
4793,410.5987957638906
4794,414.1053529861111
4795,421.8063728472222
4796,419.8266012499999
4797,414.3007395138888
4798,418.7481530555555
4799,415.4133968055555
4800,415.5099506249999
4801,404.7273324305557
4802,406.1257574305554
4803,402.367678125
4804,401.0176396527779
4805,408.5414827083333
4806,405.4461109027778
4807,407.5480490277777
4808,413.5099796527779
4809,420.1706075
4810,1240.0
4811,1240.0
4812,1240.0
4813,424.5763467361111
4814,638.4670556250012
4815,1240.0
4816,1240.0
4817,417.2830836805556
4818,413.2904363194445
4819,414.0874772222223
4820,416.2275692361112
4821,419.2971859027779
4822,416.7869718055554
4823,418.2431429166667
4824,425.7268910416665
4825,434.0928438194446
4826,432.5768620833332
4827,435.2481014583332
4828,425.6157470833332
4829,424.2696290972222
4830,418.6754891666666
4831,416.2428175694444
4832,417.6435598611112
4833,416.3883397916666
4834,1240.0
4835,1240.0
4836,1240.0
4837,425.4217415972222
4838,814.3503348611107
4839,1240.0
4840,1240.0
4841,434.2847497916667
4842,437.3957106944443
4843,435.8103871527779
4844,437.7242902083334
4845,444.2141690972223
4846,443.5735222916666
4847,443.7804102083332
4848,425.8441726388889
4849,421.7594781944442
4850,426.4009959027779
4851,419.5242430555555
4852,424.3432875694444
4853,429.8931199305555
4854,433.6685709027777
4855,432.9305993055557
4856,441.9092562499999
4857,445.3041556249999
4858,1240.0
4859,1240.0
4860,1240.0
4861,433.1645222916665
4862,862.3051380555559
4863,1240.0
4864,1240.0
4865,434.5865056944444
4866,425.5954602083333
4867,424.9501822222222
4868,419.8449675
4869,412.1513272916666
4870,418.6989576388888
4871,416.2060296527777
4872,417.6319131249999
4873,415.1647524305556
4874,424.0715713888887
4875,429.8818168749999
4876,429.8922779861111
4877,428.8038980555556
4878,426.5309129861111
4879,412.3584115972224
4880,411.2775172916666
4881,414.2130893055555
4882,1240.0
4883,1240.0
4884,1240.0
4885,427.5895079166665
4886,773.5800129861129
4887,1240.0
4888,1240.0
4889,425.5661073611113
4890,410.6503318749999
4891,430.5380265277777
4892,431.72773875
4893,433.8441221527777
4894,441.0307319444443
4895,439.6675072222223
4896,436.1808903472221
4897,426.3126427777778
4898,437.2312670833333
4899,425.8876144444445
4900,424.662520625
4901,423.1789770833333
4902,419.3276752777777
4903,413.5365859722222
4904,411.515286875
4905,413.65288125
4906,1240.0
4907,1240.0
4908,1240.0
4909,406.6146709722222
4910,398.9506261805556
4911,1240.0
4912,1240.0
4913,483.861229930557
4914,417.4213395138888
4915,407.7806094444443
4916,406.4250424305556
4917,399.7211779166666
4918,403.6566868055555
4919,408.5131599305555
4920,412.7887492361109
4921,409.3583802777778
4922,408.4150787499999
4923,410.3261312499999
4924,406.1440172222223
4925,405.0898536805555
4926,401.7456561805556
4927,402.6009847222222
4928,399.3824396527777
4929,411.0655388194444
4930,1240.0
4931,1240.0
4932,1240.0
4933,420.9060168055556
4934,486.8271874999971
4935,1240.0
4936,1240.0
4937,396.2921982638887
4938,399.4126125694445
4939,403.1265646527777
4940,391.2048845833332
4941,386.0055524305555
4942,393.8580795138888
4943,396.4407392361111
4944,406.8929005555555
4945,411.2306231250001
4946,413.8106019444444
4947,412.0764579166668
4948,407.1993819444444
4949,399.3742097916667
4950,398.3647786805555
4951,392.0790790972222
4952,385.8067300694445
4953,380.3206113194444
4954,1240.0
4955,1240.0
4956,904.2127032638863
4957,376.1631348611111
4958,375.0034531249999
4959,1240.0
4960,1240.0
4961,388.5907793055555
4962,385.9964305555556
4963,383.9221963888889
4964,389.3460117361111
4965,390.5203925
4966,386.3782061805555
4967,379.9793180555556
4968,380.9590584722222
4969,375.7976089583333
4970,374.2395572222222
4971,373.5051570833333
4972,372.0736595138888
4973,372.5097624305556
4974,370.6952272916666
4975,361.0560950694444
4976,358.3159533333334
4977,358.4399607638889
4978,1240.0
4979,1240.0
4980,646.7250000694411
4981,370.1334277083333
4982,370.4287251388889
4983,1240.0
4984,1240.0
4985,362.67224875
4986,357.6351216666666
4987,353.6636896527777
4988,361.9218910416665
4989,360.7158668749999
4990,363.7432390277777
4991,364.3185520138889
4992,377.3177751388888
4993,375.4675108333334
4994,376.0103822222222
4995,372.2027531249999
4996,373.2662640972223
4997,373.6084357638887
4998,373.1585131944445
4999,368.9637437499999
5000,361.1934676388889
5001,359.1760919444444
5002,1240.0
5003,1240.0
5004,782.8496333333294
5005,358.3832607638889
5006,388.114125
5007,1240.0
5008,1240.0
5009,392.7179399305555
5010,394.2489818750001
5011,385.4643352777776
5012,382.4789305555555
5013,388.478462361111
5014,391.6607250694444
5015,400.7267138194443
5016,408.42951625
5017,405.3600838194444
5018,385.1195497916665
5019,374.2683850694444
5020,369.1490847916666
5021,362.7179310416666
5022,362.5897318750001
5023,360.5424044444443
5024,358.4808256944445
5025,351.3753896527778
5026,1240.0
5027,1240.0
5028,735.9548509027761
5029,377.5660636805555
5030,376.0247686805554
5031,1240.0
5032,1240.0
5033,390.6029307638888
5034,383.4395672916667
5035,386.6695986805556
5036,389.4246178472221
5037,370.3107425694445
5038,377.2119944444444
5039,394.002406875
5040,391.7247950000001
5041,397.6196209027776
5042,402.5441840972222
5043,406.355106111111
5044,414.1568340972222
5045,390.1805512500001
5046,390.2218531944444
5047,376.2644822222222
5048,367.2923304166666
5049,365.6150404861111
5050,1240.0
5051,1240.0
5052,844.0674586111148
5053,366.2682790277777
5054,377.4173656944445
5055,1240.0
5056,1240.0
5057,388.7009267361111
5058,374.0648187499999
5059,372.5664789583333
5060,371.6201460416667
5061,362.7371183333334
5062,370.9655531944445
5063,384.0187871527778
5064,391.3579765277779
5065,385.8496736111109
5066,385.9768918055556
5067,378.6498984722223
5068,375.3042640277777
5069,370.1159850694445
5070,365.970596736111
5071,364.6362358333334
5072,352.2416858333333
5073,359.7551941666666
5074,1240.0
5075,1240.0
5076,799.7401690972208
5077,377.7004578472223
5078,379.6350303472223
5079,1240.0
5080,1240.0
5081,388.0002602777778
5082,370.8678905555554
5083,382.976090972222
5084,387.9887083333333
5085,390.8175177083333
5086,405.5239372916667
5087,402.1244786805555
5088,385.77476875
5089,400.5458031944444
5090,420.8021052083332
5091,419.7083629861111
5092,423.3855990972223
5093,419.3266554166667
5094,424.8866494444443
5095,405.5200265277777
5096,396.1439844444445
5097,393.7934699999999
5098,1240.0
5099,1240.0
5100,1240.0
5101,407.7939089583332
5102,469.2255391666613
5103,1240.0
5104,1240.0
5105,412.0857552777777
5106,421.9729013888889
5107,423.9320725694445
5108,427.1080984722223
5109,426.4248498611109
5110,427.7598227777776
5111,421.183406875
5112,440.6283515277777
5113,433.2282018750001
5114,437.6337243055556
5115,429.0428323611112
5116,423.0902554861111
5117,431.6370343055555
5118,420.8662441666667
5119,404.8368372222222
5120,403.5069276388888
5121,408.3140322916667
5122,1240.0
5123,1240.0
5124,1240.0
5125,421.9125419444443
5126,661.1420172916679
5127,1240.0
5128,1240.0
5129,406.3146752777778
5130,410.9025384722223
5131,429.735591736111
5132,427.3501429166666
5133,429.8746982638889
5134,426.2891611805554
5135,431.5047892361111
5136,431.6533977777777
5137,434.0085390277777
5138,441.165925763889
5139,448.7635624305555
5140,439.5536434722223
5141,437.1878004861111
5142,429.1535524305555
5143,422.383920486111
5144,420.6328354861111
5145,419.4248508333334
5146,1240.0
5147,1240.0
5148,1240.0
5149,429.2107886111111
5150,423.3302208333334
5151,1240.0
5152,1240.0
5153,679.5698875000003
5154,404.5391729166665
5155,401.8963501388889
5156,414.3280521527777
5157,430.0499140972222
5158,427.620081875
5159,426.6283029166667
5160,427.5255186805556
5161,422.6378464583333
5162,429.7606561111112
5163,436.5023857638889
5164,428.0084525694445
5165,422.8893302083333
5166,418.367131875
5167,412.1550411805557
5168,404.6501705555555
5169,404.2460440277779
5170,1240.0
5171,1240.0
5172,1240.0
5173,412.5693449305554
5174,424.0365854861111
5175,1240.0
5176,1240.0
5177,672.9833216666668
5178,430.2361364583335
5179,424.4805186805556
5180,426.5478840972223
5181,430.7222344444444
5182,430.8669181249999
5183,432.695791111111
5184,436.8180979166667
5185,421.745755763889
5186,426.9223510416667
5187,427.7972897916665
5188,414.6635675
5189,406.5113290972223
5190,406.6007521527777
5191,407.3393357638889
5192,409.6963436805555
5193,411.3464463888888
5194,1240.0
5195,1240.0
5196,1100.01860313264
5197,380.0940543750001
5198,381.1342159576388
5199,1240.0
5200,1240.0
5201,387.9915277777778
5202,388.1470833333333
5203,388.3026388888889
5204,388.4581944444444
5205,388.61375
5206,388.7693055555554
5207,388.9248611111111
5208,389.0804166666666
5209,385.5026388888889
5210,385.6581944444444
5211,385.8137499999999
5212,385.9693055555555
5213,386.1248611111111
5214,386.2804166666666
5215,386.4359722222222
5216,386.5915277777777
5217,387.2089054166667
5218,1240.0
5219,1240.0
5220,899.0852543749979
5221,382.5085002083333
5222,381.1308292361111
5223,1240.0
5224,1240.0
5225,366.8489732638889
5226,380.9283304166667
5227,379.7513659722222
5228,385.4027916666666
5229,405.7977617361112
5230,407.1826388194445
5231,419.8423230555555
5232,425.9987063888888
5233,420.5813101388887
5234,427.4483412499999
5235,429.1875670833332
5236,403.0406654166666
5237,394.8837895138889
5238,390.4605186805556
5239,371.617750486111
5240,367.7454195138889
5241,374.4577413888888
5242,1240.0
5243,1240.0
5244,1056.240121805558
5245,377.3493276388889
5246,382.8620799305555
5247,1240.0
5248,1240.0
5249,395.8483763888888
5250,391.6619952777776
5251,391.7713819444444
5252,393.9257301388889
5253,413.159464861111
5254,431.0891831944446
5255,435.2949018055554
5256,421.8793877083333
5257,418.0987752083333
5258,444.6257603472221
5259,453.9434243749998
5260,436.2241007638888
5261,425.8518687499999
5262,424.7716831944446
5263,422.6268598611111
5264,419.4118794444443
5265,417.015747847222
5266,1240.0
5267,1240.0
5268,1240.0
5269,436.5354111805556
5270,428.1781889583332
5271,1240.0
5272,1240.0
5273,742.1788270138879
5274,414.3231570138888
5275,457.7436300694446
5276,458.2989784722223
5277,449.6806309722222
5278,456.9225047916668
5279,455.4136509027778
5280,456.0048256944445
5281,469.571847013889
5282,467.4601764583334
5283,467.8399604861111
5284,460.95144375
5285,451.69446
5286,446.600118125
5287,442.0927160416667
5288,441.3035948611111
5289,442.2892133333333
5290,1240.0
5291,1240.0
5292,1240.0
5293,464.5258002777777
5294,428.2336250694444
5295,1240.0
5296,1240.0
5297,928.0766796527779
5298,422.7254305555555
5299,430.2109627083333
5300,428.9621559027778
5301,427.0736448611109
5302,424.1178326388888
5303,419.4018859722223
5304,436.8808349305556
5305,432.6216479861111
5306,436.4756963194445
5307,431.9868369444443
5308,428.9566924999999
5309,420.4173108333333
5310,421.7435517361111
5311,414.5163715972222
5312,410.3699089583333
5313,404.2052286805555
5314,1240.0
5315,1240.0
5316,1240.0
5317,409.8777219444443
5318,687.0538672222226
5319,1240.0
5320,1240.0
5321,436.9886572916666
5322,440.27251625
5323,442.3814213194445
5324,444.6838817361112
5325,442.3993184722222
5326,431.007898611111
5327,440.1466149305556
5328,431.4835281944443
5329,433.0993323611112
5330,432.8132122222222
5331,442.778245486111
5332,442.7277492361112
5333,438.9928452777778
5334,437.7005524305555
5335,434.0973651388889
5336,440.2448375694445
5337,433.5327801388889
5338,1240.0
5339,1240.0
5340,1240.0
5341,448.0479781944446
5342,439.4684870138889
5343,1240.0
5344,1240.0
5345,979.0966737500034
5346,436.2563979861111
5347,442.9541039583334
5348,453.6128459722223
5349,458.0750557638889
5350,437.5735860416667
5351,443.494510763889
5352,452.8034427777777
5353,449.0178359722221
5354,445.5009222222222
5355,456.0218838194445
5356,453.2995668055556
5357,455.157146111111
5358,454.8565811805557
5359,455.4939161111109
5360,456.7267692361109
5361,448.9384909722222
5362,1240.0
5363,1240.0
5364,1240.0
5365,441.851261736111
5366,441.0036706249999
5367,1240.0
5368,1240.0
5369,1032.87520472222
5370,445.5138693055555
5371,447.1381259722223
5372,451.8589643749999
5373,446.445028263889
5374,450.6136726388887
5375,455.8954327083333
5376,461.1506384722222
5377,453.966332847222
5378,464.7396877083334
5379,467.5125364583332
5380,466.1459060416666
5381,458.5782945138887
5382,450.9105061805557
5383,445.9074219444443
5384,432.5810212499999
5385,423.6584221527777
5386,1240.0
5387,1240.0
5388,1240.0
5389,447.3660265277778
5390,1112.574121597221
5391,1240.0
5392,1240.0
5393,446.8749668055556
5394,447.4973280555555
5395,452.9903029166667
5396,449.1343713888887
5397,461.9553584722222
5398,467.9695086111111
5399,471.0366271527777
5400,473.4761524305555
5401,473.6234358333334
5402,467.7353804861112
5403,476.3326035416665
5404,458.0648357638888
5405,451.4479569444445
5406,450.7319099305557
5407,446.6143203472223
5408,439.5413278472224
5409,448.1695550694444
5410,1240.0
5411,1240.0
5412,1240.0
5413,469.7942345833333
5414,1169.254734861114
5415,1240.0
5416,1240.0
5417,464.3819424999999
5418,450.124955486111
5419,456.3278625694444
5420,437.7804340972221
5421,423.7061422222222
5422,429.6210129166667
5423,417.5540663194444
5424,387.2365150694444
5425,373.0860320833333
5426,369.0502540277777
5427,368.2028505555555
5428,362.0939568749999
5429,362.0345025694444
5430,354.5463716666667
5431,352.2350752083333
5432,346.1584447222222
5433,342.1937866666667
5434,1240.0
5435,1240.0
5436,682.6268707638906
5437,404.0449116666665
5438,400.6427711805555
5439,1240.0
5440,1240.0
5441,375.1725668055556
5442,370.6804927777777
5443,372.8483922916666
5444,365.6643486805555
5445,373.4753448611111
5446,374.7490050694444
5447,364.5448518055555
5448,366.0594884722223
5449,359.2888040972222
5450,379.2034161805555
5451,383.4125234722221
5452,382.5307164583333
5453,379.8429789583333
5454,378.8956577777779
5455,378.2569777777777
5456,377.1381109027778
5457,375.387206736111
5458,1240.0
5459,1240.0
5460,960.2918568750007
5461,391.5662697916666
5462,398.3500713888889
5463,1240.0
5464,1240.0
5465,412.1265045138889
5466,408.6340100694443
5467,407.5126499305556
5468,410.8574618750001
5469,404.0234892361112
5470,395.4718094444445
5471,385.5287717361111
5472,373.8054794444444
5473,361.4620940972223
5474,360.5227145138888
5475,361.3652136111111
5476,354.8649052083333
5477,346.2000388194444
5478,343.8849030555556
5479,342.4844145138888
5480,341.968182013889
5481,339.9299497222221
5482,339.6375879166667
5483,1240.0
5484,1142.910756319448
5485,334.5741554166667
5486,326.2821678472222
5487,1240.0
5488,1240.0
5489,334.7821448611111
5490,338.668281875
5491,341.6804975694444
5492,344.8431573611111
5493,343.7995045138889
5494,345.7374710416666
5495,350.5053586805556
5496,353.4314947916666
5497,351.5119825
5498,351.8177930555556
5499,343.0490126388888
5500,340.7371809722222
5501,331.5926721527777
5502,327.0598649305555
5503,326.626513888889
5504,326.2883419444443
5505,329.6479530555556
5506,1240.0
5507,1240.0
5508,620.0462209027767
5509,336.5028975
5510,341.430674375
5511,1240.0
5512,1240.0
5513,445.2418536805556
5514,453.5865079861111
5515,369.8560847916666
5516,364.2517904861111
5517,367.9397152083333
5518,363.8180345138888
5519,367.3093627777777
5520,373.4133433333332
5521,364.8383311805555
5522,347.603651111111
5523,359.4870917361111
5524,365.702295
5525,357.623131736111
5526,359.1948879166666
5527,355.730200486111
5528,353.1130370833333
5529,343.7421604166666
5530,1240.0
5531,1240.0
5532,688.7622374305574
5533,366.2455727777779
5534,373.6161377083332
5535,1240.0
5536,1240.0
5537,384.6068469444444
5538,384.3741995138889
5539,414.3369523611112
5540,419.5135554166666
5541,408.6695097916666
5542,407.7484930555554
5543,402.734535972222
5544,395.6383647222222
5545,385.9432815972222
5546,379.5910922222223
5547,390.5706685416666
5548,393.9762691666667
5549,385.8133295138889
5550,384.1134801388887
5551,381.3891982638888
5552,379.184670763889
5553,373.5424092361111
5554,1240.0
5555,1240.0
5556,846.2051140972221
5557,384.1536003472222
5558,388.0570210416667
5559,1240.0
5560,1240.0
5561,383.0896620833333
5562,371.4706357638888
5563,383.2027519444445
5564,386.7660907638888
5565,381.9617413888888
5566,373.9675940972222
5567,373.8429576388888
5568,370.8937341666665
5569,359.0756273611112
5570,354.5764279166667
5571,353.7726903472222
5572,351.4915138194444
5573,355.0762478472222
5574,354.8557954861111
5575,353.6068131944445
5576,353.2976975694443
5577,350.9643000694446
5578,1240.0
5579,1240.0
5580,578.1527834722233
5581,364.7715254166667
5582,367.459343611111
5583,1240.0
5584,1240.0
5585,373.8906597222222
5586,379.794300763889
5587,379.1172967361111
5588,376.6427281944445
5589,372.4757715972223
5590,370.1298936805555
5591,379.5979974305555
5592,382.7734871527778
5593,379.1168402777777
5594,373.659243125
5595,364.614718125
5596,359.959915
5597,358.2696075000001
5598,357.6670100694445
5599,356.6409996527778
5600,354.4113440972223
5601,351.5795859722223
5602,1240.0
5603,1240.0
5604,545.9880553472283
5605,346.0131101388889
5606,353.77990375
5607,1240.0
5608,1240.0
5609,361.5121961111111
5610,362.2828620833334
5611,373.205227986111
5612,371.6446786111111
5613,367.0768582638889
5614,371.3504831944446
5615,376.1588410416666
5616,377.2016786805555
5617,386.1594911805556
5618,363.1642432638888
5619,361.219411875
5620,369.4141568055555
5621,376.6635201388889
5622,369.3899061805555
5623,365.972621875
5624,366.7233222916667
5625,368.9635828472223
5626,1240.0
5627,1240.0
5628,849.596227847224
5629,387.5533676388889
5630,386.1731970833332
5631,1240.0
5632,1240.0
5633,400.8820107638889
5634,404.0033127083333
5635,398.7203937499999
5636,399.6987064583333
5637,369.256741388889
5638,365.2058146527778
5639,361.7013725694443
5640,378.4014125694445
5641,383.9092011805555
5642,384.9367088194444
5643,386.0282076388888
5644,372.5859525694444
5645,388.5088642361111
5646,389.2002858333334
5647,388.3026189583333
5648,388.8825684722223
5649,390.2064915972223
5650,1240.0
5651,1240.0
5652,978.4730973611136
5653,394.6993876388889
5654,393.360397986111
5655,1240.0
5656,1240.0
5657,382.0460665972222
5658,400.9227774999999
5659,406.0027674305554
5660,405.9872191666666
5661,402.9469154861111
5662,371.6575979861112
5663,372.8679796527777
5664,384.0851563888889
5665,379.9873651388888
5666,376.4123436111112
5667,377.5979511111111
5668,384.0377411111111
5669,368.6997222222224
5670,359.1253701388888
5671,361.8978586805555
5672,359.7541120833333
5673,359.9474515972221
5674,1240.0
5675,1240.0
5676,493.519446597227
5677,316.2012768055554
5678,326.5894590972222
5679,1240.0
5680,1240.0
5681,364.9155251388888
5682,378.6608690277778
5683,372.5054496527777
5684,365.3600907638889
5685,352.6673388194445
5686,353.7773725694444
5687,358.6110378472221
5688,366.606686736111
5689,361.9139353472222
5690,366.4880834027778
5691,360.0244861111111
5692,357.3203545138889
5693,350.6888525
5694,353.3307638194445
5695,360.8474877777778
5696,359.0167277083333
5697,357.8377984027778
5698,1240.0
5699,1240.0
5700,518.38703270834
5701,371.8359190972221
5702,351.5695370833333
5703,1240.0
5704,1240.0
5705,362.0602863888889
5706,349.8559186111111
5707,355.7624087499998
5708,352.6698826388888
5709,343.9579640972221
5710,334.1215232638889
5711,340.2584796527778
5712,352.5524095138887
5713,353.5945505555555
5714,358.5654576388888
5715,363.2264018055554
5716,360.3652373611111
5717,356.9023247222221
5718,359.0735084027777
5719,351.0194707638888
5720,344.5770878472221
5721,339.3579777777778
5722,1240.0
5723,1240.0
5724,567.8629160416631
5725,360.7087006249999
5726,353.5244854166666
5727,1240.0
5728,1240.0
5729,381.0817820833333
5730,382.7418700000001
5731,383.3569259722221
5732,390.1947291666666
5733,398.4554243055555
5734,396.8317869444444
5735,390.4787011805556
5736,389.8059724999999
5737,377.8805649305555
5738,393.7801233333334
5739,379.2491757638889
5740,385.1348156249999
5741,387.6377988194444
5742,387.4280404166666
5743,398.9435965277777
5744,394.3403022222222
5745,395.9069863194446
5746,1240.0
5747,1240.0
5748,1149.264121249999
5749,401.879279375
5750,393.3616477777777
5751,1240.0
5752,1240.0
5753,397.4387622916667
5754,394.0056156944444
5755,401.5323131944446
5756,403.9941261805555
5757,407.2065175694444
5758,404.9164238194445
5759,386.1574300694444
5760,377.1241400694444
5761,371.5544379166666
5762,381.0091750694443
5763,379.8639327777777
5764,386.9999286805555
5765,388.2138754861112
5766,401.7040538194444
5767,394.9116111111112
5768,394.7244102083333
5769,395.5305438194443
5770,1240.0
5771,1240.0
5772,1215.374048055556
5773,454.4832940277778
5774,440.7478376388889
5775,1240.0
5776,1240.0
5777,393.9300900694446
5778,405.3989381944443
5779,411.4984674305556
5780,396.1470765972223
5781,389.2145313194445
5782,371.8759396527777
5783,367.4833254166667
5784,353.0013972916668
5785,344.4777102083334
5786,346.0276458333332
5787,347.4765131250001
5788,353.7209530555555
5789,349.8650249305554
5790,349.8557849305554
5791,345.4186156944445
5792,345.2381858333334
5793,344.778814236111
5794,1240.0
5795,1240.0
5796,454.2227322916647
5797,377.3888241666667
5798,362.9035088194444
5799,1240.0
5800,1240.0
5801,344.2574211805555
5802,368.8426515277777
5803,389.7596913194445
5804,374.3701582638888
5805,359.4864758333333
5806,349.9448404861112
5807,347.2364257638889
5808,348.9063141666666
5809,343.0207768749999
5810,351.9511177777778
5811,356.4072701388889
5812,358.1700252083333
5813,353.1681859027777
5814,353.9045295138889
5815,351.8894672222221
5816,346.6056479861111
5817,341.4127334722222
5818,341.4939631249999
5819,1240.0
5820,1214.069150625001
5821,338.4558819444446
5822,344.4277885416666
5823,1240.0
5824,1240.0
5825,333.9303367361111
5826,331.6625258333333
5827,337.9490274999998
5828,334.973253125
5829,340.6380483333334
5830,347.7745799305555
5831,350.8151441666667
5832,348.4583953472222
5833,332.9651451388888
5834,313.316014375
5835,313.592951875
5836,319.9880026388889
5837,343.0487438194445
5838,338.7399827777778
5839,347.9977584027778
5840,325.0796932638889
5841,316.4839839583333
5842,318.0692102777779
5843,1240.0
5844,943.3882113194461
5845,312.1938920138888
5846,314.1127801388889
5847,1240.0
5848,1240.0
5849,316.6703861805555
5850,325.4654511111111
5851,327.4727516666666
5852,332.1385097916668
5853,347.115138125
5854,346.5343870138889
5855,354.1676736111111
5856,362.9919679166666
5857,358.5355603472221
5858,353.1808019444445
5859,352.8588534722222
5860,347.5636290972222
5861,350.4525028472223
5862,352.3894781944444
5863,338.0717097916666
5864,337.012195625
5865,338.83038
5866,1240.0
5867,1240.0
5868,1227.078276180555
5869,338.0395146527777
5870,327.5605161111112
5871,1240.0
5872,374.7947379166667
5873,378.8177691666666
5874,360.4061654861111
5875,347.1257528472223
5876,373.7172619444444
5877,370.6821309722222
5878,361.6115883333334
5879,349.2362859027778
5880,362.4223127777777
5881,353.2601668749999
5882,380.9760179166666
5883,367.5665627083332
5884,364.8230390972222
5885,363.612908263889
5886,358.312241388889
5887,359.4737917361111
5888,357.6075606249998
5889,350.2898359722221
5890,1240.0
5891,1240.0
5892,532.5214861805604
5893,342.9719679166666
5894,359.6185342361111
5895,1240.0
5896,1240.0
5897,377.3602947916666
5898,370.1801760416668
5899,385.798293611111
5900,384.3840792361111
5901,372.7115806944445
5902,375.7132852083333
5903,375.7761563888889
5904,382.2524863888888
5905,385.1932408333333
5906,392.2338826388888
5907,392.8118774999999
5908,402.1256166666666
5909,396.7541015277779
5910,388.1055383333334
5911,367.0696973611111
5912,350.6704293749999
5913,342.1021736805556
5914,1240.0
5915,1240.0
5916,658.5670768750006
5917,365.0105418750001
5918,358.7000584027778
5919,1240.0
5920,1240.0
5921,377.4216084722221
5922,369.4133863194444
5923,371.5345739583333
5924,371.5373759027777
5925,356.6991472916667
5926,368.2487423611111
5927,375.010968888889
5928,380.6404763194444
5929,386.4313050694445
5930,394.8296085416667
5931,395.8799298611111
5932,399.7099156944444
5933,400.3985946527778
5934,392.3560486805554
5935,390.2540026388887
5936,368.2251781249998
5937,361.4257845138889
5938,1240.0
5939,1240.0
5940,818.519194930557
5941,368.4382902083333
5942,378.554299861111
5943,1240.0
5944,1240.0
5945,388.7450670833334
5946,395.7908762499999
5947,391.9515138194445
5948,391.6973005555554
5949,388.1878646527776
5950,387.28004
5951,382.71417625
5952,386.4657377777777
5953,392.2228863194442
5954,400.0434977777779
5955,401.0653052777778
5956,389.4018975000001
5957,383.5824645138888
5958,383.2869760416667
5959,379.0144944444446
5960,364.0593356944445
5961,360.1219494444445
5962,1240.0
5963,1240.0
5964,1107.295223680552
5965,388.4417177083333
5966,411.2826841666666
5967,1240.0
5968,1240.0
5969,433.679378125
5970,423.8186900694444
5971,412.4554374305554
5972,421.132329236111
5973,423.6953889583331
5974,424.1983292361111
5975,415.4559310416665
5976,409.7131451388889
5977,401.1145988888888
5978,397.7074772222223
5979,386.1453093750001
5980,374.0587608333335
5981,369.4873685416667
5982,359.4736551388888
5983,361.3421034027778
5984,360.0016865277779
5985,358.8778326388888
5986,1240.0
5987,1240.0
5988,691.6607014583335
5989,371.124026875
5990,373.7899253472223
5991,1240.0
5992,1240.0
5993,378.7726765277777
5994,372.1919770138889
5995,368.6315713888889
5996,370.1053927083332
5997,367.7752015972222
5998,371.28721
5999,367.2999122916667
6000,361.58654
6001,368.4862086111111
6002,367.3151163888891
6003,355.4779175694443
6004,344.113958125
6005,351.9106903472222
6006,346.2492677777779
6007,346.2034065972222
6008,342.8048448611111
6009,336.0498254166666
6010,1240.0
6011,1240.0
6012,518.8905072916671
6013,345.0885720138888
6014,358.0241685416665
6015,1240.0
6016,1240.0
6017,387.3929315277779
6018,400.4429561805555
6019,401.7310529166666
6020,398.0726142361109
6021,389.4150560416665
6022,382.4154974305555
6023,386.0212533333333
6024,387.1296902083332
6025,390.4846774305556
6026,380.473919097222
6027,376.1830765972222
6028,371.8651489583333
6029,368.0436195138889
6030,367.1481702777777
6031,364.3812870833333
6032,358.9488252777778
6033,377.6298293055555
6034,1240.0
6035,1240.0
6036,957.3772015277766
6037,423.4553278472221
6038,374.8777272916666
6039,1240.0
6040,1240.0
6041,394.0354313194445
6042,392.6739794444446
6043,390.4238158333333
6044,394.1648608333333
6045,376.3482275
6046,374.8088895833334
6047,376.9864145833333
6048,380.2376540277778
6049,372.9147756249999
6050,373.9627820833333
6051,383.9119549999999
6052,389.6968843055556
6053,388.467335763889
6054,385.5144533333333
6055,386.2134602083333
6056,381.7459853472221
6057,1240.0
6058,371.5929408333333
6059,359.7687615277778
6060,1240.0
6061,811.5894485416641
6062,1240.0
6063,1240.0
6064,384.6355974999999
6065,380.6622020833333
6066,395.410505486111
6067,399.4960909722222
6068,395.4250222222223
6069,392.4383793750001
6070,392.6406322222222
6071,395.7532002083334
6072,393.1724047222222
6073,391.5904829861111
6074,395.4402574305554
6075,402.0188963194444
6076,403.6449384722223
6077,398.275744513889
6078,394.1557384722222
6079,393.8402061805555
6080,375.7337514583332
6081,1240.0
6082,415.9675775694444
6083,423.4666566666666
6084,1240.0
6085,1049.974849055557
6086,1240.0
6087,1240.0
6088,378.5718450694444
6089,375.3162281944445
6090,384.7198065277778
6091,379.8354234791667
6092,392.7038242361112
6093,393.7450562500002
6094,395.7455867361112
6095,402.2983795833333
6096,399.8551853819445
6097,396.1678797222221
6098,390.8191858715278
6099,388.0826089583333
6100,385.2453208333334
6101,365.5548437187499
6102,360.8641108333333
6103,355.2402145833333
6104,325.3153254652778
6105,194.9188073194444
6106,184.0528472222222
6107,1240.0
6108,325.5677840611077
6109,184.5195138888888
6110,174.9705743138888
6111,1240.0
6112,1240.0
6113,314.5781991527777
6114,313.3816228472223
6115,313.3268541666666
6116,313.4834791666668
6117,313.4238975
6118,313.1506063194444
6119,314.1563706944444
6120,316.1829188194444
6121,313.7169267361111
6122,313.4090555555556
6123,313.7467715277778
6124,313.8681063194445
6125,314.1088611111111
6126,314.181437013889
6127,314.6872361111111
6128,315.1497222222222
6129,1240.0
6130,353.863689861111
6131,365.8396379166666
6132,1240.0
6133,595.2689630555542
6134,1240.0
6135,1240.0
6136,381.0344163888888
6137,388.9575253472223
6138,389.0638908333332
6139,420.9974504166666
6140,432.6254702777777
6141,443.7046867361111
6142,407.0467566666667
6143,407.2923259027778
6144,405.9599269444445
6145,403.3456369444445
6146,404.2453488888889
6147,405.6694439583333
6148,402.7952604861111
6149,404.9009489583333
6150,397.1731745138888
6151,384.5483424999999
6152,385.6273628472222
6153,381.6209935416667
6154,1240.0
6155,1240.0
6156,970.8326409722188
6157,381.9494753472223
6158,379.2166398611111
6159,1240.0
6160,1240.0
6161,380.9284922916667
6162,385.3910608333334
6163,391.5529678472222
6164,397.084979861111
6165,395.1242876388889
6166,398.8220143055556
6167,392.8999204861111
6168,398.5028697222222
6169,394.9793745138889
6170,390.5922878472221
6171,389.2786051388889
6172,390.1464106944443
6173,383.7473422222222
6174,377.9770020833332
6175,377.4673631944444
6176,373.1818766666667
6177,363.5505878472223
6178,1240.0
6179,1240.0
6180,907.7678190277759
6181,381.5199164583333
6182,382.6484870833334
6183,1240.0
6184,1240.0
6185,383.3014135416667
6186,386.6111156249999
6187,391.8144518749999
6188,386.1602485416666
6189,390.6916163888888
6190,389.169213611111
6191,390.5594452083334
6192,389.6933196527779
6193,386.727542638889
6194,381.9743447916667
6195,374.5343500694444
6196,378.9972729861112
6197,380.9637504166668
6198,373.51439125
6199,380.665543125
6200,376.5119511805556
6201,380.6244477777778
6202,1240.0
6203,1240.0
6204,593.5759246527748
6205,344.510893611111
6206,346.11947125
6207,1240.0
6208,1240.0
6209,355.3773275694444
6210,358.2177258333333
6211,358.855598888889
6212,357.5615210416667
6213,357.3031986805556
6214,358.64121125
6215,363.7482950694443
6216,371.6892268055555
6217,367.9739452083332
6218,370.0947799305555
6219,369.4978024305555
6220,373.4069359027777
6221,371.8697329861109
6222,370.0465426388889
6223,369.9785872222224
6224,370.0471570833333
6225,366.4282902777778
6226,362.4591721527779
6227,1240.0
6228,341.3400438194445
6229,344.2806111111111
6230,345.0687445138889
6231,336.3183186805556
6232,335.5468472222223
6233,332.1850014583333
6234,1240.0
6235,334.9440709027777
6236,1240.0
6237,338.458628194444
6238,1240.0
6239,336.103866875
6240,345.4270526388888
6241,339.4561343055556
6242,334.1015577083333
6243,333.8544659722222
6244,331.9361884027778
6245,331.155094861111
6246,329.8543271527777
6247,331.2318950694444
6248,333.0707644444444
6249,331.4590538194445
6250,330.7731413194444
6251,1240.0
6252,1057.927935694446
6253,332.9958357638889
6254,334.9197186805556
6255,1240.0
6256,1240.0
6257,338.0901202777778
6258,339.7122341666667
6259,338.270935625
6260,337.2884214583335
6261,339.7734049305554
6262,342.3065119444444
6263,341.7423333333334
6264,351.7947042361111
6265,347.6935301388889
6266,340.4676031944443
6267,336.19084625
6268,335.5671345833333
6269,334.8099236805555
6270,332.8145474305556
6271,329.7425177083334
6272,330.9233122222222
6273,335.5753488888889
6274,330.3863558333334
6275,1240.0
6276,1178.699354722225
6277,345.1547030555556
6278,341.8181671527778
6279,1240.0
6280,1240.0
6281,365.8323934027777
6282,358.7285571527778
6283,360.2048834027778
6284,353.43382375
6285,355.33917125
6286,355.2348527777777
6287,350.2848756944446
6288,352.7759185416666
6289,350.5398584722221
6290,350.5237701388888
6291,346.4200843055555
6292,343.9476590277777
6293,343.2348232638889
6294,336.2255351388889
6295,333.3691880555555
6296,336.1502238888889
6297,332.8621678472222
6298,1240.0
6299,1240.0
6300,1235.044999444441
6301,359.8132202777778
6302,360.6801347916666
6303,1240.0
6304,353.7459372222223
6305,352.4966015277777
6306,348.6986022916666
6307,346.3955026388889
6308,348.88315875
6309,344.6771586805556
6310,342.5597918749999
6311,344.3312789583333
6312,348.6943867361111
6313,344.7056841666667
6314,346.4903599305555
6315,345.4844944444446
6316,342.1463548611111
6317,341.1791726388889
6318,343.567276111111
6319,341.2144477777778
6320,341.7958235416666
6321,339.017179861111
6322,337.1874902083333
6323,1240.0
6324,1097.61623881944
6325,336.1298402777778
6326,333.2360558333332
6327,1240.0
6328,1240.0
6329,333.5408766666667
6330,334.6252456944444
6331,333.9341575694445
6332,335.0347422916668
6333,335.1619614583333
6334,335.2515658333333
6335,332.8301165972221
6336,337.1128376388889
6337,326.6577397222222
6338,326.4163515277777
6339,326.7505038194444
6340,326.5784530555556
6341,326.7792781944444
6342,328.4936326388889
6343,328.6588136805555
6344,328.8821054166668
6345,328.0125936111111
6346,327.0716181249999
6347,1240.0
6348,1056.461162916665
6349,334.6566829861111
6350,334.7101080555556
6351,1240.0
6352,1240.0
6353,339.2255100694444
6354,340.2553345138888
6355,342.5927370833333
6356,344.6223165972222
6357,346.4955788194444
6358,345.561006875
6359,356.2534465972222
6360,356.4740618055556
6361,356.0580114583333
6362,351.6894689583335
6363,358.6682531249999
6364,352.9589758333333
6365,345.5109583333333
6366,342.7302569444444
6367,342.7972275000001
6368,339.0958282638888
6369,339.9115946527778
6370,341.933685138889
6371,1240.0
6372,1154.614720625002
6373,336.2658376388888
6374,337.1386340972222
6375,1240.0
6376,1240.0
6377,347.59605125
6378,342.8266357638889
6379,340.3693635416667
6380,329.6645323611111
6381,330.7235876388888
6382,331.1145979166668
6383,331.6469547222222
6384,335.2691159027777
6385,324.2685984027778
6386,323.647743125
6387,328.0390064583333
6388,330.1626941666668
6389,330.5615522222222
6390,328.3692241666668
6391,327.5216364583333
6392,324.4661894444444
6393,324.4736264583335
6394,323.6875298611111
6395,1240.0
6396,1117.146344236113
6397,323.1246817361111
6398,327.4377059722221
6399,1240.0
6400,1240.0
6401,367.8650509722221
6402,369.1527952777778
6403,360.1000725
6404,359.4098773611112
6405,361.8216087499999
6406,335.7499269444445
6407,330.9922772916666
6408,326.8568644444444
6409,320.4439116666666
6410,329.0899611805556
6411,333.9772785416667
6412,332.5873036111111
6413,334.3637811111111
6414,329.3536502083334
6415,332.7909700694444
6416,334.2460756249999
6417,334.673272986111
6418,332.4204445138888
6419,1240.0
6420,1183.860563472221
6421,333.8517456944444
6422,336.7652210416666
6423,1240.0
6424,1240.0
6425,359.6201675694446
6426,362.5028122916666
6427,359.2536086805555
6428,355.3750443055555
6429,361.3316189583334
6430,360.2378830555556
6431,365.6210716666668
6432,382.3096977777778
6433,376.0578704166667
6434,380.5869229166667
6435,384.2299358333333
6436,388.5204954166666
6437,385.4160289583332
6438,384.5646019444443
6439,375.0211937499999
6440,365.710560347222
6441,365.1552921527778
6442,1240.0
6443,1240.0
6444,741.3453354166654
6445,361.9308986805556
6446,365.0069286111112
6447,1240.0
6448,1240.0
6449,377.4068170833334
6450,387.0601102083332
6451,393.3783369444443
6452,390.665993472222
6453,384.1223774305556
6454,378.9681359722222
6455,382.0701908333332
6456,389.611332638889
6457,382.4773929861111
6458,380.2446992361111
6459,377.6810163194443
6460,377.0405464583332
6461,374.706613263889
6462,374.0268364583332
6463,375.6806807638887
6464,376.3424432638889
6465,376.2313474305554
6466,1240.0
6467,1240.0
6468,733.4764051388877
6469,378.2791434722222
6470,382.2513683333333
6471,1240.0
6472,1240.0
6473,354.1886395833333
6474,359.8796376388888
6475,363.8064164583333
6476,365.5695215277778
6477,365.7429003472222
6478,355.2068654166666
6479,362.7594167361111
6480,369.3024008333334
6481,366.2831491666668
6482,371.1733131944443
6483,371.5418768055554
6484,369.8399760416666
6485,368.2528723611112
6486,366.6913381250002
6487,363.031292361111
6488,361.3925009722221
6489,360.9826752777777
6490,1240.0
6491,1240.0
6492,749.1139714583372
6493,383.2103488888889
6494,379.7112598611111
6495,1240.0
6496,1240.0
6497,373.6965565277777
6498,372.6960377777776
6499,372.1844447222222
6500,374.5940275
6501,374.2870507638888
6502,373.5870522222223
6503,371.6051456249999
6504,368.3937284027778
6505,366.5642331944446
6506,366.8051678472221
6507,366.4404386805555
6508,363.1755565277778
6509,354.6529272222222
6510,355.0985579166666
6511,351.7181738194446
6512,348.387878125
6513,351.5056154166666
6514,1240.0
6515,1240.0
6516,584.2231921527775
6517,356.9692150694444
6518,362.915634861111
6519,1240.0
6520,1240.0
6521,372.4552859027778
6522,376.0583754861111
6523,371.3894853472223
6524,373.3536498611111
6525,370.6521865277777
6526,381.6684890277777
6527,381.5994554166667
6528,389.4256017361109
6529,386.036678125
6530,387.0501128472222
6531,391.9930320833333
6532,389.7352049305554
6533,388.0634396527778
6534,378.9215033333333
6535,376.2490929166666
6536,375.6503338194447
6537,377.5289408333333
6538,1240.0
6539,1240.0
6540,931.3686248611098
6541,388.3720215277776
6542,385.2133745833334
6543,1240.0
6544,1240.0
6545,388.2973252083333
6546,389.7866563888888
6547,387.901531111111
6548,387.0371929861111
6549,383.4247394444444
6550,382.9696441666667
6551,389.3270859722223
6552,393.9006929861111
6553,393.3133550694444
6554,392.703013888889
6555,390.0480704166666
6556,388.394125
6557,387.8543647222222
6558,388.1215809722222
6559,385.4505890277778
6560,382.7993944444444
6561,1240.0
6562,389.2387717361109
6563,403.6904851388888
6564,1240.0
6565,981.4735715972256
6566,1240.0
6567,1240.0
6568,392.2126109027778
6569,389.6646060416667
6570,389.2303649305556
6571,379.0484920833333
6572,369.2161491666666
6573,374.9444047222221
6574,385.0443644444444
6575,385.6125539583333
6576,383.6026595138887
6577,384.7232277777777
6578,375.4822842361111
6579,369.7731902083334
6580,366.6781654861111
6581,367.1197920833334
6582,364.786122361111
6583,364.0795292361111
6584,360.0920555555555
6585,1240.0
6586,360.7592882638888
6587,365.5959825
6588,1240.0
6589,557.0167527083349
6590,1240.0
6591,1240.0
6592,359.61879625
6593,360.858229375
6594,360.9916838888889
6595,359.4951271527777
6596,356.075706875
6597,357.8459495138889
6598,350.3895514583332
6599,341.4179334027777
6600,351.0535816666666
6601,355.0179806250001
6602,356.447599375
6603,356.0222686805555
6604,355.9478936805554
6605,355.7533840972222
6606,357.5295859722222
6607,356.1651041666666
6608,356.3559513888889
6609,1240.0
6610,356.608599375
6611,356.7760972222222
6612,1240.0
6613,519.5252779861107
6614,1240.0
6615,1240.0
6616,358.4969470833333
6617,358.41169875
6618,359.3301249999999
6619,361.3124700694444
6620,358.2928450694444
6621,366.6396343750001
6622,367.4881923611111
6623,369.8109702777778
6624,373.091087638889
6625,371.8740263194443
6626,371.4249933333333
6627,366.9605474305556
6628,363.3475557638887
6629,364.3160655555556
6630,363.072517013889
6631,363.3679943055554
6632,366.0151760416666
6633,1240.0
6634,371.1656953472223
6635,379.1180380555556
6636,1240.0
6637,798.8024200694452
6638,1240.0
6639,1240.0
6640,370.5175084722222
6641,367.2996750694445
6642,369.4850366666666
6643,378.304513611111
6644,373.9110112499999
6645,381.090679375
6646,389.2850675000001
6647,401.6098338194444
6648,402.61167625
6649,392.0786838888888
6650,389.6825445138888
6651,387.494415486111
6652,390.179029236111
6653,385.775005
6654,389.5952754166667
6655,388.8758426388889
6656,390.9719090277777
6657,1240.0
6658,400.0759904166666
6659,402.4848683333333
6660,1240.0
6661,960.807569999999
6662,1240.0
6663,1240.0
6664,385.5403465277777
6665,383.4768053472221
6666,377.2217502083335
6667,384.0727415972221
6668,380.4816764583333
6669,370.4757286805556
6670,367.2832124305555
6671,368.4741666666666
6672,365.7115665972222
6673,363.6696034027778
6674,359.8518184722221
6675,359.8341279166667
6676,360.6194054166666
6677,360.2441568055555
6678,359.4848881944445
6679,358.6217896527777
6680,356.1545414583333
6681,1240.0
6682,371.3804743055555
6683,372.1037352083333
6684,1240.0
6685,710.6943317361118
6686,1240.0
6687,1240.0
6688,374.8863620833332
6689,369.0414456944446
6690,371.7486908333333
6691,375.89488125
6692,385.6198276388889
6693,384.9520884027776
6694,389.9513299305555
6695,394.7573651388889
6696,402.6352045138889
6697,392.1795684722221
6698,384.0248324305555
6699,371.9163539583333
6700,373.5297368055556
6701,371.1961647916666
6702,371.3979645833333
6703,368.4020433333333
6704,367.5393079166667
6705,1240.0
6706,358.1527006944444
6707,368.5893594444444
6708,1240.0
6709,809.2168297916653
6710,1240.0
6711,1240.0
6712,387.2359482638889
6713,390.4355029166666
6714,394.6200125
6715,398.4521347916665
6716,393.8310191666667
6717,394.056442986111
6718,382.13030625
6719,379.00748375
6720,373.4181572916667
6721,369.1770619444443
6722,372.3529084722223
6723,377.3038538888889
6724,371.5058185416667
6725,368.5328893750001
6726,352.4967799305556
6727,341.6299313194444
6728,340.3060884027777
6729,341.6733196527776
6730,1240.0
6731,1240.0
6732,604.996129444442
6733,376.3999516666668
6734,376.2373465277777
6735,1240.0
6736,1240.0
6737,372.499492847222
6738,374.2200029166666
6739,371.0584932638889
6740,353.3033490972222
6741,352.1231724305556
6742,349.0964147222221
6743,346.7145393055556
6744,348.1839083333333
6745,349.3144549999999
6746,351.8163716666667
6747,346.6275536111111
6748,351.4139800694443
6749,346.0829341666666
6750,348.3328970138888
6751,344.1251187499999
6752,345.034458125
6753,342.9985416666666
6754,343.1540972222222
6755,1240.0
6756,1207.390353125001
6757,343.6207638888889
6758,343.7763194444444
6759,1240.0
6760,1240.0
6761,344.2429861111111
6762,344.3985416666667
6763,344.5540972222222
6764,344.7096527777777
6765,344.8652083333333
6766,345.0207638888889
6767,345.1763194444444
6768,345.331875
6769,341.8707638888888
6770,342.0263194444444
6771,342.181875
6772,342.3374305555555
6773,342.4929861111111
6774,342.531875
6775,342.6874305555555
6776,342.8429861111111
6777,342.9985416666666
6778,343.1540972222222
6779,1240.0
6780,1188.629166666668
6781,343.6207638888889
6782,343.7763194444444
6783,1240.0
6784,1240.0
6785,344.2429861111111
6786,344.3985416666667
6787,344.5540972222222
6788,344.7096527777777
6789,344.8652083333333
6790,345.0207638888889
6791,345.1763194444444
6792,345.331875
6793,341.8707638888888
6794,342.0263194444444
6795,342.181875
6796,342.3374305555555
6797,342.4929861111111
6798,342.531875
6799,342.6874305555555
6800,342.8429861111111
6801,342.9985416666666
6802,343.1540972222222
6803,1240.0
6804,1188.629166666668
6805,343.6207638888889
6806,343.7763194444444
6807,1240.0
6808,1240.0
6809,344.2429861111111
6810,344.3985416666667
6811,344.5540972222222
6812,344.7096527777777
6813,344.8652083333333
6814,345.0207638888889
6815,345.1763194444444
6816,345.331875
6817,341.8707638888888
6818,342.0263194444444
6819,342.181875
6820,342.3374305555555
6821,342.4929861111111
6822,342.531875
6823,342.6874305555555
6824,342.8429861111111
6825,342.9985416666666
6826,343.1540972222222
6827,1240.0
6828,1188.629166666668
6829,343.6207638888889
6830,343.7763194444444
6831,1240.0
6832,1240.0
6833,344.2429861111111
6834,344.3985416666667
6835,344.5540972222222
6836,344.7096527777777
6837,344.8652083333333
6838,345.0207638888889
6839,345.1763194444444
6840,345.331875
6841,341.8707638888888
6842,342.0263194444444
6843,342.181875
6844,342.3374305555555
6845,342.4929861111111
6846,342.531875
6847,342.6874305555555
6848,342.8429861111111
6849,342.9985416666666
6850,343.1540972222222
6851,1240.0
6852,1191.586536250001
6853,343.6207638888889
6854,343.7763194444444
6855,1240.0
6856,1240.0
6857,345.5917344444445
6858,345.7267916666667
6859,345.6128472222222
6860,344.9991154166667
6861,344.7990811805554
6862,344.6206132638889
6863,344.4523055555554
6864,344.7869930555556
6865,341.4071597222222
6866,341.7921115972221
6867,343.3491736111112
6868,341.6633242361111
6869,341.8055117361112
6870,341.9297777777778
6871,342.00173875
6872,342.1785043055555
6873,1240.0
6874,345.6164949999999
6875,389.2754488194445
6876,1240.0
6877,594.1108743611114
6878,1240.0
6879,1240.0
6880,356.3263324444444
6881,376.5400265277779
6882,368.9964765277777
6883,375.8617221527777
6884,375.3050315972223
6885,367.2390560416667
6886,358.3087880555555
6887,359.0753575694443
6888,363.5740986111111
6889,366.3189804166665
6890,371.5199945138889
6891,368.7368922222221
6892,368.5646620833332
6893,372.5944580555555
6894,372.0989834722222
6895,369.5158706944444
6896,368.4683002777777
6897,367.67009125
6898,1240.0
6899,1240.0
6900,796.8358657638913
6901,393.3813007638887
6902,376.4865241666666
6903,1240.0
6904,1240.0
6905,397.6521125694443
6906,394.7977181944444
6907,384.8407781944445
6908,380.5636639583333
6909,365.7988697222222
6910,366.0617902083333
6911,370.5148470138889
6912,372.0145124305556
6913,349.2226558333333
6914,342.4341384722222
6915,342.5736523611112
6916,348.3733793749999
6917,345.2150819444445
6918,343.0519861805555
6919,340.5756350694444
6920,341.7856633333333
6921,1240.0
6922,349.3944805555556
6923,364.2794993055555
6924,1240.0
6925,630.7088360416662
6926,1240.0
6927,1240.0
6928,373.5976810416666
6929,384.3774355555555
6930,384.0544336805554
6931,390.6877911805556
6932,382.2075867361112
6933,380.0779086805554
6934,371.3921968750001
6935,368.6761113194445
6936,367.3340888194444
6937,361.6253642361111
6938,373.104550486111
6939,369.3794523611111
6940,369.1225606249999
6941,361.4392629166666
6942,354.2863134027777
6943,347.0325857638888
6944,341.9341372222221
6945,1240.0
6946,344.0524334722222
6947,355.0976080555555
6948,1240.0
6949,700.057942083338
6950,1240.0
6951,1240.0
6952,378.5292466666666
6953,372.473671111111
6954,371.3369576388888
6955,371.7604090277778
6956,370.8727234722222
6957,367.8552359027778
6958,363.3187775
6959,368.2784573611112
6960,366.2040481944443
6961,357.4700383333333
6962,353.3839959027777
6963,351.1019380555555
6964,347.1593771527779
6965,345.0637511805555
6966,343.447138125
6967,338.6124860416667
6968,321.0614341666667
6969,1190.526605972222
6970,323.8098086805555
6971,333.6784174305557
6972,1240.0
6973,351.7813434722222
6974,1240.0
6975,1240.0
6976,355.8017686805555
6977,351.0432250694446
6978,340.9814868055556
6979,338.2948168055556
6980,345.4370582638889
6981,338.5645783333333
6982,339.8617634027777
6983,335.9660888888888
6984,337.3288639583333
6985,331.755244236111
6986,331.1529209722222
6987,329.7041309722222
6988,331.7148158333333
6989,333.3071704861111
6990,331.1791899305555
6991,331.7805259027778
6992,332.8745160416667
6993,1139.092208125006
6994,336.5408277777778
6995,339.9557004861112
6996,1240.0
6997,341.6274997916666
6998,1240.0
6999,1240.0
7000,344.1795826388889
7001,349.2025322916667
7002,350.771185625
7003,348.9561084722222
7004,346.9214432638889
7005,345.6685395138889
7006,345.5800813888889
7007,344.803085763889
7008,330.8804717361111
7009,323.8055294444445
7010,324.9822255555555
7011,325.7580622916666
7012,323.7750872222221
7013,322.8246539583333
7014,322.7906441666667
7015,320.7718427083333
7016,324.7809619444444
7017,998.0819905555572
7018,321.8953227777778
7019,318.5889082638888
7020,1240.0
7021,331.8656094444444
7022,1240.0
7023,1240.0
7024,343.6338057638889
7025,340.4309479861112
7026,340.5364185416666
7027,340.3372831249999
7028,338.812201875
7029,340.9519302777776
7030,336.7459379861112
7031,334.4114705555555
7032,331.6898627777776
7033,336.6230009722223
7034,337.1378879166667
7035,340.2969815972222
7036,326.711244513889
7037,327.8907906944444
7038,311.8956818055555
7039,312.0718577083334
7040,309.9558675694445
7041,313.7539022916666
7042,317.1519677083334
7043,1240.0
7044,989.4403625000045
7045,328.4385897916667
7046,332.1421561111111
7047,1240.0
7048,1240.0
7049,343.2847619444446
7050,344.9410591666667
7051,331.2062624305556
7052,340.05689375
7053,336.9001484722222
7054,339.2481978472222
7055,328.6142538194445
7056,329.2346147222222
7057,429.4181329861112
7058,1240.0
7059,438.4870986805557
7060,1240.0
7061,422.6576190277777
7062,428.332397986111
7063,429.8764497222222
7064,429.6156321527777
7065,430.0963036805556
7066,429.9411822222223
7067,1240.0
7068,1240.0
7069,1240.0
7070,406.3424477777777
7071,713.7952211805562
7072,420.9122871527778
7073,417.5937475694443
7074,416.0378361805555
7075,423.9873317361111
7076,424.6792068750001
7077,422.1148098611112
7078,412.540559375
7079,432.2040289583334
7080,445.9401027083334
7081,441.4417140972222
7082,436.0942619444446
7083,438.7992014583332
7084,431.8242245138889
7085,433.8154858333334
7086,431.2926226388888
7087,424.7931999305555
7088,434.4837466666667
7089,1240.0
7090,653.3569492361123
7091,430.5610506944444
7092,1240.0
7093,1240.0
7094,1240.0
7095,1240.0
7096,406.2915538888889
7097,407.4176297916667
7098,406.6197741666667
7099,401.9305684722223
7100,398.1067265972223
7101,396.3306856250001
7102,391.7277466666667
7103,399.1733472222222
7104,401.8365730555556
7105,404.9599307638889
7106,1240.0
7107,413.3981075
7108,1240.0
7109,414.099568263889
7110,418.0805304861112
7111,417.2311602083333
7112,414.1929983333333
7113,407.1857698611112
7114,411.0815299305554
7115,1240.0
7116,1240.0
7117,1240.0
7118,404.5163747916665
7119,497.2029311111107
7120,418.3228034027778
7121,416.8130536111111
7122,410.613621736111
7123,416.6675163194445
7124,416.2500290277776
7125,415.6141908333333
7126,417.022423611111
7127,421.3386566666667
7128,420.4998063194444
7129,417.3931120138889
7130,412.1807763888888
7131,409.0310267361112
7132,410.2569206944443
7133,412.8948405555554
7134,408.7084516666666
7135,402.6271861111111
7136,395.2144554166666
7137,1240.0
7138,407.8435875000011
7139,397.1901081944443
7140,1240.0
7141,1240.0
7142,1240.0
7143,1240.0
7144,399.5986118055554
7145,405.28266625
7146,414.1053529861111
7147,421.8063728472222
7148,419.8266012499999
7149,414.3007395138888
7150,418.7481530555555
7151,415.4133968055555
7152,415.5099506249999
7153,404.7273324305557
7154,406.1257574305554
7155,402.367678125
7156,401.0176396527779
7157,408.5414827083333
7158,405.4461109027778
7159,407.5480490277777
7160,413.5099796527779
7161,420.1706075
7162,427.1661522916667
7163,1240.0
7164,424.2434447222221
7165,424.5763467361111
7166,426.6624230555556
7167,426.9760843055556
7168,599.0211145138892
7169,417.2830836805556
7170,1240.0
7171,414.0874772222223
7172,1240.0
7173,1240.0
7174,1240.0
7175,418.2431429166667
7176,425.7268910416665
7177,434.0928438194446
7178,432.5768620833332
7179,435.2481014583332
7180,425.6157470833332
7181,424.2696290972222
7182,418.6754891666666
7183,416.2428175694444
7184,417.6435598611112
7185,416.3883397916666
7186,418.7109499999999
7187,1240.0
7188,427.6706529861111
7189,425.4217415972222
7190,435.2040845833332
7191,438.5522818055556
7192,857.1200577777779
7193,434.2847497916667
7194,1240.0
7195,435.8103871527779
7196,1240.0
7197,1240.0
7198,1240.0
7199,443.7804102083332
7200,425.8441726388889
7201,421.7594781944442
7202,426.4009959027779
7203,419.5242430555555
7204,424.3432875694444
7205,429.8931199305555
7206,433.6685709027777
7207,432.9305993055557
7208,441.9092562499999
7209,445.3041556249999
7210,443.4523668750001
7211,1240.0
7212,441.2488558333332
7213,433.1645222916665
7214,438.1789241666667
7215,441.9060566666667
7216,773.8096471527784
7217,434.5865056944444
7218,1240.0
7219,424.9501822222222
7220,1240.0
7221,1240.0
7222,1240.0
7223,416.2060296527777
7224,417.6319131249999
7225,415.1647524305556
7226,424.0715713888887
7227,429.8818168749999
7228,429.8922779861111
7229,428.8038980555556
7230,426.5309129861111
7231,412.3584115972224
7232,411.2775172916666
7233,414.2130893055555
7234,417.5242200694445
7235,1240.0
7236,436.030678125
7237,427.5895079166665
7238,437.9456005555555
7239,435.4765673611111
7240,763.8558715972238
7241,425.5661073611113
7242,1240.0
7243,430.5380265277777
7244,1240.0
7245,1240.0
7246,1240.0
7247,439.6675072222223
7248,436.1808903472221
7249,426.3126427777778
7250,437.2312670833333
7251,425.8876144444445
7252,424.662520625
7253,423.1789770833333
7254,419.3276752777777
7255,413.5365859722222
7256,411.515286875
7257,1240.0
7258,474.4706434027786
7259,406.056875972222
7260,1240.0
7261,1240.0
7262,1240.0
7263,1240.0
7264,400.5636104166667
7265,421.9882785416667
7266,417.4213395138888
7267,407.7806094444443
7268,406.4250424305556
7269,399.7211779166666
7270,403.6566868055555
7271,408.5131599305555
7272,412.7887492361109
7273,409.3583802777778
7274,408.4150787499999
7275,410.3261312499999
7276,406.1440172222223
7277,405.0898536805555
7278,401.7456561805556
7279,402.6009847222222
7280,399.3824396527777
7281,1240.0
7282,487.9530203472194
7283,434.0053831944444
7284,1240.0
7285,1240.0
7286,1240.0
7287,1240.0
7288,396.8403395833333
7289,396.2921982638887
7290,399.4126125694445
7291,403.1265646527777
7292,391.2048845833332
7293,386.0055524305555
7294,393.8580795138888
7295,396.4407392361111
7296,406.8929005555555
7297,411.2306231250001
7298,413.8106019444444
7299,412.0764579166668
7300,407.1993819444444
7301,399.3742097916667
7302,398.3647786805555
7303,392.0790790972222
7304,385.8067300694445
7305,380.3206113194444
7306,382.9508661805555
7307,1240.0
7308,374.9424058333333
7309,376.1631348611111
7310,375.0034531249999
7311,364.8016152083332
7312,369.7869583333334
7313,388.5907793055555
7314,1240.0
7315,383.9221963888889
7316,1240.0
7317,963.9718986805532
7318,1240.0
7319,379.9793180555556
7320,380.9590584722222
7321,375.7976089583333
7322,374.2395572222222
7323,373.5051570833333
7324,372.0736595138888
7325,372.5097624305556
7326,370.6952272916666
7327,361.0560950694444
7328,358.3159533333334
7329,358.4399607638889
7330,360.2565395138889
7331,1240.0
7332,367.1245934027778
7333,370.1334277083333
7334,370.4287251388889
7335,372.1355108333332
7336,370.728068472222
7337,362.67224875
7338,1240.0
7339,353.6636896527777
7340,1240.0
7341,620.4964064583313
7342,1240.0
7343,364.3185520138889
7344,377.3177751388888
7345,375.4675108333334
7346,376.0103822222222
7347,372.2027531249999
7348,373.2662640972223
7349,373.6084357638887
7350,373.1585131944445
7351,368.9637437499999
7352,361.1934676388889
7353,359.1760919444444
7354,356.4113510416665
7355,1240.0
7356,347.4879868055555
7357,358.3832607638889
7358,388.114125
7359,400.3276647222222
7360,398.7485838194443
7361,392.7179399305555
7362,1240.0
7363,385.4643352777776
7364,1240.0
7365,836.7411468055523
7366,1240.0
7367,400.7267138194443
7368,408.42951625
7369,405.3600838194444
7370,385.1195497916665
7371,374.2683850694444
7372,369.1490847916666
7373,362.7179310416666
7374,362.5897318750001
7375,360.5424044444443
7376,358.4808256944445
7377,351.3753896527778
7378,346.8931175694443
7379,1240.0
7380,365.7824415972221
7381,377.5660636805555
7382,376.0247686805554
7383,385.5718261111111
7384,381.5164461111111
7385,390.6029307638888
7386,1240.0
7387,386.6695986805556
7388,1240.0
7389,776.5779416666633
7390,1240.0
7391,394.002406875
7392,391.7247950000001
7393,397.6196209027776
7394,402.5441840972222
7395,406.355106111111
7396,414.1568340972222
7397,390.1805512500001
7398,390.2218531944444
7399,376.2644822222222
7400,367.2923304166666
7401,365.6150404861111
7402,368.3005438194444
7403,1240.0
7404,374.6639954166665
7405,366.2682790277777
7406,377.4173656944445
7407,379.0576659722224
7408,383.6546204166668
7409,388.7009267361111
7410,1240.0
7411,372.5664789583333
7412,1240.0
7413,817.7782693055573
7414,1240.0
7415,384.0187871527778
7416,391.3579765277779
7417,385.8496736111109
7418,385.9768918055556
7419,378.6498984722223
7420,375.3042640277777
7421,370.1159850694445
7422,365.970596736111
7423,364.6362358333334
7424,352.2416858333333
7425,359.7551941666666
7426,355.1822030555555
7427,1240.0
7428,375.9478702777777
7429,377.7004578472223
7430,379.6350303472223
7431,387.5264205555555
7432,386.6205505555555
7433,388.0002602777778
7434,1240.0
7435,382.976090972222
7436,1240.0
7437,849.6611785416649
7438,1240.0
7439,402.1244786805555
7440,385.77476875
7441,400.5458031944444
7442,420.8021052083332
7443,419.7083629861111
7444,423.3855990972223
7445,419.3266554166667
7446,424.8866494444443
7447,405.5200265277777
7448,396.1439844444445
7449,393.7934699999999
7450,390.4749396527778
7451,1240.0
7452,397.8349336111111
7453,407.7939089583332
7454,404.9272154861112
7455,413.2795333333333
7456,565.9745895833266
7457,412.0857552777777
7458,1240.0
7459,423.9320725694445
7460,1240.0
7461,1240.0
7462,1240.0
7463,421.183406875
7464,440.6283515277777
7465,433.2282018750001
7466,437.6337243055556
7467,429.0428323611112
7468,423.0902554861111
7469,431.6370343055555
7470,420.8662441666667
7471,404.8368372222222
7472,403.5069276388888
7473,408.3140322916667
7474,422.7726941666667
7475,1240.0
7476,420.244610625
7477,421.9125419444443
7478,420.3951281249999
7479,414.7788871527777
7480,677.3672380555591
7481,406.3146752777778
7482,1240.0
7483,429.735591736111
7484,1240.0
7485,1240.0
7486,1240.0
7487,431.5047892361111
7488,431.6533977777777
7489,434.0085390277777
7490,441.165925763889
7491,448.7635624305555
7492,439.5536434722223
7493,437.1878004861111
7494,429.1535524305555
7495,422.383920486111
7496,420.6328354861111
7497,1240.0
7498,708.7559640972227
7499,421.9026461805556
7500,1240.0
7501,1240.0
7502,1240.0
7503,1240.0
7504,414.1972469444444
7505,406.6798905555555
7506,404.5391729166665
7507,401.8963501388889
7508,414.3280521527777
7509,430.0499140972222
7510,427.620081875
7511,426.6283029166667
7512,427.5255186805556
7513,422.6378464583333
7514,429.7606561111112
7515,436.5023857638889
7516,428.0084525694445
7517,422.8893302083333
7518,418.367131875
7519,412.1550411805557
7520,404.6501705555555
7521,1240.0
7522,632.5506863194448
7523,404.4717809027778
7524,1240.0
7525,1240.0
7526,1240.0
7527,1240.0
7528,437.7442752083332
7529,439.0685536805554
7530,430.2361364583335
7531,424.4805186805556
7532,426.5478840972223
7533,430.7222344444444
7534,430.8669181249999
7535,432.695791111111
7536,436.8180979166667
7537,421.745755763889
7538,426.9223510416667
7539,427.7972897916665
7540,414.6635675
7541,406.5113290972223
7542,406.6007521527777
7543,407.3393357638889
7544,409.6963436805555
7545,1240.0
7546,404.8343706944444
7547,406.4903568055556
7548,1240.0
7549,1070.715157909723
7550,1240.0
7551,1240.0
7552,390.5534344444444
7553,387.9915277777778
7554,388.1470833333333
7555,388.3026388888889
7556,388.4581944444444
7557,388.61375
7558,388.7693055555554
7559,388.9248611111111
7560,389.0804166666666
7561,385.5026388888889
7562,385.6581944444444
7563,385.8137499999999
7564,385.9693055555555
7565,386.1248611111111
7566,386.2804166666666
7567,386.4359722222222
7568,386.5915277777777
7569,1240.0
7570,386.22639125
7571,375.1570574305554
7572,1240.0
7573,920.0401777777752
7574,1240.0
7575,1240.0
7576,368.5098627777778
7577,366.8489732638889
7578,380.9283304166667
7579,379.7513659722222
7580,385.4027916666666
7581,405.7977617361112
7582,407.1826388194445
7583,419.8423230555555
7584,425.9987063888888
7585,420.5813101388887
7586,427.4483412499999
7587,429.1875670833332
7588,403.0406654166666
7589,394.8837895138889
7590,390.4605186805556
7591,371.617750486111
7592,367.7454195138889
7593,1240.0
7594,371.2372363194443
7595,386.2525454861112
7596,1240.0
7597,1041.896426666669
7598,1240.0
7599,1240.0
7600,391.5230622916667
7601,395.8483763888888
7602,391.6619952777776
7603,391.7713819444444
7604,393.9257301388889
7605,413.159464861111
7606,431.0891831944446
7607,435.2949018055554
7608,421.8793877083333
7609,418.0987752083333
7610,1240.0
7611,453.9434243749998
7612,1240.0
7613,425.8518687499999
7614,424.7716831944446
7615,422.6268598611111
7616,419.4118794444443
7617,417.015747847222
7618,413.1282725694443
7619,1240.0
7620,1240.0
7621,1240.0
7622,428.1781889583332
7623,833.8420682638873
7624,414.1020659027778
7625,398.4916925694444
7626,414.3231570138888
7627,457.7436300694446
7628,458.2989784722223
7629,449.6806309722222
7630,456.9225047916668
7631,455.4136509027778
7632,456.0048256944445
7633,469.571847013889
7634,467.4601764583334
7635,467.8399604861111
7636,460.95144375
7637,451.69446
7638,446.600118125
7639,442.0927160416667
7640,441.3035948611111
7641,442.2892133333333
7642,1240.0
7643,1240.0
7644,1240.0
7645,464.5258002777777
7646,428.2336250694444
7647,1240.0
7648,1240.0
7649,928.0766796527779
7650,422.7254305555555
7651,430.2109627083333
7652,428.9621559027778
7653,427.0736448611109
7654,424.1178326388888
7655,419.4018859722223
7656,436.8808349305556
7657,432.6216479861111
7658,436.4756963194445
7659,431.9868369444443
7660,428.9566924999999
7661,420.4173108333333
7662,421.7435517361111
7663,414.5163715972222
7664,410.3699089583333
7665,404.2052286805555
7666,407.2500658333335
7667,1240.0
7668,406.4019001388888
7669,409.8777219444443
7670,424.1371132638889
7671,431.0246397916666
7672,776.6037632638895
7673,436.9886572916666
7674,1240.0
7675,442.3814213194445
7676,1240.0
7677,1240.0
7678,1240.0
7679,440.1466149305556
7680,431.4835281944443
7681,433.0993323611112
7682,432.8132122222222
7683,442.778245486111
7684,442.7277492361112
7685,438.9928452777778
7686,437.7005524305555
7687,434.0973651388889
7688,440.2448375694445
7689,433.5327801388889
7690,1240.0
7691,1240.0
7692,1240.0
7693,448.0479781944446
7694,439.4684870138889
7695,1240.0
7696,1240.0
7697,979.0966737500034
7698,436.2563979861111
7699,442.9541039583334
7700,453.6128459722223
7701,458.0750557638889
7702,437.5735860416667
7703,443.494510763889
7704,452.8034427777777
7705,449.0178359722221
7706,445.5009222222222
7707,456.0218838194445
7708,453.2995668055556
7709,455.157146111111
7710,454.8565811805557
7711,455.4939161111109
7712,456.7267692361109
7713,448.9384909722222
7714,1240.0
7715,1240.0
7716,1240.0
7717,441.851261736111
7718,441.0036706249999
7719,1240.0
7720,1240.0
7721,1032.87520472222
7722,445.5138693055555
7723,447.1381259722223
7724,451.8589643749999
7725,446.445028263889
7726,450.6136726388887
7727,455.8954327083333
7728,461.1506384722222
7729,453.966332847222
7730,464.7396877083334
7731,467.5125364583332
7732,466.1459060416666
7733,458.5782945138887
7734,450.9105061805557
7735,445.9074219444443
7736,432.5810212499999
7737,423.6584221527777
7738,424.4346132638889
7739,1240.0
7740,448.4961240277776
7741,447.3660265277778
7742,452.7320952777776
7743,449.3752418750001
7744,1164.092613680555
7745,446.8749668055556
7746,1240.0
7747,452.9903029166667
7748,1240.0
7749,1240.0
7750,1240.0
7751,471.0366271527777
7752,473.4761524305555
7753,473.6234358333334
7754,467.7353804861112
7755,476.3326035416665
7756,458.0648357638888
7757,451.4479569444445
7758,450.7319099305557
7759,446.6143203472223
7760,439.5413278472224
7761,448.1695550694444
7762,450.6532916666667
7763,1240.0
7764,463.6724327083332
7765,469.7942345833333
7766,472.3834932638887
7767,462.1395936111111
7768,1061.638468333335
7769,464.3819424999999
7770,1240.0
7771,456.3278625694444
7772,1240.0
7773,1240.0
7774,1240.0
7775,417.5540663194444
7776,387.2365150694444
7777,373.0860320833333
7778,369.0502540277777
7779,368.2028505555555
7780,362.0939568749999
7781,362.0345025694444
7782,354.5463716666667
7783,352.2350752083333
7784,346.1584447222222
7785,1240.0
7786,342.8587521527778
7787,352.1017320138889
7788,1240.0
7789,743.6069964583348
7790,1240.0
7791,1240.0
7792,390.9408596527777
7793,375.1725668055556
7794,370.6804927777777
7795,372.8483922916666
7796,365.6643486805555
7797,373.4753448611111
7798,374.7490050694444
7799,364.5448518055555
7800,366.0594884722223
7801,359.2888040972222
7802,379.2034161805555
7803,383.4125234722221
7804,382.5307164583333
7805,379.8429789583333
7806,378.8956577777779
7807,378.2569777777777
7808,377.1381109027778
7809,375.387206736111
7810,375.3741429861111
7811,1240.0
7812,372.8736841666666
7813,391.5662697916666
7814,398.3500713888889
7815,400.1821570833334
7816,412.1071286111111
7817,412.1265045138889
7818,1240.0
7819,407.5126499305556
7820,1240.0
7821,1018.741514652779
7822,1240.0
7823,385.5287717361111
7824,373.8054794444444
7825,361.4620940972223
7826,360.5227145138888
7827,361.3652136111111
7828,354.8649052083333
7829,346.2000388194444
7830,343.8849030555556
7831,342.4844145138888
7832,341.968182013889
7833,339.9299497222221
7834,339.6375879166667
7835,1240.0
7836,334.9609851388889
7837,334.5741554166667
7838,326.2821678472222
7839,329.1874483333333
7840,330.0436640277777
7841,334.7821448611111
7842,1240.0
7843,341.6804975694444
7844,1240.0
7845,343.7995045138889
7846,1177.967569097227
7847,350.5053586805556
7848,353.4314947916666
7849,351.5119825
7850,351.8177930555556
7851,343.0490126388888
7852,340.7371809722222
7853,331.5926721527777
7854,327.0598649305555
7855,326.626513888889
7856,326.2883419444443
7857,329.6479530555556
7858,335.3088316666665
7859,1240.0
7860,344.2302120833333
7861,336.5028975
7862,341.430674375
7863,399.596995
7864,443.3901621527777
7865,445.2418536805556
7866,1240.0
7867,369.8560847916666
7868,1240.0
7869,647.1160681944432
7870,1240.0
7871,367.3093627777777
7872,373.4133433333332
7873,364.8383311805555
7874,347.603651111111
7875,359.4870917361111
7876,365.702295
7877,357.623131736111
7878,359.1948879166666
7879,355.730200486111
7880,353.1130370833333
7881,343.7421604166666
7882,331.7531063194443
7883,1240.0
7884,366.6969284027778
7885,366.2455727777779
7886,373.6161377083332
7887,379.640620625
7888,378.5374454166667
7889,384.6068469444444
7890,1240.0
7891,414.3369523611112
7892,1240.0
7893,852.4398944444465
7894,1240.0
7895,402.734535972222
7896,395.6383647222222
7897,385.9432815972222
7898,379.5910922222223
7899,390.5706685416666
7900,393.9762691666667
7901,385.8133295138889
7902,384.1134801388887
7903,381.3891982638888
7904,1240.0
7905,373.5424092361111
7906,368.9335888194445
7907,366.4987725
7908,373.7269248611111
7909,384.1536003472222
7910,1240.0
7911,387.8079731944443
7912,1240.0
7913,1240.0
7914,871.039844375
7915,383.2027519444445
7916,386.7660907638888
7917,381.9617413888888
7918,373.9675940972222
7919,373.8429576388888
7920,370.8937341666665
7921,359.0756273611112
7922,354.5764279166667
7923,353.7726903472222
7924,351.4915138194444
7925,355.0762478472222
7926,354.8557954861111
7927,353.6068131944445
7928,353.2976975694443
7929,350.9643000694446
7930,351.4763345138889
7931,1240.0
7932,358.7543409722223
7933,364.7715254166667
7934,367.459343611111
7935,366.8147792361111
7936,364.7266384027776
7937,373.8906597222222
7938,1240.0
7939,379.1172967361111
7940,1240.0
7941,635.4233845833342
7942,1240.0
7943,379.5979974305555
7944,382.7734871527778
7945,379.1168402777777
7946,373.659243125
7947,364.614718125
7948,359.959915
7949,358.2696075000001
7950,357.6670100694445
7951,356.6409996527778
7952,354.4113440972223
7953,351.5795859722223
7954,1240.0
7955,1240.0
7956,545.9880553472283
7957,346.0131101388889
7958,353.77990375
7959,1240.0
7960,1240.0
7961,361.5121961111111
7962,362.2828620833334
7963,373.205227986111
7964,371.6446786111111
7965,367.0768582638889
7966,371.3504831944446
7967,376.1588410416666
7968,377.2016786805555
7969,386.1594911805556
7970,363.1642432638888
7971,361.219411875
7972,369.4141568055555
7973,376.6635201388889
7974,369.3899061805555
7975,365.972621875
7976,366.7233222916667
7977,368.9635828472223
7978,1240.0
7979,1240.0
7980,849.596227847224
7981,387.5533676388889
7982,386.1731970833332
7983,1240.0
7984,1240.0
7985,400.8820107638889
7986,404.0033127083333
7987,398.7203937499999
7988,399.6987064583333
7989,369.256741388889
7990,365.2058146527778
7991,361.7013725694443
7992,378.4014125694445
7993,383.9092011805555
7994,384.9367088194444
7995,386.0282076388888
7996,372.5859525694444
7997,388.5088642361111
7998,389.2002858333334
7999,388.3026189583333
8000,388.8825684722223
8001,390.2064915972223
8002,1240.0
8003,1240.0
8004,978.4730973611136
8005,394.6993876388889
8006,393.360397986111
8007,1240.0
8008,1240.0
8009,382.0460665972222
8010,400.9227774999999
8011,406.0027674305554
8012,405.9872191666666
8013,402.9469154861111
8014,371.6575979861112
8015,372.8679796527777
8016,384.0851563888889
8017,379.9873651388888
8018,376.4123436111112
8019,377.5979511111111
8020,384.0377411111111
8021,368.6997222222224
8022,359.1253701388888
8023,361.8978586805555
8024,359.7541120833333
8025,359.9474515972221
8026,1240.0
8027,1240.0
8028,493.519446597227
8029,316.2012768055554
8030,326.5894590972222
8031,1240.0
8032,1240.0
8033,364.9155251388888
8034,378.6608690277778
8035,372.5054496527777
8036,365.3600907638889
8037,352.6673388194445
8038,353.7773725694444
8039,358.6110378472221
8040,366.606686736111
8041,361.9139353472222
8042,366.4880834027778
8043,360.0244861111111
8044,357.3203545138889
8045,350.6888525
8046,353.3307638194445
8047,360.8474877777778
8048,359.0167277083333
8049,357.8377984027778
8050,1240.0
8051,1240.0
8052,518.38703270834
8053,371.8359190972221
8054,351.5695370833333
8055,1240.0
8056,1240.0
8057,362.0602863888889
8058,349.8559186111111
8059,355.7624087499998
8060,352.6698826388888
8061,343.9579640972221
8062,334.1215232638889
8063,340.2584796527778
8064,352.5524095138887
8065,353.5945505555555
8066,358.5654576388888
8067,363.2264018055554
8068,360.3652373611111
8069,356.9023247222221
8070,359.0735084027777
8071,351.0194707638888
8072,344.5770878472221
8073,339.3579777777778
8074,1240.0
8075,1240.0
8076,567.8629160416631
8077,360.7087006249999
8078,353.5244854166666
8079,1240.0
8080,1240.0
8081,381.0817820833333
8082,382.7418700000001
8083,383.3569259722221
8084,390.1947291666666
8085,398.4554243055555
8086,396.8317869444444
8087,390.4787011805556
8088,389.8059724999999
8089,377.8805649305555
8090,393.7801233333334
8091,379.2491757638889
8092,385.1348156249999
8093,387.6377988194444
8094,387.4280404166666
8095,398.9435965277777
8096,394.3403022222222
8097,395.9069863194446
8098,411.5896278472223
8099,1240.0
8100,411.0318182638888
8101,401.879279375
8102,393.3616477777777
8103,399.9557892361111
8104,399.4999784027778
8105,397.4387622916667
8106,1240.0
8107,401.5323131944446
8108,1240.0
8109,1137.309590763888
8110,1240.0
8111,386.1574300694444
8112,377.1241400694444
8113,371.5544379166666
8114,381.0091750694443
8115,379.8639327777777
8116,386.9999286805555
8117,388.2138754861112
8118,401.7040538194444
8119,394.9116111111112
8120,394.7244102083333
8121,395.5305438194443
8122,1240.0
8123,1240.0
8124,1215.374048055556
8125,454.4832940277778
8126,440.7478376388889
8127,1240.0
8128,1240.0
8129,393.9300900694446
8130,405.3989381944443
8131,411.4984674305556
8132,396.1470765972223
8133,389.2145313194445
8134,371.8759396527777
8135,367.4833254166667
8136,353.0013972916668
8137,344.4777102083334
8138,346.0276458333332
8139,347.4765131250001
8140,353.7209530555555
8141,349.8650249305554
8142,349.8557849305554
8143,345.4186156944445
8144,345.2381858333334
8145,344.778814236111
8146,1240.0
8147,1240.0
8148,454.2227322916647
8149,377.3888241666667
8150,362.9035088194444
8151,1240.0
8152,1240.0
8153,344.2574211805555
8154,368.8426515277777
8155,389.7596913194445
8156,374.3701582638888
8157,359.4864758333333
8158,349.9448404861112
8159,347.2364257638889
8160,348.9063141666666
8161,343.0207768749999
8162,351.9511177777778
8163,356.4072701388889
8164,358.1700252083333
8165,353.1681859027777
8166,353.9045295138889
8167,351.8894672222221
8168,346.6056479861111
8169,341.4127334722222
8170,1240.0
8171,1240.0
8172,337.7577670833333
8173,338.4558819444446
8174,344.4277885416666
8175,1240.0
8176,1217.805346666668
8177,333.9303367361111
8178,331.6625258333333
8179,337.9490274999998
8180,334.973253125
8181,340.6380483333334
8182,347.7745799305555
8183,350.8151441666667
8184,348.4583953472222
8185,332.9651451388888
8186,313.316014375
8187,313.592951875
8188,319.9880026388889
8189,343.0487438194445
8190,338.7399827777778
8191,347.9977584027778
8192,325.0796932638889
8193,316.4839839583333
8194,1240.0
8195,1240.0
8196,322.1969858333334
8197,312.1938920138888
8198,314.1127801388889
8199,1240.0
8200,939.2604357638895
8201,316.6703861805555
8202,325.4654511111111
8203,327.4727516666666
8204,332.1385097916668
8205,347.115138125
8206,346.5343870138889
8207,354.1676736111111
8208,362.9919679166666
8209,358.5355603472221
8210,353.1808019444445
8211,352.8588534722222
8212,347.5636290972222
8213,350.4525028472223
8214,352.3894781944444
8215,338.0717097916666
8216,337.012195625
8217,338.83038
8218,1240.0
8219,1240.0
8220,361.8730140972225
8221,338.0395146527777
8222,327.5605161111112
8223,1240.0
8224,1240.0
8225,378.8177691666666
8226,360.4061654861111
8227,347.1257528472223
8228,373.7172619444444
8229,370.6821309722222
8230,361.6115883333334
8231,349.2362859027778
8232,362.4223127777777
8233,353.2601668749999
8234,380.9760179166666
8235,367.5665627083332
8236,364.8230390972222
8237,363.612908263889
8238,358.312241388889
8239,359.4737917361111
8240,357.6075606249998
8241,350.2898359722221
8242,1240.0
8243,1240.0
8244,532.5214861805604
8245,342.9719679166666
8246,359.6185342361111
8247,1240.0
8248,1240.0
8249,377.3602947916666
8250,370.1801760416668
8251,385.798293611111
8252,384.3840792361111
8253,372.7115806944445
8254,375.7132852083333
8255,375.7761563888889
8256,382.2524863888888
8257,385.1932408333333
8258,392.2338826388888
8259,392.8118774999999
8260,402.1256166666666
8261,396.7541015277779
8262,388.1055383333334
8263,367.0696973611111
8264,350.6704293749999
8265,342.1021736805556
8266,1240.0
8267,1240.0
8268,658.5670768750006
8269,365.0105418750001
8270,358.7000584027778
8271,1240.0
8272,1240.0
8273,377.4216084722221
8274,369.4133863194444
8275,371.5345739583333
8276,371.5373759027777
8277,356.6991472916667
8278,368.2487423611111
8279,375.010968888889
8280,380.6404763194444
8281,386.4313050694445
8282,394.8296085416667
8283,395.8799298611111
8284,399.7099156944444
8285,400.3985946527778
8286,392.3560486805554
8287,390.2540026388887
8288,368.2251781249998
8289,361.4257845138889
8290,1240.0
8291,1240.0
8292,818.519194930557
8293,368.4382902083333
8294,378.554299861111
8295,1240.0
8296,1240.0
8297,388.7450670833334
8298,395.7908762499999
8299,391.9515138194445
8300,391.6973005555554
8301,388.1878646527776
8302,387.28004
8303,382.71417625
8304,386.4657377777777
8305,392.2228863194442
8306,400.0434977777779
8307,401.0653052777778
8308,389.4018975000001
8309,383.5824645138888
8310,383.2869760416667
8311,379.0144944444446
8312,364.0593356944445
8313,360.1219494444445
8314,357.9147473611111
8315,1240.0
8316,369.6102729861111
8317,388.4417177083333
8318,411.2826841666666
8319,409.3066575694444
8320,459.4888652083333
8321,433.679378125
8322,1240.0
8323,412.4554374305554
8324,1240.0
8325,1203.819418055551
8326,1240.0
8327,415.4559310416665
8328,409.7131451388889
8329,401.1145988888888
8330,397.7074772222223
8331,386.1453093750001
8332,374.0587608333335
8333,369.4873685416667
8334,359.4736551388888
8335,361.3421034027778
8336,360.0016865277779
8337,358.8778326388888
8338,357.7272411805555
8339,1240.0
8340,370.5939839583334
8341,371.124026875
8342,373.7899253472223
8343,370.7824186111111
8344,373.9921295833333
8345,378.7726765277777
8346,1240.0
8347,368.6315713888889
8348,1240.0
8349,699.9247094444443
8350,1240.0
8351,367.2999122916667
8352,361.58654
8353,368.4862086111111
8354,367.3151163888891
8355,355.4779175694443
8356,344.113958125
8357,351.9106903472222
8358,346.2492677777779
8359,346.2034065972222
8360,342.8048448611111
8361,336.0498254166666
8362,333.2788486805556
8363,1240.0
8364,328.6414614583333
8365,345.0885720138888
8366,358.0241685416665
8367,368.7463670138888
8368,373.1273009722221
8369,387.3929315277779
8370,1240.0
8371,401.7310529166666
8372,1240.0
8373,685.4426530555561
8374,1240.0
8375,386.0212533333333
8376,387.1296902083332
8377,390.4846774305556
8378,380.473919097222
8379,376.1830765972222
8380,371.8651489583333
8381,368.0436195138889
8382,367.1481702777777
8383,364.3812870833333
8384,358.9488252777778
8385,377.6298293055555
8386,387.0699359722223
8387,1240.0
8388,424.324123125
8389,423.4553278472221
8390,374.8777272916666
8391,378.7144885416666
8392,385.2988275694444
8393,394.0354313194445
8394,1240.0
8395,390.4238158333333
8396,1240.0
8397,919.9657836805543
8398,1240.0
8399,376.9864145833333
8400,380.2376540277778
8401,372.9147756249999
8402,373.9627820833333
8403,383.9119549999999
8404,389.6968843055556
8405,388.467335763889
8406,385.5144533333333
8407,386.2134602083333
8408,381.7459853472221
8409,379.6804865972223
8410,371.5929408333333
8411,1240.0
8412,360.2643950694444
8413,365.9865854166666
8414,361.8021633333333
8415,375.3519729166666
8416,384.6355974999999
8417,380.6622020833333
8418,1240.0
8419,399.4960909722222
8420,1240.0
8421,904.1871460416644
8422,1240.0
8423,395.7532002083334
8424,393.1724047222222
8425,391.5904829861111
8426,395.4402574305554
8427,402.0188963194444
8428,403.6449384722223
8429,398.275744513889
8430,394.1557384722222
8431,393.8402061805555
8432,375.7337514583332
8433,1240.0
8434,415.9675775694444
8435,423.4666566666666
8436,1240.0
8437,1049.974849055557
8438,1240.0
8439,1240.0
8440,378.5718450694444
8441,375.3162281944445
8442,384.7198065277778
8443,379.8354234791667
8444,392.7038242361112
8445,393.7450562500002
8446,395.7455867361112
8447,402.2983795833333
8448,399.8551853819445
8449,396.1678797222221
8450,390.8191858715278
8451,388.0826089583333
8452,385.2453208333334
8453,365.5548437187499
8454,360.8641108333333
8455,355.2402145833333
8456,494.2517393611091
8457,194.9188073194444
8458,184.0528472222222
8459,184.2084027777777
8460,184.3639583333333
8461,184.5195138888888
8462,1240.0
8463,277.6077825208334
8464,1240.0
8465,1240.0
8466,313.3816228472223
8467,313.3268541666666
8468,313.4834791666668
8469,313.4238975
8470,313.1506063194444
8471,314.1563706944444
8472,316.1829188194444
8473,313.7169267361111
8474,313.4090555555556
8475,313.7467715277778
8476,313.8681063194445
8477,314.1088611111111
8478,314.181437013889
8479,314.6872361111111
8480,315.1497222222222
8481,313.5897104861111
8482,353.863689861111
8483,1240.0
8484,377.9426738888888
8485,374.7055924305556
8486,369.3419240972221
8487,380.3322050694444
8488,381.0344163888888
8489,388.9575253472223
8490,1240.0
8491,420.9974504166666
8492,1240.0
8493,817.6372995138886
8494,1240.0
8495,407.2923259027778
8496,405.9599269444445
8497,403.3456369444445
8498,404.2453488888889
8499,405.6694439583333
8500,402.7952604861111
8501,404.9009489583333
8502,397.1731745138888
8503,384.5483424999999
8504,385.6273628472222
8505,381.6209935416667
8506,1240.0
8507,1240.0
8508,970.8326409722188
8509,381.9494753472223
8510,379.2166398611111
8511,1240.0
8512,1240.0
8513,380.9284922916667
8514,385.3910608333334
8515,391.5529678472222
8516,397.084979861111
8517,395.1242876388889
8518,398.8220143055556
8519,392.8999204861111
8520,398.5028697222222
8521,394.9793745138889
8522,390.5922878472221
8523,389.2786051388889
8524,390.1464106944443
8525,383.7473422222222
8526,377.9770020833332
8527,377.4673631944444
8528,373.1818766666667
8529,363.5505878472223
8530,369.9392238888888
8531,1240.0
8532,384.1438475
8533,381.5199164583333
8534,382.6484870833334
8535,386.7661554166667
8536,391.4862787500001
8537,383.3014135416667
8538,1240.0
8539,391.8144518749999
8540,1240.0
8541,928.0645076388871
8542,1240.0
8543,390.5594452083334
8544,389.6933196527779
8545,386.727542638889
8546,381.9743447916667
8547,374.5343500694444
8548,378.9972729861112
8549,380.9637504166668
8550,373.51439125
8551,380.665543125
8552,376.5119511805556
8553,380.6244477777778
8554,370.6587796527778
8555,1240.0
8556,349.720744236111
8557,344.510893611111
8558,346.11947125
8559,352.9219881250001
8560,353.3548788194444
8561,355.3773275694444
8562,1240.0
8563,358.855598888889
8564,1240.0
8565,598.6431906249952
8566,1240.0
8567,363.7482950694443
8568,371.6892268055555
8569,367.9739452083332
8570,370.0947799305555
8571,369.4978024305555
8572,373.4069359027777
8573,371.8697329861109
8574,370.0465426388889
8575,369.9785872222224
8576,370.0471570833333
8577,366.4282902777778
8578,1240.0
8579,1240.0
8580,378.7737612499992
8581,344.2806111111111
8582,345.0687445138889
8583,1240.0
8584,1240.0
8585,332.1850014583333
8586,335.1858159027778
8587,334.9440709027777
8588,333.3489449305557
8589,333.191508125
8590,333.622979861111
8591,336.103866875
8592,345.4270526388888
8593,339.4561343055556
8594,334.1015577083333
8595,333.8544659722222
8596,331.9361884027778
8597,331.155094861111
8598,329.8543271527777
8599,331.2318950694444
8600,333.0707644444444
8601,331.4590538194445
8602,1240.0
8603,327.3316180555556
8604,327.6896573611111
8605,332.9958357638889
8606,334.9197186805556
8607,1071.769921875002
8608,1240.0
8609,1240.0
8610,339.7122341666667
8611,338.270935625
8612,337.2884214583335
8613,339.7734049305554
8614,342.3065119444444
8615,341.7423333333334
8616,351.7947042361111
8617,347.6935301388889
8618,340.4676031944443
8619,336.19084625
8620,335.5671345833333
8621,334.8099236805555
8622,332.8145474305556
8623,329.7425177083334
8624,330.9233122222222
8625,335.5753488888889
8626,1240.0
8627,1240.0
8628,337.4046710416666
8629,345.1547030555556
8630,341.8181671527778
8631,1240.0
8632,1171.681039513892
8633,365.8323934027777
8634,358.7285571527778
8635,360.2048834027778
8636,353.43382375
8637,355.33917125
8638,355.2348527777777
8639,350.2848756944446
8640,352.7759185416666
8641,350.5398584722221
8642,350.5237701388888
8643,346.4200843055555
8644,343.9476590277777
8645,343.2348232638889
8646,336.2255351388889
8647,333.3691880555555
8648,336.1502238888889
8649,332.8621678472222
8650,1240.0
8651,1240.0
8652,356.1477504861111
8653,359.8132202777778
8654,360.6801347916666
8655,1240.0
8656,1232.643186180552
8657,352.4966015277777
8658,348.6986022916666
8659,346.3955026388889
8660,348.88315875
8661,344.6771586805556
8662,342.5597918749999
8663,344.3312789583333
8664,348.6943867361111
8665,344.7056841666667
8666,346.4903599305555
8667,345.4844944444446
8668,342.1463548611111
8669,341.1791726388889
8670,343.567276111111
8671,341.2144477777778
8672,341.7958235416666
8673,339.017179861111
8674,1240.0
8675,1240.0
8676,335.9411309722223
8677,336.1298402777778
8678,333.2360558333332
8679,1240.0
8680,1098.862598055552
8681,333.5408766666667
8682,334.6252456944444
8683,333.9341575694445
8684,335.0347422916668
8685,335.1619614583333
8686,335.2515658333333
8687,332.8301165972221
8688,337.1128376388889
8689,326.6577397222222
8690,326.4163515277777
8691,326.7505038194444
8692,326.5784530555556
8693,326.7792781944444
8694,328.4936326388889
8695,328.6588136805555
8696,328.8821054166668
8697,328.0125936111111
8698,327.0716181249999
8699,1240.0
8700,328.0179753472222
8701,334.6566829861111
8702,334.7101080555556
8703,333.5698513194444
8704,340.4183421527778
8705,339.2255100694444
8706,1240.0
8707,342.5927370833333
8708,1240.0
8709,346.4955788194444
8710,1084.893652083331
8711,356.2534465972222
8712,356.4740618055556
8713,356.0580114583333
8714,351.6894689583335
8715,358.6682531249999
8716,352.9589758333333
8717,345.5109583333333
8718,342.7302569444444
8719,342.7972275000001
8720,339.0958282638888
8721,339.9115946527778
8722,341.933685138889
8723,1240.0
8724,343.2381254166666
8725,336.2658376388888
8726,337.1386340972222
8727,337.4399952777778
8728,335.2110397222223
8729,347.59605125
8730,1240.0
8731,340.3693635416667
8732,1240.0
8733,330.7235876388888
8734,1142.331326250003
8735,331.6469547222222
8736,335.2691159027777
8737,324.2685984027778
8738,323.647743125
8739,328.0390064583333
8740,330.1626941666668
8741,330.5615522222222
8742,328.3692241666668
8743,327.5216364583333
8744,324.4661894444444
8745,324.4736264583335
8746,1240.0
8747,1240.0
8748,321.1562399305556
8749,323.1246817361111
8750,327.4377059722221
8751,1240.0
8752,1119.677634166667
8753,367.8650509722221
8754,369.1527952777778
8755,360.1000725
8756,359.4098773611112
8757,361.8216087499999
8758,335.7499269444445
8759,330.9922772916666
8760,326.8568644444444
