Hour,Load_Profile
1,61.83621115000001
2,62.3935039
3,63.14214221000001
4,61.8614192
5,60.86269713999999
6,61.67986530999998
7,61.90220876
8,61.86465102999999
9,61.93386773
10,61.91153024
11,62.15376461000001
12,60.34656760999999
13,96.79915908000025
14,178.56
15,178.56
16,178.56
17,60.13349964999998
18,59.90944840999999
19,61.05417576999999
20,61.15380579000001
21,60.78453262000001
22,178.56
23,178.56
24,64.21537479000001
25,178.56
26,62.79757372
27,63.18708500999999
28,62.18268832999999
29,62.46942996
30,62.10613765999999
31,61.17022078999999
32,62.56565952
33,178.56
34,178.56
35,97.77044461000031
36,62.08579320999999
37,178.56
38,178.56
39,59.79556100000001
40,58.50598376000001
41,58.66813869000001
42,58.55324748000001
43,57.87800186
44,57.32736863
45,57.07161873
46,56.40879552
47,57.48096199999999
48,57.86446652000001
49,58.31423002999999
50,59.08902306999998
51,178.56
52,178.56
53,59.63033783
54,60.20359639000001
55,178.56
56,59.64379175999999
57,58.63475086
58,59.19574030999998
59,59.33638689999999
60,59.16343776000001
61,58.90391492999998
62,58.25035796999998
63,178.56
64,75.50552977000069
65,60.02107972
66,59.12836152999999
67,60.00012235000001
68,59.94000417999998
69,59.84844347999999
70,60.05122899999999
71,60.67276656000001
72,178.56
73,178.56
74,59.35403179999998
75,58.90046785000001
76,65.61452589000092
77,178.56
78,58.85401703999999
79,57.9783148
80,56.91088157999999
81,56.09026045
82,56.38613904
83,57.19537557999998
84,59.27701296999999
85,178.56
86,178.56
87,178.56
88,57.54220009999998
89,58.36070393999999
90,59.63117083
91,60.74011768999999
92,60.45503057999998
93,59.65930648999999
94,60.29973404
95,59.81952913999999
96,59.83343288999998
97,58.28073587000002
98,58.48210906999999
99,57.94094565
100,57.74654011000001
101,58.82997351000001
102,58.38423997
103,58.68691906
104,59.54543707000001
105,60.50456748
106,61.51192593
107,61.511688
108,61.09105603999998
109,61.13899393
110,61.43938892
111,61.48455614
112,178.56
113,178.56
114,178.56
115,59.62859672
116,59.93676997000001
117,178.56
118,85.12635915000013
119,178.56
120,61.30467230999997
121,62.50936951000001
122,62.29106813999999
123,62.67572660999998
124,61.28866757999999
125,61.09482658999999
126,60.28927044
127,59.93896573
128,60.14067262000001
129,59.95992092999998
130,60.29437679999999
131,119.6793738399995
132,61.58457403
133,178.56
134,178.56
135,63.15152857999999
136,62.91785289999998
137,62.53700397
138,62.98498233999998
139,62.75669575000001
140,63.03229779
141,63.96684035000001
142,178.56
143,178.56
144,178.56
145,178.56
146,61.40174341000001
147,60.41149099999999
148,61.10543340999999
149,61.90460926999999
150,62.44827420999999
151,62.34200630000001
152,63.6349329
153,64.12379841
154,63.85714083
155,178.56
156,178.56
157,62.37569120999999
158,63.09776508000001
159,178.56
160,178.56
161,62.58045681999999
162,61.28574627
163,61.19282624
164,60.45767532
165,59.34979113
166,60.29264989999999
167,59.93366826999998
168,118.0893943200001
169,178.56
170,61.06630627999998
171,61.90298162999999
172,61.90448803
173,61.74776132
174,61.42045147
175,59.37961127000001
176,59.22396249
177,59.64668486
178,60.12348769000001
179,61.08092423999997
180,62.78841764999999
181,178.56
182,63.06416647999999
183,178.56
184,111.8173085499999
185,61.28151946000001
186,59.13364778999999
187,61.99747581999998
188,62.16879437999999
189,62.47355358999999
190,63.50842539999996
191,178.56
192,178.56
193,178.56
194,178.56
195,178.56
196,85.23799669000074
197,60.9377727
198,60.38318524
199,178.56
200,59.25820131
201,59.5660149
202,60.24771465999999
203,58.47219013999998
204,58.29120674999998
205,58.55251262
206,57.44889017000001
207,56.12455981999999
208,57.6811599
209,178.56
210,60.10867288999999
211,58.72040775999999
212,58.52520611000001
213,57.55984961999999
214,58.1265629
215,58.82589503
216,59.44157988999997
217,58.94760676
218,58.81177133999998
219,59.0869629
220,58.48473848
221,58.33293893
222,57.85137448999999
223,57.9745418
224,178.56
225,64.29771484000074
226,61.04653869999999
227,62.49677518
228,61.02463037999999
229,178.56
230,178.56
231,178.56
232,57.14500890000001
233,57.06607654999997
234,57.51541621
235,58.05022530999999
236,56.33350337999998
237,55.58479954999999
238,56.71556344999998
239,57.08746644999999
240,178.56
241,59.21720973000001
242,178.56
243,59.33900994000001
244,145.6880857500004
245,178.56
246,57.36452812999999
247,56.45938739
248,55.55616913000001
249,54.76616803
250,55.14492473
251,54.91160786999998
252,53.99170643999999
253,54.16749142
254,54.00049724999998
255,52.53143258999999
256,53.24932200000001
257,55.95707221999999
258,55.583486
259,55.28479628
260,56.06582569000001
261,56.23493652
262,55.63846169000001
263,178.56
264,178.56
265,178.56
266,53.89049624
267,53.78474262
268,97.27542030000006
269,53.64140579000001
270,53.38011272999999
271,51.99207769
272,51.59749728000001
273,51.61535435
274,51.87694168999999
275,52.80591343999998
276,52.86594145000001
277,178.56
278,178.56
279,53.58751355999998
280,53.38484185999999
281,52.22480382
282,51.49945752
283,50.92757131
284,52.11675230999998
285,51.94308482999998
286,52.37902642
287,52.46187149
288,178.56
289,54.06732156000002
290,54.14549504
291,53.59719644999999
292,178.56
293,178.56
294,53.73482590000002
295,178.56
296,52.01185934
297,51.72135723999999
298,51.32323454999999
299,50.38475197
300,108.2433063200007
301,178.56
302,55.888434
303,57.64718371999999
304,57.41979606999999
305,56.55138334999998
306,56.77185339000001
307,55.50686427999998
308,55.07696599999999
309,55.94089857999998
310,56.39914441000001
311,57.70464678999998
312,58.81385033999999
313,58.37185206999999
314,55.45721516999998
315,53.89464745
316,53.15746820999999
317,52.23138207
318,52.21292139000001
319,51.91810623999999
320,51.62123890000002
321,178.56
322,178.56
323,51.46996358000001
324,52.67267158999999
325,178.56
326,178.56
327,106.0116310900003
328,54.93836824000001
329,56.24682202999998
330,55.21529769
331,55.68042221000001
332,56.07714496999998
333,53.32474693
334,54.3185272
335,56.73634659
336,56.40837048000001
337,57.25722540999998
338,57.96636251
339,58.51513528
340,59.63858410999999
341,56.18599938000001
342,56.19194685999999
343,54.18208544
344,52.89009557999999
345,52.64856583
346,53.03527830999999
347,54.16994296000001
348,53.95161533999999
349,123.4525437200004
350,178.56
351,178.56
352,178.56
353,178.56
354,53.86533389999999
355,53.64957297000001
356,53.51330103000001
357,52.23414504
358,53.41903966
359,55.29870535000001
360,56.35554862000001
361,178.56
362,178.56
363,178.56
364,178.56
365,119.0579952400001
366,52.69976592999998
367,52.50761796000001
368,50.72280276
369,51.80474795999999
370,51.14623724
371,52.35382137999999
372,54.13649331999999
373,54.38886593000001
374,54.66744437000001
375,55.80380456
376,55.67335927999999
377,55.87203748000001
378,53.40497623999999
379,55.14855709999998
380,55.870374
381,56.27772254999999
382,58.39544697
383,57.90592492999999
384,55.5515667
385,57.67859565999998
386,60.59550314999998
387,60.43800427
388,60.96752627000001
389,60.38303838
390,61.18367751999998
391,178.56
392,178.56
393,178.56
394,56.22839130999999
395,55.67634631999999
396,57.28823043999999
397,58.72232288999999
398,58.30951903
399,59.5122528
400,60.68151565
401,73.16876435999997
402,178.56
403,178.56
404,61.50356618000001
405,61.40517837999998
406,61.59741447999997
407,60.65041059
408,63.45048261999999
409,62.38486107000001
410,63.0192563
411,61.78216786
412,60.92499678999999
413,62.15573293999999
414,60.60473916
415,58.29650456
416,58.10499758
417,178.56
418,60.87926796000001
419,62.74176334999999
420,60.51522392999999
421,60.75540603999998
422,60.53689844999999
423,59.72815975
424,58.54943724
425,178.56
426,178.56
427,178.56
428,178.56
429,61.90195655
430,61.38563920999997
431,62.13668964999999
432,94.30863430999963
433,62.49722961999998
434,63.52789331
435,64.62195299
436,63.29572466
437,62.95504327
438,61.79811154999999
439,178.56
440,60.57112830999999
441,60.39717852
442,178.56
443,178.56
444,61.15101314
445,61.80635355999998
446,60.95955180000001
447,61.35532486999999
448,59.64440355999999
449,92.65732210000063
450,178.56
451,178.56
452,59.66323950999999
453,61.92718762999999
454,61.57729179
455,61.43447561999999
456,61.56367469000001
457,60.85984989
458,61.88553448
459,62.85634354999999
460,61.63321717
461,60.89606354999999
462,60.24486699000001
463,59.35032593000001
464,58.26962455999999
465,58.21143034000001
466,57.93039993999998
467,178.56
468,178.56
469,178.56
470,96.22458063000022
471,178.56
472,178.56
473,63.22587172999999
474,61.95400365000001
475,61.12519469
476,61.42289531000001
477,62.02400175999999
478,62.04483620999999
479,62.30819391999999
480,62.90180609999999
481,60.73138883000001
482,61.47681855
483,61.60280972999999
484,59.71155372
485,58.53763139
486,58.55050831
487,58.65686435
488,58.99627348999999
489,59.23388827999997
490,58.29614937999999
491,58.53461137999999
492,55.49626123999997
493,54.73354383000001
494,154.4660650265999
495,53.8707443624
496,56.23969455999998
497,178.56
498,178.56
499,178.56
500,178.56
501,55.96037999999999
502,55.98277999999999
503,56.00517999999999
504,56.02757999999999
505,55.51237999999999
506,178.56
507,178.56
508,55.57958
509,55.60198
510,55.62438
511,55.64677999999999
512,55.66918
513,55.75808238
514,55.61660034
515,54.02261626999999
516,53.89135037999999
517,55.08122402999999
518,54.88283941
519,53.84556575999999
520,53.06542023999999
521,132.4828120700006
522,178.56
523,178.56
524,55.498002
525,58.43487769000001
526,58.63429999
527,60.45729451999998
528,61.34381371999999
529,60.56370865999998
530,61.55256114
531,61.80300965999999
532,58.03785581999999
533,56.86326569
534,56.22631469000001
535,53.51295606999998
536,52.95534041
537,53.92191475999999
538,53.45816202999998
539,151.73153723
540,178.56
541,178.56
542,178.56
543,178.56
544,56.37932097
545,57.00216619999999
546,56.39932731999998
547,56.41507899999998
548,56.72530514
549,59.49496293999998
550,62.07684238000001
551,62.68246585999999
552,60.75063183
553,60.20622362999998
554,64.02610949
555,65.36785310999997
556,62.81627050999999
557,61.32266909999998
558,61.16712238000002
559,60.85826782
560,110.8553500400007
561,60.05026768999997
562,59.49047124999998
563,60.77936668999999
564,178.56
565,178.56
566,178.56
567,60.66263216999999
568,178.56
569,178.56
570,59.66253460999998
571,65.91508273000001
572,65.9950529
573,64.75401086
574,65.79684069
575,65.57956573
576,65.6646949
577,67.61834597000002
578,67.31426541
579,67.36895430999999
580,66.3770079
581,65.04400224
582,64.31041701
583,63.66135111
584,63.54771766
585,63.68964672
586,64.03914327999999
587,64.96375291
588,178.56
589,178.56
590,178.56
591,59.17304120000001
592,60.47679897000002
593,178.56
594,178.56
595,136.3705033900002
596,61.77055045
597,61.49860485999998
598,61.07296789999999
599,60.39387158
600,62.91084023000001
601,62.29751731
602,62.85250027000001
603,62.20610452
604,61.76976371999999
605,60.54009275999999
606,60.73107144999999
607,59.69035751000001
608,178.56
609,89.95150132000032
610,178.56
611,178.56
612,178.56
613,178.56
614,61.07574431
615,62.06754813
616,62.1621749
617,62.92636664999999
618,63.39924234
619,63.70292467
620,64.03447897
621,63.70550186
622,62.06513739999999
623,63.38111255
624,62.13362805999999
625,62.36630386000001
626,62.32510256
627,63.76006734999999
628,63.75279589
629,63.21496972
630,63.02887954999998
631,62.51002058
632,178.56
633,178.56
634,178.56
635,178.56
636,178.56
637,64.51890886
638,139.9570836900002
639,62.81886366000001
640,63.60867107000002
641,63.71274168
642,62.82092131
643,63.78539096999999
644,65.32024982000003
645,65.96280802999999
646,63.01059639
647,63.86320955000001
648,65.20369576
649,64.65856838
650,64.1521328
651,65.66715127
652,65.27513762
653,65.54262904
654,65.49934769000002
655,65.59112391999999
656,65.76865476999997
657,64.64714269999999
658,178.56
659,178.56
660,63.77532756
661,63.62658168999999
662,63.50452857
663,62.47408362999997
664,62.26019575999998
665,178.56
666,178.56
667,178.56
668,153.8340007200008
669,64.28808407000002
670,64.88836886
671,65.64894231
672,66.40569194
673,65.37115192999997
674,66.92251503000001
675,67.32180525
676,67.12501047
677,66.03527440999999
678,64.93111289000002
679,64.21066876
680,62.29166705999999
681,61.00681278999999
682,61.11858431
683,178.56
684,64.58344185999997
685,64.42070781999999
686,65.19342171999999
687,64.71003483000003
688,65.07421206999999
689,64.34999522000001
690,64.43961524
691,178.56
692,178.56
693,178.56
694,178.56
695,67.82927431
696,171.5266786300005
697,68.20177475999999
698,67.35389479
699,68.59189490999998
700,65.96133634999998
701,65.0085058
702,64.90539503000002
703,64.31246213
704,63.29395121000003
705,64.53641593
706,64.894074
707,64.15512376
708,66.76883030999997
709,67.65036977999999
710,178.56
711,168.2713799200006
712,64.72386186
713,178.56
714,178.56
715,178.56
716,178.56
717,61.01368448
718,61.86542586000001
719,60.12778555
720,55.76205817
721,53.72438861999998
722,53.14323657999999
723,53.02121048
724,52.14152978999999
725,52.13296837
726,51.05467752000001
727,50.72185082999999
728,49.84681603999999
729,49.27590528
730,49.37166031
731,50.70264941000001
732,54.08384057999999
733,58.18246727999998
734,57.69255904999999
735,56.03186952999999
736,56.29548378999998
737,178.56
738,178.56
739,178.56
740,52.65566620999999
741,178.56
742,100.6500812300001
743,52.49445866
744,52.71256634
745,178.56
746,178.56
747,178.56
748,178.56
749,54.69738897000001
750,54.56097472000001
751,54.46900479999999
752,54.30788797
753,54.05575776999999
754,54.05387658999999
755,53.15289322
756,53.69381051999999
757,56.38554284999999
758,57.36241027999999
759,57.62623062000001
760,59.34342651999999
761,59.34621665
762,58.84329744999999
763,58.68182158999999
764,59.16347451000001
765,58.17938245000001
766,56.94794056000001
767,55.51614313000001
768,130.8784852299999
769,178.56
770,178.56
771,178.56
772,51.10054634999999
773,49.85280559
774,49.51942604000001
775,49.31775568999998
776,49.24341821000002
777,48.94991275999999
778,48.90781266
779,48.65157513999999
780,48.23438186
781,176.9449933100001
782,46.98463217
783,47.40299255999999
784,47.52628761999999
785,48.20862885999999
786,48.76823259000001
787,49.20199164999999
788,49.65741466
789,49.50712865
790,49.78619582999999
791,50.47277165
792,50.89413524999999
793,50.61772547999999
794,50.66176220000002
795,49.39905781999998
796,49.06615406
797,47.74934478999999
798,47.09662054999999
799,47.034218
800,46.98552123999998
801,47.46930524
802,48.28447175999999
803,48.96024189
804,49.56915054
805,98.10901670000055
806,49.16601710999999
807,178.56
808,63.84818335
809,64.11482692999999
810,178.56
811,178.56
812,178.56
813,52.98331898999999
814,52.38979696999999
815,52.89254823999999
816,53.77152143999999
817,52.53671968999999
818,50.05492575999998
819,51.76614120999999
820,52.66113048
821,51.49773096999999
822,51.72406385999999
823,51.22514886999999
824,50.84827734
825,49.4988711
826,47.77244730999998
827,50.13356817000001
828,52.80435769
829,116.9402939600004
830,53.80072382999998
831,54.66824937000001
832,178.56
833,178.56
834,178.56
835,178.56
836,60.40995197999999
837,58.84840940999999
838,58.71578299999998
839,57.99377317999997
840,56.97192452
841,55.57583254999999
842,54.66111728
843,56.24217626999999
844,56.73258276000001
845,55.55711945
846,55.31234113999998
847,54.92004454999999
848,54.60259259000001
849,53.79010692999999
850,53.12643679000001
851,52.77582324
852,123.5258546299999
853,178.56
854,178.56
855,55.84434813999999
856,56.43608599999998
857,178.56
858,178.56
859,55.18119628000001
860,55.69431706999998
861,55.00249076
862,53.85133354999999
863,53.83338589999999
864,53.40869771999999
865,51.70689034000001
866,51.05900562
867,50.94326740999999
868,50.61477798999999
869,51.13097969000001
870,51.09923455
871,178.56
872,178.56
873,50.53885921000001
874,50.61259216999999
875,51.10903006999998
876,51.66062510000001
877,52.52709966
878,52.91414547999999
879,52.82132821
880,52.52063592999998
881,89.44756392999993
882,178.56
883,178.56
884,54.23655286000002
885,53.63651111000001
886,53.29870468999999
887,54.66211162999999
888,55.11938214999999
889,54.592825
890,53.80693100999999
891,52.50451941000001
892,51.83422776
893,51.59082348
894,51.50404945
895,178.56
896,82.75573118000044
897,50.62746038000002
898,50.31568016999999
899,51.61720486999999
900,51.47341346
901,49.82588785999999
902,50.94430614
903,51.99511799999998
904,50.82471099999999
905,178.56
906,178.56
907,178.56
908,53.51683372
909,52.85906759
910,53.47446958000001
911,54.16687311
912,54.31704172999999
913,55.60696673
914,52.29565102999999
915,52.01559531
916,53.19563858
917,54.2395469
918,53.19214648999999
919,178.56
920,125.7063128000006
921,53.13075593000001
922,53.33664748999999
923,53.19262388999999
924,54.72607168
925,55.80768493999999
926,55.60894037999999
927,56.52921120000001
928,57.67842899000001
929,178.56
930,178.56
931,178.56
932,57.55661372999999
933,53.17297076000002
934,52.58963731
935,52.08499764999998
936,54.48980341
937,55.28292496999999
938,55.43088607
939,55.58806189999999
940,53.65237716999999
941,55.94527645000001
942,56.04484116
943,143.24764784
944,55.99908986000001
945,178.56
946,56.02985107999999
947,56.14393245999999
948,56.54645513999998
949,56.83671182
950,56.64389730999998
951,56.09118402999999
952,54.66233996999998
953,55.01463359
954,178.56
955,178.56
956,58.46215955999999
957,58.02435583
958,178.56
959,53.69298906999999
960,55.30826252
961,54.71818058
962,54.20337748
963,54.37410496
964,55.30143472
965,53.09276000000002
966,51.7140533
967,52.11329164999999
968,178.56
969,178.56
970,51.77724342000001
971,52.14570689999999
972,49.14031297
973,45.53298385999999
974,47.02888211
975,49.59505418
976,49.69550578999998
977,52.54783561999999
978,83.12980517999983
979,178.56
980,178.56
981,50.78409679
982,50.94394164999999
983,51.63998944999998
984,52.79136288999998
985,52.11560668999999
986,52.77428401
987,51.843526
988,51.45413105
989,50.49919475999999
990,178.56
991,51.96203824
992,51.69840879
993,51.52864296999999
994,51.23228795999999
995,73.37236497999996
996,53.27842128
997,178.56
998,178.56
999,178.56
1000,51.81467417
1001,52.13668124
1002,50.37925228
1003,51.22978685999998
1004,50.78446309999999
1005,49.52994682999999
1006,48.11349935
1007,48.99722106999999
1008,50.76754696999998
1009,50.91761527999999
1010,51.63342589999998
1011,52.30460185999998
1012,51.89259418
1013,51.39393475999999
1014,51.70658521
1015,50.54680378999999
1016,49.61910064999999
1017,48.86754879999999
1018,48.78371407
1019,49.64800616999999
1020,49.07155140999998
1021,178.56
1022,178.56
1023,92.67191609000025
1024,54.76487758
1025,54.87577662
1026,178.56
1027,178.56
1028,56.18804099999998
1029,57.37758109999999
1030,57.14377732
1031,56.22893297
1032,56.13206003999999
1033,54.41480134999999
1034,56.70433776
1035,54.61188131
1036,55.45941344999999
1037,55.81984303
1038,55.78963782
1039,57.44787789999999
1040,178.56
1041,57.01060603000001
1042,59.26890641
1043,59.62066172999999
1044,59.18858183
1045,57.87061622999999
1046,56.64407727999998
1047,57.59363364999999
1048,57.52799689
1049,178.56
1050,178.56
1051,159.0430541699999
1052,178.56
1053,58.63773852999999
1054,58.30796503000001
1055,55.60666993
1056,54.30587617
1057,53.50383906
1058,54.86532120999998
1059,54.70040632
1060,55.72798973
1061,55.90279807000001
1062,57.84538375
1063,163.6651571600005
1064,178.56
1065,56.95639830999999
1066,56.80318721000001
1067,61.24759431000001
1068,65.17304696
1069,65.44559434
1070,63.46768861999999
1071,58.86675283999998
1072,57.32487089
1073,178.56
1074,178.56
1075,178.56
1076,57.04517903000001
1077,56.04689251000001
1078,53.55013530999999
1079,52.91759886000001
1080,50.83220121
1081,49.60479027000001
1082,49.82798099999999
1083,50.03661789000002
1084,50.93581723999999
1085,50.38056358999998
1086,50.37923302999999
1087,178.56
1088,178.56
1089,49.64814924999997
1090,49.81831218000001
1091,51.02720441000002
1092,52.38409112999999
1093,54.34399068
1094,52.25810526999999
1095,49.69091911
1096,51.23504442
1097,69.51888764000026
1098,178.56
1099,178.56
1100,53.90930278999998
1101,51.76605252
1102,50.39205703
1103,50.00204531
1104,50.24250924
1105,49.39499186999998
1106,50.68096096
1107,51.32264690000001
1108,51.57648363
1109,50.85621876999999
1110,50.96225224999999
1111,50.67208327999999
1112,178.56
1113,178.56
1114,49.17513068999999
1115,49.28536192999999
1116,48.63711846
1117,48.73764700000002
1118,49.59760155
1119,51.13928917999999
1120,49.90530502999999
1121,178.56
1122,170.7789022300001
1123,48.66465995999998
1124,48.23614845000001
1125,49.05187896000001
1126,50.07953951
1127,50.51738076000001
1128,50.17800892999999
1129,47.94698089999999
1130,45.11750607
1131,45.15738507
1132,46.07827237999999
1133,49.39901911000001
1134,48.77855752
1135,50.11167721
1136,46.81147583
1137,45.57369368999999
1138,45.80196628000002
1139,46.52090793
1140,133.9848615300004
1141,178.56
1142,178.56
1143,178.56
1144,45.53029376
1145,45.60053560999999
1146,46.86702495999999
1147,47.15607623999999
1148,47.82794541000001
1149,49.98457988999999
1150,49.90095173
1151,51.000145
1152,52.27084338
1153,51.62912068999999
1154,50.85803548
1155,50.8116749
1156,50.04916258999999
1157,50.46516041
1158,50.74408486
1159,48.68232621
1160,48.52975617
1161,48.79157472
1162,48.43182371999999
1163,47.44744907
1164,178.56
1165,178.56
1166,178.56
1167,49.68039552000001
1168,178.56
1169,56.94620891000017
1170,51.89848783
1171,49.98610841000001
1172,53.81528572000001
1173,53.37822686
1174,52.07206872
1175,50.29002516999999
1176,52.18881303999999
1177,50.86946403
1178,54.86054657999999
1179,52.92958502999998
1180,52.53451763
1181,52.36025879
1182,51.59696276000002
1183,51.76422601
1184,51.49548872999998
1185,50.44173637999999
1186,49.83802425
1187,49.36977975999999
1188,48.79553216999999
1189,83.15873549000045
1190,178.56
1191,178.56
1192,178.56
1193,54.33988244999999
1194,178.56
1195,55.55495427999999
1196,55.35130741
1197,53.67046762
1198,54.10271306999999
1199,54.11176652
1200,55.04435803999998
1201,55.46782667999999
1202,56.48167909999999
1203,56.56491035999998
1204,57.90608879999998
1205,57.13259062000001
1206,55.88719752
1207,52.85803642
1208,178.56
1209,49.26271301000001
1210,49.00272755
1211,51.37342237999999
1212,101.2728566600005
1213,52.56151803000002
1214,51.65280841
1215,51.53088458
1216,178.56
1217,178.56
1218,53.19552763
1219,178.56
1220,53.50138213
1221,51.36467721
1222,53.0278189
1223,54.00157952000001
1224,54.81222859
1225,55.64610793000001
1226,56.85546363
1227,57.0067099
1228,57.55822786
1229,57.65739763
1230,56.49927100999999
1231,178.56
1232,131.5185201600005
1233,52.04531297
1234,50.89492604
1235,50.8872952
1236,51.98135648999997
1237,53.05511379
1238,54.51181917999999
1239,55.86662711
1240,55.35323493000001
1241,178.56
1242,178.56
1243,178.56
1244,56.40441127999998
1245,55.89905250999998
1246,55.76832576
1247,55.11084138
1248,55.65106623999999
1249,56.48009562999997
1250,57.60626368000001
1251,57.75340396000001
1252,56.07387324000001
1253,55.23587488999998
1254,55.19332455000001
1255,178.56
1256,178.56
1257,51.85756072
1258,51.53972362
1259,52.67297693
1260,53.22387931
1261,55.93560735
1262,59.22470651999999
1263,58.94015869
1264,173.5561270200006
1265,178.56
1266,178.56
1267,59.39358298999998
1268,60.64305541
1269,61.01213600999998
1270,61.08455941
1271,59.82565406999998
1272,58.99869289999999
1273,57.76050223999999
1274,57.26987672
1275,55.60492455
1276,53.86446156000002
1277,53.20618107000001
1278,51.76420633999999
1279,178.56
1280,178.56
1281,178.56
1282,51.51272273
1283,52.10420396999999
1284,53.36553368999999
1285,53.44185987
1286,53.82574925
1287,53.39266828
1288,53.85486666
1289,54.54326541999999
1290,178.56
1291,97.59965030000068
1292,53.29517654999999
1293,52.95962902999999
1294,53.46535823999999
1295,52.89118737
1296,52.06846176000001
1297,53.06201403999999
1298,52.89337676000001
1299,51.18882012999999
1300,49.55240997000001
1301,50.67513941000001
1302,49.85989456000001
1303,49.85329055
1304,178.56
1305,48.39117485999999
1306,47.99215421
1307,47.97012506999999
1308,47.32437045
1309,49.69275437
1310,51.55548026999999
1311,53.09947684999999
1312,53.73033133999999
1313,55.78458214000001
1314,57.66378568999998
1315,178.56
1316,178.56
1317,56.07576806999998
1318,99.79429296999986
1319,178.56
1320,55.74667538999999
1321,56.22979355
1322,54.78824434999997
1323,54.17036303
1324,53.54858145
1325,52.99828121
1326,52.86933652
1327,52.47090533999999
1328,51.68863084
1329,136.0803811299998
1330,178.56
1331,178.56
1332,61.10267373
1333,178.56
1334,178.56
1335,54.53488634999998
1336,55.48303116999999
1337,56.74110211000001
1338,56.54505304000001
1339,56.22102947999999
1340,56.75973995999998
1341,54.19414476
1342,53.97248010000001
1343,54.28604369999999
1344,54.75422218
1345,53.69972768999998
1346,53.85064061999999
1347,55.28332151999999
1348,56.11635134000001
1349,55.93929635000001
1350,55.51408127999999
1351,55.61473826999999
1352,54.97142188999999
1353,54.67399007000001
1354,53.50938348
1355,114.0015921800007
1356,178.56
1357,178.56
1358,178.56
1359,178.56
1360,55.38752603999999
1361,54.8153571
1362,56.93911279
1363,57.5274371
1364,56.94120320000001
1365,56.51112663
1366,56.54025104
1367,56.98846083
1368,56.61682628
1369,56.38902955
1370,56.94339706999999
1371,57.89072106999999
1372,58.12487114
1373,57.35170721000001
1374,56.75842633999999
1375,178.56
1376,54.10566020999999
1377,52.50418124000002
1378,59.89933117
1379,60.97919855999999
1380,58.27140857999998
1381,147.9544479850002
1382,56.97928334
1383,56.34153679
1384,54.51434568999999
1385,178.56
1386,178.56
1387,178.56
1388,56.54935069
1389,56.69928810000003
1390,56.98736449
1391,57.93096665999999
1392,57.579146695
1393,57.04817467999998
1394,56.27796276549999
1395,55.88389569
1396,55.47532620000001
1397,52.63989749549999
1398,51.96443196000001
1399,51.1545909
1400,89.91477666480053
1401,28.06830825399999
1402,26.50360999999999
1403,26.52600999999999
1404,26.54840999999999
1405,26.57080999999999
1406,25.1957627012
1407,39.97552068300001
1408,46.15009211400001
1409,45.29926067799999
1410,178.56
1411,178.56
1412,178.56
1413,45.13304124
1414,45.09368731
1415,45.23851738
1416,45.53034031
1417,45.17523745
1418,45.130904
1419,45.1795351
1420,45.19700731
1421,45.231676
1422,45.24212693
1423,178.56
1424,178.56
1425,45.15691831000001
1426,50.95637134
1427,52.68090785999999
1428,54.42374503999999
1429,53.95760531
1430,53.18523706999999
1431,54.76783753
1432,54.86895596
1433,87.58262621000056
1434,178.56
1435,178.56
1436,62.29806771999998
1437,63.89347489
1438,58.61473296000001
1439,58.65009493000001
1440,58.45822948000001
1441,58.08177172000001
1442,58.21133024
1443,58.41639993
1444,58.00251751
1445,58.30573664999999
1446,57.19293712999999
1447,55.37496131999999
1448,144.1806367999999
1449,54.95342306999999
1450,55.54441696999998
1451,54.87681941
1452,54.56912083
1453,55.00072445000001
1454,54.60719613999999
1455,54.68159711
1456,55.39152955000001
1457,178.56
1458,178.56
1459,178.56
1460,178.56
1461,56.89789742
1462,57.43037006
1463,56.57758854999999
1464,57.38441324
1465,56.87702993
1466,56.24528944999998
1467,56.05611914000001
1468,56.18108313999997
1469,55.25961727999999
1470,54.42868829999998
1471,178.56
1472,53.73819024
1473,127.1792512099997
1474,178.56
1475,54.88919197999999
1476,55.31671404
1477,54.93886797
1478,55.10138214000001
1479,55.69432638
1480,56.37402414
1481,55.19540355
1482,55.67200064999999
1483,178.56
1484,178.56
1485,56.25959275999999
1486,56.04036675999999
1487,56.24056011000001
1488,56.11583803000001
1489,55.68876614000002
1490,55.00430565
1491,53.93294641000001
1492,54.57560731000002
1493,54.85878006000002
1494,53.78607234
1495,54.81583821
1496,54.21772097000001
1497,178.56
1498,178.56
1499,52.54348855
1500,50.35978716999998
1501,49.60956867999999
1502,49.84120385999999
1503,178.56
1504,50.88310255
1505,51.17433517
1506,51.58335252
1507,89.66254062999958
1508,178.56
1509,51.45166061
1510,51.64433442
1511,52.37975448999999
1512,53.52324865999999
1513,178.56
1514,178.56
1515,53.20768355
1516,53.77059876999999
1517,53.54924154999998
1518,53.28670214
1519,53.27691656
1520,53.28679062
1521,52.7656738
1522,52.19412079000001
1523,50.49598176
1524,49.15296631000001
1525,49.576408
1526,49.68989921
1527,48.42983789
1528,48.31874600000001
1529,178.56
1530,178.56
1531,56.5670091999996
1532,48.00224807000001
1533,47.97957717000001
1534,48.04170909999999
1535,48.39895683
1536,49.74149557999999
1537,48.88168334
1538,48.11062431
1539,48.07504309999999
1540,47.79881113
1541,47.68633366
1542,47.49902310999999
1543,47.69739288999999
1544,154.4899113299998
1545,178.56
1546,47.63133234999999
1547,47.135753
1548,47.18731066
1549,47.95140034999999
1550,48.22843949000001
1551,48.26125955000001
1552,48.56322107
1553,178.56
1554,178.56
1555,48.71101473
1556,48.56953269000001
1557,48.92737030999999
1558,49.29213772
1559,49.210896
1560,50.65843740999998
1561,50.06786834
1562,49.02733485999997
1563,48.41148186000001
1564,48.32166738
1565,48.21262900999999
1566,47.92529483000001
1567,47.48292255
1568,47.65295696
1569,48.32285024
1570,169.3960257700003
1571,178.56
1572,178.56
1573,49.70227724
1574,49.22181606999999
1575,49.61910338
1576,50.16271637999999
1577,52.67986464999998
1578,51.65691223
1579,178.56
1580,50.89447062
1581,51.16884065999999
1582,51.1538188
1583,50.44102210000001
1584,50.79973226999999
1585,50.47773961999999
1586,50.47542289999999
1587,49.88449213999998
1588,49.52846289999999
1589,49.42581455
1590,48.41647706
1591,48.00516308
1592,176.7641983699998
1593,47.93215217
1594,47.40564556
1595,50.80957686000001
1596,51.28527606999999
1597,51.81310372000001
1598,51.93793941
1599,50.84047703
1600,50.93941496000001
1601,178.56
1602,178.56
1603,178.56
1604,50.23917486
1605,49.63351085
1606,49.32861002999999
1607,49.58370416999999
1608,50.21199169
1609,49.63761852
1610,49.89461183
1611,49.74976720000002
1612,49.2690751
1613,49.12980086
1614,49.47368775999999
1615,178.56
1616,178.56
1617,48.81847389999998
1618,48.55499859
1619,48.46056334
1620,48.37552286
1621,48.402697
1622,47.98599203999998
1623,48.31924139
1624,48.01169575999999
1625,48.02988624
1626,178.56
1627,159.5157481800001
1628,48.24500289
1629,48.26332245
1630,48.27622547999999
1631,47.92753678999999
1632,48.54424862
1633,47.03871452
1634,47.00395461999999
1635,155.0176184999999
1636,178.56
1637,47.05621605999999
1638,47.30308310000001
1639,47.32686916999999
1640,47.35902318
1641,47.23381348
1642,47.09831300999998
1643,47.08400878999999
1644,47.23458845
1645,48.19056234999999
1646,48.19825556000001
1647,48.03405858999999
1648,49.02024127
1649,178.56
1650,48.99676817
1651,49.33335414
1652,49.62561358999999
1653,49.89536335
1654,49.76078499
1655,51.30049630999999
1656,178.56
1657,178.56
1658,178.56
1659,51.64822844999998
1660,178.56
1661,49.75357799999999
1662,172.2257281000003
1663,49.36280076000001
1664,48.82979927
1665,48.94726963
1666,49.23845066000001
1667,49.84563926999999
1668,49.42629006
1669,48.42228061999999
1670,48.54796331
1671,48.59135932000001
1672,48.27038972
1673,50.05383138
1674,49.36703555
1675,49.01318835000001
1676,47.47169266
1677,47.62419661999999
1678,47.68050210000001
1679,47.75716147999999
1680,48.27875269
1681,46.69467817
1682,46.60527501000001
1683,178.56
1684,178.56
1685,178.56
1686,47.28516828
1687,47.16311564999999
1688,46.72313128
1689,46.72420221000001
1690,46.6110043
1691,46.46133568999999
1692,152.5501432300005
1693,46.52995417
1694,47.15102965999998
1695,51.74735734
1696,52.49214572000001
1697,52.97256734
1698,53.15800252
1699,51.85441044
1700,51.75502234
1701,52.10231165999999
1702,48.34798948000001
1703,47.66288792999999
1704,47.06738847999999
1705,46.14392327999999
1706,178.56
1707,178.56
1708,178.56
1709,165.3726455500003
1710,47.42692563000001
1711,47.92189968999999
1712,48.13143488999999
1713,48.19295130999999
1714,47.86854400999999
1715,47.48361324
1716,48.60413620999998
1717,48.07465138
1718,48.49419182999998
1719,49.87892658000001
1720,50.65923828
1721,51.78530413000001
1722,52.20040496999999
1723,51.73251964999999
1724,51.17400638
1725,52.03175313000001
1726,51.87425516000001
1727,52.64943432000002
1728,55.05259648000001
1729,54.15233334000001
1730,54.8045169
1731,112.9708826000002
1732,55.94695133999999
1733,55.49990816999998
1734,178.56
1735,54.00305189999999
1736,52.66232068999998
1737,52.58236207
1738,52.63900124
1739,51.865401
1740,51.74971445000001
1741,178.56
1742,178.56
1743,52.91418958000001
1744,178.56
1745,54.34658166000001
1746,55.73665586999999
1747,56.64648051999999
1748,56.25590305999997
1749,55.31362235
1750,54.57141158000001
1751,55.01810747999998
1752,56.10403190000001
1753,55.07674459
1754,54.75523669
1755,54.38606634999999
1756,54.29383868999999
1757,53.95775231
1758,53.85986444999998
1759,54.09801802999997
1760,54.19331183000001
1761,54.17731402999999
1762,53.79400116999999
1763,54.51699918
1764,54.28216745
1765,54.47219665999999
1766,55.04419704
1767,53.20178506999999
1768,178.56
1769,178.56
1770,178.56
1771,178.56
1772,97.68161645999972
1773,52.66697765
1774,51.14978862
1775,52.23735601
1776,53.17954572000001
1777,52.74477348000001
1778,53.44895709999999
1779,53.50203025999998
1780,53.25695654999999
1781,53.02841362000001
1782,52.80355269000002
1783,178.56
1784,52.04052014
1785,51.98150523999999
1786,53.10644261999999
1787,54.77520510000001
1788,55.28083169
1789,55.18229023999999
1790,54.67842141999999
1791,54.10591935
1792,103.9556128499999
1793,178.56
1794,178.56
1795,178.56
1796,53.94153996000001
1797,53.89733531
1798,53.79653552
1799,53.51114097
1800,53.04869689
1801,52.78524958000001
1802,52.81994416999999
1803,52.76742317
1804,52.29728014000001
1805,51.07002151999999
1806,51.13419233999998
1807,50.64741703000001
1808,50.16785444999999
1809,50.61680861999999
1810,50.71423245
1811,51.07591972000001
1812,51.18332793000001
1813,51.40356696999999
1814,52.25985141999998
1815,52.36261323999999
1816,93.82102504000001
1817,178.56
1818,178.56
1819,178.56
1820,178.56
1821,53.37391485999999
1822,54.96026241999999
1823,54.95032158000001
1824,56.07728664999998
1825,55.58928165
1826,55.73521625
1827,56.44699661999999
1828,56.12186950999998
1829,55.88113531000001
1830,54.56469647999999
1831,54.17986937999999
1832,54.09364807000002
1833,54.36416747999998
1834,54.63111871
1835,54.30052565000002
1836,55.78838985999998
1837,55.92557109999998
1838,55.47072594000001
1839,56.43504048
1840,136.5972769000006
1841,178.56
1842,178.56
1843,178.56
1844,178.56
1845,55.21316247999999
1846,55.14762876
1847,56.06310038000001
1848,56.72169979
1849,56.63712312999999
1850,56.54923400000001
1851,56.16692213999998
1852,55.92875399999999
1853,55.85102852
1854,55.88950765999999
1855,55.50488482
1856,55.12311279999999
1857,54.85786558000002
1858,56.05038312999996
1859,58.13142985999999
1860,57.68325681999998
1861,56.18449704
1862,55.44459564
1863,57.20211483000001
1864,136.3494645300001
1865,178.56
1866,178.56
1867,178.56
1868,178.56
1869,53.99199427999999
1870,55.44638848
1871,55.52820776999999
1872,55.23878296999999
1873,55.40014479999999
1874,54.06944892999999
1875,53.24733939000001
1876,52.80165583
1877,52.86525006
1878,52.52920161999999
1879,80.59048726000022
1880,51.85325599999999
1881,51.93178879
1882,51.94933750999999
1883,52.64582148
1884,52.03553865999999
1885,51.57473741
1886,51.63091444000001
1887,51.86298564999998
1888,51.78510666
1889,178.56
1890,178.56
1891,178.56
1892,178.56
1893,51.52981673
1894,50.45609540999999
1895,49.16418240999999
1896,50.55171575999999
1897,51.12258921000002
1898,51.32845431
1899,51.26720669
1900,51.25649668999999
1901,51.22848731
1902,51.48426037999999
1903,178.56
1904,178.56
1905,51.328186
1906,51.35163831000001
1907,51.375758
1908,51.39564262
1909,51.42230331
1910,51.43728569
1911,51.45919799999999
1912,51.62356037999999
1913,75.75587471999992
1914,178.56
1915,178.56
1916,51.59416969
1917,52.79610735000001
1918,52.9182997
1919,53.25277971999999
1920,53.72511662000002
1921,53.54985978999999
1922,53.48519904
1923,52.84231883
1924,52.32204802999998
1925,52.46151344000001
1926,52.28244245000001
1927,52.32499117999998
1928,52.70618535
1929,54.21927980000001
1930,53.44786013000001
1931,54.59299748
1932,54.70746434999999
1933,54.47663613
1934,55.47721851000001
1935,54.24829234999999
1936,53.35452122000001
1937,178.56
1938,178.56
1939,178.56
1940,53.84318561999999
1941,115.3246450100001
1942,56.05704972000001
1943,57.83181607
1944,178.56
1945,56.45933047999999
1946,56.11428641
1947,55.79919582999998
1948,56.18578020999999
1949,55.55160072
1950,56.10171965999999
1951,55.99812134
1952,56.2999549
1953,56.55124993
1954,57.61094261999999
1955,57.95782104
1956,57.19094507000001
1957,56.45091640999998
1958,54.84707697000001
1959,56.41930735
1960,55.5178099
1961,178.56
1962,178.56
1963,178.56
1964,178.56
1965,53.34850493
1966,52.88878259
1967,53.06027999999999
1968,129.1956881400005
1969,52.36842289
1970,51.81866185999999
1971,178.56
1972,178.56
1973,51.87515858
1974,51.76582390000001
1975,51.64153770999999
1976,51.28625396999999
1977,51.15013666000001
1978,53.4787883
1979,53.58293786999999
1980,54.10147413999999
1981,53.79433982999998
1982,53.57529323999999
1983,53.49802975999999
1984,53.98363613999999
1985,178.56
1986,100.7686615000005
1987,178.56
1988,55.52925517999999
1989,55.43310072999999
1990,56.15299150999999
1991,56.84506057999999
1992,57.97946945000001
1993,56.47385785999999
1994,55.29957587
1995,53.55595497000001
1996,53.7882821
1997,53.45224773
1998,53.48130689999999
1999,53.04989423999999
2000,52.92566034
2001,52.41139617
2002,51.5739889
2003,53.07686775999999
2004,54.59794507999999
2005,53.62460606999999
2006,53.63042517
2007,55.36371420999998
2008,55.76197655000001
2009,123.2420334100007
2010,56.82528179999999
2011,57.37710740999999
2012,56.71166676000001
2013,178.56
2014,178.56
2015,178.56
2016,178.56
2017,53.16149692
2018,53.61881882000001
2019,54.33175496
2020,178.56
2021,178.56
2022,178.56
2023,49.19471011
2024,178.56
2025,77.82599974000023
2026,51.36606327999998
2027,52.67687866000001
2028,53.75892710999999
2029,54.20159304000002
2030,54.17817789999999
2031,53.58367944999998
2032,53.43803941000001
2033,53.63992696999998
2034,53.88768041999999
2035,53.43242302999999
2036,50.87568226999999
2037,50.70573683000001
2038,50.26988372
2039,49.92689366
2040,50.13848279999999
2041,50.30128151999999
2042,176.1837303599997
2043,178.56
2044,50.60361312999999
2045,49.83594252
2046,178.56
2047,178.56
2048,49.68496196999999
2049,49.39178999999999
2050,49.41419
2051,49.43659
2052,49.45898999999999
2053,49.48138999999999
2054,49.50379
2055,49.52619
2056,49.54859
2057,49.57098999999999
2058,49.59339
2059,49.61579
2060,49.63818999999999
2061,49.66058999999999
2062,49.68299
2063,49.70538999999999
2064,49.72778999999999
2065,49.22939
2066,49.25179
2067,49.27419
2068,49.29658999999999
2069,49.31898999999999
2070,49.32459
2071,178.56
2072,49.36939
2073,49.39178999999999
2074,49.41419
2075,49.43659
2076,49.45898999999999
2077,49.48138999999999
2078,49.50379
2079,49.52619
2080,49.54859
2081,171.3193999999999
2082,178.56
2083,178.56
2084,49.63818999999999
2085,49.66058999999999
2086,49.68299
2087,49.70538999999999
2088,49.72778999999999
2089,49.22939
2090,49.25179
2091,49.27419
2092,49.29658999999999
2093,49.31898999999999
2094,171.2969999999998
2095,49.34699
2096,49.36939
2097,49.39178999999999
2098,49.41419
2099,49.43659
2100,49.45898999999999
2101,49.48138999999999
2102,49.50379
2103,49.52619
2104,49.54859
2105,178.56
2106,178.56
2107,178.56
2108,49.63818999999999
2109,49.66058999999999
2110,49.68299
2111,49.70538999999999
2112,49.72778999999999
2113,49.22939
2114,178.56
2115,178.56
2116,178.56
2117,170.3338
2118,49.32459
2119,49.34699
2120,49.36939
2121,49.39178999999999
2122,49.41419
2123,49.43659
2124,49.45898999999999
2125,49.48138999999999
2126,49.50379
2127,49.52619
2128,49.54859
2129,49.57098999999999
2130,49.59339
2131,49.61579
2132,49.63818999999999
2133,49.66058999999999
2134,49.68299
2135,49.70538999999999
2136,49.72778999999999
2137,178.56
2138,178.56
2139,178.56
2140,170.4708879800005
2141,49.31898999999999
2142,49.32459
2143,49.34699
2144,49.36939
2145,49.39178999999999
2146,49.41419
2147,49.43659
2148,49.45898999999999
2149,49.48138999999999
2150,49.50379
2151,49.53584062
2152,49.73811261999999
2153,49.76520976
2154,49.784658
2155,49.76824999999999
2156,49.67987262
2157,49.65106768999999
2158,49.62536830999999
2159,49.60113199999999
2160,49.649327
2161,49.162631
2162,178.56
2163,178.56
2164,75.66094518800081
2165,49.21999369
2166,49.23788799999999
2167,49.24825037999999
2168,49.27370462
2169,49.29636130999999
2170,49.76877527999999
2171,56.05566463
2172,178.56
2173,178.56
2174,55.17835617000001
2175,53.27616699999998
2176,51.310991872
2177,54.22176382000001
2178,53.13549261999999
2179,54.12408798999999
2180,54.04392455000001
2181,52.88242407000001
2182,51.59646547999998
2183,51.70685149
2184,52.3546702
2185,52.74993317999998
2186,53.49887921000001
2187,178.56
2188,178.56
2189,53.65360196
2190,114.6780712399996
2191,53.21028537999999
2192,53.05943523999999
2193,52.94449314
2194,53.10885467999999
2195,53.52018210000001
2196,55.97904206999998
2197,178.56
2198,54.21405947999999
2199,53.85879933
2200,178.56
2201,57.26190420999999
2202,56.85087141999998
2203,55.41707206
2204,54.80116761
2205,52.67503723999999
2206,52.71289778999999
2207,53.35413797
2208,53.57008979
2209,50.28806243999999
2210,49.31051594
2211,49.33060594000001
2212,50.16576662999999
2213,49.71097180000001
2214,178.56
2215,85.36383352000061
2216,49.21713552
2217,48.84100850999999
2218,50.3128052
2219,52.45624789999999
2220,53.56119041000002
2221,55.73897447999998
2222,54.86134745
2223,178.56
2224,178.56
2225,55.35035071999999
2226,178.56
2227,56.25904193000001
2228,55.03789249000001
2229,54.73121884999998
2230,53.48047635000001
2231,53.08936003000001
2232,52.89610878999999
2233,52.07405245
2234,53.72705526999999
2235,53.19064114000001
2236,53.15364872999999
2237,52.04725385999999
2238,51.01722912999999
2239,92.70790102999993
2240,49.23851575999999
2241,49.07976017
2242,49.54355041999999
2243,51.13405555999999
2244,56.54861015999999
2245,56.28118327999999
2246,55.69492354999999
2247,54.51655943999999
2248,54.50821151999999
2249,178.56
2250,178.56
2251,178.56
2252,178.56
2253,52.97115397
2254,52.31790396
2255,53.03209786000001
2256,52.73338293999998
2257,51.47568551999999
2258,50.88729540999998
2259,50.55867908
2260,49.99095031000002
2261,178.56
2262,169.3295983199993
2263,48.76019799
2264,46.23284652
2265,47.30835025
2266,46.62861244999999
2267,48.04969211000001
2268,50.69851178
2269,50.65651345999999
2270,50.61895573000001
2271,50.44177095999999
2272,51.23545469
2273,50.55022441000002
2274,178.56
2275,178.56
2276,49.74293639
2277,48.75329927999999
2278,48.94009392999999
2279,48.37911679999999
2280,48.57535641
2281,47.77275516999999
2282,47.68602062
2283,47.47739486
2284,47.76693347999999
2285,47.99623254999999
2286,178.56
2287,162.1294048199998
2288,47.93393031
2289,48.36699678999999
2290,48.4618792
2291,48.95362087000001
2292,48.68190579000001
2293,49.19435996999999
2294,178.56
2295,49.87902955000001
2296,178.56
2297,50.28516465000001
2298,50.51105073
2299,50.24967961999999
2300,49.95668783
2301,49.77626969
2302,49.76353172
2303,49.65164435000002
2304,47.64678793
2305,46.62799624
2306,46.79744047999999
2307,46.90916097
2308,46.62361255999998
2309,46.48675016999999
2310,46.48185276
2311,46.19114534999999
2312,46.76845852
2313,45.42813793
2314,46.35292648000001
2315,45.87680278999999
2316,46.90282135
2317,148.6647631499999
2318,178.56
2319,178.56
2320,178.56
2321,49.02205651000001
2322,49.03724427
2323,49.00856877
2324,48.78895707
2325,49.09707795999999
2326,48.49141507000001
2327,48.15525175999999
2328,47.76334023999998
2329,48.47371214000001
2330,48.54785586000001
2331,49.00276535
2332,47.04641921000002
2333,47.21627385999999
2334,44.91297818
2335,44.93834751000001
2336,44.63364493000001
2337,45.18056193
2338,45.66988335000001
2339,178.56
2340,178.56
2341,141.0867129200004
2342,47.82847047999999
2343,48.84863004000002
2344,49.51073869
2345,49.43300572000001
2346,178.56
2347,47.69370179
2348,48.9681927
2349,48.51362138
2350,48.85174049
2351,47.32045255000001
2352,47.40978452
2353,61.83621115000001
2354,62.3935039
2355,178.56
2356,178.56
2357,60.86269713999999
2358,61.67986530999998
2359,104.3816150800002
2360,61.86465102999999
2361,61.93386773
2362,61.91153024
2363,62.15376461000001
2364,60.34656760999999
2365,59.80861355
2366,58.51331247999999
2367,59.40111547999999
2368,178.56
2369,178.56
2370,178.56
2371,61.05417576999999
2372,61.15380579000001
2373,60.78453262000001
2374,59.40584055
2375,62.23738017
2376,64.21537479000001
2377,63.56760682999999
2378,62.79757372
2379,178.56
2380,178.56
2381,62.46942996
2382,62.10613765999999
2383,61.17022078999999
2384,62.56565952
2385,61.19818355
2386,60.92282469000001
2387,62.0007913
2388,62.08579320999999
2389,61.01936197000001
2390,61.25492317
2391,59.79556100000001
2392,178.56
2393,178.56
2394,178.56
2395,57.87800186
2396,57.32736863
2397,57.07161873
2398,56.40879552
2399,57.48096199999999
2400,86.76836289000009
2401,58.31423002999999
2402,59.08902306999998
2403,59.52932747999999
2404,59.57672707
2405,59.63033783
2406,60.20359639000001
2407,60.08128707
2408,59.64379175999999
2409,58.63475086
2410,59.19574030999998
2411,59.33638689999999
2412,59.16343776000001
2413,58.90391492999998
2414,58.25035796999998
2415,75.8209590800007
2416,60.23848369
2417,60.02107972
2418,178.56
2419,178.56
2420,178.56
2421,59.84844347999999
2422,60.05122899999999
2423,178.56
2424,178.56
2425,178.56
2426,59.35403179999998
2427,58.90046785000001
2428,69.28113002000092
2429,178.56
2430,58.85401703999999
2431,57.9783148
2432,56.91088157999999
2433,56.09026045
2434,56.38613904
2435,57.19537557999998
2436,59.27701296999999
2437,58.16625493
2438,58.44501425000001
2439,58.45411915
2440,57.54220009999998
2441,178.56
2442,178.56
2443,178.56
2444,60.45503057999998
2445,59.65930648999999
2446,60.29973404
2447,59.81952913999999
2448,59.83343288999998
2449,178.56
2450,178.56
2451,178.56
2452,178.56
2453,74.60676951000008
2454,58.38423997
2455,58.68691906
2456,59.54543707000001
2457,60.50456748
2458,61.51192593
2459,61.511688
2460,61.09105603999998
2461,61.13899393
2462,61.43938892
2463,61.48455614
2464,61.08799850999999
2465,60.08876405000001
2466,178.56
2467,59.62859672
2468,59.93676997000001
2469,60.37879477000001
2470,60.01732393999998
2471,60.22701258000001
2472,61.30467230999997
2473,62.50936951000001
2474,62.29106813999999
2475,62.67572660999998
2476,61.28866757999999
2477,178.56
2478,60.28927044
2479,59.93896573
2480,60.14067262000001
2481,59.95992092999998
2482,60.29437679999999
2483,61.68052338
2484,178.56
2485,61.26073078999999
2486,62.66938817999999
2487,119.23897276
2488,178.56
2489,178.56
2490,178.56
2491,62.75669575000001
2492,63.03229779
2493,63.96684035000001
2494,63.87458720999999
2495,63.90437906999997
2496,61.32156086
2497,60.73336485999997
2498,61.40174341000001
2499,60.41149099999999
2500,61.10543340999999
2501,61.90460926999999
2502,62.44827420999999
2503,62.34200630000001
2504,63.6349329
2505,64.12379841
2506,63.85714083
2507,63.40427113999999
2508,178.56
2509,178.56
2510,178.56
2511,178.56
2512,178.56
2513,121.86667594
2514,61.28574627
2515,61.19282624
2516,60.45767532
2517,59.34979113
2518,60.29264989999999
2519,59.93366826999998
2520,60.13899548999998
2521,59.78372435000001
2522,61.06630627999998
2523,61.90298162999999
2524,61.90448803
2525,61.74776132
2526,61.42045147
2527,59.37961127000001
2528,59.22396249
2529,59.64668486
2530,60.12348769000001
2531,61.08092423999997
2532,178.56
2533,178.56
2534,178.56
2535,110.3082567399999
2536,61.87090959
2537,178.56
2538,178.56
2539,61.99747581999998
2540,62.16879437999999
2541,62.47355358999999
2542,63.50842539999996
2543,63.31212104000001
2544,62.81004820999999
2545,61.38902055999999
2546,62.96130245999998
2547,61.32781648
2548,61.15140297
2549,178.56
2550,178.56
2551,178.56
2552,178.56
2553,59.5660149
2554,60.24771465999999
2555,58.47219013999998
2556,58.29120674999998
2557,58.55251262
2558,57.44889017000001
2559,56.12455981999999
2560,57.6811599
2561,60.76631210999999
2562,77.05038201000106
2563,178.56
2564,58.52520611000001
2565,57.55984961999999
2566,58.1265629
2567,58.82589503
2568,59.44157988999997
2569,58.94760676
2570,58.81177133999998
2571,59.0869629
2572,58.48473848
2573,58.33293893
2574,178.56
2575,178.56
2576,57.51107130999999
2577,59.19343758999999
2578,61.04653869999999
2579,62.49677518
2580,61.02463037999999
2581,60.61046641999999
2582,60.12369048000001
2583,59.07037527999999
2584,57.14500890000001
2585,57.06607654999997
2586,178.56
2587,178.56
2588,56.33350337999998
2589,55.58479954999999
2590,56.71556344999998
2591,57.08746644999999
2592,177.7402315700005
2593,59.21720973000001
2594,59.58872667999999
2595,59.33900994000001
2596,58.63671100000001
2597,57.50988621
2598,57.36452812999999
2599,56.45938739
2600,55.55616913000001
2601,54.76616803
2602,178.56
2603,54.91160786999998
2604,53.99170643999999
2605,54.16749142
2606,130.8872982100001
2607,178.56
2608,178.56
2609,55.95707221999999
2610,178.56
2611,55.28479628
2612,56.06582569000001
2613,56.23493652
2614,55.63846169000001
2615,54.7170218
2616,54.85810442
2617,54.11485568999999
2618,53.89049624
2619,53.78474262
2620,53.57860696999999
2621,53.64140579000001
2622,53.38011272999999
2623,51.99207769
2624,51.59749728000001
2625,51.61535435
2626,51.87694168999999
2627,52.80591343999998
2628,52.86594145000001
2629,53.29921359
2630,53.34173642
2631,53.58751355999998
2632,88.76067483000008
2633,178.56
2634,178.56
2635,178.56
2636,178.56
2637,51.94308482999998
2638,52.37902642
2639,52.46187149
2640,54.33375962
2641,54.06732156000002
2642,54.14549504
2643,53.59719644999999
2644,53.75034203000001
2645,53.79961474999998
2646,53.73482590000002
2647,178.56
2648,178.56
2649,178.56
2650,51.32323454999999
2651,110.8130421600005
2652,50.0382701
2653,51.60718955
2654,55.888434
2655,178.56
2656,57.41979606999999
2657,56.55138334999998
2658,56.77185339000001
2659,55.50686427999998
2660,55.07696599999999
2661,55.94089857999998
2662,56.39914441000001
2663,57.70464678999998
2664,58.81385033999999
2665,58.37185206999999
2666,55.45721516999998
2667,53.89464745
2668,53.15746820999999
2669,52.23138207
2670,52.21292139000001
2671,51.91810623999999
2672,51.62123890000002
2673,50.59805610999999
2674,112.0595750200004
2675,51.46996358000001
2676,52.67267158999999
2677,54.36951316999999
2678,178.56
2679,178.56
2680,178.56
2681,56.24682202999998
2682,55.21529769
2683,55.68042221000001
2684,178.56
2685,53.32474693
2686,54.3185272
2687,56.73634659
2688,56.40837048000001
2689,57.25722540999998
2690,57.96636251
2691,58.51513528
2692,59.63858410999999
2693,56.18599938000001
2694,56.19194685999999
2695,54.18208544
2696,52.89009557999999
2697,52.64856583
2698,53.03527830999999
2699,54.16994296000001
2700,53.95161533999999
2701,178.56
2702,178.56
2703,119.7482518000004
2704,55.24626534000001
2705,55.97293345000001
2706,178.56
2707,178.56
2708,53.51330103000001
2709,52.23414504
2710,53.41903966
2711,55.29870535000001
2712,56.35554862000001
2713,55.56235299999998
2714,55.58067242000001
2715,178.56
2716,54.04381401999999
2717,53.29670185000001
2718,178.56
2719,117.2590016800004
2720,50.72280276
2721,51.80474795999999
2722,51.14623724
2723,52.35382137999999
2724,54.13649331999999
2725,54.38886593000001
2726,54.66744437000001
2727,178.56
2728,178.56
2729,55.87203748000001
2730,53.40497623999999
2731,55.14855709999998
2732,55.870374
2733,56.27772254999999
2734,58.39544697
2735,57.90592492999999
2736,55.5515667
2737,57.67859565999998
2738,60.59550314999998
2739,60.43800427
2740,60.96752627000001
2741,60.38303838
2742,61.18367751999998
2743,58.39488381999999
2744,178.56
2745,56.70625967999998
2746,56.22839130999999
2747,178.56
2748,57.28823043999999
2749,72.63819411000021
2750,58.30951903
2751,178.56
2752,60.68151565
2753,59.34034875999999
2754,178.56
2755,178.56
2756,61.50356618000001
2757,61.40517837999998
2758,61.59741447999997
2759,60.65041059
2760,63.45048261999999
2761,62.38486107000001
2762,63.0192563
2763,61.78216786
2764,60.92499678999999
2765,93.40124621999942
2766,60.60473916
2767,178.56
2768,178.56
2769,58.79722065000001
2770,60.87926796000001
2771,62.74176334999999
2772,60.51522392999999
2773,60.75540603999998
2774,60.53689844999999
2775,59.72815975
2776,58.54943724
2777,58.50931324
2778,178.56
2779,178.56
2780,178.56
2781,61.90195655
2782,61.38563920999997
2783,62.13668964999999
2784,62.15808927999998
2785,62.49722961999998
2786,63.52789331
2787,64.62195299
2788,63.29572466
2789,62.95504327
2790,94.13838840000064
2791,60.82328455
2792,60.57112830999999
2793,60.39717852
2794,60.33020679000001
2795,60.75398104999999
2796,61.15101314
2797,61.80635355999998
2798,60.95955180000001
2799,61.35532486999999
2800,59.64440355999999
2801,178.56
2802,178.56
2803,178.56
2804,178.56
2805,178.56
2806,61.57729179
2807,61.43447561999999
2808,61.56367469000001
2809,60.85984989
2810,61.88553448
2811,62.85634354999999
2812,61.63321717
2813,60.89606354999999
2814,96.01762324999987
2815,178.56
2816,178.56
2817,58.21143034000001
2818,57.93039993999998
2819,58.24393645
2820,59.04737328
2821,59.40998566999998
2822,61.06126831
2823,61.77612916999998
2824,63.03517562999998
2825,63.22587172999999
2826,178.56
2827,178.56
2828,178.56
2829,62.02400175999999
2830,62.04483620999999
2831,62.30819391999999
2832,62.90180609999999
2833,60.73138883000001
2834,61.47681855
2835,61.60280972999999
2836,59.71155372
2837,58.53763139
2838,58.55050831
2839,58.65686435
2840,58.99627348999999
2841,59.23388827999997
2842,58.29614937999999
2843,58.53461137999999
2844,55.49626123999997
2845,54.73354383000001
2846,54.88332709789999
2847,53.8707443624
2848,56.23969455999998
2849,55.87078
2850,178.56
2851,178.56
2852,178.56
2853,178.56
2854,155.6551179286998
2855,56.00517999999999
2856,56.02757999999999
2857,55.51237999999999
2858,55.53477999999999
2859,135.3481399200005
2860,55.57958
2861,178.56
2862,178.56
2863,55.64677999999999
2864,55.66918
2865,55.75808238
2866,55.61660034
2867,54.02261626999999
2868,53.89135037999999
2869,55.08122402999999
2870,54.88283941
2871,53.84556575999999
2872,53.06542023999999
2873,52.82625215000001
2874,178.56
2875,178.56
2876,55.498002
2877,58.43487769000001
2878,58.63429999
2879,60.45729451999998
2880,61.34381371999999
2881,60.56370865999998
2882,61.55256114
2883,61.80300965999999
2884,58.03785581999999
2885,56.86326569
2886,56.22631469000001
2887,53.51295606999998
2888,52.95534041
2889,53.92191475999999
2890,53.45816202999998
2891,55.62036655000001
2892,54.80739347999999
2893,54.33830318
2894,55.13213950999999
2895,57.23551617
2896,56.37932097
2897,160.6346589400003
2898,178.56
2899,178.56
2900,178.56
2901,178.56
2902,62.07684238000001
2903,62.68246585999999
2904,60.75063183
2905,60.20622362999998
2906,64.02610949
2907,65.36785310999997
2908,62.81627050999999
2909,61.32266909999998
2910,178.56
2911,178.56
2912,60.39531063999999
2913,60.05026768999997
2914,59.49047124999998
2915,60.77936668999999
2916,61.59666386999999
2917,62.86109921000001
2918,61.65765920999998
2919,60.66263216999999
2920,59.63069749
2921,57.38280372999999
2922,125.6831871900005
2923,178.56
2924,178.56
2925,178.56
2926,65.79684069
2927,65.57956573
2928,65.6646949
2929,148.4820377900002
2930,67.31426541
2931,67.36895430999999
2932,178.56
2933,178.56
2934,178.56
2935,178.56
2936,63.54771766
2937,63.68964672
2938,64.03914327999999
2939,64.96375291
2940,65.28509127000001
2941,66.89171524
2942,61.66564200999999
2943,59.17304120000001
2944,60.47679897000002
2945,60.18467931
2946,60.87246199999999
2947,178.56
2948,61.77055045
2949,61.49860485999998
2950,61.07296789999999
2951,60.39387158
2952,62.91084023000001
2953,62.29751731
2954,62.85250027000001
2955,114.9864404800001
2956,61.76976371999999
2957,60.54009275999999
2958,60.73107144999999
2959,178.56
2960,59.09326689
2961,58.20555292999999
2962,58.64400948000002
2963,58.21657583
2964,58.52187361999999
2965,59.02239195999997
2966,61.07574431
2967,62.06754813
2968,62.1621749
2969,62.92636664999999
2970,178.56
2971,178.56
2972,178.56
2973,178.56
2974,62.06513739999999
2975,63.38111255
2976,62.13362805999999
2977,62.36630386000001
2978,62.32510256
2979,63.76006734999999
2980,63.75279589
2981,63.21496972
2982,178.56
2983,62.51002058
2984,63.39525661000001
2985,62.42872033999999
2986,63.06311662
2987,62.85012776
2988,64.23401613999998
2989,64.51890886
2990,63.28346213
2991,62.81886366000001
2992,63.60867107000002
2993,63.71274168
2994,178.56
2995,178.56
2996,178.56
2997,178.56
2998,144.6312301599997
2999,63.86320955000001
3000,65.20369576
3001,64.65856838
3002,64.1521328
3003,65.66715127
3004,65.27513762
3005,160.6690737200008
3006,178.56
3007,178.56
3008,65.76865476999997
3009,64.64714269999999
3010,64.35966894
3011,63.74366207999999
3012,63.77532756
3013,63.62658168999999
3014,63.50452857
3015,62.47408362999997
3016,62.26019575999998
3017,61.82878352000002
3018,64.15399718
3019,178.56
3020,178.56
3021,178.56
3022,64.88836886
3023,65.64894231
3024,66.40569194
3025,65.37115192999997
3026,66.92251503000001
3027,67.32180525
3028,67.12501047
3029,66.03527440999999
3030,64.93111289000002
3031,64.21066876
3032,164.3578172100005
3033,61.00681278999999
3034,61.11858431
3035,62.95238334
3036,64.58344185999997
3037,64.42070781999999
3038,65.19342171999999
3039,178.56
3040,65.07421206999999
3041,178.56
3042,64.43961524
3043,178.56
3044,178.56
3045,178.56
3046,67.38760923999999
3047,67.82927431
3048,68.18056594999999
3049,68.20177475999999
3050,67.35389479
3051,68.59189490999998
3052,65.96133634999998
3053,65.0085058
3054,64.90539503000002
3055,64.31246213
3056,63.29395121000003
3057,64.53641593
3058,64.894074
3059,64.15512376
3060,66.76883030999997
3061,67.65036977999999
3062,68.02322302999997
3063,66.54810148
3064,64.72386186
3065,66.87099971999999
3066,64.81799359
3067,140.7800161600003
3068,178.56
3069,178.56
3070,178.56
3071,178.56
3072,178.56
3073,53.72438861999998
3074,53.14323657999999
3075,53.02121048
3076,52.14152978999999
3077,52.13296837
3078,178.56
3079,50.72185082999999
3080,49.84681603999999
3081,49.27590528
3082,49.37166031
3083,50.70264941000001
3084,54.08384057999999
3085,58.18246727999998
3086,57.69255904999999
3087,56.03186952999999
3088,56.29548378999998
3089,54.02484962
3090,53.37799095999998
3091,178.56
3092,52.65566620999999
3093,178.56
3094,96.79637683000013
3095,178.56
3096,52.71256634
3097,51.73758778999999
3098,54.60529192999998
3099,55.21140337999999
3100,55.08442317
3101,54.69738897000001
3102,54.56097472000001
3103,178.56
3104,145.2133612399994
3105,54.05575776999999
3106,54.05387658999999
3107,53.15289322
3108,53.69381051999999
3109,56.38554284999999
3110,57.36241027999999
3111,57.62623062000001
3112,59.34342651999999
3113,59.34621665
3114,58.84329744999999
3115,178.56
3116,178.56
3117,178.56
3118,56.94794056000001
3119,55.51614313000001
3120,53.82798903999998
3121,52.05054155000001
3122,51.91527088999999
3123,52.03659076
3124,51.10054634999999
3125,49.85280559
3126,178.56
3127,178.56
3128,49.24341821000002
3129,48.94991275999999
3130,48.90781266
3131,48.65157513999999
3132,48.23438186
3133,48.17867838
3134,46.98463217
3135,47.40299255999999
3136,47.52628761999999
3137,48.20862885999999
3138,48.76823259000001
3139,170.3102137600003
3140,49.65741466
3141,178.56
3142,49.78619582999999
3143,50.47277165
3144,50.89413524999999
3145,50.61772547999999
3146,50.66176220000002
3147,49.39905781999998
3148,49.06615406
3149,47.74934478999999
3150,86.24147073000029
3151,178.56
3152,46.98552123999998
3153,47.46930524
3154,48.28447175999999
3155,48.96024189
3156,49.56915054
3157,48.45641724
3158,49.16601710999999
3159,57.54196727999999
3160,63.84818335
3161,64.11482692999999
3162,178.56
3163,178.56
3164,178.56
3165,52.98331898999999
3166,52.38979696999999
3167,52.89254823999999
3168,53.77152143999999
3169,52.53671968999999
3170,50.05492575999998
3171,51.76614120999999
3172,52.66113048
3173,51.49773096999999
3174,51.72406385999999
3175,51.22514886999999
3176,50.84827734
3177,49.4988711
3178,47.77244730999998
3179,50.13356817000001
3180,52.80435769
3181,52.73936248
3182,53.80072382999998
3183,54.66824937000001
3184,54.50939214000001
3185,55.38338596000001
3186,55.34988473
3187,59.66452114000001
3188,178.56
3189,178.56
3190,178.56
3191,178.56
3192,132.2335896
3193,178.56
3194,178.56
3195,178.56
3196,56.73258276000001
3197,178.56
3198,55.31234113999998
3199,54.92004454999999
3200,54.60259259000001
3201,53.79010692999999
3202,53.12643679000001
3203,52.77582324
3204,53.81667718
3205,55.31811844999999
3206,55.88021103000001
3207,55.84434813999999
3208,56.43608599999998
3209,55.16491134
3210,53.49177154999998
3211,55.18119628000001
3212,55.69431706999998
3213,126.8929013900003
3214,53.85133354999999
3215,53.83338589999999
3216,53.40869771999999
3217,51.70689034000001
3218,178.56
3219,50.94326740999999
3220,50.61477798999999
3221,178.56
3222,178.56
3223,178.56
3224,50.87486844999999
3225,50.53885921000001
3226,50.61259216999999
3227,51.10903006999998
3228,51.66062510000001
3229,52.52709966
3230,52.91414547999999
3231,52.82132821
3232,52.52063592999998
3233,53.84025499999999
3234,54.69037931000002
3235,54.59289073000001
3236,54.23655286000002
3237,53.63651111000001
3238,53.29870468999999
3239,54.66211162999999
3240,83.85777245000008
3241,178.56
3242,178.56
3243,178.56
3244,178.56
3245,51.59082348
3246,51.50404945
3247,51.35630395
3248,51.03523355000001
3249,50.62746038000002
3250,50.31568016999999
3251,51.61720486999999
3252,51.47341346
3253,49.82588785999999
3254,50.94430614
3255,51.99511799999998
3256,50.82471099999999
3257,52.05775623999999
3258,52.16873214
3259,53.74155282999999
3260,88.65148937000048
3261,52.85906759
3262,53.47446958000001
3263,54.16687311
3264,54.31704172999999
3265,55.60696673
3266,52.29565102999999
3267,52.01559531
3268,53.19563858
3269,54.2395469
3270,178.56
3271,52.70005755
3272,52.80815841
3273,53.13075593000001
3274,53.33664748999999
3275,53.19262388999999
3276,54.72607168
3277,55.80768493999999
3278,55.60894037999999
3279,56.52921120000001
3280,57.67842899000001
3281,178.56
3282,130.9468570600003
3283,178.56
3284,178.56
3285,53.17297076000002
3286,52.58963731
3287,52.08499764999998
3288,54.48980341
3289,55.28292496999999
3290,55.43088607
3291,55.58806189999999
3292,178.56
3293,178.56
3294,178.56
3295,55.91557712999999
3296,55.99908986000001
3297,56.18973479000001
3298,56.02985107999999
3299,56.14393245999999
3300,56.54645513999998
3301,56.83671182
3302,56.64389730999998
3303,56.09118402999999
3304,54.66233996999998
3305,55.01463359
3306,57.73287995999998
3307,143.9954161900001
3308,178.56
3309,58.02435583
3310,53.51869411000001
3311,53.69298906999999
3312,55.30826252
3313,54.71818058
3314,54.20337748
3315,178.56
3316,178.56
3317,89.64922661999981
3318,51.7140533
3319,52.11329164999999
3320,51.80459214
3321,51.83243303
3322,51.77724342000001
3323,52.14570689999999
3324,49.14031297
3325,45.53298385999999
3326,47.02888211
3327,49.59505418
3328,49.69550578999998
3329,52.54783561999999
3330,178.56
3331,178.56
3332,52.61185307
3333,50.78409679
3334,50.94394164999999
3335,51.63998944999998
3336,52.79136288999998
3337,69.91542611000008
3338,178.56
3339,178.56
3340,51.45413105
3341,178.56
3342,50.87962999000001
3343,51.96203824
3344,51.69840879
3345,51.52864296999999
3346,51.23228795999999
3347,51.97666592999998
3348,53.27842128
3349,53.54437234999999
3350,50.62601333999999
3351,52.66008979
3352,51.81467417
3353,52.13668124
3354,50.37925228
3355,51.22978685999998
3356,50.78446309999999
3357,49.52994682999999
3358,48.11349935
3359,178.56
3360,50.76754696999998
3361,50.91761527999999
3362,51.63342589999998
3363,52.30460185999998
3364,51.89259418
3365,51.39393475999999
3366,51.70658521
3367,50.54680378999999
3368,49.61910064999999
3369,48.86754879999999
3370,48.78371407
3371,49.64800616999999
3372,49.07155140999998
3373,51.94205288999999
3374,50.9075259
3375,51.94157723999999
3376,54.76487758
3377,54.87577662
3378,108.59015948
3379,178.56
3380,178.56
3381,178.56
3382,178.56
3383,56.22893297
3384,56.13206003999999
3385,54.41480134999999
3386,56.70433776
3387,178.56
3388,178.56
3389,154.1811980099998
3390,55.78963782
3391,57.44787789999999
3392,56.78500352
3393,57.01060603000001
3394,59.26890641
3395,59.62066172999999
3396,59.18858183
3397,57.87061622999999
3398,56.64407727999998
3399,57.59363364999999
3400,57.52799689
3401,57.23118177
3402,56.73680866
3403,178.56
3404,178.56
3405,58.63773852999999
3406,58.30796503000001
3407,55.60666993
3408,54.30587617
3409,53.50383906
3410,54.86532120999998
3411,54.70040632
3412,55.72798973
3413,55.90279807000001
3414,57.84538375
3415,178.56
3416,56.84031506999998
3417,56.95639830999999
3418,56.80318721000001
3419,61.24759431000001
3420,65.17304696
3421,65.44559434
3422,63.46768861999999
3423,58.86675283999998
3424,57.32487089
3425,56.72593297000001
3426,58.37744709999998
3427,158.3636688700004
3428,178.56
3429,178.56
3430,178.56
3431,52.91759886000001
3432,50.83220121
3433,49.60479027000001
3434,49.82798099999999
3435,178.56
3436,50.93581723999999
3437,50.38056358999998
3438,178.56
3439,67.08398909000041
3440,49.71429876000001
3441,49.64814924999997
3442,49.81831218000001
3443,51.02720441000002
3444,52.38409112999999
3445,54.34399068
3446,52.25810526999999
3447,49.69091911
3448,51.23504442
3449,49.57306865
3450,53.11334181999999
3451,56.12539554999999
3452,178.56
3453,178.56
3454,50.39205703
3455,50.00204531
3456,50.24250924
3457,49.39499186999998
3458,178.56
3459,51.32264690000001
3460,51.57648363
3461,178.56
3462,178.56
3463,50.67208327999999
3464,49.91121331
3465,49.16343361999999
3466,49.17513068999999
3467,49.28536192999999
3468,48.63711846
3469,48.73764700000002
3470,49.59760155
3471,51.13928917999999
3472,49.90530502999999
3473,48.08596849000001
3474,47.75940371999999
3475,48.66465995999998
3476,48.23614845000001
3477,177.4101940299998
3478,50.07953951
3479,50.51738076000001
3480,50.17800892999999
3481,47.94698089999999
3482,45.11750607
3483,45.15738507
3484,146.5062038600005
3485,178.56
3486,178.56
3487,50.11167721
3488,46.81147583
3489,45.57369368999999
3490,45.80196628000002
3491,46.52090793
3492,46.39636596
3493,44.95592044999999
3494,45.23224034
3495,46.15012493
3496,45.53029376
3497,45.60053560999999
3498,46.86702495999999
3499,47.15607623999999
3500,47.82794541000001
3501,49.98457988999999
3502,49.90095173
3503,178.56
3504,52.27084338
3505,178.56
3506,50.85803548
3507,50.8116749
3508,50.04916258999999
3509,50.46516041
3510,50.74408486
3511,48.68232621
3512,48.52975617
3513,48.79157472
3514,48.43182371999999
3515,47.44744907
3516,47.53886676
3517,48.67769010999999
3518,47.16871432
3519,49.68039552000001
3520,53.97044226000001
3521,54.54975876
3522,51.89848783
3523,49.98610841000001
3524,53.81528572000001
3525,64.59899117999993
3526,178.56
3527,178.56
3528,178.56
3529,178.56
3530,178.56
3531,178.56
3532,88.2434641600004
3533,178.56
3534,51.59696276000002
3535,51.76422601
3536,51.49548872999998
3537,50.44173637999999
3538,49.83802425
3539,49.36977975999999
3540,48.79553216999999
3541,49.38796338
3542,51.78506893000001
3543,52.27303654999999
3544,51.71762918
3545,54.33988244999999
3546,53.30594535000001
3547,55.55495427999999
3548,55.35130741
3549,53.67046762
3550,54.10271306999999
3551,54.11176652
3552,55.04435803999998
3553,55.46782667999999
3554,56.48167909999999
3555,56.56491035999998
3556,57.90608879999998
3557,57.13259062000001
3558,55.88719752
3559,52.85803642
3560,50.49654182999999
3561,49.26271301000001
3562,49.00272755
3563,51.37342237999999
3564,53.23275936999998
3565,52.56151803000002
3566,51.65280841
3567,51.53088458
3568,54.00432295999999
3569,54.34871161999999
3570,100.2799267500004
3571,178.56
3572,178.56
3573,178.56
3574,178.56
3575,54.00157952000001
3576,54.81222859
3577,55.64610793000001
3578,56.85546363
3579,57.0067099
3580,178.56
3581,135.9056385600007
3582,178.56
3583,178.56
3584,53.02442564999998
3585,52.04531297
3586,50.89492604
3587,50.8872952
3588,51.98135648999997
3589,53.05511379
3590,54.51181917999999
3591,55.86662711
3592,55.35323493000001
3593,55.97928966000001
3594,56.99388617999999
3595,56.44101799
3596,56.40441127999998
3597,55.89905250999998
3598,55.76832576
3599,178.56
3600,55.65106623999999
3601,56.48009562999997
3602,57.60626368000001
3603,57.75340396000001
3604,56.07387324000001
3605,55.23587488999998
3606,169.4185396500004
3607,178.56
3608,52.42454434000001
3609,51.85756072
3610,51.53972362
3611,52.67297693
3612,53.22387931
3613,55.93560735
3614,59.22470651999999
3615,58.94015869
3616,66.16639658999998
3617,62.44983045
3618,61.02989136999999
3619,59.39358298999998
3620,178.56
3621,178.56
3622,178.56
3623,59.82565406999998
3624,58.99869289999999
3625,57.76050223999999
3626,57.26987672
3627,55.60492455
3628,53.86446156000002
3629,53.20618107000001
3630,51.76420633999999
3631,178.56
3632,51.84024286000002
3633,51.6784079
3634,51.51272273
3635,52.10420396999999
3636,53.36553368999999
3637,53.44185987
3638,53.82574925
3639,53.39266828
3640,53.85486666
3641,54.54326541999999
3642,53.59564469
3643,178.56
3644,100.2055186700006
3645,178.56
3646,178.56
3647,52.89118737
3648,52.06846176000001
3649,53.06201403999999
3650,52.89337676000001
3651,51.18882012999999
3652,49.55240997000001
3653,50.67513941000001
3654,178.56
3655,178.56
3656,49.36389765999999
3657,48.39117485999999
3658,47.99215421
3659,47.97012506999999
3660,47.32437045
3661,49.69275437
3662,51.55548026999999
3663,53.09947684999999
3664,53.73033133999999
3665,55.78458214000001
3666,57.66378568999998
3667,57.84927162
3668,57.32245644999997
3669,178.56
3670,55.06783163
3671,178.56
3672,91.72646418000005
3673,56.22979355
3674,54.78824434999997
3675,54.17036303
3676,178.56
3677,124.2337610999996
3678,178.56
3679,52.47090533999999
3680,51.68863084
3681,54.37869541999999
3682,55.73807078
3683,57.13997779000001
3684,61.10267373
3685,60.97756721
3686,53.98239272999999
3687,54.53488634999998
3688,55.48303116999999
3689,56.74110211000001
3690,56.54505304000001
3691,56.22102947999999
3692,178.56
3693,178.56
3694,53.97248010000001
3695,54.28604369999999
3696,54.75422218
3697,53.69972768999998
3698,128.4996615700006
3699,55.28332151999999
3700,178.56
3701,178.56
3702,178.56
3703,178.56
3704,54.97142188999999
3705,54.67399007000001
3706,53.50938348
3707,51.80670166000001
3708,51.87807289
3709,52.70206829999999
3710,52.09951151999999
3711,54.05068409999999
3712,55.38752603999999
3713,54.8153571
3714,56.93911279
3715,57.5274371
3716,56.94120320000001
3717,56.51112663
3718,56.54025104
3719,56.98846083
3720,56.61682628
3721,56.38902955
3722,56.94339706999999
3723,57.89072106999999
3724,58.12487114
3725,57.35170721000001
3726,56.75842633999999
3727,56.71298968999999
3728,54.10566020999999
3729,52.50418124000002
3730,59.89933117
3731,60.97919855999999
3732,58.27140857999998
3733,57.84186954
3734,56.97928334
3735,56.34153679
3736,54.51434568999999
3737,54.04553686000001
3738,149.5900551749999
3739,178.56
3740,178.56
3741,178.56
3742,178.56
3743,57.93096665999999
3744,57.579146695
3745,57.04817467999998
3746,116.9410597633003
3747,178.56
3748,55.47532620000001
3749,52.63989749549999
3750,178.56
3751,51.1545909
3752,46.84540686699999
3753,28.06830825399999
3754,26.50360999999999
3755,26.52600999999999
3756,26.54840999999999
3757,26.57080999999999
3758,25.1957627012
3759,39.97552068300001
3760,46.15009211400001
3761,45.29926067799999
3762,45.12695369
3763,45.11906699999999
3764,45.141621
3765,178.56
3766,45.09368731
3767,45.23851738
3768,45.53034031
3769,45.17523745
3770,45.130904
3771,45.1795351
3772,45.19700731
3773,45.231676
3774,45.24212693
3775,45.314962
3776,45.38156000000001
3777,45.15691831000001
3778,50.95637134
3779,52.68090785999999
3780,54.42374503999999
3781,53.95760531
3782,53.18523706999999
3783,54.76783753
3784,54.86895596
3785,56.00988365
3786,178.56
3787,178.56
3788,125.6824961300002
3789,178.56
3790,178.56
3791,58.65009493000001
3792,58.45822948000001
3793,58.08177172000001
3794,58.21133024
3795,58.41639993
3796,152.31574224
3797,178.56
3798,178.56
3799,55.37496131999999
3800,55.53034024999999
3801,54.95342306999999
3802,55.54441696999998
3803,54.87681941
3804,54.56912083
3805,55.00072445000001
3806,54.60719613999999
3807,54.68159711
3808,55.39152955000001
3809,54.85370289000001
3810,55.49631276000001
3811,56.38362736999999
3812,178.56
3813,178.56
3814,57.43037006
3815,56.57758854999999
3816,57.38441324
3817,56.87702993
3818,56.24528944999998
3819,56.05611914000001
3820,133.3215017999999
3821,55.25961727999999
3822,178.56
3823,54.35530029999999
3824,53.73819024
3825,52.35128465
3826,53.27124823999998
3827,54.88919197999999
3828,55.31671404
3829,54.93886797
3830,55.10138214000001
3831,55.69432638
3832,56.37402414
3833,55.19540355
3834,178.56
3835,56.42128107
3836,178.56
3837,178.56
3838,56.04036675999999
3839,56.24056011000001
3840,56.11583803000001
3841,55.68876614000002
3842,99.65063609000002
3843,178.56
3844,178.56
3845,178.56
3846,178.56
3847,54.81583821
3848,54.21772097000001
3849,54.80992048
3850,53.37486427000001
3851,52.54348855
3852,50.35978716999998
3853,49.60956867999999
3854,49.84120385999999
3855,50.82076629000001
3856,50.88310255
3857,51.17433517
3858,51.58335252
3859,51.67520624000002
3860,51.48885903000001
3861,51.45166061
3862,51.64433442
3863,52.37975448999999
3864,53.52324865999999
3865,52.98824810999999
3866,53.29364831
3867,53.20768355
3868,178.56
3869,178.56
3870,178.56
3871,53.27691656
3872,53.28679062
3873,52.7656738
3874,52.19412079000001
3875,50.49598176
3876,49.15296631000001
3877,49.576408
3878,49.68989921
3879,48.42983789
3880,48.31874600000001
3881,62.65970902999973
3882,178.56
3883,48.23194620999999
3884,48.00224807000001
3885,47.97957717000001
3886,48.04170909999999
3887,48.39895683
3888,49.74149557999999
3889,48.88168334
3890,48.11062431
3891,155.2874407199999
3892,178.56
3893,47.68633366
3894,47.49902310999999
3895,47.69739288999999
3896,47.96219007999999
3897,47.73010375
3898,47.63133234999999
3899,47.135753
3900,47.18731066
3901,47.95140034999999
3902,48.22843949000001
3903,48.26125955000001
3904,48.56322107
3905,48.68497732
3906,48.91856172
3907,48.71101473
3908,48.56953269000001
3909,178.56
3910,178.56
3911,49.210896
3912,50.65843740999998
3913,50.06786834
3914,49.02733485999997
3915,48.41148186000001
3916,48.32166738
3917,48.21262900999999
3918,47.92529483000001
3919,47.48292255
3920,47.65295696
3921,48.32285024
3922,47.57563524000001
3923,47.64413283
3924,48.58627263
3925,49.70227724
3926,49.22181606999999
3927,49.61910338
3928,50.16271637999999
3929,52.67986464999998
3930,51.90402738000004
3931,178.56
3932,178.56
3933,178.56
3934,178.56
3935,50.44102210000001
3936,50.79973226999999
3937,50.47773961999999
3938,50.47542289999999
3939,49.88449213999998
3940,49.52846289999999
3941,49.42581455
3942,48.41647706
3943,48.00516308
3944,48.40563224
3945,47.93215217
3946,47.40564556
3947,50.80957686000001
3948,51.28527606999999
3949,51.81310372000001
3950,51.93793941
3951,50.84047703
3952,50.93941496000001
3953,50.75951061999999
3954,177.4717412199997
3955,178.56
3956,178.56
3957,178.56
3958,49.32861002999999
3959,49.58370416999999
3960,50.21199169
3961,49.63761852
3962,49.89461183
3963,49.74976720000002
3964,49.2690751
3965,49.12980086
3966,49.47368775999999
3967,49.13488048
3968,49.21859858999998
3969,48.81847389999998
3970,48.55499859
3971,48.46056334
3972,48.37552286
3973,48.402697
3974,47.98599203999998
3975,48.31924139
3976,48.01169575999999
3977,48.02988624
3978,48.18603537999999
3979,48.08651869000001
3980,48.24500289
3981,178.56
3982,157.9010483799999
3983,178.56
3984,178.56
3985,178.56
3986,47.00395461999999
3987,47.05207254999999
3988,178.56
3989,47.05621605999999
3990,47.30308310000001
3991,47.32686916999999
3992,47.35902318
3993,47.23381348
3994,47.09831300999998
3995,47.08400878999999
3996,47.23458845
3997,48.19056234999999
3998,48.19825556000001
3999,48.03405858999999
4000,49.02024127
4001,48.84847344999999
4002,48.99676817
4003,49.33335414
4004,49.62561358999999
4005,49.89536335
4006,49.76078499
4007,157.4562833299999
4008,178.56
4009,178.56
4010,178.56
4011,178.56
4012,50.82609252
4013,49.75357799999999
4014,49.353157
4015,49.36280076000001
4016,48.82979927
4017,48.94726963
4018,49.23845066000001
4019,49.84563926999999
4020,49.42629006
4021,48.42228061999999
4022,48.54796331
4023,48.59135932000001
4024,48.27038972
4025,173.7485384100004
4026,49.36703555
4027,49.01318835000001
4028,47.47169266
4029,47.62419661999999
4030,47.68050210000001
4031,47.75716147999999
4032,48.27875269
4033,46.69467817
4034,46.60527501000001
4035,47.23761692999999
4036,47.54342796000001
4037,47.60086352
4038,47.28516828
4039,47.16311564999999
4040,46.72313128
4041,46.72420221000001
4042,46.6110043
4043,46.46133568999999
4044,46.24649855
4045,46.52995417
4046,47.15102965999998
4047,51.74735734
4048,52.49214572000001
4049,52.97256734
4050,178.56
4051,178.56
4052,172.7914832299999
4053,178.56
4054,48.34798948000001
4055,47.66288792999999
4056,47.06738847999999
4057,46.14392327999999
4058,47.38895441
4059,48.09272811
4060,47.89257172
4061,48.14838448
4062,47.42692563000001
4063,47.92189968999999
4064,48.13143488999999
4065,48.19295130999999
4066,47.86854400999999
4067,47.48361324
4068,48.60413620999998
4069,48.07465138
4070,48.49419182999998
4071,49.87892658000001
4072,50.65923828
4073,51.78530413000001
4074,52.20040496999999
4075,178.56
4076,178.56
4077,178.56
4078,178.56
4079,54.75197547000013
4080,55.05259648000001
4081,54.15233334000001
4082,54.8045169
4083,55.32911076
4084,55.94695133999999
4085,55.49990816999998
4086,178.56
4087,54.00305189999999
4088,52.66232068999998
4089,52.58236207
4090,52.63900124
4091,51.865401
4092,51.74971445000001
4093,52.11804941
4094,52.56099772000001
4095,52.91418958000001
4096,53.81839371999998
4097,54.34658166000001
4098,121.4125013100003
4099,178.56
4100,56.25590305999997
4101,178.56
4102,178.56
4103,55.01810747999998
4104,56.10403190000001
4105,55.07674459
4106,54.75523669
4107,54.38606634999999
4108,54.29383868999999
4109,53.95775231
4110,53.85986444999998
4111,54.09801802999997
4112,54.19331183000001
4113,54.17731402999999
4114,53.79400116999999
4115,54.51699918
4116,54.28216745
4117,54.47219665999999
4118,55.04419704
4119,53.20178506999999
4120,53.48621607
4121,51.0031641
4122,51.82266781999999
4123,97.42369074999978
4124,178.56
4125,178.56
4126,178.56
4127,178.56
4128,53.17954572000001
4129,52.74477348000001
4130,53.44895709999999
4131,53.50203025999998
4132,53.25695654999999
4133,53.02841362000001
4134,178.56
4135,178.56
4136,52.04052014
4137,51.98150523999999
4138,53.10644261999999
4139,54.77520510000001
4140,55.28083169
4141,55.18229023999999
4142,54.67842141999999
4143,54.10591935
4144,53.94600882999998
4145,53.81230413999999
4146,53.66822943999998
4147,103.1714984
4148,178.56
4149,178.56
4150,53.79653552
4151,53.51114097
4152,53.04869689
4153,52.78524958000001
4154,52.81994416999999
4155,52.76742317
4156,52.29728014000001
4157,51.07002151999999
4158,89.85726621999977
4159,178.56
4160,50.16785444999999
4161,50.61680861999999
4162,50.71423245
4163,51.07591972000001
4164,51.18332793000001
4165,51.40356696999999
4166,52.25985141999998
4167,52.36261323999999
4168,52.81349233999999
4169,53.63356117000001
4170,54.15240606999999
4171,53.48008589000001
4172,178.56
4173,178.56
4174,178.56
4175,54.95032158000001
4176,56.07728664999998
4177,178.56
4178,55.73521625
4179,131.6878284400007
4180,56.12186950999998
4181,55.88113531000001
4182,178.56
4183,178.56
4184,178.56
4185,54.36416747999998
4186,54.63111871
4187,54.30052565000002
4188,55.78838985999998
4189,55.92557109999998
4190,55.47072594000001
4191,56.43504048
4192,56.14867103999998
4193,55.91481483
4194,56.12927851999999
4195,55.85782047999999
4196,55.73335578999999
4197,55.21316247999999
4198,55.14762876
4199,56.06310038000001
4200,56.72169979
4201,56.63712312999999
4202,56.54923400000001
4203,56.16692213999998
4204,55.92875399999999
4205,55.85102852
4206,55.88950765999999
4207,55.50488482
4208,55.12311279999999
4209,54.85786558000002
4210,56.05038312999996
4211,58.13142985999999
4212,57.68325681999998
4213,56.18449704
4214,55.44459564
4215,57.20211483000001
4216,56.47861597
4217,56.11170327
4218,56.04917255
4219,54.58298285999999
4220,178.56
4221,178.56
4222,178.56
4223,178.56
4224,133.3323633799999
4225,55.40014479999999
4226,54.06944892999999
4227,53.24733939000001
4228,52.80165583
4229,52.86525006
4230,52.52920161999999
4231,52.42745221000001
4232,51.85325599999999
4233,51.93178879
4234,51.94933750999999
4235,52.64582148
4236,52.03553865999999
4237,51.57473741
4238,51.63091444000001
4239,51.86298564999998
4240,51.78510666
4241,51.96358503
4242,178.56
4243,178.56
4244,78.18536216000037
4245,178.56
4246,178.56
4247,49.16418240999999
4248,50.55171575999999
4249,51.12258921000002
4250,51.32845431
4251,51.26720669
4252,51.25649668999999
4253,51.22848731
4254,51.48426037999999
4255,51.287775
4256,51.315257
4257,51.328186
4258,51.35163831000001
4259,51.375758
4260,51.39564262
4261,51.42230331
4262,51.43728569
4263,51.45919799999999
4264,51.62356037999999
4265,51.61128462000001
4266,51.74353799999999
4267,80.35937656000002
4268,178.56
4269,178.56
4270,178.56
4271,178.56
4272,53.72511662000002
4273,53.54985978999999
4274,53.48519904
4275,52.84231883
4276,52.32204802999998
4277,178.56
4278,52.28244245000001
4279,52.32499117999998
4280,52.70618535
4281,54.21927980000001
4282,53.44786013000001
4283,54.59299748
4284,54.70746434999999
4285,54.47663613
4286,55.47721851000001
4287,54.24829234999999
4288,53.35452122000001
4289,52.89115321000001
4290,53.20584528
4291,115.3880802700002
4292,178.56
4293,178.56
4294,56.05704972000001
4295,178.56
4296,57.97608137999999
4297,56.45933047999999
4298,56.11428641
4299,55.79919582999998
4300,56.18578020999999
4301,55.55160072
4302,178.56
4303,178.56
4304,56.2999549
4305,56.55124993
4306,57.61094261999999
4307,57.95782104
4308,57.19094507000001
4309,56.45091640999998
4310,54.84707697000001
4311,56.41930735
4312,55.5178099
4313,55.22065996999999
4314,129.5538549000005
4315,55.30647478999999
4316,54.78936141
4317,178.56
4318,178.56
4319,53.06027999999999
4320,52.66246558999999
4321,52.36842289
4322,51.81866185999999
4323,51.81611442000001
4324,51.92919437999998
4325,51.87515858
4326,51.76582390000001
4327,178.56
4328,178.56
4329,99.71537535000044
4330,53.4787883
4331,53.58293786999999
4332,54.10147413999999
4333,53.79433982999998
4334,53.57529323999999
4335,53.49802975999999
4336,178.56
4337,53.14196818000002
4338,53.53181147999999
4339,54.1288629
4340,55.52925517999999
4341,178.56
4342,56.15299150999999
4343,56.84506057999999
4344,57.97946945000001
4345,56.47385785999999
4346,55.29957587
4347,122.7259325100007
4348,178.56
4349,53.45224773
4350,53.48130689999999
4351,53.04989423999999
4352,52.92566034
4353,52.41139617
4354,51.5739889
4355,53.07686775999999
4356,54.59794507999999
4357,53.62460606999999
4358,53.63042517
4359,55.36371420999998
4360,55.76197655000001
4361,56.22271241999999
4362,56.82528179999999
4363,57.37710740999999
4364,178.56
4365,178.56
4366,178.56
4367,54.57707766
4368,53.77221465
4369,53.16149692
4370,82.09773132999979
4371,178.56
4372,53.49683786999999
4373,53.06873607000002
4374,50.75953631
4375,49.19471011
4376,49.00407672999999
4377,49.20095802999999
4378,51.36606327999998
4379,52.67687866000001
4380,53.75892710999999
4381,54.20159304000002
4382,54.17817789999999
4383,53.58367944999998
4384,53.43803941000001
4385,53.63992696999998
4386,53.88768041999999
4387,53.43242302999999
4388,178.56
4389,178.56
4390,178.56
4391,49.92689366
4392,50.13848279999999
4393,50.30128151999999
4394,50.66155752
4395,49.91436771999999
4396,50.60361312999999
4397,49.83594252
4398,178.56
4399,49.55401709999999
4400,49.68496196999999
4401,49.39178999999999
4402,49.41419
4403,49.43659
4404,49.45898999999999
4405,49.48138999999999
4406,49.50379
4407,49.52619
4408,49.54859
4409,49.57098999999999
4410,49.59339
4411,178.56
4412,49.63818999999999
4413,178.56
4414,175.0131580199998
4415,49.70538999999999
4416,49.72778999999999
4417,49.22939
4418,49.25179
4419,49.27419
4420,49.29658999999999
4421,49.31898999999999
4422,49.32459
4423,49.34699
4424,49.36939
4425,49.39178999999999
4426,49.41419
4427,49.43659
4428,49.45898999999999
4429,49.48138999999999
4430,49.50379
4431,49.52619
4432,49.54859
4433,49.57098999999999
4434,49.59339
4435,49.61579
4436,178.56
4437,178.56
4438,178.56
4439,171.8793999999998
4440,49.72778999999999
4441,49.22939
4442,49.25179
4443,49.27419
4444,49.29658999999999
4445,49.31898999999999
4446,171.4313999999998
4447,49.34699
4448,49.36939
4449,49.39178999999999
4450,49.41419
4451,49.43659
4452,49.45898999999999
4453,49.48138999999999
4454,49.50379
4455,49.52619
4456,49.54859
4457,49.57098999999999
4458,49.59339
4459,178.56
4460,178.56
4461,178.56
4462,49.68299
4463,49.70538999999999
4464,49.72778999999999
4465,49.22939
4466,49.25179
4467,49.27419
4468,178.56
4469,178.56
4470,49.32459
4471,49.34699
4472,49.36939
4473,49.39178999999999
4474,49.41419
4475,49.43659
4476,49.45898999999999
4477,49.48138999999999
4478,49.50379
4479,49.52619
4480,49.54859
4481,49.57098999999999
4482,49.59339
4483,49.61579
4484,49.63818999999999
4485,49.66058999999999
4486,49.68299
4487,178.56
4488,171.2409999999998
4489,49.22939
4490,49.25179
4491,49.27419
4492,49.29658999999999
4493,49.31898999999999
4494,49.32459
4495,49.34699
4496,49.36939
4497,49.39178999999999
4498,49.41419
4499,49.43659
4500,49.45898999999999
4501,49.48138999999999
4502,49.50379
4503,49.53584062
4504,49.73811261999999
4505,49.76520976
4506,49.784658
4507,172.1434866000002
4508,178.56
4509,178.56
4510,178.56
4511,49.60113199999999
4512,49.649327
4513,178.56
4514,49.21806407
4515,178.56
4516,70.12457518800039
4517,49.21999369
4518,49.23788799999999
4519,49.24825037999999
4520,49.27370462
4521,49.29636130999999
4522,49.76877527999999
4523,56.05566463
4524,55.33116407
4525,54.21129454999999
4526,55.17835617000001
4527,53.27616699999998
4528,51.310991872
4529,54.22176382000001
4530,53.13549261999999
4531,54.12408798999999
4532,54.04392455000001
4533,52.88242407000001
4534,51.59646547999998
4535,178.56
4536,178.56
4537,178.56
4538,53.49887921000001
4539,53.09811247999999
4540,178.56
4541,178.56
4542,110.2279122399996
4543,53.21028537999999
4544,53.05943523999999
4545,52.94449314
4546,53.10885467999999
4547,53.52018210000001
4548,55.97904206999998
4549,56.64690730999997
4550,54.21405947999999
4551,53.85879933
4552,55.90984196
4553,57.26190420999999
4554,56.85087141999998
4555,55.41707206
4556,178.56
4557,52.67503723999999
4558,52.71289778999999
4559,53.35413797
4560,53.57008979
4561,50.28806243999999
4562,49.31051594
4563,49.33060594000001
4564,50.16576662999999
4565,178.56
4566,49.39948601
4567,49.04289145
4568,82.42692696000057
4569,48.84100850999999
4570,50.3128052
4571,52.45624789999999
4572,53.56119041000002
4573,55.73897447999998
4574,54.86134745
4575,53.78667706999998
4576,53.79806606999999
4577,55.35035071999999
4578,55.30383844999999
4579,56.25904193000001
4580,55.03789249000001
4581,54.73121884999998
4582,178.56
4583,178.56
4584,178.56
4585,52.07405245
4586,53.72705526999999
4587,53.19064114000001
4588,53.15364872999999
4589,178.56
4590,178.56
4591,178.56
4592,49.23851575999999
4593,49.07976017
4594,49.54355041999999
4595,51.13405555999999
4596,56.54861015999999
4597,56.28118327999999
4598,55.69492354999999
4599,54.51655943999999
4600,54.50821151999999
4601,53.63620863999999
4602,53.47252189999999
4603,53.5334989
4604,53.40567218
4605,178.56
4606,87.01354032999987
4607,53.03209786000001
4608,52.73338293999998
4609,51.47568551999999
4610,50.88729540999998
4611,50.55867908
4612,49.99095031000002
4613,178.56
4614,49.45638788999999
4615,48.76019799
4616,46.23284652
4617,47.30835025
4618,46.62861244999999
4619,48.04969211000001
4620,50.69851178
4621,50.65651345999999
4622,50.61895573000001
4623,50.44177095999999
4624,51.23545469
4625,50.55022441000002
4626,49.1013341
4627,48.71445362000001
4628,169.4937523099991
4629,178.56
4630,178.56
4631,48.37911679999999
4632,48.57535641
4633,47.77275516999999
4634,47.68602062
4635,47.47739486
4636,47.76693347999999
4637,47.99623254999999
4638,178.56
4639,47.77639573
4640,47.93393031
4641,48.36699678999999
4642,48.4618792
4643,48.95362087000001
4644,48.68190579000001
4645,49.19435996999999
4646,50.03496169000001
4647,49.87902955000001
4648,49.5618599
4649,50.28516465000001
4650,50.51105073
4651,178.56
4652,49.95668783
4653,164.5456685299997
4654,178.56
4655,49.65164435000002
4656,47.64678793
4657,140.2025335700001
4658,178.56
4659,46.90916097
4660,178.56
4661,178.56
4662,46.48185276
4663,46.19114534999999
4664,46.76845852
4665,45.42813793
4666,46.35292648000001
4667,45.87680278999999
4668,46.90282135
4669,47.78864776
4670,48.67988986
4671,49.04622337999999
4672,49.48326803
4673,49.02205651000001
4674,49.03724427
4675,49.00856877
4676,48.78895707
4677,49.09707795999999
4678,48.49141507000001
4679,48.15525175999999
4680,47.76334023999998
4681,48.47371214000001
4682,48.54785586000001
4683,49.00276535
4684,47.04641921000002
4685,47.21627385999999
4686,44.91297818
4687,44.93834751000001
4688,44.63364493000001
4689,45.18056193
4690,45.66988335000001
4691,45.59967118
4692,46.17012421
4693,47.29515693000001
4694,47.82847047999999
4695,48.84863004000002
4696,49.51073869
4697,49.43300572000001
4698,178.56
4699,178.56
4700,178.56
4701,147.1972764700001
4702,48.85174049
4703,47.32045255000001
4704,47.40978452
4705,61.83621115000001
4706,62.3935039
4707,63.14214221000001
4708,61.8614192
4709,60.86269713999999
4710,61.67986530999998
4711,61.90220876
4712,61.86465102999999
4713,61.93386773
4714,61.91153024
4715,62.15376461000001
4716,60.34656760999999
4717,59.80861355
4718,58.51331247999999
4719,59.40111547999999
4720,60.61136935
4721,60.13349964999998
4722,178.56
4723,178.56
4724,178.56
4725,178.56
4726,101.3667108100004
4727,178.56
4728,64.21537479000001
4729,63.56760682999999
4730,62.79757372
4731,63.18708500999999
4732,62.18268832999999
4733,62.46942996
4734,77.54773091000044
4735,61.17022078999999
4736,62.56565952
4737,61.19818355
4738,60.92282469000001
4739,62.0007913
4740,62.08579320999999
4741,61.01936197000001
4742,61.25492317
4743,59.79556100000001
4744,58.50598376000001
4745,58.66813869000001
4746,178.56
4747,57.87800186
4748,178.56
4749,57.07161873
4750,178.56
4751,178.56
4752,178.56
4753,58.31423002999999
4754,59.08902306999998
4755,59.52932747999999
4756,59.57672707
4757,178.56
4758,178.56
4759,79.18759165000077
4760,59.64379175999999
4761,58.63475086
4762,59.19574030999998
4763,59.33638689999999
4764,59.16343776000001
4765,58.90391492999998
4766,58.25035796999998
4767,56.82780102999998
4768,60.23848369
4769,60.02107972
4770,59.12836152999999
4771,60.00012235000001
4772,59.94000417999998
4773,178.56
4774,178.56
4775,178.56
4776,60.55197210999999
4777,60.10460813
4778,59.35403179999998
4779,58.90046785000001
4780,59.07699657999998
4781,59.45685703999999
4782,178.56
4783,68.97660790000043
4784,56.91088157999999
4785,56.09026045
4786,56.38613904
4787,57.19537557999998
4788,59.27701296999999
4789,58.16625493
4790,58.44501425000001
4791,58.45411915
4792,57.54220009999998
4793,58.36070393999999
4794,59.63117083
4795,60.74011768999999
4796,178.56
4797,178.56
4798,178.56
4799,178.56
4800,59.83343288999998
4801,58.28073587000002
4802,58.48210906999999
4803,57.94094565
4804,57.74654011000001
4805,58.82997351000001
4806,178.56
4807,80.8452869000001
4808,59.54543707000001
4809,60.50456748
4810,61.51192593
4811,61.511688
4812,61.09105603999998
4813,61.13899393
4814,61.43938892
4815,61.48455614
4816,61.08799850999999
4817,60.08876405000001
4818,59.51382283
4819,178.56
4820,178.56
4821,178.56
4822,178.56
4823,60.22701258000001
4824,61.30467230999997
4825,62.50936951000001
4826,62.29106813999999
4827,62.67572660999998
4828,61.28866757999999
4829,61.09482658999999
4830,60.28927044
4831,59.93896573
4832,60.14067262000001
4833,59.95992092999998
4834,60.29437679999999
4835,61.68052338
4836,61.58457403
4837,61.26073078999999
4838,62.66938817999999
4839,63.15152857999999
4840,62.91785289999998
4841,62.53700397
4842,62.98498233999998
4843,178.56
4844,178.56
4845,178.56
4846,123.8245653799993
4847,178.56
4848,178.56
4849,178.56
4850,178.56
4851,178.56
4852,178.56
4853,178.56
4854,62.44827420999999
4855,62.34200630000001
4856,63.6349329
4857,64.12379841
4858,63.85714083
4859,63.40427113999999
4860,63.53983523999997
4861,62.37569120999999
4862,63.09776508000001
4863,63.63447215999999
4864,62.63292714000001
4865,62.58045681999999
4866,61.28574627
4867,61.19282624
4868,60.45767532
4869,108.9119613700002
4870,60.29264989999999
4871,59.93366826999998
4872,60.13899548999998
4873,59.78372435000001
4874,61.06630627999998
4875,61.90298162999999
4876,61.90448803
4877,61.74776132
4878,61.42045147
4879,59.37961127000001
4880,59.22396249
4881,59.64668486
4882,60.12348769000001
4883,61.08092423999997
4884,62.78841764999999
4885,61.57288913999999
4886,63.06416647999999
4887,62.70862569999999
4888,61.87090959
4889,61.28151946000001
4890,112.3530085399998
4891,178.56
4892,178.56
4893,178.56
4894,178.56
4895,178.56
4896,62.81004820999999
4897,61.38902055999999
4898,62.96130245999998
4899,61.32781648
4900,61.15140297
4901,60.9377727
4902,60.38318524
4903,59.54926837999999
4904,59.25820131
4905,59.5660149
4906,60.24771465999999
4907,58.47219013999998
4908,58.29120674999998
4909,58.55251262
4910,57.44889017000001
4911,56.12455981999999
4912,57.6811599
4913,60.76631210999999
4914,71.27448503000073
4915,178.56
4916,178.56
4917,178.56
4918,58.1265629
4919,178.56
4920,178.56
4921,172.4250356700005
4922,58.81177133999998
4923,59.0869629
4924,58.48473848
4925,58.33293893
4926,57.85137448999999
4927,57.9745418
4928,57.51107130999999
4929,59.19343758999999
4930,61.04653869999999
4931,62.49677518
4932,61.02463037999999
4933,60.61046641999999
4934,60.12369048000001
4935,59.07037527999999
4936,57.14500890000001
4937,57.06607654999997
4938,57.51541621
4939,58.05022530999999
4940,178.56
4941,178.56
4942,178.56
4943,178.56
4944,58.59257767999999
4945,59.21720973000001
4946,59.58872667999999
4947,59.33900994000001
4948,58.63671100000001
4949,178.56
4950,57.36452812999999
4951,56.45938739
4952,55.55616913000001
4953,54.76616803
4954,55.14492473
4955,54.91160786999998
4956,53.99170643999999
4957,54.16749142
4958,54.00049724999998
4959,52.53143258999999
4960,53.24932200000001
4961,55.95707221999999
4962,55.583486
4963,55.28479628
4964,140.5437675500001
4965,178.56
4966,178.56
4967,178.56
4968,54.85810442
4969,54.11485568999999
4970,53.89049624
4971,53.78474262
4972,53.57860696999999
4973,178.56
4974,53.38011272999999
4975,51.99207769
4976,51.59749728000001
4977,51.61535435
4978,51.87694168999999
4979,52.80591343999998
4980,52.86594145000001
4981,53.29921359
4982,53.34173642
4983,53.58751355999998
4984,53.38484185999999
4985,52.22480382
4986,90.2698199499998
4987,50.92757131
4988,178.56
4989,178.56
4990,52.37902642
4991,178.56
4992,54.33375962
4993,54.06732156000002
4994,54.14549504
4995,53.59719644999999
4996,53.75034203000001
4997,53.79961474999998
4998,53.73482590000002
4999,53.13077909999999
5000,52.01185934
5001,51.72135723999999
5002,51.32323454999999
5003,50.38475197
5004,50.0382701
5005,51.60718955
5006,55.888434
5007,57.64718371999999
5008,57.41979606999999
5009,56.55138334999998
5010,178.56
5011,130.6552241700002
5012,55.07696599999999
5013,178.56
5014,56.39914441000001
5015,178.56
5016,178.56
5017,58.37185206999999
5018,55.45721516999998
5019,109.6543089400004
5020,178.56
5021,178.56
5022,178.56
5023,51.91810623999999
5024,51.62123890000002
5025,50.59805610999999
5026,49.95260892999998
5027,51.46996358000001
5028,52.67267158999999
5029,54.36951316999999
5030,54.14756668999999
5031,55.52234296
5032,54.93836824000001
5033,56.24682202999998
5034,55.21529769
5035,55.68042221000001
5036,56.07714496999998
5037,53.32474693
5038,54.3185272
5039,178.56
5040,56.40837048000001
5041,57.25722540999998
5042,57.96636251
5043,122.3357964100002
5044,59.63858410999999
5045,56.18599938000001
5046,56.19194685999999
5047,54.18208544
5048,52.89009557999999
5049,52.64856583
5050,53.03527830999999
5051,54.16994296000001
5052,53.95161533999999
5053,52.74263218000001
5054,54.34810066
5055,54.58430390000004
5056,55.24626534000001
5057,55.97293345000001
5058,178.56
5059,178.56
5060,178.56
5061,178.56
5062,53.41903966
5063,55.29870535000001
5064,56.35554862000001
5065,55.56235299999998
5066,55.58067242000001
5067,54.52558538
5068,54.04381401999999
5069,178.56
5070,52.69976592999998
5071,119.1498420300003
5072,50.72280276
5073,51.80474795999999
5074,51.14623724
5075,52.35382137999999
5076,54.13649331999999
5077,54.38886593000001
5078,54.66744437000001
5079,55.80380456
5080,55.67335927999999
5081,55.87203748000001
5082,53.40497623999999
5083,178.56
5084,178.56
5085,178.56
5086,58.39544697
5087,57.90592492999999
5088,55.5515667
5089,57.67859565999998
5090,60.59550314999998
5091,60.43800427
5092,60.96752627000001
5093,60.38303838
5094,61.18367751999998
5095,58.39488381999999
5096,57.04473376
5097,56.70625967999998
5098,56.22839130999999
5099,55.67634631999999
5100,57.28823043999999
5101,58.72232288999999
5102,58.30951903
5103,59.5122528
5104,60.68151565
5105,59.34034875999999
5106,60.7640978
5107,178.56
5108,178.56
5109,89.5254927900001
5110,178.56
5111,178.56
5112,178.56
5113,178.56
5114,63.0192563
5115,61.78216786
5116,178.56
5117,62.15573293999999
5118,97.90517851999968
5119,178.56
5120,58.10499758
5121,58.79722065000001
5122,60.87926796000001
5123,62.74176334999999
5124,60.51522392999999
5125,60.75540603999998
5126,60.53689844999999
5127,59.72815975
5128,58.54943724
5129,58.50931324
5130,59.16996554000001
5131,61.88192520999999
5132,178.56
5133,178.56
5134,61.38563920999997
5135,62.13668964999999
5136,62.15808927999998
5137,62.49722961999998
5138,63.52789331
5139,64.62195299
5140,63.29572466
5141,62.95504327
5142,61.79811154999999
5143,60.82328455
5144,60.57112830999999
5145,60.39717852
5146,60.33020679000001
5147,60.75398104999999
5148,61.15101314
5149,61.80635355999998
5150,60.95955180000001
5151,61.35532486999999
5152,59.64440355999999
5153,58.56190424
5154,178.56
5155,57.87307442
5156,178.56
5157,100.4807402900006
5158,178.56
5159,178.56
5160,178.56
5161,178.56
5162,178.56
5163,178.56
5164,178.56
5165,60.89606354999999
5166,60.24486699000001
5167,59.35032593000001
5168,58.26962455999999
5169,58.21143034000001
5170,57.93039993999998
5171,58.24393645
5172,59.04737328
5173,59.40998566999998
5174,61.06126831
5175,61.77612916999998
5176,63.03517562999998
5177,63.22587172999999
5178,61.95400365000001
5179,61.12519469
5180,61.42289531000001
5181,62.02400175999999
5182,62.04483620999999
5183,106.0956572300003
5184,178.56
5185,178.56
5186,178.56
5187,178.0382970686999
5188,178.56
5189,58.53763139
5190,178.56
5191,58.65686435
5192,58.99627348999999
5193,59.23388827999997
5194,58.29614937999999
5195,58.53461137999999
5196,55.49626123999997
5197,54.73354383000001
5198,54.88332709789999
5199,53.8707443624
5200,56.23969455999998
5201,55.87078
5202,55.89317999999999
5203,55.91557999999999
5204,55.93798
5205,55.96037999999999
5206,55.98277999999999
5207,56.00517999999999
5208,56.02757999999999
5209,178.56
5210,55.53477999999999
5211,55.55717999999999
5212,137.192726020001
5213,55.60198
5214,55.62438
5215,178.56
5216,178.56
5217,178.56
5218,55.61660034
5219,54.02261626999999
5220,53.89135037999999
5221,55.08122402999999
5222,54.88283941
5223,53.84556575999999
5224,53.06542023999999
5225,52.82625215000001
5226,54.85367958
5227,54.6841967
5228,55.498002
5229,58.43487769000001
5230,58.63429999
5231,60.45729451999998
5232,61.34381371999999
5233,60.56370865999998
5234,61.55256114
5235,61.80300965999999
5236,58.03785581999999
5237,56.86326569
5238,56.22631469000001
5239,157.1454488100003
5240,52.95534041
5241,53.92191475999999
5242,53.45816202999998
5243,55.62036655000001
5244,54.80739347999999
5245,54.33830318
5246,55.13213950999999
5247,57.23551617
5248,56.37932097
5249,57.00216619999999
5250,178.56
5251,178.56
5252,178.56
5253,178.56
5254,62.07684238000001
5255,62.68246585999999
5256,60.75063183
5257,60.20622362999998
5258,64.02610949
5259,65.36785310999997
5260,62.81627050999999
5261,61.32266909999998
5262,130.4044851000005
5263,60.85826782
5264,60.39531063999999
5265,60.05026768999997
5266,59.49047124999998
5267,60.77936668999999
5268,61.59666386999999
5269,62.86109921000001
5270,61.65765920999998
5271,60.66263216999999
5272,59.63069749
5273,57.38280372999999
5274,178.56
5275,178.56
5276,178.56
5277,178.56
5278,65.79684069
5279,178.56
5280,65.6646949
5281,67.61834597000002
5282,67.31426541
5283,67.36895430999999
5284,178.56
5285,178.56
5286,64.31041701
5287,63.66135111
5288,63.54771766
5289,63.68964672
5290,64.03914327999999
5291,64.96375291
5292,65.28509127000001
5293,66.89171524
5294,61.66564200999999
5295,59.17304120000001
5296,60.47679897000002
5297,60.18467931
5298,60.87246199999999
5299,137.9671859600002
5300,178.56
5301,61.49860485999998
5302,61.07296789999999
5303,178.56
5304,178.56
5305,178.56
5306,62.85250027000001
5307,62.20610452
5308,61.76976371999999
5309,178.56
5310,60.73107144999999
5311,59.69035751000001
5312,59.09326689
5313,58.20555292999999
5314,58.64400948000002
5315,58.21657583
5316,58.52187361999999
5317,59.02239195999997
5318,61.07574431
5319,62.06754813
5320,62.1621749
5321,62.92636664999999
5322,63.39924234
5323,63.70292467
5324,64.03447897
5325,178.56
5326,178.56
5327,112.3708205500001
5328,178.56
5329,178.56
5330,178.56
5331,63.76006734999999
5332,63.75279589
5333,63.21496972
5334,178.56
5335,62.51002058
5336,63.39525661000001
5337,62.42872033999999
5338,63.06311662
5339,62.85012776
5340,64.23401613999998
5341,64.51890886
5342,63.28346213
5343,62.81886366000001
5344,63.60867107000002
5345,63.71274168
5346,62.82092131
5347,63.78539096999999
5348,142.8098251900001
5349,65.96280802999999
5350,63.01059639
5351,178.56
5352,178.56
5353,178.56
5354,178.56
5355,178.56
5356,178.56
5357,178.56
5358,161.0872747900005
5359,65.59112391999999
5360,65.76865476999997
5361,64.64714269999999
5362,64.35966894
5363,63.74366207999999
5364,63.77532756
5365,63.62658168999999
5366,63.50452857
5367,62.47408362999997
5368,62.26019575999998
5369,61.82878352000002
5370,64.15399718
5371,64.38789014000001
5372,65.06769086999998
5373,64.28808407000002
5374,64.88836886
5375,65.64894231
5376,66.40569194
5377,65.37115192999997
5378,66.92251503000001
5379,67.32180525
5380,67.12501047
5381,66.03527440999999
5382,64.93111289000002
5383,64.21066876
5384,62.29166705999999
5385,61.00681278999999
5386,61.11858431
5387,62.95238334
5388,64.58344185999997
5389,64.42070781999999
5390,65.19342171999999
5391,178.56
5392,178.56
5393,178.56
5394,64.43961524
5395,65.23060362
5396,170.6050705300003
5397,66.52157161999999
5398,178.56
5399,178.56
5400,68.18056594999999
5401,68.20177475999999
5402,67.35389479
5403,68.59189490999998
5404,65.96133634999998
5405,65.0085058
5406,64.90539503000002
5407,178.56
5408,63.29395121000003
5409,64.53641593
5410,64.894074
5411,64.15512376
5412,66.76883030999997
5413,67.65036977999999
5414,68.02322302999997
5415,66.54810148
5416,64.72386186
5417,66.87099971999999
5418,178.56
5419,178.56
5420,147.0313615400004
5421,61.01368448
5422,61.86542586000001
5423,178.56
5424,178.56
5425,53.72438861999998
5426,53.14323657999999
5427,53.02121048
5428,52.14152978999999
5429,90.92928749000015
5430,178.56
5431,178.56
5432,49.84681603999999
5433,49.27590528
5434,49.37166031
5435,50.70264941000001
5436,54.08384057999999
5437,58.18246727999998
5438,57.69255904999999
5439,56.03186952999999
5440,56.29548378999998
5441,54.02484962
5442,53.37799095999998
5443,53.69016848999999
5444,52.65566620999999
5445,53.78044965999999
5446,53.96385673
5447,178.56
5448,178.56
5449,51.73758778999999
5450,54.60529192999998
5451,55.21140337999999
5452,142.59987288
5453,178.56
5454,178.56
5455,54.46900479999999
5456,54.30788797
5457,54.05575776999999
5458,54.05387658999999
5459,53.15289322
5460,53.69381051999999
5461,56.38554284999999
5462,57.36241027999999
5463,57.62623062000001
5464,59.34342651999999
5465,59.34621665
5466,58.84329744999999
5467,178.56
5468,178.56
5469,58.17938245000001
5470,56.94794056000001
5471,55.51614313000001
5472,53.82798903999998
5473,52.05054155000001
5474,51.91527088999999
5475,52.03659076
5476,51.10054634999999
5477,178.56
5478,178.56
5479,49.31775568999998
5480,49.24341821000002
5481,48.94991275999999
5482,48.90781266
5483,48.65157513999999
5484,48.23438186
5485,48.17867838
5486,46.98463217
5487,47.40299255999999
5488,47.52628761999999
5489,48.20862885999999
5490,48.76823259000001
5491,49.20199164999999
5492,178.56
5493,171.3006866700002
5494,49.78619582999999
5495,50.47277165
5496,50.89413524999999
5497,50.61772547999999
5498,50.66176220000002
5499,49.39905781999998
5500,49.06615406
5501,47.74934478999999
5502,178.56
5503,47.034218
5504,46.98552123999998
5505,47.46930524
5506,48.28447175999999
5507,48.96024189
5508,49.56915054
5509,48.45641724
5510,49.16601710999999
5511,57.54196727999999
5512,63.84818335
5513,64.11482692999999
5514,178.56
5515,178.56
5516,52.45225782999999
5517,92.12811086000048
5518,178.56
5519,52.89254823999999
5520,53.77152143999999
5521,52.53671968999999
5522,50.05492575999998
5523,51.76614120999999
5524,52.66113048
5525,51.49773096999999
5526,51.72406385999999
5527,51.22514886999999
5528,50.84827734
5529,49.4988711
5530,47.77244730999998
5531,50.13356817000001
5532,52.80435769
5533,52.73936248
5534,53.80072382999998
5535,54.66824937000001
5536,54.50939214000001
5537,55.38338596000001
5538,129.6838030600002
5539,178.56
5540,178.56
5541,58.84840940999999
5542,58.71578299999998
5543,178.56
5544,178.56
5545,178.56
5546,54.66111728
5547,56.24217626999999
5548,178.56
5549,178.56
5550,178.56
5551,127.9520855300003
5552,54.60259259000001
5553,53.79010692999999
5554,53.12643679000001
5555,52.77582324
5556,53.81667718
5557,55.31811844999999
5558,55.88021103000001
5559,55.84434813999999
5560,56.43608599999998
5561,55.16491134
5562,53.49177154999998
5563,55.18119628000001
5564,55.69431706999998
5565,55.00249076
5566,53.85133354999999
5567,53.83338589999999
5568,53.40869771999999
5569,51.70689034000001
5570,51.05900562
5571,50.94326740999999
5572,50.61477798999999
5573,178.56
5574,178.56
5575,50.91938110000001
5576,50.87486844999999
5577,50.53885921000001
5578,50.61259216999999
5579,51.10903006999998
5580,51.66062510000001
5581,52.52709966
5582,52.91414547999999
5583,52.82132821
5584,52.52063592999998
5585,53.84025499999999
5586,54.69037931000002
5587,54.59289073000001
5588,54.23655286000002
5589,53.63651111000001
5590,89.84020204999996
5591,178.56
5592,178.56
5593,178.56
5594,86.7254791300005
5595,178.56
5596,178.56
5597,178.56
5598,51.50404945
5599,51.35630395
5600,51.03523355000001
5601,50.62746038000002
5602,50.31568016999999
5603,51.61720486999999
5604,51.47341346
5605,49.82588785999999
5606,50.94430614
5607,51.99511799999998
5608,50.82471099999999
5609,52.05775623999999
5610,52.16873214
5611,53.74155282999999
5612,53.51683372
5613,52.85906759
5614,53.47446958000001
5615,54.16687311
5616,54.31704172999999
5617,55.60696673
5618,52.29565102999999
5619,52.01559531
5620,53.19563858
5621,178.56
5622,178.56
5623,178.56
5624,52.80815841
5625,53.13075593000001
5626,53.33664748999999
5627,53.19262388999999
5628,54.72607168
5629,55.80768493999999
5630,55.60894037999999
5631,56.52921120000001
5632,57.67842899000001
5633,57.72700955
5634,122.6028382300003
5635,178.56
5636,57.55661372999999
5637,53.17297076000002
5638,52.58963731
5639,52.08499764999998
5640,54.48980341
5641,55.28292496999999
5642,55.43088607
5643,55.58806189999999
5644,53.65237716999999
5645,178.56
5646,178.56
5647,178.56
5648,55.99908986000001
5649,56.18973479000001
5650,56.02985107999999
5651,56.14393245999999
5652,56.54645513999998
5653,56.83671182
5654,56.64389730999998
5655,56.09118402999999
5656,54.66233996999998
5657,55.01463359
5658,57.73287995999998
5659,178.56
5660,146.2586161500001
5661,58.02435583
5662,53.51869411000001
5663,53.69298906999999
5664,55.30826252
5665,54.71818058
5666,54.20337748
5667,54.37410496
5668,55.30143472
5669,53.09276000000002
5670,178.56
5671,178.56
5672,51.80459214
5673,51.83243303
5674,51.77724342000001
5675,52.14570689999999
5676,49.14031297
5677,45.53298385999999
5678,47.02888211
5679,49.59505418
5680,49.69550578999998
5681,52.54783561999999
5682,80.46343699999986
5683,53.64078475
5684,178.56
5685,178.56
5686,50.94394164999999
5687,51.63998944999998
5688,52.79136288999998
5689,52.11560668999999
5690,52.77428401
5691,51.843526
5692,51.45413105
5693,50.49919475999999
5694,50.87962999000001
5695,51.96203824
5696,51.69840879
5697,51.52864296999999
5698,51.23228795999999
5699,51.97666592999998
5700,53.27842128
5701,53.54437234999999
5702,50.62601333999999
5703,52.66008979
5704,51.81467417
5705,52.13668124
5706,50.37925228
5707,178.56
5708,178.56
5709,178.56
5710,178.56
5711,48.99722106999999
5712,64.11083668999945
5713,102.3639974399999
5714,51.63342589999998
5715,52.30460185999998
5716,51.89259418
5717,51.39393475999999
5718,51.70658521
5719,50.54680378999999
5720,49.61910064999999
5721,48.86754879999999
5722,48.78371407
5723,49.64800616999999
5724,49.07155140999998
5725,51.94205288999999
5726,50.9075259
5727,51.94157723999999
5728,54.76487758
5729,54.87577662
5730,178.56
5731,178.56
5732,178.56
5733,178.56
5734,57.14377732
5735,56.22893297
5736,56.13206003999999
5737,54.41480134999999
5738,56.70433776
5739,54.61188131
5740,55.45941344999999
5741,55.81984303
5742,55.78963782
5743,57.44787789999999
5744,56.78500352
5745,57.01060603000001
5746,59.26890641
5747,59.62066172999999
5748,59.18858183
5749,57.87061622999999
5750,56.64407727999998
5751,57.59363364999999
5752,57.52799689
5753,57.23118177
5754,161.97257244
5755,178.56
5756,178.56
5757,178.56
5758,178.56
5759,55.60666993
5760,54.30587617
5761,53.50383906
5762,54.86532120999998
5763,54.70040632
5764,55.72798973
5765,55.90279807000001
5766,57.84538375
5767,56.86727200000001
5768,56.84031506999998
5769,56.95639830999999
5770,56.80318721000001
5771,61.24759431000001
5772,65.17304696
5773,65.44559434
5774,63.46768861999999
5775,58.86675283999998
5776,57.32487089
5777,178.56
5778,58.37744709999998
5779,158.2223298400005
5780,178.56
5781,178.56
5782,178.56
5783,52.91759886000001
5784,50.83220121
5785,49.60479027000001
5786,49.82798099999999
5787,50.03661789000002
5788,178.56
5789,178.56
5790,50.37923302999999
5791,49.74028066000001
5792,49.71429876000001
5793,49.64814924999997
5794,49.81831218000001
5795,51.02720441000002
5796,52.38409112999999
5797,54.34399068
5798,52.25810526999999
5799,49.69091911
5800,51.23504442
5801,49.57306865
5802,53.11334181999999
5803,56.12539554999999
5804,53.90930278999998
5805,178.56
5806,64.72903789000031
5807,178.56
5808,50.24250924
5809,49.39499186999998
5810,50.68096096
5811,51.32264690000001
5812,51.57648363
5813,50.85621876999999
5814,176.46993457
5815,50.67208327999999
5816,49.91121331
5817,49.16343361999999
5818,49.17513068999999
5819,49.28536192999999
5820,48.63711846
5821,48.73764700000002
5822,49.59760155
5823,51.13928917999999
5824,49.90530502999999
5825,48.08596849000001
5826,47.75940371999999
5827,48.66465995999998
5828,48.23614845000001
5829,178.56
5830,178.56
5831,178.56
5832,50.17800892999999
5833,47.94698089999999
5834,45.11750607
5835,45.15738507
5836,46.07827237999999
5837,178.56
5838,178.56
5839,50.11167721
5840,46.81147583
5841,45.57369368999999
5842,45.80196628000002
5843,46.52090793
5844,46.39636596
5845,44.95592044999999
5846,45.23224034
5847,46.15012493
5848,45.53029376
5849,45.60053560999999
5850,46.86702495999999
5851,47.15607623999999
5852,47.82794541000001
5853,150.4125113700004
5854,49.90095173
5855,178.56
5856,52.27084338
5857,51.62912068999999
5858,50.85803548
5859,50.8116749
5860,50.04916258999999
5861,50.46516041
5862,50.74408486
5863,178.56
5864,48.52975617
5865,48.79157472
5866,48.43182371999999
5867,47.44744907
5868,47.53886676
5869,48.67769010999999
5870,47.16871432
5871,49.68039552000001
5872,53.97044226000001
5873,54.54975876
5874,178.56
5875,62.80117172999986
5876,178.56
5877,178.56
5878,52.07206872
5879,50.29002516999999
5880,52.18881303999999
5881,50.86946403
5882,54.86054657999999
5883,52.92958502999998
5884,52.53451763
5885,52.36025879
5886,51.59696276000002
5887,51.76422601
5888,51.49548872999998
5889,50.44173637999999
5890,49.83802425
5891,49.36977975999999
5892,48.79553216999999
5893,49.38796338
5894,51.78506893000001
5895,52.27303654999999
5896,51.71762918
5897,178.56
5898,178.56
5899,178.56
5900,96.91164921000032
5901,178.56
5902,54.10271306999999
5903,54.11176652
5904,55.04435803999998
5905,55.46782667999999
5906,56.48167909999999
5907,56.56491035999998
5908,57.90608879999998
5909,57.13259062000001
5910,55.88719752
5911,52.85803642
5912,50.49654182999999
5913,49.26271301000001
5914,49.00272755
5915,51.37342237999999
5916,53.23275936999998
5917,52.56151803000002
5918,51.65280841
5919,51.53088458
5920,54.00432295999999
5921,101.6008194700003
5922,178.56
5923,178.56
5924,178.56
5925,178.56
5926,53.0278189
5927,54.00157952000001
5928,54.81222859
5929,55.64610793000001
5930,56.85546363
5931,57.0067099
5932,57.55822786
5933,178.56
5934,178.56
5935,56.19657637999997
5936,53.02442564999998
5937,52.04531297
5938,50.89492604
5939,50.8872952
5940,51.98135648999997
5941,53.05511379
5942,54.51181917999999
5943,55.86662711
5944,55.35323493000001
5945,55.97928966000001
5946,56.99388617999999
5947,135.7844747200007
5948,178.56
5949,178.56
5950,55.76832576
5951,55.11084138
5952,55.65106623999999
5953,56.48009562999997
5954,57.60626368000001
5955,57.75340396000001
5956,178.56
5957,178.56
5958,165.0656411700003
5959,54.57808720000001
5960,52.42454434000001
5961,51.85756072
5962,51.53972362
5963,52.67297693
5964,53.22387931
5965,55.93560735
5966,59.22470651999999
5967,58.94015869
5968,66.16639658999998
5969,62.44983045
5970,61.02989136999999
5971,59.39358298999998
5972,178.56
5973,178.56
5974,61.08455941
5975,59.82565406999998
5976,58.99869289999999
5977,57.76050223999999
5978,57.26987672
5979,55.60492455
5980,53.86446156000002
5981,178.56
5982,178.56
5983,52.03326289
5984,51.84024286000002
5985,51.6784079
5986,51.51272273
5987,52.10420396999999
5988,53.36553368999999
5989,53.44185987
5990,53.82574925
5991,53.39266828
5992,53.85486666
5993,178.56
5994,178.56
5995,101.5613894800006
5996,53.29517654999999
5997,52.95962902999999
5998,53.46535823999999
5999,52.89118737
6000,52.06846176000001
6001,53.06201403999999
6002,52.89337676000001
6003,51.18882012999999
6004,49.55240997000001
6005,178.56
6006,91.86946927999965
6007,49.85329055
6008,49.36389765999999
6009,48.39117485999999
6010,47.99215421
6011,47.97012506999999
6012,47.32437045
6013,49.69275437
6014,51.55548026999999
6015,53.09947684999999
6016,53.73033133999999
6017,55.78458214000001
6018,57.66378568999998
6019,57.84927162
6020,57.32245644999997
6021,178.56
6022,178.56
6023,178.56
6024,55.74667538999999
6025,56.22979355
6026,54.78824434999997
6027,54.17036303
6028,53.54858145
6029,52.99828121
6030,52.86933652
6031,52.47090533999999
6032,51.68863084
6033,54.37869541999999
6034,55.73807078
6035,57.13997779000001
6036,61.10267373
6037,60.97756721
6038,53.98239272999999
6039,54.53488634999998
6040,55.48303116999999
6041,56.74110211000001
6042,56.54505304000001
6043,127.2915974199996
6044,56.75973995999998
6045,178.56
6046,178.56
6047,178.56
6048,178.56
6049,53.69972768999998
6050,53.85064061999999
6051,55.28332151999999
6052,56.11635134000001
6053,129.8591533400007
6054,178.56
6055,178.56
6056,54.97142188999999
6057,54.67399007000001
6058,53.50938348
6059,51.80670166000001
6060,51.87807289
6061,52.70206829999999
6062,52.09951151999999
6063,54.05068409999999
6064,55.38752603999999
6065,178.56
6066,56.93911279
6067,57.5274371
6068,56.94120320000001
6069,178.56
6070,56.54025104
6071,56.98846083
6072,56.61682628
6073,56.38902955
6074,56.94339706999999
6075,57.89072106999999
6076,58.12487114
6077,57.35170721000001
6078,178.56
6079,178.56
6080,54.10566020999999
6081,52.50418124000002
6082,59.89933117
6083,60.97919855999999
6084,58.27140857999998
6085,57.84186954
6086,56.97928334
6087,56.34153679
6088,54.51434568999999
6089,54.04553686000001
6090,55.39965213999999
6091,54.69630098100001
6092,152.9655180840002
6093,178.56
6094,178.56
6095,57.93096665999999
6096,57.579146695
6097,57.04817467999998
6098,56.27796276549999
6099,55.88389569
6100,55.47532620000001
6101,178.56
6102,178.56
6103,51.1545909
6104,46.84540686699999
6105,28.06830825399999
6106,26.50360999999999
6107,26.52600999999999
6108,26.54840999999999
6109,26.57080999999999
6110,25.1957627012
6111,39.97552068300001
6112,46.15009211400001
6113,45.29926067799999
6114,102.5546322533004
6115,45.11906699999999
6116,178.56
6117,45.13304124
6118,45.09368731
6119,45.23851738
6120,45.53034031
6121,45.17523745
6122,45.130904
6123,45.1795351
6124,45.19700731
6125,45.231676
6126,45.24212693
6127,45.314962
6128,112.4493231700002
6129,45.15691831000001
6130,50.95637134
6131,52.68090785999999
6132,54.42374503999999
6133,53.95760531
6134,53.18523706999999
6135,54.76783753
6136,54.86895596
6137,56.00988365
6138,178.56
6139,178.56
6140,178.56
6141,178.56
6142,58.61473296000001
6143,58.65009493000001
6144,58.45822948000001
6145,58.08177172000001
6146,58.21133024
6147,58.41639993
6148,58.00251751
6149,178.56
6150,178.56
6151,55.37496131999999
6152,55.53034024999999
6153,54.95342306999999
6154,55.54441696999998
6155,54.87681941
6156,54.56912083
6157,55.00072445000001
6158,54.60719613999999
6159,54.68159711
6160,55.39152955000001
6161,147.48300328
6162,178.56
6163,56.38362736999999
6164,57.18023709999999
6165,178.56
6166,57.43037006
6167,56.57758854999999
6168,57.38441324
6169,56.87702993
6170,56.24528944999998
6171,56.05611914000001
6172,56.18108313999997
6173,178.56
6174,178.56
6175,54.35530029999999
6176,53.73819024
6177,52.35128465
6178,53.27124823999998
6179,54.88919197999999
6180,55.31671404
6181,54.93886797
6182,55.10138214000001
6183,55.69432638
6184,56.37402414
6185,132.1500520099999
6186,178.56
6187,178.56
6188,55.60707579
6189,56.25959275999999
6190,56.04036675999999
6191,56.24056011000001
6192,56.11583803000001
6193,55.68876614000002
6194,55.00430565
6195,53.93294641000001
6196,54.57560731000002
6197,54.85878006000002
6198,178.56
6199,178.56
6200,54.21772097000001
6201,54.80992048
6202,53.37486427000001
6203,52.54348855
6204,50.35978716999998
6205,49.60956867999999
6206,49.84120385999999
6207,50.82076629000001
6208,50.88310255
6209,51.17433517
6210,51.58335252
6211,51.67520624000002
6212,178.56
6213,90.67968892999947
6214,178.56
6215,52.37975448999999
6216,53.52324865999999
6217,52.98824810999999
6218,53.29364831
6219,53.20768355
6220,53.77059876999999
6221,53.54924154999998
6222,53.28670214
6223,178.56
6224,178.56
6225,52.7656738
6226,52.19412079000001
6227,50.49598176
6228,49.15296631000001
6229,49.576408
6230,49.68989921
6231,48.42983789
6232,48.31874600000001
6233,47.83464021
6234,48.26675749
6235,48.23194620999999
6236,178.56
6237,178.56
6238,56.5390103899995
6239,48.39895683
6240,49.74149557999999
6241,48.88168334
6242,48.11062431
6243,48.07504309999999
6244,47.79881113
6245,152.7878428499999
6246,178.56
6247,178.56
6248,47.96219007999999
6249,47.73010375
6250,47.63133234999999
6251,47.135753
6252,47.18731066
6253,47.95140034999999
6254,48.22843949000001
6255,48.26125955000001
6256,48.56322107
6257,48.68497732
6258,48.91856172
6259,178.56
6260,48.56953269000001
6261,48.92737030999999
6262,49.29213772
6263,49.210896
6264,50.65843740999998
6265,50.06786834
6266,49.02733485999997
6267,48.41148186000001
6268,48.32166738
6269,48.21262900999999
6270,178.56
6271,171.8926730700001
6272,47.65295696
6273,48.32285024
6274,47.57563524000001
6275,47.64413283
6276,48.58627263
6277,49.70227724
6278,49.22181606999999
6279,49.61910338
6280,50.16271637999999
6281,52.67986464999998
6282,51.65691223
6283,178.56
6284,178.56
6285,51.16884065999999
6286,51.1538188
6287,50.44102210000001
6288,50.79973226999999
6289,50.47773961999999
6290,50.47542289999999
6291,49.88449213999998
6292,49.52846289999999
6293,49.42581455
6294,48.41647706
6295,178.56
6296,48.40563224
6297,47.93215217
6298,47.40564556
6299,50.80957686000001
6300,51.28527606999999
6301,51.81310372000001
6302,51.93793941
6303,50.84047703
6304,50.93941496000001
6305,50.75951061999999
6306,178.56
6307,178.56
6308,175.8433934500001
6309,49.63351085
6310,49.32861002999999
6311,49.58370416999999
6312,50.21199169
6313,49.63761852
6314,49.89461183
6315,49.74976720000002
6316,49.2690751
6317,49.12980086
6318,49.47368775999999
6319,178.56
6320,49.21859858999998
6321,48.81847389999998
6322,48.55499859
6323,48.46056334
6324,48.37552286
6325,48.402697
6326,47.98599203999998
6327,48.31924139
6328,48.01169575999999
6329,48.02988624
6330,48.18603537999999
6331,158.6194395499999
6332,178.56
6333,178.56
6334,48.27622547999999
6335,47.92753678999999
6336,48.54424862
6337,47.03871452
6338,47.00395461999999
6339,47.05207254999999
6340,47.02729724
6341,47.05621605999999
6342,47.30308310000001
6343,47.32686916999999
6344,47.35902318
6345,47.23381348
6346,47.09831300999998
6347,47.08400878999999
6348,47.23458845
6349,48.19056234999999
6350,48.19825556000001
6351,48.03405858999999
6352,49.02024127
6353,48.84847344999999
6354,48.99676817
6355,178.56
6356,178.56
6357,159.3726264299996
6358,178.56
6359,51.30049630999999
6360,51.3322649
6361,51.27235365000001
6362,50.64328353000001
6363,51.64822844999998
6364,50.82609252
6365,49.75357799999999
6366,49.353157
6367,162.5555023600002
6368,48.82979927
6369,48.94726963
6370,49.23845066000001
6371,49.84563926999999
6372,49.42629006
6373,48.42228061999999
6374,48.54796331
6375,48.59135932000001
6376,48.27038972
6377,50.05383138
6378,49.36703555
6379,49.01318835000001
6380,47.47169266
6381,178.56
6382,178.56
6383,178.56
6384,48.27875269
6385,46.69467817
6386,46.60527501000001
6387,47.23761692999999
6388,47.54342796000001
6389,47.60086352
6390,178.56
6391,47.16311564999999
6392,46.72313128
6393,46.72420221000001
6394,46.6110043
6395,46.46133568999999
6396,46.24649855
6397,46.52995417
6398,47.15102965999998
6399,51.74735734
6400,52.49214572000001
6401,178.56
6402,169.1918848500004
6403,178.56
6404,51.75502234
6405,52.10231165999999
6406,48.34798948000001
6407,47.66288792999999
6408,47.06738847999999
6409,46.14392327999999
6410,47.38895441
6411,48.09272811
6412,47.89257172
6413,48.14838448
6414,47.42692563000001
6415,47.92189968999999
6416,48.13143488999999
6417,48.19295130999999
6418,47.86854400999999
6419,47.48361324
6420,48.60413620999998
6421,48.07465138
6422,48.49419182999998
6423,49.87892658000001
6424,50.65923828
6425,51.78530413000001
6426,52.20040496999999
6427,51.73251964999999
6428,178.56
6429,178.56
6430,178.56
6431,178.56
6432,58.07205230000005
6433,54.15233334000001
6434,54.8045169
6435,55.32911076
6436,55.94695133999999
6437,178.56
6438,55.37730267999999
6439,54.00305189999999
6440,118.0701941600003
6441,52.58236207
6442,52.63900124
6443,51.865401
6444,51.74971445000001
6445,52.11804941
6446,52.56099772000001
6447,52.91418958000001
6448,53.81839371999998
6449,54.34658166000001
6450,55.73665586999999
6451,56.64648051999999
6452,178.56
6453,178.56
6454,178.56
6455,55.01810747999998
6456,56.10403190000001
6457,55.07674459
6458,54.75523669
6459,54.38606634999999
6460,178.56
6461,178.56
6462,178.56
6463,54.09801802999997
6464,54.19331183000001
6465,54.17731402999999
6466,53.79400116999999
6467,54.51699918
6468,54.28216745
6469,54.47219665999999
6470,55.04419704
6471,53.20178506999999
6472,53.48621607
6473,178.56
6474,101.2767207700002
6475,52.38812396999999
6476,52.6420111
6477,52.66697765
6478,51.14978862
6479,52.23735601
6480,53.17954572000001
6481,52.74477348000001
6482,53.44895709999999
6483,53.50203025999998
6484,53.25695654999999
6485,178.56
6486,178.56
6487,178.56
6488,52.04052014
6489,51.98150523999999
6490,53.10644261999999
6491,54.77520510000001
6492,55.28083169
6493,55.18229023999999
6494,54.67842141999999
6495,54.10591935
6496,53.94600882999998
6497,53.81230413999999
6498,102.0292661900002
6499,178.56
6500,53.94153996000001
6501,53.89733531
6502,53.79653552
6503,53.51114097
6504,53.04869689
6505,52.78524958000001
6506,52.81994416999999
6507,52.76742317
6508,52.29728014000001
6509,51.07002151999999
6510,85.56050976999983
6511,178.56
6512,178.56
6513,50.61680861999999
6514,50.71423245
6515,51.07591972000001
6516,51.18332793000001
6517,51.40356696999999
6518,52.25985141999998
6519,52.36261323999999
6520,52.81349233999999
6521,53.63356117000001
6522,178.56
6523,178.56
6524,53.76292557999999
6525,53.37391485999999
6526,54.96026241999999
6527,54.95032158000001
6528,56.07728664999998
6529,55.58928165
6530,55.73521625
6531,56.44699661999999
6532,56.12186950999998
6533,55.88113531000001
6534,54.56469647999999
6535,178.56
6536,54.09364807000002
6537,54.36416747999998
6538,54.63111871
6539,54.30052565000002
6540,55.78838985999998
6541,55.92557109999998
6542,55.47072594000001
6543,56.43504048
6544,133.2360236900004
6545,55.91481483
6546,56.12927851999999
6547,55.85782047999999
6548,178.56
6549,178.56
6550,178.56
6551,56.06310038000001
6552,56.72169979
6553,56.63712312999999
6554,56.54923400000001
6555,56.16692213999998
6556,55.92875399999999
6557,55.85102852
6558,55.88950765999999
6559,55.50488482
6560,55.12311279999999
6561,54.85786558000002
6562,56.05038312999996
6563,58.13142985999999
6564,57.68325681999998
6565,56.18449704
6566,55.44459564
6567,57.20211483000001
6568,136.3494645300001
6569,178.56
6570,178.56
6571,178.56
6572,178.56
6573,53.99199427999999
6574,55.44638848
6575,55.52820776999999
6576,55.23878296999999
6577,55.40014479999999
6578,54.06944892999999
6579,53.24733939000001
6580,52.80165583
6581,52.86525006
6582,178.56
6583,178.56
6584,51.85325599999999
6585,51.93178879
6586,51.94933750999999
6587,52.64582148
6588,52.03553865999999
6589,51.57473741
6590,51.63091444000001
6591,51.86298564999998
6592,178.56
6593,51.96358503
6594,81.66630872000026
6595,178.56
6596,51.27490179
6597,51.52981673
6598,50.45609540999999
6599,49.16418240999999
6600,50.55171575999999
6601,51.12258921000002
6602,51.32845431
6603,178.56
6604,51.25649668999999
6605,178.56
6606,51.48426037999999
6607,75.3250270999998
6608,51.315257
6609,51.328186
6610,51.35163831000001
6611,51.375758
6612,51.39564262
6613,51.42230331
6614,51.43728569
6615,51.45919799999999
6616,51.62356037999999
6617,51.61128462000001
6618,178.56
6619,178.56
6620,51.59416969
6621,52.79610735000001
6622,52.9182997
6623,53.25277971999999
6624,53.72511662000002
6625,53.54985978999999
6626,53.48519904
6627,52.84231883
6628,52.32204802999998
6629,52.46151344000001
6630,178.56
6631,178.56
6632,52.70618535
6633,54.21927980000001
6634,53.44786013000001
6635,54.59299748
6636,54.70746434999999
6637,54.47663613
6638,55.47721851000001
6639,54.24829234999999
6640,53.35452122000001
6641,107.07893943
6642,178.56
6643,178.56
6644,53.84318561999999
6645,54.87705783000001
6646,56.05704972000001
6647,57.83181607
6648,57.97608137999999
6649,56.45933047999999
6650,56.11428641
6651,55.79919582999998
6652,56.18578020999999
6653,55.55160072
6654,56.10171965999999
6655,55.99812134
6656,56.2999549
6657,56.55124993
6658,57.61094261999999
6659,57.95782104
6660,57.19094507000001
6661,56.45091640999998
6662,54.84707697000001
6663,56.41930735
6664,132.0510324500006
6665,178.56
6666,178.56
6667,178.56
6668,178.56
6669,53.34850493
6670,52.88878259
6671,53.06027999999999
6672,52.66246558999999
6673,52.36842289
6674,51.81866185999999
6675,51.81611442000001
6676,51.92919437999998
6677,51.87515858
6678,178.56
6679,178.56
6680,51.28625396999999
6681,51.15013666000001
6682,53.4787883
6683,53.58293786999999
6684,54.10147413999999
6685,53.79433982999998
6686,53.57529323999999
6687,53.49802975999999
6688,53.98363613999999
6689,178.56
6690,178.56
6691,100.4307143100004
6692,55.52925517999999
6693,55.43310072999999
6694,56.15299150999999
6695,56.84506057999999
6696,57.97946945000001
6697,56.47385785999999
6698,55.29957587
6699,53.55595497000001
6700,53.7882821
6701,53.45224773
6702,53.48130689999999
6703,53.04989423999999
6704,52.92566034
6705,52.41139617
6706,51.5739889
6707,53.07686775999999
6708,54.59794507999999
6709,53.62460606999999
6710,53.63042517
6711,178.56
6712,178.56
6713,178.56
6714,178.56
6715,128.4499291800007
6716,56.71166676000001
6717,56.74412778999999
6718,55.02676410000001
6719,54.57707766
6720,53.77221465
6721,53.16149692
6722,53.61881882000001
6723,54.33175496
6724,53.49683786999999
6725,53.06873607000002
6726,50.75953631
6727,178.56
6728,178.56
6729,178.56
6730,51.36606327999998
6731,52.67687866000001
6732,53.75892710999999
6733,54.20159304000002
6734,54.17817789999999
6735,53.58367944999998
6736,74.00932127999995
6737,53.63992696999998
6738,53.88768041999999
6739,53.43242302999999
6740,178.56
6741,50.70573683000001
6742,50.26988372
6743,49.92689366
6744,50.13848279999999
6745,50.30128151999999
6746,50.66155752
6747,49.91436771999999
6748,50.60361312999999
6749,49.83594252
6750,178.56
6751,178.56
6752,49.68496196999999
6753,49.39178999999999
6754,49.41419
6755,49.43659
6756,49.45898999999999
6757,49.48138999999999
6758,49.50379
6759,49.52619
6760,49.54859
6761,49.57098999999999
6762,49.59339
6763,49.61579
6764,178.56
6765,174.9065851199998
6766,49.68299
6767,49.70538999999999
6768,49.72778999999999
6769,49.22939
6770,49.25179
6771,49.27419
6772,49.29658999999999
6773,49.31898999999999
6774,170.8265999999999
6775,178.56
6776,178.56
6777,49.39178999999999
6778,49.41419
6779,49.43659
6780,49.45898999999999
6781,49.48138999999999
6782,49.50379
6783,49.52619
6784,49.54859
6785,49.57098999999999
6786,178.56
6787,49.61579
6788,49.63818999999999
6789,49.66058999999999
6790,49.68299
6791,49.70538999999999
6792,49.72778999999999
6793,49.22939
6794,49.25179
6795,49.27419
6796,49.29658999999999
6797,178.56
6798,49.32459
6799,171.0225999999998
6800,49.36939
6801,49.39178999999999
6802,49.41419
6803,49.43659
6804,49.45898999999999
6805,49.48138999999999
6806,49.50379
6807,49.52619
6808,49.54859
6809,178.56
6810,178.56
6811,49.61579
6812,49.63818999999999
6813,49.66058999999999
6814,49.68299
6815,49.70538999999999
6816,49.72778999999999
6817,49.22939
6818,49.25179
6819,49.27419
6820,49.29658999999999
6821,49.31898999999999
6822,49.32459
6823,49.34699
6824,49.36939
6825,49.39178999999999
6826,49.41419
6827,49.43659
6828,49.45898999999999
6829,49.48138999999999
6830,49.50379
6831,49.52619
6832,171.521
6833,178.56
6834,178.56
6835,178.56
6836,49.63818999999999
6837,49.66058999999999
6838,49.68299
6839,49.70538999999999
6840,49.72778999999999
6841,49.22939
6842,49.25179
6843,178.56
6844,178.56
6845,178.56
6846,49.32459
6847,170.6556879800005
6848,49.36939
6849,49.39178999999999
6850,49.41419
6851,49.43659
6852,49.45898999999999
6853,49.48138999999999
6854,49.50379
6855,49.53584062
6856,49.73811261999999
6857,49.76520976
6858,49.784658
6859,49.76824999999999
6860,49.67987262
6861,49.65106768999999
6862,49.62536830999999
6863,49.60113199999999
6864,49.649327
6865,178.56
6866,178.56
6867,68.43708518800075
6868,49.19951869
6869,178.56
6870,49.23788799999999
6871,49.24825037999999
6872,49.27370462
6873,49.29636130999999
6874,49.76877527999999
6875,56.05566463
6876,55.33116407
6877,54.21129454999999
6878,55.17835617000001
6879,53.27616699999998
6880,51.310991872
6881,54.22176382000001
6882,178.56
6883,54.12408798999999
6884,54.04392455000001
6885,52.88242407000001
6886,51.59646547999998
6887,51.70685149
6888,52.3546702
6889,52.74993317999998
6890,178.56
6891,178.56
6892,178.56
6893,178.56
6894,53.58225362
6895,53.21028537999999
6896,53.05943523999999
6897,52.94449314
6898,53.10885467999999
6899,109.21173162
6900,55.97904206999998
6901,56.64690730999997
6902,54.21405947999999
6903,53.85879933
6904,55.90984196
6905,57.26190420999999
6906,56.85087141999998
6907,55.41707206
6908,54.80116761
6909,52.67503723999999
6910,52.71289778999999
6911,53.35413797
6912,53.57008979
6913,50.28806243999999
6914,49.31051594
6915,49.33060594000001
6916,50.16576662999999
6917,49.71097180000001
6918,49.39948601
6919,93.78706309000088
6920,49.21713552
6921,48.84100850999999
6922,50.3128052
6923,52.45624789999999
6924,53.56119041000002
6925,55.73897447999998
6926,54.86134745
6927,53.78667706999998
6928,178.56
6929,178.56
6930,178.56
6931,178.56
6932,55.03789249000001
6933,54.73121884999998
6934,53.48047635000001
6935,53.08936003000001
6936,52.89610878999999
6937,52.07405245
6938,53.72705526999999
6939,53.19064114000001
6940,53.15364872999999
6941,52.04725385999999
6942,86.02447483999973
6943,178.56
6944,178.56
6945,49.07976017
6946,49.54355041999999
6947,51.13405555999999
6948,56.54861015999999
6949,56.28118327999999
6950,55.69492354999999
6951,54.51655943999999
6952,54.50821151999999
6953,178.56
6954,178.56
6955,53.5334989
6956,53.40567218
6957,52.97115397
6958,52.31790396
6959,53.03209786000001
6960,52.73338293999998
6961,51.47568551999999
6962,50.88729540999998
6963,50.55867908
6964,49.99095031000002
6965,49.68918016999999
6966,49.45638788999999
6967,178.56
6968,178.56
6969,47.30835025
6970,46.62861244999999
6971,48.04969211000001
6972,50.69851178
6973,50.65651345999999
6974,50.61895573000001
6975,50.44177095999999
6976,51.23545469
6977,167.0128455599993
6978,178.56
6979,48.71445362000001
6980,49.74293639
6981,48.75329927999999
6982,48.94009392999999
6983,48.37911679999999
6984,48.57535641
6985,47.77275516999999
6986,47.68602062
6987,47.47739486
6988,47.76693347999999
6989,47.99623254999999
6990,178.56
6991,47.77639573
6992,47.93393031
6993,48.36699678999999
6994,48.4618792
6995,48.95362087000001
6996,48.68190579000001
6997,49.19435996999999
6998,50.03496169000001
6999,49.87902955000001
7000,49.5618599
7001,165.8020824999996
7002,178.56
7003,178.56
7004,49.95668783
7005,49.77626969
7006,49.76353172
7007,49.65164435000002
7008,47.64678793
7009,46.62799624
7010,46.79744047999999
7011,46.90916097
7012,46.62361255999998
7013,46.48675016999999
7014,46.48185276
7015,46.19114534999999
7016,46.76845852
7017,45.42813793
7018,46.35292648000001
7019,45.87680278999999
7020,46.90282135
7021,47.78864776
7022,48.67988986
7023,49.04622337999999
7024,49.48326803
7025,178.56
7026,178.56
7027,178.56
7028,48.78895707
7029,49.09707795999999
7030,48.49141507000001
7031,48.15525175999999
7032,148.4979439099998
7033,178.56
7034,178.56
7035,178.56
7036,47.04641921000002
7037,47.21627385999999
7038,44.91297818
7039,44.93834751000001
7040,44.63364493000001
7041,45.18056193
7042,45.66988335000001
7043,45.59967118
7044,46.17012421
7045,47.29515693000001
7046,47.82847047999999
7047,48.84863004000002
7048,49.51073869
7049,49.43300572000001
7050,148.0460939500006
7051,47.69370179
7052,48.9681927
7053,48.51362138
7054,48.85174049
7055,47.32045255000001
7056,47.40978452
7057,61.83621115000001
7058,62.3935039
7059,63.14214221000001
7060,61.8614192
7061,60.86269713999999
7062,61.67986530999998
7063,61.90220876
7064,61.86465102999999
7065,61.93386773
7066,61.91153024
7067,62.15376461000001
7068,60.34656760999999
7069,59.80861355
7070,58.51331247999999
7071,59.40111547999999
7072,60.61136935
7073,104.7519610700002
7074,59.90944840999999
7075,61.05417576999999
7076,178.56
7077,178.56
7078,178.56
7079,178.56
7080,178.56
7081,178.56
7082,62.79757372
7083,63.18708500999999
7084,62.18268832999999
7085,178.56
7086,178.56
7087,178.56
7088,62.56565952
7089,61.19818355
7090,60.92282469000001
7091,62.0007913
7092,62.08579320999999
7093,61.01936197000001
7094,61.25492317
7095,59.79556100000001
7096,58.50598376000001
7097,93.66628889000043
7098,58.55324748000001
7099,178.56
7100,57.32736863
7101,57.07161873
7102,56.40879552
7103,57.48096199999999
7104,57.86446652000001
7105,58.31423002999999
7106,59.08902306999998
7107,59.52932747999999
7108,59.57672707
7109,178.56
7110,60.20359639000001
7111,60.08128707
7112,59.64379175999999
7113,58.63475086
7114,59.19574030999998
7115,59.33638689999999
7116,59.16343776000001
7117,58.90391492999998
7118,58.25035796999998
7119,56.82780102999998
7120,60.23848369
7121,178.56
7122,178.56
7123,178.56
7124,59.94000417999998
7125,59.84844347999999
7126,78.2038283100006
7127,178.56
7128,60.55197210999999
7129,65.75740765000089
7130,178.56
7131,58.90046785000001
7132,59.07699657999998
7133,59.45685703999999
7134,178.56
7135,57.9783148
7136,56.91088157999999
7137,56.09026045
7138,56.38613904
7139,57.19537557999998
7140,59.27701296999999
7141,58.16625493
7142,58.44501425000001
7143,58.45411915
7144,178.56
7145,178.56
7146,178.56
7147,60.74011768999999
7148,60.45503057999998
7149,59.65930648999999
7150,60.29973404
7151,59.81952913999999
7152,59.83343288999998
7153,58.28073587000002
7154,58.48210906999999
7155,57.94094565
7156,178.56
7157,178.56
7158,58.38423997
7159,178.56
7160,59.54543707000001
7161,60.50456748
7162,61.51192593
7163,61.511688
7164,61.09105603999998
7165,61.13899393
7166,61.43938892
7167,61.48455614
7168,61.08799850999999
7169,178.56
7170,178.56
7171,59.62859672
7172,59.93676997000001
7173,60.37879477000001
7174,78.69598597000018
7175,60.22701258000001
7176,61.30467230999997
7177,62.50936951000001
7178,62.29106813999999
7179,62.67572660999998
7180,118.3491069299999
7181,61.09482658999999
7182,60.28927044
7183,178.56
7184,60.14067262000001
7185,59.95992092999998
7186,60.29437679999999
7187,61.68052338
7188,61.58457403
7189,61.26073078999999
7190,62.66938817999999
7191,63.15152857999999
7192,62.91785289999998
7193,178.56
7194,178.56
7195,178.56
7196,63.03229779
7197,63.96684035000001
7198,178.56
7199,63.90437906999997
7200,61.32156086
7201,60.73336485999997
7202,178.56
7203,178.56
7204,61.10543340999999
7205,61.90460926999999
7206,62.44827420999999
7207,62.34200630000001
7208,63.6349329
7209,64.12379841
7210,63.85714083
7211,63.40427113999999
7212,63.53983523999997
7213,62.37569120999999
7214,63.09776508000001
7215,63.63447215999999
7216,178.56
7217,178.56
7218,178.56
7219,113.5107191699999
7220,60.45767532
7221,59.34979113
7222,60.29264989999999
7223,59.93366826999998
7224,60.13899548999998
7225,59.78372435000001
7226,178.56
7227,61.90298162999999
7228,61.90448803
7229,61.74776132
7230,61.42045147
7231,105.19961061
7232,59.22396249
7233,59.64668486
7234,60.12348769000001
7235,61.08092423999997
7236,62.78841764999999
7237,61.57288913999999
7238,63.06416647999999
7239,178.56
7240,178.56
7241,178.56
7242,178.56
7243,61.99747581999998
7244,62.16879437999999
7245,62.47355358999999
7246,63.50842539999996
7247,63.31212104000001
7248,62.81004820999999
7249,61.38902055999999
7250,62.96130245999998
7251,61.32781648
7252,61.15140297
7253,60.9377727
7254,60.38318524
7255,178.56
7256,59.25820131
7257,59.5660149
7258,60.24771465999999
7259,58.47219013999998
7260,58.29120674999998
7261,58.55251262
7262,57.44889017000001
7263,56.12455981999999
7264,69.27718945000089
7265,60.76631210999999
7266,60.10867288999999
7267,58.72040775999999
7268,58.52520611000001
7269,178.56
7270,178.56
7271,178.56
7272,178.56
7273,178.56
7274,178.56
7275,178.56
7276,178.56
7277,178.56
7278,57.85137448999999
7279,57.9745418
7280,57.51107130999999
7281,59.19343758999999
7282,61.04653869999999
7283,62.49677518
7284,61.02463037999999
7285,60.61046641999999
7286,60.12369048000001
7287,59.07037527999999
7288,57.14500890000001
7289,57.06607654999997
7290,57.51541621
7291,58.05022530999999
7292,56.33350337999998
7293,55.58479954999999
7294,56.71556344999998
7295,59.94758094000061
7296,58.59257767999999
7297,59.21720973000001
7298,59.58872667999999
7299,59.33900994000001
7300,58.63671100000001
7301,57.50988621
7302,57.36452812999999
7303,56.45938739
7304,178.56
7305,178.56
7306,178.56
7307,54.91160786999998
7308,53.99170643999999
7309,54.16749142
7310,54.00049724999998
7311,52.53143258999999
7312,53.24932200000001
7313,55.95707221999999
7314,55.583486
7315,55.28479628
7316,56.06582569000001
7317,178.56
7318,137.7182957399999
7319,54.7170218
7320,54.85810442
7321,54.11485568999999
7322,53.89049624
7323,178.56
7324,90.5143787400001
7325,53.64140579000001
7326,53.38011272999999
7327,51.99207769
7328,51.59749728000001
7329,51.61535435
7330,51.87694168999999
7331,52.80591343999998
7332,52.86594145000001
7333,53.29921359
7334,53.34173642
7335,53.58751355999998
7336,53.38484185999999
7337,52.22480382
7338,178.56
7339,178.56
7340,178.56
7341,51.94308482999998
7342,52.37902642
7343,52.46187149
7344,54.33375962
7345,54.06732156000002
7346,178.56
7347,178.56
7348,121.8866444900002
7349,53.79961474999998
7350,53.73482590000002
7351,53.13077909999999
7352,52.01185934
7353,51.72135723999999
7354,51.32323454999999
7355,50.38475197
7356,50.0382701
7357,51.60718955
7358,55.888434
7359,57.64718371999999
7360,57.41979606999999
7361,56.55138334999998
7362,178.56
7363,55.50686427999998
7364,55.07696599999999
7365,55.94089857999998
7366,56.39914441000001
7367,178.56
7368,58.81385033999999
7369,58.37185206999999
7370,55.45721516999998
7371,53.89464745
7372,53.15746820999999
7373,52.23138207
7374,52.21292139000001
7375,51.91810623999999
7376,104.3713308200004
7377,178.56
7378,178.56
7379,51.46996358000001
7380,52.67267158999999
7381,178.56
7382,54.14756668999999
7383,55.52234296
7384,54.93836824000001
7385,56.24682202999998
7386,55.21529769
7387,55.68042221000001
7388,56.07714496999998
7389,53.32474693
7390,54.3185272
7391,56.73634659
7392,178.56
7393,178.56
7394,178.56
7395,178.56
7396,178.56
7397,140.1216148800008
7398,56.19194685999999
7399,54.18208544
7400,52.89009557999999
7401,52.64856583
7402,53.03527830999999
7403,54.16994296000001
7404,53.95161533999999
7405,52.74263218000001
7406,54.34810066
7407,54.58430390000004
7408,55.24626534000001
7409,55.97293345000001
7410,53.86533389999999
7411,53.64957297000001
7412,53.51330103000001
7413,52.23414504
7414,53.41903966
7415,55.29870535000001
7416,56.35554862000001
7417,55.56235299999998
7418,55.58067242000001
7419,54.52558538
7420,54.04381401999999
7421,53.29670185000001
7422,52.69976592999998
7423,178.56
7424,50.72280276
7425,51.80474795999999
7426,178.56
7427,52.35382137999999
7428,54.13649331999999
7429,54.38886593000001
7430,54.66744437000001
7431,55.80380456
7432,55.67335927999999
7433,178.56
7434,178.56
7435,114.1282945900001
7436,55.870374
7437,56.27772254999999
7438,58.39544697
7439,57.90592492999999
7440,55.5515667
7441,57.67859565999998
7442,60.59550314999998
7443,60.43800427
7444,60.96752627000001
7445,60.38303838
7446,61.18367751999998
7447,178.56
7448,75.61005468000015
7449,56.70625967999998
7450,56.22839130999999
7451,55.67634631999999
7452,57.28823043999999
7453,58.72232288999999
7454,58.30951903
7455,178.56
7456,178.56
7457,178.56
7458,178.56
7459,61.04621845
7460,61.50356618000001
7461,61.40517837999998
7462,61.59741447999997
7463,60.65041059
7464,63.45048261999999
7465,62.38486107000001
7466,63.0192563
7467,61.78216786
7468,60.92499678999999
7469,62.15573293999999
7470,60.60473916
7471,58.29650456
7472,58.10499758
7473,58.79722065000001
7474,60.87926796000001
7475,62.74176334999999
7476,89.26269795999983
7477,60.75540603999998
7478,178.56
7479,178.56
7480,178.56
7481,178.56
7482,178.56
7483,61.88192520999999
7484,61.53842057999998
7485,61.90195655
7486,61.38563920999997
7487,62.13668964999999
7488,62.15808927999998
7489,100.9504442800005
7490,63.52789331
7491,64.62195299
7492,63.29572466
7493,178.56
7494,178.56
7495,178.56
7496,60.57112830999999
7497,60.39717852
7498,60.33020679000001
7499,60.75398104999999
7500,61.15101314
7501,61.80635355999998
7502,60.95955180000001
7503,61.35532486999999
7504,59.64440355999999
7505,178.56
7506,178.56
7507,57.87307442
7508,59.66323950999999
7509,61.92718762999999
7510,61.57729179
7511,61.43447561999999
7512,61.56367469000001
7513,60.85984989
7514,61.88553448
7515,62.85634354999999
7516,178.56
7517,60.89606354999999
7518,60.24486699000001
7519,59.35032593000001
7520,58.26962455999999
7521,58.21143034000001
7522,57.93039993999998
7523,58.24393645
7524,59.04737328
7525,59.40998566999998
7526,61.06126831
7527,106.40030416
7528,178.56
7529,178.56
7530,178.56
7531,178.56
7532,61.42289531000001
7533,62.02400175999999
7534,62.04483620999999
7535,62.30819391999999
7536,62.90180609999999
7537,60.73138883000001
7538,61.47681855
7539,61.60280972999999
7540,59.71155372
7541,58.53763139
7542,58.55050831
7543,58.65686435
7544,58.99627348999999
7545,59.23388827999997
7546,58.29614937999999
7547,58.53461137999999
7548,153.3358780911
7549,54.73354383000001
7550,54.88332709789999
7551,178.56
7552,178.56
7553,178.56
7554,178.56
7555,55.91557999999999
7556,55.93798
7557,55.96037999999999
7558,55.98277999999999
7559,56.00517999999999
7560,56.02757999999999
7561,178.56
7562,178.56
7563,178.56
7564,55.57958
7565,55.60198
7566,55.62438
7567,55.64677999999999
7568,55.66918
7569,55.75808238
7570,55.61660034
7571,54.02261626999999
7572,53.89135037999999
7573,178.56
7574,135.5951270800008
7575,53.84556575999999
7576,53.06542023999999
7577,52.82625215000001
7578,54.85367958
7579,54.6841967
7580,55.498002
7581,58.43487769000001
7582,58.63429999
7583,60.45729451999998
7584,61.34381371999999
7585,178.56
7586,178.56
7587,61.80300965999999
7588,58.03785581999999
7589,56.86326569
7590,56.22631469000001
7591,53.51295606999998
7592,178.56
7593,53.92191475999999
7594,53.45816202999998
7595,55.62036655000001
7596,54.80739347999999
7597,54.33830318
7598,55.13213950999999
7599,57.23551617
7600,56.37932097
7601,57.00216619999999
7602,166.8193877
7603,56.41507899999998
7604,56.72530514
7605,59.49496293999998
7606,62.07684238000001
7607,62.68246585999999
7608,178.56
7609,178.56
7610,178.56
7611,178.56
7612,62.81627050999999
7613,61.32266909999998
7614,61.16712238000002
7615,60.85826782
7616,60.39531063999999
7617,60.05026768999997
7618,59.49047124999998
7619,60.77936668999999
7620,61.59666386999999
7621,62.86109921000001
7622,61.65765920999998
7623,178.56
7624,59.63069749
7625,178.56
7626,59.66253460999998
7627,120.8918207500005
7628,65.9950529
7629,64.75401086
7630,65.79684069
7631,65.57956573
7632,65.6646949
7633,67.61834597000002
7634,67.31426541
7635,67.36895430999999
7636,66.3770079
7637,65.04400224
7638,64.31041701
7639,63.66135111
7640,178.56
7641,178.56
7642,64.03914327999999
7643,64.96375291
7644,65.28509127000001
7645,66.89171524
7646,61.66564200999999
7647,127.4648807900002
7648,178.56
7649,178.56
7650,178.56
7651,61.95037863
7652,61.77055045
7653,61.49860485999998
7654,61.07296789999999
7655,60.39387158
7656,62.91084023000001
7657,62.29751731
7658,62.85250027000001
7659,62.20610452
7660,61.76976371999999
7661,60.54009275999999
7662,60.73107144999999
7663,59.69035751000001
7664,59.09326689
7665,58.20555292999999
7666,58.64400948000002
7667,58.21657583
7668,58.52187361999999
7669,59.02239195999997
7670,117.09208941
7671,62.06754813
7672,62.1621749
7673,178.56
7674,178.56
7675,178.56
7676,178.56
7677,178.56
7678,62.06513739999999
7679,63.38111255
7680,62.13362805999999
7681,62.36630386000001
7682,62.32510256
7683,63.76006734999999
7684,63.75279589
7685,63.21496972
7686,63.02887954999998
7687,62.51002058
7688,141.7482438299999
7689,62.42872033999999
7690,178.56
7691,178.56
7692,64.23401613999998
7693,64.51890886
7694,63.28346213
7695,62.81886366000001
7696,63.60867107000002
7697,178.56
7698,178.56
7699,63.78539096999999
7700,65.32024982000003
7701,65.96280802999999
7702,63.01059639
7703,63.86320955000001
7704,178.56
7705,178.56
7706,178.56
7707,178.56
7708,178.56
7709,159.3632546600008
7710,65.49934769000002
7711,65.59112391999999
7712,65.76865476999997
7713,64.64714269999999
7714,64.35966894
7715,63.74366207999999
7716,178.56
7717,63.62658168999999
7718,63.50452857
7719,62.47408362999997
7720,62.26019575999998
7721,61.82878352000002
7722,64.15399718
7723,64.38789014000001
7724,65.06769086999998
7725,64.28808407000002
7726,64.88836886
7727,65.64894231
7728,66.40569194
7729,65.37115192999997
7730,178.56
7731,166.5126302200002
7732,67.12501047
7733,66.03527440999999
7734,64.93111289000002
7735,178.56
7736,178.56
7737,178.56
7738,61.11858431
7739,62.95238334
7740,64.58344185999997
7741,64.42070781999999
7742,65.19342171999999
7743,64.71003483000003
7744,65.07421206999999
7745,64.34999522000001
7746,64.43961524
7747,65.23060362
7748,64.67534947999997
7749,66.52157161999999
7750,67.38760923999999
7751,67.82927431
7752,178.56
7753,178.56
7754,173.8975739900008
7755,178.56
7756,178.56
7757,65.0085058
7758,64.90539503000002
7759,64.31246213
7760,63.29395121000003
7761,64.53641593
7762,64.894074
7763,64.15512376
7764,66.76883030999997
7765,67.65036977999999
7766,68.02322302999997
7767,66.54810148
7768,64.72386186
7769,66.87099971999999
7770,178.56
7771,178.56
7772,63.04038250999998
7773,61.01368448
7774,61.86542586000001
7775,60.12778555
7776,55.76205817
7777,53.72438861999998
7778,53.14323657999999
7779,53.02121048
7780,52.14152978999999
7781,52.13296837
7782,51.05467752000001
7783,50.72185082999999
7784,49.84681603999999
7785,49.27590528
7786,178.56
7787,50.70264941000001
7788,54.08384057999999
7789,58.18246727999998
7790,57.69255904999999
7791,98.30930468000005
7792,56.29548378999998
7793,178.56
7794,178.56
7795,178.56
7796,52.65566620999999
7797,53.78044965999999
7798,53.96385673
7799,52.49445866
7800,52.71256634
7801,51.73758778999999
7802,54.60529192999998
7803,55.21140337999999
7804,55.08442317
7805,54.69738897000001
7806,54.56097472000001
7807,143.5235402399997
7808,178.56
7809,54.05575776999999
7810,54.05387658999999
7811,53.15289322
7812,53.69381051999999
7813,56.38554284999999
7814,178.56
7815,178.56
7816,59.34342651999999
7817,178.56
7818,58.84329744999999
7819,58.68182158999999
7820,59.16347451000001
7821,58.17938245000001
7822,56.94794056000001
7823,55.51614313000001
7824,53.82798903999998
7825,52.05054155000001
7826,51.91527088999999
7827,178.56
7828,178.56
7829,178.56
7830,49.51942604000001
7831,49.31775568999998
7832,49.24341821000002
7833,48.94991275999999
7834,48.90781266
7835,48.65157513999999
7836,48.23438186
7837,48.17867838
7838,172.7384866000006
7839,47.40299255999999
7840,47.52628761999999
7841,48.20862885999999
7842,48.76823259000001
7843,49.20199164999999
7844,49.65741466
7845,49.50712865
7846,49.78619582999999
7847,50.47277165
7848,50.89413524999999
7849,50.61772547999999
7850,50.66176220000002
7851,49.39905781999998
7852,49.06615406
7853,47.74934478999999
7854,47.09662054999999
7855,178.56
7856,46.98552123999998
7857,47.46930524
7858,48.28447175999999
7859,48.96024189
7860,49.56915054
7861,178.56
7862,87.12944397000064
7863,178.56
7864,178.56
7865,64.11482692999999
7866,65.31645714999999
7867,53.25927620999999
7868,52.45225782999999
7869,52.98331898999999
7870,52.38979696999999
7871,52.89254823999999
7872,53.77152143999999
7873,52.53671968999999
7874,102.2449181600004
7875,178.56
7876,178.56
7877,51.49773096999999
7878,51.72406385999999
7879,51.22514886999999
7880,50.84827734
7881,49.4988711
7882,47.77244730999998
7883,50.13356817000001
7884,52.80435769
7885,52.73936248
7886,178.56
7887,178.56
7888,54.50939214000001
7889,55.38338596000001
7890,55.34988473
7891,59.66452114000001
7892,60.40995197999999
7893,58.84840940999999
7894,58.71578299999998
7895,57.99377317999997
7896,56.97192452
7897,55.57583254999999
7898,54.66111728
7899,56.24217626999999
7900,56.73258276000001
7901,55.55711945
7902,55.31234113999998
7903,54.92004454999999
7904,54.60259259000001
7905,53.79010692999999
7906,53.12643679000001
7907,52.77582324
7908,53.81667718
7909,126.1452634499999
7910,178.56
7911,55.84434813999999
7912,178.56
7913,178.56
7914,178.56
7915,55.18119628000001
7916,55.69431706999998
7917,55.00249076
7918,53.85133354999999
7919,53.83338589999999
7920,53.40869771999999
7921,51.70689034000001
7922,51.05900562
7923,50.94326740999999
7924,50.61477798999999
7925,51.13097969000001
7926,51.09923455
7927,178.56
7928,178.56
7929,178.56
7930,50.61259216999999
7931,81.81218317000007
7932,51.66062510000001
7933,52.52709966
7934,52.91414547999999
7935,52.82132821
7936,52.52063592999998
7937,178.56
7938,54.69037931000002
7939,54.59289073000001
7940,54.23655286000002
7941,53.63651111000001
7942,53.29870468999999
7943,54.66211162999999
7944,55.11938214999999
7945,54.592825
7946,53.80693100999999
7947,52.50451941000001
7948,51.83422776
7949,51.59082348
7950,51.50404945
7951,51.35630395
7952,51.03523355000001
7953,50.62746038000002
7954,50.31568016999999
7955,51.61720486999999
7956,178.56
7957,178.56
7958,178.56
7959,178.56
7960,77.45958893000055
7961,52.05775623999999
7962,52.16873214
7963,53.74155282999999
7964,53.51683372
7965,52.85906759
7966,53.47446958000001
7967,54.16687311
7968,54.31704172999999
7969,55.60696673
7970,52.29565102999999
7971,52.01559531
7972,53.19563858
7973,54.2395469
7974,53.19214648999999
7975,52.70005755
7976,52.80815841
7977,53.13075593000001
7978,53.33664748999999
7979,53.19262388999999
7980,54.72607168
7981,55.80768493999999
7982,55.60894037999999
7983,56.52921120000001
7984,178.56
7985,135.4331395600008
7986,178.56
7987,178.56
7988,178.56
7989,53.17297076000002
7990,52.58963731
7991,52.08499764999998
7992,54.48980341
7993,55.28292496999999
7994,55.43088607
7995,55.58806189999999
7996,53.65237716999999
7997,55.94527645000001
7998,56.04484116
7999,178.56
8000,55.99908986000001
8001,56.18973479000001
8002,56.02985107999999
8003,56.14393245999999
8004,56.54645513999998
8005,144.1838617899998
8006,56.64389730999998
8007,56.09118402999999
8008,54.66233996999998
8009,55.01463359
8010,57.73287995999998
8011,58.46439850999999
8012,178.56
8013,178.56
8014,178.56
8015,53.69298906999999
8016,55.30826252
8017,54.71818058
8018,54.20337748
8019,54.37410496
8020,55.30143472
8021,53.09276000000002
8022,51.7140533
8023,178.56
8024,51.80459214
8025,51.83243303
8026,51.77724342000001
8027,52.14570689999999
8028,178.56
8029,45.53298385999999
8030,47.02888211
8031,72.95758570999973
8032,49.69550578999998
8033,52.54783561999999
8034,54.52716514
8035,53.64078475
8036,178.56
8037,178.56
8038,50.94394164999999
8039,51.63998944999998
8040,52.79136288999998
8041,52.11560668999999
8042,52.77428401
8043,51.843526
8044,51.45413105
8045,50.49919475999999
8046,50.87962999000001
8047,51.96203824
8048,51.69840879
8049,51.52864296999999
8050,178.56
8051,51.97666592999998
8052,178.56
8053,178.56
8054,178.56
8055,75.02677829999973
8056,51.81467417
8057,52.13668124
8058,50.37925228
8059,51.22978685999998
8060,50.78446309999999
8061,49.52994682999999
8062,48.11349935
8063,48.99722106999999
8064,50.76754696999998
8065,50.91761527999999
8066,51.63342589999998
8067,52.30460185999998
8068,51.89259418
8069,51.39393475999999
8070,51.70658521
8071,50.54680378999999
8072,49.61910064999999
8073,48.86754879999999
8074,48.78371407
8075,49.64800616999999
8076,49.07155140999998
8077,51.94205288999999
8078,178.56
8079,178.56
8080,178.56
8081,178.56
8082,95.16712006000023
8083,55.20339734
8084,56.18804099999998
8085,57.37758109999999
8086,57.14377732
8087,56.22893297
8088,56.13206003999999
8089,54.41480134999999
8090,178.56
8091,54.61188131
8092,178.56
8093,55.81984303
8094,55.78963782
8095,57.44787789999999
8096,56.78500352
8097,57.01060603000001
8098,59.26890641
8099,178.56
8100,161.1378639499999
8101,178.56
8102,56.64407727999998
8103,57.59363364999999
8104,57.52799689
8105,57.23118177
8106,56.73680866
8107,57.82065310000002
8108,58.17515416999998
8109,58.63773852999999
8110,58.30796503000001
8111,55.60666993
8112,54.30587617
8113,53.50383906
8114,54.86532120999998
8115,54.70040632
8116,55.72798973
8117,55.90279807000001
8118,57.84538375
8119,56.86727200000001
8120,56.84031506999998
8121,56.95639830999999
8122,56.80318721000001
8123,61.24759431000001
8124,65.17304696
8125,65.44559434
8126,170.3611031300004
8127,178.56
8128,178.56
8129,178.56
8130,178.56
8131,59.25577931
8132,57.04517903000001
8133,56.04689251000001
8134,53.55013530999999
8135,52.91759886000001
8136,50.83220121
8137,49.60479027000001
8138,49.82798099999999
8139,50.03661789000002
8140,50.93581723999999
8141,50.38056358999998
8142,50.37923302999999
8143,178.56
8144,178.56
8145,178.56
8146,49.81831218000001
8147,51.02720441000002
8148,52.38409112999999
8149,65.93426597000033
8150,52.25810526999999
8151,49.69091911
8152,178.56
8153,49.57306865
8154,53.11334181999999
8155,56.12539554999999
8156,53.90930278999998
8157,51.76605252
8158,50.39205703
8159,50.00204531
8160,50.24250924
8161,49.39499186999998
8162,50.68096096
8163,51.32264690000001
8164,51.57648363
8165,50.85621876999999
8166,50.96225224999999
8167,178.56
8168,178.56
8169,178.56
8170,49.17513068999999
8171,174.89097523
8172,48.63711846
8173,48.73764700000002
8174,49.59760155
8175,51.13928917999999
8176,49.90530502999999
8177,48.08596849000001
8178,47.75940371999999
8179,48.66465995999998
8180,48.23614845000001
8181,49.05187896000001
8182,50.07953951
8183,50.51738076000001
8184,50.17800892999999
8185,178.56
8186,45.11750607
8187,178.56
8188,139.2114057200004
8189,49.39901911000001
8190,178.56
8191,50.11167721
8192,46.81147583
8193,45.57369368999999
8194,45.80196628000002
8195,46.52090793
8196,46.39636596
8197,44.95592044999999
8198,45.23224034
8199,46.15012493
8200,45.53029376
8201,45.60053560999999
8202,46.86702495999999
8203,47.15607623999999
8204,47.82794541000001
8205,49.98457988999999
8206,49.90095173
8207,51.000145
8208,52.27084338
8209,51.62912068999999
8210,50.85803548
8211,50.8116749
8212,178.56
8213,178.56
8214,178.56
8215,48.68232621
8216,48.52975617
8217,48.79157472
8218,48.43182371999999
8219,178.56
8220,47.53886676
8221,48.67769010999999
8222,47.16871432
8223,49.68039552000001
8224,53.97044226000001
8225,58.29635238999976
8226,51.89848783
8227,49.98610841000001
8228,53.81528572000001
8229,53.37822686
8230,52.07206872
8231,50.29002516999999
8232,52.18881303999999
8233,50.86946403
8234,54.86054657999999
8235,52.92958502999998
8236,52.53451763
8237,52.36025879
8238,51.59696276000002
8239,51.76422601
8240,51.49548872999998
8241,50.44173637999999
8242,49.83802425
8243,49.36977975999999
8244,178.56
8245,178.56
8246,83.81378114000029
8247,52.27303654999999
8248,51.71762918
8249,54.33988244999999
8250,53.30594535000001
8251,55.55495427999999
8252,55.35130741
8253,53.67046762
8254,54.10271306999999
8255,178.56
8256,178.56
8257,178.56
8258,56.48167909999999
8259,178.56
8260,57.90608879999998
8261,57.13259062000001
8262,55.88719752
8263,178.56
8264,104.2723851500003
8265,49.26271301000001
8266,49.00272755
8267,51.37342237999999
8268,53.23275936999998
8269,52.56151803000002
8270,51.65280841
8271,51.53088458
8272,54.00432295999999
8273,54.34871161999999
8274,178.56
8275,53.50097864999999
8276,53.50138213
8277,51.36467721
8278,53.0278189
8279,54.00157952000001
8280,54.81222859
8281,55.64610793000001
8282,178.56
8283,178.56
8284,178.56
8285,178.56
8286,56.49927100999999
8287,56.19657637999997
8288,53.02442564999998
8289,52.04531297
8290,50.89492604
8291,50.8872952
8292,133.9424798100005
8293,53.05511379
8294,54.51181917999999
8295,55.86662711
8296,55.35323493000001
8297,55.97928966000001
8298,56.99388617999999
8299,56.44101799
8300,56.40441127999998
8301,55.89905250999998
8302,55.76832576
8303,55.11084138
8304,55.65106623999999
8305,56.48009562999997
8306,156.0013371800005
8307,178.56
8308,178.56
8309,178.56
8310,55.19332455000001
8311,54.57808720000001
8312,178.56
8313,51.85756072
8314,51.53972362
8315,52.67297693
8316,53.22387931
8317,55.93560735
8318,59.22470651999999
8319,58.94015869
8320,66.16639658999998
8321,62.44983045
8322,61.02989136999999
8323,59.39358298999998
8324,60.64305541
8325,61.01213600999998
8326,61.08455941
8327,59.82565406999998
8328,58.99869289999999
8329,57.76050223999999
8330,57.26987672
8331,178.56
8332,178.56
8333,178.56
8334,51.76420633999999
8335,52.03326289
8336,51.84024286000002
8337,51.6784079
8338,51.51272273
8339,52.10420396999999
8340,53.36553368999999
8341,53.44185987
8342,53.82574925
8343,53.39266828
8344,53.85486666
8345,106.1836229700009
8346,178.56
8347,53.08294628000001
8348,53.29517654999999
8349,52.95962902999999
8350,53.46535823999999
8351,52.89118737
8352,52.06846176000001
8353,53.06201403999999
8354,52.89337676000001
8355,51.18882012999999
8356,178.56
8357,50.67513941000001
8358,49.85989456000001
8359,49.85329055
8360,178.56
8361,178.56
8362,47.99215421
8363,47.97012506999999
8364,47.32437045
8365,49.69275437
8366,79.25132003000046
8367,53.09947684999999
8368,53.73033133999999
8369,178.56
8370,57.66378568999998
8371,57.84927162
8372,57.32245644999997
8373,56.07576806999998
8374,55.06783163
8375,55.58706048
8376,55.74667538999999
8377,56.22979355
8378,54.78824434999997
8379,178.56
8380,178.56
8381,52.99828121
8382,178.56
8383,52.47090533999999
8384,51.68863084
8385,54.37869541999999
8386,55.73807078
8387,57.13997779000001
8388,61.10267373
8389,60.97756721
8390,122.96923728
8391,178.56
8392,55.48303116999999
8393,56.74110211000001
8394,56.54505304000001
8395,56.22102947999999
8396,56.75973995999998
8397,54.19414476
8398,53.97248010000001
8399,54.28604369999999
8400,54.75422218
8401,53.69972768999998
8402,178.56
8403,55.28332151999999
8404,178.56
8405,178.56
8406,55.51408127999999
8407,178.56
8408,54.97142188999999
8409,54.67399007000001
8410,53.50938348
8411,51.80670166000001
8412,51.87807289
8413,125.6876485900005
8414,52.09951151999999
8415,54.05068409999999
8416,55.38752603999999
8417,54.8153571
8418,56.93911279
8419,57.5274371
8420,56.94120320000001
8421,56.51112663
8422,56.54025104
8423,56.98846083
8424,56.61682628
8425,56.38902955
8426,178.56
8427,57.89072106999999
8428,58.12487114
8429,57.35170721000001
8430,56.75842633999999
8431,56.71298968999999
8432,178.56
8433,52.50418124000002
8434,59.89933117
8435,60.97919855999999
8436,58.27140857999998
8437,57.84186954
8438,56.97928334
8439,56.34153679
8440,144.266690744
8441,178.56
8442,178.56
8443,54.69630098100001
8444,56.54935069
8445,56.69928810000003
8446,56.98736449
8447,57.93096665999999
8448,57.579146695
8449,101.3062092698003
8450,56.27796276549999
8451,55.88389569
8452,55.47532620000001
8453,52.63989749549999
8454,51.96443196000001
8455,51.1545909
8456,46.84540686699999
8457,28.06830825399999
8458,26.50360999999999
8459,26.52600999999999
8460,26.54840999999999
8461,26.57080999999999
8462,25.1957627012
8463,39.97552068300001
8464,178.56
8465,178.56
8466,178.56
8467,45.11906699999999
8468,45.141621
8469,45.13304124
8470,45.09368731
8471,45.23851738
8472,45.53034031
8473,45.17523745
8474,45.130904
8475,178.56
8476,178.56
8477,178.56
8478,63.53596224000069
8479,45.314962
8480,45.38156000000001
8481,45.15691831000001
8482,50.95637134
8483,52.68090785999999
8484,54.42374503999999
8485,53.95760531
8486,53.18523706999999
8487,54.76783753
8488,54.86895596
8489,56.00988365
8490,56.02520027999999
8491,60.62363286
8492,62.29806771999998
8493,63.89347489
8494,58.61473296000001
8495,58.65009493000001
8496,178.56
8497,58.08177172000001
8498,58.21133024
8499,178.56
8500,178.56
8501,178.56
8502,57.19293712999999
8503,55.37496131999999
8504,55.53034024999999
8505,54.95342306999999
8506,55.54441696999998
8507,54.87681941
8508,54.56912083
8509,55.00072445000001
8510,54.60719613999999
8511,54.68159711
8512,55.39152955000001
8513,54.85370289000001
8514,55.49631276000001
8515,56.38362736999999
8516,57.18023709999999
8517,178.56
8518,57.43037006
8519,56.57758854999999
8520,153.7433811799999
8521,56.87702993
8522,56.24528944999998
8523,56.05611914000001
8524,56.18108313999997
8525,132.0310993999998
8526,178.56
8527,54.35530029999999
8528,53.73819024
8529,52.35128465
8530,53.27124823999998
8531,54.88919197999999
8532,55.31671404
8533,54.93886797
8534,178.56
8535,178.56
8536,178.56
8537,55.19540355
8538,55.67200064999999
8539,56.42128107
8540,55.60707579
8541,56.25959275999999
8542,56.04036675999999
8543,56.24056011000001
8544,56.11583803000001
8545,55.68876614000002
8546,55.00430565
8547,53.93294641000001
8548,54.57560731000002
8549,54.85878006000002
8550,53.78607234
8551,54.81583821
8552,54.21772097000001
8553,54.80992048
8554,81.49911458999948
8555,52.54348855
8556,178.56
8557,178.56
8558,178.56
8559,178.56
8560,50.88310255
8561,51.17433517
8562,51.58335252
8563,51.67520624000002
8564,51.48885903000001
8565,51.45166061
8566,51.64433442
8567,52.37975448999999
8568,53.52324865999999
8569,52.98824810999999
8570,53.29364831
8571,53.20768355
8572,53.77059876999999
8573,53.54924154999998
8574,53.28670214
8575,53.27691656
8576,53.28679062
8577,52.7656738
8578,52.19412079000001
8579,50.49598176
8580,178.56
8581,178.56
8582,178.56
8583,178.56
8584,48.31874600000001
8585,50.63552048999983
8586,48.26675749
8587,48.23194620999999
8588,48.00224807000001
8589,47.97957717000001
8590,48.04170909999999
8591,48.39895683
8592,49.74149557999999
8593,48.88168334
8594,48.11062431
8595,48.07504309999999
8596,47.79881113
8597,47.68633366
8598,47.49902310999999
8599,47.69739288999999
8600,47.96219007999999
8601,47.73010375
8602,47.63133234999999
8603,47.135753
8604,47.18731066
8605,154.3201551699998
8606,178.56
8607,178.56
8608,48.56322107
8609,178.56
8610,48.91856172
8611,48.71101473
8612,48.56953269000001
8613,48.92737030999999
8614,49.29213772
8615,49.210896
8616,50.65843740999998
8617,50.06786834
8618,49.02733485999997
8619,48.41148186000001
8620,48.32166738
8621,48.21262900999999
8622,47.92529483000001
8623,47.48292255
8624,47.65295696
8625,48.32285024
8626,47.57563524000001
8627,47.64413283
8628,48.58627263
8629,49.70227724
8630,178.56
8631,178.56
8632,178.56
8633,52.67986464999998
8634,51.65691223
8635,51.86950321
8636,50.89447062
8637,51.16884065999999
8638,51.1538188
8639,173.1651397900002
8640,50.79973226999999
8641,50.47773961999999
8642,50.47542289999999
8643,49.88449213999998
8644,49.52846289999999
8645,49.42581455
8646,48.41647706
8647,48.00516308
8648,178.56
8649,178.56
8650,47.40564556
8651,50.80957686000001
8652,51.28527606999999
8653,51.81310372000001
8654,51.93793941
8655,50.84047703
8656,50.93941496000001
8657,174.8153981600001
8658,178.56
8659,49.88095238
8660,50.23917486
8661,49.63351085
8662,49.32861002999999
8663,49.58370416999999
8664,50.21199169
8665,178.56
8666,49.89461183
8667,162.6759767200001
8668,178.56
8669,178.56
8670,49.47368775999999
8671,49.13488048
8672,49.21859858999998
8673,48.81847389999998
8674,48.55499859
8675,48.46056334
8676,48.37552286
8677,48.402697
8678,47.98599203999998
8679,48.31924139
8680,48.01169575999999
8681,48.02988624
8682,48.18603537999999
8683,48.08651869000001
8684,48.24500289
8685,48.26332245
8686,48.27622547999999
8687,47.92753678999999
8688,48.54424862
8689,47.03871452
8690,47.00395461999999
8691,47.05207254999999
8692,47.02729724
8693,47.05621605999999
8694,47.30308310000001
8695,47.32686916999999
8696,47.35902318
8697,47.23381348
8698,47.09831300999998
8699,47.08400878999999
8700,47.23458845
8701,48.19056234999999
8702,48.19825556000001
8703,178.56
8704,178.56
8705,155.9936378099998
8706,48.99676817
8707,178.56
8708,49.62561358999999
8709,49.89536335
8710,49.76078499
8711,51.30049630999999
8712,51.3322649
8713,51.27235365000001
8714,50.64328353000001
8715,51.64822844999998
8716,50.82609252
8717,49.75357799999999
8718,49.353157
8719,49.36280076000001
8720,48.82979927
8721,48.94726963
8722,49.23845066000001
8723,49.84563926999999
8724,49.42629006
8725,48.42228061999999
8726,178.56
8727,48.59135932000001
8728,48.27038972
8729,50.05383138
8730,164.0817544300005
8731,49.01318835000001
8732,47.47169266
8733,47.62419661999999
8734,47.68050210000001
8735,178.56
8736,178.56
8737,156.7895439900003
8738,46.60527501000001
8739,47.23761692999999
8740,47.54342796000001
8741,47.60086352
8742,47.28516828
8743,47.16311564999999
8744,46.72313128
8745,46.72420221000001
8746,46.6110043
8747,46.46133568999999
8748,46.24649855
8749,178.56
8750,178.56
8751,51.74735734
8752,178.56
8753,52.97256734
8754,53.15800252
8755,51.85441044
8756,51.75502234
8757,52.10231165999999
8758,48.34798948000001
8759,47.66288792999999
8760,47.06738847999999
