Hour,Load_Profile
1,178.56
2,104.9676859500004
3,63.14214221000001
4,178.56
5,60.86269713999999
6,61.67986530999998
7,61.90220876
8,178.56
9,61.93386773
10,61.91153024
11,62.15376461000001
12,60.34656760999999
13,59.80861355
14,58.51331247999999
15,59.40111547999999
16,60.61136935
17,60.13349964999998
18,59.90944840999999
19,61.05417576999999
20,61.15380579000001
21,178.56
22,178.56
23,62.23738017
24,64.21537479000001
25,178.56
26,92.40069575000024
27,63.18708500999999
28,178.56
29,62.46942996
30,62.10613765999999
31,61.17022078999999
32,178.56
33,61.19818355
34,60.92282469000001
35,62.0007913
36,62.08579320999999
37,61.01936197000001
38,61.25492317
39,59.79556100000001
40,58.50598376000001
41,58.66813869000001
42,58.55324748000001
43,57.87800186
44,57.32736863
45,178.56
46,178.56
47,57.48096199999999
48,57.86446652000001
49,178.56
50,75.22337573000081
51,59.52932747999999
52,178.56
53,59.63033783
54,60.20359639000001
55,60.08128707
56,178.56
57,58.63475086
58,59.19574030999998
59,59.33638689999999
60,59.16343776000001
61,58.90391492999998
62,58.25035796999998
63,56.82780102999998
64,60.23848369
65,60.02107972
66,59.12836152999999
67,60.00012235000001
68,59.94000417999998
69,178.56
70,178.56
71,60.67276656000001
72,60.55197210999999
73,178.56
74,67.31623443000086
75,58.90046785000001
76,178.56
77,59.45685703999999
78,58.85401703999999
79,57.9783148
80,178.56
81,56.09026045
82,56.38613904
83,57.19537557999998
84,59.27701296999999
85,58.16625493
86,58.44501425000001
87,58.45411915
88,57.54220009999998
89,58.36070393999999
90,59.63117083
91,60.74011768999999
92,60.45503057999998
93,178.56
94,178.56
95,59.81952913999999
96,59.83343288999998
97,58.28073587000002
98,178.56
99,178.56
100,178.56
101,178.56
102,178.56
103,73.88336984000043
104,59.54543707000001
105,60.50456748
106,61.51192593
107,61.511688
108,61.09105603999998
109,61.13899393
110,61.43938892
111,61.48455614
112,61.08799850999999
113,60.08876405000001
114,59.51382283
115,59.62859672
116,59.93676997000001
117,60.37879477000001
118,60.01732393999998
119,60.22701258000001
120,61.30467230999997
121,62.50936951000001
122,178.56
123,178.56
124,178.56
125,178.56
126,178.56
127,112.5467294400002
128,60.14067262000001
129,59.95992092999998
130,60.29437679999999
131,61.68052338
132,61.58457403
133,61.26073078999999
134,62.66938817999999
135,63.15152857999999
136,62.91785289999998
137,62.53700397
138,62.98498233999998
139,62.75669575000001
140,63.03229779
141,63.96684035000001
142,63.87458720999999
143,63.90437906999997
144,61.32156086
145,60.73336485999997
146,178.56
147,178.56
148,178.56
149,178.56
150,178.56
151,113.61908589
152,63.6349329
153,64.12379841
154,63.85714083
155,63.40427113999999
156,63.53983523999997
157,62.37569120999999
158,63.09776508000001
159,63.63447215999999
160,62.63292714000001
161,62.58045681999999
162,61.28574627
163,61.19282624
164,60.45767532
165,59.34979113
166,60.29264989999999
167,59.93366826999998
168,60.13899548999998
169,59.78372435000001
170,178.56
171,178.56
172,178.56
173,178.56
174,178.56
175,107.18059052
176,59.22396249
177,59.64668486
178,60.12348769000001
179,61.08092423999997
180,62.78841764999999
181,61.57288913999999
182,63.06416647999999
183,62.70862569999999
184,61.87090959
185,61.28151946000001
186,59.13364778999999
187,61.99747581999998
188,62.16879437999999
189,62.47355358999999
190,63.50842539999996
191,63.31212104000001
192,62.81004820999999
193,61.38902055999999
194,178.56
195,178.56
196,178.56
197,178.56
198,178.56
199,84.40362196000093
200,59.25820131
201,59.5660149
202,60.24771465999999
203,58.47219013999998
204,58.29120674999998
205,58.55251262
206,57.44889017000001
207,56.12455981999999
208,57.6811599
209,60.76631210999999
210,60.10867288999999
211,58.72040775999999
212,58.52520611000001
213,57.55984961999999
214,58.1265629
215,58.82589503
216,59.44157988999997
217,58.94760676
218,178.56
219,178.56
220,178.56
221,178.56
222,178.56
223,59.73842402000041
224,57.51107130999999
225,59.19343758999999
226,61.04653869999999
227,62.49677518
228,61.02463037999999
229,60.61046641999999
230,60.12369048000001
231,59.07037527999999
232,57.14500890000001
233,57.06607654999997
234,57.51541621
235,58.05022530999999
236,56.33350337999998
237,55.58479954999999
238,56.71556344999998
239,57.08746644999999
240,58.59257767999999
241,59.21720973000001
242,59.58872667999999
243,178.56
244,178.56
245,178.56
246,178.56
247,149.6871583100005
248,55.55616913000001
249,54.76616803
250,55.14492473
251,54.91160786999998
252,53.99170643999999
253,54.16749142
254,54.00049724999998
255,52.53143258999999
256,53.24932200000001
257,55.95707221999999
258,55.583486
259,55.28479628
260,56.06582569000001
261,56.23493652
262,55.63846169000001
263,54.7170218
264,54.85810442
265,54.11485568999999
266,93.07394547000007
267,178.56
268,178.56
269,53.64140579000001
270,53.38011272999999
271,51.99207769
272,178.56
273,178.56
274,51.87694168999999
275,52.80591343999998
276,52.86594145000001
277,53.29921359
278,53.34173642
279,53.58751355999998
280,53.38484185999999
281,52.22480382
282,51.49945752
283,50.92757131
284,52.11675230999998
285,51.94308482999998
286,52.37902642
287,52.46187149
288,54.33375962
289,54.06732156000002
290,54.14549504
291,178.56
292,178.56
293,178.56
294,178.56
295,113.9298690200006
296,52.01185934
297,51.72135723999999
298,51.32323454999999
299,50.38475197
300,50.0382701
301,51.60718955
302,55.888434
303,57.64718371999999
304,57.41979606999999
305,56.55138334999998
306,56.77185339000001
307,55.50686427999998
308,55.07696599999999
309,55.94089857999998
310,56.39914441000001
311,57.70464678999998
312,58.81385033999999
313,58.37185206999999
314,55.45721516999998
315,178.56
316,178.56
317,178.56
318,178.56
319,104.8360685900006
320,51.62123890000002
321,50.59805610999999
322,49.95260892999998
323,51.46996358000001
324,52.67267158999999
325,54.36951316999999
326,54.14756668999999
327,55.52234296
328,54.93836824000001
329,56.24682202999998
330,55.21529769
331,55.68042221000001
332,56.07714496999998
333,53.32474693
334,54.3185272
335,56.73634659
336,56.40837048000001
337,57.25722540999998
338,57.96636251
339,178.56
340,178.56
341,178.56
342,178.56
343,135.2720592600008
344,52.89009557999999
345,52.64856583
346,53.03527830999999
347,54.16994296000001
348,53.95161533999999
349,52.74263218000001
350,54.34810066
351,54.58430390000004
352,55.24626534000001
353,55.97293345000001
354,53.86533389999999
355,53.64957297000001
356,53.51330103000001
357,52.23414504
358,53.41903966
359,55.29870535000001
360,56.35554862000001
361,55.56235299999998
362,55.58067242000001
363,54.52558538
364,54.04381401999999
365,53.29670185000001
366,52.69976592999998
367,52.50761796000001
368,178.56
369,51.80474795999999
370,51.14623724
371,52.35382137999999
372,54.13649331999999
373,54.38886593000001
374,54.66744437000001
375,55.80380456
376,55.67335927999999
377,55.87203748000001
378,53.40497623999999
379,55.14855709999998
380,55.870374
381,178.56
382,178.56
383,178.56
384,124.9023324800002
385,57.67859565999998
386,178.56
387,178.56
388,178.56
389,178.56
390,178.56
391,81.83485549999985
392,57.04473376
393,56.70625967999998
394,56.22839130999999
395,55.67634631999999
396,57.28823043999999
397,58.72232288999999
398,58.30951903
399,59.5122528
400,60.68151565
401,59.34034875999999
402,60.7640978
403,61.04621845
404,61.50356618000001
405,61.40517837999998
406,61.59741447999997
407,60.65041059
408,63.45048261999999
409,62.38486107000001
410,63.0192563
411,61.78216786
412,60.92499678999999
413,62.15573293999999
414,60.60473916
415,178.56
416,178.56
417,58.79722065000001
418,60.87926796000001
419,62.74176334999999
420,60.51522392999999
421,60.75540603999998
422,60.53689844999999
423,59.72815975
424,58.54943724
425,58.50931324
426,59.16996554000001
427,61.88192520999999
428,61.53842057999998
429,178.56
430,178.56
431,178.56
432,96.23757663999953
433,62.49722961999998
434,178.56
435,178.56
436,178.56
437,178.56
438,178.56
439,113.0832404800006
440,60.57112830999999
441,60.39717852
442,60.33020679000001
443,60.75398104999999
444,61.15101314
445,61.80635355999998
446,60.95955180000001
447,61.35532486999999
448,59.64440355999999
449,58.56190424
450,58.25364089999999
451,57.87307442
452,59.66323950999999
453,61.92718762999999
454,61.57729179
455,61.43447561999999
456,61.56367469000001
457,60.85984989
458,178.56
459,178.56
460,178.56
461,178.56
462,178.56
463,100.5170637900003
464,58.26962455999999
465,58.21143034000001
466,57.93039993999998
467,58.24393645
468,59.04737328
469,59.40998566999998
470,61.06126831
471,61.77612916999998
472,63.03517562999998
473,63.22587172999999
474,61.95400365000001
475,61.12519469
476,61.42289531000001
477,62.02400175999999
478,62.04483620999999
479,62.30819391999999
480,62.90180609999999
481,60.73138883000001
482,176.9865616987
483,178.56
484,178.56
485,58.53763139
486,58.55050831
487,58.65686435
488,178.56
489,178.56
490,58.29614937999999
491,58.53461137999999
492,55.49626123999997
493,54.73354383000001
494,54.88332709789999
495,53.8707443624
496,56.23969455999998
497,55.87078
498,55.89317999999999
499,55.91557999999999
500,55.93798
501,55.96037999999999
502,55.98277999999999
503,56.00517999999999
504,56.02757999999999
505,55.51237999999999
506,137.1255260200011
507,178.56
508,178.56
509,55.60198
510,55.62438
511,55.64677999999999
512,178.56
513,178.56
514,55.61660034
515,54.02261626999999
516,53.89135037999999
517,55.08122402999999
518,54.88283941
519,53.84556575999999
520,53.06542023999999
521,52.82625215000001
522,54.85367958
523,54.6841967
524,55.498002
525,58.43487769000001
526,58.63429999
527,60.45729451999998
528,61.34381371999999
529,60.56370865999998
530,162.8685001300001
531,178.56
532,178.56
533,56.86326569
534,56.22631469000001
535,53.51295606999998
536,178.56
537,178.56
538,53.45816202999998
539,55.62036655000001
540,54.80739347999999
541,54.33830318
542,55.13213950999999
543,57.23551617
544,56.37932097
545,57.00216619999999
546,56.39932731999998
547,56.41507899999998
548,56.72530514
549,59.49496293999998
550,62.07684238000001
551,62.68246585999999
552,60.75063183
553,60.20622362999998
554,178.56
555,178.56
556,178.56
557,61.32266909999998
558,61.16712238000002
559,60.85826782
560,178.56
561,178.56
562,59.49047124999998
563,60.77936668999999
564,61.59666386999999
565,62.86109921000001
566,61.65765920999998
567,60.66263216999999
568,59.63069749
569,57.38280372999999
570,119.6494619400007
571,65.91508273000001
572,65.9950529
573,64.75401086
574,65.79684069
575,65.57956573
576,65.6646949
577,67.61834597000002
578,178.56
579,178.56
580,178.56
581,65.04400224
582,64.31041701
583,63.66135111
584,178.56
585,178.56
586,64.03914327999999
587,64.96375291
588,65.28509127000001
589,66.89171524
590,61.66564200999999
591,59.17304120000001
592,60.47679897000002
593,60.18467931
594,148.6905889300003
595,61.95037863
596,61.77055045
597,61.49860485999998
598,61.07296789999999
599,60.39387158
600,62.91084023000001
601,62.29751731
602,178.56
603,178.56
604,178.56
605,60.54009275999999
606,60.73107144999999
607,59.69035751000001
608,178.56
609,178.56
610,58.64400948000002
611,58.21657583
612,58.52187361999999
613,59.02239195999997
614,61.07574431
615,62.06754813
616,62.1621749
617,62.92636664999999
618,105.7742612800004
619,63.70292467
620,64.03447897
621,63.70550186
622,62.06513739999999
623,63.38111255
624,62.13362805999999
625,62.36630386000001
626,178.56
627,178.56
628,178.56
629,63.21496972
630,63.02887954999998
631,62.51002058
632,178.56
633,178.56
634,63.06311662
635,62.85012776
636,64.23401613999998
637,64.51890886
638,63.28346213
639,62.81886366000001
640,63.60867107000002
641,63.71274168
642,139.1852481500006
643,63.78539096999999
644,65.32024982000003
645,65.96280802999999
646,63.01059639
647,63.86320955000001
648,65.20369576
649,64.65856838
650,178.56
651,178.56
652,178.56
653,65.54262904
654,65.49934769000002
655,65.59112391999999
656,178.56
657,178.56
658,64.35966894
659,63.74366207999999
660,63.77532756
661,63.62658168999999
662,63.50452857
663,62.47408362999997
664,62.26019575999998
665,61.82878352000002
666,159.9565243300005
667,64.38789014000001
668,65.06769086999998
669,64.28808407000002
670,64.88836886
671,65.64894231
672,66.40569194
673,65.37115192999997
674,178.56
675,178.56
676,178.56
677,66.03527440999999
678,64.93111289000002
679,64.21066876
680,178.56
681,178.56
682,61.11858431
683,62.95238334
684,64.58344185999997
685,64.42070781999999
686,65.19342171999999
687,64.71003483000003
688,65.07421206999999
689,64.34999522000001
690,165.6860212200005
691,65.23060362
692,64.67534947999997
693,66.52157161999999
694,67.38760923999999
695,67.82927431
696,68.18056594999999
697,68.20177475999999
698,178.56
699,178.56
700,178.56
701,178.56
702,178.56
703,169.3929563900008
704,63.29395121000003
705,64.53641593
706,64.894074
707,64.15512376
708,66.76883030999997
709,67.65036977999999
710,68.02322302999997
711,66.54810148
712,64.72386186
713,66.87099971999999
714,64.81799359
715,65.71121221
716,63.04038250999998
717,61.01368448
718,61.86542586000001
719,60.12778555
720,55.76205817
721,178.56
722,98.56622714999986
723,53.02121048
724,178.56
725,52.13296837
726,51.05467752000001
727,50.72185082999999
728,49.84681603999999
729,49.27590528
730,49.37166031
731,50.70264941000001
732,54.08384057999999
733,58.18246727999998
734,57.69255904999999
735,56.03186952999999
736,56.29548378999998
737,54.02484962
738,53.37799095999998
739,53.69016848999999
740,52.65566620999999
741,178.56
742,178.56
743,52.49445866
744,52.71256634
745,178.56
746,136.9664158199998
747,55.21140337999999
748,178.56
749,54.69738897000001
750,54.56097472000001
751,54.46900479999999
752,54.30788797
753,54.05575776999999
754,54.05387658999999
755,53.15289322
756,53.69381051999999
757,56.38554284999999
758,57.36241027999999
759,57.62623062000001
760,59.34342651999999
761,59.34621665
762,58.84329744999999
763,58.68182158999999
764,59.16347451000001
765,178.56
766,178.56
767,55.51614313000001
768,53.82798903999998
769,52.05054155000001
770,51.91527088999999
771,52.03659076
772,51.10054634999999
773,49.85280559
774,49.51942604000001
775,49.31775568999998
776,49.24341821000002
777,48.94991275999999
778,48.90781266
779,48.65157513999999
780,48.23438186
781,48.17867838
782,46.98463217
783,47.40299255999999
784,47.52628761999999
785,48.20862885999999
786,48.76823259000001
787,49.20199164999999
788,49.65741466
789,178.56
790,178.56
791,178.56
792,173.42414311
793,50.61772547999999
794,50.66176220000002
795,49.39905781999998
796,49.06615406
797,47.74934478999999
798,47.09662054999999
799,47.034218
800,178.56
801,47.46930524
802,48.28447175999999
803,48.96024189
804,49.56915054
805,48.45641724
806,49.16601710999999
807,57.54196727999999
808,63.84818335
809,64.11482692999999
810,65.31645714999999
811,53.25927620999999
812,52.45225782999999
813,178.56
814,178.56
815,178.56
816,80.10534787000057
817,52.53671968999999
818,94.12309340000063
819,178.56
820,178.56
821,51.49773096999999
822,51.72406385999999
823,51.22514886999999
824,178.56
825,178.56
826,47.77244730999998
827,50.13356817000001
828,52.80435769
829,52.73936248
830,53.80072382999998
831,54.66824937000001
832,54.50939214000001
833,55.38338596000001
834,55.34988473
835,59.66452114000001
836,60.40995197999999
837,58.84840940999999
838,58.71578299999998
839,57.99377317999997
840,56.97192452
841,55.57583254999999
842,54.66111728
843,56.24217626999999
844,56.73258276000001
845,55.55711945
846,55.31234113999998
847,54.92004454999999
848,178.56
849,53.79010692999999
850,53.12643679000001
851,52.77582324
852,53.81667718
853,55.31811844999999
854,55.88021103000001
855,55.84434813999999
856,56.43608599999998
857,55.16491134
858,53.49177154999998
859,55.18119628000001
860,55.69431706999998
861,178.56
862,178.56
863,178.56
864,120.5526655999999
865,51.70689034000001
866,51.05900562
867,50.94326740999999
868,50.61477798999999
869,51.13097969000001
870,51.09923455
871,50.91938110000001
872,178.56
873,50.53885921000001
874,50.61259216999999
875,51.10903006999998
876,51.66062510000001
877,52.52709966
878,52.91414547999999
879,52.82132821
880,52.52063592999998
881,53.84025499999999
882,54.69037931000002
883,54.59289073000001
884,54.23655286000002
885,178.56
886,178.56
887,178.56
888,92.12136736999997
889,54.592825
890,53.80693100999999
891,52.50451941000001
892,51.83422776
893,51.59082348
894,51.50404945
895,51.35630395
896,178.56
897,50.62746038000002
898,50.31568016999999
899,51.61720486999999
900,51.47341346
901,49.82588785999999
902,50.94430614
903,51.99511799999998
904,50.82471099999999
905,52.05775623999999
906,52.16873214
907,53.74155282999999
908,53.51683372
909,178.56
910,178.56
911,178.56
912,88.2488380300004
913,55.60696673
914,110.3246728200005
915,178.56
916,178.56
917,54.2395469
918,53.19214648999999
919,52.70005755
920,178.56
921,178.56
922,53.33664748999999
923,53.19262388999999
924,54.72607168
925,55.80768493999999
926,55.60894037999999
927,56.52921120000001
928,57.67842899000001
929,57.72700955
930,58.17647702999999
931,57.41573669999998
932,57.55661372999999
933,53.17297076000002
934,52.58963731
935,52.08499764999998
936,54.48980341
937,55.28292496999999
938,138.2865131300002
939,178.56
940,178.56
941,55.94527645000001
942,56.04484116
943,55.91557712999999
944,178.56
945,178.56
946,56.02985107999999
947,56.14393245999999
948,56.54645513999998
949,56.83671182
950,56.64389730999998
951,56.09118402999999
952,54.66233996999998
953,55.01463359
954,57.73287995999998
955,58.46439850999999
956,58.46215955999999
957,58.02435583
958,53.51869411000001
959,53.69298906999999
960,55.30826252
961,54.71818058
962,54.20337748
963,54.37410496
964,55.30143472
965,53.09276000000002
966,51.7140533
967,52.11329164999999
968,178.56
969,51.83243303
970,51.77724342000001
971,52.14570689999999
972,49.14031297
973,45.53298385999999
974,47.02888211
975,49.59505418
976,49.69550578999998
977,52.54783561999999
978,54.52716514
979,53.64078475
980,52.61185307
981,178.56
982,178.56
983,178.56
984,76.67695996999959
985,52.11560668999999
986,72.98458640000004
987,178.56
988,178.56
989,50.49919475999999
990,50.87962999000001
991,51.96203824
992,178.56
993,178.56
994,51.23228795999999
995,51.97666592999998
996,53.27842128
997,53.54437234999999
998,50.62601333999999
999,52.66008979
1000,51.81467417
1001,52.13668124
1002,50.37925228
1003,51.22978685999998
1004,50.78446309999999
1005,49.52994682999999
1006,48.11349935
1007,48.99722106999999
1008,50.76754696999998
1009,50.91761527999999
1010,81.87980483000041
1011,178.56
1012,178.56
1013,51.39393475999999
1014,51.70658521
1015,50.54680378999999
1016,178.56
1017,178.56
1018,48.78371407
1019,49.64800616999999
1020,49.07155140999998
1021,51.94205288999999
1022,50.9075259
1023,51.94157723999999
1024,54.76487758
1025,54.87577662
1026,55.11482928
1027,55.20339734
1028,56.18804099999998
1029,57.37758109999999
1030,57.14377732
1031,56.22893297
1032,56.13206003999999
1033,54.41480134999999
1034,152.8654950199998
1035,178.56
1036,178.56
1037,55.81984303
1038,55.78963782
1039,57.44787789999999
1040,178.56
1041,178.56
1042,59.26890641
1043,59.62066172999999
1044,59.18858183
1045,57.87061622999999
1046,56.64407727999998
1047,57.59363364999999
1048,57.52799689
1049,57.23118177
1050,56.73680866
1051,57.82065310000002
1052,58.17515416999998
1053,58.63773852999999
1054,58.30796503000001
1055,55.60666993
1056,54.30587617
1057,53.50383906
1058,154.6888413500005
1059,178.56
1060,178.56
1061,55.90279807000001
1062,57.84538375
1063,56.86727200000001
1064,178.56
1065,178.56
1066,56.80318721000001
1067,61.24759431000001
1068,65.17304696
1069,65.44559434
1070,63.46768861999999
1071,58.86675283999998
1072,57.32487089
1073,56.72593297000001
1074,58.37744709999998
1075,59.25577931
1076,57.04517903000001
1077,56.04689251000001
1078,53.55013530999999
1079,52.91759886000001
1080,50.83220121
1081,49.60479027000001
1082,61.41536634000037
1083,178.56
1084,178.56
1085,50.38056358999998
1086,50.37923302999999
1087,49.74028066000001
1088,178.56
1089,178.56
1090,49.81831218000001
1091,51.02720441000002
1092,52.38409112999999
1093,54.34399068
1094,52.25810526999999
1095,49.69091911
1096,51.23504442
1097,49.57306865
1098,53.11334181999999
1099,56.12539554999999
1100,53.90930278999998
1101,51.76605252
1102,50.39205703
1103,50.00204531
1104,50.24250924
1105,49.39499186999998
1106,50.68096096
1107,178.56
1108,178.56
1109,50.85621876999999
1110,50.96225224999999
1111,50.67208327999999
1112,178.56
1113,177.8326605500002
1114,49.17513068999999
1115,49.28536192999999
1116,48.63711846
1117,48.73764700000002
1118,49.59760155
1119,51.13928917999999
1120,49.90530502999999
1121,48.08596849000001
1122,47.75940371999999
1123,48.66465995999998
1124,48.23614845000001
1125,49.05187896000001
1126,50.07953951
1127,50.51738076000001
1128,50.17800892999999
1129,47.94698089999999
1130,45.11750607
1131,45.15738507
1132,46.07827237999999
1133,49.39901911000001
1134,48.77855752
1135,50.11167721
1136,46.81147583
1137,45.57369368999999
1138,45.80196628000002
1139,46.52090793
1140,46.39636596
1141,44.95592044999999
1142,45.23224034
1143,46.15012493
1144,45.53029376
1145,45.60053560999999
1146,46.86702495999999
1147,47.15607623999999
1148,47.82794541000001
1149,178.56
1150,178.56
1151,178.56
1152,154.4067298500004
1153,51.62912068999999
1154,50.85803548
1155,50.8116749
1156,50.04916258999999
1157,50.46516041
1158,50.74408486
1159,48.68232621
1160,178.56
1161,48.79157472
1162,48.43182371999999
1163,47.44744907
1164,47.53886676
1165,48.67769010999999
1166,47.16871432
1167,49.68039552000001
1168,53.97044226000001
1169,54.54975876
1170,51.89848783
1171,49.98610841000001
1172,53.81528572000001
1173,178.56
1174,178.56
1175,178.56
1176,61.49962665999982
1177,50.86946403
1178,54.86054657999999
1179,52.92958502999998
1180,52.53451763
1181,52.36025879
1182,51.59696276000002
1183,51.76422601
1184,178.56
1185,50.44173637999999
1186,49.83802425
1187,49.36977975999999
1188,48.79553216999999
1189,49.38796338
1190,51.78506893000001
1191,52.27303654999999
1192,51.71762918
1193,54.33988244999999
1194,53.30594535000001
1195,55.55495427999999
1196,55.35130741
1197,178.56
1198,178.56
1199,178.56
1200,93.11388608000044
1201,178.56
1202,109.9376329200004
1203,56.56491035999998
1204,178.56
1205,57.13259062000001
1206,55.88719752
1207,52.85803642
1208,50.49654182999999
1209,49.26271301000001
1210,49.00272755
1211,51.37342237999999
1212,53.23275936999998
1213,52.56151803000002
1214,51.65280841
1215,51.53088458
1216,54.00432295999999
1217,54.34871161999999
1218,53.19552763
1219,53.50097864999999
1220,53.50138213
1221,178.56
1222,178.56
1223,54.00157952000001
1224,54.81222859
1225,178.56
1226,134.6105019900006
1227,57.0067099
1228,178.56
1229,57.65739763
1230,56.49927100999999
1231,56.19657637999997
1232,53.02442564999998
1233,52.04531297
1234,50.89492604
1235,50.8872952
1236,51.98135648999997
1237,53.05511379
1238,54.51181917999999
1239,55.86662711
1240,55.35323493000001
1241,55.97928966000001
1242,56.99388617999999
1243,56.44101799
1244,56.40441127999998
1245,178.56
1246,178.56
1247,55.11084138
1248,55.65106623999999
1249,56.48009562999997
1250,57.60626368000001
1251,57.75340396000001
1252,56.07387324000001
1253,55.23587488999998
1254,55.19332455000001
1255,54.57808720000001
1256,178.56
1257,51.85756072
1258,51.53972362
1259,52.67297693
1260,53.22387931
1261,55.93560735
1262,59.22470651999999
1263,58.94015869
1264,66.16639658999998
1265,62.44983045
1266,61.02989136999999
1267,59.39358298999998
1268,60.64305541
1269,178.56
1270,178.56
1271,178.56
1272,170.2529638000004
1273,57.76050223999999
1274,57.26987672
1275,55.60492455
1276,53.86446156000002
1277,53.20618107000001
1278,51.76420633999999
1279,52.03326289
1280,178.56
1281,51.6784079
1282,51.51272273
1283,52.10420396999999
1284,53.36553368999999
1285,53.44185987
1286,53.82574925
1287,53.39266828
1288,53.85486666
1289,54.54326541999999
1290,53.59564469
1291,53.08294628000001
1292,53.29517654999999
1293,178.56
1294,178.56
1295,178.56
1296,98.59402494000068
1297,53.06201403999999
1298,52.89337676000001
1299,51.18882012999999
1300,49.55240997000001
1301,50.67513941000001
1302,49.85989456000001
1303,49.85329055
1304,178.56
1305,48.39117485999999
1306,47.99215421
1307,47.97012506999999
1308,47.32437045
1309,49.69275437
1310,51.55548026999999
1311,53.09947684999999
1312,53.73033133999999
1313,55.78458214000001
1314,57.66378568999998
1315,57.84927162
1316,57.32245644999997
1317,178.56
1318,178.56
1319,178.56
1320,96.44500835999992
1321,178.56
1322,126.5969214099998
1323,54.17036303
1324,178.56
1325,52.99828121
1326,52.86933652
1327,52.47090533999999
1328,51.68863084
1329,54.37869541999999
1330,55.73807078
1331,57.13997779000001
1332,61.10267373
1333,60.97756721
1334,53.98239272999999
1335,54.53488634999998
1336,55.48303116999999
1337,56.74110211000001
1338,56.54505304000001
1339,56.22102947999999
1340,56.75973995999998
1341,178.56
1342,178.56
1343,54.28604369999999
1344,54.75422218
1345,53.69972768999998
1346,53.85064061999999
1347,55.28332151999999
1348,56.11635134000001
1349,55.93929635000001
1350,55.51408127999999
1351,55.61473826999999
1352,178.56
1353,54.67399007000001
1354,53.50938348
1355,51.80670166000001
1356,51.87807289
1357,52.70206829999999
1358,52.09951151999999
1359,54.05068409999999
1360,55.38752603999999
1361,54.8153571
1362,56.93911279
1363,57.5274371
1364,56.94120320000001
1365,178.56
1366,178.56
1367,178.56
1368,133.0926403800003
1369,56.38902955
1370,56.94339706999999
1371,57.89072106999999
1372,58.12487114
1373,57.35170721000001
1374,56.75842633999999
1375,56.71298968999999
1376,178.56
1377,52.50418124000002
1378,59.89933117
1379,60.97919855999999
1380,58.27140857999998
1381,57.84186954
1382,56.97928334
1383,56.34153679
1384,54.51434568999999
1385,54.04553686000001
1386,55.39965213999999
1387,54.69630098100001
1388,56.54935069
1389,178.56
1390,178.56
1391,178.56
1392,152.5605249289999
1393,57.04817467999998
1394,56.27796276549999
1395,178.56
1396,178.56
1397,52.63989749549999
1398,51.96443196000001
1399,51.1545909
1400,178.56
1401,93.95466511880022
1402,26.50360999999999
1403,26.52600999999999
1404,26.54840999999999
1405,26.57080999999999
1406,25.1957627012
1407,39.97552068300001
1408,46.15009211400001
1409,45.29926067799999
1410,45.12695369
1411,45.11906699999999
1412,45.141621
1413,45.13304124
1414,45.09368731
1415,45.23851738
1416,45.53034031
1417,45.17523745
1418,50.27331214000083
1419,178.56
1420,178.56
1421,45.231676
1422,45.24212693
1423,45.314962
1424,178.56
1425,178.56
1426,50.95637134
1427,52.68090785999999
1428,54.42374503999999
1429,53.95760531
1430,53.18523706999999
1431,54.76783753
1432,54.86895596
1433,56.00988365
1434,56.02520027999999
1435,60.62363286
1436,62.29806771999998
1437,63.89347489
1438,58.61473296000001
1439,58.65009493000001
1440,58.45822948000001
1441,58.08177172000001
1442,58.21133024
1443,58.41639993
1444,58.00251751
1445,58.30573664999999
1446,57.19293712999999
1447,55.37496131999999
1448,178.56
1449,54.95342306999999
1450,55.54441696999998
1451,54.87681941
1452,54.56912083
1453,55.00072445000001
1454,54.60719613999999
1455,54.68159711
1456,55.39152955000001
1457,54.85370289000001
1458,55.49631276000001
1459,56.38362736999999
1460,57.18023709999999
1461,178.56
1462,178.56
1463,178.56
1464,148.5570259499999
1465,56.87702993
1466,56.24528944999998
1467,56.05611914000001
1468,56.18108313999997
1469,55.25961727999999
1470,54.42868829999998
1471,54.35530029999999
1472,178.56
1473,52.35128465
1474,53.27124823999998
1475,54.88919197999999
1476,55.31671404
1477,54.93886797
1478,55.10138214000001
1479,55.69432638
1480,56.37402414
1481,55.19540355
1482,55.67200064999999
1483,56.42128107
1484,55.60707579
1485,178.56
1486,178.56
1487,178.56
1488,133.5676090599998
1489,55.68876614000002
1490,55.00430565
1491,53.93294641000001
1492,54.57560731000002
1493,54.85878006000002
1494,53.78607234
1495,54.81583821
1496,178.56
1497,54.80992048
1498,53.37486427000001
1499,52.54348855
1500,50.35978716999998
1501,49.60956867999999
1502,49.84120385999999
1503,50.82076629000001
1504,50.88310255
1505,51.17433517
1506,51.58335252
1507,51.67520624000002
1508,51.48885903000001
1509,178.56
1510,178.56
1511,178.56
1512,90.70964346999978
1513,52.98824810999999
1514,53.29364831
1515,53.20768355
1516,53.77059876999999
1517,53.54924154999998
1518,53.28670214
1519,53.27691656
1520,178.56
1521,52.7656738
1522,52.19412079000001
1523,50.49598176
1524,49.15296631000001
1525,49.576408
1526,49.68989921
1527,48.42983789
1528,48.31874600000001
1529,47.83464021
1530,48.26675749
1531,48.23194620999999
1532,48.00224807000001
1533,178.56
1534,178.56
1535,178.56
1536,53.40029816999953
1537,48.88168334
1538,48.11062431
1539,48.07504309999999
1540,47.79881113
1541,47.68633366
1542,47.49902310999999
1543,47.69739288999999
1544,47.96219007999999
1545,47.73010375
1546,47.63133234999999
1547,47.135753
1548,47.18731066
1549,47.95140034999999
1550,48.22843949000001
1551,48.26125955000001
1552,48.56322107
1553,48.68497732
1554,48.91856172
1555,48.71101473
1556,48.56953269000001
1557,178.56
1558,178.56
1559,178.56
1560,159.2829198999997
1561,50.06786834
1562,49.02733485999997
1563,48.41148186000001
1564,48.32166738
1565,48.21262900999999
1566,47.92529483000001
1567,47.48292255
1568,47.65295696
1569,48.32285024
1570,47.57563524000001
1571,47.64413283
1572,48.58627263
1573,49.70227724
1574,49.22181606999999
1575,49.61910338
1576,50.16271637999999
1577,52.67986464999998
1578,51.65691223
1579,51.86950321
1580,50.89447062
1581,178.56
1582,178.56
1583,178.56
1584,177.2838956900001
1585,50.47773961999999
1586,50.47542289999999
1587,49.88449213999998
1588,49.52846289999999
1589,49.42581455
1590,48.41647706
1591,48.00516308
1592,48.40563224
1593,47.93215217
1594,47.40564556
1595,50.80957686000001
1596,51.28527606999999
1597,51.81310372000001
1598,51.93793941
1599,50.84047703
1600,50.93941496000001
1601,50.75951061999999
1602,50.21259873
1603,49.88095238
1604,50.23917486
1605,178.56
1606,178.56
1607,178.56
1608,176.2633211399997
1609,49.63761852
1610,49.89461183
1611,49.74976720000002
1612,49.2690751
1613,49.12980086
1614,49.47368775999999
1615,49.13488048
1616,49.21859858999998
1617,48.81847389999998
1618,48.55499859
1619,48.46056334
1620,48.37552286
1621,48.402697
1622,47.98599203999998
1623,48.31924139
1624,48.01169575999999
1625,48.02988624
1626,48.18603537999999
1627,48.08651869000001
1628,48.24500289
1629,178.56
1630,178.56
1631,178.56
1632,157.9010483799999
1633,47.03871452
1634,47.00395461999999
1635,47.05207254999999
1636,47.02729724
1637,47.05621605999999
1638,47.30308310000001
1639,47.32686916999999
1640,47.35902318
1641,47.23381348
1642,47.09831300999998
1643,47.08400878999999
1644,47.23458845
1645,48.19056234999999
1646,48.19825556000001
1647,48.03405858999999
1648,49.02024127
1649,48.84847344999999
1650,48.99676817
1651,49.33335414
1652,49.62561358999999
1653,178.56
1654,178.56
1655,178.56
1656,163.0464199099998
1657,178.56
1658,170.4967677200004
1659,51.64822844999998
1660,178.56
1661,49.75357799999999
1662,49.353157
1663,49.36280076000001
1664,48.82979927
1665,48.94726963
1666,49.23845066000001
1667,49.84563926999999
1668,49.42629006
1669,48.42228061999999
1670,48.54796331
1671,48.59135932000001
1672,48.27038972
1673,50.05383138
1674,49.36703555
1675,49.01318835000001
1676,47.47169266
1677,178.56
1678,47.68050210000001
1679,47.75716147999999
1680,48.27875269
1681,178.56
1682,156.8674290700005
1683,47.23761692999999
1684,178.56
1685,47.60086352
1686,47.28516828
1687,47.16311564999999
1688,46.72313128
1689,46.72420221000001
1690,46.6110043
1691,46.46133568999999
1692,46.24649855
1693,46.52995417
1694,47.15102965999998
1695,51.74735734
1696,52.49214572000001
1697,52.97256734
1698,53.15800252
1699,51.85441044
1700,51.75502234
1701,178.56
1702,48.34798948000001
1703,47.66288792999999
1704,47.06738847999999
1705,178.56
1706,167.3072093700005
1707,48.09272811
1708,178.56
1709,48.14838448
1710,47.42692563000001
1711,47.92189968999999
1712,48.13143488999999
1713,48.19295130999999
1714,47.86854400999999
1715,47.48361324
1716,48.60413620999998
1717,48.07465138
1718,48.49419182999998
1719,49.87892658000001
1720,50.65923828
1721,51.78530413000001
1722,52.20040496999999
1723,51.73251964999999
1724,51.17400638
1725,178.56
1726,51.87425516000001
1727,52.64943432000002
1728,55.05259648000001
1729,54.15233334000001
1730,54.8045169
1731,55.32911076
1732,178.56
1733,178.56
1734,55.37730267999999
1735,54.00305189999999
1736,52.66232068999998
1737,52.58236207
1738,52.63900124
1739,51.865401
1740,51.74971445000001
1741,52.11804941
1742,52.56099772000001
1743,52.91418958000001
1744,53.81839371999998
1745,54.34658166000001
1746,55.73665586999999
1747,56.64648051999999
1748,178.56
1749,121.3548248100002
1750,178.56
1751,55.01810747999998
1752,56.10403190000001
1753,178.56
1754,104.28201964
1755,54.38606634999999
1756,178.56
1757,53.95775231
1758,53.85986444999998
1759,54.09801802999997
1760,54.19331183000001
1761,54.17731402999999
1762,53.79400116999999
1763,54.51699918
1764,54.28216745
1765,54.47219665999999
1766,55.04419704
1767,53.20178506999999
1768,53.48621607
1769,51.0031641
1770,51.82266781999999
1771,52.38812396999999
1772,52.6420111
1773,178.56
1774,178.56
1775,52.23735601
1776,53.17954572000001
1777,52.74477348000001
1778,53.44895709999999
1779,53.50203025999998
1780,178.56
1781,178.56
1782,52.80355269000002
1783,52.27650609999998
1784,52.04052014
1785,51.98150523999999
1786,53.10644261999999
1787,54.77520510000001
1788,55.28083169
1789,55.18229023999999
1790,54.67842141999999
1791,54.10591935
1792,53.94600882999998
1793,53.81230413999999
1794,53.66822943999998
1795,53.59456003999999
1796,178.56
1797,104.57878526
1798,178.56
1799,53.51114097
1800,53.04869689
1801,52.78524958000001
1802,52.81994416999999
1803,52.76742317
1804,178.56
1805,178.56
1806,51.13419233999998
1807,50.64741703000001
1808,50.16785444999999
1809,50.61680861999999
1810,50.71423245
1811,51.07591972000001
1812,51.18332793000001
1813,51.40356696999999
1814,52.25985141999998
1815,52.36261323999999
1816,52.81349233999999
1817,53.63356117000001
1818,54.15240606999999
1819,53.48008589000001
1820,178.56
1821,91.44295850999966
1822,178.56
1823,54.95032158000001
1824,56.07728664999998
1825,55.58928165
1826,55.73521625
1827,56.44699661999999
1828,178.56
1829,178.56
1830,54.56469647999999
1831,54.17986937999999
1832,54.09364807000002
1833,54.36416747999998
1834,54.63111871
1835,54.30052565000002
1836,55.78838985999998
1837,55.92557109999998
1838,55.47072594000001
1839,56.43504048
1840,56.14867103999998
1841,55.91481483
1842,56.12927851999999
1843,55.85782047999999
1844,178.56
1845,134.9104880900008
1846,178.56
1847,56.06310038000001
1848,56.72169979
1849,56.63712312999999
1850,56.54923400000001
1851,56.16692213999998
1852,178.56
1853,178.56
1854,55.88950765999999
1855,55.50488482
1856,55.12311279999999
1857,54.85786558000002
1858,56.05038312999996
1859,58.13142985999999
1860,57.68325681999998
1861,56.18449704
1862,55.44459564
1863,57.20211483000001
1864,56.47861597
1865,56.11170327
1866,56.04917255
1867,54.58298285999999
1868,178.56
1869,134.3451551600001
1870,178.56
1871,55.52820776999999
1872,55.23878296999999
1873,178.56
1874,85.43160913999994
1875,53.24733939000001
1876,178.56
1877,52.86525006
1878,52.52920161999999
1879,52.42745221000001
1880,51.85325599999999
1881,51.93178879
1882,51.94933750999999
1883,52.64582148
1884,52.03553865999999
1885,51.57473741
1886,51.63091444000001
1887,51.86298564999998
1888,51.78510666
1889,51.96358503
1890,51.98280248
1891,51.76729830999999
1892,51.27490179
1893,178.56
1894,178.56
1895,49.16418240999999
1896,50.55171575999999
1897,51.12258921000002
1898,51.32845431
1899,51.26720669
1900,178.56
1901,178.56
1902,51.48426037999999
1903,51.287775
1904,51.315257
1905,51.328186
1906,51.35163831000001
1907,51.375758
1908,51.39564262
1909,51.42230331
1910,51.43728569
1911,51.45919799999999
1912,51.62356037999999
1913,51.61128462000001
1914,51.74353799999999
1915,52.02899569
1916,178.56
1917,77.56258514999993
1918,178.56
1919,53.25277971999999
1920,53.72511662000002
1921,53.54985978999999
1922,53.48519904
1923,52.84231883
1924,178.56
1925,178.56
1926,52.28244245000001
1927,52.32499117999998
1928,52.70618535
1929,54.21927980000001
1930,53.44786013000001
1931,54.59299748
1932,54.70746434999999
1933,54.47663613
1934,55.47721851000001
1935,54.24829234999999
1936,53.35452122000001
1937,52.89115321000001
1938,53.20584528
1939,54.47584995999998
1940,178.56
1941,111.45951199
1942,178.56
1943,57.83181607
1944,57.97608137999999
1945,56.45933047999999
1946,56.11428641
1947,55.79919582999998
1948,178.56
1949,178.56
1950,56.10171965999999
1951,55.99812134
1952,56.2999549
1953,56.55124993
1954,57.61094261999999
1955,57.95782104
1956,57.19094507000001
1957,56.45091640999998
1958,54.84707697000001
1959,56.41930735
1960,55.5178099
1961,55.22065996999999
1962,54.31993203000002
1963,55.30647478999999
1964,178.56
1965,129.6608242100004
1966,178.56
1967,53.06027999999999
1968,52.66246558999999
1969,52.36842289
1970,51.81866185999999
1971,51.81611442000001
1972,178.56
1973,178.56
1974,51.76582390000001
1975,51.64153770999999
1976,51.28625396999999
1977,51.15013666000001
1978,53.4787883
1979,53.58293786999999
1980,54.10147413999999
1981,53.79433982999998
1982,53.57529323999999
1983,53.49802975999999
1984,53.98363613999999
1985,53.14196818000002
1986,53.53181147999999
1987,54.1288629
1988,178.56
1989,107.1404105200003
1990,178.56
1991,56.84506057999999
1992,57.97946945000001
1993,56.47385785999999
1994,55.29957587
1995,53.55595497000001
1996,178.56
1997,178.56
1998,53.48130689999999
1999,53.04989423999999
2000,52.92566034
2001,52.41139617
2002,51.5739889
2003,53.07686775999999
2004,54.59794507999999
2005,53.62460606999999
2006,53.63042517
2007,55.36371420999998
2008,55.76197655000001
2009,56.22271241999999
2010,56.82528179999999
2011,57.37710740999999
2012,178.56
2013,122.6222252700009
2014,178.56
2015,54.57707766
2016,53.77221465
2017,178.56
2018,178.56
2019,54.33175496
2020,53.49683786999999
2021,178.56
2022,178.56
2023,49.19471011
2024,49.00407672999999
2025,49.20095802999999
2026,51.36606327999998
2027,52.67687866000001
2028,53.75892710999999
2029,54.20159304000002
2030,54.17817789999999
2031,53.58367944999998
2032,53.43803941000001
2033,53.63992696999998
2034,53.88768041999999
2035,53.43242302999999
2036,50.87568226999999
2037,50.70573683000001
2038,50.26988372
2039,82.83133651000028
2040,50.13848279999999
2041,178.56
2042,50.66155752
2043,49.91436771999999
2044,176.7946251899995
2045,178.56
2046,178.56
2047,49.55401709999999
2048,49.68496196999999
2049,49.39178999999999
2050,49.41419
2051,49.43659
2052,49.45898999999999
2053,49.48138999999999
2054,49.50379
2055,49.52619
2056,49.54859
2057,49.57098999999999
2058,49.59339
2059,49.61579
2060,49.63818999999999
2061,49.66058999999999
2062,49.68299
2063,49.70538999999999
2064,49.72778999999999
2065,178.56
2066,49.25179
2067,49.27419
2068,170.3617999999998
2069,178.56
2070,178.56
2071,49.34699
2072,49.36939
2073,49.39178999999999
2074,49.41419
2075,49.43659
2076,49.45898999999999
2077,49.48138999999999
2078,49.50379
2079,49.52619
2080,49.54859
2081,49.57098999999999
2082,49.59339
2083,49.61579
2084,49.63818999999999
2085,49.66058999999999
2086,49.68299
2087,49.70538999999999
2088,49.72778999999999
2089,49.22939
2090,49.25179
2091,49.27419
2092,171.1289999999998
2093,178.56
2094,49.32459
2095,49.34699
2096,49.36939
2097,49.39178999999999
2098,49.41419
2099,49.43659
2100,49.45898999999999
2101,49.48138999999999
2102,49.50379
2103,49.52619
2104,49.54859
2105,49.57098999999999
2106,49.59339
2107,49.61579
2108,178.56
2109,49.66058999999999
2110,178.56
2111,49.70538999999999
2112,49.72778999999999
2113,178.56
2114,49.25179
2115,49.27419
2116,170.3617999999998
2117,178.56
2118,178.56
2119,49.34699
2120,49.36939
2121,49.39178999999999
2122,49.41419
2123,49.43659
2124,49.45898999999999
2125,49.48138999999999
2126,49.50379
2127,49.52619
2128,49.54859
2129,49.57098999999999
2130,49.59339
2131,49.61579
2132,49.63818999999999
2133,49.66058999999999
2134,49.68299
2135,49.70538999999999
2136,49.72778999999999
2137,178.56
2138,49.25179
2139,49.27419
2140,170.5884879800003
2141,178.56
2142,178.56
2143,49.34699
2144,49.36939
2145,49.39178999999999
2146,49.41419
2147,49.43659
2148,49.45898999999999
2149,49.48138999999999
2150,49.50379
2151,49.53584062
2152,49.73811261999999
2153,49.76520976
2154,49.784658
2155,49.76824999999999
2156,49.67987262
2157,49.65106768999999
2158,49.62536830999999
2159,49.60113199999999
2160,49.649327
2161,49.162631
2162,49.21806407
2163,49.442281
2164,178.56
2165,178.56
2166,49.23788799999999
2167,49.24825037999999
2168,49.27370462
2169,49.29636130999999
2170,49.76877527999999
2171,56.05566463
2172,55.33116407
2173,54.21129454999999
2174,55.17835617000001
2175,53.27616699999998
2176,51.310991872
2177,54.22176382000001
2178,53.13549261999999
2179,54.12408798999999
2180,178.56
2181,75.20094928800036
2182,178.56
2183,51.70685149
2184,52.3546702
2185,178.56
2186,178.56
2187,53.09811247999999
2188,53.07331133999998
2189,178.56
2190,178.56
2191,53.21028537999999
2192,53.05943523999999
2193,52.94449314
2194,53.10885467999999
2195,53.52018210000001
2196,55.97904206999998
2197,56.64690730999997
2198,54.21405947999999
2199,53.85879933
2200,55.90984196
2201,57.26190420999999
2202,56.85087141999998
2203,55.41707206
2204,54.80116761
2205,52.67503723999999
2206,52.71289778999999
2207,109.20645047
2208,53.57008979
2209,50.28806243999999
2210,49.31051594
2211,49.33060594000001
2212,178.56
2213,178.56
2214,49.39948601
2215,49.04289145
2216,49.21713552
2217,48.84100850999999
2218,50.3128052
2219,52.45624789999999
2220,53.56119041000002
2221,55.73897447999998
2222,54.86134745
2223,53.78667706999998
2224,53.79806606999999
2225,55.35035071999999
2226,55.30383844999999
2227,56.25904193000001
2228,178.56
2229,87.15920059000078
2230,178.56
2231,53.08936003000001
2232,52.89610878999999
2233,178.56
2234,178.56
2235,53.19064114000001
2236,53.15364872999999
2237,178.56
2238,178.56
2239,49.97269234999999
2240,49.23851575999999
2241,49.07976017
2242,49.54355041999999
2243,51.13405555999999
2244,56.54861015999999
2245,56.28118327999999
2246,55.69492354999999
2247,54.51655943999999
2248,54.50821151999999
2249,53.63620863999999
2250,53.47252189999999
2251,53.5334989
2252,53.40567218
2253,52.97115397
2254,52.31790396
2255,90.58499562999987
2256,52.73338293999998
2257,51.47568551999999
2258,50.88729540999998
2259,50.55867908
2260,170.7314033399991
2261,178.56
2262,49.45638788999999
2263,48.76019799
2264,46.23284652
2265,47.30835025
2266,46.62861244999999
2267,48.04969211000001
2268,50.69851178
2269,50.65651345999999
2270,50.61895573000001
2271,50.44177095999999
2272,51.23545469
2273,50.55022441000002
2274,49.1013341
2275,48.71445362000001
2276,178.56
2277,48.75329927999999
2278,178.56
2279,48.37911679999999
2280,48.57535641
2281,158.2111958399998
2282,178.56
2283,47.47739486
2284,47.76693347999999
2285,178.56
2286,178.56
2287,47.77639573
2288,47.93393031
2289,48.36699678999999
2290,48.4618792
2291,48.95362087000001
2292,48.68190579000001
2293,49.19435996999999
2294,50.03496169000001
2295,49.87902955000001
2296,49.5618599
2297,50.28516465000001
2298,50.51105073
2299,50.24967961999999
2300,49.95668783
2301,49.77626969
2302,49.76353172
2303,49.65164435000002
2304,47.64678793
2305,178.56
2306,178.56
2307,46.90916097
2308,46.62361255999998
2309,46.48675016999999
2310,46.48185276
2311,46.19114534999999
2312,46.76845852
2313,178.56
2314,46.35292648000001
2315,45.87680278999999
2316,46.90282135
2317,47.78864776
2318,48.67988986
2319,49.04622337999999
2320,49.48326803
2321,49.02205651000001
2322,49.03724427
2323,49.00856877
2324,48.78895707
2325,49.09707795999999
2326,48.49141507000001
2327,48.15525175999999
2328,140.28364901
2329,178.56
2330,48.54785586000001
2331,49.00276535
2332,139.9996314700007
2333,178.56
2334,178.56
2335,44.93834751000001
2336,44.63364493000001
2337,45.18056193
2338,45.66988335000001
2339,45.59967118
2340,46.17012421
2341,47.29515693000001
2342,47.82847047999999
2343,48.84863004000002
2344,49.51073869
2345,49.43300572000001
2346,49.67151252000001
2347,47.69370179
2348,48.9681927
2349,48.51362138
2350,48.85174049
2351,47.32045255000001
2352,47.40978452
2353,178.56
2354,178.56
2355,63.14214221000001
2356,61.8614192
2357,178.56
2358,178.56
2359,61.90220876
2360,107.6958362000003
2361,61.93386773
2362,61.91153024
2363,62.15376461000001
2364,60.34656760999999
2365,59.80861355
2366,58.51331247999999
2367,59.40111547999999
2368,60.61136935
2369,60.13349964999998
2370,59.90944840999999
2371,61.05417576999999
2372,61.15380579000001
2373,60.78453262000001
2374,59.40584055
2375,178.56
2376,64.21537479000001
2377,178.56
2378,178.56
2379,63.18708500999999
2380,62.18268832999999
2381,178.56
2382,178.56
2383,61.17022078999999
2384,98.79412279000042
2385,61.19818355
2386,60.92282469000001
2387,62.0007913
2388,62.08579320999999
2389,61.01936197000001
2390,61.25492317
2391,59.79556100000001
2392,58.50598376000001
2393,58.66813869000001
2394,58.55324748000001
2395,57.87800186
2396,57.32736863
2397,57.07161873
2398,56.40879552
2399,178.56
2400,57.86446652000001
2401,178.56
2402,59.08902306999998
2403,59.52932747999999
2404,178.56
2405,178.56
2406,178.56
2407,60.08128707
2408,59.64379175999999
2409,58.63475086
2410,59.19574030999998
2411,59.33638689999999
2412,59.16343776000001
2413,58.90391492999998
2414,58.25035796999998
2415,56.82780102999998
2416,60.23848369
2417,60.02107972
2418,59.12836152999999
2419,60.00012235000001
2420,59.94000417999998
2421,59.84844347999999
2422,178.56
2423,60.67276656000001
2424,77.02802375000101
2425,178.56
2426,59.35403179999998
2427,58.90046785000001
2428,178.56
2429,178.56
2430,178.56
2431,57.9783148
2432,56.91088157999999
2433,56.09026045
2434,56.38613904
2435,57.19537557999998
2436,59.27701296999999
2437,58.16625493
2438,58.44501425000001
2439,58.45411915
2440,57.54220009999998
2441,58.36070393999999
2442,59.63117083
2443,60.74011768999999
2444,60.45503057999998
2445,59.65930648999999
2446,178.56
2447,59.81952913999999
2448,69.53632153000075
2449,178.56
2450,178.56
2451,57.94094565
2452,57.74654011000001
2453,178.56
2454,178.56
2455,58.68691906
2456,77.56215053999992
2457,60.50456748
2458,61.51192593
2459,61.511688
2460,61.09105603999998
2461,61.13899393
2462,61.43938892
2463,61.48455614
2464,61.08799850999999
2465,60.08876405000001
2466,59.51382283
2467,59.62859672
2468,59.93676997000001
2469,60.37879477000001
2470,60.01732393999998
2471,178.56
2472,61.30467230999997
2473,178.56
2474,178.56
2475,62.67572660999998
2476,61.28866757999999
2477,178.56
2478,178.56
2479,59.93896573
2480,115.1977907199997
2481,59.95992092999998
2482,60.29437679999999
2483,61.68052338
2484,61.58457403
2485,61.26073078999999
2486,62.66938817999999
2487,63.15152857999999
2488,62.91785289999998
2489,62.53700397
2490,62.98498233999998
2491,62.75669575000001
2492,63.03229779
2493,63.96684035000001
2494,63.87458720999999
2495,178.56
2496,61.32156086
2497,178.56
2498,178.56
2499,60.41149099999999
2500,61.10543340999999
2501,178.56
2502,178.56
2503,62.34200630000001
2504,114.06212121
2505,64.12379841
2506,63.85714083
2507,63.40427113999999
2508,63.53983523999997
2509,62.37569120999999
2510,63.09776508000001
2511,63.63447215999999
2512,62.63292714000001
2513,62.58045681999999
2514,61.28574627
2515,61.19282624
2516,60.45767532
2517,59.34979113
2518,60.29264989999999
2519,178.56
2520,60.13899548999998
2521,178.56
2522,178.56
2523,61.90298162999999
2524,61.90448803
2525,178.56
2526,178.56
2527,59.37961127000001
2528,106.3133174699999
2529,59.64668486
2530,60.12348769000001
2531,61.08092423999997
2532,62.78841764999999
2533,61.57288913999999
2534,63.06416647999999
2535,62.70862569999999
2536,61.87090959
2537,61.28151946000001
2538,59.13364778999999
2539,61.99747581999998
2540,62.16879437999999
2541,62.47355358999999
2542,63.50842539999996
2543,178.56
2544,62.81004820999999
2545,178.56
2546,178.56
2547,61.32781648
2548,61.15140297
2549,178.56
2550,178.56
2551,59.54926837999999
2552,81.84825103000115
2553,59.5660149
2554,60.24771465999999
2555,58.47219013999998
2556,58.29120674999998
2557,58.55251262
2558,57.44889017000001
2559,56.12455981999999
2560,57.6811599
2561,60.76631210999999
2562,60.10867288999999
2563,58.72040775999999
2564,58.52520611000001
2565,57.55984961999999
2566,58.1265629
2567,178.56
2568,59.44157988999997
2569,178.56
2570,178.56
2571,59.0869629
2572,58.48473848
2573,178.56
2574,178.56
2575,57.9745418
2576,57.73832536000059
2577,59.19343758999999
2578,61.04653869999999
2579,62.49677518
2580,61.02463037999999
2581,60.61046641999999
2582,60.12369048000001
2583,59.07037527999999
2584,57.14500890000001
2585,57.06607654999997
2586,57.51541621
2587,58.05022530999999
2588,56.33350337999998
2589,55.58479954999999
2590,56.71556344999998
2591,178.56
2592,58.59257767999999
2593,178.56
2594,178.56
2595,59.33900994000001
2596,58.63671100000001
2597,178.56
2598,178.56
2599,56.45938739
2600,55.55616913000001
2601,54.76616803
2602,55.14492473
2603,54.91160786999998
2604,53.99170643999999
2605,54.16749142
2606,54.00049724999998
2607,52.53143258999999
2608,53.24932200000001
2609,55.95707221999999
2610,55.583486
2611,55.28479628
2612,56.06582569000001
2613,56.23493652
2614,55.63846169000001
2615,148.77500819
2616,54.85810442
2617,178.56
2618,94.51331815999998
2619,53.78474262
2620,178.56
2621,53.64140579000001
2622,53.38011272999999
2623,51.99207769
2624,51.59749728000001
2625,51.61535435
2626,51.87694168999999
2627,52.80591343999998
2628,52.86594145000001
2629,53.29921359
2630,53.34173642
2631,53.58751355999998
2632,53.38484185999999
2633,52.22480382
2634,51.49945752
2635,50.92757131
2636,52.11675230999998
2637,178.56
2638,178.56
2639,52.46187149
2640,54.33375962
2641,178.56
2642,120.2203124100001
2643,53.59719644999999
2644,178.56
2645,53.79961474999998
2646,53.73482590000002
2647,53.13077909999999
2648,52.01185934
2649,51.72135723999999
2650,51.32323454999999
2651,50.38475197
2652,50.0382701
2653,51.60718955
2654,55.888434
2655,57.64718371999999
2656,57.41979606999999
2657,56.55138334999998
2658,56.77185339000001
2659,55.50686427999998
2660,55.07696599999999
2661,178.56
2662,178.56
2663,57.70464678999998
2664,58.81385033999999
2665,58.37185206999999
2666,55.45721516999998
2667,53.89464745
2668,178.56
2669,178.56
2670,52.21292139000001
2671,51.91810623999999
2672,51.62123890000002
2673,50.59805610999999
2674,49.95260892999998
2675,51.46996358000001
2676,52.67267158999999
2677,54.36951316999999
2678,54.14756668999999
2679,55.52234296
2680,54.93836824000001
2681,56.24682202999998
2682,55.21529769
2683,55.68042221000001
2684,178.56
2685,110.5308126100003
2686,178.56
2687,56.73634659
2688,56.40837048000001
2689,57.25722540999998
2690,57.96636251
2691,58.51513528
2692,178.56
2693,178.56
2694,56.19194685999999
2695,54.18208544
2696,52.89009557999999
2697,52.64856583
2698,53.03527830999999
2699,54.16994296000001
2700,53.95161533999999
2701,52.74263218000001
2702,54.34810066
2703,54.58430390000004
2704,55.24626534000001
2705,55.97293345000001
2706,53.86533389999999
2707,53.64957297000001
2708,178.56
2709,125.5493774100005
2710,178.56
2711,55.29870535000001
2712,56.35554862000001
2713,55.56235299999998
2714,55.58067242000001
2715,54.52558538
2716,178.56
2717,178.56
2718,52.69976592999998
2719,52.50761796000001
2720,50.72280276
2721,51.80474795999999
2722,51.14623724
2723,52.35382137999999
2724,54.13649331999999
2725,54.38886593000001
2726,54.66744437000001
2727,55.80380456
2728,55.67335927999999
2729,55.87203748000001
2730,53.40497623999999
2731,55.14855709999998
2732,178.56
2733,123.9329279600003
2734,178.56
2735,57.90592492999999
2736,55.5515667
2737,57.67859565999998
2738,86.32444893000023
2739,60.43800427
2740,178.56
2741,178.56
2742,61.18367751999998
2743,58.39488381999999
2744,57.04473376
2745,56.70625967999998
2746,56.22839130999999
2747,55.67634631999999
2748,57.28823043999999
2749,58.72232288999999
2750,58.30951903
2751,59.5122528
2752,60.68151565
2753,59.34034875999999
2754,60.7640978
2755,61.04621845
2756,178.56
2757,178.56
2758,178.56
2759,60.65041059
2760,63.45048261999999
2761,178.56
2762,178.56
2763,61.78216786
2764,60.92499678999999
2765,178.56
2766,178.56
2767,58.29650456
2768,100.6599765099998
2769,58.79722065000001
2770,60.87926796000001
2771,62.74176334999999
2772,60.51522392999999
2773,60.75540603999998
2774,60.53689844999999
2775,59.72815975
2776,58.54943724
2777,58.50931324
2778,59.16996554000001
2779,61.88192520999999
2780,61.53842057999998
2781,61.90195655
2782,61.38563920999997
2783,178.56
2784,62.15808927999998
2785,62.49722961999998
2786,109.0076103200007
2787,64.62195299
2788,178.56
2789,178.56
2790,61.79811154999999
2791,60.82328455
2792,60.57112830999999
2793,60.39717852
2794,60.33020679000001
2795,60.75398104999999
2796,61.15101314
2797,61.80635355999998
2798,60.95955180000001
2799,61.35532486999999
2800,59.64440355999999
2801,58.56190424
2802,58.25364089999999
2803,57.87307442
2804,178.56
2805,178.56
2806,178.56
2807,61.43447561999999
2808,61.56367469000001
2809,178.56
2810,178.56
2811,62.85634354999999
2812,61.63321717
2813,178.56
2814,178.56
2815,59.35032593000001
2816,98.11484551000012
2817,58.21143034000001
2818,57.93039993999998
2819,58.24393645
2820,59.04737328
2821,59.40998566999998
2822,61.06126831
2823,61.77612916999998
2824,63.03517562999998
2825,63.22587172999999
2826,61.95400365000001
2827,61.12519469
2828,61.42289531000001
2829,62.02400175999999
2830,62.04483620999999
2831,178.56
2832,62.90180609999999
2833,178.56
2834,178.56
2835,61.60280972999999
2836,59.71155372
2837,178.56
2838,178.56
2839,58.65686435
2840,58.99627348999999
2841,59.23388827999997
2842,58.29614937999999
2843,58.53461137999999
2844,55.49626123999997
2845,54.73354383000001
2846,54.88332709789999
2847,53.8707443624
2848,56.23969455999998
2849,55.87078
2850,55.89317999999999
2851,55.91557999999999
2852,55.93798
2853,55.96037999999999
2854,55.98277999999999
2855,171.2667450087001
2856,56.02757999999999
2857,178.56
2858,178.56
2859,55.55717999999999
2860,55.57958
2861,178.56
2862,178.56
2863,55.64677999999999
2864,55.66918
2865,55.75808238
2866,55.61660034
2867,54.02261626999999
2868,53.89135037999999
2869,55.08122402999999
2870,54.88283941
2871,53.84556575999999
2872,53.06542023999999
2873,52.82625215000001
2874,54.85367958
2875,54.6841967
2876,55.498002
2877,58.43487769000001
2878,58.63429999
2879,141.7575381600006
2880,61.34381371999999
2881,60.56370865999998
2882,61.55256114
2883,61.80300965999999
2884,178.56
2885,178.56
2886,56.22631469000001
2887,53.51295606999998
2888,52.95534041
2889,53.92191475999999
2890,53.45816202999998
2891,55.62036655000001
2892,54.80739347999999
2893,54.33830318
2894,55.13213950999999
2895,57.23551617
2896,56.37932097
2897,57.00216619999999
2898,56.39932731999998
2899,56.41507899999998
2900,178.56
2901,167.7960503099999
2902,178.56
2903,62.68246585999999
2904,60.75063183
2905,178.56
2906,178.56
2907,178.56
2908,178.56
2909,178.56
2910,61.16712238000002
2911,60.85826782
2912,60.39531063999999
2913,60.05026768999997
2914,59.49047124999998
2915,60.77936668999999
2916,61.59666386999999
2917,62.86109921000001
2918,61.65765920999998
2919,60.66263216999999
2920,59.63069749
2921,57.38280372999999
2922,59.66253460999998
2923,65.91508273000001
2924,65.9950529
2925,64.75401086
2926,65.79684069
2927,65.57956573
2928,126.7349366300006
2929,178.56
2930,178.56
2931,67.36895430999999
2932,66.3770079
2933,178.56
2934,178.56
2935,63.66135111
2936,147.7491548000004
2937,63.68964672
2938,64.03914327999999
2939,64.96375291
2940,65.28509127000001
2941,66.89171524
2942,61.66564200999999
2943,59.17304120000001
2944,60.47679897000002
2945,60.18467931
2946,60.87246199999999
2947,61.95037863
2948,61.77055045
2949,61.49860485999998
2950,61.07296789999999
2951,178.56
2952,62.91084023000001
2953,178.56
2954,178.56
2955,62.20610452
2956,61.76976371999999
2957,178.56
2958,178.56
2959,59.69035751000001
2960,107.1433918400003
2961,58.20555292999999
2962,58.64400948000002
2963,58.21657583
2964,58.52187361999999
2965,59.02239195999997
2966,61.07574431
2967,62.06754813
2968,62.1621749
2969,62.92636664999999
2970,63.39924234
2971,63.70292467
2972,64.03447897
2973,63.70550186
2974,62.06513739999999
2975,178.56
2976,62.13362805999999
2977,178.56
2978,178.56
2979,178.56
2980,178.56
2981,63.21496972
2982,63.02887954999998
2983,62.51002058
2984,63.39525661000001
2985,178.56
2986,63.06311662
2987,62.85012776
2988,64.23401613999998
2989,64.51890886
2990,63.28346213
2991,62.81886366000001
2992,63.60867107000002
2993,63.71274168
2994,62.82092131
2995,63.78539096999999
2996,65.32024982000003
2997,65.96280802999999
2998,63.01059639
2999,63.86320955000001
3000,140.5390698500005
3001,178.56
3002,178.56
3003,178.56
3004,178.56
3005,65.54262904
3006,65.49934769000002
3007,65.59112391999999
3008,65.76865476999997
3009,178.56
3010,64.35966894
3011,63.74366207999999
3012,63.77532756
3013,63.62658168999999
3014,63.50452857
3015,62.47408362999997
3016,62.26019575999998
3017,61.82878352000002
3018,64.15399718
3019,64.38789014000001
3020,65.06769086999998
3021,64.28808407000002
3022,64.88836886
3023,65.64894231
3024,161.0981327000003
3025,178.56
3026,178.56
3027,67.32180525
3028,67.12501047
3029,178.56
3030,178.56
3031,64.21066876
3032,169.9595910100005
3033,61.00681278999999
3034,61.11858431
3035,62.95238334
3036,64.58344185999997
3037,64.42070781999999
3038,65.19342171999999
3039,64.71003483000003
3040,65.07421206999999
3041,64.34999522000001
3042,64.43961524
3043,65.23060362
3044,64.67534947999997
3045,66.52157161999999
3046,67.38760923999999
3047,178.56
3048,68.18056594999999
3049,178.56
3050,178.56
3051,68.59189490999998
3052,65.96133634999998
3053,178.56
3054,178.56
3055,64.31246213
3056,162.1507745200006
3057,64.53641593
3058,64.894074
3059,64.15512376
3060,66.76883030999997
3061,67.65036977999999
3062,68.02322302999997
3063,66.54810148
3064,64.72386186
3065,66.87099971999999
3066,64.81799359
3067,65.71121221
3068,63.04038250999998
3069,61.01368448
3070,61.86542586000001
3071,178.56
3072,55.76205817
3073,178.56
3074,53.14323657999999
3075,53.02121048
3076,178.56
3077,178.56
3078,178.56
3079,50.72185082999999
3080,49.84681603999999
3081,49.27590528
3082,49.37166031
3083,50.70264941000001
3084,54.08384057999999
3085,58.18246727999998
3086,57.69255904999999
3087,56.03186952999999
3088,56.29548378999998
3089,54.02484962
3090,53.37799095999998
3091,53.69016848999999
3092,52.65566620999999
3093,53.78044965999999
3094,94.83018680000026
3095,52.49445866
3096,52.71256634
3097,178.56
3098,54.60529192999998
3099,55.21140337999999
3100,178.56
3101,178.56
3102,178.56
3103,54.46900479999999
3104,54.30788797
3105,54.05575776999999
3106,54.05387658999999
3107,53.15289322
3108,53.69381051999999
3109,56.38554284999999
3110,57.36241027999999
3111,57.62623062000001
3112,59.34342651999999
3113,59.34621665
3114,58.84329744999999
3115,58.68182158999999
3116,59.16347451000001
3117,58.17938245000001
3118,133.4401051299999
3119,55.51614313000001
3120,53.82798903999998
3121,178.56
3122,51.91527088999999
3123,52.03659076
3124,175.28723126
3125,178.56
3126,178.56
3127,49.31775568999998
3128,49.24341821000002
3129,48.94991275999999
3130,48.90781266
3131,48.65157513999999
3132,48.23438186
3133,48.17867838
3134,46.98463217
3135,47.40299255999999
3136,47.52628761999999
3137,48.20862885999999
3138,48.76823259000001
3139,49.20199164999999
3140,49.65741466
3141,49.50712865
3142,49.78619582999999
3143,50.47277165
3144,50.89413524999999
3145,50.61772547999999
3146,50.66176220000002
3147,49.39905781999998
3148,178.56
3149,178.56
3150,47.09662054999999
3151,47.034218
3152,46.98552123999998
3153,47.46930524
3154,48.28447175999999
3155,48.96024189
3156,49.56915054
3157,48.45641724
3158,49.16601710999999
3159,57.54196727999999
3160,63.84818335
3161,64.11482692999999
3162,65.31645714999999
3163,53.25927620999999
3164,178.56
3165,75.72351363000021
3166,178.56
3167,52.89254823999999
3168,53.77152143999999
3169,178.56
3170,50.05492575999998
3171,51.76614120999999
3172,178.56
3173,178.56
3174,178.56
3175,51.22514886999999
3176,50.84827734
3177,49.4988711
3178,47.77244730999998
3179,50.13356817000001
3180,52.80435769
3181,52.73936248
3182,53.80072382999998
3183,54.66824937000001
3184,54.50939214000001
3185,55.38338596000001
3186,55.34988473
3187,59.66452114000001
3188,60.40995197999999
3189,58.84840940999999
3190,106.4291755100004
3191,57.99377317999997
3192,56.97192452
3193,178.56
3194,54.66111728
3195,56.24217626999999
3196,178.56
3197,178.56
3198,178.56
3199,54.92004454999999
3200,54.60259259000001
3201,53.79010692999999
3202,53.12643679000001
3203,52.77582324
3204,53.81667718
3205,55.31811844999999
3206,55.88021103000001
3207,55.84434813999999
3208,56.43608599999998
3209,55.16491134
3210,53.49177154999998
3211,55.18119628000001
3212,55.69431706999998
3213,55.00249076
3214,126.8833745300001
3215,53.83338589999999
3216,53.40869771999999
3217,178.56
3218,178.56
3219,178.56
3220,50.61477798999999
3221,51.13097969000001
3222,51.09923455
3223,50.91938110000001
3224,50.87486844999999
3225,178.56
3226,50.61259216999999
3227,51.10903006999998
3228,51.66062510000001
3229,52.52709966
3230,52.91414547999999
3231,52.82132821
3232,52.52063592999998
3233,53.84025499999999
3234,54.69037931000002
3235,54.59289073000001
3236,54.23655286000002
3237,53.63651111000001
3238,53.29870468999999
3239,54.66211162999999
3240,83.89719407000018
3241,178.56
3242,53.80693100999999
3243,52.50451941000001
3244,178.56
3245,178.56
3246,178.56
3247,51.35630395
3248,51.03523355000001
3249,50.62746038000002
3250,50.31568016999999
3251,51.61720486999999
3252,51.47341346
3253,49.82588785999999
3254,50.94430614
3255,51.99511799999998
3256,50.82471099999999
3257,52.05775623999999
3258,52.16873214
3259,53.74155282999999
3260,53.51683372
3261,52.85906759
3262,85.39254774000038
3263,54.16687311
3264,54.31704172999999
3265,178.56
3266,52.29565102999999
3267,52.01559531
3268,178.56
3269,178.56
3270,178.56
3271,52.70005755
3272,52.80815841
3273,53.13075593000001
3274,53.33664748999999
3275,53.19262388999999
3276,54.72607168
3277,55.80768493999999
3278,55.60894037999999
3279,56.52921120000001
3280,57.67842899000001
3281,57.72700955
3282,58.17647702999999
3283,57.41573669999998
3284,57.55661372999999
3285,53.17297076000002
3286,115.7028095700006
3287,52.08499764999998
3288,54.48980341
3289,178.56
3290,55.43088607
3291,55.58806189999999
3292,178.56
3293,178.56
3294,178.56
3295,55.91557712999999
3296,55.99908986000001
3297,56.18973479000001
3298,56.02985107999999
3299,56.14393245999999
3300,56.54645513999998
3301,56.83671182
3302,56.64389730999998
3303,56.09118402999999
3304,54.66233996999998
3305,55.01463359
3306,57.73287995999998
3307,58.46439850999999
3308,58.46215955999999
3309,58.02435583
3310,135.8704772000003
3311,53.69298906999999
3312,55.30826252
3313,178.56
3314,178.56
3315,178.56
3316,178.56
3317,53.09276000000002
3318,51.7140533
3319,52.11329164999999
3320,51.80459214
3321,51.83243303
3322,51.77724342000001
3323,52.14570689999999
3324,49.14031297
3325,45.53298385999999
3326,47.02888211
3327,49.59505418
3328,49.69550578999998
3329,52.54783561999999
3330,54.52716514
3331,53.64078475
3332,52.61185307
3333,50.78409679
3334,50.94394164999999
3335,51.63998944999998
3336,90.10143768000015
3337,178.56
3338,178.56
3339,178.56
3340,178.56
3341,50.49919475999999
3342,50.87962999000001
3343,51.96203824
3344,51.69840879
3345,51.52864296999999
3346,51.23228795999999
3347,51.97666592999998
3348,53.27842128
3349,53.54437234999999
3350,50.62601333999999
3351,52.66008979
3352,51.81467417
3353,52.13668124
3354,50.37925228
3355,51.22978685999998
3356,50.78446309999999
3357,49.52994682999999
3358,48.11349935
3359,48.99722106999999
3360,72.64068830000008
3361,178.56
3362,178.56
3363,178.56
3364,51.89259418
3365,51.39393475999999
3366,51.70658521
3367,50.54680378999999
3368,49.61910064999999
3369,178.56
3370,48.78371407
3371,49.64800616999999
3372,49.07155140999998
3373,51.94205288999999
3374,50.9075259
3375,51.94157723999999
3376,54.76487758
3377,54.87577662
3378,55.11482928
3379,55.20339734
3380,56.18804099999998
3381,57.37758109999999
3382,57.14377732
3383,56.22893297
3384,87.41778532000029
3385,178.56
3386,56.70433776
3387,54.61188131
3388,178.56
3389,178.56
3390,178.56
3391,57.44787789999999
3392,56.78500352
3393,57.01060603000001
3394,59.26890641
3395,59.62066172999999
3396,59.18858183
3397,57.87061622999999
3398,56.64407727999998
3399,57.59363364999999
3400,57.52799689
3401,57.23118177
3402,56.73680866
3403,57.82065310000002
3404,58.17515416999998
3405,58.63773852999999
3406,152.0859136299998
3407,55.60666993
3408,54.30587617
3409,178.56
3410,54.86532120999998
3411,54.70040632
3412,178.56
3413,178.56
3414,178.56
3415,56.86727200000001
3416,56.84031506999998
3417,56.95639830999999
3418,56.80318721000001
3419,61.24759431000001
3420,65.17304696
3421,65.44559434
3422,63.46768861999999
3423,58.86675283999998
3424,57.32487089
3425,56.72593297000001
3426,58.37744709999998
3427,59.25577931
3428,57.04517903000001
3429,56.04689251000001
3430,152.1285566300006
3431,52.91759886000001
3432,50.83220121
3433,178.56
3434,49.82798099999999
3435,50.03661789000002
3436,178.56
3437,178.56
3438,178.56
3439,49.74028066000001
3440,49.71429876000001
3441,49.64814924999997
3442,49.81831218000001
3443,51.02720441000002
3444,52.38409112999999
3445,54.34399068
3446,52.25810526999999
3447,49.69091911
3448,51.23504442
3449,49.57306865
3450,53.11334181999999
3451,56.12539554999999
3452,53.90930278999998
3453,51.76605252
3454,62.94496336000044
3455,50.00204531
3456,50.24250924
3457,178.56
3458,50.68096096
3459,51.32264690000001
3460,178.56
3461,178.56
3462,178.56
3463,50.67208327999999
3464,49.91121331
3465,49.16343361999999
3466,49.17513068999999
3467,49.28536192999999
3468,48.63711846
3469,48.73764700000002
3470,49.59760155
3471,51.13928917999999
3472,49.90530502999999
3473,48.08596849000001
3474,47.75940371999999
3475,48.66465995999998
3476,48.23614845000001
3477,49.05187896000001
3478,50.16836912000007
3479,50.51738076000001
3480,50.17800892999999
3481,178.56
3482,178.56
3483,178.56
3484,46.07827237999999
3485,49.39901911000001
3486,48.77855752
3487,50.11167721
3488,46.81147583
3489,45.57369368999999
3490,45.80196628000002
3491,46.52090793
3492,46.39636596
3493,44.95592044999999
3494,45.23224034
3495,46.15012493
3496,45.53029376
3497,45.60053560999999
3498,46.86702495999999
3499,47.15607623999999
3500,47.82794541000001
3501,49.98457988999999
3502,49.90095173
3503,51.000145
3504,141.7429252700001
3505,178.56
3506,178.56
3507,178.56
3508,178.56
3509,50.46516041
3510,50.74408486
3511,48.68232621
3512,48.52975617
3513,48.79157472
3514,48.43182371999999
3515,47.44744907
3516,47.53886676
3517,48.67769010999999
3518,47.16871432
3519,49.68039552000001
3520,53.97044226000001
3521,54.54975876
3522,51.89848783
3523,49.98610841000001
3524,53.81528572000001
3525,53.37822686
3526,52.07206872
3527,50.29002516999999
3528,60.57754339999984
3529,178.56
3530,178.56
3531,178.56
3532,178.56
3533,52.36025879
3534,51.59696276000002
3535,51.76422601
3536,51.49548872999998
3537,50.44173637999999
3538,49.83802425
3539,49.36977975999999
3540,48.79553216999999
3541,49.38796338
3542,51.78506893000001
3543,52.27303654999999
3544,51.71762918
3545,54.33988244999999
3546,53.30594535000001
3547,55.55495427999999
3548,55.35130741
3549,53.67046762
3550,54.10271306999999
3551,54.11176652
3552,90.9275634100004
3553,178.56
3554,178.56
3555,178.56
3556,178.56
3557,57.13259062000001
3558,55.88719752
3559,52.85803642
3560,50.49654182999999
3561,49.26271301000001
3562,49.00272755
3563,51.37342237999999
3564,53.23275936999998
3565,52.56151803000002
3566,51.65280841
3567,51.53088458
3568,54.00432295999999
3569,54.34871161999999
3570,53.19552763
3571,53.50097864999999
3572,53.50138213
3573,51.36467721
3574,53.0278189
3575,54.00157952000001
3576,116.9222757600004
3577,178.56
3578,56.85546363
3579,57.0067099
3580,178.56
3581,178.56
3582,178.56
3583,56.19657637999997
3584,53.02442564999998
3585,52.04531297
3586,50.89492604
3587,50.8872952
3588,51.98135648999997
3589,53.05511379
3590,54.51181917999999
3591,55.86662711
3592,55.35323493000001
3593,55.97928966000001
3594,56.99388617999999
3595,56.44101799
3596,56.40441127999998
3597,55.89905250999998
3598,136.0126544900005
3599,55.11084138
3600,55.65106623999999
3601,178.56
3602,178.56
3603,178.56
3604,56.07387324000001
3605,55.23587488999998
3606,55.19332455000001
3607,54.57808720000001
3608,52.42454434000001
3609,178.56
3610,51.53972362
3611,52.67297693
3612,53.22387931
3613,55.93560735
3614,59.22470651999999
3615,58.94015869
3616,66.16639658999998
3617,62.44983045
3618,61.02989136999999
3619,59.39358298999998
3620,60.64305541
3621,61.01213600999998
3622,61.08455941
3623,59.82565406999998
3624,159.6033939600007
3625,178.56
3626,57.26987672
3627,55.60492455
3628,178.56
3629,178.56
3630,178.56
3631,52.03326289
3632,51.84024286000002
3633,51.6784079
3634,51.51272273
3635,52.10420396999999
3636,53.36553368999999
3637,53.44185987
3638,53.82574925
3639,53.39266828
3640,53.85486666
3641,54.54326541999999
3642,53.59564469
3643,53.08294628000001
3644,53.29517654999999
3645,52.95962902999999
3646,105.4298551300008
3647,52.89118737
3648,52.06846176000001
3649,178.56
3650,52.89337676000001
3651,51.18882012999999
3652,178.56
3653,178.56
3654,178.56
3655,49.85329055
3656,49.36389765999999
3657,48.39117485999999
3658,47.99215421
3659,47.97012506999999
3660,47.32437045
3661,49.69275437
3662,51.55548026999999
3663,53.09947684999999
3664,53.73033133999999
3665,55.78458214000001
3666,57.66378568999998
3667,57.84927162
3668,57.32245644999997
3669,56.07576806999998
3670,82.82106474000044
3671,55.58706048
3672,55.74667538999999
3673,178.56
3674,178.56
3675,178.56
3676,53.54858145
3677,52.99828121
3678,52.86933652
3679,52.47090533999999
3680,51.68863084
3681,178.56
3682,55.73807078
3683,57.13997779000001
3684,61.10267373
3685,60.97756721
3686,53.98239272999999
3687,54.53488634999998
3688,55.48303116999999
3689,56.74110211000001
3690,56.54505304000001
3691,56.22102947999999
3692,56.75973995999998
3693,54.19414476
3694,53.97248010000001
3695,54.28604369999999
3696,128.1849957300001
3697,178.56
3698,53.85064061999999
3699,55.28332151999999
3700,178.56
3701,178.56
3702,178.56
3703,55.61473826999999
3704,54.97142188999999
3705,54.67399007000001
3706,53.50938348
3707,51.80670166000001
3708,51.87807289
3709,52.70206829999999
3710,52.09951151999999
3711,54.05068409999999
3712,55.38752603999999
3713,54.8153571
3714,56.93911279
3715,57.5274371
3716,56.94120320000001
3717,56.51112663
3718,129.2742614100006
3719,56.98846083
3720,56.61682628
3721,178.56
3722,56.94339706999999
3723,57.89072106999999
3724,178.56
3725,178.56
3726,178.56
3727,56.71298968999999
3728,54.10566020999999
3729,52.50418124000002
3730,59.89933117
3731,60.97919855999999
3732,58.27140857999998
3733,57.84186954
3734,56.97928334
3735,56.34153679
3736,54.51434568999999
3737,54.04553686000001
3738,55.39965213999999
3739,54.69630098100001
3740,56.54935069
3741,56.69928810000003
3742,154.8694975040004
3743,57.93096665999999
3744,57.579146695
3745,178.56
3746,178.56
3747,178.56
3748,55.47532620000001
3749,52.63989749549999
3750,51.96443196000001
3751,51.1545909
3752,46.84540686699999
3753,28.06830825399999
3754,26.50360999999999
3755,26.52600999999999
3756,26.54840999999999
3757,26.57080999999999
3758,25.1957627012
3759,39.97552068300001
3760,46.15009211400001
3761,45.29926067799999
3762,45.12695369
3763,45.11906699999999
3764,45.141621
3765,45.13304124
3766,45.09368731
3767,45.23851738
3768,122.4221015533002
3769,178.56
3770,45.130904
3771,45.1795351
3772,178.56
3773,178.56
3774,178.56
3775,45.314962
3776,45.38156000000001
3777,45.15691831000001
3778,50.95637134
3779,52.68090785999999
3780,54.42374503999999
3781,53.95760531
3782,53.18523706999999
3783,54.76783753
3784,54.86895596
3785,56.00988365
3786,56.02520027999999
3787,60.62363286
3788,62.29806771999998
3789,63.89347489
3790,63.6881680700005
3791,58.65009493000001
3792,58.45822948000001
3793,178.56
3794,58.21133024
3795,58.41639993
3796,178.56
3797,178.56
3798,178.56
3799,55.37496131999999
3800,55.53034024999999
3801,54.95342306999999
3802,55.54441696999998
3803,54.87681941
3804,54.56912083
3805,55.00072445000001
3806,54.60719613999999
3807,54.68159711
3808,55.39152955000001
3809,54.85370289000001
3810,55.49631276000001
3811,56.38362736999999
3812,57.18023709999999
3813,56.89789742
3814,153.7497495000001
3815,56.57758854999999
3816,57.38441324
3817,178.56
3818,56.24528944999998
3819,56.05611914000001
3820,178.56
3821,178.56
3822,178.56
3823,54.35530029999999
3824,53.73819024
3825,52.35128465
3826,53.27124823999998
3827,54.88919197999999
3828,55.31671404
3829,54.93886797
3830,55.10138214000001
3831,55.69432638
3832,56.37402414
3833,55.19540355
3834,55.67200064999999
3835,56.42128107
3836,55.60707579
3837,56.25959275999999
3838,133.9598465700001
3839,56.24056011000001
3840,56.11583803000001
3841,178.56
3842,178.56
3843,178.56
3844,178.56
3845,54.85878006000002
3846,53.78607234
3847,54.81583821
3848,54.21772097000001
3849,54.80992048
3850,53.37486427000001
3851,52.54348855
3852,50.35978716999998
3853,49.60956867999999
3854,49.84120385999999
3855,50.82076629000001
3856,50.88310255
3857,51.17433517
3858,51.58335252
3859,51.67520624000002
3860,51.48885903000001
3861,51.45166061
3862,51.64433442
3863,52.37975448999999
3864,100.21779849
3865,178.56
3866,178.56
3867,178.56
3868,178.56
3869,53.54924154999998
3870,53.28670214
3871,53.27691656
3872,53.28679062
3873,52.7656738
3874,52.19412079000001
3875,50.49598176
3876,49.15296631000001
3877,49.576408
3878,49.68989921
3879,48.42983789
3880,48.31874600000001
3881,47.83464021
3882,48.26675749
3883,48.23194620999999
3884,48.00224807000001
3885,47.97957717000001
3886,48.04170909999999
3887,48.39895683
3888,68.95344318999989
3889,178.56
3890,178.56
3891,178.56
3892,47.79881113
3893,47.68633366
3894,47.49902310999999
3895,47.69739288999999
3896,47.96219007999999
3897,47.73010375
3898,47.63133234999999
3899,47.135753
3900,47.18731066
3901,47.95140034999999
3902,48.22843949000001
3903,48.26125955000001
3904,48.56322107
3905,48.68497732
3906,48.91856172
3907,48.71101473
3908,48.56953269000001
3909,48.92737030999999
3910,49.29213772
3911,49.210896
3912,156.9198666200002
3913,178.56
3914,178.56
3915,178.56
3916,48.32166738
3917,48.21262900999999
3918,47.92529483000001
3919,47.48292255
3920,47.65295696
3921,48.32285024
3922,47.57563524000001
3923,47.64413283
3924,48.58627263
3925,49.70227724
3926,49.22181606999999
3927,49.61910338
3928,50.16271637999999
3929,52.67986464999998
3930,51.65691223
3931,51.86950321
3932,50.89447062
3933,51.16884065999999
3934,51.1538188
3935,50.44102210000001
3936,172.0268991900002
3937,178.56
3938,178.56
3939,49.88449213999998
3940,49.52846289999999
3941,49.42581455
3942,48.41647706
3943,48.00516308
3944,48.40563224
3945,178.56
3946,47.40564556
3947,50.80957686000001
3948,51.28527606999999
3949,51.81310372000001
3950,51.93793941
3951,50.84047703
3952,50.93941496000001
3953,50.75951061999999
3954,50.21259873
3955,49.88095238
3956,50.23917486
3957,49.63351085
3958,49.32861002999999
3959,49.58370416999999
3960,176.6028107800003
3961,178.56
3962,49.89461183
3963,49.74976720000002
3964,162.3998972800002
3965,178.56
3966,178.56
3967,49.13488048
3968,49.21859858999998
3969,48.81847389999998
3970,48.55499859
3971,48.46056334
3972,48.37552286
3973,48.402697
3974,47.98599203999998
3975,48.31924139
3976,48.01169575999999
3977,48.02988624
3978,48.18603537999999
3979,48.08651869000001
3980,48.24500289
3981,48.26332245
3982,48.27622547999999
3983,47.92753678999999
3984,48.54424862
3985,178.56
3986,178.56
3987,178.56
3988,47.02729724
3989,47.05621605999999
3990,47.30308310000001
3991,47.32686916999999
3992,47.35902318
3993,47.23381348
3994,47.09831300999998
3995,47.08400878999999
3996,47.23458845
3997,48.19056234999999
3998,48.19825556000001
3999,48.03405858999999
4000,49.02024127
4001,48.84847344999999
4002,48.99676817
4003,49.33335414
4004,49.62561358999999
4005,49.89536335
4006,49.76078499
4007,51.30049630999999
4008,153.1845169500003
4009,178.56
4010,178.56
4011,51.64822844999998
4012,50.82609252
4013,49.75357799999999
4014,49.353157
4015,49.36280076000001
4016,48.82979927
4017,178.56
4018,49.23845066000001
4019,49.84563926999999
4020,49.42629006
4021,48.42228061999999
4022,48.54796331
4023,48.59135932000001
4024,48.27038972
4025,50.05383138
4026,49.36703555
4027,49.01318835000001
4028,47.47169266
4029,47.62419661999999
4030,47.68050210000001
4031,47.75716147999999
4032,169.2725009000004
4033,178.56
4034,178.56
4035,178.56
4036,47.54342796000001
4037,47.60086352
4038,47.28516828
4039,47.16311564999999
4040,46.72313128
4041,46.72420221000001
4042,46.6110043
4043,46.46133568999999
4044,46.24649855
4045,46.52995417
4046,47.15102965999998
4047,51.74735734
4048,52.49214572000001
4049,52.97256734
4050,53.15800252
4051,51.85441044
4052,51.75502234
4053,52.10231165999999
4054,48.34798948000001
4055,47.66288792999999
4056,151.5266948600007
4057,178.56
4058,178.56
4059,178.56
4060,47.89257172
4061,48.14838448
4062,47.42692563000001
4063,47.92189968999999
4064,48.13143488999999
4065,48.19295130999999
4066,47.86854400999999
4067,47.48361324
4068,48.60413620999998
4069,48.07465138
4070,48.49419182999998
4071,49.87892658000001
4072,50.65923828
4073,51.78530413000001
4074,52.20040496999999
4075,51.73251964999999
4076,51.17400638
4077,52.03175313000001
4078,51.87425516000001
4079,52.64943432000002
4080,170.5282091100004
4081,178.56
4082,178.56
4083,178.56
4084,178.56
4085,55.49990816999998
4086,55.37730267999999
4087,54.00305189999999
4088,52.66232068999998
4089,52.58236207
4090,52.63900124
4091,51.865401
4092,51.74971445000001
4093,52.11804941
4094,52.56099772000001
4095,52.91418958000001
4096,53.81839371999998
4097,54.34658166000001
4098,55.73665586999999
4099,56.64648051999999
4100,56.25590305999997
4101,55.31362235
4102,54.57141158000001
4103,55.01810747999998
4104,120.1039725500001
4105,178.56
4106,178.56
4107,178.56
4108,178.56
4109,53.95775231
4110,53.85986444999998
4111,54.09801802999997
4112,54.19331183000001
4113,54.17731402999999
4114,53.79400116999999
4115,54.51699918
4116,54.28216745
4117,54.47219665999999
4118,55.04419704
4119,53.20178506999999
4120,53.48621607
4121,51.0031641
4122,51.82266781999999
4123,52.38812396999999
4124,52.6420111
4125,52.66697765
4126,51.14978862
4127,52.23735601
4128,108.0308654400005
4129,178.56
4130,178.56
4131,178.56
4132,53.25695654999999
4133,53.02841362000001
4134,52.80355269000002
4135,52.27650609999998
4136,52.04052014
4137,178.56
4138,53.10644261999999
4139,54.77520510000001
4140,55.28083169
4141,55.18229023999999
4142,54.67842141999999
4143,54.10591935
4144,53.94600882999998
4145,53.81230413999999
4146,53.66822943999998
4147,53.59456003999999
4148,53.94153996000001
4149,53.89733531
4150,53.79653552
4151,53.51114097
4152,101.3839672700003
4153,178.56
4154,178.56
4155,178.56
4156,52.29728014000001
4157,51.07002151999999
4158,51.13419233999998
4159,50.64741703000001
4160,50.16785444999999
4161,178.56
4162,50.71423245
4163,51.07591972000001
4164,51.18332793000001
4165,51.40356696999999
4166,52.25985141999998
4167,52.36261323999999
4168,52.81349233999999
4169,53.63356117000001
4170,54.15240606999999
4171,53.48008589000001
4172,53.76292557999999
4173,53.37391485999999
4174,54.96026241999999
4175,54.95032158000001
4176,91.04526617999977
4177,178.56
4178,178.56
4179,178.56
4180,178.56
4181,55.88113531000001
4182,54.56469647999999
4183,54.17986937999999
4184,54.09364807000002
4185,54.36416747999998
4186,54.63111871
4187,54.30052565000002
4188,55.78838985999998
4189,55.92557109999998
4190,55.47072594000001
4191,56.43504048
4192,56.14867103999998
4193,55.91481483
4194,56.12927851999999
4195,55.85782047999999
4196,55.73335578999999
4197,55.21316247999999
4198,55.14762876
4199,56.06310038000001
4200,137.4284000600005
4201,178.56
4202,178.56
4203,178.56
4204,178.56
4205,55.85102852
4206,55.88950765999999
4207,55.50488482
4208,55.12311279999999
4209,54.85786558000002
4210,56.05038312999996
4211,58.13142985999999
4212,57.68325681999998
4213,56.18449704
4214,55.44459564
4215,57.20211483000001
4216,56.47861597
4217,56.11170327
4218,56.04917255
4219,54.58298285999999
4220,53.16712548
4221,53.99199427999999
4222,55.44638848
4223,55.52820776999999
4224,140.4806806400001
4225,178.56
4226,178.56
4227,178.56
4228,52.80165583
4229,52.86525006
4230,52.52920161999999
4231,52.42745221000001
4232,51.85325599999999
4233,178.56
4234,51.94933750999999
4235,52.64582148
4236,52.03553865999999
4237,51.57473741
4238,51.63091444000001
4239,51.86298564999998
4240,51.78510666
4241,51.96358503
4242,51.98280248
4243,51.76729830999999
4244,51.27490179
4245,51.52981673
4246,50.45609540999999
4247,49.16418240999999
4248,86.37488511000006
4249,178.56
4250,178.56
4251,178.56
4252,51.25649668999999
4253,51.22848731
4254,51.48426037999999
4255,51.287775
4256,51.315257
4257,178.56
4258,51.35163831000001
4259,51.375758
4260,51.39564262
4261,51.42230331
4262,51.43728569
4263,51.45919799999999
4264,51.62356037999999
4265,51.61128462000001
4266,51.74353799999999
4267,52.02899569
4268,51.59416969
4269,52.79610735000001
4270,52.9182997
4271,53.25277971999999
4272,76.54057724000013
4273,178.56
4274,178.56
4275,178.56
4276,178.56
4277,52.46151344000001
4278,52.28244245000001
4279,52.32499117999998
4280,52.70618535
4281,54.21927980000001
4282,53.44786013000001
4283,54.59299748
4284,54.70746434999999
4285,54.47663613
4286,55.47721851000001
4287,54.24829234999999
4288,53.35452122000001
4289,52.89115321000001
4290,53.20584528
4291,54.47584995999998
4292,53.84318561999999
4293,54.87705783000001
4294,56.05704972000001
4295,57.83181607
4296,112.07416442
4297,178.56
4298,178.56
4299,178.56
4300,56.18578020999999
4301,55.55160072
4302,56.10171965999999
4303,55.99812134
4304,56.2999549
4305,178.56
4306,57.61094261999999
4307,57.95782104
4308,57.19094507000001
4309,56.45091640999998
4310,54.84707697000001
4311,56.41930735
4312,55.5178099
4313,55.22065996999999
4314,54.31993203000002
4315,55.30647478999999
4316,54.78936141
4317,53.34850493
4318,52.88878259
4319,53.06027999999999
4320,134.4833225900009
4321,178.56
4322,178.56
4323,178.56
4324,51.92919437999998
4325,51.87515858
4326,51.76582390000001
4327,51.64153770999999
4328,51.28625396999999
4329,178.56
4330,53.4787883
4331,53.58293786999999
4332,54.10147413999999
4333,53.79433982999998
4334,53.57529323999999
4335,53.49802975999999
4336,53.98363613999999
4337,53.14196818000002
4338,53.53181147999999
4339,54.1288629
4340,55.52925517999999
4341,55.43310072999999
4342,56.15299150999999
4343,56.84506057999999
4344,101.3535154200006
4345,178.56
4346,55.29957587
4347,53.55595497000001
4348,178.56
4349,178.56
4350,178.56
4351,53.04989423999999
4352,52.92566034
4353,52.41139617
4354,51.5739889
4355,53.07686775999999
4356,54.59794507999999
4357,53.62460606999999
4358,53.63042517
4359,55.36371420999998
4360,55.76197655000001
4361,56.22271241999999
4362,56.82528179999999
4363,57.37710740999999
4364,56.71166676000001
4365,56.74412778999999
4366,119.1215954800007
4367,54.57707766
4368,53.77221465
4369,76.49834865999975
4370,53.61881882000001
4371,54.33175496
4372,53.49683786999999
4373,53.06873607000002
4374,50.75953631
4375,49.19471011
4376,49.00407672999999
4377,49.20095802999999
4378,51.36606327999998
4379,52.67687866000001
4380,53.75892710999999
4381,54.20159304000002
4382,54.17817789999999
4383,53.58367944999998
4384,53.43803941000001
4385,53.63992696999998
4386,53.88768041999999
4387,53.43242302999999
4388,50.87568226999999
4389,178.56
4390,178.56
4391,178.56
4392,178.56
4393,178.56
4394,178.56
4395,49.91436771999999
4396,50.60361312999999
4397,49.83594252
4398,50.15993716999998
4399,49.55401709999999
4400,49.68496196999999
4401,178.56
4402,49.41419
4403,49.43659
4404,49.45898999999999
4405,49.48138999999999
4406,49.50379
4407,49.52619
4408,49.54859
4409,49.57098999999999
4410,49.59339
4411,49.61579
4412,49.63818999999999
4413,49.66058999999999
4414,49.68299
4415,49.70538999999999
4416,175.97626989
4417,178.56
4418,178.56
4419,178.56
4420,49.29658999999999
4421,49.31898999999999
4422,49.32459
4423,49.34699
4424,49.36939
4425,49.39178999999999
4426,49.41419
4427,49.43659
4428,49.45898999999999
4429,49.48138999999999
4430,49.50379
4431,49.52619
4432,49.54859
4433,49.57098999999999
4434,49.59339
4435,49.61579
4436,49.63818999999999
4437,49.66058999999999
4438,49.68299
4439,49.70538999999999
4440,170.6754000000001
4441,178.56
4442,178.56
4443,49.27419
4444,49.29658999999999
4445,49.31898999999999
4446,49.32459
4447,49.34699
4448,49.36939
4449,178.56
4450,49.41419
4451,49.43659
4452,49.45898999999999
4453,49.48138999999999
4454,49.50379
4455,49.52619
4456,49.54859
4457,49.57098999999999
4458,49.59339
4459,49.61579
4460,49.63818999999999
4461,49.66058999999999
4462,49.68299
4463,49.70538999999999
4464,170.7929999999999
4465,178.56
4466,178.56
4467,49.27419
4468,49.29658999999999
4469,49.31898999999999
4470,49.32459
4471,49.34699
4472,49.36939
4473,178.56
4474,49.41419
4475,49.43659
4476,49.45898999999999
4477,49.48138999999999
4478,49.50379
4479,49.52619
4480,49.54859
4481,49.57098999999999
4482,49.59339
4483,49.61579
4484,49.63818999999999
4485,49.66058999999999
4486,49.68299
4487,49.70538999999999
4488,170.7929999999999
4489,178.56
4490,178.56
4491,49.27419
4492,49.29658999999999
4493,49.31898999999999
4494,49.32459
4495,49.34699
4496,49.36939
4497,178.56
4498,49.41419
4499,49.43659
4500,49.45898999999999
4501,49.48138999999999
4502,49.50379
4503,49.53584062
4504,49.73811261999999
4505,49.76520976
4506,49.784658
4507,49.76824999999999
4508,49.67987262
4509,49.65106768999999
4510,49.62536830999999
4511,49.60113199999999
4512,170.9412249800004
4513,178.56
4514,178.56
4515,178.56
4516,49.19951869
4517,49.21999369
4518,49.23788799999999
4519,49.24825037999999
4520,49.27370462
4521,178.56
4522,49.76877527999999
4523,56.05566463
4524,55.33116407
4525,54.21129454999999
4526,55.17835617000001
4527,53.27616699999998
4528,51.310991872
4529,54.22176382000001
4530,53.13549261999999
4531,54.12408798999999
4532,54.04392455000001
4533,52.88242407000001
4534,51.59646547999998
4535,51.70685149
4536,67.73263038800073
4537,178.56
4538,178.56
4539,178.56
4540,178.56
4541,53.65360196
4542,53.58225362
4543,53.21028537999999
4544,53.05943523999999
4545,52.94449314
4546,53.10885467999999
4547,53.52018210000001
4548,55.97904206999998
4549,56.64690730999997
4550,54.21405947999999
4551,53.85879933
4552,55.90984196
4553,57.26190420999999
4554,56.85087141999998
4555,55.41707206
4556,54.80116761
4557,52.67503723999999
4558,52.71289778999999
4559,53.35413797
4560,108.3579705299999
4561,178.56
4562,178.56
4563,178.56
4564,50.16576662999999
4565,49.71097180000001
4566,49.39948601
4567,49.04289145
4568,49.21713552
4569,178.56
4570,50.3128052
4571,52.45624789999999
4572,53.56119041000002
4573,55.73897447999998
4574,54.86134745
4575,53.78667706999998
4576,53.79806606999999
4577,55.35035071999999
4578,55.30383844999999
4579,56.25904193000001
4580,55.03789249000001
4581,54.73121884999998
4582,53.48047635000001
4583,53.08936003000001
4584,74.69917609000062
4585,178.56
4586,178.56
4587,178.56
4588,178.56
4589,52.04725385999999
4590,51.01722912999999
4591,49.97269234999999
4592,49.23851575999999
4593,49.07976017
4594,49.54355041999999
4595,51.13405555999999
4596,56.54861015999999
4597,56.28118327999999
4598,55.69492354999999
4599,54.51655943999999
4600,54.50821151999999
4601,53.63620863999999
4602,53.47252189999999
4603,53.5334989
4604,53.40567218
4605,52.97115397
4606,52.31790396
4607,53.03209786000001
4608,93.56608758999987
4609,178.56
4610,178.56
4611,178.56
4612,49.99095031000002
4613,49.68918016999999
4614,49.45638788999999
4615,48.76019799
4616,46.23284652
4617,47.30835025
4618,46.62861244999999
4619,48.04969211000001
4620,50.69851178
4621,50.65651345999999
4622,50.61895573000001
4623,50.44177095999999
4624,51.23545469
4625,50.55022441000002
4626,49.1013341
4627,48.71445362000001
4628,49.74293639
4629,48.75329927999999
4630,48.94009392999999
4631,48.37911679999999
4632,173.8652589599997
4633,178.56
4634,178.56
4635,47.47739486
4636,47.76693347999999
4637,47.99623254999999
4638,47.68980335
4639,47.77639573
4640,47.93393031
4641,178.56
4642,48.4618792
4643,48.95362087000001
4644,48.68190579000001
4645,49.19435996999999
4646,50.03496169000001
4647,49.87902955000001
4648,49.5618599
4649,50.28516465000001
4650,50.51105073
4651,50.24967961999999
4652,49.95668783
4653,49.77626969
4654,49.76353172
4655,49.65164435000002
4656,158.5389446599996
4657,178.56
4658,178.56
4659,178.56
4660,46.62361255999998
4661,46.48675016999999
4662,46.48185276
4663,46.19114534999999
4664,46.76845852
4665,45.42813793
4666,46.35292648000001
4667,45.87680278999999
4668,46.90282135
4669,47.78864776
4670,48.67988986
4671,49.04622337999999
4672,49.48326803
4673,49.02205651000001
4674,49.03724427
4675,49.00856877
4676,48.78895707
4677,49.09707795999999
4678,48.49141507000001
4679,48.15525175999999
4680,141.7646720499999
4681,178.56
4682,178.56
4683,178.56
4684,47.04641921000002
4685,47.21627385999999
4686,44.91297818
4687,44.93834751000001
4688,44.63364493000001
4689,45.18056193
4690,45.66988335000001
4691,45.59967118
4692,46.17012421
4693,47.29515693000001
4694,47.82847047999999
4695,48.84863004000002
4696,49.51073869
4697,49.43300572000001
4698,49.67151252000001
4699,47.69370179
4700,48.9681927
4701,48.51362138
4702,48.85174049
4703,47.32045255000001
4704,145.7843659500006
4705,178.56
4706,178.56
4707,178.56
4708,178.56
4709,178.56
4710,61.67986530999998
4711,61.90220876
4712,61.86465102999999
4713,61.93386773
4714,61.91153024
4715,62.15376461000001
4716,60.34656760999999
4717,59.80861355
4718,58.51331247999999
4719,59.40111547999999
4720,60.61136935
4721,60.13349964999998
4722,59.90944840999999
4723,61.05417576999999
4724,61.15380579000001
4725,60.78453262000001
4726,59.40584055
4727,62.23738017
4728,111.1328758900004
4729,178.56
4730,178.56
4731,178.56
4732,178.56
4733,62.46942996
4734,62.10613765999999
4735,61.17022078999999
4736,62.56565952
4737,178.56
4738,60.92282469000001
4739,62.0007913
4740,62.08579320999999
4741,61.01936197000001
4742,61.25492317
4743,59.79556100000001
4744,58.50598376000001
4745,58.66813869000001
4746,58.55324748000001
4747,57.87800186
4748,57.32736863
4749,57.07161873
4750,56.40879552
4751,57.48096199999999
4752,98.60435706000031
4753,178.56
4754,178.56
4755,178.56
4756,178.56
4757,178.56
4758,60.20359639000001
4759,60.08128707
4760,59.64379175999999
4761,58.63475086
4762,59.19574030999998
4763,59.33638689999999
4764,59.16343776000001
4765,58.90391492999998
4766,58.25035796999998
4767,56.82780102999998
4768,60.23848369
4769,60.02107972
4770,59.12836152999999
4771,60.00012235000001
4772,59.94000417999998
4773,59.84844347999999
4774,60.05122899999999
4775,60.67276656000001
4776,75.39154891000061
4777,178.56
4778,178.56
4779,178.56
4780,178.56
4781,178.56
4782,58.85401703999999
4783,57.9783148
4784,56.91088157999999
4785,56.09026045
4786,56.38613904
4787,57.19537557999998
4788,59.27701296999999
4789,58.16625493
4790,58.44501425000001
4791,58.45411915
4792,57.54220009999998
4793,58.36070393999999
4794,59.63117083
4795,60.74011768999999
4796,60.45503057999998
4797,59.65930648999999
4798,60.29973404
4799,59.81952913999999
4800,68.63707010000073
4801,178.56
4802,178.56
4803,178.56
4804,178.56
4805,58.82997351000001
4806,58.38423997
4807,58.68691906
4808,59.54543707000001
4809,178.56
4810,61.51192593
4811,61.511688
4812,61.09105603999998
4813,61.13899393
4814,61.43938892
4815,61.48455614
4816,61.08799850999999
4817,60.08876405000001
4818,59.51382283
4819,59.62859672
4820,59.93676997000001
4821,60.37879477000001
4822,60.01732393999998
4823,60.22701258000001
4824,78.07221296000034
4825,178.56
4826,178.56
4827,178.56
4828,178.56
4829,178.56
4830,60.28927044
4831,59.93896573
4832,60.14067262000001
4833,59.95992092999998
4834,60.29437679999999
4835,61.68052338
4836,61.58457403
4837,61.26073078999999
4838,62.66938817999999
4839,63.15152857999999
4840,62.91785289999998
4841,62.53700397
4842,62.98498233999998
4843,62.75669575000001
4844,63.03229779
4845,63.96684035000001
4846,63.87458720999999
4847,63.90437906999997
4848,116.14942364
4849,178.56
4850,178.56
4851,178.56
4852,178.56
4853,178.56
4854,62.44827420999999
4855,62.34200630000001
4856,63.6349329
4857,64.12379841
4858,63.85714083
4859,63.40427113999999
4860,63.53983523999997
4861,62.37569120999999
4862,63.09776508000001
4863,63.63447215999999
4864,62.63292714000001
4865,62.58045681999999
4866,61.28574627
4867,61.19282624
4868,60.45767532
4869,59.34979113
4870,60.29264989999999
4871,59.93366826999998
4872,109.7011657300001
4873,178.56
4874,178.56
4875,178.56
4876,178.56
4877,61.74776132
4878,61.42045147
4879,59.37961127000001
4880,59.22396249
4881,178.56
4882,60.12348769000001
4883,61.08092423999997
4884,62.78841764999999
4885,61.57288913999999
4886,63.06416647999999
4887,62.70862569999999
4888,61.87090959
4889,61.28151946000001
4890,59.13364778999999
4891,61.99747581999998
4892,62.16879437999999
4893,62.47355358999999
4894,63.50842539999996
4895,63.31212104000001
4896,106.87322388
4897,178.56
4898,178.56
4899,178.56
4900,178.56
4901,178.56
4902,60.38318524
4903,59.54926837999999
4904,59.25820131
4905,59.5660149
4906,60.24771465999999
4907,58.47219013999998
4908,58.29120674999998
4909,58.55251262
4910,57.44889017000001
4911,56.12455981999999
4912,57.6811599
4913,60.76631210999999
4914,60.10867288999999
4915,58.72040775999999
4916,58.52520611000001
4917,57.55984961999999
4918,58.1265629
4919,58.82589503
4920,85.30176879000098
4921,178.56
4922,178.56
4923,178.56
4924,178.56
4925,58.33293893
4926,57.85137448999999
4927,57.9745418
4928,57.51107130999999
4929,178.56
4930,61.04653869999999
4931,62.49677518
4932,61.02463037999999
4933,60.61046641999999
4934,60.12369048000001
4935,59.07037527999999
4936,57.14500890000001
4937,57.06607654999997
4938,57.51541621
4939,58.05022530999999
4940,56.33350337999998
4941,55.58479954999999
4942,56.71556344999998
4943,57.08746644999999
4944,62.31319083000068
4945,178.56
4946,178.56
4947,178.56
4948,58.63671100000001
4949,57.50988621
4950,57.36452812999999
4951,56.45938739
4952,55.55616913000001
4953,178.56
4954,55.14492473
4955,54.91160786999998
4956,53.99170643999999
4957,54.16749142
4958,54.00049724999998
4959,52.53143258999999
4960,53.24932200000001
4961,55.95707221999999
4962,55.583486
4963,55.28479628
4964,56.06582569000001
4965,56.23493652
4966,55.63846169000001
4967,54.7170218
4968,148.1468544400001
4969,178.56
4970,178.56
4971,178.56
4972,53.57860696999999
4973,53.64140579000001
4974,53.38011272999999
4975,51.99207769
4976,51.59749728000001
4977,178.56
4978,51.87694168999999
4979,52.80591343999998
4980,52.86594145000001
4981,53.29921359
4982,53.34173642
4983,53.58751355999998
4984,53.38484185999999
4985,52.22480382
4986,51.49945752
4987,50.92757131
4988,52.11675230999998
4989,51.94308482999998
4990,52.37902642
4991,52.46187149
4992,96.3464565300001
4993,178.56
4994,178.56
4995,178.56
4996,178.56
4997,53.79961474999998
4998,53.73482590000002
4999,53.13077909999999
5000,52.01185934
5001,51.72135723999999
5002,51.32323454999999
5003,50.38475197
5004,50.0382701
5005,51.60718955
5006,55.888434
5007,57.64718371999999
5008,57.41979606999999
5009,56.55138334999998
5010,56.77185339000001
5011,55.50686427999998
5012,55.07696599999999
5013,55.94089857999998
5014,56.39914441000001
5015,57.70464678999998
5016,120.2913162100004
5017,178.56
5018,178.56
5019,178.56
5020,178.56
5021,52.23138207
5022,52.21292139000001
5023,51.91810623999999
5024,51.62123890000002
5025,50.59805610999999
5026,49.95260892999998
5027,51.46996358000001
5028,52.67267158999999
5029,54.36951316999999
5030,54.14756668999999
5031,55.52234296
5032,54.93836824000001
5033,56.24682202999998
5034,55.21529769
5035,55.68042221000001
5036,56.07714496999998
5037,53.32474693
5038,54.3185272
5039,56.73634659
5040,118.7110966100003
5041,178.56
5042,178.56
5043,178.56
5044,59.63858410999999
5045,56.18599938000001
5046,56.19194685999999
5047,54.18208544
5048,52.89009557999999
5049,178.56
5050,53.03527830999999
5051,54.16994296000001
5052,53.95161533999999
5053,52.74263218000001
5054,54.34810066
5055,54.58430390000004
5056,55.24626534000001
5057,55.97293345000001
5058,53.86533389999999
5059,53.64957297000001
5060,53.51330103000001
5061,52.23414504
5062,53.41903966
5063,55.29870535000001
5064,133.3011458400008
5065,178.56
5066,178.56
5067,178.56
5068,54.04381401999999
5069,53.29670185000001
5070,52.69976592999998
5071,52.50761796000001
5072,50.72280276
5073,178.56
5074,51.14623724
5075,52.35382137999999
5076,54.13649331999999
5077,54.38886593000001
5078,54.66744437000001
5079,55.80380456
5080,55.67335927999999
5081,55.87203748000001
5082,53.40497623999999
5083,55.14855709999998
5084,55.870374
5085,56.27772254999999
5086,58.39544697
5087,57.90592492999999
5088,119.0737940300004
5089,178.56
5090,178.56
5091,178.56
5092,178.56
5093,60.38303838
5094,61.18367751999998
5095,58.39488381999999
5096,57.04473376
5097,178.56
5098,56.22839130999999
5099,55.67634631999999
5100,57.28823043999999
5101,58.72232288999999
5102,58.30951903
5103,59.5122528
5104,60.68151565
5105,59.34034875999999
5106,60.7640978
5107,61.04621845
5108,61.50356618000001
5109,61.40517837999998
5110,61.59741447999997
5111,60.65041059
5112,79.70859374000008
5113,178.56
5114,178.56
5115,178.56
5116,178.56
5117,62.15573293999999
5118,60.60473916
5119,58.29650456
5120,58.10499758
5121,178.56
5122,60.87926796000001
5123,62.74176334999999
5124,60.51522392999999
5125,60.75540603999998
5126,60.53689844999999
5127,59.72815975
5128,58.54943724
5129,58.50931324
5130,59.16996554000001
5131,61.88192520999999
5132,61.53842057999998
5133,61.90195655
5134,61.38563920999997
5135,62.13668964999999
5136,101.3202917600001
5137,178.56
5138,63.52789331
5139,64.62195299
5140,178.56
5141,178.56
5142,178.56
5143,60.82328455
5144,60.57112830999999
5145,60.39717852
5146,60.33020679000001
5147,60.75398104999999
5148,61.15101314
5149,61.80635355999998
5150,60.95955180000001
5151,61.35532486999999
5152,59.64440355999999
5153,58.56190424
5154,58.25364089999999
5155,57.87307442
5156,59.66323950999999
5157,61.92718762999999
5158,178.56
5159,61.43447561999999
5160,109.7483057300006
5161,178.56
5162,61.88553448
5163,62.85634354999999
5164,178.56
5165,178.56
5166,178.56
5167,59.35032593000001
5168,58.26962455999999
5169,58.21143034000001
5170,57.93039993999998
5171,58.24393645
5172,59.04737328
5173,59.40998566999998
5174,61.06126831
5175,61.77612916999998
5176,63.03517562999998
5177,63.22587172999999
5178,61.95400365000001
5179,61.12519469
5180,61.42289531000001
5181,62.02400175999999
5182,178.56
5183,62.30819391999999
5184,102.2313520300003
5185,178.56
5186,178.56
5187,178.56
5188,178.56
5189,58.53763139
5190,58.55050831
5191,58.65686435
5192,58.99627348999999
5193,59.23388827999997
5194,58.29614937999999
5195,58.53461137999999
5196,55.49626123999997
5197,54.73354383000001
5198,54.88332709789999
5199,53.8707443624
5200,56.23969455999998
5201,55.87078
5202,55.89317999999999
5203,55.91557999999999
5204,55.93798
5205,55.96037999999999
5206,55.98277999999999
5207,56.00517999999999
5208,175.5153687587
5209,178.56
5210,178.56
5211,178.56
5212,178.56
5213,55.60198
5214,55.62438
5215,55.64677999999999
5216,55.66918
5217,55.75808238
5218,55.61660034
5219,54.02261626999999
5220,53.89135037999999
5221,55.08122402999999
5222,54.88283941
5223,53.84556575999999
5224,53.06542023999999
5225,52.82625215000001
5226,54.85367958
5227,54.6841967
5228,55.498002
5229,58.43487769000001
5230,58.63429999
5231,60.45729451999998
5232,142.5544573600008
5233,178.56
5234,61.55256114
5235,61.80300965999999
5236,178.56
5237,178.56
5238,178.56
5239,53.51295606999998
5240,52.95534041
5241,53.92191475999999
5242,53.45816202999998
5243,55.62036655000001
5244,54.80739347999999
5245,54.33830318
5246,55.13213950999999
5247,57.23551617
5248,56.37932097
5249,57.00216619999999
5250,56.39932731999998
5251,56.41507899999998
5252,56.72530514
5253,59.49496293999998
5254,168.36580558
5255,62.68246585999999
5256,60.75063183
5257,178.56
5258,64.02610949
5259,65.36785310999997
5260,178.56
5261,178.56
5262,178.56
5263,60.85826782
5264,60.39531063999999
5265,60.05026768999997
5266,59.49047124999998
5267,60.77936668999999
5268,61.59666386999999
5269,62.86109921000001
5270,61.65765920999998
5271,60.66263216999999
5272,59.63069749
5273,57.38280372999999
5274,59.66253460999998
5275,65.91508273000001
5276,65.9950529
5277,64.75401086
5278,178.56
5279,65.57956573
5280,124.3049371000006
5281,178.56
5282,178.56
5283,178.56
5284,178.56
5285,178.56
5286,64.31041701
5287,63.66135111
5288,63.54771766
5289,63.68964672
5290,64.03914327999999
5291,64.96375291
5292,65.28509127000001
5293,66.89171524
5294,61.66564200999999
5295,59.17304120000001
5296,60.47679897000002
5297,60.18467931
5298,60.87246199999999
5299,61.95037863
5300,61.77055045
5301,61.49860485999998
5302,61.07296789999999
5303,60.39387158
5304,156.1539509900006
5305,178.56
5306,178.56
5307,178.56
5308,178.56
5309,60.54009275999999
5310,60.73107144999999
5311,59.69035751000001
5312,59.09326689
5313,178.56
5314,58.64400948000002
5315,58.21657583
5316,58.52187361999999
5317,59.02239195999997
5318,61.07574431
5319,62.06754813
5320,62.1621749
5321,62.92636664999999
5322,63.39924234
5323,63.70292467
5324,64.03447897
5325,63.70550186
5326,62.06513739999999
5327,63.38111255
5328,107.7128974200005
5329,178.56
5330,178.56
5331,178.56
5332,178.56
5333,178.56
5334,63.02887954999998
5335,62.51002058
5336,63.39525661000001
5337,62.42872033999999
5338,63.06311662
5339,62.85012776
5340,64.23401613999998
5341,64.51890886
5342,63.28346213
5343,62.81886366000001
5344,63.60867107000002
5345,63.71274168
5346,62.82092131
5347,63.78539096999999
5348,65.32024982000003
5349,65.96280802999999
5350,63.01059639
5351,63.86320955000001
5352,141.3253192300006
5353,178.56
5354,178.56
5355,178.56
5356,178.56
5357,178.56
5358,65.49934769000002
5359,65.59112391999999
5360,65.76865476999997
5361,64.64714269999999
5362,64.35966894
5363,63.74366207999999
5364,63.77532756
5365,63.62658168999999
5366,63.50452857
5367,62.47408362999997
5368,62.26019575999998
5369,61.82878352000002
5370,64.15399718
5371,64.38789014000001
5372,65.06769086999998
5373,64.28808407000002
5374,64.88836886
5375,65.64894231
5376,161.9936190400005
5377,178.56
5378,178.56
5379,178.56
5380,178.56
5381,66.03527440999999
5382,64.93111289000002
5383,64.21066876
5384,62.29166705999999
5385,178.56
5386,61.11858431
5387,62.95238334
5388,64.58344185999997
5389,64.42070781999999
5390,65.19342171999999
5391,64.71003483000003
5392,65.07421206999999
5393,64.34999522000001
5394,64.43961524
5395,65.23060362
5396,64.67534947999997
5397,66.52157161999999
5398,67.38760923999999
5399,67.82927431
5400,172.5064568000005
5401,178.56
5402,178.56
5403,178.56
5404,178.56
5405,178.56
5406,64.90539503000002
5407,64.31246213
5408,63.29395121000003
5409,64.53641593
5410,64.894074
5411,64.15512376
5412,66.76883030999997
5413,67.65036977999999
5414,68.02322302999997
5415,66.54810148
5416,64.72386186
5417,66.87099971999999
5418,64.81799359
5419,65.71121221
5420,63.04038250999998
5421,61.01368448
5422,61.86542586000001
5423,60.12778555
5424,164.1389321600006
5425,178.56
5426,178.56
5427,178.56
5428,52.14152978999999
5429,52.13296837
5430,51.05467752000001
5431,50.72185082999999
5432,49.84681603999999
5433,178.56
5434,49.37166031
5435,50.70264941000001
5436,54.08384057999999
5437,58.18246727999998
5438,57.69255904999999
5439,56.03186952999999
5440,56.29548378999998
5441,54.02484962
5442,53.37799095999998
5443,53.69016848999999
5444,52.65566620999999
5445,53.78044965999999
5446,53.96385673
5447,52.49445866
5448,93.69007306999998
5449,178.56
5450,178.56
5451,178.56
5452,178.56
5453,54.69738897000001
5454,54.56097472000001
5455,54.46900479999999
5456,54.30788797
5457,54.05575776999999
5458,54.05387658999999
5459,53.15289322
5460,53.69381051999999
5461,56.38554284999999
5462,57.36241027999999
5463,57.62623062000001
5464,59.34342651999999
5465,59.34621665
5466,58.84329744999999
5467,58.68182158999999
5468,59.16347451000001
5469,58.17938245000001
5470,56.94794056000001
5471,55.51614313000001
5472,130.8784852299999
5473,178.56
5474,178.56
5475,178.56
5476,178.56
5477,49.85280559
5478,49.51942604000001
5479,49.31775568999998
5480,49.24341821000002
5481,48.94991275999999
5482,48.90781266
5483,48.65157513999999
5484,48.23438186
5485,48.17867838
5486,46.98463217
5487,47.40299255999999
5488,47.52628761999999
5489,48.20862885999999
5490,48.76823259000001
5491,49.20199164999999
5492,49.65741466
5493,49.50712865
5494,49.78619582999999
5495,50.47277165
5496,52.20099653000028
5497,178.56
5498,178.56
5499,178.56
5500,178.56
5501,47.74934478999999
5502,47.09662054999999
5503,47.034218
5504,46.98552123999998
5505,47.46930524
5506,48.28447175999999
5507,48.96024189
5508,49.56915054
5509,48.45641724
5510,49.16601710999999
5511,57.54196727999999
5512,63.84818335
5513,64.11482692999999
5514,65.31645714999999
5515,53.25927620999999
5516,52.45225782999999
5517,52.98331898999999
5518,52.38979696999999
5519,52.89254823999999
5520,74.59886199000053
5521,178.56
5522,178.56
5523,178.56
5524,178.56
5525,51.49773096999999
5526,51.72406385999999
5527,51.22514886999999
5528,50.84827734
5529,49.4988711
5530,47.77244730999998
5531,50.13356817000001
5532,52.80435769
5533,52.73936248
5534,53.80072382999998
5535,54.66824937000001
5536,54.50939214000001
5537,55.38338596000001
5538,55.34988473
5539,59.66452114000001
5540,60.40995197999999
5541,58.84840940999999
5542,58.71578299999998
5543,57.99377317999997
5544,103.2845891700005
5545,178.56
5546,178.56
5547,178.56
5548,178.56
5549,55.55711945
5550,55.31234113999998
5551,54.92004454999999
5552,54.60259259000001
5553,53.79010692999999
5554,53.12643679000001
5555,52.77582324
5556,53.81667718
5557,55.31811844999999
5558,55.88021103000001
5559,55.84434813999999
5560,56.43608599999998
5561,55.16491134
5562,53.49177154999998
5563,55.18119628000001
5564,55.69431706999998
5565,55.00249076
5566,53.85133354999999
5567,53.83338589999999
5568,126.4745716600003
5569,178.56
5570,178.56
5571,178.56
5572,50.61477798999999
5573,51.13097969000001
5574,51.09923455
5575,50.91938110000001
5576,50.87486844999999
5577,178.56
5578,50.61259216999999
5579,51.10903006999998
5580,51.66062510000001
5581,52.52709966
5582,52.91414547999999
5583,52.82132821
5584,52.52063592999998
5585,53.84025499999999
5586,54.69037931000002
5587,54.59289073000001
5588,54.23655286000002
5589,53.63651111000001
5590,53.29870468999999
5591,54.66211162999999
5592,83.89719407000018
5593,178.56
5594,178.56
5595,178.56
5596,51.83422776
5597,51.59082348
5598,51.50404945
5599,51.35630395
5600,51.03523355000001
5601,178.56
5602,50.31568016999999
5603,51.61720486999999
5604,51.47341346
5605,49.82588785999999
5606,50.94430614
5607,51.99511799999998
5608,50.82471099999999
5609,52.05775623999999
5610,52.16873214
5611,53.74155282999999
5612,53.51683372
5613,52.85906759
5614,53.47446958000001
5615,54.16687311
5616,88.24493000000048
5617,178.56
5618,52.29565102999999
5619,52.01559531
5620,178.56
5621,178.56
5622,178.56
5623,52.70005755
5624,52.80815841
5625,53.13075593000001
5626,53.33664748999999
5627,53.19262388999999
5628,54.72607168
5629,55.80768493999999
5630,55.60894037999999
5631,56.52921120000001
5632,57.67842899000001
5633,57.72700955
5634,58.17647702999999
5635,57.41573669999998
5636,57.55661372999999
5637,53.17297076000002
5638,115.7028095700006
5639,52.08499764999998
5640,54.48980341
5641,178.56
5642,178.56
5643,178.56
5644,53.65237716999999
5645,55.94527645000001
5646,56.04484116
5647,55.91557712999999
5648,55.99908986000001
5649,178.56
5650,56.02985107999999
5651,56.14393245999999
5652,56.54645513999998
5653,56.83671182
5654,56.64389730999998
5655,56.09118402999999
5656,54.66233996999998
5657,55.01463359
5658,57.73287995999998
5659,58.46439850999999
5660,58.46215955999999
5661,58.02435583
5662,53.51869411000001
5663,53.69298906999999
5664,139.2262335900005
5665,178.56
5666,178.56
5667,178.56
5668,55.30143472
5669,53.09276000000002
5670,51.7140533
5671,52.11329164999999
5672,51.80459214
5673,178.56
5674,51.77724342000001
5675,52.14570689999999
5676,49.14031297
5677,45.53298385999999
5678,47.02888211
5679,49.59505418
5680,49.69550578999998
5681,52.54783561999999
5682,54.52716514
5683,53.64078475
5684,52.61185307
5685,50.78409679
5686,50.94394164999999
5687,51.63998944999998
5688,86.63243599
5689,178.56
5690,178.56
5691,178.56
5692,51.45413105
5693,50.49919475999999
5694,50.87962999000001
5695,51.96203824
5696,51.69840879
5697,178.56
5698,51.23228795999999
5699,51.97666592999998
5700,53.27842128
5701,53.54437234999999
5702,50.62601333999999
5703,52.66008979
5704,51.81467417
5705,52.13668124
5706,50.37925228
5707,51.22978685999998
5708,50.78446309999999
5709,49.52994682999999
5710,48.11349935
5711,48.99722106999999
5712,72.71520022000016
5713,178.56
5714,178.56
5715,178.56
5716,51.89259418
5717,51.39393475999999
5718,51.70658521
5719,50.54680378999999
5720,49.61910064999999
5721,178.56
5722,48.78371407
5723,49.64800616999999
5724,49.07155140999998
5725,51.94205288999999
5726,50.9075259
5727,51.94157723999999
5728,54.76487758
5729,54.87577662
5730,55.11482928
5731,55.20339734
5732,56.18804099999998
5733,57.37758109999999
5734,57.14377732
5735,56.22893297
5736,87.41778532000029
5737,178.56
5738,178.56
5739,178.56
5740,55.45941344999999
5741,55.81984303
5742,55.78963782
5743,57.44787789999999
5744,56.78500352
5745,178.56
5746,59.26890641
5747,59.62066172999999
5748,59.18858183
5749,57.87061622999999
5750,56.64407727999998
5751,57.59363364999999
5752,57.52799689
5753,57.23118177
5754,56.73680866
5755,57.82065310000002
5756,58.17515416999998
5757,58.63773852999999
5758,58.30796503000001
5759,55.60666993
5760,149.34175557
5761,178.56
5762,54.86532120999998
5763,54.70040632
5764,178.56
5765,178.56
5766,178.56
5767,56.86727200000001
5768,56.84031506999998
5769,56.95639830999999
5770,56.80318721000001
5771,61.24759431000001
5772,65.17304696
5773,65.44559434
5774,63.46768861999999
5775,58.86675283999998
5776,57.32487089
5777,56.72593297000001
5778,58.37744709999998
5779,59.25577931
5780,57.04517903000001
5781,56.04689251000001
5782,152.1285566300006
5783,52.91759886000001
5784,50.83220121
5785,178.56
5786,178.56
5787,178.56
5788,50.93581723999999
5789,50.38056358999998
5790,50.37923302999999
5791,49.74028066000001
5792,49.71429876000001
5793,178.56
5794,49.81831218000001
5795,51.02720441000002
5796,52.38409112999999
5797,54.34399068
5798,52.25810526999999
5799,49.69091911
5800,51.23504442
5801,49.57306865
5802,53.11334181999999
5803,56.12539554999999
5804,53.90930278999998
5805,51.76605252
5806,50.39205703
5807,50.00204531
5808,60.61254985000032
5809,178.56
5810,178.56
5811,51.32264690000001
5812,51.57648363
5813,50.85621876999999
5814,50.96225224999999
5815,50.67208327999999
5816,49.91121331
5817,178.56
5818,49.17513068999999
5819,49.28536192999999
5820,48.63711846
5821,48.73764700000002
5822,49.59760155
5823,51.13928917999999
5824,49.90530502999999
5825,48.08596849000001
5826,47.75940371999999
5827,48.66465995999998
5828,48.23614845000001
5829,49.05187896000001
5830,50.07953951
5831,50.51738076000001
5832,175.2762784700001
5833,178.56
5834,178.56
5835,45.15738507
5836,46.07827237999999
5837,49.39901911000001
5838,48.77855752
5839,50.11167721
5840,46.81147583
5841,178.56
5842,45.80196628000002
5843,46.52090793
5844,46.39636596
5845,44.95592044999999
5846,45.23224034
5847,46.15012493
5848,45.53029376
5849,45.60053560999999
5850,46.86702495999999
5851,47.15607623999999
5852,47.82794541000001
5853,49.98457988999999
5854,49.90095173
5855,51.000145
5856,142.1592338900003
5857,178.56
5858,178.56
5859,178.56
5860,178.56
5861,50.46516041
5862,50.74408486
5863,48.68232621
5864,48.52975617
5865,48.79157472
5866,48.43182371999999
5867,47.44744907
5868,47.53886676
5869,48.67769010999999
5870,47.16871432
5871,49.68039552000001
5872,53.97044226000001
5873,54.54975876
5874,51.89848783
5875,49.98610841000001
5876,53.81528572000001
5877,53.37822686
5878,52.07206872
5879,50.29002516999999
5880,60.57754339999984
5881,178.56
5882,178.56
5883,178.56
5884,52.53451763
5885,52.36025879
5886,51.59696276000002
5887,51.76422601
5888,51.49548872999998
5889,178.56
5890,49.83802425
5891,49.36977975999999
5892,48.79553216999999
5893,49.38796338
5894,51.78506893000001
5895,52.27303654999999
5896,51.71762918
5897,54.33988244999999
5898,53.30594535000001
5899,55.55495427999999
5900,55.35130741
5901,53.67046762
5902,54.10271306999999
5903,54.11176652
5904,88.83478216000037
5905,178.56
5906,178.56
5907,178.56
5908,57.90608879999998
5909,57.13259062000001
5910,55.88719752
5911,52.85803642
5912,50.49654182999999
5913,178.56
5914,49.00272755
5915,51.37342237999999
5916,53.23275936999998
5917,52.56151803000002
5918,51.65280841
5919,51.53088458
5920,54.00432295999999
5921,54.34871161999999
5922,53.19552763
5923,53.50097864999999
5924,53.50138213
5925,51.36467721
5926,53.0278189
5927,54.00157952000001
5928,108.2788999700003
5929,178.56
5930,178.56
5931,178.56
5932,178.56
5933,57.65739763
5934,56.49927100999999
5935,56.19657637999997
5936,53.02442564999998
5937,52.04531297
5938,50.89492604
5939,50.8872952
5940,51.98135648999997
5941,53.05511379
5942,54.51181917999999
5943,55.86662711
5944,55.35323493000001
5945,55.97928966000001
5946,56.99388617999999
5947,56.44101799
5948,56.40441127999998
5949,55.89905250999998
5950,55.76832576
5951,55.11084138
5952,135.6008998600004
5953,178.56
5954,178.56
5955,178.56
5956,56.07387324000001
5957,55.23587488999998
5958,55.19332455000001
5959,54.57808720000001
5960,52.42454434000001
5961,178.56
5962,51.53972362
5963,52.67297693
5964,53.22387931
5965,55.93560735
5966,59.22470651999999
5967,58.94015869
5968,66.16639658999998
5969,62.44983045
5970,61.02989136999999
5971,59.39358298999998
5972,60.64305541
5973,61.01213600999998
5974,61.08455941
5975,59.82565406999998
5976,159.6033939600007
5977,178.56
5978,178.56
5979,178.56
5980,53.86446156000002
5981,53.20618107000001
5982,51.76420633999999
5983,52.03326289
5984,51.84024286000002
5985,178.56
5986,51.51272273
5987,52.10420396999999
5988,53.36553368999999
5989,53.44185987
5990,53.82574925
5991,53.39266828
5992,53.85486666
5993,54.54326541999999
5994,53.59564469
5995,53.08294628000001
5996,53.29517654999999
5997,52.95962902999999
5998,53.46535823999999
5999,52.89118737
6000,109.7513188500008
6001,178.56
6002,52.89337676000001
6003,51.18882012999999
6004,178.56
6005,178.56
6006,178.56
6007,49.85329055
6008,49.36389765999999
6009,48.39117485999999
6010,47.99215421
6011,47.97012506999999
6012,47.32437045
6013,49.69275437
6014,51.55548026999999
6015,53.09947684999999
6016,53.73033133999999
6017,55.78458214000001
6018,57.66378568999998
6019,57.84927162
6020,57.32245644999997
6021,56.07576806999998
6022,82.82106474000044
6023,55.58706048
6024,55.74667538999999
6025,178.56
6026,54.78824434999997
6027,54.17036303
6028,178.56
6029,178.56
6030,178.56
6031,52.47090533999999
6032,51.68863084
6033,54.37869541999999
6034,55.73807078
6035,57.13997779000001
6036,61.10267373
6037,60.97756721
6038,53.98239272999999
6039,54.53488634999998
6040,55.48303116999999
6041,56.74110211000001
6042,56.54505304000001
6043,56.22102947999999
6044,56.75973995999998
6045,54.19414476
6046,123.4821500300001
6047,54.28604369999999
6048,54.75422218
6049,53.69972768999998
6050,53.85064061999999
6051,55.28332151999999
6052,178.56
6053,178.56
6054,55.51408127999999
6055,55.61473826999999
6056,54.97142188999999
6057,54.67399007000001
6058,53.50938348
6059,51.80670166000001
6060,51.87807289
6061,52.70206829999999
6062,52.09951151999999
6063,54.05068409999999
6064,55.38752603999999
6065,54.8153571
6066,56.93911279
6067,57.5274371
6068,178.56
6069,133.5127822700006
6070,178.56
6071,56.98846083
6072,56.61682628
6073,56.38902955
6074,56.94339706999999
6075,57.89072106999999
6076,178.56
6077,178.56
6078,56.75842633999999
6079,56.71298968999999
6080,54.10566020999999
6081,52.50418124000002
6082,59.89933117
6083,60.97919855999999
6084,58.27140857999998
6085,57.84186954
6086,56.97928334
6087,56.34153679
6088,54.51434568999999
6089,54.04553686000001
6090,55.39965213999999
6091,54.69630098100001
6092,178.56
6093,154.9706804040003
6094,178.56
6095,57.93096665999999
6096,57.579146695
6097,178.56
6098,178.56
6099,55.88389569
6100,55.47532620000001
6101,52.63989749549999
6102,51.96443196000001
6103,51.1545909
6104,46.84540686699999
6105,178.56
6106,26.50360999999999
6107,26.52600999999999
6108,26.54840999999999
6109,26.57080999999999
6110,25.1957627012
6111,39.97552068300001
6112,46.15009211400001
6113,45.29926067799999
6114,45.12695369
6115,45.11906699999999
6116,45.141621
6117,45.13304124
6118,45.09368731
6119,45.23851738
6120,94.60651411730018
6121,45.17523745
6122,45.130904
6123,45.1795351
6124,178.56
6125,178.56
6126,45.24212693
6127,45.314962
6128,45.38156000000001
6129,45.15691831000001
6130,50.95637134
6131,52.68090785999999
6132,54.42374503999999
6133,53.95760531
6134,53.18523706999999
6135,54.76783753
6136,54.86895596
6137,56.00988365
6138,56.02520027999999
6139,60.62363286
6140,178.56
6141,99.46234630000048
6142,178.56
6143,58.65009493000001
6144,58.45822948000001
6145,178.56
6146,178.56
6147,178.56
6148,58.00251751
6149,58.30573664999999
6150,57.19293712999999
6151,55.37496131999999
6152,55.53034024999999
6153,178.56
6154,55.54441696999998
6155,54.87681941
6156,54.56912083
6157,55.00072445000001
6158,54.60719613999999
6159,54.68159711
6160,55.39152955000001
6161,54.85370289000001
6162,55.49631276000001
6163,56.38362736999999
6164,57.18023709999999
6165,56.89789742
6166,57.43037006
6167,56.57758854999999
6168,151.7837546300002
6169,178.56
6170,56.24528944999998
6171,56.05611914000001
6172,178.56
6173,178.56
6174,178.56
6175,54.35530029999999
6176,53.73819024
6177,52.35128465
6178,53.27124823999998
6179,54.88919197999999
6180,55.31671404
6181,54.93886797
6182,55.10138214000001
6183,55.69432638
6184,56.37402414
6185,55.19540355
6186,55.67200064999999
6187,56.42128107
6188,55.60707579
6189,56.25959275999999
6190,133.9598465700001
6191,56.24056011000001
6192,56.11583803000001
6193,178.56
6194,55.00430565
6195,53.93294641000001
6196,178.56
6197,178.56
6198,178.56
6199,54.81583821
6200,54.21772097000001
6201,54.80992048
6202,53.37486427000001
6203,52.54348855
6204,50.35978716999998
6205,49.60956867999999
6206,49.84120385999999
6207,50.82076629000001
6208,50.88310255
6209,51.17433517
6210,51.58335252
6211,51.67520624000002
6212,51.48885903000001
6213,51.45166061
6214,98.04648458999988
6215,52.37975448999999
6216,53.52324865999999
6217,178.56
6218,62.02555032999962
6219,53.20768355
6220,178.56
6221,53.54924154999998
6222,53.28670214
6223,53.27691656
6224,53.28679062
6225,52.7656738
6226,52.19412079000001
6227,50.49598176
6228,49.15296631000001
6229,49.576408
6230,49.68989921
6231,48.42983789
6232,48.31874600000001
6233,47.83464021
6234,48.26675749
6235,48.23194620999999
6236,48.00224807000001
6237,178.56
6238,178.56
6239,48.39895683
6240,49.74149557999999
6241,178.56
6242,48.11062431
6243,48.07504309999999
6244,153.0599297000001
6245,178.56
6246,178.56
6247,47.69739288999999
6248,47.96219007999999
6249,47.73010375
6250,47.63133234999999
6251,47.135753
6252,47.18731066
6253,47.95140034999999
6254,48.22843949000001
6255,48.26125955000001
6256,48.56322107
6257,48.68497732
6258,48.91856172
6259,48.71101473
6260,48.56953269000001
6261,48.92737030999999
6262,49.29213772
6263,49.210896
6264,50.65843740999998
6265,178.56
6266,49.02733485999997
6267,48.41148186000001
6268,168.2479414200002
6269,178.56
6270,178.56
6271,47.48292255
6272,47.65295696
6273,48.32285024
6274,47.57563524000001
6275,47.64413283
6276,48.58627263
6277,49.70227724
6278,49.22181606999999
6279,49.61910338
6280,50.16271637999999
6281,52.67986464999998
6282,51.65691223
6283,51.86950321
6284,50.89447062
6285,51.16884065999999
6286,51.1538188
6287,50.44102210000001
6288,50.79973226999999
6289,178.56
6290,50.47542289999999
6291,49.88449213999998
6292,175.3539985300002
6293,178.56
6294,178.56
6295,48.00516308
6296,48.40563224
6297,47.93215217
6298,47.40564556
6299,50.80957686000001
6300,51.28527606999999
6301,51.81310372000001
6302,51.93793941
6303,50.84047703
6304,50.93941496000001
6305,50.75951061999999
6306,50.21259873
6307,49.88095238
6308,50.23917486
6309,49.63351085
6310,49.32861002999999
6311,49.58370416999999
6312,50.21199169
6313,178.56
6314,49.89461183
6315,49.74976720000002
6316,162.3998972800002
6317,178.56
6318,178.56
6319,49.13488048
6320,49.21859858999998
6321,48.81847389999998
6322,48.55499859
6323,48.46056334
6324,48.37552286
6325,48.402697
6326,47.98599203999998
6327,48.31924139
6328,48.01169575999999
6329,48.02988624
6330,48.18603537999999
6331,48.08651869000001
6332,48.24500289
6333,48.26332245
6334,48.27622547999999
6335,47.92753678999999
6336,48.54424862
6337,178.56
6338,47.00395461999999
6339,47.05207254999999
6340,149.18282128
6341,178.56
6342,178.56
6343,47.32686916999999
6344,47.35902318
6345,47.23381348
6346,47.09831300999998
6347,47.08400878999999
6348,47.23458845
6349,48.19056234999999
6350,48.19825556000001
6351,48.03405858999999
6352,49.02024127
6353,48.84847344999999
6354,48.99676817
6355,49.33335414
6356,49.62561358999999
6357,49.89536335
6358,49.76078499
6359,51.30049630999999
6360,51.3322649
6361,178.56
6362,50.64328353000001
6363,51.64822844999998
6364,171.3360225700004
6365,178.56
6366,178.56
6367,49.36280076000001
6368,48.82979927
6369,48.94726963
6370,49.23845066000001
6371,49.84563926999999
6372,49.42629006
6373,48.42228061999999
6374,48.54796331
6375,48.59135932000001
6376,48.27038972
6377,50.05383138
6378,49.36703555
6379,49.01318835000001
6380,47.47169266
6381,47.62419661999999
6382,47.68050210000001
6383,47.75716147999999
6384,48.27875269
6385,178.56
6386,178.56
6387,47.23761692999999
6388,47.54342796000001
6389,47.60086352
6390,47.28516828
6391,47.16311564999999
6392,46.72313128
6393,178.56
6394,46.6110043
6395,46.46133568999999
6396,46.24649855
6397,46.52995417
6398,47.15102965999998
6399,51.74735734
6400,52.49214572000001
6401,52.97256734
6402,53.15800252
6403,51.85441044
6404,51.75502234
6405,52.10231165999999
6406,48.34798948000001
6407,47.66288792999999
6408,151.0132801400006
6409,178.56
6410,47.38895441
6411,48.09272811
6412,163.4618119400002
6413,178.56
6414,178.56
6415,47.92189968999999
6416,48.13143488999999
6417,48.19295130999999
6418,47.86854400999999
6419,47.48361324
6420,48.60413620999998
6421,48.07465138
6422,48.49419182999998
6423,49.87892658000001
6424,50.65923828
6425,51.78530413000001
6426,52.20040496999999
6427,51.73251964999999
6428,51.17400638
6429,52.03175313000001
6430,51.87425516000001
6431,52.64943432000002
6432,55.05259648000001
6433,178.56
6434,54.8045169
6435,55.32911076
6436,178.56
6437,178.56
6438,178.56
6439,54.00305189999999
6440,52.66232068999998
6441,52.58236207
6442,52.63900124
6443,51.865401
6444,51.74971445000001
6445,52.11804941
6446,52.56099772000001
6447,52.91418958000001
6448,53.81839371999998
6449,54.34658166000001
6450,55.73665586999999
6451,56.64648051999999
6452,56.25590305999997
6453,55.31362235
6454,119.3149354200002
6455,55.01810747999998
6456,56.10403190000001
6457,178.56
6458,54.75523669
6459,54.38606634999999
6460,178.56
6461,178.56
6462,178.56
6463,54.09801802999997
6464,54.19331183000001
6465,54.17731402999999
6466,53.79400116999999
6467,54.51699918
6468,54.28216745
6469,54.47219665999999
6470,55.04419704
6471,53.20178506999999
6472,53.48621607
6473,51.0031641
6474,51.82266781999999
6475,52.38812396999999
6476,52.6420111
6477,52.66697765
6478,104.6774220600005
6479,52.23735601
6480,53.17954572000001
6481,178.56
6482,53.44895709999999
6483,53.50203025999998
6484,178.56
6485,178.56
6486,178.56
6487,52.27650609999998
6488,52.04052014
6489,51.98150523999999
6490,53.10644261999999
6491,54.77520510000001
6492,55.28083169
6493,55.18229023999999
6494,54.67842141999999
6495,54.10591935
6496,53.94600882999998
6497,53.81230413999999
6498,53.66822943999998
6499,53.59456003999999
6500,53.94153996000001
6501,53.89733531
6502,102.2882361600003
6503,53.51114097
6504,53.04869689
6505,178.56
6506,52.81994416999999
6507,52.76742317
6508,178.56
6509,178.56
6510,178.56
6511,50.64741703000001
6512,50.16785444999999
6513,50.61680861999999
6514,50.71423245
6515,51.07591972000001
6516,51.18332793000001
6517,51.40356696999999
6518,52.25985141999998
6519,52.36261323999999
6520,52.81349233999999
6521,53.63356117000001
6522,54.15240606999999
6523,53.48008589000001
6524,53.76292557999999
6525,53.37391485999999
6526,88.22555998999972
6527,54.95032158000001
6528,56.07728664999998
6529,178.56
6530,55.73521625
6531,56.44699661999999
6532,178.56
6533,178.56
6534,178.56
6535,54.17986937999999
6536,54.09364807000002
6537,54.36416747999998
6538,54.63111871
6539,54.30052565000002
6540,55.78838985999998
6541,55.92557109999998
6542,55.47072594000001
6543,56.43504048
6544,56.14867103999998
6545,55.91481483
6546,56.12927851999999
6547,55.85782047999999
6548,55.73335578999999
6549,55.21316247999999
6550,134.1179479500006
6551,56.06310038000001
6552,56.72169979
6553,56.63712312999999
6554,56.54923400000001
6555,56.16692213999998
6556,178.56
6557,178.56
6558,55.88950765999999
6559,55.50488482
6560,55.12311279999999
6561,54.85786558000002
6562,56.05038312999996
6563,58.13142985999999
6564,57.68325681999998
6565,56.18449704
6566,55.44459564
6567,57.20211483000001
6568,56.47861597
6569,56.11170327
6570,56.04917255
6571,54.58298285999999
6572,178.56
6573,134.3451551600001
6574,178.56
6575,55.52820776999999
6576,55.23878296999999
6577,55.40014479999999
6578,54.06944892999999
6579,53.24733939000001
6580,178.56
6581,178.56
6582,52.52920161999999
6583,52.42745221000001
6584,51.85325599999999
6585,51.93178879
6586,51.94933750999999
6587,52.64582148
6588,52.03553865999999
6589,51.57473741
6590,51.63091444000001
6591,51.86298564999998
6592,51.78510666
6593,51.96358503
6594,51.98280248
6595,51.76729830999999
6596,178.56
6597,80.10216726000029
6598,178.56
6599,49.16418240999999
6600,50.55171575999999
6601,51.12258921000002
6602,51.32845431
6603,51.26720669
6604,178.56
6605,178.56
6606,51.48426037999999
6607,51.287775
6608,51.315257
6609,51.328186
6610,51.35163831000001
6611,51.375758
6612,51.39564262
6613,51.42230331
6614,51.43728569
6615,51.45919799999999
6616,51.62356037999999
6617,51.61128462000001
6618,51.74353799999999
6619,52.02899569
6620,178.56
6621,77.56258514999993
6622,178.56
6623,53.25277971999999
6624,53.72511662000002
6625,53.54985978999999
6626,53.48519904
6627,52.84231883
6628,178.56
6629,178.56
6630,52.28244245000001
6631,52.32499117999998
6632,52.70618535
6633,54.21927980000001
6634,53.44786013000001
6635,54.59299748
6636,54.70746434999999
6637,54.47663613
6638,55.47721851000001
6639,54.24829234999999
6640,53.35452122000001
6641,52.89115321000001
6642,53.20584528
6643,54.47584995999998
6644,178.56
6645,111.45951199
6646,178.56
6647,57.83181607
6648,57.97608137999999
6649,56.45933047999999
6650,56.11428641
6651,55.79919582999998
6652,178.56
6653,178.56
6654,56.10171965999999
6655,55.99812134
6656,56.2999549
6657,56.55124993
6658,57.61094261999999
6659,57.95782104
6660,57.19094507000001
6661,56.45091640999998
6662,54.84707697000001
6663,56.41930735
6664,55.5178099
6665,55.22065996999999
6666,54.31993203000002
6667,55.30647478999999
6668,178.56
6669,129.6608242100004
6670,178.56
6671,53.06027999999999
6672,52.66246558999999
6673,52.36842289
6674,51.81866185999999
6675,51.81611442000001
6676,178.56
6677,178.56
6678,51.76582390000001
6679,51.64153770999999
6680,51.28625396999999
6681,51.15013666000001
6682,53.4787883
6683,53.58293786999999
6684,54.10147413999999
6685,53.79433982999998
6686,53.57529323999999
6687,53.49802975999999
6688,53.98363613999999
6689,53.14196818000002
6690,53.53181147999999
6691,54.1288629
6692,178.56
6693,107.1404105200003
6694,178.56
6695,56.84506057999999
6696,57.97946945000001
6697,56.47385785999999
6698,55.29957587
6699,53.55595497000001
6700,178.56
6701,178.56
6702,53.48130689999999
6703,53.04989423999999
6704,52.92566034
6705,52.41139617
6706,51.5739889
6707,53.07686775999999
6708,54.59794507999999
6709,53.62460606999999
6710,53.63042517
6711,55.36371420999998
6712,55.76197655000001
6713,56.22271241999999
6714,56.82528179999999
6715,57.37710740999999
6716,178.56
6717,122.6222252700009
6718,178.56
6719,54.57707766
6720,53.77221465
6721,178.56
6722,53.61881882000001
6723,54.33175496
6724,178.56
6725,178.56
6726,178.56
6727,49.19471011
6728,49.00407672999999
6729,49.20095802999999
6730,51.36606327999998
6731,52.67687866000001
6732,53.75892710999999
6733,54.20159304000002
6734,54.17817789999999
6735,53.58367944999998
6736,53.43803941000001
6737,53.63992696999998
6738,53.88768041999999
6739,53.43242302999999
6740,50.87568226999999
6741,50.70573683000001
6742,83.05234562000018
6743,49.92689366
6744,50.13848279999999
6745,178.56
6746,50.66155752
6747,49.91436771999999
6748,176.7946251899995
6749,178.56
6750,178.56
6751,49.55401709999999
6752,49.68496196999999
6753,49.39178999999999
6754,49.41419
6755,49.43659
6756,49.45898999999999
6757,49.48138999999999
6758,49.50379
6759,49.52619
6760,49.54859
6761,49.57098999999999
6762,49.59339
6763,49.61579
6764,49.63818999999999
6765,49.66058999999999
6766,49.68299
6767,49.70538999999999
6768,49.72778999999999
6769,178.56
6770,49.25179
6771,49.27419
6772,170.3617999999998
6773,178.56
6774,178.56
6775,49.34699
6776,49.36939
6777,49.39178999999999
6778,49.41419
6779,49.43659
6780,49.45898999999999
6781,49.48138999999999
6782,49.50379
6783,49.52619
6784,49.54859
6785,49.57098999999999
6786,49.59339
6787,49.61579
6788,49.63818999999999
6789,49.66058999999999
6790,49.68299
6791,49.70538999999999
6792,49.72778999999999
6793,178.56
6794,49.25179
6795,49.27419
6796,170.3617999999998
6797,178.56
6798,178.56
6799,49.34699
6800,49.36939
6801,49.39178999999999
6802,49.41419
6803,49.43659
6804,49.45898999999999
6805,49.48138999999999
6806,49.50379
6807,49.52619
6808,49.54859
6809,49.57098999999999
6810,49.59339
6811,49.61579
6812,49.63818999999999
6813,49.66058999999999
6814,49.68299
6815,49.70538999999999
6816,49.72778999999999
6817,178.56
6818,49.25179
6819,49.27419
6820,170.3617999999998
6821,178.56
6822,178.56
6823,49.34699
6824,49.36939
6825,49.39178999999999
6826,49.41419
6827,49.43659
6828,49.45898999999999
6829,49.48138999999999
6830,49.50379
6831,49.52619
6832,49.54859
6833,49.57098999999999
6834,49.59339
6835,49.61579
6836,49.63818999999999
6837,49.66058999999999
6838,49.68299
6839,49.70538999999999
6840,49.72778999999999
6841,178.56
6842,49.25179
6843,49.27419
6844,170.5884879800003
6845,178.56
6846,178.56
6847,49.34699
6848,49.36939
6849,49.39178999999999
6850,49.41419
6851,49.43659
6852,49.45898999999999
6853,49.48138999999999
6854,49.50379
6855,49.53584062
6856,49.73811261999999
6857,49.76520976
6858,49.784658
6859,49.76824999999999
6860,49.67987262
6861,49.65106768999999
6862,49.62536830999999
6863,49.60113199999999
6864,49.649327
6865,49.162631
6866,49.21806407
6867,49.442281
6868,178.56
6869,178.56
6870,49.23788799999999
6871,49.24825037999999
6872,49.27370462
6873,49.29636130999999
6874,49.76877527999999
6875,56.05566463
6876,55.33116407
6877,54.21129454999999
6878,55.17835617000001
6879,53.27616699999998
6880,51.310991872
6881,54.22176382000001
6882,53.13549261999999
6883,54.12408798999999
6884,178.56
6885,75.20094928800036
6886,178.56
6887,51.70685149
6888,52.3546702
6889,178.56
6890,53.49887921000001
6891,53.09811247999999
6892,178.56
6893,178.56
6894,178.56
6895,53.21028537999999
6896,53.05943523999999
6897,52.94449314
6898,53.10885467999999
6899,53.52018210000001
6900,55.97904206999998
6901,56.64690730999997
6902,54.21405947999999
6903,53.85879933
6904,55.90984196
6905,57.26190420999999
6906,56.85087141999998
6907,55.41707206
6908,54.80116761
6909,52.67503723999999
6910,108.1396424199999
6911,53.35413797
6912,53.57008979
6913,50.28806243999999
6914,49.31051594
6915,49.33060594000001
6916,178.56
6917,178.56
6918,49.39948601
6919,49.04289145
6920,49.21713552
6921,48.84100850999999
6922,50.3128052
6923,52.45624789999999
6924,53.56119041000002
6925,55.73897447999998
6926,54.86134745
6927,53.78667706999998
6928,53.79806606999999
6929,55.35035071999999
6930,55.30383844999999
6931,56.25904193000001
6932,178.56
6933,87.15920059000078
6934,178.56
6935,53.08936003000001
6936,52.89610878999999
6937,52.07405245
6938,53.72705526999999
6939,53.19064114000001
6940,178.56
6941,178.56
6942,51.01722912999999
6943,49.97269234999999
6944,49.23851575999999
6945,49.07976017
6946,49.54355041999999
6947,51.13405555999999
6948,56.54861015999999
6949,56.28118327999999
6950,55.69492354999999
6951,54.51655943999999
6952,54.50821151999999
6953,53.63620863999999
6954,53.47252189999999
6955,53.5334989
6956,178.56
6957,92.58293975999979
6958,178.56
6959,53.03209786000001
6960,52.73338293999998
6961,51.47568551999999
6962,50.88729540999998
6963,50.55867908
6964,170.7314033399991
6965,178.56
6966,49.45638788999999
6967,48.76019799
6968,46.23284652
6969,47.30835025
6970,46.62861244999999
6971,48.04969211000001
6972,50.69851178
6973,50.65651345999999
6974,50.61895573000001
6975,50.44177095999999
6976,51.23545469
6977,50.55022441000002
6978,49.1013341
6979,48.71445362000001
6980,178.56
6981,48.75329927999999
6982,178.56
6983,48.37911679999999
6984,48.57535641
6985,47.77275516999999
6986,47.68602062
6987,47.47739486
6988,162.5497697299996
6989,178.56
6990,47.68980335
6991,47.77639573
6992,47.93393031
6993,48.36699678999999
6994,48.4618792
6995,48.95362087000001
6996,48.68190579000001
6997,49.19435996999999
6998,50.03496169000001
6999,49.87902955000001
7000,49.5618599
7001,50.28516465000001
7002,50.51105073
7003,50.24967961999999
7004,178.56
7005,49.77626969
7006,178.56
7007,49.65164435000002
7008,47.64678793
7009,46.62799624
7010,46.79744047999999
7011,46.90916097
7012,144.0574689900001
7013,178.56
7014,46.48185276
7015,46.19114534999999
7016,46.76845852
7017,45.42813793
7018,46.35292648000001
7019,45.87680278999999
7020,46.90282135
7021,47.78864776
7022,48.67988986
7023,49.04622337999999
7024,49.48326803
7025,49.02205651000001
7026,49.03724427
7027,49.00856877
7028,178.56
7029,49.09707795999999
7030,178.56
7031,48.15525175999999
7032,47.76334023999998
7033,178.56
7034,48.54785586000001
7035,49.00276535
7036,139.9996314700007
7037,178.56
7038,178.56
7039,44.93834751000001
7040,44.63364493000001
7041,45.18056193
7042,45.66988335000001
7043,45.59967118
7044,46.17012421
7045,47.29515693000001
7046,47.82847047999999
7047,48.84863004000002
7048,49.51073869
7049,49.43300572000001
7050,49.67151252000001
7051,47.69370179
7052,48.9681927
7053,48.51362138
7054,48.85174049
7055,47.32045255000001
7056,47.40978452
7057,178.56
7058,178.56
7059,63.14214221000001
7060,61.8614192
7061,178.56
7062,178.56
7063,61.90220876
7064,107.6958362000003
7065,61.93386773
7066,61.91153024
7067,62.15376461000001
7068,60.34656760999999
7069,59.80861355
7070,58.51331247999999
7071,59.40111547999999
7072,60.61136935
7073,60.13349964999998
7074,59.90944840999999
7075,61.05417576999999
7076,61.15380579000001
7077,60.78453262000001
7078,59.40584055
7079,178.56
7080,64.21537479000001
7081,63.56760682999999
7082,86.06422799000023
7083,63.18708500999999
7084,178.56
7085,178.56
7086,62.10613765999999
7087,61.17022078999999
7088,62.56565952
7089,61.19818355
7090,60.92282469000001
7091,62.0007913
7092,62.08579320999999
7093,61.01936197000001
7094,61.25492317
7095,59.79556100000001
7096,58.50598376000001
7097,58.66813869000001
7098,58.55324748000001
7099,57.87800186
7100,178.56
7101,178.56
7102,178.56
7103,57.48096199999999
7104,57.86446652000001
7105,178.56
7106,178.56
7107,59.52932747999999
7108,59.57672707
7109,178.56
7110,178.56
7111,60.08128707
7112,76.25367696000083
7113,58.63475086
7114,59.19574030999998
7115,59.33638689999999
7116,59.16343776000001
7117,58.90391492999998
7118,58.25035796999998
7119,56.82780102999998
7120,60.23848369
7121,60.02107972
7122,59.12836152999999
7123,60.00012235000001
7124,59.94000417999998
7125,59.84844347999999
7126,60.05122899999999
7127,178.56
7128,60.55197210999999
7129,60.10460813
7130,70.21263234000065
7131,58.90046785000001
7132,178.56
7133,178.56
7134,58.85401703999999
7135,57.9783148
7136,56.91088157999999
7137,56.09026045
7138,56.38613904
7139,57.19537557999998
7140,59.27701296999999
7141,58.16625493
7142,58.44501425000001
7143,58.45411915
7144,57.54220009999998
7145,58.36070393999999
7146,59.63117083
7147,60.74011768999999
7148,178.56
7149,178.56
7150,178.56
7151,59.81952913999999
7152,59.83343288999998
7153,178.56
7154,78.26358330000002
7155,57.94094565
7156,178.56
7157,58.82997351000001
7158,58.38423997
7159,58.68691906
7160,178.56
7161,60.50456748
7162,61.51192593
7163,61.511688
7164,61.09105603999998
7165,61.13899393
7166,61.43938892
7167,61.48455614
7168,61.08799850999999
7169,60.08876405000001
7170,59.51382283
7171,59.62859672
7172,59.93676997000001
7173,178.56
7174,178.56
7175,60.22701258000001
7176,61.30467230999997
7177,178.56
7178,119.0394097599999
7179,62.67572660999998
7180,178.56
7181,61.09482658999999
7182,60.28927044
7183,59.93896573
7184,178.56
7185,59.95992092999998
7186,60.29437679999999
7187,61.68052338
7188,61.58457403
7189,61.26073078999999
7190,62.66938817999999
7191,63.15152857999999
7192,62.91785289999998
7193,62.53700397
7194,62.98498233999998
7195,62.75669575000001
7196,63.03229779
7197,178.56
7198,178.56
7199,63.90437906999997
7200,61.32156086
7201,178.56
7202,110.5234438999999
7203,60.41149099999999
7204,178.56
7205,61.90460926999999
7206,62.44827420999999
7207,62.34200630000001
7208,178.56
7209,64.12379841
7210,63.85714083
7211,63.40427113999999
7212,63.53983523999997
7213,62.37569120999999
7214,63.09776508000001
7215,63.63447215999999
7216,62.63292714000001
7217,62.58045681999999
7218,61.28574627
7219,61.19282624
7220,60.45767532
7221,178.56
7222,178.56
7223,59.93366826999998
7224,60.13899548999998
7225,178.56
7226,107.7194506600001
7227,61.90298162999999
7228,178.56
7229,61.74776132
7230,61.42045147
7231,59.37961127000001
7232,178.56
7233,59.64668486
7234,60.12348769000001
7235,61.08092423999997
7236,62.78841764999999
7237,61.57288913999999
7238,63.06416647999999
7239,62.70862569999999
7240,61.87090959
7241,61.28151946000001
7242,59.13364778999999
7243,61.99747581999998
7244,62.16879437999999
7245,178.56
7246,178.56
7247,63.31212104000001
7248,62.81004820999999
7249,61.38902055999999
7250,77.35497049000101
7251,61.32781648
7252,178.56
7253,178.56
7254,60.38318524
7255,59.54926837999999
7256,59.25820131
7257,59.5660149
7258,60.24771465999999
7259,58.47219013999998
7260,58.29120674999998
7261,58.55251262
7262,57.44889017000001
7263,56.12455981999999
7264,57.6811599
7265,60.76631210999999
7266,60.10867288999999
7267,58.72040775999999
7268,178.56
7269,178.56
7270,178.56
7271,58.82589503
7272,59.44157988999997
7273,58.94760676
7274,58.81177133999998
7275,59.0869629
7276,178.56
7277,178.56
7278,57.85137448999999
7279,57.9745418
7280,57.51107130999999
7281,59.19343758999999
7282,61.04653869999999
7283,62.49677518
7284,61.02463037999999
7285,60.61046641999999
7286,60.12369048000001
7287,59.07037527999999
7288,57.14500890000001
7289,57.06607654999997
7290,57.51541621
7291,58.05022530999999
7292,178.56
7293,173.2076398700005
7294,178.56
7295,57.08746644999999
7296,58.59257767999999
7297,178.56
7298,149.6936812600002
7299,59.33900994000001
7300,178.56
7301,57.50988621
7302,57.36452812999999
7303,56.45938739
7304,55.55616913000001
7305,54.76616803
7306,55.14492473
7307,54.91160786999998
7308,53.99170643999999
7309,54.16749142
7310,54.00049724999998
7311,52.53143258999999
7312,53.24932200000001
7313,55.95707221999999
7314,55.583486
7315,55.28479628
7316,56.06582569000001
7317,178.56
7318,178.56
7319,54.7170218
7320,54.85810442
7321,178.56
7322,94.51331815999998
7323,53.78474262
7324,178.56
7325,53.64140579000001
7326,53.38011272999999
7327,51.99207769
7328,51.59749728000001
7329,51.61535435
7330,51.87694168999999
7331,52.80591343999998
7332,52.86594145000001
7333,53.29921359
7334,53.34173642
7335,53.58751355999998
7336,53.38484185999999
7337,52.22480382
7338,51.49945752
7339,50.92757131
7340,52.11675230999998
7341,178.56
7342,178.56
7343,52.46187149
7344,54.33375962
7345,178.56
7346,120.2203124100001
7347,53.59719644999999
7348,178.56
7349,53.79961474999998
7350,53.73482590000002
7351,53.13077909999999
7352,52.01185934
7353,51.72135723999999
7354,51.32323454999999
7355,50.38475197
7356,50.0382701
7357,51.60718955
7358,55.888434
7359,57.64718371999999
7360,57.41979606999999
7361,56.55138334999998
7362,56.77185339000001
7363,55.50686427999998
7364,55.07696599999999
7365,178.56
7366,178.56
7367,57.70464678999998
7368,58.81385033999999
7369,178.56
7370,116.0513528100001
7371,53.89464745
7372,178.56
7373,52.23138207
7374,52.21292139000001
7375,51.91810623999999
7376,51.62123890000002
7377,50.59805610999999
7378,49.95260892999998
7379,51.46996358000001
7380,52.67267158999999
7381,54.36951316999999
7382,54.14756668999999
7383,55.52234296
7384,54.93836824000001
7385,56.24682202999998
7386,55.21529769
7387,55.68042221000001
7388,56.07714496999998
7389,178.56
7390,178.56
7391,56.73634659
7392,56.40837048000001
7393,178.56
7394,131.0736649200004
7395,58.51513528
7396,178.56
7397,56.18599938000001
7398,56.19194685999999
7399,54.18208544
7400,52.89009557999999
7401,52.64856583
7402,53.03527830999999
7403,54.16994296000001
7404,53.95161533999999
7405,52.74263218000001
7406,54.34810066
7407,54.58430390000004
7408,55.24626534000001
7409,55.97293345000001
7410,53.86533389999999
7411,53.64957297000001
7412,53.51330103000001
7413,178.56
7414,178.56
7415,55.29870535000001
7416,56.35554862000001
7417,178.56
7418,125.9088775300002
7419,54.52558538
7420,178.56
7421,53.29670185000001
7422,52.69976592999998
7423,52.50761796000001
7424,50.72280276
7425,51.80474795999999
7426,51.14623724
7427,52.35382137999999
7428,54.13649331999999
7429,54.38886593000001
7430,54.66744437000001
7431,55.80380456
7432,55.67335927999999
7433,55.87203748000001
7434,53.40497623999999
7435,55.14855709999998
7436,55.870374
7437,178.56
7438,178.56
7439,57.90592492999999
7440,55.5515667
7441,178.56
7442,79.16117379000023
7443,60.43800427
7444,178.56
7445,60.38303838
7446,61.18367751999998
7447,58.39488381999999
7448,178.56
7449,56.70625967999998
7450,56.22839130999999
7451,55.67634631999999
7452,57.28823043999999
7453,58.72232288999999
7454,58.30951903
7455,59.5122528
7456,60.68151565
7457,59.34034875999999
7458,60.7640978
7459,61.04621845
7460,61.50356618000001
7461,178.56
7462,178.56
7463,60.65041059
7464,63.45048261999999
7465,178.56
7466,99.97540730999972
7467,61.78216786
7468,178.56
7469,62.15573293999999
7470,60.60473916
7471,58.29650456
7472,178.56
7473,58.79722065000001
7474,60.87926796000001
7475,62.74176334999999
7476,60.51522392999999
7477,60.75540603999998
7478,60.53689844999999
7479,59.72815975
7480,58.54943724
7481,58.50931324
7482,59.16996554000001
7483,61.88192520999999
7484,61.53842057999998
7485,178.56
7486,178.56
7487,62.13668964999999
7488,62.15808927999998
7489,62.49722961999998
7490,109.0076103200007
7491,64.62195299
7492,178.56
7493,178.56
7494,61.79811154999999
7495,60.82328455
7496,60.57112830999999
7497,60.39717852
7498,60.33020679000001
7499,60.75398104999999
7500,61.15101314
7501,61.80635355999998
7502,60.95955180000001
7503,61.35532486999999
7504,59.64440355999999
7505,58.56190424
7506,58.25364089999999
7507,57.87307442
7508,178.56
7509,178.56
7510,178.56
7511,61.43447561999999
7512,61.56367469000001
7513,60.85984989
7514,103.5572605999998
7515,62.85634354999999
7516,178.56
7517,178.56
7518,60.24486699000001
7519,59.35032593000001
7520,58.26962455999999
7521,58.21143034000001
7522,57.93039993999998
7523,58.24393645
7524,59.04737328
7525,59.40998566999998
7526,61.06126831
7527,61.77612916999998
7528,63.03517562999998
7529,63.22587172999999
7530,61.95400365000001
7531,61.12519469
7532,178.56
7533,178.56
7534,178.56
7535,62.30819391999999
7536,62.90180609999999
7537,60.73138883000001
7538,61.47681855
7539,61.60280972999999
7540,178.56
7541,178.56
7542,58.55050831
7543,58.65686435
7544,58.99627348999999
7545,59.23388827999997
7546,58.29614937999999
7547,58.53461137999999
7548,55.49626123999997
7549,54.73354383000001
7550,54.88332709789999
7551,53.8707443624
7552,56.23969455999998
7553,55.87078
7554,55.89317999999999
7555,55.91557999999999
7556,178.56
7557,162.0955430387
7558,178.56
7559,56.00517999999999
7560,56.02757999999999
7561,55.51237999999999
7562,55.53477999999999
7563,55.55717999999999
7564,178.56
7565,178.56
7566,55.62438
7567,55.64677999999999
7568,55.66918
7569,55.75808238
7570,55.61660034
7571,54.02261626999999
7572,53.89135037999999
7573,55.08122402999999
7574,54.88283941
7575,53.84556575999999
7576,53.06542023999999
7577,52.82625215000001
7578,54.85367958
7579,54.6841967
7580,178.56
7581,142.7754633200007
7582,178.56
7583,60.45729451999998
7584,61.34381371999999
7585,60.56370865999998
7586,61.55256114
7587,61.80300965999999
7588,178.56
7589,178.56
7590,56.22631469000001
7591,53.51295606999998
7592,52.95534041
7593,53.92191475999999
7594,53.45816202999998
7595,55.62036655000001
7596,54.80739347999999
7597,54.33830318
7598,55.13213950999999
7599,57.23551617
7600,56.37932097
7601,57.00216619999999
7602,56.39932731999998
7603,56.41507899999998
7604,178.56
7605,167.7960503099999
7606,178.56
7607,62.68246585999999
7608,60.75063183
7609,178.56
7610,178.56
7611,65.36785310999997
7612,62.81627050999999
7613,178.56
7614,178.56
7615,60.85826782
7616,120.0281168600004
7617,60.05026768999997
7618,59.49047124999998
7619,60.77936668999999
7620,61.59666386999999
7621,62.86109921000001
7622,61.65765920999998
7623,60.66263216999999
7624,59.63069749
7625,57.38280372999999
7626,59.66253460999998
7627,65.91508273000001
7628,65.9950529
7629,64.75401086
7630,65.79684069
7631,178.56
7632,65.6646949
7633,67.61834597000002
7634,178.56
7635,178.56
7636,178.56
7637,178.56
7638,178.56
7639,153.5965329100003
7640,63.54771766
7641,63.68964672
7642,64.03914327999999
7643,64.96375291
7644,65.28509127000001
7645,66.89171524
7646,61.66564200999999
7647,59.17304120000001
7648,60.47679897000002
7649,60.18467931
7650,60.87246199999999
7651,61.95037863
7652,61.77055045
7653,61.49860485999998
7654,61.07296789999999
7655,60.39387158
7656,62.91084023000001
7657,178.56
7658,110.0315180600002
7659,62.20610452
7660,178.56
7661,60.54009275999999
7662,60.73107144999999
7663,59.69035751000001
7664,178.56
7665,58.20555292999999
7666,58.64400948000002
7667,58.21657583
7668,58.52187361999999
7669,59.02239195999997
7670,61.07574431
7671,62.06754813
7672,62.1621749
7673,62.92636664999999
7674,63.39924234
7675,63.70292467
7676,64.03447897
7677,178.56
7678,178.56
7679,63.38111255
7680,62.13362805999999
7681,62.36630386000001
7682,178.56
7683,178.56
7684,178.56
7685,178.56
7686,178.56
7687,139.2942197400006
7688,63.39525661000001
7689,62.42872033999999
7690,63.06311662
7691,62.85012776
7692,64.23401613999998
7693,64.51890886
7694,63.28346213
7695,62.81886366000001
7696,63.60867107000002
7697,63.71274168
7698,62.82092131
7699,63.78539096999999
7700,65.32024982000003
7701,65.96280802999999
7702,63.01059639
7703,63.86320955000001
7704,65.20369576
7705,64.65856838
7706,178.56
7707,178.56
7708,178.56
7709,178.56
7710,178.56
7711,162.0198303300006
7712,65.76865476999997
7713,64.64714269999999
7714,64.35966894
7715,63.74366207999999
7716,63.77532756
7717,63.62658168999999
7718,63.50452857
7719,62.47408362999997
7720,62.26019575999998
7721,61.82878352000002
7722,64.15399718
7723,64.38789014000001
7724,65.06769086999998
7725,64.28808407000002
7726,64.88836886
7727,65.64894231
7728,66.40569194
7729,178.56
7730,172.1981207300003
7731,67.32180525
7732,178.56
7733,66.03527440999999
7734,64.93111289000002
7735,64.21066876
7736,178.56
7737,61.00681278999999
7738,61.11858431
7739,62.95238334
7740,64.58344185999997
7741,64.42070781999999
7742,65.19342171999999
7743,64.71003483000003
7744,65.07421206999999
7745,64.34999522000001
7746,64.43961524
7747,65.23060362
7748,64.67534947999997
7749,178.56
7750,178.56
7751,67.82927431
7752,68.18056594999999
7753,178.56
7754,160.9495348300007
7755,68.59189490999998
7756,178.56
7757,65.0085058
7758,64.90539503000002
7759,64.31246213
7760,178.56
7761,64.53641593
7762,64.894074
7763,64.15512376
7764,66.76883030999997
7765,67.65036977999999
7766,68.02322302999997
7767,66.54810148
7768,64.72386186
7769,66.87099971999999
7770,64.81799359
7771,65.71121221
7772,63.04038250999998
7773,178.56
7774,178.56
7775,60.12778555
7776,55.76205817
7777,53.72438861999998
7778,53.14323657999999
7779,53.02121048
7780,178.56
7781,178.56
7782,51.05467752000001
7783,50.72185082999999
7784,49.84681603999999
7785,49.27590528
7786,49.37166031
7787,50.70264941000001
7788,54.08384057999999
7789,58.18246727999998
7790,57.69255904999999
7791,56.03186952999999
7792,56.29548378999998
7793,54.02484962
7794,53.37799095999998
7795,53.69016848999999
7796,178.56
7797,96.48723653000019
7798,178.56
7799,52.49445866
7800,52.71256634
7801,178.56
7802,136.9664158199998
7803,55.21140337999999
7804,178.56
7805,54.69738897000001
7806,54.56097472000001
7807,54.46900479999999
7808,54.30788797
7809,54.05575776999999
7810,54.05387658999999
7811,53.15289322
7812,53.69381051999999
7813,56.38554284999999
7814,57.36241027999999
7815,57.62623062000001
7816,59.34342651999999
7817,59.34621665
7818,58.84329744999999
7819,58.68182158999999
7820,59.16347451000001
7821,178.56
7822,178.56
7823,55.51614313000001
7824,53.82798903999998
7825,178.56
7826,177.3373991700001
7827,52.03659076
7828,178.56
7829,49.85280559
7830,49.51942604000001
7831,49.31775568999998
7832,49.24341821000002
7833,48.94991275999999
7834,48.90781266
7835,48.65157513999999
7836,48.23438186
7837,48.17867838
7838,46.98463217
7839,47.40299255999999
7840,47.52628761999999
7841,48.20862885999999
7842,48.76823259000001
7843,49.20199164999999
7844,49.65741466
7845,178.56
7846,49.78619582999999
7847,50.47277165
7848,50.89413524999999
7849,178.56
7850,76.80139869000064
7851,49.39905781999998
7852,178.56
7853,47.74934478999999
7854,47.09662054999999
7855,47.034218
7856,46.98552123999998
7857,47.46930524
7858,48.28447175999999
7859,48.96024189
7860,49.56915054
7861,48.45641724
7862,49.16601710999999
7863,57.54196727999999
7864,63.84818335
7865,64.11482692999999
7866,65.31645714999999
7867,53.25927620999999
7868,52.45225782999999
7869,178.56
7870,178.56
7871,52.89254823999999
7872,53.77152143999999
7873,178.56
7874,112.1107158500003
7875,51.76614120999999
7876,178.56
7877,51.49773096999999
7878,51.72406385999999
7879,51.22514886999999
7880,50.84827734
7881,49.4988711
7882,47.77244730999998
7883,50.13356817000001
7884,52.80435769
7885,52.73936248
7886,53.80072382999998
7887,54.66824937000001
7888,54.50939214000001
7889,55.38338596000001
7890,55.34988473
7891,59.66452114000001
7892,60.40995197999999
7893,178.56
7894,178.56
7895,57.99377317999997
7896,56.97192452
7897,55.57583254999999
7898,54.66111728
7899,56.24217626999999
7900,56.73258276000001
7901,55.55711945
7902,55.31234113999998
7903,54.92004454999999
7904,178.56
7905,53.79010692999999
7906,53.12643679000001
7907,52.77582324
7908,53.81667718
7909,55.31811844999999
7910,55.88021103000001
7911,55.84434813999999
7912,56.43608599999998
7913,55.16491134
7914,53.49177154999998
7915,55.18119628000001
7916,55.69431706999998
7917,178.56
7918,178.56
7919,178.56
7920,120.5526655999999
7921,178.56
7922,84.84567909000022
7923,50.94326740999999
7924,178.56
7925,51.13097969000001
7926,51.09923455
7927,50.91938110000001
7928,50.87486844999999
7929,50.53885921000001
7930,50.61259216999999
7931,51.10903006999998
7932,51.66062510000001
7933,52.52709966
7934,52.91414547999999
7935,52.82132821
7936,52.52063592999998
7937,53.84025499999999
7938,54.69037931000002
7939,54.59289073000001
7940,54.23655286000002
7941,178.56
7942,178.56
7943,54.66211162999999
7944,55.11938214999999
7945,54.592825
7946,53.80693100999999
7947,178.56
7948,178.56
7949,178.56
7950,178.56
7951,81.18607652000058
7952,51.03523355000001
7953,50.62746038000002
7954,50.31568016999999
7955,51.61720486999999
7956,51.47341346
7957,49.82588785999999
7958,50.94430614
7959,51.99511799999998
7960,50.82471099999999
7961,52.05775623999999
7962,52.16873214
7963,53.74155282999999
7964,53.51683372
7965,52.85906759
7966,53.47446958000001
7967,54.16687311
7968,54.31704172999999
7969,55.60696673
7970,52.29565102999999
7971,178.56
7972,178.56
7973,178.56
7974,178.56
7975,112.2218583900004
7976,52.80815841
7977,53.13075593000001
7978,53.33664748999999
7979,53.19262388999999
7980,54.72607168
7981,55.80768493999999
7982,55.60894037999999
7983,56.52921120000001
7984,57.67842899000001
7985,57.72700955
7986,58.17647702999999
7987,57.41573669999998
7988,57.55661372999999
7989,53.17297076000002
7990,52.58963731
7991,52.08499764999998
7992,54.48980341
7993,55.28292496999999
7994,55.43088607
7995,178.56
7996,178.56
7997,178.56
7998,178.56
7999,138.5724971500002
8000,55.99908986000001
8001,56.18973479000001
8002,56.02985107999999
8003,56.14393245999999
8004,56.54645513999998
8005,56.83671182
8006,56.64389730999998
8007,56.09118402999999
8008,54.66233996999998
8009,55.01463359
8010,57.73287995999998
8011,58.46439850999999
8012,58.46215955999999
8013,58.02435583
8014,53.51869411000001
8015,53.69298906999999
8016,55.30826252
8017,54.71818058
8018,54.20337748
8019,178.56
8020,178.56
8021,178.56
8022,178.56
8023,85.30862168000004
8024,51.80459214
8025,51.83243303
8026,51.77724342000001
8027,52.14570689999999
8028,49.14031297
8029,45.53298385999999
8030,47.02888211
8031,49.59505418
8032,49.69550578999998
8033,52.54783561999999
8034,54.52716514
8035,53.64078475
8036,52.61185307
8037,50.78409679
8038,50.94394164999999
8039,51.63998944999998
8040,52.79136288999998
8041,52.11560668999999
8042,52.77428401
8043,178.56
8044,178.56
8045,178.56
8046,178.56
8047,70.32411362000008
8048,51.69840879
8049,51.52864296999999
8050,51.23228795999999
8051,51.97666592999998
8052,53.27842128
8053,53.54437234999999
8054,50.62601333999999
8055,52.66008979
8056,51.81467417
8057,52.13668124
8058,50.37925228
8059,51.22978685999998
8060,50.78446309999999
8061,49.52994682999999
8062,48.11349935
8063,48.99722106999999
8064,50.76754696999998
8065,50.91761527999999
8066,51.63342589999998
8067,178.56
8068,178.56
8069,178.56
8070,178.56
8071,85.4070532400005
8072,49.61910064999999
8073,48.86754879999999
8074,48.78371407
8075,49.64800616999999
8076,49.07155140999998
8077,51.94205288999999
8078,50.9075259
8079,51.94157723999999
8080,54.76487758
8081,54.87577662
8082,55.11482928
8083,55.20339734
8084,56.18804099999998
8085,57.37758109999999
8086,57.14377732
8087,56.22893297
8088,56.13206003999999
8089,178.56
8090,155.8185090699999
8091,54.61188131
8092,178.56
8093,55.81984303
8094,55.78963782
8095,57.44787789999999
8096,56.78500352
8097,57.01060603000001
8098,59.26890641
8099,59.62066172999999
8100,59.18858183
8101,57.87061622999999
8102,56.64407727999998
8103,57.59363364999999
8104,57.52799689
8105,57.23118177
8106,56.73680866
8107,57.82065310000002
8108,58.17515416999998
8109,178.56
8110,178.56
8111,55.60666993
8112,54.30587617
8113,53.50383906
8114,54.86532120999998
8115,178.56
8116,178.56
8117,178.56
8118,178.56
8119,156.6422605800005
8120,56.84031506999998
8121,56.95639830999999
8122,56.80318721000001
8123,61.24759431000001
8124,65.17304696
8125,65.44559434
8126,63.46768861999999
8127,58.86675283999998
8128,57.32487089
8129,56.72593297000001
8130,58.37744709999998
8131,59.25577931
8132,57.04517903000001
8133,56.04689251000001
8134,53.55013530999999
8135,52.91759886000001
8136,50.83220121
8137,49.60479027000001
8138,49.82798099999999
8139,178.56
8140,178.56
8141,178.56
8142,178.56
8143,62.72501461000062
8144,49.71429876000001
8145,49.64814924999997
8146,49.81831218000001
8147,51.02720441000002
8148,52.38409112999999
8149,54.34399068
8150,52.25810526999999
8151,49.69091911
8152,51.23504442
8153,49.57306865
8154,53.11334181999999
8155,56.12539554999999
8156,53.90930278999998
8157,51.76605252
8158,50.39205703
8159,50.00204531
8160,50.24250924
8161,49.39499186999998
8162,50.68096096
8163,178.56
8164,178.56
8165,178.56
8166,178.56
8167,52.6885679200001
8168,49.91121331
8169,49.16343361999999
8170,49.17513068999999
8171,49.28536192999999
8172,48.63711846
8173,48.73764700000002
8174,49.59760155
8175,51.13928917999999
8176,49.90530502999999
8177,48.08596849000001
8178,47.75940371999999
8179,48.66465995999998
8180,48.23614845000001
8181,49.05187896000001
8182,50.07953951
8183,50.51738076000001
8184,50.17800892999999
8185,47.94698089999999
8186,45.11750607
8187,45.15738507
8188,178.56
8189,178.56
8190,178.56
8191,145.6177360700005
8192,46.81147583
8193,45.57369368999999
8194,45.80196628000002
8195,46.52090793
8196,46.39636596
8197,44.95592044999999
8198,45.23224034
8199,46.15012493
8200,45.53029376
8201,45.60053560999999
8202,46.86702495999999
8203,47.15607623999999
8204,47.82794541000001
8205,49.98457988999999
8206,49.90095173
8207,51.000145
8208,52.27084338
8209,51.62912068999999
8210,50.85803548
8211,178.56
8212,178.56
8213,178.56
8214,178.56
8215,55.79314566999984
8216,48.52975617
8217,48.79157472
8218,48.43182371999999
8219,47.44744907
8220,47.53886676
8221,48.67769010999999
8222,47.16871432
8223,49.68039552000001
8224,53.97044226000001
8225,54.54975876
8226,51.89848783
8227,49.98610841000001
8228,53.81528572000001
8229,53.37822686
8230,52.07206872
8231,50.29002516999999
8232,52.18881303999999
8233,50.86946403
8234,54.86054657999999
8235,178.56
8236,178.56
8237,178.56
8238,178.56
8239,85.87464232000039
8240,51.49548872999998
8241,50.44173637999999
8242,49.83802425
8243,49.36977975999999
8244,48.79553216999999
8245,49.38796338
8246,51.78506893000001
8247,52.27303654999999
8248,51.71762918
8249,54.33988244999999
8250,53.30594535000001
8251,55.55495427999999
8252,55.35130741
8253,53.67046762
8254,54.10271306999999
8255,54.11176652
8256,55.04435803999998
8257,55.46782667999999
8258,56.48167909999999
8259,178.56
8260,178.56
8261,178.56
8262,178.56
8263,116.0383659500003
8264,50.49654182999999
8265,49.26271301000001
8266,49.00272755
8267,51.37342237999999
8268,53.23275936999998
8269,52.56151803000002
8270,51.65280841
8271,51.53088458
8272,54.00432295999999
8273,54.34871161999999
8274,53.19552763
8275,53.50097864999999
8276,53.50138213
8277,51.36467721
8278,53.0278189
8279,54.00157952000001
8280,54.81222859
8281,55.64610793000001
8282,56.85546363
8283,178.56
8284,178.56
8285,178.56
8286,178.56
8287,137.8015070800008
8288,53.02442564999998
8289,52.04531297
8290,50.89492604
8291,50.8872952
8292,51.98135648999997
8293,53.05511379
8294,54.51181917999999
8295,55.86662711
8296,55.35323493000001
8297,55.97928966000001
8298,56.99388617999999
8299,56.44101799
8300,56.40441127999998
8301,55.89905250999998
8302,55.76832576
8303,55.11084138
8304,55.65106623999999
8305,178.56
8306,169.1643050400005
8307,57.75340396000001
8308,178.56
8309,55.23587488999998
8310,55.19332455000001
8311,54.57808720000001
8312,52.42454434000001
8313,51.85756072
8314,51.53972362
8315,52.67297693
8316,53.22387931
8317,55.93560735
8318,59.22470651999999
8319,58.94015869
8320,66.16639658999998
8321,62.44983045
8322,61.02989136999999
8323,59.39358298999998
8324,60.64305541
8325,178.56
8326,178.56
8327,59.82565406999998
8328,58.99869289999999
8329,178.56
8330,110.6889734700006
8331,55.60492455
8332,178.56
8333,53.20618107000001
8334,51.76420633999999
8335,52.03326289
8336,51.84024286000002
8337,51.6784079
8338,51.51272273
8339,52.10420396999999
8340,53.36553368999999
8341,53.44185987
8342,53.82574925
8343,53.39266828
8344,53.85486666
8345,54.54326541999999
8346,53.59564469
8347,53.08294628000001
8348,53.29517654999999
8349,178.56
8350,178.56
8351,52.89118737
8352,52.06846176000001
8353,178.56
8354,91.25517559999987
8355,51.18882012999999
8356,178.56
8357,50.67513941000001
8358,49.85989456000001
8359,49.85329055
8360,49.36389765999999
8361,48.39117485999999
8362,47.99215421
8363,47.97012506999999
8364,47.32437045
8365,49.69275437
8366,51.55548026999999
8367,53.09947684999999
8368,53.73033133999999
8369,55.78458214000001
8370,57.66378568999998
8371,57.84927162
8372,57.32245644999997
8373,178.56
8374,178.56
8375,55.58706048
8376,55.74667538999999
8377,178.56
8378,126.5969214099998
8379,54.17036303
8380,178.56
8381,52.99828121
8382,52.86933652
8383,52.47090533999999
8384,51.68863084
8385,54.37869541999999
8386,55.73807078
8387,57.13997779000001
8388,61.10267373
8389,60.97756721
8390,53.98239272999999
8391,54.53488634999998
8392,55.48303116999999
8393,56.74110211000001
8394,56.54505304000001
8395,56.22102947999999
8396,56.75973995999998
8397,178.56
8398,178.56
8399,54.28604369999999
8400,54.75422218
8401,178.56
8402,128.1826510300004
8403,55.28332151999999
8404,178.56
8405,55.93929635000001
8406,55.51408127999999
8407,55.61473826999999
8408,54.97142188999999
8409,54.67399007000001
8410,53.50938348
8411,51.80670166000001
8412,51.87807289
8413,52.70206829999999
8414,52.09951151999999
8415,54.05068409999999
8416,55.38752603999999
8417,54.8153571
8418,56.93911279
8419,57.5274371
8420,56.94120320000001
8421,178.56
8422,178.56
8423,56.98846083
8424,56.61682628
8425,56.38902955
8426,56.94339706999999
8427,57.89072106999999
8428,178.56
8429,178.56
8430,56.75842633999999
8431,56.71298968999999
8432,54.10566020999999
8433,52.50418124000002
8434,59.89933117
8435,60.97919855999999
8436,58.27140857999998
8437,57.84186954
8438,56.97928334
8439,56.34153679
8440,54.51434568999999
8441,54.04553686000001
8442,55.39965213999999
8443,54.69630098100001
8444,178.56
8445,154.9706804040003
8446,178.56
8447,57.93096665999999
8448,57.579146695
8449,57.04817467999998
8450,56.27796276549999
8451,55.88389569
8452,55.47532620000001
8453,52.63989749549999
8454,51.96443196000001
8455,51.1545909
8456,46.84540686699999
8457,28.06830825399999
8458,26.50360999999999
8459,26.52600999999999
8460,26.54840999999999
8461,26.57080999999999
8462,25.1957627012
8463,39.97552068300001
8464,46.15009211400001
8465,45.29926067799999
8466,45.12695369
8467,45.11906699999999
8468,45.141621
8469,178.56
8470,178.56
8471,178.56
8472,88.67731434780029
8473,178.56
8474,82.23874403000046
8475,45.1795351
8476,178.56
8477,45.231676
8478,45.24212693
8479,45.314962
8480,45.38156000000001
8481,45.15691831000001
8482,50.95637134
8483,52.68090785999999
8484,54.42374503999999
8485,53.95760531
8486,53.18523706999999
8487,54.76783753
8488,54.86895596
8489,56.00988365
8490,56.02520027999999
8491,60.62363286
8492,62.29806771999998
8493,178.56
8494,178.56
8495,58.65009493000001
8496,58.45822948000001
8497,58.08177172000001
8498,58.21133024
8499,178.56
8500,178.56
8501,178.56
8502,178.56
8503,152.0289689700001
8504,55.53034024999999
8505,54.95342306999999
8506,55.54441696999998
8507,54.87681941
8508,54.56912083
8509,55.00072445000001
8510,54.60719613999999
8511,54.68159711
8512,55.39152955000001
8513,54.85370289000001
8514,55.49631276000001
8515,56.38362736999999
8516,57.18023709999999
8517,56.89789742
8518,57.43037006
8519,56.57758854999999
8520,57.38441324
8521,178.56
8522,136.7764231999998
8523,56.05611914000001
8524,178.56
8525,55.25961727999999
8526,54.42868829999998
8527,54.35530029999999
8528,53.73819024
8529,52.35128465
8530,53.27124823999998
8531,54.88919197999999
8532,55.31671404
8533,54.93886797
8534,55.10138214000001
8535,55.69432638
8536,56.37402414
8537,55.19540355
8538,55.67200064999999
8539,56.42128107
8540,55.60707579
8541,178.56
8542,178.56
8543,56.24056011000001
8544,56.11583803000001
8545,178.56
8546,95.85759844999988
8547,53.93294641000001
8548,178.56
8549,54.85878006000002
8550,53.78607234
8551,54.81583821
8552,54.21772097000001
8553,54.80992048
8554,53.37486427000001
8555,52.54348855
8556,50.35978716999998
8557,49.60956867999999
8558,49.84120385999999
8559,50.82076629000001
8560,50.88310255
8561,51.17433517
8562,51.58335252
8563,51.67520624000002
8564,51.48885903000001
8565,178.56
8566,178.56
8567,52.37975448999999
8568,53.52324865999999
8569,52.98824810999999
8570,53.29364831
8571,178.56
8572,178.56
8573,178.56
8574,178.56
8575,73.04291143999987
8576,53.28679062
8577,52.7656738
8578,52.19412079000001
8579,50.49598176
8580,49.15296631000001
8581,49.576408
8582,49.68989921
8583,48.42983789
8584,48.31874600000001
8585,47.83464021
8586,48.26675749
8587,48.23194620999999
8588,48.00224807000001
8589,47.97957717000001
8590,48.04170909999999
8591,48.39895683
8592,49.74149557999999
8593,48.88168334
8594,48.11062431
8595,178.56
8596,178.56
8597,47.68633366
8598,47.49902310999999
8599,47.69739288999999
8600,178.56
8601,152.76022652
8602,47.63133234999999
8603,47.135753
8604,47.18731066
8605,47.95140034999999
8606,48.22843949000001
8607,48.26125955000001
8608,48.56322107
8609,48.68497732
8610,48.91856172
8611,48.71101473
8612,48.56953269000001
8613,48.92737030999999
8614,49.29213772
8615,49.210896
8616,50.65843740999998
8617,50.06786834
8618,49.02733485999997
8619,48.41148186000001
8620,178.56
8621,178.56
8622,178.56
8623,165.6629956300003
8624,47.65295696
8625,48.32285024
8626,47.57563524000001
8627,47.64413283
8628,48.58627263
8629,49.70227724
8630,49.22181606999999
8631,49.61910338
8632,50.16271637999999
8633,52.67986464999998
8634,51.65691223
8635,51.86950321
8636,50.89447062
8637,51.16884065999999
8638,51.1538188
8639,50.44102210000001
8640,50.79973226999999
8641,50.47773961999999
8642,50.47542289999999
8643,49.88449213999998
8644,178.56
8645,178.56
8646,178.56
8647,172.8814219900004
8648,48.40563224
8649,47.93215217
8650,47.40564556
8651,50.80957686000001
8652,51.28527606999999
8653,51.81310372000001
8654,51.93793941
8655,50.84047703
8656,50.93941496000001
8657,50.75951061999999
8658,50.21259873
8659,49.88095238
8660,50.23917486
8661,49.63351085
8662,49.32861002999999
8663,49.58370416999999
8664,50.21199169
8665,49.63761852
8666,49.89461183
8667,49.74976720000002
8668,178.56
8669,178.56
8670,178.56
8671,161.8971592400002
8672,49.21859858999998
8673,48.81847389999998
8674,48.55499859
8675,48.46056334
8676,48.37552286
8677,48.402697
8678,47.98599203999998
8679,48.31924139
8680,48.01169575999999
8681,48.02988624
8682,48.18603537999999
8683,48.08651869000001
8684,48.24500289
8685,48.26332245
8686,48.27622547999999
8687,47.92753678999999
8688,48.54424862
8689,178.56
8690,151.7228400900001
8691,47.05207254999999
8692,178.56
8693,47.05621605999999
8694,47.30308310000001
8695,47.32686916999999
8696,47.35902318
8697,47.23381348
8698,47.09831300999998
8699,47.08400878999999
8700,47.23458845
8701,48.19056234999999
8702,48.19825556000001
8703,48.03405858999999
8704,49.02024127
8705,48.84847344999999
8706,48.99676817
8707,49.33335414
8708,49.62561358999999
8709,178.56
8710,49.76078499
8711,51.30049630999999
8712,51.3322649
8713,178.56
8714,170.4967677200004
8715,51.64822844999998
8716,178.56
8717,49.75357799999999
8718,49.353157
8719,49.36280076000001
8720,48.82979927
8721,48.94726963
8722,49.23845066000001
8723,49.84563926999999
8724,49.42629006
8725,48.42228061999999
8726,48.54796331
8727,48.59135932000001
8728,48.27038972
8729,50.05383138
8730,49.36703555
8731,49.01318835000001
8732,47.47169266
8733,178.56
8734,47.68050210000001
8735,47.75716147999999
8736,48.27875269
8737,46.69467817
8738,46.60527501000001
8739,47.23761692999999
8740,178.56
8741,178.56
8742,178.56
8743,153.5143116800004
8744,46.72313128
8745,46.72420221000001
8746,46.6110043
8747,46.46133568999999
8748,46.24649855
8749,46.52995417
8750,47.15102965999998
8751,51.74735734
8752,52.49214572000001
8753,52.97256734
8754,53.15800252
8755,51.85441044
8756,51.75502234
8757,52.10231165999999
8758,48.34798948000001
8759,47.66288792999999
8760,47.06738847999999
