Hour,Load_Profile
1,178.56
2,44.5667885
3,178.56
4,178.56
5,178.56
6,44.05704664999999
7,44.2158634
8,44.18903645
9,44.23847695
10,44.2225216
11,178.56
12,43.10469115
13,42.72043825000001
14,41.7952232
15,42.4293682
16,43.29383525000001
17,42.95249974999999
18,42.79246315
19,152.6860878000002
20,43.68128985000001
21,43.41752330000001
22,178.56
23,44.45527155000001
24,178.56
25,178.56
26,44.8554098
27,178.56
28,178.56
29,178.56
30,44.36152689999999
31,43.69301485
32,44.6897568
33,43.71298825
34,43.51630335000001
35,178.56
36,44.34699515
37,43.58525855000001
38,43.75351655000001
39,42.71111500000001
40,41.78998840000001
41,41.90581335000001
42,41.82374820000001
43,131.2523494500004
44,40.94812045
45,40.76544195
46,178.56
47,41.05783
48,178.56
49,178.56
50,42.20644504999999
51,178.56
52,178.56
53,178.56
54,43.00256885000001
55,42.91520505
56,42.6027084
57,41.88196490000001
58,42.28267164999999
59,178.56
60,42.25959840000001
61,42.07422494999999
62,41.60739854999999
63,40.59128644999999
64,43.02748835
65,42.8721998
66,42.23454395
67,109.9539327500008
68,42.81428869999999
69,42.7488882
70,178.56
71,43.33769040000001
72,178.56
73,178.56
74,42.39573699999999
75,178.56
76,178.56
77,178.56
78,42.0385836
79,41.413082
80,40.6506297
81,40.06447175
82,40.2758136
83,178.56
84,42.34072354999999
85,41.54732495
86,41.74643875000001
87,41.75294225
88,41.10157149999999
89,41.6862171
90,42.59369345
91,97.65083335000037
92,43.18216469999999
93,42.61379035
94,178.56
95,42.7282351
96,178.56
97,178.56
98,178.56
99,178.56
100,178.56
101,178.56
102,178.56
103,178.56
104,42.53245505000001
105,43.2175482
106,43.93708995000001
107,43.93692
108,43.63646859999999
109,43.67070995
110,43.8852778
111,43.9175401
112,43.63428465
113,42.92054575000001
114,42.50987345
115,42.59185480000001
116,42.81197855000001
117,43.12771055000001
118,42.86951709999999
119,43.01929470000001
120,113.2364057000004
121,178.56
122,178.56
123,178.56
124,178.56
125,178.56
126,178.56
127,178.56
128,42.95762330000001
129,42.82851494999999
130,43.067412
131,44.0575167
132,43.98898145
133,43.75766485
134,44.7638487
135,45.1082347
136,44.94132349999999
137,44.66928855
138,44.98927309999999
139,44.82621125000001
140,45.02306985000001
141,45.69060025000001
142,45.62470515
143,45.64598504999998
144,164.0337611500001
145,178.56
146,178.56
147,178.56
148,178.56
149,178.56
150,178.56
151,178.56
152,45.4535235
153,45.80271315
154,45.61224345
155,45.2887651
156,45.38559659999998
157,44.55406514999999
158,45.06983220000001
159,45.4531944
160,44.73780510000001
161,44.7003263
162,43.77553305000001
163,43.7091616
164,43.1840538
165,42.39270795
166,43.06617849999999
167,42.80976304999999
168,161.7696314000003
169,178.56
170,178.56
171,178.56
172,178.56
173,178.56
174,178.56
175,178.56
176,42.30283035
177,42.6047749
178,42.94534835000001
179,43.62923159999998
180,44.84886975
181,43.98063509999999
182,45.0458332
183,44.7918755
184,44.19350685
185,43.77251390000001
186,42.23831985
187,44.28391129999999
188,44.4062817
189,44.62396685
190,45.36316099999998
191,45.22294360000001
192,154.3559646
193,178.56
194,178.56
195,178.56
196,178.56
197,178.56
198,178.56
199,178.56
200,42.32728665
201,42.5471535
202,43.0340819
203,41.76585009999999
204,41.63657624999999
205,41.8232233
206,41.03492155000001
207,40.0889713
208,41.20082850000001
209,43.40450865
210,42.93476635
211,41.9431484
212,41.80371865000001
213,41.1141783
214,41.5189735
215,42.01849645
216,116.1928957500011
217,178.56
218,178.56
219,178.56
220,178.56
221,178.56
222,178.56
223,178.56
224,41.07933664999999
225,42.28102685
226,43.60467049999999
227,44.64055370000001
228,43.5890217
229,43.2931903
230,42.94549320000001
231,42.1931252
232,40.81786350000001
233,40.76148324999998
234,41.08244015
235,41.46444665
236,40.23821669999999
237,39.70342824999999
238,40.51111674999999
239,40.77676175
240,87.75147850000056
241,178.56
242,178.56
243,178.56
244,178.56
245,178.56
246,178.56
247,177.8471016000004
248,39.68297795000001
249,39.11869145
250,39.38923195
251,39.22257704999999
252,38.5655046
253,38.6910653
254,38.57178374999999
255,37.52245185
256,38.03523000000001
257,39.96933729999999
258,39.70249
259,39.4891402
260,40.04701835000001
261,40.1678118
262,39.74175835
263,39.083587
264,39.1843603
265,178.56
266,38.4932116
267,178.56
268,38.27043354999999
269,38.31528985000001
270,38.12865194999999
271,96.45042269999999
272,36.85535520000001
273,178.56
274,37.05495834999999
275,37.71850959999999
276,37.76138675000001
277,38.07086685
278,38.1012403
279,38.27679539999999
280,38.13202989999999
281,37.3034313
282,36.7853268
283,36.37683665
284,37.22625164999999
285,178.56
286,178.56
287,178.56
288,38.8098283
289,178.56
290,178.56
291,178.56
292,178.56
293,178.56
294,178.56
295,130.9677381000007
296,37.1513281
297,36.94382659999999
298,36.65945324999999
299,35.98910855
300,35.7416215
301,36.86227825
302,39.92031
303,41.17655979999999
304,41.01414004999999
305,40.39384524999999
306,40.55132385000001
307,39.64776019999999
308,39.34069
309,39.95778469999999
310,40.28510315
311,41.21760484999999
312,42.0098931
313,178.56
314,178.56
315,178.56
316,178.56
317,178.56
318,178.56
319,124.2022810500004
320,36.87231350000001
321,36.14146865
322,35.68043494999999
323,36.76425970000001
324,37.62333684999999
325,38.83536655
326,38.67683335
327,39.6588164
328,39.24169160000001
329,40.17630144999999
330,39.43949835
331,39.77173015000001
332,40.05510354999999
333,38.08910495
334,38.798948
335,40.52596185
336,40.29169320000001
337,178.56
338,178.56
339,178.56
340,178.56
341,178.56
342,178.56
343,155.6400415000008
344,37.7786397
345,37.60611845
346,37.88234164999999
347,38.69281640000001
348,38.53686809999999
349,37.67330870000001
350,38.8200719
351,38.98878850000003
352,39.46161810000001
353,39.98066675
354,38.4752385
355,38.32112355000001
356,38.22378645000001
357,37.31010360000001
358,38.1564569
359,39.49907525
360,40.25396330000001
361,39.68739499999999
362,39.70048030000001
363,38.9468467
364,38.60272429999999
365,178.56
366,178.56
367,178.56
368,178.56
369,37.0033914
370,36.5330266
371,37.3955867
372,38.66892379999999
373,38.84918995000001
374,39.04817455000001
375,39.8598604
376,39.7666852
377,39.90859820000001
378,38.14641159999999
379,39.39182649999999
380,39.90741
381,40.19837325
382,178.56
383,178.56
384,134.6546574500003
385,178.56
386,178.56
387,178.56
388,178.56
389,178.56
390,178.56
391,178.56
392,40.7462384
393,40.50447119999999
394,40.16313665
395,39.7688188
396,40.9201646
397,41.94451634999999
398,41.64965645
399,42.508752
400,43.34393975
401,42.38596339999999
402,43.40292700000001
403,43.60444175000001
404,43.93111870000001
405,43.86084169999999
406,43.99815319999998
407,43.32172185
408,116.2658785000002
409,44.56061505000001
410,45.0137545
411,178.56
412,43.51785485
413,178.56
414,178.56
415,178.56
416,178.56
417,41.99801475000001
418,43.48519140000001
419,44.81554524999999
420,43.22515995
421,43.39671859999999
422,43.24064174999999
423,42.66297125
424,41.8210266
425,41.7923666
426,42.26426110000001
427,44.20137515
428,43.95601469999999
429,44.21568325
430,178.56
431,178.56
432,139.4251379499998
433,178.56
434,178.56
435,178.56
436,178.56
437,178.56
438,178.56
439,178.56
440,43.26509165
441,43.1408418
442,43.09300485000001
443,43.39570075
444,43.6792951
445,44.14739539999999
446,43.54253700000001
447,43.82523205
448,42.6031454
449,41.8299316
450,41.60974349999999
451,41.3379103
452,42.61659965
453,44.23370545
454,43.98377985
455,43.8817683
456,156.0984178500003
457,178.56
458,178.56
459,178.56
460,178.56
461,178.56
462,178.56
463,178.56
464,41.62116039999999
465,41.57959310000001
466,41.37885709999999
467,41.60281175
468,42.1766952
469,42.43570404999998
470,43.61519165000001
471,44.12580654999999
472,45.02512544999999
473,45.16133694999999
474,44.25285975000001
475,43.66085335
476,43.87349665000001
477,44.3028584
478,44.31774015
479,44.5058528
480,144.6130971000003
481,178.56
482,43.91201325
483,178.56
484,42.6511098
485,178.56
486,41.82179165
487,67.12030791450002
488,42.14019535
489,178.56
490,41.6401067
491,41.8104367
492,39.64018659999999
493,39.09538845000001
494,39.20237649849999
495,38.479103116
496,40.17121039999999
497,39.9077
498,39.9237
499,39.93969999999999
500,39.9557
501,178.56
502,178.56
503,178.56
504,40.0197
505,178.56
506,39.6677
507,178.56
508,39.6997
509,39.7157
510,39.7317
511,169.7994641000009
512,39.7637
513,178.56
514,39.7261431
515,38.58758304999999
516,38.4938217
517,39.34373144999999
518,39.20202815
519,38.46111839999999
520,37.9038716
521,37.73303725000001
522,39.1811997
523,39.0601405
524,39.64143
525,178.56
526,178.56
527,178.56
528,43.81700979999999
529,178.56
530,43.9661151
531,178.56
532,41.45561129999999
533,178.56
534,40.16165335000001
535,67.84716819999983
536,37.82524315
537,178.56
538,38.18440144999999
539,39.72883325000001
540,39.1481382
541,38.8130737
542,39.38009965
543,40.88251155
544,40.27094355000001
545,40.715833
546,40.28523379999999
547,40.29648499999999
548,40.5180751
549,178.56
550,178.56
551,178.56
552,43.39330845
553,178.56
554,45.73293535
555,178.56
556,44.86876465
557,178.56
558,43.69080170000002
559,176.9192636000002
560,43.13950759999999
561,178.56
562,42.49319374999999
563,43.41383335
564,43.99761705
565,44.90078515000001
566,44.04118514999999
567,43.33045155
568,42.59335535
569,40.98771695
570,42.61609614999999
571,47.08220195000001
572,47.13932350000001
573,178.56
574,178.56
575,178.56
576,46.9033535
577,178.56
578,48.08161815000001
579,178.56
580,178.56
581,178.56
582,45.93601215
583,70.66714340000043
584,45.3912269
585,178.56
586,45.74224519999999
587,46.40268065
588,46.63220805000001
589,47.7797966
590,44.04688715
591,42.26645800000001
592,43.19771355000002
593,42.98905665
594,43.48033
595,44.25027045
596,44.12182175
597,178.56
598,178.56
599,178.56
600,44.93631445000001
601,178.56
602,44.89464305000001
603,178.56
604,44.1212598
605,178.56
606,43.37933675
607,153.3202249500003
608,42.20947635
609,178.56
610,41.88857820000001
611,41.58326845
612,41.8013383
613,42.15885139999998
614,43.62553165
615,44.33396295
616,44.4015535
617,44.94740475
618,45.2851731
619,45.50208905
620,45.73891355
621,178.56
622,178.56
623,178.56
624,44.38116289999999
625,178.56
626,44.5179304
627,178.56
628,178.56
629,178.56
630,45.02062824999999
631,68.45456280000012
632,45.28232615000001
633,178.56
634,45.0450833
635,44.8929484
636,45.88144009999999
637,46.0849349
638,45.20247295
639,44.87061690000001
640,45.43476505000002
641,45.5091012
642,44.87208665
643,45.56099355
644,46.65732130000002
645,178.56
646,178.56
647,178.56
648,46.5740684
649,178.56
650,45.822952
651,178.56
652,178.56
653,178.56
654,46.78524835000002
655,95.3932382000003
656,46.97761054999998
657,178.56
658,45.97119210000001
659,45.5311872
660,45.5538054
661,45.44755835
662,45.36037755
663,44.62434544999999
664,44.47156839999999
665,44.16341680000001
666,45.8242837
667,45.99135010000001
668,46.47692204999999
669,178.56
670,178.56
671,178.56
672,47.4326371
673,178.56
674,47.80179645000001
675,178.56
676,178.56
677,178.56
678,46.37936635000002
679,110.5861200000008
680,44.4940479
681,178.56
682,43.65613165000001
683,44.9659881
684,46.13102989999998
685,46.0147913
686,46.56672979999999
687,46.22145345000002
688,46.48158005
689,45.96428230000001
690,46.0282966
691,46.5932883
692,46.19667819999998
693,178.56
694,178.56
695,178.56
696,48.70040425
697,178.56
698,178.56
699,178.56
700,178.56
701,178.56
702,178.56
703,178.56
704,98.32716455000076
705,46.09743995
706,46.35291
707,45.8250884
708,47.69202164999998
709,48.3216927
710,48.58801644999998
711,47.5343582
712,46.2313299
713,47.76499979999999
714,46.29856685
715,46.93658015
716,45.02884464999999
717,43.5812032
718,44.18958990000001
719,42.94841825
720,178.56
721,178.56
722,37.95945469999999
723,178.56
724,178.56
725,178.56
726,36.46762680000001
727,36.22989345
728,35.6048686
729,35.1970752
730,35.26547165
731,178.56
732,38.6313147
733,41.55890519999999
734,41.20897075
735,40.02276395
736,40.21105984999999
737,38.5891783
738,38.12713639999999
739,38.35012035
740,37.61119015
741,38.4146069
742,178.56
743,37.4960419
744,101.8702070500003
745,178.56
746,39.00377994999999
747,178.56
748,178.56
749,178.56
750,38.97212480000001
751,38.906432
752,38.79134855
753,38.61125555
754,38.60991185
755,178.56
756,38.3527218
757,40.27538775
758,40.9731502
759,41.16159330000001
760,42.3881618
761,42.39015475
762,42.03092674999999
763,41.91558685
764,42.25962465000001
765,41.55670175000001
766,178.56
767,39.65438795000001
768,158.2927161499995
769,37.17895825000001
770,37.08233634999999
771,37.16899340000001
772,36.50039025
773,178.56
774,35.37101860000001
775,178.56
776,178.56
777,34.96422339999999
778,34.9341519
779,34.7511251
780,34.4531299
781,34.4133417
782,33.56045155
783,33.8592804
784,33.94734829999999
785,34.4347349
786,34.83445185000001
787,35.14427975
788,35.4695819
789,35.36223475
790,178.56
791,178.56
792,168.5830068499999
793,36.1555182
794,36.18697300000002
795,35.28504129999999
796,35.0472529
797,178.56
798,178.56
799,178.56
800,178.56
801,33.9066466
802,34.48890839999999
803,34.97160135
804,35.4065361
805,34.6117266
806,35.11858365
807,41.10140519999999
808,45.60584525
809,45.79630495
810,46.65461225
811,38.04234014999999
812,37.46589845
813,37.84522784999999
814,178.56
815,178.56
816,69.35838110000003
817,178.56
818,35.75351839999999
819,178.56
820,37.6150932
821,36.78409354999999
822,36.9457599
823,123.0425647499999
824,36.3201981
825,178.56
826,34.12317664999999
827,35.80969155000001
828,37.71739835
829,37.67097320000001
830,38.42908844999999
831,39.04874955
832,38.93528010000001
833,39.55956140000001
834,39.53563195
835,42.61751510000001
836,43.1499657
837,178.56
838,178.56
839,178.56
840,40.6942318
841,39.69702324999999
842,39.0436552
843,40.17298305
844,40.52327340000001
845,178.56
846,178.56
847,178.56
848,178.56
849,38.42150495
850,37.94745485000001
851,37.6970166
852,38.4404837
853,39.51294175
854,39.91443645
855,39.8888201
856,40.31148999999999
857,39.4035081
858,38.20840824999999
859,39.41514020000001
860,39.78165504999999
861,39.2874934
862,178.56
863,178.56
864,141.2865952999999
865,36.93349310000001
866,36.4707183
867,36.38804815
868,36.15341285
869,178.56
870,178.56
871,178.56
872,178.56
873,36.09918515000001
874,36.15185155
875,36.50645004999999
876,36.90044650000001
877,37.51935690000001
878,37.79581819999999
879,37.72952015000001
880,37.51473994999999
881,38.457325
882,39.06455665000001
883,38.99492195000001
884,38.74039490000001
885,38.31179365000001
886,178.56
887,178.56
888,88.80726480000004
889,38.994875
890,38.43352214999999
891,37.50322815000001
892,37.0244484
893,178.56
894,178.56
895,178.56
896,178.56
897,36.16247170000001
898,35.93977155
899,36.86943204999999
900,36.7667239
901,35.5899199
902,36.3887901
903,37.13936999999999
904,36.303365
905,37.18411159999999
906,37.26338010000001
907,38.38682344999999
908,38.2263098
909,37.75647685000001
910,178.56
911,178.56
912,85.4941552000002
913,178.56
914,37.35403645
915,178.56
916,37.9968847
917,38.7425335
918,37.99439035
919,129.0531092
920,37.72011315
921,178.56
922,38.09760534999999
923,37.99473135
924,39.0900512
925,39.8626321
926,39.7206717
927,40.37800800000001
928,41.19887785000001
929,41.23357825
930,41.55462645
931,41.01124049999999
932,41.11186694999999
933,178.56
934,178.56
935,178.56
936,38.92128815
937,178.56
938,39.59349005
939,178.56
940,38.32312655
941,39.96091175000001
942,40.03202940000001
943,165.3784659000003
944,39.99934990000001
945,178.56
946,40.0213222
947,40.1028089
948,40.39032509999999
949,40.5976513
950,40.45992664999999
951,40.06513145
952,39.04452854999999
953,39.29616685000001
954,41.23777139999999
955,41.76028465
956,41.7586854
957,178.56
958,178.56
959,178.56
960,39.5059018
961,39.0844147
962,38.7166982
963,38.8386464
964,39.5010248
965,178.56
966,178.56
967,178.56
968,178.56
969,37.02316645
970,36.98374530000001
971,37.2469335
972,35.10022355
973,32.5235599
974,33.59205865000001
975,35.4250387
976,35.49678984999999
977,37.5341683
978,38.9479751
979,38.31484625
980,37.57989505
981,36.27435485
982,178.56
983,178.56
984,76.96638394999974
985,178.56
986,37.69591715
987,178.56
988,36.75295075
989,36.0708534
990,36.34259285000001
991,61.43776154999945
992,36.92743485
993,178.56
994,36.5944914
995,37.12618994999999
996,38.0560152
997,38.24598025
998,36.1614381
999,37.61434985
1000,37.01048155
1001,37.2404866
1002,35.9851802
1003,36.59270489999999
1004,36.27461649999999
1005,178.56
1006,178.56
1007,178.56
1008,36.26253354999999
1009,178.56
1010,36.88101849999999
1011,178.56
1012,37.0661387
1013,36.7099534
1014,36.93327515
1015,98.34912320000045
1016,35.44221474999999
1017,178.56
1018,34.84551005
1019,35.46286154999999
1020,35.05110814999999
1021,37.10146635
1022,36.3625185
1023,37.10112659999999
1024,39.1177697
1025,39.1969833
1026,39.36773520000001
1027,39.4309981
1028,40.13431499999999
1029,178.56
1030,178.56
1031,178.56
1032,40.0943286
1033,178.56
1034,40.50309840000001
1035,178.56
1036,39.61386674999999
1037,178.56
1038,39.8497413
1039,50.3923619000002
1040,40.5607168
1041,178.56
1042,42.33493315
1043,42.58618695
1044,42.27755845
1045,41.33615445
1046,40.46005519999999
1047,41.13830975
1048,41.09142635000001
1049,40.87941555
1050,40.5262919
1051,41.30046650000001
1052,41.55368154999999
1053,178.56
1054,178.56
1055,178.56
1056,38.78991155
1057,178.56
1058,39.18951514999999
1059,178.56
1060,39.80570695
1061,178.56
1062,41.31813125
1063,47.74783245000044
1064,40.60022504999999
1065,178.56
1066,40.57370515000001
1067,43.74828165000001
1068,46.5521764
1069,46.7468531
1070,45.3340633
1071,42.04768059999999
1072,40.94633635
1073,40.51852355000001
1074,41.69817649999999
1075,42.32555665
1076,40.74655645000001
1077,178.56
1078,178.56
1079,178.56
1080,36.30871515
1081,178.56
1082,35.59141499999999
1083,178.56
1084,36.3827266
1085,35.98611684999999
1086,35.98516644999999
1087,55.3108319500003
1088,35.5102134
1089,178.56
1090,35.58450870000001
1091,36.44800315000001
1092,37.41720795
1093,38.8171362
1094,37.32721805
1095,35.49351365
1096,36.5964603
1097,35.40933475
1098,37.93810129999999
1099,40.08956825
1100,38.50664484999999
1101,178.56
1102,178.56
1103,178.56
1104,35.8875066
1105,35.28213704999999
1106,36.2006864
1107,178.56
1108,36.84034545
1109,36.32587055
1110,36.40160874999999
1111,174.6269216000001
1112,35.65086665
1113,178.56
1114,35.12509334999999
1115,35.20382994999999
1116,34.7407989
1117,34.81260500000001
1118,35.42685825
1119,36.5280637
1120,35.64664645
1121,34.34712035
1122,34.1138598
1123,34.76047139999999
1124,34.45439175000001
1125,178.56
1126,178.56
1127,178.56
1128,35.84143494999999
1129,34.24784349999999
1130,32.22679005
1131,32.25527505
1132,32.9130517
1133,178.56
1134,34.8418268
1135,178.56
1136,178.56
1137,32.55263835
1138,32.71569020000001
1139,33.22921995
1140,33.14026140000001
1141,32.11137175
1142,32.3087431
1143,32.96437495
1144,32.5216384
1145,32.57181114999999
1146,33.4764464
1147,33.6829116
1148,34.16281815000001
1149,35.70327134999999
1150,178.56
1151,178.56
1152,132.6747156499998
1153,36.87794335
1154,36.3271682
1155,36.2940535
1156,35.74940185
1157,178.56
1158,178.56
1159,178.56
1160,178.56
1161,34.8511248
1162,34.59415979999999
1163,33.89103505
1164,33.9563334
1165,34.76977864999999
1166,33.6919388
1167,35.48599680000001
1168,38.55031590000001
1169,38.9641134
1170,37.07034845
1171,35.70436315000001
1172,38.4394898
1173,38.1273049
1174,178.56
1175,178.56
1176,46.23091920000024
1177,36.33533145
1178,39.18610469999999
1179,37.80684644999999
1180,37.52465545
1181,178.56
1182,178.56
1183,178.56
1184,178.56
1185,36.0298117
1186,35.59858875
1187,35.2641284
1188,34.85395154999999
1189,35.2771167
1190,36.98933495000001
1191,37.33788325
1192,36.9411637
1193,38.81420175
1194,38.07567525000001
1195,39.6821102
1196,39.53664815
1197,38.3360483
1198,178.56
1199,178.56
1200,91.48070630000029
1201,178.56
1202,40.34405649999999
1203,178.56
1204,178.56
1205,178.56
1206,39.9194268
1207,37.7557403
1208,36.06895845
1209,35.18765215000001
1210,35.00194825000001
1211,178.56
1212,38.02339954999999
1213,37.54394145000001
1214,36.89486315
1215,36.8077747
1216,38.57451639999999
1217,38.82050829999999
1218,37.99680545
1219,38.21498475
1220,38.21527295
1221,36.68905515
1222,178.56
1223,38.57255680000001
1224,121.1070130000001
1225,178.56
1226,40.61104545000001
1227,178.56
1228,178.56
1229,178.56
1230,40.35662214999999
1231,40.14041169999998
1232,37.87458974999998
1233,37.17522355
1234,36.3535186
1235,178.56
1236,37.12954034999998
1237,37.89650985
1238,38.93701369999999
1239,39.90473365
1240,39.53802495000001
1241,39.98520690000001
1242,40.7099187
1243,40.31501285
1244,40.28886519999999
1245,39.92789464999998
1246,178.56
1247,39.3648867
1248,152.5420623000004
1249,40.34292544999998
1250,41.14733120000001
1251,178.56
1252,40.05276660000001
1253,178.56
1254,178.56
1255,178.56
1256,178.56
1257,37.0411148
1258,36.8140883
1259,37.62355495000001
1260,38.01705665
1261,39.95400525
1262,42.3033618
1263,42.10011335
1264,47.26171184999999
1265,44.60702175
1266,43.59277955
1267,42.42398784999999
1268,43.31646815
1269,43.58009714999999
1270,178.56
1271,178.56
1272,60.39287225000049
1273,41.2575016
1274,40.9070548
1275,39.71780325
1276,38.47461540000002
1277,178.56
1278,178.56
1279,178.56
1280,178.56
1281,36.9131485
1282,36.79480195
1283,37.21728855
1284,38.11823835
1285,38.17275705
1286,38.44696375
1287,38.1376202
1288,38.4677619
1289,38.95947529999999
1290,38.28260335
1291,37.91639020000001
1292,38.06798324999999
1293,37.82830645
1294,178.56
1295,178.56
1296,106.9901717500005
1297,37.9014386
1298,37.78098340000001
1299,36.56344295
1300,35.39457855000001
1301,178.56
1302,178.56
1303,178.56
1304,178.56
1305,34.56512489999999
1306,34.28011015000001
1307,34.26437505
1308,33.80312175
1309,35.49482455
1310,36.82534304999999
1311,37.92819775
1312,38.37880809999999
1313,39.84613010000001
1314,41.18841834999999
1315,41.3209083
1316,40.94461174999998
1317,40.05412004999999
1318,178.56
1319,178.56
1320,88.25137975000018
1321,178.56
1322,39.13446024999998
1323,178.56
1324,178.56
1325,178.56
1326,37.7638118
1327,37.4792181
1328,36.9204506
1329,38.84192529999999
1330,39.8129077
1331,178.56
1332,43.64476695
1333,43.55540515
1334,38.55885195
1335,38.95349024999999
1336,39.63073654999999
1337,40.52935865000001
1338,40.38932360000001
1339,40.1578782
1340,40.54267139999999
1341,38.7101034
1342,178.56
1343,38.7757455
1344,148.9178186500001
1345,38.35694834999999
1346,38.46474329999999
1347,39.48808679999999
1348,40.08310810000001
1349,178.56
1350,178.56
1351,178.56
1352,178.56
1353,39.05285005000001
1354,38.2209882
1355,37.00478690000001
1356,37.05576635
1357,37.6443345
1358,37.2139368
1359,38.6076315
1360,39.5625186
1361,39.1538265
1362,40.67079485
1363,41.09102650000001
1364,40.67228800000001
1365,40.36509045
1366,178.56
1367,178.56
1368,151.6131199500005
1369,40.27787825
1370,40.67385504999999
1371,178.56
1372,41.51776510000001
1373,178.56
1374,178.56
1375,178.56
1376,178.56
1377,37.50298660000001
1378,42.78523655
1379,43.5565704
1380,41.62243469999999
1381,41.3156211
1382,40.6994881
1383,40.24395485
1384,38.93881835
1385,38.60395490000001
1386,39.5711801
1387,39.06878641500001
1388,40.39239335000001
1389,40.49949150000002
1390,178.56
1391,178.56
1392,47.80324726500038
1393,40.74869619999999
1394,40.1985448325
1395,39.91706835
1396,39.62523300000001
1397,37.5999267825
1398,37.11745140000001
1399,178.0448885730002
1400,33.461004905
1401,178.56
1402,18.93115
1403,18.94714999999999
1404,18.96315
1405,18.97914999999999
1406,17.996973358
1407,28.553943345
1408,32.96435151000001
1409,32.35661476999999
1410,32.23353835
1411,32.227905
1412,32.244015
1413,178.56
1414,178.56
1415,178.56
1416,32.52167165
1417,178.56
1418,32.23636
1419,178.56
1420,32.28357665
1421,32.30834
1422,32.31580495000001
1423,84.64632830000042
1424,32.41540000000001
1425,178.56
1426,36.3974081
1427,37.6292199
1428,38.8741036
1429,38.54114665
1430,37.98945505
1431,39.11988395
1432,39.1921114
1433,40.00705975
1434,40.0180002
1435,43.3025949
1436,44.49861979999999
1437,178.56
1438,178.56
1439,178.56
1440,41.75587820000001
1441,41.48697980000001
1442,41.5795216
1443,41.72599995
1444,41.43036965
1445,178.56
1446,178.56
1447,178.56
1448,178.56
1449,39.25244505
1450,39.67458354999999
1451,39.19772815
1452,38.97794345
1453,39.28623175000001
1454,39.0051401
1455,39.05828365
1456,39.56537825000001
1457,39.18121635000001
1458,39.64022340000001
1459,40.27401955
1460,40.84302649999999
1461,40.6413553
1462,178.56
1463,178.56
1464,177.7409420500003
1465,40.62644995
1466,40.17520674999999
1467,40.04008510000001
1468,40.12934509999998
1469,178.56
1470,178.56
1471,178.56
1472,178.56
1473,37.39377475000001
1474,38.05089159999999
1475,39.2065657
1476,39.5119386
1477,39.24204855000001
1478,39.3581301
1479,39.7816617
1480,40.2671601
1481,39.42528825
1482,39.76571474999999
1483,40.30091505
1484,39.71933985
1485,40.1854234
1486,178.56
1487,178.56
1488,153.5035979
1489,39.77769010000002
1490,39.28878975
1491,38.52353315000001
1492,38.98257665000001
1493,178.56
1494,178.56
1495,178.56
1496,178.56
1497,39.1499432
1498,38.12490305000001
1499,37.53106325
1500,35.97127654999999
1501,35.4354062
1502,35.6008599
1503,36.30054735000001
1504,36.34507325
1505,36.55309655
1506,36.8452518
1507,36.91086160000001
1508,36.77775645000001
1509,36.75118615
1510,178.56
1511,178.56
1512,99.5465994499998
1513,37.84874865
1514,38.06689165
1515,38.00548825
1516,38.40757055
1517,178.56
1518,178.56
1519,178.56
1520,178.56
1521,37.689767
1522,37.28151485000001
1523,36.0685584
1524,35.10926165000001
1525,35.41172
1526,35.49278515
1527,34.59274135
1528,34.51339000000001
1529,34.16760015
1530,34.47625535
1531,34.45139014999999
1532,34.28732005000001
1533,34.27112655000001
1534,178.56
1535,178.56
1536,52.47043314999991
1537,34.9154881
1538,34.36473165
1539,34.3393165
1540,34.14200795
1541,178.56
1542,33.92787365
1543,178.56
1544,178.56
1545,34.09293125000001
1546,34.02238025
1547,33.668395
1548,33.70522190000001
1549,34.25100025
1550,34.44888535
1551,34.47232825
1552,34.68801505
1553,34.7749838
1554,34.9418298
1555,34.79358195
1556,34.69252335000001
1557,34.94812164999999
1558,178.56
1559,178.56
1560,144.2573125000001
1561,35.7627631
1562,35.01952489999999
1563,34.57962990000001
1564,34.5154767
1565,178.56
1566,34.23235345000001
1567,178.56
1568,178.56
1569,34.5163216
1570,33.98259660000001
1571,34.03152345
1572,34.70448045
1573,35.5016266
1574,35.15844005
1575,35.4422167
1576,35.8305117
1577,37.62847474999999
1578,36.89779445
1579,37.04964515
1580,36.3531933
1581,36.54917189999999
1582,178.56
1583,178.56
1584,167.4458614499998
1585,36.05552829999999
1586,36.05387349999999
1587,35.63178009999999
1588,35.37747349999999
1589,178.56
1590,34.5831979
1591,178.56
1592,178.56
1593,34.23725155
1594,33.8611754
1595,36.29255490000001
1596,36.63234005
1597,37.00935980000001
1598,37.09852815
1599,36.31462645000001
1600,36.38529640000001
1601,36.2567933
1602,35.86614195
1603,35.6292517
1604,35.8851249
1605,35.45250775
1606,178.56
1607,178.56
1608,173.1955424000002
1609,35.4554418
1610,35.63900845
1611,35.53554800000001
1612,35.1921965
1613,178.56
1614,35.33834839999999
1615,178.56
1616,178.56
1617,34.87033849999999
1618,34.68214185
1619,34.6146881
1620,34.5539449
1621,34.57335500000001
1622,34.27570859999999
1623,34.51374385
1624,34.29406839999999
1625,34.3070616
1626,34.41859669999999
1627,34.34751335000001
1628,34.46071635000001
1629,34.47380175
1630,178.56
1631,178.56
1632,150.2194947
1633,33.5990818
1634,33.5742533
1635,33.60862324999999
1636,33.5909266
1637,178.56
1638,33.78791650000001
1639,178.56
1640,178.56
1641,33.7384382
1642,33.64165214999999
1643,33.63143485
1644,33.73899175
1645,34.42183025
1646,34.42732540000001
1647,34.31004185
1648,35.01445805
1649,34.89176675
1650,34.99769155
1651,35.2381101
1652,35.44686685
1653,35.63954525
1654,178.56
1655,178.56
1656,144.6927467500003
1657,178.56
1658,36.17377395000001
1659,178.56
1660,165.2369218500004
1661,178.56
1662,35.252255
1663,35.25914340000001
1664,34.87842805
1665,34.96233545
1666,35.1703219
1667,178.56
1668,35.3044929
1669,34.58734329999999
1670,34.67711665
1671,34.70811380000001
1672,34.47884980000001
1673,35.7527367
1674,35.26216825
1675,35.00942025000001
1676,33.9083519
1677,34.0172833
1678,178.56
1679,34.1122582
1680,34.48482335
1681,178.56
1682,33.28948215
1683,178.56
1684,142.6452117000007
1685,178.56
1686,33.7751202
1687,33.68793975
1688,33.3736652
1689,33.37443015000001
1690,33.29357450000001
1691,178.56
1692,33.03321325
1693,33.23568155
1694,33.67930689999999
1695,36.9623981
1696,37.49438980000001
1697,37.8375481
1698,37.9700018
1699,37.0388646
1700,36.96787310000001
1701,37.2159369
1702,178.56
1703,34.04491994999999
1704,33.61956319999999
1705,178.56
1706,33.84925315
1707,178.56
1708,163.2991609000003
1709,178.56
1710,33.87637545
1711,34.22992834999999
1712,34.37959634999999
1713,34.42353665
1714,34.19181715
1715,178.56
1716,34.71724014999999
1717,34.3390367
1718,34.63870844999999
1719,35.62780470000001
1720,36.1851702
1721,36.98950295000001
1722,37.28600355
1723,36.95179975
1724,36.5528617
1725,37.16553795000001
1726,178.56
1727,37.60673880000002
1728,39.32328320000001
1729,38.6802381
1730,178.56
1731,39.5207934
1732,178.56
1733,178.56
1734,39.55521619999999
1735,38.57360849999999
1736,178.56
1737,130.8556983000003
1738,37.5992866
1739,37.046715
1740,36.96408175000001
1741,37.22717815000001
1742,37.54356980000001
1743,37.79584970000001
1744,38.44170979999999
1745,38.81898690000001
1746,39.81189704999999
1747,40.46177179999999
1748,40.18278789999998
1749,39.50973025
1750,178.56
1751,178.56
1752,40.07430850000001
1753,178.56
1754,39.11088335
1755,178.56
1756,178.56
1757,178.56
1758,38.47133174999999
1759,38.64144144999998
1760,38.70950845000001
1761,38.69808145
1762,38.42428655
1763,178.56
1764,38.77297675000001
1765,38.9087119
1766,39.3172836
1767,38.00127504999999
1768,38.20444005
1769,36.4308315
1770,37.0161913
1771,37.42008855
1772,37.60143650000001
1773,37.61926975
1774,178.56
1775,37.31239715
1776,115.2443429
1777,37.67483820000001
1778,178.56
1779,38.21573589999999
1780,178.56
1781,178.56
1782,37.71682335000002
1783,37.34036149999999
1784,178.56
1785,111.8490756
1786,37.93317329999999
1787,39.12514650000001
1788,39.48630835
1789,39.4159216
1790,39.0560153
1791,38.64708525
1792,38.53286344999999
1793,38.43736009999999
1794,38.33444959999999
1795,38.2818286
1796,38.52967140000001
1797,38.49809665
1798,178.56
1799,178.56
1800,37.89192635
1801,37.70374970000001
1802,178.56
1803,37.69101655
1804,178.56
1805,178.56
1806,36.52442309999999
1807,36.17672645000001
1808,178.56
1809,91.0631801500001
1810,36.22445175000001
1811,36.48279980000001
1812,36.55951995000001
1813,36.71683355
1814,37.32846529999999
1815,37.40186659999999
1816,37.72392309999999
1817,38.30968655000001
1818,38.68029005
1819,38.20006135000001
1820,38.4020897
1821,38.12422489999999
1822,178.56
1823,178.56
1824,40.05520474999999
1825,39.70662975
1826,178.56
1827,40.3192833
1828,178.56
1829,178.56
1830,38.9747832
1831,38.69990669999999
1832,178.56
1833,157.1146788000002
1834,39.02222765
1835,38.78608975000002
1836,39.84884989999999
1837,39.94683649999999
1838,39.62194710000001
1839,40.3107432
1840,40.10619359999999
1841,39.93915345
1842,40.0923418
1843,39.8984432
1844,39.80953984999999
1845,39.43797319999999
1846,178.56
1847,178.56
1848,40.51549985
1849,40.45508795
1850,178.56
1851,40.11923009999999
1852,178.56
1853,178.56
1854,39.9210769
1855,39.6463463
1856,178.56
1857,163.7001962500002
1858,40.03598794999998
1859,41.5224499
1860,41.20232629999999
1861,40.1317836
1862,39.6032826
1863,40.85865345000001
1864,40.34186855
1865,40.07978805
1866,40.03512325000001
1867,38.9878449
1868,37.9765182
1869,38.5657102
1870,178.56
1871,178.56
1872,39.45627354999999
1873,178.56
1874,38.62103494999999
1875,178.56
1876,178.56
1877,178.56
1878,37.5208583
1879,37.44818015000001
1880,37.03804
1881,37.09413485
1882,37.10666964999999
1883,178.56
1884,37.1682419
1885,36.83909815000001
1886,36.87922460000001
1887,37.04498974999999
1888,36.98936190000001
1889,37.11684645
1890,37.1305732
1891,36.97664165
1892,36.62492985
1893,36.80701195
1894,178.56
1895,35.11727315
1896,83.83171435000017
1897,36.51613515000001
1898,178.56
1899,36.61943335
1900,178.56
1901,178.56
1902,36.7744717
1903,36.634125
1904,178.56
1905,74.34167929999991
1906,36.67974165
1907,36.69697
1908,36.7111733
1909,36.73021665
1910,36.74091835
1911,36.75657
1912,36.8739717
1913,36.8652033
1914,36.95967
1915,37.16356835
1916,36.85297835
1917,37.71150525000001
1918,178.56
1919,178.56
1920,38.37508330000001
1921,38.24989985
1922,178.56
1923,37.74451345
1924,178.56
1925,178.56
1926,37.34460175000001
1927,37.37499369999999
1928,178.56
1929,126.3113989999999
1930,38.17704295000001
1931,38.9949982
1932,39.07676024999999
1933,38.91188295000001
1934,39.62658465000001
1935,38.74878025
1936,38.11037230000001
1937,37.77939515000001
1938,38.0041752
1939,38.91132139999999
1940,38.4594183
1941,39.19789845
1942,178.56
1943,178.56
1944,41.4114867
1945,40.3280932
1946,178.56
1947,39.85656844999999
1948,178.56
1949,178.56
1950,40.0726569
1951,39.99865810000001
1952,178.56
1953,156.7146106500005
1954,41.15067329999999
1955,41.3984436
1956,40.85067505000001
1957,40.32208314999999
1958,39.17648355000001
1959,40.29950525
1960,39.6555785
1961,39.44332854999999
1962,38.79995145000002
1963,39.50462484999999
1964,39.13525815
1965,38.10607495000001
1966,178.56
1967,178.56
1968,37.61604685
1969,37.40601635
1970,178.56
1971,37.0115103
1972,178.56
1973,178.56
1974,36.97558850000001
1975,36.88681265
1976,178.56
1977,111.1155580000002
1978,38.1991345
1979,38.27352705
1980,38.64391009999999
1981,38.42452844999999
1982,38.2680666
1983,38.21287839999999
1984,38.55974009999999
1985,37.95854870000002
1986,38.2370082
1987,38.6634735
1988,39.66375369999999
1989,39.59507194999999
1990,178.56
1991,178.56
1992,41.41390675000001
1993,40.33846989999999
1994,178.56
1995,38.25425355000001
1996,178.56
1997,178.56
1998,38.2009335
1999,37.8927816
2000,178.56
2001,133.5011832000003
2002,36.83856350000001
2003,37.9120484
2004,38.99853219999999
2005,38.30329004999999
2006,38.30744655
2007,39.54551014999999
2008,39.82998325000001
2009,40.1590803
2010,40.589487
2011,40.98364814999999
2012,40.50833340000001
2013,40.53151985
2014,178.56
2015,178.56
2016,38.40872475
2017,87.89282550000001
2018,178.56
2019,178.56
2020,178.56
2021,178.56
2022,36.25681165
2023,35.13907865
2024,35.00291194999999
2025,35.14354144999999
2026,36.69004519999999
2027,37.62634190000001
2028,38.39923365
2029,38.71542360000002
2030,38.69869849999999
2031,38.27405674999999
2032,38.17002815000001
2033,38.31423354999998
2034,38.4912003
2035,178.56
2036,36.33977305
2037,36.21838345
2038,35.9070598
2039,178.56
2040,35.813202
2041,178.56
2042,36.18682680000001
2043,35.6531198
2044,178.56
2045,178.56
2046,178.56
2047,35.39572649999999
2048,35.48925855
2049,35.27985
2050,35.29585
2051,35.31185
2052,35.32785
2053,178.56
2054,35.35985
2055,35.37585
2056,35.39185
2057,35.40785
2058,35.42385
2059,35.43985
2060,35.45585
2061,35.47185
2062,35.48785
2063,35.50385
2064,174.1873378499996
2065,178.56
2066,35.17985
2067,35.19585
2068,178.56
2069,178.56
2070,178.56
2071,35.24785
2072,35.26385
2073,35.27985
2074,35.29585
2075,35.31185
2076,35.32785
2077,178.56
2078,35.35985
2079,35.37585
2080,35.39185
2081,35.40785
2082,35.42385
2083,35.43985
2084,35.45585
2085,35.47185
2086,35.48785
2087,35.50385
2088,167.0195
2089,35.16385
2090,178.56
2091,35.19585
2092,178.56
2093,178.56
2094,35.23185
2095,35.24785
2096,167.1955000000002
2097,35.27985
2098,35.29585
2099,35.31185
2100,35.32785
2101,35.34385
2102,35.35985
2103,35.37585
2104,35.39185
2105,35.40785
2106,35.42385
2107,35.43985
2108,35.45585
2109,35.47185
2110,178.56
2111,178.56
2112,35.51985
2113,178.56
2114,35.17985
2115,35.19585
2116,178.56
2117,178.56
2118,178.56
2119,35.24785
2120,35.26385
2121,35.27985
2122,35.29585
2123,35.31185
2124,35.32785
2125,178.56
2126,35.35985
2127,35.37585
2128,35.39185
2129,35.40785
2130,35.42385
2131,35.43985
2132,35.45585
2133,35.47185
2134,35.48785
2135,35.50385
2136,167.0195
2137,178.56
2138,35.17985
2139,35.19585
2140,178.56
2141,178.56
2142,178.56
2143,35.24785
2144,35.26385
2145,35.27985
2146,35.29585
2147,35.31185
2148,35.32785
2149,178.56
2150,35.35985
2151,35.3827433
2152,35.5272233
2153,35.5465784
2154,35.56047
2155,35.54875
2156,35.4856233
2157,35.46504835
2158,35.44669165
2159,35.42937999999999
2160,167.3412683000004
2161,35.116165
2162,178.56
2163,35.315915
2164,178.56
2165,178.56
2166,35.16992
2167,35.1773217
2168,178.56
2169,65.78838993000065
2170,35.54912519999999
2171,40.03976045
2172,39.52226005
2173,38.72235325
2174,39.41311155000001
2175,38.05440499999999
2176,36.65070848
2177,38.72983130000001
2178,37.95392329999999
2179,38.66006285
2180,38.60280325000001
2181,37.77316005000001
2182,178.56
2183,178.56
2184,37.396193
2185,124.06587055
2186,178.56
2187,178.56
2188,178.56
2189,178.56
2190,38.2730383
2191,38.00734669999999
2192,37.8995966
2193,37.8174951
2194,37.9348962
2195,38.22870150000001
2196,39.98503004999999
2197,40.46207664999998
2198,38.7243282
2199,38.47057095
2200,39.9356014
2201,40.90136015
2202,40.60776529999999
2203,178.56
2204,39.14369115
2205,37.62502659999999
2206,37.65206985
2207,178.56
2208,38.26434985
2209,35.9200446
2210,178.56
2211,35.2361471
2212,178.56
2213,178.56
2214,35.28534715
2215,35.03063675
2216,178.56
2217,78.48662515000063
2218,35.937718
2219,37.4687485
2220,38.25799315000001
2221,39.81355319999999
2222,39.18667675
2223,38.41905504999999
2224,38.42719004999999
2225,39.5359648
2226,39.50274174999999
2227,40.18502995000001
2228,39.31278035000001
2229,39.09372774999999
2230,178.56
2231,178.56
2232,37.78293485
2233,98.3461652500001
2234,178.56
2235,178.56
2236,178.56
2237,178.56
2238,36.44087794999999
2239,35.69478024999999
2240,35.17036839999999
2241,35.05697155
2242,35.3882503
2243,36.5243254
2244,40.3918644
2245,40.2008452
2246,39.78208824999999
2247,38.9403996
2248,38.93443679999999
2249,38.31157759999999
2250,38.1946585
2251,178.56
2252,38.1469087
2253,37.83653855
2254,37.36993140000001
2255,178.56
2256,37.66670209999999
2257,36.7683468
2258,178.56
2259,36.1133422
2260,178.56
2261,178.56
2262,35.32599135
2263,34.82871285
2264,164.0324159999997
2265,33.79167875
2266,33.30615175
2267,34.32120865000001
2268,36.2132227
2269,36.18322389999999
2270,36.15639695000001
2271,36.02983639999999
2272,36.59675335
2273,36.10730315000001
2274,35.07238150000001
2275,34.79603830000001
2276,35.53066885
2277,34.8237852
2278,178.56
2279,178.56
2280,34.69668315
2281,34.12339655
2282,178.56
2283,178.56
2284,178.56
2285,178.56
2286,34.06414525
2287,34.12599695
2288,34.23852165
2289,34.54785485
2290,34.615628
2291,34.96687205000001
2292,34.77278985000001
2293,35.13882855
2294,35.73925835000001
2295,35.62787825000001
2296,35.40132850000001
2297,35.91797475000001
2298,36.07932195
2299,152.8448584499999
2300,35.68334845
2301,35.55447835
2302,35.5453798
2303,178.56
2304,34.03341995
2305,178.56
2306,178.56
2307,178.56
2308,178.56
2309,33.20482155
2310,33.2013234
2311,32.99367525
2312,33.4060418
2313,178.56
2314,33.10923320000001
2315,32.76914485
2316,33.50201525000001
2317,34.1347484
2318,34.7713499
2319,35.0330167
2320,35.34519145
2321,35.01575465000001
2322,35.02660305
2323,35.00612055
2324,34.84925505
2325,35.06934139999999
2326,34.63672505000001
2327,34.3966084
2328,122.8848104999997
2329,178.56
2330,34.6770399
2331,35.00197525
2332,178.56
2333,178.56
2334,178.56
2335,32.09881965000001
2336,31.88117495000001
2337,32.27182995
2338,32.62134525
2339,32.5711937
2340,32.97866015
2341,178.56
2342,34.16319319999999
2343,34.89187860000001
2344,35.36481335000001
2345,35.30928980000001
2346,35.47965180000001
2347,34.06692985
2348,34.9772805
2349,34.6525867
2350,34.89410035
2351,33.80032325000001
2352,122.2654074000005
2353,178.56
2354,178.56
2355,178.56
2356,178.56
2357,178.56
2358,44.05704664999999
2359,44.2158634
2360,44.18903645
2361,44.23847695
2362,44.2225216
2363,153.4072797500001
2364,43.10469115
2365,42.72043825000001
2366,41.7952232
2367,42.4293682
2368,43.29383525000001
2369,42.95249974999999
2370,42.79246315
2371,178.56
2372,43.68128985000001
2373,43.41752330000001
2374,42.43274325
2375,178.56
2376,45.86812485000001
2377,178.56
2378,178.56
2379,178.56
2380,178.56
2381,178.56
2382,44.36152689999999
2383,43.69301485
2384,44.6897568
2385,43.71298825
2386,43.51630335000001
2387,135.5418306500004
2388,44.34699515
2389,43.58525855000001
2390,43.75351655000001
2391,42.71111500000001
2392,41.78998840000001
2393,41.90581335000001
2394,41.82374820000001
2395,178.56
2396,40.94812045
2397,40.76544195
2398,40.2919968
2399,178.56
2400,41.33176180000001
2401,178.56
2402,178.56
2403,178.56
2404,178.56
2405,178.56
2406,178.56
2407,42.91520505
2408,42.6027084
2409,41.88196490000001
2410,42.28267164999999
2411,42.3831335
2412,42.25959840000001
2413,178.56
2414,41.60739854999999
2415,40.59128644999999
2416,43.02748835
2417,42.8721998
2418,42.23454395
2419,42.85723025000001
2420,42.81428869999999
2421,42.7488882
2422,42.89373499999999
2423,43.33769040000001
2424,109.1030728500007
2425,178.56
2426,178.56
2427,178.56
2428,178.56
2429,178.56
2430,178.56
2431,41.413082
2432,40.6506297
2433,40.06447175
2434,40.2758136
2435,40.85383969999999
2436,42.34072354999999
2437,178.56
2438,41.74643875000001
2439,41.75294225
2440,41.10157149999999
2441,41.6862171
2442,42.59369345
2443,43.38579834999999
2444,43.18216469999999
2445,42.61379035
2446,43.0712386
2447,42.7282351
2448,96.32160225000058
2449,178.56
2450,178.56
2451,178.56
2452,178.56
2453,178.56
2454,41.70302855000001
2455,41.9192279
2456,42.53245505000001
2457,43.2175482
2458,43.93708995000001
2459,115.3731671000005
2460,43.63646859999999
2461,43.67070995
2462,43.8852778
2463,43.9175401
2464,43.63428465
2465,42.92054575000001
2466,42.50987345
2467,178.56
2468,42.81197855000001
2469,43.12771055000001
2470,42.86951709999999
2471,178.56
2472,43.78905164999998
2473,178.56
2474,178.56
2475,178.56
2476,178.56
2477,178.56
2478,43.0637646
2479,42.81354695
2480,42.95762330000001
2481,42.82851494999999
2482,43.067412
2483,168.8850476999998
2484,43.98898145
2485,43.75766485
2486,44.7638487
2487,45.1082347
2488,44.94132349999999
2489,44.66928855
2490,44.98927309999999
2491,178.56
2492,45.02306985000001
2493,45.69060025000001
2494,45.62470515
2495,178.56
2496,43.8011149
2497,178.56
2498,178.56
2499,178.56
2500,178.56
2501,178.56
2502,44.60591014999999
2503,44.53000450000001
2504,45.4535235
2505,45.80271315
2506,45.61224345
2507,161.48498115
2508,45.38559659999998
2509,44.55406514999999
2510,45.06983220000001
2511,45.4531944
2512,44.73780510000001
2513,44.7003263
2514,43.77553305000001
2515,178.56
2516,43.1840538
2517,42.39270795
2518,43.06617849999999
2519,178.56
2520,42.95642534999999
2521,178.56
2522,178.56
2523,178.56
2524,178.56
2525,178.56
2526,43.87175105
2527,42.41400805000001
2528,42.30283035
2529,42.6047749
2530,42.94534835000001
2531,156.3419718499999
2532,44.84886975
2533,43.98063509999999
2534,45.0458332
2535,44.7918755
2536,44.19350685
2537,43.77251390000001
2538,42.23831985
2539,178.56
2540,44.4062817
2541,44.62396685
2542,45.36316099999998
2543,178.56
2544,44.86432015
2545,178.56
2546,178.56
2547,178.56
2548,178.56
2549,178.56
2550,43.1308466
2551,42.5351917
2552,42.32728665
2553,42.5471535
2554,43.0340819
2555,113.7960810500007
2556,41.63657624999999
2557,41.8232233
2558,41.03492155000001
2559,40.0889713
2560,41.20082850000001
2561,43.40450865
2562,42.93476635
2563,178.56
2564,41.80371865000001
2565,41.1141783
2566,41.5189735
2567,178.56
2568,42.45827134999998
2569,178.56
2570,178.56
2571,178.56
2572,178.56
2573,178.56
2574,41.32241035
2575,41.410387
2576,41.07933664999999
2577,42.28102685
2578,43.60467049999999
2579,90.04860205000065
2580,43.5890217
2581,43.2931903
2582,42.94549320000001
2583,42.1931252
2584,40.81786350000001
2585,40.76148324999998
2586,41.08244015
2587,178.56
2588,40.23821669999999
2589,39.70342824999999
2590,40.51111674999999
2591,178.56
2592,41.8518412
2593,175.1170320000002
2594,178.56
2595,178.56
2596,178.56
2597,178.56
2598,40.97466295
2599,40.32813385
2600,39.68297795000001
2601,39.11869145
2602,39.38923195
2603,39.22257704999999
2604,38.5655046
2605,38.6910653
2606,38.57178374999999
2607,37.52245185
2608,38.03523000000001
2609,39.96933729999999
2610,39.70249
2611,178.56
2612,40.04701835000001
2613,40.1678118
2614,39.74175835
2615,178.56
2616,39.1843603
2617,178.56
2618,38.4932116
2619,178.56
2620,178.56
2621,178.56
2622,38.12865194999999
2623,37.13719835
2624,36.85535520000001
2625,36.86811025
2626,37.05495834999999
2627,178.56
2628,37.76138675000001
2629,38.07086685
2630,38.1012403
2631,38.27679539999999
2632,38.13202989999999
2633,37.3034313
2634,36.7853268
2635,36.37683665
2636,37.22625164999999
2637,37.10220344999999
2638,178.56
2639,37.47276535
2640,100.9842066000001
2641,178.56
2642,38.6753536
2643,178.56
2644,178.56
2645,178.56
2646,38.38201850000002
2647,37.9505565
2648,37.1513281
2649,36.94382659999999
2650,36.65945324999999
2651,178.56
2652,35.7416215
2653,36.86227825
2654,39.92031
2655,41.17655979999999
2656,41.01414004999999
2657,40.39384524999999
2658,40.55132385000001
2659,39.64776019999999
2660,39.34069
2661,39.95778469999999
2662,178.56
2663,41.21760484999999
2664,134.2439143000004
2665,41.69418004999999
2666,178.56
2667,38.49617675
2668,178.56
2669,178.56
2670,37.29494385000001
2671,37.08436159999999
2672,178.56
2673,121.9713108000006
2674,35.68043494999999
2675,36.76425970000001
2676,37.62333684999999
2677,38.83536655
2678,38.67683335
2679,39.6588164
2680,39.24169160000001
2681,40.17630144999999
2682,39.43949835
2683,39.77173015000001
2684,40.05510354999999
2685,38.08910495
2686,178.56
2687,178.56
2688,40.29169320000001
2689,40.89801814999998
2690,178.56
2691,41.7965252
2692,178.56
2693,178.56
2694,40.1371049
2695,38.7014896
2696,178.56
2697,147.1471939500007
2698,37.88234164999999
2699,38.69281640000001
2700,38.53686809999999
2701,37.67330870000001
2702,38.8200719
2703,38.98878850000003
2704,39.46161810000001
2705,39.98066675
2706,38.4752385
2707,38.32112355000001
2708,38.22378645000001
2709,37.31010360000001
2710,178.56
2711,178.56
2712,40.25396330000001
2713,39.68739499999999
2714,178.56
2715,38.9468467
2716,178.56
2717,178.56
2718,37.64268994999999
2719,37.50544140000001
2720,178.56
2721,135.1334316000003
2722,36.5330266
2723,37.3955867
2724,38.66892379999999
2725,38.84918995000001
2726,39.04817455000001
2727,39.8598604
2728,39.7666852
2729,39.90859820000001
2730,38.14641159999999
2731,39.39182649999999
2732,39.90741
2733,40.19837325
2734,178.56
2735,178.56
2736,39.6796905
2737,41.19899689999999
2738,178.56
2739,43.17000305000001
2740,178.56
2741,178.56
2742,43.70262679999999
2743,41.7106313
2744,178.56
2745,178.56
2746,40.16313665
2747,39.7688188
2748,40.9201646
2749,41.94451634999999
2750,41.64965645
2751,42.508752
2752,43.34393975
2753,42.38596339999999
2754,113.1353588000003
2755,43.60444175000001
2756,43.93111870000001
2757,43.86084169999999
2758,178.56
2759,178.56
2760,45.3217733
2761,178.56
2762,178.56
2763,178.56
2764,178.56
2765,178.56
2766,43.2890994
2767,41.6403604
2768,41.5035697
2769,41.99801475000001
2770,43.48519140000001
2771,146.8557328999999
2772,43.22515995
2773,43.39671859999999
2774,43.24064174999999
2775,42.66297125
2776,41.8210266
2777,41.7923666
2778,42.26426110000001
2779,178.56
2780,43.95601469999999
2781,44.21568325
2782,43.84688514999998
2783,178.56
2784,44.39863519999999
2785,44.64087829999999
2786,178.56
2787,46.15853785
2788,178.56
2789,178.56
2790,44.14150825
2791,43.44520325
2792,178.56
2793,178.56
2794,43.09300485000001
2795,43.39570075
2796,43.6792951
2797,44.14739539999999
2798,43.54253700000001
2799,43.82523205
2800,42.6031454
2801,41.8299316
2802,149.6194619500001
2803,41.3379103
2804,42.61659965
2805,44.23370545
2806,178.56
2807,178.56
2808,43.97405335000001
2809,178.56
2810,178.56
2811,178.56
2812,178.56
2813,178.56
2814,43.03204785
2815,42.39308995000001
2816,41.62116039999999
2817,41.57959310000001
2818,41.37885709999999
2819,144.0276157000001
2820,42.1766952
2821,42.43570404999998
2822,43.61519165000001
2823,44.12580654999999
2824,45.02512544999999
2825,45.16133694999999
2826,44.25285975000001
2827,178.56
2828,43.87349665000001
2829,44.3028584
2830,44.31774015
2831,178.56
2832,44.9298615
2833,178.56
2834,178.56
2835,178.56
2836,178.56
2837,178.56
2838,41.82179165
2839,41.89776025
2840,42.14019535
2841,42.30992019999999
2842,41.6401067
2843,71.26648721449999
2844,39.64018659999999
2845,39.09538845000001
2846,39.20237649849999
2847,38.479103116
2848,40.17121039999999
2849,39.9077
2850,39.9237
2851,178.56
2852,39.9557
2853,39.9717
2854,39.9877
2855,178.56
2856,40.0197
2857,164.7469617000007
2858,178.56
2859,178.56
2860,178.56
2861,178.56
2862,39.7317
2863,39.74769999999999
2864,39.7637
2865,39.8272017
2866,39.7261431
2867,38.58758304999999
2868,38.4938217
2869,39.34373144999999
2870,39.20202815
2871,38.46111839999999
2872,37.9038716
2873,37.73303725000001
2874,39.1811997
2875,178.56
2876,39.64143
2877,41.73919835000001
2878,41.88164285000001
2879,178.56
2880,43.81700979999999
2881,43.25979189999999
2882,178.56
2883,44.1450069
2884,178.56
2885,178.56
2886,40.16165335000001
2887,38.22354004999999
2888,178.56
2889,178.56
2890,38.18440144999999
2891,39.72883325000001
2892,39.1481382
2893,38.8130737
2894,39.38009965
2895,40.88251155
2896,40.27094355000001
2897,40.715833
2898,63.25463060000016
2899,40.29648499999999
2900,40.5180751
2901,42.49640209999999
2902,178.56
2903,178.56
2904,43.39330845
2905,178.56
2906,178.56
2907,178.56
2908,178.56
2909,178.56
2910,178.56
2911,178.56
2912,43.13950759999999
2913,42.89304834999998
2914,42.49319374999999
2915,43.41383335
2916,43.99761705
2917,44.90078515000001
2918,44.04118514999999
2919,43.33045155
2920,42.59335535
2921,40.98771695
2922,42.61609614999999
2923,47.08220195000001
2924,47.13932350000001
2925,46.2528649
2926,46.99774335
2927,46.84254695
2928,175.1289152500005
2929,178.56
2930,178.56
2931,178.56
2932,178.56
2933,178.56
2934,45.93601215
2935,45.47239365
2936,45.3912269
2937,76.37819560000058
2938,45.74224519999999
2939,178.56
2940,46.63220805000001
2941,47.7797966
2942,44.04688715
2943,42.26645800000001
2944,43.19771355000002
2945,42.98905665
2946,43.48033
2947,178.56
2948,44.12182175
2949,43.92757489999999
2950,43.6235485
2951,178.56
2952,44.93631445000001
2953,178.56
2954,178.56
2955,178.56
2956,178.56
2957,178.56
2958,43.37933675
2959,42.63596965000001
2960,42.20947635
2961,41.57539495
2962,41.88857820000001
2963,155.3739498000004
2964,41.8013383
2965,42.15885139999998
2966,43.62553165
2967,44.33396295
2968,44.4015535
2969,44.94740475
2970,45.2851731
2971,178.56
2972,45.73891355
2973,45.5039299
2974,44.332241
2975,178.56
2976,44.38116289999999
2977,178.56
2978,178.56
2979,178.56
2980,178.56
2981,178.56
2982,178.56
2983,178.56
2984,45.28232615000001
2985,178.56
2986,45.0450833
2987,44.8929484
2988,45.88144009999999
2989,46.0849349
2990,45.20247295
2991,44.87061690000001
2992,45.43476505000002
2993,45.5091012
2994,44.87208665
2995,45.56099355
2996,46.65732130000002
2997,47.11629145
2998,45.00756885000001
2999,45.61657825000001
3000,66.82675130000047
3001,178.56
3002,178.56
3003,178.56
3004,178.56
3005,178.56
3006,178.56
3007,178.56
3008,46.97761054999998
3009,178.56
3010,45.97119210000001
3011,45.5311872
3012,45.5538054
3013,45.44755835
3014,45.36037755
3015,44.62434544999999
3016,44.47156839999999
3017,44.16341680000001
3018,45.8242837
3019,45.99135010000001
3020,46.47692204999999
3021,45.92006005000002
3022,46.3488349
3023,46.89210165
3024,96.27307905000063
3025,178.56
3026,178.56
3027,178.56
3028,178.56
3029,178.56
3030,46.37936635000002
3031,45.8647634
3032,44.4940479
3033,108.4330145500008
3034,43.65613165000001
3035,178.56
3036,46.13102989999998
3037,46.0147913
3038,46.56672979999999
3039,46.22145345000002
3040,46.48158005
3041,45.96428230000001
3042,46.0282966
3043,178.56
3044,46.19667819999998
3045,47.5154083
3046,48.1340066
3047,178.56
3048,48.70040425
3049,178.56
3050,178.56
3051,178.56
3052,178.56
3053,178.56
3054,46.36099645000002
3055,45.93747295
3056,45.20996515000002
3057,102.7962152000004
3058,46.35291
3059,178.56
3060,47.69202164999998
3061,48.3216927
3062,48.58801644999998
3063,47.5343582
3064,46.2313299
3065,47.76499979999999
3066,46.29856685
3067,178.56
3068,45.02884464999999
3069,43.5812032
3070,44.18958990000001
3071,178.56
3072,39.83004155
3073,178.56
3074,178.56
3075,37.8722932
3076,178.56
3077,178.56
3078,178.56
3079,36.22989345
3080,35.6048686
3081,35.1970752
3082,35.26547165
3083,36.21617815
3084,38.6313147
3085,178.56
3086,41.20897075
3087,40.02276395
3088,40.21105984999999
3089,38.5891783
3090,38.12713639999999
3091,38.35012035
3092,37.61119015
3093,38.4146069
3094,38.54561195
3095,37.4960419
3096,105.2221104500002
3097,178.56
3098,178.56
3099,39.4367167
3100,178.56
3101,178.56
3102,178.56
3103,38.906432
3104,38.79134855
3105,38.61125555
3106,38.60991185
3107,37.9663523
3108,38.3527218
3109,178.56
3110,40.9731502
3111,41.16159330000001
3112,42.3881618
3113,42.39015475
3114,42.03092674999999
3115,41.91558685
3116,42.25962465000001
3117,41.55670175000001
3118,40.67710040000001
3119,39.65438795000001
3120,158.4638392499997
3121,178.56
3122,37.08233634999999
3123,37.16899340000001
3124,178.56
3125,178.56
3126,178.56
3127,35.22696834999999
3128,35.17387015000001
3129,34.96422339999999
3130,34.9341519
3131,34.7511251
3132,34.4531299
3133,178.56
3134,33.56045155
3135,33.8592804
3136,33.94734829999999
3137,34.4347349
3138,34.83445185000001
3139,35.14427975
3140,35.4695819
3141,35.36223475
3142,35.56156845
3143,36.05197975
3144,170.0323289500003
3145,36.1555182
3146,178.56
3147,35.28504129999999
3148,178.56
3149,178.56
3150,33.64044325
3151,33.59587000000001
3152,178.56
3153,68.8547107500003
3154,34.48890839999999
3155,34.97160135
3156,35.4065361
3157,34.6117266
3158,35.11858365
3159,41.10140519999999
3160,45.60584525
3161,45.79630495
3162,46.65461225
3163,38.04234014999999
3164,37.46589845
3165,37.84522784999999
3166,178.56
3167,178.56
3168,38.40822959999999
3169,178.56
3170,178.56
3171,36.97581515
3172,178.56
3173,178.56
3174,178.56
3175,36.58939204999999
3176,36.3201981
3177,35.3563365
3178,34.12317664999999
3179,35.80969155000001
3180,37.71739835
3181,178.56
3182,38.42908844999999
3183,39.04874955
3184,38.93528010000001
3185,39.55956140000001
3186,39.53563195
3187,42.61751510000001
3188,43.1499657
3189,42.03457814999999
3190,41.93984499999999
3191,41.42412369999998
3192,114.1861442500002
3193,178.56
3194,178.56
3195,40.17298305
3196,178.56
3197,178.56
3198,178.56
3199,39.22860325
3200,39.00185185000001
3201,38.42150495
3202,37.94745485000001
3203,37.6970166
3204,38.4404837
3205,178.56
3206,39.91443645
3207,39.8888201
3208,40.31148999999999
3209,39.4035081
3210,38.20840824999999
3211,39.41514020000001
3212,39.78165504999999
3213,39.2874934
3214,38.46523824999999
3215,38.45241849999999
3216,144.9153770500005
3217,178.56
3218,178.56
3219,178.56
3220,178.56
3221,178.56
3222,36.49945325
3223,36.37098650000001
3224,36.33919174999999
3225,178.56
3226,36.15185155
3227,36.50645004999999
3228,36.90044650000001
3229,37.51935690000001
3230,37.79581819999999
3231,37.72952015000001
3232,37.51473994999999
3233,38.457325
3234,39.06455665000001
3235,38.99492195000001
3236,38.74039490000001
3237,38.31179365000001
3238,38.07050335
3239,39.04436544999999
3240,84.52762205000067
3241,178.56
3242,178.56
3243,37.50322815000001
3244,178.56
3245,178.56
3246,178.56
3247,36.68307425
3248,36.45373825000001
3249,36.16247170000001
3250,35.93977155
3251,36.86943204999999
3252,36.7667239
3253,178.56
3254,36.3887901
3255,37.13936999999999
3256,36.303365
3257,37.18411159999999
3258,37.26338010000001
3259,38.38682344999999
3260,38.2263098
3261,37.75647685000001
3262,38.19604970000001
3263,38.69062365
3264,85.51343480000031
3265,178.56
3266,178.56
3267,37.15399665
3268,178.56
3269,178.56
3270,178.56
3271,37.64289825
3272,37.72011315
3273,37.95053995000001
3274,38.09760534999999
3275,37.99473135
3276,39.0900512
3277,178.56
3278,39.7206717
3279,40.37800800000001
3280,41.19887785000001
3281,41.23357825
3282,41.55462645
3283,41.01124049999999
3284,41.11186694999999
3285,37.98069340000001
3286,37.56402665
3287,37.20356974999999
3288,134.4291498000006
3289,178.56
3290,178.56
3291,39.70575849999999
3292,178.56
3293,178.56
3294,178.56
3295,39.93969795
3296,39.99934990000001
3297,40.13552485000001
3298,40.0213222
3299,40.1028089
3300,40.39032509999999
3301,178.56
3302,40.45992664999999
3303,40.06513145
3304,39.04452854999999
3305,39.29616685000001
3306,41.23777139999999
3307,41.76028465
3308,41.7586854
3309,41.44596845
3310,38.22763865000001
3311,38.35213504999999
3312,165.5848533000001
3313,178.56
3314,178.56
3315,178.56
3316,178.56
3317,178.56
3318,178.56
3319,37.22377975
3320,37.0032801
3321,37.02316645
3322,36.98374530000001
3323,37.2469335
3324,35.10022355
3325,32.5235599
3326,33.59205865000001
3327,35.4250387
3328,35.49678984999999
3329,37.5341683
3330,38.9479751
3331,38.31484625
3332,37.57989505
3333,36.27435485
3334,36.38852975
3335,36.88570674999999
3336,85.60587170000022
3337,178.56
3338,178.56
3339,178.56
3340,178.56
3341,178.56
3342,178.56
3343,37.1157416
3344,36.92743485
3345,36.80617355
3346,36.5944914
3347,37.12618994999999
3348,38.0560152
3349,38.24598025
3350,36.1614381
3351,37.61434985
3352,37.01048155
3353,37.2404866
3354,35.9851802
3355,36.59270489999999
3356,36.27461649999999
3357,35.37853344999999
3358,34.36678525000001
3359,34.99801505
3360,65.89736035000007
3361,178.56
3362,178.56
3363,178.56
3364,178.56
3365,178.56
3366,36.93327515
3367,36.10485985
3368,35.44221474999999
3369,178.56
3370,34.84551005
3371,35.46286154999999
3372,35.05110814999999
3373,37.10146635
3374,36.3625185
3375,37.10112659999999
3376,39.1177697
3377,39.1969833
3378,39.36773520000001
3379,39.4309981
3380,40.13431499999999
3381,40.9839865
3382,40.8169838
3383,40.16352355
3384,91.03120870000058
3385,178.56
3386,178.56
3387,178.56
3388,178.56
3389,178.56
3390,178.56
3391,41.0341985
3392,40.5607168
3393,40.72186145000001
3394,42.33493315
3395,42.58618695
3396,42.27755845
3397,178.56
3398,40.46005519999999
3399,41.13830975
3400,41.09142635000001
3401,40.87941555
3402,40.5262919
3403,41.30046650000001
3404,41.55368154999999
3405,41.88409894999999
3406,41.64854645000001
3407,39.71904995
3408,45.47737905000002
3409,178.56
3410,178.56
3411,178.56
3412,178.56
3413,178.56
3414,178.56
3415,40.61948000000001
3416,40.60022504999999
3417,40.68314165
3418,40.57370515000001
3419,43.74828165000001
3420,46.5521764
3421,178.56
3422,45.3340633
3423,42.04768059999999
3424,40.94633635
3425,40.51852355000001
3426,41.69817649999999
3427,42.32555665
3428,40.74655645000001
3429,40.03349465000001
3430,38.25009665
3431,37.79828490000001
3432,53.73225620000078
3433,178.56
3434,178.56
3435,35.74044135000001
3436,178.56
3437,178.56
3438,178.56
3439,35.52877190000001
3440,35.5102134
3441,35.46296374999999
3442,35.58450870000001
3443,36.44800315000001
3444,37.41720795
3445,178.56
3446,37.32721805
3447,35.49351365
3448,36.5964603
3449,35.40933475
3450,37.93810129999999
3451,40.08956825
3452,38.50664484999999
3453,36.9757518
3454,35.99432645
3455,35.71574665
3456,58.54289775000034
3457,178.56
3458,36.2006864
3459,36.65903350000001
3460,178.56
3461,178.56
3462,178.56
3463,36.19434519999999
3464,35.65086665
3465,35.11673829999999
3466,35.12509334999999
3467,35.20382994999999
3468,34.7407989
3469,178.56
3470,35.42685825
3471,36.5280637
3472,35.64664645
3473,34.34712035
3474,34.1138598
3475,34.76047139999999
3476,34.45439175000001
3477,35.03705640000001
3478,35.77109965
3479,36.08384340000001
3480,175.2688069000001
3481,178.56
3482,178.56
3483,178.56
3484,178.56
3485,178.56
3486,34.8418268
3487,35.79405515000001
3488,33.43676845
3489,32.55263835
3490,32.71569020000001
3491,33.22921995
3492,33.14026140000001
3493,32.11137175
3494,32.3087431
3495,32.96437495
3496,32.5216384
3497,32.57181114999999
3498,33.4764464
3499,33.6829116
3500,34.16281815000001
3501,35.70327134999999
3502,35.64353695
3503,36.42867500000001
3504,123.0146404000003
3505,178.56
3506,178.56
3507,178.56
3508,178.56
3509,178.56
3510,178.56
3511,34.77309015
3512,34.66411155
3513,34.8511248
3514,34.59415979999999
3515,33.89103505
3516,33.9563334
3517,34.76977864999999
3518,33.6919388
3519,35.48599680000001
3520,38.55031590000001
3521,38.9641134
3522,37.07034845
3523,35.70436315000001
3524,38.4394898
3525,38.1273049
3526,37.19433480000001
3527,35.92144655
3528,48.92650304999992
3529,178.56
3530,178.56
3531,178.56
3532,178.56
3533,178.56
3534,178.56
3535,36.97444715
3536,36.78249194999999
3537,36.0298117
3538,35.59858875
3539,35.2641284
3540,34.85395154999999
3541,35.2771167
3542,36.98933495000001
3543,37.33788325
3544,36.9411637
3545,38.81420175
3546,38.07567525000001
3547,39.6821102
3548,39.53664815
3549,38.3360483
3550,38.64479505
3551,38.6512618
3552,91.28064840000037
3553,178.56
3554,178.56
3555,178.56
3556,178.56
3557,178.56
3558,178.56
3559,37.7557403
3560,36.06895845
3561,35.18765215000001
3562,35.00194825000001
3563,36.69530169999999
3564,38.02339954999999
3565,37.54394145000001
3566,36.89486315
3567,36.8077747
3568,38.57451639999999
3569,38.82050829999999
3570,37.99680545
3571,38.21498475
3572,38.21527295
3573,36.68905515
3574,37.8770135
3575,38.57255680000001
3576,126.7981811000004
3577,178.56
3578,178.56
3579,40.7190785
3580,178.56
3581,178.56
3582,178.56
3583,40.14041169999998
3584,37.87458974999998
3585,37.17522355
3586,36.3535186
3587,36.348068
3588,37.12954034999998
3589,178.56
3590,38.93701369999999
3591,39.90473365
3592,39.53802495000001
3593,39.98520690000001
3594,40.7099187
3595,40.31501285
3596,40.28886519999999
3597,39.92789464999998
3598,39.8345184
3599,39.3648867
3600,154.5045748500005
3601,178.56
3602,178.56
3603,178.56
3604,178.56
3605,178.56
3606,178.56
3607,38.98434800000001
3608,37.44610310000001
3609,178.56
3610,36.8140883
3611,37.62355495000001
3612,38.01705665
3613,39.95400525
3614,42.3033618
3615,42.10011335
3616,47.26171184999999
3617,44.60702175
3618,43.59277955
3619,42.42398784999999
3620,43.31646815
3621,43.58009714999999
3622,43.63182815
3623,42.73261004999999
3624,56.18212100000073
3625,178.56
3626,178.56
3627,39.71780325
3628,178.56
3629,178.56
3630,178.56
3631,37.16661635000001
3632,37.02874490000001
3633,36.9131485
3634,36.79480195
3635,37.21728855
3636,38.11823835
3637,178.56
3638,38.44696375
3639,38.1376202
3640,38.4677619
3641,38.95947529999999
3642,38.28260335
3643,37.91639020000001
3644,38.06798324999999
3645,37.82830645
3646,38.1895416
3647,37.77941955000001
3648,115.6377782000006
3649,178.56
3650,178.56
3651,36.56344295
3652,178.56
3653,178.56
3654,178.56
3655,35.60949325
3656,35.2599269
3657,34.56512489999999
3658,34.28011015000001
3659,34.26437505
3660,33.80312175
3661,178.56
3662,36.82534304999999
3663,37.92819775
3664,38.37880809999999
3665,39.84613010000001
3666,41.18841834999999
3667,41.3209083
3668,40.94461174999998
3669,40.05412004999999
3670,39.33416545
3671,39.7050432
3672,84.91457605000008
3673,178.56
3674,178.56
3675,178.56
3676,178.56
3677,178.56
3678,37.7638118
3679,37.4792181
3680,36.9204506
3681,178.56
3682,39.8129077
3683,40.81426985000001
3684,43.64476695
3685,43.55540515
3686,38.55885195
3687,38.95349024999999
3688,39.63073654999999
3689,40.52935865000001
3690,40.38932360000001
3691,40.1578782
3692,40.54267139999999
3693,38.7101034
3694,38.55177150000001
3695,38.7757455
3696,147.5281628500001
3697,178.56
3698,178.56
3699,39.48808679999999
3700,178.56
3701,178.56
3702,178.56
3703,39.72481304999999
3704,39.26530134999999
3705,39.05285005000001
3706,38.2209882
3707,37.00478690000001
3708,37.05576635
3709,178.56
3710,37.2139368
3711,38.6076315
3712,39.5625186
3713,39.1538265
3714,40.67079485
3715,41.09102650000001
3716,40.67228800000001
3717,40.36509045
3718,40.3858936
3719,40.70604345
3720,146.0802027500009
3721,178.56
3722,178.56
3723,178.56
3724,178.56
3725,178.56
3726,178.56
3727,40.50927835
3728,38.64690014999999
3729,37.50298660000001
3730,42.78523655
3731,43.5565704
3732,41.62243469999999
3733,178.56
3734,40.6994881
3735,40.24395485
3736,38.93881835
3737,38.60395490000001
3738,39.5711801
3739,39.06878641500001
3740,40.39239335000001
3741,40.49949150000002
3742,40.70526035
3743,41.3792619
3744,50.34766601500038
3745,178.56
3746,178.56
3747,178.56
3748,178.56
3749,178.56
3750,37.11745140000001
3751,36.5389935
3752,33.461004905
3753,20.04879161
3754,18.93115
3755,18.94714999999999
3756,18.96315
3757,18.97914999999999
3758,17.996973358
3759,28.553943345
3760,32.96435151000001
3761,32.35661476999999
3762,32.23353835
3763,32.227905
3764,32.244015
3765,32.2378866
3766,32.20977665
3767,32.3132267
3768,76.74735432800017
3769,178.56
3770,178.56
3771,32.27109650000001
3772,178.56
3773,178.56
3774,178.56
3775,32.36783
3776,32.41540000000001
3777,32.25494165000001
3778,36.3974081
3779,37.6292199
3780,38.8741036
3781,178.56
3782,37.98945505
3783,39.11988395
3784,39.1921114
3785,40.00705975
3786,40.0180002
3787,43.3025949
3788,44.49861979999999
3789,45.63819635
3790,41.86766640000001
3791,41.89292495000001
3792,67.79477890000061
3793,178.56
3794,178.56
3795,178.56
3796,178.56
3797,178.56
3798,178.56
3799,39.55354379999999
3800,39.66452875
3801,39.25244505
3802,39.67458354999999
3803,39.19772815
3804,38.97794345
3805,178.56
3806,39.0051401
3807,39.05828365
3808,39.56537825000001
3809,39.18121635000001
3810,39.64022340000001
3811,40.27401955
3812,40.84302649999999
3813,40.6413553
3814,41.02169290000001
3815,40.41256325
3816,44.03771610000017
3817,178.56
3818,178.56
3819,40.04008510000001
3820,178.56
3821,178.56
3822,178.56
3823,38.82521449999999
3824,38.3844216
3825,37.39377475000001
3826,38.05089159999999
3827,39.2065657
3828,39.5119386
3829,178.56
3830,39.3581301
3831,39.7816617
3832,40.2671601
3833,39.42528825
3834,39.76571474999999
3835,40.30091505
3836,39.71933985
3837,40.1854234
3838,40.0288334
3839,40.17182865000001
3840,156.2663501
3841,178.56
3842,178.56
3843,178.56
3844,178.56
3845,178.56
3846,178.56
3847,39.15417015
3848,38.72694355000001
3849,39.1499432
3850,38.12490305000001
3851,37.53106325
3852,35.97127654999999
3853,35.4354062
3854,35.6008599
3855,36.30054735000001
3856,36.34507325
3857,36.55309655
3858,36.8452518
3859,36.91086160000001
3860,36.77775645000001
3861,36.75118615
3862,36.8888103
3863,37.41411034999999
3864,103.9351547500001
3865,178.56
3866,178.56
3867,178.56
3868,178.56
3869,178.56
3870,178.56
3871,38.05494040000001
3872,38.0619933
3873,37.689767
3874,37.28151485000001
3875,36.0685584
3876,35.10926165000001
3877,35.41172
3878,35.49278515
3879,34.59274135
3880,34.51339000000001
3881,34.16760015
3882,34.47625535
3883,34.45139014999999
3884,34.28732005000001
3885,34.27112655000001
3886,34.3155065
3887,34.57068345
3888,59.79600860000006
3889,178.56
3890,178.56
3891,178.56
3892,178.56
3893,178.56
3894,33.92787365
3895,34.06956635
3896,34.2587072
3897,34.09293125000001
3898,34.02238025
3899,33.668395
3900,33.70522190000001
3901,34.25100025
3902,34.44888535
3903,34.47232825
3904,34.68801505
3905,34.7749838
3906,34.9418298
3907,34.79358195
3908,34.69252335000001
3909,34.94812164999999
3910,35.2086698
3911,35.15064
3912,143.3312733500003
3913,178.56
3914,178.56
3915,178.56
3916,178.56
3917,178.56
3918,34.23235345000001
3919,33.91637325000001
3920,34.0378264
3921,34.5163216
3922,33.98259660000001
3923,34.03152345
3924,34.70448045
3925,35.5016266
3926,35.15844005
3927,35.4422167
3928,35.8305117
3929,37.62847474999999
3930,36.89779445
3931,37.04964515
3932,36.3531933
3933,36.54917189999999
3934,36.538442
3935,36.02930150000001
3936,166.8013129000004
3937,178.56
3938,178.56
3939,178.56
3940,178.56
3941,35.30415325
3942,34.5831979
3943,34.2894022
3944,34.5754516
3945,178.56
3946,33.8611754
3947,36.29255490000001
3948,36.63234005
3949,37.00935980000001
3950,37.09852815
3951,36.31462645000001
3952,36.38529640000001
3953,36.2567933
3954,35.86614195
3955,35.6292517
3956,35.8851249
3957,35.45250775
3958,35.23472145
3959,35.41693154999999
3960,175.7307893000004
3961,178.56
3962,35.63900845
3963,35.53554800000001
3964,178.56
3965,178.56
3966,178.56
3967,35.0963432
3968,35.15614184999999
3969,34.87033849999999
3970,34.68214185
3971,34.6146881
3972,34.5539449
3973,178.56
3974,34.27570859999999
3975,34.51374385
3976,34.29406839999999
3977,34.3070616
3978,34.41859669999999
3979,34.34751335000001
3980,34.46071635000001
3981,34.47380175
3982,34.4830182
3983,34.23395485
3984,151.8093783
3985,178.56
3986,178.56
3987,178.56
3988,178.56
3989,178.56
3990,33.78791650000001
3991,33.80490655
3992,33.8278737
3993,33.7384382
3994,33.64165214999999
3995,33.63143485
3996,33.73899175
3997,34.42183025
3998,34.42732540000001
3999,34.31004185
4000,35.01445805
4001,34.89176675
4002,34.99769155
4003,35.2381101
4004,35.44686685
4005,35.63954525
4006,35.54341785
4007,36.64321165
4008,139.2462219500001
4009,178.56
4010,178.56
4011,178.56
4012,178.56
4013,35.53827
4014,35.252255
4015,35.25914340000001
4016,34.87842805
4017,178.56
4018,35.1703219
4019,35.60402805
4020,35.3044929
4021,34.58734329999999
4022,34.67711665
4023,34.70811380000001
4024,34.47884980000001
4025,35.7527367
4026,35.26216825
4027,35.00942025000001
4028,33.9083519
4029,34.0172833
4030,34.05750150000001
4031,34.1122582
4032,165.6580550500004
4033,178.56
4034,178.56
4035,178.56
4036,178.56
4037,178.56
4038,33.7751202
4039,33.68793975
4040,33.3736652
4041,33.37443015000001
4042,33.29357450000001
4043,33.18666835
4044,33.03321325
4045,33.23568155
4046,33.67930689999999
4047,36.9623981
4048,37.49438980000001
4049,37.8375481
4050,37.9700018
4051,37.0388646
4052,36.96787310000001
4053,37.2159369
4054,34.53427820000001
4055,34.04491994999999
4056,141.8333105000008
4057,178.56
4058,178.56
4059,178.56
4060,178.56
4061,178.56
4062,33.87637545
4063,34.22992834999999
4064,34.37959634999999
4065,34.42353665
4066,34.19181715
4067,33.9168666
4068,34.71724014999999
4069,34.3390367
4070,34.63870844999999
4071,35.62780470000001
4072,36.1851702
4073,36.98950295000001
4074,37.28600355
4075,36.95179975
4076,36.5528617
4077,37.16553795000001
4078,37.05303940000001
4079,37.60673880000002
4080,165.5017912500003
4081,178.56
4082,178.56
4083,178.56
4084,178.56
4085,178.56
4086,178.56
4087,38.57360849999999
4088,37.61594334999999
4089,37.55883005
4090,37.5992866
4091,37.046715
4092,36.96408175000001
4093,37.22717815000001
4094,37.54356980000001
4095,37.79584970000001
4096,38.44170979999999
4097,38.81898690000001
4098,39.81189704999999
4099,40.46177179999999
4100,40.18278789999998
4101,39.50973025
4102,38.97957970000001
4103,39.29864819999999
4104,135.2332532000004
4105,178.56
4106,178.56
4107,178.56
4108,178.56
4109,178.56
4110,178.56
4111,38.64144144999998
4112,38.70950845000001
4113,38.69808145
4114,38.42428655
4115,38.9407137
4116,38.77297675000001
4117,38.9087119
4118,39.3172836
4119,38.00127504999999
4120,38.20444005
4121,36.4308315
4122,37.0161913
4123,37.42008855
4124,37.60143650000001
4125,37.61926975
4126,36.5355633
4127,37.31239715
4128,117.3502810000002
4129,178.56
4130,178.56
4131,178.56
4132,178.56
4133,178.56
4134,37.71682335000002
4135,37.34036149999999
4136,37.1718001
4137,178.56
4138,37.93317329999999
4139,39.12514650000001
4140,39.48630835
4141,39.4159216
4142,39.0560153
4143,38.64708525
4144,38.53286344999999
4145,38.43736009999999
4146,38.33444959999999
4147,38.2818286
4148,38.52967140000001
4149,38.49809665
4150,38.4260968
4151,38.22224355
4152,111.8114356000003
4153,178.56
4154,178.56
4155,178.56
4156,178.56
4157,178.56
4158,36.52442309999999
4159,36.17672645000001
4160,35.83418175
4161,178.56
4162,36.22445175000001
4163,36.48279980000001
4164,36.55951995000001
4165,36.71683355
4166,37.32846529999999
4167,37.40186659999999
4168,37.72392309999999
4169,38.30968655000001
4170,38.68029005
4171,38.20006135000001
4172,38.4020897
4173,38.12422489999999
4174,39.25733029999999
4175,39.25022970000001
4176,92.17140940000021
4177,178.56
4178,178.56
4179,178.56
4180,178.56
4181,178.56
4182,178.56
4183,38.69990669999999
4184,38.63832005000002
4185,38.83154819999999
4186,39.02222765
4187,38.78608975000002
4188,39.84884989999999
4189,39.94683649999999
4190,39.62194710000001
4191,40.3107432
4192,40.10619359999999
4193,39.93915345
4194,40.0923418
4195,39.8984432
4196,39.80953984999999
4197,39.43797319999999
4198,39.3911634
4199,40.04507170000001
4200,159.7247715500003
4201,178.56
4202,178.56
4203,178.56
4204,178.56
4205,178.56
4206,178.56
4207,39.6463463
4208,39.37365199999999
4209,39.18418970000001
4210,40.03598794999998
4211,41.5224499
4212,41.20232629999999
4213,40.1317836
4214,39.6032826
4215,40.85865345000001
4216,40.34186855
4217,40.07978805
4218,40.03512325000001
4219,38.9878449
4220,37.9765182
4221,38.5657102
4222,39.6045632
4223,39.66300554999999
4224,165.8264543000001
4225,178.56
4226,178.56
4227,178.56
4228,178.56
4229,178.56
4230,37.5208583
4231,37.44818015000001
4232,37.03804
4233,178.56
4234,37.10666964999999
4235,37.6041582
4236,37.1682419
4237,36.83909815000001
4238,36.87922460000001
4239,37.04498974999999
4240,36.98936190000001
4241,37.11684645
4242,37.1305732
4243,36.97664165
4244,36.62492985
4245,36.80701195
4246,36.04006815
4247,35.11727315
4248,85.9026578000003
4249,178.56
4250,178.56
4251,178.56
4252,178.56
4253,178.56
4254,36.7744717
4255,36.634125
4256,36.653755
4257,178.56
4258,36.67974165
4259,36.69697
4260,36.7111733
4261,36.73021665
4262,36.74091835
4263,36.75657
4264,36.8739717
4265,36.8652033
4266,36.95967
4267,37.16356835
4268,36.85297835
4269,37.71150525000001
4270,37.7987855
4271,38.0376998
4272,73.36209079999996
4273,178.56
4274,178.56
4275,178.56
4276,178.56
4277,178.56
4278,178.56
4279,37.37499369999999
4280,37.64727525
4281,38.72805700000001
4282,38.17704295000001
4283,38.9949982
4284,39.07676024999999
4285,38.91188295000001
4286,39.62658465000001
4287,38.74878025
4288,38.11037230000001
4289,37.77939515000001
4290,38.0041752
4291,38.91132139999999
4292,38.4594183
4293,39.19789845
4294,40.04074980000001
4295,41.30844005
4296,123.3373786500003
4297,178.56
4298,178.56
4299,178.56
4300,178.56
4301,178.56
4302,40.0726569
4303,39.99865810000001
4304,40.2142535
4305,178.56
4306,41.15067329999999
4307,41.3984436
4308,40.85067505000001
4309,40.32208314999999
4310,39.17648355000001
4311,40.29950525
4312,39.6555785
4313,39.44332854999999
4314,38.79995145000002
4315,39.50462484999999
4316,39.13525815
4317,38.10607495000001
4318,37.77770185
4319,37.9002
4320,158.6231638000006
4321,178.56
4322,178.56
4323,178.56
4324,178.56
4325,178.56
4326,36.97558850000001
4327,36.88681265
4328,36.63303854999999
4329,178.56
4330,38.1991345
4331,38.27352705
4332,38.64391009999999
4333,38.42452844999999
4334,38.2680666
4335,38.21287839999999
4336,38.55974009999999
4337,37.95854870000002
4338,38.2370082
4339,38.6634735
4340,39.66375369999999
4341,39.59507194999999
4342,40.10927965
4343,40.6036147
4344,109.6010585000004
4345,178.56
4346,178.56
4347,38.25425355000001
4348,178.56
4349,178.56
4350,178.56
4351,37.8927816
4352,37.8040431
4353,37.43671155
4354,36.83856350000001
4355,37.9120484
4356,38.99853219999999
4357,178.56
4358,38.30744655
4359,39.54551014999999
4360,39.82998325000001
4361,40.1590803
4362,40.589487
4363,40.98364814999999
4364,40.50833340000001
4365,40.53151985
4366,39.30483150000001
4367,38.9836269
4368,135.2233883500004
4369,78.94542400000006
4370,38.29915630000001
4371,38.80839640000001
4372,38.21202705
4373,37.90624005000002
4374,36.25681165
4375,35.13907865
4376,35.00291194999999
4377,35.14354144999999
4378,36.69004519999999
4379,37.62634190000001
4380,38.39923365
4381,38.71542360000002
4382,38.69869849999999
4383,38.27405674999999
4384,38.17002815000001
4385,38.31423354999998
4386,38.4912003
4387,178.56
4388,178.56
4389,178.56
4390,178.56
4391,178.56
4392,178.56
4393,178.56
4394,178.56
4395,178.56
4396,178.56
4397,35.5971018
4398,35.82852654999999
4399,35.39572649999999
4400,35.48925855
4401,178.56
4402,35.29585
4403,35.31185
4404,35.32785
4405,35.34385
4406,35.35985
4407,35.37585
4408,35.39185
4409,35.40785
4410,35.42385
4411,35.43985
4412,35.45585
4413,35.47185
4414,35.48785
4415,35.50385
4416,174.5376560999996
4417,178.56
4418,178.56
4419,178.56
4420,178.56
4421,178.56
4422,35.23185
4423,35.24785
4424,35.26385
4425,35.27985
4426,35.29585
4427,35.31185
4428,35.32785
4429,35.34385
4430,35.35985
4431,35.37585
4432,35.39185
4433,35.40785
4434,35.42385
4435,35.43985
4436,35.45585
4437,35.47185
4438,35.48785
4439,35.50385
4440,166.8195000000001
4441,178.56
4442,178.56
4443,178.56
4444,178.56
4445,35.22785
4446,35.23185
4447,35.24785
4448,35.26385
4449,178.56
4450,35.29585
4451,35.31185
4452,35.32785
4453,35.34385
4454,35.35985
4455,35.37585
4456,35.39185
4457,35.40785
4458,35.42385
4459,35.43985
4460,35.45585
4461,35.47185
4462,35.48785
4463,35.50385
4464,166.8715
4465,178.56
4466,178.56
4467,178.56
4468,178.56
4469,35.22785
4470,35.23185
4471,35.24785
4472,35.26385
4473,178.56
4474,35.29585
4475,35.31185
4476,35.32785
4477,35.34385
4478,35.35985
4479,35.37585
4480,35.39185
4481,35.40785
4482,35.42385
4483,35.43985
4484,35.45585
4485,35.47185
4486,35.48785
4487,35.50385
4488,166.8715
4489,178.56
4490,178.56
4491,178.56
4492,178.56
4493,35.22785
4494,35.23185
4495,35.24785
4496,35.26385
4497,178.56
4498,35.29585
4499,35.31185
4500,35.32785
4501,35.34385
4502,35.35985
4503,35.3827433
4504,35.5272233
4505,35.5465784
4506,35.56047
4507,35.54875
4508,35.4856233
4509,35.46504835
4510,35.44669165
4511,35.42937999999999
4512,167.1932683000003
4513,178.56
4514,178.56
4515,178.56
4516,178.56
4517,178.56
4518,35.16992
4519,35.1773217
4520,35.1955033
4521,178.56
4522,35.54912519999999
4523,40.03976045
4524,39.52226005
4525,38.72235325
4526,39.41311155000001
4527,38.05440499999999
4528,36.65070848
4529,38.72983130000001
4530,37.95392329999999
4531,38.66006285
4532,38.60280325000001
4533,37.77316005000001
4534,36.85461819999999
4535,36.93346535
4536,64.63307608000068
4537,178.56
4538,178.56
4539,178.56
4540,178.56
4541,178.56
4542,178.56
4543,38.00734669999999
4544,37.8995966
4545,37.8174951
4546,37.9348962
4547,38.22870150000001
4548,39.98503004999999
4549,40.46207664999998
4550,38.7243282
4551,38.47057095
4552,39.9356014
4553,40.90136015
4554,40.60776529999999
4555,39.5836229
4556,39.14369115
4557,37.62502659999999
4558,37.65206985
4559,38.11009855
4560,122.90953725
4561,178.56
4562,178.56
4563,178.56
4564,178.56
4565,178.56
4566,35.28534715
4567,35.03063675
4568,35.1550968
4569,178.56
4570,35.937718
4571,37.4687485
4572,38.25799315000001
4573,39.81355319999999
4574,39.18667675
4575,38.41905504999999
4576,38.42719004999999
4577,39.5359648
4578,39.50274174999999
4579,40.18502995000001
4580,39.31278035000001
4581,39.09372774999999
4582,38.20034025000001
4583,37.92097145000001
4584,76.14934320000064
4585,178.56
4586,178.56
4587,178.56
4588,178.56
4589,178.56
4590,178.56
4591,35.69478024999999
4592,35.17036839999999
4593,35.05697155
4594,35.3882503
4595,36.5243254
4596,40.3918644
4597,40.2008452
4598,39.78208824999999
4599,38.9403996
4600,38.93443679999999
4601,38.31157759999999
4602,38.1946585
4603,38.2382135
4604,38.1469087
4605,37.83653855
4606,37.36993140000001
4607,37.88006990000001
4608,96.33546189999991
4609,178.56
4610,178.56
4611,178.56
4612,178.56
4613,178.56
4614,35.32599135
4615,34.82871285
4616,33.0234618
4617,33.79167875
4618,33.30615175
4619,34.32120865000001
4620,36.2132227
4621,36.18322389999999
4622,36.15639695000001
4623,36.02983639999999
4624,36.59675335
4625,36.10730315000001
4626,35.07238150000001
4627,34.79603830000001
4628,35.53066885
4629,34.8237852
4630,34.95720994999999
4631,34.556512
4632,169.0736044000001
4633,178.56
4634,178.56
4635,178.56
4636,178.56
4637,34.28302325
4638,34.06414525
4639,34.12599695
4640,34.23852165
4641,178.56
4642,34.615628
4643,34.96687205000001
4644,34.77278985000001
4645,35.13882855
4646,35.73925835000001
4647,35.62787825000001
4648,35.40132850000001
4649,35.91797475000001
4650,36.07932195
4651,35.8926283
4652,35.68334845
4653,35.55447835
4654,35.5453798
4655,35.46546025000001
4656,149.9084179999999
4657,178.56
4658,178.56
4659,178.56
4660,178.56
4661,178.56
4662,33.2013234
4663,32.99367525
4664,33.4060418
4665,32.44866995
4666,33.10923320000001
4667,32.76914485
4668,33.50201525000001
4669,34.1347484
4670,34.7713499
4671,35.0330167
4672,35.34519145
4673,35.01575465000001
4674,35.02660305
4675,35.00612055
4676,34.84925505
4677,35.06934139999999
4678,34.63672505000001
4679,34.3966084
4680,123.6409621
4681,178.56
4682,178.56
4683,178.56
4684,178.56
4685,178.56
4686,32.0806987
4687,32.09881965000001
4688,31.88117495000001
4689,32.27182995
4690,32.62134525
4691,32.5711937
4692,32.97866015
4693,33.78225495000001
4694,34.16319319999999
4695,34.89187860000001
4696,35.36481335000001
4697,35.30928980000001
4698,35.47965180000001
4699,34.06692985
4700,34.9772805
4701,34.6525867
4702,34.89410035
4703,33.80032325000001
4704,126.0814689000005
4705,178.56
4706,178.56
4707,178.56
4708,178.56
4709,178.56
4710,178.56
4711,178.56
4712,44.18903645
4713,44.23847695
4714,44.2225216
4715,44.39554615000001
4716,43.10469115
4717,42.72043825000001
4718,41.7952232
4719,42.4293682
4720,43.29383525000001
4721,42.95249974999999
4722,42.79246315
4723,43.61012555
4724,43.68128985000001
4725,43.41752330000001
4726,42.43274325
4727,44.45527155000001
4728,155.0873714000003
4729,178.56
4730,178.56
4731,178.56
4732,178.56
4733,178.56
4734,178.56
4735,43.69301485
4736,44.6897568
4737,178.56
4738,43.51630335000001
4739,44.2862795
4740,44.34699515
4741,43.58525855000001
4742,43.75351655000001
4743,42.71111500000001
4744,41.78998840000001
4745,41.90581335000001
4746,41.82374820000001
4747,41.34142990000001
4748,40.94812045
4749,40.76544195
4750,40.2919968
4751,41.05783
4752,138.2625682000002
4753,178.56
4754,178.56
4755,178.56
4756,178.56
4757,178.56
4758,178.56
4759,178.56
4760,42.6027084
4761,41.88196490000001
4762,42.28267164999999
4763,42.3831335
4764,42.25959840000001
4765,42.07422494999999
4766,41.60739854999999
4767,40.59128644999999
4768,43.02748835
4769,42.8721998
4770,42.23454395
4771,42.85723025000001
4772,42.81428869999999
4773,42.7488882
4774,42.89373499999999
4775,43.33769040000001
4776,109.9440529500007
4777,178.56
4778,178.56
4779,178.56
4780,178.56
4781,178.56
4782,178.56
4783,178.56
4784,40.6506297
4785,40.06447175
4786,40.2758136
4787,40.85383969999999
4788,42.34072354999999
4789,41.54732495
4790,41.74643875000001
4791,41.75294225
4792,41.10157149999999
4793,41.6862171
4794,42.59369345
4795,43.38579834999999
4796,43.18216469999999
4797,42.61379035
4798,43.0712386
4799,42.7282351
4800,96.18735930000076
4801,178.56
4802,178.56
4803,178.56
4804,178.56
4805,178.56
4806,178.56
4807,41.9192279
4808,42.53245505000001
4809,178.56
4810,43.93708995000001
4811,43.93692
4812,43.63646859999999
4813,43.67070995
4814,43.8852778
4815,43.9175401
4816,43.63428465
4817,42.92054575000001
4818,42.50987345
4819,42.59185480000001
4820,42.81197855000001
4821,43.12771055000001
4822,42.86951709999999
4823,43.01929470000001
4824,114.5347260000003
4825,178.56
4826,178.56
4827,178.56
4828,178.56
4829,178.56
4830,178.56
4831,178.56
4832,42.95762330000001
4833,42.82851494999999
4834,43.067412
4835,44.0575167
4836,43.98898145
4837,43.75766485
4838,44.7638487
4839,45.1082347
4840,44.94132349999999
4841,44.66928855
4842,44.98927309999999
4843,44.82621125000001
4844,45.02306985000001
4845,45.69060025000001
4846,45.62470515
4847,45.64598504999998
4848,164.0337611500001
4849,178.56
4850,178.56
4851,178.56
4852,178.56
4853,178.56
4854,178.56
4855,178.56
4856,45.4535235
4857,45.80271315
4858,45.61224345
4859,45.2887651
4860,45.38559659999998
4861,44.55406514999999
4862,45.06983220000001
4863,45.4531944
4864,44.73780510000001
4865,44.7003263
4866,43.77553305000001
4867,43.7091616
4868,43.1840538
4869,42.39270795
4870,43.06617849999999
4871,42.80976304999999
4872,161.7696314000003
4873,178.56
4874,178.56
4875,178.56
4876,178.56
4877,178.56
4878,178.56
4879,42.41400805000001
4880,42.30283035
4881,178.56
4882,42.94534835000001
4883,43.62923159999998
4884,44.84886975
4885,43.98063509999999
4886,45.0458332
4887,44.7918755
4888,44.19350685
4889,43.77251390000001
4890,42.23831985
4891,44.28391129999999
4892,44.4062817
4893,44.62396685
4894,45.36316099999998
4895,45.22294360000001
4896,154.54673145
4897,178.56
4898,178.56
4899,178.56
4900,178.56
4901,178.56
4902,178.56
4903,178.56
4904,42.32728665
4905,42.5471535
4906,43.0340819
4907,41.76585009999999
4908,41.63657624999999
4909,41.8232233
4910,41.03492155000001
4911,40.0889713
4912,41.20082850000001
4913,43.40450865
4914,42.93476635
4915,41.9431484
4916,41.80371865000001
4917,41.1141783
4918,41.5189735
4919,42.01849645
4920,116.1928957500011
4921,178.56
4922,178.56
4923,178.56
4924,178.56
4925,178.56
4926,178.56
4927,41.410387
4928,41.07933664999999
4929,178.56
4930,43.60467049999999
4931,44.64055370000001
4932,43.5890217
4933,43.2931903
4934,42.94549320000001
4935,42.1931252
4936,40.81786350000001
4937,40.76148324999998
4938,41.08244015
4939,41.46444665
4940,40.23821669999999
4941,39.70342824999999
4942,40.51111674999999
4943,40.77676175
4944,88.62211835000042
4945,178.56
4946,178.56
4947,178.56
4948,178.56
4949,178.56
4950,40.97466295
4951,40.32813385
4952,39.68297795000001
4953,178.56
4954,39.38923195
4955,39.22257704999999
4956,38.5655046
4957,38.6910653
4958,38.57178374999999
4959,37.52245185
4960,38.03523000000001
4961,39.96933729999999
4962,39.70249
4963,39.4891402
4964,40.04701835000001
4965,40.1678118
4966,39.74175835
4967,39.083587
4968,174.8473565500005
4969,178.56
4970,178.56
4971,178.56
4972,178.56
4973,178.56
4974,38.12865194999999
4975,37.13719835
4976,36.85535520000001
4977,178.56
4978,37.05495834999999
4979,37.71850959999999
4980,37.76138675000001
4981,38.07086685
4982,38.1012403
4983,38.27679539999999
4984,38.13202989999999
4985,37.3034313
4986,36.7853268
4987,36.37683665
4988,37.22625164999999
4989,37.10220344999999
4990,37.4135903
4991,37.47276535
4992,101.2134285500003
4993,178.56
4994,178.56
4995,178.56
4996,178.56
4997,178.56
4998,178.56
4999,37.9505565
5000,37.1513281
5001,36.94382659999999
5002,36.65945324999999
5003,35.98910855
5004,35.7416215
5005,36.86227825
5006,39.92031
5007,41.17655979999999
5008,41.01414004999999
5009,40.39384524999999
5010,40.55132385000001
5011,39.64776019999999
5012,39.34069
5013,39.95778469999999
5014,40.28510315
5015,41.21760484999999
5016,135.0270747000008
5017,178.56
5018,178.56
5019,178.56
5020,178.56
5021,178.56
5022,178.56
5023,37.08436159999999
5024,36.87231350000001
5025,36.14146865
5026,35.68043494999999
5027,36.76425970000001
5028,37.62333684999999
5029,38.83536655
5030,38.67683335
5031,39.6588164
5032,39.24169160000001
5033,40.17630144999999
5034,39.43949835
5035,39.77173015000001
5036,40.05510354999999
5037,38.08910495
5038,38.798948
5039,40.52596185
5040,127.4096126500005
5041,178.56
5042,178.56
5043,178.56
5044,178.56
5045,178.56
5046,40.1371049
5047,38.7014896
5048,37.7786397
5049,178.56
5050,37.88234164999999
5051,38.69281640000001
5052,38.53686809999999
5053,37.67330870000001
5054,38.8200719
5055,38.98878850000003
5056,39.46161810000001
5057,39.98066675
5058,38.4752385
5059,38.32112355000001
5060,38.22378645000001
5061,37.31010360000001
5062,38.1564569
5063,39.49907525
5064,154.6615287500009
5065,178.56
5066,178.56
5067,178.56
5068,178.56
5069,178.56
5070,37.64268994999999
5071,37.50544140000001
5072,36.2305734
5073,178.56
5074,36.5330266
5075,37.3955867
5076,38.66892379999999
5077,38.84918995000001
5078,39.04817455000001
5079,39.8598604
5080,39.7666852
5081,39.90859820000001
5082,38.14641159999999
5083,39.39182649999999
5084,39.90741
5085,40.19837325
5086,41.71103355
5087,41.36137495
5088,134.1443819000004
5089,178.56
5090,178.56
5091,178.56
5092,178.56
5093,178.56
5094,178.56
5095,41.7106313
5096,40.7462384
5097,178.56
5098,40.16313665
5099,39.7688188
5100,40.9201646
5101,41.94451634999999
5102,41.64965645
5103,42.508752
5104,43.34393975
5105,42.38596339999999
5106,43.40292700000001
5107,43.60444175000001
5108,43.93111870000001
5109,43.86084169999999
5110,43.99815319999998
5111,43.32172185
5112,115.0597184
5113,178.56
5114,178.56
5115,178.56
5116,178.56
5117,178.56
5118,178.56
5119,41.6403604
5120,41.5035697
5121,178.56
5122,43.48519140000001
5123,44.81554524999999
5124,43.22515995
5125,43.39671859999999
5126,43.24064174999999
5127,42.66297125
5128,41.8210266
5129,41.7923666
5130,42.26426110000001
5131,44.20137515
5132,43.95601469999999
5133,44.21568325
5134,43.84688514999998
5135,44.38334974999999
5136,143.1412121000001
5137,178.56
5138,178.56
5139,178.56
5140,178.56
5141,178.56
5142,178.56
5143,43.44520325
5144,43.26509165
5145,43.1408418
5146,43.09300485000001
5147,43.39570075
5148,43.6792951
5149,178.56
5150,43.54253700000001
5151,43.82523205
5152,42.6031454
5153,41.8299316
5154,41.60974349999999
5155,41.3379103
5156,42.61659965
5157,44.23370545
5158,43.98377985
5159,43.8817683
5160,156.8006100000003
5161,178.56
5162,178.56
5163,178.56
5164,178.56
5165,178.56
5166,178.56
5167,42.39308995000001
5168,41.62116039999999
5169,41.57959310000001
5170,41.37885709999999
5171,41.60281175
5172,42.1766952
5173,178.56
5174,43.61519165000001
5175,44.12580654999999
5176,45.02512544999999
5177,45.16133694999999
5178,44.25285975000001
5179,43.66085335
5180,43.87349665000001
5181,44.3028584
5182,44.31774015
5183,44.5058528
5184,144.6557112000003
5185,178.56
5186,178.56
5187,178.56
5188,178.56
5189,178.56
5190,178.56
5191,178.56
5192,42.14019535
5193,42.30992019999999
5194,41.6401067
5195,41.8104367
5196,39.64018659999999
5197,39.09538845000001
5198,39.20237649849999
5199,38.479103116
5200,40.17121039999999
5201,39.9077
5202,39.9237
5203,39.93969999999999
5204,39.9557
5205,39.9717
5206,39.9877
5207,40.00369999999999
5208,73.2519024145001
5209,178.56
5210,178.56
5211,178.56
5212,178.56
5213,178.56
5214,178.56
5215,39.74769999999999
5216,39.7637
5217,39.8272017
5218,39.7261431
5219,38.58758304999999
5220,38.4938217
5221,39.34373144999999
5222,39.20202815
5223,38.46111839999999
5224,37.9038716
5225,37.73303725000001
5226,39.1811997
5227,39.0601405
5228,39.64143
5229,41.73919835000001
5230,41.88164285000001
5231,43.18378179999999
5232,166.0517492000007
5233,178.56
5234,178.56
5235,178.56
5236,178.56
5237,178.56
5238,178.56
5239,38.22354004999999
5240,37.82524315
5241,38.5156534
5242,38.18440144999999
5243,39.72883325000001
5244,39.1481382
5245,178.56
5246,39.38009965
5247,40.88251155
5248,40.27094355000001
5249,40.715833
5250,40.28523379999999
5251,40.29648499999999
5252,40.5180751
5253,42.49640209999999
5254,44.34060170000001
5255,44.77318989999999
5256,67.2875429500002
5257,178.56
5258,178.56
5259,178.56
5260,178.56
5261,178.56
5262,178.56
5263,43.4701913
5264,43.13950759999999
5265,42.89304834999998
5266,42.49319374999999
5267,43.41383335
5268,43.99761705
5269,178.56
5270,44.04118514999999
5271,43.33045155
5272,42.59335535
5273,40.98771695
5274,42.61609614999999
5275,47.08220195000001
5276,47.13932350000001
5277,46.2528649
5278,46.99774335
5279,46.84254695
5280,176.5595091000004
5281,178.56
5282,178.56
5283,178.56
5284,178.56
5285,178.56
5286,178.56
5287,178.56
5288,178.56
5289,45.4926048
5290,45.74224519999999
5291,46.40268065
5292,46.63220805000001
5293,47.7797966
5294,44.04688715
5295,42.26645800000001
5296,43.19771355000002
5297,42.98905665
5298,43.48033
5299,44.25027045
5300,44.12182175
5301,43.92757489999999
5302,43.6235485
5303,43.1384797
5304,78.83010715000066
5305,178.56
5306,178.56
5307,178.56
5308,178.56
5309,178.56
5310,178.56
5311,42.63596965000001
5312,42.20947635
5313,178.56
5314,41.88857820000001
5315,41.58326845
5316,41.8013383
5317,42.15885139999998
5318,43.62553165
5319,44.33396295
5320,44.4015535
5321,44.94740475
5322,45.2851731
5323,45.50208905
5324,45.73891355
5325,45.5039299
5326,44.332241
5327,45.27222325
5328,152.3522636500004
5329,178.56
5330,178.56
5331,178.56
5332,178.56
5333,178.56
5334,178.56
5335,178.56
5336,178.56
5337,44.59194309999999
5338,45.0450833
5339,44.8929484
5340,45.88144009999999
5341,46.0849349
5342,45.20247295
5343,44.87061690000001
5344,45.43476505000002
5345,45.5091012
5346,44.87208665
5347,45.56099355
5348,46.65732130000002
5349,47.11629145
5350,45.00756885000001
5351,45.61657825000001
5352,67.5171343500005
5353,178.56
5354,178.56
5355,178.56
5356,178.56
5357,178.56
5358,178.56
5359,178.56
5360,178.56
5361,46.1765305
5362,45.97119210000001
5363,45.5311872
5364,45.5538054
5365,45.44755835
5366,45.36037755
5367,44.62434544999999
5368,44.47156839999999
5369,44.16341680000001
5370,45.8242837
5371,45.99135010000001
5372,46.47692204999999
5373,45.92006005000002
5374,46.3488349
5375,46.89210165
5376,97.07415910000063
5377,178.56
5378,178.56
5379,178.56
5380,178.56
5381,178.56
5382,178.56
5383,178.56
5384,44.4940479
5385,178.56
5386,43.65613165000001
5387,44.9659881
5388,46.13102989999998
5389,46.0147913
5390,46.56672979999999
5391,46.22145345000002
5392,46.48158005
5393,45.96428230000001
5394,46.0282966
5395,46.5932883
5396,46.19667819999998
5397,47.5154083
5398,48.1340066
5399,48.44948165
5400,109.368790500001
5401,178.56
5402,178.56
5403,178.56
5404,178.56
5405,178.56
5406,178.56
5407,178.56
5408,178.56
5409,46.09743995
5410,46.35291
5411,45.8250884
5412,47.69202164999998
5413,48.3216927
5414,48.58801644999998
5415,47.5343582
5416,46.2313299
5417,47.76499979999999
5418,46.29856685
5419,46.93658015
5420,45.02884464999999
5421,43.5812032
5422,44.18958990000001
5423,42.94841825
5424,98.32716455000076
5425,178.56
5426,178.56
5427,178.56
5428,178.56
5429,178.56
5430,36.46762680000001
5431,36.22989345
5432,35.6048686
5433,178.56
5434,35.26547165
5435,36.21617815
5436,38.6313147
5437,41.55890519999999
5438,41.20897075
5439,40.02276395
5440,40.21105984999999
5441,38.5891783
5442,38.12713639999999
5443,38.35012035
5444,37.61119015
5445,38.4146069
5446,38.54561195
5447,37.4960419
5448,100.2649468500002
5449,178.56
5450,178.56
5451,178.56
5452,178.56
5453,178.56
5454,178.56
5455,38.906432
5456,38.79134855
5457,38.61125555
5458,38.60991185
5459,37.9663523
5460,38.3527218
5461,40.27538775
5462,40.9731502
5463,41.16159330000001
5464,42.3881618
5465,42.39015475
5466,42.03092674999999
5467,41.91558685
5468,42.25962465000001
5469,41.55670175000001
5470,40.67710040000001
5471,39.65438795000001
5472,157.6251681999998
5473,178.56
5474,178.56
5475,178.56
5476,178.56
5477,178.56
5478,35.37101860000001
5479,35.22696834999999
5480,35.17387015000001
5481,34.96422339999999
5482,34.9341519
5483,34.7511251
5484,34.4531299
5485,34.4133417
5486,33.56045155
5487,33.8592804
5488,33.94734829999999
5489,34.4347349
5490,34.83445185000001
5491,35.14427975
5492,35.4695819
5493,35.36223475
5494,35.56156845
5495,36.05197975
5496,174.4992984000004
5497,178.56
5498,178.56
5499,178.56
5500,178.56
5501,178.56
5502,178.56
5503,33.59587000000001
5504,33.56108659999999
5505,33.9066466
5506,34.48890839999999
5507,34.97160135
5508,35.4065361
5509,34.6117266
5510,35.11858365
5511,41.10140519999999
5512,45.60584525
5513,45.79630495
5514,46.65461225
5515,38.04234014999999
5516,37.46589845
5517,37.84522784999999
5518,37.42128355
5519,37.78039159999999
5520,69.67453475000062
5521,178.56
5522,178.56
5523,178.56
5524,178.56
5525,178.56
5526,178.56
5527,36.58939204999999
5528,36.3201981
5529,35.3563365
5530,34.12317664999999
5531,35.80969155000001
5532,37.71739835
5533,37.67097320000001
5534,38.42908844999999
5535,39.04874955
5536,38.93528010000001
5537,39.55956140000001
5538,39.53563195
5539,42.61751510000001
5540,43.1499657
5541,42.03457814999999
5542,41.93984499999999
5543,41.42412369999998
5544,113.4909862000002
5545,178.56
5546,178.56
5547,178.56
5548,178.56
5549,178.56
5550,178.56
5551,39.22860325
5552,39.00185185000001
5553,38.42150495
5554,37.94745485000001
5555,37.6970166
5556,38.4404837
5557,39.51294175
5558,39.91443645
5559,39.8888201
5560,40.31148999999999
5561,39.4035081
5562,38.20840824999999
5563,39.41514020000001
5564,39.78165504999999
5565,39.2874934
5566,38.46523824999999
5567,38.45241849999999
5568,145.5754183500006
5569,178.56
5570,178.56
5571,178.56
5572,178.56
5573,178.56
5574,36.49945325
5575,36.37098650000001
5576,36.33919174999999
5577,178.56
5578,36.15185155
5579,36.50645004999999
5580,36.90044650000001
5581,37.51935690000001
5582,37.79581819999999
5583,37.72952015000001
5584,37.51473994999999
5585,38.457325
5586,39.06455665000001
5587,38.99492195000001
5588,38.74039490000001
5589,38.31179365000001
5590,38.07050335
5591,39.04436544999999
5592,84.52762205000067
5593,178.56
5594,178.56
5595,178.56
5596,178.56
5597,178.56
5598,36.78860675000001
5599,36.68307425
5600,36.45373825000001
5601,178.56
5602,35.93977155
5603,36.86943204999999
5604,36.7667239
5605,35.5899199
5606,36.3887901
5607,37.13936999999999
5608,36.303365
5609,37.18411159999999
5610,37.26338010000001
5611,38.38682344999999
5612,38.2263098
5613,37.75647685000001
5614,38.19604970000001
5615,38.69062365
5616,86.80060800000041
5617,178.56
5618,178.56
5619,37.15399665
5620,178.56
5621,178.56
5622,178.56
5623,37.64289825
5624,37.72011315
5625,37.95053995000001
5626,38.09760534999999
5627,37.99473135
5628,39.0900512
5629,178.56
5630,39.7206717
5631,40.37800800000001
5632,41.19887785000001
5633,41.23357825
5634,41.55462645
5635,41.01124049999999
5636,41.11186694999999
5637,37.98069340000001
5638,37.56402665
5639,37.20356974999999
5640,134.4291498000006
5641,178.56
5642,178.56
5643,178.56
5644,178.56
5645,178.56
5646,40.03202940000001
5647,39.93969795
5648,39.99934990000001
5649,178.56
5650,40.0213222
5651,40.1028089
5652,40.39032509999999
5653,40.5976513
5654,40.45992664999999
5655,40.06513145
5656,39.04452854999999
5657,39.29616685000001
5658,41.23777139999999
5659,41.76028465
5660,41.7586854
5661,41.44596845
5662,38.22763865000001
5663,38.35213504999999
5664,164.7964559500001
5665,178.56
5666,178.56
5667,178.56
5668,178.56
5669,178.56
5670,36.9386095
5671,37.22377975
5672,37.0032801
5673,178.56
5674,36.98374530000001
5675,37.2469335
5676,35.10022355
5677,32.5235599
5678,33.59205865000001
5679,35.4250387
5680,35.49678984999999
5681,37.5341683
5682,38.9479751
5683,38.31484625
5684,37.57989505
5685,36.27435485
5686,36.38852975
5687,36.88570674999999
5688,85.6904286500002
5689,178.56
5690,178.56
5691,178.56
5692,178.56
5693,178.56
5694,36.34259285000001
5695,37.1157416
5696,36.92743485
5697,178.56
5698,36.5944914
5699,37.12618994999999
5700,38.0560152
5701,38.24598025
5702,36.1614381
5703,37.61434985
5704,37.01048155
5705,37.2404866
5706,35.9851802
5707,36.59270489999999
5708,36.27461649999999
5709,35.37853344999999
5710,34.36678525000001
5711,34.99801505
5712,66.36094105000015
5713,178.56
5714,178.56
5715,178.56
5716,178.56
5717,178.56
5718,36.93327515
5719,36.10485985
5720,35.44221474999999
5721,178.56
5722,34.84551005
5723,35.46286154999999
5724,35.05110814999999
5725,37.10146635
5726,36.3625185
5727,37.10112659999999
5728,39.1177697
5729,39.1969833
5730,39.36773520000001
5731,39.4309981
5732,40.13431499999999
5733,40.9839865
5734,40.8169838
5735,40.16352355
5736,91.03120870000058
5737,178.56
5738,178.56
5739,178.56
5740,178.56
5741,178.56
5742,178.56
5743,41.0341985
5744,40.5607168
5745,178.56
5746,42.33493315
5747,42.58618695
5748,42.27755845
5749,41.33615445
5750,40.46005519999999
5751,41.13830975
5752,41.09142635000001
5753,40.87941555
5754,40.5262919
5755,41.30046650000001
5756,41.55368154999999
5757,41.88409894999999
5758,41.64854645000001
5759,39.71904995
5760,44.86308605000005
5761,178.56
5762,178.56
5763,178.56
5764,178.56
5765,178.56
5766,178.56
5767,40.61948000000001
5768,40.60022504999999
5769,40.68314165
5770,40.57370515000001
5771,43.74828165000001
5772,46.5521764
5773,178.56
5774,45.3340633
5775,42.04768059999999
5776,40.94633635
5777,40.51852355000001
5778,41.69817649999999
5779,42.32555665
5780,40.74655645000001
5781,40.03349465000001
5782,38.25009665
5783,37.79828490000001
5784,53.73225620000078
5785,178.56
5786,178.56
5787,178.56
5788,178.56
5789,178.56
5790,35.98516644999999
5791,35.52877190000001
5792,35.5102134
5793,178.56
5794,35.58450870000001
5795,36.44800315000001
5796,37.41720795
5797,38.8171362
5798,37.32721805
5799,35.49351365
5800,36.5964603
5801,35.40933475
5802,37.93810129999999
5803,40.08956825
5804,38.50664484999999
5805,36.9757518
5806,35.99432645
5807,35.71574665
5808,54.9440002000004
5809,178.56
5810,178.56
5811,178.56
5812,178.56
5813,36.32587055
5814,36.40160874999999
5815,36.19434519999999
5816,35.65086665
5817,178.56
5818,35.12509334999999
5819,35.20382994999999
5820,34.7407989
5821,34.81260500000001
5822,35.42685825
5823,36.5280637
5824,35.64664645
5825,34.34712035
5826,34.1138598
5827,34.76047139999999
5828,34.45439175000001
5829,35.03705640000001
5830,35.77109965
5831,36.08384340000001
5832,175.7051808000002
5833,178.56
5834,178.56
5835,178.56
5836,178.56
5837,35.28501365000001
5838,34.8418268
5839,35.79405515000001
5840,33.43676845
5841,178.56
5842,32.71569020000001
5843,33.22921995
5844,33.14026140000001
5845,32.11137175
5846,32.3087431
5847,32.96437495
5848,32.5216384
5849,32.57181114999999
5850,33.4764464
5851,33.6829116
5852,34.16281815000001
5853,35.70327134999999
5854,35.64353695
5855,36.42867500000001
5856,120.2822651000002
5857,178.56
5858,178.56
5859,178.56
5860,178.56
5861,178.56
5862,178.56
5863,34.77309015
5864,34.66411155
5865,34.8511248
5866,34.59415979999999
5867,33.89103505
5868,33.9563334
5869,34.76977864999999
5870,33.6919388
5871,35.48599680000001
5872,38.55031590000001
5873,38.9641134
5874,37.07034845
5875,35.70436315000001
5876,38.4394898
5877,38.1273049
5878,37.19433480000001
5879,35.92144655
5880,48.92650304999992
5881,178.56
5882,178.56
5883,178.56
5884,178.56
5885,178.56
5886,36.85497340000001
5887,36.97444715
5888,36.78249194999999
5889,178.56
5890,35.59858875
5891,35.2641284
5892,34.85395154999999
5893,35.2771167
5894,36.98933495000001
5895,37.33788325
5896,36.9411637
5897,38.81420175
5898,38.07567525000001
5899,39.6821102
5900,39.53664815
5901,38.3360483
5902,38.64479505
5903,38.6512618
5904,90.45548670000018
5905,178.56
5906,178.56
5907,178.56
5908,178.56
5909,178.56
5910,39.9194268
5911,37.7557403
5912,36.06895845
5913,178.56
5914,35.00194825000001
5915,36.69530169999999
5916,38.02339954999999
5917,37.54394145000001
5918,36.89486315
5919,36.8077747
5920,38.57451639999999
5921,38.82050829999999
5922,37.99680545
5923,38.21498475
5924,38.21527295
5925,36.68905515
5926,37.8770135
5927,38.57255680000001
5928,122.0664064500003
5929,178.56
5930,178.56
5931,178.56
5932,178.56
5933,178.56
5934,178.56
5935,40.14041169999998
5936,37.87458974999998
5937,37.17522355
5938,36.3535186
5939,36.348068
5940,37.12954034999998
5941,37.89650985
5942,38.93701369999999
5943,39.90473365
5944,39.53802495000001
5945,39.98520690000001
5946,40.7099187
5947,40.31501285
5948,40.28886519999999
5949,39.92789464999998
5950,39.8345184
5951,39.3648867
5952,157.3271435000005
5953,178.56
5954,178.56
5955,178.56
5956,178.56
5957,178.56
5958,178.56
5959,38.98434800000001
5960,37.44610310000001
5961,178.56
5962,36.8140883
5963,37.62355495000001
5964,38.01705665
5965,39.95400525
5966,42.3033618
5967,42.10011335
5968,47.26171184999999
5969,44.60702175
5970,43.59277955
5971,42.42398784999999
5972,43.31646815
5973,43.58009714999999
5974,43.63182815
5975,42.73261004999999
5976,56.18212100000073
5977,178.56
5978,178.56
5979,178.56
5980,178.56
5981,178.56
5982,36.97443309999999
5983,37.16661635000001
5984,37.02874490000001
5985,178.56
5986,36.79480195
5987,37.21728855
5988,38.11823835
5989,38.17275705
5990,38.44696375
5991,38.1376202
5992,38.4677619
5993,38.95947529999999
5994,38.28260335
5995,37.91639020000001
5996,38.06798324999999
5997,37.82830645
5998,38.1895416
5999,37.77941955000001
6000,117.1215398000007
6001,178.56
6002,178.56
6003,36.56344295
6004,178.56
6005,178.56
6006,178.56
6007,35.60949325
6008,35.2599269
6009,34.56512489999999
6010,34.28011015000001
6011,34.26437505
6012,33.80312175
6013,178.56
6014,36.82534304999999
6015,37.92819775
6016,38.37880809999999
6017,39.84613010000001
6018,41.18841834999999
6019,41.3209083
6020,40.94461174999998
6021,40.05412004999999
6022,39.33416545
6023,39.7050432
6024,84.91457605000008
6025,178.56
6026,178.56
6027,38.69311645000001
6028,178.56
6029,178.56
6030,178.56
6031,37.4792181
6032,36.9204506
6033,38.84192529999999
6034,39.8129077
6035,40.81426985000001
6036,43.64476695
6037,178.56
6038,38.55885195
6039,38.95349024999999
6040,39.63073654999999
6041,40.52935865000001
6042,40.38932360000001
6043,40.1578782
6044,40.54267139999999
6045,38.7101034
6046,38.55177150000001
6047,38.7757455
6048,151.3123380500002
6049,38.35694834999999
6050,178.56
6051,39.48808679999999
6052,178.56
6053,178.56
6054,39.6529152
6055,39.72481304999999
6056,178.56
6057,149.3955029500006
6058,38.2209882
6059,37.00478690000001
6060,37.05576635
6061,37.6443345
6062,37.2139368
6063,38.6076315
6064,39.5625186
6065,39.1538265
6066,40.67079485
6067,41.09102650000001
6068,40.67228800000001
6069,40.36509045
6070,178.56
6071,178.56
6072,40.4405902
6073,40.27787825
6074,178.56
6075,41.35051505
6076,178.56
6077,178.56
6078,40.54173309999999
6079,40.50927835
6080,178.56
6081,178.56
6082,42.78523655
6083,43.5565704
6084,41.62243469999999
6085,41.3156211
6086,40.6994881
6087,40.24395485
6088,38.93881835
6089,38.60395490000001
6090,43.53954569000015
6091,39.06878641500001
6092,40.39239335000001
6093,40.49949150000002
6094,178.56
6095,178.56
6096,41.127961925
6097,178.56
6098,178.56
6099,178.56
6100,178.56
6101,37.5999267825
6102,37.11745140000001
6103,36.5389935
6104,33.461004905
6105,178.56
6106,18.93115
6107,18.94714999999999
6108,18.96315
6109,18.97914999999999
6110,17.996973358
6111,28.553943345
6112,32.96435151000001
6113,32.35661476999999
6114,32.23353835
6115,32.227905
6116,32.244015
6117,32.2378866
6118,32.20977665
6119,32.3132267
6120,59.19621915550019
6121,32.26802675
6122,178.56
6123,32.27109650000001
6124,178.56
6125,178.56
6126,32.31580495000001
6127,32.36783
6128,178.56
6129,71.34485535000059
6130,36.3974081
6131,37.6292199
6132,38.8741036
6133,38.54114665
6134,37.98945505
6135,39.11988395
6136,39.1921114
6137,40.00705975
6138,40.0180002
6139,43.3025949
6140,44.49861979999999
6141,45.63819635
6142,178.56
6143,178.56
6144,41.75587820000001
6145,178.56
6146,178.56
6147,178.56
6148,178.56
6149,178.56
6150,178.56
6151,39.55354379999999
6152,39.66452875
6153,178.56
6154,39.67458354999999
6155,39.19772815
6156,38.97794345
6157,39.28623175000001
6158,39.0051401
6159,39.05828365
6160,39.56537825000001
6161,39.18121635000001
6162,39.64022340000001
6163,40.27401955
6164,40.84302649999999
6165,40.6413553
6166,41.02169290000001
6167,40.41256325
6168,44.00392940000022
6169,178.56
6170,178.56
6171,40.04008510000001
6172,178.56
6173,178.56
6174,178.56
6175,38.82521449999999
6176,38.3844216
6177,37.39377475000001
6178,38.05089159999999
6179,39.2065657
6180,39.5119386
6181,178.56
6182,39.3581301
6183,39.7816617
6184,40.2671601
6185,39.42528825
6186,39.76571474999999
6187,40.30091505
6188,39.71933985
6189,40.1854234
6190,40.0288334
6191,40.17182865000001
6192,156.2663501
6193,178.56
6194,178.56
6195,38.52353315000001
6196,178.56
6197,178.56
6198,178.56
6199,39.15417015
6200,38.72694355000001
6201,39.1499432
6202,38.12490305000001
6203,37.53106325
6204,35.97127654999999
6205,178.56
6206,35.6008599
6207,36.30054735000001
6208,36.34507325
6209,36.55309655
6210,36.8452518
6211,36.91086160000001
6212,36.77775645000001
6213,36.75118615
6214,36.8888103
6215,37.41411034999999
6216,100.8470277999999
6217,178.56
6218,38.06689165
6219,178.56
6220,178.56
6221,178.56
6222,38.0619301
6223,38.05494040000001
6224,38.0619933
6225,37.689767
6226,37.28151485000001
6227,178.56
6228,35.10926165000001
6229,35.41172
6230,35.49278515
6231,34.59274135
6232,34.51339000000001
6233,34.16760015
6234,34.47625535
6235,34.45139014999999
6236,34.28732005000001
6237,34.27112655000001
6238,178.56
6239,34.57068345
6240,54.05125174999971
6241,178.56
6242,34.36473165
6243,34.3393165
6244,178.56
6245,178.56
6246,178.56
6247,34.06956635
6248,34.2587072
6249,34.09293125000001
6250,34.02238025
6251,33.668395
6252,33.70522190000001
6253,178.56
6254,34.44888535
6255,34.47232825
6256,34.68801505
6257,34.7749838
6258,34.9418298
6259,34.79358195
6260,34.69252335000001
6261,34.94812164999999
6262,35.2086698
6263,35.15064
6264,142.8060991000002
6265,178.56
6266,35.01952489999999
6267,34.57962990000001
6268,178.56
6269,178.56
6270,178.56
6271,33.91637325000001
6272,34.0378264
6273,34.5163216
6274,33.98259660000001
6275,34.03152345
6276,34.70448045
6277,178.56
6278,35.15844005
6279,35.4422167
6280,35.8305117
6281,37.62847474999999
6282,36.89779445
6283,37.04964515
6284,36.3531933
6285,36.54917189999999
6286,36.538442
6287,36.02930150000001
6288,166.9361381500002
6289,178.56
6290,36.05387349999999
6291,35.63178009999999
6292,178.56
6293,178.56
6294,178.56
6295,34.2894022
6296,34.5754516
6297,34.23725155
6298,33.8611754
6299,36.29255490000001
6300,36.63234005
6301,178.56
6302,37.09852815
6303,36.31462645000001
6304,36.38529640000001
6305,36.2567933
6306,35.86614195
6307,35.6292517
6308,35.8851249
6309,35.45250775
6310,35.23472145
6311,35.41693154999999
6312,176.7045951000003
6313,178.56
6314,35.63900845
6315,35.53554800000001
6316,178.56
6317,178.56
6318,178.56
6319,35.0963432
6320,35.15614184999999
6321,34.87033849999999
6322,34.68214185
6323,34.6146881
6324,34.5539449
6325,178.56
6326,34.27570859999999
6327,34.51374385
6328,34.29406839999999
6329,34.3070616
6330,34.41859669999999
6331,34.34751335000001
6332,34.46071635000001
6333,34.47380175
6334,34.4830182
6335,34.23395485
6336,151.8093783
6337,178.56
6338,33.5742533
6339,33.60862324999999
6340,178.56
6341,178.56
6342,178.56
6343,33.80490655
6344,33.8278737
6345,33.7384382
6346,33.64165214999999
6347,33.63143485
6348,33.73899175
6349,178.56
6350,34.42732540000001
6351,34.31004185
6352,35.01445805
6353,34.89176675
6354,34.99769155
6355,35.2381101
6356,35.44686685
6357,35.63954525
6358,35.54341785
6359,36.64321165
6360,140.2730921500003
6361,178.56
6362,36.17377395000001
6363,36.89159174999999
6364,178.56
6365,178.56
6366,178.56
6367,35.25914340000001
6368,34.87842805
6369,34.96233545
6370,35.1703219
6371,35.60402805
6372,35.3044929
6373,178.56
6374,34.67711665
6375,34.70811380000001
6376,34.47884980000001
6377,35.7527367
6378,35.26216825
6379,35.00942025000001
6380,33.9083519
6381,34.0172833
6382,34.05750150000001
6383,34.1122582
6384,163.0082222000005
6385,178.56
6386,178.56
6387,178.56
6388,178.56
6389,34.0006168
6390,33.7751202
6391,33.68793975
6392,33.3736652
6393,178.56
6394,33.29357450000001
6395,33.18666835
6396,33.03321325
6397,33.23568155
6398,33.67930689999999
6399,36.9623981
6400,37.49438980000001
6401,37.8375481
6402,37.9700018
6403,37.0388646
6404,36.96787310000001
6405,37.2159369
6406,34.53427820000001
6407,34.04491994999999
6408,141.2071238500008
6409,178.56
6410,33.84925315
6411,34.35194865
6412,178.56
6413,178.56
6414,178.56
6415,34.22992834999999
6416,34.37959634999999
6417,34.42353665
6418,34.19181715
6419,33.9168666
6420,34.71724014999999
6421,178.56
6422,34.63870844999999
6423,35.62780470000001
6424,36.1851702
6425,36.98950295000001
6426,37.28600355
6427,36.95179975
6428,36.5528617
6429,37.16553795000001
6430,37.05303940000001
6431,37.60673880000002
6432,165.5160016000001
6433,178.56
6434,178.56
6435,39.5207934
6436,178.56
6437,178.56
6438,178.56
6439,38.57360849999999
6440,37.61594334999999
6441,37.55883005
6442,37.5992866
6443,37.046715
6444,36.96408175000001
6445,178.56
6446,37.54356980000001
6447,37.79584970000001
6448,38.44170979999999
6449,38.81898690000001
6450,39.81189704999999
6451,40.46177179999999
6452,40.18278789999998
6453,39.50973025
6454,38.97957970000001
6455,39.29864819999999
6456,132.9396379500004
6457,178.56
6458,178.56
6459,38.84719024999999
6460,178.56
6461,178.56
6462,178.56
6463,38.64144144999998
6464,38.70950845000001
6465,38.69808145
6466,38.42428655
6467,38.9407137
6468,38.77297675000001
6469,178.56
6470,39.3172836
6471,38.00127504999999
6472,38.20444005
6473,36.4308315
6474,37.0161913
6475,37.42008855
6476,37.60143650000001
6477,37.61926975
6478,36.5355633
6479,37.31239715
6480,117.4118026500001
6481,178.56
6482,178.56
6483,38.21573589999999
6484,178.56
6485,178.56
6486,178.56
6487,37.34036149999999
6488,37.1718001
6489,37.12964659999999
6490,37.93317329999999
6491,39.12514650000001
6492,39.48630835
6493,178.56
6494,39.0560153
6495,38.64708525
6496,38.53286344999999
6497,38.43736009999999
6498,38.33444959999999
6499,38.2818286
6500,38.52967140000001
6501,38.49809665
6502,38.4260968
6503,38.22224355
6504,113.5987980500002
6505,178.56
6506,178.56
6507,37.69101655
6508,178.56
6509,178.56
6510,178.56
6511,36.17672645000001
6512,35.83418175
6513,36.1548633
6514,36.22445175000001
6515,36.48279980000001
6516,36.55951995000001
6517,178.56
6518,37.32846529999999
6519,37.40186659999999
6520,37.72392309999999
6521,38.30968655000001
6522,38.68029005
6523,38.20006135000001
6524,38.4020897
6525,38.12422489999999
6526,39.25733029999999
6527,39.25022970000001
6528,91.5667862
6529,178.56
6530,178.56
6531,40.3192833
6532,178.56
6533,178.56
6534,178.56
6535,38.69990669999999
6536,38.63832005000002
6537,38.83154819999999
6538,39.02222765
6539,38.78608975000002
6540,39.84884989999999
6541,178.56
6542,39.62194710000001
6543,40.3107432
6544,40.10619359999999
6545,39.93915345
6546,40.0923418
6547,39.8984432
6548,39.80953984999999
6549,39.43797319999999
6550,39.3911634
6551,40.04507170000001
6552,159.3523247500002
6553,40.45508795
6554,178.56
6555,40.11923009999999
6556,178.56
6557,178.56
6558,39.9210769
6559,39.6463463
6560,178.56
6561,163.7001962500002
6562,40.03598794999998
6563,41.5224499
6564,41.20232629999999
6565,40.1317836
6566,39.6032826
6567,40.85865345000001
6568,40.34186855
6569,40.07978805
6570,40.03512325000001
6571,38.9878449
6572,37.9765182
6573,38.5657102
6574,178.56
6575,178.56
6576,39.45627354999999
6577,39.571532
6578,178.56
6579,38.03381385000001
6580,178.56
6581,178.56
6582,37.5208583
6583,37.44818015000001
6584,178.56
6585,80.38432485000001
6586,37.10666964999999
6587,37.6041582
6588,37.1682419
6589,36.83909815000001
6590,36.87922460000001
6591,37.04498974999999
6592,36.98936190000001
6593,37.11684645
6594,37.1305732
6595,36.97664165
6596,36.62492985
6597,36.80701195
6598,178.56
6599,178.56
6600,36.1083684
6601,36.51613515000001
6602,178.56
6603,36.61943335
6604,178.56
6605,178.56
6606,36.7744717
6607,36.634125
6608,178.56
6609,74.34167929999991
6610,36.67974165
6611,36.69697
6612,36.7111733
6613,36.73021665
6614,36.74091835
6615,36.75657
6616,36.8739717
6617,36.8652033
6618,36.95967
6619,37.16356835
6620,36.85297835
6621,37.71150525000001
6622,178.56
6623,178.56
6624,38.37508330000001
6625,38.24989985
6626,178.56
6627,37.74451345
6628,178.56
6629,178.56
6630,37.34460175000001
6631,37.37499369999999
6632,178.56
6633,126.3113989999999
6634,38.17704295000001
6635,38.9949982
6636,39.07676024999999
6637,38.91188295000001
6638,39.62658465000001
6639,38.74878025
6640,38.11037230000001
6641,37.77939515000001
6642,38.0041752
6643,38.91132139999999
6644,38.4594183
6645,39.19789845
6646,178.56
6647,178.56
6648,41.4114867
6649,40.3280932
6650,178.56
6651,39.85656844999999
6652,178.56
6653,178.56
6654,40.0726569
6655,39.99865810000001
6656,178.56
6657,156.7146106500005
6658,41.15067329999999
6659,41.3984436
6660,40.85067505000001
6661,40.32208314999999
6662,39.17648355000001
6663,40.29950525
6664,39.6555785
6665,39.44332854999999
6666,38.79995145000002
6667,39.50462484999999
6668,39.13525815
6669,38.10607495000001
6670,178.56
6671,178.56
6672,37.61604685
6673,37.40601635
6674,178.56
6675,37.0115103
6676,178.56
6677,178.56
6678,36.97558850000001
6679,36.88681265
6680,178.56
6681,111.1155580000002
6682,38.1991345
6683,38.27352705
6684,38.64391009999999
6685,38.42452844999999
6686,38.2680666
6687,38.21287839999999
6688,38.55974009999999
6689,37.95854870000002
6690,38.2370082
6691,38.6634735
6692,39.66375369999999
6693,39.59507194999999
6694,178.56
6695,178.56
6696,41.41390675000001
6697,40.33846989999999
6698,178.56
6699,38.25425355000001
6700,178.56
6701,178.56
6702,38.2009335
6703,37.8927816
6704,178.56
6705,133.5011832000003
6706,36.83856350000001
6707,37.9120484
6708,38.99853219999999
6709,38.30329004999999
6710,38.30744655
6711,39.54551014999999
6712,39.82998325000001
6713,40.1590803
6714,40.589487
6715,40.98364814999999
6716,40.50833340000001
6717,40.53151985
6718,178.56
6719,178.56
6720,38.40872475
6721,178.56
6722,178.56
6723,38.80839640000001
6724,178.56
6725,178.56
6726,178.56
6727,35.13907865
6728,35.00291194999999
6729,35.14354144999999
6730,36.69004519999999
6731,37.62634190000001
6732,38.39923365
6733,178.56
6734,38.69869849999999
6735,38.27405674999999
6736,38.17002815000001
6737,38.31423354999998
6738,38.4912003
6739,38.16601644999999
6740,36.33977305
6741,36.21838345
6742,35.9070598
6743,35.66206690000001
6744,86.04178300000007
6745,178.56
6746,36.18682680000001
6747,35.6531198
6748,178.56
6749,178.56
6750,178.56
6751,35.39572649999999
6752,35.48925855
6753,35.27985
6754,35.29585
6755,35.31185
6756,35.32785
6757,178.56
6758,35.35985
6759,35.37585
6760,35.39185
6761,35.40785
6762,35.42385
6763,35.43985
6764,35.45585
6765,35.47185
6766,35.48785
6767,35.50385
6768,174.1873378499996
6769,178.56
6770,35.17985
6771,35.19585
6772,178.56
6773,178.56
6774,178.56
6775,35.24785
6776,35.26385
6777,35.27985
6778,35.29585
6779,35.31185
6780,35.32785
6781,178.56
6782,35.35985
6783,35.37585
6784,35.39185
6785,35.40785
6786,35.42385
6787,35.43985
6788,35.45585
6789,35.47185
6790,35.48785
6791,35.50385
6792,167.0195
6793,178.56
6794,35.17985
6795,35.19585
6796,178.56
6797,178.56
6798,178.56
6799,35.24785
6800,35.26385
6801,35.27985
6802,35.29585
6803,35.31185
6804,35.32785
6805,178.56
6806,35.35985
6807,35.37585
6808,35.39185
6809,35.40785
6810,35.42385
6811,35.43985
6812,35.45585
6813,35.47185
6814,35.48785
6815,35.50385
6816,167.0195
6817,178.56
6818,35.17985
6819,35.19585
6820,178.56
6821,178.56
6822,178.56
6823,35.24785
6824,35.26385
6825,35.27985
6826,35.29585
6827,35.31185
6828,35.32785
6829,178.56
6830,35.35985
6831,35.37585
6832,35.39185
6833,35.40785
6834,35.42385
6835,35.43985
6836,35.45585
6837,35.47185
6838,35.48785
6839,35.50385
6840,167.0195
6841,178.56
6842,35.17985
6843,35.19585
6844,178.56
6845,178.56
6846,178.56
6847,35.24785
6848,35.26385
6849,35.27985
6850,35.29585
6851,35.31185
6852,35.32785
6853,178.56
6854,35.35985
6855,35.3827433
6856,35.5272233
6857,35.5465784
6858,35.56047
6859,35.54875
6860,35.4856233
6861,35.46504835
6862,35.44669165
6863,35.42937999999999
6864,167.3412683000004
6865,35.116165
6866,178.56
6867,35.315915
6868,178.56
6869,178.56
6870,35.16992
6871,35.1773217
6872,178.56
6873,65.78838993000065
6874,35.54912519999999
6875,40.03976045
6876,39.52226005
6877,38.72235325
6878,39.41311155000001
6879,38.05440499999999
6880,36.65070848
6881,38.72983130000001
6882,37.95392329999999
6883,38.66006285
6884,38.60280325000001
6885,37.77316005000001
6886,178.56
6887,178.56
6888,37.396193
6889,178.56
6890,178.56
6891,37.92722319999999
6892,178.56
6893,178.56
6894,178.56
6895,38.00734669999999
6896,37.8995966
6897,37.8174951
6898,37.9348962
6899,38.22870150000001
6900,39.98503004999999
6901,178.56
6902,38.7243282
6903,38.47057095
6904,39.9356014
6905,40.90136015
6906,40.60776529999999
6907,39.5836229
6908,39.14369115
6909,37.62502659999999
6910,37.65206985
6911,38.11009855
6912,125.4443906999998
6913,35.9200446
6914,178.56
6915,35.2361471
6916,178.56
6917,178.56
6918,35.28534715
6919,35.03063675
6920,178.56
6921,78.48662515000063
6922,35.937718
6923,37.4687485
6924,38.25799315000001
6925,39.81355319999999
6926,39.18667675
6927,38.41905504999999
6928,38.42719004999999
6929,39.5359648
6930,39.50274174999999
6931,40.18502995000001
6932,39.31278035000001
6933,39.09372774999999
6934,178.56
6935,178.56
6936,37.78293485
6937,37.19575175000001
6938,178.56
6939,37.99331510000001
6940,178.56
6941,178.56
6942,36.44087794999999
6943,35.69478024999999
6944,178.56
6945,92.51615625000008
6946,35.3882503
6947,36.5243254
6948,40.3918644
6949,40.2008452
6950,39.78208824999999
6951,38.9403996
6952,38.93443679999999
6953,38.31157759999999
6954,38.1946585
6955,38.2382135
6956,38.1469087
6957,37.83653855
6958,178.56
6959,178.56
6960,37.66670209999999
6961,36.7683468
6962,178.56
6963,36.1133422
6964,178.56
6965,178.56
6966,35.32599135
6967,34.82871285
6968,164.0324159999997
6969,33.79167875
6970,33.30615175
6971,34.32120865000001
6972,36.2132227
6973,36.18322389999999
6974,36.15639695000001
6975,36.02983639999999
6976,36.59675335
6977,36.10730315000001
6978,35.07238150000001
6979,34.79603830000001
6980,35.53066885
6981,34.8237852
6982,178.56
6983,178.56
6984,34.69668315
6985,34.12339655
6986,178.56
6987,33.9124249
6988,178.56
6989,178.56
6990,34.06414525
6991,34.12599695
6992,152.8237067000003
6993,34.54785485
6994,34.615628
6995,34.96687205000001
6996,34.77278985000001
6997,35.13882855
6998,35.73925835000001
6999,35.62787825000001
7000,35.40132850000001
7001,35.91797475000001
7002,36.07932195
7003,35.8926283
7004,35.68334845
7005,35.55447835
7006,178.56
7007,178.56
7008,34.03341995
7009,33.3057116
7010,178.56
7011,33.50654355
7012,178.56
7013,178.56
7014,33.2013234
7015,32.99367525
7016,125.1514105999999
7017,32.44866995
7018,33.10923320000001
7019,32.76914485
7020,33.50201525000001
7021,34.1347484
7022,34.7713499
7023,35.0330167
7024,35.34519145
7025,35.01575465000001
7026,35.02660305
7027,35.00612055
7028,34.84925505
7029,35.06934139999999
7030,178.56
7031,178.56
7032,34.11667159999999
7033,178.56
7034,34.6770399
7035,35.00197525
7036,178.56
7037,178.56
7038,178.56
7039,32.09881965000001
7040,31.88117495000001
7041,32.27182995
7042,32.62134525
7043,32.5711937
7044,32.97866015
7045,178.56
7046,34.16319319999999
7047,34.89187860000001
7048,35.36481335000001
7049,35.30928980000001
7050,35.47965180000001
7051,34.06692985
7052,34.9772805
7053,34.6525867
7054,34.89410035
7055,33.80032325000001
7056,122.2654074000005
7057,178.56
7058,178.56
7059,178.56
7060,178.56
7061,178.56
7062,44.05704664999999
7063,44.2158634
7064,44.18903645
7065,44.23847695
7066,44.2225216
7067,153.4072797500001
7068,43.10469115
7069,42.72043825000001
7070,41.7952232
7071,42.4293682
7072,43.29383525000001
7073,42.95249974999999
7074,42.79246315
7075,178.56
7076,43.68128985000001
7077,43.41752330000001
7078,42.43274325
7079,178.56
7080,45.86812485000001
7081,45.40543345
7082,178.56
7083,45.13363215
7084,178.56
7085,178.56
7086,44.36152689999999
7087,43.69301485
7088,178.56
7089,178.56
7090,43.51630335000001
7091,44.2862795
7092,44.34699515
7093,43.58525855000001
7094,43.75351655000001
7095,42.71111500000001
7096,41.78998840000001
7097,41.90581335000001
7098,129.8935457000004
7099,41.34142990000001
7100,40.94812045
7101,40.76544195
7102,178.56
7103,178.56
7104,41.33176180000001
7105,178.56
7106,178.56
7107,178.56
7108,178.56
7109,178.56
7110,43.00256885000001
7111,42.91520505
7112,42.6027084
7113,41.88196490000001
7114,42.28267164999999
7115,109.3529245500007
7116,42.25959840000001
7117,42.07422494999999
7118,41.60739854999999
7119,40.59128644999999
7120,43.02748835
7121,42.8721998
7122,42.23454395
7123,178.56
7124,42.81428869999999
7125,42.7488882
7126,42.89373499999999
7127,178.56
7128,43.25140864999999
7129,42.93186295
7130,178.56
7131,42.07176275000001
7132,178.56
7133,178.56
7134,42.0385836
7135,41.413082
7136,178.56
7137,178.56
7138,40.2758136
7139,40.85383969999999
7140,42.34072354999999
7141,41.54732495
7142,41.74643875000001
7143,41.75294225
7144,41.10157149999999
7145,41.6862171
7146,94.1021702500004
7147,43.38579834999999
7148,43.18216469999999
7149,42.61379035
7150,178.56
7151,178.56
7152,42.73816634999999
7153,178.56
7154,41.77293504999999
7155,178.56
7156,178.56
7157,178.56
7158,41.70302855000001
7159,41.9192279
7160,42.53245505000001
7161,43.2175482
7162,43.93708995000001
7163,178.56
7164,43.63646859999999
7165,43.67070995
7166,43.8852778
7167,43.9175401
7168,43.63428465
7169,42.92054575000001
7170,42.50987345
7171,117.2395061000006
7172,42.81197855000001
7173,43.12771055000001
7174,178.56
7175,43.01929470000001
7176,178.56
7177,178.56
7178,44.49362009999999
7179,178.56
7180,178.56
7181,178.56
7182,43.0637646
7183,42.81354695
7184,42.95762330000001
7185,42.82851494999999
7186,43.067412
7187,178.56
7188,43.98898145
7189,43.75766485
7190,44.7638487
7191,45.1082347
7192,44.94132349999999
7193,44.66928855
7194,44.98927309999999
7195,168.1712625999998
7196,45.02306985000001
7197,45.69060025000001
7198,178.56
7199,45.64598504999998
7200,178.56
7201,178.56
7202,43.85838815000001
7203,178.56
7204,178.56
7205,178.56
7206,44.60591014999999
7207,44.53000450000001
7208,45.4535235
7209,45.80271315
7210,45.61224345
7211,178.56
7212,45.38559659999998
7213,44.55406514999999
7214,45.06983220000001
7215,45.4531944
7216,44.73780510000001
7217,44.7003263
7218,43.77553305000001
7219,160.8394337999998
7220,43.1840538
7221,42.39270795
7222,178.56
7223,42.80976304999999
7224,178.56
7225,178.56
7226,43.61879019999999
7227,178.56
7228,178.56
7229,178.56
7230,43.87175105
7231,42.41400805000001
7232,42.30283035
7233,42.6047749
7234,42.94534835000001
7235,178.56
7236,44.84886975
7237,43.98063509999999
7238,45.0458332
7239,44.7918755
7240,44.19350685
7241,43.77251390000001
7242,42.23831985
7243,157.7277192000001
7244,44.4062817
7245,44.62396685
7246,178.56
7247,45.22294360000001
7248,178.56
7249,43.8493004
7250,178.56
7251,43.8055832
7252,178.56
7253,178.56
7254,43.1308466
7255,42.5351917
7256,178.56
7257,178.56
7258,43.0340819
7259,41.76585009999999
7260,41.63657624999999
7261,41.8232233
7262,41.03492155000001
7263,40.0889713
7264,41.20082850000001
7265,43.40450865
7266,111.7603789500009
7267,41.9431484
7268,41.80371865000001
7269,41.1141783
7270,178.56
7271,178.56
7272,42.45827134999998
7273,42.1054334
7274,178.56
7275,42.2049735
7276,178.56
7277,178.56
7278,41.32241035
7279,41.410387
7280,178.56
7281,178.56
7282,43.60467049999999
7283,44.64055370000001
7284,43.5890217
7285,43.2931903
7286,42.94549320000001
7287,42.1931252
7288,40.81786350000001
7289,40.76148324999998
7290,84.58711520000051
7291,41.46444665
7292,40.23821669999999
7293,39.70342824999999
7294,178.56
7295,178.56
7296,41.8518412
7297,178.56
7298,42.5633762
7299,178.56
7300,178.56
7301,178.56
7302,40.97466295
7303,40.32813385
7304,39.68297795000001
7305,39.11869145
7306,39.38923195
7307,178.56
7308,38.5655046
7309,38.6910653
7310,38.57178374999999
7311,37.52245185
7312,38.03523000000001
7313,39.96933729999999
7314,39.70249
7315,39.4891402
7316,40.04701835000001
7317,40.1678118
7318,178.56
7319,39.083587
7320,172.1296243000005
7321,178.56
7322,38.4932116
7323,178.56
7324,178.56
7325,178.56
7326,38.12865194999999
7327,37.13719835
7328,36.85535520000001
7329,36.86811025
7330,37.05495834999999
7331,178.56
7332,37.76138675000001
7333,38.07086685
7334,38.1012403
7335,38.27679539999999
7336,38.13202989999999
7337,37.3034313
7338,36.7853268
7339,36.37683665
7340,37.22625164999999
7341,37.10220344999999
7342,178.56
7343,37.47276535
7344,100.9842066000001
7345,178.56
7346,38.6753536
7347,178.56
7348,178.56
7349,178.56
7350,38.38201850000002
7351,37.9505565
7352,37.1513281
7353,36.94382659999999
7354,36.65945324999999
7355,178.56
7356,35.7416215
7357,36.86227825
7358,39.92031
7359,41.17655979999999
7360,41.01414004999999
7361,40.39384524999999
7362,40.55132385000001
7363,39.64776019999999
7364,39.34069
7365,39.95778469999999
7366,178.56
7367,41.21760484999999
7368,134.2439143000004
7369,178.56
7370,39.61229654999999
7371,178.56
7372,178.56
7373,178.56
7374,37.29494385000001
7375,37.08436159999999
7376,36.87231350000001
7377,36.14146865
7378,35.68043494999999
7379,178.56
7380,37.62333684999999
7381,38.83536655
7382,38.67683335
7383,39.6588164
7384,39.24169160000001
7385,40.17630144999999
7386,39.43949835
7387,39.77173015000001
7388,40.05510354999999
7389,38.08910495
7390,178.56
7391,40.52596185
7392,126.0655799500005
7393,178.56
7394,41.40454465000001
7395,178.56
7396,178.56
7397,178.56
7398,40.1371049
7399,38.7014896
7400,37.7786397
7401,37.60611845
7402,37.88234164999999
7403,178.56
7404,38.53686809999999
7405,37.67330870000001
7406,38.8200719
7407,38.98878850000003
7408,39.46161810000001
7409,39.98066675
7410,38.4752385
7411,38.32112355000001
7412,38.22378645000001
7413,37.31010360000001
7414,178.56
7415,39.49907525
7416,152.5001389500008
7417,178.56
7418,39.70048030000001
7419,178.56
7420,178.56
7421,178.56
7422,37.64268994999999
7423,37.50544140000001
7424,36.2305734
7425,37.0033914
7426,36.5330266
7427,178.56
7428,38.66892379999999
7429,38.84918995000001
7430,39.04817455000001
7431,39.8598604
7432,39.7666852
7433,39.90859820000001
7434,38.14641159999999
7435,39.39182649999999
7436,39.90741
7437,40.19837325
7438,178.56
7439,41.36137495
7440,136.5471304500002
7441,178.56
7442,43.28250224999999
7443,178.56
7444,178.56
7445,178.56
7446,43.70262679999999
7447,41.7106313
7448,40.7462384
7449,40.50447119999999
7450,40.16313665
7451,178.56
7452,40.9201646
7453,41.94451634999999
7454,41.64965645
7455,42.508752
7456,43.34393975
7457,42.38596339999999
7458,43.40292700000001
7459,114.9415319000001
7460,43.93111870000001
7461,43.86084169999999
7462,178.56
7463,43.32172185
7464,178.56
7465,178.56
7466,45.0137545
7467,178.56
7468,178.56
7469,178.56
7470,43.2890994
7471,41.6403604
7472,41.5035697
7473,41.99801475000001
7474,43.48519140000001
7475,178.56
7476,43.22515995
7477,43.39671859999999
7478,43.24064174999999
7479,42.66297125
7480,41.8210266
7481,41.7923666
7482,42.26426110000001
7483,145.7041489999999
7484,43.95601469999999
7485,44.21568325
7486,178.56
7487,44.38334974999999
7488,178.56
7489,44.64087829999999
7490,178.56
7491,46.15853785
7492,178.56
7493,178.56
7494,44.14150825
7495,43.44520325
7496,178.56
7497,178.56
7498,43.09300485000001
7499,43.39570075
7500,43.6792951
7501,44.14739539999999
7502,43.54253700000001
7503,43.82523205
7504,42.6031454
7505,41.8299316
7506,149.6194619500001
7507,41.3379103
7508,42.61659965
7509,44.23370545
7510,178.56
7511,178.56
7512,43.97405335000001
7513,43.47132135
7514,178.56
7515,44.89738825
7516,178.56
7517,178.56
7518,43.03204785
7519,42.39308995000001
7520,178.56
7521,178.56
7522,41.37885709999999
7523,41.60281175
7524,42.1766952
7525,42.43570404999998
7526,43.61519165000001
7527,44.12580654999999
7528,45.02512544999999
7529,45.16133694999999
7530,142.1665944000002
7531,43.66085335
7532,43.87349665000001
7533,44.3028584
7534,178.56
7535,178.56
7536,44.9298615
7537,43.37956345000001
7538,178.56
7539,44.00200694999999
7540,178.56
7541,178.56
7542,41.82179165
7543,41.89776025
7544,178.56
7545,178.56
7546,41.6401067
7547,41.8104367
7548,39.64018659999999
7549,39.09538845000001
7550,39.20237649849999
7551,38.479103116
7552,40.17121039999999
7553,39.9077
7554,66.49629566450017
7555,39.93969999999999
7556,39.9557
7557,39.9717
7558,178.56
7559,178.56
7560,40.0197
7561,39.6517
7562,178.56
7563,39.68369999999999
7564,178.56
7565,178.56
7566,39.7317
7567,39.74769999999999
7568,178.56
7569,167.8239657500006
7570,39.7261431
7571,38.58758304999999
7572,38.4938217
7573,39.34373144999999
7574,39.20202815
7575,38.46111839999999
7576,37.9038716
7577,37.73303725000001
7578,39.1811997
7579,39.0601405
7580,39.64143
7581,41.73919835000001
7582,178.56
7583,178.56
7584,43.81700979999999
7585,43.25979189999999
7586,178.56
7587,44.1450069
7588,178.56
7589,178.56
7590,40.16165335000001
7591,38.22354004999999
7592,178.56
7593,178.56
7594,38.18440144999999
7595,39.72883325000001
7596,39.1481382
7597,38.8130737
7598,39.38009965
7599,40.88251155
7600,40.27094355000001
7601,40.715833
7602,63.25463060000016
7603,40.29648499999999
7604,40.5180751
7605,42.49640209999999
7606,178.56
7607,178.56
7608,43.39330845
7609,178.56
7610,178.56
7611,178.56
7612,178.56
7613,178.56
7614,43.69080170000002
7615,43.4701913
7616,43.13950759999999
7617,42.89304834999998
7618,42.49319374999999
7619,178.4031510000004
7620,43.99761705
7621,44.90078515000001
7622,44.04118514999999
7623,43.33045155
7624,42.59335535
7625,40.98771695
7626,42.61609614999999
7627,178.56
7628,47.13932350000001
7629,46.2528649
7630,46.99774335
7631,178.56
7632,46.9033535
7633,178.56
7634,178.56
7635,178.56
7636,178.56
7637,178.56
7638,178.56
7639,178.56
7640,78.83010715000069
7641,45.4926048
7642,45.74224519999999
7643,46.40268065
7644,46.63220805000001
7645,47.7797966
7646,44.04688715
7647,42.26645800000001
7648,43.19771355000002
7649,42.98905665
7650,43.48033
7651,44.25027045
7652,44.12182175
7653,43.92757489999999
7654,43.6235485
7655,43.1384797
7656,178.56
7657,178.56
7658,44.89464305000001
7659,178.56
7660,178.56
7661,178.56
7662,43.37933675
7663,42.63596965000001
7664,42.20947635
7665,41.57539495
7666,41.88857820000001
7667,178.56
7668,41.8013383
7669,42.15885139999998
7670,43.62553165
7671,44.33396295
7672,44.4015535
7673,44.94740475
7674,45.2851731
7675,153.9204874000003
7676,45.73891355
7677,45.5039299
7678,178.56
7679,45.27222325
7680,178.56
7681,178.56
7682,178.56
7683,178.56
7684,178.56
7685,178.56
7686,178.56
7687,178.56
7688,67.51713435000048
7689,44.59194309999999
7690,45.0450833
7691,44.8929484
7692,45.88144009999999
7693,46.0849349
7694,45.20247295
7695,44.87061690000001
7696,45.43476505000002
7697,45.5091012
7698,44.87208665
7699,45.56099355
7700,46.65732130000002
7701,47.11629145
7702,45.00756885000001
7703,45.61657825000001
7704,178.56
7705,178.56
7706,178.56
7707,178.56
7708,178.56
7709,178.56
7710,178.56
7711,178.56
7712,97.07415910000049
7713,46.1765305
7714,45.97119210000001
7715,45.5311872
7716,45.5538054
7717,45.44755835
7718,45.36037755
7719,44.62434544999999
7720,44.47156839999999
7721,44.16341680000001
7722,45.8242837
7723,45.99135010000001
7724,46.47692204999999
7725,45.92006005000002
7726,46.3488349
7727,46.89210165
7728,178.56
7729,178.56
7730,47.80179645000001
7731,178.56
7732,178.56
7733,178.56
7734,46.37936635000002
7735,111.3046158500007
7736,44.4940479
7737,43.57629485
7738,43.65613165000001
7739,178.56
7740,46.13102989999998
7741,46.0147913
7742,46.56672979999999
7743,46.22145345000002
7744,46.48158005
7745,45.96428230000001
7746,46.0282966
7747,178.56
7748,46.19667819999998
7749,47.5154083
7750,178.56
7751,48.44948165
7752,178.56
7753,178.56
7754,48.10992485
7755,178.56
7756,178.56
7757,178.56
7758,46.36099645000002
7759,95.59753655000026
7760,45.20996515000002
7761,46.09743995
7762,46.35291
7763,178.56
7764,47.69202164999998
7765,48.3216927
7766,48.58801644999998
7767,47.5343582
7768,46.2313299
7769,47.76499979999999
7770,46.29856685
7771,178.56
7772,45.02884464999999
7773,43.5812032
7774,178.56
7775,42.94841825
7776,178.56
7777,38.37456329999999
7778,178.56
7779,37.8722932
7780,178.56
7781,178.56
7782,36.46762680000001
7783,36.22989345
7784,178.56
7785,98.01277969999998
7786,35.26547165
7787,36.21617815
7788,38.6313147
7789,41.55890519999999
7790,41.20897075
7791,40.02276395
7792,40.21105984999999
7793,38.5891783
7794,38.12713639999999
7795,38.35012035
7796,37.61119015
7797,38.4146069
7798,178.56
7799,178.56
7800,37.6518331
7801,178.56
7802,39.00377994999999
7803,178.56
7804,178.56
7805,178.56
7806,38.97212480000001
7807,38.906432
7808,38.79134855
7809,38.61125555
7810,38.60991185
7811,178.56
7812,38.3527218
7813,40.27538775
7814,40.9731502
7815,41.16159330000001
7816,42.3881618
7817,42.39015475
7818,42.03092674999999
7819,41.91558685
7820,42.25962465000001
7821,41.55670175000001
7822,178.56
7823,39.65438795000001
7824,158.2927161499995
7825,178.56
7826,37.08233634999999
7827,178.56
7828,171.37670185
7829,178.56
7830,35.37101860000001
7831,35.22696834999999
7832,35.17387015000001
7833,34.96422339999999
7834,34.9341519
7835,178.56
7836,34.4531299
7837,34.4133417
7838,33.56045155
7839,33.8592804
7840,33.94734829999999
7841,34.4347349
7842,34.83445185000001
7843,35.14427975
7844,35.4695819
7845,35.36223475
7846,178.56
7847,36.05197975
7848,36.35295375
7849,178.56
7850,36.18697300000002
7851,178.56
7852,178.56
7853,178.56
7854,33.64044325
7855,33.59587000000001
7856,33.56108659999999
7857,33.9066466
7858,34.48890839999999
7859,178.56
7860,35.4065361
7861,34.6117266
7862,35.11858365
7863,41.10140519999999
7864,45.60584525
7865,45.79630495
7866,46.65461225
7867,38.04234014999999
7868,37.46589845
7869,37.84522784999999
7870,178.56
7871,37.78039159999999
7872,72.2400034000004
7873,178.56
7874,35.75351839999999
7875,178.56
7876,178.56
7877,178.56
7878,36.9457599
7879,36.58939204999999
7880,36.3201981
7881,35.3563365
7882,34.12317664999999
7883,178.56
7884,37.71739835
7885,37.67097320000001
7886,38.42908844999999
7887,39.04874955
7888,38.93528010000001
7889,39.55956140000001
7890,39.53563195
7891,42.61751510000001
7892,43.1499657
7893,42.03457814999999
7894,178.56
7895,41.42412369999998
7896,118.5412444500001
7897,39.69702324999999
7898,39.0436552
7899,40.17298305
7900,40.52327340000001
7901,178.56
7902,178.56
7903,178.56
7904,178.56
7905,38.42150495
7906,37.94745485000001
7907,37.6970166
7908,38.4404837
7909,39.51294175
7910,39.91443645
7911,39.8888201
7912,40.31148999999999
7913,39.4035081
7914,38.20840824999999
7915,39.41514020000001
7916,39.78165504999999
7917,39.2874934
7918,178.56
7919,178.56
7920,141.2865952999999
7921,178.56
7922,36.4707183
7923,178.56
7924,178.56
7925,178.56
7926,36.49945325
7927,36.37098650000001
7928,36.33919174999999
7929,36.09918515000001
7930,36.15185155
7931,178.56
7932,36.90044650000001
7933,37.51935690000001
7934,37.79581819999999
7935,37.72952015000001
7936,37.51473994999999
7937,38.457325
7938,39.06455665000001
7939,38.99492195000001
7940,38.74039490000001
7941,38.31179365000001
7942,178.56
7943,39.04436544999999
7944,86.5346720000004
7945,178.56
7946,178.56
7947,178.56
7948,178.56
7949,178.56
7950,178.56
7951,85.31193035000044
7952,36.45373825000001
7953,36.16247170000001
7954,35.93977155
7955,36.86943204999999
7956,36.7667239
7957,35.5899199
7958,36.3887901
7959,37.13936999999999
7960,36.303365
7961,37.18411159999999
7962,37.26338010000001
7963,38.38682344999999
7964,38.2263098
7965,37.75647685000001
7966,38.19604970000001
7967,38.69062365
7968,38.79788694999999
7969,178.56
7970,178.56
7971,178.56
7972,178.56
7973,178.56
7974,178.56
7975,130.4421244500004
7976,37.72011315
7977,37.95053995000001
7978,38.09760534999999
7979,37.99473135
7980,39.0900512
7981,39.8626321
7982,39.7206717
7983,40.37800800000001
7984,41.19887785000001
7985,41.23357825
7986,41.55462645
7987,41.01124049999999
7988,41.11186694999999
7989,37.98069340000001
7990,37.56402665
7991,37.20356974999999
7992,38.92128815
7993,178.56
7994,178.56
7995,178.56
7996,178.56
7997,178.56
7998,178.56
7999,165.1267566500001
8000,39.99934990000001
8001,40.13552485000001
8002,40.0213222
8003,40.1028089
8004,40.39032509999999
8005,40.5976513
8006,40.45992664999999
8007,40.06513145
8008,39.04452854999999
8009,39.29616685000001
8010,41.23777139999999
8011,41.76028465
8012,41.7586854
8013,41.44596845
8014,38.22763865000001
8015,38.35213504999999
8016,39.5059018
8017,178.56
8018,178.56
8019,178.56
8020,178.56
8021,178.56
8022,178.56
8023,85.12153510000019
8024,37.0032801
8025,37.02316645
8026,36.98374530000001
8027,37.2469335
8028,35.10022355
8029,32.5235599
8030,33.59205865000001
8031,35.4250387
8032,35.49678984999999
8033,37.5341683
8034,38.9479751
8035,38.31484625
8036,37.57989505
8037,36.27435485
8038,36.38852975
8039,36.88570674999999
8040,37.70811634999999
8041,178.56
8042,178.56
8043,178.56
8044,178.56
8045,178.56
8046,178.56
8047,66.75056840000003
8048,36.92743485
8049,36.80617355
8050,36.5944914
8051,37.12618994999999
8052,38.0560152
8053,38.24598025
8054,36.1614381
8055,37.61434985
8056,37.01048155
8057,37.2404866
8058,35.9851802
8059,36.59270489999999
8060,36.27461649999999
8061,35.37853344999999
8062,34.36678525000001
8063,34.99801505
8064,36.26253354999999
8065,178.56
8066,178.56
8067,178.56
8068,178.56
8069,178.56
8070,178.56
8071,89.06962310000058
8072,35.44221474999999
8073,34.905392
8074,34.84551005
8075,35.46286154999999
8076,35.05110814999999
8077,37.10146635
8078,36.3625185
8079,37.10112659999999
8080,39.1177697
8081,39.1969833
8082,39.36773520000001
8083,39.4309981
8084,40.13431499999999
8085,40.9839865
8086,40.8169838
8087,40.16352355
8088,40.0943286
8089,178.56
8090,40.50309840000001
8091,178.56
8092,178.56
8093,178.56
8094,39.8497413
8095,41.0341985
8096,40.5607168
8097,40.72186145000001
8098,42.33493315
8099,178.56
8100,42.27755845
8101,41.33615445
8102,40.46005519999999
8103,41.13830975
8104,41.09142635000001
8105,40.87941555
8106,40.5262919
8107,49.32358480000011
8108,41.55368154999999
8109,41.88409894999999
8110,178.56
8111,39.71904995
8112,178.56
8113,178.56
8114,178.56
8115,178.56
8116,178.56
8117,178.56
8118,178.56
8119,178.56
8120,40.60022504999999
8121,40.68314165
8122,40.57370515000001
8123,43.74828165000001
8124,46.5521764
8125,46.7468531
8126,45.3340633
8127,42.04768059999999
8128,40.94633635
8129,40.51852355000001
8130,41.69817649999999
8131,42.32555665
8132,40.74655645000001
8133,40.03349465000001
8134,38.25009665
8135,37.79828490000001
8136,47.6048831000009
8137,178.56
8138,178.56
8139,178.56
8140,178.56
8141,178.56
8142,178.56
8143,55.10746820000063
8144,35.5102134
8145,35.46296374999999
8146,35.58450870000001
8147,36.44800315000001
8148,37.41720795
8149,38.8171362
8150,37.32721805
8151,35.49351365
8152,36.5964603
8153,35.40933475
8154,37.93810129999999
8155,40.08956825
8156,38.50664484999999
8157,36.9757518
8158,35.99432645
8159,35.71574665
8160,35.8875066
8161,35.28213704999999
8162,178.56
8163,178.56
8164,178.56
8165,178.56
8166,178.56
8167,178.3866950000003
8168,35.65086665
8169,35.11673829999999
8170,35.12509334999999
8171,35.20382994999999
8172,34.7407989
8173,34.81260500000001
8174,35.42685825
8175,36.5280637
8176,35.64664645
8177,34.34712035
8178,34.1138598
8179,34.76047139999999
8180,34.45439175000001
8181,35.03705640000001
8182,35.77109965
8183,36.08384340000001
8184,35.84143494999999
8185,34.24784349999999
8186,178.56
8187,178.56
8188,178.56
8189,178.56
8190,178.56
8191,122.0663621500001
8192,33.43676845
8193,32.55263835
8194,32.71569020000001
8195,33.22921995
8196,33.14026140000001
8197,32.11137175
8198,32.3087431
8199,32.96437495
8200,32.5216384
8201,32.57181114999999
8202,33.4764464
8203,33.6829116
8204,34.16281815000001
8205,35.70327134999999
8206,35.64353695
8207,36.42867500000001
8208,37.3363167
8209,178.56
8210,178.56
8211,178.56
8212,178.56
8213,178.56
8214,178.56
8215,46.4218696
8216,34.66411155
8217,34.8511248
8218,34.59415979999999
8219,33.89103505
8220,33.9563334
8221,34.76977864999999
8222,33.6919388
8223,35.48599680000001
8224,38.55031590000001
8225,38.9641134
8226,37.07034845
8227,35.70436315000001
8228,38.4394898
8229,38.1273049
8230,37.19433480000001
8231,35.92144655
8232,37.27772359999999
8233,178.56
8234,178.56
8235,178.56
8236,178.56
8237,178.56
8238,178.56
8239,88.93769695000037
8240,36.78249194999999
8241,36.0298117
8242,35.59858875
8243,35.2641284
8244,34.85395154999999
8245,35.2771167
8246,36.98933495000001
8247,37.33788325
8248,36.9411637
8249,38.81420175
8250,38.07567525000001
8251,39.6821102
8252,39.53664815
8253,38.3360483
8254,38.64479505
8255,38.6512618
8256,39.31739859999999
8257,178.56
8258,178.56
8259,178.56
8260,178.56
8261,178.56
8262,178.56
8263,125.4023295500004
8264,36.06895845
8265,35.18765215000001
8266,35.00194825000001
8267,36.69530169999999
8268,38.02339954999999
8269,37.54394145000001
8270,36.89486315
8271,36.8077747
8272,38.57451639999999
8273,38.82050829999999
8274,37.99680545
8275,38.21498475
8276,38.21527295
8277,36.68905515
8278,37.8770135
8279,38.57255680000001
8280,39.15159185
8281,178.56
8282,178.56
8283,178.56
8284,178.56
8285,178.56
8286,178.56
8287,157.7167936000004
8288,37.87458974999998
8289,37.17522355
8290,36.3535186
8291,36.348068
8292,37.12954034999998
8293,37.89650985
8294,38.93701369999999
8295,39.90473365
8296,39.53802495000001
8297,39.98520690000001
8298,40.7099187
8299,40.31501285
8300,40.28886519999999
8301,39.92789464999998
8302,39.8345184
8303,39.3648867
8304,39.7507616
8305,178.56
8306,41.14733120000001
8307,178.56
8308,178.56
8309,178.56
8310,39.42380325000001
8311,38.98434800000001
8312,37.44610310000001
8313,37.0411148
8314,36.8140883
8315,178.56
8316,38.01705665
8317,39.95400525
8318,42.3033618
8319,42.10011335
8320,47.26171184999999
8321,44.60702175
8322,43.59277955
8323,62.24924270000042
8324,43.31646815
8325,43.58009714999999
8326,178.56
8327,42.73261004999999
8328,178.56
8329,178.56
8330,40.9070548
8331,178.56
8332,178.56
8333,178.56
8334,36.97443309999999
8335,37.16661635000001
8336,37.02874490000001
8337,36.9131485
8338,36.79480195
8339,178.56
8340,38.11823835
8341,38.17275705
8342,38.44696375
8343,38.1376202
8344,38.4677619
8345,38.95947529999999
8346,38.28260335
8347,37.91639020000001
8348,38.06798324999999
8349,37.82830645
8350,178.56
8351,37.77941955000001
8352,114.7081666500007
8353,178.56
8354,37.78098340000001
8355,178.56
8356,178.56
8357,178.56
8358,35.61421040000001
8359,35.60949325
8360,35.2599269
8361,34.56512489999999
8362,34.28011015000001
8363,178.56
8364,33.80312175
8365,35.49482455
8366,36.82534304999999
8367,37.92819775
8368,38.37880809999999
8369,39.84613010000001
8370,41.18841834999999
8371,41.3209083
8372,40.94461174999998
8373,40.05412004999999
8374,178.56
8375,39.7050432
8376,86.18654115000012
8377,178.56
8378,39.13446024999998
8379,178.56
8380,178.56
8381,178.56
8382,37.7638118
8383,37.4792181
8384,36.9204506
8385,38.84192529999999
8386,39.8129077
8387,178.56
8388,43.64476695
8389,43.55540515
8390,38.55885195
8391,38.95349024999999
8392,39.63073654999999
8393,40.52935865000001
8394,40.38932360000001
8395,40.1578782
8396,40.54267139999999
8397,38.7101034
8398,178.56
8399,38.7757455
8400,148.9178186500001
8401,178.56
8402,38.46474329999999
8403,178.56
8404,178.56
8405,178.56
8406,39.6529152
8407,39.72481304999999
8408,39.26530134999999
8409,39.05285005000001
8410,38.2209882
8411,178.56
8412,37.05576635
8413,37.6443345
8414,37.2139368
8415,38.6076315
8416,39.5625186
8417,39.1538265
8418,40.67079485
8419,41.09102650000001
8420,40.67228800000001
8421,40.36509045
8422,178.56
8423,40.70604345
8424,147.1969770500006
8425,40.27787825
8426,178.56
8427,41.35051505
8428,178.56
8429,178.56
8430,40.54173309999999
8431,40.50927835
8432,178.56
8433,178.56
8434,42.78523655
8435,43.5565704
8436,41.62243469999999
8437,41.3156211
8438,40.6994881
8439,40.24395485
8440,38.93881835
8441,38.60395490000001
8442,43.53954569000015
8443,39.06878641500001
8444,40.39239335000001
8445,40.49949150000002
8446,178.56
8447,178.56
8448,41.127961925
8449,40.74869619999999
8450,40.1985448325
8451,39.91706835
8452,39.62523300000001
8453,178.56
8454,37.11745140000001
8455,178.56
8456,178.56
8457,20.04879161
8458,18.93115
8459,18.94714999999999
8460,18.96315
8461,18.97914999999999
8462,17.996973358
8463,28.553943345
8464,32.96435151000001
8465,32.35661476999999
8466,32.23353835
8467,32.227905
8468,32.244015
8469,32.2378866
8470,178.56
8471,178.56
8472,50.78081370050035
8473,178.56
8474,32.23636
8475,178.56
8476,178.56
8477,178.56
8478,32.31580495000001
8479,32.36783
8480,32.41540000000001
8481,32.25494165000001
8482,36.3974081
8483,178.56
8484,38.8741036
8485,38.54114665
8486,37.98945505
8487,39.11988395
8488,39.1921114
8489,40.00705975
8490,40.0180002
8491,43.3025949
8492,44.49861979999999
8493,45.63819635
8494,178.56
8495,41.89292495000001
8496,76.4694501000007
8497,178.56
8498,178.56
8499,178.56
8500,178.56
8501,178.56
8502,178.56
8503,178.56
8504,39.66452875
8505,39.25244505
8506,39.67458354999999
8507,39.19772815
8508,38.97794345
8509,39.28623175000001
8510,39.0051401
8511,39.05828365
8512,39.56537825000001
8513,39.18121635000001
8514,39.64022340000001
8515,40.27401955
8516,40.84302649999999
8517,40.6413553
8518,41.02169290000001
8519,40.41256325
8520,44.30502815000016
8521,178.56
8522,40.17520674999999
8523,178.56
8524,178.56
8525,178.56
8526,38.87763449999999
8527,38.82521449999999
8528,38.3844216
8529,37.39377475000001
8530,38.05089159999999
8531,178.56
8532,39.5119386
8533,39.24204855000001
8534,39.3581301
8535,39.7816617
8536,40.2671601
8537,39.42528825
8538,39.76571474999999
8539,40.30091505
8540,39.71933985
8541,40.1854234
8542,178.56
8543,40.17182865000001
8544,157.2469445000003
8545,178.56
8546,39.28878975
8547,178.56
8548,178.56
8549,178.56
8550,38.4186231
8551,39.15417015
8552,38.72694355000001
8553,39.1499432
8554,38.12490305000001
8555,178.56
8556,35.97127654999999
8557,35.4354062
8558,35.6008599
8559,36.30054735000001
8560,36.34507325
8561,36.55309655
8562,36.8452518
8563,36.91086160000001
8564,36.77775645000001
8565,36.75118615
8566,178.56
8567,37.41411034999999
8568,100.6476154499998
8569,178.56
8570,178.56
8571,178.56
8572,178.56
8573,178.56
8574,178.56
8575,62.32130929999997
8576,38.0619933
8577,37.689767
8578,37.28151485000001
8579,36.0685584
8580,35.10926165000001
8581,35.41172
8582,35.49278515
8583,34.59274135
8584,34.51339000000001
8585,34.16760015
8586,34.47625535
8587,34.45139014999999
8588,34.28732005000001
8589,34.27112655000001
8590,34.3155065
8591,34.57068345
8592,35.5296397
8593,34.9154881
8594,34.36473165
8595,178.56
8596,34.14200795
8597,34.0616669
8598,33.92787365
8599,143.1327096500001
8600,34.2587072
8601,178.56
8602,34.02238025
8603,33.668395
8604,33.70522190000001
8605,34.25100025
8606,34.44888535
8607,34.47232825
8608,34.68801505
8609,34.7749838
8610,34.9418298
8611,34.79358195
8612,34.69252335000001
8613,178.56
8614,178.56
8615,178.56
8616,36.18459814999999
8617,35.7627631
8618,178.56
8619,178.56
8620,178.56
8621,178.56
8622,178.56
8623,162.9017534500003
8624,34.0378264
8625,34.5163216
8626,33.98259660000001
8627,34.03152345
8628,34.70448045
8629,35.5016266
8630,35.15844005
8631,35.4422167
8632,35.8305117
8633,37.62847474999999
8634,36.89779445
8635,37.04964515
8636,36.3531933
8637,36.54917189999999
8638,36.538442
8639,36.02930150000001
8640,36.28552304999999
8641,36.05552829999999
8642,178.56
8643,178.56
8644,178.56
8645,178.56
8646,178.56
8647,173.7490544500004
8648,34.5754516
8649,34.23725155
8650,33.8611754
8651,36.29255490000001
8652,36.63234005
8653,37.00935980000001
8654,37.09852815
8655,36.31462645000001
8656,36.38529640000001
8657,36.2567933
8658,35.86614195
8659,35.6292517
8660,35.8851249
8661,35.45250775
8662,35.23472145
8663,35.41693154999999
8664,35.86570835
8665,35.4554418
8666,178.56
8667,178.56
8668,178.56
8669,178.56
8670,178.56
8671,153.37701785
8672,35.15614184999999
8673,34.87033849999999
8674,34.68214185
8675,34.6146881
8676,34.5539449
8677,34.57335500000001
8678,34.27570859999999
8679,34.51374385
8680,34.29406839999999
8681,34.3070616
8682,34.41859669999999
8683,34.34751335000001
8684,34.46071635000001
8685,34.47380175
8686,34.4830182
8687,34.23395485
8688,34.67446330000001
8689,178.56
8690,33.5742533
8691,178.56
8692,138.1809178500004
8693,178.56
8694,33.78791650000001
8695,33.80490655
8696,33.8278737
8697,33.7384382
8698,33.64165214999999
8699,178.56
8700,33.73899175
8701,34.42183025
8702,34.42732540000001
8703,34.31004185
8704,35.01445805
8705,34.89176675
8706,34.99769155
8707,35.2381101
8708,35.44686685
8709,35.63954525
8710,178.56
8711,36.64321165
8712,36.6659035
8713,178.56
8714,36.17377395000001
8715,178.56
8716,165.2369218500004
8717,178.56
8718,35.252255
8719,35.25914340000001
8720,34.87842805
8721,34.96233545
8722,35.1703219
8723,178.56
8724,35.3044929
8725,34.58734329999999
8726,34.67711665
8727,34.70811380000001
8728,34.47884980000001
8729,35.7527367
8730,35.26216825
8731,35.00942025000001
8732,33.9083519
8733,34.0172833
8734,178.56
8735,34.1122582
8736,34.48482335
8737,33.35334155
8738,178.56
8739,178.56
8740,178.56
8741,178.56
8742,178.56
8743,142.3234657000006
8744,33.3736652
8745,33.37443015000001
8746,33.29357450000001
8747,33.18666835
8748,33.03321325
8749,33.23568155
8750,33.67930689999999
8751,36.9623981
8752,37.49438980000001
8753,37.8375481
8754,37.9700018
8755,37.0388646
8756,36.96787310000001
8757,37.2159369
8758,34.53427820000001
8759,34.04491994999999
8760,33.61956319999999
