Hour,Load_Profile
1,44.16872225000001
2,44.5667885
3,45.10153015000001
4,44.186728
5,43.4733551
6,44.05704664999999
7,44.2158634
8,44.18903645
9,44.23847695
10,44.2225216
11,44.39554615000001
12,43.10469115
13,178.56
14,178.56
15,178.56
16,178.56
17,42.95249974999999
18,42.79246315
19,43.61012555
20,143.6749053500005
21,178.56
22,178.56
23,178.56
24,45.86812485000001
25,178.56
26,44.8554098
27,45.13363215
28,44.41620595
29,135.2112029000004
30,44.36152689999999
31,43.69301485
32,44.6897568
33,178.56
34,178.56
35,178.56
36,44.34699515
37,178.56
38,178.56
39,42.71111500000001
40,41.78998840000001
41,178.56
42,41.82374820000001
43,41.34142990000001
44,40.94812045
45,40.76544195
46,40.2919968
47,41.05783
48,41.33176180000001
49,41.65302145
50,42.20644504999999
51,178.56
52,178.56
53,109.3035008000006
54,43.00256885000001
55,178.56
56,178.56
57,41.88196490000001
58,42.28267164999999
59,42.3831335
60,42.25959840000001
61,42.07422494999999
62,41.60739854999999
63,178.56
64,178.56
65,42.8721998
66,42.23454395
67,42.85723025000001
68,42.81428869999999
69,42.7488882
70,42.89373499999999
71,43.33769040000001
72,178.56
73,178.56
74,178.56
75,42.07176275000001
76,178.56
77,178.56
78,42.0385836
79,41.413082
80,40.6506297
81,40.06447175
82,40.2758136
83,40.85383969999999
84,42.34072354999999
85,178.56
86,178.56
87,178.56
88,41.10157149999999
89,41.6862171
90,42.59369345
91,43.38579834999999
92,43.18216469999999
93,42.61379035
94,96.04370915000047
95,42.7282351
96,42.73816634999999
97,41.62909705000002
98,41.77293504999999
99,41.38638975
100,41.24752865000001
101,42.02140965000001
102,41.70302855000001
103,41.9192279
104,42.53245505000001
105,43.2175482
106,43.93708995000001
107,43.93692
108,123.4029723500003
109,43.67070995
110,43.8852778
111,178.56
112,178.56
113,178.56
114,178.56
115,42.59185480000001
116,42.81197855000001
117,178.56
118,178.56
119,178.56
120,43.78905164999998
121,44.64954965000001
122,44.49362009999999
123,44.76837614999999
124,43.7776197
125,43.63916184999999
126,43.0637646
127,42.81354695
128,42.95762330000001
129,42.82851494999999
130,43.067412
131,178.56
132,169.6898938999997
133,178.56
134,178.56
135,45.1082347
136,44.94132349999999
137,44.66928855
138,44.98927309999999
139,44.82621125000001
140,178.56
141,45.69060025000001
142,178.56
143,178.56
144,178.56
145,178.56
146,43.85838815000001
147,43.151065
148,43.64673815
149,44.21757804999999
150,44.60591014999999
151,44.53000450000001
152,45.4535235
153,45.80271315
154,178.56
155,178.56
156,178.56
157,44.55406514999999
158,169.3073842500002
159,178.56
160,178.56
161,44.7003263
162,43.77553305000001
163,43.7091616
164,43.1840538
165,42.39270795
166,43.06617849999999
167,42.80976304999999
168,178.56
169,178.56
170,43.61879019999999
171,44.21641544999999
172,44.21749145
173,44.1055438
174,43.87175105
175,42.41400805000001
176,42.30283035
177,42.6047749
178,42.94534835000001
179,43.62923159999998
180,44.84886975
181,178.56
182,45.0458332
183,178.56
184,178.56
185,43.77251390000001
186,157.7024065000002
187,44.28391129999999
188,44.4062817
189,44.62396685
190,178.56
191,178.56
192,178.56
193,178.56
194,178.56
195,178.56
196,178.56
197,43.5269805
198,43.1308466
199,178.56
200,42.32728665
201,42.5471535
202,43.0340819
203,41.76585009999999
204,41.63657624999999
205,41.8232233
206,41.03492155000001
207,40.0889713
208,41.20082850000001
209,178.56
210,114.9350458000008
211,41.9431484
212,41.80371865000001
213,41.1141783
214,178.56
215,42.01849645
216,42.45827134999998
217,42.1054334
218,42.00840809999999
219,42.2049735
220,41.7748132
221,41.66638495
222,41.32241035
223,41.410387
224,178.56
225,178.56
226,43.60467049999999
227,44.64055370000001
228,43.5890217
229,178.56
230,178.56
231,178.56
232,40.81786350000001
233,40.76148324999998
234,41.08244015
235,41.46444665
236,40.23821669999999
237,39.70342824999999
238,88.33871870000036
239,178.56
240,178.56
241,42.29800695000001
242,178.56
243,178.56
244,178.56
245,178.56
246,40.97466295
247,172.8423790000004
248,39.68297795000001
249,39.11869145
250,39.38923195
251,39.22257704999999
252,38.5655046
253,38.6910653
254,38.57178374999999
255,37.52245185
256,38.03523000000001
257,39.96933729999999
258,39.70249
259,39.4891402
260,40.04701835000001
261,40.1678118
262,39.74175835
263,178.56
264,178.56
265,178.56
266,178.56
267,38.4176733
268,178.56
269,38.31528985000001
270,38.12865194999999
271,100.9216606500003
272,36.85535520000001
273,36.86811025
274,37.05495834999999
275,37.71850959999999
276,37.76138675000001
277,178.56
278,178.56
279,38.27679539999999
280,38.13202989999999
281,37.3034313
282,36.7853268
283,36.37683665
284,37.22625164999999
285,37.10220344999999
286,37.4135903
287,37.47276535
288,178.56
289,38.61951540000002
290,38.6753536
291,38.28371174999999
292,178.56
293,178.56
294,178.56
295,178.56
296,37.1513281
297,36.94382659999999
298,36.65945324999999
299,35.98910855
300,178.56
301,178.56
302,127.9133671000005
303,41.17655979999999
304,41.01414004999999
305,40.39384524999999
306,40.55132385000001
307,39.64776019999999
308,39.34069
309,39.95778469999999
310,40.28510315
311,41.21760484999999
312,42.0098931
313,41.69418004999999
314,39.61229654999999
315,38.49617675
316,37.96962015
317,37.30813005
318,37.29494385000001
319,37.08436159999999
320,178.56
321,178.56
322,178.56
323,117.3720651500006
324,37.62333684999999
325,178.56
326,178.56
327,178.56
328,39.24169160000001
329,40.17630144999999
330,39.43949835
331,39.77173015000001
332,40.05510354999999
333,38.08910495
334,38.798948
335,40.52596185
336,40.29169320000001
337,40.89801814999998
338,41.40454465000001
339,178.56
340,42.59898865
341,40.1328567
342,40.1371049
343,38.7014896
344,37.7786397
345,37.60611845
346,37.88234164999999
347,38.69281640000001
348,145.2283609000008
349,178.56
350,178.56
351,178.56
352,178.56
353,178.56
354,38.4752385
355,38.32112355000001
356,38.22378645000001
357,37.31010360000001
358,38.1564569
359,39.49907525
360,40.25396330000001
361,178.56
362,178.56
363,178.56
364,178.56
365,178.56
366,178.56
367,132.6094313500004
368,36.2305734
369,37.0033914
370,36.5330266
371,37.3955867
372,38.66892379999999
373,38.84918995000001
374,39.04817455000001
375,39.8598604
376,39.7666852
377,39.90859820000001
378,38.14641159999999
379,39.39182649999999
380,39.90741
381,40.19837325
382,41.71103355
383,41.36137495
384,39.6796905
385,41.19899689999999
386,43.28250224999999
387,43.17000305000001
388,43.54823305000001
389,43.1307417
390,43.70262679999999
391,178.56
392,178.56
393,178.56
394,107.6492985500003
395,39.7688188
396,40.9201646
397,41.94451634999999
398,41.64965645
399,42.508752
400,43.34393975
401,178.56
402,178.56
403,178.56
404,178.56
405,43.86084169999999
406,43.99815319999998
407,43.32172185
408,45.3217733
409,44.56061505000001
410,45.0137545
411,44.1301199
412,43.51785485
413,44.3969521
414,43.2890994
415,41.6403604
416,178.56
417,178.56
418,135.4355949500001
419,44.81554524999999
420,43.22515995
421,43.39671859999999
422,43.24064174999999
423,42.66297125
424,41.8210266
425,178.56
426,178.56
427,178.56
428,178.56
429,44.21568325
430,43.84688514999998
431,44.38334974999999
432,178.56
433,44.64087829999999
434,45.37706665
435,46.15853785
436,45.21123190000001
437,44.96788805
438,44.14150825
439,178.56
440,178.56
441,139.2994779500002
442,178.56
443,178.56
444,43.6792951
445,44.14739539999999
446,43.54253700000001
447,43.82523205
448,42.6031454
449,178.56
450,178.56
451,178.56
452,42.61659965
453,44.23370545
454,43.98377985
455,43.8817683
456,43.97405335000001
457,43.47132135
458,44.20395320000001
459,44.89738825
460,44.02372655000001
461,43.49718825
462,43.03204785
463,42.39308995000001
464,41.62116039999999
465,41.57959310000001
466,139.6860489000003
467,178.56
468,178.56
469,178.56
470,178.56
471,178.56
472,178.56
473,178.56
474,44.25285975000001
475,43.66085335
476,43.87349665000001
477,44.3028584
478,44.31774015
479,44.5058528
480,44.9298615
481,43.37956345000001
482,43.91201325
483,44.00200694999999
484,42.6511098
485,41.81259385000001
486,41.82179165
487,41.89776025
488,42.14019535
489,42.30992019999999
490,41.6401067
491,41.8104367
492,39.64018659999999
493,39.09538845000001
494,178.56
495,51.30655322900004
496,178.56
497,178.56
498,178.56
499,178.56
500,178.56
501,178.56
502,39.9877
503,40.00369999999999
504,40.0197
505,39.6517
506,178.56
507,178.56
508,178.56
509,39.7157
510,39.7317
511,39.74769999999999
512,39.7637
513,39.8272017
514,39.7261431
515,38.58758304999999
516,38.4938217
517,158.453748300001
518,39.20202815
519,38.46111839999999
520,37.9038716
521,178.56
522,178.56
523,178.56
524,39.64143
525,41.73919835000001
526,41.88164285000001
527,43.18378179999999
528,43.81700979999999
529,43.25979189999999
530,43.9661151
531,44.1450069
532,41.45561129999999
533,40.61661835
534,40.16165335000001
535,38.22354004999999
536,37.82524315
537,178.56
538,178.56
539,178.56
540,178.56
541,178.56
542,178.56
543,178.56
544,40.27094355000001
545,46.84490810000008
546,40.28523379999999
547,40.29648499999999
548,40.5180751
549,42.49640209999999
550,44.34060170000001
551,44.77318989999999
552,43.39330845
553,43.00444544999999
554,45.73293535
555,46.69132364999998
556,44.86876465
557,43.80190649999999
558,43.69080170000002
559,43.4701913
560,178.56
561,42.89304834999998
562,42.49319374999999
563,163.3696453000006
564,178.56
565,178.56
566,178.56
567,178.56
568,178.56
569,178.56
570,42.61609614999999
571,47.08220195000001
572,47.13932350000001
573,46.2528649
574,46.99774335
575,46.84254695
576,46.9033535
577,48.29881855000002
578,48.08161815000001
579,48.12068165
580,47.4121485
581,46.4600016
582,45.93601215
583,45.47239365
584,178.56
585,45.4926048
586,45.74224519999999
587,178.56
588,178.56
589,178.56
590,178.56
591,61.95980600000054
592,43.19771355000002
593,178.56
594,178.56
595,178.56
596,44.12182175
597,43.92757489999999
598,43.6235485
599,43.1384797
600,44.93631445000001
601,44.49822665000001
602,44.89464305000001
603,44.4329318
604,44.1212598
605,43.2429234
606,43.37933675
607,42.63596965000001
608,178.56
609,178.56
610,178.56
611,178.56
612,178.56
613,178.56
614,141.6162284000002
615,44.33396295
616,44.4015535
617,178.56
618,45.2851731
619,45.50208905
620,45.73891355
621,45.5039299
622,44.332241
623,45.27222325
624,44.38116289999999
625,44.54735990000001
626,44.5179304
627,45.54290525
628,45.53771135
629,45.1535498
630,45.02062824999999
631,44.6500147
632,178.56
633,178.56
634,178.56
635,178.56
636,178.56
637,178.56
638,178.56
639,44.87061690000001
640,68.61565530000023
641,178.56
642,44.87208665
643,45.56099355
644,46.65732130000002
645,47.11629145
646,45.00756885000001
647,45.61657825000001
648,46.5740684
649,46.1846917
650,45.822952
651,46.90510805
652,46.6250983
653,46.8161636
654,46.78524835000002
655,46.85080279999999
656,46.97761054999998
657,46.1765305
658,178.56
659,178.56
660,45.5538054
661,45.44755835
662,45.36037755
663,87.16074955000084
664,178.56
665,178.56
666,178.56
667,178.56
668,178.56
669,45.92006005000002
670,46.3488349
671,46.89210165
672,178.56
673,46.69367994999998
674,47.80179645000001
675,48.08700375
676,47.94643605
677,47.16805314999999
678,46.37936635000002
679,45.8647634
680,44.4940479
681,43.57629485
682,43.65613165000001
683,178.56
684,178.56
685,46.0147913
686,46.56672979999999
687,107.6375460000006
688,46.48158005
689,45.96428230000001
690,178.56
691,178.56
692,178.56
693,178.56
694,178.56
695,48.44948165
696,178.56
697,48.7155534
698,48.10992485
699,48.99421064999999
700,47.11524024999999
701,46.434647
702,46.36099645000002
703,45.93747295
704,45.20996515000002
705,46.09743995
706,104.2701695000007
707,178.56
708,47.69202164999998
709,178.56
710,178.56
711,178.56
712,46.2313299
713,178.56
714,178.56
715,178.56
716,178.56
717,43.5812032
718,44.18958990000001
719,42.94841825
720,39.83004155
721,38.37456329999999
722,178.56
723,37.8722932
724,37.24394984999999
725,37.23783455
726,36.46762680000001
727,104.9439450000001
728,35.6048686
729,35.1970752
730,35.26547165
731,36.21617815
732,38.6313147
733,41.55890519999999
734,41.20897075
735,40.02276395
736,40.21105984999999
737,178.56
738,178.56
739,178.56
740,37.61119015
741,178.56
742,178.56
743,37.4960419
744,37.6518331
745,178.56
746,178.56
747,178.56
748,178.56
749,178.56
750,38.97212480000001
751,38.906432
752,38.79134855
753,38.61125555
754,38.60991185
755,37.9663523
756,38.3527218
757,40.27538775
758,40.9731502
759,41.16159330000001
760,42.3881618
761,42.39015475
762,160.6839701499997
763,41.91558685
764,42.25962465000001
765,41.55670175000001
766,40.67710040000001
767,39.65438795000001
768,178.56
769,178.56
770,178.56
771,178.56
772,170.5109910500003
773,35.60914685
774,35.37101860000001
775,35.22696834999999
776,35.17387015000001
777,34.96422339999999
778,34.9341519
779,34.7511251
780,34.4531299
781,178.56
782,178.56
783,33.8592804
784,33.94734829999999
785,34.4347349
786,34.83445185000001
787,35.14427975
788,35.4695819
789,35.36223475
790,35.56156845
791,36.05197975
792,36.35295375
793,36.1555182
794,36.18697300000002
795,35.28504129999999
796,35.0472529
797,34.10667485
798,33.64044325
799,33.59587000000001
800,33.56108659999999
801,33.9066466
802,34.48890839999999
803,34.97160135
804,35.4065361
805,178.56
806,178.56
807,178.56
808,99.4448132000002
809,45.79630495
810,178.56
811,178.56
812,178.56
813,37.84522784999999
814,37.42128355
815,37.78039159999999
816,38.40822959999999
817,37.52622835
818,35.75351839999999
819,36.97581515
820,37.6150932
821,36.78409354999999
822,36.9457599
823,36.58939204999999
824,36.3201981
825,35.3563365
826,34.12317664999999
827,35.80969155000001
828,37.71739835
829,178.56
830,126.9930456000002
831,178.56
832,178.56
833,178.56
834,178.56
835,178.56
836,43.1499657
837,42.03457814999999
838,41.93984499999999
839,41.42412369999998
840,40.6942318
841,39.69702324999999
842,39.0436552
843,40.17298305
844,40.52327340000001
845,39.68365675
846,39.50881509999999
847,39.22860325
848,39.00185185000001
849,38.42150495
850,178.56
851,37.6970166
852,178.56
853,178.56
854,178.56
855,39.8888201
856,142.5356648999997
857,178.56
858,178.56
859,39.41514020000001
860,39.78165504999999
861,39.2874934
862,38.46523824999999
863,38.45241849999999
864,38.14906979999999
865,36.93349310000001
866,36.4707183
867,36.38804815
868,36.15341285
869,36.52212835000001
870,36.49945325
871,178.56
872,178.56
873,178.56
874,36.15185155
875,36.50645004999999
876,36.90044650000001
877,37.51935690000001
878,37.79581819999999
879,37.72952015000001
880,37.51473994999999
881,178.56
882,178.56
883,178.56
884,90.65621080000015
885,38.31179365000001
886,38.07050335
887,39.04436544999999
888,39.37098725
889,38.994875
890,38.43352214999999
891,37.50322815000001
892,37.0244484
893,36.8505882
894,36.78860675000001
895,178.56
896,178.56
897,36.16247170000001
898,35.93977155
899,36.86943204999999
900,36.7667239
901,35.5899199
902,36.3887901
903,37.13936999999999
904,83.53438990000012
905,178.56
906,178.56
907,178.56
908,178.56
909,37.75647685000001
910,38.19604970000001
911,38.69062365
912,38.79788694999999
913,39.71926195
914,37.35403645
915,37.15399665
916,37.9968847
917,38.7425335
918,37.99439035
919,178.56
920,178.56
921,37.95053995000001
922,38.09760534999999
923,37.99473135
924,39.0900512
925,39.8626321
926,39.7206717
927,40.37800800000001
928,41.19887785000001
929,178.56
930,178.56
931,178.56
932,178.56
933,142.0931395500007
934,37.56402665
935,37.20356974999999
936,38.92128815
937,39.48780355
938,39.59349005
939,39.70575849999999
940,38.32312655
941,39.96091175000001
942,40.03202940000001
943,178.56
944,171.1428917000001
945,178.56
946,40.0213222
947,40.1028089
948,40.39032509999999
949,40.5976513
950,40.45992664999999
951,40.06513145
952,39.04452854999999
953,39.29616685000001
954,178.56
955,178.56
956,178.56
957,41.44596845
958,178.56
959,38.35213504999999
960,39.5059018
961,39.0844147
962,38.7166982
963,38.8386464
964,39.5010248
965,37.92340000000002
966,36.9386095
967,178.56
968,178.56
969,178.56
970,79.97164974999987
971,37.2469335
972,35.10022355
973,32.5235599
974,33.59205865000001
975,35.4250387
976,35.49678984999999
977,37.5341683
978,178.56
979,178.56
980,178.56
981,36.27435485
982,36.38852975
983,36.88570674999999
984,37.70811634999999
985,37.22543335
986,69.75847264999994
987,37.03109000000001
988,36.75295075
989,36.0708534
990,178.56
991,37.1157416
992,36.92743485
993,36.80617355
994,36.5944914
995,178.56
996,178.56
997,178.56
998,178.56
999,178.56
1000,37.01048155
1001,37.2404866
1002,35.9851802
1003,36.59270489999999
1004,36.27461649999999
1005,35.37853344999999
1006,34.36678525000001
1007,34.99801505
1008,36.26253354999999
1009,36.3697252
1010,36.88101849999999
1011,37.36042989999999
1012,37.0661387
1013,36.7099534
1014,36.93327515
1015,36.10485985
1016,35.44221474999999
1017,34.905392
1018,34.84551005
1019,35.46286154999999
1020,95.25615860000046
1021,178.56
1022,178.56
1023,178.56
1024,39.1177697
1025,178.56
1026,178.56
1027,178.56
1028,40.13431499999999
1029,40.9839865
1030,40.8169838
1031,40.16352355
1032,40.0943286
1033,38.86771525
1034,40.50309840000001
1035,39.00848665
1036,39.61386674999999
1037,39.87131645
1038,39.8497413
1039,178.56
1040,178.56
1041,178.56
1042,56.54865365000012
1043,42.58618695
1044,42.27755845
1045,41.33615445
1046,40.46005519999999
1047,41.13830975
1048,41.09142635000001
1049,178.56
1050,178.56
1051,178.56
1052,178.56
1053,41.88409894999999
1054,41.64854645000001
1055,39.71904995
1056,38.78991155
1057,38.2170279
1058,39.18951514999999
1059,39.0717188
1060,39.80570695
1061,39.93057005000001
1062,41.31813125
1063,178.56
1064,178.56
1065,178.56
1066,40.57370515000001
1067,43.74828165000001
1068,46.5521764
1069,46.7468531
1070,45.3340633
1071,42.04768059999999
1072,61.28201405000039
1073,178.56
1074,178.56
1075,178.56
1076,178.56
1077,40.03349465000001
1078,38.25009665
1079,37.79828490000001
1080,36.30871515
1081,35.43199305000001
1082,35.59141499999999
1083,35.74044135000001
1084,36.3827266
1085,35.98611684999999
1086,60.38495680000008
1087,178.56
1088,178.56
1089,178.56
1090,35.58450870000001
1091,36.44800315000001
1092,37.41720795
1093,38.8171362
1094,37.32721805
1095,35.49351365
1096,36.5964603
1097,178.56
1098,178.56
1099,178.56
1100,38.50664484999999
1101,36.9757518
1102,35.99432645
1103,35.71574665
1104,35.8875066
1105,35.28213704999999
1106,36.2006864
1107,36.65903350000001
1108,36.84034545
1109,36.32587055
1110,36.40160874999999
1111,36.19434519999999
1112,178.56
1113,178.56
1114,35.12509334999999
1115,35.20382994999999
1116,34.7407989
1117,34.81260500000001
1118,35.42685825
1119,171.1681004
1120,178.56
1121,178.56
1122,178.56
1123,34.76047139999999
1124,34.45439175000001
1125,35.03705640000001
1126,35.77109965
1127,36.08384340000001
1128,35.84143494999999
1129,34.24784349999999
1130,32.22679005
1131,32.25527505
1132,32.9130517
1133,35.28501365000001
1134,34.8418268
1135,35.79405515000001
1136,33.43676845
1137,32.55263835
1138,32.71569020000001
1139,33.22921995
1140,178.56
1141,178.56
1142,178.56
1143,178.56
1144,178.56
1145,32.57181114999999
1146,115.2731857499998
1147,33.6829116
1148,34.16281815000001
1149,35.70327134999999
1150,35.64353695
1151,36.42867500000001
1152,37.3363167
1153,36.87794335
1154,36.3271682
1155,36.2940535
1156,35.74940185
1157,36.04654315000001
1158,36.2457749
1159,34.77309015
1160,34.66411155
1161,34.8511248
1162,34.59415979999999
1163,43.41740650000039
1164,178.56
1165,178.56
1166,178.56
1167,178.56
1168,178.56
1169,178.56
1170,37.07034845
1171,35.70436315000001
1172,38.4394898
1173,38.1273049
1174,37.19433480000001
1175,35.92144655
1176,37.27772359999999
1177,36.33533145
1178,39.18610469999999
1179,37.80684644999999
1180,37.52465545
1181,37.40018485
1182,36.85497340000001
1183,36.97444715
1184,36.78249194999999
1185,36.0298117
1186,35.59858875
1187,81.59440730000041
1188,178.56
1189,178.56
1190,178.56
1191,178.56
1192,178.56
1193,38.81420175
1194,178.56
1195,39.6821102
1196,39.53664815
1197,38.3360483
1198,38.64479505
1199,38.6512618
1200,39.31739859999999
1201,39.6198762
1202,40.34405649999999
1203,40.40350739999999
1204,41.36149199999999
1205,40.80899330000001
1206,39.9194268
1207,37.7557403
1208,178.56
1209,106.7745583499998
1210,35.00194825000001
1211,178.56
1212,178.56
1213,37.54394145000001
1214,36.89486315
1215,36.8077747
1216,178.56
1217,178.56
1218,37.99680545
1219,178.56
1220,38.21527295
1221,36.68905515
1222,37.8770135
1223,38.57255680000001
1224,39.15159185
1225,39.74721995000001
1226,40.61104545000001
1227,40.7190785
1228,41.1130199
1229,41.18385545
1230,40.35662214999999
1231,178.56
1232,178.56
1233,150.33476915
1234,36.3535186
1235,36.348068
1236,37.12954034999998
1237,37.89650985
1238,38.93701369999999
1239,39.90473365
1240,39.53802495000001
1241,178.56
1242,178.56
1243,178.56
1244,178.56
1245,39.92789464999998
1246,39.8345184
1247,39.3648867
1248,39.7507616
1249,40.34292544999998
1250,41.14733120000001
1251,41.25243140000001
1252,40.05276660000001
1253,39.45419634999999
1254,178.56
1255,178.56
1256,178.56
1257,66.10649860000038
1258,36.8140883
1259,37.62355495000001
1260,38.01705665
1261,39.95400525
1262,42.3033618
1263,42.10011335
1264,178.56
1265,178.56
1266,178.56
1267,178.56
1268,43.31646815
1269,43.58009714999999
1270,43.63182815
1271,42.73261004999999
1272,42.1419235
1273,41.2575016
1274,40.9070548
1275,39.71780325
1276,38.47461540000002
1277,38.00441505000001
1278,36.97443309999999
1279,178.56
1280,178.56
1281,178.56
1282,36.79480195
1283,37.21728855
1284,38.11823835
1285,38.17275705
1286,38.44696375
1287,38.1376202
1288,109.3899833000006
1289,178.56
1290,178.56
1291,178.56
1292,38.06798324999999
1293,37.82830645
1294,38.1895416
1295,37.77941955000001
1296,37.1917584
1297,37.9014386
1298,37.78098340000001
1299,36.56344295
1300,35.39457855000001
1301,36.19652815000001
1302,35.61421040000001
1303,35.60949325
1304,178.56
1305,34.56512489999999
1306,34.28011015000001
1307,34.26437505
1308,33.80312175
1309,35.49482455
1310,36.82534304999999
1311,37.92819775
1312,38.37880809999999
1313,39.84613010000001
1314,41.18841834999999
1315,178.56
1316,178.56
1317,103.1507880500004
1318,178.56
1319,178.56
1320,178.56
1321,40.16413825000001
1322,39.13446024999998
1323,38.69311645000001
1324,38.24898675
1325,37.85591515
1326,37.7638118
1327,37.4792181
1328,36.9204506
1329,178.56
1330,178.56
1331,178.56
1332,178.56
1333,178.56
1334,178.56
1335,159.6610791499999
1336,39.63073654999999
1337,40.52935865000001
1338,40.38932360000001
1339,40.1578782
1340,40.54267139999999
1341,38.7101034
1342,38.55177150000001
1343,38.7757455
1344,39.1101587
1345,38.35694834999999
1346,38.46474329999999
1347,39.48808679999999
1348,40.08310810000001
1349,39.95664025000001
1350,39.6529152
1351,39.72481304999999
1352,39.26530134999999
1353,39.05285005000001
1354,178.56
1355,178.56
1356,178.56
1357,178.56
1358,178.56
1359,178.56
1360,136.7908857000005
1361,39.1538265
1362,40.67079485
1363,41.09102650000001
1364,40.67228800000001
1365,40.36509045
1366,40.3858936
1367,40.70604345
1368,40.4405902
1369,40.27787825
1370,40.67385504999999
1371,41.35051505
1372,41.51776510000001
1373,40.96550515000001
1374,40.54173309999999
1375,178.56
1376,178.56
1377,37.50298660000001
1378,42.78523655
1379,178.56
1380,41.62243469999999
1381,178.56
1382,44.54861080500034
1383,40.24395485
1384,38.93881835
1385,178.56
1386,178.56
1387,178.56
1388,40.39239335000001
1389,40.49949150000002
1390,40.70526035
1391,41.3792619
1392,41.127961925
1393,40.74869619999999
1394,40.1985448325
1395,39.91706835
1396,39.62523300000001
1397,37.5999267825
1398,37.11745140000001
1399,45.19828503800034
1400,178.56
1401,20.04879161
1402,18.93115
1403,18.94714999999999
1404,18.96315
1405,18.97914999999999
1406,17.996973358
1407,28.553943345
1408,32.96435151000001
1409,178.56
1410,178.56
1411,178.56
1412,178.56
1413,32.2378866
1414,32.20977665
1415,32.3132267
1416,32.52167165
1417,32.26802675
1418,32.23636
1419,32.27109650000001
1420,32.28357665
1421,32.30834
1422,32.31580495000001
1423,178.56
1424,178.56
1425,90.95009200000041
1426,36.3974081
1427,37.6292199
1428,38.8741036
1429,38.54114665
1430,37.98945505
1431,39.11988395
1432,39.1921114
1433,178.56
1434,178.56
1435,178.56
1436,178.56
1437,45.63819635
1438,41.86766640000001
1439,41.89292495000001
1440,41.75587820000001
1441,41.48697980000001
1442,41.5795216
1443,41.72599995
1444,41.43036965
1445,41.64695475
1446,40.85209794999999
1447,178.56
1448,178.56
1449,172.0096974499996
1450,39.67458354999999
1451,39.19772815
1452,38.97794345
1453,39.28623175000001
1454,39.0051401
1455,39.05828365
1456,39.56537825000001
1457,178.56
1458,178.56
1459,178.56
1460,178.56
1461,40.6413553
1462,41.02169290000001
1463,40.41256325
1464,40.9888666
1465,40.62644995
1466,40.17520674999999
1467,40.04008510000001
1468,40.12934509999998
1469,39.4711552
1470,38.87763449999999
1471,178.56
1472,178.56
1473,178.56
1474,178.56
1475,39.2065657
1476,39.5119386
1477,39.24204855000001
1478,39.3581301
1479,39.7816617
1480,40.2671601
1481,39.42528825
1482,39.76571474999999
1483,178.56
1484,178.56
1485,150.52174935
1486,40.0288334
1487,40.17182865000001
1488,40.08274145000001
1489,178.56
1490,39.28878975
1491,38.52353315000001
1492,38.98257665000001
1493,39.18484290000001
1494,38.4186231
1495,39.15417015
1496,38.72694355000001
1497,178.56
1498,178.56
1499,37.53106325
1500,35.97127654999999
1501,35.4354062
1502,94.1707688499998
1503,178.56
1504,36.34507325
1505,36.55309655
1506,36.8452518
1507,178.56
1508,178.56
1509,36.75118615
1510,36.8888103
1511,37.41411034999999
1512,38.2308919
1513,178.56
1514,178.56
1515,38.00548825
1516,38.40757055
1517,38.24945824999999
1518,38.0619301
1519,38.05494040000001
1520,38.0619933
1521,37.689767
1522,37.28151485000001
1523,36.0685584
1524,35.10926165000001
1525,45.54167254999957
1526,178.56
1527,34.59274135
1528,34.51339000000001
1529,178.56
1530,178.56
1531,178.56
1532,34.28732005000001
1533,34.27112655000001
1534,34.3155065
1535,34.57068345
1536,35.5296397
1537,34.9154881
1538,34.36473165
1539,34.3393165
1540,34.14200795
1541,34.0616669
1542,33.92787365
1543,178.56
1544,178.56
1545,178.56
1546,34.02238025
1547,33.668395
1548,33.70522190000001
1549,141.7124827499999
1550,34.44888535
1551,34.47232825
1552,34.68801505
1553,178.56
1554,178.56
1555,34.79358195
1556,34.69252335000001
1557,34.94812164999999
1558,35.2086698
1559,35.15064
1560,36.18459814999999
1561,35.7627631
1562,35.01952489999999
1563,34.57962990000001
1564,34.5154767
1565,34.43759214999999
1566,34.23235345000001
1567,164.4017435999999
1568,34.0378264
1569,178.56
1570,178.56
1571,178.56
1572,178.56
1573,35.5016266
1574,35.15844005
1575,35.4422167
1576,35.8305117
1577,37.62847474999999
1578,36.89779445
1579,178.56
1580,36.3531933
1581,36.54917189999999
1582,36.538442
1583,36.02930150000001
1584,36.28552304999999
1585,36.05552829999999
1586,36.05387349999999
1587,35.63178009999999
1588,35.37747349999999
1589,35.30415325
1590,34.5831979
1591,178.56
1592,178.56
1593,34.23725155
1594,33.8611754
1595,36.29255490000001
1596,36.63234005
1597,37.00935980000001
1598,37.09852815
1599,36.31462645000001
1600,36.38529640000001
1601,178.56
1602,178.56
1603,178.56
1604,175.0113396500003
1605,35.45250775
1606,35.23472145
1607,35.41693154999999
1608,35.86570835
1609,35.4554418
1610,35.63900845
1611,35.53554800000001
1612,35.1921965
1613,35.0927149
1614,35.33834839999999
1615,178.56
1616,178.56
1617,34.87033849999999
1618,34.68214185
1619,34.6146881
1620,34.5539449
1621,34.57335500000001
1622,34.27570859999999
1623,34.51374385
1624,34.29406839999999
1625,178.56
1626,178.56
1627,178.56
1628,149.26923145
1629,34.47380175
1630,34.4830182
1631,34.23395485
1632,34.67446330000001
1633,33.5990818
1634,33.5742533
1635,178.56
1636,178.56
1637,178.56
1638,33.78791650000001
1639,33.80490655
1640,33.8278737
1641,33.7384382
1642,33.64165214999999
1643,33.63143485
1644,33.73899175
1645,34.42183025
1646,34.42732540000001
1647,34.31004185
1648,35.01445805
1649,178.56
1650,34.99769155
1651,35.2381101
1652,35.44686685
1653,35.63954525
1654,35.54341785
1655,143.60786525
1656,178.56
1657,178.56
1658,178.56
1659,178.56
1660,178.56
1661,35.53827
1662,178.56
1663,35.25914340000001
1664,34.87842805
1665,34.96233545
1666,35.1703219
1667,35.60402805
1668,35.3044929
1669,34.58734329999999
1670,34.67711665
1671,34.70811380000001
1672,34.47884980000001
1673,35.7527367
1674,166.7253195000006
1675,35.00942025000001
1676,33.9083519
1677,34.0172833
1678,34.05750150000001
1679,34.1122582
1680,34.48482335
1681,33.35334155
1682,33.28948215
1683,178.56
1684,178.56
1685,178.56
1686,33.7751202
1687,33.68793975
1688,33.3736652
1689,178.56
1690,33.29357450000001
1691,33.18666835
1692,178.56
1693,33.23568155
1694,141.6578739000008
1695,36.9623981
1696,37.49438980000001
1697,37.8375481
1698,37.9700018
1699,37.0388646
1700,36.96787310000001
1701,37.2159369
1702,34.53427820000001
1703,34.04491994999999
1704,33.61956319999999
1705,32.95994519999999
1706,178.56
1707,178.56
1708,178.56
1709,178.56
1710,33.87637545
1711,34.22992834999999
1712,34.37959634999999
1713,34.42353665
1714,34.19181715
1715,33.9168666
1716,34.71724014999999
1717,34.3390367
1718,34.63870844999999
1719,35.62780470000001
1720,36.1851702
1721,36.98950295000001
1722,37.28600355
1723,178.56
1724,36.5528617
1725,37.16553795000001
1726,167.2234020000004
1727,37.60673880000002
1728,39.32328320000001
1729,38.6802381
1730,178.56
1731,178.56
1732,130.0483728000001
1733,39.64279154999999
1734,178.56
1735,38.57360849999999
1736,37.61594334999999
1737,37.55883005
1738,37.5992866
1739,37.046715
1740,36.96408175000001
1741,178.56
1742,178.56
1743,37.79584970000001
1744,178.56
1745,38.81898690000001
1746,39.81189704999999
1747,40.46177179999999
1748,40.18278789999998
1749,39.50973025
1750,38.97957970000001
1751,39.29864819999999
1752,40.07430850000001
1753,39.34053185
1754,39.11088335
1755,38.84719024999999
1756,38.78131334999999
1757,38.54125165000001
1758,38.47133174999999
1759,38.64144144999998
1760,38.70950845000001
1761,38.69808145
1762,38.42428655
1763,38.9407137
1764,38.77297675000001
1765,38.9087119
1766,110.2639355500002
1767,178.56
1768,178.56
1769,178.56
1770,178.56
1771,178.56
1772,178.56
1773,37.61926975
1774,36.5355633
1775,37.31239715
1776,37.98538980000001
1777,37.67483820000001
1778,38.17782649999999
1779,113.6627630000003
1780,38.04068324999999
1781,37.87743830000001
1782,178.56
1783,178.56
1784,37.1718001
1785,37.12964659999999
1786,37.93317329999999
1787,39.12514650000001
1788,39.48630835
1789,39.4159216
1790,39.0560153
1791,38.64708525
1792,178.56
1793,178.56
1794,178.56
1795,178.56
1796,38.52967140000001
1797,38.49809665
1798,38.4260968
1799,38.22224355
1800,37.89192635
1801,37.70374970000001
1802,94.22556539999972
1803,37.69101655
1804,37.3552001
1805,36.4785868
1806,36.52442309999999
1807,178.56
1808,35.83418175
1809,36.1548633
1810,36.22445175000001
1811,36.48279980000001
1812,36.55951995000001
1813,36.71683355
1814,37.32846529999999
1815,37.40186659999999
1816,178.56
1817,178.56
1818,178.56
1819,178.56
1820,178.56
1821,38.12422489999999
1822,39.25733029999999
1823,39.25022970000001
1824,40.05520474999999
1825,39.70662975
1826,39.81086875
1827,40.3192833
1828,40.08704964999999
1829,39.91509665000001
1830,38.9747832
1831,38.69990669999999
1832,38.63832005000002
1833,38.83154819999999
1834,39.02222765
1835,38.78608975000002
1836,39.84884989999999
1837,160.4988120000001
1838,39.62194710000001
1839,178.56
1840,178.56
1841,178.56
1842,178.56
1843,178.56
1844,178.56
1845,39.43797319999999
1846,39.3911634
1847,40.04507170000001
1848,40.51549985
1849,40.45508795
1850,40.39231000000001
1851,40.11923009999999
1852,39.94911
1853,39.8935918
1854,39.9210769
1855,39.6463463
1856,39.37365199999999
1857,39.18418970000001
1858,40.03598794999998
1859,41.5224499
1860,41.20232629999999
1861,162.79598315
1862,178.56
1863,40.85865345000001
1864,178.56
1865,178.56
1866,178.56
1867,178.56
1868,178.56
1869,38.5657102
1870,39.6045632
1871,39.66300554999999
1872,39.45627354999999
1873,39.571532
1874,38.62103494999999
1875,38.03381385000001
1876,37.71546845
1877,37.7608929
1878,37.5208583
1879,178.56
1880,80.32198560000015
1881,37.09413485
1882,37.10666964999999
1883,37.6041582
1884,37.1682419
1885,36.83909815000001
1886,36.87922460000001
1887,37.04498974999999
1888,178.56
1889,178.56
1890,178.56
1891,178.56
1892,178.56
1893,36.80701195
1894,36.04006815
1895,35.11727315
1896,36.1083684
1897,36.51613515000001
1898,36.66318165
1899,36.61943335
1900,36.61178335
1901,36.59177665
1902,73.24647239999962
1903,178.56
1904,178.56
1905,36.66299
1906,36.67974165
1907,36.69697
1908,36.7111733
1909,36.73021665
1910,36.74091835
1911,36.75657
1912,178.56
1913,178.56
1914,178.56
1915,178.56
1916,36.85297835
1917,37.71150525000001
1918,37.7987855
1919,38.0376998
1920,38.37508330000001
1921,38.24989985
1922,38.2037136
1923,178.56
1924,37.37289144999999
1925,37.47250960000001
1926,37.34460175000001
1927,37.37499369999999
1928,37.64727525
1929,38.72805700000001
1930,38.17704295000001
1931,38.9949982
1932,39.07676024999999
1933,38.91188295000001
1934,39.62658465000001
1935,38.74878025
1936,38.11037230000001
1937,178.56
1938,178.56
1939,178.56
1940,38.4594183
1941,178.56
1942,40.04074980000001
1943,129.8949926500001
1944,178.56
1945,40.3280932
1946,40.08163315
1947,39.85656844999999
1948,40.13270015
1949,39.6797148
1950,40.0726569
1951,39.99865810000001
1952,40.2142535
1953,40.39374995
1954,41.15067329999999
1955,41.3984436
1956,40.85067505000001
1957,40.32208314999999
1958,39.17648355000001
1959,178.56
1960,154.9889508500003
1961,178.56
1962,178.56
1963,178.56
1964,178.56
1965,38.10607495000001
1966,37.77770185
1967,37.9002
1968,178.56
1969,37.40601635
1970,37.0133299
1971,178.56
1972,178.56
1973,111.7547777000004
1974,36.97558850000001
1975,36.88681265
1976,36.63303854999999
1977,36.53581190000001
1978,38.1991345
1979,38.27352705
1980,38.64391009999999
1981,38.42452844999999
1982,38.2680666
1983,38.21287839999999
1984,38.55974009999999
1985,178.56
1986,178.56
1987,178.56
1988,178.56
1989,39.59507194999999
1990,40.10927965
1991,40.6036147
1992,41.41390675000001
1993,40.33846989999999
1994,39.49969705
1995,140.0222649000007
1996,38.4202015
1997,38.18017695
1998,38.2009335
1999,37.8927816
2000,37.8040431
2001,37.43671155
2002,36.83856350000001
2003,37.9120484
2004,38.99853219999999
2005,38.30329004999999
2006,38.30744655
2007,39.54551014999999
2008,39.82998325000001
2009,178.56
2010,40.589487
2011,40.98364814999999
2012,178.56
2013,178.56
2014,178.56
2015,178.56
2016,178.56
2017,37.9724978
2018,38.29915630000001
2019,79.33543175000017
2020,178.56
2021,178.56
2022,178.56
2023,178.56
2024,178.56
2025,178.56
2026,36.69004519999999
2027,37.62634190000001
2028,38.39923365
2029,38.71542360000002
2030,38.69869849999999
2031,38.27405674999999
2032,38.17002815000001
2033,38.31423354999998
2034,38.4912003
2035,38.16601644999999
2036,36.33977305
2037,36.21838345
2038,35.9070598
2039,35.66206690000001
2040,35.813202
2041,178.56
2042,178.56
2043,178.56
2044,174.9622091499996
2045,35.5971018
2046,178.56
2047,178.56
2048,35.48925855
2049,35.27985
2050,35.29585
2051,35.31185
2052,35.32785
2053,35.34385
2054,35.35985
2055,35.37585
2056,35.39185
2057,35.40785
2058,35.42385
2059,35.43985
2060,35.45585
2061,35.47185
2062,35.48785
2063,35.50385
2064,35.51985
2065,35.16385
2066,35.17985
2067,35.19585
2068,35.21185
2069,35.22785
2070,178.56
2071,178.56
2072,35.26385
2073,35.27985
2074,35.29585
2075,35.31185
2076,35.32785
2077,35.34385
2078,35.35985
2079,35.37585
2080,167.4635000000001
2081,178.56
2082,178.56
2083,178.56
2084,35.45585
2085,35.47185
2086,35.48785
2087,35.50385
2088,35.51985
2089,35.16385
2090,35.17985
2091,35.19585
2092,35.21185
2093,35.22785
2094,178.56
2095,178.56
2096,35.26385
2097,35.27985
2098,35.29585
2099,35.31185
2100,35.32785
2101,35.34385
2102,35.35985
2103,35.37585
2104,35.39185
2105,178.56
2106,178.56
2107,178.56
2108,167.5275000000001
2109,35.47185
2110,35.48785
2111,35.50385
2112,35.51985
2113,35.16385
2114,178.56
2115,178.56
2116,178.56
2117,178.56
2118,178.56
2119,35.24785
2120,35.26385
2121,35.27985
2122,35.29585
2123,35.31185
2124,35.32785
2125,35.34385
2126,35.35985
2127,35.37585
2128,35.39185
2129,35.40785
2130,166.7915000000002
2131,35.43985
2132,35.45585
2133,35.47185
2134,35.48785
2135,35.50385
2136,35.51985
2137,178.56
2138,178.56
2139,178.56
2140,178.56
2141,35.22785
2142,35.23185
2143,35.24785
2144,35.26385
2145,35.27985
2146,35.29585
2147,35.31185
2148,35.32785
2149,35.34385
2150,35.35985
2151,35.3827433
2152,35.5272233
2153,35.5465784
2154,167.5588333000003
2155,178.56
2156,35.4856233
2157,35.46504835
2158,35.44669165
2159,35.42937999999999
2160,35.463805
2161,35.116165
2162,178.56
2163,178.56
2164,178.56
2165,35.15713835
2166,35.16992
2167,35.1773217
2168,35.1955033
2169,35.21168665
2170,35.54912519999999
2171,178.56
2172,178.56
2173,178.56
2174,39.41311155000001
2175,38.05440499999999
2176,76.68697531000086
2177,38.72983130000001
2178,37.95392329999999
2179,38.66006285
2180,38.60280325000001
2181,37.77316005000001
2182,36.85461819999999
2183,36.93346535
2184,37.396193
2185,37.67852369999999
2186,127.7646685500001
2187,178.56
2188,178.56
2189,38.3240014
2190,178.56
2191,38.00734669999999
2192,37.8995966
2193,37.8174951
2194,37.9348962
2195,38.22870150000001
2196,39.98503004999999
2197,178.56
2198,178.56
2199,38.47057095
2200,178.56
2201,40.90136015
2202,40.60776529999999
2203,39.5836229
2204,39.14369115
2205,37.62502659999999
2206,37.65206985
2207,38.11009855
2208,38.26434985
2209,35.9200446
2210,35.2217971
2211,35.2361471
2212,35.83269044999999
2213,35.50783700000001
2214,178.56
2215,178.56
2216,35.1550968
2217,34.88643465
2218,35.937718
2219,37.4687485
2220,38.25799315000001
2221,39.81355319999999
2222,91.14906975000105
2223,178.56
2224,178.56
2225,178.56
2226,178.56
2227,40.18502995000001
2228,39.31278035000001
2229,39.09372774999999
2230,38.20034025000001
2231,37.92097145000001
2232,37.78293485
2233,37.19575175000001
2234,38.37646804999999
2235,37.99331510000001
2236,37.96689195
2237,37.1766099
2238,36.44087794999999
2239,178.56
2240,35.17036839999999
2241,35.05697155
2242,35.3882503
2243,36.5243254
2244,178.56
2245,102.6976932499999
2246,39.78208824999999
2247,38.9403996
2248,38.93443679999999
2249,178.56
2250,178.56
2251,178.56
2252,178.56
2253,37.83653855
2254,37.36993140000001
2255,37.88006990000001
2256,37.66670209999999
2257,36.7683468
2258,36.34806814999999
2259,36.1133422
2260,35.70782165000001
2261,178.56
2262,178.56
2263,178.56
2264,33.0234618
2265,33.79167875
2266,33.30615175
2267,34.32120865000001
2268,36.2132227
2269,36.18322389999999
2270,36.15639695000001
2271,36.02983639999999
2272,36.59675335
2273,165.5697695999998
2274,178.56
2275,178.56
2276,35.53066885
2277,34.8237852
2278,34.95720994999999
2279,34.556512
2280,34.69668315
2281,34.12339655
2282,34.0614433
2283,33.9124249
2284,34.1192382
2285,34.28302325
2286,178.56
2287,178.56
2288,34.23852165
2289,34.54785485
2290,34.615628
2291,34.96687205000001
2292,34.77278985000001
2293,35.13882855
2294,178.56
2295,155.752596
2296,178.56
2297,35.91797475000001
2298,36.07932195
2299,35.8926283
2300,178.56
2301,35.55447835
2302,35.5453798
2303,35.46546025000001
2304,34.03341995
2305,33.3057116
2306,33.4267432
2307,33.50654355
2308,33.30258039999999
2309,33.20482155
2310,33.2013234
2311,32.99367525
2312,33.4060418
2313,32.44866995
2314,33.10923320000001
2315,32.76914485
2316,130.57996655
2317,178.56
2318,178.56
2319,178.56
2320,178.56
2321,178.56
2322,35.02660305
2323,35.00612055
2324,34.84925505
2325,35.06934139999999
2326,34.63672505000001
2327,34.3966084
2328,34.11667159999999
2329,34.62408010000001
2330,34.6770399
2331,35.00197525
2332,33.60458515000001
2333,33.7259099
2334,32.0806987
2335,32.09881965000001
2336,31.88117495000001
2337,32.27182995
2338,123.3261424500004
2339,178.56
2340,178.56
2341,178.56
2342,34.16319319999999
2343,34.89187860000001
2344,35.36481335000001
2345,178.56
2346,178.56
2347,34.06692985
2348,34.9772805
2349,34.6525867
2350,34.89410035
2351,33.80032325000001
2352,33.8641318
2353,44.16872225000001
2354,44.5667885
2355,178.56
2356,178.56
2357,43.4733551
2358,44.05704664999999
2359,178.56
2360,44.18903645
2361,44.23847695
2362,44.2225216
2363,44.39554615000001
2364,43.10469115
2365,42.72043825000001
2366,146.2167236000005
2367,178.56
2368,178.56
2369,178.56
2370,178.56
2371,43.61012555
2372,43.68128985000001
2373,43.41752330000001
2374,42.43274325
2375,44.45527155000001
2376,45.86812485000001
2377,45.40543345
2378,44.8554098
2379,178.56
2380,178.56
2381,44.6210214
2382,44.36152689999999
2383,43.69301485
2384,44.6897568
2385,43.71298825
2386,43.51630335000001
2387,44.2862795
2388,44.34699515
2389,43.58525855000001
2390,43.75351655000001
2391,124.3022953000005
2392,178.56
2393,178.56
2394,178.56
2395,41.34142990000001
2396,40.94812045
2397,178.56
2398,40.2919968
2399,41.05783
2400,178.56
2401,41.65302145
2402,42.20644504999999
2403,42.5209482
2404,42.55480505000001
2405,42.59309845000001
2406,43.00256885000001
2407,42.91520505
2408,42.6027084
2409,41.88196490000001
2410,42.28267164999999
2411,42.3831335
2412,42.25959840000001
2413,108.0146241000004
2414,178.56
2415,178.56
2416,43.02748835
2417,42.8721998
2418,178.56
2419,178.56
2420,178.56
2421,42.7488882
2422,42.89373499999999
2423,178.56
2424,178.56
2425,178.56
2426,178.56
2427,97.66323625000044
2428,178.56
2429,178.56
2430,42.0385836
2431,41.413082
2432,40.6506297
2433,40.06447175
2434,40.2758136
2435,40.85383969999999
2436,42.34072354999999
2437,41.54732495
2438,41.74643875000001
2439,41.75294225
2440,41.10157149999999
2441,178.56
2442,178.56
2443,178.56
2444,43.18216469999999
2445,42.61379035
2446,43.0712386
2447,42.7282351
2448,42.73816634999999
2449,178.56
2450,178.56
2451,178.56
2452,178.56
2453,178.56
2454,41.70302855000001
2455,41.9192279
2456,42.53245505000001
2457,43.2175482
2458,43.93708995000001
2459,43.93692
2460,114.5632944500003
2461,43.67070995
2462,43.8852778
2463,43.9175401
2464,43.63428465
2465,42.92054575000001
2466,178.56
2467,178.56
2468,42.81197855000001
2469,43.12771055000001
2470,42.86951709999999
2471,43.01929470000001
2472,43.78905164999998
2473,44.64954965000001
2474,44.49362009999999
2475,44.76837614999999
2476,43.7776197
2477,178.56
2478,43.0637646
2479,42.81354695
2480,42.95762330000001
2481,42.82851494999999
2482,43.067412
2483,168.1784519499996
2484,178.56
2485,178.56
2486,44.7638487
2487,178.56
2488,178.56
2489,178.56
2490,178.56
2491,44.82621125000001
2492,45.02306985000001
2493,45.69060025000001
2494,45.62470515
2495,45.64598504999998
2496,43.8011149
2497,43.38097489999998
2498,43.85838815000001
2499,43.151065
2500,43.64673815
2501,44.21757804999999
2502,44.60591014999999
2503,44.53000450000001
2504,45.4535235
2505,45.80271315
2506,172.2243754500001
2507,178.56
2508,178.56
2509,178.56
2510,178.56
2511,178.56
2512,178.56
2513,178.56
2514,43.77553305000001
2515,43.7091616
2516,43.1840538
2517,42.39270795
2518,43.06617849999999
2519,42.80976304999999
2520,42.95642534999999
2521,42.70266025000001
2522,43.61879019999999
2523,44.21641544999999
2524,44.21749145
2525,44.1055438
2526,43.87175105
2527,42.41400805000001
2528,42.30283035
2529,42.6047749
2530,42.94534835000001
2531,43.62923159999998
2532,178.56
2533,178.56
2534,178.56
2535,178.56
2536,178.56
2537,178.56
2538,178.56
2539,157.5004496500003
2540,44.4062817
2541,44.62396685
2542,45.36316099999998
2543,45.22294360000001
2544,44.86432015
2545,43.8493004
2546,44.97235889999999
2547,43.8055832
2548,43.67957355
2549,178.56
2550,178.56
2551,178.56
2552,178.56
2553,42.5471535
2554,43.0340819
2555,178.56
2556,41.63657624999999
2557,41.8232233
2558,41.03492155000001
2559,40.0889713
2560,41.20082850000001
2561,109.803368500001
2562,178.56
2563,178.56
2564,41.80371865000001
2565,41.1141783
2566,41.5189735
2567,42.01849645
2568,42.45827134999998
2569,42.1054334
2570,42.00840809999999
2571,42.2049735
2572,41.7748132
2573,41.66638495
2574,178.56
2575,178.56
2576,41.07933664999999
2577,42.28102685
2578,178.56
2579,44.64055370000001
2580,43.5890217
2581,43.2931903
2582,87.84999909999999
2583,42.1931252
2584,40.81786350000001
2585,178.56
2586,178.56
2587,178.56
2588,40.23821669999999
2589,39.70342824999999
2590,40.51111674999999
2591,40.77676175
2592,178.56
2593,42.29800695000001
2594,42.5633762
2595,42.38500710000001
2596,41.883365
2597,41.07849015000001
2598,40.97466295
2599,40.32813385
2600,39.68297795000001
2601,39.11869145
2602,178.56
2603,39.22257704999999
2604,178.56
2605,156.8138168500006
2606,178.56
2607,178.56
2608,178.56
2609,39.96933729999999
2610,178.56
2611,39.4891402
2612,40.04701835000001
2613,40.1678118
2614,39.74175835
2615,39.083587
2616,39.1843603
2617,38.65346835
2618,38.4932116
2619,38.4176733
2620,38.27043354999999
2621,38.31528985000001
2622,38.12865194999999
2623,94.62328340000025
2624,36.85535520000001
2625,36.86811025
2626,37.05495834999999
2627,37.71850959999999
2628,37.76138675000001
2629,38.07086685
2630,38.1012403
2631,178.56
2632,178.56
2633,178.56
2634,178.56
2635,178.56
2636,178.56
2637,37.10220344999999
2638,37.4135903
2639,37.47276535
2640,38.8098283
2641,38.61951540000002
2642,38.6753536
2643,38.28371174999999
2644,38.39310145000001
2645,38.42829624999999
2646,38.38201850000002
2647,178.56
2648,178.56
2649,178.56
2650,36.65945324999999
2651,178.56
2652,35.7416215
2653,36.86227825
2654,131.0146344000004
2655,178.56
2656,41.01414004999999
2657,40.39384524999999
2658,40.55132385000001
2659,178.56
2660,39.34069
2661,39.95778469999999
2662,40.28510315
2663,41.21760484999999
2664,42.0098931
2665,41.69418004999999
2666,39.61229654999999
2667,38.49617675
2668,37.96962015
2669,37.30813005
2670,178.56
2671,37.08436159999999
2672,36.87231350000001
2673,36.14146865
2674,178.56
2675,36.76425970000001
2676,37.62333684999999
2677,38.83536655
2678,178.56
2679,178.56
2680,178.56
2681,125.5266972000008
2682,39.43949835
2683,39.77173015000001
2684,178.56
2685,38.08910495
2686,38.798948
2687,40.52596185
2688,40.29169320000001
2689,40.89801814999998
2690,41.40454465000001
2691,41.7965252
2692,42.59898865
2693,40.1328567
2694,40.1371049
2695,38.7014896
2696,37.7786397
2697,37.60611845
2698,37.88234164999999
2699,38.69281640000001
2700,38.53686809999999
2701,178.56
2702,178.56
2703,178.56
2704,39.46161810000001
2705,140.4534980000008
2706,178.56
2707,178.56
2708,178.56
2709,37.31010360000001
2710,38.1564569
2711,39.49907525
2712,40.25396330000001
2713,39.68739499999999
2714,39.70048030000001
2715,178.56
2716,38.60272429999999
2717,38.06907275
2718,178.56
2719,178.56
2720,178.56
2721,37.0033914
2722,36.5330266
2723,37.3955867
2724,38.66892379999999
2725,38.84918995000001
2726,131.4550525500002
2727,178.56
2728,178.56
2729,39.90859820000001
2730,38.14641159999999
2731,39.39182649999999
2732,39.90741
2733,40.19837325
2734,41.71103355
2735,41.36137495
2736,39.6796905
2737,41.19899689999999
2738,43.28250224999999
2739,43.17000305000001
2740,43.54823305000001
2741,43.1307417
2742,178.56
2743,41.7106313
2744,178.56
2745,40.50447119999999
2746,40.16313665
2747,178.56
2748,40.9201646
2749,178.56
2750,108.5283477000004
2751,178.56
2752,43.34393975
2753,42.38596339999999
2754,178.56
2755,178.56
2756,43.93111870000001
2757,43.86084169999999
2758,43.99815319999998
2759,43.32172185
2760,45.3217733
2761,44.56061505000001
2762,45.0137545
2763,44.1301199
2764,43.51785485
2765,178.56
2766,178.56
2767,178.56
2768,178.56
2769,135.0858136499999
2770,43.48519140000001
2771,44.81554524999999
2772,43.22515995
2773,43.39671859999999
2774,43.24064174999999
2775,42.66297125
2776,41.8210266
2777,41.7923666
2778,178.56
2779,178.56
2780,178.56
2781,44.21568325
2782,43.84688514999998
2783,44.38334974999999
2784,44.39863519999999
2785,44.64087829999999
2786,45.37706665
2787,46.15853785
2788,45.21123190000001
2789,44.96788805
2790,178.56
2791,178.56
2792,43.26509165
2793,43.1408418
2794,43.09300485000001
2795,43.39570075
2796,43.6792951
2797,44.14739539999999
2798,43.54253700000001
2799,43.82523205
2800,42.6031454
2801,178.56
2802,178.56
2803,178.56
2804,178.56
2805,178.56
2806,141.3804321000001
2807,43.8817683
2808,43.97405335000001
2809,43.47132135
2810,44.20395320000001
2811,44.89738825
2812,44.02372655000001
2813,43.49718825
2814,178.56
2815,178.56
2816,178.56
2817,178.56
2818,135.9564783500004
2819,41.60281175
2820,42.1766952
2821,42.43570404999998
2822,43.61519165000001
2823,44.12580654999999
2824,45.02512544999999
2825,45.16133694999999
2826,178.56
2827,178.56
2828,178.56
2829,44.3028584
2830,44.31774015
2831,44.5058528
2832,44.9298615
2833,43.37956345000001
2834,43.91201325
2835,44.00200694999999
2836,42.6511098
2837,41.81259385000001
2838,41.82179165
2839,41.89776025
2840,42.14019535
2841,42.30992019999999
2842,41.6401067
2843,41.8104367
2844,39.64018659999999
2845,39.09538845000001
2846,39.20237649849999
2847,38.479103116
2848,40.17121039999999
2849,178.56
2850,178.56
2851,178.56
2852,178.56
2853,178.56
2854,178.56
2855,178.56
2856,53.46496321449996
2857,39.6517
2858,39.6677
2859,178.56
2860,178.56
2861,178.56
2862,178.56
2863,39.74769999999999
2864,39.7637
2865,39.8272017
2866,39.7261431
2867,38.58758304999999
2868,38.4938217
2869,39.34373144999999
2870,39.20202815
2871,38.46111839999999
2872,37.9038716
2873,37.73303725000001
2874,178.56
2875,178.56
2876,160.7981096000006
2877,41.73919835000001
2878,41.88164285000001
2879,43.18378179999999
2880,43.81700979999999
2881,43.25979189999999
2882,43.9661151
2883,44.1450069
2884,178.56
2885,40.61661835
2886,40.16165335000001
2887,38.22354004999999
2888,37.82524315
2889,38.5156534
2890,38.18440144999999
2891,39.72883325000001
2892,39.1481382
2893,38.8130737
2894,178.56
2895,40.88251155
2896,56.89504740000037
2897,178.56
2898,178.56
2899,178.56
2900,178.56
2901,178.56
2902,44.34060170000001
2903,44.77318989999999
2904,43.39330845
2905,43.00444544999999
2906,45.73293535
2907,46.69132364999998
2908,44.86876465
2909,174.1580867500007
2910,178.56
2911,178.56
2912,178.56
2913,42.89304834999998
2914,42.49319374999999
2915,43.41383335
2916,43.99761705
2917,44.90078515000001
2918,44.04118514999999
2919,43.33045155
2920,42.59335535
2921,40.98771695
2922,178.56
2923,178.56
2924,178.56
2925,178.56
2926,46.99774335
2927,46.84254695
2928,46.9033535
2929,178.56
2930,48.08161815000001
2931,48.12068165
2932,178.56
2933,178.56
2934,178.56
2935,178.56
2936,45.3912269
2937,45.4926048
2938,45.74224519999999
2939,46.40268065
2940,46.63220805000001
2941,47.7797966
2942,44.04688715
2943,42.26645800000001
2944,43.19771355000002
2945,42.98905665
2946,178.56
2947,178.56
2948,178.56
2949,43.92757489999999
2950,43.6235485
2951,67.29116790000033
2952,44.93631445000001
2953,44.49822665000001
2954,178.56
2955,178.56
2956,44.1212598
2957,43.2429234
2958,159.1993712
2959,178.56
2960,42.20947635
2961,41.57539495
2962,41.88857820000001
2963,41.58326845
2964,41.8013383
2965,42.15885139999998
2966,43.62553165
2967,44.33396295
2968,44.4015535
2969,44.94740475
2970,178.56
2971,178.56
2972,178.56
2973,178.56
2974,44.332241
2975,45.27222325
2976,44.38116289999999
2977,44.54735990000001
2978,44.5179304
2979,45.54290525
2980,45.53771135
2981,178.56
2982,178.56
2983,44.6500147
2984,45.28232615000001
2985,44.59194309999999
2986,45.0450833
2987,44.8929484
2988,45.88144009999999
2989,46.0849349
2990,45.20247295
2991,44.87061690000001
2992,45.43476505000002
2993,178.56
2994,178.56
2995,178.56
2996,178.56
2997,178.56
2998,178.56
2999,71.20475945000025
3000,46.5740684
3001,46.1846917
3002,45.822952
3003,46.90510805
3004,178.56
3005,178.56
3006,178.56
3007,178.56
3008,46.97761054999998
3009,46.1765305
3010,45.97119210000001
3011,45.5311872
3012,45.5538054
3013,45.44755835
3014,45.36037755
3015,44.62434544999999
3016,44.47156839999999
3017,44.16341680000001
3018,178.56
3019,178.56
3020,178.56
3021,178.56
3022,94.31261050000074
3023,46.89210165
3024,47.4326371
3025,46.69367994999998
3026,47.80179645000001
3027,48.08700375
3028,47.94643605
3029,47.16805314999999
3030,46.37936635000002
3031,45.8647634
3032,178.56
3033,43.57629485
3034,43.65613165000001
3035,44.9659881
3036,102.8622070500005
3037,46.0147913
3038,178.56
3039,178.56
3040,46.48158005
3041,178.56
3042,178.56
3043,178.56
3044,178.56
3045,178.56
3046,48.1340066
3047,48.44948165
3048,48.70040425
3049,48.7155534
3050,48.10992485
3051,48.99421064999999
3052,178.56
3053,46.434647
3054,46.36099645000002
3055,45.93747295
3056,45.20996515000002
3057,83.64503705000067
3058,46.35291
3059,45.8250884
3060,47.69202164999998
3061,48.3216927
3062,48.58801644999998
3063,47.5343582
3064,46.2313299
3065,47.76499979999999
3066,178.56
3067,178.56
3068,178.56
3069,178.56
3070,178.56
3071,178.56
3072,178.56
3073,38.37456329999999
3074,37.95945469999999
3075,37.8722932
3076,37.24394984999999
3077,37.23783455
3078,178.56
3079,36.22989345
3080,35.6048686
3081,35.1970752
3082,35.26547165
3083,36.21617815
3084,38.6313147
3085,41.55890519999999
3086,41.20897075
3087,40.02276395
3088,40.21105984999999
3089,104.71826555
3090,178.56
3091,178.56
3092,37.61119015
3093,178.56
3094,178.56
3095,178.56
3096,37.6518331
3097,36.95541985
3098,39.00377994999999
3099,39.4367167
3100,39.34601655
3101,39.06956355000001
3102,38.97212480000001
3103,178.56
3104,178.56
3105,38.61125555
3106,38.60991185
3107,37.9663523
3108,38.3527218
3109,40.27538775
3110,40.9731502
3111,41.16159330000001
3112,42.3881618
3113,42.39015475
3114,172.5307041499998
3115,178.56
3116,178.56
3117,178.56
3118,178.56
3119,39.65438795000001
3120,38.44856359999999
3121,37.17895825000001
3122,37.08233634999999
3123,37.16899340000001
3124,36.50039025
3125,35.60914685
3126,178.56
3127,178.56
3128,178.56
3129,34.96422339999999
3130,34.9341519
3131,34.7511251
3132,34.4531299
3133,34.4133417
3134,33.56045155
3135,33.8592804
3136,33.94734829999999
3137,34.4347349
3138,165.719343
3139,178.56
3140,35.4695819
3141,178.56
3142,35.56156845
3143,36.05197975
3144,36.35295375
3145,36.1555182
3146,36.18697300000002
3147,35.28504129999999
3148,35.0472529
3149,34.10667485
3150,178.56
3151,178.56
3152,33.56108659999999
3153,33.9066466
3154,34.48890839999999
3155,34.97160135
3156,35.4065361
3157,34.6117266
3158,35.11858365
3159,41.10140519999999
3160,45.60584525
3161,45.79630495
3162,178.56
3163,178.56
3164,178.56
3165,86.49702320000023
3166,37.42128355
3167,37.78039159999999
3168,178.56
3169,37.52622835
3170,35.75351839999999
3171,36.97581515
3172,37.6150932
3173,36.78409354999999
3174,140.0022652000003
3175,36.58939204999999
3176,36.3201981
3177,35.3563365
3178,34.12317664999999
3179,35.80969155000001
3180,37.71739835
3181,37.67097320000001
3182,38.42908844999999
3183,39.04874955
3184,38.93528010000001
3185,39.55956140000001
3186,39.53563195
3187,178.56
3188,178.56
3189,178.56
3190,178.56
3191,178.56
3192,178.56
3193,178.56
3194,178.56
3195,178.56
3196,178.56
3197,178.56
3198,39.50881509999999
3199,39.22860325
3200,39.00185185000001
3201,38.42150495
3202,37.94745485000001
3203,37.6970166
3204,38.4404837
3205,39.51294175
3206,39.91443645
3207,39.8888201
3208,40.31148999999999
3209,39.4035081
3210,38.20840824999999
3211,39.41514020000001
3212,146.9866819000005
3213,178.56
3214,38.46523824999999
3215,38.45241849999999
3216,38.14906979999999
3217,178.56
3218,178.56
3219,36.38804815
3220,36.15341285
3221,178.56
3222,178.56
3223,178.56
3224,85.09660740000032
3225,36.09918515000001
3226,36.15185155
3227,36.50645004999999
3228,36.90044650000001
3229,37.51935690000001
3230,37.79581819999999
3231,37.72952015000001
3232,37.51473994999999
3233,38.457325
3234,39.06455665000001
3235,38.99492195000001
3236,38.74039490000001
3237,38.31179365000001
3238,38.07050335
3239,39.04436544999999
3240,178.56
3241,178.56
3242,178.56
3243,178.56
3244,178.56
3245,36.8505882
3246,36.78860675000001
3247,178.56
3248,36.45373825000001
3249,36.16247170000001
3250,35.93977155
3251,36.86943204999999
3252,36.7667239
3253,35.5899199
3254,36.3887901
3255,37.13936999999999
3256,36.303365
3257,37.18411159999999
3258,37.26338010000001
3259,88.28586865000022
3260,178.56
3261,37.75647685000001
3262,38.19604970000001
3263,38.69062365
3264,38.79788694999999
3265,178.56
3266,37.35403645
3267,37.15399665
3268,37.9968847
3269,38.7425335
3270,178.56
3271,37.64289825
3272,37.72011315
3273,37.95053995000001
3274,38.09760534999999
3275,37.99473135
3276,39.0900512
3277,39.8626321
3278,39.7206717
3279,40.37800800000001
3280,41.19887785000001
3281,178.56
3282,178.56
3283,178.56
3284,178.56
3285,37.98069340000001
3286,37.56402665
3287,143.6666568000004
3288,38.92128815
3289,39.48780355
3290,39.59349005
3291,170.8625065500003
3292,178.56
3293,178.56
3294,178.56
3295,39.93969795
3296,39.99934990000001
3297,40.13552485000001
3298,40.0213222
3299,40.1028089
3300,40.39032509999999
3301,40.5976513
3302,40.45992664999999
3303,40.06513145
3304,39.04452854999999
3305,39.29616685000001
3306,178.56
3307,178.56
3308,178.56
3309,41.44596845
3310,38.22763865000001
3311,38.35213504999999
3312,39.5059018
3313,39.0844147
3314,38.7166982
3315,178.56
3316,178.56
3317,178.56
3318,84.93935884999996
3319,37.22377975
3320,37.0032801
3321,37.02316645
3322,36.98374530000001
3323,37.2469335
3324,35.10022355
3325,32.5235599
3326,33.59205865000001
3327,35.4250387
3328,35.49678984999999
3329,37.5341683
3330,178.56
3331,178.56
3332,178.56
3333,36.27435485
3334,36.38852975
3335,36.88570674999999
3336,37.70811634999999
3337,178.56
3338,178.56
3339,178.56
3340,64.88295389999963
3341,178.56
3342,36.34259285000001
3343,37.1157416
3344,36.92743485
3345,36.80617355
3346,36.5944914
3347,37.12618994999999
3348,38.0560152
3349,38.24598025
3350,36.1614381
3351,37.61434985
3352,37.01048155
3353,37.2404866
3354,35.9851802
3355,178.56
3356,36.27461649999999
3357,35.37853344999999
3358,34.36678525000001
3359,178.56
3360,36.26253354999999
3361,36.3697252
3362,36.88101849999999
3363,37.36042989999999
3364,178.56
3365,36.7099534
3366,36.93327515
3367,36.10485985
3368,35.44221474999999
3369,34.905392
3370,34.84551005
3371,35.46286154999999
3372,35.05110814999999
3373,37.10146635
3374,36.3625185
3375,37.10112659999999
3376,39.1177697
3377,39.1969833
3378,178.56
3379,178.56
3380,178.56
3381,178.56
3382,178.56
3383,109.6079032500004
3384,40.0943286
3385,38.86771525
3386,178.56
3387,178.56
3388,178.56
3389,178.56
3390,178.56
3391,41.0341985
3392,40.5607168
3393,40.72186145000001
3394,42.33493315
3395,42.58618695
3396,42.27755845
3397,41.33615445
3398,40.46005519999999
3399,41.13830975
3400,41.09142635000001
3401,40.87941555
3402,49.86403775000019
3403,178.56
3404,178.56
3405,41.88409894999999
3406,41.64854645000001
3407,39.71904995
3408,38.78991155
3409,38.2170279
3410,39.18951514999999
3411,39.0717188
3412,178.56
3413,39.93057005000001
3414,54.04132535000071
3415,178.56
3416,40.60022504999999
3417,40.68314165
3418,40.57370515000001
3419,43.74828165000001
3420,46.5521764
3421,46.7468531
3422,45.3340633
3423,42.04768059999999
3424,40.94633635
3425,40.51852355000001
3426,41.69817649999999
3427,178.56
3428,178.56
3429,178.56
3430,178.56
3431,178.56
3432,36.30871515
3433,35.43199305000001
3434,35.59141499999999
3435,178.56
3436,178.56
3437,59.56645680000027
3438,178.56
3439,178.56
3440,35.5102134
3441,35.46296374999999
3442,35.58450870000001
3443,36.44800315000001
3444,37.41720795
3445,38.8171362
3446,37.32721805
3447,35.49351365
3448,36.5964603
3449,35.40933475
3450,37.93810129999999
3451,40.08956825
3452,178.56
3453,178.56
3454,35.99432645
3455,35.71574665
3456,35.8875066
3457,173.4665560500001
3458,178.56
3459,36.65903350000001
3460,36.84034545
3461,178.56
3462,178.56
3463,36.19434519999999
3464,35.65086665
3465,35.11673829999999
3466,35.12509334999999
3467,35.20382994999999
3468,34.7407989
3469,34.81260500000001
3470,35.42685825
3471,36.5280637
3472,35.64664645
3473,34.34712035
3474,34.1138598
3475,34.76047139999999
3476,178.56
3477,178.56
3478,35.77109965
3479,36.08384340000001
3480,35.84143494999999
3481,34.24784349999999
3482,32.22679005
3483,32.25527505
3484,178.56
3485,178.56
3486,178.56
3487,178.56
3488,33.43676845
3489,32.55263835
3490,32.71569020000001
3491,33.22921995
3492,33.14026140000001
3493,32.11137175
3494,32.3087431
3495,32.96437495
3496,32.5216384
3497,32.57181114999999
3498,33.4764464
3499,33.6829116
3500,34.16281815000001
3501,129.7162434000001
3502,35.64353695
3503,178.56
3504,37.3363167
3505,178.56
3506,178.56
3507,36.2940535
3508,35.74940185
3509,36.04654315000001
3510,36.2457749
3511,34.77309015
3512,34.66411155
3513,34.8511248
3514,34.59415979999999
3515,33.89103505
3516,33.9563334
3517,34.76977864999999
3518,33.6919388
3519,35.48599680000001
3520,38.55031590000001
3521,38.9641134
3522,52.90416435000026
3523,35.70436315000001
3524,38.4394898
3525,178.56
3526,178.56
3527,178.56
3528,178.56
3529,178.56
3530,178.56
3531,178.56
3532,178.56
3533,178.56
3534,178.56
3535,36.97444715
3536,36.78249194999999
3537,36.0298117
3538,35.59858875
3539,35.2641284
3540,34.85395154999999
3541,35.2771167
3542,36.98933495000001
3543,37.33788325
3544,36.9411637
3545,38.81420175
3546,38.07567525000001
3547,39.6821102
3548,39.53664815
3549,38.3360483
3550,38.64479505
3551,38.6512618
3552,91.28064840000037
3553,39.6198762
3554,114.9299327499999
3555,178.56
3556,41.36149199999999
3557,40.80899330000001
3558,39.9194268
3559,37.7557403
3560,36.06895845
3561,35.18765215000001
3562,35.00194825000001
3563,36.69530169999999
3564,38.02339954999999
3565,37.54394145000001
3566,36.89486315
3567,36.8077747
3568,38.57451639999999
3569,38.82050829999999
3570,178.56
3571,178.56
3572,178.56
3573,178.56
3574,178.56
3575,38.57255680000001
3576,39.15159185
3577,39.74721995000001
3578,40.61104545000001
3579,178.56
3580,178.56
3581,178.56
3582,178.56
3583,178.56
3584,154.5980046500003
3585,37.17522355
3586,36.3535186
3587,36.348068
3588,37.12954034999998
3589,37.89650985
3590,38.93701369999999
3591,39.90473365
3592,39.53802495000001
3593,39.98520690000001
3594,40.7099187
3595,40.31501285
3596,40.28886519999999
3597,39.92789464999998
3598,39.8345184
3599,178.56
3600,39.7507616
3601,40.34292544999998
3602,41.14733120000001
3603,178.56
3604,68.29998120000019
3605,39.45419634999999
3606,178.56
3607,178.56
3608,37.44610310000001
3609,37.0411148
3610,36.8140883
3611,37.62355495000001
3612,38.01705665
3613,39.95400525
3614,42.3033618
3615,42.10011335
3616,47.26171184999999
3617,44.60702175
3618,43.59277955
3619,42.42398784999999
3620,178.56
3621,178.56
3622,178.56
3623,178.56
3624,42.1419235
3625,41.2575016
3626,40.9070548
3627,178.56
3628,38.47461540000002
3629,38.00441505000001
3630,110.5163170000007
3631,178.56
3632,37.02874490000001
3633,36.9131485
3634,36.79480195
3635,37.21728855
3636,38.11823835
3637,38.17275705
3638,38.44696375
3639,38.1376202
3640,38.4677619
3641,38.95947529999999
3642,38.28260335
3643,178.56
3644,178.56
3645,178.56
3646,178.56
3647,37.77941955000001
3648,37.1917584
3649,37.9014386
3650,37.78098340000001
3651,36.56344295
3652,35.39457855000001
3653,36.19652815000001
3654,178.56
3655,178.56
3656,92.10897165000057
3657,34.56512489999999
3658,34.28011015000001
3659,34.26437505
3660,33.80312175
3661,35.49482455
3662,36.82534304999999
3663,37.92819775
3664,38.37880809999999
3665,39.84613010000001
3666,41.18841834999999
3667,41.3209083
3668,40.94461174999998
3669,178.56
3670,178.56
3671,178.56
3672,178.56
3673,40.16413825000001
3674,39.13446024999998
3675,144.7732850500003
3676,178.56
3677,178.56
3678,178.56
3679,178.56
3680,36.9204506
3681,38.84192529999999
3682,39.8129077
3683,40.81426985000001
3684,43.64476695
3685,43.55540515
3686,38.55885195
3687,38.95349024999999
3688,39.63073654999999
3689,40.52935865000001
3690,40.38932360000001
3691,40.1578782
3692,178.56
3693,178.56
3694,38.55177150000001
3695,38.7757455
3696,39.1101587
3697,38.35694834999999
3698,178.56
3699,178.56
3700,178.56
3701,178.56
3702,178.56
3703,178.56
3704,39.26530134999999
3705,39.05285005000001
3706,38.2209882
3707,37.00478690000001
3708,37.05576635
3709,37.6443345
3710,37.2139368
3711,38.6076315
3712,39.5625186
3713,39.1538265
3714,40.67079485
3715,149.9422560500008
3716,40.67228800000001
3717,40.36509045
3718,40.3858936
3719,40.70604345
3720,40.4405902
3721,40.27787825
3722,40.67385504999999
3723,41.35051505
3724,41.51776510000001
3725,40.96550515000001
3726,40.54173309999999
3727,40.50927835
3728,43.96806698000051
3729,37.50298660000001
3730,42.78523655
3731,43.5565704
3732,41.62243469999999
3733,41.3156211
3734,40.6994881
3735,40.24395485
3736,38.93881835
3737,38.60395490000001
3738,178.56
3739,178.56
3740,178.56
3741,178.56
3742,178.56
3743,178.56
3744,178.56
3745,40.74869619999999
3746,178.56
3747,178.56
3748,67.46030269550019
3749,37.5999267825
3750,178.56
3751,36.5389935
3752,33.461004905
3753,20.04879161
3754,18.93115
3755,18.94714999999999
3756,18.96315
3757,18.97914999999999
3758,17.996973358
3759,28.553943345
3760,32.96435151000001
3761,32.35661476999999
3762,32.23353835
3763,178.56
3764,32.244015
3765,178.56
3766,32.20977665
3767,32.3132267
3768,32.52167165
3769,32.26802675
3770,32.23636
3771,32.27109650000001
3772,178.56
3773,106.0026400000005
3774,32.31580495000001
3775,32.36783
3776,32.41540000000001
3777,32.25494165000001
3778,36.3974081
3779,37.6292199
3780,38.8741036
3781,38.54114665
3782,37.98945505
3783,39.11988395
3784,39.1921114
3785,40.00705975
3786,178.56
3787,178.56
3788,178.56
3789,178.56
3790,178.56
3791,41.89292495000001
3792,41.75587820000001
3793,41.48697980000001
3794,41.5795216
3795,41.72599995
3796,178.56
3797,178.56
3798,178.56
3799,40.66995829999967
3800,39.66452875
3801,39.25244505
3802,39.67458354999999
3803,39.19772815
3804,38.97794345
3805,39.28623175000001
3806,39.0051401
3807,39.05828365
3808,39.56537825000001
3809,39.18121635000001
3810,178.56
3811,40.27401955
3812,178.56
3813,178.56
3814,178.56
3815,40.41256325
3816,40.9888666
3817,40.62644995
3818,40.17520674999999
3819,40.04008510000001
3820,178.56
3821,156.1112964500005
3822,178.56
3823,38.82521449999999
3824,38.3844216
3825,37.39377475000001
3826,38.05089159999999
3827,39.2065657
3828,39.5119386
3829,39.24204855000001
3830,39.3581301
3831,39.7816617
3832,40.2671601
3833,39.42528825
3834,178.56
3835,178.56
3836,178.56
3837,178.56
3838,40.0288334
3839,40.17182865000001
3840,40.08274145000001
3841,102.61512445
3842,178.56
3843,178.56
3844,178.56
3845,178.56
3846,178.56
3847,39.15417015
3848,38.72694355000001
3849,39.1499432
3850,38.12490305000001
3851,37.53106325
3852,35.97127654999999
3853,35.4354062
3854,35.6008599
3855,36.30054735000001
3856,36.34507325
3857,36.55309655
3858,36.8452518
3859,178.56
3860,36.77775645000001
3861,36.75118615
3862,36.8888103
3863,37.41411034999999
3864,38.2308919
3865,37.84874865
3866,38.06689165
3867,178.56
3868,178.56
3869,178.56
3870,178.56
3871,38.05494040000001
3872,38.0619933
3873,37.689767
3874,37.28151485000001
3875,36.0685584
3876,35.10926165000001
3877,35.41172
3878,35.49278515
3879,34.59274135
3880,34.51339000000001
3881,178.56
3882,178.56
3883,51.44597425000004
3884,34.28732005000001
3885,34.27112655000001
3886,34.3155065
3887,34.57068345
3888,35.5296397
3889,34.9154881
3890,34.36473165
3891,178.56
3892,178.56
3893,178.56
3894,33.92787365
3895,34.06956635
3896,34.2587072
3897,34.09293125000001
3898,34.02238025
3899,33.668395
3900,33.70522190000001
3901,34.25100025
3902,34.44888535
3903,34.47232825
3904,34.68801505
3905,34.7749838
3906,34.9418298
3907,34.79358195
3908,142.7157702500002
3909,178.56
3910,178.56
3911,35.15064
3912,36.18459814999999
3913,35.7627631
3914,35.01952489999999
3915,34.57962990000001
3916,34.5154767
3917,174.0266420499998
3918,34.23235345000001
3919,33.91637325000001
3920,34.0378264
3921,34.5163216
3922,33.98259660000001
3923,34.03152345
3924,34.70448045
3925,35.5016266
3926,35.15844005
3927,35.4422167
3928,35.8305117
3929,37.62847474999999
3930,178.56
3931,178.56
3932,178.56
3933,178.56
3934,178.56
3935,36.02930150000001
3936,36.28552304999999
3937,36.05552829999999
3938,36.05387349999999
3939,35.63178009999999
3940,35.37747349999999
3941,35.30415325
3942,34.5831979
3943,178.56
3944,34.5754516
3945,34.23725155
3946,33.8611754
3947,36.29255490000001
3948,36.63234005
3949,37.00935980000001
3950,37.09852815
3951,36.31462645000001
3952,36.38529640000001
3953,36.2567933
3954,178.56
3955,178.56
3956,178.56
3957,178.56
3958,174.8663239500001
3959,35.41693154999999
3960,35.86570835
3961,35.4554418
3962,35.63900845
3963,35.53554800000001
3964,35.1921965
3965,35.0927149
3966,178.56
3967,35.0963432
3968,35.15614184999999
3969,34.87033849999999
3970,34.68214185
3971,34.6146881
3972,34.5539449
3973,34.57335500000001
3974,34.27570859999999
3975,34.51374385
3976,34.29406839999999
3977,34.3070616
3978,34.41859669999999
3979,34.34751335000001
3980,149.14716125
3981,178.56
3982,178.56
3983,178.56
3984,178.56
3985,178.56
3986,33.5742533
3987,33.60862324999999
3988,178.56
3989,178.56
3990,33.78791650000001
3991,33.80490655
3992,33.8278737
3993,33.7384382
3994,33.64165214999999
3995,33.63143485
3996,33.73899175
3997,34.42183025
3998,34.42732540000001
3999,34.31004185
4000,35.01445805
4001,34.89176675
4002,34.99769155
4003,35.2381101
4004,35.44686685
4005,35.63954525
4006,144.2499749000002
4007,178.56
4008,178.56
4009,178.56
4010,178.56
4011,178.56
4012,36.3043518
4013,35.53827
4014,165.0237943500003
4015,35.25914340000001
4016,34.87842805
4017,34.96233545
4018,35.1703219
4019,35.60402805
4020,35.3044929
4021,34.58734329999999
4022,34.67711665
4023,34.70811380000001
4024,34.47884980000001
4025,178.56
4026,35.26216825
4027,35.00942025000001
4028,33.9083519
4029,34.0172833
4030,34.05750150000001
4031,178.56
4032,34.48482335
4033,33.35334155
4034,33.28948215
4035,33.74115494999999
4036,33.95959140000001
4037,34.0006168
4038,33.7751202
4039,178.56
4040,33.3736652
4041,33.37443015000001
4042,33.29357450000001
4043,33.18666835
4044,33.03321325
4045,33.23568155
4046,33.67930689999999
4047,36.9623981
4048,37.49438980000001
4049,37.8375481
4050,178.56
4051,178.56
4052,178.56
4053,178.56
4054,157.2844548000004
4055,34.04491994999999
4056,33.61956319999999
4057,32.95994519999999
4058,33.84925315
4059,34.35194865
4060,34.2089798
4061,34.3917032
4062,33.87637545
4063,34.22992834999999
4064,34.37959634999999
4065,34.42353665
4066,34.19181715
4067,33.9168666
4068,34.71724014999999
4069,34.3390367
4070,34.63870844999999
4071,35.62780470000001
4072,36.1851702
4073,37.46216215000065
4074,178.56
4075,178.56
4076,178.56
4077,178.56
4078,178.56
4079,178.56
4080,39.32328320000001
4081,38.6802381
4082,39.1460835
4083,39.5207934
4084,39.96210809999999
4085,39.64279154999999
4086,178.56
4087,178.56
4088,37.61594334999999
4089,37.55883005
4090,37.5992866
4091,37.046715
4092,36.96408175000001
4093,37.22717815000001
4094,37.54356980000001
4095,37.79584970000001
4096,38.44170979999999
4097,38.81898690000001
4098,178.56
4099,178.56
4100,135.7263052499997
4101,178.56
4102,178.56
4103,39.29864819999999
4104,40.07430850000001
4105,39.34053185
4106,39.11088335
4107,38.84719024999999
4108,38.78131334999999
4109,38.54125165000001
4110,38.47133174999999
4111,108.418777
4112,38.70950845000001
4113,38.69808145
4114,38.42428655
4115,38.9407137
4116,38.77297675000001
4117,38.9087119
4118,39.3172836
4119,38.00127504999999
4120,38.20444005
4121,36.4308315
4122,178.56
4123,178.56
4124,178.56
4125,178.56
4126,178.56
4127,178.56
4128,37.98538980000001
4129,37.67483820000001
4130,38.17782649999999
4131,38.21573589999999
4132,38.04068324999999
4133,37.87743830000001
4134,178.56
4135,178.56
4136,112.6763717000003
4137,37.12964659999999
4138,37.93317329999999
4139,39.12514650000001
4140,39.48630835
4141,39.4159216
4142,39.0560153
4143,38.64708525
4144,38.53286344999999
4145,38.43736009999999
4146,178.56
4147,178.56
4148,178.56
4149,178.56
4150,38.4260968
4151,38.22224355
4152,37.89192635
4153,37.70374970000001
4154,37.72853154999999
4155,37.69101655
4156,37.3552001
4157,36.4785868
4158,178.56
4159,178.56
4160,35.83418175
4161,36.1548633
4162,36.22445175000001
4163,36.48279980000001
4164,36.55951995000001
4165,36.71683355
4166,37.32846529999999
4167,37.40186659999999
4168,37.72392309999999
4169,38.30968655000001
4170,38.68029005
4171,178.56
4172,178.56
4173,178.56
4174,178.56
4175,94.93934214999955
4176,40.05520474999999
4177,178.56
4178,156.4604488000004
4179,178.56
4180,40.08704964999999
4181,178.56
4182,178.56
4183,178.56
4184,178.56
4185,38.83154819999999
4186,39.02222765
4187,38.78608975000002
4188,39.84884989999999
4189,39.94683649999999
4190,39.62194710000001
4191,40.3107432
4192,40.10619359999999
4193,39.93915345
4194,40.0923418
4195,39.8984432
4196,39.80953984999999
4197,39.43797319999999
4198,39.3911634
4199,40.04507170000001
4200,40.51549985
4201,40.45508795
4202,40.39231000000001
4203,40.11923009999999
4204,39.94911
4205,39.8935918
4206,159.8147664999998
4207,39.6463463
4208,39.37365199999999
4209,39.18418970000001
4210,40.03598794999998
4211,41.5224499
4212,41.20232629999999
4213,40.1317836
4214,39.6032826
4215,40.85865345000001
4216,40.34186855
4217,40.07978805
4218,40.03512325000001
4219,178.56
4220,178.56
4221,178.56
4222,178.56
4223,178.56
4224,178.56
4225,39.571532
4226,38.62103494999999
4227,38.03381385000001
4228,37.71546845
4229,37.7608929
4230,37.5208583
4231,37.44818015000001
4232,37.03804
4233,37.09413485
4234,37.10666964999999
4235,37.6041582
4236,37.1682419
4237,36.83909815000001
4238,36.87922460000001
4239,37.04498974999999
4240,36.98936190000001
4241,37.11684645
4242,178.56
4243,178.56
4244,178.56
4245,178.56
4246,178.56
4247,178.56
4248,75.8022787500002
4249,36.51613515000001
4250,36.66318165
4251,36.61943335
4252,36.61178335
4253,36.59177665
4254,76.62038629999957
4255,36.634125
4256,36.653755
4257,36.66299
4258,36.67974165
4259,36.69697
4260,36.7111733
4261,36.73021665
4262,36.74091835
4263,36.75657
4264,36.8739717
4265,36.8652033
4266,178.56
4267,178.56
4268,178.56
4269,178.56
4270,178.56
4271,178.56
4272,38.37508330000001
4273,38.24989985
4274,38.2037136
4275,37.74451345
4276,37.37289144999999
4277,178.56
4278,178.56
4279,37.37499369999999
4280,37.64727525
4281,38.72805700000001
4282,38.17704295000001
4283,38.9949982
4284,39.07676024999999
4285,38.91188295000001
4286,39.62658465000001
4287,38.74878025
4288,38.11037230000001
4289,37.77939515000001
4290,126.236127
4291,178.56
4292,178.56
4293,178.56
4294,40.04074980000001
4295,178.56
4296,41.4114867
4297,40.3280932
4298,40.08163315
4299,39.85656844999999
4300,40.13270015
4301,154.4127438500003
4302,178.56
4303,178.56
4304,40.2142535
4305,40.39374995
4306,41.15067329999999
4307,41.3984436
4308,40.85067505000001
4309,40.32208314999999
4310,39.17648355000001
4311,40.29950525
4312,39.6555785
4313,178.56
4314,178.56
4315,39.50462484999999
4316,39.13525815
4317,178.56
4318,178.56
4319,37.9002
4320,37.61604685
4321,37.40601635
4322,37.0133299
4323,37.0115103
4324,37.09228169999999
4325,37.05368470000001
4326,112.6744873000001
4327,178.56
4328,178.56
4329,178.56
4330,38.1991345
4331,38.27352705
4332,38.64391009999999
4333,38.42452844999999
4334,38.2680666
4335,38.21287839999999
4336,178.56
4337,37.95854870000002
4338,38.2370082
4339,38.6634735
4340,39.66375369999999
4341,178.56
4342,40.10927965
4343,40.6036147
4344,178.56
4345,40.33846989999999
4346,39.49969705
4347,178.56
4348,178.56
4349,178.56
4350,137.2721449000003
4351,37.8927816
4352,37.8040431
4353,37.43671155
4354,36.83856350000001
4355,37.9120484
4356,38.99853219999999
4357,38.30329004999999
4358,38.30744655
4359,39.54551014999999
4360,39.82998325000001
4361,40.1590803
4362,40.589487
4363,40.98364814999999
4364,178.56
4365,178.56
4366,178.56
4367,38.9836269
4368,38.40872475
4369,37.9724978
4370,178.56
4371,178.56
4372,38.21202705
4373,84.51145005000018
4374,36.25681165
4375,35.13907865
4376,35.00291194999999
4377,35.14354144999999
4378,36.69004519999999
4379,37.62634190000001
4380,38.39923365
4381,38.71542360000002
4382,38.69869849999999
4383,38.27405674999999
4384,38.17002815000001
4385,38.31423354999998
4386,38.4912003
4387,178.56
4388,178.56
4389,178.56
4390,178.56
4391,35.66206690000001
4392,35.813202
4393,35.92948679999999
4394,36.18682680000001
4395,35.6531198
4396,36.14543794999999
4397,35.5971018
4398,178.56
4399,35.39572649999999
4400,35.48925855
4401,35.27985
4402,35.29585
4403,35.31185
4404,35.32785
4405,35.34385
4406,35.35985
4407,35.37585
4408,35.39185
4409,35.40785
4410,172.9308612999999
4411,178.56
4412,178.56
4413,178.56
4414,178.56
4415,35.50385
4416,35.51985
4417,35.16385
4418,35.17985
4419,35.19585
4420,35.21185
4421,35.22785
4422,35.23185
4423,35.24785
4424,35.26385
4425,35.27985
4426,35.29585
4427,35.31185
4428,35.32785
4429,35.34385
4430,35.35985
4431,35.37585
4432,35.39185
4433,178.56
4434,35.42385
4435,168.0875000000003
4436,178.56
4437,178.56
4438,178.56
4439,178.56
4440,35.51985
4441,35.16385
4442,35.17985
4443,35.19585
4444,35.21185
4445,178.56
4446,178.56
4447,35.24785
4448,35.26385
4449,35.27985
4450,35.29585
4451,35.31185
4452,35.32785
4453,35.34385
4454,35.35985
4455,35.37585
4456,35.39185
4457,35.40785
4458,35.42385
4459,178.56
4460,178.56
4461,178.56
4462,167.6355
4463,35.50385
4464,35.51985
4465,35.16385
4466,35.17985
4467,35.19585
4468,178.56
4469,178.56
4470,35.23185
4471,35.24785
4472,35.26385
4473,35.27985
4474,35.29585
4475,35.31185
4476,35.32785
4477,35.34385
4478,35.35985
4479,35.37585
4480,35.39185
4481,35.40785
4482,35.42385
4483,35.43985
4484,167.7115
4485,178.56
4486,35.48785
4487,178.56
4488,178.56
4489,35.16385
4490,35.17985
4491,35.19585
4492,35.21185
4493,35.22785
4494,178.56
4495,35.24785
4496,35.26385
4497,35.27985
4498,35.29585
4499,35.31185
4500,35.32785
4501,35.34385
4502,35.35985
4503,35.3827433
4504,35.5272233
4505,35.5465784
4506,35.56047
4507,178.56
4508,178.56
4509,178.56
4510,178.56
4511,168.3055566000007
4512,35.463805
4513,178.56
4514,178.56
4515,178.56
4516,178.56
4517,35.15713835
4518,35.16992
4519,35.1773217
4520,35.1955033
4521,35.21168665
4522,35.54912519999999
4523,40.03976045
4524,39.52226005
4525,38.72235325
4526,39.41311155000001
4527,38.05440499999999
4528,36.65070848
4529,38.72983130000001
4530,37.95392329999999
4531,38.66006285
4532,69.80051968000038
4533,37.77316005000001
4534,36.85461819999999
4535,178.56
4536,178.56
4537,178.56
4538,38.21348515
4539,37.92722319999999
4540,178.56
4541,178.56
4542,178.56
4543,38.00734669999999
4544,37.8995966
4545,37.8174951
4546,37.9348962
4547,38.22870150000001
4548,39.98503004999999
4549,40.46207664999998
4550,38.7243282
4551,38.47057095
4552,39.9356014
4553,40.90136015
4554,40.60776529999999
4555,39.5836229
4556,178.56
4557,123.3832953499999
4558,37.65206985
4559,178.56
4560,38.26434985
4561,35.9200446
4562,35.2217971
4563,35.2361471
4564,35.83269044999999
4565,178.56
4566,84.70771270000074
4567,35.03063675
4568,178.56
4569,34.88643465
4570,35.937718
4571,37.4687485
4572,38.25799315000001
4573,39.81355319999999
4574,39.18667675
4575,38.41905504999999
4576,38.42719004999999
4577,39.5359648
4578,39.50274174999999
4579,40.18502995000001
4580,39.31278035000001
4581,178.56
4582,178.56
4583,178.56
4584,178.56
4585,178.56
4586,38.37646804999999
4587,37.99331510000001
4588,37.96689195
4589,178.56
4590,178.56
4591,178.56
4592,35.17036839999999
4593,35.05697155
4594,35.3882503
4595,36.5243254
4596,40.3918644
4597,40.2008452
4598,39.78208824999999
4599,38.9403996
4600,38.93443679999999
4601,38.31157759999999
4602,93.42799339999979
4603,38.2382135
4604,38.1469087
4605,178.56
4606,178.56
4607,37.88006990000001
4608,37.66670209999999
4609,36.7683468
4610,36.34806814999999
4611,36.1133422
4612,35.70782165000001
4613,178.56
4614,164.6335097999995
4615,34.82871285
4616,33.0234618
4617,33.79167875
4618,33.30615175
4619,34.32120865000001
4620,36.2132227
4621,36.18322389999999
4622,36.15639695000001
4623,36.02983639999999
4624,36.59675335
4625,36.10730315000001
4626,35.07238150000001
4627,34.79603830000001
4628,178.56
4629,178.56
4630,178.56
4631,178.56
4632,34.69668315
4633,34.12339655
4634,34.0614433
4635,33.9124249
4636,34.1192382
4637,34.28302325
4638,178.56
4639,34.12599695
4640,34.23852165
4641,34.54785485
4642,34.615628
4643,34.96687205000001
4644,34.77278985000001
4645,35.13882855
4646,35.73925835000001
4647,35.62787825000001
4648,35.40132850000001
4649,35.91797475000001
4650,36.07932195
4651,178.56
4652,178.56
4653,178.56
4654,178.56
4655,157.3160806499999
4656,34.03341995
4657,178.56
4658,178.56
4659,122.5179657499998
4660,178.56
4661,178.56
4662,33.2013234
4663,178.56
4664,33.4060418
4665,32.44866995
4666,33.10923320000001
4667,32.76914485
4668,33.50201525000001
4669,34.1347484
4670,34.7713499
4671,35.0330167
4672,35.34519145
4673,35.01575465000001
4674,35.02660305
4675,35.00612055
4676,34.84925505
4677,35.06934139999999
4678,34.63672505000001
4679,34.3966084
4680,34.11667159999999
4681,34.62408010000001
4682,34.6770399
4683,35.00197525
4684,33.60458515000001
4685,33.7259099
4686,32.0806987
4687,32.09881965000001
4688,31.88117495000001
4689,32.27182995
4690,32.62134525
4691,32.5711937
4692,32.97866015
4693,33.78225495000001
4694,34.16319319999999
4695,34.89187860000001
4696,35.36481335000001
4697,178.56
4698,178.56
4699,178.56
4700,178.56
4701,178.56
4702,34.89410035
4703,128.8698087000003
4704,33.8641318
4705,44.16872225000001
4706,150.2735425000006
4707,45.10153015000001
4708,44.186728
4709,43.4733551
4710,44.05704664999999
4711,44.2158634
4712,44.18903645
4713,44.23847695
4714,44.2225216
4715,44.39554615000001
4716,43.10469115
4717,42.72043825000001
4718,41.7952232
4719,42.4293682
4720,43.29383525000001
4721,42.95249974999999
4722,178.56
4723,178.56
4724,178.56
4725,178.56
4726,178.56
4727,178.56
4728,178.56
4729,45.40543345
4730,44.8554098
4731,45.13363215
4732,44.41620595
4733,44.6210214
4734,178.56
4735,43.69301485
4736,44.6897568
4737,43.71298825
4738,43.51630335000001
4739,44.2862795
4740,44.34699515
4741,43.58525855000001
4742,43.75351655000001
4743,42.71111500000001
4744,41.78998840000001
4745,41.90581335000001
4746,178.56
4747,178.56
4748,178.56
4749,116.3464445000002
4750,178.56
4751,178.56
4752,178.56
4753,41.65302145
4754,42.20644504999999
4755,42.5209482
4756,42.55480505000001
4757,178.56
4758,178.56
4759,178.56
4760,42.6027084
4761,41.88196490000001
4762,42.28267164999999
4763,42.3831335
4764,42.25959840000001
4765,42.07422494999999
4766,41.60739854999999
4767,40.59128644999999
4768,43.02748835
4769,42.8721998
4770,42.23454395
4771,112.4092571000007
4772,178.56
4773,178.56
4774,178.56
4775,178.56
4776,43.25140864999999
4777,42.93186295
4778,42.39573699999999
4779,42.07176275000001
4780,42.19785469999999
4781,178.56
4782,178.56
4783,178.56
4784,40.6506297
4785,40.06447175
4786,40.2758136
4787,40.85383969999999
4788,42.34072354999999
4789,41.54732495
4790,41.74643875000001
4791,41.75294225
4792,41.10157149999999
4793,41.6862171
4794,42.59369345
4795,98.83320265000029
4796,178.56
4797,178.56
4798,178.56
4799,178.56
4800,42.73816634999999
4801,41.62909705000002
4802,41.77293504999999
4803,41.38638975
4804,41.24752865000001
4805,42.02140965000001
4806,178.56
4807,178.56
4808,42.53245505000001
4809,43.2175482
4810,43.93708995000001
4811,43.93692
4812,43.63646859999999
4813,43.67070995
4814,43.8852778
4815,43.9175401
4816,43.63428465
4817,118.2214741000003
4818,178.56
4819,178.56
4820,178.56
4821,178.56
4822,178.56
4823,43.01929470000001
4824,43.78905164999998
4825,44.64954965000001
4826,44.49362009999999
4827,44.76837614999999
4828,43.7776197
4829,43.63916184999999
4830,178.56
4831,169.5160052499999
4832,42.95762330000001
4833,42.82851494999999
4834,43.067412
4835,44.0575167
4836,43.98898145
4837,43.75766485
4838,44.7638487
4839,45.1082347
4840,44.94132349999999
4841,44.66928855
4842,44.98927309999999
4843,178.56
4844,178.56
4845,178.56
4846,178.56
4847,178.56
4848,178.56
4849,178.56
4850,178.56
4851,178.56
4852,178.56
4853,178.56
4854,159.8599632999999
4855,44.53000450000001
4856,45.4535235
4857,45.80271315
4858,45.61224345
4859,45.2887651
4860,45.38559659999998
4861,44.55406514999999
4862,45.06983220000001
4863,45.4531944
4864,44.73780510000001
4865,44.7003263
4866,43.77553305000001
4867,43.7091616
4868,178.56
4869,178.56
4870,43.06617849999999
4871,42.80976304999999
4872,42.95642534999999
4873,42.70266025000001
4874,178.56
4875,44.21641544999999
4876,44.21749145
4877,44.1055438
4878,157.9741097500003
4879,42.41400805000001
4880,42.30283035
4881,42.6047749
4882,42.94534835000001
4883,43.62923159999998
4884,44.84886975
4885,43.98063509999999
4886,45.0458332
4887,44.7918755
4888,44.19350685
4889,43.77251390000001
4890,178.56
4891,178.56
4892,178.56
4893,178.56
4894,178.56
4895,178.56
4896,44.86432015
4897,43.8493004
4898,44.97235889999999
4899,43.8055832
4900,43.67957355
4901,43.5269805
4902,105.157189150001
4903,42.5351917
4904,42.32728665
4905,42.5471535
4906,43.0340819
4907,41.76585009999999
4908,41.63657624999999
4909,41.8232233
4910,41.03492155000001
4911,40.0889713
4912,41.20082850000001
4913,43.40450865
4914,178.56
4915,178.56
4916,178.56
4917,178.56
4918,178.56
4919,178.56
4920,178.56
4921,178.56
4922,42.00840809999999
4923,42.2049735
4924,81.30345385000001
4925,41.66638495
4926,178.56
4927,41.410387
4928,41.07933664999999
4929,42.28102685
4930,43.60467049999999
4931,44.64055370000001
4932,43.5890217
4933,43.2931903
4934,42.94549320000001
4935,42.1931252
4936,40.81786350000001
4937,40.76148324999998
4938,41.08244015
4939,178.56
4940,178.56
4941,178.56
4942,178.56
4943,178.56
4944,41.8518412
4945,42.29800695000001
4946,42.5633762
4947,42.38500710000001
4948,178.56
4949,178.56
4950,40.97466295
4951,40.32813385
4952,39.68297795000001
4953,39.11869145
4954,39.38923195
4955,39.22257704999999
4956,38.5655046
4957,38.6910653
4958,38.57178374999999
4959,37.52245185
4960,38.03523000000001
4961,39.96933729999999
4962,39.70249
4963,167.8272302500005
4964,178.56
4965,178.56
4966,178.56
4967,178.56
4968,39.1843603
4969,38.65346835
4970,38.4932116
4971,38.4176733
4972,38.27043354999999
4973,178.56
4974,38.12865194999999
4975,37.13719835
4976,36.85535520000001
4977,36.86811025
4978,37.05495834999999
4979,37.71850959999999
4980,37.76138675000001
4981,38.07086685
4982,38.1012403
4983,38.27679539999999
4984,38.13202989999999
4985,95.00427205000005
4986,178.56
4987,36.37683665
4988,178.56
4989,178.56
4990,178.56
4991,178.56
4992,38.8098283
4993,38.61951540000002
4994,38.6753536
4995,38.28371174999999
4996,38.39310145000001
4997,38.42829624999999
4998,38.38201850000002
4999,37.9505565
5000,37.1513281
5001,36.94382659999999
5002,36.65945324999999
5003,35.98910855
5004,35.7416215
5005,36.86227825
5006,39.92031
5007,41.17655979999999
5008,41.01414004999999
5009,145.3540866000006
5010,178.56
5011,178.56
5012,178.56
5013,178.56
5014,40.28510315
5015,178.56
5016,178.56
5017,41.69418004999999
5018,124.7486492500005
5019,178.56
5020,178.56
5021,178.56
5022,178.56
5023,37.08436159999999
5024,36.87231350000001
5025,36.14146865
5026,35.68043494999999
5027,36.76425970000001
5028,37.62333684999999
5029,38.83536655
5030,38.67683335
5031,39.6588164
5032,39.24169160000001
5033,40.17630144999999
5034,39.43949835
5035,39.77173015000001
5036,40.05510354999999
5037,38.08910495
5038,178.56
5039,178.56
5040,40.29169320000001
5041,178.56
5042,146.3998537500008
5043,178.56
5044,42.59898865
5045,40.1328567
5046,40.1371049
5047,38.7014896
5048,37.7786397
5049,37.60611845
5050,37.88234164999999
5051,38.69281640000001
5052,38.53686809999999
5053,37.67330870000001
5054,38.8200719
5055,38.98878850000003
5056,39.46161810000001
5057,39.98066675
5058,178.56
5059,178.56
5060,178.56
5061,178.56
5062,38.1564569
5063,39.49907525
5064,40.25396330000001
5065,39.68739499999999
5066,39.70048030000001
5067,38.9468467
5068,38.60272429999999
5069,178.56
5070,178.56
5071,178.56
5072,36.2305734
5073,37.0033914
5074,36.5330266
5075,37.3955867
5076,38.66892379999999
5077,38.84918995000001
5078,39.04817455000001
5079,39.8598604
5080,39.7666852
5081,39.90859820000001
5082,38.14641159999999
5083,178.56
5084,178.56
5085,178.56
5086,136.8806283500003
5087,41.36137495
5088,39.6796905
5089,41.19899689999999
5090,43.28250224999999
5091,43.17000305000001
5092,43.54823305000001
5093,178.56
5094,122.0717891500001
5095,41.7106313
5096,40.7462384
5097,40.50447119999999
5098,40.16313665
5099,39.7688188
5100,40.9201646
5101,41.94451634999999
5102,41.64965645
5103,42.508752
5104,43.34393975
5105,42.38596339999999
5106,43.40292700000001
5107,178.56
5108,178.56
5109,178.56
5110,178.56
5111,178.56
5112,178.56
5113,178.56
5114,45.0137545
5115,44.1301199
5116,178.56
5117,44.3969521
5118,178.56
5119,178.56
5120,138.7207388499999
5121,41.99801475000001
5122,43.48519140000001
5123,44.81554524999999
5124,43.22515995
5125,43.39671859999999
5126,43.24064174999999
5127,42.66297125
5128,41.8210266
5129,41.7923666
5130,42.26426110000001
5131,178.56
5132,178.56
5133,178.56
5134,43.84688514999998
5135,44.38334974999999
5136,44.39863519999999
5137,44.64087829999999
5138,45.37706665
5139,46.15853785
5140,45.21123190000001
5141,44.96788805
5142,143.9611189
5143,43.44520325
5144,43.26509165
5145,43.1408418
5146,43.09300485000001
5147,43.39570075
5148,43.6792951
5149,44.14739539999999
5150,43.54253700000001
5151,43.82523205
5152,42.6031454
5153,41.8299316
5154,178.56
5155,178.56
5156,178.56
5157,178.56
5158,178.56
5159,178.56
5160,178.56
5161,178.56
5162,178.56
5163,178.56
5164,178.56
5165,43.49718825
5166,43.03204785
5167,42.39308995000001
5168,41.62116039999999
5169,41.57959310000001
5170,41.37885709999999
5171,41.60281175
5172,42.1766952
5173,42.43570404999998
5174,43.61519165000001
5175,44.12580654999999
5176,45.02512544999999
5177,45.16133694999999
5178,148.3229802500002
5179,43.66085335
5180,178.56
5181,44.3028584
5182,44.31774015
5183,178.56
5184,178.56
5185,178.56
5186,178.56
5187,178.56
5188,178.56
5189,178.56
5190,178.56
5191,178.56
5192,42.14019535
5193,42.30992019999999
5194,41.6401067
5195,41.8104367
5196,39.64018659999999
5197,39.09538845000001
5198,39.20237649849999
5199,38.479103116
5200,40.17121039999999
5201,39.9077
5202,39.9237
5203,39.93969999999999
5204,39.9557
5205,73.20390241450009
5206,39.9877
5207,40.00369999999999
5208,40.0197
5209,178.56
5210,39.6677
5211,178.56
5212,178.56
5213,39.7157
5214,39.7317
5215,178.56
5216,178.56
5217,178.56
5218,39.7261431
5219,161.0458241500008
5220,38.4938217
5221,39.34373144999999
5222,39.20202815
5223,38.46111839999999
5224,37.9038716
5225,37.73303725000001
5226,39.1811997
5227,39.0601405
5228,39.64143
5229,41.73919835000001
5230,41.88164285000001
5231,43.18378179999999
5232,43.81700979999999
5233,43.25979189999999
5234,43.9661151
5235,44.1450069
5236,41.45561129999999
5237,40.61661835
5238,40.16165335000001
5239,178.56
5240,178.56
5241,38.5156534
5242,38.18440144999999
5243,39.72883325000001
5244,39.1481382
5245,38.8130737
5246,39.38009965
5247,40.88251155
5248,40.27094355000001
5249,178.56
5250,178.56
5251,178.56
5252,178.56
5253,178.56
5254,56.17777779999988
5255,44.77318989999999
5256,43.39330845
5257,43.00444544999999
5258,45.73293535
5259,46.69132364999998
5260,44.86876465
5261,43.80190649999999
5262,178.56
5263,43.4701913
5264,43.13950759999999
5265,42.89304834999998
5266,42.49319374999999
5267,43.41383335
5268,43.99761705
5269,44.90078515000001
5270,44.04118514999999
5271,43.33045155
5272,42.59335535
5273,178.56
5274,178.56
5275,178.56
5276,178.56
5277,178.56
5278,178.56
5279,178.56
5280,46.91784210000088
5281,48.29881855000002
5282,48.08161815000001
5283,67.02419670000018
5284,178.56
5285,178.56
5286,178.56
5287,45.47239365
5288,45.3912269
5289,45.4926048
5290,45.74224519999999
5291,46.40268065
5292,46.63220805000001
5293,47.7797966
5294,44.04688715
5295,42.26645800000001
5296,43.19771355000002
5297,42.98905665
5298,43.48033
5299,178.56
5300,178.56
5301,178.56
5302,43.6235485
5303,178.56
5304,178.56
5305,178.56
5306,44.89464305000001
5307,44.4329318
5308,44.1212598
5309,178.56
5310,178.56
5311,42.63596965000001
5312,42.20947635
5313,41.57539495
5314,41.88857820000001
5315,41.58326845
5316,41.8013383
5317,42.15885139999998
5318,43.62553165
5319,44.33396295
5320,44.4015535
5321,44.94740475
5322,45.2851731
5323,45.50208905
5324,158.17534175
5325,178.56
5326,178.56
5327,178.56
5328,178.56
5329,178.56
5330,178.56
5331,178.56
5332,178.56
5333,45.1535498
5334,178.56
5335,44.6500147
5336,45.28232615000001
5337,44.59194309999999
5338,45.0450833
5339,44.8929484
5340,45.88144009999999
5341,46.0849349
5342,45.20247295
5343,44.87061690000001
5344,45.43476505000002
5345,45.5091012
5346,44.87208665
5347,45.56099355
5348,178.56
5349,47.11629145
5350,69.71271210000032
5351,178.56
5352,178.56
5353,178.56
5354,178.56
5355,178.56
5356,178.56
5357,178.56
5358,178.56
5359,178.56
5360,95.8180525000007
5361,178.56
5362,45.97119210000001
5363,45.5311872
5364,45.5538054
5365,45.44755835
5366,45.36037755
5367,44.62434544999999
5368,44.47156839999999
5369,44.16341680000001
5370,45.8242837
5371,45.99135010000001
5372,46.47692204999999
5373,45.92006005000002
5374,46.3488349
5375,46.89210165
5376,47.4326371
5377,46.69367994999998
5378,47.80179645000001
5379,48.08700375
5380,47.94643605
5381,47.16805314999999
5382,46.37936635000002
5383,45.8647634
5384,44.4940479
5385,43.57629485
5386,43.65613165000001
5387,44.9659881
5388,46.13102989999998
5389,46.0147913
5390,46.56672979999999
5391,178.56
5392,178.56
5393,178.56
5394,178.56
5395,46.5932883
5396,178.56
5397,178.56
5398,178.56
5399,178.56
5400,110.8425837000005
5401,48.7155534
5402,48.10992485
5403,48.99421064999999
5404,178.56
5405,46.434647
5406,178.56
5407,178.56
5408,87.28523855000083
5409,46.09743995
5410,46.35291
5411,45.8250884
5412,47.69202164999998
5413,48.3216927
5414,48.58801644999998
5415,47.5343582
5416,46.2313299
5417,47.76499979999999
5418,178.56
5419,178.56
5420,178.56
5421,43.5812032
5422,44.18958990000001
5423,178.56
5424,178.56
5425,178.56
5426,37.95945469999999
5427,37.8722932
5428,37.24394984999999
5429,178.56
5430,178.56
5431,178.56
5432,97.79060465000015
5433,35.1970752
5434,35.26547165
5435,36.21617815
5436,38.6313147
5437,41.55890519999999
5438,41.20897075
5439,40.02276395
5440,40.21105984999999
5441,38.5891783
5442,38.12713639999999
5443,38.35012035
5444,37.61119015
5445,38.4146069
5446,38.54561195
5447,178.56
5448,178.56
5449,178.56
5450,39.00377994999999
5451,39.4367167
5452,178.56
5453,178.56
5454,178.56
5455,38.906432
5456,38.79134855
5457,38.61125555
5458,38.60991185
5459,37.9663523
5460,38.3527218
5461,40.27538775
5462,40.9731502
5463,41.16159330000001
5464,42.3881618
5465,42.39015475
5466,166.9422461999995
5467,178.56
5468,178.56
5469,41.55670175000001
5470,40.67710040000001
5471,39.65438795000001
5472,38.44856359999999
5473,37.17895825000001
5474,37.08233634999999
5475,37.16899340000001
5476,178.56
5477,178.56
5478,178.56
5479,35.22696834999999
5480,35.17387015000001
5481,167.8831153000001
5482,34.9341519
5483,34.7511251
5484,34.4531299
5485,34.4133417
5486,33.56045155
5487,33.8592804
5488,33.94734829999999
5489,34.4347349
5490,34.83445185000001
5491,35.14427975
5492,178.56
5493,178.56
5494,35.56156845
5495,36.05197975
5496,36.35295375
5497,36.1555182
5498,36.18697300000002
5499,35.28504129999999
5500,35.0472529
5501,86.02088200000054
5502,178.56
5503,33.59587000000001
5504,33.56108659999999
5505,33.9066466
5506,34.48890839999999
5507,34.97160135
5508,35.4065361
5509,34.6117266
5510,35.11858365
5511,41.10140519999999
5512,45.60584525
5513,45.79630495
5514,178.56
5515,178.56
5516,178.56
5517,178.56
5518,178.56
5519,37.78039159999999
5520,38.40822959999999
5521,37.52622835
5522,35.75351839999999
5523,36.97581515
5524,37.6150932
5525,36.78409354999999
5526,36.9457599
5527,36.58939204999999
5528,36.3201981
5529,35.3563365
5530,34.12317664999999
5531,35.80969155000001
5532,37.71739835
5533,37.67097320000001
5534,38.42908844999999
5535,39.04874955
5536,38.93528010000001
5537,39.55956140000001
5538,178.56
5539,178.56
5540,178.56
5541,142.5921372500005
5542,178.56
5543,178.56
5544,178.56
5545,178.56
5546,146.6549518000005
5547,178.56
5548,178.56
5549,178.56
5550,178.56
5551,178.56
5552,39.00185185000001
5553,38.42150495
5554,37.94745485000001
5555,37.6970166
5556,38.4404837
5557,39.51294175
5558,39.91443645
5559,39.8888201
5560,40.31148999999999
5561,39.4035081
5562,38.20840824999999
5563,39.41514020000001
5564,39.78165504999999
5565,39.2874934
5566,38.46523824999999
5567,38.45241849999999
5568,38.14906979999999
5569,36.93349310000001
5570,36.4707183
5571,36.38804815
5572,36.15341285
5573,178.56
5574,178.56
5575,178.56
5576,36.33919174999999
5577,36.09918515000001
5578,36.15185155
5579,36.50645004999999
5580,36.90044650000001
5581,37.51935690000001
5582,37.79581819999999
5583,37.72952015000001
5584,89.98281299999991
5585,38.457325
5586,39.06455665000001
5587,38.99492195000001
5588,38.74039490000001
5589,38.31179365000001
5590,178.56
5591,178.56
5592,178.56
5593,178.56
5594,178.56
5595,178.56
5596,178.56
5597,178.56
5598,178.56
5599,36.68307425
5600,36.45373825000001
5601,36.16247170000001
5602,35.93977155
5603,36.86943204999999
5604,36.7667239
5605,35.5899199
5606,36.3887901
5607,37.13936999999999
5608,36.303365
5609,37.18411159999999
5610,37.26338010000001
5611,38.38682344999999
5612,38.2263098
5613,37.75647685000001
5614,86.82490580000044
5615,38.69062365
5616,38.79788694999999
5617,39.71926195
5618,37.35403645
5619,37.15399665
5620,37.9968847
5621,178.56
5622,178.56
5623,178.56
5624,37.72011315
5625,37.95053995000001
5626,38.09760534999999
5627,37.99473135
5628,39.0900512
5629,39.8626321
5630,39.7206717
5631,40.37800800000001
5632,41.19887785000001
5633,41.23357825
5634,178.56
5635,178.56
5636,178.56
5637,139.8763720000003
5638,37.56402665
5639,37.20356974999999
5640,38.92128815
5641,39.48780355
5642,39.59349005
5643,39.70575849999999
5644,38.32312655
5645,178.56
5646,178.56
5647,178.56
5648,39.99934990000001
5649,40.13552485000001
5650,40.0213222
5651,40.1028089
5652,40.39032509999999
5653,40.5976513
5654,40.45992664999999
5655,40.06513145
5656,171.8178480000002
5657,39.29616685000001
5658,178.56
5659,178.56
5660,178.56
5661,41.44596845
5662,38.22763865000001
5663,38.35213504999999
5664,39.5059018
5665,39.0844147
5666,38.7166982
5667,38.8386464
5668,39.5010248
5669,37.92340000000002
5670,178.56
5671,178.56
5672,178.56
5673,37.02316645
5674,36.98374530000001
5675,37.2469335
5676,35.10022355
5677,32.5235599
5678,33.59205865000001
5679,35.4250387
5680,35.49678984999999
5681,37.5341683
5682,178.56
5683,79.17770234999989
5684,178.56
5685,178.56
5686,36.38852975
5687,36.88570674999999
5688,37.70811634999999
5689,37.22543335
5690,37.69591715
5691,37.03109000000001
5692,36.75295075
5693,36.0708534
5694,36.34259285000001
5695,37.1157416
5696,36.92743485
5697,36.80617355
5698,36.5944914
5699,37.12618994999999
5700,38.0560152
5701,38.24598025
5702,36.1614381
5703,60.99069299999985
5704,37.01048155
5705,37.2404866
5706,178.56
5707,178.56
5708,178.56
5709,178.56
5710,178.56
5711,34.99801505
5712,178.56
5713,178.56
5714,36.88101849999999
5715,37.36042989999999
5716,37.0661387
5717,178.56
5718,36.93327515
5719,100.7457956500002
5720,35.44221474999999
5721,34.905392
5722,34.84551005
5723,35.46286154999999
5724,35.05110814999999
5725,37.10146635
5726,36.3625185
5727,37.10112659999999
5728,39.1177697
5729,39.1969833
5730,178.56
5731,178.56
5732,178.56
5733,178.56
5734,40.8169838
5735,40.16352355
5736,40.0943286
5737,38.86771525
5738,40.50309840000001
5739,39.00848665
5740,39.61386674999999
5741,39.87131645
5742,54.99838040000009
5743,41.0341985
5744,40.5607168
5745,40.72186145000001
5746,42.33493315
5747,42.58618695
5748,42.27755845
5749,41.33615445
5750,40.46005519999999
5751,41.13830975
5752,41.09142635000001
5753,178.56
5754,178.56
5755,178.56
5756,178.56
5757,178.56
5758,178.56
5759,178.56
5760,38.78991155
5761,38.2170279
5762,39.18951514999999
5763,39.0717188
5764,39.80570695
5765,178.56
5766,178.56
5767,40.61948000000001
5768,40.60022504999999
5769,40.68314165
5770,40.57370515000001
5771,43.74828165000001
5772,46.5521764
5773,46.7468531
5774,45.3340633
5775,42.04768059999999
5776,40.94633635
5777,178.56
5778,57.9651236000006
5779,178.56
5780,178.56
5781,178.56
5782,178.56
5783,37.79828490000001
5784,36.30871515
5785,35.43199305000001
5786,35.59141499999999
5787,35.74044135000001
5788,178.56
5789,178.56
5790,178.56
5791,35.52877190000001
5792,57.01088520000018
5793,35.46296374999999
5794,35.58450870000001
5795,36.44800315000001
5796,37.41720795
5797,38.8171362
5798,37.32721805
5799,35.49351365
5800,36.5964603
5801,35.40933475
5802,37.93810129999999
5803,40.08956825
5804,38.50664484999999
5805,178.56
5806,178.56
5807,178.56
5808,35.8875066
5809,35.28213704999999
5810,36.2006864
5811,36.65903350000001
5812,36.84034545
5813,36.32587055
5814,178.56
5815,36.19434519999999
5816,35.65086665
5817,35.11673829999999
5818,35.12509334999999
5819,35.20382994999999
5820,34.7407989
5821,34.81260500000001
5822,35.42685825
5823,36.5280637
5824,35.64664645
5825,178.56
5826,34.1138598
5827,34.76047139999999
5828,171.8599254499995
5829,178.56
5830,178.56
5831,178.56
5832,35.84143494999999
5833,34.24784349999999
5834,32.22679005
5835,32.25527505
5836,32.9130517
5837,178.56
5838,178.56
5839,35.79405515000001
5840,33.43676845
5841,32.55263835
5842,32.71569020000001
5843,33.22921995
5844,33.14026140000001
5845,32.11137175
5846,32.3087431
5847,32.96437495
5848,32.5216384
5849,32.57181114999999
5850,33.4764464
5851,128.8548662999998
5852,178.56
5853,178.56
5854,35.64353695
5855,178.56
5856,37.3363167
5857,36.87794335
5858,36.3271682
5859,36.2940535
5860,35.74940185
5861,36.04654315000001
5862,53.43237925000036
5863,178.56
5864,34.66411155
5865,34.8511248
5866,34.59415979999999
5867,33.89103505
5868,33.9563334
5869,34.76977864999999
5870,33.6919388
5871,35.48599680000001
5872,38.55031590000001
5873,178.56
5874,178.56
5875,178.56
5876,178.56
5877,178.56
5878,37.19433480000001
5879,35.92144655
5880,37.27772359999999
5881,178.56
5882,39.18610469999999
5883,37.80684644999999
5884,37.52465545
5885,37.40018485
5886,36.85497340000001
5887,36.97444715
5888,36.78249194999999
5889,36.0298117
5890,35.59858875
5891,35.2641284
5892,34.85395154999999
5893,35.2771167
5894,36.98933495000001
5895,37.33788325
5896,36.9411637
5897,178.56
5898,178.56
5899,178.56
5900,178.56
5901,178.56
5902,96.27996365000035
5903,38.6512618
5904,39.31739859999999
5905,39.6198762
5906,40.34405649999999
5907,40.40350739999999
5908,41.36149199999999
5909,40.80899330000001
5910,178.56
5911,112.8010307499999
5912,36.06895845
5913,35.18765215000001
5914,35.00194825000001
5915,36.69530169999999
5916,38.02339954999999
5917,37.54394145000001
5918,36.89486315
5919,36.8077747
5920,38.57451639999999
5921,178.56
5922,178.56
5923,178.56
5924,178.56
5925,178.56
5926,37.8770135
5927,38.57255680000001
5928,39.15159185
5929,39.74721995000001
5930,40.61104545000001
5931,40.7190785
5932,41.1130199
5933,178.56
5934,178.56
5935,40.14041169999998
5936,37.87458974999998
5937,37.17522355
5938,36.3535186
5939,36.348068
5940,37.12954034999998
5941,37.89650985
5942,38.93701369999999
5943,39.90473365
5944,39.53802495000001
5945,156.6129164
5946,178.56
5947,178.56
5948,178.56
5949,178.56
5950,39.8345184
5951,39.3648867
5952,39.7507616
5953,40.34292544999998
5954,41.14733120000001
5955,41.25243140000001
5956,178.56
5957,178.56
5958,178.56
5959,38.98434800000001
5960,37.44610310000001
5961,37.0411148
5962,36.8140883
5963,37.62355495000001
5964,38.01705665
5965,39.95400525
5966,42.3033618
5967,42.10011335
5968,47.26171184999999
5969,71.77674910000039
5970,178.56
5971,178.56
5972,178.56
5973,178.56
5974,43.63182815
5975,42.73261004999999
5976,42.1419235
5977,41.2575016
5978,40.9070548
5979,39.71780325
5980,38.47461540000002
5981,178.56
5982,178.56
5983,178.56
5984,37.02874490000001
5985,36.9131485
5986,36.79480195
5987,37.21728855
5988,38.11823835
5989,38.17275705
5990,38.44696375
5991,38.1376202
5992,38.4677619
5993,178.56
5994,178.56
5995,178.56
5996,110.0271594000006
5997,37.82830645
5998,38.1895416
5999,37.77941955000001
6000,37.1917584
6001,37.9014386
6002,37.78098340000001
6003,36.56344295
6004,35.39457855000001
6005,178.56
6006,178.56
6007,35.60949325
6008,35.2599269
6009,34.56512489999999
6010,34.28011015000001
6011,34.26437505
6012,33.80312175
6013,35.49482455
6014,36.82534304999999
6015,37.92819775
6016,38.37880809999999
6017,39.84613010000001
6018,41.18841834999999
6019,99.88254585000038
6020,178.56
6021,178.56
6022,178.56
6023,178.56
6024,39.81905385
6025,40.16413825000001
6026,39.13446024999998
6027,38.69311645000001
6028,38.24898675
6029,37.85591515
6030,37.7638118
6031,37.4792181
6032,36.9204506
6033,38.84192529999999
6034,39.8129077
6035,40.81426985000001
6036,43.64476695
6037,43.55540515
6038,38.55885195
6039,38.95349024999999
6040,39.63073654999999
6041,151.8571493499997
6042,40.38932360000001
6043,178.56
6044,178.56
6045,178.56
6046,178.56
6047,178.56
6048,178.56
6049,38.35694834999999
6050,38.46474329999999
6051,178.56
6052,40.08310810000001
6053,178.56
6054,178.56
6055,178.56
6056,39.26530134999999
6057,39.05285005000001
6058,38.2209882
6059,37.00478690000001
6060,37.05576635
6061,37.6443345
6062,37.2139368
6063,38.6076315
6064,39.5625186
6065,178.56
6066,40.67079485
6067,41.09102650000001
6068,150.4945831000005
6069,178.56
6070,40.3858936
6071,40.70604345
6072,40.4405902
6073,40.27787825
6074,40.67385504999999
6075,41.35051505
6076,41.51776510000001
6077,40.96550515000001
6078,178.56
6079,178.56
6080,38.64690014999999
6081,37.50298660000001
6082,42.78523655
6083,43.5565704
6084,41.62243469999999
6085,41.3156211
6086,40.6994881
6087,40.24395485
6088,38.93881835
6089,178.56
6090,42.46890935500056
6091,178.56
6092,178.56
6093,178.56
6094,178.56
6095,41.3792619
6096,41.127961925
6097,40.74869619999999
6098,40.1985448325
6099,39.91706835
6100,39.62523300000001
6101,178.56
6102,178.56
6103,54.09804354550022
6104,33.461004905
6105,20.04879161
6106,18.93115
6107,18.94714999999999
6108,18.96315
6109,18.97914999999999
6110,17.996973358
6111,28.553943345
6112,32.96435151000001
6113,32.35661476999999
6114,178.56
6115,178.56
6116,178.56
6117,32.2378866
6118,32.20977665
6119,32.3132267
6120,32.52167165
6121,32.26802675
6122,32.23636
6123,32.27109650000001
6124,32.28357665
6125,32.30834
6126,96.64209190000028
6127,178.56
6128,178.56
6129,32.25494165000001
6130,36.3974081
6131,37.6292199
6132,38.8741036
6133,38.54114665
6134,37.98945505
6135,39.11988395
6136,39.1921114
6137,40.00705975
6138,178.56
6139,178.56
6140,178.56
6141,178.56
6142,41.86766640000001
6143,41.89292495000001
6144,41.75587820000001
6145,41.48697980000001
6146,41.5795216
6147,41.72599995
6148,41.43036965
6149,178.56
6150,178.56
6151,175.9591120999995
6152,39.66452875
6153,39.25244505
6154,39.67458354999999
6155,39.19772815
6156,38.97794345
6157,39.28623175000001
6158,39.0051401
6159,39.05828365
6160,39.56537825000001
6161,178.56
6162,178.56
6163,40.27401955
6164,178.56
6165,178.56
6166,41.02169290000001
6167,40.41256325
6168,40.9888666
6169,40.62644995
6170,40.17520674999999
6171,40.04008510000001
6172,40.12934509999998
6173,178.56
6174,178.56
6175,178.56
6176,38.3844216
6177,37.39377475000001
6178,38.05089159999999
6179,39.2065657
6180,39.5119386
6181,39.24204855000001
6182,39.3581301
6183,39.7816617
6184,40.2671601
6185,178.56
6186,178.56
6187,178.56
6188,154.0470307000002
6189,40.1854234
6190,40.0288334
6191,40.17182865000001
6192,40.08274145000001
6193,39.77769010000002
6194,39.28878975
6195,38.52353315000001
6196,38.98257665000001
6197,39.18484290000001
6198,178.56
6199,178.56
6200,38.72694355000001
6201,39.1499432
6202,38.12490305000001
6203,37.53106325
6204,35.97127654999999
6205,35.4354062
6206,35.6008599
6207,36.30054735000001
6208,36.34507325
6209,36.55309655
6210,36.8452518
6211,93.84372529999976
6212,178.56
6213,178.56
6214,178.56
6215,178.56
6216,38.2308919
6217,37.84874865
6218,38.06689165
6219,38.00548825
6220,38.40757055
6221,38.24945824999999
6222,38.0619301
6223,178.56
6224,178.56
6225,37.689767
6226,37.28151485000001
6227,36.0685584
6228,35.10926165000001
6229,35.41172
6230,35.49278515
6231,34.59274135
6232,34.51339000000001
6233,178.56
6234,43.26102374999977
6235,34.45139014999999
6236,178.56
6237,178.56
6238,178.56
6239,34.57068345
6240,35.5296397
6241,34.9154881
6242,34.36473165
6243,34.3393165
6244,34.14200795
6245,178.56
6246,178.56
6247,178.56
6248,34.2587072
6249,34.09293125000001
6250,34.02238025
6251,33.668395
6252,33.70522190000001
6253,34.25100025
6254,34.44888535
6255,34.47232825
6256,34.68801505
6257,34.7749838
6258,178.56
6259,178.56
6260,141.8105061000001
6261,34.94812164999999
6262,35.2086698
6263,35.15064
6264,36.18459814999999
6265,35.7627631
6266,35.01952489999999
6267,34.57962990000001
6268,34.5154767
6269,34.43759214999999
6270,178.56
6271,178.56
6272,168.6879891000001
6273,34.5163216
6274,33.98259660000001
6275,34.03152345
6276,34.70448045
6277,35.5016266
6278,35.15844005
6279,35.4422167
6280,35.8305117
6281,37.62847474999999
6282,178.56
6283,178.56
6284,178.56
6285,36.54917189999999
6286,36.538442
6287,36.02930150000001
6288,36.28552304999999
6289,36.05552829999999
6290,36.05387349999999
6291,35.63178009999999
6292,35.37747349999999
6293,35.30415325
6294,34.5831979
6295,178.56
6296,34.5754516
6297,34.23725155
6298,33.8611754
6299,36.29255490000001
6300,36.63234005
6301,37.00935980000001
6302,37.09852815
6303,36.31462645000001
6304,36.38529640000001
6305,175.8883958000001
6306,178.56
6307,178.56
6308,178.56
6309,178.56
6310,35.23472145
6311,35.41693154999999
6312,35.86570835
6313,35.4554418
6314,35.63900845
6315,35.53554800000001
6316,35.1921965
6317,35.0927149
6318,35.33834839999999
6319,178.56
6320,35.15614184999999
6321,34.87033849999999
6322,34.68214185
6323,34.6146881
6324,34.5539449
6325,34.57335500000001
6326,34.27570859999999
6327,34.51374385
6328,34.29406839999999
6329,148.6513128500002
6330,34.41859669999999
6331,178.56
6332,178.56
6333,178.56
6334,178.56
6335,34.23395485
6336,34.67446330000001
6337,33.5990818
6338,33.5742533
6339,33.60862324999999
6340,33.5909266
6341,33.61158289999999
6342,33.78791650000001
6343,178.56
6344,33.8278737
6345,33.7384382
6346,33.64165214999999
6347,33.63143485
6348,33.73899175
6349,34.42183025
6350,34.42732540000001
6351,34.31004185
6352,35.01445805
6353,34.89176675
6354,34.99769155
6355,178.56
6356,178.56
6357,178.56
6358,178.56
6359,36.64321165
6360,146.9346007
6361,36.62310975
6362,36.17377395000001
6363,36.89159174999999
6364,36.3043518
6365,35.53827
6366,35.252255
6367,178.56
6368,178.56
6369,34.96233545
6370,35.1703219
6371,35.60402805
6372,35.3044929
6373,34.58734329999999
6374,34.67711665
6375,34.70811380000001
6376,34.47884980000001
6377,35.7527367
6378,35.26216825
6379,35.00942025000001
6380,156.4510353500005
6381,178.56
6382,178.56
6383,178.56
6384,34.48482335
6385,33.35334155
6386,33.28948215
6387,33.74115494999999
6388,33.95959140000001
6389,154.1796517000004
6390,178.56
6391,178.56
6392,33.3736652
6393,33.37443015000001
6394,33.29357450000001
6395,33.18666835
6396,33.03321325
6397,33.23568155
6398,33.67930689999999
6399,36.9623981
6400,37.49438980000001
6401,178.56
6402,178.56
6403,178.56
6404,36.96787310000001
6405,37.2159369
6406,34.53427820000001
6407,34.04491994999999
6408,33.61956319999999
6409,32.95994519999999
6410,33.84925315
6411,34.35194865
6412,34.2089798
6413,34.3917032
6414,33.87637545
6415,178.3480674500005
6416,34.37959634999999
6417,34.42353665
6418,34.19181715
6419,33.9168666
6420,34.71724014999999
6421,34.3390367
6422,34.63870844999999
6423,35.62780470000001
6424,36.1851702
6425,36.98950295000001
6426,37.28600355
6427,36.95179975
6428,178.56
6429,178.56
6430,178.56
6431,178.56
6432,178.56
6433,38.6802381
6434,39.1460835
6435,39.5207934
6436,39.96210809999999
6437,178.56
6438,178.56
6439,132.7113713000003
6440,178.56
6441,37.55883005
6442,37.5992866
6443,37.046715
6444,36.96408175000001
6445,37.22717815000001
6446,37.54356980000001
6447,37.79584970000001
6448,38.44170979999999
6449,38.81898690000001
6450,39.81189704999999
6451,40.46177179999999
6452,178.56
6453,178.56
6454,178.56
6455,39.29864819999999
6456,40.07430850000001
6457,39.34053185
6458,39.11088335
6459,38.84719024999999
6460,178.56
6461,178.56
6462,178.56
6463,178.56
6464,112.8642584500001
6465,38.69808145
6466,38.42428655
6467,38.9407137
6468,38.77297675000001
6469,38.9087119
6470,39.3172836
6471,38.00127504999999
6472,38.20444005
6473,178.56
6474,178.56
6475,37.42008855
6476,37.60143650000001
6477,37.61926975
6478,36.5355633
6479,37.31239715
6480,37.98538980000001
6481,37.67483820000001
6482,38.17782649999999
6483,38.21573589999999
6484,38.04068324999999
6485,178.56
6486,178.56
6487,178.56
6488,37.1718001
6489,37.12964659999999
6490,37.93317329999999
6491,39.12514650000001
6492,39.48630835
6493,39.4159216
6494,39.0560153
6495,38.64708525
6496,38.53286344999999
6497,113.3212733500001
6498,178.56
6499,178.56
6500,178.56
6501,38.49809665
6502,38.4260968
6503,38.22224355
6504,37.89192635
6505,37.70374970000001
6506,37.72853154999999
6507,37.69101655
6508,37.3552001
6509,36.4785868
6510,178.56
6511,178.56
6512,178.56
6513,36.1548633
6514,36.22445175000001
6515,36.48279980000001
6516,36.55951995000001
6517,36.71683355
6518,37.32846529999999
6519,37.40186659999999
6520,90.45354899999997
6521,178.56
6522,178.56
6523,178.56
6524,38.4020897
6525,38.12422489999999
6526,39.25733029999999
6527,39.25022970000001
6528,40.05520474999999
6529,39.70662975
6530,39.81086875
6531,40.3192833
6532,40.08704964999999
6533,39.91509665000001
6534,38.9747832
6535,178.56
6536,38.63832005000002
6537,38.83154819999999
6538,39.02222765
6539,38.78608975000002
6540,39.84884989999999
6541,39.94683649999999
6542,39.62194710000001
6543,40.3107432
6544,178.56
6545,39.93915345
6546,178.56
6547,157.83112215
6548,178.56
6549,178.56
6550,178.56
6551,40.04507170000001
6552,40.51549985
6553,40.45508795
6554,40.39231000000001
6555,40.11923009999999
6556,39.94911
6557,39.8935918
6558,39.9210769
6559,39.6463463
6560,178.56
6561,39.18418970000001
6562,40.03598794999998
6563,41.5224499
6564,41.20232629999999
6565,40.1317836
6566,39.6032826
6567,40.85865345000001
6568,178.56
6569,178.56
6570,178.56
6571,178.56
6572,178.56
6573,161.0002791499999
6574,39.6045632
6575,39.66300554999999
6576,39.45627354999999
6577,39.571532
6578,38.62103494999999
6579,38.03381385000001
6580,37.71546845
6581,37.7608929
6582,178.56
6583,178.56
6584,37.03804
6585,37.09413485
6586,37.10666964999999
6587,37.6041582
6588,37.1682419
6589,36.83909815000001
6590,36.87922460000001
6591,37.04498974999999
6592,178.56
6593,178.56
6594,178.56
6595,178.56
6596,80.80480389999988
6597,36.80701195
6598,36.04006815
6599,35.11727315
6600,36.1083684
6601,36.51613515000001
6602,36.66318165
6603,178.56
6604,178.56
6605,178.56
6606,36.7744717
6607,178.56
6608,72.5558190499998
6609,36.66299
6610,36.67974165
6611,36.69697
6612,36.7111733
6613,36.73021665
6614,36.74091835
6615,36.75657
6616,36.8739717
6617,36.8652033
6618,178.56
6619,178.56
6620,36.85297835
6621,37.71150525000001
6622,37.7987855
6623,38.0376998
6624,38.37508330000001
6625,38.24989985
6626,38.2037136
6627,37.74451345
6628,37.37289144999999
6629,120.5351313500002
6630,178.56
6631,178.56
6632,37.64727525
6633,38.72805700000001
6634,38.17704295000001
6635,38.9949982
6636,39.07676024999999
6637,38.91188295000001
6638,39.62658465000001
6639,38.74878025
6640,178.56
6641,178.56
6642,178.56
6643,178.56
6644,38.4594183
6645,39.19789845
6646,40.04074980000001
6647,41.30844005
6648,41.4114867
6649,40.3280932
6650,40.08163315
6651,39.85656844999999
6652,40.13270015
6653,39.6797148
6654,157.1447137500004
6655,178.56
6656,40.2142535
6657,40.39374995
6658,41.15067329999999
6659,41.3984436
6660,40.85067505000001
6661,40.32208314999999
6662,39.17648355000001
6663,40.29950525
6664,178.56
6665,178.56
6666,178.56
6667,178.56
6668,178.56
6669,38.10607495000001
6670,37.77770185
6671,37.9002
6672,37.61604685
6673,37.40601635
6674,37.0133299
6675,37.0115103
6676,37.09228169999999
6677,178.56
6678,178.56
6679,178.56
6680,36.63303854999999
6681,36.53581190000001
6682,38.1991345
6683,38.27352705
6684,38.64391009999999
6685,38.42452844999999
6686,38.2680666
6687,38.21287839999999
6688,110.4093732500002
6689,178.56
6690,178.56
6691,178.56
6692,39.66375369999999
6693,39.59507194999999
6694,40.10927965
6695,40.6036147
6696,41.41390675000001
6697,40.33846989999999
6698,39.49969705
6699,38.25425355000001
6700,38.4202015
6701,141.4672270000005
6702,38.2009335
6703,37.8927816
6704,37.8040431
6705,37.43671155
6706,36.83856350000001
6707,37.9120484
6708,38.99853219999999
6709,38.30329004999999
6710,178.56
6711,178.56
6712,178.56
6713,178.56
6714,178.56
6715,178.56
6716,40.50833340000001
6717,40.53151985
6718,39.30483150000001
6719,38.9836269
6720,38.40872475
6721,37.9724978
6722,38.29915630000001
6723,38.80839640000001
6724,38.21202705
6725,37.90624005000002
6726,36.25681165
6727,178.56
6728,178.56
6729,178.56
6730,36.69004519999999
6731,37.62634190000001
6732,38.39923365
6733,38.71542360000002
6734,38.69869849999999
6735,38.27405674999999
6736,178.56
6737,79.14200780000016
6738,38.4912003
6739,178.56
6740,178.56
6741,36.21838345
6742,35.9070598
6743,35.66206690000001
6744,35.813202
6745,35.92948679999999
6746,36.18682680000001
6747,35.6531198
6748,36.14543794999999
6749,35.5971018
6750,178.56
6751,178.56
6752,178.56
6753,35.27985
6754,35.29585
6755,35.31185
6756,35.32785
6757,35.34385
6758,35.35985
6759,35.37585
6760,35.39185
6761,35.40785
6762,35.42385
6763,172.9041463499995
6764,178.56
6765,178.56
6766,35.48785
6767,35.50385
6768,35.51985
6769,35.16385
6770,35.17985
6771,35.19585
6772,35.21185
6773,35.22785
6774,178.56
6775,178.56
6776,178.56
6777,35.27985
6778,35.29585
6779,35.31185
6780,35.32785
6781,35.34385
6782,35.35985
6783,35.37585
6784,167.2875
6785,178.56
6786,178.56
6787,35.43985
6788,35.45585
6789,35.47185
6790,35.48785
6791,35.50385
6792,35.51985
6793,35.16385
6794,35.17985
6795,35.19585
6796,35.21185
6797,178.56
6798,35.23185
6799,178.56
6800,167.3315000000003
6801,35.27985
6802,35.29585
6803,35.31185
6804,35.32785
6805,35.34385
6806,35.35985
6807,35.37585
6808,35.39185
6809,178.56
6810,178.56
6811,178.56
6812,35.45585
6813,35.47185
6814,35.48785
6815,35.50385
6816,35.51985
6817,35.16385
6818,35.17985
6819,35.19585
6820,35.21185
6821,35.22785
6822,35.23185
6823,178.56
6824,35.26385
6825,35.27985
6826,35.29585
6827,35.31185
6828,35.32785
6829,35.34385
6830,35.35985
6831,167.6075000000004
6832,178.56
6833,178.56
6834,178.56
6835,178.56
6836,35.45585
6837,35.47185
6838,35.48785
6839,35.50385
6840,35.51985
6841,35.16385
6842,35.17985
6843,178.56
6844,178.56
6845,178.56
6846,178.56
6847,178.56
6848,167.0773133000005
6849,35.27985
6850,35.29585
6851,35.31185
6852,35.32785
6853,35.34385
6854,35.35985
6855,35.3827433
6856,35.5272233
6857,35.5465784
6858,35.56047
6859,35.54875
6860,35.4856233
6861,35.46504835
6862,35.44669165
6863,35.42937999999999
6864,35.463805
6865,178.56
6866,178.56
6867,178.56
6868,178.56
6869,178.56
6870,35.16992
6871,35.1773217
6872,35.1955033
6873,35.21168665
6874,35.54912519999999
6875,40.03976045
6876,39.52226005
6877,38.72235325
6878,39.41311155000001
6879,38.05440499999999
6880,36.65070848
6881,68.70895103000046
6882,178.56
6883,38.66006285
6884,38.60280325000001
6885,37.77316005000001
6886,36.85461819999999
6887,36.93346535
6888,37.396193
6889,37.67852369999999
6890,178.56
6891,178.56
6892,178.56
6893,178.56
6894,178.56
6895,38.00734669999999
6896,37.8995966
6897,37.8174951
6898,37.9348962
6899,178.56
6900,39.98503004999999
6901,40.46207664999998
6902,38.7243282
6903,123.6659361500002
6904,39.9356014
6905,40.90136015
6906,40.60776529999999
6907,39.5836229
6908,39.14369115
6909,37.62502659999999
6910,37.65206985
6911,38.11009855
6912,38.26434985
6913,35.9200446
6914,35.2217971
6915,35.2361471
6916,35.83269044999999
6917,35.50783700000001
6918,178.56
6919,178.56
6920,35.1550968
6921,34.88643465
6922,35.937718
6923,37.4687485
6924,38.25799315000001
6925,39.81355319999999
6926,39.18667675
6927,38.41905504999999
6928,178.56
6929,178.56
6930,178.56
6931,178.56
6932,93.04114825000102
6933,39.09372774999999
6934,38.20034025000001
6935,37.92097145000001
6936,37.78293485
6937,37.19575175000001
6938,38.37646804999999
6939,37.99331510000001
6940,37.96689195
6941,178.56
6942,178.56
6943,178.56
6944,178.56
6945,35.05697155
6946,35.3882503
6947,36.5243254
6948,40.3918644
6949,40.2008452
6950,39.78208824999999
6951,38.9403996
6952,38.93443679999999
6953,178.56
6954,178.56
6955,92.74593119999983
6956,38.1469087
6957,37.83653855
6958,37.36993140000001
6959,37.88006990000001
6960,37.66670209999999
6961,36.7683468
6962,36.34806814999999
6963,36.1133422
6964,35.70782165000001
6965,35.49227155
6966,178.56
6967,178.56
6968,178.56
6969,162.0966002999999
6970,33.30615175
6971,34.32120865000001
6972,36.2132227
6973,36.18322389999999
6974,36.15639695000001
6975,36.02983639999999
6976,36.59675335
6977,178.56
6978,178.56
6979,34.79603830000001
6980,35.53066885
6981,34.8237852
6982,34.95720994999999
6983,34.556512
6984,34.69668315
6985,34.12339655
6986,34.0614433
6987,33.9124249
6988,34.1192382
6989,156.9022120999999
6990,178.56
6991,34.12599695
6992,34.23852165
6993,34.54785485
6994,34.615628
6995,34.96687205000001
6996,34.77278985000001
6997,35.13882855
6998,35.73925835000001
6999,35.62787825000001
7000,35.40132850000001
7001,178.56
7002,178.56
7003,178.56
7004,35.68334845
7005,178.56
7006,35.5453798
7007,35.46546025000001
7008,34.03341995
7009,33.3057116
7010,33.4267432
7011,33.50654355
7012,33.30258039999999
7013,33.20482155
7014,33.2013234
7015,32.99367525
7016,33.4060418
7017,32.44866995
7018,33.10923320000001
7019,32.76914485
7020,33.50201525000001
7021,34.1347484
7022,34.7713499
7023,35.0330167
7024,132.1374865499999
7025,178.56
7026,178.56
7027,178.56
7028,178.56
7029,35.06934139999999
7030,34.63672505000001
7031,34.3966084
7032,178.56
7033,178.56
7034,178.56
7035,178.56
7036,178.56
7037,33.7259099
7038,126.0517777000004
7039,32.09881965000001
7040,31.88117495000001
7041,32.27182995
7042,32.62134525
7043,32.5711937
7044,32.97866015
7045,33.78225495000001
7046,34.16319319999999
7047,34.89187860000001
7048,35.36481335000001
7049,35.30928980000001
7050,178.56
7051,34.06692985
7052,34.9772805
7053,34.6525867
7054,34.89410035
7055,33.80032325000001
7056,33.8641318
7057,44.16872225000001
7058,44.5667885
7059,45.10153015000001
7060,44.186728
7061,43.4733551
7062,44.05704664999999
7063,44.2158634
7064,44.18903645
7065,44.23847695
7066,44.2225216
7067,44.39554615000001
7068,43.10469115
7069,42.72043825000001
7070,41.7952232
7071,42.4293682
7072,149.1606258500006
7073,178.56
7074,42.79246315
7075,178.56
7076,178.56
7077,178.56
7078,178.56
7079,178.56
7080,178.56
7081,178.56
7082,44.8554098
7083,45.13363215
7084,44.41620595
7085,178.56
7086,178.56
7087,178.56
7088,178.56
7089,43.71298825
7090,43.51630335000001
7091,44.2862795
7092,44.34699515
7093,43.58525855000001
7094,43.75351655000001
7095,42.71111500000001
7096,41.78998840000001
7097,178.56
7098,132.2663333500006
7099,178.56
7100,40.94812045
7101,40.76544195
7102,40.2919968
7103,41.05783
7104,41.33176180000001
7105,41.65302145
7106,42.20644504999999
7107,42.5209482
7108,42.55480505000001
7109,178.56
7110,43.00256885000001
7111,42.91520505
7112,42.6027084
7113,111.1684236000005
7114,42.28267164999999
7115,42.3831335
7116,42.25959840000001
7117,42.07422494999999
7118,41.60739854999999
7119,40.59128644999999
7120,43.02748835
7121,178.56
7122,178.56
7123,178.56
7124,42.81428869999999
7125,42.7488882
7126,178.56
7127,178.56
7128,178.56
7129,178.56
7130,178.56
7131,42.07176275000001
7132,42.19785469999999
7133,42.46918359999999
7134,178.56
7135,178.56
7136,40.6506297
7137,40.06447175
7138,40.2758136
7139,40.85383969999999
7140,42.34072354999999
7141,41.54732495
7142,41.74643875000001
7143,41.75294225
7144,178.56
7145,178.56
7146,178.56
7147,95.4776723000007
7148,43.18216469999999
7149,42.61379035
7150,43.0712386
7151,42.7282351
7152,42.73816634999999
7153,41.62909705000002
7154,41.77293504999999
7155,41.38638975
7156,178.56
7157,178.56
7158,115.4913235500002
7159,178.56
7160,178.56
7161,43.2175482
7162,43.93708995000001
7163,43.93692
7164,43.63646859999999
7165,43.67070995
7166,43.8852778
7167,43.9175401
7168,43.63428465
7169,178.56
7170,178.56
7171,42.59185480000001
7172,42.81197855000001
7173,43.12771055000001
7174,178.56
7175,43.01929470000001
7176,43.78905164999998
7177,44.64954965000001
7178,44.49362009999999
7179,44.76837614999999
7180,178.56
7181,43.63916184999999
7182,43.0637646
7183,178.56
7184,42.95762330000001
7185,42.82851494999999
7186,43.067412
7187,44.0575167
7188,43.98898145
7189,43.75766485
7190,44.7638487
7191,45.1082347
7192,44.94132349999999
7193,178.56
7194,178.56
7195,178.56
7196,45.02306985000001
7197,45.69060025000001
7198,178.56
7199,178.56
7200,169.1747518999999
7201,162.3825394000002
7202,178.56
7203,178.56
7204,178.56
7205,44.21757804999999
7206,44.60591014999999
7207,44.53000450000001
7208,45.4535235
7209,45.80271315
7210,45.61224345
7211,45.2887651
7212,45.38559659999998
7213,44.55406514999999
7214,45.06983220000001
7215,45.4531944
7216,178.56
7217,178.56
7218,178.56
7219,178.56
7220,43.1840538
7221,42.39270795
7222,43.06617849999999
7223,42.80976304999999
7224,42.95642534999999
7225,42.70266025000001
7226,178.56
7227,178.56
7228,44.21749145
7229,44.1055438
7230,153.4621650500003
7231,178.56
7232,42.30283035
7233,42.6047749
7234,42.94534835000001
7235,43.62923159999998
7236,44.84886975
7237,43.98063509999999
7238,45.0458332
7239,178.56
7240,178.56
7241,178.56
7242,178.56
7243,44.28391129999999
7244,44.4062817
7245,44.62396685
7246,45.36316099999998
7247,45.22294360000001
7248,44.86432015
7249,43.8493004
7250,44.97235889999999
7251,43.8055832
7252,43.67957355
7253,43.5269805
7254,105.616084600001
7255,178.56
7256,42.32728665
7257,42.5471535
7258,43.0340819
7259,41.76585009999999
7260,41.63657624999999
7261,41.8232233
7262,41.03492155000001
7263,40.0889713
7264,178.56
7265,178.56
7266,42.93476635
7267,41.9431484
7268,41.80371865000001
7269,178.56
7270,178.56
7271,178.56
7272,178.56
7273,178.56
7274,178.56
7275,178.56
7276,178.56
7277,178.56
7278,41.32241035
7279,41.410387
7280,41.07933664999999
7281,42.28102685
7282,43.60467049999999
7283,44.64055370000001
7284,43.5890217
7285,178.56
7286,42.94549320000001
7287,42.1931252
7288,40.81786350000001
7289,40.76148324999998
7290,41.08244015
7291,41.46444665
7292,40.23821669999999
7293,39.70342824999999
7294,87.74790875000056
7295,178.56
7296,41.8518412
7297,42.29800695000001
7298,42.5633762
7299,165.9051250000003
7300,41.883365
7301,41.07849015000001
7302,40.97466295
7303,40.32813385
7304,178.56
7305,178.56
7306,178.56
7307,39.22257704999999
7308,38.5655046
7309,38.6910653
7310,38.57178374999999
7311,37.52245185
7312,38.03523000000001
7313,39.96933729999999
7314,39.70249
7315,39.4891402
7316,40.04701835000001
7317,178.56
7318,178.56
7319,178.56
7320,39.1843603
7321,38.65346835
7322,97.08379885000002
7323,178.56
7324,178.56
7325,38.31528985000001
7326,178.56
7327,37.13719835
7328,36.85535520000001
7329,36.86811025
7330,37.05495834999999
7331,37.71850959999999
7332,37.76138675000001
7333,38.07086685
7334,38.1012403
7335,38.27679539999999
7336,38.13202989999999
7337,37.3034313
7338,178.56
7339,178.56
7340,178.56
7341,37.10220344999999
7342,37.4135903
7343,37.47276535
7344,38.8098283
7345,178.56
7346,178.56
7347,178.56
7348,178.56
7349,38.42829624999999
7350,38.38201850000002
7351,37.9505565
7352,37.1513281
7353,36.94382659999999
7354,36.65945324999999
7355,35.98910855
7356,35.7416215
7357,36.86227825
7358,39.92031
7359,41.17655979999999
7360,41.01414004999999
7361,40.39384524999999
7362,178.56
7363,39.64776019999999
7364,39.34069
7365,39.95778469999999
7366,138.2608987000007
7367,178.56
7368,42.0098931
7369,41.69418004999999
7370,39.61229654999999
7371,38.49617675
7372,37.96962015
7373,37.30813005
7374,37.29494385000001
7375,118.3250438500008
7376,178.56
7377,178.56
7378,178.56
7379,36.76425970000001
7380,37.62333684999999
7381,178.56
7382,178.56
7383,39.6588164
7384,39.24169160000001
7385,40.17630144999999
7386,39.43949835
7387,39.77173015000001
7388,40.05510354999999
7389,38.08910495
7390,38.798948
7391,40.52596185
7392,178.56
7393,178.56
7394,178.56
7395,178.56
7396,178.56
7397,178.56
7398,178.56
7399,38.7014896
7400,37.7786397
7401,37.60611845
7402,154.8208935500007
7403,38.69281640000001
7404,38.53686809999999
7405,37.67330870000001
7406,38.8200719
7407,38.98878850000003
7408,39.46161810000001
7409,39.98066675
7410,38.4752385
7411,38.32112355000001
7412,38.22378645000001
7413,37.31010360000001
7414,38.1564569
7415,39.49907525
7416,40.25396330000001
7417,39.68739499999999
7418,39.70048030000001
7419,38.9468467
7420,38.60272429999999
7421,131.7758432000004
7422,37.64268994999999
7423,178.56
7424,36.2305734
7425,37.0033914
7426,178.56
7427,37.3955867
7428,38.66892379999999
7429,38.84918995000001
7430,39.04817455000001
7431,39.8598604
7432,178.56
7433,178.56
7434,178.56
7435,178.56
7436,39.90741
7437,40.19837325
7438,41.71103355
7439,41.36137495
7440,39.6796905
7441,41.19899689999999
7442,43.28250224999999
7443,43.17000305000001
7444,43.54823305000001
7445,43.1307417
7446,43.70262679999999
7447,178.56
7448,178.56
7449,40.50447119999999
7450,40.16313665
7451,39.7688188
7452,40.9201646
7453,41.94451634999999
7454,110.5529202000004
7455,178.56
7456,178.56
7457,178.56
7458,178.56
7459,178.56
7460,43.93111870000001
7461,43.86084169999999
7462,43.99815319999998
7463,43.32172185
7464,45.3217733
7465,44.56061505000001
7466,45.0137545
7467,44.1301199
7468,43.51785485
7469,44.3969521
7470,43.2890994
7471,41.6403604
7472,41.5035697
7473,41.99801475000001
7474,43.48519140000001
7475,44.81554524999999
7476,178.56
7477,178.56
7478,178.56
7479,178.56
7480,178.56
7481,178.56
7482,178.56
7483,44.20137515
7484,43.95601469999999
7485,44.21568325
7486,43.84688514999998
7487,44.38334974999999
7488,134.6379474
7489,178.56
7490,45.37706665
7491,150.1869729500005
7492,178.56
7493,178.56
7494,178.56
7495,178.56
7496,43.26509165
7497,43.1408418
7498,43.09300485000001
7499,43.39570075
7500,43.6792951
7501,44.14739539999999
7502,43.54253700000001
7503,43.82523205
7504,42.6031454
7505,178.56
7506,178.56
7507,41.3379103
7508,42.61659965
7509,44.23370545
7510,43.98377985
7511,43.8817683
7512,43.97405335000001
7513,43.47132135
7514,44.20395320000001
7515,178.56
7516,178.56
7517,148.8088053000002
7518,43.03204785
7519,42.39308995000001
7520,41.62116039999999
7521,41.57959310000001
7522,41.37885709999999
7523,41.60281175
7524,42.1766952
7525,42.43570404999998
7526,43.61519165000001
7527,178.56
7528,178.56
7529,178.56
7530,178.56
7531,178.56
7532,43.87349665000001
7533,44.3028584
7534,44.31774015
7535,44.5058528
7536,44.9298615
7537,43.37956345000001
7538,43.91201325
7539,44.00200694999999
7540,42.6511098
7541,41.81259385000001
7542,41.82179165
7543,41.89776025
7544,42.14019535
7545,42.30992019999999
7546,41.6401067
7547,178.56
7548,178.56
7549,178.56
7550,39.20237649849999
7551,178.56
7552,178.56
7553,178.56
7554,178.56
7555,52.72278848049983
7556,39.9557
7557,39.9717
7558,39.9877
7559,40.00369999999999
7560,40.0197
7561,178.56
7562,178.56
7563,178.56
7564,39.6997
7565,39.7157
7566,39.7317
7567,178.56
7568,39.7637
7569,39.8272017
7570,39.7261431
7571,38.58758304999999
7572,38.4938217
7573,178.56
7574,178.56
7575,38.46111839999999
7576,37.9038716
7577,159.1141362500007
7578,39.1811997
7579,39.0601405
7580,39.64143
7581,41.73919835000001
7582,41.88164285000001
7583,43.18378179999999
7584,43.81700979999999
7585,178.56
7586,178.56
7587,69.74087144999999
7588,41.45561129999999
7589,178.56
7590,40.16165335000001
7591,38.22354004999999
7592,178.56
7593,38.5156534
7594,38.18440144999999
7595,39.72883325000001
7596,39.1481382
7597,38.8130737
7598,39.38009965
7599,40.88251155
7600,40.27094355000001
7601,40.715833
7602,178.56
7603,40.29648499999999
7604,40.5180751
7605,42.49640209999999
7606,44.34060170000001
7607,178.56
7608,178.56
7609,178.56
7610,178.56
7611,178.56
7612,44.86876465
7613,43.80190649999999
7614,43.69080170000002
7615,43.4701913
7616,43.13950759999999
7617,42.89304834999998
7618,42.49319374999999
7619,43.41383335
7620,43.99761705
7621,44.90078515000001
7622,44.04118514999999
7623,178.56
7624,169.0037195500004
7625,178.56
7626,178.56
7627,178.56
7628,47.13932350000001
7629,46.2528649
7630,46.99774335
7631,46.84254695
7632,46.9033535
7633,48.29881855000002
7634,48.08161815000001
7635,178.56
7636,47.4121485
7637,46.4600016
7638,45.93601215
7639,178.56
7640,178.56
7641,178.56
7642,45.74224519999999
7643,46.40268065
7644,46.63220805000001
7645,47.7797966
7646,59.17824390000057
7647,178.56
7648,178.56
7649,178.56
7650,178.56
7651,44.25027045
7652,44.12182175
7653,43.92757489999999
7654,43.6235485
7655,43.1384797
7656,44.93631445000001
7657,44.49822665000001
7658,44.89464305000001
7659,44.4329318
7660,44.1212598
7661,43.2429234
7662,43.37933675
7663,42.63596965000001
7664,42.20947635
7665,41.57539495
7666,41.88857820000001
7667,41.58326845
7668,41.8013383
7669,42.15885139999998
7670,178.56
7671,44.33396295
7672,161.1632208500001
7673,178.56
7674,178.56
7675,178.56
7676,178.56
7677,178.56
7678,178.56
7679,45.27222325
7680,44.38116289999999
7681,44.54735990000001
7682,44.5179304
7683,45.54290525
7684,45.53771135
7685,45.1535498
7686,45.02062824999999
7687,44.6500147
7688,178.56
7689,68.45395595000028
7690,178.56
7691,178.56
7692,45.88144009999999
7693,46.0849349
7694,45.20247295
7695,44.87061690000001
7696,178.56
7697,178.56
7698,178.56
7699,178.56
7700,46.65732130000002
7701,47.11629145
7702,45.00756885000001
7703,45.61657825000001
7704,178.56
7705,178.56
7706,178.56
7707,178.56
7708,178.56
7709,178.56
7710,46.78524835000002
7711,46.85080279999999
7712,46.97761054999998
7713,46.1765305
7714,91.53160335000086
7715,178.56
7716,178.56
7717,178.56
7718,45.36037755
7719,44.62434544999999
7720,44.47156839999999
7721,44.16341680000001
7722,45.8242837
7723,45.99135010000001
7724,46.47692204999999
7725,45.92006005000002
7726,46.3488349
7727,46.89210165
7728,47.4326371
7729,178.56
7730,178.56
7731,178.56
7732,178.56
7733,47.16805314999999
7734,46.37936635000002
7735,178.56
7736,178.56
7737,178.56
7738,43.65613165000001
7739,44.9659881
7740,46.13102989999998
7741,46.0147913
7742,46.56672979999999
7743,106.5368723500005
7744,46.48158005
7745,45.96428230000001
7746,46.0282966
7747,46.5932883
7748,46.19667819999998
7749,47.5154083
7750,48.1340066
7751,48.44948165
7752,178.56
7753,178.56
7754,178.56
7755,178.56
7756,178.56
7757,46.434647
7758,46.36099645000002
7759,45.93747295
7760,104.9537433000002
7761,46.09743995
7762,46.35291
7763,45.8250884
7764,47.69202164999998
7765,48.3216927
7766,48.58801644999998
7767,47.5343582
7768,46.2313299
7769,178.56
7770,178.56
7771,178.56
7772,45.02884464999999
7773,43.5812032
7774,178.56
7775,42.94841825
7776,39.83004155
7777,38.37456329999999
7778,37.95945469999999
7779,37.8722932
7780,37.24394984999999
7781,37.23783455
7782,36.46762680000001
7783,36.22989345
7784,35.6048686
7785,35.1970752
7786,178.56
7787,36.21617815
7788,38.6313147
7789,41.55890519999999
7790,178.56
7791,178.56
7792,110.5026442
7793,178.56
7794,178.56
7795,178.56
7796,37.61119015
7797,38.4146069
7798,38.54561195
7799,37.4960419
7800,37.6518331
7801,36.95541985
7802,39.00377994999999
7803,39.4367167
7804,39.34601655
7805,39.06956355000001
7806,178.56
7807,178.56
7808,178.56
7809,38.61125555
7810,166.1976986499998
7811,37.9663523
7812,38.3527218
7813,40.27538775
7814,178.56
7815,178.56
7816,42.3881618
7817,178.56
7818,42.03092674999999
7819,41.91558685
7820,42.25962465000001
7821,41.55670175000001
7822,40.67710040000001
7823,39.65438795000001
7824,38.44856359999999
7825,37.17895825000001
7826,37.08233634999999
7827,178.56
7828,178.56
7829,178.56
7830,168.3780886500004
7831,35.22696834999999
7832,35.17387015000001
7833,34.96422339999999
7834,34.9341519
7835,34.7511251
7836,34.4531299
7837,34.4133417
7838,178.56
7839,33.8592804
7840,33.94734829999999
7841,34.4347349
7842,34.83445185000001
7843,35.14427975
7844,35.4695819
7845,35.36223475
7846,178.56
7847,36.05197975
7848,36.35295375
7849,36.1555182
7850,36.18697300000002
7851,35.28504129999999
7852,91.72139020000063
7853,34.10667485
7854,33.64044325
7855,178.56
7856,33.56108659999999
7857,33.9066466
7858,34.48890839999999
7859,34.97160135
7860,35.4065361
7861,178.56
7862,178.56
7863,178.56
7864,178.56
7865,178.56
7866,46.65461225
7867,38.04234014999999
7868,37.46589845
7869,37.84522784999999
7870,37.42128355
7871,37.78039159999999
7872,38.40822959999999
7873,37.52622835
7874,178.56
7875,178.56
7876,178.56
7877,178.56
7878,36.9457599
7879,36.58939204999999
7880,36.3201981
7881,35.3563365
7882,34.12317664999999
7883,35.80969155000001
7884,37.71739835
7885,113.4735773500003
7886,178.56
7887,178.56
7888,38.93528010000001
7889,39.55956140000001
7890,39.53563195
7891,42.61751510000001
7892,43.1499657
7893,42.03457814999999
7894,41.93984499999999
7895,41.42412369999998
7896,40.6942318
7897,39.69702324999999
7898,39.0436552
7899,40.17298305
7900,40.52327340000001
7901,39.68365675
7902,39.50881509999999
7903,39.22860325
7904,39.00185185000001
7905,38.42150495
7906,37.94745485000001
7907,37.6970166
7908,38.4404837
7909,178.56
7910,178.56
7911,178.56
7912,178.56
7913,178.56
7914,178.56
7915,145.4516866499997
7916,39.78165504999999
7917,39.2874934
7918,38.46523824999999
7919,38.45241849999999
7920,38.14906979999999
7921,36.93349310000001
7922,36.4707183
7923,36.38804815
7924,36.15341285
7925,36.52212835000001
7926,36.49945325
7927,178.56
7928,178.56
7929,178.56
7930,178.56
7931,178.56
7932,36.90044650000001
7933,84.03399580000017
7934,37.79581819999999
7935,37.72952015000001
7936,37.51473994999999
7937,178.56
7938,39.06455665000001
7939,38.99492195000001
7940,38.74039490000001
7941,38.31179365000001
7942,38.07050335
7943,39.04436544999999
7944,39.37098725
7945,38.994875
7946,38.43352214999999
7947,37.50322815000001
7948,37.0244484
7949,36.8505882
7950,36.78860675000001
7951,36.68307425
7952,36.45373825000001
7953,36.16247170000001
7954,35.93977155
7955,36.86943204999999
7956,178.56
7957,178.56
7958,178.56
7959,178.56
7960,178.56
7961,79.66924805000039
7962,178.56
7963,38.38682344999999
7964,38.2263098
7965,37.75647685000001
7966,38.19604970000001
7967,38.69062365
7968,38.79788694999999
7969,39.71926195
7970,37.35403645
7971,37.15399665
7972,37.9968847
7973,38.7425335
7974,37.99439035
7975,37.64289825
7976,37.72011315
7977,37.95053995000001
7978,38.09760534999999
7979,37.99473135
7980,39.0900512
7981,150.1889527000005
7982,39.7206717
7983,178.56
7984,178.56
7985,178.56
7986,178.56
7987,178.56
7988,178.56
7989,37.98069340000001
7990,37.56402665
7991,37.20356974999999
7992,38.92128815
7993,39.48780355
7994,39.59349005
7995,39.70575849999999
7996,38.32312655
7997,39.96091175000001
7998,40.03202940000001
7999,178.56
8000,39.99934990000001
8001,40.13552485000001
8002,40.0213222
8003,40.1028089
8004,170.9038324000001
8005,178.56
8006,178.56
8007,40.06513145
8008,39.04452854999999
8009,39.29616685000001
8010,41.23777139999999
8011,41.76028465
8012,178.56
8013,178.56
8014,178.56
8015,38.35213504999999
8016,39.5059018
8017,39.0844147
8018,38.7166982
8019,38.8386464
8020,39.5010248
8021,37.92340000000002
8022,36.9386095
8023,178.56
8024,37.0032801
8025,37.02316645
8026,36.98374530000001
8027,37.2469335
8028,178.56
8029,32.5235599
8030,178.56
8031,178.56
8032,35.49678984999999
8033,37.5341683
8034,38.9479751
8035,70.40515854999978
8036,178.56
8037,178.56
8038,36.38852975
8039,36.88570674999999
8040,37.70811634999999
8041,37.22543335
8042,37.69591715
8043,37.03109000000001
8044,36.75295075
8045,36.0708534
8046,36.34259285000001
8047,37.1157416
8048,36.92743485
8049,36.80617355
8050,178.56
8051,178.56
8052,178.56
8053,178.56
8054,178.56
8055,178.56
8056,69.32493559999979
8057,37.2404866
8058,35.9851802
8059,36.59270489999999
8060,36.27461649999999
8061,35.37853344999999
8062,34.36678525000001
8063,34.99801505
8064,36.26253354999999
8065,36.3697252
8066,36.88101849999999
8067,37.36042989999999
8068,37.0661387
8069,36.7099534
8070,36.93327515
8071,36.10485985
8072,35.44221474999999
8073,34.905392
8074,34.84551005
8075,35.46286154999999
8076,35.05110814999999
8077,178.56
8078,178.56
8079,178.56
8080,178.56
8081,178.56
8082,178.56
8083,39.4309981
8084,40.13431499999999
8085,100.8758085500007
8086,40.8169838
8087,40.16352355
8088,40.0943286
8089,38.86771525
8090,178.56
8091,178.56
8092,178.56
8093,178.56
8094,39.8497413
8095,41.0341985
8096,40.5607168
8097,40.72186145000001
8098,42.33493315
8099,178.56
8100,178.56
8101,178.56
8102,40.46005519999999
8103,41.13830975
8104,41.09142635000001
8105,53.71317190000008
8106,40.5262919
8107,41.30046650000001
8108,41.55368154999999
8109,41.88409894999999
8110,41.64854645000001
8111,39.71904995
8112,38.78991155
8113,38.2170279
8114,39.18951514999999
8115,39.0717188
8116,39.80570695
8117,39.93057005000001
8118,41.31813125
8119,40.61948000000001
8120,40.60022504999999
8121,40.68314165
8122,40.57370515000001
8123,43.74828165000001
8124,178.56
8125,79.31338430000045
8126,178.56
8127,178.56
8128,178.56
8129,178.56
8130,178.56
8131,178.56
8132,40.74655645000001
8133,40.03349465000001
8134,38.25009665
8135,37.79828490000001
8136,36.30871515
8137,35.43199305000001
8138,35.59141499999999
8139,35.74044135000001
8140,36.3827266
8141,35.98611684999999
8142,35.98516644999999
8143,178.56
8144,178.56
8145,178.56
8146,57.45440490000006
8147,36.44800315000001
8148,37.41720795
8149,178.56
8150,37.32721805
8151,178.56
8152,178.56
8153,35.40933475
8154,37.93810129999999
8155,40.08956825
8156,38.50664484999999
8157,36.9757518
8158,35.99432645
8159,35.71574665
8160,35.8875066
8161,35.28213704999999
8162,36.2006864
8163,36.65903350000001
8164,36.84034545
8165,36.32587055
8166,36.40160874999999
8167,178.56
8168,178.56
8169,178.56
8170,35.12509334999999
8171,178.56
8172,178.56
8173,34.81260500000001
8174,172.0982424000001
8175,36.5280637
8176,35.64664645
8177,34.34712035
8178,34.1138598
8179,34.76047139999999
8180,34.45439175000001
8181,35.03705640000001
8182,35.77109965
8183,36.08384340000001
8184,35.84143494999999
8185,178.56
8186,178.56
8187,178.56
8188,178.56
8189,35.28501365000001
8190,178.56
8191,35.79405515000001
8192,33.43676845
8193,32.55263835
8194,32.71569020000001
8195,33.22921995
8196,33.14026140000001
8197,32.11137175
8198,32.3087431
8199,32.96437495
8200,32.5216384
8201,117.8069480000002
8202,33.4764464
8203,33.6829116
8204,34.16281815000001
8205,35.70327134999999
8206,35.64353695
8207,36.42867500000001
8208,37.3363167
8209,36.87794335
8210,36.3271682
8211,36.2940535
8212,178.56
8213,178.56
8214,178.56
8215,34.77309015
8216,34.66411155
8217,44.45004745000008
8218,178.56
8219,178.56
8220,33.9563334
8221,34.76977864999999
8222,33.6919388
8223,35.48599680000001
8224,38.55031590000001
8225,178.56
8226,37.07034845
8227,35.70436315000001
8228,38.4394898
8229,38.1273049
8230,37.19433480000001
8231,35.92144655
8232,37.27772359999999
8233,36.33533145
8234,39.18610469999999
8235,37.80684644999999
8236,84.73300095000025
8237,37.40018485
8238,36.85497340000001
8239,36.97444715
8240,36.78249194999999
8241,36.0298117
8242,35.59858875
8243,178.56
8244,178.56
8245,178.56
8246,178.56
8247,37.33788325
8248,36.9411637
8249,38.81420175
8250,38.07567525000001
8251,39.6821102
8252,39.53664815
8253,38.3360483
8254,38.64479505
8255,178.56
8256,178.56
8257,178.56
8258,112.5658335
8259,178.56
8260,41.36149199999999
8261,40.80899330000001
8262,39.9194268
8263,178.56
8264,178.56
8265,178.56
8266,35.00194825000001
8267,36.69530169999999
8268,38.02339954999999
8269,37.54394145000001
8270,36.89486315
8271,36.8077747
8272,38.57451639999999
8273,38.82050829999999
8274,178.56
8275,38.21498475
8276,38.21527295
8277,36.68905515
8278,37.8770135
8279,38.57255680000001
8280,39.15159185
8281,154.4897118000002
8282,178.56
8283,178.56
8284,178.56
8285,178.56
8286,40.35662214999999
8287,178.56
8288,37.87458974999998
8289,37.17522355
8290,36.3535186
8291,36.348068
8292,178.56
8293,37.89650985
8294,38.93701369999999
8295,39.90473365
8296,39.53802495000001
8297,39.98520690000001
8298,40.7099187
8299,40.31501285
8300,40.28886519999999
8301,39.92789464999998
8302,39.8345184
8303,39.3648867
8304,39.7507616
8305,40.34292544999998
8306,178.56
8307,178.56
8308,178.56
8309,178.56
8310,178.56
8311,38.98434800000001
8312,178.56
8313,178.56
8314,36.8140883
8315,37.62355495000001
8316,38.01705665
8317,39.95400525
8318,42.3033618
8319,42.10011335
8320,47.26171184999999
8321,44.60702175
8322,54.73615470000087
8323,42.42398784999999
8324,43.31646815
8325,43.58009714999999
8326,43.63182815
8327,42.73261004999999
8328,42.1419235
8329,120.2587115500009
8330,178.56
8331,178.56
8332,178.56
8333,178.56
8334,36.97443309999999
8335,37.16661635000001
8336,37.02874490000001
8337,36.9131485
8338,36.79480195
8339,37.21728855
8340,38.11823835
8341,38.17275705
8342,38.44696375
8343,38.1376202
8344,38.4677619
8345,178.56
8346,178.56
8347,37.91639020000001
8348,38.06798324999999
8349,37.82830645
8350,38.1895416
8351,37.77941955000001
8352,37.1917584
8353,37.9014386
8354,37.78098340000001
8355,178.56
8356,178.56
8357,36.19652815000001
8358,35.61421040000001
8359,80.77699825000039
8360,178.56
8361,178.56
8362,34.28011015000001
8363,34.26437505
8364,33.80312175
8365,35.49482455
8366,178.56
8367,37.92819775
8368,38.37880809999999
8369,178.56
8370,41.18841834999999
8371,41.3209083
8372,40.94461174999998
8373,40.05412004999999
8374,39.33416545
8375,39.7050432
8376,39.81905385
8377,40.16413825000001
8378,39.13446024999998
8379,178.56
8380,178.56
8381,149.1090394999998
8382,178.56
8383,37.4792181
8384,36.9204506
8385,38.84192529999999
8386,39.8129077
8387,40.81426985000001
8388,43.64476695
8389,178.56
8390,178.56
8391,178.56
8392,39.63073654999999
8393,40.52935865000001
8394,40.38932360000001
8395,40.1578782
8396,40.54267139999999
8397,38.7101034
8398,38.55177150000001
8399,38.7757455
8400,39.1101587
8401,38.35694834999999
8402,178.56
8403,178.56
8404,178.56
8405,178.56
8406,39.6529152
8407,178.56
8408,39.26530134999999
8409,39.05285005000001
8410,38.2209882
8411,37.00478690000001
8412,143.8984152000005
8413,178.56
8414,37.2139368
8415,38.6076315
8416,39.5625186
8417,39.1538265
8418,40.67079485
8419,41.09102650000001
8420,40.67228800000001
8421,40.36509045
8422,40.3858936
8423,40.70604345
8424,40.4405902
8425,178.56
8426,178.56
8427,41.35051505
8428,178.56
8429,40.96550515000001
8430,40.54173309999999
8431,40.50927835
8432,178.56
8433,37.50298660000001
8434,42.78523655
8435,43.5565704
8436,41.62243469999999
8437,41.3156211
8438,40.6994881
8439,40.24395485
8440,178.56
8441,178.56
8442,178.56
8443,39.06878641500001
8444,40.39239335000001
8445,40.49949150000002
8446,40.70526035
8447,41.3792619
8448,41.9351451150001
8449,178.56
8450,40.1985448325
8451,39.91706835
8452,39.62523300000001
8453,37.5999267825
8454,37.11745140000001
8455,36.5389935
8456,33.461004905
8457,20.04879161
8458,18.93115
8459,18.94714999999999
8460,18.96315
8461,18.97914999999999
8462,17.996973358
8463,28.553943345
8464,178.56
8465,178.56
8466,178.56
8467,49.18899099300026
8468,32.244015
8469,32.2378866
8470,32.20977665
8471,32.3132267
8472,178.56
8473,32.26802675
8474,178.56
8475,178.56
8476,178.56
8477,178.56
8478,178.56
8479,32.36783
8480,32.41540000000001
8481,32.25494165000001
8482,36.3974081
8483,37.6292199
8484,38.8741036
8485,38.54114665
8486,37.98945505
8487,68.37658595000079
8488,39.1921114
8489,40.00705975
8490,40.0180002
8491,43.3025949
8492,44.49861979999999
8493,45.63819635
8494,41.86766640000001
8495,41.89292495000001
8496,178.56
8497,178.56
8498,178.56
8499,178.56
8500,178.56
8501,178.56
8502,40.85209794999999
8503,39.55354379999999
8504,39.66452875
8505,39.25244505
8506,39.67458354999999
8507,39.19772815
8508,38.97794345
8509,39.28623175000001
8510,43.54588180000013
8511,39.05828365
8512,39.56537825000001
8513,39.18121635000001
8514,39.64022340000001
8515,40.27401955
8516,40.84302649999999
8517,178.56
8518,41.02169290000001
8519,40.41256325
8520,178.56
8521,40.62644995
8522,40.17520674999999
8523,40.04008510000001
8524,178.56
8525,178.56
8526,178.56
8527,38.82521449999999
8528,38.3844216
8529,37.39377475000001
8530,38.05089159999999
8531,39.2065657
8532,39.5119386
8533,154.7889038500002
8534,178.56
8535,178.56
8536,178.56
8537,39.42528825
8538,39.76571474999999
8539,40.30091505
8540,39.71933985
8541,40.1854234
8542,40.0288334
8543,40.17182865000001
8544,40.08274145000001
8545,39.77769010000002
8546,39.28878975
8547,38.52353315000001
8548,38.98257665000001
8549,39.18484290000001
8550,38.4186231
8551,39.15417015
8552,38.72694355000001
8553,39.1499432
8554,178.56
8555,178.56
8556,178.56
8557,178.56
8558,178.56
8559,178.56
8560,86.83733674999988
8561,36.55309655
8562,36.8452518
8563,36.91086160000001
8564,36.77775645000001
8565,36.75118615
8566,36.8888103
8567,37.41411034999999
8568,38.2308919
8569,37.84874865
8570,38.06689165
8571,38.00548825
8572,38.40757055
8573,38.24945824999999
8574,38.0619301
8575,38.05494040000001
8576,38.0619933
8577,37.689767
8578,37.28151485000001
8579,36.0685584
8580,178.56
8581,178.56
8582,178.56
8583,178.56
8584,178.56
8585,178.56
8586,39.39003509999979
8587,34.45139014999999
8588,34.28732005000001
8589,34.27112655000001
8590,34.3155065
8591,34.57068345
8592,35.5296397
8593,34.9154881
8594,34.36473165
8595,34.3393165
8596,34.14200795
8597,34.0616669
8598,33.92787365
8599,34.06956635
8600,34.2587072
8601,34.09293125000001
8602,34.02238025
8603,33.668395
8604,33.70522190000001
8605,178.56
8606,178.56
8607,178.56
8608,178.56
8609,178.56
8610,34.9418298
8611,142.7522587500002
8612,34.69252335000001
8613,34.94812164999999
8614,35.2086698
8615,35.15064
8616,36.18459814999999
8617,35.7627631
8618,35.01952489999999
8619,34.57962990000001
8620,34.5154767
8621,34.43759214999999
8622,34.23235345000001
8623,33.91637325000001
8624,178.56
8625,34.5163216
8626,33.98259660000001
8627,34.03152345
8628,34.70448045
8629,35.5016266
8630,178.56
8631,178.56
8632,178.56
8633,37.62847474999999
8634,36.89779445
8635,37.04964515
8636,36.3531933
8637,36.54917189999999
8638,169.2375414499999
8639,178.56
8640,36.28552304999999
8641,36.05552829999999
8642,36.05387349999999
8643,35.63178009999999
8644,35.37747349999999
8645,35.30415325
8646,172.3174125000004
8647,178.56
8648,178.56
8649,178.56
8650,33.8611754
8651,36.29255490000001
8652,36.63234005
8653,37.00935980000001
8654,37.09852815
8655,36.31462645000001
8656,36.38529640000001
8657,178.56
8658,178.56
8659,35.6292517
8660,35.8851249
8661,35.45250775
8662,35.23472145
8663,35.41693154999999
8664,35.86570835
8665,178.56
8666,178.56
8667,178.56
8668,178.56
8669,178.56
8670,153.7361164500001
8671,35.0963432
8672,35.15614184999999
8673,34.87033849999999
8674,34.68214185
8675,34.6146881
8676,34.5539449
8677,34.57335500000001
8678,34.27570859999999
8679,34.51374385
8680,34.29406839999999
8681,34.3070616
8682,34.41859669999999
8683,34.34751335000001
8684,34.46071635000001
8685,34.47380175
8686,34.4830182
8687,34.23395485
8688,34.67446330000001
8689,33.5990818
8690,33.5742533
8691,33.60862324999999
8692,33.5909266
8693,33.61158289999999
8694,33.78791650000001
8695,33.80490655
8696,33.8278737
8697,33.7384382
8698,33.64165214999999
8699,33.63143485
8700,33.73899175
8701,142.8993830000002
8702,178.56
8703,178.56
8704,178.56
8705,178.56
8706,34.99769155
8707,178.56
8708,35.44686685
8709,35.63954525
8710,35.54341785
8711,36.64321165
8712,36.6659035
8713,36.62310975
8714,36.17377395000001
8715,36.89159174999999
8716,36.3043518
8717,35.53827
8718,35.252255
8719,35.25914340000001
8720,34.87842805
8721,34.96233545
8722,35.1703219
8723,35.60402805
8724,35.3044929
8725,34.58734329999999
8726,178.56
8727,157.5200507500007
8728,34.47884980000001
8729,35.7527367
8730,178.56
8731,35.00942025000001
8732,33.9083519
8733,34.0172833
8734,178.56
8735,178.56
8736,178.56
8737,178.56
8738,33.28948215
8739,178.56
8740,33.95959140000001
8741,34.0006168
8742,33.7751202
8743,33.68793975
8744,33.3736652
8745,33.37443015000001
8746,33.29357450000001
8747,33.18666835
8748,33.03321325
8749,178.56
8750,178.56
8751,148.3358333000008
8752,178.56
8753,37.8375481
8754,37.9700018
8755,37.0388646
8756,36.96787310000001
8757,37.2159369
8758,34.53427820000001
8759,34.04491994999999
8760,33.61956319999999
