Hour,Load_Profile
1,613.4544756944446
2,618.983173611111
3,626.4101409722224
4,613.7045555555555
5,603.7965986111111
6,611.9034256944443
7,614.1092138888889
8,613.736617361111
9,614.4232909722223
10,614.201688888889
11,616.604807638889
12,598.6762659722223
13,593.339420138889
14,580.4892111111111
15,589.2967805555555
16,601.3032673611111
17,596.5624965277776
18,594.3397659722222
19,605.6961881944445
20,606.6845812500002
21,603.0211569444446
22,589.3436562500001
23,617.4343270833334
24,637.0572895833334
25,630.6310201388889
26,622.9918027777779
27,626.8560020833332
28,616.8917493055555
29,619.7364083333334
30,616.1323180555555
31,606.8474284722222
32,620.6910666666668
33,607.1248368055557
34,604.3931020833334
35,615.0872152777778
36,615.9304881944444
37,605.3508131944446
38,607.6877298611112
39,593.2099305555556
40,580.4165055555557
41,582.0251854166668
42,580.8853916666668
43,574.186526388889
44,568.723895138889
45,566.1866937500001
46,559.6110666666667
47,570.2476388888889
48,574.0522472222224
49,578.5141868055556
50,586.2006256944443
51,590.568725
52,591.0389590277778
53,591.5708118055556
54,597.2579006944446
55,596.0445145833334
56,591.7042833333333
57,581.6939569444446
58,587.259328472222
59,588.6546319444444
60,586.9388666666669
61,584.3642354166665
62,577.8805354166665
63,563.7678673611109
64,597.6040048611111
65,595.4472194444445
66,586.5908881944443
67,595.2393090277778
68,594.6428986111109
69,593.7345583333333
70,595.7463194444443
71,601.9123666666668
72,600.7140090277777
73,596.2758743055556
74,588.8296805555555
75,584.3300381944446
76,586.0813152777777
77,589.8497722222221
78,583.8692166666666
79,575.1816944444445
80,564.5920791666666
81,556.4509965277779
82,559.3863
83,567.4144402777777
84,588.0656048611111
85,577.0461798611112
86,579.8116493055558
87,579.9019756944444
88,570.8551597222221
89,578.9752375
90,591.5790756944444
91,602.5805326388888
92,599.7522874999999
93,591.8581993055554
94,598.2116472222222
95,593.4477097222222
96,593.5856437499999
97,578.1819034722225
98,580.1796534722221
99,574.81096875
100,572.8823423611113
101,583.6306895833334
102,579.2087298611111
103,582.2114986111111
104,590.7285423611113
105,600.243725
106,610.2373604166668
107,610.235
108,606.0620638888888
109,606.5376381944445
110,609.5177472222223
111,609.9658347222223
112,606.03173125
113,596.1186909722223
114,590.4149090277779
115,591.553538888889
116,594.6108131944445
117,598.9959798611113
118,595.4099597222221
119,597.4902041666668
120,608.1812729166664
121,620.132634027778
122,617.9669458333332
123,621.7830020833331
124,608.0224958333332
125,606.0994701388888
126,598.1078416666667
127,594.6325965277778
128,596.6336569444446
129,594.8404854166665
130,598.1584999999999
131,611.9099541666667
132,610.9580756944445
133,607.7453451388889
134,621.7201208333332
135,626.5032597222223
136,624.1850486111109
137,620.4067854166667
138,624.8510152777776
139,622.5862673611113
140,625.3204145833334
141,634.5916701388891
142,633.6764604166666
143,633.9720145833331
144,608.3488180555556
145,602.5135402777775
146,609.1442798611113
147,599.3203472222222
148,606.2046965277777
149,614.1330284722221
150,619.526529861111
151,618.4722847222224
152,631.2989375
153,636.1487937499999
154,633.5033812500001
155,629.0106263888888
156,630.3555083333331
157,618.8064604166665
158,625.9698916666667
159,631.2943666666667
160,621.3584041666668
161,620.8378652777777
162,607.9935145833334
163,607.071688888889
164,599.7785250000001
165,588.7876104166667
166,598.1413680555554
167,594.580042361111
168,596.6170187499998
169,593.0925034722223
170,605.8165305555553
171,614.1168812499999
172,614.1318256944445
173,612.5769972222223
174,609.3298756944445
175,589.0834451388891
176,587.5393104166666
177,591.7329847222222
178,596.463171527778
179,605.9615499999998
180,622.9009687500001
181,610.8421541666665
182,625.6365722222222
183,622.1093819444444
184,613.79870625
185,607.9515819444447
186,586.6433312499998
187,615.054323611111
188,616.7539125
189,619.777317361111
190,630.0439027777776
191,628.096438888889
192,623.1155576388888
193,609.0180611111111
194,624.6160958333332
195,608.4108777777778
196,606.66074375
197,604.5413958333334
198,599.039536111111
199,590.7665513888888
200,587.87898125
201,590.9326875
202,597.6955819444444
203,580.0812513888886
204,578.2857812499999
205,580.8781013888889
206,569.9294659722223
207,556.7912680555555
208,572.2337291666668
209,602.8403979166667
210,596.3161993055554
211,582.5437277777777
212,580.6072034722223
213,571.0302541666666
214,576.6524097222222
215,583.5902284722222
216,589.6982131944442
217,584.7976861111111
218,583.4501124999999
219,586.1801875
220,580.205738888889
221,578.6997909722222
222,573.9223659722222
223,575.1442638888889
224,570.546342361111
225,587.2364840277777
226,605.620423611111
227,620.0076902777778
228,605.4030791666665
229,601.2943097222222
230,596.4651833333335
231,586.0156277777777
232,566.9147708333334
233,566.1317118055554
234,570.5894465277779
235,575.8950923611111
236,558.8641208333331
237,551.4365034722222
238,562.6543993055554
239,566.3439131944444
240,581.2755722222222
241,587.4723187500001
242,591.1580027777777
243,588.6806541666668
244,581.7134027777778
245,570.5345854166668
246,569.0925409722222
247,560.112970138889
248,551.152471527778
249,543.3151590277778
250,547.0726659722222
251,544.7580145833332
252,535.6320083333333
253,537.3759069444444
254,535.7192187499999
255,521.1451645833332
256,528.2670833333334
257,555.1296847222221
258,551.4234722222224
259,548.4602805555556
260,556.2085881944445
261,557.886275
262,551.9688659722223
263,542.8275972222223
264,544.2272263888889
265,536.8537270833333
266,534.6279388888889
267,533.5787958333333
268,531.5337993055555
269,532.1568034722222
270,529.5646104166666
271,515.7944215277778
272,511.8799333333335
273,512.0570868055556
274,514.6521993055555
275,523.8681888888888
276,524.4637048611112
277,528.7620395833334
278,529.1838930555556
279,531.6221583333331
280,529.6115263888887
281,518.1032125
282,510.90731666666665
283,505.2338423611111
284,517.0312729166665
285,515.3083812499999
286,519.6331986111111
287,520.4550743055556
288,539.0253930555555
289,536.3821583333336
290,537.157688888889
291,531.7182187499999
292,533.2375201388891
293,533.7263368055553
294,533.083590277778
295,527.0910624999999
296,515.9906680555556
297,513.1087027777777
298,509.1590729166665
299,499.84872986111117
300,496.41140972222223
301,511.9760868055556
302,554.44875
303,571.8966638888888
304,569.6408340277776
305,561.0256284722221
306,563.2128312500001
307,550.663336111111
308,546.3984722222222
309,554.9692319444443
310,559.5153215277778
311,572.4667340277776
312,583.4707375
313,579.0858340277777
314,550.1707854166665
315,534.6691215277777
316,527.3558354166667
317,518.1684729166667
318,517.9853312500002
319,515.0605777777777
320,512.115465277778
321,501.96484236111115
322,495.5615965277776
323,510.61471805555567
324,522.5463451388888
325,539.3800909722222
326,537.178240972222
327,550.8168944444445
328,545.0234944444445
329,558.0041868055554
330,547.7708104166667
331,552.3851409722223
332,556.3208826388887
333,529.0153465277779
334,538.8742777777778
335,562.86058125
336,559.6068500000002
337,568.0280298611109
338,575.063120138889
339,580.5072944444444
340,591.6526201388889
341,557.4007875000001
342,557.4597902777778
343,537.5206888888889
344,524.7033291666667
345,522.3072006944444
346,526.1436340277777
347,537.4002277777779
348,535.2342791666665
349,523.2403986111111
350,539.1676652777778
351,541.5109513888892
352,548.0780291666669
353,555.2870381944444
354,534.3783124999999
355,532.2378270833334
356,530.8859229166667
357,518.1958833333334
358,529.9507902777779
359,548.5982673611112
360,559.0828236111113
361,551.2138194444442
362,551.3955597222223
363,540.928426388889
364,536.148948611111
365,528.7371215277778
366,522.8151381944443
367,520.9089083333334
368,503.2024083333334
369,513.9359916666666
370,507.40314722222223
371,519.383148611111
372,537.0683861111111
373,539.572082638889
374,542.3357576388889
375,553.6091722222222
376,552.3150722222222
377,554.2860861111112
378,529.8112722222221
379,547.1087013888887
380,554.2695833333333
381,558.3107395833333
382,579.3199104166667
383,574.4635409722222
384,551.1068125
385,572.2082902777777
386,601.1458645833332
387,599.5833756944445
388,604.836570138889
389,599.0380791666668
390,606.9809277777777
391,579.314323611111
392,565.9199777777778
393,562.5620999999999
394,557.8213423611112
395,552.3447055555555
396,568.3356194444444
397,582.5627270833332
398,578.4674506944446
399,590.3993333333334
400,601.9991631944445
401,588.6939361111109
402,602.8184305555557
403,605.6172465277779
404,610.154426388889
405,609.1783569444442
406,611.0854611111108
407,601.69058125
408,629.4690736111111
409,618.8974312500002
410,625.1910347222223
411,612.9183319444445
412,604.4146506944444
413,616.6243347222222
414,601.2374916666668
415,578.3383388888889
416,576.4384680555555
417,583.3057604166668
418,603.9609916666668
419,622.4381284722222
420,600.34944375
421,602.7322027777776
422,600.56446875
423,592.5412673611111
424,580.8475916666666
425,580.4495361111111
426,587.0036263888891
427,613.9079881944443
428,610.5002041666665
429,614.1067118055556
430,608.9845159722221
431,616.4354131944444
432,616.6477111111111
433,620.012198611111
434,630.2370368055557
435,641.0908034722222
436,627.933776388889
437,624.5540006944444
438,613.0765034722222
439,603.4056006944444
440,600.9040506944444
441,599.1783583333334
442,598.5139562500001
443,602.7180659722222
444,606.656876388889
445,613.1582694444444
446,604.7574583333335
447,608.6837784722222
448,591.7103527777778
449,580.9712722222222
450,577.9131041666665
451,574.1376430555556
452,591.8972173611111
453,614.3570201388889
454,610.88583125
455,609.4690041666667
456,610.7507409722224
457,603.7683520833333
458,613.9437944444446
459,623.5748368055556
460,611.4406465277779
461,604.1276145833333
462,597.6673312500001
463,588.7929159722224
464,578.0716722222221
465,577.4943486111113
466,574.706348611111
467,577.8168298611112
468,585.7874333333333
469,589.384778472222
470,605.7665506944445
471,612.8584243055554
472,625.3489645833332
473,627.240790972222
474,614.6230520833336
475,606.4007409722223
476,609.354120138889
477,615.3174777777778
478,615.52416875
479,618.1368444444444
480,624.0258541666667
481,602.4939368055557
482,609.8890729166667
483,611.1389854166665
484,592.376525
485,580.730470138889
486,580.8582173611111
487,581.9133368055556
488,585.2804909722222
489,587.6377805555554
490,578.3348152777777
491,580.7005097222223
492,550.558147222222
493,542.9915062500002
494,544.4774513680554
495,534.4319877222223
496,557.9334777777777
497,554.2736111111111
498,554.4958333333333
499,554.7180555555556
500,554.9402777777777
501,555.1625
502,555.3847222222221
503,555.6069444444444
504,555.8291666666667
505,550.7180555555556
506,550.9402777777777
507,551.1624999999999
508,551.3847222222222
509,551.6069444444445
510,551.8291666666665
511,552.0513888888888
512,552.2736111111111
513,553.1555791666667
514,551.7519875
515,535.9386534722221
516,534.6364124999999
517,546.4407145833333
518,544.4726131944444
519,534.1821999999999
520,526.4426611111111
521,524.0699618055556
522,544.1833291666667
523,542.5019513888889
524,550.5754166666667
525,579.7110881944446
526,581.6894840277779
527,599.7747472222221
528,608.5695805555555
529,600.8304430555554
530,610.6404875
531,613.1250958333333
532,575.7723791666666
533,564.1196993055556
534,557.8007409722223
535,530.8825006944443
536,525.3505993055555
537,534.9396305555555
538,530.3389090277776
539,551.7893506944446
540,543.7241416666666
541,539.0704680555556
542,546.9458284722222
543,567.8126604166666
544,559.3186604166668
545,565.4976805555555
546,559.5171361111109
547,559.6734027777777
548,562.7510430555556
549,590.2278069444443
550,615.841690277778
551,621.849859722222
552,602.6848395833333
553,597.2839645833333
554,635.1796576388888
555,648.4906062499998
556,623.1772868055555
557,608.3598124999999
558,606.816690277778
559,603.7526569444444
560,599.1598277777777
561,595.7367826388886
562,590.1832465277777
563,602.9699076388888
564,611.0780145833332
565,623.6220159722224
566,611.6831270833331
567,601.8118270833334
568,591.5743798611112
569,569.2738465277778
570,591.8902243055554
571,653.919471527778
572,654.7128263888891
573,642.4009013888889
574,652.7464354166668
575,650.5909298611111
576,651.4354652777779
577,670.8169243055557
578,667.8002520833335
579,668.3428006944445
580,658.5020625
581,645.2778000000001
582,638.0001687500001
583,631.5610229166667
584,630.4337069444445
585,631.8417333333333
586,635.308961111111
587,644.4816756944444
588,647.6695562500001
589,663.608286111111
590,611.7623215277778
591,587.034138888889
592,599.9682437500003
593,597.07023125
594,603.8934722222222
595,614.5870895833334
596,612.8030798611112
597,610.1052069444443
598,605.8826180555556
599,599.145551388889
600,624.1154784722223
601,618.0309256944445
602,623.5367090277779
603,617.1240527777777
604,612.795275
605,600.5961583333333
606,602.4907881944445
607,592.1662451388889
608,586.2427270833333
609,577.4360409722221
610,581.7858083333335
611,577.5453951388889
612,580.5741430555555
613,585.5396027777775
614,605.9101618055556
615,615.7494854166666
616,616.6882430555556
617,624.2695104166667
618,628.9607375
619,631.9734590277778
620,635.2626881944445
621,631.9990263888889
622,615.7255694444443
623,628.7808784722223
624,616.4050402777776
625,618.7133319444446
626,618.3045888888889
627,632.5403506944443
628,632.4682131944445
629,627.1326361111112
630,625.2865034722222
631,620.1390930555556
632,628.9211965277779
633,619.3325430555556
634,625.6261569444443
635,623.5131722222222
636,637.2422236111111
637,640.068540277778
638,627.8121243055556
639,623.2030125000001
640,631.0384034722225
641,632.0708500000001
642,623.2234256944445
643,632.7915770833334
644,648.0183513888891
645,654.3929368055556
646,625.1051229166668
647,633.5635868055557
648,646.8620611111111
649,641.4540513888887
650,636.4298888888889
651,651.4598340277779
652,647.5708097222223
653,650.2244944444444
654,649.7951159722224
655,650.7055944444443
656,652.4668131944442
657,641.3407013888889
658,638.4887791666667
659,632.3776
660,632.6917416666666
661,631.2160881944444
662,630.0052437499999
663,619.7825756944443
664,617.660672222222
665,613.3807888888891
666,636.4483847222222
667,638.7687513888891
668,645.5128062499998
669,637.7786118055558
670,643.7338180555554
671,651.2791895833333
672,658.7866263888889
673,648.5233326388886
674,663.9138395833335
675,667.8750520833332
676,665.9227229166667
677,655.1118493055554
678,644.1578659722225
679,637.0106027777776
680,617.9728875
681,605.2263173611111
682,606.3351618055557
683,624.5276125000001
684,640.7087486111109
685,639.0943236111111
686,646.7601361111109
687,641.9646312500001
688,645.5775006944444
689,638.3928097222223
690,639.2818972222221
691,647.1290041666667
692,641.6205305555553
693,659.9362263888889
694,668.5278694444444
695,672.9094673611111
696,676.3945034722221
697,676.6049083333335
698,668.1934006944446
699,680.4751479166665
700,654.3783368055555
701,644.9256527777778
702,643.9027284722224
703,638.0204576388891
704,627.9161826388892
705,640.2422215277778
706,643.7904166666667
707,636.4595611111113
708,662.3891895833332
709,671.1346208333333
710,674.8335618055553
711,660.1994194444445
712,642.1018041666667
713,663.4027749999999
714,643.0356506944444
715,651.8969465277778
716,625.4006201388887
717,605.294488888889
718,613.7443041666668
719,596.5058090277778
720,553.1950215277777
721,532.9800458333333
722,527.214648611111
723,526.0040722222222
724,517.2770812499999
725,517.1921465277778
726,506.49481666666674
727,503.19296458333326
728,494.51206388888886
729,488.8482666666667
730,489.79821736111114
731,503.00247430555567
732,536.5460375
733,577.2070166666665
734,572.3468159722222
735,555.8717215277777
736,558.486942361111
737,535.9608097222223
738,529.543561111111
739,532.6405604166666
740,522.3776409722221
741,533.5362069444444
742,535.3557215277777
743,520.7783597222221
744,522.9421263888889
745,513.2697201388888
746,541.7191659722221
747,547.7321763888888
748,546.4724520833333
749,542.6328270833334
750,541.2795111111113
751,540.3671111111111
752,538.7687298611112
753,536.2674381944444
754,536.2487756944444
755,527.3104486111112
756,532.6766916666667
757,559.3803854166666
758,569.0715305555556
759,571.6887958333334
760,588.7244694444445
761,588.7521493055556
762,583.7628715277776
763,582.1609284722223
764,586.9392312500001
765,577.1764131944445
766,564.959727777778
767,550.7553881944445
768,534.0078277777777
769,516.374420138889
770,515.0324493055555
771,516.2360194444445
772,506.94986458333324
773,494.5714840277778
774,491.26414722222233
775,489.2634493055554
776,488.52597430555574
777,485.6142138888888
778,485.1965541666667
779,482.6545152777777
780,478.5156930555556
781,477.9630791666667
782,466.1173826388889
783,470.2677833333333
784,471.49094861111104
785,478.26020694444435
786,483.8118312500001
787,488.11499652777775
788,492.6330819444444
789,491.14214930555556
790,493.9106729166666
791,500.7219409722222
792,504.9021354166666
793,502.159975
794,502.59684722222244
795,490.0700180555554
796,486.76740138888886
797,473.7038173611111
798,467.22837847222223
799,466.60930555555564
800,466.1262027777776
801,470.92564722222227
802,479.01261666666653
803,485.7166854166667
804,491.7574458333333
805,480.7184250000001
806,487.75810624999997
807,570.85285
808,633.414517361111
809,636.0597909722223
810,647.9807256944445
811,528.3658354166666
812,520.3597006944444
813,525.6281645833333
814,519.7400493055555
815,524.727661111111
816,533.4476333333332
817,521.1976159722221
818,496.5766444444443
819,513.5529881944444
820,522.43185
821,510.8901881944443
822,513.1355541666667
823,508.1860006944443
824,504.4471958333333
825,491.06022916666666
826,473.93300902777764
827,497.3568270833335
828,523.8527548611112
829,523.2079611111112
830,533.7373395833331
831,542.34374375
832,540.7677791666667
833,549.4383527777778
834,549.1059993055555
835,591.9099319444447
836,599.3050791666666
837,583.8135854166666
838,582.497847222222
839,575.3350513888886
840,565.1976638888889
841,551.3475451388888
842,542.272988888889
843,557.9580979166666
844,562.8232416666667
845,551.1618993055556
846,548.7335430555553
847,544.8417118055555
848,541.6923868055557
849,533.6320131944444
850,527.0479840277778
851,523.5696750000001
852,533.8956069444445
853,548.7908576388888
854,554.3671729166667
855,554.0113902777777
856,559.8818055555555
857,547.2709458333334
858,530.6723368055555
859,547.4325027777779
860,552.5229868055554
861,545.6596305555555
862,534.2394201388888
863,534.0613680555555
864,529.8481916666665
865,512.9651819444446
866,506.5377541666667
867,505.38955763888885
868,502.13073402777775
869,507.25178263888904
870,506.9368506944445
871,505.1525902777779
872,504.71099652777764
873,501.37757152777795
874,502.1090493055556
875,507.03402847222213
876,512.506201388889
877,521.1021791666668
878,524.9419194444444
879,524.0211131944445
880,521.0380548611109
881,534.1295138888888
882,542.5632868055558
883,541.5961381944445
884,538.0610402777779
885,532.108245138889
886,528.7569909722222
887,542.2828534722222
888,546.8192673611111
889,541.5954861111111
890,533.79891875
891,520.87816875
892,514.2284500000001
893,511.8137250000001
894,510.9528715277779
895,509.4871423611111
896,506.301920138889
897,502.256551388889
898,499.16349375
899,512.0754451388888
900,510.64894305555566
901,494.30444305555557
902,505.39986250000004
903,515.8245833333333
904,504.21340277777784
905,516.4459944444444
906,517.5469458333334
907,533.1503256944443
908,530.9209694444445
909,524.3955118055557
910,530.500690277778
911,537.3697729166666
912,538.8595409722221
913,551.6564159722222
914,518.8060618055555
915,516.02773125
916,527.7345097222222
917,538.0907430555555
918,527.6998659722221
919,522.81803125
920,523.8904604166668
921,527.090832638889
922,529.1334076388888
923,527.7046020833333
924,542.9173777777778
925,553.6476680555555
926,551.6759958333332
927,560.8056666666668
928,572.2066368055557
929,572.6885868055556
930,577.1475895833333
931,569.6005624999999
932,570.9981520833333
933,527.5096305555558
934,521.7225923611112
935,516.7162465277777
936,540.5734465277778
937,548.4417159722221
938,549.9095840277778
939,551.4688680555555
940,532.2656465277778
941,555.0126631944445
942,556.0004083333334
943,554.7180270833333
944,555.546526388889
945,557.4378451388891
946,555.8516972222222
947,556.9834569444444
948,560.9767374999999
949,563.8562680555556
950,561.9434256944443
951,556.4601590277776
952,542.2851187499998
953,545.7800951388889
954,572.7468249999998
955,580.0039534722221
956,579.9817416666666
957,575.6384506944445
958,530.9394256944446
959,532.668542361111
960,548.6930805555556
961,542.8390930555555
962,537.7319194444445
963,539.4256444444445
964,548.6253444444444
965,526.7138888888892
966,513.0362430555555
967,516.9969409722222
968,513.9344458333333
969,514.2106451388888
970,513.6631291666667
971,517.3185208333333
972,487.5031048611111
973,451.71610972222214
974,466.55637013888895
975,492.0144263888889
976,493.0109701388888
977,521.3078930555555
978,540.9440986111111
979,532.1506423611111
980,521.9429868055556
981,503.8104840277778
982,505.3962465277777
983,512.3014826388887
984,523.7238381944444
985,517.0199076388889
986,523.5544048611112
987,514.3206944444445
988,510.4576493055556
989,500.98407499999996
990,504.75823402777786
991,515.4964111111111
992,512.8810395833334
993,511.1968548611111
994,508.25682499999994
995,515.6415270833332
996,528.5557666666667
997,531.1941701388888
998,502.2421958333333
999,522.4215256944444
1000,514.0344659722223
1001,517.2289805555556
1002,499.7941694444445
1003,508.2320124999998
1004,503.8141180555554
1005,491.36852013888875
1006,477.31646180555566
1007,486.08354236111114
1008,503.6462993055554
1009,505.1350722222222
1010,512.2363680555554
1011,518.8948597222221
1012,514.8074819444445
1013,509.86046388888883
1014,512.9621548611111
1015,501.4563868055555
1016,492.2529826388888
1017,484.7971111111111
1018,483.9654173611111
1019,492.53974374999984
1020,486.8209465277776
1021,515.2981437499999
1022,505.03497916666663
1023,515.2934249999998
1024,543.3023569444445
1025,544.4025458333333
1026,546.7741000000001
1027,547.6527513888888
1028,557.4210416666666
1029,569.2220347222222
1030,566.9025527777778
1031,557.8267159722222
1032,556.8656749999999
1033,539.8293784722222
1034,562.5430333333335
1035,541.7845368055556
1036,550.1925937499999
1037,553.7682840277778
1038,553.4686291666666
1039,569.919423611111
1040,563.343288888889
1041,565.581409027778
1042,587.985182638889
1043,591.4748187499999
1044,587.1883118055555
1045,574.11325625
1046,561.945211111111
1047,571.3654131944445
1048,570.7142548611112
1049,567.7696604166667
1050,562.8651652777778
1051,573.6175902777779
1052,577.1344659722222
1053,581.7235965277778
1054,578.4520340277779
1055,551.6534715277778
1056,538.7487715277778
1057,530.7920541666666
1058,544.2988215277776
1059,542.6627611111111
1060,552.8570409722222
1061,554.5912506944446
1062,573.8629340277778
1063,564.1594444444446
1064,563.8920145833333
1065,565.0436340277777
1066,563.523682638889
1067,607.6150229166668
1068,646.5580055555554
1069,649.2618486111112
1070,629.6397680555557
1071,583.9955638888887
1072,568.6991159722222
1073,562.757271527778
1074,579.1413402777777
1075,587.8549534722223
1076,565.924395138889
1077,556.0207590277779
1078,531.251342361111
1079,524.9761791666667
1080,504.28771041666676
1081,492.11101458333343
1082,494.3252083333332
1083,496.39501875000013
1084,505.3156472222222
1085,499.80717847222206
1086,499.79397847222214
1087,493.4551652777779
1088,493.19740833333344
1089,492.54116319444427
1090,494.2292875000001
1091,506.22226597222243
1092,519.6834437499999
1093,539.1268916666667
1094,518.4335840277778
1095,492.96546736111117
1096,508.28417083333346
1097,491.7963159722222
1098,526.918073611111
1099,556.7995590277778
1100,534.8145118055554
1101,513.5521083333333
1102,499.92120069444445
1103,496.05203680555553
1104,498.43759166666666
1105,490.02968124999984
1106,502.7873111111112
1107,509.15324305555566
1108,511.6714645833333
1109,504.525979861111
1110,505.57789930555555
1111,502.6992388888888
1112,495.15092569444454
1113,487.7324763888888
1114,487.8485187499999
1115,488.9420826388888
1116,482.51109583333334
1117,483.508402777778
1118,492.0396979166667
1119,507.33421805555554
1120,495.09231180555554
1121,477.0433381944445
1122,473.80360833333333
1123,482.7843249999998
1124,478.5332187500001
1125,486.6257833333335
1126,496.8208284722223
1127,501.1644916666668
1128,497.7977076388888
1129,475.66449305555545
1130,447.59430625
1131,447.98993125000004
1132,457.1257180555555
1133,490.0696340277779
1134,483.91426111111116
1135,497.1396548611112
1136,464.3995618055556
1137,452.1199770833333
1138,454.3845861111113
1139,461.51694375
1140,460.28140833333345
1141,445.9912743055555
1142,448.73254305555554
1143,457.83854097222223
1144,451.6894222222222
1145,452.38626597222213
1146,464.95064444444444
1147,467.8182166666666
1148,474.48358541666676
1149,495.87876874999995
1150,495.04912430555567
1151,505.9538194444445
1152,518.5599541666667
1153,512.1936576388888
1154,504.5440027777778
1155,504.08407638888895
1156,496.5194701388889
1157,500.646432638889
1158,503.4135402777777
1159,482.9595854166667
1160,481.44599375
1161,484.0434
1162,480.47444166666656
1163,470.7088201388889
1164,471.6157416666666
1165,482.913592361111
1166,467.9435944444445
1167,492.8610666666668
1168,535.4210541666667
1169,541.1682416666666
1170,514.8659506944446
1171,495.893932638889
1172,533.8818027777778
1173,529.5459013888889
1174,516.5879833333335
1175,498.9089798611111
1176,517.7461611111111
1177,504.6573812499999
1178,544.2514541666666
1179,525.0950895833332
1180,521.175770138889
1181,519.4470118055557
1182,511.8746305555557
1183,513.5339881944445
1184,510.86794374999977
1185,500.4140513888888
1186,494.42484375
1187,489.7795611111111
1188,484.08266041666656
1189,489.95995416666665
1190,513.7407631944445
1191,518.5817118055555
1192,513.0717180555556
1193,539.0861354166666
1194,528.8288229166668
1195,551.1404194444443
1196,549.1201131944445
1197,532.4451152777779
1198,536.7332645833334
1199,536.8230805555556
1200,546.0749805555554
1201,550.2760583333334
1202,560.3341180555555
1203,561.1598249999998
1204,574.4651666666666
1205,566.7915736111113
1206,554.4364833333334
1207,524.3852819444445
1208,500.95775624999993
1209,488.7173909722223
1210,486.13817013888894
1211,509.65696805555547
1212,528.1027715277776
1213,521.4436312500002
1214,512.4286548611111
1215,511.21909305555556
1216,535.757172222222
1217,539.1737263888888
1218,527.7334090277778
1219,530.7636770833333
1220,530.7676798611111
1221,509.5702104166667
1222,526.0696319444445
1223,535.7299555555556
1224,543.7721090277778
1225,552.0447215277779
1226,564.0422979166667
1227,565.5427569444445
1228,571.0141652777777
1229,571.9979923611112
1230,560.5086409722221
1231,557.5057180555552
1232,526.0359687499998
1233,516.3225493055555
1234,504.9099805555556
1235,504.8342777777778
1236,515.6880604166665
1237,526.3404145833333
1238,540.7918569444444
1239,554.2324118055556
1240,549.1392354166668
1241,555.3500958333335
1242,565.4155374999999
1243,559.9307340277778
1244,559.5675722222221
1245,554.5540923611109
1246,553.2572
1247,546.7345375
1248,552.0939111111111
1249,560.3184090277775
1250,571.4907111111113
1251,572.9504361111112
1252,556.2884250000002
1253,547.9749493055555
1254,547.5528229166667
1255,541.449277777778
1256,520.0847652777779
1257,514.4599277777778
1258,511.3067819444445
1259,522.5493743055556
1260,528.0146756944445
1261,554.9167395833333
1262,587.5466916666667
1263,584.7237965277778
1264,656.4126645833333
1265,619.54196875
1266,605.4552715277777
1267,589.2220534722221
1268,601.6176131944444
1269,605.279127083333
1270,605.9976131944444
1271,593.5084729166665
1272,585.3044930555556
1273,573.0208555555555
1274,568.153538888889
1275,551.6361562500001
1276,534.3696583333336
1277,527.8390979166668
1278,513.5337930555555
1279,516.2030048611111
1280,514.2881236111114
1281,512.6826180555555
1282,511.0389159722222
1283,516.9067854166667
1284,529.4199770833334
1285,530.17718125
1286,533.985607638889
1287,529.6891694444445
1288,534.2744708333333
1289,541.103823611111
1290,531.7028243055556
1291,526.6165305555556
1292,528.7219895833332
1293,525.3931451388889
1294,530.4103
1295,524.7141604166667
1296,516.5522
1297,526.4088694444445
1298,524.7358805555558
1299,507.8255965277777
1300,491.5913687500001
1301,502.72955763888893
1302,494.6418111111113
1303,494.5762951388889
1304,489.72120694444436
1305,480.0711791666666
1306,476.11264097222227
1307,475.8940979166666
1308,469.48780208333335
1309,492.9836743055555
1310,511.4630979166665
1311,526.7805243055554
1312,533.0390013888888
1313,553.4184736111113
1314,572.0613659722221
1315,573.9015041666667
1316,568.6751631944442
1317,556.3072229166664
1318,546.3078534722222
1319,551.4589333333333
1320,553.0424145833332
1321,557.8352534722223
1322,543.5341701388886
1323,537.404395138889
1324,531.2359270833333
1325,525.7765993055556
1326,524.497386111111
1327,520.5446958333333
1328,512.7840361111112
1329,539.4711847222221
1330,552.957051388889
1331,566.8648590277779
1332,606.17731875
1333,604.9361826388888
1334,535.5396104166666
1335,541.0206979166666
1336,550.4268965277777
1337,562.9077590277778
1338,560.962827777778
1339,557.7483083333333
1340,563.0926583333332
1341,537.6403250000001
1342,535.4412708333335
1343,538.5520208333334
1344,543.1966486111111
1345,532.7353937499998
1346,534.2325458333332
1347,548.4456499999999
1348,556.7098347222224
1349,554.9533368055558
1350,550.7349333333333
1351,551.7335145833333
1352,545.3514076388888
1353,542.400695138889
1354,530.8470583333334
1355,513.9553736111112
1356,514.6634215277778
1357,522.8379791666666
1358,516.8602333333333
1359,536.2171041666666
1360,549.4794249999999
1361,543.8031458333334
1362,564.8721506944444
1363,570.7087013888889
1364,564.892888888889
1365,560.6262562500001
1366,560.9151888888889
1367,565.3617145833334
1368,561.6748638888889
1369,559.4149756944445
1370,564.9146534722221
1371,574.3127090277777
1372,576.635626388889
1373,568.9653493055557
1374,563.0796263888889
1375,562.6288659722221
1376,536.7625020833332
1377,520.8748138888891
1378,594.2393965277778
1379,604.9523666666666
1380,578.0893708333331
1381,573.8280708333333
1382,565.2706680555556
1383,558.9438173611111
1384,540.8169215277777
1385,536.1660402777778
1386,549.5997236111111
1387,542.6220335416667
1388,561.0054631944446
1389,562.4929375000003
1390,565.3508381944446
1391,574.7119708333332
1392,571.2216934027779
1393,565.9541138888887
1394,558.3131226736111
1395,554.4037270833333
1396,550.3504583333334
1397,522.2212053124999
1398,515.5201583333334
1399,507.48602083333327
1400,464.73617923611107
1401,278.45543902777774
1402,262.93263888888885
1403,263.154861111111
1404,263.37708333333325
1405,263.5993055555554
1406,249.95796330555552
1407,396.5825464583334
1408,457.83821541666674
1409,449.397427361111
1410,447.68803263888896
1411,447.60979166666664
1412,447.83354166666675
1413,447.74842500000005
1414,447.35800902777777
1415,448.7948152777778
1416,451.6898840277778
1417,448.1670381944445
1418,447.7272222222223
1419,448.2096736111112
1420,448.3830090277778
1421,448.7269444444444
1422,448.83062430555566
1423,449.5531944444445
1424,450.21388888888896
1425,447.9853006944445
1426,505.5195569444444
1427,522.6280541666666
1428,539.9181055555555
1429,535.2937034722223
1430,527.6313201388888
1431,543.3317215277777
1432,544.3348805555555
1433,555.653607638889
1434,555.8055583333332
1435,601.4249291666666
1436,618.036386111111
1437,633.8638381944445
1438,581.4953666666668
1439,581.8461798611112
1440,579.942752777778
1441,576.2080527777779
1442,577.4933555555556
1443,579.5277770833334
1444,575.4218006944445
1445,578.4299270833333
1446,567.3902493055555
1447,549.3547749999999
1448,550.8962326388888
1449,545.1728479166667
1450,551.0358826388887
1451,544.4128909722223
1452,541.3603256944443
1453,545.642107638889
1454,541.7380569444445
1455,542.4761618055555
1456,549.5191423611112
1457,544.1835604166668
1458,550.5586583333335
1459,559.3613826388889
1460,567.2642569444444
1461,564.4632680555555
1462,569.7457347222223
1463,561.2856006944445
1464,569.2898138888888
1465,564.2562493055556
1466,557.9889826388887
1467,556.1122930555556
1468,557.3520152777776
1469,548.2104888888889
1470,539.9671458333332
1471,539.2390902777777
1472,533.1169666666667
1473,519.357982638889
1474,528.4846055555554
1475,544.5356347222222
1476,548.776925
1477,545.0284520833334
1478,546.6406958333334
1479,552.5230791666667
1480,559.2661125000001
1481,547.5734479166667
1482,552.3015937499998
1483,559.7349312499999
1484,551.6574979166667
1485,558.1308805555554
1486,555.9560194444443
1487,557.9420645833335
1488,556.7047423611114
1489,552.4679180555557
1490,545.6776354166667
1491,535.0490715277778
1492,541.4246756944447
1493,544.2339291666669
1494,533.5919875
1495,543.80791875
1496,537.8742159722223
1497,543.7492111111112
1498,529.5125423611112
1499,521.2647673611111
1500,499.6010631944443
1501,492.1584194444444
1502,494.45638749999995
1503,504.1742687500002
1504,504.7926840277778
1505,507.6818965277777
1506,511.7396083333333
1507,512.6508555555557
1508,510.80217291666673
1509,510.43314097222225
1510,512.3445875
1511,519.6404215277777
1512,530.9846097222222
1513,525.6770645833333
1514,528.7068284722222
1515,527.8540034722222
1516,533.4384798611111
1517,531.2424756944442
1518,528.6379180555556
1519,528.5408388888891
1520,528.6387958333333
1521,523.4689861111111
1522,517.7988173611112
1523,500.95219999999995
1524,487.6286340277779
1525,491.8294444444445
1526,492.9553493055556
1527,480.4547409722223
1528,479.35263888888903
1529,474.5500020833333
1530,478.83687986111113
1531,478.491529861111
1532,476.2127784722224
1533,475.98786875000013
1534,476.6042569444444
1535,480.14838125000006
1536,493.46721805555546
1537,484.93733472222226
1538,477.28793958333335
1539,476.9349513888888
1540,474.1945548611111
1541,473.07870694444443
1542,471.22046736111105
1543,473.18842152777773
1544,475.8153777777777
1545,473.5129340277779
1546,472.53305902777777
1547,467.61659722222225
1548,468.1280819444445
1549,475.7083368055555
1550,478.4567409722223
1551,478.7823368055556
1552,481.7779868055556
1553,482.98588611111114
1554,485.3031916666667
1555,483.24419374999997
1556,481.84060208333347
1557,485.3905784722221
1558,489.0093027777778
1559,488.2033333333334
1560,502.56386319444437
1561,496.70504305555556
1562,486.3822902777776
1563,480.2726375000001
1564,479.38162083333333
1565,478.29989097222216
1566,475.4493534722223
1567,471.06073958333343
1568,472.7475888888889
1569,479.3933555555556
1570,471.98050833333343
1571,472.6600479166667
1572,482.0066729166667
1573,493.07814722222224
1574,488.31166736111106
1575,492.25300972222226
1576,497.64599583333325
1577,522.617704861111
1578,512.4693673611112
1579,514.5784048611112
1580,504.9054625
1581,507.62738749999994
1582,507.4783611111111
1583,500.40696527777794
1584,503.96559791666664
1585,500.7712263888888
1586,500.7482430555554
1587,494.8858347222221
1588,491.353798611111
1589,490.33546180555555
1590,480.32219305555554
1591,476.24169722222223
1592,480.2146055555556
1593,475.51738263888893
1594,470.29410277777777
1595,504.06326250000023
1596,508.7825006944444
1597,514.0188861111112
1598,515.2573354166666
1599,504.3698118055556
1600,505.3513388888891
1601,503.5665736111111
1602,498.14086041666667
1603,494.85071805555555
1604,498.4045125
1605,492.39594097222226
1606,489.3711312499999
1607,491.9018270833332
1608,498.13483819444446
1609,492.4366916666667
1610,494.9862284722222
1611,493.54927777777795
1612,488.7805069444445
1613,487.3988180555555
1614,490.81039444444434
1615,487.44921111111114
1616,488.2797479166665
1617,484.3102569444443
1618,481.69641458333336
1619,480.7595569444445
1620,479.915901388889
1621,480.18548611111123
1622,476.0515083333332
1623,479.3575534722223
1624,476.3065055555555
1625,476.4869666666667
1626,478.0360652777777
1627,477.0487965277779
1628,478.62106041666675
1629,478.8028020833333
1630,478.9308083333333
1631,475.4715951388888
1632,481.5897680555556
1633,466.6539138888889
1634,466.30907361111105
1635,466.7864340277777
1636,466.5406472222223
1637,466.82754027777776
1638,469.2766180555557
1639,469.5125909722222
1640,469.83157916666676
1641,468.5894194444445
1642,467.2451687499999
1643,467.1032618055555
1644,468.59710763888893
1645,478.0809756944444
1646,478.1572972222223
1647,476.52835902777775
1648,486.3119173611111
1649,484.6078715277777
1650,486.07904930555554
1651,489.41819583333336
1652,492.3175951388889
1653,494.99368402777776
1654,493.65858125000005
1655,508.9334951388889
1656,509.2486597222222
1657,508.6543020833334
1658,502.4135270833335
1659,512.3832187499999
1660,504.22710833333326
1661,493.5870833333333
1662,489.6146527777778
1663,489.7103250000001
1664,484.4226118055555
1665,485.58799236111116
1666,488.47669305555564
1667,494.5003895833333
1668,490.34017916666664
1669,480.3797680555555
1670,481.6266201388889
1671,482.0571361111112
1672,478.872913888889
1673,496.5657875
1674,489.75233680555556
1675,486.24194791666673
1676,470.94933194444445
1677,472.46226805555546
1678,473.02085416666677
1679,473.78136388888885
1680,478.9558798611111
1681,463.2408548611112
1682,462.3539187500001
1683,468.62715208333327
1684,471.66099166666675
1685,472.2307888888889
1686,469.09889166666676
1687,467.88805208333326
1688,463.52312777777774
1689,463.53375208333347
1690,462.41075694444453
1691,460.92594930555555
1692,458.79462847222226
1693,461.60668819444453
1694,467.7681513888888
1695,513.3666402777778
1696,520.755413888889
1697,525.5215013888889
1698,527.3611361111111
1699,514.428675
1700,513.4426819444445
1701,516.8880125
1702,479.6427527777779
1703,472.8461104166666
1704,466.9383777777777
1705,457.7770166666666
1706,470.12851597222226
1707,477.1103979166667
1708,475.12471944444445
1709,477.66254444444445
1710,470.5052145833334
1711,475.4156715277777
1712,477.4943937499999
1713,478.1046756944444
1714,474.8863493055555
1715,471.06759166666666
1716,482.183890972222
1717,476.9310652777778
1718,481.09317291666656
1719,494.8306208333334
1720,502.57180833333337
1721,513.743096527778
1722,517.8611604166666
1723,513.2194409722222
1724,507.67863472222217
1725,516.1880270833334
1726,514.6255472222223
1727,522.3158166666669
1728,546.1567111111112
1729,537.2255291666668
1730,543.6956041666667
1731,548.8999083333333
1732,555.0292791666666
1733,550.5943270833333
1734,549.3780027777776
1735,535.7445624999999
1736,522.4436576388887
1737,521.6504173611112
1738,522.2123138888888
1739,514.5377083333334
1740,513.3900243055556
1741,517.0441409722223
1742,521.4384694444445
1743,524.9423569444444
1744,533.9126361111109
1745,539.1525958333334
1746,552.9430145833331
1747,561.9690527777776
1748,558.0942763888886
1749,548.7462534722223
1750,541.3830513888889
1751,545.8145583333331
1752,556.5876180555557
1753,546.3962756944445
1754,543.2067131944444
1755,539.5443090277776
1756,538.6293520833332
1757,535.2951618055557
1758,534.3240520833332
1759,536.6866868055553
1760,537.6320618055556
1761,537.4733534722221
1762,533.6706465277778
1763,540.8432458333334
1764,538.5135659722223
1765,540.3987763888889
1766,546.0733833333334
1767,527.7954868055555
1768,530.6172229166667
1769,505.9837708333333
1770,514.1137680555555
1771,519.7234520833333
1772,522.2421736111112
1773,522.4898576388889
1774,507.43837916666666
1775,518.2277381944444
1776,527.5748583333334
1777,523.2616416666668
1778,530.2475902777777
1779,530.7741097222221
1780,528.3428229166666
1781,526.0755319444446
1782,523.8447687500003
1783,518.6161319444443
1784,516.2750013888888
1785,515.689536111111
1786,526.8496291666665
1787,543.4048125
1788,548.4209493055556
1789,547.4433555555555
1790,542.4446569444444
1791,536.7650729166668
1792,535.1786590277776
1793,533.852223611111
1794,532.4229111111109
1795,531.6920638888889
1796,535.134325
1797,534.6957868055555
1798,533.695788888889
1799,530.86449375
1800,526.2767548611112
1801,523.663190277778
1802,524.0073826388888
1803,523.4863409722223
1804,518.8222236111112
1805,506.64703888888886
1806,507.28365416666657
1807,502.454534027778
1808,497.69696875
1809,502.1508791666666
1810,503.1173854166667
1811,506.70555277777794
1812,507.7711104166668
1813,509.95602152777775
1814,518.4509069444443
1815,519.4703694444444
1816,523.9433763888887
1817,532.0789798611112
1818,537.2262506944444
1819,530.556407638889
1820,533.3623569444444
1821,529.503123611111
1822,545.240698611111
1823,545.1420791666668
1824,556.3222881944442
1825,551.4809687500001
1826,552.928732638889
1827,559.9900458333333
1828,556.7645784722221
1829,554.3763423611113
1830,541.3164333333333
1831,537.4987041666666
1832,536.6433340277781
1833,539.3270583333333
1834,541.9753840277777
1835,538.6956909722225
1836,553.4562486111109
1837,554.8171736111109
1838,550.3048208333335
1839,559.8714333333335
1840,557.0304666666666
1841,554.7104645833333
1842,556.8380805555555
1843,554.1450444444444
1844,552.9102756944444
1845,547.7496277777777
1846,547.0994916666667
1847,556.181551388889
1848,562.7152756944445
1849,561.8762215277777
1850,561.0043055555557
1851,557.2115291666665
1852,554.84875
1853,554.0776638888889
1854,554.4594013888889
1855,550.6436986111112
1856,546.8562777777777
1857,544.2248569444446
1858,556.0553881944442
1859,576.7006930555555
1860,572.2545319444444
1861,557.3858833333333
1862,550.0455916666667
1863,567.4812979166668
1864,560.3037298611112
1865,556.6637229166668
1866,556.0433784722223
1867,541.4978458333333
1868,527.4516416666667
1869,535.6348638888888
1870,550.0633777777778
1871,550.8750770833333
1872,548.0037993055554
1873,549.604611111111
1874,536.4032631944444
1875,528.2474145833335
1876,523.8259506944445
1877,524.4568458333334
1878,521.1230319444444
1879,520.1136131944445
1880,514.4172222222222
1881,515.1963173611111
1882,515.3704118055555
1883,522.279975
1884,516.2255819444445
1885,511.6541409722223
1886,512.2114527777779
1887,514.5137465277777
1888,513.7411375
1889,515.51175625
1890,515.7024055555556
1891,513.564467361111
1892,508.67958125
1893,511.20849930555556
1894,500.55650208333327
1895,487.7399048611111
1896,501.50511666666665
1897,507.1685437500002
1898,509.21085624999995
1899,508.6032409722222
1900,508.49699097222214
1901,508.2191201388889
1902,510.75655138888885
1903,508.80729166666663
1904,509.07993055555556
1905,509.2081944444444
1906,509.44085625
1907,509.68013888888885
1908,509.8774069444444
1909,510.1418979166668
1910,510.2905326388889
1911,510.50791666666663
1912,512.1384958333333
1913,512.0167125
1914,513.3287499999999
1915,516.1606715277778
1916,511.8469215277778
1917,523.7709062500002
1918,524.9831319444445
1919,528.3013861111111
1920,532.9872680555558
1921,531.2486090277777
1922,530.6071333333333
1923,524.2293534722222
1924,519.0679368055554
1925,520.4515222222224
1926,518.6750243055557
1927,519.0971347222221
1928,522.8788229166666
1929,537.8896805555556
1930,530.236707638889
1931,541.5971972222223
1932,542.7327812499999
1933,540.4428187500001
1934,550.36923125
1935,538.1775034722222
1936,529.310726388889
1937,524.7138215277779
1938,527.8357666666667
1939,540.4350194444443
1940,534.1585874999998
1941,544.4152562500001
1942,556.1215250000001
1943,573.7283340277778
1944,575.1595374999999
1945,560.1124055555555
1946,556.6893493055555
1947,553.5634506944443
1948,557.3986131944444
1949,551.10715
1950,556.5646791666667
1951,555.5369180555556
1952,558.5312986111111
1953,561.0243048611111
1954,571.5371291666665
1955,574.9783833333333
1956,567.3704868055556
1957,560.0289326388887
1958,544.1178270833334
1959,559.7153506944444
1960,550.7719236111111
1961,547.8240076388887
1962,538.8882145833336
1963,548.6753451388888
1964,543.5452520833333
1965,529.2510409722223
1966,524.6903034722222
1967,526.3916666666665
1968,522.4450951388889
1969,519.5280048611112
1970,514.0740263888888
1971,514.0487541666668
1972,515.1705791666666
1973,514.6345097222222
1974,513.5498402777779
1975,512.3168423611111
1976,508.79220208333334
1977,507.44183194444446
1978,530.5435347222223
1979,531.5767645833333
1980,536.720973611111
1981,533.6740062499998
1982,531.500925
1983,530.7344222222221
1984,535.5519458333332
1985,527.202065277778
1986,531.0695583333334
1987,536.9926875000001
1988,550.8854680555555
1989,549.931554861111
1990,557.0733284722222
1991,563.9390930555555
1992,575.1931493055556
1993,560.2565263888888
1994,548.6069034722223
1995,531.3090770833334
1996,533.6139097222223
1997,530.2802354166666
1998,530.5685208333333
1999,526.2886333333333
2000,525.0561541666667
2001,519.9543270833333
2002,511.64671527777784
2003,526.5562277777777
2004,541.6462805555554
2005,531.9901395833333
2006,532.04786875
2007,549.2431965277776
2008,553.1942118055556
2009,557.7650041666666
2010,563.742875
2011,569.2173354166665
2012,562.6157416666668
2013,562.9377756944443
2014,545.9004375000001
2015,541.4392625
2016,533.4545104166667
2017,527.3958027777777
2018,531.932726388889
2019,539.0055055555556
2020,530.7225979166667
2021,526.4755562500002
2022,503.56682847222226
2023,488.04275902777783
2024,486.151554861111
2025,488.104742361111
2026,509.583961111111
2027,522.5880819444446
2028,533.3226895833333
2029,537.7142166666669
2030,537.481923611111
2031,531.5841215277776
2032,530.1392798611112
2033,532.1421326388886
2034,534.6000041666666
2035,530.0835618055555
2036,504.7190701388888
2037,503.0331034722223
2038,498.70916388888884
2039,495.3064847222223
2040,497.4055833333333
2041,499.0206499999999
2042,502.5948166666667
2043,495.1822194444444
2044,502.01997152777767
2045,494.4041916666666
2046,497.6184243055555
2047,491.6073124999999
2048,492.90636874999996
2049,489.9979166666666
2050,490.2201388888889
2051,490.4423611111111
2052,490.66458333333327
2053,490.88680555555555
2054,491.10902777777784
2055,491.33125
2056,491.5534722222222
2057,491.7756944444444
2058,491.9979166666667
2059,492.22013888888887
2060,492.44236111111104
2061,492.66458333333327
2062,492.8868055555556
2063,493.1090277777778
2064,493.33125
2065,488.3868055555555
2066,488.60902777777784
2067,488.83125
2068,489.0534722222222
2069,489.2756944444444
2070,489.33125
2071,489.55347222222224
2072,489.7756944444444
2073,489.9979166666666
2074,490.2201388888889
2075,490.4423611111111
2076,490.66458333333327
2077,490.88680555555555
2078,491.10902777777784
2079,491.33125
2080,491.5534722222222
2081,491.7756944444444
2082,491.9979166666667
2083,492.22013888888887
2084,492.44236111111104
2085,492.66458333333327
2086,492.8868055555556
2087,493.1090277777778
2088,493.33125
2089,488.3868055555555
2090,488.60902777777784
2091,488.83125
2092,489.0534722222222
2093,489.2756944444444
2094,489.33125
2095,489.55347222222224
2096,489.7756944444444
2097,489.9979166666666
2098,490.2201388888889
2099,490.4423611111111
2100,490.66458333333327
2101,490.88680555555555
2102,491.10902777777784
2103,491.33125
2104,491.5534722222222
2105,491.7756944444444
2106,491.9979166666667
2107,492.22013888888887
2108,492.44236111111104
2109,492.66458333333327
2110,492.8868055555556
2111,493.1090277777778
2112,493.33125
2113,488.3868055555555
2114,488.60902777777784
2115,488.83125
2116,489.0534722222222
2117,489.2756944444444
2118,489.33125
2119,489.55347222222224
2120,489.7756944444444
2121,489.9979166666666
2122,490.2201388888889
2123,490.4423611111111
2124,490.66458333333327
2125,490.88680555555555
2126,491.10902777777784
2127,491.33125
2128,491.5534722222222
2129,491.7756944444444
2130,491.9979166666667
2131,492.22013888888887
2132,492.44236111111104
2133,492.66458333333327
2134,492.8868055555556
2135,493.1090277777778
2136,493.33125
2137,488.3868055555555
2138,488.60902777777784
2139,488.83125
2140,489.0534722222222
2141,489.2756944444444
2142,489.33125
2143,489.55347222222224
2144,489.7756944444444
2145,489.9979166666666
2146,490.2201388888889
2147,490.4423611111111
2148,490.66458333333327
2149,490.88680555555555
2150,491.10902777777784
2151,491.4269902777778
2152,493.4336569444444
2153,493.7024777777778
2154,493.8954166666667
2155,493.73263888888886
2156,492.8558791666667
2157,492.57011597222214
2158,492.31516180555553
2159,492.07472222222214
2160,492.5528472222223
2161,487.7245138888889
2162,488.27444513888884
2163,490.4988194444445
2164,488.0904631944445
2165,488.2935881944445
2166,488.4711111111111
2167,488.5739125
2168,488.8264347222222
2169,489.0512034722222
2170,493.73784999999987
2171,556.1077840277778
2172,548.9202784722222
2173,537.8104618055555
2174,547.4043270833336
2175,528.5334027777776
2176,509.03761777777777
2177,537.9143236111113
2178,527.137823611111
2179,536.945317361111
2180,536.150045138889
2181,524.6272229166667
2182,511.8696972222221
2183,512.9647965277777
2184,519.3915694444445
2185,523.3128291666665
2186,530.7428493055556
2187,526.7669888888888
2188,526.5209458333331
2189,532.2777972222223
2190,531.5699763888889
2191,527.8798152777778
2192,526.383286111111
2193,525.2429875
2194,526.8735583333332
2195,530.9541875000001
2196,555.3476395833333
2197,561.9732868055553
2198,537.8378916666667
2199,534.3134854166667
2200,554.6611305555556
2201,568.0744465277777
2202,563.9967402777777
2203,549.7725402777778
2204,543.6623770833334
2205,522.5698138888888
2206,522.9454145833333
2207,529.3069243055556
2208,531.4493034722223
2209,498.8895083333333
2210,489.1916263888889
2211,489.3909319444445
2212,497.6762562499999
2213,493.1644027777779
2214,490.0742659722222
2215,486.53662152777775
2216,488.26523333333336
2217,484.5338145833333
2218,499.13497222222225
2219,520.3992847222222
2220,531.3610159722224
2221,552.9660166666664
2222,544.2593993055556
2223,533.5979868055554
2224,533.7109729166666
2225,549.1106222222222
2226,548.6491909722221
2227,558.1254159722223
2228,546.0108381944447
2229,542.9684409722221
2230,530.5602812500001
2231,526.6801590277779
2232,524.7629840277777
2233,516.6076631944445
2234,533.0065006944443
2235,527.6849319444445
2236,527.3179437499999
2237,516.3418041666666
2238,506.123304861111
2239,495.76083680555547
2240,488.47733888888877
2241,486.9023826388889
2242,491.5034763888888
2243,507.28229722222216
2244,560.9981166666666
2245,558.3450722222221
2246,552.5290034722221
2247,540.8388833333333
2248,540.7560666666666
2249,532.1052444444443
2250,530.4813680555554
2251,531.0862986111111
2252,529.8181763888889
2253,525.5074798611112
2254,519.026825
2255,526.1120819444446
2256,523.1486402777776
2257,510.67148333333324
2258,504.834279861111
2259,501.5741972222222
2260,495.94196736111127
2261,492.9482159722222
2262,490.63876874999994
2263,483.7321229166667
2264,458.6591916666667
2265,469.3288715277778
2266,462.5854409722222
2267,476.68345347222237
2268,502.961426388889
2269,502.54477638888886
2270,502.1721798611112
2271,500.4143944444444
2272,508.28824097222224
2273,501.49032152777795
2274,487.11640972222233
2275,483.2783097222223
2276,493.4815118055556
2277,483.66368333333327
2278,485.516804861111
2279,479.9515555555555
2280,481.89837708333334
2281,473.9360631944444
2282,473.07560138888886
2283,471.00590138888896
2284,473.87830833333334
2285,476.15310069444445
2286,473.11312847222223
2287,473.9721798611111
2288,475.5350229166667
2289,479.83131736111113
2290,480.77261111111113
2291,485.6510006944446
2292,482.95541458333344
2293,488.03928541666664
2294,496.37858819444455
2295,494.8316423611112
2296,491.6851180555556
2297,498.8607604166668
2298,501.10169375000004
2299,498.5087263888889
2300,495.6020618055556
2301,493.81219930555557
2302,493.6858305555555
2303,492.5758368055557
2304,472.6863881944445
2305,462.57932777777785
2306,464.2603222222222
2307,465.36866041666667
2308,462.5358388888887
2309,461.1780770833333
2310,461.1294916666667
2311,458.24548958333327
2312,463.97280277777776
2313,450.67597152777785
2314,459.85046111111114
2315,455.12701180555547
2316,465.3057673611112
2317,474.09372777777776
2318,482.93541527777774
2319,486.56967638888887
2320,490.9054368055556
2321,486.3299256944445
2322,486.4805979166666
2323,486.19611875
2324,484.0174312500001
2325,487.074186111111
2326,481.0656256944446
2327,477.7306722222222
2328,473.84266111111094
2329,480.890001388889
2330,481.62555416666675
2331,486.1385451388889
2332,466.73034930555576
2333,468.41541527777775
2334,445.5652597222222
2335,445.81693958333346
2336,442.7940965277779
2337,448.2198604166666
2338,453.0742395833334
2339,452.3776902777778
2340,458.03694652777784
2341,469.1979854166668
2342,474.48879444444435
2343,484.60942500000016
2344,491.1779631944445
2345,490.40680277777795
2346,492.7729416666667
2347,473.15180347222224
2348,485.7955625
2349,481.2859263888889
2350,484.64028263888895
2351,469.44893402777785
2352,470.3351638888889
2353,613.4544756944446
2354,618.983173611111
2355,626.4101409722224
2356,613.7045555555555
2357,603.7965986111111
2358,611.9034256944443
2359,614.1092138888889
2360,613.736617361111
2361,614.4232909722223
2362,614.201688888889
2363,616.604807638889
2364,598.6762659722223
2365,593.339420138889
2366,580.4892111111111
2367,589.2967805555555
2368,601.3032673611111
2369,596.5624965277776
2370,594.3397659722222
2371,605.6961881944445
2372,606.6845812500002
2373,603.0211569444446
2374,589.3436562500001
2375,617.4343270833334
2376,637.0572895833334
2377,630.6310201388889
2378,622.9918027777779
2379,626.8560020833332
2380,616.8917493055555
2381,619.7364083333334
2382,616.1323180555555
2383,606.8474284722222
2384,620.6910666666668
2385,607.1248368055557
2386,604.3931020833334
2387,615.0872152777778
2388,615.9304881944444
2389,605.3508131944446
2390,607.6877298611112
2391,593.2099305555556
2392,580.4165055555557
2393,582.0251854166668
2394,580.8853916666668
2395,574.186526388889
2396,568.723895138889
2397,566.1866937500001
2398,559.6110666666667
2399,570.2476388888889
2400,574.0522472222224
2401,578.5141868055556
2402,586.2006256944443
2403,590.568725
2404,591.0389590277778
2405,591.5708118055556
2406,597.2579006944446
2407,596.0445145833334
2408,591.7042833333333
2409,581.6939569444446
2410,587.259328472222
2411,588.6546319444444
2412,586.9388666666669
2413,584.3642354166665
2414,577.8805354166665
2415,563.7678673611109
2416,597.6040048611111
2417,595.4472194444445
2418,586.5908881944443
2419,595.2393090277778
2420,594.6428986111109
2421,593.7345583333333
2422,595.7463194444443
2423,601.9123666666668
2424,600.7140090277777
2425,596.2758743055556
2426,588.8296805555555
2427,584.3300381944446
2428,586.0813152777777
2429,589.8497722222221
2430,583.8692166666666
2431,575.1816944444445
2432,564.5920791666666
2433,556.4509965277779
2434,559.3863
2435,567.4144402777777
2436,588.0656048611111
2437,577.0461798611112
2438,579.8116493055558
2439,579.9019756944444
2440,570.8551597222221
2441,578.9752375
2442,591.5790756944444
2443,602.5805326388888
2444,599.7522874999999
2445,591.8581993055554
2446,598.2116472222222
2447,593.4477097222222
2448,593.5856437499999
2449,578.1819034722225
2450,580.1796534722221
2451,574.81096875
2452,572.8823423611113
2453,583.6306895833334
2454,579.2087298611111
2455,582.2114986111111
2456,590.7285423611113
2457,600.243725
2458,610.2373604166668
2459,610.235
2460,606.0620638888888
2461,606.5376381944445
2462,609.5177472222223
2463,609.9658347222223
2464,606.03173125
2465,596.1186909722223
2466,590.4149090277779
2467,591.553538888889
2468,594.6108131944445
2469,598.9959798611113
2470,595.4099597222221
2471,597.4902041666668
2472,608.1812729166664
2473,620.132634027778
2474,617.9669458333332
2475,621.7830020833331
2476,608.0224958333332
2477,606.0994701388888
2478,598.1078416666667
2479,594.6325965277778
2480,596.6336569444446
2481,594.8404854166665
2482,598.1584999999999
2483,611.9099541666667
2484,610.9580756944445
2485,607.7453451388889
2486,621.7201208333332
2487,626.5032597222223
2488,624.1850486111109
2489,620.4067854166667
2490,624.8510152777776
2491,622.5862673611113
2492,625.3204145833334
2493,634.5916701388891
2494,633.6764604166666
2495,633.9720145833331
2496,608.3488180555556
2497,602.5135402777775
2498,609.1442798611113
2499,599.3203472222222
2500,606.2046965277777
2501,614.1330284722221
2502,619.526529861111
2503,618.4722847222224
2504,631.2989375
2505,636.1487937499999
2506,633.5033812500001
2507,629.0106263888888
2508,630.3555083333331
2509,618.8064604166665
2510,625.9698916666667
2511,631.2943666666667
2512,621.3584041666668
2513,620.8378652777777
2514,607.9935145833334
2515,607.071688888889
2516,599.7785250000001
2517,588.7876104166667
2518,598.1413680555554
2519,594.580042361111
2520,596.6170187499998
2521,593.0925034722223
2522,605.8165305555553
2523,614.1168812499999
2524,614.1318256944445
2525,612.5769972222223
2526,609.3298756944445
2527,589.0834451388891
2528,587.5393104166666
2529,591.7329847222222
2530,596.463171527778
2531,605.9615499999998
2532,622.9009687500001
2533,610.8421541666665
2534,625.6365722222222
2535,622.1093819444444
2536,613.79870625
2537,607.9515819444447
2538,586.6433312499998
2539,615.054323611111
2540,616.7539125
2541,619.777317361111
2542,630.0439027777776
2543,628.096438888889
2544,623.1155576388888
2545,609.0180611111111
2546,624.6160958333332
2547,608.4108777777778
2548,606.66074375
2549,604.5413958333334
2550,599.039536111111
2551,590.7665513888888
2552,587.87898125
2553,590.9326875
2554,597.6955819444444
2555,580.0812513888886
2556,578.2857812499999
2557,580.8781013888889
2558,569.9294659722223
2559,556.7912680555555
2560,572.2337291666668
2561,602.8403979166667
2562,596.3161993055554
2563,582.5437277777777
2564,580.6072034722223
2565,571.0302541666666
2566,576.6524097222222
2567,583.5902284722222
2568,589.6982131944442
2569,584.7976861111111
2570,583.4501124999999
2571,586.1801875
2572,580.205738888889
2573,578.6997909722222
2574,573.9223659722222
2575,575.1442638888889
2576,570.546342361111
2577,587.2364840277777
2578,605.620423611111
2579,620.0076902777778
2580,605.4030791666665
2581,601.2943097222222
2582,596.4651833333335
2583,586.0156277777777
2584,566.9147708333334
2585,566.1317118055554
2586,570.5894465277779
2587,575.8950923611111
2588,558.8641208333331
2589,551.4365034722222
2590,562.6543993055554
2591,566.3439131944444
2592,581.2755722222222
2593,587.4723187500001
2594,591.1580027777777
2595,588.6806541666668
2596,581.7134027777778
2597,570.5345854166668
2598,569.0925409722222
2599,560.112970138889
2600,551.152471527778
2601,543.3151590277778
2602,547.0726659722222
2603,544.7580145833332
2604,535.6320083333333
2605,537.3759069444444
2606,535.7192187499999
2607,521.1451645833332
2608,528.2670833333334
2609,555.1296847222221
2610,551.4234722222224
2611,548.4602805555556
2612,556.2085881944445
2613,557.886275
2614,551.9688659722223
2615,542.8275972222223
2616,544.2272263888889
2617,536.8537270833333
2618,534.6279388888889
2619,533.5787958333333
2620,531.5337993055555
2621,532.1568034722222
2622,529.5646104166666
2623,515.7944215277778
2624,511.8799333333335
2625,512.0570868055556
2626,514.6521993055555
2627,523.8681888888888
2628,524.4637048611112
2629,528.7620395833334
2630,529.1838930555556
2631,531.6221583333331
2632,529.6115263888887
2633,518.1032125
2634,510.90731666666665
2635,505.2338423611111
2636,517.0312729166665
2637,515.3083812499999
2638,519.6331986111111
2639,520.4550743055556
2640,539.0253930555555
2641,536.3821583333336
2642,537.157688888889
2643,531.7182187499999
2644,533.2375201388891
2645,533.7263368055553
2646,533.083590277778
2647,527.0910624999999
2648,515.9906680555556
2649,513.1087027777777
2650,509.1590729166665
2651,499.84872986111117
2652,496.41140972222223
2653,511.9760868055556
2654,554.44875
2655,571.8966638888888
2656,569.6408340277776
2657,561.0256284722221
2658,563.2128312500001
2659,550.663336111111
2660,546.3984722222222
2661,554.9692319444443
2662,559.5153215277778
2663,572.4667340277776
2664,583.4707375
2665,579.0858340277777
2666,550.1707854166665
2667,534.6691215277777
2668,527.3558354166667
2669,518.1684729166667
2670,517.9853312500002
2671,515.0605777777777
2672,512.115465277778
2673,501.96484236111115
2674,495.5615965277776
2675,510.61471805555567
2676,522.5463451388888
2677,539.3800909722222
2678,537.178240972222
2679,550.8168944444445
2680,545.0234944444445
2681,558.0041868055554
2682,547.7708104166667
2683,552.3851409722223
2684,556.3208826388887
2685,529.0153465277779
2686,538.8742777777778
2687,562.86058125
2688,559.6068500000002
2689,568.0280298611109
2690,575.063120138889
2691,580.5072944444444
2692,591.6526201388889
2693,557.4007875000001
2694,557.4597902777778
2695,537.5206888888889
2696,524.7033291666667
2697,522.3072006944444
2698,526.1436340277777
2699,537.4002277777779
2700,535.2342791666665
2701,523.2403986111111
2702,539.1676652777778
2703,541.5109513888892
2704,548.0780291666669
2705,555.2870381944444
2706,534.3783124999999
2707,532.2378270833334
2708,530.8859229166667
2709,518.1958833333334
2710,529.9507902777779
2711,548.5982673611112
2712,559.0828236111113
2713,551.2138194444442
2714,551.3955597222223
2715,540.928426388889
2716,536.148948611111
2717,528.7371215277778
2718,522.8151381944443
2719,520.9089083333334
2720,503.2024083333334
2721,513.9359916666666
2722,507.40314722222223
2723,519.383148611111
2724,537.0683861111111
2725,539.572082638889
2726,542.3357576388889
2727,553.6091722222222
2728,552.3150722222222
2729,554.2860861111112
2730,529.8112722222221
2731,547.1087013888887
2732,554.2695833333333
2733,558.3107395833333
2734,579.3199104166667
2735,574.4635409722222
2736,551.1068125
2737,572.2082902777777
2738,601.1458645833332
2739,599.5833756944445
2740,604.836570138889
2741,599.0380791666668
2742,606.9809277777777
2743,579.314323611111
2744,565.9199777777778
2745,562.5620999999999
2746,557.8213423611112
2747,552.3447055555555
2748,568.3356194444444
2749,582.5627270833332
2750,578.4674506944446
2751,590.3993333333334
2752,601.9991631944445
2753,588.6939361111109
2754,602.8184305555557
2755,605.6172465277779
2756,610.154426388889
2757,609.1783569444442
2758,611.0854611111108
2759,601.69058125
2760,629.4690736111111
2761,618.8974312500002
2762,625.1910347222223
2763,612.9183319444445
2764,604.4146506944444
2765,616.6243347222222
2766,601.2374916666668
2767,578.3383388888889
2768,576.4384680555555
2769,583.3057604166668
2770,603.9609916666668
2771,622.4381284722222
2772,600.34944375
2773,602.7322027777776
2774,600.56446875
2775,592.5412673611111
2776,580.8475916666666
2777,580.4495361111111
2778,587.0036263888891
2779,613.9079881944443
2780,610.5002041666665
2781,614.1067118055556
2782,608.9845159722221
2783,616.4354131944444
2784,616.6477111111111
2785,620.012198611111
2786,630.2370368055557
2787,641.0908034722222
2788,627.933776388889
2789,624.5540006944444
2790,613.0765034722222
2791,603.4056006944444
2792,600.9040506944444
2793,599.1783583333334
2794,598.5139562500001
2795,602.7180659722222
2796,606.656876388889
2797,613.1582694444444
2798,604.7574583333335
2799,608.6837784722222
2800,591.7103527777778
2801,580.9712722222222
2802,577.9131041666665
2803,574.1376430555556
2804,591.8972173611111
2805,614.3570201388889
2806,610.88583125
2807,609.4690041666667
2808,610.7507409722224
2809,603.7683520833333
2810,613.9437944444446
2811,623.5748368055556
2812,611.4406465277779
2813,604.1276145833333
2814,597.6673312500001
2815,588.7929159722224
2816,578.0716722222221
2817,577.4943486111113
2818,574.706348611111
2819,577.8168298611112
2820,585.7874333333333
2821,589.384778472222
2822,605.7665506944445
2823,612.8584243055554
2824,625.3489645833332
2825,627.240790972222
2826,614.6230520833336
2827,606.4007409722223
2828,609.354120138889
2829,615.3174777777778
2830,615.52416875
2831,618.1368444444444
2832,624.0258541666667
2833,602.4939368055557
2834,609.8890729166667
2835,611.1389854166665
2836,592.376525
2837,580.730470138889
2838,580.8582173611111
2839,581.9133368055556
2840,585.2804909722222
2841,587.6377805555554
2842,578.3348152777777
2843,580.7005097222223
2844,550.558147222222
2845,542.9915062500002
2846,544.4774513680554
2847,534.4319877222223
2848,557.9334777777777
2849,554.2736111111111
2850,554.4958333333333
2851,554.7180555555556
2852,554.9402777777777
2853,555.1625
2854,555.3847222222221
2855,555.6069444444444
2856,555.8291666666667
2857,550.7180555555556
2858,550.9402777777777
2859,551.1624999999999
2860,551.3847222222222
2861,551.6069444444445
2862,551.8291666666665
2863,552.0513888888888
2864,552.2736111111111
2865,553.1555791666667
2866,551.7519875
2867,535.9386534722221
2868,534.6364124999999
2869,546.4407145833333
2870,544.4726131944444
2871,534.1821999999999
2872,526.4426611111111
2873,524.0699618055556
2874,544.1833291666667
2875,542.5019513888889
2876,550.5754166666667
2877,579.7110881944446
2878,581.6894840277779
2879,599.7747472222221
2880,608.5695805555555
2881,600.8304430555554
2882,610.6404875
2883,613.1250958333333
2884,575.7723791666666
2885,564.1196993055556
2886,557.8007409722223
2887,530.8825006944443
2888,525.3505993055555
2889,534.9396305555555
2890,530.3389090277776
2891,551.7893506944446
2892,543.7241416666666
2893,539.0704680555556
2894,546.9458284722222
2895,567.8126604166666
2896,559.3186604166668
2897,565.4976805555555
2898,559.5171361111109
2899,559.6734027777777
2900,562.7510430555556
2901,590.2278069444443
2902,615.841690277778
2903,621.849859722222
2904,602.6848395833333
2905,597.2839645833333
2906,635.1796576388888
2907,648.4906062499998
2908,623.1772868055555
2909,608.3598124999999
2910,606.816690277778
2911,603.7526569444444
2912,599.1598277777777
2913,595.7367826388886
2914,590.1832465277777
2915,602.9699076388888
2916,611.0780145833332
2917,623.6220159722224
2918,611.6831270833331
2919,601.8118270833334
2920,591.5743798611112
2921,569.2738465277778
2922,591.8902243055554
2923,653.919471527778
2924,654.7128263888891
2925,642.4009013888889
2926,652.7464354166668
2927,650.5909298611111
2928,651.4354652777779
2929,670.8169243055557
2930,667.8002520833335
2931,668.3428006944445
2932,658.5020625
2933,645.2778000000001
2934,638.0001687500001
2935,631.5610229166667
2936,630.4337069444445
2937,631.8417333333333
2938,635.308961111111
2939,644.4816756944444
2940,647.6695562500001
2941,663.608286111111
2942,611.7623215277778
2943,587.034138888889
2944,599.9682437500003
2945,597.07023125
2946,603.8934722222222
2947,614.5870895833334
2948,612.8030798611112
2949,610.1052069444443
2950,605.8826180555556
2951,599.145551388889
2952,624.1154784722223
2953,618.0309256944445
2954,623.5367090277779
2955,617.1240527777777
2956,612.795275
2957,600.5961583333333
2958,602.4907881944445
2959,592.1662451388889
2960,586.2427270833333
2961,577.4360409722221
2962,581.7858083333335
2963,577.5453951388889
2964,580.5741430555555
2965,585.5396027777775
2966,605.9101618055556
2967,615.7494854166666
2968,616.6882430555556
2969,624.2695104166667
2970,628.9607375
2971,631.9734590277778
2972,635.2626881944445
2973,631.9990263888889
2974,615.7255694444443
2975,628.7808784722223
2976,616.4050402777776
2977,618.7133319444446
2978,618.3045888888889
2979,632.5403506944443
2980,632.4682131944445
2981,627.1326361111112
2982,625.2865034722222
2983,620.1390930555556
2984,628.9211965277779
2985,619.3325430555556
2986,625.6261569444443
2987,623.5131722222222
2988,637.2422236111111
2989,640.068540277778
2990,627.8121243055556
2991,623.2030125000001
2992,631.0384034722225
2993,632.0708500000001
2994,623.2234256944445
2995,632.7915770833334
2996,648.0183513888891
2997,654.3929368055556
2998,625.1051229166668
2999,633.5635868055557
3000,646.8620611111111
3001,641.4540513888887
3002,636.4298888888889
3003,651.4598340277779
3004,647.5708097222223
3005,650.2244944444444
3006,649.7951159722224
3007,650.7055944444443
3008,652.4668131944442
3009,641.3407013888889
3010,638.4887791666667
3011,632.3776
3012,632.6917416666666
3013,631.2160881944444
3014,630.0052437499999
3015,619.7825756944443
3016,617.660672222222
3017,613.3807888888891
3018,636.4483847222222
3019,638.7687513888891
3020,645.5128062499998
3021,637.7786118055558
3022,643.7338180555554
3023,651.2791895833333
3024,658.7866263888889
3025,648.5233326388886
3026,663.9138395833335
3027,667.8750520833332
3028,665.9227229166667
3029,655.1118493055554
3030,644.1578659722225
3031,637.0106027777776
3032,617.9728875
3033,605.2263173611111
3034,606.3351618055557
3035,624.5276125000001
3036,640.7087486111109
3037,639.0943236111111
3038,646.7601361111109
3039,641.9646312500001
3040,645.5775006944444
3041,638.3928097222223
3042,639.2818972222221
3043,647.1290041666667
3044,641.6205305555553
3045,659.9362263888889
3046,668.5278694444444
3047,672.9094673611111
3048,676.3945034722221
3049,676.6049083333335
3050,668.1934006944446
3051,680.4751479166665
3052,654.3783368055555
3053,644.9256527777778
3054,643.9027284722224
3055,638.0204576388891
3056,627.9161826388892
3057,640.2422215277778
3058,643.7904166666667
3059,636.4595611111113
3060,662.3891895833332
3061,671.1346208333333
3062,674.8335618055553
3063,660.1994194444445
3064,642.1018041666667
3065,663.4027749999999
3066,643.0356506944444
3067,651.8969465277778
3068,625.4006201388887
3069,605.294488888889
3070,613.7443041666668
3071,596.5058090277778
3072,553.1950215277777
3073,532.9800458333333
3074,527.214648611111
3075,526.0040722222222
3076,517.2770812499999
3077,517.1921465277778
3078,506.49481666666674
3079,503.19296458333326
3080,494.51206388888886
3081,488.8482666666667
3082,489.79821736111114
3083,503.00247430555567
3084,536.5460375
3085,577.2070166666665
3086,572.3468159722222
3087,555.8717215277777
3088,558.486942361111
3089,535.9608097222223
3090,529.543561111111
3091,532.6405604166666
3092,522.3776409722221
3093,533.5362069444444
3094,535.3557215277777
3095,520.7783597222221
3096,522.9421263888889
3097,513.2697201388888
3098,541.7191659722221
3099,547.7321763888888
3100,546.4724520833333
3101,542.6328270833334
3102,541.2795111111113
3103,540.3671111111111
3104,538.7687298611112
3105,536.2674381944444
3106,536.2487756944444
3107,527.3104486111112
3108,532.6766916666667
3109,559.3803854166666
3110,569.0715305555556
3111,571.6887958333334
3112,588.7244694444445
3113,588.7521493055556
3114,583.7628715277776
3115,582.1609284722223
3116,586.9392312500001
3117,577.1764131944445
3118,564.959727777778
3119,550.7553881944445
3120,534.0078277777777
3121,516.374420138889
3122,515.0324493055555
3123,516.2360194444445
3124,506.94986458333324
3125,494.5714840277778
3126,491.26414722222233
3127,489.2634493055554
3128,488.52597430555574
3129,485.6142138888888
3130,485.1965541666667
3131,482.6545152777777
3132,478.5156930555556
3133,477.9630791666667
3134,466.1173826388889
3135,470.2677833333333
3136,471.49094861111104
3137,478.26020694444435
3138,483.8118312500001
3139,488.11499652777775
3140,492.6330819444444
3141,491.14214930555556
3142,493.9106729166666
3143,500.7219409722222
3144,504.9021354166666
3145,502.159975
3146,502.59684722222244
3147,490.0700180555554
3148,486.76740138888886
3149,473.7038173611111
3150,467.22837847222223
3151,466.60930555555564
3152,466.1262027777776
3153,470.92564722222227
3154,479.01261666666653
3155,485.7166854166667
3156,491.7574458333333
3157,480.7184250000001
3158,487.75810624999997
3159,570.85285
3160,633.414517361111
3161,636.0597909722223
3162,647.9807256944445
3163,528.3658354166666
3164,520.3597006944444
3165,525.6281645833333
3166,519.7400493055555
3167,524.727661111111
3168,533.4476333333332
3169,521.1976159722221
3170,496.5766444444443
3171,513.5529881944444
3172,522.43185
3173,510.8901881944443
3174,513.1355541666667
3175,508.1860006944443
3176,504.4471958333333
3177,491.06022916666666
3178,473.93300902777764
3179,497.3568270833335
3180,523.8527548611112
3181,523.2079611111112
3182,533.7373395833331
3183,542.34374375
3184,540.7677791666667
3185,549.4383527777778
3186,549.1059993055555
3187,591.9099319444447
3188,599.3050791666666
3189,583.8135854166666
3190,582.497847222222
3191,575.3350513888886
3192,565.1976638888889
3193,551.3475451388888
3194,542.272988888889
3195,557.9580979166666
3196,562.8232416666667
3197,551.1618993055556
3198,548.7335430555553
3199,544.8417118055555
3200,541.6923868055557
3201,533.6320131944444
3202,527.0479840277778
3203,523.5696750000001
3204,533.8956069444445
3205,548.7908576388888
3206,554.3671729166667
3207,554.0113902777777
3208,559.8818055555555
3209,547.2709458333334
3210,530.6723368055555
3211,547.4325027777779
3212,552.5229868055554
3213,545.6596305555555
3214,534.2394201388888
3215,534.0613680555555
3216,529.8481916666665
3217,512.9651819444446
3218,506.5377541666667
3219,505.38955763888885
3220,502.13073402777775
3221,507.25178263888904
3222,506.9368506944445
3223,505.1525902777779
3224,504.71099652777764
3225,501.37757152777795
3226,502.1090493055556
3227,507.03402847222213
3228,512.506201388889
3229,521.1021791666668
3230,524.9419194444444
3231,524.0211131944445
3232,521.0380548611109
3233,534.1295138888888
3234,542.5632868055558
3235,541.5961381944445
3236,538.0610402777779
3237,532.108245138889
3238,528.7569909722222
3239,542.2828534722222
3240,546.8192673611111
3241,541.5954861111111
3242,533.79891875
3243,520.87816875
3244,514.2284500000001
3245,511.8137250000001
3246,510.9528715277779
3247,509.4871423611111
3248,506.301920138889
3249,502.256551388889
3250,499.16349375
3251,512.0754451388888
3252,510.64894305555566
3253,494.30444305555557
3254,505.39986250000004
3255,515.8245833333333
3256,504.21340277777784
3257,516.4459944444444
3258,517.5469458333334
3259,533.1503256944443
3260,530.9209694444445
3261,524.3955118055557
3262,530.500690277778
3263,537.3697729166666
3264,538.8595409722221
3265,551.6564159722222
3266,518.8060618055555
3267,516.02773125
3268,527.7345097222222
3269,538.0907430555555
3270,527.6998659722221
3271,522.81803125
3272,523.8904604166668
3273,527.090832638889
3274,529.1334076388888
3275,527.7046020833333
3276,542.9173777777778
3277,553.6476680555555
3278,551.6759958333332
3279,560.8056666666668
3280,572.2066368055557
3281,572.6885868055556
3282,577.1475895833333
3283,569.6005624999999
3284,570.9981520833333
3285,527.5096305555558
3286,521.7225923611112
3287,516.7162465277777
3288,540.5734465277778
3289,548.4417159722221
3290,549.9095840277778
3291,551.4688680555555
3292,532.2656465277778
3293,555.0126631944445
3294,556.0004083333334
3295,554.7180270833333
3296,555.546526388889
3297,557.4378451388891
3298,555.8516972222222
3299,556.9834569444444
3300,560.9767374999999
3301,563.8562680555556
3302,561.9434256944443
3303,556.4601590277776
3304,542.2851187499998
3305,545.7800951388889
3306,572.7468249999998
3307,580.0039534722221
3308,579.9817416666666
3309,575.6384506944445
3310,530.9394256944446
3311,532.668542361111
3312,548.6930805555556
3313,542.8390930555555
3314,537.7319194444445
3315,539.4256444444445
3316,548.6253444444444
3317,526.7138888888892
3318,513.0362430555555
3319,516.9969409722222
3320,513.9344458333333
3321,514.2106451388888
3322,513.6631291666667
3323,517.3185208333333
3324,487.5031048611111
3325,451.71610972222214
3326,466.55637013888895
3327,492.0144263888889
3328,493.0109701388888
3329,521.3078930555555
3330,540.9440986111111
3331,532.1506423611111
3332,521.9429868055556
3333,503.8104840277778
3334,505.3962465277777
3335,512.3014826388887
3336,523.7238381944444
3337,517.0199076388889
3338,523.5544048611112
3339,514.3206944444445
3340,510.4576493055556
3341,500.98407499999996
3342,504.75823402777786
3343,515.4964111111111
3344,512.8810395833334
3345,511.1968548611111
3346,508.25682499999994
3347,515.6415270833332
3348,528.5557666666667
3349,531.1941701388888
3350,502.2421958333333
3351,522.4215256944444
3352,514.0344659722223
3353,517.2289805555556
3354,499.7941694444445
3355,508.2320124999998
3356,503.8141180555554
3357,491.36852013888875
3358,477.31646180555566
3359,486.08354236111114
3360,503.6462993055554
3361,505.1350722222222
3362,512.2363680555554
3363,518.8948597222221
3364,514.8074819444445
3365,509.86046388888883
3366,512.9621548611111
3367,501.4563868055555
3368,492.2529826388888
3369,484.7971111111111
3370,483.9654173611111
3371,492.53974374999984
3372,486.8209465277776
3373,515.2981437499999
3374,505.03497916666663
3375,515.2934249999998
3376,543.3023569444445
3377,544.4025458333333
3378,546.7741000000001
3379,547.6527513888888
3380,557.4210416666666
3381,569.2220347222222
3382,566.9025527777778
3383,557.8267159722222
3384,556.8656749999999
3385,539.8293784722222
3386,562.5430333333335
3387,541.7845368055556
3388,550.1925937499999
3389,553.7682840277778
3390,553.4686291666666
3391,569.919423611111
3392,563.343288888889
3393,565.581409027778
3394,587.985182638889
3395,591.4748187499999
3396,587.1883118055555
3397,574.11325625
3398,561.945211111111
3399,571.3654131944445
3400,570.7142548611112
3401,567.7696604166667
3402,562.8651652777778
3403,573.6175902777779
3404,577.1344659722222
3405,581.7235965277778
3406,578.4520340277779
3407,551.6534715277778
3408,538.7487715277778
3409,530.7920541666666
3410,544.2988215277776
3411,542.6627611111111
3412,552.8570409722222
3413,554.5912506944446
3414,573.8629340277778
3415,564.1594444444446
3416,563.8920145833333
3417,565.0436340277777
3418,563.523682638889
3419,607.6150229166668
3420,646.5580055555554
3421,649.2618486111112
3422,629.6397680555557
3423,583.9955638888887
3424,568.6991159722222
3425,562.757271527778
3426,579.1413402777777
3427,587.8549534722223
3428,565.924395138889
3429,556.0207590277779
3430,531.251342361111
3431,524.9761791666667
3432,504.28771041666676
3433,492.11101458333343
3434,494.3252083333332
3435,496.39501875000013
3436,505.3156472222222
3437,499.80717847222206
3438,499.79397847222214
3439,493.4551652777779
3440,493.19740833333344
3441,492.54116319444427
3442,494.2292875000001
3443,506.22226597222243
3444,519.6834437499999
3445,539.1268916666667
3446,518.4335840277778
3447,492.96546736111117
3448,508.28417083333346
3449,491.7963159722222
3450,526.918073611111
3451,556.7995590277778
3452,534.8145118055554
3453,513.5521083333333
3454,499.92120069444445
3455,496.05203680555553
3456,498.43759166666666
3457,490.02968124999984
3458,502.7873111111112
3459,509.15324305555566
3460,511.6714645833333
3461,504.525979861111
3462,505.57789930555555
3463,502.6992388888888
3464,495.15092569444454
3465,487.7324763888888
3466,487.8485187499999
3467,488.9420826388888
3468,482.51109583333334
3469,483.508402777778
3470,492.0396979166667
3471,507.33421805555554
3472,495.09231180555554
3473,477.0433381944445
3474,473.80360833333333
3475,482.7843249999998
3476,478.5332187500001
3477,486.6257833333335
3478,496.8208284722223
3479,501.1644916666668
3480,497.7977076388888
3481,475.66449305555545
3482,447.59430625
3483,447.98993125000004
3484,457.1257180555555
3485,490.0696340277779
3486,483.91426111111116
3487,497.1396548611112
3488,464.3995618055556
3489,452.1199770833333
3490,454.3845861111113
3491,461.51694375
3492,460.28140833333345
3493,445.9912743055555
3494,448.73254305555554
3495,457.83854097222223
3496,451.6894222222222
3497,452.38626597222213
3498,464.95064444444444
3499,467.8182166666666
3500,474.48358541666676
3501,495.87876874999995
3502,495.04912430555567
3503,505.9538194444445
3504,518.5599541666667
3505,512.1936576388888
3506,504.5440027777778
3507,504.08407638888895
3508,496.5194701388889
3509,500.646432638889
3510,503.4135402777777
3511,482.9595854166667
3512,481.44599375
3513,484.0434
3514,480.47444166666656
3515,470.7088201388889
3516,471.6157416666666
3517,482.913592361111
3518,467.9435944444445
3519,492.8610666666668
3520,535.4210541666667
3521,541.1682416666666
3522,514.8659506944446
3523,495.893932638889
3524,533.8818027777778
3525,529.5459013888889
3526,516.5879833333335
3527,498.9089798611111
3528,517.7461611111111
3529,504.6573812499999
3530,544.2514541666666
3531,525.0950895833332
3532,521.175770138889
3533,519.4470118055557
3534,511.8746305555557
3535,513.5339881944445
3536,510.86794374999977
3537,500.4140513888888
3538,494.42484375
3539,489.7795611111111
3540,484.08266041666656
3541,489.95995416666665
3542,513.7407631944445
3543,518.5817118055555
3544,513.0717180555556
3545,539.0861354166666
3546,528.8288229166668
3547,551.1404194444443
3548,549.1201131944445
3549,532.4451152777779
3550,536.7332645833334
3551,536.8230805555556
3552,546.0749805555554
3553,550.2760583333334
3554,560.3341180555555
3555,561.1598249999998
3556,574.4651666666666
3557,566.7915736111113
3558,554.4364833333334
3559,524.3852819444445
3560,500.95775624999993
3561,488.7173909722223
3562,486.13817013888894
3563,509.65696805555547
3564,528.1027715277776
3565,521.4436312500002
3566,512.4286548611111
3567,511.21909305555556
3568,535.757172222222
3569,539.1737263888888
3570,527.7334090277778
3571,530.7636770833333
3572,530.7676798611111
3573,509.5702104166667
3574,526.0696319444445
3575,535.7299555555556
3576,543.7721090277778
3577,552.0447215277779
3578,564.0422979166667
3579,565.5427569444445
3580,571.0141652777777
3581,571.9979923611112
3582,560.5086409722221
3583,557.5057180555552
3584,526.0359687499998
3585,516.3225493055555
3586,504.9099805555556
3587,504.8342777777778
3588,515.6880604166665
3589,526.3404145833333
3590,540.7918569444444
3591,554.2324118055556
3592,549.1392354166668
3593,555.3500958333335
3594,565.4155374999999
3595,559.9307340277778
3596,559.5675722222221
3597,554.5540923611109
3598,553.2572
3599,546.7345375
3600,552.0939111111111
3601,560.3184090277775
3602,571.4907111111113
3603,572.9504361111112
3604,556.2884250000002
3605,547.9749493055555
3606,547.5528229166667
3607,541.449277777778
3608,520.0847652777779
3609,514.4599277777778
3610,511.3067819444445
3611,522.5493743055556
3612,528.0146756944445
3613,554.9167395833333
3614,587.5466916666667
3615,584.7237965277778
3616,656.4126645833333
3617,619.54196875
3618,605.4552715277777
3619,589.2220534722221
3620,601.6176131944444
3621,605.279127083333
3622,605.9976131944444
3623,593.5084729166665
3624,585.3044930555556
3625,573.0208555555555
3626,568.153538888889
3627,551.6361562500001
3628,534.3696583333336
3629,527.8390979166668
3630,513.5337930555555
3631,516.2030048611111
3632,514.2881236111114
3633,512.6826180555555
3634,511.0389159722222
3635,516.9067854166667
3636,529.4199770833334
3637,530.17718125
3638,533.985607638889
3639,529.6891694444445
3640,534.2744708333333
3641,541.103823611111
3642,531.7028243055556
3643,526.6165305555556
3644,528.7219895833332
3645,525.3931451388889
3646,530.4103
3647,524.7141604166667
3648,516.5522
3649,526.4088694444445
3650,524.7358805555558
3651,507.8255965277777
3652,491.5913687500001
3653,502.72955763888893
3654,494.6418111111113
3655,494.5762951388889
3656,489.72120694444436
3657,480.0711791666666
3658,476.11264097222227
3659,475.8940979166666
3660,469.48780208333335
3661,492.9836743055555
3662,511.4630979166665
3663,526.7805243055554
3664,533.0390013888888
3665,553.4184736111113
3666,572.0613659722221
3667,573.9015041666667
3668,568.6751631944442
3669,556.3072229166664
3670,546.3078534722222
3671,551.4589333333333
3672,553.0424145833332
3673,557.8352534722223
3674,543.5341701388886
3675,537.404395138889
3676,531.2359270833333
3677,525.7765993055556
3678,524.497386111111
3679,520.5446958333333
3680,512.7840361111112
3681,539.4711847222221
3682,552.957051388889
3683,566.8648590277779
3684,606.17731875
3685,604.9361826388888
3686,535.5396104166666
3687,541.0206979166666
3688,550.4268965277777
3689,562.9077590277778
3690,560.962827777778
3691,557.7483083333333
3692,563.0926583333332
3693,537.6403250000001
3694,535.4412708333335
3695,538.5520208333334
3696,543.1966486111111
3697,532.7353937499998
3698,534.2325458333332
3699,548.4456499999999
3700,556.7098347222224
3701,554.9533368055558
3702,550.7349333333333
3703,551.7335145833333
3704,545.3514076388888
3705,542.400695138889
3706,530.8470583333334
3707,513.9553736111112
3708,514.6634215277778
3709,522.8379791666666
3710,516.8602333333333
3711,536.2171041666666
3712,549.4794249999999
3713,543.8031458333334
3714,564.8721506944444
3715,570.7087013888889
3716,564.892888888889
3717,560.6262562500001
3718,560.9151888888889
3719,565.3617145833334
3720,561.6748638888889
3721,559.4149756944445
3722,564.9146534722221
3723,574.3127090277777
3724,576.635626388889
3725,568.9653493055557
3726,563.0796263888889
3727,562.6288659722221
3728,536.7625020833332
3729,520.8748138888891
3730,594.2393965277778
3731,604.9523666666666
3732,578.0893708333331
3733,573.8280708333333
3734,565.2706680555556
3735,558.9438173611111
3736,540.8169215277777
3737,536.1660402777778
3738,549.5997236111111
3739,542.6220335416667
3740,561.0054631944446
3741,562.4929375000003
3742,565.3508381944446
3743,574.7119708333332
3744,571.2216934027779
3745,565.9541138888887
3746,558.3131226736111
3747,554.4037270833333
3748,550.3504583333334
3749,522.2212053124999
3750,515.5201583333334
3751,507.48602083333327
3752,464.73617923611107
3753,278.45543902777774
3754,262.93263888888885
3755,263.154861111111
3756,263.37708333333325
3757,263.5993055555554
3758,249.95796330555552
3759,396.5825464583334
3760,457.83821541666674
3761,449.397427361111
3762,447.68803263888896
3763,447.60979166666664
3764,447.83354166666675
3765,447.74842500000005
3766,447.35800902777777
3767,448.7948152777778
3768,451.6898840277778
3769,448.1670381944445
3770,447.7272222222223
3771,448.2096736111112
3772,448.3830090277778
3773,448.7269444444444
3774,448.83062430555566
3775,449.5531944444445
3776,450.21388888888896
3777,447.9853006944445
3778,505.5195569444444
3779,522.6280541666666
3780,539.9181055555555
3781,535.2937034722223
3782,527.6313201388888
3783,543.3317215277777
3784,544.3348805555555
3785,555.653607638889
3786,555.8055583333332
3787,601.4249291666666
3788,618.036386111111
3789,633.8638381944445
3790,581.4953666666668
3791,581.8461798611112
3792,579.942752777778
3793,576.2080527777779
3794,577.4933555555556
3795,579.5277770833334
3796,575.4218006944445
3797,578.4299270833333
3798,567.3902493055555
3799,549.3547749999999
3800,550.8962326388888
3801,545.1728479166667
3802,551.0358826388887
3803,544.4128909722223
3804,541.3603256944443
3805,545.642107638889
3806,541.7380569444445
3807,542.4761618055555
3808,549.5191423611112
3809,544.1835604166668
3810,550.5586583333335
3811,559.3613826388889
3812,567.2642569444444
3813,564.4632680555555
3814,569.7457347222223
3815,561.2856006944445
3816,569.2898138888888
3817,564.2562493055556
3818,557.9889826388887
3819,556.1122930555556
3820,557.3520152777776
3821,548.2104888888889
3822,539.9671458333332
3823,539.2390902777777
3824,533.1169666666667
3825,519.357982638889
3826,528.4846055555554
3827,544.5356347222222
3828,548.776925
3829,545.0284520833334
3830,546.6406958333334
3831,552.5230791666667
3832,559.2661125000001
3833,547.5734479166667
3834,552.3015937499998
3835,559.7349312499999
3836,551.6574979166667
3837,558.1308805555554
3838,555.9560194444443
3839,557.9420645833335
3840,556.7047423611114
3841,552.4679180555557
3842,545.6776354166667
3843,535.0490715277778
3844,541.4246756944447
3845,544.2339291666669
3846,533.5919875
3847,543.80791875
3848,537.8742159722223
3849,543.7492111111112
3850,529.5125423611112
3851,521.2647673611111
3852,499.6010631944443
3853,492.1584194444444
3854,494.45638749999995
3855,504.1742687500002
3856,504.7926840277778
3857,507.6818965277777
3858,511.7396083333333
3859,512.6508555555557
3860,510.80217291666673
3861,510.43314097222225
3862,512.3445875
3863,519.6404215277777
3864,530.9846097222222
3865,525.6770645833333
3866,528.7068284722222
3867,527.8540034722222
3868,533.4384798611111
3869,531.2424756944442
3870,528.6379180555556
3871,528.5408388888891
3872,528.6387958333333
3873,523.4689861111111
3874,517.7988173611112
3875,500.95219999999995
3876,487.6286340277779
3877,491.8294444444445
3878,492.9553493055556
3879,480.4547409722223
3880,479.35263888888903
3881,474.5500020833333
3882,478.83687986111113
3883,478.491529861111
3884,476.2127784722224
3885,475.98786875000013
3886,476.6042569444444
3887,480.14838125000006
3888,493.46721805555546
3889,484.93733472222226
3890,477.28793958333335
3891,476.9349513888888
3892,474.1945548611111
3893,473.07870694444443
3894,471.22046736111105
3895,473.18842152777773
3896,475.8153777777777
3897,473.5129340277779
3898,472.53305902777777
3899,467.61659722222225
3900,468.1280819444445
3901,475.7083368055555
3902,478.4567409722223
3903,478.7823368055556
3904,481.7779868055556
3905,482.98588611111114
3906,485.3031916666667
3907,483.24419374999997
3908,481.84060208333347
3909,485.3905784722221
3910,489.0093027777778
3911,488.2033333333334
3912,502.56386319444437
3913,496.70504305555556
3914,486.3822902777776
3915,480.2726375000001
3916,479.38162083333333
3917,478.29989097222216
3918,475.4493534722223
3919,471.06073958333343
3920,472.7475888888889
3921,479.3933555555556
3922,471.98050833333343
3923,472.6600479166667
3924,482.0066729166667
3925,493.07814722222224
3926,488.31166736111106
3927,492.25300972222226
3928,497.64599583333325
3929,522.617704861111
3930,512.4693673611112
3931,514.5784048611112
3932,504.9054625
3933,507.62738749999994
3934,507.4783611111111
3935,500.40696527777794
3936,503.96559791666664
3937,500.7712263888888
3938,500.7482430555554
3939,494.8858347222221
3940,491.353798611111
3941,490.33546180555555
3942,480.32219305555554
3943,476.24169722222223
3944,480.2146055555556
3945,475.51738263888893
3946,470.29410277777777
3947,504.06326250000023
3948,508.7825006944444
3949,514.0188861111112
3950,515.2573354166666
3951,504.3698118055556
3952,505.3513388888891
3953,503.5665736111111
3954,498.14086041666667
3955,494.85071805555555
3956,498.4045125
3957,492.39594097222226
3958,489.3711312499999
3959,491.9018270833332
3960,498.13483819444446
3961,492.4366916666667
3962,494.9862284722222
3963,493.54927777777795
3964,488.7805069444445
3965,487.3988180555555
3966,490.81039444444434
3967,487.44921111111114
3968,488.2797479166665
3969,484.3102569444443
3970,481.69641458333336
3971,480.7595569444445
3972,479.915901388889
3973,480.18548611111123
3974,476.0515083333332
3975,479.3575534722223
3976,476.3065055555555
3977,476.4869666666667
3978,478.0360652777777
3979,477.0487965277779
3980,478.62106041666675
3981,478.8028020833333
3982,478.9308083333333
3983,475.4715951388888
3984,481.5897680555556
3985,466.6539138888889
3986,466.30907361111105
3987,466.7864340277777
3988,466.5406472222223
3989,466.82754027777776
3990,469.2766180555557
3991,469.5125909722222
3992,469.83157916666676
3993,468.5894194444445
3994,467.2451687499999
3995,467.1032618055555
3996,468.59710763888893
3997,478.0809756944444
3998,478.1572972222223
3999,476.52835902777775
4000,486.3119173611111
4001,484.6078715277777
4002,486.07904930555554
4003,489.41819583333336
4004,492.3175951388889
4005,494.99368402777776
4006,493.65858125000005
4007,508.9334951388889
4008,509.2486597222222
4009,508.6543020833334
4010,502.4135270833335
4011,512.3832187499999
4012,504.22710833333326
4013,493.5870833333333
4014,489.6146527777778
4015,489.7103250000001
4016,484.4226118055555
4017,485.58799236111116
4018,488.47669305555564
4019,494.5003895833333
4020,490.34017916666664
4021,480.3797680555555
4022,481.6266201388889
4023,482.0571361111112
4024,478.872913888889
4025,496.5657875
4026,489.75233680555556
4027,486.24194791666673
4028,470.94933194444445
4029,472.46226805555546
4030,473.02085416666677
4031,473.78136388888885
4032,478.9558798611111
4033,463.2408548611112
4034,462.3539187500001
4035,468.62715208333327
4036,471.66099166666675
4037,472.2307888888889
4038,469.09889166666676
4039,467.88805208333326
4040,463.52312777777774
4041,463.53375208333347
4042,462.41075694444453
4043,460.92594930555555
4044,458.79462847222226
4045,461.60668819444453
4046,467.7681513888888
4047,513.3666402777778
4048,520.755413888889
4049,525.5215013888889
4050,527.3611361111111
4051,514.428675
4052,513.4426819444445
4053,516.8880125
4054,479.6427527777779
4055,472.8461104166666
4056,466.9383777777777
4057,457.7770166666666
4058,470.12851597222226
4059,477.1103979166667
4060,475.12471944444445
4061,477.66254444444445
4062,470.5052145833334
4063,475.4156715277777
4064,477.4943937499999
4065,478.1046756944444
4066,474.8863493055555
4067,471.06759166666666
4068,482.183890972222
4069,476.9310652777778
4070,481.09317291666656
4071,494.8306208333334
4072,502.57180833333337
4073,513.743096527778
4074,517.8611604166666
4075,513.2194409722222
4076,507.67863472222217
4077,516.1880270833334
4078,514.6255472222223
4079,522.3158166666669
4080,546.1567111111112
4081,537.2255291666668
4082,543.6956041666667
4083,548.8999083333333
4084,555.0292791666666
4085,550.5943270833333
4086,549.3780027777776
4087,535.7445624999999
4088,522.4436576388887
4089,521.6504173611112
4090,522.2123138888888
4091,514.5377083333334
4092,513.3900243055556
4093,517.0441409722223
4094,521.4384694444445
4095,524.9423569444444
4096,533.9126361111109
4097,539.1525958333334
4098,552.9430145833331
4099,561.9690527777776
4100,558.0942763888886
4101,548.7462534722223
4102,541.3830513888889
4103,545.8145583333331
4104,556.5876180555557
4105,546.3962756944445
4106,543.2067131944444
4107,539.5443090277776
4108,538.6293520833332
4109,535.2951618055557
4110,534.3240520833332
4111,536.6866868055553
4112,537.6320618055556
4113,537.4733534722221
4114,533.6706465277778
4115,540.8432458333334
4116,538.5135659722223
4117,540.3987763888889
4118,546.0733833333334
4119,527.7954868055555
4120,530.6172229166667
4121,505.9837708333333
4122,514.1137680555555
4123,519.7234520833333
4124,522.2421736111112
4125,522.4898576388889
4126,507.43837916666666
4127,518.2277381944444
4128,527.5748583333334
4129,523.2616416666668
4130,530.2475902777777
4131,530.7741097222221
4132,528.3428229166666
4133,526.0755319444446
4134,523.8447687500003
4135,518.6161319444443
4136,516.2750013888888
4137,515.689536111111
4138,526.8496291666665
4139,543.4048125
4140,548.4209493055556
4141,547.4433555555555
4142,542.4446569444444
4143,536.7650729166668
4144,535.1786590277776
4145,533.852223611111
4146,532.4229111111109
4147,531.6920638888889
4148,535.134325
4149,534.6957868055555
4150,533.695788888889
4151,530.86449375
4152,526.2767548611112
4153,523.663190277778
4154,524.0073826388888
4155,523.4863409722223
4156,518.8222236111112
4157,506.64703888888886
4158,507.28365416666657
4159,502.454534027778
4160,497.69696875
4161,502.1508791666666
4162,503.1173854166667
4163,506.70555277777794
4164,507.7711104166668
4165,509.95602152777775
4166,518.4509069444443
4167,519.4703694444444
4168,523.9433763888887
4169,532.0789798611112
4170,537.2262506944444
4171,530.556407638889
4172,533.3623569444444
4173,529.503123611111
4174,545.240698611111
4175,545.1420791666668
4176,556.3222881944442
4177,551.4809687500001
4178,552.928732638889
4179,559.9900458333333
4180,556.7645784722221
4181,554.3763423611113
4182,541.3164333333333
4183,537.4987041666666
4184,536.6433340277781
4185,539.3270583333333
4186,541.9753840277777
4187,538.6956909722225
4188,553.4562486111109
4189,554.8171736111109
4190,550.3048208333335
4191,559.8714333333335
4192,557.0304666666666
4193,554.7104645833333
4194,556.8380805555555
4195,554.1450444444444
4196,552.9102756944444
4197,547.7496277777777
4198,547.0994916666667
4199,556.181551388889
4200,562.7152756944445
4201,561.8762215277777
4202,561.0043055555557
4203,557.2115291666665
4204,554.84875
4205,554.0776638888889
4206,554.4594013888889
4207,550.6436986111112
4208,546.8562777777777
4209,544.2248569444446
4210,556.0553881944442
4211,576.7006930555555
4212,572.2545319444444
4213,557.3858833333333
4214,550.0455916666667
4215,567.4812979166668
4216,560.3037298611112
4217,556.6637229166668
4218,556.0433784722223
4219,541.4978458333333
4220,527.4516416666667
4221,535.6348638888888
4222,550.0633777777778
4223,550.8750770833333
4224,548.0037993055554
4225,549.604611111111
4226,536.4032631944444
4227,528.2474145833335
4228,523.8259506944445
4229,524.4568458333334
4230,521.1230319444444
4231,520.1136131944445
4232,514.4172222222222
4233,515.1963173611111
4234,515.3704118055555
4235,522.279975
4236,516.2255819444445
4237,511.6541409722223
4238,512.2114527777779
4239,514.5137465277777
4240,513.7411375
4241,515.51175625
4242,515.7024055555556
4243,513.564467361111
4244,508.67958125
4245,511.20849930555556
4246,500.55650208333327
4247,487.7399048611111
4248,501.50511666666665
4249,507.1685437500002
4250,509.21085624999995
4251,508.6032409722222
4252,508.49699097222214
4253,508.2191201388889
4254,510.75655138888885
4255,508.80729166666663
4256,509.07993055555556
4257,509.2081944444444
4258,509.44085625
4259,509.68013888888885
4260,509.8774069444444
4261,510.1418979166668
4262,510.2905326388889
4263,510.50791666666663
4264,512.1384958333333
4265,512.0167125
4266,513.3287499999999
4267,516.1606715277778
4268,511.8469215277778
4269,523.7709062500002
4270,524.9831319444445
4271,528.3013861111111
4272,532.9872680555558
4273,531.2486090277777
4274,530.6071333333333
4275,524.2293534722222
4276,519.0679368055554
4277,520.4515222222224
4278,518.6750243055557
4279,519.0971347222221
4280,522.8788229166666
4281,537.8896805555556
4282,530.236707638889
4283,541.5971972222223
4284,542.7327812499999
4285,540.4428187500001
4286,550.36923125
4287,538.1775034722222
4288,529.310726388889
4289,524.7138215277779
4290,527.8357666666667
4291,540.4350194444443
4292,534.1585874999998
4293,544.4152562500001
4294,556.1215250000001
4295,573.7283340277778
4296,575.1595374999999
4297,560.1124055555555
4298,556.6893493055555
4299,553.5634506944443
4300,557.3986131944444
4301,551.10715
4302,556.5646791666667
4303,555.5369180555556
4304,558.5312986111111
4305,561.0243048611111
4306,571.5371291666665
4307,574.9783833333333
4308,567.3704868055556
4309,560.0289326388887
4310,544.1178270833334
4311,559.7153506944444
4312,550.7719236111111
4313,547.8240076388887
4314,538.8882145833336
4315,548.6753451388888
4316,543.5452520833333
4317,529.2510409722223
4318,524.6903034722222
4319,526.3916666666665
4320,522.4450951388889
4321,519.5280048611112
4322,514.0740263888888
4323,514.0487541666668
4324,515.1705791666666
4325,514.6345097222222
4326,513.5498402777779
4327,512.3168423611111
4328,508.79220208333334
4329,507.44183194444446
4330,530.5435347222223
4331,531.5767645833333
4332,536.720973611111
4333,533.6740062499998
4334,531.500925
4335,530.7344222222221
4336,535.5519458333332
4337,527.202065277778
4338,531.0695583333334
4339,536.9926875000001
4340,550.8854680555555
4341,549.931554861111
4342,557.0733284722222
4343,563.9390930555555
4344,575.1931493055556
4345,560.2565263888888
4346,548.6069034722223
4347,531.3090770833334
4348,533.6139097222223
4349,530.2802354166666
4350,530.5685208333333
4351,526.2886333333333
4352,525.0561541666667
4353,519.9543270833333
4354,511.64671527777784
4355,526.5562277777777
4356,541.6462805555554
4357,531.9901395833333
4358,532.04786875
4359,549.2431965277776
4360,553.1942118055556
4361,557.7650041666666
4362,563.742875
4363,569.2173354166665
4364,562.6157416666668
4365,562.9377756944443
4366,545.9004375000001
4367,541.4392625
4368,533.4545104166667
4369,527.3958027777777
4370,531.932726388889
4371,539.0055055555556
4372,530.7225979166667
4373,526.4755562500002
4374,503.56682847222226
4375,488.04275902777783
4376,486.151554861111
4377,488.104742361111
4378,509.583961111111
4379,522.5880819444446
4380,533.3226895833333
4381,537.7142166666669
4382,537.481923611111
4383,531.5841215277776
4384,530.1392798611112
4385,532.1421326388886
4386,534.6000041666666
4387,530.0835618055555
4388,504.7190701388888
4389,503.0331034722223
4390,498.70916388888884
4391,495.3064847222223
4392,497.4055833333333
4393,499.0206499999999
4394,502.5948166666667
4395,495.1822194444444
4396,502.01997152777767
4397,494.4041916666666
4398,497.6184243055555
4399,491.6073124999999
4400,492.90636874999996
4401,489.9979166666666
4402,490.2201388888889
4403,490.4423611111111
4404,490.66458333333327
4405,490.88680555555555
4406,491.10902777777784
4407,491.33125
4408,491.5534722222222
4409,491.7756944444444
4410,491.9979166666667
4411,492.22013888888887
4412,492.44236111111104
4413,492.66458333333327
4414,492.8868055555556
4415,493.1090277777778
4416,493.33125
4417,488.3868055555555
4418,488.60902777777784
4419,488.83125
4420,489.0534722222222
4421,489.2756944444444
4422,489.33125
4423,489.55347222222224
4424,489.7756944444444
4425,489.9979166666666
4426,490.2201388888889
4427,490.4423611111111
4428,490.66458333333327
4429,490.88680555555555
4430,491.10902777777784
4431,491.33125
4432,491.5534722222222
4433,491.7756944444444
4434,491.9979166666667
4435,492.22013888888887
4436,492.44236111111104
4437,492.66458333333327
4438,492.8868055555556
4439,493.1090277777778
4440,493.33125
4441,488.3868055555555
4442,488.60902777777784
4443,488.83125
4444,489.0534722222222
4445,489.2756944444444
4446,489.33125
4447,489.55347222222224
4448,489.7756944444444
4449,489.9979166666666
4450,490.2201388888889
4451,490.4423611111111
4452,490.66458333333327
4453,490.88680555555555
4454,491.10902777777784
4455,491.33125
4456,491.5534722222222
4457,491.7756944444444
4458,491.9979166666667
4459,492.22013888888887
4460,492.44236111111104
4461,492.66458333333327
4462,492.8868055555556
4463,493.1090277777778
4464,493.33125
4465,488.3868055555555
4466,488.60902777777784
4467,488.83125
4468,489.0534722222222
4469,489.2756944444444
4470,489.33125
4471,489.55347222222224
4472,489.7756944444444
4473,489.9979166666666
4474,490.2201388888889
4475,490.4423611111111
4476,490.66458333333327
4477,490.88680555555555
4478,491.10902777777784
4479,491.33125
4480,491.5534722222222
4481,491.7756944444444
4482,491.9979166666667
4483,492.22013888888887
4484,492.44236111111104
4485,492.66458333333327
4486,492.8868055555556
4487,493.1090277777778
4488,493.33125
4489,488.3868055555555
4490,488.60902777777784
4491,488.83125
4492,489.0534722222222
4493,489.2756944444444
4494,489.33125
4495,489.55347222222224
4496,489.7756944444444
4497,489.9979166666666
4498,490.2201388888889
4499,490.4423611111111
4500,490.66458333333327
4501,490.88680555555555
4502,491.10902777777784
4503,491.4269902777778
4504,493.4336569444444
4505,493.7024777777778
4506,493.8954166666667
4507,493.73263888888886
4508,492.8558791666667
4509,492.57011597222214
4510,492.31516180555553
4511,492.07472222222214
4512,492.5528472222223
4513,487.7245138888889
4514,488.27444513888884
4515,490.4988194444445
4516,488.0904631944445
4517,488.2935881944445
4518,488.4711111111111
4519,488.5739125
4520,488.8264347222222
4521,489.0512034722222
4522,493.73784999999987
4523,556.1077840277778
4524,548.9202784722222
4525,537.8104618055555
4526,547.4043270833336
4527,528.5334027777776
4528,509.03761777777777
4529,537.9143236111113
4530,527.137823611111
4531,536.945317361111
4532,536.150045138889
4533,524.6272229166667
4534,511.8696972222221
4535,512.9647965277777
4536,519.3915694444445
4537,523.3128291666665
4538,530.7428493055556
4539,526.7669888888888
4540,526.5209458333331
4541,532.2777972222223
4542,531.5699763888889
4543,527.8798152777778
4544,526.383286111111
4545,525.2429875
4546,526.8735583333332
4547,530.9541875000001
4548,555.3476395833333
4549,561.9732868055553
4550,537.8378916666667
4551,534.3134854166667
4552,554.6611305555556
4553,568.0744465277777
4554,563.9967402777777
4555,549.7725402777778
4556,543.6623770833334
4557,522.5698138888888
4558,522.9454145833333
4559,529.3069243055556
4560,531.4493034722223
4561,498.8895083333333
4562,489.1916263888889
4563,489.3909319444445
4564,497.6762562499999
4565,493.1644027777779
4566,490.0742659722222
4567,486.53662152777775
4568,488.26523333333336
4569,484.5338145833333
4570,499.13497222222225
4571,520.3992847222222
4572,531.3610159722224
4573,552.9660166666664
4574,544.2593993055556
4575,533.5979868055554
4576,533.7109729166666
4577,549.1106222222222
4578,548.6491909722221
4579,558.1254159722223
4580,546.0108381944447
4581,542.9684409722221
4582,530.5602812500001
4583,526.6801590277779
4584,524.7629840277777
4585,516.6076631944445
4586,533.0065006944443
4587,527.6849319444445
4588,527.3179437499999
4589,516.3418041666666
4590,506.123304861111
4591,495.76083680555547
4592,488.47733888888877
4593,486.9023826388889
4594,491.5034763888888
4595,507.28229722222216
4596,560.9981166666666
4597,558.3450722222221
4598,552.5290034722221
4599,540.8388833333333
4600,540.7560666666666
4601,532.1052444444443
4602,530.4813680555554
4603,531.0862986111111
4604,529.8181763888889
4605,525.5074798611112
4606,519.026825
4607,526.1120819444446
4608,523.1486402777776
4609,510.67148333333324
4610,504.834279861111
4611,501.5741972222222
4612,495.94196736111127
4613,492.9482159722222
4614,490.63876874999994
4615,483.7321229166667
4616,458.6591916666667
4617,469.3288715277778
4618,462.5854409722222
4619,476.68345347222237
4620,502.961426388889
4621,502.54477638888886
4622,502.1721798611112
4623,500.4143944444444
4624,508.28824097222224
4625,501.49032152777795
4626,487.11640972222233
4627,483.2783097222223
4628,493.4815118055556
4629,483.66368333333327
4630,485.516804861111
4631,479.9515555555555
4632,481.89837708333334
4633,473.9360631944444
4634,473.07560138888886
4635,471.00590138888896
4636,473.87830833333334
4637,476.15310069444445
4638,473.11312847222223
4639,473.9721798611111
4640,475.5350229166667
4641,479.83131736111113
4642,480.77261111111113
4643,485.6510006944446
4644,482.95541458333344
4645,488.03928541666664
4646,496.37858819444455
4647,494.8316423611112
4648,491.6851180555556
4649,498.8607604166668
4650,501.10169375000004
4651,498.5087263888889
4652,495.6020618055556
4653,493.81219930555557
4654,493.6858305555555
4655,492.5758368055557
4656,472.6863881944445
4657,462.57932777777785
4658,464.2603222222222
4659,465.36866041666667
4660,462.5358388888887
4661,461.1780770833333
4662,461.1294916666667
4663,458.24548958333327
4664,463.97280277777776
4665,450.67597152777785
4666,459.85046111111114
4667,455.12701180555547
4668,465.3057673611112
4669,474.09372777777776
4670,482.93541527777774
4671,486.56967638888887
4672,490.9054368055556
4673,486.3299256944445
4674,486.4805979166666
4675,486.19611875
4676,484.0174312500001
4677,487.074186111111
4678,481.0656256944446
4679,477.7306722222222
4680,473.84266111111094
4681,480.890001388889
4682,481.62555416666675
4683,486.1385451388889
4684,466.73034930555576
4685,468.41541527777775
4686,445.5652597222222
4687,445.81693958333346
4688,442.7940965277779
4689,448.2198604166666
4690,453.0742395833334
4691,452.3776902777778
4692,458.03694652777784
4693,469.1979854166668
4694,474.48879444444435
4695,484.60942500000016
4696,491.1779631944445
4697,490.40680277777795
4698,492.7729416666667
4699,473.15180347222224
4700,485.7955625
4701,481.2859263888889
4702,484.64028263888895
4703,469.44893402777785
4704,470.3351638888889
4705,613.4544756944446
4706,618.983173611111
4707,626.4101409722224
4708,613.7045555555555
4709,603.7965986111111
4710,611.9034256944443
4711,614.1092138888889
4712,613.736617361111
4713,614.4232909722223
4714,614.201688888889
4715,616.604807638889
4716,598.6762659722223
4717,593.339420138889
4718,580.4892111111111
4719,589.2967805555555
4720,601.3032673611111
4721,596.5624965277776
4722,594.3397659722222
4723,605.6961881944445
4724,606.6845812500002
4725,603.0211569444446
4726,589.3436562500001
4727,617.4343270833334
4728,637.0572895833334
4729,630.6310201388889
4730,622.9918027777779
4731,626.8560020833332
4732,616.8917493055555
4733,619.7364083333334
4734,616.1323180555555
4735,606.8474284722222
4736,620.6910666666668
4737,607.1248368055557
4738,604.3931020833334
4739,615.0872152777778
4740,615.9304881944444
4741,605.3508131944446
4742,607.6877298611112
4743,593.2099305555556
4744,580.4165055555557
4745,582.0251854166668
4746,580.8853916666668
4747,574.186526388889
4748,568.723895138889
4749,566.1866937500001
4750,559.6110666666667
4751,570.2476388888889
4752,574.0522472222224
4753,578.5141868055556
4754,586.2006256944443
4755,590.568725
4756,591.0389590277778
4757,591.5708118055556
4758,597.2579006944446
4759,596.0445145833334
4760,591.7042833333333
4761,581.6939569444446
4762,587.259328472222
4763,588.6546319444444
4764,586.9388666666669
4765,584.3642354166665
4766,577.8805354166665
4767,563.7678673611109
4768,597.6040048611111
4769,595.4472194444445
4770,586.5908881944443
4771,595.2393090277778
4772,594.6428986111109
4773,593.7345583333333
4774,595.7463194444443
4775,601.9123666666668
4776,600.7140090277777
4777,596.2758743055556
4778,588.8296805555555
4779,584.3300381944446
4780,586.0813152777777
4781,589.8497722222221
4782,583.8692166666666
4783,575.1816944444445
4784,564.5920791666666
4785,556.4509965277779
4786,559.3863
4787,567.4144402777777
4788,588.0656048611111
4789,577.0461798611112
4790,579.8116493055558
4791,579.9019756944444
4792,570.8551597222221
4793,578.9752375
4794,591.5790756944444
4795,602.5805326388888
4796,599.7522874999999
4797,591.8581993055554
4798,598.2116472222222
4799,593.4477097222222
4800,593.5856437499999
4801,578.1819034722225
4802,580.1796534722221
4803,574.81096875
4804,572.8823423611113
4805,583.6306895833334
4806,579.2087298611111
4807,582.2114986111111
4808,590.7285423611113
4809,600.243725
4810,610.2373604166668
4811,610.235
4812,606.0620638888888
4813,606.5376381944445
4814,609.5177472222223
4815,609.9658347222223
4816,606.03173125
4817,596.1186909722223
4818,590.4149090277779
4819,591.553538888889
4820,594.6108131944445
4821,598.9959798611113
4822,595.4099597222221
4823,597.4902041666668
4824,608.1812729166664
4825,620.132634027778
4826,617.9669458333332
4827,621.7830020833331
4828,608.0224958333332
4829,606.0994701388888
4830,598.1078416666667
4831,594.6325965277778
4832,596.6336569444446
4833,594.8404854166665
4834,598.1584999999999
4835,611.9099541666667
4836,610.9580756944445
4837,607.7453451388889
4838,621.7201208333332
4839,626.5032597222223
4840,624.1850486111109
4841,620.4067854166667
4842,624.8510152777776
4843,622.5862673611113
4844,625.3204145833334
4845,634.5916701388891
4846,633.6764604166666
4847,633.9720145833331
4848,608.3488180555556
4849,602.5135402777775
4850,609.1442798611113
4851,599.3203472222222
4852,606.2046965277777
4853,614.1330284722221
4854,619.526529861111
4855,618.4722847222224
4856,631.2989375
4857,636.1487937499999
4858,633.5033812500001
4859,629.0106263888888
4860,630.3555083333331
4861,618.8064604166665
4862,625.9698916666667
4863,631.2943666666667
4864,621.3584041666668
4865,620.8378652777777
4866,607.9935145833334
4867,607.071688888889
4868,599.7785250000001
4869,588.7876104166667
4870,598.1413680555554
4871,594.580042361111
4872,596.6170187499998
4873,593.0925034722223
4874,605.8165305555553
4875,614.1168812499999
4876,614.1318256944445
4877,612.5769972222223
4878,609.3298756944445
4879,589.0834451388891
4880,587.5393104166666
4881,591.7329847222222
4882,596.463171527778
4883,605.9615499999998
4884,622.9009687500001
4885,610.8421541666665
4886,625.6365722222222
4887,622.1093819444444
4888,613.79870625
4889,607.9515819444447
4890,586.6433312499998
4891,615.054323611111
4892,616.7539125
4893,619.777317361111
4894,630.0439027777776
4895,628.096438888889
4896,623.1155576388888
4897,609.0180611111111
4898,624.6160958333332
4899,608.4108777777778
4900,606.66074375
4901,604.5413958333334
4902,599.039536111111
4903,590.7665513888888
4904,587.87898125
4905,590.9326875
4906,597.6955819444444
4907,580.0812513888886
4908,578.2857812499999
4909,580.8781013888889
4910,569.9294659722223
4911,556.7912680555555
4912,572.2337291666668
4913,602.8403979166667
4914,596.3161993055554
4915,582.5437277777777
4916,580.6072034722223
4917,571.0302541666666
4918,576.6524097222222
4919,583.5902284722222
4920,589.6982131944442
4921,584.7976861111111
4922,583.4501124999999
4923,586.1801875
4924,580.205738888889
4925,578.6997909722222
4926,573.9223659722222
4927,575.1442638888889
4928,570.546342361111
4929,587.2364840277777
4930,605.620423611111
4931,620.0076902777778
4932,605.4030791666665
4933,601.2943097222222
4934,596.4651833333335
4935,586.0156277777777
4936,566.9147708333334
4937,566.1317118055554
4938,570.5894465277779
4939,575.8950923611111
4940,558.8641208333331
4941,551.4365034722222
4942,562.6543993055554
4943,566.3439131944444
4944,581.2755722222222
4945,587.4723187500001
4946,591.1580027777777
4947,588.6806541666668
4948,581.7134027777778
4949,570.5345854166668
4950,569.0925409722222
4951,560.112970138889
4952,551.152471527778
4953,543.3151590277778
4954,547.0726659722222
4955,544.7580145833332
4956,535.6320083333333
4957,537.3759069444444
4958,535.7192187499999
4959,521.1451645833332
4960,528.2670833333334
4961,555.1296847222221
4962,551.4234722222224
4963,548.4602805555556
4964,556.2085881944445
4965,557.886275
4966,551.9688659722223
4967,542.8275972222223
4968,544.2272263888889
4969,536.8537270833333
4970,534.6279388888889
4971,533.5787958333333
4972,531.5337993055555
4973,532.1568034722222
4974,529.5646104166666
4975,515.7944215277778
4976,511.8799333333335
4977,512.0570868055556
4978,514.6521993055555
4979,523.8681888888888
4980,524.4637048611112
4981,528.7620395833334
4982,529.1838930555556
4983,531.6221583333331
4984,529.6115263888887
4985,518.1032125
4986,510.90731666666665
4987,505.2338423611111
4988,517.0312729166665
4989,515.3083812499999
4990,519.6331986111111
4991,520.4550743055556
4992,539.0253930555555
4993,536.3821583333336
4994,537.157688888889
4995,531.7182187499999
4996,533.2375201388891
4997,533.7263368055553
4998,533.083590277778
4999,527.0910624999999
5000,515.9906680555556
5001,513.1087027777777
5002,509.1590729166665
5003,499.84872986111117
5004,496.41140972222223
5005,511.9760868055556
5006,554.44875
5007,571.8966638888888
5008,569.6408340277776
5009,561.0256284722221
5010,563.2128312500001
5011,550.663336111111
5012,546.3984722222222
5013,554.9692319444443
5014,559.5153215277778
5015,572.4667340277776
5016,583.4707375
5017,579.0858340277777
5018,550.1707854166665
5019,534.6691215277777
5020,527.3558354166667
5021,518.1684729166667
5022,517.9853312500002
5023,515.0605777777777
5024,512.115465277778
5025,501.96484236111115
5026,495.5615965277776
5027,510.61471805555567
5028,522.5463451388888
5029,539.3800909722222
5030,537.178240972222
5031,550.8168944444445
5032,545.0234944444445
5033,558.0041868055554
5034,547.7708104166667
5035,552.3851409722223
5036,556.3208826388887
5037,529.0153465277779
5038,538.8742777777778
5039,562.86058125
5040,559.6068500000002
5041,568.0280298611109
5042,575.063120138889
5043,580.5072944444444
5044,591.6526201388889
5045,557.4007875000001
5046,557.4597902777778
5047,537.5206888888889
5048,524.7033291666667
5049,522.3072006944444
5050,526.1436340277777
5051,537.4002277777779
5052,535.2342791666665
5053,523.2403986111111
5054,539.1676652777778
5055,541.5109513888892
5056,548.0780291666669
5057,555.2870381944444
5058,534.3783124999999
5059,532.2378270833334
5060,530.8859229166667
5061,518.1958833333334
5062,529.9507902777779
5063,548.5982673611112
5064,559.0828236111113
5065,551.2138194444442
5066,551.3955597222223
5067,540.928426388889
5068,536.148948611111
5069,528.7371215277778
5070,522.8151381944443
5071,520.9089083333334
5072,503.2024083333334
5073,513.9359916666666
5074,507.40314722222223
5075,519.383148611111
5076,537.0683861111111
5077,539.572082638889
5078,542.3357576388889
5079,553.6091722222222
5080,552.3150722222222
5081,554.2860861111112
5082,529.8112722222221
5083,547.1087013888887
5084,554.2695833333333
5085,558.3107395833333
5086,579.3199104166667
5087,574.4635409722222
5088,551.1068125
5089,572.2082902777777
5090,601.1458645833332
5091,599.5833756944445
5092,604.836570138889
5093,599.0380791666668
5094,606.9809277777777
5095,579.314323611111
5096,565.9199777777778
5097,562.5620999999999
5098,557.8213423611112
5099,552.3447055555555
5100,568.3356194444444
5101,582.5627270833332
5102,578.4674506944446
5103,590.3993333333334
5104,601.9991631944445
5105,588.6939361111109
5106,602.8184305555557
5107,605.6172465277779
5108,610.154426388889
5109,609.1783569444442
5110,611.0854611111108
5111,601.69058125
5112,629.4690736111111
5113,618.8974312500002
5114,625.1910347222223
5115,612.9183319444445
5116,604.4146506944444
5117,616.6243347222222
5118,601.2374916666668
5119,578.3383388888889
5120,576.4384680555555
5121,583.3057604166668
5122,603.9609916666668
5123,622.4381284722222
5124,600.34944375
5125,602.7322027777776
5126,600.56446875
5127,592.5412673611111
5128,580.8475916666666
5129,580.4495361111111
5130,587.0036263888891
5131,613.9079881944443
5132,610.5002041666665
5133,614.1067118055556
5134,608.9845159722221
5135,616.4354131944444
5136,616.6477111111111
5137,620.012198611111
5138,630.2370368055557
5139,641.0908034722222
5140,627.933776388889
5141,624.5540006944444
5142,613.0765034722222
5143,603.4056006944444
5144,600.9040506944444
5145,599.1783583333334
5146,598.5139562500001
5147,602.7180659722222
5148,606.656876388889
5149,613.1582694444444
5150,604.7574583333335
5151,608.6837784722222
5152,591.7103527777778
5153,580.9712722222222
5154,577.9131041666665
5155,574.1376430555556
5156,591.8972173611111
5157,614.3570201388889
5158,610.88583125
5159,609.4690041666667
5160,610.7507409722224
5161,603.7683520833333
5162,613.9437944444446
5163,623.5748368055556
5164,611.4406465277779
5165,604.1276145833333
5166,597.6673312500001
5167,588.7929159722224
5168,578.0716722222221
5169,577.4943486111113
5170,574.706348611111
5171,577.8168298611112
5172,585.7874333333333
5173,589.384778472222
5174,605.7665506944445
5175,612.8584243055554
5176,625.3489645833332
5177,627.240790972222
5178,614.6230520833336
5179,606.4007409722223
5180,609.354120138889
5181,615.3174777777778
5182,615.52416875
5183,618.1368444444444
5184,624.0258541666667
5185,602.4939368055557
5186,609.8890729166667
5187,611.1389854166665
5188,592.376525
5189,580.730470138889
5190,580.8582173611111
5191,581.9133368055556
5192,585.2804909722222
5193,587.6377805555554
5194,578.3348152777777
5195,580.7005097222223
5196,550.558147222222
5197,542.9915062500002
5198,544.4774513680554
5199,534.4319877222223
5200,557.9334777777777
5201,554.2736111111111
5202,554.4958333333333
5203,554.7180555555556
5204,554.9402777777777
5205,555.1625
5206,555.3847222222221
5207,555.6069444444444
5208,555.8291666666667
5209,550.7180555555556
5210,550.9402777777777
5211,551.1624999999999
5212,551.3847222222222
5213,551.6069444444445
5214,551.8291666666665
5215,552.0513888888888
5216,552.2736111111111
5217,553.1555791666667
5218,551.7519875
5219,535.9386534722221
5220,534.6364124999999
5221,546.4407145833333
5222,544.4726131944444
5223,534.1821999999999
5224,526.4426611111111
5225,524.0699618055556
5226,544.1833291666667
5227,542.5019513888889
5228,550.5754166666667
5229,579.7110881944446
5230,581.6894840277779
5231,599.7747472222221
5232,608.5695805555555
5233,600.8304430555554
5234,610.6404875
5235,613.1250958333333
5236,575.7723791666666
5237,564.1196993055556
5238,557.8007409722223
5239,530.8825006944443
5240,525.3505993055555
5241,534.9396305555555
5242,530.3389090277776
5243,551.7893506944446
5244,543.7241416666666
5245,539.0704680555556
5246,546.9458284722222
5247,567.8126604166666
5248,559.3186604166668
5249,565.4976805555555
5250,559.5171361111109
5251,559.6734027777777
5252,562.7510430555556
5253,590.2278069444443
5254,615.841690277778
5255,621.849859722222
5256,602.6848395833333
5257,597.2839645833333
5258,635.1796576388888
5259,648.4906062499998
5260,623.1772868055555
5261,608.3598124999999
5262,606.816690277778
5263,603.7526569444444
5264,599.1598277777777
5265,595.7367826388886
5266,590.1832465277777
5267,602.9699076388888
5268,611.0780145833332
5269,623.6220159722224
5270,611.6831270833331
5271,601.8118270833334
5272,591.5743798611112
5273,569.2738465277778
5274,591.8902243055554
5275,653.919471527778
5276,654.7128263888891
5277,642.4009013888889
5278,652.7464354166668
5279,650.5909298611111
5280,651.4354652777779
5281,670.8169243055557
5282,667.8002520833335
5283,668.3428006944445
5284,658.5020625
5285,645.2778000000001
5286,638.0001687500001
5287,631.5610229166667
5288,630.4337069444445
5289,631.8417333333333
5290,635.308961111111
5291,644.4816756944444
5292,647.6695562500001
5293,663.608286111111
5294,611.7623215277778
5295,587.034138888889
5296,599.9682437500003
5297,597.07023125
5298,603.8934722222222
5299,614.5870895833334
5300,612.8030798611112
5301,610.1052069444443
5302,605.8826180555556
5303,599.145551388889
5304,624.1154784722223
5305,618.0309256944445
5306,623.5367090277779
5307,617.1240527777777
5308,612.795275
5309,600.5961583333333
5310,602.4907881944445
5311,592.1662451388889
5312,586.2427270833333
5313,577.4360409722221
5314,581.7858083333335
5315,577.5453951388889
5316,580.5741430555555
5317,585.5396027777775
5318,605.9101618055556
5319,615.7494854166666
5320,616.6882430555556
5321,624.2695104166667
5322,628.9607375
5323,631.9734590277778
5324,635.2626881944445
5325,631.9990263888889
5326,615.7255694444443
5327,628.7808784722223
5328,616.4050402777776
5329,618.7133319444446
5330,618.3045888888889
5331,632.5403506944443
5332,632.4682131944445
5333,627.1326361111112
5334,625.2865034722222
5335,620.1390930555556
5336,628.9211965277779
5337,619.3325430555556
5338,625.6261569444443
5339,623.5131722222222
5340,637.2422236111111
5341,640.068540277778
5342,627.8121243055556
5343,623.2030125000001
5344,631.0384034722225
5345,632.0708500000001
5346,623.2234256944445
5347,632.7915770833334
5348,648.0183513888891
5349,654.3929368055556
5350,625.1051229166668
5351,633.5635868055557
5352,646.8620611111111
5353,641.4540513888887
5354,636.4298888888889
5355,651.4598340277779
5356,647.5708097222223
5357,650.2244944444444
5358,649.7951159722224
5359,650.7055944444443
5360,652.4668131944442
5361,641.3407013888889
5362,638.4887791666667
5363,632.3776
5364,632.6917416666666
5365,631.2160881944444
5366,630.0052437499999
5367,619.7825756944443
5368,617.660672222222
5369,613.3807888888891
5370,636.4483847222222
5371,638.7687513888891
5372,645.5128062499998
5373,637.7786118055558
5374,643.7338180555554
5375,651.2791895833333
5376,658.7866263888889
5377,648.5233326388886
5378,663.9138395833335
5379,667.8750520833332
5380,665.9227229166667
5381,655.1118493055554
5382,644.1578659722225
5383,637.0106027777776
5384,617.9728875
5385,605.2263173611111
5386,606.3351618055557
5387,624.5276125000001
5388,640.7087486111109
5389,639.0943236111111
5390,646.7601361111109
5391,641.9646312500001
5392,645.5775006944444
5393,638.3928097222223
5394,639.2818972222221
5395,647.1290041666667
5396,641.6205305555553
5397,659.9362263888889
5398,668.5278694444444
5399,672.9094673611111
5400,676.3945034722221
5401,676.6049083333335
5402,668.1934006944446
5403,680.4751479166665
5404,654.3783368055555
5405,644.9256527777778
5406,643.9027284722224
5407,638.0204576388891
5408,627.9161826388892
5409,640.2422215277778
5410,643.7904166666667
5411,636.4595611111113
5412,662.3891895833332
5413,671.1346208333333
5414,674.8335618055553
5415,660.1994194444445
5416,642.1018041666667
5417,663.4027749999999
5418,643.0356506944444
5419,651.8969465277778
5420,625.4006201388887
5421,605.294488888889
5422,613.7443041666668
5423,596.5058090277778
5424,553.1950215277777
5425,532.9800458333333
5426,527.214648611111
5427,526.0040722222222
5428,517.2770812499999
5429,517.1921465277778
5430,506.49481666666674
5431,503.19296458333326
5432,494.51206388888886
5433,488.8482666666667
5434,489.79821736111114
5435,503.00247430555567
5436,536.5460375
5437,577.2070166666665
5438,572.3468159722222
5439,555.8717215277777
5440,558.486942361111
5441,535.9608097222223
5442,529.543561111111
5443,532.6405604166666
5444,522.3776409722221
5445,533.5362069444444
5446,535.3557215277777
5447,520.7783597222221
5448,522.9421263888889
5449,513.2697201388888
5450,541.7191659722221
5451,547.7321763888888
5452,546.4724520833333
5453,542.6328270833334
5454,541.2795111111113
5455,540.3671111111111
5456,538.7687298611112
5457,536.2674381944444
5458,536.2487756944444
5459,527.3104486111112
5460,532.6766916666667
5461,559.3803854166666
5462,569.0715305555556
5463,571.6887958333334
5464,588.7244694444445
5465,588.7521493055556
5466,583.7628715277776
5467,582.1609284722223
5468,586.9392312500001
5469,577.1764131944445
5470,564.959727777778
5471,550.7553881944445
5472,534.0078277777777
5473,516.374420138889
5474,515.0324493055555
5475,516.2360194444445
5476,506.94986458333324
5477,494.5714840277778
5478,491.26414722222233
5479,489.2634493055554
5480,488.52597430555574
5481,485.6142138888888
5482,485.1965541666667
5483,482.6545152777777
5484,478.5156930555556
5485,477.9630791666667
5486,466.1173826388889
5487,470.2677833333333
5488,471.49094861111104
5489,478.26020694444435
5490,483.8118312500001
5491,488.11499652777775
5492,492.6330819444444
5493,491.14214930555556
5494,493.9106729166666
5495,500.7219409722222
5496,504.9021354166666
5497,502.159975
5498,502.59684722222244
5499,490.0700180555554
5500,486.76740138888886
5501,473.7038173611111
5502,467.22837847222223
5503,466.60930555555564
5504,466.1262027777776
5505,470.92564722222227
5506,479.01261666666653
5507,485.7166854166667
5508,491.7574458333333
5509,480.7184250000001
5510,487.75810624999997
5511,570.85285
5512,633.414517361111
5513,636.0597909722223
5514,647.9807256944445
5515,528.3658354166666
5516,520.3597006944444
5517,525.6281645833333
5518,519.7400493055555
5519,524.727661111111
5520,533.4476333333332
5521,521.1976159722221
5522,496.5766444444443
5523,513.5529881944444
5524,522.43185
5525,510.8901881944443
5526,513.1355541666667
5527,508.1860006944443
5528,504.4471958333333
5529,491.06022916666666
5530,473.93300902777764
5531,497.3568270833335
5532,523.8527548611112
5533,523.2079611111112
5534,533.7373395833331
5535,542.34374375
5536,540.7677791666667
5537,549.4383527777778
5538,549.1059993055555
5539,591.9099319444447
5540,599.3050791666666
5541,583.8135854166666
5542,582.497847222222
5543,575.3350513888886
5544,565.1976638888889
5545,551.3475451388888
5546,542.272988888889
5547,557.9580979166666
5548,562.8232416666667
5549,551.1618993055556
5550,548.7335430555553
5551,544.8417118055555
5552,541.6923868055557
5553,533.6320131944444
5554,527.0479840277778
5555,523.5696750000001
5556,533.8956069444445
5557,548.7908576388888
5558,554.3671729166667
5559,554.0113902777777
5560,559.8818055555555
5561,547.2709458333334
5562,530.6723368055555
5563,547.4325027777779
5564,552.5229868055554
5565,545.6596305555555
5566,534.2394201388888
5567,534.0613680555555
5568,529.8481916666665
5569,512.9651819444446
5570,506.5377541666667
5571,505.38955763888885
5572,502.13073402777775
5573,507.25178263888904
5574,506.9368506944445
5575,505.1525902777779
5576,504.71099652777764
5577,501.37757152777795
5578,502.1090493055556
5579,507.03402847222213
5580,512.506201388889
5581,521.1021791666668
5582,524.9419194444444
5583,524.0211131944445
5584,521.0380548611109
5585,534.1295138888888
5586,542.5632868055558
5587,541.5961381944445
5588,538.0610402777779
5589,532.108245138889
5590,528.7569909722222
5591,542.2828534722222
5592,546.8192673611111
5593,541.5954861111111
5594,533.79891875
5595,520.87816875
5596,514.2284500000001
5597,511.8137250000001
5598,510.9528715277779
5599,509.4871423611111
5600,506.301920138889
5601,502.256551388889
5602,499.16349375
5603,512.0754451388888
5604,510.64894305555566
5605,494.30444305555557
5606,505.39986250000004
5607,515.8245833333333
5608,504.21340277777784
5609,516.4459944444444
5610,517.5469458333334
5611,533.1503256944443
5612,530.9209694444445
5613,524.3955118055557
5614,530.500690277778
5615,537.3697729166666
5616,538.8595409722221
5617,551.6564159722222
5618,518.8060618055555
5619,516.02773125
5620,527.7345097222222
5621,538.0907430555555
5622,527.6998659722221
5623,522.81803125
5624,523.8904604166668
5625,527.090832638889
5626,529.1334076388888
5627,527.7046020833333
5628,542.9173777777778
5629,553.6476680555555
5630,551.6759958333332
5631,560.8056666666668
5632,572.2066368055557
5633,572.6885868055556
5634,577.1475895833333
5635,569.6005624999999
5636,570.9981520833333
5637,527.5096305555558
5638,521.7225923611112
5639,516.7162465277777
5640,540.5734465277778
5641,548.4417159722221
5642,549.9095840277778
5643,551.4688680555555
5644,532.2656465277778
5645,555.0126631944445
5646,556.0004083333334
5647,554.7180270833333
5648,555.546526388889
5649,557.4378451388891
5650,555.8516972222222
5651,556.9834569444444
5652,560.9767374999999
5653,563.8562680555556
5654,561.9434256944443
5655,556.4601590277776
5656,542.2851187499998
5657,545.7800951388889
5658,572.7468249999998
5659,580.0039534722221
5660,579.9817416666666
5661,575.6384506944445
5662,530.9394256944446
5663,532.668542361111
5664,548.6930805555556
5665,542.8390930555555
5666,537.7319194444445
5667,539.4256444444445
5668,548.6253444444444
5669,526.7138888888892
5670,513.0362430555555
5671,516.9969409722222
5672,513.9344458333333
5673,514.2106451388888
5674,513.6631291666667
5675,517.3185208333333
5676,487.5031048611111
5677,451.71610972222214
5678,466.55637013888895
5679,492.0144263888889
5680,493.0109701388888
5681,521.3078930555555
5682,540.9440986111111
5683,532.1506423611111
5684,521.9429868055556
5685,503.8104840277778
5686,505.3962465277777
5687,512.3014826388887
5688,523.7238381944444
5689,517.0199076388889
5690,523.5544048611112
5691,514.3206944444445
5692,510.4576493055556
5693,500.98407499999996
5694,504.75823402777786
5695,515.4964111111111
5696,512.8810395833334
5697,511.1968548611111
5698,508.25682499999994
5699,515.6415270833332
5700,528.5557666666667
5701,531.1941701388888
5702,502.2421958333333
5703,522.4215256944444
5704,514.0344659722223
5705,517.2289805555556
5706,499.7941694444445
5707,508.2320124999998
5708,503.8141180555554
5709,491.36852013888875
5710,477.31646180555566
5711,486.08354236111114
5712,503.6462993055554
5713,505.1350722222222
5714,512.2363680555554
5715,518.8948597222221
5716,514.8074819444445
5717,509.86046388888883
5718,512.9621548611111
5719,501.4563868055555
5720,492.2529826388888
5721,484.7971111111111
5722,483.9654173611111
5723,492.53974374999984
5724,486.8209465277776
5725,515.2981437499999
5726,505.03497916666663
5727,515.2934249999998
5728,543.3023569444445
5729,544.4025458333333
5730,546.7741000000001
5731,547.6527513888888
5732,557.4210416666666
5733,569.2220347222222
5734,566.9025527777778
5735,557.8267159722222
5736,556.8656749999999
5737,539.8293784722222
5738,562.5430333333335
5739,541.7845368055556
5740,550.1925937499999
5741,553.7682840277778
5742,553.4686291666666
5743,569.919423611111
5744,563.343288888889
5745,565.581409027778
5746,587.985182638889
5747,591.4748187499999
5748,587.1883118055555
5749,574.11325625
5750,561.945211111111
5751,571.3654131944445
5752,570.7142548611112
5753,567.7696604166667
5754,562.8651652777778
5755,573.6175902777779
5756,577.1344659722222
5757,581.7235965277778
5758,578.4520340277779
5759,551.6534715277778
5760,538.7487715277778
5761,530.7920541666666
5762,544.2988215277776
5763,542.6627611111111
5764,552.8570409722222
5765,554.5912506944446
5766,573.8629340277778
5767,564.1594444444446
5768,563.8920145833333
5769,565.0436340277777
5770,563.523682638889
5771,607.6150229166668
5772,646.5580055555554
5773,649.2618486111112
5774,629.6397680555557
5775,583.9955638888887
5776,568.6991159722222
5777,562.757271527778
5778,579.1413402777777
5779,587.8549534722223
5780,565.924395138889
5781,556.0207590277779
5782,531.251342361111
5783,524.9761791666667
5784,504.28771041666676
5785,492.11101458333343
5786,494.3252083333332
5787,496.39501875000013
5788,505.3156472222222
5789,499.80717847222206
5790,499.79397847222214
5791,493.4551652777779
5792,493.19740833333344
5793,492.54116319444427
5794,494.2292875000001
5795,506.22226597222243
5796,519.6834437499999
5797,539.1268916666667
5798,518.4335840277778
5799,492.96546736111117
5800,508.28417083333346
5801,491.7963159722222
5802,526.918073611111
5803,556.7995590277778
5804,534.8145118055554
5805,513.5521083333333
5806,499.92120069444445
5807,496.05203680555553
5808,498.43759166666666
5809,490.02968124999984
5810,502.7873111111112
5811,509.15324305555566
5812,511.6714645833333
5813,504.525979861111
5814,505.57789930555555
5815,502.6992388888888
5816,495.15092569444454
5817,487.7324763888888
5818,487.8485187499999
5819,488.9420826388888
5820,482.51109583333334
5821,483.508402777778
5822,492.0396979166667
5823,507.33421805555554
5824,495.09231180555554
5825,477.0433381944445
5826,473.80360833333333
5827,482.7843249999998
5828,478.5332187500001
5829,486.6257833333335
5830,496.8208284722223
5831,501.1644916666668
5832,497.7977076388888
5833,475.66449305555545
5834,447.59430625
5835,447.98993125000004
5836,457.1257180555555
5837,490.0696340277779
5838,483.91426111111116
5839,497.1396548611112
5840,464.3995618055556
5841,452.1199770833333
5842,454.3845861111113
5843,461.51694375
5844,460.28140833333345
5845,445.9912743055555
5846,448.73254305555554
5847,457.83854097222223
5848,451.6894222222222
5849,452.38626597222213
5850,464.95064444444444
5851,467.8182166666666
5852,474.48358541666676
5853,495.87876874999995
5854,495.04912430555567
5855,505.9538194444445
5856,518.5599541666667
5857,512.1936576388888
5858,504.5440027777778
5859,504.08407638888895
5860,496.5194701388889
5861,500.646432638889
5862,503.4135402777777
5863,482.9595854166667
5864,481.44599375
5865,484.0434
5866,480.47444166666656
5867,470.7088201388889
5868,471.6157416666666
5869,482.913592361111
5870,467.9435944444445
5871,492.8610666666668
5872,535.4210541666667
5873,541.1682416666666
5874,514.8659506944446
5875,495.893932638889
5876,533.8818027777778
5877,529.5459013888889
5878,516.5879833333335
5879,498.9089798611111
5880,517.7461611111111
5881,504.6573812499999
5882,544.2514541666666
5883,525.0950895833332
5884,521.175770138889
5885,519.4470118055557
5886,511.8746305555557
5887,513.5339881944445
5888,510.86794374999977
5889,500.4140513888888
5890,494.42484375
5891,489.7795611111111
5892,484.08266041666656
5893,489.95995416666665
5894,513.7407631944445
5895,518.5817118055555
5896,513.0717180555556
5897,539.0861354166666
5898,528.8288229166668
5899,551.1404194444443
5900,549.1201131944445
5901,532.4451152777779
5902,536.7332645833334
5903,536.8230805555556
5904,546.0749805555554
5905,550.2760583333334
5906,560.3341180555555
5907,561.1598249999998
5908,574.4651666666666
5909,566.7915736111113
5910,554.4364833333334
5911,524.3852819444445
5912,500.95775624999993
5913,488.7173909722223
5914,486.13817013888894
5915,509.65696805555547
5916,528.1027715277776
5917,521.4436312500002
5918,512.4286548611111
5919,511.21909305555556
5920,535.757172222222
5921,539.1737263888888
5922,527.7334090277778
5923,530.7636770833333
5924,530.7676798611111
5925,509.5702104166667
5926,526.0696319444445
5927,535.7299555555556
5928,543.7721090277778
5929,552.0447215277779
5930,564.0422979166667
5931,565.5427569444445
5932,571.0141652777777
5933,571.9979923611112
5934,560.5086409722221
5935,557.5057180555552
5936,526.0359687499998
5937,516.3225493055555
5938,504.9099805555556
5939,504.8342777777778
5940,515.6880604166665
5941,526.3404145833333
5942,540.7918569444444
5943,554.2324118055556
5944,549.1392354166668
5945,555.3500958333335
5946,565.4155374999999
5947,559.9307340277778
5948,559.5675722222221
5949,554.5540923611109
5950,553.2572
5951,546.7345375
5952,552.0939111111111
5953,560.3184090277775
5954,571.4907111111113
5955,572.9504361111112
5956,556.2884250000002
5957,547.9749493055555
5958,547.5528229166667
5959,541.449277777778
5960,520.0847652777779
5961,514.4599277777778
5962,511.3067819444445
5963,522.5493743055556
5964,528.0146756944445
5965,554.9167395833333
5966,587.5466916666667
5967,584.7237965277778
5968,656.4126645833333
5969,619.54196875
5970,605.4552715277777
5971,589.2220534722221
5972,601.6176131944444
5973,605.279127083333
5974,605.9976131944444
5975,593.5084729166665
5976,585.3044930555556
5977,573.0208555555555
5978,568.153538888889
5979,551.6361562500001
5980,534.3696583333336
5981,527.8390979166668
5982,513.5337930555555
5983,516.2030048611111
5984,514.2881236111114
5985,512.6826180555555
5986,511.0389159722222
5987,516.9067854166667
5988,529.4199770833334
5989,530.17718125
5990,533.985607638889
5991,529.6891694444445
5992,534.2744708333333
5993,541.103823611111
5994,531.7028243055556
5995,526.6165305555556
5996,528.7219895833332
5997,525.3931451388889
5998,530.4103
5999,524.7141604166667
6000,516.5522
6001,526.4088694444445
6002,524.7358805555558
6003,507.8255965277777
6004,491.5913687500001
6005,502.72955763888893
6006,494.6418111111113
6007,494.5762951388889
6008,489.72120694444436
6009,480.0711791666666
6010,476.11264097222227
6011,475.8940979166666
6012,469.48780208333335
6013,492.9836743055555
6014,511.4630979166665
6015,526.7805243055554
6016,533.0390013888888
6017,553.4184736111113
6018,572.0613659722221
6019,573.9015041666667
6020,568.6751631944442
6021,556.3072229166664
6022,546.3078534722222
6023,551.4589333333333
6024,553.0424145833332
6025,557.8352534722223
6026,543.5341701388886
6027,537.404395138889
6028,531.2359270833333
6029,525.7765993055556
6030,524.497386111111
6031,520.5446958333333
6032,512.7840361111112
6033,539.4711847222221
6034,552.957051388889
6035,566.8648590277779
6036,606.17731875
6037,604.9361826388888
6038,535.5396104166666
6039,541.0206979166666
6040,550.4268965277777
6041,562.9077590277778
6042,560.962827777778
6043,557.7483083333333
6044,563.0926583333332
6045,537.6403250000001
6046,535.4412708333335
6047,538.5520208333334
6048,543.1966486111111
6049,532.7353937499998
6050,534.2325458333332
6051,548.4456499999999
6052,556.7098347222224
6053,554.9533368055558
6054,550.7349333333333
6055,551.7335145833333
6056,545.3514076388888
6057,542.400695138889
6058,530.8470583333334
6059,513.9553736111112
6060,514.6634215277778
6061,522.8379791666666
6062,516.8602333333333
6063,536.2171041666666
6064,549.4794249999999
6065,543.8031458333334
6066,564.8721506944444
6067,570.7087013888889
6068,564.892888888889
6069,560.6262562500001
6070,560.9151888888889
6071,565.3617145833334
6072,561.6748638888889
6073,559.4149756944445
6074,564.9146534722221
6075,574.3127090277777
6076,576.635626388889
6077,568.9653493055557
6078,563.0796263888889
6079,562.6288659722221
6080,536.7625020833332
6081,520.8748138888891
6082,594.2393965277778
6083,604.9523666666666
6084,578.0893708333331
6085,573.8280708333333
6086,565.2706680555556
6087,558.9438173611111
6088,540.8169215277777
6089,536.1660402777778
6090,549.5997236111111
6091,542.6220335416667
6092,561.0054631944446
6093,562.4929375000003
6094,565.3508381944446
6095,574.7119708333332
6096,571.2216934027779
6097,565.9541138888887
6098,558.3131226736111
6099,554.4037270833333
6100,550.3504583333334
6101,522.2212053124999
6102,515.5201583333334
6103,507.48602083333327
6104,464.73617923611107
6105,278.45543902777774
6106,262.93263888888885
6107,263.154861111111
6108,263.37708333333325
6109,263.5993055555554
6110,249.95796330555552
6111,396.5825464583334
6112,457.83821541666674
6113,449.397427361111
6114,447.68803263888896
6115,447.60979166666664
6116,447.83354166666675
6117,447.74842500000005
6118,447.35800902777777
6119,448.7948152777778
6120,451.6898840277778
6121,448.1670381944445
6122,447.7272222222223
6123,448.2096736111112
6124,448.3830090277778
6125,448.7269444444444
6126,448.83062430555566
6127,449.5531944444445
6128,450.21388888888896
6129,447.9853006944445
6130,505.5195569444444
6131,522.6280541666666
6132,539.9181055555555
6133,535.2937034722223
6134,527.6313201388888
6135,543.3317215277777
6136,544.3348805555555
6137,555.653607638889
6138,555.8055583333332
6139,601.4249291666666
6140,618.036386111111
6141,633.8638381944445
6142,581.4953666666668
6143,581.8461798611112
6144,579.942752777778
6145,576.2080527777779
6146,577.4933555555556
6147,579.5277770833334
6148,575.4218006944445
6149,578.4299270833333
6150,567.3902493055555
6151,549.3547749999999
6152,550.8962326388888
6153,545.1728479166667
6154,551.0358826388887
6155,544.4128909722223
6156,541.3603256944443
6157,545.642107638889
6158,541.7380569444445
6159,542.4761618055555
6160,549.5191423611112
6161,544.1835604166668
6162,550.5586583333335
6163,559.3613826388889
6164,567.2642569444444
6165,564.4632680555555
6166,569.7457347222223
6167,561.2856006944445
6168,569.2898138888888
6169,564.2562493055556
6170,557.9889826388887
6171,556.1122930555556
6172,557.3520152777776
6173,548.2104888888889
6174,539.9671458333332
6175,539.2390902777777
6176,533.1169666666667
6177,519.357982638889
6178,528.4846055555554
6179,544.5356347222222
6180,548.776925
6181,545.0284520833334
6182,546.6406958333334
6183,552.5230791666667
6184,559.2661125000001
6185,547.5734479166667
6186,552.3015937499998
6187,559.7349312499999
6188,551.6574979166667
6189,558.1308805555554
6190,555.9560194444443
6191,557.9420645833335
6192,556.7047423611114
6193,552.4679180555557
6194,545.6776354166667
6195,535.0490715277778
6196,541.4246756944447
6197,544.2339291666669
6198,533.5919875
6199,543.80791875
6200,537.8742159722223
6201,543.7492111111112
6202,529.5125423611112
6203,521.2647673611111
6204,499.6010631944443
6205,492.1584194444444
6206,494.45638749999995
6207,504.1742687500002
6208,504.7926840277778
6209,507.6818965277777
6210,511.7396083333333
6211,512.6508555555557
6212,510.80217291666673
6213,510.43314097222225
6214,512.3445875
6215,519.6404215277777
6216,530.9846097222222
6217,525.6770645833333
6218,528.7068284722222
6219,527.8540034722222
6220,533.4384798611111
6221,531.2424756944442
6222,528.6379180555556
6223,528.5408388888891
6224,528.6387958333333
6225,523.4689861111111
6226,517.7988173611112
6227,500.95219999999995
6228,487.6286340277779
6229,491.8294444444445
6230,492.9553493055556
6231,480.4547409722223
6232,479.35263888888903
6233,474.5500020833333
6234,478.83687986111113
6235,478.491529861111
6236,476.2127784722224
6237,475.98786875000013
6238,476.6042569444444
6239,480.14838125000006
6240,493.46721805555546
6241,484.93733472222226
6242,477.28793958333335
6243,476.9349513888888
6244,474.1945548611111
6245,473.07870694444443
6246,471.22046736111105
6247,473.18842152777773
6248,475.8153777777777
6249,473.5129340277779
6250,472.53305902777777
6251,467.61659722222225
6252,468.1280819444445
6253,475.7083368055555
6254,478.4567409722223
6255,478.7823368055556
6256,481.7779868055556
6257,482.98588611111114
6258,485.3031916666667
6259,483.24419374999997
6260,481.84060208333347
6261,485.3905784722221
6262,489.0093027777778
6263,488.2033333333334
6264,502.56386319444437
6265,496.70504305555556
6266,486.3822902777776
6267,480.2726375000001
6268,479.38162083333333
6269,478.29989097222216
6270,475.4493534722223
6271,471.06073958333343
6272,472.7475888888889
6273,479.3933555555556
6274,471.98050833333343
6275,472.6600479166667
6276,482.0066729166667
6277,493.07814722222224
6278,488.31166736111106
6279,492.25300972222226
6280,497.64599583333325
6281,522.617704861111
6282,512.4693673611112
6283,514.5784048611112
6284,504.9054625
6285,507.62738749999994
6286,507.4783611111111
6287,500.40696527777794
6288,503.96559791666664
6289,500.7712263888888
6290,500.7482430555554
6291,494.8858347222221
6292,491.353798611111
6293,490.33546180555555
6294,480.32219305555554
6295,476.24169722222223
6296,480.2146055555556
6297,475.51738263888893
6298,470.29410277777777
6299,504.06326250000023
6300,508.7825006944444
6301,514.0188861111112
6302,515.2573354166666
6303,504.3698118055556
6304,505.3513388888891
6305,503.5665736111111
6306,498.14086041666667
6307,494.85071805555555
6308,498.4045125
6309,492.39594097222226
6310,489.3711312499999
6311,491.9018270833332
6312,498.13483819444446
6313,492.4366916666667
6314,494.9862284722222
6315,493.54927777777795
6316,488.7805069444445
6317,487.3988180555555
6318,490.81039444444434
6319,487.44921111111114
6320,488.2797479166665
6321,484.3102569444443
6322,481.69641458333336
6323,480.7595569444445
6324,479.915901388889
6325,480.18548611111123
6326,476.0515083333332
6327,479.3575534722223
6328,476.3065055555555
6329,476.4869666666667
6330,478.0360652777777
6331,477.0487965277779
6332,478.62106041666675
6333,478.8028020833333
6334,478.9308083333333
6335,475.4715951388888
6336,481.5897680555556
6337,466.6539138888889
6338,466.30907361111105
6339,466.7864340277777
6340,466.5406472222223
6341,466.82754027777776
6342,469.2766180555557
6343,469.5125909722222
6344,469.83157916666676
6345,468.5894194444445
6346,467.2451687499999
6347,467.1032618055555
6348,468.59710763888893
6349,478.0809756944444
6350,478.1572972222223
6351,476.52835902777775
6352,486.3119173611111
6353,484.6078715277777
6354,486.07904930555554
6355,489.41819583333336
6356,492.3175951388889
6357,494.99368402777776
6358,493.65858125000005
6359,508.9334951388889
6360,509.2486597222222
6361,508.6543020833334
6362,502.4135270833335
6363,512.3832187499999
6364,504.22710833333326
6365,493.5870833333333
6366,489.6146527777778
6367,489.7103250000001
6368,484.4226118055555
6369,485.58799236111116
6370,488.47669305555564
6371,494.5003895833333
6372,490.34017916666664
6373,480.3797680555555
6374,481.6266201388889
6375,482.0571361111112
6376,478.872913888889
6377,496.5657875
6378,489.75233680555556
6379,486.24194791666673
6380,470.94933194444445
6381,472.46226805555546
6382,473.02085416666677
6383,473.78136388888885
6384,478.9558798611111
6385,463.2408548611112
6386,462.3539187500001
6387,468.62715208333327
6388,471.66099166666675
6389,472.2307888888889
6390,469.09889166666676
6391,467.88805208333326
6392,463.52312777777774
6393,463.53375208333347
6394,462.41075694444453
6395,460.92594930555555
6396,458.79462847222226
6397,461.60668819444453
6398,467.7681513888888
6399,513.3666402777778
6400,520.755413888889
6401,525.5215013888889
6402,527.3611361111111
6403,514.428675
6404,513.4426819444445
6405,516.8880125
6406,479.6427527777779
6407,472.8461104166666
6408,466.9383777777777
6409,457.7770166666666
6410,470.12851597222226
6411,477.1103979166667
6412,475.12471944444445
6413,477.66254444444445
6414,470.5052145833334
6415,475.4156715277777
6416,477.4943937499999
6417,478.1046756944444
6418,474.8863493055555
6419,471.06759166666666
6420,482.183890972222
6421,476.9310652777778
6422,481.09317291666656
6423,494.8306208333334
6424,502.57180833333337
6425,513.743096527778
6426,517.8611604166666
6427,513.2194409722222
6428,507.67863472222217
6429,516.1880270833334
6430,514.6255472222223
6431,522.3158166666669
6432,546.1567111111112
6433,537.2255291666668
6434,543.6956041666667
6435,548.8999083333333
6436,555.0292791666666
6437,550.5943270833333
6438,549.3780027777776
6439,535.7445624999999
6440,522.4436576388887
6441,521.6504173611112
6442,522.2123138888888
6443,514.5377083333334
6444,513.3900243055556
6445,517.0441409722223
6446,521.4384694444445
6447,524.9423569444444
6448,533.9126361111109
6449,539.1525958333334
6450,552.9430145833331
6451,561.9690527777776
6452,558.0942763888886
6453,548.7462534722223
6454,541.3830513888889
6455,545.8145583333331
6456,556.5876180555557
6457,546.3962756944445
6458,543.2067131944444
6459,539.5443090277776
6460,538.6293520833332
6461,535.2951618055557
6462,534.3240520833332
6463,536.6866868055553
6464,537.6320618055556
6465,537.4733534722221
6466,533.6706465277778
6467,540.8432458333334
6468,538.5135659722223
6469,540.3987763888889
6470,546.0733833333334
6471,527.7954868055555
6472,530.6172229166667
6473,505.9837708333333
6474,514.1137680555555
6475,519.7234520833333
6476,522.2421736111112
6477,522.4898576388889
6478,507.43837916666666
6479,518.2277381944444
6480,527.5748583333334
6481,523.2616416666668
6482,530.2475902777777
6483,530.7741097222221
6484,528.3428229166666
6485,526.0755319444446
6486,523.8447687500003
6487,518.6161319444443
6488,516.2750013888888
6489,515.689536111111
6490,526.8496291666665
6491,543.4048125
6492,548.4209493055556
6493,547.4433555555555
6494,542.4446569444444
6495,536.7650729166668
6496,535.1786590277776
6497,533.852223611111
6498,532.4229111111109
6499,531.6920638888889
6500,535.134325
6501,534.6957868055555
6502,533.695788888889
6503,530.86449375
6504,526.2767548611112
6505,523.663190277778
6506,524.0073826388888
6507,523.4863409722223
6508,518.8222236111112
6509,506.64703888888886
6510,507.28365416666657
6511,502.454534027778
6512,497.69696875
6513,502.1508791666666
6514,503.1173854166667
6515,506.70555277777794
6516,507.7711104166668
6517,509.95602152777775
6518,518.4509069444443
6519,519.4703694444444
6520,523.9433763888887
6521,532.0789798611112
6522,537.2262506944444
6523,530.556407638889
6524,533.3623569444444
6525,529.503123611111
6526,545.240698611111
6527,545.1420791666668
6528,556.3222881944442
6529,551.4809687500001
6530,552.928732638889
6531,559.9900458333333
6532,556.7645784722221
6533,554.3763423611113
6534,541.3164333333333
6535,537.4987041666666
6536,536.6433340277781
6537,539.3270583333333
6538,541.9753840277777
6539,538.6956909722225
6540,553.4562486111109
6541,554.8171736111109
6542,550.3048208333335
6543,559.8714333333335
6544,557.0304666666666
6545,554.7104645833333
6546,556.8380805555555
6547,554.1450444444444
6548,552.9102756944444
6549,547.7496277777777
6550,547.0994916666667
6551,556.181551388889
6552,562.7152756944445
6553,561.8762215277777
6554,561.0043055555557
6555,557.2115291666665
6556,554.84875
6557,554.0776638888889
6558,554.4594013888889
6559,550.6436986111112
6560,546.8562777777777
6561,544.2248569444446
6562,556.0553881944442
6563,576.7006930555555
6564,572.2545319444444
6565,557.3858833333333
6566,550.0455916666667
6567,567.4812979166668
6568,560.3037298611112
6569,556.6637229166668
6570,556.0433784722223
6571,541.4978458333333
6572,527.4516416666667
6573,535.6348638888888
6574,550.0633777777778
6575,550.8750770833333
6576,548.0037993055554
6577,549.604611111111
6578,536.4032631944444
6579,528.2474145833335
6580,523.8259506944445
6581,524.4568458333334
6582,521.1230319444444
6583,520.1136131944445
6584,514.4172222222222
6585,515.1963173611111
6586,515.3704118055555
6587,522.279975
6588,516.2255819444445
6589,511.6541409722223
6590,512.2114527777779
6591,514.5137465277777
6592,513.7411375
6593,515.51175625
6594,515.7024055555556
6595,513.564467361111
6596,508.67958125
6597,511.20849930555556
6598,500.55650208333327
6599,487.7399048611111
6600,501.50511666666665
6601,507.1685437500002
6602,509.21085624999995
6603,508.6032409722222
6604,508.49699097222214
6605,508.2191201388889
6606,510.75655138888885
6607,508.80729166666663
6608,509.07993055555556
6609,509.2081944444444
6610,509.44085625
6611,509.68013888888885
6612,509.8774069444444
6613,510.1418979166668
6614,510.2905326388889
6615,510.50791666666663
6616,512.1384958333333
6617,512.0167125
6618,513.3287499999999
6619,516.1606715277778
6620,511.8469215277778
6621,523.7709062500002
6622,524.9831319444445
6623,528.3013861111111
6624,532.9872680555558
6625,531.2486090277777
6626,530.6071333333333
6627,524.2293534722222
6628,519.0679368055554
6629,520.4515222222224
6630,518.6750243055557
6631,519.0971347222221
6632,522.8788229166666
6633,537.8896805555556
6634,530.236707638889
6635,541.5971972222223
6636,542.7327812499999
6637,540.4428187500001
6638,550.36923125
6639,538.1775034722222
6640,529.310726388889
6641,524.7138215277779
6642,527.8357666666667
6643,540.4350194444443
6644,534.1585874999998
6645,544.4152562500001
6646,556.1215250000001
6647,573.7283340277778
6648,575.1595374999999
6649,560.1124055555555
6650,556.6893493055555
6651,553.5634506944443
6652,557.3986131944444
6653,551.10715
6654,556.5646791666667
6655,555.5369180555556
6656,558.5312986111111
6657,561.0243048611111
6658,571.5371291666665
6659,574.9783833333333
6660,567.3704868055556
6661,560.0289326388887
6662,544.1178270833334
6663,559.7153506944444
6664,550.7719236111111
6665,547.8240076388887
6666,538.8882145833336
6667,548.6753451388888
6668,543.5452520833333
6669,529.2510409722223
6670,524.6903034722222
6671,526.3916666666665
6672,522.4450951388889
6673,519.5280048611112
6674,514.0740263888888
6675,514.0487541666668
6676,515.1705791666666
6677,514.6345097222222
6678,513.5498402777779
6679,512.3168423611111
6680,508.79220208333334
6681,507.44183194444446
6682,530.5435347222223
6683,531.5767645833333
6684,536.720973611111
6685,533.6740062499998
6686,531.500925
6687,530.7344222222221
6688,535.5519458333332
6689,527.202065277778
6690,531.0695583333334
6691,536.9926875000001
6692,550.8854680555555
6693,549.931554861111
6694,557.0733284722222
6695,563.9390930555555
6696,575.1931493055556
6697,560.2565263888888
6698,548.6069034722223
6699,531.3090770833334
6700,533.6139097222223
6701,530.2802354166666
6702,530.5685208333333
6703,526.2886333333333
6704,525.0561541666667
6705,519.9543270833333
6706,511.64671527777784
6707,526.5562277777777
6708,541.6462805555554
6709,531.9901395833333
6710,532.04786875
6711,549.2431965277776
6712,553.1942118055556
6713,557.7650041666666
6714,563.742875
6715,569.2173354166665
6716,562.6157416666668
6717,562.9377756944443
6718,545.9004375000001
6719,541.4392625
6720,533.4545104166667
6721,527.3958027777777
6722,531.932726388889
6723,539.0055055555556
6724,530.7225979166667
6725,526.4755562500002
6726,503.56682847222226
6727,488.04275902777783
6728,486.151554861111
6729,488.104742361111
6730,509.583961111111
6731,522.5880819444446
6732,533.3226895833333
6733,537.7142166666669
6734,537.481923611111
6735,531.5841215277776
6736,530.1392798611112
6737,532.1421326388886
6738,534.6000041666666
6739,530.0835618055555
6740,504.7190701388888
6741,503.0331034722223
6742,498.70916388888884
6743,495.3064847222223
6744,497.4055833333333
6745,499.0206499999999
6746,502.5948166666667
6747,495.1822194444444
6748,502.01997152777767
6749,494.4041916666666
6750,497.6184243055555
6751,491.6073124999999
6752,492.90636874999996
6753,489.9979166666666
6754,490.2201388888889
6755,490.4423611111111
6756,490.66458333333327
6757,490.88680555555555
6758,491.10902777777784
6759,491.33125
6760,491.5534722222222
6761,491.7756944444444
6762,491.9979166666667
6763,492.22013888888887
6764,492.44236111111104
6765,492.66458333333327
6766,492.8868055555556
6767,493.1090277777778
6768,493.33125
6769,488.3868055555555
6770,488.60902777777784
6771,488.83125
6772,489.0534722222222
6773,489.2756944444444
6774,489.33125
6775,489.55347222222224
6776,489.7756944444444
6777,489.9979166666666
6778,490.2201388888889
6779,490.4423611111111
6780,490.66458333333327
6781,490.88680555555555
6782,491.10902777777784
6783,491.33125
6784,491.5534722222222
6785,491.7756944444444
6786,491.9979166666667
6787,492.22013888888887
6788,492.44236111111104
6789,492.66458333333327
6790,492.8868055555556
6791,493.1090277777778
6792,493.33125
6793,488.3868055555555
6794,488.60902777777784
6795,488.83125
6796,489.0534722222222
6797,489.2756944444444
6798,489.33125
6799,489.55347222222224
6800,489.7756944444444
6801,489.9979166666666
6802,490.2201388888889
6803,490.4423611111111
6804,490.66458333333327
6805,490.88680555555555
6806,491.10902777777784
6807,491.33125
6808,491.5534722222222
6809,491.7756944444444
6810,491.9979166666667
6811,492.22013888888887
6812,492.44236111111104
6813,492.66458333333327
6814,492.8868055555556
6815,493.1090277777778
6816,493.33125
6817,488.3868055555555
6818,488.60902777777784
6819,488.83125
6820,489.0534722222222
6821,489.2756944444444
6822,489.33125
6823,489.55347222222224
6824,489.7756944444444
6825,489.9979166666666
6826,490.2201388888889
6827,490.4423611111111
6828,490.66458333333327
6829,490.88680555555555
6830,491.10902777777784
6831,491.33125
6832,491.5534722222222
6833,491.7756944444444
6834,491.9979166666667
6835,492.22013888888887
6836,492.44236111111104
6837,492.66458333333327
6838,492.8868055555556
6839,493.1090277777778
6840,493.33125
6841,488.3868055555555
6842,488.60902777777784
6843,488.83125
6844,489.0534722222222
6845,489.2756944444444
6846,489.33125
6847,489.55347222222224
6848,489.7756944444444
6849,489.9979166666666
6850,490.2201388888889
6851,490.4423611111111
6852,490.66458333333327
6853,490.88680555555555
6854,491.10902777777784
6855,491.4269902777778
6856,493.4336569444444
6857,493.7024777777778
6858,493.8954166666667
6859,493.73263888888886
6860,492.8558791666667
6861,492.57011597222214
6862,492.31516180555553
6863,492.07472222222214
6864,492.5528472222223
6865,487.7245138888889
6866,488.27444513888884
6867,490.4988194444445
6868,488.0904631944445
6869,488.2935881944445
6870,488.4711111111111
6871,488.5739125
6872,488.8264347222222
6873,489.0512034722222
6874,493.73784999999987
6875,556.1077840277778
6876,548.9202784722222
6877,537.8104618055555
6878,547.4043270833336
6879,528.5334027777776
6880,509.03761777777777
6881,537.9143236111113
6882,527.137823611111
6883,536.945317361111
6884,536.150045138889
6885,524.6272229166667
6886,511.8696972222221
6887,512.9647965277777
6888,519.3915694444445
6889,523.3128291666665
6890,530.7428493055556
6891,526.7669888888888
6892,526.5209458333331
6893,532.2777972222223
6894,531.5699763888889
6895,527.8798152777778
6896,526.383286111111
6897,525.2429875
6898,526.8735583333332
6899,530.9541875000001
6900,555.3476395833333
6901,561.9732868055553
6902,537.8378916666667
6903,534.3134854166667
6904,554.6611305555556
6905,568.0744465277777
6906,563.9967402777777
6907,549.7725402777778
6908,543.6623770833334
6909,522.5698138888888
6910,522.9454145833333
6911,529.3069243055556
6912,531.4493034722223
6913,498.8895083333333
6914,489.1916263888889
6915,489.3909319444445
6916,497.6762562499999
6917,493.1644027777779
6918,490.0742659722222
6919,486.53662152777775
6920,488.26523333333336
6921,484.5338145833333
6922,499.13497222222225
6923,520.3992847222222
6924,531.3610159722224
6925,552.9660166666664
6926,544.2593993055556
6927,533.5979868055554
6928,533.7109729166666
6929,549.1106222222222
6930,548.6491909722221
6931,558.1254159722223
6932,546.0108381944447
6933,542.9684409722221
6934,530.5602812500001
6935,526.6801590277779
6936,524.7629840277777
6937,516.6076631944445
6938,533.0065006944443
6939,527.6849319444445
6940,527.3179437499999
6941,516.3418041666666
6942,506.123304861111
6943,495.76083680555547
6944,488.47733888888877
6945,486.9023826388889
6946,491.5034763888888
6947,507.28229722222216
6948,560.9981166666666
6949,558.3450722222221
6950,552.5290034722221
6951,540.8388833333333
6952,540.7560666666666
6953,532.1052444444443
6954,530.4813680555554
6955,531.0862986111111
6956,529.8181763888889
6957,525.5074798611112
6958,519.026825
6959,526.1120819444446
6960,523.1486402777776
6961,510.67148333333324
6962,504.834279861111
6963,501.5741972222222
6964,495.94196736111127
6965,492.9482159722222
6966,490.63876874999994
6967,483.7321229166667
6968,458.6591916666667
6969,469.3288715277778
6970,462.5854409722222
6971,476.68345347222237
6972,502.961426388889
6973,502.54477638888886
6974,502.1721798611112
6975,500.4143944444444
6976,508.28824097222224
6977,501.49032152777795
6978,487.11640972222233
6979,483.2783097222223
6980,493.4815118055556
6981,483.66368333333327
6982,485.516804861111
6983,479.9515555555555
6984,481.89837708333334
6985,473.9360631944444
6986,473.07560138888886
6987,471.00590138888896
6988,473.87830833333334
6989,476.15310069444445
6990,473.11312847222223
6991,473.9721798611111
6992,475.5350229166667
6993,479.83131736111113
6994,480.77261111111113
6995,485.6510006944446
6996,482.95541458333344
6997,488.03928541666664
6998,496.37858819444455
6999,494.8316423611112
7000,491.6851180555556
7001,498.8607604166668
7002,501.10169375000004
7003,498.5087263888889
7004,495.6020618055556
7005,493.81219930555557
7006,493.6858305555555
7007,492.5758368055557
7008,472.6863881944445
7009,462.57932777777785
7010,464.2603222222222
7011,465.36866041666667
7012,462.5358388888887
7013,461.1780770833333
7014,461.1294916666667
7015,458.24548958333327
7016,463.97280277777776
7017,450.67597152777785
7018,459.85046111111114
7019,455.12701180555547
7020,465.3057673611112
7021,474.09372777777776
7022,482.93541527777774
7023,486.56967638888887
7024,490.9054368055556
7025,486.3299256944445
7026,486.4805979166666
7027,486.19611875
7028,484.0174312500001
7029,487.074186111111
7030,481.0656256944446
7031,477.7306722222222
7032,473.84266111111094
7033,480.890001388889
7034,481.62555416666675
7035,486.1385451388889
7036,466.73034930555576
7037,468.41541527777775
7038,445.5652597222222
7039,445.81693958333346
7040,442.7940965277779
7041,448.2198604166666
7042,453.0742395833334
7043,452.3776902777778
7044,458.03694652777784
7045,469.1979854166668
7046,474.48879444444435
7047,484.60942500000016
7048,491.1779631944445
7049,490.40680277777795
7050,492.7729416666667
7051,473.15180347222224
7052,485.7955625
7053,481.2859263888889
7054,484.64028263888895
7055,469.44893402777785
7056,470.3351638888889
7057,613.4544756944446
7058,618.983173611111
7059,626.4101409722224
7060,613.7045555555555
7061,603.7965986111111
7062,611.9034256944443
7063,614.1092138888889
7064,613.736617361111
7065,614.4232909722223
7066,614.201688888889
7067,616.604807638889
7068,598.6762659722223
7069,593.339420138889
7070,580.4892111111111
7071,589.2967805555555
7072,601.3032673611111
7073,596.5624965277776
7074,594.3397659722222
7075,605.6961881944445
7076,606.6845812500002
7077,603.0211569444446
7078,589.3436562500001
7079,617.4343270833334
7080,637.0572895833334
7081,630.6310201388889
7082,622.9918027777779
7083,626.8560020833332
7084,616.8917493055555
7085,619.7364083333334
7086,616.1323180555555
7087,606.8474284722222
7088,620.6910666666668
7089,607.1248368055557
7090,604.3931020833334
7091,615.0872152777778
7092,615.9304881944444
7093,605.3508131944446
7094,607.6877298611112
7095,593.2099305555556
7096,580.4165055555557
7097,582.0251854166668
7098,580.8853916666668
7099,574.186526388889
7100,568.723895138889
7101,566.1866937500001
7102,559.6110666666667
7103,570.2476388888889
7104,574.0522472222224
7105,578.5141868055556
7106,586.2006256944443
7107,590.568725
7108,591.0389590277778
7109,591.5708118055556
7110,597.2579006944446
7111,596.0445145833334
7112,591.7042833333333
7113,581.6939569444446
7114,587.259328472222
7115,588.6546319444444
7116,586.9388666666669
7117,584.3642354166665
7118,577.8805354166665
7119,563.7678673611109
7120,597.6040048611111
7121,595.4472194444445
7122,586.5908881944443
7123,595.2393090277778
7124,594.6428986111109
7125,593.7345583333333
7126,595.7463194444443
7127,601.9123666666668
7128,600.7140090277777
7129,596.2758743055556
7130,588.8296805555555
7131,584.3300381944446
7132,586.0813152777777
7133,589.8497722222221
7134,583.8692166666666
7135,575.1816944444445
7136,564.5920791666666
7137,556.4509965277779
7138,559.3863
7139,567.4144402777777
7140,588.0656048611111
7141,577.0461798611112
7142,579.8116493055558
7143,579.9019756944444
7144,570.8551597222221
7145,578.9752375
7146,591.5790756944444
7147,602.5805326388888
7148,599.7522874999999
7149,591.8581993055554
7150,598.2116472222222
7151,593.4477097222222
7152,593.5856437499999
7153,578.1819034722225
7154,580.1796534722221
7155,574.81096875
7156,572.8823423611113
7157,583.6306895833334
7158,579.2087298611111
7159,582.2114986111111
7160,590.7285423611113
7161,600.243725
7162,610.2373604166668
7163,610.235
7164,606.0620638888888
7165,606.5376381944445
7166,609.5177472222223
7167,609.9658347222223
7168,606.03173125
7169,596.1186909722223
7170,590.4149090277779
7171,591.553538888889
7172,594.6108131944445
7173,598.9959798611113
7174,595.4099597222221
7175,597.4902041666668
7176,608.1812729166664
7177,620.132634027778
7178,617.9669458333332
7179,621.7830020833331
7180,608.0224958333332
7181,606.0994701388888
7182,598.1078416666667
7183,594.6325965277778
7184,596.6336569444446
7185,594.8404854166665
7186,598.1584999999999
7187,611.9099541666667
7188,610.9580756944445
7189,607.7453451388889
7190,621.7201208333332
7191,626.5032597222223
7192,624.1850486111109
7193,620.4067854166667
7194,624.8510152777776
7195,622.5862673611113
7196,625.3204145833334
7197,634.5916701388891
7198,633.6764604166666
7199,633.9720145833331
7200,608.3488180555556
7201,602.5135402777775
7202,609.1442798611113
7203,599.3203472222222
7204,606.2046965277777
7205,614.1330284722221
7206,619.526529861111
7207,618.4722847222224
7208,631.2989375
7209,636.1487937499999
7210,633.5033812500001
7211,629.0106263888888
7212,630.3555083333331
7213,618.8064604166665
7214,625.9698916666667
7215,631.2943666666667
7216,621.3584041666668
7217,620.8378652777777
7218,607.9935145833334
7219,607.071688888889
7220,599.7785250000001
7221,588.7876104166667
7222,598.1413680555554
7223,594.580042361111
7224,596.6170187499998
7225,593.0925034722223
7226,605.8165305555553
7227,614.1168812499999
7228,614.1318256944445
7229,612.5769972222223
7230,609.3298756944445
7231,589.0834451388891
7232,587.5393104166666
7233,591.7329847222222
7234,596.463171527778
7235,605.9615499999998
7236,622.9009687500001
7237,610.8421541666665
7238,625.6365722222222
7239,622.1093819444444
7240,613.79870625
7241,607.9515819444447
7242,586.6433312499998
7243,615.054323611111
7244,616.7539125
7245,619.777317361111
7246,630.0439027777776
7247,628.096438888889
7248,623.1155576388888
7249,609.0180611111111
7250,624.6160958333332
7251,608.4108777777778
7252,606.66074375
7253,604.5413958333334
7254,599.039536111111
7255,590.7665513888888
7256,587.87898125
7257,590.9326875
7258,597.6955819444444
7259,580.0812513888886
7260,578.2857812499999
7261,580.8781013888889
7262,569.9294659722223
7263,556.7912680555555
7264,572.2337291666668
7265,602.8403979166667
7266,596.3161993055554
7267,582.5437277777777
7268,580.6072034722223
7269,571.0302541666666
7270,576.6524097222222
7271,583.5902284722222
7272,589.6982131944442
7273,584.7976861111111
7274,583.4501124999999
7275,586.1801875
7276,580.205738888889
7277,578.6997909722222
7278,573.9223659722222
7279,575.1442638888889
7280,570.546342361111
7281,587.2364840277777
7282,605.620423611111
7283,620.0076902777778
7284,605.4030791666665
7285,601.2943097222222
7286,596.4651833333335
7287,586.0156277777777
7288,566.9147708333334
7289,566.1317118055554
7290,570.5894465277779
7291,575.8950923611111
7292,558.8641208333331
7293,551.4365034722222
7294,562.6543993055554
7295,566.3439131944444
7296,581.2755722222222
7297,587.4723187500001
7298,591.1580027777777
7299,588.6806541666668
7300,581.7134027777778
7301,570.5345854166668
7302,569.0925409722222
7303,560.112970138889
7304,551.152471527778
7305,543.3151590277778
7306,547.0726659722222
7307,544.7580145833332
7308,535.6320083333333
7309,537.3759069444444
7310,535.7192187499999
7311,521.1451645833332
7312,528.2670833333334
7313,555.1296847222221
7314,551.4234722222224
7315,548.4602805555556
7316,556.2085881944445
7317,557.886275
7318,551.9688659722223
7319,542.8275972222223
7320,544.2272263888889
7321,536.8537270833333
7322,534.6279388888889
7323,533.5787958333333
7324,531.5337993055555
7325,532.1568034722222
7326,529.5646104166666
7327,515.7944215277778
7328,511.8799333333335
7329,512.0570868055556
7330,514.6521993055555
7331,523.8681888888888
7332,524.4637048611112
7333,528.7620395833334
7334,529.1838930555556
7335,531.6221583333331
7336,529.6115263888887
7337,518.1032125
7338,510.90731666666665
7339,505.2338423611111
7340,517.0312729166665
7341,515.3083812499999
7342,519.6331986111111
7343,520.4550743055556
7344,539.0253930555555
7345,536.3821583333336
7346,537.157688888889
7347,531.7182187499999
7348,533.2375201388891
7349,533.7263368055553
7350,533.083590277778
7351,527.0910624999999
7352,515.9906680555556
7353,513.1087027777777
7354,509.1590729166665
7355,499.84872986111117
7356,496.41140972222223
7357,511.9760868055556
7358,554.44875
7359,571.8966638888888
7360,569.6408340277776
7361,561.0256284722221
7362,563.2128312500001
7363,550.663336111111
7364,546.3984722222222
7365,554.9692319444443
7366,559.5153215277778
7367,572.4667340277776
7368,583.4707375
7369,579.0858340277777
7370,550.1707854166665
7371,534.6691215277777
7372,527.3558354166667
7373,518.1684729166667
7374,517.9853312500002
7375,515.0605777777777
7376,512.115465277778
7377,501.96484236111115
7378,495.5615965277776
7379,510.61471805555567
7380,522.5463451388888
7381,539.3800909722222
7382,537.178240972222
7383,550.8168944444445
7384,545.0234944444445
7385,558.0041868055554
7386,547.7708104166667
7387,552.3851409722223
7388,556.3208826388887
7389,529.0153465277779
7390,538.8742777777778
7391,562.86058125
7392,559.6068500000002
7393,568.0280298611109
7394,575.063120138889
7395,580.5072944444444
7396,591.6526201388889
7397,557.4007875000001
7398,557.4597902777778
7399,537.5206888888889
7400,524.7033291666667
7401,522.3072006944444
7402,526.1436340277777
7403,537.4002277777779
7404,535.2342791666665
7405,523.2403986111111
7406,539.1676652777778
7407,541.5109513888892
7408,548.0780291666669
7409,555.2870381944444
7410,534.3783124999999
7411,532.2378270833334
7412,530.8859229166667
7413,518.1958833333334
7414,529.9507902777779
7415,548.5982673611112
7416,559.0828236111113
7417,551.2138194444442
7418,551.3955597222223
7419,540.928426388889
7420,536.148948611111
7421,528.7371215277778
7422,522.8151381944443
7423,520.9089083333334
7424,503.2024083333334
7425,513.9359916666666
7426,507.40314722222223
7427,519.383148611111
7428,537.0683861111111
7429,539.572082638889
7430,542.3357576388889
7431,553.6091722222222
7432,552.3150722222222
7433,554.2860861111112
7434,529.8112722222221
7435,547.1087013888887
7436,554.2695833333333
7437,558.3107395833333
7438,579.3199104166667
7439,574.4635409722222
7440,551.1068125
7441,572.2082902777777
7442,601.1458645833332
7443,599.5833756944445
7444,604.836570138889
7445,599.0380791666668
7446,606.9809277777777
7447,579.314323611111
7448,565.9199777777778
7449,562.5620999999999
7450,557.8213423611112
7451,552.3447055555555
7452,568.3356194444444
7453,582.5627270833332
7454,578.4674506944446
7455,590.3993333333334
7456,601.9991631944445
7457,588.6939361111109
7458,602.8184305555557
7459,605.6172465277779
7460,610.154426388889
7461,609.1783569444442
7462,611.0854611111108
7463,601.69058125
7464,629.4690736111111
7465,618.8974312500002
7466,625.1910347222223
7467,612.9183319444445
7468,604.4146506944444
7469,616.6243347222222
7470,601.2374916666668
7471,578.3383388888889
7472,576.4384680555555
7473,583.3057604166668
7474,603.9609916666668
7475,622.4381284722222
7476,600.34944375
7477,602.7322027777776
7478,600.56446875
7479,592.5412673611111
7480,580.8475916666666
7481,580.4495361111111
7482,587.0036263888891
7483,613.9079881944443
7484,610.5002041666665
7485,614.1067118055556
7486,608.9845159722221
7487,616.4354131944444
7488,616.6477111111111
7489,620.012198611111
7490,630.2370368055557
7491,641.0908034722222
7492,627.933776388889
7493,624.5540006944444
7494,613.0765034722222
7495,603.4056006944444
7496,600.9040506944444
7497,599.1783583333334
7498,598.5139562500001
7499,602.7180659722222
7500,606.656876388889
7501,613.1582694444444
7502,604.7574583333335
7503,608.6837784722222
7504,591.7103527777778
7505,580.9712722222222
7506,577.9131041666665
7507,574.1376430555556
7508,591.8972173611111
7509,614.3570201388889
7510,610.88583125
7511,609.4690041666667
7512,610.7507409722224
7513,603.7683520833333
7514,613.9437944444446
7515,623.5748368055556
7516,611.4406465277779
7517,604.1276145833333
7518,597.6673312500001
7519,588.7929159722224
7520,578.0716722222221
7521,577.4943486111113
7522,574.706348611111
7523,577.8168298611112
7524,585.7874333333333
7525,589.384778472222
7526,605.7665506944445
7527,612.8584243055554
7528,625.3489645833332
7529,627.240790972222
7530,614.6230520833336
7531,606.4007409722223
7532,609.354120138889
7533,615.3174777777778
7534,615.52416875
7535,618.1368444444444
7536,624.0258541666667
7537,602.4939368055557
7538,609.8890729166667
7539,611.1389854166665
7540,592.376525
7541,580.730470138889
7542,580.8582173611111
7543,581.9133368055556
7544,585.2804909722222
7545,587.6377805555554
7546,578.3348152777777
7547,580.7005097222223
7548,550.558147222222
7549,542.9915062500002
7550,544.4774513680554
7551,534.4319877222223
7552,557.9334777777777
7553,554.2736111111111
7554,554.4958333333333
7555,554.7180555555556
7556,554.9402777777777
7557,555.1625
7558,555.3847222222221
7559,555.6069444444444
7560,555.8291666666667
7561,550.7180555555556
7562,550.9402777777777
7563,551.1624999999999
7564,551.3847222222222
7565,551.6069444444445
7566,551.8291666666665
7567,552.0513888888888
7568,552.2736111111111
7569,553.1555791666667
7570,551.7519875
7571,535.9386534722221
7572,534.6364124999999
7573,546.4407145833333
7574,544.4726131944444
7575,534.1821999999999
7576,526.4426611111111
7577,524.0699618055556
7578,544.1833291666667
7579,542.5019513888889
7580,550.5754166666667
7581,579.7110881944446
7582,581.6894840277779
7583,599.7747472222221
7584,608.5695805555555
7585,600.8304430555554
7586,610.6404875
7587,613.1250958333333
7588,575.7723791666666
7589,564.1196993055556
7590,557.8007409722223
7591,530.8825006944443
7592,525.3505993055555
7593,534.9396305555555
7594,530.3389090277776
7595,551.7893506944446
7596,543.7241416666666
7597,539.0704680555556
7598,546.9458284722222
7599,567.8126604166666
7600,559.3186604166668
7601,565.4976805555555
7602,559.5171361111109
7603,559.6734027777777
7604,562.7510430555556
7605,590.2278069444443
7606,615.841690277778
7607,621.849859722222
7608,602.6848395833333
7609,597.2839645833333
7610,635.1796576388888
7611,648.4906062499998
7612,623.1772868055555
7613,608.3598124999999
7614,606.816690277778
7615,603.7526569444444
7616,599.1598277777777
7617,595.7367826388886
7618,590.1832465277777
7619,602.9699076388888
7620,611.0780145833332
7621,623.6220159722224
7622,611.6831270833331
7623,601.8118270833334
7624,591.5743798611112
7625,569.2738465277778
7626,591.8902243055554
7627,653.919471527778
7628,654.7128263888891
7629,642.4009013888889
7630,652.7464354166668
7631,650.5909298611111
7632,651.4354652777779
7633,670.8169243055557
7634,667.8002520833335
7635,668.3428006944445
7636,658.5020625
7637,645.2778000000001
7638,638.0001687500001
7639,631.5610229166667
7640,630.4337069444445
7641,631.8417333333333
7642,635.308961111111
7643,644.4816756944444
7644,647.6695562500001
7645,663.608286111111
7646,611.7623215277778
7647,587.034138888889
7648,599.9682437500003
7649,597.07023125
7650,603.8934722222222
7651,614.5870895833334
7652,612.8030798611112
7653,610.1052069444443
7654,605.8826180555556
7655,599.145551388889
7656,624.1154784722223
7657,618.0309256944445
7658,623.5367090277779
7659,617.1240527777777
7660,612.795275
7661,600.5961583333333
7662,602.4907881944445
7663,592.1662451388889
7664,586.2427270833333
7665,577.4360409722221
7666,581.7858083333335
7667,577.5453951388889
7668,580.5741430555555
7669,585.5396027777775
7670,605.9101618055556
7671,615.7494854166666
7672,616.6882430555556
7673,624.2695104166667
7674,628.9607375
7675,631.9734590277778
7676,635.2626881944445
7677,631.9990263888889
7678,615.7255694444443
7679,628.7808784722223
7680,616.4050402777776
7681,618.7133319444446
7682,618.3045888888889
7683,632.5403506944443
7684,632.4682131944445
7685,627.1326361111112
7686,625.2865034722222
7687,620.1390930555556
7688,628.9211965277779
7689,619.3325430555556
7690,625.6261569444443
7691,623.5131722222222
7692,637.2422236111111
7693,640.068540277778
7694,627.8121243055556
7695,623.2030125000001
7696,631.0384034722225
7697,632.0708500000001
7698,623.2234256944445
7699,632.7915770833334
7700,648.0183513888891
7701,654.3929368055556
7702,625.1051229166668
7703,633.5635868055557
7704,646.8620611111111
7705,641.4540513888887
7706,636.4298888888889
7707,651.4598340277779
7708,647.5708097222223
7709,650.2244944444444
7710,649.7951159722224
7711,650.7055944444443
7712,652.4668131944442
7713,641.3407013888889
7714,638.4887791666667
7715,632.3776
7716,632.6917416666666
7717,631.2160881944444
7718,630.0052437499999
7719,619.7825756944443
7720,617.660672222222
7721,613.3807888888891
7722,636.4483847222222
7723,638.7687513888891
7724,645.5128062499998
7725,637.7786118055558
7726,643.7338180555554
7727,651.2791895833333
7728,658.7866263888889
7729,648.5233326388886
7730,663.9138395833335
7731,667.8750520833332
7732,665.9227229166667
7733,655.1118493055554
7734,644.1578659722225
7735,637.0106027777776
7736,617.9728875
7737,605.2263173611111
7738,606.3351618055557
7739,624.5276125000001
7740,640.7087486111109
7741,639.0943236111111
7742,646.7601361111109
7743,641.9646312500001
7744,645.5775006944444
7745,638.3928097222223
7746,639.2818972222221
7747,647.1290041666667
7748,641.6205305555553
7749,659.9362263888889
7750,668.5278694444444
7751,672.9094673611111
7752,676.3945034722221
7753,676.6049083333335
7754,668.1934006944446
7755,680.4751479166665
7756,654.3783368055555
7757,644.9256527777778
7758,643.9027284722224
7759,638.0204576388891
7760,627.9161826388892
7761,640.2422215277778
7762,643.7904166666667
7763,636.4595611111113
7764,662.3891895833332
7765,671.1346208333333
7766,674.8335618055553
7767,660.1994194444445
7768,642.1018041666667
7769,663.4027749999999
7770,643.0356506944444
7771,651.8969465277778
7772,625.4006201388887
7773,605.294488888889
7774,613.7443041666668
7775,596.5058090277778
7776,553.1950215277777
7777,532.9800458333333
7778,527.214648611111
7779,526.0040722222222
7780,517.2770812499999
7781,517.1921465277778
7782,506.49481666666674
7783,503.19296458333326
7784,494.51206388888886
7785,488.8482666666667
7786,489.79821736111114
7787,503.00247430555567
7788,536.5460375
7789,577.2070166666665
7790,572.3468159722222
7791,555.8717215277777
7792,558.486942361111
7793,535.9608097222223
7794,529.543561111111
7795,532.6405604166666
7796,522.3776409722221
7797,533.5362069444444
7798,535.3557215277777
7799,520.7783597222221
7800,522.9421263888889
7801,513.2697201388888
7802,541.7191659722221
7803,547.7321763888888
7804,546.4724520833333
7805,542.6328270833334
7806,541.2795111111113
7807,540.3671111111111
7808,538.7687298611112
7809,536.2674381944444
7810,536.2487756944444
7811,527.3104486111112
7812,532.6766916666667
7813,559.3803854166666
7814,569.0715305555556
7815,571.6887958333334
7816,588.7244694444445
7817,588.7521493055556
7818,583.7628715277776
7819,582.1609284722223
7820,586.9392312500001
7821,577.1764131944445
7822,564.959727777778
7823,550.7553881944445
7824,534.0078277777777
7825,516.374420138889
7826,515.0324493055555
7827,516.2360194444445
7828,506.94986458333324
7829,494.5714840277778
7830,491.26414722222233
7831,489.2634493055554
7832,488.52597430555574
7833,485.6142138888888
7834,485.1965541666667
7835,482.6545152777777
7836,478.5156930555556
7837,477.9630791666667
7838,466.1173826388889
7839,470.2677833333333
7840,471.49094861111104
7841,478.26020694444435
7842,483.8118312500001
7843,488.11499652777775
7844,492.6330819444444
7845,491.14214930555556
7846,493.9106729166666
7847,500.7219409722222
7848,504.9021354166666
7849,502.159975
7850,502.59684722222244
7851,490.0700180555554
7852,486.76740138888886
7853,473.7038173611111
7854,467.22837847222223
7855,466.60930555555564
7856,466.1262027777776
7857,470.92564722222227
7858,479.01261666666653
7859,485.7166854166667
7860,491.7574458333333
7861,480.7184250000001
7862,487.75810624999997
7863,570.85285
7864,633.414517361111
7865,636.0597909722223
7866,647.9807256944445
7867,528.3658354166666
7868,520.3597006944444
7869,525.6281645833333
7870,519.7400493055555
7871,524.727661111111
7872,533.4476333333332
7873,521.1976159722221
7874,496.5766444444443
7875,513.5529881944444
7876,522.43185
7877,510.8901881944443
7878,513.1355541666667
7879,508.1860006944443
7880,504.4471958333333
7881,491.06022916666666
7882,473.93300902777764
7883,497.3568270833335
7884,523.8527548611112
7885,523.2079611111112
7886,533.7373395833331
7887,542.34374375
7888,540.7677791666667
7889,549.4383527777778
7890,549.1059993055555
7891,591.9099319444447
7892,599.3050791666666
7893,583.8135854166666
7894,582.497847222222
7895,575.3350513888886
7896,565.1976638888889
7897,551.3475451388888
7898,542.272988888889
7899,557.9580979166666
7900,562.8232416666667
7901,551.1618993055556
7902,548.7335430555553
7903,544.8417118055555
7904,541.6923868055557
7905,533.6320131944444
7906,527.0479840277778
7907,523.5696750000001
7908,533.8956069444445
7909,548.7908576388888
7910,554.3671729166667
7911,554.0113902777777
7912,559.8818055555555
7913,547.2709458333334
7914,530.6723368055555
7915,547.4325027777779
7916,552.5229868055554
7917,545.6596305555555
7918,534.2394201388888
7919,534.0613680555555
7920,529.8481916666665
7921,512.9651819444446
7922,506.5377541666667
7923,505.38955763888885
7924,502.13073402777775
7925,507.25178263888904
7926,506.9368506944445
7927,505.1525902777779
7928,504.71099652777764
7929,501.37757152777795
7930,502.1090493055556
7931,507.03402847222213
7932,512.506201388889
7933,521.1021791666668
7934,524.9419194444444
7935,524.0211131944445
7936,521.0380548611109
7937,534.1295138888888
7938,542.5632868055558
7939,541.5961381944445
7940,538.0610402777779
7941,532.108245138889
7942,528.7569909722222
7943,542.2828534722222
7944,546.8192673611111
7945,541.5954861111111
7946,533.79891875
7947,520.87816875
7948,514.2284500000001
7949,511.8137250000001
7950,510.9528715277779
7951,509.4871423611111
7952,506.301920138889
7953,502.256551388889
7954,499.16349375
7955,512.0754451388888
7956,510.64894305555566
7957,494.30444305555557
7958,505.39986250000004
7959,515.8245833333333
7960,504.21340277777784
7961,516.4459944444444
7962,517.5469458333334
7963,533.1503256944443
7964,530.9209694444445
7965,524.3955118055557
7966,530.500690277778
7967,537.3697729166666
7968,538.8595409722221
7969,551.6564159722222
7970,518.8060618055555
7971,516.02773125
7972,527.7345097222222
7973,538.0907430555555
7974,527.6998659722221
7975,522.81803125
7976,523.8904604166668
7977,527.090832638889
7978,529.1334076388888
7979,527.7046020833333
7980,542.9173777777778
7981,553.6476680555555
7982,551.6759958333332
7983,560.8056666666668
7984,572.2066368055557
7985,572.6885868055556
7986,577.1475895833333
7987,569.6005624999999
7988,570.9981520833333
7989,527.5096305555558
7990,521.7225923611112
7991,516.7162465277777
7992,540.5734465277778
7993,548.4417159722221
7994,549.9095840277778
7995,551.4688680555555
7996,532.2656465277778
7997,555.0126631944445
7998,556.0004083333334
7999,554.7180270833333
8000,555.546526388889
8001,557.4378451388891
8002,555.8516972222222
8003,556.9834569444444
8004,560.9767374999999
8005,563.8562680555556
8006,561.9434256944443
8007,556.4601590277776
8008,542.2851187499998
8009,545.7800951388889
8010,572.7468249999998
8011,580.0039534722221
8012,579.9817416666666
8013,575.6384506944445
8014,530.9394256944446
8015,532.668542361111
8016,548.6930805555556
8017,542.8390930555555
8018,537.7319194444445
8019,539.4256444444445
8020,548.6253444444444
8021,526.7138888888892
8022,513.0362430555555
8023,516.9969409722222
8024,513.9344458333333
8025,514.2106451388888
8026,513.6631291666667
8027,517.3185208333333
8028,487.5031048611111
8029,451.71610972222214
8030,466.55637013888895
8031,492.0144263888889
8032,493.0109701388888
8033,521.3078930555555
8034,540.9440986111111
8035,532.1506423611111
8036,521.9429868055556
8037,503.8104840277778
8038,505.3962465277777
8039,512.3014826388887
8040,523.7238381944444
8041,517.0199076388889
8042,523.5544048611112
8043,514.3206944444445
8044,510.4576493055556
8045,500.98407499999996
8046,504.75823402777786
8047,515.4964111111111
8048,512.8810395833334
8049,511.1968548611111
8050,508.25682499999994
8051,515.6415270833332
8052,528.5557666666667
8053,531.1941701388888
8054,502.2421958333333
8055,522.4215256944444
8056,514.0344659722223
8057,517.2289805555556
8058,499.7941694444445
8059,508.2320124999998
8060,503.8141180555554
8061,491.36852013888875
8062,477.31646180555566
8063,486.08354236111114
8064,503.6462993055554
8065,505.1350722222222
8066,512.2363680555554
8067,518.8948597222221
8068,514.8074819444445
8069,509.86046388888883
8070,512.9621548611111
8071,501.4563868055555
8072,492.2529826388888
8073,484.7971111111111
8074,483.9654173611111
8075,492.53974374999984
8076,486.8209465277776
8077,515.2981437499999
8078,505.03497916666663
8079,515.2934249999998
8080,543.3023569444445
8081,544.4025458333333
8082,546.7741000000001
8083,547.6527513888888
8084,557.4210416666666
8085,569.2220347222222
8086,566.9025527777778
8087,557.8267159722222
8088,556.8656749999999
8089,539.8293784722222
8090,562.5430333333335
8091,541.7845368055556
8092,550.1925937499999
8093,553.7682840277778
8094,553.4686291666666
8095,569.919423611111
8096,563.343288888889
8097,565.581409027778
8098,587.985182638889
8099,591.4748187499999
8100,587.1883118055555
8101,574.11325625
8102,561.945211111111
8103,571.3654131944445
8104,570.7142548611112
8105,567.7696604166667
8106,562.8651652777778
8107,573.6175902777779
8108,577.1344659722222
8109,581.7235965277778
8110,578.4520340277779
8111,551.6534715277778
8112,538.7487715277778
8113,530.7920541666666
8114,544.2988215277776
8115,542.6627611111111
8116,552.8570409722222
8117,554.5912506944446
8118,573.8629340277778
8119,564.1594444444446
8120,563.8920145833333
8121,565.0436340277777
8122,563.523682638889
8123,607.6150229166668
8124,646.5580055555554
8125,649.2618486111112
8126,629.6397680555557
8127,583.9955638888887
8128,568.6991159722222
8129,562.757271527778
8130,579.1413402777777
8131,587.8549534722223
8132,565.924395138889
8133,556.0207590277779
8134,531.251342361111
8135,524.9761791666667
8136,504.28771041666676
8137,492.11101458333343
8138,494.3252083333332
8139,496.39501875000013
8140,505.3156472222222
8141,499.80717847222206
8142,499.79397847222214
8143,493.4551652777779
8144,493.19740833333344
8145,492.54116319444427
8146,494.2292875000001
8147,506.22226597222243
8148,519.6834437499999
8149,539.1268916666667
8150,518.4335840277778
8151,492.96546736111117
8152,508.28417083333346
8153,491.7963159722222
8154,526.918073611111
8155,556.7995590277778
8156,534.8145118055554
8157,513.5521083333333
8158,499.92120069444445
8159,496.05203680555553
8160,498.43759166666666
8161,490.02968124999984
8162,502.7873111111112
8163,509.15324305555566
8164,511.6714645833333
8165,504.525979861111
8166,505.57789930555555
8167,502.6992388888888
8168,495.15092569444454
8169,487.7324763888888
8170,487.8485187499999
8171,488.9420826388888
8172,482.51109583333334
8173,483.508402777778
8174,492.0396979166667
8175,507.33421805555554
8176,495.09231180555554
8177,477.0433381944445
8178,473.80360833333333
8179,482.7843249999998
8180,478.5332187500001
8181,486.6257833333335
8182,496.8208284722223
8183,501.1644916666668
8184,497.7977076388888
8185,475.66449305555545
8186,447.59430625
8187,447.98993125000004
8188,457.1257180555555
8189,490.0696340277779
8190,483.91426111111116
8191,497.1396548611112
8192,464.3995618055556
8193,452.1199770833333
8194,454.3845861111113
8195,461.51694375
8196,460.28140833333345
8197,445.9912743055555
8198,448.73254305555554
8199,457.83854097222223
8200,451.6894222222222
8201,452.38626597222213
8202,464.95064444444444
8203,467.8182166666666
8204,474.48358541666676
8205,495.87876874999995
8206,495.04912430555567
8207,505.9538194444445
8208,518.5599541666667
8209,512.1936576388888
8210,504.5440027777778
8211,504.08407638888895
8212,496.5194701388889
8213,500.646432638889
8214,503.4135402777777
8215,482.9595854166667
8216,481.44599375
8217,484.0434
8218,480.47444166666656
8219,470.7088201388889
8220,471.6157416666666
8221,482.913592361111
8222,467.9435944444445
8223,492.8610666666668
8224,535.4210541666667
8225,541.1682416666666
8226,514.8659506944446
8227,495.893932638889
8228,533.8818027777778
8229,529.5459013888889
8230,516.5879833333335
8231,498.9089798611111
8232,517.7461611111111
8233,504.6573812499999
8234,544.2514541666666
8235,525.0950895833332
8236,521.175770138889
8237,519.4470118055557
8238,511.8746305555557
8239,513.5339881944445
8240,510.86794374999977
8241,500.4140513888888
8242,494.42484375
8243,489.7795611111111
8244,484.08266041666656
8245,489.95995416666665
8246,513.7407631944445
8247,518.5817118055555
8248,513.0717180555556
8249,539.0861354166666
8250,528.8288229166668
8251,551.1404194444443
8252,549.1201131944445
8253,532.4451152777779
8254,536.7332645833334
8255,536.8230805555556
8256,546.0749805555554
8257,550.2760583333334
8258,560.3341180555555
8259,561.1598249999998
8260,574.4651666666666
8261,566.7915736111113
8262,554.4364833333334
8263,524.3852819444445
8264,500.95775624999993
8265,488.7173909722223
8266,486.13817013888894
8267,509.65696805555547
8268,528.1027715277776
8269,521.4436312500002
8270,512.4286548611111
8271,511.21909305555556
8272,535.757172222222
8273,539.1737263888888
8274,527.7334090277778
8275,530.7636770833333
8276,530.7676798611111
8277,509.5702104166667
8278,526.0696319444445
8279,535.7299555555556
8280,543.7721090277778
8281,552.0447215277779
8282,564.0422979166667
8283,565.5427569444445
8284,571.0141652777777
8285,571.9979923611112
8286,560.5086409722221
8287,557.5057180555552
8288,526.0359687499998
8289,516.3225493055555
8290,504.9099805555556
8291,504.8342777777778
8292,515.6880604166665
8293,526.3404145833333
8294,540.7918569444444
8295,554.2324118055556
8296,549.1392354166668
8297,555.3500958333335
8298,565.4155374999999
8299,559.9307340277778
8300,559.5675722222221
8301,554.5540923611109
8302,553.2572
8303,546.7345375
8304,552.0939111111111
8305,560.3184090277775
8306,571.4907111111113
8307,572.9504361111112
8308,556.2884250000002
8309,547.9749493055555
8310,547.5528229166667
8311,541.449277777778
8312,520.0847652777779
8313,514.4599277777778
8314,511.3067819444445
8315,522.5493743055556
8316,528.0146756944445
8317,554.9167395833333
8318,587.5466916666667
8319,584.7237965277778
8320,656.4126645833333
8321,619.54196875
8322,605.4552715277777
8323,589.2220534722221
8324,601.6176131944444
8325,605.279127083333
8326,605.9976131944444
8327,593.5084729166665
8328,585.3044930555556
8329,573.0208555555555
8330,568.153538888889
8331,551.6361562500001
8332,534.3696583333336
8333,527.8390979166668
8334,513.5337930555555
8335,516.2030048611111
8336,514.2881236111114
8337,512.6826180555555
8338,511.0389159722222
8339,516.9067854166667
8340,529.4199770833334
8341,530.17718125
8342,533.985607638889
8343,529.6891694444445
8344,534.2744708333333
8345,541.103823611111
8346,531.7028243055556
8347,526.6165305555556
8348,528.7219895833332
8349,525.3931451388889
8350,530.4103
8351,524.7141604166667
8352,516.5522
8353,526.4088694444445
8354,524.7358805555558
8355,507.8255965277777
8356,491.5913687500001
8357,502.72955763888893
8358,494.6418111111113
8359,494.5762951388889
8360,489.72120694444436
8361,480.0711791666666
8362,476.11264097222227
8363,475.8940979166666
8364,469.48780208333335
8365,492.9836743055555
8366,511.4630979166665
8367,526.7805243055554
8368,533.0390013888888
8369,553.4184736111113
8370,572.0613659722221
8371,573.9015041666667
8372,568.6751631944442
8373,556.3072229166664
8374,546.3078534722222
8375,551.4589333333333
8376,553.0424145833332
8377,557.8352534722223
8378,543.5341701388886
8379,537.404395138889
8380,531.2359270833333
8381,525.7765993055556
8382,524.497386111111
8383,520.5446958333333
8384,512.7840361111112
8385,539.4711847222221
8386,552.957051388889
8387,566.8648590277779
8388,606.17731875
8389,604.9361826388888
8390,535.5396104166666
8391,541.0206979166666
8392,550.4268965277777
8393,562.9077590277778
8394,560.962827777778
8395,557.7483083333333
8396,563.0926583333332
8397,537.6403250000001
8398,535.4412708333335
8399,538.5520208333334
8400,543.1966486111111
8401,532.7353937499998
8402,534.2325458333332
8403,548.4456499999999
8404,556.7098347222224
8405,554.9533368055558
8406,550.7349333333333
8407,551.7335145833333
8408,545.3514076388888
8409,542.400695138889
8410,530.8470583333334
8411,513.9553736111112
8412,514.6634215277778
8413,522.8379791666666
8414,516.8602333333333
8415,536.2171041666666
8416,549.4794249999999
8417,543.8031458333334
8418,564.8721506944444
8419,570.7087013888889
8420,564.892888888889
8421,560.6262562500001
8422,560.9151888888889
8423,565.3617145833334
8424,561.6748638888889
8425,559.4149756944445
8426,564.9146534722221
8427,574.3127090277777
8428,576.635626388889
8429,568.9653493055557
8430,563.0796263888889
8431,562.6288659722221
8432,536.7625020833332
8433,520.8748138888891
8434,594.2393965277778
8435,604.9523666666666
8436,578.0893708333331
8437,573.8280708333333
8438,565.2706680555556
8439,558.9438173611111
8440,540.8169215277777
8441,536.1660402777778
8442,549.5997236111111
8443,542.6220335416667
8444,561.0054631944446
8445,562.4929375000003
8446,565.3508381944446
8447,574.7119708333332
8448,571.2216934027779
8449,565.9541138888887
8450,558.3131226736111
8451,554.4037270833333
8452,550.3504583333334
8453,522.2212053124999
8454,515.5201583333334
8455,507.48602083333327
8456,464.73617923611107
8457,278.45543902777774
8458,262.93263888888885
8459,263.154861111111
8460,263.37708333333325
8461,263.5993055555554
8462,249.95796330555552
8463,396.5825464583334
8464,457.83821541666674
8465,449.397427361111
8466,447.68803263888896
8467,447.60979166666664
8468,447.83354166666675
8469,447.74842500000005
8470,447.35800902777777
8471,448.7948152777778
8472,451.6898840277778
8473,448.1670381944445
8474,447.7272222222223
8475,448.2096736111112
8476,448.3830090277778
8477,448.7269444444444
8478,448.83062430555566
8479,449.5531944444445
8480,450.21388888888896
8481,447.9853006944445
8482,505.5195569444444
8483,522.6280541666666
8484,539.9181055555555
8485,535.2937034722223
8486,527.6313201388888
8487,543.3317215277777
8488,544.3348805555555
8489,555.653607638889
8490,555.8055583333332
8491,601.4249291666666
8492,618.036386111111
8493,633.8638381944445
8494,581.4953666666668
8495,581.8461798611112
8496,579.942752777778
8497,576.2080527777779
8498,577.4933555555556
8499,579.5277770833334
8500,575.4218006944445
8501,578.4299270833333
8502,567.3902493055555
8503,549.3547749999999
8504,550.8962326388888
8505,545.1728479166667
8506,551.0358826388887
8507,544.4128909722223
8508,541.3603256944443
8509,545.642107638889
8510,541.7380569444445
8511,542.4761618055555
8512,549.5191423611112
8513,544.1835604166668
8514,550.5586583333335
8515,559.3613826388889
8516,567.2642569444444
8517,564.4632680555555
8518,569.7457347222223
8519,561.2856006944445
8520,569.2898138888888
8521,564.2562493055556
8522,557.9889826388887
8523,556.1122930555556
8524,557.3520152777776
8525,548.2104888888889
8526,539.9671458333332
8527,539.2390902777777
8528,533.1169666666667
8529,519.357982638889
8530,528.4846055555554
8531,544.5356347222222
8532,548.776925
8533,545.0284520833334
8534,546.6406958333334
8535,552.5230791666667
8536,559.2661125000001
8537,547.5734479166667
8538,552.3015937499998
8539,559.7349312499999
8540,551.6574979166667
8541,558.1308805555554
8542,555.9560194444443
8543,557.9420645833335
8544,556.7047423611114
8545,552.4679180555557
8546,545.6776354166667
8547,535.0490715277778
8548,541.4246756944447
8549,544.2339291666669
8550,533.5919875
8551,543.80791875
8552,537.8742159722223
8553,543.7492111111112
8554,529.5125423611112
8555,521.2647673611111
8556,499.6010631944443
8557,492.1584194444444
8558,494.45638749999995
8559,504.1742687500002
8560,504.7926840277778
8561,507.6818965277777
8562,511.7396083333333
8563,512.6508555555557
8564,510.80217291666673
8565,510.43314097222225
8566,512.3445875
8567,519.6404215277777
8568,530.9846097222222
8569,525.6770645833333
8570,528.7068284722222
8571,527.8540034722222
8572,533.4384798611111
8573,531.2424756944442
8574,528.6379180555556
8575,528.5408388888891
8576,528.6387958333333
8577,523.4689861111111
8578,517.7988173611112
8579,500.95219999999995
8580,487.6286340277779
8581,491.8294444444445
8582,492.9553493055556
8583,480.4547409722223
8584,479.35263888888903
8585,474.5500020833333
8586,478.83687986111113
8587,478.491529861111
8588,476.2127784722224
8589,475.98786875000013
8590,476.6042569444444
8591,480.14838125000006
8592,493.46721805555546
8593,484.93733472222226
8594,477.28793958333335
8595,476.9349513888888
8596,474.1945548611111
8597,473.07870694444443
8598,471.22046736111105
8599,473.18842152777773
8600,475.8153777777777
8601,473.5129340277779
8602,472.53305902777777
8603,467.61659722222225
8604,468.1280819444445
8605,475.7083368055555
8606,478.4567409722223
8607,478.7823368055556
8608,481.7779868055556
8609,482.98588611111114
8610,485.3031916666667
8611,483.24419374999997
8612,481.84060208333347
8613,485.3905784722221
8614,489.0093027777778
8615,488.2033333333334
8616,502.56386319444437
8617,496.70504305555556
8618,486.3822902777776
8619,480.2726375000001
8620,479.38162083333333
8621,478.29989097222216
8622,475.4493534722223
8623,471.06073958333343
8624,472.7475888888889
8625,479.3933555555556
8626,471.98050833333343
8627,472.6600479166667
8628,482.0066729166667
8629,493.07814722222224
8630,488.31166736111106
8631,492.25300972222226
8632,497.64599583333325
8633,522.617704861111
8634,512.4693673611112
8635,514.5784048611112
8636,504.9054625
8637,507.62738749999994
8638,507.4783611111111
8639,500.40696527777794
8640,503.96559791666664
8641,500.7712263888888
8642,500.7482430555554
8643,494.8858347222221
8644,491.353798611111
8645,490.33546180555555
8646,480.32219305555554
8647,476.24169722222223
8648,480.2146055555556
8649,475.51738263888893
8650,470.29410277777777
8651,504.06326250000023
8652,508.7825006944444
8653,514.0188861111112
8654,515.2573354166666
8655,504.3698118055556
8656,505.3513388888891
8657,503.5665736111111
8658,498.14086041666667
8659,494.85071805555555
8660,498.4045125
8661,492.39594097222226
8662,489.3711312499999
8663,491.9018270833332
8664,498.13483819444446
8665,492.4366916666667
8666,494.9862284722222
8667,493.54927777777795
8668,488.7805069444445
8669,487.3988180555555
8670,490.81039444444434
8671,487.44921111111114
8672,488.2797479166665
8673,484.3102569444443
8674,481.69641458333336
8675,480.7595569444445
8676,479.915901388889
8677,480.18548611111123
8678,476.0515083333332
8679,479.3575534722223
8680,476.3065055555555
8681,476.4869666666667
8682,478.0360652777777
8683,477.0487965277779
8684,478.62106041666675
8685,478.8028020833333
8686,478.9308083333333
8687,475.4715951388888
8688,481.5897680555556
8689,466.6539138888889
8690,466.30907361111105
8691,466.7864340277777
8692,466.5406472222223
8693,466.82754027777776
8694,469.2766180555557
8695,469.5125909722222
8696,469.83157916666676
8697,468.5894194444445
8698,467.2451687499999
8699,467.1032618055555
8700,468.59710763888893
8701,478.0809756944444
8702,478.1572972222223
8703,476.52835902777775
8704,486.3119173611111
8705,484.6078715277777
8706,486.07904930555554
8707,489.41819583333336
8708,492.3175951388889
8709,494.99368402777776
8710,493.65858125000005
8711,508.9334951388889
8712,509.2486597222222
8713,508.6543020833334
8714,502.4135270833335
8715,512.3832187499999
8716,504.22710833333326
8717,493.5870833333333
8718,489.6146527777778
8719,489.7103250000001
8720,484.4226118055555
8721,485.58799236111116
8722,488.47669305555564
8723,494.5003895833333
8724,490.34017916666664
8725,480.3797680555555
8726,481.6266201388889
8727,482.0571361111112
8728,478.872913888889
8729,496.5657875
8730,489.75233680555556
8731,486.24194791666673
8732,470.94933194444445
8733,472.46226805555546
8734,473.02085416666677
8735,473.78136388888885
8736,478.9558798611111
8737,463.2408548611112
8738,462.3539187500001
8739,468.62715208333327
8740,471.66099166666675
8741,472.2307888888889
8742,469.09889166666676
8743,467.88805208333326
8744,463.52312777777774
8745,463.53375208333347
8746,462.41075694444453
8747,460.92594930555555
8748,458.79462847222226
8749,461.60668819444453
8750,467.7681513888888
8751,513.3666402777778
8752,520.755413888889
8753,525.5215013888889
8754,527.3611361111111
8755,514.428675
8756,513.4426819444445
8757,516.8880125
8758,479.6427527777779
8759,472.8461104166666
8760,466.9383777777777
