Hour,Load_Profile
0,88.33744450000002
1,89.133577
2,90.20306030000002
3,88.373456
4,86.9467102
5,88.11409329999998
6,88.4317268
7,88.37807289999999
8,88.4769539
9,88.4450432
10,88.79109230000002
11,86.2093823
12,85.44087650000002
13,83.59044639999999
14,84.8587364
15,86.58767050000002
16,85.90499949999997
17,85.58492629999999
18,87.2202511
19,87.36257970000001
20,86.83504660000001
21,84.8654865
22,88.91054310000001
23,91.73624970000002
24,90.8108669
25,89.71081960000001
26,90.2672643
27,88.8324119
28,89.24204280000001
29,88.72305379999999
30,87.3860297
31,89.37951360000001
32,87.4259765
33,87.03260670000002
34,88.572559
35,88.6939903
36,87.17051710000003
37,87.50703310000002
38,85.42223000000001
39,83.57997680000003
40,83.81162670000002
41,83.64749640000002
42,82.68285980000002
43,81.89624090000001
44,81.5308839
45,80.5839936
46,82.11565999999999
47,82.66352360000002
48,83.3060429
49,84.41289009999998
50,85.0418964
51,85.10961010000001
52,85.18619690000001
53,86.00513770000002
54,85.83041010000001
55,85.2054168
56,83.76392980000001
57,84.56534329999998
58,84.766267
59,84.51919680000002
60,84.14844989999997
61,83.21479709999998
62,81.18257289999998
63,86.0549767
64,85.74439960000001
65,84.46908789999999
66,85.71446050000002
67,85.62857739999998
68,85.49777639999999
69,85.78746999999998
70,86.67538080000003
71,86.50281729999999
72,85.8637259
73,84.79147399999998
74,84.14352550000002
75,84.39570939999997
76,84.93836719999999
77,84.07716719999999
78,82.826164
79,81.30125939999999
80,80.1289435
81,80.5516272
82,81.70767939999998
83,84.68144709999999
84,83.09464990000001
85,83.49287750000002
86,83.50588450000001
87,82.20314299999998
88,83.3724342
89,85.1873869
90,86.77159669999999
91,86.36432939999999
92,85.22758069999999
93,86.1424772
94,85.4564702
95,85.47633269999999
96,83.25819410000004
97,83.54587009999999
98,82.7727795
99,82.49505730000003
100,84.04281930000002
101,83.40605710000001
102,83.8384558
103,85.06491010000002
104,86.4350964
105,87.87417990000002
106,87.87384
107,87.27293719999999
108,87.3414199
109,87.77055560000001
110,87.83508020000001
111,87.2685693
112,85.84109150000002
113,85.0197469
114,85.18370960000001
115,85.62395710000001
116,86.25542110000002
117,85.73903419999998
118,86.03858940000002
119,87.57810329999997
120,89.29909930000002
121,88.98724019999999
122,89.53675229999997
123,87.55523939999999
124,87.27832369999999
125,86.1275292
126,85.6270939
127,85.91524660000002
128,85.65702989999998
129,86.134824
130,88.1150334
131,87.97796290000001
132,87.5153297
133,89.5276974
134,90.21646940000001
135,89.88264699999998
136,89.33857710000001
137,89.97854619999998
138,89.65242250000001
139,90.04613970000001
140,91.38120050000002
141,91.2494103
142,91.29197009999997
143,87.6022298
144,86.76194979999995
145,87.71677630000002
146,86.30212999999999
147,87.2934763
148,88.43515609999999
149,89.21182029999999
150,89.06000900000002
151,90.90704699999999
152,91.60542629999999
153,91.2244869
154,90.5775302
155,90.77119319999997
156,89.10813029999998
157,90.13966440000002
158,90.9063888
159,89.47561020000002
160,89.4006526
161,87.55106610000001
162,87.4183232
163,86.3681076
164,84.7854159
165,86.13235699999998
166,85.61952609999999
167,85.91285069999998
168,85.40532050000002
169,87.23758039999998
170,88.43283089999998
171,88.43498290000001
172,88.2110876
173,87.7435021
174,84.82801610000003
175,84.6056607
176,85.2095498
177,85.89069670000002
178,87.25846319999997
179,89.6977395
180,87.96127019999999
181,90.0916664
182,89.58375099999999
183,88.3870137
184,87.54502780000003
185,84.47663969999999
186,88.56782259999999
187,88.8125634
188,89.24793369999999
189,90.72632199999997
190,90.44588720000002
191,89.7286403
192,87.6986008
193,89.94471779999998
194,87.6111664
195,87.3591471
196,87.053961
197,86.2616932
198,85.0703834
199,84.65457330000001
200,85.094307
201,86.0681638
202,83.53170019999997
203,83.27315249999998
204,83.6464466
205,82.06984310000001
206,80.1779426
207,82.40165700000001
208,86.8090173
209,85.8695327
210,83.8862968
211,83.60743730000002
212,82.2283566
213,83.037947
214,84.0369929
215,84.91654269999997
216,84.2108668
217,84.01681619999998
218,84.409947
219,83.54962640000001
220,83.3327699
221,82.6448207
222,82.820774
223,82.15867329999999
224,84.56205369999999
225,87.20934099999998
226,89.28110740000001
227,87.17804339999999
228,86.5863806
229,85.89098640000002
230,84.3862504
231,81.63572700000002
232,81.52296649999997
233,82.16488030000001
234,82.9288933
235,80.47643339999998
236,79.40685649999999
237,81.02223349999998
238,81.5535235
239,83.70368239999999
240,84.59601390000002
241,85.1267524
242,84.77001420000002
243,83.76673000000001
244,82.15698030000001
245,81.94932589999999
246,80.6562677
247,79.36595590000002
248,78.2373829
249,78.7784639
250,78.44515409999998
251,77.1310092
252,77.3821306
253,77.14356749999997
254,75.04490369999999
255,76.07046000000001
256,79.93867459999998
257,79.40498000000001
258,78.9782804
259,80.09403670000002
260,80.3356236
261,79.48351670000001
262,78.167174
263,78.3687206
264,77.3069367
265,76.9864232
266,76.83534660000001
267,76.54086709999999
268,76.63057970000001
269,76.25730389999998
270,74.2743967
271,73.71071040000002
272,73.7362205
273,74.10991669999999
274,75.43701919999998
275,75.52277350000001
276,76.1417337
277,76.2024806
278,76.55359079999998
279,76.26405979999998
280,74.6068626
281,73.5706536
282,72.7536733
283,74.45250329999998
284,74.20440689999998
285,74.8271806
286,74.9455307
287,77.6196566
288,77.23903080000004
289,77.3507072
290,76.56742349999999
291,76.78620290000002
292,76.85659249999998
293,76.76403700000003
294,75.901113
295,74.3026562
296,73.88765319999999
297,73.31890649999998
298,71.97821710000001
299,71.483243
300,73.7245565
301,79.84062
302,82.35311959999999
303,82.02828009999999
304,80.78769049999998
305,81.10264770000002
306,79.29552039999997
307,78.68137999999999
308,79.91556939999998
309,80.57020630000001
310,82.43520969999999
311,84.0197862
312,83.38836009999999
313,79.22459309999998
314,76.99235350000001
315,75.9392403
316,74.6162601
317,74.58988770000002
318,74.16872319999999
319,73.74462700000002
320,72.2829373
321,71.36086989999998
322,73.52851940000002
323,75.24667369999999
324,77.67073309999999
325,77.35366669999999
326,79.3176328
327,78.48338320000002
328,80.35260289999998
329,78.8789967
330,79.54346030000002
331,80.11020709999998
332,76.1782099
333,77.597896
334,81.0519237
335,80.58338640000002
336,81.79603629999997
337,82.80908930000001
338,83.5930504
339,85.19797729999999
340,80.26571340000001
341,80.2742098
342,77.4029792
343,75.5572794
344,75.21223690000001
345,75.76468329999999
346,77.38563280000001
347,77.07373619999998
348,75.34661740000001
349,77.6401438
350,77.97757700000005
351,78.92323620000002
352,79.96133350000001
353,76.95047699999999
354,76.64224710000002
355,76.44757290000001
356,74.62020720000001
357,76.3129138
358,78.99815050000001
359,80.50792660000002
360,79.37478999999998
361,79.40096060000002
362,77.8936934
363,77.20544859999998
364,76.13814550000001
365,75.28537989999998
366,75.01088280000002
367,72.46114680000001
368,74.0067828
369,73.0660532
370,74.79117339999999
371,77.33784759999999
372,77.69837990000002
373,78.09634910000001
374,79.7197208
375,79.5333704
376,79.81719640000001
377,76.29282319999999
378,78.78365299999997
379,79.81482
380,80.39674649999999
381,83.4220671
382,82.7227499
383,79.359381
384,82.39799379999998
385,86.56500449999999
386,86.34000610000001
387,87.09646610000001
388,86.2614834
389,87.40525359999998
390,83.42126259999999
391,81.4924768
392,81.00894239999998
393,80.3262733
394,79.5376376
395,81.8403292
396,83.88903269999999
397,83.2993129
398,85.017504
399,86.68787950000001
400,84.77192679999999
401,86.80585400000001
402,87.20888350000001
403,87.86223740000001
404,87.72168339999997
405,87.99630639999997
406,86.6434437
407,90.6435466
408,89.12123010000002
409,90.02750900000001
410,88.26023980000001
411,87.0357097
412,88.7939042
413,86.57819880000001
414,83.2807208
415,83.0071394
416,83.99602950000002
417,86.97038280000002
418,89.63109049999998
419,86.4503199
420,86.79343719999997
421,86.48128349999999
422,85.3259425
423,83.6420532
424,83.5847332
425,84.52852220000003
426,88.4027503
427,87.91202939999998
428,88.43136650000001
429,87.69377029999997
430,88.76669949999999
431,88.79727039999999
432,89.28175659999998
433,90.7541333
434,92.3170757
435,90.42246380000002
436,89.9357761
437,88.2830165
438,86.8904065
439,86.53018329999999
440,86.28168360000001
441,86.18600970000001
442,86.79140149999999
443,87.35859020000001
444,88.29479079999999
445,87.08507400000002
446,87.6504641
447,85.20629079999999
448,83.6598632
449,83.21948699999999
450,82.67582060000001
451,85.2331993
452,88.46741089999999
453,87.96755970000001
454,87.7635366
455,87.94810670000003
456,86.94264270000001
457,88.40790640000002
458,89.7947765
459,88.04745310000001
460,86.9943765
461,86.06409570000001
462,84.78617990000002
463,83.24232079999999
464,83.15918620000002
465,82.75771419999998
466,83.2056235
467,84.3533904
468,84.87140809999997
469,87.23038330000001
470,88.25161309999999
471,90.05025089999998
472,90.32267389999998
473,88.50571950000003
474,87.32170670000001
475,87.74699330000001
476,88.6057168
477,88.6354803
478,89.0117056
479,89.859723
480,86.75912690000001
481,87.8240265
482,88.00401389999999
483,85.3022196
484,83.62518770000001
485,83.6435833
486,83.79552050000001
487,84.2803907
488,84.61984039999997
489,83.2802134
490,83.6208734
491,79.28037319999997
492,78.19077690000002
493,78.40475299699999
494,76.95820623200001
495,80.34242079999999
496,79.8154
497,79.8474
498,79.87939999999999
499,79.9114
500,79.9434
501,79.9754
502,80.00739999999999
503,80.0394
504,79.3034
505,79.33539999999999
506,79.36739999999999
507,79.3994
508,79.4314
509,79.4634
510,79.49539999999999
511,79.5274
512,79.6544034
513,79.4522862
514,77.17516609999998
515,76.9876434
516,78.68746289999999
517,78.4040563
518,76.92223679999998
519,75.80774319999999
520,75.46607450000002
521,78.3623994
522,78.120281
523,79.28286
524,83.47839670000002
525,83.76328570000001
526,86.36756359999998
527,87.63401959999999
528,86.51958379999998
529,87.9322302
530,88.2900138
531,82.91122259999999
532,81.2332367
533,80.32330670000002
534,76.44708009999998
535,75.6504863
536,77.0313068
537,76.36880289999998
538,79.45766650000002
539,78.2962764
540,77.62614740000001
541,78.7601993
542,81.76502310000001
543,80.54188710000001
544,81.43166599999999
545,80.57046759999997
546,80.59296999999998
547,81.03615020000001
548,84.99280419999998
549,88.68120340000002
550,89.54637979999998
551,86.7866169
552,86.00889089999998
553,91.4658707
554,93.38264729999997
555,89.73752929999999
556,87.60381299999997
557,87.38160340000003
558,86.9403826
559,86.27901519999999
560,85.78609669999996
561,84.98638749999998
562,86.8276667
563,87.99523409999999
564,89.80157030000002
565,88.08237029999998
566,86.6609031
567,85.1867107
568,81.9754339
569,85.23219229999998
570,94.16440390000002
571,94.27864700000002
572,92.5057298
573,93.99548670000001
574,93.6850939
575,93.806707
576,96.59763710000003
577,96.16323630000002
578,96.2413633
579,94.824297
580,92.92000320000001
581,91.8720243
582,90.9447873
583,90.7824538
584,90.98520959999999
585,91.48449039999998
586,92.8053613
587,93.26441610000002
588,95.5595932
589,88.09377429999999
590,84.53291600000001
591,86.39542710000003
592,85.9781133
593,86.96065999999999
594,88.5005409
595,88.2436435
596,87.85514979999998
597,87.247097
598,86.27695940000001
599,89.87262890000002
600,88.99645330000001
601,89.78928610000001
602,88.8658636
603,88.2425196
604,86.48584679999999
605,86.7586735
606,85.27193930000001
607,84.4189527
608,83.15078989999999
609,83.77715640000002
610,83.1665369
611,83.6026766
612,84.31770279999996
613,87.2510633
614,88.6679259
615,88.803107
616,89.8948095
617,90.5703462
618,91.0041781
619,91.47782710000001
620,91.00785979999999
621,88.66448199999999
622,90.5444465
623,88.76232579999999
624,89.09471980000002
625,89.03586080000001
626,91.0858105
627,91.0754227
628,90.3070996
629,90.04125649999999
630,89.3000294
631,90.56465230000002
632,89.18388619999999
633,90.09016659999999
634,89.7858968
635,91.76288019999998
636,92.16986980000001
637,90.4049459
638,89.74123380000002
639,90.86953010000003
640,91.0182024
641,89.7441733
642,91.12198710000001
643,93.31464260000003
644,94.2325829
645,90.01513770000001
646,91.23315650000002
647,93.1481368
648,92.36938339999999
649,91.64590399999999
650,93.8102161
651,93.25019660000001
652,93.63232719999999
653,93.57049670000004
654,93.70160559999998
655,93.95522109999997
656,92.353061
657,91.94238420000002
658,91.0623744
659,91.10761079999999
660,90.8951167
661,90.72075509999999
662,89.24869089999997
663,88.94313679999998
664,88.32683360000003
665,91.64856739999999
666,91.98270020000002
667,92.95384409999998
668,91.84012010000004
669,92.69766979999999
670,93.7842033
671,94.8652742
672,93.38735989999996
673,95.60359290000002
674,96.17400749999999
675,95.8928721
676,94.33610629999998
677,92.75873270000004
678,91.72952679999999
679,88.9880958
680,87.1525897
681,87.31226330000001
682,89.93197620000001
683,92.26205979999997
684,92.0295826
685,93.13345959999998
686,92.44290690000003
687,92.9631601
688,91.92856460000002
689,92.0565932
690,93.18657660000001
691,92.39335639999997
692,95.03081660000001
693,96.2680132
694,96.8989633
695,97.4008085
696,97.43110680000001
697,96.21984970000001
698,97.98842129999998
699,94.23048049999998
700,92.869294
701,92.72199290000003
702,91.87494590000001
703,90.41993030000003
704,92.1948799
705,92.70582
706,91.65017680000001
707,95.38404329999997
708,96.6433854
709,97.17603289999997
710,95.0687164
711,92.46265980000001
712,95.52999959999998
713,92.59713369999999
714,93.8731603
715,90.05768929999998
716,87.16240640000001
717,88.37917980000002
718,85.8968365
719,79.6600831
720,76.74912659999998
721,75.91890939999999
722,75.7445864
723,74.48789969999999
724,74.4756691
725,72.93525360000001
726,72.4597869
727,71.20973719999999
728,70.3941504
729,70.5309433
730,72.43235630000001
731,77.2626294
732,83.11781039999998
733,82.4179415
734,80.0455279
735,80.42211969999998
736,77.1783566
737,76.25427279999998
738,76.7002407
739,75.2223803
740,76.82921379999999
741,77.0912239
742,74.9920838
743,75.30366620000001
744,73.9108397
745,78.00755989999998
746,78.8734334
747,78.6920331
748,78.13912710000001
749,77.94424960000002
750,77.81286399999999
751,77.5826971
752,77.22251109999999
753,77.21982369999999
754,75.93270460000001
755,76.7054436
756,80.5507755
757,81.9463004
758,82.32318660000001
759,84.7763236
760,84.7803095
761,84.06185349999998
762,83.8311737
763,84.51924930000001
764,83.11340350000002
765,81.35420080000002
766,79.30877590000001
767,76.89712719999999
768,74.35791650000002
769,74.16467269999998
770,74.33798680000001
771,73.00078049999999
772,71.2182937
773,70.74203720000001
774,70.45393669999999
775,70.34774030000003
776,69.92844679999999
777,69.8683038
778,69.50225019999999
779,68.9062598
780,68.82668340000001
781,67.1209031
782,67.71856079999999
783,67.89469659999999
784,68.86946979999999
785,69.66890370000002
786,70.28855949999999
787,70.9391638
788,70.7244695
789,71.12313689999999
790,72.1039595
791,72.7059075
792,72.31103639999999
793,72.37394600000003
794,70.57008259999998
795,70.0945058
796,68.2133497
797,67.2808865
798,67.19174000000001
799,67.12217319999998
800,67.8132932
801,68.97781679999999
802,69.9432027
803,70.8130722
804,69.22345320000001
805,70.2371673
806,82.20281039999999
807,91.2116905
808,91.59260990000001
809,93.3092245
810,76.08468029999999
811,74.9317969
812,75.69045569999999
813,74.8425671
814,75.56078319999999
815,76.81645919999998
816,75.0524567
817,71.50703679999998
818,73.95163029999999
819,75.23018640000001
820,73.56818709999999
821,73.8915198
822,73.17878409999999
823,72.6403962
824,70.712673
825,68.24635329999998
826,71.61938310000002
827,75.4347967
828,75.34194640000001
829,76.85817689999998
830,78.09749910000001
831,77.87056020000001
832,79.11912280000001
833,79.0712639
834,85.23503020000003
835,86.29993139999999
836,84.06915629999999
837,83.87968999999998
838,82.84824739999996
839,81.38846360000001
840,79.39404649999999
841,78.0873104
842,80.3459661
843,81.04654680000002
844,79.36731350000001
845,79.01763019999997
846,78.4572065
847,78.00370370000002
848,76.8430099
849,75.89490970000001
850,75.39403320000001
851,76.8809674
852,79.02588349999999
853,79.82887290000001
854,79.7776402
855,80.62297999999998
856,78.8070162
857,76.41681649999998
858,78.83028040000002
859,79.56331009999998
860,78.5749868
861,76.93047649999998
862,76.90483699999999
863,76.29813959999998
864,73.86698620000001
865,72.9414366
866,72.77609629999999
867,72.30682569999999
868,73.04425670000002
869,72.9989065
870,72.74197300000002
871,72.67838349999998
872,72.19837030000002
873,72.30370309999999
874,73.01290009999998
875,73.80089300000002
876,75.03871380000001
877,75.59163639999998
878,75.45904030000001
879,75.02947989999998
880,76.91465
881,78.12911330000003
882,77.98984390000001
883,77.48078980000003
884,76.62358730000001
885,76.14100669999999
886,78.08873089999999
887,78.7419745
888,77.98975
889,76.86704429999999
890,75.00645630000001
891,74.04889680000001
892,73.70117640000001
893,73.57721350000001
894,73.36614850000001
895,72.90747650000002
896,72.32494340000002
897,71.87954309999999
898,73.73886409999999
899,73.5334478
900,71.1798398
901,72.7775802
902,74.27873999999998
903,72.60673
904,74.36822319999999
905,74.52676020000001
906,76.77364689999999
907,76.4526196
908,75.51295370000001
909,76.39209940000002
910,77.3812473
911,77.59577389999998
912,79.4385239
913,74.70807289999999
914,74.3079933
915,75.9937694
916,77.485067
917,75.98878069999999
918,75.2857965
919,75.4402263
920,75.90107990000001
921,76.19521069999999
922,75.98946269999999
923,78.18010240000001
924,79.7252642
925,79.4413434
926,80.75601600000002
927,82.39775570000002
928,82.4671565
929,83.1092529
930,82.02248099999998
931,82.22373389999998
932,75.96138680000003
933,75.1280533
934,74.40713949999999
935,77.8425763
936,78.97560709999999
937,79.1869801
938,79.41151699999999
939,76.6462531
940,79.92182350000002
941,80.06405880000001
942,79.87939589999999
943,79.99869980000001
944,80.27104970000002
945,80.0426444
946,80.2056178
947,80.78065019999998
948,81.1953026
949,80.91985329999997
950,80.13026289999999
951,78.08905709999998
952,78.59233370000001
953,82.47554279999999
954,83.52056929999999
955,83.5173708
956,82.8919369
957,76.45527730000002
958,76.70427009999999
959,79.01180360000001
960,78.1688294
961,77.4333964
962,77.6772928
963,79.0020496
964,75.84680000000003
965,73.877219
966,74.4475595
967,74.0065602
968,74.0463329
969,73.96749060000002
970,74.493867
971,70.2004471
972,65.04711979999999
973,67.18411730000001
974,70.8500774
975,70.99357969999998
976,75.0683366
977,77.8959502
978,76.6296925
979,75.15979010000001
980,72.5487097
981,72.7770595
982,73.77141349999998
983,75.41623269999998
984,74.45086669999999
985,75.3918343
986,74.06218000000001
987,73.50590150000001
988,72.1417068
989,72.68518570000002
990,74.2314832
991,73.85486970000001
992,73.6123471
993,73.18898279999999
994,74.25237989999998
995,76.11203040000001
996,76.49196049999999
997,72.3228762
998,75.2286997
999,74.0209631
1000,74.48097320000001
1001,71.9703604
1002,73.18540979999997
1003,72.54923299999999
1004,70.75706689999998
1005,68.73357050000001
1006,69.9960301
1007,72.52506709999997
1008,72.7394504
1009,73.76203699999998
1010,74.72085979999999
1011,74.1322774
1012,73.41990679999999
1013,73.8665503
1014,72.2097197
1015,70.88442949999998
1016,69.810784
1017,69.6910201
1018,70.92572309999998
1019,70.10221629999998
1020,74.20293269999999
1021,72.725037
1022,74.20225319999999
1023,78.23553940000001
1024,78.3939666
1025,78.73547040000001
1026,78.8619962
1027,80.26862999999999
1028,81.967973
1029,81.6339676
1030,80.3270471
1031,80.1886572
1032,77.73543049999999
1033,81.00619680000001
1034,78.0169733
1035,79.22773349999999
1036,79.7426329
1037,79.6994826
1038,82.06839699999999
1039,81.1214336
1040,81.44372290000003
1041,84.66986630000001
1042,85.1723739
1043,84.5551169
1044,82.67230889999999
1045,80.92011039999998
1046,82.2766195
1047,82.18285270000001
1048,81.75883110000001
1049,81.05258380000001
1050,82.60093300000003
1051,83.10736309999999
1052,83.76819789999999
1053,83.29709290000002
1054,79.4380999
1055,77.5798231
1056,76.4340558
1057,78.37903029999998
1058,78.1434376
1059,79.6114139
1060,79.86114010000001
1061,82.6362625
1062,81.23896000000002
1063,81.20045009999998
1064,81.36628329999999
1065,81.14741030000002
1066,87.49656330000002
1067,93.10435279999999
1068,93.4937062
1069,90.66812660000001
1070,84.09536119999999
1071,81.8926727
1072,81.03704710000002
1073,83.39635299999998
1074,84.6511133
1075,81.49311290000003
1076,80.06698930000002
1077,76.50019329999999
1078,75.59656980000001
1079,72.61743030000001
1080,70.86398610000002
1081,71.18282999999998
1082,71.48088270000002
1083,72.7654532
1084,71.97223369999998
1085,71.97033289999999
1086,71.05754380000002
1087,71.02042680000001
1088,70.92592749999997
1089,71.16901740000002
1090,72.89600630000002
1091,74.8344159
1092,77.6342724
1093,74.6544361
1094,70.98702730000001
1095,73.19292060000001
1096,70.8186695
1097,75.87620259999998
1098,80.1791365
1099,77.01328969999997
1100,73.9515036
1101,71.9886529
1102,71.4314933
1103,71.7750132
1104,70.56427409999998
1105,72.4013728
1106,73.31806700000001
1107,73.6806909
1108,72.6517411
1109,72.80321749999999
1110,72.38869039999999
1111,71.30173330000001
1112,70.23347659999999
1113,70.25018669999999
1114,70.40765989999998
1115,69.4815978
1116,69.62521000000002
1117,70.8537165
1118,73.0561274
1119,71.2932929
1120,68.69424070000001
1121,68.2277196
1122,69.52094279999997
1123,68.90878350000001
1124,70.07411280000002
1125,71.54219930000001
1126,72.16768680000001
1127,71.68286989999999
1128,68.49568699999999
1129,64.4535801
1130,64.5105501
1131,65.8261034
1132,70.57002730000002
1133,69.6836536
1134,71.58811030000001
1135,66.8735369
1136,65.10527669999999
1137,65.43138040000002
1138,66.4584399
1139,66.28052280000001
1140,64.22274349999999
1141,64.6174862
1142,65.9287499
1143,65.0432768
1144,65.14362229999999
1145,66.9528928
1146,67.3658232
1147,68.32563630000001
1148,71.40654269999999
1149,71.28707390000001
1150,72.85735000000001
1151,74.6726334
1152,73.75588669999999
1153,72.6543364
1154,72.58810700000001
1155,71.4988037
1156,72.09308630000001
1157,72.4915498
1158,69.5461803
1159,69.3282231
1160,69.7022496
1161,69.18831959999999
1162,67.7820701
1163,67.9126668
1164,69.53955729999998
1165,67.3838776
1166,70.97199360000002
1167,77.10063180000002
1168,77.9282268
1169,74.14069690000001
1170,71.40872630000001
1171,76.87897960000001
1172,76.2546098
1173,74.38866960000001
1174,71.8428931
1175,74.55544719999999
1176,72.6706629
1177,78.37220939999999
1178,75.61369289999998
1179,75.04931090000001
1180,74.8003697
1181,73.70994680000003
1182,73.9488943
1183,73.56498389999997
1184,72.05962339999999
1185,71.1971775
1186,70.5282568
1187,69.70790309999998
1188,70.5542334
1189,73.97866990000001
1190,74.6757665
1191,73.88232740000001
1192,77.62840349999999
1193,76.15135050000002
1194,79.3642204
1195,79.0732963
1196,76.6720966
1197,77.2895901
1198,77.3025236
1199,78.63479719999998
1200,79.2397524
1201,80.68811299999999
1202,80.80701479999998
1203,82.72298399999998
1204,81.61798660000002
1205,79.83885360000001
1206,75.5114806
1207,72.1379169
1208,70.37530430000001
1209,70.00389650000001
1210,73.39060339999999
1211,76.04679909999997
1212,75.08788290000003
1213,73.7897263
1214,73.6155494
1215,77.14903279999999
1216,77.64101659999999
1217,75.99361090000001
1218,76.4299695
1219,76.4305459
1220,73.3781103
1221,75.75402700000001
1222,77.14511360000002
1223,78.3031837
1224,79.49443990000002
1225,81.22209090000001
1226,81.438157
1227,82.2260398
1228,82.3677109
1229,80.71324429999999
1230,80.28082339999996
1231,75.74917949999997
1232,74.3504471
1233,72.7070372
1234,72.696136
1235,74.25908069999997
1236,75.7930197
1237,77.87402739999999
1238,79.80946730000001
1239,79.07604990000002
1240,79.97041380000002
1241,81.41983739999999
1242,80.6300257
1243,80.57773039999998
1244,79.85578929999997
1245,79.6690368
1246,78.7297734
1247,79.5015232
1248,80.68585089999996
1249,82.29466240000002
1250,82.50486280000001
1251,80.10553320000002
1252,78.90839269999998
1253,78.84760650000001
1254,77.96869600000002
1255,74.89220620000002
1256,74.0822296
1257,73.6281766
1258,75.24710990000001
1259,76.0341133
1260,79.9080105
1261,84.6067236
1262,84.2002267
1263,94.52342369999998
1264,89.2140435
1265,87.18555909999999
1266,84.84797569999998
1267,86.6329363
1268,87.16019429999997
1269,87.26365630000001
1270,85.46522009999998
1271,84.283847
1272,82.5150032
1273,81.81410960000001
1274,79.4356065
1275,76.94923080000004
1276,76.00883010000003
1277,73.94886619999998
1278,74.33323270000001
1279,74.05748980000003
1280,73.826297
1281,73.5896039
1282,74.4345771
1283,76.2364767
1284,76.3455141
1285,76.8939275
1286,76.2752404
1287,76.9355238
1288,77.91895059999999
1289,76.5652067
1290,75.83278040000002
1291,76.13596649999998
1292,75.6566129
1293,76.3790832
1294,75.55883910000001
1295,74.38351680000001
1296,75.8028772
1297,75.56196680000002
1298,73.12688589999999
1299,70.78915710000001
1300,72.39305630000001
1301,71.22842080000002
1302,71.2189865
1303,70.51985379999999
1304,69.13024979999999
1305,68.56022030000001
1306,68.5287501
1307,67.6062435
1308,70.9896491
1309,73.65068609999999
1310,75.85639549999999
1311,76.75761619999999
1312,79.69226020000002
1313,82.37683669999998
1314,82.6418166
1315,81.88922349999996
1316,80.10824009999997
1317,78.6683309
1318,79.4100864
1319,79.63810769999999
1320,80.32827650000002
1321,78.26892049999996
1322,77.38623290000001
1323,76.4979735
1324,75.7118303
1325,75.5276236
1326,74.9584362
1327,73.8409012
1328,77.68385059999999
1329,79.62581540000001
1330,81.62853970000002
1331,87.28953390000001
1332,87.1108103
1333,77.1177039
1334,77.90698049999997
1335,79.26147309999999
1336,81.05871730000001
1337,80.77864720000002
1338,80.3157564
1339,81.08534279999998
1340,77.4202068
1341,77.10354300000002
1342,77.551491
1343,78.2203174
1344,76.71389669999998
1345,76.92948659999999
1346,78.97617359999998
1347,80.16621620000002
1348,79.91328050000003
1349,79.30583039999999
1350,79.44962609999999
1351,78.53060269999999
1352,78.10570010000002
1353,76.4419764
1354,74.00957380000001
1355,74.1115327
1356,75.288669
1357,74.4278736
1358,77.215263
1359,79.1250372
1360,78.307653
1361,81.3415897
1362,82.18205300000001
1363,81.34457600000002
1364,80.73018090000001
1365,80.7717872
1366,81.4120869
1367,80.8811804
1368,80.5557565
1369,81.34771009999999
1370,82.7010301
1371,83.03553020000001
1372,81.93101030000003
1373,81.08346619999999
1374,81.01855669999999
1375,77.29380029999999
1376,75.00597320000003
1377,85.5704731
1378,87.1131408
1379,83.24486939999997
1380,82.6312422
1381,81.3989762
1382,80.4879097
1383,77.8776367
1384,77.20790980000001
1385,79.1423602
1386,78.13757283000001
1387,80.78478670000001
1388,80.99898300000004
1389,81.4105207
1390,82.75852379999999
1391,82.25592385
1392,81.49739239999998
1393,80.397089665
1394,79.8341367
1395,79.25046600000002
1396,75.199853565
1397,74.23490280000001
1398,73.077987
1399,66.92200980999999
1400,40.09758322
1401,37.86229999999999
1402,37.89429999999999
1403,37.92629999999999
1404,37.95829999999999
1405,35.993946715999996
1406,57.10788669000001
1407,65.92870302000001
1408,64.71322953999999
1409,64.4670767
1410,64.45581
1411,64.48803000000001
1412,64.4757732
1413,64.4195533
1414,64.6264534
1415,65.0433433
1416,64.53605350000001
1417,64.47272000000001
1418,64.54219300000001
1419,64.5671533
1420,64.61668
1421,64.63160990000002
1422,64.73566000000001
1423,64.83080000000001
1424,64.50988330000001
1425,72.7948162
1426,75.25843979999999
1427,77.7482072
1428,77.0822933
1429,75.9789101
1430,78.2397679
1431,78.3842228
1432,80.0141195
1433,80.03600039999999
1434,86.6051898
1435,88.99723959999999
1436,91.2763927
1437,83.73533280000002
1438,83.78584990000002
1439,83.51175640000002
1440,82.97395960000001
1441,83.1590432
1442,83.4519999
1443,82.8607393
1444,83.2939095
1445,81.70419589999999
1446,79.10708759999999
1447,79.32905749999999
1448,78.5048901
1449,79.34916709999997
1450,78.3954563
1451,77.9558869
1452,78.57246350000001
1453,78.0102802
1454,78.1165673
1455,79.13075650000002
1456,78.36243270000001
1457,79.28044680000002
1458,80.5480391
1459,81.68605299999999
1460,81.2827106
1461,82.04338580000001
1462,80.8251265
1463,81.9777332
1464,81.2528999
1465,80.35041349999997
1466,80.08017020000001
1467,80.25869019999996
1468,78.9423104
1469,77.75526899999998
1470,77.65042899999999
1471,76.7688432
1472,74.78754950000001
1473,76.10178319999999
1474,78.4131314
1475,79.0238772
1476,78.48409710000001
1477,78.71626020000001
1478,79.5633234
1479,80.5343202
1480,78.8505765
1481,79.53142949999999
1482,80.6018301
1483,79.4386797
1484,80.3708468
1485,80.05766679999999
1486,80.34365730000002
1487,80.16548290000003
1488,79.55538020000003
1489,78.5775795
1490,77.04706630000001
1491,77.96515330000003
1492,78.36968580000003
1493,76.8372462
1494,78.3083403
1495,77.45388710000002
1496,78.2998864
1497,76.24980610000001
1498,75.0621265
1499,71.94255309999998
1500,70.87081239999999
1501,71.20171979999999
1502,72.60109470000002
1503,72.6901465
1504,73.1061931
1505,73.6905036
1506,73.82172320000002
1507,73.55551290000001
1508,73.5023723
1509,73.7776206
1510,74.82822069999999
1511,76.46178379999999
1512,75.6974973
1513,76.1337833
1514,76.0109765
1515,76.81514109999999
1516,76.49891649999998
1517,76.12386020000001
1518,76.10988080000001
1519,76.12398660000001
1520,75.379534
1521,74.56302970000002
1522,72.1371168
1523,70.21852330000002
1524,70.82344
1525,70.9855703
1526,69.18548270000001
1527,69.02678000000002
1528,68.3352003
1529,68.9525107
1530,68.90278029999999
1531,68.57464010000002
1532,68.54225310000002
1533,68.631013
1534,69.14136690000001
1535,71.0592794
1536,69.83097620000001
1537,68.7294633
1538,68.67863299999999
1539,68.2840159
1540,68.1233338
1541,67.85574729999999
1542,68.13913269999999
1543,68.51741439999999
1544,68.18586250000001
1545,68.0447605
1546,67.33679000000001
1547,67.41044380000001
1548,68.5020005
1549,68.89777070000001
1550,68.94465650000001
1551,69.37603010000001
1552,69.5499676
1553,69.8836596
1554,69.5871639
1555,69.38504670000002
1556,69.89624329999998
1557,70.4173396
1558,70.30128
1559,72.36919629999998
1560,71.5255262
1561,70.03904979999997
1562,69.15925980000002
1563,69.0309534
1564,68.87518429999999
1565,68.46470690000001
1566,67.83274650000001
1567,68.0756528
1568,69.03264320000001
1569,67.96519320000002
1570,68.0630469
1571,69.4089609
1572,71.0032532
1573,70.31688009999999
1574,70.8844334
1575,71.66102339999999
1576,75.25694949999998
1577,73.7955889
1578,74.0992903
1579,72.7063866
1580,73.09834379999998
1581,73.076884
1582,72.05860300000002
1583,72.57104609999999
1584,72.11105659999998
1585,72.10774699999999
1586,71.26356019999999
1587,70.75494699999999
1588,70.6083065
1589,69.1663958
1590,68.5788044
1591,69.1509032
1592,68.4745031
1593,67.7223508
1594,72.58510980000003
1595,73.26468009999999
1596,74.01871960000001
1597,74.1970563
1598,72.62925290000001
1599,72.77059280000002
1600,72.5135866
1601,71.7322839
1602,71.2585034
1603,71.7702498
1604,70.9050155
1605,70.46944289999999
1606,70.83386309999999
1607,71.7314167
1608,70.9108836
1609,71.2780169
1610,71.07109600000003
1611,70.384393
1612,70.1854298
1613,70.67669679999999
1614,70.1926864
1615,70.31228369999998
1616,69.74067699999998
1617,69.3642837
1618,69.2293762
1619,69.10788980000001
1620,69.14671000000001
1621,68.55141719999997
1622,69.02748770000001
1623,68.58813679999999
1624,68.61412320000001
1625,68.83719339999999
1626,68.69502670000001
1627,68.92143270000001
1628,68.9476035
1629,68.9660364
1630,68.46790969999999
1631,69.34892660000001
1632,67.1981636
1633,67.14850659999999
1634,67.21724649999999
1635,67.1818532
1636,67.22316579999999
1637,67.57583300000002
1638,67.6098131
1639,67.65574740000001
1640,67.47687640000001
1641,67.28330429999998
1642,67.2628697
1643,67.47798350000001
1644,68.8436605
1645,68.85465080000002
1646,68.6200837
1647,70.0289161
1648,69.78353349999999
1649,69.9953831
1650,70.4762202
1651,70.8937337
1652,71.2790905
1653,71.08683570000001
1654,73.2864233
1655,73.331807
1656,73.24621950000001
1657,72.34754790000002
1658,73.78318349999998
1659,72.6087036
1660,71.07654
1661,70.50451
1662,70.51828680000001
1663,69.7568561
1664,69.92467090000001
1665,70.34064380000001
1666,71.2080561
1667,70.6089858
1668,69.17468659999999
1669,69.3542333
1670,69.41622760000001
1671,68.95769960000001
1672,71.5054734
1673,70.5243365
1674,70.01884050000001
1675,67.8167038
1676,68.03456659999999
1677,68.11500300000002
1678,68.2245164
1679,68.9696467
1680,66.7066831
1681,66.57896430000001
1682,67.48230989999999
1683,67.91918280000002
1684,68.0012336
1685,67.5502404
1686,67.3758795
1687,66.7473304
1688,66.74886030000002
1689,66.58714900000001
1690,66.3733367
1691,66.0664265
1692,66.4713631
1693,67.35861379999999
1694,73.9247962
1695,74.98877960000002
1696,75.6750962
1697,75.9400036
1698,74.0777292
1699,73.93574620000001
1700,74.43187379999999
1701,69.06855640000002
1702,68.08983989999999
1703,67.23912639999999
1704,65.91989039999999
1705,67.6985063
1706,68.70389730000001
1707,68.4179596
1708,68.7834064
1709,67.75275090000001
1710,68.45985669999999
1711,68.75919269999999
1712,68.84707329999999
1713,68.3836343
1714,67.8337332
1715,69.43448029999998
1716,68.6780734
1717,69.27741689999998
1718,71.25560940000001
1719,72.3703404
1720,73.97900590000002
1721,74.5720071
1722,73.9035995
1723,73.1057234
1724,74.33107590000002
1725,74.10607880000002
1726,75.21347760000003
1727,78.64656640000001
1728,77.36047620000001
1729,78.292167
1730,79.0415868
1731,79.92421619999999
1732,79.28558309999998
1733,79.11043239999998
1734,77.14721699999998
1735,75.23188669999998
1736,75.11766010000001
1737,75.1985732
1738,74.09343
1739,73.92816350000001
1740,74.45435630000001
1741,75.08713960000001
1742,75.59169940000001
1743,76.88341959999998
1744,77.63797380000001
1745,79.62379409999998
1746,80.92354359999999
1747,80.36557579999996
1748,79.01946050000001
1749,77.95915940000002
1750,78.59729639999998
1751,80.14861700000002
1752,78.68106370000001
1753,78.2217667
1754,77.69438049999998
1755,77.56262669999998
1756,77.08250330000001
1757,76.94266349999998
1758,77.28288289999996
1759,77.41901690000002
1760,77.3961629
1761,76.8485731
1762,77.8814274
1763,77.54595350000001
1764,77.8174238
1765,78.6345672
1766,76.00255009999998
1767,76.4088801
1768,72.86166300000001
1769,74.03238259999999
1770,74.84017709999999
1771,75.20287300000001
1772,75.2385395
1773,73.0711266
1774,74.6247943
1775,75.97077960000001
1776,75.34967640000002
1777,76.35565299999999
1778,76.43147179999998
1779,76.08136649999999
1780,75.75487660000002
1781,75.43364670000004
1782,74.68072299999999
1783,74.3436002
1784,74.25929319999999
1785,75.86634659999999
1786,78.25029300000001
1787,78.9726167
1788,78.8318432
1789,78.1120306
1790,77.2941705
1791,77.06572689999997
1792,76.87472019999998
1793,76.66889919999998
1794,76.5636572
1795,77.05934280000001
1796,76.9961933
1797,76.8521936
1798,76.4444871
1799,75.7838527
1800,75.40749940000002
1801,75.45706309999998
1802,75.3820331
1803,74.71040020000001
1804,72.95717359999999
1805,73.04884619999999
1806,72.35345290000002
1807,71.6683635
1808,72.30972659999999
1809,72.44890350000001
1810,72.96559960000002
1811,73.11903990000002
1812,73.4336671
1813,74.65693059999998
1814,74.80373319999998
1815,75.44784619999999
1816,76.61937310000002
1817,77.36058009999999
1818,76.40012270000001
1819,76.8041794
1820,76.24844979999999
1821,78.51466059999998
1822,78.50045940000003
1823,80.11040949999997
1824,79.41325950000001
1825,79.62173750000001
1826,80.63856659999999
1827,80.17409929999998
1828,79.83019330000002
1829,77.9495664
1830,77.39981339999999
1831,77.27664010000004
1832,77.66309639999999
1833,78.0444553
1834,77.57217950000003
1835,79.69769979999998
1836,79.89367299999998
1837,79.24389420000001
1838,80.62148640000001
1839,80.21238719999998
1840,79.8783069
1841,80.1846836
1842,79.79688639999999
1843,79.61907969999999
1844,78.87594639999999
1845,78.7823268
1846,80.09014340000002
1847,81.0309997
1848,80.9101759
1849,80.78462000000002
1850,80.23846019999998
1851,79.89822
1852,79.7871836
1853,79.84215379999999
1854,79.29269260000001
1855,78.74730399999999
1856,78.36837940000002
1857,80.07197589999996
1858,83.0448998
1859,82.40465259999998
1860,80.2635672
1861,79.2065652
1862,81.71730690000001
1863,80.6837371
1864,80.15957610000001
1865,80.07024650000001
1866,77.9756898
1867,75.9530364
1868,77.1314204
1869,79.2091264
1870,79.32601109999999
1871,78.91254709999998
1872,79.143064
1873,77.24206989999999
1874,76.06762770000002
1875,75.4309369
1876,75.5217858
1877,75.0417166
1878,74.89636030000001
1879,74.07607999999999
1880,74.1882697
1881,74.21333929999999
1882,75.2083164
1883,74.3364838
1884,73.67819630000001
1885,73.75844920000002
1886,74.08997949999998
1887,73.97872380000001
1888,74.23369290000001
1889,74.2611464
1890,73.9532833
1891,73.2498597
1892,73.6140239
1893,72.08013629999999
1894,70.23454629999999
1895,72.21673679999999
1896,73.03227030000002
1897,73.3263633
1898,73.2388667
1899,73.22356669999999
1900,73.1835533
1901,73.5489434
1902,73.26825
1903,73.30751
1904,73.32598
1905,73.35948330000001
1906,73.39394
1907,73.4223466
1908,73.4604333
1909,73.4818367
1910,73.51313999999999
1911,73.7479434
1912,73.73040660000001
1913,73.91933999999999
1914,74.3271367
1915,73.7059567
1916,75.42301050000002
1917,75.597571
1918,76.0753996
1919,76.75016660000003
1920,76.4997997
1921,76.4074272
1922,75.4890269
1923,74.74578289999998
1924,74.94501920000002
1925,74.68920350000002
1926,74.74998739999998
1927,75.2945505
1928,77.45611400000001
1929,76.35408590000002
1930,77.98999640000001
1931,78.15352049999998
1932,77.82376590000001
1933,79.25316930000001
1934,77.49756049999999
1935,76.22074460000002
1936,75.55879030000001
1937,76.0083504
1938,77.82264279999998
1939,76.91883659999999
1940,78.39579690000001
1941,80.08149960000001
1942,82.6168801
1943,82.8229734
1944,80.6561864
1945,80.1632663
1946,79.71313689999998
1947,80.2654003
1948,79.3594296
1949,80.1453138
1950,79.99731620000001
1951,80.428507
1952,80.7874999
1953,82.30134659999999
1954,82.7968872
1955,81.70135010000001
1956,80.64416629999998
1957,78.35296710000001
1958,80.5990105
1959,79.31115700000001
1960,78.88665709999998
1961,77.59990290000003
1962,79.00924969999998
1963,78.2705163
1964,76.21214990000001
1965,75.5554037
1966,75.8004
1967,75.2320937
1968,74.8120327
1969,74.02665979999999
1970,74.02302060000001
1971,74.18456339999997
1972,74.10736940000001
1973,73.95117700000002
1974,73.77362529999999
1975,73.26607709999999
1976,73.07162380000001
1977,76.398269
1978,76.5470541
1979,77.28782019999998
1980,76.84905689999998
1981,76.5361332
1982,76.42575679999999
1983,77.11948019999998
1984,75.91709740000003
1985,76.4740164
1986,77.326947
1987,79.32750739999999
1988,79.19014389999998
1989,80.2185593
1990,81.2072294
1991,82.82781350000002
1992,80.67693979999999
1993,78.9993941
1994,76.50850710000002
1995,76.840403
1996,76.3603539
1997,76.401867
1998,75.7855632
1999,75.6080862
2000,74.8734231
2001,73.67712700000001
2002,75.82409679999999
2003,77.99706439999999
2004,76.60658009999999
2005,76.6148931
2006,79.09102029999998
2007,79.65996650000001
2008,80.3181606
2009,81.178974
2010,81.96729629999999
2011,81.01666680000002
2012,81.06303969999999
2013,78.60966300000001
2014,77.96725380000001
2015,76.81744950000001
2016,75.9449956
2017,76.59831260000001
2018,77.61679280000001
2019,76.42405409999999
2020,75.81248010000003
2021,72.5136233
2022,70.2781573
2023,70.00582389999998
2024,70.28708289999999
2025,73.38009039999999
2026,75.25268380000003
2027,76.7984673
2028,77.43084720000003
2029,77.39739699999998
2030,76.54811349999997
2031,76.34005630000001
2032,76.62846709999997
2033,76.98240059999999
2034,76.33203289999999
2035,72.6795461
2036,72.43676690000001
2037,71.8141196
2038,71.32413380000001
2039,71.626404
2040,71.85897359999998
2041,72.37365360000001
2042,71.3062396
2043,72.29087589999999
2044,71.1942036
2045,71.65705309999998
2046,70.79145299999999
2047,70.97851709999999
2048,70.55969999999999
2049,70.5917
2050,70.6237
2051,70.6557
2052,70.68769999999999
2053,70.7197
2054,70.7517
2055,70.7837
2056,70.81569999999999
2057,70.8477
2058,70.8797
2059,70.9117
2060,70.94369999999999
2061,70.9757
2062,71.0077
2063,71.0397
2064,70.3277
2065,70.3597
2066,70.3917
2067,70.4237
2068,70.4557
2069,70.4637
2070,70.4957
2071,70.5277
2072,70.55969999999999
2073,70.5917
2074,70.6237
2075,70.6557
2076,70.68769999999999
2077,70.7197
2078,70.7517
2079,70.7837
2080,70.81569999999999
2081,70.8477
2082,70.8797
2083,70.9117
2084,70.94369999999999
2085,70.9757
2086,71.0077
2087,71.0397
2088,70.3277
2089,70.3597
2090,70.3917
2091,70.4237
2092,70.4557
2093,70.4637
2094,70.4957
2095,70.5277
2096,70.55969999999999
2097,70.5917
2098,70.6237
2099,70.6557
2100,70.68769999999999
2101,70.7197
2102,70.7517
2103,70.7837
2104,70.81569999999999
2105,70.8477
2106,70.8797
2107,70.9117
2108,70.94369999999999
2109,70.9757
2110,71.0077
2111,71.0397
2112,70.3277
2113,70.3597
2114,70.3917
2115,70.4237
2116,70.4557
2117,70.4637
2118,70.4957
2119,70.5277
2120,70.55969999999999
2121,70.5917
2122,70.6237
2123,70.6557
2124,70.68769999999999
2125,70.7197
2126,70.7517
2127,70.7837
2128,70.81569999999999
2129,70.8477
2130,70.8797
2131,70.9117
2132,70.94369999999999
2133,70.9757
2134,71.0077
2135,71.0397
2136,70.3277
2137,70.3597
2138,70.3917
2139,70.4237
2140,70.4557
2141,70.4637
2142,70.4957
2143,70.5277
2144,70.55969999999999
2145,70.5917
2146,70.6237
2147,70.6557
2148,70.68769999999999
2149,70.7197
2150,70.7654866
2151,71.05444659999999
2152,71.0931568
2153,71.12094
2154,71.0975
2155,70.9712466
2156,70.93009669999999
2157,70.8933833
2158,70.85875999999999
2159,70.92761
2160,70.23233
2161,70.3115201
2162,70.63183000000001
2163,70.2850267
2164,70.31427670000001
2165,70.33984
2166,70.3546434
2167,70.3910066
2168,70.4233733
2169,71.09825039999998
2170,80.0795209
2171,79.0445201
2172,77.4447065
2173,78.82622310000002
2174,76.10880999999998
2175,73.30141696
2176,77.45966260000002
2177,75.90784659999998
2178,77.32012569999999
2179,77.20560650000002
2180,75.54632010000002
2181,73.70923639999998
2182,73.8669307
2183,74.79238600000001
2184,75.35704739999997
2185,76.42697030000001
2186,75.85444639999999
2187,75.81901619999998
2188,76.6480028
2189,76.5460766
2190,76.01469339999998
2191,75.79919319999999
2192,75.6349902
2193,75.8697924
2194,76.45740300000001
2195,79.97006009999998
2196,80.92415329999996
2197,77.44865639999999
2198,76.9411419
2199,79.8712028
2200,81.80272029999999
2201,81.21553059999998
2202,79.1672458
2203,78.2873823
2204,75.25005319999998
2205,75.3041397
2206,76.22019710000001
2207,76.5286997
2208,71.8400892
2209,70.4435942
2210,70.47229420000001
2211,71.66538089999999
2212,71.01567400000002
2213,70.5706943
2214,70.0612735
2215,70.3101936
2216,69.7728693
2217,71.87543600000001
2218,74.937497
2219,76.51598630000002
2220,79.62710639999997
2221,78.37335350000001
2222,76.83811009999998
2223,76.85438009999999
2224,79.07192959999999
2225,79.00548349999998
2226,80.37005990000002
2227,78.62556070000002
2228,78.18745549999998
2229,76.40068050000002
2230,75.84194290000002
2231,75.5658697
2232,74.39150350000001
2233,76.75293609999999
2234,75.98663020000002
2235,75.9337839
2236,74.35321979999999
2237,72.88175589999999
2238,71.38956049999999
2239,70.34073679999999
2240,70.1139431
2241,70.77650059999999
2242,73.04865079999999
2243,80.78372879999999
2244,80.40169039999999
2245,79.56417649999999
2246,77.8807992
2247,77.86887359999999
2248,76.62315519999999
2249,76.38931699999999
2250,76.476427
2251,76.29381740000001
2252,75.6730771
2253,74.73986280000001
2254,75.76013980000002
2255,75.33340419999998
2256,73.53669359999999
2257,72.69613629999998
2258,72.2266844
2259,71.41564330000003
2260,70.9845431
2261,70.65198269999999
2262,69.6574257
2263,66.0469236
2264,67.5833575
2265,66.6123035
2266,68.64241730000002
2267,72.4264454
2268,72.36644779999999
2269,72.31279390000002
2270,72.05967279999999
2271,73.1935067
2272,72.21460630000003
2273,70.14476300000001
2274,69.59207660000001
2275,71.06133770000001
2276,69.64757039999999
2277,69.91441989999998
2278,69.113024
2279,69.3933663
2280,68.24679309999999
2281,68.1228866
2282,67.82484980000001
2283,68.2384764
2284,68.5660465
2285,68.1282905
2286,68.2519939
2287,68.4770433
2288,69.0957097
2289,69.231256
2290,69.93374410000001
2291,69.54557970000002
2292,70.2776571
2293,71.47851670000001
2294,71.25575650000002
2295,70.80265700000001
2296,71.83594950000001
2297,72.1586439
2298,71.7852566
2299,71.36669690000001
2300,71.10895670000001
2301,71.0907596
2302,70.93092050000003
2303,68.0668399
2304,66.6114232
2305,66.8534864
2306,67.0130871
2307,66.60516079999998
2308,66.4096431
2309,66.4026468
2310,65.98735049999999
2311,66.8120836
2312,64.8973399
2313,66.21846640000001
2314,65.53828969999999
2315,67.00403050000001
2316,68.2694968
2317,69.5426998
2318,70.0660334
2319,70.6903829
2320,70.03150930000001
2321,70.0532061
2322,70.0122411
2323,69.69851010000001
2324,70.13868279999998
2325,69.27345010000002
2326,68.7932168
2327,68.23334319999998
2328,69.24816020000002
2329,69.35407980000001
2330,70.0039505
2331,67.20917030000003
2332,67.4518198
2333,64.1613974
2334,64.19763930000002
2335,63.76234990000002
2336,64.5436599
2337,65.24269050000001
2338,65.1423874
2339,65.9573203
2340,67.56450990000002
2341,68.32638639999999
2342,69.78375720000003
2343,70.72962670000001
2344,70.61857960000002
2345,70.95930360000001
2346,68.1338597
2347,69.954561
2348,69.3051734
2349,69.7882007
2350,67.60064650000001
2351,67.7282636
2352,88.33744450000002
2353,89.133577
2354,90.20306030000002
2355,88.373456
2356,86.9467102
2357,88.11409329999998
2358,88.4317268
2359,88.37807289999999
2360,88.4769539
2361,88.4450432
2362,88.79109230000002
2363,86.2093823
2364,85.44087650000002
2365,83.59044639999999
2366,84.8587364
2367,86.58767050000002
2368,85.90499949999997
2369,85.58492629999999
2370,87.2202511
2371,87.36257970000001
2372,86.83504660000001
2373,84.8654865
2374,88.91054310000001
2375,91.73624970000002
2376,90.8108669
2377,89.71081960000001
2378,90.2672643
2379,88.8324119
2380,89.24204280000001
2381,88.72305379999999
2382,87.3860297
2383,89.37951360000001
2384,87.4259765
2385,87.03260670000002
2386,88.572559
2387,88.6939903
2388,87.17051710000003
2389,87.50703310000002
2390,85.42223000000001
2391,83.57997680000003
2392,83.81162670000002
2393,83.64749640000002
2394,82.68285980000002
2395,81.89624090000001
2396,81.5308839
2397,80.5839936
2398,82.11565999999999
2399,82.66352360000002
2400,83.3060429
2401,84.41289009999998
2402,85.0418964
2403,85.10961010000001
2404,85.18619690000001
2405,86.00513770000002
2406,85.83041010000001
2407,85.2054168
2408,83.76392980000001
2409,84.56534329999998
2410,84.766267
2411,84.51919680000002
2412,84.14844989999997
2413,83.21479709999998
2414,81.18257289999998
2415,86.0549767
2416,85.74439960000001
2417,84.46908789999999
2418,85.71446050000002
2419,85.62857739999998
2420,85.49777639999999
2421,85.78746999999998
2422,86.67538080000003
2423,86.50281729999999
2424,85.8637259
2425,84.79147399999998
2426,84.14352550000002
2427,84.39570939999997
2428,84.93836719999999
2429,84.07716719999999
2430,82.826164
2431,81.30125939999999
2432,80.1289435
2433,80.5516272
2434,81.70767939999998
2435,84.68144709999999
2436,83.09464990000001
2437,83.49287750000002
2438,83.50588450000001
2439,82.20314299999998
2440,83.3724342
2441,85.1873869
2442,86.77159669999999
2443,86.36432939999999
2444,85.22758069999999
2445,86.1424772
2446,85.4564702
2447,85.47633269999999
2448,83.25819410000004
2449,83.54587009999999
2450,82.7727795
2451,82.49505730000003
2452,84.04281930000002
2453,83.40605710000001
2454,83.8384558
2455,85.06491010000002
2456,86.4350964
2457,87.87417990000002
2458,87.87384
2459,87.27293719999999
2460,87.3414199
2461,87.77055560000001
2462,87.83508020000001
2463,87.2685693
2464,85.84109150000002
2465,85.0197469
2466,85.18370960000001
2467,85.62395710000001
2468,86.25542110000002
2469,85.73903419999998
2470,86.03858940000002
2471,87.57810329999997
2472,89.29909930000002
2473,88.98724019999999
2474,89.53675229999997
2475,87.55523939999999
2476,87.27832369999999
2477,86.1275292
2478,85.6270939
2479,85.91524660000002
2480,85.65702989999998
2481,86.134824
2482,88.1150334
2483,87.97796290000001
2484,87.5153297
2485,89.5276974
2486,90.21646940000001
2487,89.88264699999998
2488,89.33857710000001
2489,89.97854619999998
2490,89.65242250000001
2491,90.04613970000001
2492,91.38120050000002
2493,91.2494103
2494,91.29197009999997
2495,87.6022298
2496,86.76194979999995
2497,87.71677630000002
2498,86.30212999999999
2499,87.2934763
2500,88.43515609999999
2501,89.21182029999999
2502,89.06000900000002
2503,90.90704699999999
2504,91.60542629999999
2505,91.2244869
2506,90.5775302
2507,90.77119319999997
2508,89.10813029999998
2509,90.13966440000002
2510,90.9063888
2511,89.47561020000002
2512,89.4006526
2513,87.55106610000001
2514,87.4183232
2515,86.3681076
2516,84.7854159
2517,86.13235699999998
2518,85.61952609999999
2519,85.91285069999998
2520,85.40532050000002
2521,87.23758039999998
2522,88.43283089999998
2523,88.43498290000001
2524,88.2110876
2525,87.7435021
2526,84.82801610000003
2527,84.6056607
2528,85.2095498
2529,85.89069670000002
2530,87.25846319999997
2531,89.6977395
2532,87.96127019999999
2533,90.0916664
2534,89.58375099999999
2535,88.3870137
2536,87.54502780000003
2537,84.47663969999999
2538,88.56782259999999
2539,88.8125634
2540,89.24793369999999
2541,90.72632199999997
2542,90.44588720000002
2543,89.7286403
2544,87.6986008
2545,89.94471779999998
2546,87.6111664
2547,87.3591471
2548,87.053961
2549,86.2616932
2550,85.0703834
2551,84.65457330000001
2552,85.094307
2553,86.0681638
2554,83.53170019999997
2555,83.27315249999998
2556,83.6464466
2557,82.06984310000001
2558,80.1779426
2559,82.40165700000001
2560,86.8090173
2561,85.8695327
2562,83.8862968
2563,83.60743730000002
2564,82.2283566
2565,83.037947
2566,84.0369929
2567,84.91654269999997
2568,84.2108668
2569,84.01681619999998
2570,84.409947
2571,83.54962640000001
2572,83.3327699
2573,82.6448207
2574,82.820774
2575,82.15867329999999
2576,84.56205369999999
2577,87.20934099999998
2578,89.28110740000001
2579,87.17804339999999
2580,86.5863806
2581,85.89098640000002
2582,84.3862504
2583,81.63572700000002
2584,81.52296649999997
2585,82.16488030000001
2586,82.9288933
2587,80.47643339999998
2588,79.40685649999999
2589,81.02223349999998
2590,81.5535235
2591,83.70368239999999
2592,84.59601390000002
2593,85.1267524
2594,84.77001420000002
2595,83.76673000000001
2596,82.15698030000001
2597,81.94932589999999
2598,80.6562677
2599,79.36595590000002
2600,78.2373829
2601,78.7784639
2602,78.44515409999998
2603,77.1310092
2604,77.3821306
2605,77.14356749999997
2606,75.04490369999999
2607,76.07046000000001
2608,79.93867459999998
2609,79.40498000000001
2610,78.9782804
2611,80.09403670000002
2612,80.3356236
2613,79.48351670000001
2614,78.167174
2615,78.3687206
2616,77.3069367
2617,76.9864232
2618,76.83534660000001
2619,76.54086709999999
2620,76.63057970000001
2621,76.25730389999998
2622,74.2743967
2623,73.71071040000002
2624,73.7362205
2625,74.10991669999999
2626,75.43701919999998
2627,75.52277350000001
2628,76.1417337
2629,76.2024806
2630,76.55359079999998
2631,76.26405979999998
2632,74.6068626
2633,73.5706536
2634,72.7536733
2635,74.45250329999998
2636,74.20440689999998
2637,74.8271806
2638,74.9455307
2639,77.6196566
2640,77.23903080000004
2641,77.3507072
2642,76.56742349999999
2643,76.78620290000002
2644,76.85659249999998
2645,76.76403700000003
2646,75.901113
2647,74.3026562
2648,73.88765319999999
2649,73.31890649999998
2650,71.97821710000001
2651,71.483243
2652,73.7245565
2653,79.84062
2654,82.35311959999999
2655,82.02828009999999
2656,80.78769049999998
2657,81.10264770000002
2658,79.29552039999997
2659,78.68137999999999
2660,79.91556939999998
2661,80.57020630000001
2662,82.43520969999999
2663,84.0197862
2664,83.38836009999999
2665,79.22459309999998
2666,76.99235350000001
2667,75.9392403
2668,74.6162601
2669,74.58988770000002
2670,74.16872319999999
2671,73.74462700000002
2672,72.2829373
2673,71.36086989999998
2674,73.52851940000002
2675,75.24667369999999
2676,77.67073309999999
2677,77.35366669999999
2678,79.3176328
2679,78.48338320000002
2680,80.35260289999998
2681,78.8789967
2682,79.54346030000002
2683,80.11020709999998
2684,76.1782099
2685,77.597896
2686,81.0519237
2687,80.58338640000002
2688,81.79603629999997
2689,82.80908930000001
2690,83.5930504
2691,85.19797729999999
2692,80.26571340000001
2693,80.2742098
2694,77.4029792
2695,75.5572794
2696,75.21223690000001
2697,75.76468329999999
2698,77.38563280000001
2699,77.07373619999998
2700,75.34661740000001
2701,77.6401438
2702,77.97757700000005
2703,78.92323620000002
2704,79.96133350000001
2705,76.95047699999999
2706,76.64224710000002
2707,76.44757290000001
2708,74.62020720000001
2709,76.3129138
2710,78.99815050000001
2711,80.50792660000002
2712,79.37478999999998
2713,79.40096060000002
2714,77.8936934
2715,77.20544859999998
2716,76.13814550000001
2717,75.28537989999998
2718,75.01088280000002
2719,72.46114680000001
2720,74.0067828
2721,73.0660532
2722,74.79117339999999
2723,77.33784759999999
2724,77.69837990000002
2725,78.09634910000001
2726,79.7197208
2727,79.5333704
2728,79.81719640000001
2729,76.29282319999999
2730,78.78365299999997
2731,79.81482
2732,80.39674649999999
2733,83.4220671
2734,82.7227499
2735,79.359381
2736,82.39799379999998
2737,86.56500449999999
2738,86.34000610000001
2739,87.09646610000001
2740,86.2614834
2741,87.40525359999998
2742,83.42126259999999
2743,81.4924768
2744,81.00894239999998
2745,80.3262733
2746,79.5376376
2747,81.8403292
2748,83.88903269999999
2749,83.2993129
2750,85.017504
2751,86.68787950000001
2752,84.77192679999999
2753,86.80585400000001
2754,87.20888350000001
2755,87.86223740000001
2756,87.72168339999997
2757,87.99630639999997
2758,86.6434437
2759,90.6435466
2760,89.12123010000002
2761,90.02750900000001
2762,88.26023980000001
2763,87.0357097
2764,88.7939042
2765,86.57819880000001
2766,83.2807208
2767,83.0071394
2768,83.99602950000002
2769,86.97038280000002
2770,89.63109049999998
2771,86.4503199
2772,86.79343719999997
2773,86.48128349999999
2774,85.3259425
2775,83.6420532
2776,83.5847332
2777,84.52852220000003
2778,88.4027503
2779,87.91202939999998
2780,88.43136650000001
2781,87.69377029999997
2782,88.76669949999999
2783,88.79727039999999
2784,89.28175659999998
2785,90.7541333
2786,92.3170757
2787,90.42246380000002
2788,89.9357761
2789,88.2830165
2790,86.8904065
2791,86.53018329999999
2792,86.28168360000001
2793,86.18600970000001
2794,86.79140149999999
2795,87.35859020000001
2796,88.29479079999999
2797,87.08507400000002
2798,87.6504641
2799,85.20629079999999
2800,83.6598632
2801,83.21948699999999
2802,82.67582060000001
2803,85.2331993
2804,88.46741089999999
2805,87.96755970000001
2806,87.7635366
2807,87.94810670000003
2808,86.94264270000001
2809,88.40790640000002
2810,89.7947765
2811,88.04745310000001
2812,86.9943765
2813,86.06409570000001
2814,84.78617990000002
2815,83.24232079999999
2816,83.15918620000002
2817,82.75771419999998
2818,83.2056235
2819,84.3533904
2820,84.87140809999997
2821,87.23038330000001
2822,88.25161309999999
2823,90.05025089999998
2824,90.32267389999998
2825,88.50571950000003
2826,87.32170670000001
2827,87.74699330000001
2828,88.6057168
2829,88.6354803
2830,89.0117056
2831,89.859723
2832,86.75912690000001
2833,87.8240265
2834,88.00401389999999
2835,85.3022196
2836,83.62518770000001
2837,83.6435833
2838,83.79552050000001
2839,84.2803907
2840,84.61984039999997
2841,83.2802134
2842,83.6208734
2843,79.28037319999997
2844,78.19077690000002
2845,78.40475299699999
2846,76.95820623200001
2847,80.34242079999999
2848,79.8154
2849,79.8474
2850,79.87939999999999
2851,79.9114
2852,79.9434
2853,79.9754
2854,80.00739999999999
2855,80.0394
2856,79.3034
2857,79.33539999999999
2858,79.36739999999999
2859,79.3994
2860,79.4314
2861,79.4634
2862,79.49539999999999
2863,79.5274
2864,79.6544034
2865,79.4522862
2866,77.17516609999998
2867,76.9876434
2868,78.68746289999999
2869,78.4040563
2870,76.92223679999998
2871,75.80774319999999
2872,75.46607450000002
2873,78.3623994
2874,78.120281
2875,79.28286
2876,83.47839670000002
2877,83.76328570000001
2878,86.36756359999998
2879,87.63401959999999
2880,86.51958379999998
2881,87.9322302
2882,88.2900138
2883,82.91122259999999
2884,81.2332367
2885,80.32330670000002
2886,76.44708009999998
2887,75.6504863
2888,77.0313068
2889,76.36880289999998
2890,79.45766650000002
2891,78.2962764
2892,77.62614740000001
2893,78.7601993
2894,81.76502310000001
2895,80.54188710000001
2896,81.43166599999999
2897,80.57046759999997
2898,80.59296999999998
2899,81.03615020000001
2900,84.99280419999998
2901,88.68120340000002
2902,89.54637979999998
2903,86.7866169
2904,86.00889089999998
2905,91.4658707
2906,93.38264729999997
2907,89.73752929999999
2908,87.60381299999997
2909,87.38160340000003
2910,86.9403826
2911,86.27901519999999
2912,85.78609669999996
2913,84.98638749999998
2914,86.8276667
2915,87.99523409999999
2916,89.80157030000002
2917,88.08237029999998
2918,86.6609031
2919,85.1867107
2920,81.9754339
2921,85.23219229999998
2922,94.16440390000002
2923,94.27864700000002
2924,92.5057298
2925,93.99548670000001
2926,93.6850939
2927,93.806707
2928,96.59763710000003
2929,96.16323630000002
2930,96.2413633
2931,94.824297
2932,92.92000320000001
2933,91.8720243
2934,90.9447873
2935,90.7824538
2936,90.98520959999999
2937,91.48449039999998
2938,92.8053613
2939,93.26441610000002
2940,95.5595932
2941,88.09377429999999
2942,84.53291600000001
2943,86.39542710000003
2944,85.9781133
2945,86.96065999999999
2946,88.5005409
2947,88.2436435
2948,87.85514979999998
2949,87.247097
2950,86.27695940000001
2951,89.87262890000002
2952,88.99645330000001
2953,89.78928610000001
2954,88.8658636
2955,88.2425196
2956,86.48584679999999
2957,86.7586735
2958,85.27193930000001
2959,84.4189527
2960,83.15078989999999
2961,83.77715640000002
2962,83.1665369
2963,83.6026766
2964,84.31770279999996
2965,87.2510633
2966,88.6679259
2967,88.803107
2968,89.8948095
2969,90.5703462
2970,91.0041781
2971,91.47782710000001
2972,91.00785979999999
2973,88.66448199999999
2974,90.5444465
2975,88.76232579999999
2976,89.09471980000002
2977,89.03586080000001
2978,91.0858105
2979,91.0754227
2980,90.3070996
2981,90.04125649999999
2982,89.3000294
2983,90.56465230000002
2984,89.18388619999999
2985,90.09016659999999
2986,89.7858968
2987,91.76288019999998
2988,92.16986980000001
2989,90.4049459
2990,89.74123380000002
2991,90.86953010000003
2992,91.0182024
2993,89.7441733
2994,91.12198710000001
2995,93.31464260000003
2996,94.2325829
2997,90.01513770000001
2998,91.23315650000002
2999,93.1481368
3000,92.36938339999999
3001,91.64590399999999
3002,93.8102161
3003,93.25019660000001
3004,93.63232719999999
3005,93.57049670000004
3006,93.70160559999998
3007,93.95522109999997
3008,92.353061
3009,91.94238420000002
3010,91.0623744
3011,91.10761079999999
3012,90.8951167
3013,90.72075509999999
3014,89.24869089999997
3015,88.94313679999998
3016,88.32683360000003
3017,91.64856739999999
3018,91.98270020000002
3019,92.95384409999998
3020,91.84012010000004
3021,92.69766979999999
3022,93.7842033
3023,94.8652742
3024,93.38735989999996
3025,95.60359290000002
3026,96.17400749999999
3027,95.8928721
3028,94.33610629999998
3029,92.75873270000004
3030,91.72952679999999
3031,88.9880958
3032,87.1525897
3033,87.31226330000001
3034,89.93197620000001
3035,92.26205979999997
3036,92.0295826
3037,93.13345959999998
3038,92.44290690000003
3039,92.9631601
3040,91.92856460000002
3041,92.0565932
3042,93.18657660000001
3043,92.39335639999997
3044,95.03081660000001
3045,96.2680132
3046,96.8989633
3047,97.4008085
3048,97.43110680000001
3049,96.21984970000001
3050,97.98842129999998
3051,94.23048049999998
3052,92.869294
3053,92.72199290000003
3054,91.87494590000001
3055,90.41993030000003
3056,92.1948799
3057,92.70582
3058,91.65017680000001
3059,95.38404329999997
3060,96.6433854
3061,97.17603289999997
3062,95.0687164
3063,92.46265980000001
3064,95.52999959999998
3065,92.59713369999999
3066,93.8731603
3067,90.05768929999998
3068,87.16240640000001
3069,88.37917980000002
3070,85.8968365
3071,79.6600831
3072,76.74912659999998
3073,75.91890939999999
3074,75.7445864
3075,74.48789969999999
3076,74.4756691
3077,72.93525360000001
3078,72.4597869
3079,71.20973719999999
3080,70.3941504
3081,70.5309433
3082,72.43235630000001
3083,77.2626294
3084,83.11781039999998
3085,82.4179415
3086,80.0455279
3087,80.42211969999998
3088,77.1783566
3089,76.25427279999998
3090,76.7002407
3091,75.2223803
3092,76.82921379999999
3093,77.0912239
3094,74.9920838
3095,75.30366620000001
3096,73.9108397
3097,78.00755989999998
3098,78.8734334
3099,78.6920331
3100,78.13912710000001
3101,77.94424960000002
3102,77.81286399999999
3103,77.5826971
3104,77.22251109999999
3105,77.21982369999999
3106,75.93270460000001
3107,76.7054436
3108,80.5507755
3109,81.9463004
3110,82.32318660000001
3111,84.7763236
3112,84.7803095
3113,84.06185349999998
3114,83.8311737
3115,84.51924930000001
3116,83.11340350000002
3117,81.35420080000002
3118,79.30877590000001
3119,76.89712719999999
3120,74.35791650000002
3121,74.16467269999998
3122,74.33798680000001
3123,73.00078049999999
3124,71.2182937
3125,70.74203720000001
3126,70.45393669999999
3127,70.34774030000003
3128,69.92844679999999
3129,69.8683038
3130,69.50225019999999
3131,68.9062598
3132,68.82668340000001
3133,67.1209031
3134,67.71856079999999
3135,67.89469659999999
3136,68.86946979999999
3137,69.66890370000002
3138,70.28855949999999
3139,70.9391638
3140,70.7244695
3141,71.12313689999999
3142,72.1039595
3143,72.7059075
3144,72.31103639999999
3145,72.37394600000003
3146,70.57008259999998
3147,70.0945058
3148,68.2133497
3149,67.2808865
3150,67.19174000000001
3151,67.12217319999998
3152,67.8132932
3153,68.97781679999999
3154,69.9432027
3155,70.8130722
3156,69.22345320000001
3157,70.2371673
3158,82.20281039999999
3159,91.2116905
3160,91.59260990000001
3161,93.3092245
3162,76.08468029999999
3163,74.9317969
3164,75.69045569999999
3165,74.8425671
3166,75.56078319999999
3167,76.81645919999998
3168,75.0524567
3169,71.50703679999998
3170,73.95163029999999
3171,75.23018640000001
3172,73.56818709999999
3173,73.8915198
3174,73.17878409999999
3175,72.6403962
3176,70.712673
3177,68.24635329999998
3178,71.61938310000002
3179,75.4347967
3180,75.34194640000001
3181,76.85817689999998
3182,78.09749910000001
3183,77.87056020000001
3184,79.11912280000001
3185,79.0712639
3186,85.23503020000003
3187,86.29993139999999
3188,84.06915629999999
3189,83.87968999999998
3190,82.84824739999996
3191,81.38846360000001
3192,79.39404649999999
3193,78.0873104
3194,80.3459661
3195,81.04654680000002
3196,79.36731350000001
3197,79.01763019999997
3198,78.4572065
3199,78.00370370000002
3200,76.8430099
3201,75.89490970000001
3202,75.39403320000001
3203,76.8809674
3204,79.02588349999999
3205,79.82887290000001
3206,79.7776402
3207,80.62297999999998
3208,78.8070162
3209,76.41681649999998
3210,78.83028040000002
3211,79.56331009999998
3212,78.5749868
3213,76.93047649999998
3214,76.90483699999999
3215,76.29813959999998
3216,73.86698620000001
3217,72.9414366
3218,72.77609629999999
3219,72.30682569999999
3220,73.04425670000002
3221,72.9989065
3222,72.74197300000002
3223,72.67838349999998
3224,72.19837030000002
3225,72.30370309999999
3226,73.01290009999998
3227,73.80089300000002
3228,75.03871380000001
3229,75.59163639999998
3230,75.45904030000001
3231,75.02947989999998
3232,76.91465
3233,78.12911330000003
3234,77.98984390000001
3235,77.48078980000003
3236,76.62358730000001
3237,76.14100669999999
3238,78.08873089999999
3239,78.7419745
3240,77.98975
3241,76.86704429999999
3242,75.00645630000001
3243,74.04889680000001
3244,73.70117640000001
3245,73.57721350000001
3246,73.36614850000001
3247,72.90747650000002
3248,72.32494340000002
3249,71.87954309999999
3250,73.73886409999999
3251,73.5334478
3252,71.1798398
3253,72.7775802
3254,74.27873999999998
3255,72.60673
3256,74.36822319999999
3257,74.52676020000001
3258,76.77364689999999
3259,76.4526196
3260,75.51295370000001
3261,76.39209940000002
3262,77.3812473
3263,77.59577389999998
3264,79.4385239
3265,74.70807289999999
3266,74.3079933
3267,75.9937694
3268,77.485067
3269,75.98878069999999
3270,75.2857965
3271,75.4402263
3272,75.90107990000001
3273,76.19521069999999
3274,75.98946269999999
3275,78.18010240000001
3276,79.7252642
3277,79.4413434
3278,80.75601600000002
3279,82.39775570000002
3280,82.4671565
3281,83.1092529
3282,82.02248099999998
3283,82.22373389999998
3284,75.96138680000003
3285,75.1280533
3286,74.40713949999999
3287,77.8425763
3288,78.97560709999999
3289,79.1869801
3290,79.41151699999999
3291,76.6462531
3292,79.92182350000002
3293,80.06405880000001
3294,79.87939589999999
3295,79.99869980000001
3296,80.27104970000002
3297,80.0426444
3298,80.2056178
3299,80.78065019999998
3300,81.1953026
3301,80.91985329999997
3302,80.13026289999999
3303,78.08905709999998
3304,78.59233370000001
3305,82.47554279999999
3306,83.52056929999999
3307,83.5173708
3308,82.8919369
3309,76.45527730000002
3310,76.70427009999999
3311,79.01180360000001
3312,78.1688294
3313,77.4333964
3314,77.6772928
3315,79.0020496
3316,75.84680000000003
3317,73.877219
3318,74.4475595
3319,74.0065602
3320,74.0463329
3321,73.96749060000002
3322,74.493867
3323,70.2004471
3324,65.04711979999999
3325,67.18411730000001
3326,70.8500774
3327,70.99357969999998
3328,75.0683366
3329,77.8959502
3330,76.6296925
3331,75.15979010000001
3332,72.5487097
3333,72.7770595
3334,73.77141349999998
3335,75.41623269999998
3336,74.45086669999999
3337,75.3918343
3338,74.06218000000001
3339,73.50590150000001
3340,72.1417068
3341,72.68518570000002
3342,74.2314832
3343,73.85486970000001
3344,73.6123471
3345,73.18898279999999
3346,74.25237989999998
3347,76.11203040000001
3348,76.49196049999999
3349,72.3228762
3350,75.2286997
3351,74.0209631
3352,74.48097320000001
3353,71.9703604
3354,73.18540979999997
3355,72.54923299999999
3356,70.75706689999998
3357,68.73357050000001
3358,69.9960301
3359,72.52506709999997
3360,72.7394504
3361,73.76203699999998
3362,74.72085979999999
3363,74.1322774
3364,73.41990679999999
3365,73.8665503
3366,72.2097197
3367,70.88442949999998
3368,69.810784
3369,69.6910201
3370,70.92572309999998
3371,70.10221629999998
3372,74.20293269999999
3373,72.725037
3374,74.20225319999999
3375,78.23553940000001
3376,78.3939666
3377,78.73547040000001
3378,78.8619962
3379,80.26862999999999
3380,81.967973
3381,81.6339676
3382,80.3270471
3383,80.1886572
3384,77.73543049999999
3385,81.00619680000001
3386,78.0169733
3387,79.22773349999999
3388,79.7426329
3389,79.6994826
3390,82.06839699999999
3391,81.1214336
3392,81.44372290000003
3393,84.66986630000001
3394,85.1723739
3395,84.5551169
3396,82.67230889999999
3397,80.92011039999998
3398,82.2766195
3399,82.18285270000001
3400,81.75883110000001
3401,81.05258380000001
3402,82.60093300000003
3403,83.10736309999999
3404,83.76819789999999
3405,83.29709290000002
3406,79.4380999
3407,77.5798231
3408,76.4340558
3409,78.37903029999998
3410,78.1434376
3411,79.6114139
3412,79.86114010000001
3413,82.6362625
3414,81.23896000000002
3415,81.20045009999998
3416,81.36628329999999
3417,81.14741030000002
3418,87.49656330000002
3419,93.10435279999999
3420,93.4937062
3421,90.66812660000001
3422,84.09536119999999
3423,81.8926727
3424,81.03704710000002
3425,83.39635299999998
3426,84.6511133
3427,81.49311290000003
3428,80.06698930000002
3429,76.50019329999999
3430,75.59656980000001
3431,72.61743030000001
3432,70.86398610000002
3433,71.18282999999998
3434,71.48088270000002
3435,72.7654532
3436,71.97223369999998
3437,71.97033289999999
3438,71.05754380000002
3439,71.02042680000001
3440,70.92592749999997
3441,71.16901740000002
3442,72.89600630000002
3443,74.8344159
3444,77.6342724
3445,74.6544361
3446,70.98702730000001
3447,73.19292060000001
3448,70.8186695
3449,75.87620259999998
3450,80.1791365
3451,77.01328969999997
3452,73.9515036
3453,71.9886529
3454,71.4314933
3455,71.7750132
3456,70.56427409999998
3457,72.4013728
3458,73.31806700000001
3459,73.6806909
3460,72.6517411
3461,72.80321749999999
3462,72.38869039999999
3463,71.30173330000001
3464,70.23347659999999
3465,70.25018669999999
3466,70.40765989999998
3467,69.4815978
3468,69.62521000000002
3469,70.8537165
3470,73.0561274
3471,71.2932929
3472,68.69424070000001
3473,68.2277196
3474,69.52094279999997
3475,68.90878350000001
3476,70.07411280000002
3477,71.54219930000001
3478,72.16768680000001
3479,71.68286989999999
3480,68.49568699999999
3481,64.4535801
3482,64.5105501
3483,65.8261034
3484,70.57002730000002
3485,69.6836536
3486,71.58811030000001
3487,66.8735369
3488,65.10527669999999
3489,65.43138040000002
3490,66.4584399
3491,66.28052280000001
3492,64.22274349999999
3493,64.6174862
3494,65.9287499
3495,65.0432768
3496,65.14362229999999
3497,66.9528928
3498,67.3658232
3499,68.32563630000001
3500,71.40654269999999
3501,71.28707390000001
3502,72.85735000000001
3503,74.6726334
3504,73.75588669999999
3505,72.6543364
3506,72.58810700000001
3507,71.4988037
3508,72.09308630000001
3509,72.4915498
3510,69.5461803
3511,69.3282231
3512,69.7022496
3513,69.18831959999999
3514,67.7820701
3515,67.9126668
3516,69.53955729999998
3517,67.3838776
3518,70.97199360000002
3519,77.10063180000002
3520,77.9282268
3521,74.14069690000001
3522,71.40872630000001
3523,76.87897960000001
3524,76.2546098
3525,74.38866960000001
3526,71.8428931
3527,74.55544719999999
3528,72.6706629
3529,78.37220939999999
3530,75.61369289999998
3531,75.04931090000001
3532,74.8003697
3533,73.70994680000003
3534,73.9488943
3535,73.56498389999997
3536,72.05962339999999
3537,71.1971775
3538,70.5282568
3539,69.70790309999998
3540,70.5542334
3541,73.97866990000001
3542,74.6757665
3543,73.88232740000001
3544,77.62840349999999
3545,76.15135050000002
3546,79.3642204
3547,79.0732963
3548,76.6720966
3549,77.2895901
3550,77.3025236
3551,78.63479719999998
3552,79.2397524
3553,80.68811299999999
3554,80.80701479999998
3555,82.72298399999998
3556,81.61798660000002
3557,79.83885360000001
3558,75.5114806
3559,72.1379169
3560,70.37530430000001
3561,70.00389650000001
3562,73.39060339999999
3563,76.04679909999997
3564,75.08788290000003
3565,73.7897263
3566,73.6155494
3567,77.14903279999999
3568,77.64101659999999
3569,75.99361090000001
3570,76.4299695
3571,76.4305459
3572,73.3781103
3573,75.75402700000001
3574,77.14511360000002
3575,78.3031837
3576,79.49443990000002
3577,81.22209090000001
3578,81.438157
3579,82.2260398
3580,82.3677109
3581,80.71324429999999
3582,80.28082339999996
3583,75.74917949999997
3584,74.3504471
3585,72.7070372
3586,72.696136
3587,74.25908069999997
3588,75.7930197
3589,77.87402739999999
3590,79.80946730000001
3591,79.07604990000002
3592,79.97041380000002
3593,81.41983739999999
3594,80.6300257
3595,80.57773039999998
3596,79.85578929999997
3597,79.6690368
3598,78.7297734
3599,79.5015232
3600,80.68585089999996
3601,82.29466240000002
3602,82.50486280000001
3603,80.10553320000002
3604,78.90839269999998
3605,78.84760650000001
3606,77.96869600000002
3607,74.89220620000002
3608,74.0822296
3609,73.6281766
3610,75.24710990000001
3611,76.0341133
3612,79.9080105
3613,84.6067236
3614,84.2002267
3615,94.52342369999998
3616,89.2140435
3617,87.18555909999999
3618,84.84797569999998
3619,86.6329363
3620,87.16019429999997
3621,87.26365630000001
3622,85.46522009999998
3623,84.283847
3624,82.5150032
3625,81.81410960000001
3626,79.4356065
3627,76.94923080000004
3628,76.00883010000003
3629,73.94886619999998
3630,74.33323270000001
3631,74.05748980000003
3632,73.826297
3633,73.5896039
3634,74.4345771
3635,76.2364767
3636,76.3455141
3637,76.8939275
3638,76.2752404
3639,76.9355238
3640,77.91895059999999
3641,76.5652067
3642,75.83278040000002
3643,76.13596649999998
3644,75.6566129
3645,76.3790832
3646,75.55883910000001
3647,74.38351680000001
3648,75.8028772
3649,75.56196680000002
3650,73.12688589999999
3651,70.78915710000001
3652,72.39305630000001
3653,71.22842080000002
3654,71.2189865
3655,70.51985379999999
3656,69.13024979999999
3657,68.56022030000001
3658,68.5287501
3659,67.6062435
3660,70.9896491
3661,73.65068609999999
3662,75.85639549999999
3663,76.75761619999999
3664,79.69226020000002
3665,82.37683669999998
3666,82.6418166
3667,81.88922349999996
3668,80.10824009999997
3669,78.6683309
3670,79.4100864
3671,79.63810769999999
3672,80.32827650000002
3673,78.26892049999996
3674,77.38623290000001
3675,76.4979735
3676,75.7118303
3677,75.5276236
3678,74.9584362
3679,73.8409012
3680,77.68385059999999
3681,79.62581540000001
3682,81.62853970000002
3683,87.28953390000001
3684,87.1108103
3685,77.1177039
3686,77.90698049999997
3687,79.26147309999999
3688,81.05871730000001
3689,80.77864720000002
3690,80.3157564
3691,81.08534279999998
3692,77.4202068
3693,77.10354300000002
3694,77.551491
3695,78.2203174
3696,76.71389669999998
3697,76.92948659999999
3698,78.97617359999998
3699,80.16621620000002
3700,79.91328050000003
3701,79.30583039999999
3702,79.44962609999999
3703,78.53060269999999
3704,78.10570010000002
3705,76.4419764
3706,74.00957380000001
3707,74.1115327
3708,75.288669
3709,74.4278736
3710,77.215263
3711,79.1250372
3712,78.307653
3713,81.3415897
3714,82.18205300000001
3715,81.34457600000002
3716,80.73018090000001
3717,80.7717872
3718,81.4120869
3719,80.8811804
3720,80.5557565
3721,81.34771009999999
3722,82.7010301
3723,83.03553020000001
3724,81.93101030000003
3725,81.08346619999999
3726,81.01855669999999
3727,77.29380029999999
3728,75.00597320000003
3729,85.5704731
3730,87.1131408
3731,83.24486939999997
3732,82.6312422
3733,81.3989762
3734,80.4879097
3735,77.8776367
3736,77.20790980000001
3737,79.1423602
3738,78.13757283000001
3739,80.78478670000001
3740,80.99898300000004
3741,81.4105207
3742,82.75852379999999
3743,82.25592385
3744,81.49739239999998
3745,80.397089665
3746,79.8341367
3747,79.25046600000002
3748,75.199853565
3749,74.23490280000001
3750,73.077987
3751,66.92200980999999
3752,40.09758322
3753,37.86229999999999
3754,37.89429999999999
3755,37.92629999999999
3756,37.95829999999999
3757,35.993946715999996
3758,57.10788669000001
3759,65.92870302000001
3760,64.71322953999999
3761,64.4670767
3762,64.45581
3763,64.48803000000001
3764,64.4757732
3765,64.4195533
3766,64.6264534
3767,65.0433433
3768,64.53605350000001
3769,64.47272000000001
3770,64.54219300000001
3771,64.5671533
3772,64.61668
3773,64.63160990000002
3774,64.73566000000001
3775,64.83080000000001
3776,64.50988330000001
3777,72.7948162
3778,75.25843979999999
3779,77.7482072
3780,77.0822933
3781,75.9789101
3782,78.2397679
3783,78.3842228
3784,80.0141195
3785,80.03600039999999
3786,86.6051898
3787,88.99723959999999
3788,91.2763927
3789,83.73533280000002
3790,83.78584990000002
3791,83.51175640000002
3792,82.97395960000001
3793,83.1590432
3794,83.4519999
3795,82.8607393
3796,83.2939095
3797,81.70419589999999
3798,79.10708759999999
3799,79.32905749999999
3800,78.5048901
3801,79.34916709999997
3802,78.3954563
3803,77.9558869
3804,78.57246350000001
3805,78.0102802
3806,78.1165673
3807,79.13075650000002
3808,78.36243270000001
3809,79.28044680000002
3810,80.5480391
3811,81.68605299999999
3812,81.2827106
3813,82.04338580000001
3814,80.8251265
3815,81.9777332
3816,81.2528999
3817,80.35041349999997
3818,80.08017020000001
3819,80.25869019999996
3820,78.9423104
3821,77.75526899999998
3822,77.65042899999999
3823,76.7688432
3824,74.78754950000001
3825,76.10178319999999
3826,78.4131314
3827,79.0238772
3828,78.48409710000001
3829,78.71626020000001
3830,79.5633234
3831,80.5343202
3832,78.8505765
3833,79.53142949999999
3834,80.6018301
3835,79.4386797
3836,80.3708468
3837,80.05766679999999
3838,80.34365730000002
3839,80.16548290000003
3840,79.55538020000003
3841,78.5775795
3842,77.04706630000001
3843,77.96515330000003
3844,78.36968580000003
3845,76.8372462
3846,78.3083403
3847,77.45388710000002
3848,78.2998864
3849,76.24980610000001
3850,75.0621265
3851,71.94255309999998
3852,70.87081239999999
3853,71.20171979999999
3854,72.60109470000002
3855,72.6901465
3856,73.1061931
3857,73.6905036
3858,73.82172320000002
3859,73.55551290000001
3860,73.5023723
3861,73.7776206
3862,74.82822069999999
3863,76.46178379999999
3864,75.6974973
3865,76.1337833
3866,76.0109765
3867,76.81514109999999
3868,76.49891649999998
3869,76.12386020000001
3870,76.10988080000001
3871,76.12398660000001
3872,75.379534
3873,74.56302970000002
3874,72.1371168
3875,70.21852330000002
3876,70.82344
3877,70.9855703
3878,69.18548270000001
3879,69.02678000000002
3880,68.3352003
3881,68.9525107
3882,68.90278029999999
3883,68.57464010000002
3884,68.54225310000002
3885,68.631013
3886,69.14136690000001
3887,71.0592794
3888,69.83097620000001
3889,68.7294633
3890,68.67863299999999
3891,68.2840159
3892,68.1233338
3893,67.85574729999999
3894,68.13913269999999
3895,68.51741439999999
3896,68.18586250000001
3897,68.0447605
3898,67.33679000000001
3899,67.41044380000001
3900,68.5020005
3901,68.89777070000001
3902,68.94465650000001
3903,69.37603010000001
3904,69.5499676
3905,69.8836596
3906,69.5871639
3907,69.38504670000002
3908,69.89624329999998
3909,70.4173396
3910,70.30128
3911,72.36919629999998
3912,71.5255262
3913,70.03904979999997
3914,69.15925980000002
3915,69.0309534
3916,68.87518429999999
3917,68.46470690000001
3918,67.83274650000001
3919,68.0756528
3920,69.03264320000001
3921,67.96519320000002
3922,68.0630469
3923,69.4089609
3924,71.0032532
3925,70.31688009999999
3926,70.8844334
3927,71.66102339999999
3928,75.25694949999998
3929,73.7955889
3930,74.0992903
3931,72.7063866
3932,73.09834379999998
3933,73.076884
3934,72.05860300000002
3935,72.57104609999999
3936,72.11105659999998
3937,72.10774699999999
3938,71.26356019999999
3939,70.75494699999999
3940,70.6083065
3941,69.1663958
3942,68.5788044
3943,69.1509032
3944,68.4745031
3945,67.7223508
3946,72.58510980000003
3947,73.26468009999999
3948,74.01871960000001
3949,74.1970563
3950,72.62925290000001
3951,72.77059280000002
3952,72.5135866
3953,71.7322839
3954,71.2585034
3955,71.7702498
3956,70.9050155
3957,70.46944289999999
3958,70.83386309999999
3959,71.7314167
3960,70.9108836
3961,71.2780169
3962,71.07109600000003
3963,70.384393
3964,70.1854298
3965,70.67669679999999
3966,70.1926864
3967,70.31228369999998
3968,69.74067699999998
3969,69.3642837
3970,69.2293762
3971,69.10788980000001
3972,69.14671000000001
3973,68.55141719999997
3974,69.02748770000001
3975,68.58813679999999
3976,68.61412320000001
3977,68.83719339999999
3978,68.69502670000001
3979,68.92143270000001
3980,68.9476035
3981,68.9660364
3982,68.46790969999999
3983,69.34892660000001
3984,67.1981636
3985,67.14850659999999
3986,67.21724649999999
3987,67.1818532
3988,67.22316579999999
3989,67.57583300000002
3990,67.6098131
3991,67.65574740000001
3992,67.47687640000001
3993,67.28330429999998
3994,67.2628697
3995,67.47798350000001
3996,68.8436605
3997,68.85465080000002
3998,68.6200837
3999,70.0289161
4000,69.78353349999999
4001,69.9953831
4002,70.4762202
4003,70.8937337
4004,71.2790905
4005,71.08683570000001
4006,73.2864233
4007,73.331807
4008,73.24621950000001
4009,72.34754790000002
4010,73.78318349999998
4011,72.6087036
4012,71.07654
4013,70.50451
4014,70.51828680000001
4015,69.7568561
4016,69.92467090000001
4017,70.34064380000001
4018,71.2080561
4019,70.6089858
4020,69.17468659999999
4021,69.3542333
4022,69.41622760000001
4023,68.95769960000001
4024,71.5054734
4025,70.5243365
4026,70.01884050000001
4027,67.8167038
4028,68.03456659999999
4029,68.11500300000002
4030,68.2245164
4031,68.9696467
4032,66.7066831
4033,66.57896430000001
4034,67.48230989999999
4035,67.91918280000002
4036,68.0012336
4037,67.5502404
4038,67.3758795
4039,66.7473304
4040,66.74886030000002
4041,66.58714900000001
4042,66.3733367
4043,66.0664265
4044,66.4713631
4045,67.35861379999999
4046,73.9247962
4047,74.98877960000002
4048,75.6750962
4049,75.9400036
4050,74.0777292
4051,73.93574620000001
4052,74.43187379999999
4053,69.06855640000002
4054,68.08983989999999
4055,67.23912639999999
4056,65.91989039999999
4057,67.6985063
4058,68.70389730000001
4059,68.4179596
4060,68.7834064
4061,67.75275090000001
4062,68.45985669999999
4063,68.75919269999999
4064,68.84707329999999
4065,68.3836343
4066,67.8337332
4067,69.43448029999998
4068,68.6780734
4069,69.27741689999998
4070,71.25560940000001
4071,72.3703404
4072,73.97900590000002
4073,74.5720071
4074,73.9035995
4075,73.1057234
4076,74.33107590000002
4077,74.10607880000002
4078,75.21347760000003
4079,78.64656640000001
4080,77.36047620000001
4081,78.292167
4082,79.0415868
4083,79.92421619999999
4084,79.28558309999998
4085,79.11043239999998
4086,77.14721699999998
4087,75.23188669999998
4088,75.11766010000001
4089,75.1985732
4090,74.09343
4091,73.92816350000001
4092,74.45435630000001
4093,75.08713960000001
4094,75.59169940000001
4095,76.88341959999998
4096,77.63797380000001
4097,79.62379409999998
4098,80.92354359999999
4099,80.36557579999996
4100,79.01946050000001
4101,77.95915940000002
4102,78.59729639999998
4103,80.14861700000002
4104,78.68106370000001
4105,78.2217667
4106,77.69438049999998
4107,77.56262669999998
4108,77.08250330000001
4109,76.94266349999998
4110,77.28288289999996
4111,77.41901690000002
4112,77.3961629
4113,76.8485731
4114,77.8814274
4115,77.54595350000001
4116,77.8174238
4117,78.6345672
4118,76.00255009999998
4119,76.4088801
4120,72.86166300000001
4121,74.03238259999999
4122,74.84017709999999
4123,75.20287300000001
4124,75.2385395
4125,73.0711266
4126,74.6247943
4127,75.97077960000001
4128,75.34967640000002
4129,76.35565299999999
4130,76.43147179999998
4131,76.08136649999999
4132,75.75487660000002
4133,75.43364670000004
4134,74.68072299999999
4135,74.3436002
4136,74.25929319999999
4137,75.86634659999999
4138,78.25029300000001
4139,78.9726167
4140,78.8318432
4141,78.1120306
4142,77.2941705
4143,77.06572689999997
4144,76.87472019999998
4145,76.66889919999998
4146,76.5636572
4147,77.05934280000001
4148,76.9961933
4149,76.8521936
4150,76.4444871
4151,75.7838527
4152,75.40749940000002
4153,75.45706309999998
4154,75.3820331
4155,74.71040020000001
4156,72.95717359999999
4157,73.04884619999999
4158,72.35345290000002
4159,71.6683635
4160,72.30972659999999
4161,72.44890350000001
4162,72.96559960000002
4163,73.11903990000002
4164,73.4336671
4165,74.65693059999998
4166,74.80373319999998
4167,75.44784619999999
4168,76.61937310000002
4169,77.36058009999999
4170,76.40012270000001
4171,76.8041794
4172,76.24844979999999
4173,78.51466059999998
4174,78.50045940000003
4175,80.11040949999997
4176,79.41325950000001
4177,79.62173750000001
4178,80.63856659999999
4179,80.17409929999998
4180,79.83019330000002
4181,77.9495664
4182,77.39981339999999
4183,77.27664010000004
4184,77.66309639999999
4185,78.0444553
4186,77.57217950000003
4187,79.69769979999998
4188,79.89367299999998
4189,79.24389420000001
4190,80.62148640000001
4191,80.21238719999998
4192,79.8783069
4193,80.1846836
4194,79.79688639999999
4195,79.61907969999999
4196,78.87594639999999
4197,78.7823268
4198,80.09014340000002
4199,81.0309997
4200,80.9101759
4201,80.78462000000002
4202,80.23846019999998
4203,79.89822
4204,79.7871836
4205,79.84215379999999
4206,79.29269260000001
4207,78.74730399999999
4208,78.36837940000002
4209,80.07197589999996
4210,83.0448998
4211,82.40465259999998
4212,80.2635672
4213,79.2065652
4214,81.71730690000001
4215,80.6837371
4216,80.15957610000001
4217,80.07024650000001
4218,77.9756898
4219,75.9530364
4220,77.1314204
4221,79.2091264
4222,79.32601109999999
4223,78.91254709999998
4224,79.143064
4225,77.24206989999999
4226,76.06762770000002
4227,75.4309369
4228,75.5217858
4229,75.0417166
4230,74.89636030000001
4231,74.07607999999999
4232,74.1882697
4233,74.21333929999999
4234,75.2083164
4235,74.3364838
4236,73.67819630000001
4237,73.75844920000002
4238,74.08997949999998
4239,73.97872380000001
4240,74.23369290000001
4241,74.2611464
4242,73.9532833
4243,73.2498597
4244,73.6140239
4245,72.08013629999999
4246,70.23454629999999
4247,72.21673679999999
4248,73.03227030000002
4249,73.3263633
4250,73.2388667
4251,73.22356669999999
4252,73.1835533
4253,73.5489434
4254,73.26825
4255,73.30751
4256,73.32598
4257,73.35948330000001
4258,73.39394
4259,73.4223466
4260,73.4604333
4261,73.4818367
4262,73.51313999999999
4263,73.7479434
4264,73.73040660000001
4265,73.91933999999999
4266,74.3271367
4267,73.7059567
4268,75.42301050000002
4269,75.597571
4270,76.0753996
4271,76.75016660000003
4272,76.4997997
4273,76.4074272
4274,75.4890269
4275,74.74578289999998
4276,74.94501920000002
4277,74.68920350000002
4278,74.74998739999998
4279,75.2945505
4280,77.45611400000001
4281,76.35408590000002
4282,77.98999640000001
4283,78.15352049999998
4284,77.82376590000001
4285,79.25316930000001
4286,77.49756049999999
4287,76.22074460000002
4288,75.55879030000001
4289,76.0083504
4290,77.82264279999998
4291,76.91883659999999
4292,78.39579690000001
4293,80.08149960000001
4294,82.6168801
4295,82.8229734
4296,80.6561864
4297,80.1632663
4298,79.71313689999998
4299,80.2654003
4300,79.3594296
4301,80.1453138
4302,79.99731620000001
4303,80.428507
4304,80.7874999
4305,82.30134659999999
4306,82.7968872
4307,81.70135010000001
4308,80.64416629999998
4309,78.35296710000001
4310,80.5990105
4311,79.31115700000001
4312,78.88665709999998
4313,77.59990290000003
4314,79.00924969999998
4315,78.2705163
4316,76.21214990000001
4317,75.5554037
4318,75.8004
4319,75.2320937
4320,74.8120327
4321,74.02665979999999
4322,74.02302060000001
4323,74.18456339999997
4324,74.10736940000001
4325,73.95117700000002
4326,73.77362529999999
4327,73.26607709999999
4328,73.07162380000001
4329,76.398269
4330,76.5470541
4331,77.28782019999998
4332,76.84905689999998
4333,76.5361332
4334,76.42575679999999
4335,77.11948019999998
4336,75.91709740000003
4337,76.4740164
4338,77.326947
4339,79.32750739999999
4340,79.19014389999998
4341,80.2185593
4342,81.2072294
4343,82.82781350000002
4344,80.67693979999999
4345,78.9993941
4346,76.50850710000002
4347,76.840403
4348,76.3603539
4349,76.401867
4350,75.7855632
4351,75.6080862
4352,74.8734231
4353,73.67712700000001
4354,75.82409679999999
4355,77.99706439999999
4356,76.60658009999999
4357,76.6148931
4358,79.09102029999998
4359,79.65996650000001
4360,80.3181606
4361,81.178974
4362,81.96729629999999
4363,81.01666680000002
4364,81.06303969999999
4365,78.60966300000001
4366,77.96725380000001
4367,76.81744950000001
4368,75.9449956
4369,76.59831260000001
4370,77.61679280000001
4371,76.42405409999999
4372,75.81248010000003
4373,72.5136233
4374,70.2781573
4375,70.00582389999998
4376,70.28708289999999
4377,73.38009039999999
4378,75.25268380000003
4379,76.7984673
4380,77.43084720000003
4381,77.39739699999998
4382,76.54811349999997
4383,76.34005630000001
4384,76.62846709999997
4385,76.98240059999999
4386,76.33203289999999
4387,72.6795461
4388,72.43676690000001
4389,71.8141196
4390,71.32413380000001
4391,71.626404
4392,71.85897359999998
4393,72.37365360000001
4394,71.3062396
4395,72.29087589999999
4396,71.1942036
4397,71.65705309999998
4398,70.79145299999999
4399,70.97851709999999
4400,70.55969999999999
4401,70.5917
4402,70.6237
4403,70.6557
4404,70.68769999999999
4405,70.7197
4406,70.7517
4407,70.7837
4408,70.81569999999999
4409,70.8477
4410,70.8797
4411,70.9117
4412,70.94369999999999
4413,70.9757
4414,71.0077
4415,71.0397
4416,70.3277
4417,70.3597
4418,70.3917
4419,70.4237
4420,70.4557
4421,70.4637
4422,70.4957
4423,70.5277
4424,70.55969999999999
4425,70.5917
4426,70.6237
4427,70.6557
4428,70.68769999999999
4429,70.7197
4430,70.7517
4431,70.7837
4432,70.81569999999999
4433,70.8477
4434,70.8797
4435,70.9117
4436,70.94369999999999
4437,70.9757
4438,71.0077
4439,71.0397
4440,70.3277
4441,70.3597
4442,70.3917
4443,70.4237
4444,70.4557
4445,70.4637
4446,70.4957
4447,70.5277
4448,70.55969999999999
4449,70.5917
4450,70.6237
4451,70.6557
4452,70.68769999999999
4453,70.7197
4454,70.7517
4455,70.7837
4456,70.81569999999999
4457,70.8477
4458,70.8797
4459,70.9117
4460,70.94369999999999
4461,70.9757
4462,71.0077
4463,71.0397
4464,70.3277
4465,70.3597
4466,70.3917
4467,70.4237
4468,70.4557
4469,70.4637
4470,70.4957
4471,70.5277
4472,70.55969999999999
4473,70.5917
4474,70.6237
4475,70.6557
4476,70.68769999999999
4477,70.7197
4478,70.7517
4479,70.7837
4480,70.81569999999999
4481,70.8477
4482,70.8797
4483,70.9117
4484,70.94369999999999
4485,70.9757
4486,71.0077
4487,71.0397
4488,70.3277
4489,70.3597
4490,70.3917
4491,70.4237
4492,70.4557
4493,70.4637
4494,70.4957
4495,70.5277
4496,70.55969999999999
4497,70.5917
4498,70.6237
4499,70.6557
4500,70.68769999999999
4501,70.7197
4502,70.7654866
4503,71.05444659999999
4504,71.0931568
4505,71.12094
4506,71.0975
4507,70.9712466
4508,70.93009669999999
4509,70.8933833
4510,70.85875999999999
4511,70.92761
4512,70.23233
4513,70.3115201
4514,70.63183000000001
4515,70.2850267
4516,70.31427670000001
4517,70.33984
4518,70.3546434
4519,70.3910066
4520,70.4233733
4521,71.09825039999998
4522,80.0795209
4523,79.0445201
4524,77.4447065
4525,78.82622310000002
4526,76.10880999999998
4527,73.30141696
4528,77.45966260000002
4529,75.90784659999998
4530,77.32012569999999
4531,77.20560650000002
4532,75.54632010000002
4533,73.70923639999998
4534,73.8669307
4535,74.79238600000001
4536,75.35704739999997
4537,76.42697030000001
4538,75.85444639999999
4539,75.81901619999998
4540,76.6480028
4541,76.5460766
4542,76.01469339999998
4543,75.79919319999999
4544,75.6349902
4545,75.8697924
4546,76.45740300000001
4547,79.97006009999998
4548,80.92415329999996
4549,77.44865639999999
4550,76.9411419
4551,79.8712028
4552,81.80272029999999
4553,81.21553059999998
4554,79.1672458
4555,78.2873823
4556,75.25005319999998
4557,75.3041397
4558,76.22019710000001
4559,76.5286997
4560,71.8400892
4561,70.4435942
4562,70.47229420000001
4563,71.66538089999999
4564,71.01567400000002
4565,70.5706943
4566,70.0612735
4567,70.3101936
4568,69.7728693
4569,71.87543600000001
4570,74.937497
4571,76.51598630000002
4572,79.62710639999997
4573,78.37335350000001
4574,76.83811009999998
4575,76.85438009999999
4576,79.07192959999999
4577,79.00548349999998
4578,80.37005990000002
4579,78.62556070000002
4580,78.18745549999998
4581,76.40068050000002
4582,75.84194290000002
4583,75.5658697
4584,74.39150350000001
4585,76.75293609999999
4586,75.98663020000002
4587,75.9337839
4588,74.35321979999999
4589,72.88175589999999
4590,71.38956049999999
4591,70.34073679999999
4592,70.1139431
4593,70.77650059999999
4594,73.04865079999999
4595,80.78372879999999
4596,80.40169039999999
4597,79.56417649999999
4598,77.8807992
4599,77.86887359999999
4600,76.62315519999999
4601,76.38931699999999
4602,76.476427
4603,76.29381740000001
4604,75.6730771
4605,74.73986280000001
4606,75.76013980000002
4607,75.33340419999998
4608,73.53669359999999
4609,72.69613629999998
4610,72.2266844
4611,71.41564330000003
4612,70.9845431
4613,70.65198269999999
4614,69.6574257
4615,66.0469236
4616,67.5833575
4617,66.6123035
4618,68.64241730000002
4619,72.4264454
4620,72.36644779999999
4621,72.31279390000002
4622,72.05967279999999
4623,73.1935067
4624,72.21460630000003
4625,70.14476300000001
4626,69.59207660000001
4627,71.06133770000001
4628,69.64757039999999
4629,69.91441989999998
4630,69.113024
4631,69.3933663
4632,68.24679309999999
4633,68.1228866
4634,67.82484980000001
4635,68.2384764
4636,68.5660465
4637,68.1282905
4638,68.2519939
4639,68.4770433
4640,69.0957097
4641,69.231256
4642,69.93374410000001
4643,69.54557970000002
4644,70.2776571
4645,71.47851670000001
4646,71.25575650000002
4647,70.80265700000001
4648,71.83594950000001
4649,72.1586439
4650,71.7852566
4651,71.36669690000001
4652,71.10895670000001
4653,71.0907596
4654,70.93092050000003
4655,68.0668399
4656,66.6114232
4657,66.8534864
4658,67.0130871
4659,66.60516079999998
4660,66.4096431
4661,66.4026468
4662,65.98735049999999
4663,66.8120836
4664,64.8973399
4665,66.21846640000001
4666,65.53828969999999
4667,67.00403050000001
4668,68.2694968
4669,69.5426998
4670,70.0660334
4671,70.6903829
4672,70.03150930000001
4673,70.0532061
4674,70.0122411
4675,69.69851010000001
4676,70.13868279999998
4677,69.27345010000002
4678,68.7932168
4679,68.23334319999998
4680,69.24816020000002
4681,69.35407980000001
4682,70.0039505
4683,67.20917030000003
4684,67.4518198
4685,64.1613974
4686,64.19763930000002
4687,63.76234990000002
4688,64.5436599
4689,65.24269050000001
4690,65.1423874
4691,65.9573203
4692,67.56450990000002
4693,68.32638639999999
4694,69.78375720000003
4695,70.72962670000001
4696,70.61857960000002
4697,70.95930360000001
4698,68.1338597
4699,69.954561
4700,69.3051734
4701,69.7882007
4702,67.60064650000001
4703,67.7282636
4704,88.33744450000002
4705,89.133577
4706,90.20306030000002
4707,88.373456
4708,86.9467102
4709,88.11409329999998
4710,88.4317268
4711,88.37807289999999
4712,88.4769539
4713,88.4450432
4714,88.79109230000002
4715,86.2093823
4716,85.44087650000002
4717,83.59044639999999
4718,84.8587364
4719,86.58767050000002
4720,85.90499949999997
4721,85.58492629999999
4722,87.2202511
4723,87.36257970000001
4724,86.83504660000001
4725,84.8654865
4726,88.91054310000001
4727,91.73624970000002
4728,90.8108669
4729,89.71081960000001
4730,90.2672643
4731,88.8324119
4732,89.24204280000001
4733,88.72305379999999
4734,87.3860297
4735,89.37951360000001
4736,87.4259765
4737,87.03260670000002
4738,88.572559
4739,88.6939903
4740,87.17051710000003
4741,87.50703310000002
4742,85.42223000000001
4743,83.57997680000003
4744,83.81162670000002
4745,83.64749640000002
4746,82.68285980000002
4747,81.89624090000001
4748,81.5308839
4749,80.5839936
4750,82.11565999999999
4751,82.66352360000002
4752,83.3060429
4753,84.41289009999998
4754,85.0418964
4755,85.10961010000001
4756,85.18619690000001
4757,86.00513770000002
4758,85.83041010000001
4759,85.2054168
4760,83.76392980000001
4761,84.56534329999998
4762,84.766267
4763,84.51919680000002
4764,84.14844989999997
4765,83.21479709999998
4766,81.18257289999998
4767,86.0549767
4768,85.74439960000001
4769,84.46908789999999
4770,85.71446050000002
4771,85.62857739999998
4772,85.49777639999999
4773,85.78746999999998
4774,86.67538080000003
4775,86.50281729999999
4776,85.8637259
4777,84.79147399999998
4778,84.14352550000002
4779,84.39570939999997
4780,84.93836719999999
4781,84.07716719999999
4782,82.826164
4783,81.30125939999999
4784,80.1289435
4785,80.5516272
4786,81.70767939999998
4787,84.68144709999999
4788,83.09464990000001
4789,83.49287750000002
4790,83.50588450000001
4791,82.20314299999998
4792,83.3724342
4793,85.1873869
4794,86.77159669999999
4795,86.36432939999999
4796,85.22758069999999
4797,86.1424772
4798,85.4564702
4799,85.47633269999999
4800,83.25819410000004
4801,83.54587009999999
4802,82.7727795
4803,82.49505730000003
4804,84.04281930000002
4805,83.40605710000001
4806,83.8384558
4807,85.06491010000002
4808,86.4350964
4809,87.87417990000002
4810,87.87384
4811,87.27293719999999
4812,87.3414199
4813,87.77055560000001
4814,87.83508020000001
4815,87.2685693
4816,85.84109150000002
4817,85.0197469
4818,85.18370960000001
4819,85.62395710000001
4820,86.25542110000002
4821,85.73903419999998
4822,86.03858940000002
4823,87.57810329999997
4824,89.29909930000002
4825,88.98724019999999
4826,89.53675229999997
4827,87.55523939999999
4828,87.27832369999999
4829,86.1275292
4830,85.6270939
4831,85.91524660000002
4832,85.65702989999998
4833,86.134824
4834,88.1150334
4835,87.97796290000001
4836,87.5153297
4837,89.5276974
4838,90.21646940000001
4839,89.88264699999998
4840,89.33857710000001
4841,89.97854619999998
4842,89.65242250000001
4843,90.04613970000001
4844,91.38120050000002
4845,91.2494103
4846,91.29197009999997
4847,87.6022298
4848,86.76194979999995
4849,87.71677630000002
4850,86.30212999999999
4851,87.2934763
4852,88.43515609999999
4853,89.21182029999999
4854,89.06000900000002
4855,90.90704699999999
4856,91.60542629999999
4857,91.2244869
4858,90.5775302
4859,90.77119319999997
4860,89.10813029999998
4861,90.13966440000002
4862,90.9063888
4863,89.47561020000002
4864,89.4006526
4865,87.55106610000001
4866,87.4183232
4867,86.3681076
4868,84.7854159
4869,86.13235699999998
4870,85.61952609999999
4871,85.91285069999998
4872,85.40532050000002
4873,87.23758039999998
4874,88.43283089999998
4875,88.43498290000001
4876,88.2110876
4877,87.7435021
4878,84.82801610000003
4879,84.6056607
4880,85.2095498
4881,85.89069670000002
4882,87.25846319999997
4883,89.6977395
4884,87.96127019999999
4885,90.0916664
4886,89.58375099999999
4887,88.3870137
4888,87.54502780000003
4889,84.47663969999999
4890,88.56782259999999
4891,88.8125634
4892,89.24793369999999
4893,90.72632199999997
4894,90.44588720000002
4895,89.7286403
4896,87.6986008
4897,89.94471779999998
4898,87.6111664
4899,87.3591471
4900,87.053961
4901,86.2616932
4902,85.0703834
4903,84.65457330000001
4904,85.094307
4905,86.0681638
4906,83.53170019999997
4907,83.27315249999998
4908,83.6464466
4909,82.06984310000001
4910,80.1779426
4911,82.40165700000001
4912,86.8090173
4913,85.8695327
4914,83.8862968
4915,83.60743730000002
4916,82.2283566
4917,83.037947
4918,84.0369929
4919,84.91654269999997
4920,84.2108668
4921,84.01681619999998
4922,84.409947
4923,83.54962640000001
4924,83.3327699
4925,82.6448207
4926,82.820774
4927,82.15867329999999
4928,84.56205369999999
4929,87.20934099999998
4930,89.28110740000001
4931,87.17804339999999
4932,86.5863806
4933,85.89098640000002
4934,84.3862504
4935,81.63572700000002
4936,81.52296649999997
4937,82.16488030000001
4938,82.9288933
4939,80.47643339999998
4940,79.40685649999999
4941,81.02223349999998
4942,81.5535235
4943,83.70368239999999
4944,84.59601390000002
4945,85.1267524
4946,84.77001420000002
4947,83.76673000000001
4948,82.15698030000001
4949,81.94932589999999
4950,80.6562677
4951,79.36595590000002
4952,78.2373829
4953,78.7784639
4954,78.44515409999998
4955,77.1310092
4956,77.3821306
4957,77.14356749999997
4958,75.04490369999999
4959,76.07046000000001
4960,79.93867459999998
4961,79.40498000000001
4962,78.9782804
4963,80.09403670000002
4964,80.3356236
4965,79.48351670000001
4966,78.167174
4967,78.3687206
4968,77.3069367
4969,76.9864232
4970,76.83534660000001
4971,76.54086709999999
4972,76.63057970000001
4973,76.25730389999998
4974,74.2743967
4975,73.71071040000002
4976,73.7362205
4977,74.10991669999999
4978,75.43701919999998
4979,75.52277350000001
4980,76.1417337
4981,76.2024806
4982,76.55359079999998
4983,76.26405979999998
4984,74.6068626
4985,73.5706536
4986,72.7536733
4987,74.45250329999998
4988,74.20440689999998
4989,74.8271806
4990,74.9455307
4991,77.6196566
4992,77.23903080000004
4993,77.3507072
4994,76.56742349999999
4995,76.78620290000002
4996,76.85659249999998
4997,76.76403700000003
4998,75.901113
4999,74.3026562
5000,73.88765319999999
5001,73.31890649999998
5002,71.97821710000001
5003,71.483243
5004,73.7245565
5005,79.84062
5006,82.35311959999999
5007,82.02828009999999
5008,80.78769049999998
5009,81.10264770000002
5010,79.29552039999997
5011,78.68137999999999
5012,79.91556939999998
5013,80.57020630000001
5014,82.43520969999999
5015,84.0197862
5016,83.38836009999999
5017,79.22459309999998
5018,76.99235350000001
5019,75.9392403
5020,74.6162601
5021,74.58988770000002
5022,74.16872319999999
5023,73.74462700000002
5024,72.2829373
5025,71.36086989999998
5026,73.52851940000002
5027,75.24667369999999
5028,77.67073309999999
5029,77.35366669999999
5030,79.3176328
5031,78.48338320000002
5032,80.35260289999998
5033,78.8789967
5034,79.54346030000002
5035,80.11020709999998
5036,76.1782099
5037,77.597896
5038,81.0519237
5039,80.58338640000002
5040,81.79603629999997
5041,82.80908930000001
5042,83.5930504
5043,85.19797729999999
5044,80.26571340000001
5045,80.2742098
5046,77.4029792
5047,75.5572794
5048,75.21223690000001
5049,75.76468329999999
5050,77.38563280000001
5051,77.07373619999998
5052,75.34661740000001
5053,77.6401438
5054,77.97757700000005
5055,78.92323620000002
5056,79.96133350000001
5057,76.95047699999999
5058,76.64224710000002
5059,76.44757290000001
5060,74.62020720000001
5061,76.3129138
5062,78.99815050000001
5063,80.50792660000002
5064,79.37478999999998
5065,79.40096060000002
5066,77.8936934
5067,77.20544859999998
5068,76.13814550000001
5069,75.28537989999998
5070,75.01088280000002
5071,72.46114680000001
5072,74.0067828
5073,73.0660532
5074,74.79117339999999
5075,77.33784759999999
5076,77.69837990000002
5077,78.09634910000001
5078,79.7197208
5079,79.5333704
5080,79.81719640000001
5081,76.29282319999999
5082,78.78365299999997
5083,79.81482
5084,80.39674649999999
5085,83.4220671
5086,82.7227499
5087,79.359381
5088,82.39799379999998
5089,86.56500449999999
5090,86.34000610000001
5091,87.09646610000001
5092,86.2614834
5093,87.40525359999998
5094,83.42126259999999
5095,81.4924768
5096,81.00894239999998
5097,80.3262733
5098,79.5376376
5099,81.8403292
5100,83.88903269999999
5101,83.2993129
5102,85.017504
5103,86.68787950000001
5104,84.77192679999999
5105,86.80585400000001
5106,87.20888350000001
5107,87.86223740000001
5108,87.72168339999997
5109,87.99630639999997
5110,86.6434437
5111,90.6435466
5112,89.12123010000002
5113,90.02750900000001
5114,88.26023980000001
5115,87.0357097
5116,88.7939042
5117,86.57819880000001
5118,83.2807208
5119,83.0071394
5120,83.99602950000002
5121,86.97038280000002
5122,89.63109049999998
5123,86.4503199
5124,86.79343719999997
5125,86.48128349999999
5126,85.3259425
5127,83.6420532
5128,83.5847332
5129,84.52852220000003
5130,88.4027503
5131,87.91202939999998
5132,88.43136650000001
5133,87.69377029999997
5134,88.76669949999999
5135,88.79727039999999
5136,89.28175659999998
5137,90.7541333
5138,92.3170757
5139,90.42246380000002
5140,89.9357761
5141,88.2830165
5142,86.8904065
5143,86.53018329999999
5144,86.28168360000001
5145,86.18600970000001
5146,86.79140149999999
5147,87.35859020000001
5148,88.29479079999999
5149,87.08507400000002
5150,87.6504641
5151,85.20629079999999
5152,83.6598632
5153,83.21948699999999
5154,82.67582060000001
5155,85.2331993
5156,88.46741089999999
5157,87.96755970000001
5158,87.7635366
5159,87.94810670000003
5160,86.94264270000001
5161,88.40790640000002
5162,89.7947765
5163,88.04745310000001
5164,86.9943765
5165,86.06409570000001
5166,84.78617990000002
5167,83.24232079999999
5168,83.15918620000002
5169,82.75771419999998
5170,83.2056235
5171,84.3533904
5172,84.87140809999997
5173,87.23038330000001
5174,88.25161309999999
5175,90.05025089999998
5176,90.32267389999998
5177,88.50571950000003
5178,87.32170670000001
5179,87.74699330000001
5180,88.6057168
5181,88.6354803
5182,89.0117056
5183,89.859723
5184,86.75912690000001
5185,87.8240265
5186,88.00401389999999
5187,85.3022196
5188,83.62518770000001
5189,83.6435833
5190,83.79552050000001
5191,84.2803907
5192,84.61984039999997
5193,83.2802134
5194,83.6208734
5195,79.28037319999997
5196,78.19077690000002
5197,78.40475299699999
5198,76.95820623200001
5199,80.34242079999999
5200,79.8154
5201,79.8474
5202,79.87939999999999
5203,79.9114
5204,79.9434
5205,79.9754
5206,80.00739999999999
5207,80.0394
5208,79.3034
5209,79.33539999999999
5210,79.36739999999999
5211,79.3994
5212,79.4314
5213,79.4634
5214,79.49539999999999
5215,79.5274
5216,79.6544034
5217,79.4522862
5218,77.17516609999998
5219,76.9876434
5220,78.68746289999999
5221,78.4040563
5222,76.92223679999998
5223,75.80774319999999
5224,75.46607450000002
5225,78.3623994
5226,78.120281
5227,79.28286
5228,83.47839670000002
5229,83.76328570000001
5230,86.36756359999998
5231,87.63401959999999
5232,86.51958379999998
5233,87.9322302
5234,88.2900138
5235,82.91122259999999
5236,81.2332367
5237,80.32330670000002
5238,76.44708009999998
5239,75.6504863
5240,77.0313068
5241,76.36880289999998
5242,79.45766650000002
5243,78.2962764
5244,77.62614740000001
5245,78.7601993
5246,81.76502310000001
5247,80.54188710000001
5248,81.43166599999999
5249,80.57046759999997
5250,80.59296999999998
5251,81.03615020000001
5252,84.99280419999998
5253,88.68120340000002
5254,89.54637979999998
5255,86.7866169
5256,86.00889089999998
5257,91.4658707
5258,93.38264729999997
5259,89.73752929999999
5260,87.60381299999997
5261,87.38160340000003
5262,86.9403826
5263,86.27901519999999
5264,85.78609669999996
5265,84.98638749999998
5266,86.8276667
5267,87.99523409999999
5268,89.80157030000002
5269,88.08237029999998
5270,86.6609031
5271,85.1867107
5272,81.9754339
5273,85.23219229999998
5274,94.16440390000002
5275,94.27864700000002
5276,92.5057298
5277,93.99548670000001
5278,93.6850939
5279,93.806707
5280,96.59763710000003
5281,96.16323630000002
5282,96.2413633
5283,94.824297
5284,92.92000320000001
5285,91.8720243
5286,90.9447873
5287,90.7824538
5288,90.98520959999999
5289,91.48449039999998
5290,92.8053613
5291,93.26441610000002
5292,95.5595932
5293,88.09377429999999
5294,84.53291600000001
5295,86.39542710000003
5296,85.9781133
5297,86.96065999999999
5298,88.5005409
5299,88.2436435
5300,87.85514979999998
5301,87.247097
5302,86.27695940000001
5303,89.87262890000002
5304,88.99645330000001
5305,89.78928610000001
5306,88.8658636
5307,88.2425196
5308,86.48584679999999
5309,86.7586735
5310,85.27193930000001
5311,84.4189527
5312,83.15078989999999
5313,83.77715640000002
5314,83.1665369
5315,83.6026766
5316,84.31770279999996
5317,87.2510633
5318,88.6679259
5319,88.803107
5320,89.8948095
5321,90.5703462
5322,91.0041781
5323,91.47782710000001
5324,91.00785979999999
5325,88.66448199999999
5326,90.5444465
5327,88.76232579999999
5328,89.09471980000002
5329,89.03586080000001
5330,91.0858105
5331,91.0754227
5332,90.3070996
5333,90.04125649999999
5334,89.3000294
5335,90.56465230000002
5336,89.18388619999999
5337,90.09016659999999
5338,89.7858968
5339,91.76288019999998
5340,92.16986980000001
5341,90.4049459
5342,89.74123380000002
5343,90.86953010000003
5344,91.0182024
5345,89.7441733
5346,91.12198710000001
5347,93.31464260000003
5348,94.2325829
5349,90.01513770000001
5350,91.23315650000002
5351,93.1481368
5352,92.36938339999999
5353,91.64590399999999
5354,93.8102161
5355,93.25019660000001
5356,93.63232719999999
5357,93.57049670000004
5358,93.70160559999998
5359,93.95522109999997
5360,92.353061
5361,91.94238420000002
5362,91.0623744
5363,91.10761079999999
5364,90.8951167
5365,90.72075509999999
5366,89.24869089999997
5367,88.94313679999998
5368,88.32683360000003
5369,91.64856739999999
5370,91.98270020000002
5371,92.95384409999998
5372,91.84012010000004
5373,92.69766979999999
5374,93.7842033
5375,94.8652742
5376,93.38735989999996
5377,95.60359290000002
5378,96.17400749999999
5379,95.8928721
5380,94.33610629999998
5381,92.75873270000004
5382,91.72952679999999
5383,88.9880958
5384,87.1525897
5385,87.31226330000001
5386,89.93197620000001
5387,92.26205979999997
5388,92.0295826
5389,93.13345959999998
5390,92.44290690000003
5391,92.9631601
5392,91.92856460000002
5393,92.0565932
5394,93.18657660000001
5395,92.39335639999997
5396,95.03081660000001
5397,96.2680132
5398,96.8989633
5399,97.4008085
5400,97.43110680000001
5401,96.21984970000001
5402,97.98842129999998
5403,94.23048049999998
5404,92.869294
5405,92.72199290000003
5406,91.87494590000001
5407,90.41993030000003
5408,92.1948799
5409,92.70582
5410,91.65017680000001
5411,95.38404329999997
5412,96.6433854
5413,97.17603289999997
5414,95.0687164
5415,92.46265980000001
5416,95.52999959999998
5417,92.59713369999999
5418,93.8731603
5419,90.05768929999998
5420,87.16240640000001
5421,88.37917980000002
5422,85.8968365
5423,79.6600831
5424,76.74912659999998
5425,75.91890939999999
5426,75.7445864
5427,74.48789969999999
5428,74.4756691
5429,72.93525360000001
5430,72.4597869
5431,71.20973719999999
5432,70.3941504
5433,70.5309433
5434,72.43235630000001
5435,77.2626294
5436,83.11781039999998
5437,82.4179415
5438,80.0455279
5439,80.42211969999998
5440,77.1783566
5441,76.25427279999998
5442,76.7002407
5443,75.2223803
5444,76.82921379999999
5445,77.0912239
5446,74.9920838
5447,75.30366620000001
5448,73.9108397
5449,78.00755989999998
5450,78.8734334
5451,78.6920331
5452,78.13912710000001
5453,77.94424960000002
5454,77.81286399999999
5455,77.5826971
5456,77.22251109999999
5457,77.21982369999999
5458,75.93270460000001
5459,76.7054436
5460,80.5507755
5461,81.9463004
5462,82.32318660000001
5463,84.7763236
5464,84.7803095
5465,84.06185349999998
5466,83.8311737
5467,84.51924930000001
5468,83.11340350000002
5469,81.35420080000002
5470,79.30877590000001
5471,76.89712719999999
5472,74.35791650000002
5473,74.16467269999998
5474,74.33798680000001
5475,73.00078049999999
5476,71.2182937
5477,70.74203720000001
5478,70.45393669999999
5479,70.34774030000003
5480,69.92844679999999
5481,69.8683038
5482,69.50225019999999
5483,68.9062598
5484,68.82668340000001
5485,67.1209031
5486,67.71856079999999
5487,67.89469659999999
5488,68.86946979999999
5489,69.66890370000002
5490,70.28855949999999
5491,70.9391638
5492,70.7244695
5493,71.12313689999999
5494,72.1039595
5495,72.7059075
5496,72.31103639999999
5497,72.37394600000003
5498,70.57008259999998
5499,70.0945058
5500,68.2133497
5501,67.2808865
5502,67.19174000000001
5503,67.12217319999998
5504,67.8132932
5505,68.97781679999999
5506,69.9432027
5507,70.8130722
5508,69.22345320000001
5509,70.2371673
5510,82.20281039999999
5511,91.2116905
5512,91.59260990000001
5513,93.3092245
5514,76.08468029999999
5515,74.9317969
5516,75.69045569999999
5517,74.8425671
5518,75.56078319999999
5519,76.81645919999998
5520,75.0524567
5521,71.50703679999998
5522,73.95163029999999
5523,75.23018640000001
5524,73.56818709999999
5525,73.8915198
5526,73.17878409999999
5527,72.6403962
5528,70.712673
5529,68.24635329999998
5530,71.61938310000002
5531,75.4347967
5532,75.34194640000001
5533,76.85817689999998
5534,78.09749910000001
5535,77.87056020000001
5536,79.11912280000001
5537,79.0712639
5538,85.23503020000003
5539,86.29993139999999
5540,84.06915629999999
5541,83.87968999999998
5542,82.84824739999996
5543,81.38846360000001
5544,79.39404649999999
5545,78.0873104
5546,80.3459661
5547,81.04654680000002
5548,79.36731350000001
5549,79.01763019999997
5550,78.4572065
5551,78.00370370000002
5552,76.8430099
5553,75.89490970000001
5554,75.39403320000001
5555,76.8809674
5556,79.02588349999999
5557,79.82887290000001
5558,79.7776402
5559,80.62297999999998
5560,78.8070162
5561,76.41681649999998
5562,78.83028040000002
5563,79.56331009999998
5564,78.5749868
5565,76.93047649999998
5566,76.90483699999999
5567,76.29813959999998
5568,73.86698620000001
5569,72.9414366
5570,72.77609629999999
5571,72.30682569999999
5572,73.04425670000002
5573,72.9989065
5574,72.74197300000002
5575,72.67838349999998
5576,72.19837030000002
5577,72.30370309999999
5578,73.01290009999998
5579,73.80089300000002
5580,75.03871380000001
5581,75.59163639999998
5582,75.45904030000001
5583,75.02947989999998
5584,76.91465
5585,78.12911330000003
5586,77.98984390000001
5587,77.48078980000003
5588,76.62358730000001
5589,76.14100669999999
5590,78.08873089999999
5591,78.7419745
5592,77.98975
5593,76.86704429999999
5594,75.00645630000001
5595,74.04889680000001
5596,73.70117640000001
5597,73.57721350000001
5598,73.36614850000001
5599,72.90747650000002
5600,72.32494340000002
5601,71.87954309999999
5602,73.73886409999999
5603,73.5334478
5604,71.1798398
5605,72.7775802
5606,74.27873999999998
5607,72.60673
5608,74.36822319999999
5609,74.52676020000001
5610,76.77364689999999
5611,76.4526196
5612,75.51295370000001
5613,76.39209940000002
5614,77.3812473
5615,77.59577389999998
5616,79.4385239
5617,74.70807289999999
5618,74.3079933
5619,75.9937694
5620,77.485067
5621,75.98878069999999
5622,75.2857965
5623,75.4402263
5624,75.90107990000001
5625,76.19521069999999
5626,75.98946269999999
5627,78.18010240000001
5628,79.7252642
5629,79.4413434
5630,80.75601600000002
5631,82.39775570000002
5632,82.4671565
5633,83.1092529
5634,82.02248099999998
5635,82.22373389999998
5636,75.96138680000003
5637,75.1280533
5638,74.40713949999999
5639,77.8425763
5640,78.97560709999999
5641,79.1869801
5642,79.41151699999999
5643,76.6462531
5644,79.92182350000002
5645,80.06405880000001
5646,79.87939589999999
5647,79.99869980000001
5648,80.27104970000002
5649,80.0426444
5650,80.2056178
5651,80.78065019999998
5652,81.1953026
5653,80.91985329999997
5654,80.13026289999999
5655,78.08905709999998
5656,78.59233370000001
5657,82.47554279999999
5658,83.52056929999999
5659,83.5173708
5660,82.8919369
5661,76.45527730000002
5662,76.70427009999999
5663,79.01180360000001
5664,78.1688294
5665,77.4333964
5666,77.6772928
5667,79.0020496
5668,75.84680000000003
5669,73.877219
5670,74.4475595
5671,74.0065602
5672,74.0463329
5673,73.96749060000002
5674,74.493867
5675,70.2004471
5676,65.04711979999999
5677,67.18411730000001
5678,70.8500774
5679,70.99357969999998
5680,75.0683366
5681,77.8959502
5682,76.6296925
5683,75.15979010000001
5684,72.5487097
5685,72.7770595
5686,73.77141349999998
5687,75.41623269999998
5688,74.45086669999999
5689,75.3918343
5690,74.06218000000001
5691,73.50590150000001
5692,72.1417068
5693,72.68518570000002
5694,74.2314832
5695,73.85486970000001
5696,73.6123471
5697,73.18898279999999
5698,74.25237989999998
5699,76.11203040000001
5700,76.49196049999999
5701,72.3228762
5702,75.2286997
5703,74.0209631
5704,74.48097320000001
5705,71.9703604
5706,73.18540979999997
5707,72.54923299999999
5708,70.75706689999998
5709,68.73357050000001
5710,69.9960301
5711,72.52506709999997
5712,72.7394504
5713,73.76203699999998
5714,74.72085979999999
5715,74.1322774
5716,73.41990679999999
5717,73.8665503
5718,72.2097197
5719,70.88442949999998
5720,69.810784
5721,69.6910201
5722,70.92572309999998
5723,70.10221629999998
5724,74.20293269999999
5725,72.725037
5726,74.20225319999999
5727,78.23553940000001
5728,78.3939666
5729,78.73547040000001
5730,78.8619962
5731,80.26862999999999
5732,81.967973
5733,81.6339676
5734,80.3270471
5735,80.1886572
5736,77.73543049999999
5737,81.00619680000001
5738,78.0169733
5739,79.22773349999999
5740,79.7426329
5741,79.6994826
5742,82.06839699999999
5743,81.1214336
5744,81.44372290000003
5745,84.66986630000001
5746,85.1723739
5747,84.5551169
5748,82.67230889999999
5749,80.92011039999998
5750,82.2766195
5751,82.18285270000001
5752,81.75883110000001
5753,81.05258380000001
5754,82.60093300000003
5755,83.10736309999999
5756,83.76819789999999
5757,83.29709290000002
5758,79.4380999
5759,77.5798231
5760,76.4340558
5761,78.37903029999998
5762,78.1434376
5763,79.6114139
5764,79.86114010000001
5765,82.6362625
5766,81.23896000000002
5767,81.20045009999998
5768,81.36628329999999
5769,81.14741030000002
5770,87.49656330000002
5771,93.10435279999999
5772,93.4937062
5773,90.66812660000001
5774,84.09536119999999
5775,81.8926727
5776,81.03704710000002
5777,83.39635299999998
5778,84.6511133
5779,81.49311290000003
5780,80.06698930000002
5781,76.50019329999999
5782,75.59656980000001
5783,72.61743030000001
5784,70.86398610000002
5785,71.18282999999998
5786,71.48088270000002
5787,72.7654532
5788,71.97223369999998
5789,71.97033289999999
5790,71.05754380000002
5791,71.02042680000001
5792,70.92592749999997
5793,71.16901740000002
5794,72.89600630000002
5795,74.8344159
5796,77.6342724
5797,74.6544361
5798,70.98702730000001
5799,73.19292060000001
5800,70.8186695
5801,75.87620259999998
5802,80.1791365
5803,77.01328969999997
5804,73.9515036
5805,71.9886529
5806,71.4314933
5807,71.7750132
5808,70.56427409999998
5809,72.4013728
5810,73.31806700000001
5811,73.6806909
5812,72.6517411
5813,72.80321749999999
5814,72.38869039999999
5815,71.30173330000001
5816,70.23347659999999
5817,70.25018669999999
5818,70.40765989999998
5819,69.4815978
5820,69.62521000000002
5821,70.8537165
5822,73.0561274
5823,71.2932929
5824,68.69424070000001
5825,68.2277196
5826,69.52094279999997
5827,68.90878350000001
5828,70.07411280000002
5829,71.54219930000001
5830,72.16768680000001
5831,71.68286989999999
5832,68.49568699999999
5833,64.4535801
5834,64.5105501
5835,65.8261034
5836,70.57002730000002
5837,69.6836536
5838,71.58811030000001
5839,66.8735369
5840,65.10527669999999
5841,65.43138040000002
5842,66.4584399
5843,66.28052280000001
5844,64.22274349999999
5845,64.6174862
5846,65.9287499
5847,65.0432768
5848,65.14362229999999
5849,66.9528928
5850,67.3658232
5851,68.32563630000001
5852,71.40654269999999
5853,71.28707390000001
5854,72.85735000000001
5855,74.6726334
5856,73.75588669999999
5857,72.6543364
5858,72.58810700000001
5859,71.4988037
5860,72.09308630000001
5861,72.4915498
5862,69.5461803
5863,69.3282231
5864,69.7022496
5865,69.18831959999999
5866,67.7820701
5867,67.9126668
5868,69.53955729999998
5869,67.3838776
5870,70.97199360000002
5871,77.10063180000002
5872,77.9282268
5873,74.14069690000001
5874,71.40872630000001
5875,76.87897960000001
5876,76.2546098
5877,74.38866960000001
5878,71.8428931
5879,74.55544719999999
5880,72.6706629
5881,78.37220939999999
5882,75.61369289999998
5883,75.04931090000001
5884,74.8003697
5885,73.70994680000003
5886,73.9488943
5887,73.56498389999997
5888,72.05962339999999
5889,71.1971775
5890,70.5282568
5891,69.70790309999998
5892,70.5542334
5893,73.97866990000001
5894,74.6757665
5895,73.88232740000001
5896,77.62840349999999
5897,76.15135050000002
5898,79.3642204
5899,79.0732963
5900,76.6720966
5901,77.2895901
5902,77.3025236
5903,78.63479719999998
5904,79.2397524
5905,80.68811299999999
5906,80.80701479999998
5907,82.72298399999998
5908,81.61798660000002
5909,79.83885360000001
5910,75.5114806
5911,72.1379169
5912,70.37530430000001
5913,70.00389650000001
5914,73.39060339999999
5915,76.04679909999997
5916,75.08788290000003
5917,73.7897263
5918,73.6155494
5919,77.14903279999999
5920,77.64101659999999
5921,75.99361090000001
5922,76.4299695
5923,76.4305459
5924,73.3781103
5925,75.75402700000001
5926,77.14511360000002
5927,78.3031837
5928,79.49443990000002
5929,81.22209090000001
5930,81.438157
5931,82.2260398
5932,82.3677109
5933,80.71324429999999
5934,80.28082339999996
5935,75.74917949999997
5936,74.3504471
5937,72.7070372
5938,72.696136
5939,74.25908069999997
5940,75.7930197
5941,77.87402739999999
5942,79.80946730000001
5943,79.07604990000002
5944,79.97041380000002
5945,81.41983739999999
5946,80.6300257
5947,80.57773039999998
5948,79.85578929999997
5949,79.6690368
5950,78.7297734
5951,79.5015232
5952,80.68585089999996
5953,82.29466240000002
5954,82.50486280000001
5955,80.10553320000002
5956,78.90839269999998
5957,78.84760650000001
5958,77.96869600000002
5959,74.89220620000002
5960,74.0822296
5961,73.6281766
5962,75.24710990000001
5963,76.0341133
5964,79.9080105
5965,84.6067236
5966,84.2002267
5967,94.52342369999998
5968,89.2140435
5969,87.18555909999999
5970,84.84797569999998
5971,86.6329363
5972,87.16019429999997
5973,87.26365630000001
5974,85.46522009999998
5975,84.283847
5976,82.5150032
5977,81.81410960000001
5978,79.4356065
5979,76.94923080000004
5980,76.00883010000003
5981,73.94886619999998
5982,74.33323270000001
5983,74.05748980000003
5984,73.826297
5985,73.5896039
5986,74.4345771
5987,76.2364767
5988,76.3455141
5989,76.8939275
5990,76.2752404
5991,76.9355238
5992,77.91895059999999
5993,76.5652067
5994,75.83278040000002
5995,76.13596649999998
5996,75.6566129
5997,76.3790832
5998,75.55883910000001
5999,74.38351680000001
6000,75.8028772
6001,75.56196680000002
6002,73.12688589999999
6003,70.78915710000001
6004,72.39305630000001
6005,71.22842080000002
6006,71.2189865
6007,70.51985379999999
6008,69.13024979999999
6009,68.56022030000001
6010,68.5287501
6011,67.6062435
6012,70.9896491
6013,73.65068609999999
6014,75.85639549999999
6015,76.75761619999999
6016,79.69226020000002
6017,82.37683669999998
6018,82.6418166
6019,81.88922349999996
6020,80.10824009999997
6021,78.6683309
6022,79.4100864
6023,79.63810769999999
6024,80.32827650000002
6025,78.26892049999996
6026,77.38623290000001
6027,76.4979735
6028,75.7118303
6029,75.5276236
6030,74.9584362
6031,73.8409012
6032,77.68385059999999
6033,79.62581540000001
6034,81.62853970000002
6035,87.28953390000001
6036,87.1108103
6037,77.1177039
6038,77.90698049999997
6039,79.26147309999999
6040,81.05871730000001
6041,80.77864720000002
6042,80.3157564
6043,81.08534279999998
6044,77.4202068
6045,77.10354300000002
6046,77.551491
6047,78.2203174
6048,76.71389669999998
6049,76.92948659999999
6050,78.97617359999998
6051,80.16621620000002
6052,79.91328050000003
6053,79.30583039999999
6054,79.44962609999999
6055,78.53060269999999
6056,78.10570010000002
6057,76.4419764
6058,74.00957380000001
6059,74.1115327
6060,75.288669
6061,74.4278736
6062,77.215263
6063,79.1250372
6064,78.307653
6065,81.3415897
6066,82.18205300000001
6067,81.34457600000002
6068,80.73018090000001
6069,80.7717872
6070,81.4120869
6071,80.8811804
6072,80.5557565
6073,81.34771009999999
6074,82.7010301
6075,83.03553020000001
6076,81.93101030000003
6077,81.08346619999999
6078,81.01855669999999
6079,77.29380029999999
6080,75.00597320000003
6081,85.5704731
6082,87.1131408
6083,83.24486939999997
6084,82.6312422
6085,81.3989762
6086,80.4879097
6087,77.8776367
6088,77.20790980000001
6089,79.1423602
6090,78.13757283000001
6091,80.78478670000001
6092,80.99898300000004
6093,81.4105207
6094,82.75852379999999
6095,82.25592385
6096,81.49739239999998
6097,80.397089665
6098,79.8341367
6099,79.25046600000002
6100,75.199853565
6101,74.23490280000001
6102,73.077987
6103,66.92200980999999
6104,40.09758322
6105,37.86229999999999
6106,37.89429999999999
6107,37.92629999999999
6108,37.95829999999999
6109,35.993946715999996
6110,57.10788669000001
6111,65.92870302000001
6112,64.71322953999999
6113,64.4670767
6114,64.45581
6115,64.48803000000001
6116,64.4757732
6117,64.4195533
6118,64.6264534
6119,65.0433433
6120,64.53605350000001
6121,64.47272000000001
6122,64.54219300000001
6123,64.5671533
6124,64.61668
6125,64.63160990000002
6126,64.73566000000001
6127,64.83080000000001
6128,64.50988330000001
6129,72.7948162
6130,75.25843979999999
6131,77.7482072
6132,77.0822933
6133,75.9789101
6134,78.2397679
6135,78.3842228
6136,80.0141195
6137,80.03600039999999
6138,86.6051898
6139,88.99723959999999
6140,91.2763927
6141,83.73533280000002
6142,83.78584990000002
6143,83.51175640000002
6144,82.97395960000001
6145,83.1590432
6146,83.4519999
6147,82.8607393
6148,83.2939095
6149,81.70419589999999
6150,79.10708759999999
6151,79.32905749999999
6152,78.5048901
6153,79.34916709999997
6154,78.3954563
6155,77.9558869
6156,78.57246350000001
6157,78.0102802
6158,78.1165673
6159,79.13075650000002
6160,78.36243270000001
6161,79.28044680000002
6162,80.5480391
6163,81.68605299999999
6164,81.2827106
6165,82.04338580000001
6166,80.8251265
6167,81.9777332
6168,81.2528999
6169,80.35041349999997
6170,80.08017020000001
6171,80.25869019999996
6172,78.9423104
6173,77.75526899999998
6174,77.65042899999999
6175,76.7688432
6176,74.78754950000001
6177,76.10178319999999
6178,78.4131314
6179,79.0238772
6180,78.48409710000001
6181,78.71626020000001
6182,79.5633234
6183,80.5343202
6184,78.8505765
6185,79.53142949999999
6186,80.6018301
6187,79.4386797
6188,80.3708468
6189,80.05766679999999
6190,80.34365730000002
6191,80.16548290000003
6192,79.55538020000003
6193,78.5775795
6194,77.04706630000001
6195,77.96515330000003
6196,78.36968580000003
6197,76.8372462
6198,78.3083403
6199,77.45388710000002
6200,78.2998864
6201,76.24980610000001
6202,75.0621265
6203,71.94255309999998
6204,70.87081239999999
6205,71.20171979999999
6206,72.60109470000002
6207,72.6901465
6208,73.1061931
6209,73.6905036
6210,73.82172320000002
6211,73.55551290000001
6212,73.5023723
6213,73.7776206
6214,74.82822069999999
6215,76.46178379999999
6216,75.6974973
6217,76.1337833
6218,76.0109765
6219,76.81514109999999
6220,76.49891649999998
6221,76.12386020000001
6222,76.10988080000001
6223,76.12398660000001
6224,75.379534
6225,74.56302970000002
6226,72.1371168
6227,70.21852330000002
6228,70.82344
6229,70.9855703
6230,69.18548270000001
6231,69.02678000000002
6232,68.3352003
6233,68.9525107
6234,68.90278029999999
6235,68.57464010000002
6236,68.54225310000002
6237,68.631013
6238,69.14136690000001
6239,71.0592794
6240,69.83097620000001
6241,68.7294633
6242,68.67863299999999
6243,68.2840159
6244,68.1233338
6245,67.85574729999999
6246,68.13913269999999
6247,68.51741439999999
6248,68.18586250000001
6249,68.0447605
6250,67.33679000000001
6251,67.41044380000001
6252,68.5020005
6253,68.89777070000001
6254,68.94465650000001
6255,69.37603010000001
6256,69.5499676
6257,69.8836596
6258,69.5871639
6259,69.38504670000002
6260,69.89624329999998
6261,70.4173396
6262,70.30128
6263,72.36919629999998
6264,71.5255262
6265,70.03904979999997
6266,69.15925980000002
6267,69.0309534
6268,68.87518429999999
6269,68.46470690000001
6270,67.83274650000001
6271,68.0756528
6272,69.03264320000001
6273,67.96519320000002
6274,68.0630469
6275,69.4089609
6276,71.0032532
6277,70.31688009999999
6278,70.8844334
6279,71.66102339999999
6280,75.25694949999998
6281,73.7955889
6282,74.0992903
6283,72.7063866
6284,73.09834379999998
6285,73.076884
6286,72.05860300000002
6287,72.57104609999999
6288,72.11105659999998
6289,72.10774699999999
6290,71.26356019999999
6291,70.75494699999999
6292,70.6083065
6293,69.1663958
6294,68.5788044
6295,69.1509032
6296,68.4745031
6297,67.7223508
6298,72.58510980000003
6299,73.26468009999999
6300,74.01871960000001
6301,74.1970563
6302,72.62925290000001
6303,72.77059280000002
6304,72.5135866
6305,71.7322839
6306,71.2585034
6307,71.7702498
6308,70.9050155
6309,70.46944289999999
6310,70.83386309999999
6311,71.7314167
6312,70.9108836
6313,71.2780169
6314,71.07109600000003
6315,70.384393
6316,70.1854298
6317,70.67669679999999
6318,70.1926864
6319,70.31228369999998
6320,69.74067699999998
6321,69.3642837
6322,69.2293762
6323,69.10788980000001
6324,69.14671000000001
6325,68.55141719999997
6326,69.02748770000001
6327,68.58813679999999
6328,68.61412320000001
6329,68.83719339999999
6330,68.69502670000001
6331,68.92143270000001
6332,68.9476035
6333,68.9660364
6334,68.46790969999999
6335,69.34892660000001
6336,67.1981636
6337,67.14850659999999
6338,67.21724649999999
6339,67.1818532
6340,67.22316579999999
6341,67.57583300000002
6342,67.6098131
6343,67.65574740000001
6344,67.47687640000001
6345,67.28330429999998
6346,67.2628697
6347,67.47798350000001
6348,68.8436605
6349,68.85465080000002
6350,68.6200837
6351,70.0289161
6352,69.78353349999999
6353,69.9953831
6354,70.4762202
6355,70.8937337
6356,71.2790905
6357,71.08683570000001
6358,73.2864233
6359,73.331807
6360,73.24621950000001
6361,72.34754790000002
6362,73.78318349999998
6363,72.6087036
6364,71.07654
6365,70.50451
6366,70.51828680000001
6367,69.7568561
6368,69.92467090000001
6369,70.34064380000001
6370,71.2080561
6371,70.6089858
6372,69.17468659999999
6373,69.3542333
6374,69.41622760000001
6375,68.95769960000001
6376,71.5054734
6377,70.5243365
6378,70.01884050000001
6379,67.8167038
6380,68.03456659999999
6381,68.11500300000002
6382,68.2245164
6383,68.9696467
6384,66.7066831
6385,66.57896430000001
6386,67.48230989999999
6387,67.91918280000002
6388,68.0012336
6389,67.5502404
6390,67.3758795
6391,66.7473304
6392,66.74886030000002
6393,66.58714900000001
6394,66.3733367
6395,66.0664265
6396,66.4713631
6397,67.35861379999999
6398,73.9247962
6399,74.98877960000002
6400,75.6750962
6401,75.9400036
6402,74.0777292
6403,73.93574620000001
6404,74.43187379999999
6405,69.06855640000002
6406,68.08983989999999
6407,67.23912639999999
6408,65.91989039999999
6409,67.6985063
6410,68.70389730000001
6411,68.4179596
6412,68.7834064
6413,67.75275090000001
6414,68.45985669999999
6415,68.75919269999999
6416,68.84707329999999
6417,68.3836343
6418,67.8337332
6419,69.43448029999998
6420,68.6780734
6421,69.27741689999998
6422,71.25560940000001
6423,72.3703404
6424,73.97900590000002
6425,74.5720071
6426,73.9035995
6427,73.1057234
6428,74.33107590000002
6429,74.10607880000002
6430,75.21347760000003
6431,78.64656640000001
6432,77.36047620000001
6433,78.292167
6434,79.0415868
6435,79.92421619999999
6436,79.28558309999998
6437,79.11043239999998
6438,77.14721699999998
6439,75.23188669999998
6440,75.11766010000001
6441,75.1985732
6442,74.09343
6443,73.92816350000001
6444,74.45435630000001
6445,75.08713960000001
6446,75.59169940000001
6447,76.88341959999998
6448,77.63797380000001
6449,79.62379409999998
6450,80.92354359999999
6451,80.36557579999996
6452,79.01946050000001
6453,77.95915940000002
6454,78.59729639999998
6455,80.14861700000002
6456,78.68106370000001
6457,78.2217667
6458,77.69438049999998
6459,77.56262669999998
6460,77.08250330000001
6461,76.94266349999998
6462,77.28288289999996
6463,77.41901690000002
6464,77.3961629
6465,76.8485731
6466,77.8814274
6467,77.54595350000001
6468,77.8174238
6469,78.6345672
6470,76.00255009999998
6471,76.4088801
6472,72.86166300000001
6473,74.03238259999999
6474,74.84017709999999
6475,75.20287300000001
6476,75.2385395
6477,73.0711266
6478,74.6247943
6479,75.97077960000001
6480,75.34967640000002
6481,76.35565299999999
6482,76.43147179999998
6483,76.08136649999999
6484,75.75487660000002
6485,75.43364670000004
6486,74.68072299999999
6487,74.3436002
6488,74.25929319999999
6489,75.86634659999999
6490,78.25029300000001
6491,78.9726167
6492,78.8318432
6493,78.1120306
6494,77.2941705
6495,77.06572689999997
6496,76.87472019999998
6497,76.66889919999998
6498,76.5636572
6499,77.05934280000001
6500,76.9961933
6501,76.8521936
6502,76.4444871
6503,75.7838527
6504,75.40749940000002
6505,75.45706309999998
6506,75.3820331
6507,74.71040020000001
6508,72.95717359999999
6509,73.04884619999999
6510,72.35345290000002
6511,71.6683635
6512,72.30972659999999
6513,72.44890350000001
6514,72.96559960000002
6515,73.11903990000002
6516,73.4336671
6517,74.65693059999998
6518,74.80373319999998
6519,75.44784619999999
6520,76.61937310000002
6521,77.36058009999999
6522,76.40012270000001
6523,76.8041794
6524,76.24844979999999
6525,78.51466059999998
6526,78.50045940000003
6527,80.11040949999997
6528,79.41325950000001
6529,79.62173750000001
6530,80.63856659999999
6531,80.17409929999998
6532,79.83019330000002
6533,77.9495664
6534,77.39981339999999
6535,77.27664010000004
6536,77.66309639999999
6537,78.0444553
6538,77.57217950000003
6539,79.69769979999998
6540,79.89367299999998
6541,79.24389420000001
6542,80.62148640000001
6543,80.21238719999998
6544,79.8783069
6545,80.1846836
6546,79.79688639999999
6547,79.61907969999999
6548,78.87594639999999
6549,78.7823268
6550,80.09014340000002
6551,81.0309997
6552,80.9101759
6553,80.78462000000002
6554,80.23846019999998
6555,79.89822
6556,79.7871836
6557,79.84215379999999
6558,79.29269260000001
6559,78.74730399999999
6560,78.36837940000002
6561,80.07197589999996
6562,83.0448998
6563,82.40465259999998
6564,80.2635672
6565,79.2065652
6566,81.71730690000001
6567,80.6837371
6568,80.15957610000001
6569,80.07024650000001
6570,77.9756898
6571,75.9530364
6572,77.1314204
6573,79.2091264
6574,79.32601109999999
6575,78.91254709999998
6576,79.143064
6577,77.24206989999999
6578,76.06762770000002
6579,75.4309369
6580,75.5217858
6581,75.0417166
6582,74.89636030000001
6583,74.07607999999999
6584,74.1882697
6585,74.21333929999999
6586,75.2083164
6587,74.3364838
6588,73.67819630000001
6589,73.75844920000002
6590,74.08997949999998
6591,73.97872380000001
6592,74.23369290000001
6593,74.2611464
6594,73.9532833
6595,73.2498597
6596,73.6140239
6597,72.08013629999999
6598,70.23454629999999
6599,72.21673679999999
6600,73.03227030000002
6601,73.3263633
6602,73.2388667
6603,73.22356669999999
6604,73.1835533
6605,73.5489434
6606,73.26825
6607,73.30751
6608,73.32598
6609,73.35948330000001
6610,73.39394
6611,73.4223466
6612,73.4604333
6613,73.4818367
6614,73.51313999999999
6615,73.7479434
6616,73.73040660000001
6617,73.91933999999999
6618,74.3271367
6619,73.7059567
6620,75.42301050000002
6621,75.597571
6622,76.0753996
6623,76.75016660000003
6624,76.4997997
6625,76.4074272
6626,75.4890269
6627,74.74578289999998
6628,74.94501920000002
6629,74.68920350000002
6630,74.74998739999998
6631,75.2945505
6632,77.45611400000001
6633,76.35408590000002
6634,77.98999640000001
6635,78.15352049999998
6636,77.82376590000001
6637,79.25316930000001
6638,77.49756049999999
6639,76.22074460000002
6640,75.55879030000001
6641,76.0083504
6642,77.82264279999998
6643,76.91883659999999
6644,78.39579690000001
6645,80.08149960000001
6646,82.6168801
6647,82.8229734
6648,80.6561864
6649,80.1632663
6650,79.71313689999998
6651,80.2654003
6652,79.3594296
6653,80.1453138
6654,79.99731620000001
6655,80.428507
6656,80.7874999
6657,82.30134659999999
6658,82.7968872
6659,81.70135010000001
6660,80.64416629999998
6661,78.35296710000001
6662,80.5990105
6663,79.31115700000001
6664,78.88665709999998
6665,77.59990290000003
6666,79.00924969999998
6667,78.2705163
6668,76.21214990000001
6669,75.5554037
6670,75.8004
6671,75.2320937
6672,74.8120327
6673,74.02665979999999
6674,74.02302060000001
6675,74.18456339999997
6676,74.10736940000001
6677,73.95117700000002
6678,73.77362529999999
6679,73.26607709999999
6680,73.07162380000001
6681,76.398269
6682,76.5470541
6683,77.28782019999998
6684,76.84905689999998
6685,76.5361332
6686,76.42575679999999
6687,77.11948019999998
6688,75.91709740000003
6689,76.4740164
6690,77.326947
6691,79.32750739999999
6692,79.19014389999998
6693,80.2185593
6694,81.2072294
6695,82.82781350000002
6696,80.67693979999999
6697,78.9993941
6698,76.50850710000002
6699,76.840403
6700,76.3603539
6701,76.401867
6702,75.7855632
6703,75.6080862
6704,74.8734231
6705,73.67712700000001
6706,75.82409679999999
6707,77.99706439999999
6708,76.60658009999999
6709,76.6148931
6710,79.09102029999998
6711,79.65996650000001
6712,80.3181606
6713,81.178974
6714,81.96729629999999
6715,81.01666680000002
6716,81.06303969999999
6717,78.60966300000001
6718,77.96725380000001
6719,76.81744950000001
6720,75.9449956
6721,76.59831260000001
6722,77.61679280000001
6723,76.42405409999999
6724,75.81248010000003
6725,72.5136233
6726,70.2781573
6727,70.00582389999998
6728,70.28708289999999
6729,73.38009039999999
6730,75.25268380000003
6731,76.7984673
6732,77.43084720000003
6733,77.39739699999998
6734,76.54811349999997
6735,76.34005630000001
6736,76.62846709999997
6737,76.98240059999999
6738,76.33203289999999
6739,72.6795461
6740,72.43676690000001
6741,71.8141196
6742,71.32413380000001
6743,71.626404
6744,71.85897359999998
6745,72.37365360000001
6746,71.3062396
6747,72.29087589999999
6748,71.1942036
6749,71.65705309999998
6750,70.79145299999999
6751,70.97851709999999
6752,70.55969999999999
6753,70.5917
6754,70.6237
6755,70.6557
6756,70.68769999999999
6757,70.7197
6758,70.7517
6759,70.7837
6760,70.81569999999999
6761,70.8477
6762,70.8797
6763,70.9117
6764,70.94369999999999
6765,70.9757
6766,71.0077
6767,71.0397
6768,70.3277
6769,70.3597
6770,70.3917
6771,70.4237
6772,70.4557
6773,70.4637
6774,70.4957
6775,70.5277
6776,70.55969999999999
6777,70.5917
6778,70.6237
6779,70.6557
6780,70.68769999999999
6781,70.7197
6782,70.7517
6783,70.7837
6784,70.81569999999999
6785,70.8477
6786,70.8797
6787,70.9117
6788,70.94369999999999
6789,70.9757
6790,71.0077
6791,71.0397
6792,70.3277
6793,70.3597
6794,70.3917
6795,70.4237
6796,70.4557
6797,70.4637
6798,70.4957
6799,70.5277
6800,70.55969999999999
6801,70.5917
6802,70.6237
6803,70.6557
6804,70.68769999999999
6805,70.7197
6806,70.7517
6807,70.7837
6808,70.81569999999999
6809,70.8477
6810,70.8797
6811,70.9117
6812,70.94369999999999
6813,70.9757
6814,71.0077
6815,71.0397
6816,70.3277
6817,70.3597
6818,70.3917
6819,70.4237
6820,70.4557
6821,70.4637
6822,70.4957
6823,70.5277
6824,70.55969999999999
6825,70.5917
6826,70.6237
6827,70.6557
6828,70.68769999999999
6829,70.7197
6830,70.7517
6831,70.7837
6832,70.81569999999999
6833,70.8477
6834,70.8797
6835,70.9117
6836,70.94369999999999
6837,70.9757
6838,71.0077
6839,71.0397
6840,70.3277
6841,70.3597
6842,70.3917
6843,70.4237
6844,70.4557
6845,70.4637
6846,70.4957
6847,70.5277
6848,70.55969999999999
6849,70.5917
6850,70.6237
6851,70.6557
6852,70.68769999999999
6853,70.7197
6854,70.7654866
6855,71.05444659999999
6856,71.0931568
6857,71.12094
6858,71.0975
6859,70.9712466
6860,70.93009669999999
6861,70.8933833
6862,70.85875999999999
6863,70.92761
6864,70.23233
6865,70.3115201
6866,70.63183000000001
6867,70.2850267
6868,70.31427670000001
6869,70.33984
6870,70.3546434
6871,70.3910066
6872,70.4233733
6873,71.09825039999998
6874,80.0795209
6875,79.0445201
6876,77.4447065
6877,78.82622310000002
6878,76.10880999999998
6879,73.30141696
6880,77.45966260000002
6881,75.90784659999998
6882,77.32012569999999
6883,77.20560650000002
6884,75.54632010000002
6885,73.70923639999998
6886,73.8669307
6887,74.79238600000001
6888,75.35704739999997
6889,76.42697030000001
6890,75.85444639999999
6891,75.81901619999998
6892,76.6480028
6893,76.5460766
6894,76.01469339999998
6895,75.79919319999999
6896,75.6349902
6897,75.8697924
6898,76.45740300000001
6899,79.97006009999998
6900,80.92415329999996
6901,77.44865639999999
6902,76.9411419
6903,79.8712028
6904,81.80272029999999
6905,81.21553059999998
6906,79.1672458
6907,78.2873823
6908,75.25005319999998
6909,75.3041397
6910,76.22019710000001
6911,76.5286997
6912,71.8400892
6913,70.4435942
6914,70.47229420000001
6915,71.66538089999999
6916,71.01567400000002
6917,70.5706943
6918,70.0612735
6919,70.3101936
6920,69.7728693
6921,71.87543600000001
6922,74.937497
6923,76.51598630000002
6924,79.62710639999997
6925,78.37335350000001
6926,76.83811009999998
6927,76.85438009999999
6928,79.07192959999999
6929,79.00548349999998
6930,80.37005990000002
6931,78.62556070000002
6932,78.18745549999998
6933,76.40068050000002
6934,75.84194290000002
6935,75.5658697
6936,74.39150350000001
6937,76.75293609999999
6938,75.98663020000002
6939,75.9337839
6940,74.35321979999999
6941,72.88175589999999
6942,71.38956049999999
6943,70.34073679999999
6944,70.1139431
6945,70.77650059999999
6946,73.04865079999999
6947,80.78372879999999
6948,80.40169039999999
6949,79.56417649999999
6950,77.8807992
6951,77.86887359999999
6952,76.62315519999999
6953,76.38931699999999
6954,76.476427
6955,76.29381740000001
6956,75.6730771
6957,74.73986280000001
6958,75.76013980000002
6959,75.33340419999998
6960,73.53669359999999
6961,72.69613629999998
6962,72.2266844
6963,71.41564330000003
6964,70.9845431
6965,70.65198269999999
6966,69.6574257
6967,66.0469236
6968,67.5833575
6969,66.6123035
6970,68.64241730000002
6971,72.4264454
6972,72.36644779999999
6973,72.31279390000002
6974,72.05967279999999
6975,73.1935067
6976,72.21460630000003
6977,70.14476300000001
6978,69.59207660000001
6979,71.06133770000001
6980,69.64757039999999
6981,69.91441989999998
6982,69.113024
6983,69.3933663
6984,68.24679309999999
6985,68.1228866
6986,67.82484980000001
6987,68.2384764
6988,68.5660465
6989,68.1282905
6990,68.2519939
6991,68.4770433
6992,69.0957097
6993,69.231256
6994,69.93374410000001
6995,69.54557970000002
6996,70.2776571
6997,71.47851670000001
6998,71.25575650000002
6999,70.80265700000001
7000,71.83594950000001
7001,72.1586439
7002,71.7852566
7003,71.36669690000001
7004,71.10895670000001
7005,71.0907596
7006,70.93092050000003
7007,68.0668399
7008,66.6114232
7009,66.8534864
7010,67.0130871
7011,66.60516079999998
7012,66.4096431
7013,66.4026468
7014,65.98735049999999
7015,66.8120836
7016,64.8973399
7017,66.21846640000001
7018,65.53828969999999
7019,67.00403050000001
7020,68.2694968
7021,69.5426998
7022,70.0660334
7023,70.6903829
7024,70.03150930000001
7025,70.0532061
7026,70.0122411
7027,69.69851010000001
7028,70.13868279999998
7029,69.27345010000002
7030,68.7932168
7031,68.23334319999998
7032,69.24816020000002
7033,69.35407980000001
7034,70.0039505
7035,67.20917030000003
7036,67.4518198
7037,64.1613974
7038,64.19763930000002
7039,63.76234990000002
7040,64.5436599
7041,65.24269050000001
7042,65.1423874
7043,65.9573203
7044,67.56450990000002
7045,68.32638639999999
7046,69.78375720000003
7047,70.72962670000001
7048,70.61857960000002
7049,70.95930360000001
7050,68.1338597
7051,69.954561
7052,69.3051734
7053,69.7882007
7054,67.60064650000001
7055,67.7282636
7056,88.33744450000002
7057,89.133577
7058,90.20306030000002
7059,88.373456
7060,86.9467102
7061,88.11409329999998
7062,88.4317268
7063,88.37807289999999
7064,88.4769539
7065,88.4450432
7066,88.79109230000002
7067,86.2093823
7068,85.44087650000002
7069,83.59044639999999
7070,84.8587364
7071,86.58767050000002
7072,85.90499949999997
7073,85.58492629999999
7074,87.2202511
7075,87.36257970000001
7076,86.83504660000001
7077,84.8654865
7078,88.91054310000001
7079,91.73624970000002
7080,90.8108669
7081,89.71081960000001
7082,90.2672643
7083,88.8324119
7084,89.24204280000001
7085,88.72305379999999
7086,87.3860297
7087,89.37951360000001
7088,87.4259765
7089,87.03260670000002
7090,88.572559
7091,88.6939903
7092,87.17051710000003
7093,87.50703310000002
7094,85.42223000000001
7095,83.57997680000003
7096,83.81162670000002
7097,83.64749640000002
7098,82.68285980000002
7099,81.89624090000001
7100,81.5308839
7101,80.5839936
7102,82.11565999999999
7103,82.66352360000002
7104,83.3060429
7105,84.41289009999998
7106,85.0418964
7107,85.10961010000001
7108,85.18619690000001
7109,86.00513770000002
7110,85.83041010000001
7111,85.2054168
7112,83.76392980000001
7113,84.56534329999998
7114,84.766267
7115,84.51919680000002
7116,84.14844989999997
7117,83.21479709999998
7118,81.18257289999998
7119,86.0549767
7120,85.74439960000001
7121,84.46908789999999
7122,85.71446050000002
7123,85.62857739999998
7124,85.49777639999999
7125,85.78746999999998
7126,86.67538080000003
7127,86.50281729999999
7128,85.8637259
7129,84.79147399999998
7130,84.14352550000002
7131,84.39570939999997
7132,84.93836719999999
7133,84.07716719999999
7134,82.826164
7135,81.30125939999999
7136,80.1289435
7137,80.5516272
7138,81.70767939999998
7139,84.68144709999999
7140,83.09464990000001
7141,83.49287750000002
7142,83.50588450000001
7143,82.20314299999998
7144,83.3724342
7145,85.1873869
7146,86.77159669999999
7147,86.36432939999999
7148,85.22758069999999
7149,86.1424772
7150,85.4564702
7151,85.47633269999999
7152,83.25819410000004
7153,83.54587009999999
7154,82.7727795
7155,82.49505730000003
7156,84.04281930000002
7157,83.40605710000001
7158,83.8384558
7159,85.06491010000002
7160,86.4350964
7161,87.87417990000002
7162,87.87384
7163,87.27293719999999
7164,87.3414199
7165,87.77055560000001
7166,87.83508020000001
7167,87.2685693
7168,85.84109150000002
7169,85.0197469
7170,85.18370960000001
7171,85.62395710000001
7172,86.25542110000002
7173,85.73903419999998
7174,86.03858940000002
7175,87.57810329999997
7176,89.29909930000002
7177,88.98724019999999
7178,89.53675229999997
7179,87.55523939999999
7180,87.27832369999999
7181,86.1275292
7182,85.6270939
7183,85.91524660000002
7184,85.65702989999998
7185,86.134824
7186,88.1150334
7187,87.97796290000001
7188,87.5153297
7189,89.5276974
7190,90.21646940000001
7191,89.88264699999998
7192,89.33857710000001
7193,89.97854619999998
7194,89.65242250000001
7195,90.04613970000001
7196,91.38120050000002
7197,91.2494103
7198,91.29197009999997
7199,87.6022298
7200,86.76194979999995
7201,87.71677630000002
7202,86.30212999999999
7203,87.2934763
7204,88.43515609999999
7205,89.21182029999999
7206,89.06000900000002
7207,90.90704699999999
7208,91.60542629999999
7209,91.2244869
7210,90.5775302
7211,90.77119319999997
7212,89.10813029999998
7213,90.13966440000002
7214,90.9063888
7215,89.47561020000002
7216,89.4006526
7217,87.55106610000001
7218,87.4183232
7219,86.3681076
7220,84.7854159
7221,86.13235699999998
7222,85.61952609999999
7223,85.91285069999998
7224,85.40532050000002
7225,87.23758039999998
7226,88.43283089999998
7227,88.43498290000001
7228,88.2110876
7229,87.7435021
7230,84.82801610000003
7231,84.6056607
7232,85.2095498
7233,85.89069670000002
7234,87.25846319999997
7235,89.6977395
7236,87.96127019999999
7237,90.0916664
7238,89.58375099999999
7239,88.3870137
7240,87.54502780000003
7241,84.47663969999999
7242,88.56782259999999
7243,88.8125634
7244,89.24793369999999
7245,90.72632199999997
7246,90.44588720000002
7247,89.7286403
7248,87.6986008
7249,89.94471779999998
7250,87.6111664
7251,87.3591471
7252,87.053961
7253,86.2616932
7254,85.0703834
7255,84.65457330000001
7256,85.094307
7257,86.0681638
7258,83.53170019999997
7259,83.27315249999998
7260,83.6464466
7261,82.06984310000001
7262,80.1779426
7263,82.40165700000001
7264,86.8090173
7265,85.8695327
7266,83.8862968
7267,83.60743730000002
7268,82.2283566
7269,83.037947
7270,84.0369929
7271,84.91654269999997
7272,84.2108668
7273,84.01681619999998
7274,84.409947
7275,83.54962640000001
7276,83.3327699
7277,82.6448207
7278,82.820774
7279,82.15867329999999
7280,84.56205369999999
7281,87.20934099999998
7282,89.28110740000001
7283,87.17804339999999
7284,86.5863806
7285,85.89098640000002
7286,84.3862504
7287,81.63572700000002
7288,81.52296649999997
7289,82.16488030000001
7290,82.9288933
7291,80.47643339999998
7292,79.40685649999999
7293,81.02223349999998
7294,81.5535235
7295,83.70368239999999
7296,84.59601390000002
7297,85.1267524
7298,84.77001420000002
7299,83.76673000000001
7300,82.15698030000001
7301,81.94932589999999
7302,80.6562677
7303,79.36595590000002
7304,78.2373829
7305,78.7784639
7306,78.44515409999998
7307,77.1310092
7308,77.3821306
7309,77.14356749999997
7310,75.04490369999999
7311,76.07046000000001
7312,79.93867459999998
7313,79.40498000000001
7314,78.9782804
7315,80.09403670000002
7316,80.3356236
7317,79.48351670000001
7318,78.167174
7319,78.3687206
7320,77.3069367
7321,76.9864232
7322,76.83534660000001
7323,76.54086709999999
7324,76.63057970000001
7325,76.25730389999998
7326,74.2743967
7327,73.71071040000002
7328,73.7362205
7329,74.10991669999999
7330,75.43701919999998
7331,75.52277350000001
7332,76.1417337
7333,76.2024806
7334,76.55359079999998
7335,76.26405979999998
7336,74.6068626
7337,73.5706536
7338,72.7536733
7339,74.45250329999998
7340,74.20440689999998
7341,74.8271806
7342,74.9455307
7343,77.6196566
7344,77.23903080000004
7345,77.3507072
7346,76.56742349999999
7347,76.78620290000002
7348,76.85659249999998
7349,76.76403700000003
7350,75.901113
7351,74.3026562
7352,73.88765319999999
7353,73.31890649999998
7354,71.97821710000001
7355,71.483243
7356,73.7245565
7357,79.84062
7358,82.35311959999999
7359,82.02828009999999
7360,80.78769049999998
7361,81.10264770000002
7362,79.29552039999997
7363,78.68137999999999
7364,79.91556939999998
7365,80.57020630000001
7366,82.43520969999999
7367,84.0197862
7368,83.38836009999999
7369,79.22459309999998
7370,76.99235350000001
7371,75.9392403
7372,74.6162601
7373,74.58988770000002
7374,74.16872319999999
7375,73.74462700000002
7376,72.2829373
7377,71.36086989999998
7378,73.52851940000002
7379,75.24667369999999
7380,77.67073309999999
7381,77.35366669999999
7382,79.3176328
7383,78.48338320000002
7384,80.35260289999998
7385,78.8789967
7386,79.54346030000002
7387,80.11020709999998
7388,76.1782099
7389,77.597896
7390,81.0519237
7391,80.58338640000002
7392,81.79603629999997
7393,82.80908930000001
7394,83.5930504
7395,85.19797729999999
7396,80.26571340000001
7397,80.2742098
7398,77.4029792
7399,75.5572794
7400,75.21223690000001
7401,75.76468329999999
7402,77.38563280000001
7403,77.07373619999998
7404,75.34661740000001
7405,77.6401438
7406,77.97757700000005
7407,78.92323620000002
7408,79.96133350000001
7409,76.95047699999999
7410,76.64224710000002
7411,76.44757290000001
7412,74.62020720000001
7413,76.3129138
7414,78.99815050000001
7415,80.50792660000002
7416,79.37478999999998
7417,79.40096060000002
7418,77.8936934
7419,77.20544859999998
7420,76.13814550000001
7421,75.28537989999998
7422,75.01088280000002
7423,72.46114680000001
7424,74.0067828
7425,73.0660532
7426,74.79117339999999
7427,77.33784759999999
7428,77.69837990000002
7429,78.09634910000001
7430,79.7197208
7431,79.5333704
7432,79.81719640000001
7433,76.29282319999999
7434,78.78365299999997
7435,79.81482
7436,80.39674649999999
7437,83.4220671
7438,82.7227499
7439,79.359381
7440,82.39799379999998
7441,86.56500449999999
7442,86.34000610000001
7443,87.09646610000001
7444,86.2614834
7445,87.40525359999998
7446,83.42126259999999
7447,81.4924768
7448,81.00894239999998
7449,80.3262733
7450,79.5376376
7451,81.8403292
7452,83.88903269999999
7453,83.2993129
7454,85.017504
7455,86.68787950000001
7456,84.77192679999999
7457,86.80585400000001
7458,87.20888350000001
7459,87.86223740000001
7460,87.72168339999997
7461,87.99630639999997
7462,86.6434437
7463,90.6435466
7464,89.12123010000002
7465,90.02750900000001
7466,88.26023980000001
7467,87.0357097
7468,88.7939042
7469,86.57819880000001
7470,83.2807208
7471,83.0071394
7472,83.99602950000002
7473,86.97038280000002
7474,89.63109049999998
7475,86.4503199
7476,86.79343719999997
7477,86.48128349999999
7478,85.3259425
7479,83.6420532
7480,83.5847332
7481,84.52852220000003
7482,88.4027503
7483,87.91202939999998
7484,88.43136650000001
7485,87.69377029999997
7486,88.76669949999999
7487,88.79727039999999
7488,89.28175659999998
7489,90.7541333
7490,92.3170757
7491,90.42246380000002
7492,89.9357761
7493,88.2830165
7494,86.8904065
7495,86.53018329999999
7496,86.28168360000001
7497,86.18600970000001
7498,86.79140149999999
7499,87.35859020000001
7500,88.29479079999999
7501,87.08507400000002
7502,87.6504641
7503,85.20629079999999
7504,83.6598632
7505,83.21948699999999
7506,82.67582060000001
7507,85.2331993
7508,88.46741089999999
7509,87.96755970000001
7510,87.7635366
7511,87.94810670000003
7512,86.94264270000001
7513,88.40790640000002
7514,89.7947765
7515,88.04745310000001
7516,86.9943765
7517,86.06409570000001
7518,84.78617990000002
7519,83.24232079999999
7520,83.15918620000002
7521,82.75771419999998
7522,83.2056235
7523,84.3533904
7524,84.87140809999997
7525,87.23038330000001
7526,88.25161309999999
7527,90.05025089999998
7528,90.32267389999998
7529,88.50571950000003
7530,87.32170670000001
7531,87.74699330000001
7532,88.6057168
7533,88.6354803
7534,89.0117056
7535,89.859723
7536,86.75912690000001
7537,87.8240265
7538,88.00401389999999
7539,85.3022196
7540,83.62518770000001
7541,83.6435833
7542,83.79552050000001
7543,84.2803907
7544,84.61984039999997
7545,83.2802134
7546,83.6208734
7547,79.28037319999997
7548,78.19077690000002
7549,78.40475299699999
7550,76.95820623200001
7551,80.34242079999999
7552,79.8154
7553,79.8474
7554,79.87939999999999
7555,79.9114
7556,79.9434
7557,79.9754
7558,80.00739999999999
7559,80.0394
7560,79.3034
7561,79.33539999999999
7562,79.36739999999999
7563,79.3994
7564,79.4314
7565,79.4634
7566,79.49539999999999
7567,79.5274
7568,79.6544034
7569,79.4522862
7570,77.17516609999998
7571,76.9876434
7572,78.68746289999999
7573,78.4040563
7574,76.92223679999998
7575,75.80774319999999
7576,75.46607450000002
7577,78.3623994
7578,78.120281
7579,79.28286
7580,83.47839670000002
7581,83.76328570000001
7582,86.36756359999998
7583,87.63401959999999
7584,86.51958379999998
7585,87.9322302
7586,88.2900138
7587,82.91122259999999
7588,81.2332367
7589,80.32330670000002
7590,76.44708009999998
7591,75.6504863
7592,77.0313068
7593,76.36880289999998
7594,79.45766650000002
7595,78.2962764
7596,77.62614740000001
7597,78.7601993
7598,81.76502310000001
7599,80.54188710000001
7600,81.43166599999999
7601,80.57046759999997
7602,80.59296999999998
7603,81.03615020000001
7604,84.99280419999998
7605,88.68120340000002
7606,89.54637979999998
7607,86.7866169
7608,86.00889089999998
7609,91.4658707
7610,93.38264729999997
7611,89.73752929999999
7612,87.60381299999997
7613,87.38160340000003
7614,86.9403826
7615,86.27901519999999
7616,85.78609669999996
7617,84.98638749999998
7618,86.8276667
7619,87.99523409999999
7620,89.80157030000002
7621,88.08237029999998
7622,86.6609031
7623,85.1867107
7624,81.9754339
7625,85.23219229999998
7626,94.16440390000002
7627,94.27864700000002
7628,92.5057298
7629,93.99548670000001
7630,93.6850939
7631,93.806707
7632,96.59763710000003
7633,96.16323630000002
7634,96.2413633
7635,94.824297
7636,92.92000320000001
7637,91.8720243
7638,90.9447873
7639,90.7824538
7640,90.98520959999999
7641,91.48449039999998
7642,92.8053613
7643,93.26441610000002
7644,95.5595932
7645,88.09377429999999
7646,84.53291600000001
7647,86.39542710000003
7648,85.9781133
7649,86.96065999999999
7650,88.5005409
7651,88.2436435
7652,87.85514979999998
7653,87.247097
7654,86.27695940000001
7655,89.87262890000002
7656,88.99645330000001
7657,89.78928610000001
7658,88.8658636
7659,88.2425196
7660,86.48584679999999
7661,86.7586735
7662,85.27193930000001
7663,84.4189527
7664,83.15078989999999
7665,83.77715640000002
7666,83.1665369
7667,83.6026766
7668,84.31770279999996
7669,87.2510633
7670,88.6679259
7671,88.803107
7672,89.8948095
7673,90.5703462
7674,91.0041781
7675,91.47782710000001
7676,91.00785979999999
7677,88.66448199999999
7678,90.5444465
7679,88.76232579999999
7680,89.09471980000002
7681,89.03586080000001
7682,91.0858105
7683,91.0754227
7684,90.3070996
7685,90.04125649999999
7686,89.3000294
7687,90.56465230000002
7688,89.18388619999999
7689,90.09016659999999
7690,89.7858968
7691,91.76288019999998
7692,92.16986980000001
7693,90.4049459
7694,89.74123380000002
7695,90.86953010000003
7696,91.0182024
7697,89.7441733
7698,91.12198710000001
7699,93.31464260000003
7700,94.2325829
7701,90.01513770000001
7702,91.23315650000002
7703,93.1481368
7704,92.36938339999999
7705,91.64590399999999
7706,93.8102161
7707,93.25019660000001
7708,93.63232719999999
7709,93.57049670000004
7710,93.70160559999998
7711,93.95522109999997
7712,92.353061
7713,91.94238420000002
7714,91.0623744
7715,91.10761079999999
7716,90.8951167
7717,90.72075509999999
7718,89.24869089999997
7719,88.94313679999998
7720,88.32683360000003
7721,91.64856739999999
7722,91.98270020000002
7723,92.95384409999998
7724,91.84012010000004
7725,92.69766979999999
7726,93.7842033
7727,94.8652742
7728,93.38735989999996
7729,95.60359290000002
7730,96.17400749999999
7731,95.8928721
7732,94.33610629999998
7733,92.75873270000004
7734,91.72952679999999
7735,88.9880958
7736,87.1525897
7737,87.31226330000001
7738,89.93197620000001
7739,92.26205979999997
7740,92.0295826
7741,93.13345959999998
7742,92.44290690000003
7743,92.9631601
7744,91.92856460000002
7745,92.0565932
7746,93.18657660000001
7747,92.39335639999997
7748,95.03081660000001
7749,96.2680132
7750,96.8989633
7751,97.4008085
7752,97.43110680000001
7753,96.21984970000001
7754,97.98842129999998
7755,94.23048049999998
7756,92.869294
7757,92.72199290000003
7758,91.87494590000001
7759,90.41993030000003
7760,92.1948799
7761,92.70582
7762,91.65017680000001
7763,95.38404329999997
7764,96.6433854
7765,97.17603289999997
7766,95.0687164
7767,92.46265980000001
7768,95.52999959999998
7769,92.59713369999999
7770,93.8731603
7771,90.05768929999998
7772,87.16240640000001
7773,88.37917980000002
7774,85.8968365
7775,79.6600831
7776,76.74912659999998
7777,75.91890939999999
7778,75.7445864
7779,74.48789969999999
7780,74.4756691
7781,72.93525360000001
7782,72.4597869
7783,71.20973719999999
7784,70.3941504
7785,70.5309433
7786,72.43235630000001
7787,77.2626294
7788,83.11781039999998
7789,82.4179415
7790,80.0455279
7791,80.42211969999998
7792,77.1783566
7793,76.25427279999998
7794,76.7002407
7795,75.2223803
7796,76.82921379999999
7797,77.0912239
7798,74.9920838
7799,75.30366620000001
7800,73.9108397
7801,78.00755989999998
7802,78.8734334
7803,78.6920331
7804,78.13912710000001
7805,77.94424960000002
7806,77.81286399999999
7807,77.5826971
7808,77.22251109999999
7809,77.21982369999999
7810,75.93270460000001
7811,76.7054436
7812,80.5507755
7813,81.9463004
7814,82.32318660000001
7815,84.7763236
7816,84.7803095
7817,84.06185349999998
7818,83.8311737
7819,84.51924930000001
7820,83.11340350000002
7821,81.35420080000002
7822,79.30877590000001
7823,76.89712719999999
7824,74.35791650000002
7825,74.16467269999998
7826,74.33798680000001
7827,73.00078049999999
7828,71.2182937
7829,70.74203720000001
7830,70.45393669999999
7831,70.34774030000003
7832,69.92844679999999
7833,69.8683038
7834,69.50225019999999
7835,68.9062598
7836,68.82668340000001
7837,67.1209031
7838,67.71856079999999
7839,67.89469659999999
7840,68.86946979999999
7841,69.66890370000002
7842,70.28855949999999
7843,70.9391638
7844,70.7244695
7845,71.12313689999999
7846,72.1039595
7847,72.7059075
7848,72.31103639999999
7849,72.37394600000003
7850,70.57008259999998
7851,70.0945058
7852,68.2133497
7853,67.2808865
7854,67.19174000000001
7855,67.12217319999998
7856,67.8132932
7857,68.97781679999999
7858,69.9432027
7859,70.8130722
7860,69.22345320000001
7861,70.2371673
7862,82.20281039999999
7863,91.2116905
7864,91.59260990000001
7865,93.3092245
7866,76.08468029999999
7867,74.9317969
7868,75.69045569999999
7869,74.8425671
7870,75.56078319999999
7871,76.81645919999998
7872,75.0524567
7873,71.50703679999998
7874,73.95163029999999
7875,75.23018640000001
7876,73.56818709999999
7877,73.8915198
7878,73.17878409999999
7879,72.6403962
7880,70.712673
7881,68.24635329999998
7882,71.61938310000002
7883,75.4347967
7884,75.34194640000001
7885,76.85817689999998
7886,78.09749910000001
7887,77.87056020000001
7888,79.11912280000001
7889,79.0712639
7890,85.23503020000003
7891,86.29993139999999
7892,84.06915629999999
7893,83.87968999999998
7894,82.84824739999996
7895,81.38846360000001
7896,79.39404649999999
7897,78.0873104
7898,80.3459661
7899,81.04654680000002
7900,79.36731350000001
7901,79.01763019999997
7902,78.4572065
7903,78.00370370000002
7904,76.8430099
7905,75.89490970000001
7906,75.39403320000001
7907,76.8809674
7908,79.02588349999999
7909,79.82887290000001
7910,79.7776402
7911,80.62297999999998
7912,78.8070162
7913,76.41681649999998
7914,78.83028040000002
7915,79.56331009999998
7916,78.5749868
7917,76.93047649999998
7918,76.90483699999999
7919,76.29813959999998
7920,73.86698620000001
7921,72.9414366
7922,72.77609629999999
7923,72.30682569999999
7924,73.04425670000002
7925,72.9989065
7926,72.74197300000002
7927,72.67838349999998
7928,72.19837030000002
7929,72.30370309999999
7930,73.01290009999998
7931,73.80089300000002
7932,75.03871380000001
7933,75.59163639999998
7934,75.45904030000001
7935,75.02947989999998
7936,76.91465
7937,78.12911330000003
7938,77.98984390000001
7939,77.48078980000003
7940,76.62358730000001
7941,76.14100669999999
7942,78.08873089999999
7943,78.7419745
7944,77.98975
7945,76.86704429999999
7946,75.00645630000001
7947,74.04889680000001
7948,73.70117640000001
7949,73.57721350000001
7950,73.36614850000001
7951,72.90747650000002
7952,72.32494340000002
7953,71.87954309999999
7954,73.73886409999999
7955,73.5334478
7956,71.1798398
7957,72.7775802
7958,74.27873999999998
7959,72.60673
7960,74.36822319999999
7961,74.52676020000001
7962,76.77364689999999
7963,76.4526196
7964,75.51295370000001
7965,76.39209940000002
7966,77.3812473
7967,77.59577389999998
7968,79.4385239
7969,74.70807289999999
7970,74.3079933
7971,75.9937694
7972,77.485067
7973,75.98878069999999
7974,75.2857965
7975,75.4402263
7976,75.90107990000001
7977,76.19521069999999
7978,75.98946269999999
7979,78.18010240000001
7980,79.7252642
7981,79.4413434
7982,80.75601600000002
7983,82.39775570000002
7984,82.4671565
7985,83.1092529
7986,82.02248099999998
7987,82.22373389999998
7988,75.96138680000003
7989,75.1280533
7990,74.40713949999999
7991,77.8425763
7992,78.97560709999999
7993,79.1869801
7994,79.41151699999999
7995,76.6462531
7996,79.92182350000002
7997,80.06405880000001
7998,79.87939589999999
7999,79.99869980000001
8000,80.27104970000002
8001,80.0426444
8002,80.2056178
8003,80.78065019999998
8004,81.1953026
8005,80.91985329999997
8006,80.13026289999999
8007,78.08905709999998
8008,78.59233370000001
8009,82.47554279999999
8010,83.52056929999999
8011,83.5173708
8012,82.8919369
8013,76.45527730000002
8014,76.70427009999999
8015,79.01180360000001
8016,78.1688294
8017,77.4333964
8018,77.6772928
8019,79.0020496
8020,75.84680000000003
8021,73.877219
8022,74.4475595
8023,74.0065602
8024,74.0463329
8025,73.96749060000002
8026,74.493867
8027,70.2004471
8028,65.04711979999999
8029,67.18411730000001
8030,70.8500774
8031,70.99357969999998
8032,75.0683366
8033,77.8959502
8034,76.6296925
8035,75.15979010000001
8036,72.5487097
8037,72.7770595
8038,73.77141349999998
8039,75.41623269999998
8040,74.45086669999999
8041,75.3918343
8042,74.06218000000001
8043,73.50590150000001
8044,72.1417068
8045,72.68518570000002
8046,74.2314832
8047,73.85486970000001
8048,73.6123471
8049,73.18898279999999
8050,74.25237989999998
8051,76.11203040000001
8052,76.49196049999999
8053,72.3228762
8054,75.2286997
8055,74.0209631
8056,74.48097320000001
8057,71.9703604
8058,73.18540979999997
8059,72.54923299999999
8060,70.75706689999998
8061,68.73357050000001
8062,69.9960301
8063,72.52506709999997
8064,72.7394504
8065,73.76203699999998
8066,74.72085979999999
8067,74.1322774
8068,73.41990679999999
8069,73.8665503
8070,72.2097197
8071,70.88442949999998
8072,69.810784
8073,69.6910201
8074,70.92572309999998
8075,70.10221629999998
8076,74.20293269999999
8077,72.725037
8078,74.20225319999999
8079,78.23553940000001
8080,78.3939666
8081,78.73547040000001
8082,78.8619962
8083,80.26862999999999
8084,81.967973
8085,81.6339676
8086,80.3270471
8087,80.1886572
8088,77.73543049999999
8089,81.00619680000001
8090,78.0169733
8091,79.22773349999999
8092,79.7426329
8093,79.6994826
8094,82.06839699999999
8095,81.1214336
8096,81.44372290000003
8097,84.66986630000001
8098,85.1723739
8099,84.5551169
8100,82.67230889999999
8101,80.92011039999998
8102,82.2766195
8103,82.18285270000001
8104,81.75883110000001
8105,81.05258380000001
8106,82.60093300000003
8107,83.10736309999999
8108,83.76819789999999
8109,83.29709290000002
8110,79.4380999
8111,77.5798231
8112,76.4340558
8113,78.37903029999998
8114,78.1434376
8115,79.6114139
8116,79.86114010000001
8117,82.6362625
8118,81.23896000000002
8119,81.20045009999998
8120,81.36628329999999
8121,81.14741030000002
8122,87.49656330000002
8123,93.10435279999999
8124,93.4937062
8125,90.66812660000001
8126,84.09536119999999
8127,81.8926727
8128,81.03704710000002
8129,83.39635299999998
8130,84.6511133
8131,81.49311290000003
8132,80.06698930000002
8133,76.50019329999999
8134,75.59656980000001
8135,72.61743030000001
8136,70.86398610000002
8137,71.18282999999998
8138,71.48088270000002
8139,72.7654532
8140,71.97223369999998
8141,71.97033289999999
8142,71.05754380000002
8143,71.02042680000001
8144,70.92592749999997
8145,71.16901740000002
8146,72.89600630000002
8147,74.8344159
8148,77.6342724
8149,74.6544361
8150,70.98702730000001
8151,73.19292060000001
8152,70.8186695
8153,75.87620259999998
8154,80.1791365
8155,77.01328969999997
8156,73.9515036
8157,71.9886529
8158,71.4314933
8159,71.7750132
8160,70.56427409999998
8161,72.4013728
8162,73.31806700000001
8163,73.6806909
8164,72.6517411
8165,72.80321749999999
8166,72.38869039999999
8167,71.30173330000001
8168,70.23347659999999
8169,70.25018669999999
8170,70.40765989999998
8171,69.4815978
8172,69.62521000000002
8173,70.8537165
8174,73.0561274
8175,71.2932929
8176,68.69424070000001
8177,68.2277196
8178,69.52094279999997
8179,68.90878350000001
8180,70.07411280000002
8181,71.54219930000001
8182,72.16768680000001
8183,71.68286989999999
8184,68.49568699999999
8185,64.4535801
8186,64.5105501
8187,65.8261034
8188,70.57002730000002
8189,69.6836536
8190,71.58811030000001
8191,66.8735369
8192,65.10527669999999
8193,65.43138040000002
8194,66.4584399
8195,66.28052280000001
8196,64.22274349999999
8197,64.6174862
8198,65.9287499
8199,65.0432768
8200,65.14362229999999
8201,66.9528928
8202,67.3658232
8203,68.32563630000001
8204,71.40654269999999
8205,71.28707390000001
8206,72.85735000000001
8207,74.6726334
8208,73.75588669999999
8209,72.6543364
8210,72.58810700000001
8211,71.4988037
8212,72.09308630000001
8213,72.4915498
8214,69.5461803
8215,69.3282231
8216,69.7022496
8217,69.18831959999999
8218,67.7820701
8219,67.9126668
8220,69.53955729999998
8221,67.3838776
8222,70.97199360000002
8223,77.10063180000002
8224,77.9282268
8225,74.14069690000001
8226,71.40872630000001
8227,76.87897960000001
8228,76.2546098
8229,74.38866960000001
8230,71.8428931
8231,74.55544719999999
8232,72.6706629
8233,78.37220939999999
8234,75.61369289999998
8235,75.04931090000001
8236,74.8003697
8237,73.70994680000003
8238,73.9488943
8239,73.56498389999997
8240,72.05962339999999
8241,71.1971775
8242,70.5282568
8243,69.70790309999998
8244,70.5542334
8245,73.97866990000001
8246,74.6757665
8247,73.88232740000001
8248,77.62840349999999
8249,76.15135050000002
8250,79.3642204
8251,79.0732963
8252,76.6720966
8253,77.2895901
8254,77.3025236
8255,78.63479719999998
8256,79.2397524
8257,80.68811299999999
8258,80.80701479999998
8259,82.72298399999998
8260,81.61798660000002
8261,79.83885360000001
8262,75.5114806
8263,72.1379169
8264,70.37530430000001
8265,70.00389650000001
8266,73.39060339999999
8267,76.04679909999997
8268,75.08788290000003
8269,73.7897263
8270,73.6155494
8271,77.14903279999999
8272,77.64101659999999
8273,75.99361090000001
8274,76.4299695
8275,76.4305459
8276,73.3781103
8277,75.75402700000001
8278,77.14511360000002
8279,78.3031837
8280,79.49443990000002
8281,81.22209090000001
8282,81.438157
8283,82.2260398
8284,82.3677109
8285,80.71324429999999
8286,80.28082339999996
8287,75.74917949999997
8288,74.3504471
8289,72.7070372
8290,72.696136
8291,74.25908069999997
8292,75.7930197
8293,77.87402739999999
8294,79.80946730000001
8295,79.07604990000002
8296,79.97041380000002
8297,81.41983739999999
8298,80.6300257
8299,80.57773039999998
8300,79.85578929999997
8301,79.6690368
8302,78.7297734
8303,79.5015232
8304,80.68585089999996
8305,82.29466240000002
8306,82.50486280000001
8307,80.10553320000002
8308,78.90839269999998
8309,78.84760650000001
8310,77.96869600000002
8311,74.89220620000002
8312,74.0822296
8313,73.6281766
8314,75.24710990000001
8315,76.0341133
8316,79.9080105
8317,84.6067236
8318,84.2002267
8319,94.52342369999998
8320,89.2140435
8321,87.18555909999999
8322,84.84797569999998
8323,86.6329363
8324,87.16019429999997
8325,87.26365630000001
8326,85.46522009999998
8327,84.283847
8328,82.5150032
8329,81.81410960000001
8330,79.4356065
8331,76.94923080000004
8332,76.00883010000003
8333,73.94886619999998
8334,74.33323270000001
8335,74.05748980000003
8336,73.826297
8337,73.5896039
8338,74.4345771
8339,76.2364767
8340,76.3455141
8341,76.8939275
8342,76.2752404
8343,76.9355238
8344,77.91895059999999
8345,76.5652067
8346,75.83278040000002
8347,76.13596649999998
8348,75.6566129
8349,76.3790832
8350,75.55883910000001
8351,74.38351680000001
8352,75.8028772
8353,75.56196680000002
8354,73.12688589999999
8355,70.78915710000001
8356,72.39305630000001
8357,71.22842080000002
8358,71.2189865
8359,70.51985379999999
8360,69.13024979999999
8361,68.56022030000001
8362,68.5287501
8363,67.6062435
8364,70.9896491
8365,73.65068609999999
8366,75.85639549999999
8367,76.75761619999999
8368,79.69226020000002
8369,82.37683669999998
8370,82.6418166
8371,81.88922349999996
8372,80.10824009999997
8373,78.6683309
8374,79.4100864
8375,79.63810769999999
8376,80.32827650000002
8377,78.26892049999996
8378,77.38623290000001
8379,76.4979735
8380,75.7118303
8381,75.5276236
8382,74.9584362
8383,73.8409012
8384,77.68385059999999
8385,79.62581540000001
8386,81.62853970000002
8387,87.28953390000001
8388,87.1108103
8389,77.1177039
8390,77.90698049999997
8391,79.26147309999999
8392,81.05871730000001
8393,80.77864720000002
8394,80.3157564
8395,81.08534279999998
8396,77.4202068
8397,77.10354300000002
8398,77.551491
8399,78.2203174
8400,76.71389669999998
8401,76.92948659999999
8402,78.97617359999998
8403,80.16621620000002
8404,79.91328050000003
8405,79.30583039999999
8406,79.44962609999999
8407,78.53060269999999
8408,78.10570010000002
8409,76.4419764
8410,74.00957380000001
8411,74.1115327
8412,75.288669
8413,74.4278736
8414,77.215263
8415,79.1250372
8416,78.307653
8417,81.3415897
8418,82.18205300000001
8419,81.34457600000002
8420,80.73018090000001
8421,80.7717872
8422,81.4120869
8423,80.8811804
8424,80.5557565
8425,81.34771009999999
8426,82.7010301
8427,83.03553020000001
8428,81.93101030000003
8429,81.08346619999999
8430,81.01855669999999
8431,77.29380029999999
8432,75.00597320000003
8433,85.5704731
8434,87.1131408
8435,83.24486939999997
8436,82.6312422
8437,81.3989762
8438,80.4879097
8439,77.8776367
8440,77.20790980000001
8441,79.1423602
8442,78.13757283000001
8443,80.78478670000001
8444,80.99898300000004
8445,81.4105207
8446,82.75852379999999
8447,82.25592385
8448,81.49739239999998
8449,80.397089665
8450,79.8341367
8451,79.25046600000002
8452,75.199853565
8453,74.23490280000001
8454,73.077987
8455,66.92200980999999
8456,40.09758322
8457,37.86229999999999
8458,37.89429999999999
8459,37.92629999999999
8460,37.95829999999999
8461,35.993946715999996
8462,57.10788669000001
8463,65.92870302000001
8464,64.71322953999999
8465,64.4670767
8466,64.45581
8467,64.48803000000001
8468,64.4757732
8469,64.4195533
8470,64.6264534
8471,65.0433433
8472,64.53605350000001
8473,64.47272000000001
8474,64.54219300000001
8475,64.5671533
8476,64.61668
8477,64.63160990000002
8478,64.73566000000001
8479,64.83080000000001
8480,64.50988330000001
8481,72.7948162
8482,75.25843979999999
8483,77.7482072
8484,77.0822933
8485,75.9789101
8486,78.2397679
8487,78.3842228
8488,80.0141195
8489,80.03600039999999
8490,86.6051898
8491,88.99723959999999
8492,91.2763927
8493,83.73533280000002
8494,83.78584990000002
8495,83.51175640000002
8496,82.97395960000001
8497,83.1590432
8498,83.4519999
8499,82.8607393
8500,83.2939095
8501,81.70419589999999
8502,79.10708759999999
8503,79.32905749999999
8504,78.5048901
8505,79.34916709999997
8506,78.3954563
8507,77.9558869
8508,78.57246350000001
8509,78.0102802
8510,78.1165673
8511,79.13075650000002
8512,78.36243270000001
8513,79.28044680000002
8514,80.5480391
8515,81.68605299999999
8516,81.2827106
8517,82.04338580000001
8518,80.8251265
8519,81.9777332
8520,81.2528999
8521,80.35041349999997
8522,80.08017020000001
8523,80.25869019999996
8524,78.9423104
8525,77.75526899999998
8526,77.65042899999999
8527,76.7688432
8528,74.78754950000001
8529,76.10178319999999
8530,78.4131314
8531,79.0238772
8532,78.48409710000001
8533,78.71626020000001
8534,79.5633234
8535,80.5343202
8536,78.8505765
8537,79.53142949999999
8538,80.6018301
8539,79.4386797
8540,80.3708468
8541,80.05766679999999
8542,80.34365730000002
8543,80.16548290000003
8544,79.55538020000003
8545,78.5775795
8546,77.04706630000001
8547,77.96515330000003
8548,78.36968580000003
8549,76.8372462
8550,78.3083403
8551,77.45388710000002
8552,78.2998864
8553,76.24980610000001
8554,75.0621265
8555,71.94255309999998
8556,70.87081239999999
8557,71.20171979999999
8558,72.60109470000002
8559,72.6901465
8560,73.1061931
8561,73.6905036
8562,73.82172320000002
8563,73.55551290000001
8564,73.5023723
8565,73.7776206
8566,74.82822069999999
8567,76.46178379999999
8568,75.6974973
8569,76.1337833
8570,76.0109765
8571,76.81514109999999
8572,76.49891649999998
8573,76.12386020000001
8574,76.10988080000001
8575,76.12398660000001
8576,75.379534
8577,74.56302970000002
8578,72.1371168
8579,70.21852330000002
8580,70.82344
8581,70.9855703
8582,69.18548270000001
8583,69.02678000000002
8584,68.3352003
8585,68.9525107
8586,68.90278029999999
8587,68.57464010000002
8588,68.54225310000002
8589,68.631013
8590,69.14136690000001
8591,71.0592794
8592,69.83097620000001
8593,68.7294633
8594,68.67863299999999
8595,68.2840159
8596,68.1233338
8597,67.85574729999999
8598,68.13913269999999
8599,68.51741439999999
8600,68.18586250000001
8601,68.0447605
8602,67.33679000000001
8603,67.41044380000001
8604,68.5020005
8605,68.89777070000001
8606,68.94465650000001
8607,69.37603010000001
8608,69.5499676
8609,69.8836596
8610,69.5871639
8611,69.38504670000002
8612,69.89624329999998
8613,70.4173396
8614,70.30128
8615,72.36919629999998
8616,71.5255262
8617,70.03904979999997
8618,69.15925980000002
8619,69.0309534
8620,68.87518429999999
8621,68.46470690000001
8622,67.83274650000001
8623,68.0756528
8624,69.03264320000001
8625,67.96519320000002
8626,68.0630469
8627,69.4089609
8628,71.0032532
8629,70.31688009999999
8630,70.8844334
8631,71.66102339999999
8632,75.25694949999998
8633,73.7955889
8634,74.0992903
8635,72.7063866
8636,73.09834379999998
8637,73.076884
8638,72.05860300000002
8639,72.57104609999999
8640,72.11105659999998
8641,72.10774699999999
8642,71.26356019999999
8643,70.75494699999999
8644,70.6083065
8645,69.1663958
8646,68.5788044
8647,69.1509032
8648,68.4745031
8649,67.7223508
8650,72.58510980000003
8651,73.26468009999999
8652,74.01871960000001
8653,74.1970563
8654,72.62925290000001
8655,72.77059280000002
8656,72.5135866
8657,71.7322839
8658,71.2585034
8659,71.7702498
8660,70.9050155
8661,70.46944289999999
8662,70.83386309999999
8663,71.7314167
8664,70.9108836
8665,71.2780169
8666,71.07109600000003
8667,70.384393
8668,70.1854298
8669,70.67669679999999
8670,70.1926864
8671,70.31228369999998
8672,69.74067699999998
8673,69.3642837
8674,69.2293762
8675,69.10788980000001
8676,69.14671000000001
8677,68.55141719999997
8678,69.02748770000001
8679,68.58813679999999
8680,68.61412320000001
8681,68.83719339999999
8682,68.69502670000001
8683,68.92143270000001
8684,68.9476035
8685,68.9660364
8686,68.46790969999999
8687,69.34892660000001
8688,67.1981636
8689,67.14850659999999
8690,67.21724649999999
8691,67.1818532
8692,67.22316579999999
8693,67.57583300000002
8694,67.6098131
8695,67.65574740000001
8696,67.47687640000001
8697,67.28330429999998
8698,67.2628697
8699,67.47798350000001
8700,68.8436605
8701,68.85465080000002
8702,68.6200837
8703,70.0289161
8704,69.78353349999999
8705,69.9953831
8706,70.4762202
8707,70.8937337
8708,71.2790905
8709,71.08683570000001
8710,73.2864233
8711,73.331807
8712,73.24621950000001
8713,72.34754790000002
8714,73.78318349999998
8715,72.6087036
8716,71.07654
8717,70.50451
8718,70.51828680000001
8719,69.7568561
8720,69.92467090000001
8721,70.34064380000001
8722,71.2080561
8723,70.6089858
8724,69.17468659999999
8725,69.3542333
8726,69.41622760000001
8727,68.95769960000001
8728,71.5054734
8729,70.5243365
8730,70.01884050000001
8731,67.8167038
8732,68.03456659999999
8733,68.11500300000002
8734,68.2245164
8735,68.9696467
8736,66.7066831
8737,66.57896430000001
8738,67.48230989999999
8739,67.91918280000002
8740,68.0012336
8741,67.5502404
8742,67.3758795
8743,66.7473304
8744,66.74886030000002
8745,66.58714900000001
8746,66.3733367
8747,66.0664265
8748,66.4713631
8749,67.35861379999999
8750,73.9247962
8751,74.98877960000002
8752,75.6750962
8753,75.9400036
8754,74.0777292
8755,73.93574620000001
8756,74.43187379999999
8757,69.06855640000002
8758,68.08983989999999
8759,67.23912639999999
