param : PeriodOfYear TimeOfYear := 
1      1   1
2      1   2
3      1   3
4      1   4
5      1   5
6      1   6
7      1   7
8      1   8
9      1   9
10     1  10
11     1  11
12     1  12
13     1  13
14     1  14
15     1  15
16     1  16
17     1  17
18     1  18
19     1  19
20     1  20
21     1  21
22     1  22
23     1  23
24     1  24
25     1   1
26     1   2
27     1   3
28     1   4
29     1   5
30     1   6
31     1   7
32     1   8
33     1   9
34     1  10
35     1  11
36     1  12
37     1  13
38     1  14
39     1  15
40     1  16
41     1  17
42     1  18
43     1  19
44     1  20
45     1  21
46     1  22
47     1  23
48     1  24
49     1   1
50     1   2
51     1   3
52     1   4
53     1   5
54     1   6
55     1   7
56     1   8
57     1   9
58     1  10
59     1  11
60     1  12
61     1  13
62     1  14
63     1  15
64     1  16
65     1  17
66     1  18
67     1  19
68     1  20
69     1  21
70     1  22
71     1  23
72     1  24
73     1   1
74     1   2
75     1   3
76     1   4
77     1   5
78     1   6
79     1   7
80     1   8
81     1   9
82     1  10
83     1  11
84     1  12
85     1  13
86     1  14
87     1  15
88     1  16
89     1  17
90     1  18
91     1  19
92     1  20
93     1  21
94     1  22
95     1  23
96     1  24
97     2   1
98     2   2
99     2   3
100    2   4
101    2   5
102    2   6
103    2   7
104    2   8
105    2   9
106    2  10
107    2  11
108    2  12
109    2  13
110    2  14
111    2  15
112    2  16
113    2  17
114    2  18
115    2  19
116    2  20
117    2  21
118    2  22
119    2  23
120    2  24
121    3   1
122    3   2
123    3   3
124    3   4
125    3   5
126    3   6
127    3   7
128    3   8
129    3   9
130    3  10
131    3  11
132    3  12
133    3  13
134    3  14
135    3  15
136    3  16
137    3  17
138    3  18
139    3  19
140    3  20
141    3  21
142    3  22
143    3  23
144    3  24
145    2   1
146    2   2
147    2   3
148    2   4
149    2   5
150    2   6
151    2   7
152    2   8
153    2   9
154    2  10
155    2  11
156    2  12
157    2  13
158    2  14
159    2  15
160    2  16
161    2  17
162    2  18
163    2  19
164    2  20
165    2  21
166    2  22
167    2  23
168    2  24
169    3   1
170    3   2
171    3   3
172    3   4
173    3   5
174    3   6
175    3   7
176    3   8
177    3   9
178    3  10
179    3  11
180    3  12
181    3  13
182    3  14
183    3  15
184    3  16
185    3  17
186    3  18
187    3  19
188    3  20
189    3  21
190    3  22
191    3  23
192    3  24
193    3   1
194    3   2
195    3   3
196    3   4
197    3   5
198    3   6
199    3   7
200    3   8
201    3   9
202    3  10
203    3  11
204    3  12
205    3  13
206    3  14
207    3  15
208    3  16
209    3  17
210    3  18
211    3  19
212    3  20
213    3  21
214    3  22
215    3  23
216    3  24
217    3   1
218    3   2
219    3   3
220    3   4
221    3   5
222    3   6
223    3   7
224    3   8
225    3   9
226    3  10
227    3  11
228    3  12
229    3  13
230    3  14
231    3  15
232    3  16
233    3  17
234    3  18
235    3  19
236    3  20
237    3  21
238    3  22
239    3  23
240    3  24
241    3   1
242    3   2
243    3   3
244    3   4
245    3   5
246    3   6
247    3   7
248    3   8
249    3   9
250    3  10
251    3  11
252    3  12
253    3  13
254    3  14
255    3  15
256    3  16
257    3  17
258    3  18
259    3  19
260    3  20
261    3  21
262    3  22
263    3  23
264    3  24
265    4   1
266    4   2
267    4   3
268    4   4
269    4   5
270    4   6
271    4   7
272    4   8
273    4   9
274    4  10
275    4  11
276    4  12
277    4  13
278    4  14
279    4  15
280    4  16
281    4  17
282    4  18
283    4  19
284    4  20
285    4  21
286    4  22
287    4  23
288    4  24
289    3   1
290    3   2
291    3   3
292    3   4
293    3   5
294    3   6
295    3   7
296    3   8
297    3   9
298    3  10
299    3  11
300    3  12
301    3  13
302    3  14
303    3  15
304    3  16
305    3  17
306    3  18
307    3  19
308    3  20
309    3  21
310    3  22
311    3  23
312    3  24
313    3   1
314    3   2
315    3   3
316    3   4
317    3   5
318    3   6
319    3   7
320    3   8
321    3   9
322    3  10
323    3  11
324    3  12
325    3  13
326    3  14
327    3  15
328    3  16
329    3  17
330    3  18
331    3  19
332    3  20
333    3  21
334    3  22
335    3  23
336    3  24
337    3   1
338    3   2
339    3   3
340    3   4
341    3   5
342    3   6
343    3   7
344    3   8
345    3   9
346    3  10
347    3  11
348    3  12
349    3  13
350    3  14
351    3  15
352    3  16
353    3  17
354    3  18
355    3  19
356    3  20
357    3  21
358    3  22
359    3  23
360    3  24
361    3   1
362    3   2
363    3   3
364    3   4
365    3   5
366    3   6
367    3   7
368    3   8
369    3   9
370    3  10
371    3  11
372    3  12
373    3  13
374    3  14
375    3  15
376    3  16
377    3  17
378    3  18
379    3  19
380    3  20
381    3  21
382    3  22
383    3  23
384    3  24
385    3   1
386    3   2
387    3   3
388    3   4
389    3   5
390    3   6
391    3   7
392    3   8
393    3   9
394    3  10
395    3  11
396    3  12
397    3  13
398    3  14
399    3  15
400    3  16
401    3  17
402    3  18
403    3  19
404    3  20
405    3  21
406    3  22
407    3  23
408    3  24
409    2   1
410    2   2
411    2   3
412    2   4
413    2   5
414    2   6
415    2   7
416    2   8
417    2   9
418    2  10
419    2  11
420    2  12
421    2  13
422    2  14
423    2  15
424    2  16
425    2  17
426    2  18
427    2  19
428    2  20
429    2  21
430    2  22
431    2  23
432    2  24
433    3   1
434    3   2
435    3   3
436    3   4
437    3   5
438    3   6
439    3   7
440    3   8
441    3   9
442    3  10
443    3  11
444    3  12
445    3  13
446    3  14
447    3  15
448    3  16
449    3  17
450    3  18
451    3  19
452    3  20
453    3  21
454    3  22
455    3  23
456    3  24
457    3   1
458    3   2
459    3   3
460    3   4
461    3   5
462    3   6
463    3   7
464    3   8
465    3   9
466    3  10
467    3  11
468    3  12
469    3  13
470    3  14
471    3  15
472    3  16
473    3  17
474    3  18
475    3  19
476    3  20
477    3  21
478    3  22
479    3  23
480    3  24
481    4   1
482    4   2
483    4   3
484    4   4
485    4   5
486    4   6
487    4   7
488    4   8
489    4   9
490    4  10
491    4  11
492    4  12
493    4  13
494    4  14
495    4  15
496    4  16
497    4  17
498    4  18
499    4  19
500    4  20
501    4  21
502    4  22
503    4  23
504    4  24
505    4   1
506    4   2
507    4   3
508    4   4
509    4   5
510    4   6
511    4   7
512    4   8
513    4   9
514    4  10
515    4  11
516    4  12
517    4  13
518    4  14
519    4  15
520    4  16
521    4  17
522    4  18
523    4  19
524    4  20
525    4  21
526    4  22
527    4  23
528    4  24
529    4   1
530    4   2
531    4   3
532    4   4
533    4   5
534    4   6
535    4   7
536    4   8
537    4   9
538    4  10
539    4  11
540    4  12
541    4  13
542    4  14
543    4  15
544    4  16
545    4  17
546    4  18
547    4  19
548    4  20
549    4  21
550    4  22
551    4  23
552    4  24
553    4   1
554    4   2
555    4   3
556    4   4
557    4   5
558    4   6
559    4   7
560    4   8
561    4   9
562    4  10
563    4  11
564    4  12
565    4  13
566    4  14
567    4  15
568    4  16
569    4  17
570    4  18
571    4  19
572    4  20
573    4  21
574    4  22
575    4  23
576    4  24
577    4   1
578    4   2
579    4   3
580    4   4
581    4   5
582    4   6
583    4   7
584    4   8
585    4   9
586    4  10
587    4  11
588    4  12
589    4  13
590    4  14
591    4  15
592    4  16
593    4  17
594    4  18
595    4  19
596    4  20
597    4  21
598    4  22
599    4  23
600    4  24
601    4   1
602    4   2
603    4   3
604    4   4
605    4   5
606    4   6
607    4   7
608    4   8
609    4   9
610    4  10
611    4  11
612    4  12
613    4  13
614    4  14
615    4  15
616    4  16
617    4  17
618    4  18
619    4  19
620    4  20
621    4  21
622    4  22
623    4  23
624    4  24
625    4   1
626    4   2
627    4   3
628    4   4
629    4   5
630    4   6
631    4   7
632    4   8
633    4   9
634    4  10
635    4  11
636    4  12
637    4  13
638    4  14
639    4  15
640    4  16
641    4  17
642    4  18
643    4  19
644    4  20
645    4  21
646    4  22
647    4  23
648    4  24
649    4   1
650    4   2
651    4   3
652    4   4
653    4   5
654    4   6
655    4   7
656    4   8
657    4   9
658    4  10
659    4  11
660    4  12
661    4  13
662    4  14
663    4  15
664    4  16
665    4  17
666    4  18
667    4  19
668    4  20
669    4  21
670    4  22
671    4  23
672    4  24
673    4   1
674    4   2
675    4   3
676    4   4
677    4   5
678    4   6
679    4   7
680    4   8
681    4   9
682    4  10
683    4  11
684    4  12
685    4  13
686    4  14
687    4  15
688    4  16
689    4  17
690    4  18
691    4  19
692    4  20
693    4  21
694    4  22
695    4  23
696    4  24
697    2   1
698    2   2
699    2   3
700    2   4
701    2   5
702    2   6
703    2   7
704    2   8
705    2   9
706    2  10
707    2  11
708    2  12
709    2  13
710    2  14
711    2  15
712    2  16
713    2  17
714    2  18
715    2  19
716    2  20
717    2  21
718    2  22
719    2  23
720    2  24
721    1   1
722    1   2
723    1   3
724    1   4
725    1   5
726    1   6
727    1   7
728    1   8
729    1   9
730    1  10
731    1  11
732    1  12
733    1  13
734    1  14
735    1  15
736    1  16
737    1  17
738    1  18
739    1  19
740    1  20
741    1  21
742    1  22
743    1  23
744    1  24
745    1   1
746    1   2
747    1   3
748    1   4
749    1   5
750    1   6
751    1   7
752    1   8
753    1   9
754    1  10
755    1  11
756    1  12
757    1  13
758    1  14
759    1  15
760    1  16
761    1  17
762    1  18
763    1  19
764    1  20
765    1  21
766    1  22
767    1  23
768    1  24
769    2   1
770    2   2
771    2   3
772    2   4
773    2   5
774    2   6
775    2   7
776    2   8
777    2   9
778    2  10
779    2  11
780    2  12
781    2  13
782    2  14
783    2  15
784    2  16
785    2  17
786    2  18
787    2  19
788    2  20
789    2  21
790    2  22
791    2  23
792    2  24
793    2   1
794    2   2
795    2   3
796    2   4
797    2   5
798    2   6
799    2   7
800    2   8
801    2   9
802    2  10
803    2  11
804    2  12
805    2  13
806    2  14
807    2  15
808    2  16
809    2  17
810    2  18
811    2  19
812    2  20
813    2  21
814    2  22
815    2  23
816    2  24
817    4   1
818    4   2
819    4   3
820    4   4
821    4   5
822    4   6
823    4   7
824    4   8
825    4   9
826    4  10
827    4  11
828    4  12
829    4  13
830    4  14
831    4  15
832    4  16
833    4  17
834    4  18
835    4  19
836    4  20
837    4  21
838    4  22
839    4  23
840    4  24
841    2   1
842    2   2
843    2   3
844    2   4
845    2   5
846    2   6
847    2   7
848    2   8
849    2   9
850    2  10
851    2  11
852    2  12
853    2  13
854    2  14
855    2  15
856    2  16
857    2  17
858    2  18
859    2  19
860    2  20
861    2  21
862    2  22
863    2  23
864    2  24
865    4   1
866    4   2
867    4   3
868    4   4
869    4   5
870    4   6
871    4   7
872    4   8
873    4   9
874    4  10
875    4  11
876    4  12
877    4  13
878    4  14
879    4  15
880    4  16
881    4  17
882    4  18
883    4  19
884    4  20
885    4  21
886    4  22
887    4  23
888    4  24
889    4   1
890    4   2
891    4   3
892    4   4
893    4   5
894    4   6
895    4   7
896    4   8
897    4   9
898    4  10
899    4  11
900    4  12
901    4  13
902    4  14
903    4  15
904    4  16
905    4  17
906    4  18
907    4  19
908    4  20
909    4  21
910    4  22
911    4  23
912    4  24
913    4   1
914    4   2
915    4   3
916    4   4
917    4   5
918    4   6
919    4   7
920    4   8
921    4   9
922    4  10
923    4  11
924    4  12
925    4  13
926    4  14
927    4  15
928    4  16
929    4  17
930    4  18
931    4  19
932    4  20
933    4  21
934    4  22
935    4  23
936    4  24
937    4   1
938    4   2
939    4   3
940    4   4
941    4   5
942    4   6
943    4   7
944    4   8
945    4   9
946    4  10
947    4  11
948    4  12
949    4  13
950    4  14
951    4  15
952    4  16
953    4  17
954    4  18
955    4  19
956    4  20
957    4  21
958    4  22
959    4  23
960    4  24
961    4   1
962    4   2
963    4   3
964    4   4
965    4   5
966    4   6
967    4   7
968    4   8
969    4   9
970    4  10
971    4  11
972    4  12
973    4  13
974    4  14
975    4  15
976    4  16
977    4  17
978    4  18
979    4  19
980    4  20
981    4  21
982    4  22
983    4  23
984    4  24
985    4   1
986    4   2
987    4   3
988    4   4
989    4   5
990    4   6
991    4   7
992    4   8
993    4   9
994    4  10
995    4  11
996    4  12
997    4  13
998    4  14
999    4  15
1000   4  16
1001   4  17
1002   4  18
1003   4  19
1004   4  20
1005   4  21
1006   4  22
1007   4  23
1008   4  24
1009   4   1
1010   4   2
1011   4   3
1012   4   4
1013   4   5
1014   4   6
1015   4   7
1016   4   8
1017   4   9
1018   4  10
1019   4  11
1020   4  12
1021   4  13
1022   4  14
1023   4  15
1024   4  16
1025   4  17
1026   4  18
1027   4  19
1028   4  20
1029   4  21
1030   4  22
1031   4  23
1032   4  24
1033   4   1
1034   4   2
1035   4   3
1036   4   4
1037   4   5
1038   4   6
1039   4   7
1040   4   8
1041   4   9
1042   4  10
1043   4  11
1044   4  12
1045   4  13
1046   4  14
1047   4  15
1048   4  16
1049   4  17
1050   4  18
1051   4  19
1052   4  20
1053   4  21
1054   4  22
1055   4  23
1056   4  24
1057   4   1
1058   4   2
1059   4   3
1060   4   4
1061   4   5
1062   4   6
1063   4   7
1064   4   8
1065   4   9
1066   4  10
1067   4  11
1068   4  12
1069   4  13
1070   4  14
1071   4  15
1072   4  16
1073   4  17
1074   4  18
1075   4  19
1076   4  20
1077   4  21
1078   4  22
1079   4  23
1080   4  24
1081   4   1
1082   4   2
1083   4   3
1084   4   4
1085   4   5
1086   4   6
1087   4   7
1088   4   8
1089   4   9
1090   4  10
1091   4  11
1092   4  12
1093   4  13
1094   4  14
1095   4  15
1096   4  16
1097   4  17
1098   4  18
1099   4  19
1100   4  20
1101   4  21
1102   4  22
1103   4  23
1104   4  24
1105   4   1
1106   4   2
1107   4   3
1108   4   4
1109   4   5
1110   4   6
1111   4   7
1112   4   8
1113   4   9
1114   4  10
1115   4  11
1116   4  12
1117   4  13
1118   4  14
1119   4  15
1120   4  16
1121   4  17
1122   4  18
1123   4  19
1124   4  20
1125   4  21
1126   4  22
1127   4  23
1128   4  24
1129   2   1
1130   2   2
1131   2   3
1132   2   4
1133   2   5
1134   2   6
1135   2   7
1136   2   8
1137   2   9
1138   2  10
1139   2  11
1140   2  12
1141   2  13
1142   2  14
1143   2  15
1144   2  16
1145   2  17
1146   2  18
1147   2  19
1148   2  20
1149   2  21
1150   2  22
1151   2  23
1152   2  24
1153   2   1
1154   2   2
1155   2   3
1156   2   4
1157   2   5
1158   2   6
1159   2   7
1160   2   8
1161   2   9
1162   2  10
1163   2  11
1164   2  12
1165   2  13
1166   2  14
1167   2  15
1168   2  16
1169   2  17
1170   2  18
1171   2  19
1172   2  20
1173   2  21
1174   2  22
1175   2  23
1176   2  24
1177   2   1
1178   2   2
1179   2   3
1180   2   4
1181   2   5
1182   2   6
1183   2   7
1184   2   8
1185   2   9
1186   2  10
1187   2  11
1188   2  12
1189   2  13
1190   2  14
1191   2  15
1192   2  16
1193   2  17
1194   2  18
1195   2  19
1196   2  20
1197   2  21
1198   2  22
1199   2  23
1200   2  24
1201   1   1
1202   1   2
1203   1   3
1204   1   4
1205   1   5
1206   1   6
1207   1   7
1208   1   8
1209   1   9
1210   1  10
1211   1  11
1212   1  12
1213   1  13
1214   1  14
1215   1  15
1216   1  16
1217   1  17
1218   1  18
1219   1  19
1220   1  20
1221   1  21
1222   1  22
1223   1  23
1224   1  24
1225   1   1
1226   1   2
1227   1   3
1228   1   4
1229   1   5
1230   1   6
1231   1   7
1232   1   8
1233   1   9
1234   1  10
1235   1  11
1236   1  12
1237   1  13
1238   1  14
1239   1  15
1240   1  16
1241   1  17
1242   1  18
1243   1  19
1244   1  20
1245   1  21
1246   1  22
1247   1  23
1248   1  24
1249   2   1
1250   2   2
1251   2   3
1252   2   4
1253   2   5
1254   2   6
1255   2   7
1256   2   8
1257   2   9
1258   2  10
1259   2  11
1260   2  12
1261   2  13
1262   2  14
1263   2  15
1264   2  16
1265   2  17
1266   2  18
1267   2  19
1268   2  20
1269   2  21
1270   2  22
1271   2  23
1272   2  24
1273   2   1
1274   2   2
1275   2   3
1276   2   4
1277   2   5
1278   2   6
1279   2   7
1280   2   8
1281   2   9
1282   2  10
1283   2  11
1284   2  12
1285   2  13
1286   2  14
1287   2  15
1288   2  16
1289   2  17
1290   2  18
1291   2  19
1292   2  20
1293   2  21
1294   2  22
1295   2  23
1296   2  24
1297   2   1
1298   2   2
1299   2   3
1300   2   4
1301   2   5
1302   2   6
1303   2   7
1304   2   8
1305   2   9
1306   2  10
1307   2  11
1308   2  12
1309   2  13
1310   2  14
1311   2  15
1312   2  16
1313   2  17
1314   2  18
1315   2  19
1316   2  20
1317   2  21
1318   2  22
1319   2  23
1320   2  24
1321   1   1
1322   1   2
1323   1   3
1324   1   4
1325   1   5
1326   1   6
1327   1   7
1328   1   8
1329   1   9
1330   1  10
1331   1  11
1332   1  12
1333   1  13
1334   1  14
1335   1  15
1336   1  16
1337   1  17
1338   1  18
1339   1  19
1340   1  20
1341   1  21
1342   1  22
1343   1  23
1344   1  24
1345   2   1
1346   2   2
1347   2   3
1348   2   4
1349   2   5
1350   2   6
1351   2   7
1352   2   8
1353   2   9
1354   2  10
1355   2  11
1356   2  12
1357   2  13
1358   2  14
1359   2  15
1360   2  16
1361   2  17
1362   2  18
1363   2  19
1364   2  20
1365   2  21
1366   2  22
1367   2  23
1368   2  24
1369   2   1
1370   2   2
1371   2   3
1372   2   4
1373   2   5
1374   2   6
1375   2   7
1376   2   8
1377   2   9
1378   2  10
1379   2  11
1380   2  12
1381   2  13
1382   2  14
1383   2  15
1384   2  16
1385   2  17
1386   2  18
1387   2  19
1388   2  20
1389   2  21
1390   2  22
1391   2  23
1392   2  24
1393   4   1
1394   4   2
1395   4   3
1396   4   4
1397   4   5
1398   4   6
1399   4   7
1400   4   8
1401   4   9
1402   4  10
1403   4  11
1404   4  12
1405   4  13
1406   4  14
1407   4  15
1408   4  16
1409   4  17
1410   4  18
1411   4  19
1412   4  20
1413   4  21
1414   4  22
1415   4  23
1416   4  24
1417   4   1
1418   4   2
1419   4   3
1420   4   4
1421   4   5
1422   4   6
1423   4   7
1424   4   8
1425   4   9
1426   4  10
1427   4  11
1428   4  12
1429   4  13
1430   4  14
1431   4  15
1432   4  16
1433   4  17
1434   4  18
1435   4  19
1436   4  20
1437   4  21
1438   4  22
1439   4  23
1440   4  24
1441   2   1
1442   2   2
1443   2   3
1444   2   4
1445   2   5
1446   2   6
1447   2   7
1448   2   8
1449   2   9
1450   2  10
1451   2  11
1452   2  12
1453   2  13
1454   2  14
1455   2  15
1456   2  16
1457   2  17
1458   2  18
1459   2  19
1460   2  20
1461   2  21
1462   2  22
1463   2  23
1464   2  24
1465   2   1
1466   2   2
1467   2   3
1468   2   4
1469   2   5
1470   2   6
1471   2   7
1472   2   8
1473   2   9
1474   2  10
1475   2  11
1476   2  12
1477   2  13
1478   2  14
1479   2  15
1480   2  16
1481   2  17
1482   2  18
1483   2  19
1484   2  20
1485   2  21
1486   2  22
1487   2  23
1488   2  24
1489   2   1
1490   2   2
1491   2   3
1492   2   4
1493   2   5
1494   2   6
1495   2   7
1496   2   8
1497   2   9
1498   2  10
1499   2  11
1500   2  12
1501   2  13
1502   2  14
1503   2  15
1504   2  16
1505   2  17
1506   2  18
1507   2  19
1508   2  20
1509   2  21
1510   2  22
1511   2  23
1512   2  24
1513   2   1
1514   2   2
1515   2   3
1516   2   4
1517   2   5
1518   2   6
1519   2   7
1520   2   8
1521   2   9
1522   2  10
1523   2  11
1524   2  12
1525   2  13
1526   2  14
1527   2  15
1528   2  16
1529   2  17
1530   2  18
1531   2  19
1532   2  20
1533   2  21
1534   2  22
1535   2  23
1536   2  24
1537   2   1
1538   2   2
1539   2   3
1540   2   4
1541   2   5
1542   2   6
1543   2   7
1544   2   8
1545   2   9
1546   2  10
1547   2  11
1548   2  12
1549   2  13
1550   2  14
1551   2  15
1552   2  16
1553   2  17
1554   2  18
1555   2  19
1556   2  20
1557   2  21
1558   2  22
1559   2  23
1560   2  24
1561   2   1
1562   2   2
1563   2   3
1564   2   4
1565   2   5
1566   2   6
1567   2   7
1568   2   8
1569   2   9
1570   2  10
1571   2  11
1572   2  12
1573   2  13
1574   2  14
1575   2  15
1576   2  16
1577   2  17
1578   2  18
1579   2  19
1580   2  20
1581   2  21
1582   2  22
1583   2  23
1584   2  24
1585   2   1
1586   2   2
1587   2   3
1588   2   4
1589   2   5
1590   2   6
1591   2   7
1592   2   8
1593   2   9
1594   2  10
1595   2  11
1596   2  12
1597   2  13
1598   2  14
1599   2  15
1600   2  16
1601   2  17
1602   2  18
1603   2  19
1604   2  20
1605   2  21
1606   2  22
1607   2  23
1608   2  24
1609   2   1
1610   2   2
1611   2   3
1612   2   4
1613   2   5
1614   2   6
1615   2   7
1616   2   8
1617   2   9
1618   2  10
1619   2  11
1620   2  12
1621   2  13
1622   2  14
1623   2  15
1624   2  16
1625   2  17
1626   2  18
1627   2  19
1628   2  20
1629   2  21
1630   2  22
1631   2  23
1632   2  24
1633   1   1
1634   1   2
1635   1   3
1636   1   4
1637   1   5
1638   1   6
1639   1   7
1640   1   8
1641   1   9
1642   1  10
1643   1  11
1644   1  12
1645   1  13
1646   1  14
1647   1  15
1648   1  16
1649   1  17
1650   1  18
1651   1  19
1652   1  20
1653   1  21
1654   1  22
1655   1  23
1656   1  24
1657   1   1
1658   1   2
1659   1   3
1660   1   4
1661   1   5
1662   1   6
1663   1   7
1664   1   8
1665   1   9
1666   1  10
1667   1  11
1668   1  12
1669   1  13
1670   1  14
1671   1  15
1672   1  16
1673   1  17
1674   1  18
1675   1  19
1676   1  20
1677   1  21
1678   1  22
1679   1  23
1680   1  24
1681   1   1
1682   1   2
1683   1   3
1684   1   4
1685   1   5
1686   1   6
1687   1   7
1688   1   8
1689   1   9
1690   1  10
1691   1  11
1692   1  12
1693   1  13
1694   1  14
1695   1  15
1696   1  16
1697   1  17
1698   1  18
1699   1  19
1700   1  20
1701   1  21
1702   1  22
1703   1  23
1704   1  24
1705   1   1
1706   1   2
1707   1   3
1708   1   4
1709   1   5
1710   1   6
1711   1   7
1712   1   8
1713   1   9
1714   1  10
1715   1  11
1716   1  12
1717   1  13
1718   1  14
1719   1  15
1720   1  16
1721   1  17
1722   1  18
1723   1  19
1724   1  20
1725   1  21
1726   1  22
1727   1  23
1728   1  24
1729   5   1
1730   5   2
1731   5   3
1732   5   4
1733   5   5
1734   5   6
1735   5   7
1736   5   8
1737   5   9
1738   5  10
1739   5  11
1740   5  12
1741   5  13
1742   5  14
1743   5  15
1744   5  16
1745   5  17
1746   5  18
1747   5  19
1748   5  20
1749   5  21
1750   5  22
1751   5  23
1752   5  24
1753   1   1
1754   1   2
1755   1   3
1756   1   4
1757   1   5
1758   1   6
1759   1   7
1760   1   8
1761   1   9
1762   1  10
1763   1  11
1764   1  12
1765   1  13
1766   1  14
1767   1  15
1768   1  16
1769   1  17
1770   1  18
1771   1  19
1772   1  20
1773   1  21
1774   1  22
1775   1  23
1776   1  24
1777   5   1
1778   5   2
1779   5   3
1780   5   4
1781   5   5
1782   5   6
1783   5   7
1784   5   8
1785   5   9
1786   5  10
1787   5  11
1788   5  12
1789   5  13
1790   5  14
1791   5  15
1792   5  16
1793   5  17
1794   5  18
1795   5  19
1796   5  20
1797   5  21
1798   5  22
1799   5  23
1800   5  24
1801   6   1
1802   6   2
1803   6   3
1804   6   4
1805   6   5
1806   6   6
1807   6   7
1808   6   8
1809   6   9
1810   6  10
1811   6  11
1812   6  12
1813   6  13
1814   6  14
1815   6  15
1816   6  16
1817   6  17
1818   6  18
1819   6  19
1820   6  20
1821   6  21
1822   6  22
1823   6  23
1824   6  24
1825   6   1
1826   6   2
1827   6   3
1828   6   4
1829   6   5
1830   6   6
1831   6   7
1832   6   8
1833   6   9
1834   6  10
1835   6  11
1836   6  12
1837   6  13
1838   6  14
1839   6  15
1840   6  16
1841   6  17
1842   6  18
1843   6  19
1844   6  20
1845   6  21
1846   6  22
1847   6  23
1848   6  24
1849   5   1
1850   5   2
1851   5   3
1852   5   4
1853   5   5
1854   5   6
1855   5   7
1856   5   8
1857   5   9
1858   5  10
1859   5  11
1860   5  12
1861   5  13
1862   5  14
1863   5  15
1864   5  16
1865   5  17
1866   5  18
1867   5  19
1868   5  20
1869   5  21
1870   5  22
1871   5  23
1872   5  24
1873   1   1
1874   1   2
1875   1   3
1876   1   4
1877   1   5
1878   1   6
1879   1   7
1880   1   8
1881   1   9
1882   1  10
1883   1  11
1884   1  12
1885   1  13
1886   1  14
1887   1  15
1888   1  16
1889   1  17
1890   1  18
1891   1  19
1892   1  20
1893   1  21
1894   1  22
1895   1  23
1896   1  24
1897   5   1
1898   5   2
1899   5   3
1900   5   4
1901   5   5
1902   5   6
1903   5   7
1904   5   8
1905   5   9
1906   5  10
1907   5  11
1908   5  12
1909   5  13
1910   5  14
1911   5  15
1912   5  16
1913   5  17
1914   5  18
1915   5  19
1916   5  20
1917   5  21
1918   5  22
1919   5  23
1920   5  24
1921   6   1
1922   6   2
1923   6   3
1924   6   4
1925   6   5
1926   6   6
1927   6   7
1928   6   8
1929   6   9
1930   6  10
1931   6  11
1932   6  12
1933   6  13
1934   6  14
1935   6  15
1936   6  16
1937   6  17
1938   6  18
1939   6  19
1940   6  20
1941   6  21
1942   6  22
1943   6  23
1944   6  24
1945   5   1
1946   5   2
1947   5   3
1948   5   4
1949   5   5
1950   5   6
1951   5   7
1952   5   8
1953   5   9
1954   5  10
1955   5  11
1956   5  12
1957   5  13
1958   5  14
1959   5  15
1960   5  16
1961   5  17
1962   5  18
1963   5  19
1964   5  20
1965   5  21
1966   5  22
1967   5  23
1968   5  24
1969   6   1
1970   6   2
1971   6   3
1972   6   4
1973   6   5
1974   6   6
1975   6   7
1976   6   8
1977   6   9
1978   6  10
1979   6  11
1980   6  12
1981   6  13
1982   6  14
1983   6  15
1984   6  16
1985   6  17
1986   6  18
1987   6  19
1988   6  20
1989   6  21
1990   6  22
1991   6  23
1992   6  24
1993   6   1
1994   6   2
1995   6   3
1996   6   4
1997   6   5
1998   6   6
1999   6   7
2000   6   8
2001   6   9
2002   6  10
2003   6  11
2004   6  12
2005   6  13
2006   6  14
2007   6  15
2008   6  16
2009   6  17
2010   6  18
2011   6  19
2012   6  20
2013   6  21
2014   6  22
2015   6  23
2016   6  24
2017   6   1
2018   6   2
2019   6   3
2020   6   4
2021   6   5
2022   6   6
2023   6   7
2024   6   8
2025   6   9
2026   6  10
2027   6  11
2028   6  12
2029   6  13
2030   6  14
2031   6  15
2032   6  16
2033   6  17
2034   6  18
2035   6  19
2036   6  20
2037   6  21
2038   6  22
2039   6  23
2040   6  24
2041   6   1
2042   6   2
2043   6   3
2044   6   4
2045   6   5
2046   6   6
2047   6   7
2048   6   8
2049   6   9
2050   6  10
2051   6  11
2052   6  12
2053   6  13
2054   6  14
2055   6  15
2056   6  16
2057   6  17
2058   6  18
2059   6  19
2060   6  20
2061   6  21
2062   6  22
2063   6  23
2064   6  24
2065   7   1
2066   7   2
2067   7   3
2068   7   4
2069   7   5
2070   7   6
2071   7   7
2072   7   8
2073   7   9
2074   7  10
2075   7  11
2076   7  12
2077   7  13
2078   7  14
2079   7  15
2080   7  16
2081   7  17
2082   7  18
2083   7  19
2084   7  20
2085   7  21
2086   7  22
2087   7  23
2088   7  24
2089   6   1
2090   6   2
2091   6   3
2092   6   4
2093   6   5
2094   6   6
2095   6   7
2096   6   8
2097   6   9
2098   6  10
2099   6  11
2100   6  12
2101   6  13
2102   6  14
2103   6  15
2104   6  16
2105   6  17
2106   6  18
2107   6  19
2108   6  20
2109   6  21
2110   6  22
2111   6  23
2112   6  24
2113   8   1
2114   8   2
2115   8   3
2116   8   4
2117   8   5
2118   8   6
2119   8   7
2120   8   8
2121   8   9
2122   8  10
2123   8  11
2124   8  12
2125   8  13
2126   8  14
2127   8  15
2128   8  16
2129   8  17
2130   8  18
2131   8  19
2132   8  20
2133   8  21
2134   8  22
2135   8  23
2136   8  24
2137   8   1
2138   8   2
2139   8   3
2140   8   4
2141   8   5
2142   8   6
2143   8   7
2144   8   8
2145   8   9
2146   8  10
2147   8  11
2148   8  12
2149   8  13
2150   8  14
2151   8  15
2152   8  16
2153   8  17
2154   8  18
2155   8  19
2156   8  20
2157   8  21
2158   8  22
2159   8  23
2160   8  24
2161   5   1
2162   5   2
2163   5   3
2164   5   4
2165   5   5
2166   5   6
2167   5   7
2168   5   8
2169   5   9
2170   5  10
2171   5  11
2172   5  12
2173   5  13
2174   5  14
2175   5  15
2176   5  16
2177   5  17
2178   5  18
2179   5  19
2180   5  20
2181   5  21
2182   5  22
2183   5  23
2184   5  24
2185   7   1
2186   7   2
2187   7   3
2188   7   4
2189   7   5
2190   7   6
2191   7   7
2192   7   8
2193   7   9
2194   7  10
2195   7  11
2196   7  12
2197   7  13
2198   7  14
2199   7  15
2200   7  16
2201   7  17
2202   7  18
2203   7  19
2204   7  20
2205   7  21
2206   7  22
2207   7  23
2208   7  24
2209   7   1
2210   7   2
2211   7   3
2212   7   4
2213   7   5
2214   7   6
2215   7   7
2216   7   8
2217   7   9
2218   7  10
2219   7  11
2220   7  12
2221   7  13
2222   7  14
2223   7  15
2224   7  16
2225   7  17
2226   7  18
2227   7  19
2228   7  20
2229   7  21
2230   7  22
2231   7  23
2232   7  24
2233   7   1
2234   7   2
2235   7   3
2236   7   4
2237   7   5
2238   7   6
2239   7   7
2240   7   8
2241   7   9
2242   7  10
2243   7  11
2244   7  12
2245   7  13
2246   7  14
2247   7  15
2248   7  16
2249   7  17
2250   7  18
2251   7  19
2252   7  20
2253   7  21
2254   7  22
2255   7  23
2256   7  24
2257   7   1
2258   7   2
2259   7   3
2260   7   4
2261   7   5
2262   7   6
2263   7   7
2264   7   8
2265   7   9
2266   7  10
2267   7  11
2268   7  12
2269   7  13
2270   7  14
2271   7  15
2272   7  16
2273   7  17
2274   7  18
2275   7  19
2276   7  20
2277   7  21
2278   7  22
2279   7  23
2280   7  24
2281   7   1
2282   7   2
2283   7   3
2284   7   4
2285   7   5
2286   7   6
2287   7   7
2288   7   8
2289   7   9
2290   7  10
2291   7  11
2292   7  12
2293   7  13
2294   7  14
2295   7  15
2296   7  16
2297   7  17
2298   7  18
2299   7  19
2300   7  20
2301   7  21
2302   7  22
2303   7  23
2304   7  24
2305   7   1
2306   7   2
2307   7   3
2308   7   4
2309   7   5
2310   7   6
2311   7   7
2312   7   8
2313   7   9
2314   7  10
2315   7  11
2316   7  12
2317   7  13
2318   7  14
2319   7  15
2320   7  16
2321   7  17
2322   7  18
2323   7  19
2324   7  20
2325   7  21
2326   7  22
2327   7  23
2328   7  24
2329   8   1
2330   8   2
2331   8   3
2332   8   4
2333   8   5
2334   8   6
2335   8   7
2336   8   8
2337   8   9
2338   8  10
2339   8  11
2340   8  12
2341   8  13
2342   8  14
2343   8  15
2344   8  16
2345   8  17
2346   8  18
2347   8  19
2348   8  20
2349   8  21
2350   8  22
2351   8  23
2352   8  24
2353   6   1
2354   6   2
2355   6   3
2356   6   4
2357   6   5
2358   6   6
2359   6   7
2360   6   8
2361   6   9
2362   6  10
2363   6  11
2364   6  12
2365   6  13
2366   6  14
2367   6  15
2368   6  16
2369   6  17
2370   6  18
2371   6  19
2372   6  20
2373   6  21
2374   6  22
2375   6  23
2376   6  24
2377   9   1
2378   9   2
2379   9   3
2380   9   4
2381   9   5
2382   9   6
2383   9   7
2384   9   8
2385   9   9
2386   9  10
2387   9  11
2388   9  12
2389   9  13
2390   9  14
2391   9  15
2392   9  16
2393   9  17
2394   9  18
2395   9  19
2396   9  20
2397   9  21
2398   9  22
2399   9  23
2400   9  24
2401  10   1
2402  10   2
2403  10   3
2404  10   4
2405  10   5
2406  10   6
2407  10   7
2408  10   8
2409  10   9
2410  10  10
2411  10  11
2412  10  12
2413  10  13
2414  10  14
2415  10  15
2416  10  16
2417  10  17
2418  10  18
2419  10  19
2420  10  20
2421  10  21
2422  10  22
2423  10  23
2424  10  24
2425   8   1
2426   8   2
2427   8   3
2428   8   4
2429   8   5
2430   8   6
2431   8   7
2432   8   8
2433   8   9
2434   8  10
2435   8  11
2436   8  12
2437   8  13
2438   8  14
2439   8  15
2440   8  16
2441   8  17
2442   8  18
2443   8  19
2444   8  20
2445   8  21
2446   8  22
2447   8  23
2448   8  24
2449   7   1
2450   7   2
2451   7   3
2452   7   4
2453   7   5
2454   7   6
2455   7   7
2456   7   8
2457   7   9
2458   7  10
2459   7  11
2460   7  12
2461   7  13
2462   7  14
2463   7  15
2464   7  16
2465   7  17
2466   7  18
2467   7  19
2468   7  20
2469   7  21
2470   7  22
2471   7  23
2472   7  24
2473   7   1
2474   7   2
2475   7   3
2476   7   4
2477   7   5
2478   7   6
2479   7   7
2480   7   8
2481   7   9
2482   7  10
2483   7  11
2484   7  12
2485   7  13
2486   7  14
2487   7  15
2488   7  16
2489   7  17
2490   7  18
2491   7  19
2492   7  20
2493   7  21
2494   7  22
2495   7  23
2496   7  24
2497   5   1
2498   5   2
2499   5   3
2500   5   4
2501   5   5
2502   5   6
2503   5   7
2504   5   8
2505   5   9
2506   5  10
2507   5  11
2508   5  12
2509   5  13
2510   5  14
2511   5  15
2512   5  16
2513   5  17
2514   5  18
2515   5  19
2516   5  20
2517   5  21
2518   5  22
2519   5  23
2520   5  24
2521   7   1
2522   7   2
2523   7   3
2524   7   4
2525   7   5
2526   7   6
2527   7   7
2528   7   8
2529   7   9
2530   7  10
2531   7  11
2532   7  12
2533   7  13
2534   7  14
2535   7  15
2536   7  16
2537   7  17
2538   7  18
2539   7  19
2540   7  20
2541   7  21
2542   7  22
2543   7  23
2544   7  24
2545   7   1
2546   7   2
2547   7   3
2548   7   4
2549   7   5
2550   7   6
2551   7   7
2552   7   8
2553   7   9
2554   7  10
2555   7  11
2556   7  12
2557   7  13
2558   7  14
2559   7  15
2560   7  16
2561   7  17
2562   7  18
2563   7  19
2564   7  20
2565   7  21
2566   7  22
2567   7  23
2568   7  24
2569   7   1
2570   7   2
2571   7   3
2572   7   4
2573   7   5
2574   7   6
2575   7   7
2576   7   8
2577   7   9
2578   7  10
2579   7  11
2580   7  12
2581   7  13
2582   7  14
2583   7  15
2584   7  16
2585   7  17
2586   7  18
2587   7  19
2588   7  20
2589   7  21
2590   7  22
2591   7  23
2592   7  24
2593   7   1
2594   7   2
2595   7   3
2596   7   4
2597   7   5
2598   7   6
2599   7   7
2600   7   8
2601   7   9
2602   7  10
2603   7  11
2604   7  12
2605   7  13
2606   7  14
2607   7  15
2608   7  16
2609   7  17
2610   7  18
2611   7  19
2612   7  20
2613   7  21
2614   7  22
2615   7  23
2616   7  24
2617   1   1
2618   1   2
2619   1   3
2620   1   4
2621   1   5
2622   1   6
2623   1   7
2624   1   8
2625   1   9
2626   1  10
2627   1  11
2628   1  12
2629   1  13
2630   1  14
2631   1  15
2632   1  16
2633   1  17
2634   1  18
2635   1  19
2636   1  20
2637   1  21
2638   1  22
2639   1  23
2640   1  24
2641   1   1
2642   1   2
2643   1   3
2644   1   4
2645   1   5
2646   1   6
2647   1   7
2648   1   8
2649   1   9
2650   1  10
2651   1  11
2652   1  12
2653   1  13
2654   1  14
2655   1  15
2656   1  16
2657   1  17
2658   1  18
2659   1  19
2660   1  20
2661   1  21
2662   1  22
2663   1  23
2664   1  24
2665   7   1
2666   7   2
2667   7   3
2668   7   4
2669   7   5
2670   7   6
2671   7   7
2672   7   8
2673   7   9
2674   7  10
2675   7  11
2676   7  12
2677   7  13
2678   7  14
2679   7  15
2680   7  16
2681   7  17
2682   7  18
2683   7  19
2684   7  20
2685   7  21
2686   7  22
2687   7  23
2688   7  24
2689   6   1
2690   6   2
2691   6   3
2692   6   4
2693   6   5
2694   6   6
2695   6   7
2696   6   8
2697   6   9
2698   6  10
2699   6  11
2700   6  12
2701   6  13
2702   6  14
2703   6  15
2704   6  16
2705   6  17
2706   6  18
2707   6  19
2708   6  20
2709   6  21
2710   6  22
2711   6  23
2712   6  24
2713   5   1
2714   5   2
2715   5   3
2716   5   4
2717   5   5
2718   5   6
2719   5   7
2720   5   8
2721   5   9
2722   5  10
2723   5  11
2724   5  12
2725   5  13
2726   5  14
2727   5  15
2728   5  16
2729   5  17
2730   5  18
2731   5  19
2732   5  20
2733   5  21
2734   5  22
2735   5  23
2736   5  24
2737   5   1
2738   5   2
2739   5   3
2740   5   4
2741   5   5
2742   5   6
2743   5   7
2744   5   8
2745   5   9
2746   5  10
2747   5  11
2748   5  12
2749   5  13
2750   5  14
2751   5  15
2752   5  16
2753   5  17
2754   5  18
2755   5  19
2756   5  20
2757   5  21
2758   5  22
2759   5  23
2760   5  24
2761   7   1
2762   7   2
2763   7   3
2764   7   4
2765   7   5
2766   7   6
2767   7   7
2768   7   8
2769   7   9
2770   7  10
2771   7  11
2772   7  12
2773   7  13
2774   7  14
2775   7  15
2776   7  16
2777   7  17
2778   7  18
2779   7  19
2780   7  20
2781   7  21
2782   7  22
2783   7  23
2784   7  24
2785   5   1
2786   5   2
2787   5   3
2788   5   4
2789   5   5
2790   5   6
2791   5   7
2792   5   8
2793   5   9
2794   5  10
2795   5  11
2796   5  12
2797   5  13
2798   5  14
2799   5  15
2800   5  16
2801   5  17
2802   5  18
2803   5  19
2804   5  20
2805   5  21
2806   5  22
2807   5  23
2808   5  24
2809   7   1
2810   7   2
2811   7   3
2812   7   4
2813   7   5
2814   7   6
2815   7   7
2816   7   8
2817   7   9
2818   7  10
2819   7  11
2820   7  12
2821   7  13
2822   7  14
2823   7  15
2824   7  16
2825   7  17
2826   7  18
2827   7  19
2828   7  20
2829   7  21
2830   7  22
2831   7  23
2832   7  24
2833   7   1
2834   7   2
2835   7   3
2836   7   4
2837   7   5
2838   7   6
2839   7   7
2840   7   8
2841   7   9
2842   7  10
2843   7  11
2844   7  12
2845   7  13
2846   7  14
2847   7  15
2848   7  16
2849   7  17
2850   7  18
2851   7  19
2852   7  20
2853   7  21
2854   7  22
2855   7  23
2856   7  24
2857   7   1
2858   7   2
2859   7   3
2860   7   4
2861   7   5
2862   7   6
2863   7   7
2864   7   8
2865   7   9
2866   7  10
2867   7  11
2868   7  12
2869   7  13
2870   7  14
2871   7  15
2872   7  16
2873   7  17
2874   7  18
2875   7  19
2876   7  20
2877   7  21
2878   7  22
2879   7  23
2880   7  24
2881   6   1
2882   6   2
2883   6   3
2884   6   4
2885   6   5
2886   6   6
2887   6   7
2888   6   8
2889   6   9
2890   6  10
2891   6  11
2892   6  12
2893   6  13
2894   6  14
2895   6  15
2896   6  16
2897   6  17
2898   6  18
2899   6  19
2900   6  20
2901   6  21
2902   6  22
2903   6  23
2904   6  24
2905   9   1
2906   9   2
2907   9   3
2908   9   4
2909   9   5
2910   9   6
2911   9   7
2912   9   8
2913   9   9
2914   9  10
2915   9  11
2916   9  12
2917   9  13
2918   9  14
2919   9  15
2920   9  16
2921   9  17
2922   9  18
2923   9  19
2924   9  20
2925   9  21
2926   9  22
2927   9  23
2928   9  24
2929   8   1
2930   8   2
2931   8   3
2932   8   4
2933   8   5
2934   8   6
2935   8   7
2936   8   8
2937   8   9
2938   8  10
2939   8  11
2940   8  12
2941   8  13
2942   8  14
2943   8  15
2944   8  16
2945   8  17
2946   8  18
2947   8  19
2948   8  20
2949   8  21
2950   8  22
2951   8  23
2952   8  24
2953   6   1
2954   6   2
2955   6   3
2956   6   4
2957   6   5
2958   6   6
2959   6   7
2960   6   8
2961   6   9
2962   6  10
2963   6  11
2964   6  12
2965   6  13
2966   6  14
2967   6  15
2968   6  16
2969   6  17
2970   6  18
2971   6  19
2972   6  20
2973   6  21
2974   6  22
2975   6  23
2976   6  24
2977   9   1
2978   9   2
2979   9   3
2980   9   4
2981   9   5
2982   9   6
2983   9   7
2984   9   8
2985   9   9
2986   9  10
2987   9  11
2988   9  12
2989   9  13
2990   9  14
2991   9  15
2992   9  16
2993   9  17
2994   9  18
2995   9  19
2996   9  20
2997   9  21
2998   9  22
2999   9  23
3000   9  24
3001   9   1
3002   9   2
3003   9   3
3004   9   4
3005   9   5
3006   9   6
3007   9   7
3008   9   8
3009   9   9
3010   9  10
3011   9  11
3012   9  12
3013   9  13
3014   9  14
3015   9  15
3016   9  16
3017   9  17
3018   9  18
3019   9  19
3020   9  20
3021   9  21
3022   9  22
3023   9  23
3024   9  24
3025   7   1
3026   7   2
3027   7   3
3028   7   4
3029   7   5
3030   7   6
3031   7   7
3032   7   8
3033   7   9
3034   7  10
3035   7  11
3036   7  12
3037   7  13
3038   7  14
3039   7  15
3040   7  16
3041   7  17
3042   7  18
3043   7  19
3044   7  20
3045   7  21
3046   7  22
3047   7  23
3048   7  24
3049   7   1
3050   7   2
3051   7   3
3052   7   4
3053   7   5
3054   7   6
3055   7   7
3056   7   8
3057   7   9
3058   7  10
3059   7  11
3060   7  12
3061   7  13
3062   7  14
3063   7  15
3064   7  16
3065   7  17
3066   7  18
3067   7  19
3068   7  20
3069   7  21
3070   7  22
3071   7  23
3072   7  24
3073   6   1
3074   6   2
3075   6   3
3076   6   4
3077   6   5
3078   6   6
3079   6   7
3080   6   8
3081   6   9
3082   6  10
3083   6  11
3084   6  12
3085   6  13
3086   6  14
3087   6  15
3088   6  16
3089   6  17
3090   6  18
3091   6  19
3092   6  20
3093   6  21
3094   6  22
3095   6  23
3096   6  24
3097   6   1
3098   6   2
3099   6   3
3100   6   4
3101   6   5
3102   6   6
3103   6   7
3104   6   8
3105   6   9
3106   6  10
3107   6  11
3108   6  12
3109   6  13
3110   6  14
3111   6  15
3112   6  16
3113   6  17
3114   6  18
3115   6  19
3116   6  20
3117   6  21
3118   6  22
3119   6  23
3120   6  24
3121   8   1
3122   8   2
3123   8   3
3124   8   4
3125   8   5
3126   8   6
3127   8   7
3128   8   8
3129   8   9
3130   8  10
3131   8  11
3132   8  12
3133   8  13
3134   8  14
3135   8  15
3136   8  16
3137   8  17
3138   8  18
3139   8  19
3140   8  20
3141   8  21
3142   8  22
3143   8  23
3144   8  24
3145   6   1
3146   6   2
3147   6   3
3148   6   4
3149   6   5
3150   6   6
3151   6   7
3152   6   8
3153   6   9
3154   6  10
3155   6  11
3156   6  12
3157   6  13
3158   6  14
3159   6  15
3160   6  16
3161   6  17
3162   6  18
3163   6  19
3164   6  20
3165   6  21
3166   6  22
3167   6  23
3168   6  24
3169  10   1
3170  10   2
3171  10   3
3172  10   4
3173  10   5
3174  10   6
3175  10   7
3176  10   8
3177  10   9
3178  10  10
3179  10  11
3180  10  12
3181  10  13
3182  10  14
3183  10  15
3184  10  16
3185  10  17
3186  10  18
3187  10  19
3188  10  20
3189  10  21
3190  10  22
3191  10  23
3192  10  24
3193   8   1
3194   8   2
3195   8   3
3196   8   4
3197   8   5
3198   8   6
3199   8   7
3200   8   8
3201   8   9
3202   8  10
3203   8  11
3204   8  12
3205   8  13
3206   8  14
3207   8  15
3208   8  16
3209   8  17
3210   8  18
3211   8  19
3212   8  20
3213   8  21
3214   8  22
3215   8  23
3216   8  24
3217  10   1
3218  10   2
3219  10   3
3220  10   4
3221  10   5
3222  10   6
3223  10   7
3224  10   8
3225  10   9
3226  10  10
3227  10  11
3228  10  12
3229  10  13
3230  10  14
3231  10  15
3232  10  16
3233  10  17
3234  10  18
3235  10  19
3236  10  20
3237  10  21
3238  10  22
3239  10  23
3240  10  24
3241   8   1
3242   8   2
3243   8   3
3244   8   4
3245   8   5
3246   8   6
3247   8   7
3248   8   8
3249   8   9
3250   8  10
3251   8  11
3252   8  12
3253   8  13
3254   8  14
3255   8  15
3256   8  16
3257   8  17
3258   8  18
3259   8  19
3260   8  20
3261   8  21
3262   8  22
3263   8  23
3264   8  24
3265   8   1
3266   8   2
3267   8   3
3268   8   4
3269   8   5
3270   8   6
3271   8   7
3272   8   8
3273   8   9
3274   8  10
3275   8  11
3276   8  12
3277   8  13
3278   8  14
3279   8  15
3280   8  16
3281   8  17
3282   8  18
3283   8  19
3284   8  20
3285   8  21
3286   8  22
3287   8  23
3288   8  24
3289   8   1
3290   8   2
3291   8   3
3292   8   4
3293   8   5
3294   8   6
3295   8   7
3296   8   8
3297   8   9
3298   8  10
3299   8  11
3300   8  12
3301   8  13
3302   8  14
3303   8  15
3304   8  16
3305   8  17
3306   8  18
3307   8  19
3308   8  20
3309   8  21
3310   8  22
3311   8  23
3312   8  24
3313  11   1
3314  11   2
3315  11   3
3316  11   4
3317  11   5
3318  11   6
3319  11   7
3320  11   8
3321  11   9
3322  11  10
3323  11  11
3324  11  12
3325  11  13
3326  11  14
3327  11  15
3328  11  16
3329  11  17
3330  11  18
3331  11  19
3332  11  20
3333  11  21
3334  11  22
3335  11  23
3336  11  24
3337  11   1
3338  11   2
3339  11   3
3340  11   4
3341  11   5
3342  11   6
3343  11   7
3344  11   8
3345  11   9
3346  11  10
3347  11  11
3348  11  12
3349  11  13
3350  11  14
3351  11  15
3352  11  16
3353  11  17
3354  11  18
3355  11  19
3356  11  20
3357  11  21
3358  11  22
3359  11  23
3360  11  24
3361  10   1
3362  10   2
3363  10   3
3364  10   4
3365  10   5
3366  10   6
3367  10   7
3368  10   8
3369  10   9
3370  10  10
3371  10  11
3372  10  12
3373  10  13
3374  10  14
3375  10  15
3376  10  16
3377  10  17
3378  10  18
3379  10  19
3380  10  20
3381  10  21
3382  10  22
3383  10  23
3384  10  24
3385   8   1
3386   8   2
3387   8   3
3388   8   4
3389   8   5
3390   8   6
3391   8   7
3392   8   8
3393   8   9
3394   8  10
3395   8  11
3396   8  12
3397   8  13
3398   8  14
3399   8  15
3400   8  16
3401   8  17
3402   8  18
3403   8  19
3404   8  20
3405   8  21
3406   8  22
3407   8  23
3408   8  24
3409   8   1
3410   8   2
3411   8   3
3412   8   4
3413   8   5
3414   8   6
3415   8   7
3416   8   8
3417   8   9
3418   8  10
3419   8  11
3420   8  12
3421   8  13
3422   8  14
3423   8  15
3424   8  16
3425   8  17
3426   8  18
3427   8  19
3428   8  20
3429   8  21
3430   8  22
3431   8  23
3432   8  24
3433   8   1
3434   8   2
3435   8   3
3436   8   4
3437   8   5
3438   8   6
3439   8   7
3440   8   8
3441   8   9
3442   8  10
3443   8  11
3444   8  12
3445   8  13
3446   8  14
3447   8  15
3448   8  16
3449   8  17
3450   8  18
3451   8  19
3452   8  20
3453   8  21
3454   8  22
3455   8  23
3456   8  24
3457   8   1
3458   8   2
3459   8   3
3460   8   4
3461   8   5
3462   8   6
3463   8   7
3464   8   8
3465   8   9
3466   8  10
3467   8  11
3468   8  12
3469   8  13
3470   8  14
3471   8  15
3472   8  16
3473   8  17
3474   8  18
3475   8  19
3476   8  20
3477   8  21
3478   8  22
3479   8  23
3480   8  24
3481  12   1
3482  12   2
3483  12   3
3484  12   4
3485  12   5
3486  12   6
3487  12   7
3488  12   8
3489  12   9
3490  12  10
3491  12  11
3492  12  12
3493  12  13
3494  12  14
3495  12  15
3496  12  16
3497  12  17
3498  12  18
3499  12  19
3500  12  20
3501  12  21
3502  12  22
3503  12  23
3504  12  24
3505  12   1
3506  12   2
3507  12   3
3508  12   4
3509  12   5
3510  12   6
3511  12   7
3512  12   8
3513  12   9
3514  12  10
3515  12  11
3516  12  12
3517  12  13
3518  12  14
3519  12  15
3520  12  16
3521  12  17
3522  12  18
3523  12  19
3524  12  20
3525  12  21
3526  12  22
3527  12  23
3528  12  24
3529  12   1
3530  12   2
3531  12   3
3532  12   4
3533  12   5
3534  12   6
3535  12   7
3536  12   8
3537  12   9
3538  12  10
3539  12  11
3540  12  12
3541  12  13
3542  12  14
3543  12  15
3544  12  16
3545  12  17
3546  12  18
3547  12  19
3548  12  20
3549  12  21
3550  12  22
3551  12  23
3552  12  24
3553  11   1
3554  11   2
3555  11   3
3556  11   4
3557  11   5
3558  11   6
3559  11   7
3560  11   8
3561  11   9
3562  11  10
3563  11  11
3564  11  12
3565  11  13
3566  11  14
3567  11  15
3568  11  16
3569  11  17
3570  11  18
3571  11  19
3572  11  20
3573  11  21
3574  11  22
3575  11  23
3576  11  24
3577  10   1
3578  10   2
3579  10   3
3580  10   4
3581  10   5
3582  10   6
3583  10   7
3584  10   8
3585  10   9
3586  10  10
3587  10  11
3588  10  12
3589  10  13
3590  10  14
3591  10  15
3592  10  16
3593  10  17
3594  10  18
3595  10  19
3596  10  20
3597  10  21
3598  10  22
3599  10  23
3600  10  24
3601   9   1
3602   9   2
3603   9   3
3604   9   4
3605   9   5
3606   9   6
3607   9   7
3608   9   8
3609   9   9
3610   9  10
3611   9  11
3612   9  12
3613   9  13
3614   9  14
3615   9  15
3616   9  16
3617   9  17
3618   9  18
3619   9  19
3620   9  20
3621   9  21
3622   9  22
3623   9  23
3624   9  24
3625   8   1
3626   8   2
3627   8   3
3628   8   4
3629   8   5
3630   8   6
3631   8   7
3632   8   8
3633   8   9
3634   8  10
3635   8  11
3636   8  12
3637   8  13
3638   8  14
3639   8  15
3640   8  16
3641   8  17
3642   8  18
3643   8  19
3644   8  20
3645   8  21
3646   8  22
3647   8  23
3648   8  24
3649  10   1
3650  10   2
3651  10   3
3652  10   4
3653  10   5
3654  10   6
3655  10   7
3656  10   8
3657  10   9
3658  10  10
3659  10  11
3660  10  12
3661  10  13
3662  10  14
3663  10  15
3664  10  16
3665  10  17
3666  10  18
3667  10  19
3668  10  20
3669  10  21
3670  10  22
3671  10  23
3672  10  24
3673  11   1
3674  11   2
3675  11   3
3676  11   4
3677  11   5
3678  11   6
3679  11   7
3680  11   8
3681  11   9
3682  11  10
3683  11  11
3684  11  12
3685  11  13
3686  11  14
3687  11  15
3688  11  16
3689  11  17
3690  11  18
3691  11  19
3692  11  20
3693  11  21
3694  11  22
3695  11  23
3696  11  24
3697   9   1
3698   9   2
3699   9   3
3700   9   4
3701   9   5
3702   9   6
3703   9   7
3704   9   8
3705   9   9
3706   9  10
3707   9  11
3708   9  12
3709   9  13
3710   9  14
3711   9  15
3712   9  16
3713   9  17
3714   9  18
3715   9  19
3716   9  20
3717   9  21
3718   9  22
3719   9  23
3720   9  24
3721  10   1
3722  10   2
3723  10   3
3724  10   4
3725  10   5
3726  10   6
3727  10   7
3728  10   8
3729  10   9
3730  10  10
3731  10  11
3732  10  12
3733  10  13
3734  10  14
3735  10  15
3736  10  16
3737  10  17
3738  10  18
3739  10  19
3740  10  20
3741  10  21
3742  10  22
3743  10  23
3744  10  24
3745  11   1
3746  11   2
3747  11   3
3748  11   4
3749  11   5
3750  11   6
3751  11   7
3752  11   8
3753  11   9
3754  11  10
3755  11  11
3756  11  12
3757  11  13
3758  11  14
3759  11  15
3760  11  16
3761  11  17
3762  11  18
3763  11  19
3764  11  20
3765  11  21
3766  11  22
3767  11  23
3768  11  24
3769  10   1
3770  10   2
3771  10   3
3772  10   4
3773  10   5
3774  10   6
3775  10   7
3776  10   8
3777  10   9
3778  10  10
3779  10  11
3780  10  12
3781  10  13
3782  10  14
3783  10  15
3784  10  16
3785  10  17
3786  10  18
3787  10  19
3788  10  20
3789  10  21
3790  10  22
3791  10  23
3792  10  24
3793   8   1
3794   8   2
3795   8   3
3796   8   4
3797   8   5
3798   8   6
3799   8   7
3800   8   8
3801   8   9
3802   8  10
3803   8  11
3804   8  12
3805   8  13
3806   8  14
3807   8  15
3808   8  16
3809   8  17
3810   8  18
3811   8  19
3812   8  20
3813   8  21
3814   8  22
3815   8  23
3816   8  24
3817   8   1
3818   8   2
3819   8   3
3820   8   4
3821   8   5
3822   8   6
3823   8   7
3824   8   8
3825   8   9
3826   8  10
3827   8  11
3828   8  12
3829   8  13
3830   8  14
3831   8  15
3832   8  16
3833   8  17
3834   8  18
3835   8  19
3836   8  20
3837   8  21
3838   8  22
3839   8  23
3840   8  24
3841  11   1
3842  11   2
3843  11   3
3844  11   4
3845  11   5
3846  11   6
3847  11   7
3848  11   8
3849  11   9
3850  11  10
3851  11  11
3852  11  12
3853  11  13
3854  11  14
3855  11  15
3856  11  16
3857  11  17
3858  11  18
3859  11  19
3860  11  20
3861  11  21
3862  11  22
3863  11  23
3864  11  24
3865  12   1
3866  12   2
3867  12   3
3868  12   4
3869  12   5
3870  12   6
3871  12   7
3872  12   8
3873  12   9
3874  12  10
3875  12  11
3876  12  12
3877  12  13
3878  12  14
3879  12  15
3880  12  16
3881  12  17
3882  12  18
3883  12  19
3884  12  20
3885  12  21
3886  12  22
3887  12  23
3888  12  24
3889  12   1
3890  12   2
3891  12   3
3892  12   4
3893  12   5
3894  12   6
3895  12   7
3896  12   8
3897  12   9
3898  12  10
3899  12  11
3900  12  12
3901  12  13
3902  12  14
3903  12  15
3904  12  16
3905  12  17
3906  12  18
3907  12  19
3908  12  20
3909  12  21
3910  12  22
3911  12  23
3912  12  24
3913  11   1
3914  11   2
3915  11   3
3916  11   4
3917  11   5
3918  11   6
3919  11   7
3920  11   8
3921  11   9
3922  11  10
3923  11  11
3924  11  12
3925  11  13
3926  11  14
3927  11  15
3928  11  16
3929  11  17
3930  11  18
3931  11  19
3932  11  20
3933  11  21
3934  11  22
3935  11  23
3936  11  24
3937  10   1
3938  10   2
3939  10   3
3940  10   4
3941  10   5
3942  10   6
3943  10   7
3944  10   8
3945  10   9
3946  10  10
3947  10  11
3948  10  12
3949  10  13
3950  10  14
3951  10  15
3952  10  16
3953  10  17
3954  10  18
3955  10  19
3956  10  20
3957  10  21
3958  10  22
3959  10  23
3960  10  24
3961   8   1
3962   8   2
3963   8   3
3964   8   4
3965   8   5
3966   8   6
3967   8   7
3968   8   8
3969   8   9
3970   8  10
3971   8  11
3972   8  12
3973   8  13
3974   8  14
3975   8  15
3976   8  16
3977   8  17
3978   8  18
3979   8  19
3980   8  20
3981   8  21
3982   8  22
3983   8  23
3984   8  24
3985  11   1
3986  11   2
3987  11   3
3988  11   4
3989  11   5
3990  11   6
3991  11   7
3992  11   8
3993  11   9
3994  11  10
3995  11  11
3996  11  12
3997  11  13
3998  11  14
3999  11  15
4000  11  16
4001  11  17
4002  11  18
4003  11  19
4004  11  20
4005  11  21
4006  11  22
4007  11  23
4008  11  24
4009  10   1
4010  10   2
4011  10   3
4012  10   4
4013  10   5
4014  10   6
4015  10   7
4016  10   8
4017  10   9
4018  10  10
4019  10  11
4020  10  12
4021  10  13
4022  10  14
4023  10  15
4024  10  16
4025  10  17
4026  10  18
4027  10  19
4028  10  20
4029  10  21
4030  10  22
4031  10  23
4032  10  24
4033  12   1
4034  12   2
4035  12   3
4036  12   4
4037  12   5
4038  12   6
4039  12   7
4040  12   8
4041  12   9
4042  12  10
4043  12  11
4044  12  12
4045  12  13
4046  12  14
4047  12  15
4048  12  16
4049  12  17
4050  12  18
4051  12  19
4052  12  20
4053  12  21
4054  12  22
4055  12  23
4056  12  24
4057  12   1
4058  12   2
4059  12   3
4060  12   4
4061  12   5
4062  12   6
4063  12   7
4064  12   8
4065  12   9
4066  12  10
4067  12  11
4068  12  12
4069  12  13
4070  12  14
4071  12  15
4072  12  16
4073  12  17
4074  12  18
4075  12  19
4076  12  20
4077  12  21
4078  12  22
4079  12  23
4080  12  24
4081  12   1
4082  12   2
4083  12   3
4084  12   4
4085  12   5
4086  12   6
4087  12   7
4088  12   8
4089  12   9
4090  12  10
4091  12  11
4092  12  12
4093  12  13
4094  12  14
4095  12  15
4096  12  16
4097  12  17
4098  12  18
4099  12  19
4100  12  20
4101  12  21
4102  12  22
4103  12  23
4104  12  24
4105  12   1
4106  12   2
4107  12   3
4108  12   4
4109  12   5
4110  12   6
4111  12   7
4112  12   8
4113  12   9
4114  12  10
4115  12  11
4116  12  12
4117  12  13
4118  12  14
4119  12  15
4120  12  16
4121  12  17
4122  12  18
4123  12  19
4124  12  20
4125  12  21
4126  12  22
4127  12  23
4128  12  24
4129  10   1
4130  10   2
4131  10   3
4132  10   4
4133  10   5
4134  10   6
4135  10   7
4136  10   8
4137  10   9
4138  10  10
4139  10  11
4140  10  12
4141  10  13
4142  10  14
4143  10  15
4144  10  16
4145  10  17
4146  10  18
4147  10  19
4148  10  20
4149  10  21
4150  10  22
4151  10  23
4152  10  24
4153  10   1
4154  10   2
4155  10   3
4156  10   4
4157  10   5
4158  10   6
4159  10   7
4160  10   8
4161  10   9
4162  10  10
4163  10  11
4164  10  12
4165  10  13
4166  10  14
4167  10  15
4168  10  16
4169  10  17
4170  10  18
4171  10  19
4172  10  20
4173  10  21
4174  10  22
4175  10  23
4176  10  24
4177  11   1
4178  11   2
4179  11   3
4180  11   4
4181  11   5
4182  11   6
4183  11   7
4184  11   8
4185  11   9
4186  11  10
4187  11  11
4188  11  12
4189  11  13
4190  11  14
4191  11  15
4192  11  16
4193  11  17
4194  11  18
4195  11  19
4196  11  20
4197  11  21
4198  11  22
4199  11  23
4200  11  24
4201  12   1
4202  12   2
4203  12   3
4204  12   4
4205  12   5
4206  12   6
4207  12   7
4208  12   8
4209  12   9
4210  12  10
4211  12  11
4212  12  12
4213  12  13
4214  12  14
4215  12  15
4216  12  16
4217  12  17
4218  12  18
4219  12  19
4220  12  20
4221  12  21
4222  12  22
4223  12  23
4224  12  24
4225  10   1
4226  10   2
4227  10   3
4228  10   4
4229  10   5
4230  10   6
4231  10   7
4232  10   8
4233  10   9
4234  10  10
4235  10  11
4236  10  12
4237  10  13
4238  10  14
4239  10  15
4240  10  16
4241  10  17
4242  10  18
4243  10  19
4244  10  20
4245  10  21
4246  10  22
4247  10  23
4248  10  24
4249  10   1
4250  10   2
4251  10   3
4252  10   4
4253  10   5
4254  10   6
4255  10   7
4256  10   8
4257  10   9
4258  10  10
4259  10  11
4260  10  12
4261  10  13
4262  10  14
4263  10  15
4264  10  16
4265  10  17
4266  10  18
4267  10  19
4268  10  20
4269  10  21
4270  10  22
4271  10  23
4272  10  24
4273  11   1
4274  11   2
4275  11   3
4276  11   4
4277  11   5
4278  11   6
4279  11   7
4280  11   8
4281  11   9
4282  11  10
4283  11  11
4284  11  12
4285  11  13
4286  11  14
4287  11  15
4288  11  16
4289  11  17
4290  11  18
4291  11  19
4292  11  20
4293  11  21
4294  11  22
4295  11  23
4296  11  24
4297  10   1
4298  10   2
4299  10   3
4300  10   4
4301  10   5
4302  10   6
4303  10   7
4304  10   8
4305  10   9
4306  10  10
4307  10  11
4308  10  12
4309  10  13
4310  10  14
4311  10  15
4312  10  16
4313  10  17
4314  10  18
4315  10  19
4316  10  20
4317  10  21
4318  10  22
4319  10  23
4320  10  24
4321  10   1
4322  10   2
4323  10   3
4324  10   4
4325  10   5
4326  10   6
4327  10   7
4328  10   8
4329  10   9
4330  10  10
4331  10  11
4332  10  12
4333  10  13
4334  10  14
4335  10  15
4336  10  16
4337  10  17
4338  10  18
4339  10  19
4340  10  20
4341  10  21
4342  10  22
4343  10  23
4344  10  24
4345  10   1
4346  10   2
4347  10   3
4348  10   4
4349  10   5
4350  10   6
4351  10   7
4352  10   8
4353  10   9
4354  10  10
4355  10  11
4356  10  12
4357  10  13
4358  10  14
4359  10  15
4360  10  16
4361  10  17
4362  10  18
4363  10  19
4364  10  20
4365  10  21
4366  10  22
4367  10  23
4368  10  24
4369  12   1
4370  12   2
4371  12   3
4372  12   4
4373  12   5
4374  12   6
4375  12   7
4376  12   8
4377  12   9
4378  12  10
4379  12  11
4380  12  12
4381  12  13
4382  12  14
4383  12  15
4384  12  16
4385  12  17
4386  12  18
4387  12  19
4388  12  20
4389  12  21
4390  12  22
4391  12  23
4392  12  24
4393  10   1
4394  10   2
4395  10   3
4396  10   4
4397  10   5
4398  10   6
4399  10   7
4400  10   8
4401  10   9
4402  10  10
4403  10  11
4404  10  12
4405  10  13
4406  10  14
4407  10  15
4408  10  16
4409  10  17
4410  10  18
4411  10  19
4412  10  20
4413  10  21
4414  10  22
4415  10  23
4416  10  24
4417  11   1
4418  11   2
4419  11   3
4420  11   4
4421  11   5
4422  11   6
4423  11   7
4424  11   8
4425  11   9
4426  11  10
4427  11  11
4428  11  12
4429  11  13
4430  11  14
4431  11  15
4432  11  16
4433  11  17
4434  11  18
4435  11  19
4436  11  20
4437  11  21
4438  11  22
4439  11  23
4440  11  24
4441  10   1
4442  10   2
4443  10   3
4444  10   4
4445  10   5
4446  10   6
4447  10   7
4448  10   8
4449  10   9
4450  10  10
4451  10  11
4452  10  12
4453  10  13
4454  10  14
4455  10  15
4456  10  16
4457  10  17
4458  10  18
4459  10  19
4460  10  20
4461  10  21
4462  10  22
4463  10  23
4464  10  24
4465  10   1
4466  10   2
4467  10   3
4468  10   4
4469  10   5
4470  10   6
4471  10   7
4472  10   8
4473  10   9
4474  10  10
4475  10  11
4476  10  12
4477  10  13
4478  10  14
4479  10  15
4480  10  16
4481  10  17
4482  10  18
4483  10  19
4484  10  20
4485  10  21
4486  10  22
4487  10  23
4488  10  24
4489  10   1
4490  10   2
4491  10   3
4492  10   4
4493  10   5
4494  10   6
4495  10   7
4496  10   8
4497  10   9
4498  10  10
4499  10  11
4500  10  12
4501  10  13
4502  10  14
4503  10  15
4504  10  16
4505  10  17
4506  10  18
4507  10  19
4508  10  20
4509  10  21
4510  10  22
4511  10  23
4512  10  24
4513  10   1
4514  10   2
4515  10   3
4516  10   4
4517  10   5
4518  10   6
4519  10   7
4520  10   8
4521  10   9
4522  10  10
4523  10  11
4524  10  12
4525  10  13
4526  10  14
4527  10  15
4528  10  16
4529  10  17
4530  10  18
4531  10  19
4532  10  20
4533  10  21
4534  10  22
4535  10  23
4536  10  24
4537  12   1
4538  12   2
4539  12   3
4540  12   4
4541  12   5
4542  12   6
4543  12   7
4544  12   8
4545  12   9
4546  12  10
4547  12  11
4548  12  12
4549  12  13
4550  12  14
4551  12  15
4552  12  16
4553  12  17
4554  12  18
4555  12  19
4556  12  20
4557  12  21
4558  12  22
4559  12  23
4560  12  24
4561  10   1
4562  10   2
4563  10   3
4564  10   4
4565  10   5
4566  10   6
4567  10   7
4568  10   8
4569  10   9
4570  10  10
4571  10  11
4572  10  12
4573  10  13
4574  10  14
4575  10  15
4576  10  16
4577  10  17
4578  10  18
4579  10  19
4580  10  20
4581  10  21
4582  10  22
4583  10  23
4584  10  24
4585  12   1
4586  12   2
4587  12   3
4588  12   4
4589  12   5
4590  12   6
4591  12   7
4592  12   8
4593  12   9
4594  12  10
4595  12  11
4596  12  12
4597  12  13
4598  12  14
4599  12  15
4600  12  16
4601  12  17
4602  12  18
4603  12  19
4604  12  20
4605  12  21
4606  12  22
4607  12  23
4608  12  24
4609  11   1
4610  11   2
4611  11   3
4612  11   4
4613  11   5
4614  11   6
4615  11   7
4616  11   8
4617  11   9
4618  11  10
4619  11  11
4620  11  12
4621  11  13
4622  11  14
4623  11  15
4624  11  16
4625  11  17
4626  11  18
4627  11  19
4628  11  20
4629  11  21
4630  11  22
4631  11  23
4632  11  24
4633  11   1
4634  11   2
4635  11   3
4636  11   4
4637  11   5
4638  11   6
4639  11   7
4640  11   8
4641  11   9
4642  11  10
4643  11  11
4644  11  12
4645  11  13
4646  11  14
4647  11  15
4648  11  16
4649  11  17
4650  11  18
4651  11  19
4652  11  20
4653  11  21
4654  11  22
4655  11  23
4656  11  24
4657  11   1
4658  11   2
4659  11   3
4660  11   4
4661  11   5
4662  11   6
4663  11   7
4664  11   8
4665  11   9
4666  11  10
4667  11  11
4668  11  12
4669  11  13
4670  11  14
4671  11  15
4672  11  16
4673  11  17
4674  11  18
4675  11  19
4676  11  20
4677  11  21
4678  11  22
4679  11  23
4680  11  24
4681  11   1
4682  11   2
4683  11   3
4684  11   4
4685  11   5
4686  11   6
4687  11   7
4688  11   8
4689  11   9
4690  11  10
4691  11  11
4692  11  12
4693  11  13
4694  11  14
4695  11  15
4696  11  16
4697  11  17
4698  11  18
4699  11  19
4700  11  20
4701  11  21
4702  11  22
4703  11  23
4704  11  24
4705  12   1
4706  12   2
4707  12   3
4708  12   4
4709  12   5
4710  12   6
4711  12   7
4712  12   8
4713  12   9
4714  12  10
4715  12  11
4716  12  12
4717  12  13
4718  12  14
4719  12  15
4720  12  16
4721  12  17
4722  12  18
4723  12  19
4724  12  20
4725  12  21
4726  12  22
4727  12  23
4728  12  24
4729   9   1
4730   9   2
4731   9   3
4732   9   4
4733   9   5
4734   9   6
4735   9   7
4736   9   8
4737   9   9
4738   9  10
4739   9  11
4740   9  12
4741   9  13
4742   9  14
4743   9  15
4744   9  16
4745   9  17
4746   9  18
4747   9  19
4748   9  20
4749   9  21
4750   9  22
4751   9  23
4752   9  24
4753  12   1
4754  12   2
4755  12   3
4756  12   4
4757  12   5
4758  12   6
4759  12   7
4760  12   8
4761  12   9
4762  12  10
4763  12  11
4764  12  12
4765  12  13
4766  12  14
4767  12  15
4768  12  16
4769  12  17
4770  12  18
4771  12  19
4772  12  20
4773  12  21
4774  12  22
4775  12  23
4776  12  24
4777  11   1
4778  11   2
4779  11   3
4780  11   4
4781  11   5
4782  11   6
4783  11   7
4784  11   8
4785  11   9
4786  11  10
4787  11  11
4788  11  12
4789  11  13
4790  11  14
4791  11  15
4792  11  16
4793  11  17
4794  11  18
4795  11  19
4796  11  20
4797  11  21
4798  11  22
4799  11  23
4800  11  24
4801   9   1
4802   9   2
4803   9   3
4804   9   4
4805   9   5
4806   9   6
4807   9   7
4808   9   8
4809   9   9
4810   9  10
4811   9  11
4812   9  12
4813   9  13
4814   9  14
4815   9  15
4816   9  16
4817   9  17
4818   9  18
4819   9  19
4820   9  20
4821   9  21
4822   9  22
4823   9  23
4824   9  24
4825  12   1
4826  12   2
4827  12   3
4828  12   4
4829  12   5
4830  12   6
4831  12   7
4832  12   8
4833  12   9
4834  12  10
4835  12  11
4836  12  12
4837  12  13
4838  12  14
4839  12  15
4840  12  16
4841  12  17
4842  12  18
4843  12  19
4844  12  20
4845  12  21
4846  12  22
4847  12  23
4848  12  24
4849  12   1
4850  12   2
4851  12   3
4852  12   4
4853  12   5
4854  12   6
4855  12   7
4856  12   8
4857  12   9
4858  12  10
4859  12  11
4860  12  12
4861  12  13
4862  12  14
4863  12  15
4864  12  16
4865  12  17
4866  12  18
4867  12  19
4868  12  20
4869  12  21
4870  12  22
4871  12  23
4872  12  24
4873   9   1
4874   9   2
4875   9   3
4876   9   4
4877   9   5
4878   9   6
4879   9   7
4880   9   8
4881   9   9
4882   9  10
4883   9  11
4884   9  12
4885   9  13
4886   9  14
4887   9  15
4888   9  16
4889   9  17
4890   9  18
4891   9  19
4892   9  20
4893   9  21
4894   9  22
4895   9  23
4896   9  24
4897  11   1
4898  11   2
4899  11   3
4900  11   4
4901  11   5
4902  11   6
4903  11   7
4904  11   8
4905  11   9
4906  11  10
4907  11  11
4908  11  12
4909  11  13
4910  11  14
4911  11  15
4912  11  16
4913  11  17
4914  11  18
4915  11  19
4916  11  20
4917  11  21
4918  11  22
4919  11  23
4920  11  24
4921   9   1
4922   9   2
4923   9   3
4924   9   4
4925   9   5
4926   9   6
4927   9   7
4928   9   8
4929   9   9
4930   9  10
4931   9  11
4932   9  12
4933   9  13
4934   9  14
4935   9  15
4936   9  16
4937   9  17
4938   9  18
4939   9  19
4940   9  20
4941   9  21
4942   9  22
4943   9  23
4944   9  24
4945  10   1
4946  10   2
4947  10   3
4948  10   4
4949  10   5
4950  10   6
4951  10   7
4952  10   8
4953  10   9
4954  10  10
4955  10  11
4956  10  12
4957  10  13
4958  10  14
4959  10  15
4960  10  16
4961  10  17
4962  10  18
4963  10  19
4964  10  20
4965  10  21
4966  10  22
4967  10  23
4968  10  24
4969  10   1
4970  10   2
4971  10   3
4972  10   4
4973  10   5
4974  10   6
4975  10   7
4976  10   8
4977  10   9
4978  10  10
4979  10  11
4980  10  12
4981  10  13
4982  10  14
4983  10  15
4984  10  16
4985  10  17
4986  10  18
4987  10  19
4988  10  20
4989  10  21
4990  10  22
4991  10  23
4992  10  24
4993  11   1
4994  11   2
4995  11   3
4996  11   4
4997  11   5
4998  11   6
4999  11   7
5000  11   8
5001  11   9
5002  11  10
5003  11  11
5004  11  12
5005  11  13
5006  11  14
5007  11  15
5008  11  16
5009  11  17
5010  11  18
5011  11  19
5012  11  20
5013  11  21
5014  11  22
5015  11  23
5016  11  24
5017  12   1
5018  12   2
5019  12   3
5020  12   4
5021  12   5
5022  12   6
5023  12   7
5024  12   8
5025  12   9
5026  12  10
5027  12  11
5028  12  12
5029  12  13
5030  12  14
5031  12  15
5032  12  16
5033  12  17
5034  12  18
5035  12  19
5036  12  20
5037  12  21
5038  12  22
5039  12  23
5040  12  24
5041   9   1
5042   9   2
5043   9   3
5044   9   4
5045   9   5
5046   9   6
5047   9   7
5048   9   8
5049   9   9
5050   9  10
5051   9  11
5052   9  12
5053   9  13
5054   9  14
5055   9  15
5056   9  16
5057   9  17
5058   9  18
5059   9  19
5060   9  20
5061   9  21
5062   9  22
5063   9  23
5064   9  24
5065   9   1
5066   9   2
5067   9   3
5068   9   4
5069   9   5
5070   9   6
5071   9   7
5072   9   8
5073   9   9
5074   9  10
5075   9  11
5076   9  12
5077   9  13
5078   9  14
5079   9  15
5080   9  16
5081   9  17
5082   9  18
5083   9  19
5084   9  20
5085   9  21
5086   9  22
5087   9  23
5088   9  24
5089   9   1
5090   9   2
5091   9   3
5092   9   4
5093   9   5
5094   9   6
5095   9   7
5096   9   8
5097   9   9
5098   9  10
5099   9  11
5100   9  12
5101   9  13
5102   9  14
5103   9  15
5104   9  16
5105   9  17
5106   9  18
5107   9  19
5108   9  20
5109   9  21
5110   9  22
5111   9  23
5112   9  24
5113   9   1
5114   9   2
5115   9   3
5116   9   4
5117   9   5
5118   9   6
5119   9   7
5120   9   8
5121   9   9
5122   9  10
5123   9  11
5124   9  12
5125   9  13
5126   9  14
5127   9  15
5128   9  16
5129   9  17
5130   9  18
5131   9  19
5132   9  20
5133   9  21
5134   9  22
5135   9  23
5136   9  24
5137   9   1
5138   9   2
5139   9   3
5140   9   4
5141   9   5
5142   9   6
5143   9   7
5144   9   8
5145   9   9
5146   9  10
5147   9  11
5148   9  12
5149   9  13
5150   9  14
5151   9  15
5152   9  16
5153   9  17
5154   9  18
5155   9  19
5156   9  20
5157   9  21
5158   9  22
5159   9  23
5160   9  24
5161   8   1
5162   8   2
5163   8   3
5164   8   4
5165   8   5
5166   8   6
5167   8   7
5168   8   8
5169   8   9
5170   8  10
5171   8  11
5172   8  12
5173   8  13
5174   8  14
5175   8  15
5176   8  16
5177   8  17
5178   8  18
5179   8  19
5180   8  20
5181   8  21
5182   8  22
5183   8  23
5184   8  24
5185  11   1
5186  11   2
5187  11   3
5188  11   4
5189  11   5
5190  11   6
5191  11   7
5192  11   8
5193  11   9
5194  11  10
5195  11  11
5196  11  12
5197  11  13
5198  11  14
5199  11  15
5200  11  16
5201  11  17
5202  11  18
5203  11  19
5204  11  20
5205  11  21
5206  11  22
5207  11  23
5208  11  24
5209  11   1
5210  11   2
5211  11   3
5212  11   4
5213  11   5
5214  11   6
5215  11   7
5216  11   8
5217  11   9
5218  11  10
5219  11  11
5220  11  12
5221  11  13
5222  11  14
5223  11  15
5224  11  16
5225  11  17
5226  11  18
5227  11  19
5228  11  20
5229  11  21
5230  11  22
5231  11  23
5232  11  24
5233   8   1
5234   8   2
5235   8   3
5236   8   4
5237   8   5
5238   8   6
5239   8   7
5240   8   8
5241   8   9
5242   8  10
5243   8  11
5244   8  12
5245   8  13
5246   8  14
5247   8  15
5248   8  16
5249   8  17
5250   8  18
5251   8  19
5252   8  20
5253   8  21
5254   8  22
5255   8  23
5256   8  24
5257   9   1
5258   9   2
5259   9   3
5260   9   4
5261   9   5
5262   9   6
5263   9   7
5264   9   8
5265   9   9
5266   9  10
5267   9  11
5268   9  12
5269   9  13
5270   9  14
5271   9  15
5272   9  16
5273   9  17
5274   9  18
5275   9  19
5276   9  20
5277   9  21
5278   9  22
5279   9  23
5280   9  24
5281   9   1
5282   9   2
5283   9   3
5284   9   4
5285   9   5
5286   9   6
5287   9   7
5288   9   8
5289   9   9
5290   9  10
5291   9  11
5292   9  12
5293   9  13
5294   9  14
5295   9  15
5296   9  16
5297   9  17
5298   9  18
5299   9  19
5300   9  20
5301   9  21
5302   9  22
5303   9  23
5304   9  24
5305   9   1
5306   9   2
5307   9   3
5308   9   4
5309   9   5
5310   9   6
5311   9   7
5312   9   8
5313   9   9
5314   9  10
5315   9  11
5316   9  12
5317   9  13
5318   9  14
5319   9  15
5320   9  16
5321   9  17
5322   9  18
5323   9  19
5324   9  20
5325   9  21
5326   9  22
5327   9  23
5328   9  24
5329  12   1
5330  12   2
5331  12   3
5332  12   4
5333  12   5
5334  12   6
5335  12   7
5336  12   8
5337  12   9
5338  12  10
5339  12  11
5340  12  12
5341  12  13
5342  12  14
5343  12  15
5344  12  16
5345  12  17
5346  12  18
5347  12  19
5348  12  20
5349  12  21
5350  12  22
5351  12  23
5352  12  24
5353   9   1
5354   9   2
5355   9   3
5356   9   4
5357   9   5
5358   9   6
5359   9   7
5360   9   8
5361   9   9
5362   9  10
5363   9  11
5364   9  12
5365   9  13
5366   9  14
5367   9  15
5368   9  16
5369   9  17
5370   9  18
5371   9  19
5372   9  20
5373   9  21
5374   9  22
5375   9  23
5376   9  24
5377   9   1
5378   9   2
5379   9   3
5380   9   4
5381   9   5
5382   9   6
5383   9   7
5384   9   8
5385   9   9
5386   9  10
5387   9  11
5388   9  12
5389   9  13
5390   9  14
5391   9  15
5392   9  16
5393   9  17
5394   9  18
5395   9  19
5396   9  20
5397   9  21
5398   9  22
5399   9  23
5400   9  24
5401  12   1
5402  12   2
5403  12   3
5404  12   4
5405  12   5
5406  12   6
5407  12   7
5408  12   8
5409  12   9
5410  12  10
5411  12  11
5412  12  12
5413  12  13
5414  12  14
5415  12  15
5416  12  16
5417  12  17
5418  12  18
5419  12  19
5420  12  20
5421  12  21
5422  12  22
5423  12  23
5424  12  24
5425   9   1
5426   9   2
5427   9   3
5428   9   4
5429   9   5
5430   9   6
5431   9   7
5432   9   8
5433   9   9
5434   9  10
5435   9  11
5436   9  12
5437   9  13
5438   9  14
5439   9  15
5440   9  16
5441   9  17
5442   9  18
5443   9  19
5444   9  20
5445   9  21
5446   9  22
5447   9  23
5448   9  24
5449  11   1
5450  11   2
5451  11   3
5452  11   4
5453  11   5
5454  11   6
5455  11   7
5456  11   8
5457  11   9
5458  11  10
5459  11  11
5460  11  12
5461  11  13
5462  11  14
5463  11  15
5464  11  16
5465  11  17
5466  11  18
5467  11  19
5468  11  20
5469  11  21
5470  11  22
5471  11  23
5472  11  24
5473  12   1
5474  12   2
5475  12   3
5476  12   4
5477  12   5
5478  12   6
5479  12   7
5480  12   8
5481  12   9
5482  12  10
5483  12  11
5484  12  12
5485  12  13
5486  12  14
5487  12  15
5488  12  16
5489  12  17
5490  12  18
5491  12  19
5492  12  20
5493  12  21
5494  12  22
5495  12  23
5496  12  24
5497  12   1
5498  12   2
5499  12   3
5500  12   4
5501  12   5
5502  12   6
5503  12   7
5504  12   8
5505  12   9
5506  12  10
5507  12  11
5508  12  12
5509  12  13
5510  12  14
5511  12  15
5512  12  16
5513  12  17
5514  12  18
5515  12  19
5516  12  20
5517  12  21
5518  12  22
5519  12  23
5520  12  24
5521  12   1
5522  12   2
5523  12   3
5524  12   4
5525  12   5
5526  12   6
5527  12   7
5528  12   8
5529  12   9
5530  12  10
5531  12  11
5532  12  12
5533  12  13
5534  12  14
5535  12  15
5536  12  16
5537  12  17
5538  12  18
5539  12  19
5540  12  20
5541  12  21
5542  12  22
5543  12  23
5544  12  24
5545  12   1
5546  12   2
5547  12   3
5548  12   4
5549  12   5
5550  12   6
5551  12   7
5552  12   8
5553  12   9
5554  12  10
5555  12  11
5556  12  12
5557  12  13
5558  12  14
5559  12  15
5560  12  16
5561  12  17
5562  12  18
5563  12  19
5564  12  20
5565  12  21
5566  12  22
5567  12  23
5568  12  24
5569  10   1
5570  10   2
5571  10   3
5572  10   4
5573  10   5
5574  10   6
5575  10   7
5576  10   8
5577  10   9
5578  10  10
5579  10  11
5580  10  12
5581  10  13
5582  10  14
5583  10  15
5584  10  16
5585  10  17
5586  10  18
5587  10  19
5588  10  20
5589  10  21
5590  10  22
5591  10  23
5592  10  24
5593  10   1
5594  10   2
5595  10   3
5596  10   4
5597  10   5
5598  10   6
5599  10   7
5600  10   8
5601  10   9
5602  10  10
5603  10  11
5604  10  12
5605  10  13
5606  10  14
5607  10  15
5608  10  16
5609  10  17
5610  10  18
5611  10  19
5612  10  20
5613  10  21
5614  10  22
5615  10  23
5616  10  24
5617   8   1
5618   8   2
5619   8   3
5620   8   4
5621   8   5
5622   8   6
5623   8   7
5624   8   8
5625   8   9
5626   8  10
5627   8  11
5628   8  12
5629   8  13
5630   8  14
5631   8  15
5632   8  16
5633   8  17
5634   8  18
5635   8  19
5636   8  20
5637   8  21
5638   8  22
5639   8  23
5640   8  24
5641  10   1
5642  10   2
5643  10   3
5644  10   4
5645  10   5
5646  10   6
5647  10   7
5648  10   8
5649  10   9
5650  10  10
5651  10  11
5652  10  12
5653  10  13
5654  10  14
5655  10  15
5656  10  16
5657  10  17
5658  10  18
5659  10  19
5660  10  20
5661  10  21
5662  10  22
5663  10  23
5664  10  24
5665  10   1
5666  10   2
5667  10   3
5668  10   4
5669  10   5
5670  10   6
5671  10   7
5672  10   8
5673  10   9
5674  10  10
5675  10  11
5676  10  12
5677  10  13
5678  10  14
5679  10  15
5680  10  16
5681  10  17
5682  10  18
5683  10  19
5684  10  20
5685  10  21
5686  10  22
5687  10  23
5688  10  24
5689  11   1
5690  11   2
5691  11   3
5692  11   4
5693  11   5
5694  11   6
5695  11   7
5696  11   8
5697  11   9
5698  11  10
5699  11  11
5700  11  12
5701  11  13
5702  11  14
5703  11  15
5704  11  16
5705  11  17
5706  11  18
5707  11  19
5708  11  20
5709  11  21
5710  11  22
5711  11  23
5712  11  24
5713  10   1
5714  10   2
5715  10   3
5716  10   4
5717  10   5
5718  10   6
5719  10   7
5720  10   8
5721  10   9
5722  10  10
5723  10  11
5724  10  12
5725  10  13
5726  10  14
5727  10  15
5728  10  16
5729  10  17
5730  10  18
5731  10  19
5732  10  20
5733  10  21
5734  10  22
5735  10  23
5736  10  24
5737   9   1
5738   9   2
5739   9   3
5740   9   4
5741   9   5
5742   9   6
5743   9   7
5744   9   8
5745   9   9
5746   9  10
5747   9  11
5748   9  12
5749   9  13
5750   9  14
5751   9  15
5752   9  16
5753   9  17
5754   9  18
5755   9  19
5756   9  20
5757   9  21
5758   9  22
5759   9  23
5760   9  24
5761   8   1
5762   8   2
5763   8   3
5764   8   4
5765   8   5
5766   8   6
5767   8   7
5768   8   8
5769   8   9
5770   8  10
5771   8  11
5772   8  12
5773   8  13
5774   8  14
5775   8  15
5776   8  16
5777   8  17
5778   8  18
5779   8  19
5780   8  20
5781   8  21
5782   8  22
5783   8  23
5784   8  24
5785  10   1
5786  10   2
5787  10   3
5788  10   4
5789  10   5
5790  10   6
5791  10   7
5792  10   8
5793  10   9
5794  10  10
5795  10  11
5796  10  12
5797  10  13
5798  10  14
5799  10  15
5800  10  16
5801  10  17
5802  10  18
5803  10  19
5804  10  20
5805  10  21
5806  10  22
5807  10  23
5808  10  24
5809  11   1
5810  11   2
5811  11   3
5812  11   4
5813  11   5
5814  11   6
5815  11   7
5816  11   8
5817  11   9
5818  11  10
5819  11  11
5820  11  12
5821  11  13
5822  11  14
5823  11  15
5824  11  16
5825  11  17
5826  11  18
5827  11  19
5828  11  20
5829  11  21
5830  11  22
5831  11  23
5832  11  24
5833  10   1
5834  10   2
5835  10   3
5836  10   4
5837  10   5
5838  10   6
5839  10   7
5840  10   8
5841  10   9
5842  10  10
5843  10  11
5844  10  12
5845  10  13
5846  10  14
5847  10  15
5848  10  16
5849  10  17
5850  10  18
5851  10  19
5852  10  20
5853  10  21
5854  10  22
5855  10  23
5856  10  24
5857  11   1
5858  11   2
5859  11   3
5860  11   4
5861  11   5
5862  11   6
5863  11   7
5864  11   8
5865  11   9
5866  11  10
5867  11  11
5868  11  12
5869  11  13
5870  11  14
5871  11  15
5872  11  16
5873  11  17
5874  11  18
5875  11  19
5876  11  20
5877  11  21
5878  11  22
5879  11  23
5880  11  24
5881  10   1
5882  10   2
5883  10   3
5884  10   4
5885  10   5
5886  10   6
5887  10   7
5888  10   8
5889  10   9
5890  10  10
5891  10  11
5892  10  12
5893  10  13
5894  10  14
5895  10  15
5896  10  16
5897  10  17
5898  10  18
5899  10  19
5900  10  20
5901  10  21
5902  10  22
5903  10  23
5904  10  24
5905  10   1
5906  10   2
5907  10   3
5908  10   4
5909  10   5
5910  10   6
5911  10   7
5912  10   8
5913  10   9
5914  10  10
5915  10  11
5916  10  12
5917  10  13
5918  10  14
5919  10  15
5920  10  16
5921  10  17
5922  10  18
5923  10  19
5924  10  20
5925  10  21
5926  10  22
5927  10  23
5928  10  24
5929  11   1
5930  11   2
5931  11   3
5932  11   4
5933  11   5
5934  11   6
5935  11   7
5936  11   8
5937  11   9
5938  11  10
5939  11  11
5940  11  12
5941  11  13
5942  11  14
5943  11  15
5944  11  16
5945  11  17
5946  11  18
5947  11  19
5948  11  20
5949  11  21
5950  11  22
5951  11  23
5952  11  24
5953  10   1
5954  10   2
5955  10   3
5956  10   4
5957  10   5
5958  10   6
5959  10   7
5960  10   8
5961  10   9
5962  10  10
5963  10  11
5964  10  12
5965  10  13
5966  10  14
5967  10  15
5968  10  16
5969  10  17
5970  10  18
5971  10  19
5972  10  20
5973  10  21
5974  10  22
5975  10  23
5976  10  24
5977  10   1
5978  10   2
5979  10   3
5980  10   4
5981  10   5
5982  10   6
5983  10   7
5984  10   8
5985  10   9
5986  10  10
5987  10  11
5988  10  12
5989  10  13
5990  10  14
5991  10  15
5992  10  16
5993  10  17
5994  10  18
5995  10  19
5996  10  20
5997  10  21
5998  10  22
5999  10  23
6000  10  24
6001   8   1
6002   8   2
6003   8   3
6004   8   4
6005   8   5
6006   8   6
6007   8   7
6008   8   8
6009   8   9
6010   8  10
6011   8  11
6012   8  12
6013   8  13
6014   8  14
6015   8  15
6016   8  16
6017   8  17
6018   8  18
6019   8  19
6020   8  20
6021   8  21
6022   8  22
6023   8  23
6024   8  24
6025   8   1
6026   8   2
6027   8   3
6028   8   4
6029   8   5
6030   8   6
6031   8   7
6032   8   8
6033   8   9
6034   8  10
6035   8  11
6036   8  12
6037   8  13
6038   8  14
6039   8  15
6040   8  16
6041   8  17
6042   8  18
6043   8  19
6044   8  20
6045   8  21
6046   8  22
6047   8  23
6048   8  24
6049   6   1
6050   6   2
6051   6   3
6052   6   4
6053   6   5
6054   6   6
6055   6   7
6056   6   8
6057   6   9
6058   6  10
6059   6  11
6060   6  12
6061   6  13
6062   6  14
6063   6  15
6064   6  16
6065   6  17
6066   6  18
6067   6  19
6068   6  20
6069   6  21
6070   6  22
6071   6  23
6072   6  24
6073   5   1
6074   5   2
6075   5   3
6076   5   4
6077   5   5
6078   5   6
6079   5   7
6080   5   8
6081   5   9
6082   5  10
6083   5  11
6084   5  12
6085   5  13
6086   5  14
6087   5  15
6088   5  16
6089   5  17
6090   5  18
6091   5  19
6092   5  20
6093   5  21
6094   5  22
6095   5  23
6096   5  24
6097   6   1
6098   6   2
6099   6   3
6100   6   4
6101   6   5
6102   6   6
6103   6   7
6104   6   8
6105   6   9
6106   6  10
6107   6  11
6108   6  12
6109   6  13
6110   6  14
6111   6  15
6112   6  16
6113   6  17
6114   6  18
6115   6  19
6116   6  20
6117   6  21
6118   6  22
6119   6  23
6120   6  24
6121   6   1
6122   6   2
6123   6   3
6124   6   4
6125   6   5
6126   6   6
6127   6   7
6128   6   8
6129   6   9
6130   6  10
6131   6  11
6132   6  12
6133   6  13
6134   6  14
6135   6  15
6136   6  16
6137   6  17
6138   6  18
6139   6  19
6140   6  20
6141   6  21
6142   6  22
6143   6  23
6144   6  24
6145  10   1
6146  10   2
6147  10   3
6148  10   4
6149  10   5
6150  10   6
6151  10   7
6152  10   8
6153  10   9
6154  10  10
6155  10  11
6156  10  12
6157  10  13
6158  10  14
6159  10  15
6160  10  16
6161  10  17
6162  10  18
6163  10  19
6164  10  20
6165  10  21
6166  10  22
6167  10  23
6168  10  24
6169   8   1
6170   8   2
6171   8   3
6172   8   4
6173   8   5
6174   8   6
6175   8   7
6176   8   8
6177   8   9
6178   8  10
6179   8  11
6180   8  12
6181   8  13
6182   8  14
6183   8  15
6184   8  16
6185   8  17
6186   8  18
6187   8  19
6188   8  20
6189   8  21
6190   8  22
6191   8  23
6192   8  24
6193   8   1
6194   8   2
6195   8   3
6196   8   4
6197   8   5
6198   8   6
6199   8   7
6200   8   8
6201   8   9
6202   8  10
6203   8  11
6204   8  12
6205   8  13
6206   8  14
6207   8  15
6208   8  16
6209   8  17
6210   8  18
6211   8  19
6212   8  20
6213   8  21
6214   8  22
6215   8  23
6216   8  24
6217   5   1
6218   5   2
6219   5   3
6220   5   4
6221   5   5
6222   5   6
6223   5   7
6224   5   8
6225   5   9
6226   5  10
6227   5  11
6228   5  12
6229   5  13
6230   5  14
6231   5  15
6232   5  16
6233   5  17
6234   5  18
6235   5  19
6236   5  20
6237   5  21
6238   5  22
6239   5  23
6240   5  24
6241   8   1
6242   8   2
6243   8   3
6244   8   4
6245   8   5
6246   8   6
6247   8   7
6248   8   8
6249   8   9
6250   8  10
6251   8  11
6252   8  12
6253   8  13
6254   8  14
6255   8  15
6256   8  16
6257   8  17
6258   8  18
6259   8  19
6260   8  20
6261   8  21
6262   8  22
6263   8  23
6264   8  24
6265   8   1
6266   8   2
6267   8   3
6268   8   4
6269   8   5
6270   8   6
6271   8   7
6272   8   8
6273   8   9
6274   8  10
6275   8  11
6276   8  12
6277   8  13
6278   8  14
6279   8  15
6280   8  16
6281   8  17
6282   8  18
6283   8  19
6284   8  20
6285   8  21
6286   8  22
6287   8  23
6288   8  24
6289   8   1
6290   8   2
6291   8   3
6292   8   4
6293   8   5
6294   8   6
6295   8   7
6296   8   8
6297   8   9
6298   8  10
6299   8  11
6300   8  12
6301   8  13
6302   8  14
6303   8  15
6304   8  16
6305   8  17
6306   8  18
6307   8  19
6308   8  20
6309   8  21
6310   8  22
6311   8  23
6312   8  24
6313   8   1
6314   8   2
6315   8   3
6316   8   4
6317   8   5
6318   8   6
6319   8   7
6320   8   8
6321   8   9
6322   8  10
6323   8  11
6324   8  12
6325   8  13
6326   8  14
6327   8  15
6328   8  16
6329   8  17
6330   8  18
6331   8  19
6332   8  20
6333   8  21
6334   8  22
6335   8  23
6336   8  24
6337   8   1
6338   8   2
6339   8   3
6340   8   4
6341   8   5
6342   8   6
6343   8   7
6344   8   8
6345   8   9
6346   8  10
6347   8  11
6348   8  12
6349   8  13
6350   8  14
6351   8  15
6352   8  16
6353   8  17
6354   8  18
6355   8  19
6356   8  20
6357   8  21
6358   8  22
6359   8  23
6360   8  24
6361   8   1
6362   8   2
6363   8   3
6364   8   4
6365   8   5
6366   8   6
6367   8   7
6368   8   8
6369   8   9
6370   8  10
6371   8  11
6372   8  12
6373   8  13
6374   8  14
6375   8  15
6376   8  16
6377   8  17
6378   8  18
6379   8  19
6380   8  20
6381   8  21
6382   8  22
6383   8  23
6384   8  24
6385  10   1
6386  10   2
6387  10   3
6388  10   4
6389  10   5
6390  10   6
6391  10   7
6392  10   8
6393  10   9
6394  10  10
6395  10  11
6396  10  12
6397  10  13
6398  10  14
6399  10  15
6400  10  16
6401  10  17
6402  10  18
6403  10  19
6404  10  20
6405  10  21
6406  10  22
6407  10  23
6408  10  24
6409   8   1
6410   8   2
6411   8   3
6412   8   4
6413   8   5
6414   8   6
6415   8   7
6416   8   8
6417   8   9
6418   8  10
6419   8  11
6420   8  12
6421   8  13
6422   8  14
6423   8  15
6424   8  16
6425   8  17
6426   8  18
6427   8  19
6428   8  20
6429   8  21
6430   8  22
6431   8  23
6432   8  24
6433   6   1
6434   6   2
6435   6   3
6436   6   4
6437   6   5
6438   6   6
6439   6   7
6440   6   8
6441   6   9
6442   6  10
6443   6  11
6444   6  12
6445   6  13
6446   6  14
6447   6  15
6448   6  16
6449   6  17
6450   6  18
6451   6  19
6452   6  20
6453   6  21
6454   6  22
6455   6  23
6456   6  24
6457   8   1
6458   8   2
6459   8   3
6460   8   4
6461   8   5
6462   8   6
6463   8   7
6464   8   8
6465   8   9
6466   8  10
6467   8  11
6468   8  12
6469   8  13
6470   8  14
6471   8  15
6472   8  16
6473   8  17
6474   8  18
6475   8  19
6476   8  20
6477   8  21
6478   8  22
6479   8  23
6480   8  24
6481   8   1
6482   8   2
6483   8   3
6484   8   4
6485   8   5
6486   8   6
6487   8   7
6488   8   8
6489   8   9
6490   8  10
6491   8  11
6492   8  12
6493   8  13
6494   8  14
6495   8  15
6496   8  16
6497   8  17
6498   8  18
6499   8  19
6500   8  20
6501   8  21
6502   8  22
6503   8  23
6504   8  24
6505   8   1
6506   8   2
6507   8   3
6508   8   4
6509   8   5
6510   8   6
6511   8   7
6512   8   8
6513   8   9
6514   8  10
6515   8  11
6516   8  12
6517   8  13
6518   8  14
6519   8  15
6520   8  16
6521   8  17
6522   8  18
6523   8  19
6524   8  20
6525   8  21
6526   8  22
6527   8  23
6528   8  24
6529   8   1
6530   8   2
6531   8   3
6532   8   4
6533   8   5
6534   8   6
6535   8   7
6536   8   8
6537   8   9
6538   8  10
6539   8  11
6540   8  12
6541   8  13
6542   8  14
6543   8  15
6544   8  16
6545   8  17
6546   8  18
6547   8  19
6548   8  20
6549   8  21
6550   8  22
6551   8  23
6552   8  24
6553   6   1
6554   6   2
6555   6   3
6556   6   4
6557   6   5
6558   6   6
6559   6   7
6560   6   8
6561   6   9
6562   6  10
6563   6  11
6564   6  12
6565   6  13
6566   6  14
6567   6  15
6568   6  16
6569   6  17
6570   6  18
6571   6  19
6572   6  20
6573   6  21
6574   6  22
6575   6  23
6576   6  24
6577   6   1
6578   6   2
6579   6   3
6580   6   4
6581   6   5
6582   6   6
6583   6   7
6584   6   8
6585   6   9
6586   6  10
6587   6  11
6588   6  12
6589   6  13
6590   6  14
6591   6  15
6592   6  16
6593   6  17
6594   6  18
6595   6  19
6596   6  20
6597   6  21
6598   6  22
6599   6  23
6600   6  24
6601   5   1
6602   5   2
6603   5   3
6604   5   4
6605   5   5
6606   5   6
6607   5   7
6608   5   8
6609   5   9
6610   5  10
6611   5  11
6612   5  12
6613   5  13
6614   5  14
6615   5  15
6616   5  16
6617   5  17
6618   5  18
6619   5  19
6620   5  20
6621   5  21
6622   5  22
6623   5  23
6624   5  24
6625   6   1
6626   6   2
6627   6   3
6628   6   4
6629   6   5
6630   6   6
6631   6   7
6632   6   8
6633   6   9
6634   6  10
6635   6  11
6636   6  12
6637   6  13
6638   6  14
6639   6  15
6640   6  16
6641   6  17
6642   6  18
6643   6  19
6644   6  20
6645   6  21
6646   6  22
6647   6  23
6648   6  24
6649   6   1
6650   6   2
6651   6   3
6652   6   4
6653   6   5
6654   6   6
6655   6   7
6656   6   8
6657   6   9
6658   6  10
6659   6  11
6660   6  12
6661   6  13
6662   6  14
6663   6  15
6664   6  16
6665   6  17
6666   6  18
6667   6  19
6668   6  20
6669   6  21
6670   6  22
6671   6  23
6672   6  24
6673   6   1
6674   6   2
6675   6   3
6676   6   4
6677   6   5
6678   6   6
6679   6   7
6680   6   8
6681   6   9
6682   6  10
6683   6  11
6684   6  12
6685   6  13
6686   6  14
6687   6  15
6688   6  16
6689   6  17
6690   6  18
6691   6  19
6692   6  20
6693   6  21
6694   6  22
6695   6  23
6696   6  24
6697   6   1
6698   6   2
6699   6   3
6700   6   4
6701   6   5
6702   6   6
6703   6   7
6704   6   8
6705   6   9
6706   6  10
6707   6  11
6708   6  12
6709   6  13
6710   6  14
6711   6  15
6712   6  16
6713   6  17
6714   6  18
6715   6  19
6716   6  20
6717   6  21
6718   6  22
6719   6  23
6720   6  24
6721   8   1
6722   8   2
6723   8   3
6724   8   4
6725   8   5
6726   8   6
6727   8   7
6728   8   8
6729   8   9
6730   8  10
6731   8  11
6732   8  12
6733   8  13
6734   8  14
6735   8  15
6736   8  16
6737   8  17
6738   8  18
6739   8  19
6740   8  20
6741   8  21
6742   8  22
6743   8  23
6744   8  24
6745   8   1
6746   8   2
6747   8   3
6748   8   4
6749   8   5
6750   8   6
6751   8   7
6752   8   8
6753   8   9
6754   8  10
6755   8  11
6756   8  12
6757   8  13
6758   8  14
6759   8  15
6760   8  16
6761   8  17
6762   8  18
6763   8  19
6764   8  20
6765   8  21
6766   8  22
6767   8  23
6768   8  24
6769   8   1
6770   8   2
6771   8   3
6772   8   4
6773   8   5
6774   8   6
6775   8   7
6776   8   8
6777   8   9
6778   8  10
6779   8  11
6780   8  12
6781   8  13
6782   8  14
6783   8  15
6784   8  16
6785   8  17
6786   8  18
6787   8  19
6788   8  20
6789   8  21
6790   8  22
6791   8  23
6792   8  24
6793   8   1
6794   8   2
6795   8   3
6796   8   4
6797   8   5
6798   8   6
6799   8   7
6800   8   8
6801   8   9
6802   8  10
6803   8  11
6804   8  12
6805   8  13
6806   8  14
6807   8  15
6808   8  16
6809   8  17
6810   8  18
6811   8  19
6812   8  20
6813   8  21
6814   8  22
6815   8  23
6816   8  24
6817   6   1
6818   6   2
6819   6   3
6820   6   4
6821   6   5
6822   6   6
6823   6   7
6824   6   8
6825   6   9
6826   6  10
6827   6  11
6828   6  12
6829   6  13
6830   6  14
6831   6  15
6832   6  16
6833   6  17
6834   6  18
6835   6  19
6836   6  20
6837   6  21
6838   6  22
6839   6  23
6840   6  24
6841   8   1
6842   8   2
6843   8   3
6844   8   4
6845   8   5
6846   8   6
6847   8   7
6848   8   8
6849   8   9
6850   8  10
6851   8  11
6852   8  12
6853   8  13
6854   8  14
6855   8  15
6856   8  16
6857   8  17
6858   8  18
6859   8  19
6860   8  20
6861   8  21
6862   8  22
6863   8  23
6864   8  24
6865   6   1
6866   6   2
6867   6   3
6868   6   4
6869   6   5
6870   6   6
6871   6   7
6872   6   8
6873   6   9
6874   6  10
6875   6  11
6876   6  12
6877   6  13
6878   6  14
6879   6  15
6880   6  16
6881   6  17
6882   6  18
6883   6  19
6884   6  20
6885   6  21
6886   6  22
6887   6  23
6888   6  24
6889   6   1
6890   6   2
6891   6   3
6892   6   4
6893   6   5
6894   6   6
6895   6   7
6896   6   8
6897   6   9
6898   6  10
6899   6  11
6900   6  12
6901   6  13
6902   6  14
6903   6  15
6904   6  16
6905   6  17
6906   6  18
6907   6  19
6908   6  20
6909   6  21
6910   6  22
6911   6  23
6912   6  24
6913   5   1
6914   5   2
6915   5   3
6916   5   4
6917   5   5
6918   5   6
6919   5   7
6920   5   8
6921   5   9
6922   5  10
6923   5  11
6924   5  12
6925   5  13
6926   5  14
6927   5  15
6928   5  16
6929   5  17
6930   5  18
6931   5  19
6932   5  20
6933   5  21
6934   5  22
6935   5  23
6936   5  24
6937   5   1
6938   5   2
6939   5   3
6940   5   4
6941   5   5
6942   5   6
6943   5   7
6944   5   8
6945   5   9
6946   5  10
6947   5  11
6948   5  12
6949   5  13
6950   5  14
6951   5  15
6952   5  16
6953   5  17
6954   5  18
6955   5  19
6956   5  20
6957   5  21
6958   5  22
6959   5  23
6960   5  24
6961   6   1
6962   6   2
6963   6   3
6964   6   4
6965   6   5
6966   6   6
6967   6   7
6968   6   8
6969   6   9
6970   6  10
6971   6  11
6972   6  12
6973   6  13
6974   6  14
6975   6  15
6976   6  16
6977   6  17
6978   6  18
6979   6  19
6980   6  20
6981   6  21
6982   6  22
6983   6  23
6984   6  24
6985   5   1
6986   5   2
6987   5   3
6988   5   4
6989   5   5
6990   5   6
6991   5   7
6992   5   8
6993   5   9
6994   5  10
6995   5  11
6996   5  12
6997   5  13
6998   5  14
6999   5  15
7000   5  16
7001   5  17
7002   5  18
7003   5  19
7004   5  20
7005   5  21
7006   5  22
7007   5  23
7008   5  24
7009   6   1
7010   6   2
7011   6   3
7012   6   4
7013   6   5
7014   6   6
7015   6   7
7016   6   8
7017   6   9
7018   6  10
7019   6  11
7020   6  12
7021   6  13
7022   6  14
7023   6  15
7024   6  16
7025   6  17
7026   6  18
7027   6  19
7028   6  20
7029   6  21
7030   6  22
7031   6  23
7032   6  24
7033   8   1
7034   8   2
7035   8   3
7036   8   4
7037   8   5
7038   8   6
7039   8   7
7040   8   8
7041   8   9
7042   8  10
7043   8  11
7044   8  12
7045   8  13
7046   8  14
7047   8  15
7048   8  16
7049   8  17
7050   8  18
7051   8  19
7052   8  20
7053   8  21
7054   8  22
7055   8  23
7056   8  24
7057   6   1
7058   6   2
7059   6   3
7060   6   4
7061   6   5
7062   6   6
7063   6   7
7064   6   8
7065   6   9
7066   6  10
7067   6  11
7068   6  12
7069   6  13
7070   6  14
7071   6  15
7072   6  16
7073   6  17
7074   6  18
7075   6  19
7076   6  20
7077   6  21
7078   6  22
7079   6  23
7080   6  24
7081   5   1
7082   5   2
7083   5   3
7084   5   4
7085   5   5
7086   5   6
7087   5   7
7088   5   8
7089   5   9
7090   5  10
7091   5  11
7092   5  12
7093   5  13
7094   5  14
7095   5  15
7096   5  16
7097   5  17
7098   5  18
7099   5  19
7100   5  20
7101   5  21
7102   5  22
7103   5  23
7104   5  24
7105   6   1
7106   6   2
7107   6   3
7108   6   4
7109   6   5
7110   6   6
7111   6   7
7112   6   8
7113   6   9
7114   6  10
7115   6  11
7116   6  12
7117   6  13
7118   6  14
7119   6  15
7120   6  16
7121   6  17
7122   6  18
7123   6  19
7124   6  20
7125   6  21
7126   6  22
7127   6  23
7128   6  24
7129   5   1
7130   5   2
7131   5   3
7132   5   4
7133   5   5
7134   5   6
7135   5   7
7136   5   8
7137   5   9
7138   5  10
7139   5  11
7140   5  12
7141   5  13
7142   5  14
7143   5  15
7144   5  16
7145   5  17
7146   5  18
7147   5  19
7148   5  20
7149   5  21
7150   5  22
7151   5  23
7152   5  24
7153   5   1
7154   5   2
7155   5   3
7156   5   4
7157   5   5
7158   5   6
7159   5   7
7160   5   8
7161   5   9
7162   5  10
7163   5  11
7164   5  12
7165   5  13
7166   5  14
7167   5  15
7168   5  16
7169   5  17
7170   5  18
7171   5  19
7172   5  20
7173   5  21
7174   5  22
7175   5  23
7176   5  24
7177   5   1
7178   5   2
7179   5   3
7180   5   4
7181   5   5
7182   5   6
7183   5   7
7184   5   8
7185   5   9
7186   5  10
7187   5  11
7188   5  12
7189   5  13
7190   5  14
7191   5  15
7192   5  16
7193   5  17
7194   5  18
7195   5  19
7196   5  20
7197   5  21
7198   5  22
7199   5  23
7200   5  24
7201   1   1
7202   1   2
7203   1   3
7204   1   4
7205   1   5
7206   1   6
7207   1   7
7208   1   8
7209   1   9
7210   1  10
7211   1  11
7212   1  12
7213   1  13
7214   1  14
7215   1  15
7216   1  16
7217   1  17
7218   1  18
7219   1  19
7220   1  20
7221   1  21
7222   1  22
7223   1  23
7224   1  24
7225   5   1
7226   5   2
7227   5   3
7228   5   4
7229   5   5
7230   5   6
7231   5   7
7232   5   8
7233   5   9
7234   5  10
7235   5  11
7236   5  12
7237   5  13
7238   5  14
7239   5  15
7240   5  16
7241   5  17
7242   5  18
7243   5  19
7244   5  20
7245   5  21
7246   5  22
7247   5  23
7248   5  24
7249   5   1
7250   5   2
7251   5   3
7252   5   4
7253   5   5
7254   5   6
7255   5   7
7256   5   8
7257   5   9
7258   5  10
7259   5  11
7260   5  12
7261   5  13
7262   5  14
7263   5  15
7264   5  16
7265   5  17
7266   5  18
7267   5  19
7268   5  20
7269   5  21
7270   5  22
7271   5  23
7272   5  24
7273   5   1
7274   5   2
7275   5   3
7276   5   4
7277   5   5
7278   5   6
7279   5   7
7280   5   8
7281   5   9
7282   5  10
7283   5  11
7284   5  12
7285   5  13
7286   5  14
7287   5  15
7288   5  16
7289   5  17
7290   5  18
7291   5  19
7292   5  20
7293   5  21
7294   5  22
7295   5  23
7296   5  24
7297   1   1
7298   1   2
7299   1   3
7300   1   4
7301   1   5
7302   1   6
7303   1   7
7304   1   8
7305   1   9
7306   1  10
7307   1  11
7308   1  12
7309   1  13
7310   1  14
7311   1  15
7312   1  16
7313   1  17
7314   1  18
7315   1  19
7316   1  20
7317   1  21
7318   1  22
7319   1  23
7320   1  24
7321   1   1
7322   1   2
7323   1   3
7324   1   4
7325   1   5
7326   1   6
7327   1   7
7328   1   8
7329   1   9
7330   1  10
7331   1  11
7332   1  12
7333   1  13
7334   1  14
7335   1  15
7336   1  16
7337   1  17
7338   1  18
7339   1  19
7340   1  20
7341   1  21
7342   1  22
7343   1  23
7344   1  24
7345   1   1
7346   1   2
7347   1   3
7348   1   4
7349   1   5
7350   1   6
7351   1   7
7352   1   8
7353   1   9
7354   1  10
7355   1  11
7356   1  12
7357   1  13
7358   1  14
7359   1  15
7360   1  16
7361   1  17
7362   1  18
7363   1  19
7364   1  20
7365   1  21
7366   1  22
7367   1  23
7368   1  24
7369   1   1
7370   1   2
7371   1   3
7372   1   4
7373   1   5
7374   1   6
7375   1   7
7376   1   8
7377   1   9
7378   1  10
7379   1  11
7380   1  12
7381   1  13
7382   1  14
7383   1  15
7384   1  16
7385   1  17
7386   1  18
7387   1  19
7388   1  20
7389   1  21
7390   1  22
7391   1  23
7392   1  24
7393   1   1
7394   1   2
7395   1   3
7396   1   4
7397   1   5
7398   1   6
7399   1   7
7400   1   8
7401   1   9
7402   1  10
7403   1  11
7404   1  12
7405   1  13
7406   1  14
7407   1  15
7408   1  16
7409   1  17
7410   1  18
7411   1  19
7412   1  20
7413   1  21
7414   1  22
7415   1  23
7416   1  24
7417   1   1
7418   1   2
7419   1   3
7420   1   4
7421   1   5
7422   1   6
7423   1   7
7424   1   8
7425   1   9
7426   1  10
7427   1  11
7428   1  12
7429   1  13
7430   1  14
7431   1  15
7432   1  16
7433   1  17
7434   1  18
7435   1  19
7436   1  20
7437   1  21
7438   1  22
7439   1  23
7440   1  24
7441   1   1
7442   1   2
7443   1   3
7444   1   4
7445   1   5
7446   1   6
7447   1   7
7448   1   8
7449   1   9
7450   1  10
7451   1  11
7452   1  12
7453   1  13
7454   1  14
7455   1  15
7456   1  16
7457   1  17
7458   1  18
7459   1  19
7460   1  20
7461   1  21
7462   1  22
7463   1  23
7464   1  24
7465   5   1
7466   5   2
7467   5   3
7468   5   4
7469   5   5
7470   5   6
7471   5   7
7472   5   8
7473   5   9
7474   5  10
7475   5  11
7476   5  12
7477   5  13
7478   5  14
7479   5  15
7480   5  16
7481   5  17
7482   5  18
7483   5  19
7484   5  20
7485   5  21
7486   5  22
7487   5  23
7488   5  24
7489   5   1
7490   5   2
7491   5   3
7492   5   4
7493   5   5
7494   5   6
7495   5   7
7496   5   8
7497   5   9
7498   5  10
7499   5  11
7500   5  12
7501   5  13
7502   5  14
7503   5  15
7504   5  16
7505   5  17
7506   5  18
7507   5  19
7508   5  20
7509   5  21
7510   5  22
7511   5  23
7512   5  24
7513   5   1
7514   5   2
7515   5   3
7516   5   4
7517   5   5
7518   5   6
7519   5   7
7520   5   8
7521   5   9
7522   5  10
7523   5  11
7524   5  12
7525   5  13
7526   5  14
7527   5  15
7528   5  16
7529   5  17
7530   5  18
7531   5  19
7532   5  20
7533   5  21
7534   5  22
7535   5  23
7536   5  24
7537   6   1
7538   6   2
7539   6   3
7540   6   4
7541   6   5
7542   6   6
7543   6   7
7544   6   8
7545   6   9
7546   6  10
7547   6  11
7548   6  12
7549   6  13
7550   6  14
7551   6  15
7552   6  16
7553   6  17
7554   6  18
7555   6  19
7556   6  20
7557   6  21
7558   6  22
7559   6  23
7560   6  24
7561   5   1
7562   5   2
7563   5   3
7564   5   4
7565   5   5
7566   5   6
7567   5   7
7568   5   8
7569   5   9
7570   5  10
7571   5  11
7572   5  12
7573   5  13
7574   5  14
7575   5  15
7576   5  16
7577   5  17
7578   5  18
7579   5  19
7580   5  20
7581   5  21
7582   5  22
7583   5  23
7584   5  24
7585   5   1
7586   5   2
7587   5   3
7588   5   4
7589   5   5
7590   5   6
7591   5   7
7592   5   8
7593   5   9
7594   5  10
7595   5  11
7596   5  12
7597   5  13
7598   5  14
7599   5  15
7600   5  16
7601   5  17
7602   5  18
7603   5  19
7604   5  20
7605   5  21
7606   5  22
7607   5  23
7608   5  24
7609   5   1
7610   5   2
7611   5   3
7612   5   4
7613   5   5
7614   5   6
7615   5   7
7616   5   8
7617   5   9
7618   5  10
7619   5  11
7620   5  12
7621   5  13
7622   5  14
7623   5  15
7624   5  16
7625   5  17
7626   5  18
7627   5  19
7628   5  20
7629   5  21
7630   5  22
7631   5  23
7632   5  24
7633   1   1
7634   1   2
7635   1   3
7636   1   4
7637   1   5
7638   1   6
7639   1   7
7640   1   8
7641   1   9
7642   1  10
7643   1  11
7644   1  12
7645   1  13
7646   1  14
7647   1  15
7648   1  16
7649   1  17
7650   1  18
7651   1  19
7652   1  20
7653   1  21
7654   1  22
7655   1  23
7656   1  24
7657   5   1
7658   5   2
7659   5   3
7660   5   4
7661   5   5
7662   5   6
7663   5   7
7664   5   8
7665   5   9
7666   5  10
7667   5  11
7668   5  12
7669   5  13
7670   5  14
7671   5  15
7672   5  16
7673   5  17
7674   5  18
7675   5  19
7676   5  20
7677   5  21
7678   5  22
7679   5  23
7680   5  24
7681   1   1
7682   1   2
7683   1   3
7684   1   4
7685   1   5
7686   1   6
7687   1   7
7688   1   8
7689   1   9
7690   1  10
7691   1  11
7692   1  12
7693   1  13
7694   1  14
7695   1  15
7696   1  16
7697   1  17
7698   1  18
7699   1  19
7700   1  20
7701   1  21
7702   1  22
7703   1  23
7704   1  24
7705   1   1
7706   1   2
7707   1   3
7708   1   4
7709   1   5
7710   1   6
7711   1   7
7712   1   8
7713   1   9
7714   1  10
7715   1  11
7716   1  12
7717   1  13
7718   1  14
7719   1  15
7720   1  16
7721   1  17
7722   1  18
7723   1  19
7724   1  20
7725   1  21
7726   1  22
7727   1  23
7728   1  24
7729   5   1
7730   5   2
7731   5   3
7732   5   4
7733   5   5
7734   5   6
7735   5   7
7736   5   8
7737   5   9
7738   5  10
7739   5  11
7740   5  12
7741   5  13
7742   5  14
7743   5  15
7744   5  16
7745   5  17
7746   5  18
7747   5  19
7748   5  20
7749   5  21
7750   5  22
7751   5  23
7752   5  24
7753   5   1
7754   5   2
7755   5   3
7756   5   4
7757   5   5
7758   5   6
7759   5   7
7760   5   8
7761   5   9
7762   5  10
7763   5  11
7764   5  12
7765   5  13
7766   5  14
7767   5  15
7768   5  16
7769   5  17
7770   5  18
7771   5  19
7772   5  20
7773   5  21
7774   5  22
7775   5  23
7776   5  24
7777   5   1
7778   5   2
7779   5   3
7780   5   4
7781   5   5
7782   5   6
7783   5   7
7784   5   8
7785   5   9
7786   5  10
7787   5  11
7788   5  12
7789   5  13
7790   5  14
7791   5  15
7792   5  16
7793   5  17
7794   5  18
7795   5  19
7796   5  20
7797   5  21
7798   5  22
7799   5  23
7800   5  24
7801   1   1
7802   1   2
7803   1   3
7804   1   4
7805   1   5
7806   1   6
7807   1   7
7808   1   8
7809   1   9
7810   1  10
7811   1  11
7812   1  12
7813   1  13
7814   1  14
7815   1  15
7816   1  16
7817   1  17
7818   1  18
7819   1  19
7820   1  20
7821   1  21
7822   1  22
7823   1  23
7824   1  24
7825   5   1
7826   5   2
7827   5   3
7828   5   4
7829   5   5
7830   5   6
7831   5   7
7832   5   8
7833   5   9
7834   5  10
7835   5  11
7836   5  12
7837   5  13
7838   5  14
7839   5  15
7840   5  16
7841   5  17
7842   5  18
7843   5  19
7844   5  20
7845   5  21
7846   5  22
7847   5  23
7848   5  24
7849   1   1
7850   1   2
7851   1   3
7852   1   4
7853   1   5
7854   1   6
7855   1   7
7856   1   8
7857   1   9
7858   1  10
7859   1  11
7860   1  12
7861   1  13
7862   1  14
7863   1  15
7864   1  16
7865   1  17
7866   1  18
7867   1  19
7868   1  20
7869   1  21
7870   1  22
7871   1  23
7872   1  24
7873   1   1
7874   1   2
7875   1   3
7876   1   4
7877   1   5
7878   1   6
7879   1   7
7880   1   8
7881   1   9
7882   1  10
7883   1  11
7884   1  12
7885   1  13
7886   1  14
7887   1  15
7888   1  16
7889   1  17
7890   1  18
7891   1  19
7892   1  20
7893   1  21
7894   1  22
7895   1  23
7896   1  24
7897   2   1
7898   2   2
7899   2   3
7900   2   4
7901   2   5
7902   2   6
7903   2   7
7904   2   8
7905   2   9
7906   2  10
7907   2  11
7908   2  12
7909   2  13
7910   2  14
7911   2  15
7912   2  16
7913   2  17
7914   2  18
7915   2  19
7916   2  20
7917   2  21
7918   2  22
7919   2  23
7920   2  24
7921   1   1
7922   1   2
7923   1   3
7924   1   4
7925   1   5
7926   1   6
7927   1   7
7928   1   8
7929   1   9
7930   1  10
7931   1  11
7932   1  12
7933   1  13
7934   1  14
7935   1  15
7936   1  16
7937   1  17
7938   1  18
7939   1  19
7940   1  20
7941   1  21
7942   1  22
7943   1  23
7944   1  24
7945   3   1
7946   3   2
7947   3   3
7948   3   4
7949   3   5
7950   3   6
7951   3   7
7952   3   8
7953   3   9
7954   3  10
7955   3  11
7956   3  12
7957   3  13
7958   3  14
7959   3  15
7960   3  16
7961   3  17
7962   3  18
7963   3  19
7964   3  20
7965   3  21
7966   3  22
7967   3  23
7968   3  24
7969   3   1
7970   3   2
7971   3   3
7972   3   4
7973   3   5
7974   3   6
7975   3   7
7976   3   8
7977   3   9
7978   3  10
7979   3  11
7980   3  12
7981   3  13
7982   3  14
7983   3  15
7984   3  16
7985   3  17
7986   3  18
7987   3  19
7988   3  20
7989   3  21
7990   3  22
7991   3  23
7992   3  24
7993   3   1
7994   3   2
7995   3   3
7996   3   4
7997   3   5
7998   3   6
7999   3   7
8000   3   8
8001   3   9
8002   3  10
8003   3  11
8004   3  12
8005   3  13
8006   3  14
8007   3  15
8008   3  16
8009   3  17
8010   3  18
8011   3  19
8012   3  20
8013   3  21
8014   3  22
8015   3  23
8016   3  24
8017   3   1
8018   3   2
8019   3   3
8020   3   4
8021   3   5
8022   3   6
8023   3   7
8024   3   8
8025   3   9
8026   3  10
8027   3  11
8028   3  12
8029   3  13
8030   3  14
8031   3  15
8032   3  16
8033   3  17
8034   3  18
8035   3  19
8036   3  20
8037   3  21
8038   3  22
8039   3  23
8040   3  24
8041   3   1
8042   3   2
8043   3   3
8044   3   4
8045   3   5
8046   3   6
8047   3   7
8048   3   8
8049   3   9
8050   3  10
8051   3  11
8052   3  12
8053   3  13
8054   3  14
8055   3  15
8056   3  16
8057   3  17
8058   3  18
8059   3  19
8060   3  20
8061   3  21
8062   3  22
8063   3  23
8064   3  24
8065   1   1
8066   1   2
8067   1   3
8068   1   4
8069   1   5
8070   1   6
8071   1   7
8072   1   8
8073   1   9
8074   1  10
8075   1  11
8076   1  12
8077   1  13
8078   1  14
8079   1  15
8080   1  16
8081   1  17
8082   1  18
8083   1  19
8084   1  20
8085   1  21
8086   1  22
8087   1  23
8088   1  24
8089   1   1
8090   1   2
8091   1   3
8092   1   4
8093   1   5
8094   1   6
8095   1   7
8096   1   8
8097   1   9
8098   1  10
8099   1  11
8100   1  12
8101   1  13
8102   1  14
8103   1  15
8104   1  16
8105   1  17
8106   1  18
8107   1  19
8108   1  20
8109   1  21
8110   1  22
8111   1  23
8112   1  24
8113   3   1
8114   3   2
8115   3   3
8116   3   4
8117   3   5
8118   3   6
8119   3   7
8120   3   8
8121   3   9
8122   3  10
8123   3  11
8124   3  12
8125   3  13
8126   3  14
8127   3  15
8128   3  16
8129   3  17
8130   3  18
8131   3  19
8132   3  20
8133   3  21
8134   3  22
8135   3  23
8136   3  24
8137   3   1
8138   3   2
8139   3   3
8140   3   4
8141   3   5
8142   3   6
8143   3   7
8144   3   8
8145   3   9
8146   3  10
8147   3  11
8148   3  12
8149   3  13
8150   3  14
8151   3  15
8152   3  16
8153   3  17
8154   3  18
8155   3  19
8156   3  20
8157   3  21
8158   3  22
8159   3  23
8160   3  24
8161   1   1
8162   1   2
8163   1   3
8164   1   4
8165   1   5
8166   1   6
8167   1   7
8168   1   8
8169   1   9
8170   1  10
8171   1  11
8172   1  12
8173   1  13
8174   1  14
8175   1  15
8176   1  16
8177   1  17
8178   1  18
8179   1  19
8180   1  20
8181   1  21
8182   1  22
8183   1  23
8184   1  24
8185   1   1
8186   1   2
8187   1   3
8188   1   4
8189   1   5
8190   1   6
8191   1   7
8192   1   8
8193   1   9
8194   1  10
8195   1  11
8196   1  12
8197   1  13
8198   1  14
8199   1  15
8200   1  16
8201   1  17
8202   1  18
8203   1  19
8204   1  20
8205   1  21
8206   1  22
8207   1  23
8208   1  24
8209   1   1
8210   1   2
8211   1   3
8212   1   4
8213   1   5
8214   1   6
8215   1   7
8216   1   8
8217   1   9
8218   1  10
8219   1  11
8220   1  12
8221   1  13
8222   1  14
8223   1  15
8224   1  16
8225   1  17
8226   1  18
8227   1  19
8228   1  20
8229   1  21
8230   1  22
8231   1  23
8232   1  24
8233   1   1
8234   1   2
8235   1   3
8236   1   4
8237   1   5
8238   1   6
8239   1   7
8240   1   8
8241   1   9
8242   1  10
8243   1  11
8244   1  12
8245   1  13
8246   1  14
8247   1  15
8248   1  16
8249   1  17
8250   1  18
8251   1  19
8252   1  20
8253   1  21
8254   1  22
8255   1  23
8256   1  24
8257   3   1
8258   3   2
8259   3   3
8260   3   4
8261   3   5
8262   3   6
8263   3   7
8264   3   8
8265   3   9
8266   3  10
8267   3  11
8268   3  12
8269   3  13
8270   3  14
8271   3  15
8272   3  16
8273   3  17
8274   3  18
8275   3  19
8276   3  20
8277   3  21
8278   3  22
8279   3  23
8280   3  24
8281   1   1
8282   1   2
8283   1   3
8284   1   4
8285   1   5
8286   1   6
8287   1   7
8288   1   8
8289   1   9
8290   1  10
8291   1  11
8292   1  12
8293   1  13
8294   1  14
8295   1  15
8296   1  16
8297   1  17
8298   1  18
8299   1  19
8300   1  20
8301   1  21
8302   1  22
8303   1  23
8304   1  24
8305   1   1
8306   1   2
8307   1   3
8308   1   4
8309   1   5
8310   1   6
8311   1   7
8312   1   8
8313   1   9
8314   1  10
8315   1  11
8316   1  12
8317   1  13
8318   1  14
8319   1  15
8320   1  16
8321   1  17
8322   1  18
8323   1  19
8324   1  20
8325   1  21
8326   1  22
8327   1  23
8328   1  24
8329   1   1
8330   1   2
8331   1   3
8332   1   4
8333   1   5
8334   1   6
8335   1   7
8336   1   8
8337   1   9
8338   1  10
8339   1  11
8340   1  12
8341   1  13
8342   1  14
8343   1  15
8344   1  16
8345   1  17
8346   1  18
8347   1  19
8348   1  20
8349   1  21
8350   1  22
8351   1  23
8352   1  24
8353   1   1
8354   1   2
8355   1   3
8356   1   4
8357   1   5
8358   1   6
8359   1   7
8360   1   8
8361   1   9
8362   1  10
8363   1  11
8364   1  12
8365   1  13
8366   1  14
8367   1  15
8368   1  16
8369   1  17
8370   1  18
8371   1  19
8372   1  20
8373   1  21
8374   1  22
8375   1  23
8376   1  24
8377   1   1
8378   1   2
8379   1   3
8380   1   4
8381   1   5
8382   1   6
8383   1   7
8384   1   8
8385   1   9
8386   1  10
8387   1  11
8388   1  12
8389   1  13
8390   1  14
8391   1  15
8392   1  16
8393   1  17
8394   1  18
8395   1  19
8396   1  20
8397   1  21
8398   1  22
8399   1  23
8400   1  24
8401   1   1
8402   1   2
8403   1   3
8404   1   4
8405   1   5
8406   1   6
8407   1   7
8408   1   8
8409   1   9
8410   1  10
8411   1  11
8412   1  12
8413   1  13
8414   1  14
8415   1  15
8416   1  16
8417   1  17
8418   1  18
8419   1  19
8420   1  20
8421   1  21
8422   1  22
8423   1  23
8424   1  24
8425   5   1
8426   5   2
8427   5   3
8428   5   4
8429   5   5
8430   5   6
8431   5   7
8432   5   8
8433   5   9
8434   5  10
8435   5  11
8436   5  12
8437   5  13
8438   5  14
8439   5  15
8440   5  16
8441   5  17
8442   5  18
8443   5  19
8444   5  20
8445   5  21
8446   5  22
8447   5  23
8448   5  24
8449   3   1
8450   3   2
8451   3   3
8452   3   4
8453   3   5
8454   3   6
8455   3   7
8456   3   8
8457   3   9
8458   3  10
8459   3  11
8460   3  12
8461   3  13
8462   3  14
8463   3  15
8464   3  16
8465   3  17
8466   3  18
8467   3  19
8468   3  20
8469   3  21
8470   3  22
8471   3  23
8472   3  24
8473   1   1
8474   1   2
8475   1   3
8476   1   4
8477   1   5
8478   1   6
8479   1   7
8480   1   8
8481   1   9
8482   1  10
8483   1  11
8484   1  12
8485   1  13
8486   1  14
8487   1  15
8488   1  16
8489   1  17
8490   1  18
8491   1  19
8492   1  20
8493   1  21
8494   1  22
8495   1  23
8496   1  24
8497   1   1
8498   1   2
8499   1   3
8500   1   4
8501   1   5
8502   1   6
8503   1   7
8504   1   8
8505   1   9
8506   1  10
8507   1  11
8508   1  12
8509   1  13
8510   1  14
8511   1  15
8512   1  16
8513   1  17
8514   1  18
8515   1  19
8516   1  20
8517   1  21
8518   1  22
8519   1  23
8520   1  24
8521   1   1
8522   1   2
8523   1   3
8524   1   4
8525   1   5
8526   1   6
8527   1   7
8528   1   8
8529   1   9
8530   1  10
8531   1  11
8532   1  12
8533   1  13
8534   1  14
8535   1  15
8536   1  16
8537   1  17
8538   1  18
8539   1  19
8540   1  20
8541   1  21
8542   1  22
8543   1  23
8544   1  24
8545   1   1
8546   1   2
8547   1   3
8548   1   4
8549   1   5
8550   1   6
8551   1   7
8552   1   8
8553   1   9
8554   1  10
8555   1  11
8556   1  12
8557   1  13
8558   1  14
8559   1  15
8560   1  16
8561   1  17
8562   1  18
8563   1  19
8564   1  20
8565   1  21
8566   1  22
8567   1  23
8568   1  24
8569   3   1
8570   3   2
8571   3   3
8572   3   4
8573   3   5
8574   3   6
8575   3   7
8576   3   8
8577   3   9
8578   3  10
8579   3  11
8580   3  12
8581   3  13
8582   3  14
8583   3  15
8584   3  16
8585   3  17
8586   3  18
8587   3  19
8588   3  20
8589   3  21
8590   3  22
8591   3  23
8592   3  24
8593   3   1
8594   3   2
8595   3   3
8596   3   4
8597   3   5
8598   3   6
8599   3   7
8600   3   8
8601   3   9
8602   3  10
8603   3  11
8604   3  12
8605   3  13
8606   3  14
8607   3  15
8608   3  16
8609   3  17
8610   3  18
8611   3  19
8612   3  20
8613   3  21
8614   3  22
8615   3  23
8616   3  24
8617   3   1
8618   3   2
8619   3   3
8620   3   4
8621   3   5
8622   3   6
8623   3   7
8624   3   8
8625   3   9
8626   3  10
8627   3  11
8628   3  12
8629   3  13
8630   3  14
8631   3  15
8632   3  16
8633   3  17
8634   3  18
8635   3  19
8636   3  20
8637   3  21
8638   3  22
8639   3  23
8640   3  24
8641   3   1
8642   3   2
8643   3   3
8644   3   4
8645   3   5
8646   3   6
8647   3   7
8648   3   8
8649   3   9
8650   3  10
8651   3  11
8652   3  12
8653   3  13
8654   3  14
8655   3  15
8656   3  16
8657   3  17
8658   3  18
8659   3  19
8660   3  20
8661   3  21
8662   3  22
8663   3  23
8664   3  24
8665   1   1
8666   1   2
8667   1   3
8668   1   4
8669   1   5
8670   1   6
8671   1   7
8672   1   8
8673   1   9
8674   1  10
8675   1  11
8676   1  12
8677   1  13
8678   1  14
8679   1  15
8680   1  16
8681   1  17
8682   1  18
8683   1  19
8684   1  20
8685   1  21
8686   1  22
8687   1  23
8688   1  24
8689   1   1
8690   1   2
8691   1   3
8692   1   4
8693   1   5
8694   1   6
8695   1   7
8696   1   8
8697   1   9
8698   1  10
8699   1  11
8700   1  12
8701   1  13
8702   1  14
8703   1  15
8704   1  16
8705   1  17
8706   1  18
8707   1  19
8708   1  20
8709   1  21
8710   1  22
8711   1  23
8712   1  24
8713   1   1
8714   1   2
8715   1   3
8716   1   4
8717   1   5
8718   1   6
8719   1   7
8720   1   8
8721   1   9
8722   1  10
8723   1  11
8724   1  12
8725   1  13
8726   1  14
8727   1  15
8728   1  16
8729   1  17
8730   1  18
8731   1  19
8732   1  20
8733   1  21
8734   1  22
8735   1  23
8736   1  24
8737   1   1
8738   1   2
8739   1   3
8740   1   4
8741   1   5
8742   1   6
8743   1   7
8744   1   8
8745   1   9
8746   1  10
8747   1  11
8748   1  12
8749   1  13
8750   1  14
8751   1  15
8752   1  16
8753   1  17
8754   1  18
8755   1  19
8756   1  20
8757   1  21
8758   1  22
8759   1  23
8760   1  24
;