,Load_Profile
0,10.73545332465278
1,10.832205538194446
2,10.962177467013891
3,10.739829722222222
4,10.566440475694442
5,10.708309949652776
6,10.746911243055555
7,10.740390803819443
8,10.752407592013888
9,10.748529555555555
10,10.790584133680557
11,10.476834654513887
12,10.383439852430556
13,10.158561194444443
14,10.312693659722221
15,10.522807178819443
16,10.439843689236108
17,31.0
18,10.599683293402776
19,10.616980171875001
20,10.552870246527778
21,10.313513984375
22,10.805100723958333
23,11.148502567708334
24,11.036042852430555
25,10.902356548611111
26,10.969980036458333
27,10.79560561284722
28,10.845387145833334
29,10.782315565972219
30,10.619829998263887
31,10.862093666666667
32,10.624684644097222
33,10.576879286458334
34,10.76402626736111
35,10.778783543402776
36,10.59363923090278
37,10.634535272569444
38,10.381173784722225
39,10.157288847222222
40,10.185440744791668
41,31.0
42,10.048264211805554
43,9.952668164930556
44,9.908267140624998
45,9.793193666666667
46,9.979333680555554
47,10.045914326388889
48,10.12399826909722
49,10.258510949652774
50,10.3349526875
51,10.343181782986111
52,10.352489206597221
53,10.452013262152779
54,10.430779005208333
55,10.354824958333332
56,10.179644246527777
57,10.277038248263885
58,10.301456059027775
59,10.271430166666667
60,10.226374119791663
61,10.112909369791662
62,9.865937678819442
63,10.458070085069444
64,10.420326340277779
65,30.621017402780154
66,10.416687907986114
67,10.406250725694441
68,10.390354770833332
69,10.425560590277778
70,10.533466416666668
71,10.512495157986109
72,10.434827800347222
73,10.304519409722218
74,10.225775668402779
75,10.256423017361108
76,10.322371013888887
77,10.217711291666664
78,10.065679652777778
79,9.880361385416665
80,9.737892439236113
81,9.789260250000002
82,9.929752704861109
83,10.291148085069441
84,10.098308147569444
85,10.146703862847223
86,10.148284574652777
87,9.989965295138886
88,10.13206665625
89,31.0
90,10.545159321180554
91,10.495665031249995
92,10.357518487847221
93,10.468703826388888
94,10.385334920138888
95,10.387748765624998
96,10.118183310763893
97,31.0
98,31.0
99,31.0
100,31.0
101,31.0
102,31.0
103,31.0
104,31.0
105,31.0
106,31.0
107,31.0
108,31.0
109,31.0
110,31.0
111,31.0
112,31.0
113,31.0
114,31.0
115,31.0
116,10.482429647569447
117,31.0
118,31.0
119,31.0
120,10.852321095486113
121,10.814421552083333
122,10.881202536458328
123,10.640393677083331
124,10.606740727430553
125,10.466887229166668
126,10.40607043923611
127,10.44108899652778
128,10.409708494791664
129,22.073845071180454
130,31.0
131,31.0
132,10.635543539930554
133,10.880102114583332
134,31.0
135,31.0
136,31.0
137,10.934892767361108
138,10.895259678819446
139,10.943107255208334
140,11.105354227430558
141,11.089338057291664
142,11.094510255208329
143,10.646104315972222
144,10.543986954861106
145,10.660024897569446
146,10.488106076388886
147,10.60858218923611
148,10.747327998263886
149,10.841714272569442
150,10.82326498263889
151,11.04773140625
152,11.132603890625
153,31.0
154,31.0
155,31.0
156,10.829113057291666
157,10.954473104166668
158,31.0
159,31.0
160,31.0
161,10.639886505208333
162,10.623754555555557
163,10.4961241875
164,10.303783182291665
165,10.467473940972221
166,10.40515074131944
167,10.440797828124996
168,10.37911881076389
169,10.60178928472222
170,10.747045421874999
171,10.747306949652778
172,10.72009745138889
173,10.663272824652777
174,10.308960289930557
175,10.281937932291667
176,10.355327232638889
177,10.438105501736112
178,31.0
179,31.0
180,10.689737697916664
181,10.948640013888888
182,31.0
183,31.0
184,31.0
185,10.266258296874998
186,10.76345066319444
187,10.793193468749998
188,10.846103053819443
189,11.025768298611103
190,10.991687680555556
191,10.904522258680554
192,10.657816069444442
193,10.93078167708333
194,10.647190361111111
195,10.616563015625
196,10.579474427083332
197,10.483191881944446
198,10.338414649305554
199,10.287882171875
200,10.34132203125
201,10.459672684027776
202,31.0
203,31.0
204,10.165366774305557
205,9.973765654513892
206,31.0
207,31.0
208,31.0
209,10.43553348784722
210,10.19451523611111
211,10.160626060763892
212,9.993029447916664
213,10.09141717013889
214,10.212828998263888
215,10.319718730902773
216,10.233959506944444
217,10.210376968749996
218,10.25815328125
219,10.153600430555555
220,10.127246342013889
221,10.043641404513886
222,10.065024618055556
223,9.984560991319443
224,10.276638470486109
225,10.598357413194442
226,31.0
227,31.0
228,10.522650420138886
229,10.438140708333336
230,31.0
231,31.0
232,31.0
233,9.98531531423611
234,10.078164116319442
235,9.78012211458333
236,9.650138810763888
237,9.84645198784722
238,9.911018480902776
239,10.172322513888886
240,10.280765578125001
241,10.345265048611111
242,10.30191144791667
243,10.179984548611113
244,9.984355244791667
245,9.959119467013887
246,9.801976977430556
247,9.645168251736113
248,9.508015282986111
249,9.57377165451389
250,31.0
251,31.0
252,9.404078371527778
253,9.375086328124997
254,31.0
255,31.0
256,31.0
257,9.649910763888888
258,9.598054909722222
259,9.733650293402778
260,9.7630098125
261,9.659455154513891
262,9.499482951388888
263,9.523976461805555
264,9.394940223958331
265,9.355988930555554
266,9.337628927083335
267,9.30184148784722
268,9.31274406076389
269,9.267380682291664
270,9.026402376736112
271,8.957898833333337
272,8.96099901909722
273,9.00641348784722
274,9.167693305555552
275,9.178114835069445
276,9.253335692708333
277,9.260718128472222
278,9.30338777083333
279,9.268201711805553
280,9.06680621875
281,8.940878041666666
282,8.841592241319445
283,9.048047276041665
284,9.017896671874997
285,9.093580975694444
286,9.107963800347223
287,9.432944378472223
288,9.386687770833337
289,9.400259555555555
290,9.305068828124998
291,9.331656602430558
292,9.340210894097218
293,9.328962829861116
294,9.224093593749998
295,9.029836690972221
296,8.97940229861111
297,31.0
298,31.0
299,31.0
300,8.959581519097222
301,9.702853124999999
302,31.0
303,31.0
304,31.0
305,9.856224546875001
306,9.636608381944441
307,9.561973263888888
308,9.711961559027776
309,9.791518126736113
310,10.018167845486108
311,10.210737906249998
312,10.13400209548611
313,9.627988744791663
314,9.35670962673611
315,9.228727119791664
316,9.067948276041667
317,9.064743296875003
318,9.01356011111111
319,8.962020642361116
320,8.784384741319442
321,19.362972807291285
322,31.0
323,31.0
324,9.439151592013888
325,9.400619217013888
326,31.0
327,31.0
328,31.0
329,9.585989182291668
330,9.666739967013891
331,9.735615446180551
332,9.25776856423611
333,9.430299861111111
334,9.850060171875
335,9.793119875000002
336,9.94049052256944
337,10.063604602430557
338,10.158877652777779
339,10.353920852430553
340,9.754513781250001
341,9.755546329861108
342,9.406612055555556
343,9.182308260416667
344,9.140376012152778
345,31.0
346,31.0
347,31.0
348,9.156706975694446
349,9.435434142361112
350,31.0
351,31.0
352,31.0
353,9.351620468749998
354,9.314161973958335
355,9.290503651041668
356,9.068427958333332
357,9.274138829861112
358,9.600469678819447
359,9.783949413194446
360,9.646241840277774
361,9.649422295138892
362,9.466247461805557
363,9.382606600694443
364,9.252899626736113
365,9.149264918402773
366,9.115905895833336
367,8.806042145833333
368,8.993879854166666
369,8.879555076388888
370,9.089205100694443
371,9.398696756944442
372,9.442511446180557
373,9.490875758680557
374,9.68816051388889
375,9.665513763888887
376,9.700006506944446
377,9.271697263888887
378,9.574402274305552
379,9.699717708333333
380,9.770437942708332
381,10.138098432291667
382,10.053111967013887
383,9.64436921875
384,10.013645079861107
385,10.52005263020833
386,10.492709074652778
387,10.584639977430557
388,10.483166385416668
389,10.622166236111108
390,10.138000663194441
391,9.90359961111111
392,31.0
393,31.0
394,31.0
395,31.0
396,10.19484772395833
397,31.0
398,31.0
399,31.0
400,31.0
401,23.9188340711808
402,10.59830181423611
403,10.677702461805556
404,10.660621246527773
405,10.69399556944444
406,10.529585171875
407,11.015708788194441
408,10.830705046875002
409,10.940843107638889
410,10.726070809027778
411,10.577256387152776
412,10.790925857638888
413,10.521656104166667
414,10.120920930555556
415,10.087673190972222
416,10.207850807291669
417,10.56931735416667
418,10.892667248263887
419,10.506115265624999
420,10.547813548611108
421,10.509878203124998
422,10.369472178819445
423,10.164832854166667
424,10.157866881944443
425,10.272563461805555
426,10.743389793402775
427,10.683753572916663
428,10.746867456597222
429,10.657229029513884
430,10.787619730902776
431,10.79133494444444
432,10.85021347569444
433,11.029148144097222
434,11.219089060763888
435,10.988841086805555
436,10.929695012152777
437,10.728838810763888
438,10.559598012152776
439,10.515820887152778
440,31.0
441,31.0
442,31.0
443,31.0
444,10.730269715277775
445,31.0
446,31.0
447,31.0
448,31.0
449,31.0
450,10.047408753472222
451,10.358201303819442
452,10.751247852430554
453,10.690502046875
454,10.665707572916666
455,10.688137967013892
456,10.565946161458333
457,10.744016402777778
458,10.912559644097222
459,10.700211314236112
460,10.572233255208332
461,10.459178296875002
462,10.30387602951389
463,10.116254263888887
464,31.0
465,31.0
466,31.0
467,31.0
468,10.314233623263885
469,31.0
470,31.0
471,31.0
472,31.0
473,10.755903411458336
474,10.61201296701389
475,10.663697102430557
476,10.768055861111108
477,10.771672953124998
478,10.817394777777775
479,10.920452447916665
480,10.543643894097224
481,10.673058776041666
482,10.694932244791664
483,10.3665891875
484,10.162783227430555
485,10.165018803819443
486,10.183483394097221
487,10.242408592013888
488,31.0
489,31.0
490,10.162258920138886
491,9.634767576388883
492,9.502351359375002
493,9.528355398940972
494,31.0
495,31.0
496,31.0
497,9.703677083333332
498,9.70756597222222
499,9.711454861111111
500,9.715343749999999
501,9.719232638888888
502,9.723121527777776
503,9.727010416666666
504,9.637565972222221
505,9.641454861111109
506,9.645343749999997
507,9.649232638888888
508,9.653121527777778
509,9.657010416666667
510,9.660899305555553
511,9.664788194444444
512,31.0
513,31.0
514,9.378926435763887
515,9.35613721875
516,9.562712505208331
517,9.52827073090278
518,31.0
519,31.0
520,31.0
521,9.523208260416666
522,9.493784149305556
523,9.635069791666668
524,10.144944043402779
525,10.179565970486111
526,10.496058076388886
527,10.64996765972222
528,10.514532753472219
529,10.686208531250001
530,10.72968917708333
531,10.076016635416666
532,9.872094737847222
533,9.761512967013891
534,9.290443762152774
535,9.193635487847223
536,31.0
537,31.0
538,9.65631363715278
539,9.515172479166663
540,12.586832170328785
541,9.571551998263887
542,31.0
543,31.0
544,31.0
545,9.791549881944443
546,9.794284548611106
547,9.848143253472223
548,10.328986621527775
549,10.777229579861112
550,10.882372545138889
551,10.546984692708333
552,10.452469380208331
553,11.115644008680555
554,11.348585609374995
555,10.90560251909722
556,10.646296718749996
557,10.619292079861115
558,10.565671496527779
559,10.48529698611111
560,31.0
561,31.0
562,10.551973383680552
563,10.693865255208332
564,10.913385279513891
565,10.704454723958328
566,31.0
567,31.0
568,31.0
569,10.35807892534722
570,11.443590751736114
571,11.457474461805555
572,11.242015774305553
573,11.423062619791665
574,11.385341272569443
575,11.400120642361111
576,11.739296175347226
577,11.686504411458335
578,11.695999012152775
579,11.52378609375
580,11.292361499999998
581,11.165002953124999
582,11.052317901041667
583,11.03258987152778
584,31.0
585,31.0
586,11.278429324652778
587,11.334217234375002
588,11.613145006944443
589,10.70584062673611
590,31.0
591,31.0
592,31.0
593,10.568135763888888
594,10.755274067708335
595,10.724053897569446
596,10.676841121527774
597,10.60294581597222
598,10.485047149305556
599,10.922020873263891
600,10.815541199652777
601,10.911892407986112
602,10.79967092361111
603,10.7239173125
604,10.510432770833331
605,10.543588793402774
606,10.362909289930558
607,10.259247723958334
608,31.0
609,10.181251645833338
610,10.107044414930556
611,10.160047503472219
612,10.246943048611106
613,10.603427831597221
614,31.0
615,31.0
616,31.0
617,11.006812906250001
618,11.059535532986112
619,11.117097043402776
620,11.059982961805554
621,10.775197465277776
622,11.003665373263887
623,10.78708820486111
624,10.82748330902778
625,10.820330305555554
626,11.069456137152777
627,11.06819373090278
628,10.974821131944443
629,10.942513810763884
630,10.852434128472224
631,11.006120939236114
632,31.0
633,31.0
634,10.911480513888888
635,11.15173891319444
636,11.201199454861111
637,10.986712175347222
638,31.0
639,31.0
640,31.0
641,10.90640994965278
642,11.07385259895833
643,11.34032114930556
644,11.451876394097221
645,10.939339651041667
646,11.087362769097224
647,11.320086069444445
648,11.225445899305557
649,11.137523055555556
650,11.400547095486111
651,11.332489170138887
652,11.378928652777777
653,11.371414529513894
654,11.387347902777774
655,11.418169230902771
656,31.0
657,31.0
658,11.066607999999999
659,11.072105479166666
660,11.046281543402776
661,11.025091765625
662,31.0
663,31.0
664,31.0
665,11.13784673263889
666,11.178453149305557
667,11.296474109374996
668,11.161125706597225
669,11.265341815972223
670,11.397385817708333
671,11.528765961805556
672,11.34915832118055
673,11.618492192708334
674,11.687813411458333
675,11.653647651041668
676,11.464457362847218
677,11.272762654513894
678,11.147685548611113
679,10.814525531249998
680,31.0
681,23.47445289236085
682,10.92923321875
683,11.21240310069444
684,11.184150663194442
685,11.318302381944441
686,31.0
687,31.0
688,31.0
689,11.187433201388888
690,11.324757572916667
691,11.228359284722217
692,11.548883961805553
693,11.699237715277775
694,11.775915678819445
695,11.836903810763886
696,11.840585895833332
697,11.693384512152777
698,11.908315088541663
699,11.45162089409722
700,11.28619892361111
701,11.268297748263894
702,11.165358008680554
703,10.988533196180562
704,31.0
705,31.0
706,31.0
707,31.0
708,31.0
709,31.0
710,31.0
711,31.0
712,31.0
713,31.0
714,11.408196564236112
715,10.944510852430552
716,10.592653555555556
717,10.740525322916668
718,10.43885165798611
719,9.68091287673611
720,9.32715080208333
721,9.226256350694443
722,9.20507126388889
723,9.052348921875
724,9.050862564236112
725,8.863659291666668
726,8.80587688020833
727,8.653961118055555
728,8.554844666666666
729,8.571468803819444
730,8.802543300347224
731,9.389555656249998
732,10.101122791666665
733,10.016069279513887
734,9.72775512673611
735,9.77352149131944
736,9.379314170138889
737,9.26701231944444
738,9.321209807291666
739,9.141608717013888
740,9.336883621527775
741,9.368725126736113
742,9.11362129513889
743,9.151487211805556
744,8.982220102430555
745,9.480085404513886
746,9.585313086805554
747,9.563267911458334
748,9.496074473958336
749,9.472391444444446
750,9.456424444444442
751,9.428452772569445
752,9.384680168402776
753,9.384353574652776
754,9.227932850694446
755,9.321842104166665
756,9.789156744791667
757,9.958751784722221
758,10.004553927083334
759,10.302678215277776
760,10.303162612847222
761,10.215850251736109
762,10.187816248263887
763,10.271436546875002
764,10.10058723090278
765,9.886795236111114
766,9.638219293402779
767,9.345136986111108
768,9.036552352430558
769,9.013067862847219
770,9.034130340277779
771,8.871622630208332
772,8.65500097048611
773,8.597122576388891
774,8.562110362847218
775,8.549204550347227
776,8.498248743055553
777,8.490939697916666
778,8.446454017361111
779,8.374024628472222
780,8.364353885416667
781,31.0
782,8.22968620833333
783,31.0
784,31.0
785,31.0
786,31.0
787,8.621078934027777
788,8.594987612847222
789,8.643436776041664
790,8.762633967013889
791,8.835787369791664
792,8.787799562499998
793,8.795444826388893
794,8.57622531597222
795,8.518429524305555
796,8.289816803819443
797,8.176496623263887
798,8.165662847222222
799,8.15720854861111
800,8.241198826388889
801,8.382720791666664
802,8.500041994791667
803,8.605755302083335
804,8.4125724375
805,31.0
806,9.989924874999998
807,31.0
808,31.0
809,31.0
810,31.0
811,9.106294762152777
812,9.198492880208331
813,9.09545086284722
814,9.182734069444443
815,9.335333583333332
816,9.120958279513887
817,8.690091277777775
818,8.987177293402777
819,9.142557374999999
820,8.940578293402776
821,8.979872197916665
822,8.893255012152776
823,31.0
824,31.0
825,31.0
826,8.703744473958336
827,9.167423210069444
828,31.0
829,9.340403442708329
830,31.0
831,31.0
832,31.0
833,31.0
834,28.306931513889307
835,31.0
836,31.0
837,31.0
838,10.06836339930555
839,9.890959118055557
840,9.648582039930552
841,9.489777305555554
842,9.764266713541664
843,9.849406729166668
844,9.645333237847224
845,9.602837003472219
846,9.534729956597221
847,9.479616769097223
848,9.338560230902775
849,9.223339720486113
850,9.1624693125
851,9.343173121527776
852,9.603840008680555
853,9.701425526041668
854,9.69519932986111
855,31.0
856,31.0
857,9.28676589409722
858,9.580068798611114
859,9.66915226909722
860,9.549043534722221
861,9.349189852430555
862,9.34607394097222
863,9.272343354166665
864,8.97689068402778
865,8.864410697916666
866,8.844317258680553
867,8.787287845486109
868,8.876906196180558
869,8.871394887152778
870,8.840170329861113
871,8.83244243923611
872,8.774107501736113
873,8.786908362847221
874,8.873095498263886
875,8.968858524305558
876,9.119288135416665
877,9.186483590277776
878,9.170369480902778
879,31.0
880,31.0
881,9.494857519097225
882,9.47793241840278
883,9.416068204861114
884,9.311894289930557
885,9.253247342013887
886,9.489949935763887
887,9.569337178819442
888,9.477921006944444
889,9.341481078124998
890,9.115367953125002
891,8.998997874999999
892,8.9567401875
893,8.94167525173611
894,8.916024991319443
895,8.860283602430558
896,8.789489649305558
897,8.735361140624999
898,8.961320289930553
899,8.936356503472224
900,8.65032775347222
901,19.705695152776908
902,9.02693020833333
903,31.0
904,31.0
905,9.057071552083334
906,9.330130699652777
907,9.291116965277778
908,9.176921456597222
909,9.283762079861113
910,9.403971026041665
911,9.430041967013887
912,9.65398727951389
913,9.079106081597219
914,9.030485296875
915,9.23535392013889
916,9.416588003472222
917,9.234747654513887
918,9.149315546874998
919,31.0
920,31.0
921,31.0
922,9.234830536458333
923,9.501054111111111
924,31.0
925,9.654329927083333
926,31.0
927,31.0
928,31.0
929,31.0
930,9.968009843749998
931,9.992467661458331
932,9.231418534722225
933,9.130145366319445
934,9.042534314236107
935,9.46003531423611
936,9.597730029513887
937,9.62341772048611
938,9.650705190972221
939,9.31464881423611
940,9.71272160590278
941,9.730007145833333
942,9.707565473958331
943,31.0
944,31.0
945,31.0
946,9.747210496527774
947,9.817092906249997
948,31.0
949,9.834009949652774
950,31.0
951,31.0
952,31.0
953,31.0
954,10.150069185763886
955,10.149680479166664
956,10.073672887152778
957,9.29143994965278
958,9.321699491319443
959,9.602128909722223
960,9.499684128472223
961,9.410308590277777
962,9.439948777777778
963,9.600943527777778
964,9.21749305555556
965,8.978134253472222
966,9.047446467013886
967,8.993852802083332
968,8.998686289930555
969,8.98910476041667
970,9.053074114583332
971,8.531304335069443
972,7.905031920138887
973,8.164736477430555
974,8.610252461805555
975,8.627691977430551
976,9.122888128472221
977,9.466521725694445
978,9.312636241319444
979,9.134002269097223
980,8.816683470486112
981,8.84443431423611
982,8.965275946180553
983,9.165167168402775
984,9.047848383680554
985,9.162202085069444
986,9.000612152777778
987,8.933008862847222
988,8.767221312499998
989,8.833269095486113
990,9.021187194444444
991,8.975418192708334
992,31.0
993,31.0
994,9.023726723958331
995,9.249725916666668
996,31.0
997,8.789238427083331
998,31.0
999,31.0
1000,31.0
1001,8.74639796527778
1002,8.894060218749997
1003,8.816747065972221
1004,8.598949102430554
1005,8.353038081597223
1006,8.506461991319442
1007,8.813810237847218
1008,8.839863763888888
1009,8.964136440972219
1010,9.080660045138885
1011,9.009130934027779
1012,8.922558118055553
1013,8.976837710069445
1014,8.77548676909722
1015,8.614427196180555
1016,31.0
1017,31.0
1018,8.619445515624998
1019,8.519366564236106
1020,9.017717515624998
1021,8.838112135416667
1022,31.0
1023,31.0
1024,31.0
1025,9.568546750000001
1026,9.583923149305557
1027,9.754868229166663
1028,9.961385607638888
1029,9.92079467361111
1030,9.761967529513889
1031,9.745149312499999
1032,9.447014123263887
1033,9.844503083333333
1034,9.481229394097221
1035,9.628370390625
1036,9.690944970486111
1037,9.685701010416667
1038,9.973589913194441
1039,9.858507555555555
1040,31.0
1041,31.0
1042,10.350809328124997
1043,10.275795456597221
1044,31.0
1045,9.834041194444442
1046,31.0
1047,31.0
1048,31.0
1049,9.850140392361112
1050,10.038307829861115
1051,10.099853154513886
1052,10.180162939236109
1053,10.122910595486113
1054,9.653935751736112
1055,9.42810350173611
1056,9.288860947916666
1057,9.525229376736108
1058,9.496598319444443
1059,9.674998217013888
1060,9.70534688715278
1061,10.042601345486112
1062,9.87279027777778
1063,9.86811025520833
1064,31.0
1065,31.0
1066,10.633262901041668
1067,11.314765097222221
1068,21.095431954861336
1069,11.01869594097222
1070,31.0
1071,31.0
1072,31.0
1073,10.13497345486111
1074,10.287461685763889
1075,9.903676914930557
1076,9.730363282986113
1077,9.296898491319443
1078,9.187083135416668
1079,8.825034932291667
1080,8.611942755208336
1081,8.650691145833331
1082,8.686912828125003
1083,8.843023826388889
1084,8.746625623263887
1085,8.746394623263887
1086,8.635465392361114
1087,31.0
1088,31.0
1089,31.0
1090,8.858889654513892
1091,9.094460265624999
1092,31.0
1093,9.072587720486109
1094,31.0
1095,31.0
1096,31.0
1097,31.0
1098,9.74399228298611
1099,9.359253956597218
1100,8.987161895833335
1101,8.748621012152777
1102,8.680910644097223
1103,8.722657854166666
1104,8.575519421874995
1105,8.798777944444444
1106,8.910181753472223
1107,8.954250630208332
1108,8.829204647569442
1109,8.847613237847222
1110,8.797236680555553
1111,31.0
1112,31.0
1113,31.0
1114,8.556486446180553
1115,8.443944177083335
1116,31.0
1117,8.610694713541667
1118,31.0
1119,31.0
1120,31.0
1121,31.0
1122,8.448725687499998
1123,8.374331328125
1124,8.515951208333334
1125,8.694364498263889
1126,8.770378604166668
1127,8.711459883680554
1128,8.324128628472222
1129,7.832900359375
1130,7.839823796874999
1131,7.99970006597222
1132,8.576218595486113
1133,8.468499569444445
1134,8.699943960069445
1135,8.126992331597222
1136,7.912099598958331
1137,7.951730256944449
1138,8.076546515625
1139,8.054924645833333
1140,7.8048473003472205
1141,7.852819503472222
1142,8.012174467013889
1143,31.0
1144,31.0
1145,8.136636277777775
1146,8.186818791666665
1147,8.30346274479167
1148,8.677878453124999
1149,8.663359675347222
1150,8.854191840277778
1151,9.074799197916667
1152,8.963389008680554
1153,8.829520048611112
1154,8.821471336805557
1155,8.689090727430553
1156,8.761312571180556
1157,8.80973695486111
1158,8.451792744791668
1159,8.425304890625
1160,8.4707595
1161,8.408302729166666
1162,8.237404352430556
1163,8.253275479166666
1164,8.450987866319442
1165,8.189012902777778
1166,8.62506866666667
1167,31.0
1168,9.470444229166668
1169,9.010154137152778
1170,8.678143821180557
1171,9.342931548611114
1172,9.267053274305555
1173,9.040289708333333
1174,8.730907147569443
1175,9.060557819444442
1176,8.831504171875
1177,9.524400447916664
1178,9.18916406770833
1179,9.120575977430557
1180,9.090322706597224
1181,8.957806034722225
1182,8.986844793402778
1183,8.940189015624995
1184,8.757245899305554
1185,8.652434765625
1186,8.571142319444442
1187,8.471446557291666
1188,8.574299197916666
1189,8.99046335590278
1190,9.075179956597221
1191,31.0
1192,10.962625539928396
1193,9.254504401041668
1194,9.644957340277777
1195,9.609601980902777
1196,9.317789517361112
1197,9.392832130208333
1198,9.394403909722222
1199,9.55631215972222
1200,9.62983102083333
1201,9.80584706597222
1202,9.820296937499997
1203,10.053140416666663
1204,9.918852538194447
1205,9.702638458333332
1206,9.176742434027778
1207,31.0
1208,31.0
1209,23.784645234375855
1210,8.91899694097222
1211,9.241798501736108
1212,9.125263546875004
1213,8.967501460069444
1214,8.946334128472222
1215,9.375750513888887
1216,9.435540211805554
1217,31.0
1218,9.288364348958332
1219,9.288434397569445
1220,8.917478682291668
1221,9.206218559027777
1222,9.375274222222224
1223,9.51601190798611
1224,9.660782626736113
1225,9.870740213541668
1226,9.896998246527778
1227,9.992747892361113
1228,10.009964866319445
1229,9.808901217013887
1230,9.756350065972216
1231,31.0
1232,31.0
1233,31.0
1234,8.83459986111111
1235,9.024541057291662
1236,9.210957255208333
1237,9.463857496527776
1238,9.699067206597222
1239,9.609936619791668
1240,9.718626677083336
1241,31.0
1242,9.79878784548611
1243,9.792432513888885
1244,9.704696616319442
1245,9.682001000000001
1246,9.56785440625
1247,9.661643444444442
1248,9.805572157986106
1249,10.001087444444448
1250,10.026632631944446
1251,9.735047437500002
1252,9.589561612847218
1253,9.582174401041668
1254,9.475362361111113
1255,9.101483392361114
1256,9.003048736111111
1257,8.947868684027776
1258,9.144614050347222
1259,9.240256824652777
1260,9.711042942708332
1261,31.0
1262,10.23266643923611
1263,31.0
1264,31.0
1265,31.0
1266,31.0
1267,10.528308230902777
1268,10.59238472395833
1269,10.604958230902778
1270,10.386398276041662
1271,10.24282862847222
1272,10.02786497222222
1273,9.942686930555556
1274,9.653632734375
1275,9.351469020833337
1276,9.237184213541667
1277,8.986841378472219
1278,9.033552585069444
1279,9.000042163194449
1280,8.971945815972223
1281,8.94318102951389
1282,9.045868744791665
1283,9.264849598958332
1284,9.278100671875
1285,31.0
1286,9.269560465277777
1287,31.0
1288,31.0
1289,31.0
1290,31.0
1291,9.252634817708332
1292,9.194380039930554
1293,9.28218025
1294,9.182497807291666
1295,9.039663500000001
1296,9.212155215277775
1297,9.182877909722224
1298,8.886947939236109
1299,8.602848953125001
1300,8.797767258680556
1301,8.656231694444445
1302,8.655085164930556
1303,8.570121121527777
1304,8.401245635416664
1305,8.331971217013889
1306,8.328146713541665
1307,8.216036536458333
1308,8.627214300347223
1309,31.0
1310,9.21865917534722
1311,31.0
1312,31.0
1313,31.0
1314,31.0
1315,9.951815355902772
1316,9.735376401041664
1317,9.56038743576389
1318,9.650531333333333
1319,9.678242255208332
1320,9.762116935763888
1321,9.51184797743055
1322,9.404576914930555
1323,9.296628723958333
1324,9.201090487847223
1325,9.178704256944444
1326,9.10953217708333
1327,8.973720631944444
1328,9.440745732638888
1329,9.676748399305556
1330,9.920135032986114
1331,10.608103078125
1332,10.586383196180554
1333,9.371943182291664
1334,9.467862213541663
1335,9.63247068923611
1336,9.850885782986113
1337,9.816849486111114
1338,9.760595395833333
1339,9.854121520833331
1340,9.408705687500001
1341,9.370222239583335
1342,9.424660364583332
1343,9.505941350694444
1344,9.322869390624996
1345,9.349069552083332
1346,9.597798874999999
1347,9.74242210763889
1348,9.711683394097225
1349,9.637861333333332
1350,9.65533650520833
1351,9.543649633680554
1352,9.492012164930557
1353,9.289823520833334
1354,8.994219038194446
1355,9.00660987673611
1356,9.149664635416666
1357,9.045054083333332
1358,9.383799322916666
1359,31.0
1360,31.0
1361,9.885262637152778
1362,9.987402274305555
1363,9.885625555555558
1364,9.810959484375
1365,9.816015805555555
1366,9.893830005208333
1367,9.829310118055554
1368,9.789762074652778
1369,9.886006435763887
1370,10.05047240798611
1371,10.091123461805557
1372,9.956893612847223
1373,9.853893461805555
1374,9.846005154513888
1375,9.393343786458331
1376,9.11530924305556
1377,10.399189439236112
1378,10.586666416666665
1379,10.11656398958333
1380,10.041991239583332
1381,21.760727240936507
1382,9.781516803819445
1383,31.0
1384,31.0
1385,9.617995163194443
1386,9.495885586979167
1387,9.817595605902778
1388,9.843626406250007
1389,9.893639668402777
1390,10.057459489583332
1391,9.99637963454861
1392,9.904196993055553
1393,9.770479646788194
1394,9.702065223958334
1395,9.631133020833335
1396,9.138871092968747
1397,9.021602770833335
1398,8.881005364583332
1399,31.0
1400,31.0
1401,31.0
1402,4.605210069444443
1403,4.609098958333332
1404,31.0
1405,4.374264357847222
1406,31.0
1407,31.0
1408,31.0
1409,31.0
1410,7.833171354166664
1411,7.837086979166667
1412,7.8355974375
1413,7.828765157986112
1414,7.85390926736111
1415,7.904572970486111
1416,7.842923168402777
1417,7.835226388888889
1418,7.843669288194445
1419,7.84670265798611
1420,7.852721527777779
1421,7.854535925347222
1422,7.867180902777777
1423,31.0
1424,31.0
1425,31.0
1426,9.145990947916665
1427,9.44856684722222
1428,31.0
1429,9.233548102430554
1430,31.0
1431,31.0
1432,31.0
1433,31.0
1434,10.524936260416668
1435,10.815636756944441
1436,11.092617168402779
1437,10.176168916666668
1438,10.182308147569447
1439,10.148998173611112
1440,10.083640923611114
1441,10.106133722222223
1442,10.141736098958333
1443,10.069881512152778
1444,10.122523723958333
1445,9.929329362847222
1446,9.613708562499998
1447,9.640684071180553
1448,9.540524838541666
1449,9.643127946180552
1450,9.52722559201389
1451,9.473805699652777
1452,9.548736883680558
1453,31.0
1454,9.493332831597222
1455,31.0
1456,31.0
1457,31.0
1458,9.788824196180554
1459,9.927124496527776
1460,9.878107190972223
1461,9.97055035763889
1462,9.822498012152774
1463,9.962571743055555
1464,9.874484362847221
1465,9.764807196180552
1466,9.731965128472224
1467,9.753660267361106
1468,9.593683555555554
1469,9.449425052083331
1470,9.43668407986111
1471,9.329546916666667
1472,9.088764696180556
1473,9.248480597222217
1474,9.529373607638886
1475,9.6035961875
1476,9.537997911458334
1477,31.0
1478,9.669153885416666
1479,31.0
1480,31.0
1481,31.0
1482,9.795361296874999
1483,9.654006213541667
1484,9.767290409722222
1485,9.729230340277777
1486,9.763986130208336
1487,9.742332991319447
1488,9.668188565972226
1489,9.549358619791667
1490,9.363358751736111
1491,9.474931824652781
1492,9.52409376041667
1493,9.33785978125
1494,9.516638578125
1495,9.41279877951389
1496,9.515611194444446
1497,9.266469491319446
1498,9.122133428819444
1499,8.743018605902774
1500,8.612772340277775
1501,31.0
1502,8.823049703125003
1503,31.0
1504,31.0
1505,31.0
1506,31.0
1507,8.939038026041668
1508,8.932579967013888
1509,8.96603028125
1510,9.09370737673611
1511,9.292230670138887
1512,9.199348630208332
1513,9.252369498263889
1514,9.237445060763887
1515,9.335173397569443
1516,9.296743324652773
1517,9.251163565972224
1518,9.249464680555555
1519,9.251178927083332
1520,9.160707256944445
1521,9.061479303819446
1522,8.7666635
1523,8.533501095486113
1524,8.607015277777778
1525,31.0
1526,8.407957967013889
1527,31.0
1528,31.0
1529,31.0
1530,8.373601772569444
1531,8.333723623263891
1532,8.329787703125003
1533,8.340574496527777
1534,8.402596671875001
1535,8.635676315972221
1536,8.486403357638888
1537,8.352538942708334
1538,8.346361649305553
1539,8.298404710069445
1540,8.278877371527777
1541,8.246358178819442
1542,8.28079737673611
1543,8.32676911111111
1544,8.28647634548611
1545,8.269328532986108
1546,8.183290451388888
1547,8.192241434027778
1548,8.32489589409722
1549,31.0
1550,8.378690894097224
1551,31.0
1552,31.0
1553,31.0
1554,16.05785740277716
1555,8.432210536458335
1556,8.494335123263888
1557,8.557662798611112
1558,8.543558333333333
1559,8.794867605902775
1560,8.692338253472222
1561,8.511690079861106
1562,8.404771156250002
1563,8.389178364583334
1564,8.370248092013888
1565,8.320363685763892
1566,8.243562942708332
1567,8.273082805555555
1568,8.389383722222222
1569,8.259658895833336
1570,8.271550838541666
1571,8.435116776041667
1572,8.62886757638889
1573,31.0
1574,8.614427670138888
1575,31.0
1576,31.0
1577,31.0
1578,31.0
1579,8.83584559375
1580,8.883479281249999
1581,8.880871319444445
1582,8.757121892361114
1583,8.819397963541666
1584,8.763496461805554
1585,8.76309425347222
1586,8.660502107638884
1587,8.598691475694443
1588,8.580870581597221
1589,8.405638378472222
1590,8.33422970138889
1591,8.403755597222224
1592,8.321554196180555
1593,8.230146798611111
1594,8.821107093750001
1595,8.903693762152775
1596,8.995330506944446
1597,31.0
1598,8.826471706597221
1599,31.0
1600,31.0
1601,31.0
1602,31.0
1603,8.722078968749999
1604,8.616928967013889
1605,8.563994796874999
1606,8.60828197395833
1607,8.717359668402777
1608,8.617642104166666
1609,8.662258998263889
1610,8.637112361111116
1611,8.553658871527778
1612,8.529479315972223
1613,8.589181902777776
1614,8.530361194444444
1615,8.544895588541662
1616,8.475429496527774
1617,8.429687255208334
1618,8.413292246527778
1619,8.398528274305555
1620,8.403246006944446
1621,31.0
1622,8.38875718576389
1623,31.0
1624,31.0
1625,31.0
1626,22.01085111111024
1627,8.375868557291668
1628,8.379049036458333
1629,8.381289145833332
1630,8.320752914930555
1631,8.427820940972222
1632,8.166443493055557
1633,8.160408788194443
1634,8.16876259548611
1635,8.164461326388889
1636,8.169481954861109
1637,8.212340815972224
1638,8.216470342013887
1639,8.222052635416667
1640,8.200314840277779
1641,8.176790453124996
1642,8.17430708159722
1643,8.200449383680555
1644,8.366417074652777
1645,31.0
1646,8.339246282986108
1647,31.0
1648,31.0
1649,31.0
1650,31.0
1651,8.615557914930555
1652,8.662389470486112
1653,8.639025171875
1654,8.906336164930554
1655,8.911851545138887
1656,8.901450286458335
1657,8.792236723958336
1658,8.966706328124998
1659,8.823974395833334
1660,8.637773958333332
1661,8.568256423611112
1662,8.569930687500001
1663,8.477395706597223
1664,8.497789866319444
1665,8.548342128472225
1666,8.65375681770833
1667,8.580953135416665
1668,8.40664594097222
1669,8.428465852430556
1670,8.435999881944447
1671,8.380275993055555
1672,8.68990128125
1673,8.570665894097223
1674,8.509234088541668
1675,8.241613309027779
1676,8.26808969097222
1677,8.277864947916669
1678,8.291173868055553
1679,8.381727897569444
1680,8.106714960069445
1681,8.091193578125
1682,8.20097516145833
1683,8.254067354166668
1684,8.264038805555556
1685,8.209230604166667
1686,8.188040911458332
1687,31.0
1688,31.0
1689,8.092188246527778
1690,8.06620411284722
1691,8.028905998263888
1692,8.078117043402779
1693,8.18594264930555
1694,8.983916204861112
1695,9.113219743055557
1696,9.196626274305556
1697,31.0
1698,9.0025018125
1699,8.985246934027776
1700,9.045540218749998
1701,8.393748173611112
1702,8.274806932291664
1703,8.17142161111111
1704,8.011097791666664
1705,8.227249029513889
1706,8.349431963541667
1707,8.314682590277778
1708,8.359094527777778
1709,8.233841255208334
1710,8.319774251736108
1711,31.0
1712,31.0
1713,8.31051111284722
1714,8.243682854166666
1715,8.438218092013885
1716,8.346293642361111
1717,8.419130526041663
1718,8.659535864583336
1719,8.795006645833332
1720,8.990504189236113
1721,31.0
1722,8.981340217013887
1723,8.88437610763889
1724,9.033290473958337
1725,9.00594707638889
1726,9.14052679166667
1727,9.557742444444447
1728,9.40144676041667
1729,9.514673072916667
1730,9.605748395833333
1731,9.713012385416665
1732,9.63540072395833
1733,9.61411504861111
1734,9.375529843749998
1735,31.0
1736,9.128882303819445
1737,31.0
1738,9.004409895833334
1739,31.0
1740,31.0
1741,9.12517321527778
1742,31.0
1743,31.0
1744,9.435170427083335
1745,9.676502755208332
1746,9.834458423611109
1747,9.76664983680555
1748,9.603059435763889
1749,9.474203399305557
1750,9.55175477083333
1751,9.740283315972224
1752,9.561934824652777
1753,9.506117480902777
1754,9.44202540798611
1755,9.426013661458331
1756,9.367665331597221
1757,9.35067091145833
1758,9.392017019097217
1759,31.0
1760,31.0
1761,11.725227968748861
1762,9.464756802083334
1763,9.42398740451389
1764,9.456978586805553
1765,9.556284208333334
1766,9.236421019097222
1767,9.285801401041665
1768,8.854715989583333
1769,31.0
1770,9.09516041145833
1771,9.139238038194444
1772,9.143572508680556
1773,8.880171635416668
1774,9.068985418402779
1775,9.232560020833334
1776,9.157078729166669
1777,9.279332829861108
1778,9.288546920138884
1779,9.245999401041665
1780,9.206321809027779
1781,9.167283453125002
1782,9.075782309027774
1783,31.0
1784,9.024566881944443
1785,31.0
1786,9.509584218750001
1787,31.0
1788,31.0
1789,9.492781496527776
1790,31.0
1791,31.0
1792,9.342413913194441
1793,9.317400944444442
1794,9.304611118055554
1795,9.3648506875
1796,9.357176269097224
1797,9.339676305555555
1798,9.290128640625001
1799,9.209843210069444
1800,9.164105829861114
1801,9.170129196180554
1802,9.161010967013889
1803,9.079388913194448
1804,8.866323180555554
1805,8.877463947916663
1806,8.792954345486113
1807,10.140489675347009
1808,8.787640385416665
1809,31.0
1810,8.867347173611112
1811,31.0
1812,31.0
1813,9.072890871527775
1814,31.0
1815,31.0
1816,9.311382147569445
1817,9.401459387152777
1818,9.284737133680558
1819,9.333841246527776
1820,9.266304663194443
1821,9.541712225694443
1822,9.539986385416668
1823,9.735640043402775
1824,9.650916953125
1825,9.676252821180556
1826,9.799825802083333
1827,9.743380123263885
1828,9.701585991319446
1829,9.473037583333332
1830,9.406227322916665
1831,31.0
1832,9.43822352083333
1833,31.0
1834,9.427174592013893
1835,31.0
1836,31.0
1837,9.630334364583334
1838,31.0
1839,31.0
1840,9.707433130208333
1841,9.744666409722221
1842,9.697538277777776
1843,9.675929824652776
1844,9.585618486111109
1845,9.574241104166667
1846,9.733177149305556
1847,9.84751732465278
1848,9.832833876736109
1849,9.817575347222224
1850,9.751201760416665
1851,9.709853124999999
1852,9.696359118055556
1853,9.703039524305554
1854,9.636264725694446
1855,9.569984861111108
1856,9.523934996527782
1857,31.0
1858,10.092262128472221
1859,31.0
1860,31.0
1861,9.625797854166668
1862,31.0
1863,31.0
1864,9.741615151041666
1865,9.730759123263889
1866,9.476212302083331
1867,9.230403729166667
1868,9.373610118055554
1869,9.626109111111111
1870,9.640313848958332
1871,9.59006648784722
1872,9.618080694444444
1873,9.387057105902777
1874,9.244329755208334
1875,9.166954137152777
1876,9.177994802083333
1877,9.119653059027776
1878,9.10198823090278
1879,9.002301388888887
1880,9.015935553819444
1881,9.01898220659722
1882,9.1398995625
1883,9.033947684027776
1884,8.953947467013888
1885,8.963700423611114
1886,9.003990564236107
1887,8.99046990625
1888,9.021455734375
1889,9.024792097222221
1890,8.987378178819442
1891,8.901892671875
1892,8.946148737847222
1893,8.759738786458332
1894,8.535448335069443
1895,8.776339541666665
1896,8.875449515625004
1897,8.911189984375
1898,8.90055671701389
1899,8.898697342013888
1900,8.893834602430555
1901,8.938239649305553
1902,8.904127604166668
1903,31.0
1904,8.911143402777778
1905,31.0
1906,8.919402430555555
1907,31.0
1908,31.0
1909,8.930084321180557
1910,31.0
1911,31.0
1912,8.960292468750003
1913,8.983253124999997
1914,9.03281175173611
1915,8.957321126736112
1916,9.165990859375
1917,9.187204809027778
1918,9.245274256944443
1919,9.327277190972225
1920,9.29685065798611
1921,9.285624833333333
1922,9.174013685763889
1923,9.08368889409722
1924,9.10790163888889
1925,9.076812925347225
1926,9.084199857638884
1927,31.0
1928,9.413069409722224
1929,31.0
1930,9.47795095138889
1931,31.0
1932,31.0
1933,9.631461546875002
1934,31.0
1935,31.0
1936,9.182491876736114
1937,9.237125916666667
1938,9.457612840277774
1939,9.347775281249998
1940,9.527266984375002
1941,9.732126687500003
1942,10.040245845486112
1943,10.065291906249998
1944,9.80196709722222
1945,9.742063612847222
1946,9.687360387152774
1947,9.754475730902776
1948,9.644375125
1949,9.739881885416665
1950,9.72189606597222
1951,31.0
1952,9.817925335069443
1953,31.0
1954,10.062121708333333
1955,31.0
1956,31.0
1957,9.522061973958335
1958,31.0
1959,31.0
1960,9.586920133680554
1961,9.430543755208337
1962,9.601818539930553
1963,9.512041911458333
1964,9.261893217013888
1965,9.182080310763888
1966,9.211854166666665
1967,9.142789164930553
1968,9.091740085069445
1969,8.996295461805554
1970,8.995853197916668
1971,9.015485135416663
1972,9.006103920138889
1973,8.987122204861112
1974,8.965544741319443
1975,17.46297605729184
1976,8.88023205902778
1977,31.0
1978,9.30259338020833
1979,31.0
1980,31.0
1981,9.301266187499998
1982,31.0
1983,31.0
1984,9.226036142361114
1985,9.29371727083333
1986,9.39737203125
1987,9.640495690972221
1988,9.623802210069442
1989,9.748783248263887
1990,9.86893412847222
1991,10.065880112847223
1992,9.804489211805553
1993,9.600620810763887
1994,9.297908848958334
1995,9.33824342013889
1996,9.279904119791667
1997,9.284949114583332
1998,9.210051083333331
1999,9.188482697916667
2000,9.099200723958333
2001,31.0
2002,9.21473398611111
2003,31.0
2004,31.0
2005,9.310837703125001
2006,31.0
2007,31.0
2008,9.760887572916666
2009,9.865500312499998
2010,9.961303369791665
2011,9.845775479166669
2012,9.851411074652777
2013,9.55325765625
2014,9.47518709375
2015,9.335453932291667
2016,9.22942654861111
2017,9.308822711805558
2018,9.432596347222223
2019,9.287645463541667
2020,9.213322234375005
2021,8.812419498263889
2022,8.540748282986112
2023,8.507652210069443
2024,8.541832991319442
2025,8.91771931944444
2026,9.14529143402778
2027,9.33314706770833
2028,9.40999879166667
2029,9.405933663194443
2030,9.302722126736107
2031,9.277437397569447
2032,9.312487321180553
2033,9.355500072916664
2034,9.27646233159722
2035,8.832583727430555
2036,8.803079310763891
2037,8.727410368055557
2038,8.667863482638888
2039,8.704597708333333
2040,8.732861374999997
2041,8.795409291666667
2042,8.665688840277776
2043,8.78534950173611
2044,8.652073354166667
2045,8.70832242534722
2046,8.603127968749998
2047,8.625861453125
2048,8.574963541666666
2049,8.578852430555555
2050,31.0
2051,8.586630208333332
2052,8.590519097222222
2053,8.594407986111111
2054,25.05176205729047
2055,8.602185763888889
2056,8.606074652777776
2057,8.609963541666668
2058,8.613852430555555
2059,8.617741319444443
2060,8.621630208333332
2061,8.625519097222222
2062,8.62940798611111
2063,8.633296875
2064,8.546769097222223
2065,8.550657986111112
2066,8.554546875
2067,8.558435763888887
2068,8.562324652777777
2069,8.563296874999999
2070,8.567185763888888
2071,8.571074652777778
2072,8.574963541666666
2073,8.578852430555555
2074,8.582741319444445
2075,8.586630208333332
2076,8.590519097222222
2077,8.594407986111111
2078,8.598296874999999
2079,8.602185763888889
2080,8.606074652777776
2081,8.609963541666668
2082,8.613852430555555
2083,8.617741319444443
2084,8.621630208333332
2085,8.625519097222222
2086,8.62940798611111
2087,8.633296875
2088,8.546769097222223
2089,31.0
2090,8.554546875
2091,31.0
2092,8.562324652777777
2093,8.563296874999999
2094,31.0
2095,31.0
2096,31.0
2097,31.0
2098,31.0
2099,31.0
2100,31.0
2101,31.0
2102,31.0
2103,31.0
2104,31.0
2105,8.609963541666668
2106,31.0
2107,8.617741319444443
2108,8.621630208333332
2109,31.0
2110,8.62940798611111
2111,31.0
2112,8.546769097222223
2113,8.550657986111112
2114,8.554546875
2115,8.558435763888887
2116,8.562324652777777
2117,8.563296874999999
2118,8.567185763888888
2119,8.571074652777778
2120,8.574963541666666
2121,8.578852430555555
2122,8.582741319444445
2123,8.586630208333332
2124,8.590519097222222
2125,8.594407986111111
2126,31.0
2127,8.602185763888889
2128,8.606074652777776
2129,8.609963541666668
2130,8.613852430555555
2131,8.617741319444443
2132,8.621630208333332
2133,8.625519097222222
2134,8.62940798611111
2135,8.633296875
2136,8.546769097222223
2137,8.550657986111112
2138,8.554546875
2139,8.558435763888887
2140,8.562324652777777
2141,8.563296874999999
2142,8.567185763888888
2143,8.571074652777778
2144,8.574963541666666
2145,8.578852430555555
2146,8.582741319444445
2147,8.586630208333332
2148,8.590519097222222
2149,8.594407986111111
2150,31.0
2151,8.635088996527776
2152,8.63979336111111
2153,8.643169791666667
2154,8.640321180555553
2155,8.624977885416667
2156,8.619977029513887
2157,8.615515331597221
2158,8.611307638888889
2159,8.619674826388888
2160,8.535178993055554
2161,8.544802789930555
2162,8.583729340277777
2163,8.541583105902777
2164,8.545137793402779
2165,8.548244444444443
2166,8.550043468749998
2167,31.0
2168,31.0
2169,31.0
2170,9.731886220486112
2171,31.0
2172,31.0
2173,9.579575723958335
2174,31.0
2175,31.0
2176,9.413500663194446
2177,9.224911913194441
2178,9.396543053819444
2179,9.382625789930557
2180,9.180976401041669
2181,8.957719701388884
2182,8.97688393923611
2183,9.089352465277777
2184,9.157974510416663
2185,9.287999862847224
2186,9.218422305555555
2187,9.21411655208333
2188,9.31486145138889
2189,9.302474586805557
2190,9.237896767361109
2191,9.211707506944443
2192,9.19175228125
2193,9.220287270833333
2194,9.291698281250001
2195,9.71858369270833
2196,9.834532519097216
2197,9.412163104166666
2198,9.350485994791665
2199,9.706569784722223
2200,9.94130281423611
2201,9.869942954861108
2202,9.621019454861111
2203,9.514091598958334
2204,9.144971743055553
2205,9.151544755208333
2206,9.262871175347222
2207,9.30036281076389
2208,8.730566395833332
2209,8.560853461805557
2210,8.56434130902778
2211,8.709334484374999
2212,8.630377048611113
2213,8.576299654513889
2214,8.514390876736112
2215,31.0
2216,31.0
2217,31.0
2218,9.106987482638887
2219,31.0
2220,31.0
2221,9.524539487847223
2222,31.0
2223,31.0
2224,9.609435888888887
2225,9.601360842013888
2226,9.767194779513892
2227,9.55518966840278
2228,9.501947717013886
2229,9.284804921875002
2230,9.216902782986113
2231,9.18335222048611
2232,9.040634105902779
2233,9.327613762152776
2234,9.23448630902778
2235,9.228064015624998
2236,9.035981572916665
2237,8.857157835069444
2238,8.675814644097219
2239,8.548353430555554
2240,8.520791696180556
2241,8.601310836805553
2242,8.877440201388888
2243,9.817467041666665
2244,9.771038763888889
2245,9.669257560763887
2246,9.464680458333332
2247,9.463231166666665
2248,9.311841777777778
2249,9.28342394097222
2250,9.294010225694443
2251,9.271818086805556
2252,9.196380897569444
2253,9.082969437500001
2254,9.206961434027779
2255,9.155101204861108
2256,8.936750958333333
2257,8.834599897569442
2258,8.777548451388888
2259,8.678984428819447
2260,8.626593779513888
2261,8.586178453125
2262,8.465312151041667
2263,31.0
2264,30.916851993055296
2265,31.0
2266,8.34196043576389
2267,31.0
2268,31.0
2269,8.788013147569446
2270,31.0
2271,31.0
2272,8.776080626736114
2273,8.524537170138888
2274,8.45737042013889
2275,8.635926456597222
2276,8.464114458333333
2277,8.496544085069441
2278,8.399152222222222
2279,8.433221598958333
2280,31.0
2281,31.0
2282,31.0
2283,8.292870395833333
2284,31.0
2285,31.0
2286,8.294513147569443
2287,8.321862901041667
2288,8.397048053819441
2289,8.413520694444445
2290,8.49889251215278
2291,8.451719755208336
2292,8.540687494791664
2293,8.686625293402779
2294,8.659553741319446
2295,8.604489565972223
2296,8.730063307291669
2297,8.769279640625
2298,8.723902711805554
2299,8.673036081597223
2300,8.641713487847221
2301,8.639502034722222
2302,8.620077144097225
2303,8.272011793402779
2304,8.095138236111111
2305,8.124555638888888
2306,8.143951557291668
2307,8.09437718055555
2308,8.070616348958332
2309,8.069766104166668
2310,8.019296067708332
2311,8.119524048611112
2312,7.88682950173611
2313,8.047383069444445
2314,7.964722706597222
2315,8.142850928819445
2316,8.296640236111113
2317,8.451369767361111
2318,8.514969336805553
2319,8.590845144097221
2320,8.510773699652779
2321,8.513410463541666
2322,8.508432078125
2323,8.470305046875
2324,8.523798256944442
2325,8.41864844965278
2326,8.360286763888887
2327,8.29224656944444
2328,8.415575024305557
2329,8.42844719791667
2330,8.507424539930556
2331,8.167781112847225
2332,8.19726976736111
2333,7.79739204513889
2334,7.801796442708335
2335,7.748896689236112
2336,30.150819706597364
2337,31.0
2338,31.0
2339,31.0
2340,8.210964744791669
2341,8.303553902777777
2342,31.0
2343,31.0
2344,31.0
2345,8.623526479166669
2346,8.280156560763889
2347,8.50142234375
2348,8.422503711805556
2349,8.481204946180556
2350,8.215356345486114
2351,8.230865368055557
2352,31.0
2353,31.0
2354,31.0
2355,10.739829722222222
2356,31.0
2357,31.0
2358,10.746911243055555
2359,10.740390803819443
2360,10.752407592013888
2361,10.748529555555555
2362,10.790584133680557
2363,10.476834654513887
2364,10.383439852430556
2365,10.158561194444443
2366,10.312693659722221
2367,10.522807178819443
2368,10.439843689236108
2369,10.400945904513886
2370,10.599683293402776
2371,10.616980171875001
2372,10.552870246527778
2373,10.313513984375
2374,10.805100723958333
2375,11.148502567708334
2376,31.0
2377,31.0
2378,31.0
2379,10.79560561284722
2380,31.0
2381,31.0
2382,10.619829998263887
2383,10.862093666666667
2384,10.624684644097222
2385,10.576879286458334
2386,10.76402626736111
2387,10.778783543402776
2388,10.59363923090278
2389,10.634535272569444
2390,10.381173784722225
2391,10.157288847222222
2392,10.185440744791668
2393,10.165494354166668
2394,10.048264211805554
2395,9.952668164930556
2396,9.908267140624998
2397,9.793193666666667
2398,9.979333680555554
2399,10.045914326388889
2400,10.12399826909722
2401,10.258510949652774
2402,10.3349526875
2403,10.343181782986111
2404,10.352489206597221
2405,10.452013262152779
2406,10.430779005208333
2407,10.354824958333332
2408,10.179644246527777
2409,31.0
2410,31.0
2411,31.0
2412,10.226374119791663
2413,10.112909369791662
2414,31.0
2415,31.0
2416,31.0
2417,10.265340543402775
2418,10.416687907986114
2419,10.406250725694441
2420,10.390354770833332
2421,10.425560590277778
2422,10.533466416666668
2423,10.512495157986109
2424,10.434827800347222
2425,10.304519409722218
2426,10.225775668402779
2427,10.256423017361108
2428,10.322371013888887
2429,10.217711291666664
2430,10.065679652777778
2431,9.880361385416665
2432,9.737892439236113
2433,31.0
2434,31.0
2435,31.0
2436,10.098308147569444
2437,10.146703862847223
2438,31.0
2439,31.0
2440,31.0
2441,10.352633824652777
2442,10.545159321180554
2443,10.495665031249995
2444,10.357518487847221
2445,10.468703826388888
2446,10.385334920138888
2447,10.387748765624998
2448,31.0
2449,31.0
2450,31.0
2451,10.025440991319448
2452,31.0
2453,31.0
2454,10.188701225694444
2455,10.337749491319446
2456,10.5042651875
2457,10.679153807291666
2458,10.6791125
2459,10.606086118055552
2460,10.614408668402778
2461,10.666560576388889
2462,10.674402107638889
2463,10.605555296874998
2464,10.43207709201389
2465,10.332260907986111
2466,10.352186930555556
2467,10.405689230902778
2468,10.482429647569447
2469,10.419674295138886
2470,10.456078572916667
2471,10.643172276041662
2472,31.0
2473,31.0
2474,31.0
2475,10.640393677083331
2476,31.0
2477,31.0
2478,10.40607043923611
2479,10.44108899652778
2480,10.409708494791664
2481,10.467773749999997
2482,10.708424197916667
2483,10.691766324652779
2484,10.635543539930554
2485,10.880102114583332
2486,10.963807045138887
2487,10.92323835069444
2488,10.857118744791666
2489,10.934892767361108
2490,10.895259678819446
2491,10.943107255208334
2492,11.105354227430558
2493,11.089338057291664
2494,11.094510255208329
2495,10.646104315972222
2496,31.0
2497,31.0
2498,31.0
2499,10.60858218923611
2500,31.0
2501,12.936321274305648
2502,10.82326498263889
2503,11.04773140625
2504,11.132603890625
2505,11.086309171875
2506,11.007685961805553
2507,11.031221395833327
2508,10.829113057291666
2509,10.954473104166668
2510,11.047651416666666
2511,10.873772072916669
2512,10.86466264236111
2513,10.639886505208333
2514,10.623754555555557
2515,10.4961241875
2516,10.303783182291665
2517,10.467473940972221
2518,10.40515074131944
2519,10.440797828124996
2520,31.0
2521,10.60178928472222
2522,10.747045421874999
2523,10.747306949652778
2524,10.72009745138889
2525,10.663272824652777
2526,10.308960289930557
2527,10.281937932291667
2528,10.355327232638889
2529,10.438105501736112
2530,10.604327124999996
2531,10.900766953124998
2532,10.689737697916664
2533,10.948640013888888
2534,10.886914184027777
2535,10.741477359375
2536,10.639152684027781
2537,10.266258296874998
2538,10.76345066319444
2539,10.793193468749998
2540,10.846103053819443
2541,11.025768298611103
2542,10.991687680555556
2543,10.904522258680554
2544,31.0
2545,10.93078167708333
2546,10.647190361111111
2547,10.616563015625
2548,10.579474427083332
2549,10.483191881944446
2550,10.338414649305554
2551,10.287882171875
2552,10.34132203125
2553,10.459672684027776
2554,10.151421899305552
2555,10.120001171874996
2556,10.165366774305557
2557,9.973765654513892
2558,9.74384719097222
2559,10.014090260416667
2560,10.549706963541665
2561,10.43553348784722
2562,10.19451523611111
2563,10.160626060763892
2564,9.993029447916664
2565,10.09141717013889
2566,10.212828998263888
2567,10.319718730902773
2568,31.0
2569,10.210376968749996
2570,10.25815328125
2571,10.153600430555555
2572,10.127246342013889
2573,10.043641404513886
2574,10.065024618055556
2575,9.984560991319443
2576,10.276638470486109
2577,10.598357413194442
2578,10.85013457986111
2579,10.594553885416664
2580,10.522650420138886
2581,10.438140708333336
2582,10.255273486111111
2583,9.921008489583334
2584,9.907304956597217
2585,9.98531531423611
2586,10.078164116319442
2587,9.78012211458333
2588,9.650138810763888
2589,9.84645198784722
2590,9.911018480902776
2591,10.172322513888886
2592,31.0
2593,10.345265048611111
2594,10.30191144791667
2595,10.179984548611113
2596,9.984355244791667
2597,9.959119467013887
2598,9.801976977430556
2599,9.645168251736113
2600,9.508015282986111
2601,9.57377165451389
2602,9.53326525520833
2603,9.373560145833332
2604,9.404078371527778
2605,9.375086328124997
2606,9.120040380208332
2607,9.244673958333333
2608,9.714769482638888
2609,9.649910763888888
2610,9.598054909722222
2611,9.733650293402778
2612,9.7630098125
2613,9.659455154513891
2614,9.499482951388888
2615,9.523976461805555
2616,31.0
2617,31.0
2618,9.337628927083335
2619,31.0
2620,31.0
2621,31.0
2622,31.0
2623,31.0
2624,31.0
2625,31.0
2626,31.0
2627,25.694579493056473
2628,9.253335692708333
2629,9.260718128472222
2630,9.30338777083333
2631,31.0
2632,31.0
2633,31.0
2634,31.0
2635,31.0
2636,31.0
2637,31.0
2638,31.0
2639,31.0
2640,9.386687770833337
2641,9.400259555555555
2642,9.305068828124998
2643,9.331656602430558
2644,9.340210894097218
2645,9.328962829861116
2646,9.224093593749998
2647,9.029836690972221
2648,8.97940229861111
2649,8.910283776041664
2650,8.747352772569444
2651,8.687199670138888
2652,8.959581519097222
2653,9.702853124999999
2654,10.008191618055553
2655,9.96871459548611
2656,9.817948498263886
2657,9.856224546875001
2658,9.636608381944441
2659,9.561973263888888
2660,9.711961559027776
2661,9.791518126736113
2662,10.018167845486108
2663,10.210737906249998
2664,10.13400209548611
2665,9.627988744791663
2666,9.35670962673611
2667,9.228727119791664
2668,9.067948276041667
2669,9.064743296875003
2670,9.01356011111111
2671,31.0
2672,8.784384741319442
2673,31.0
2674,8.935757565972224
2675,31.0
2676,31.0
2677,9.400619217013888
2678,31.0
2679,31.0
2680,9.765073269097218
2681,9.585989182291668
2682,9.666739967013891
2683,9.735615446180551
2684,9.25776856423611
2685,9.430299861111111
2686,9.850060171875
2687,9.793119875000002
2688,9.94049052256944
2689,10.063604602430557
2690,10.158877652777779
2691,10.353920852430553
2692,9.754513781250001
2693,9.755546329861108
2694,9.406612055555556
2695,10.34270785590254
2696,9.140376012152778
2697,31.0
2698,9.404503986111113
2699,31.0
2700,31.0
2701,9.435434142361112
2702,31.0
2703,31.0
2704,9.717523168402781
2705,9.351620468749998
2706,9.314161973958335
2707,9.290503651041668
2708,9.068427958333332
2709,9.274138829861112
2710,9.600469678819447
2711,9.783949413194446
2712,9.646241840277774
2713,9.649422295138892
2714,9.466247461805557
2715,9.382606600694443
2716,9.252899626736113
2717,9.149264918402773
2718,9.115905895833336
2719,31.0
2720,8.993879854166666
2721,31.0
2722,9.089205100694443
2723,31.0
2724,31.0
2725,9.490875758680557
2726,31.0
2727,31.0
2728,9.700006506944446
2729,9.271697263888887
2730,9.574402274305552
2731,9.699717708333333
2732,9.770437942708332
2733,10.138098432291667
2734,10.053111967013887
2735,9.64436921875
2736,10.013645079861107
2737,10.52005263020833
2738,10.492709074652778
2739,10.584639977430557
2740,10.483166385416668
2741,10.622166236111108
2742,10.138000663194441
2743,31.0
2744,9.844836749999997
2745,31.0
2746,9.666032347222222
2747,31.0
2748,31.0
2749,10.123180387152777
2750,31.0
2751,31.0
2752,10.302143881944442
2753,10.549322534722222
2754,10.59830181423611
2755,10.677702461805556
2756,10.660621246527773
2757,10.69399556944444
2758,10.529585171875
2759,11.015708788194441
2760,31.0
2761,10.940843107638889
2762,26.752506626508765
2763,10.577256387152776
2764,31.0
2765,10.521656104166667
2766,10.120920930555556
2767,10.087673190972222
2768,10.207850807291669
2769,10.56931735416667
2770,10.892667248263887
2771,10.506115265624999
2772,10.547813548611108
2773,10.509878203124998
2774,10.369472178819445
2775,10.164832854166667
2776,10.157866881944443
2777,10.272563461805555
2778,10.743389793402775
2779,10.683753572916663
2780,10.746867456597222
2781,10.657229029513884
2782,10.787619730902776
2783,10.79133494444444
2784,10.85021347569444
2785,31.0
2786,11.219089060763888
2787,31.0
2788,10.929695012152777
2789,10.728838810763888
2790,31.0
2791,31.0
2792,31.0
2793,31.0
2794,31.0
2795,31.0
2796,31.0
2797,31.0
2798,31.0
2799,31.0
2800,31.0
2801,10.113479322916666
2802,31.0
2803,10.358201303819442
2804,10.751247852430554
2805,31.0
2806,10.665707572916666
2807,31.0
2808,31.0
2809,10.744016402777778
2810,10.912559644097222
2811,10.700211314236112
2812,31.0
2813,10.459178296875002
2814,10.30387602951389
2815,10.116254263888887
2816,10.106151100694445
2817,10.057361100694441
2818,10.111794522569445
2819,10.251280083333333
2820,10.314233623263885
2821,10.600914637152778
2822,10.72502242534722
2823,10.94360688020833
2824,10.976713842013886
2825,10.755903411458336
2826,10.61201296701389
2827,10.663697102430557
2828,10.768055861111108
2829,10.771672953124998
2830,10.817394777777775
2831,10.920452447916665
2832,31.0
2833,10.673058776041666
2834,31.0
2835,10.3665891875
2836,31.0
2837,10.165018803819443
2838,10.183483394097221
2839,10.242408592013888
2840,10.283661159722216
2841,10.12085926736111
2842,10.162258920138886
2843,9.634767576388883
2844,9.502351359375002
2845,9.528355398940972
2846,9.352559785138888
2847,9.763835861111108
2848,9.699788194444444
2849,9.703677083333332
2850,9.70756597222222
2851,9.711454861111111
2852,9.715343749999999
2853,9.719232638888888
2854,9.723121527777776
2855,9.727010416666666
2856,31.0
2857,9.641454861111109
2858,9.645343749999997
2859,9.649232638888888
2860,31.0
2861,9.657010416666667
2862,9.660899305555553
2863,9.664788194444444
2864,9.680222635416666
2865,9.65565978125
2866,9.378926435763887
2867,9.35613721875
2868,9.562712505208331
2869,9.52827073090278
2870,9.3481885
2871,9.212746569444443
2872,9.171224331597223
2873,9.523208260416666
2874,9.493784149305556
2875,9.635069791666668
2876,10.144944043402779
2877,10.179565970486111
2878,10.496058076388886
2879,10.64996765972222
2880,10.514532753472219
2881,31.0
2882,10.72968917708333
2883,31.0
2884,9.872094737847222
2885,9.761512967013891
2886,31.0
2887,31.0
2888,31.0
2889,31.0
2890,31.0
2891,31.0
2892,31.0
2893,31.0
2894,31.0
2895,31.0
2896,31.0
2897,31.0
2898,31.0
2899,9.848143253472223
2900,10.328986621527775
2901,31.0
2902,10.882372545138889
2903,31.0
2904,10.452469380208331
2905,11.115644008680555
2906,11.348585609374995
2907,10.90560251909722
2908,10.646296718749996
2909,10.619292079861115
2910,10.565671496527779
2911,10.48529698611111
2912,10.42539369618055
2913,31.0
2914,31.0
2915,10.693865255208332
2916,10.913385279513891
2917,10.704454723958328
2918,31.0
2919,18.839191907986944
2920,9.962292314236109
2921,10.35807892534722
2922,11.443590751736114
2923,11.457474461805555
2924,11.242015774305553
2925,11.423062619791665
2926,11.385341272569443
2927,11.400120642361111
2928,31.0
2929,11.686504411458335
2930,31.0
2931,11.52378609375
2932,31.0
2933,11.165002953124999
2934,11.052317901041667
2935,11.03258987152778
2936,11.057230333333333
2937,11.117906819444443
2938,11.278429324652778
2939,11.334217234375002
2940,11.613145006944443
2941,10.70584062673611
2942,10.273097430555557
2943,10.499444265625003
2944,10.448729046875
2945,10.568135763888888
2946,10.755274067708335
2947,10.724053897569446
2948,10.676841121527774
2949,10.60294581597222
2950,10.485047149305556
2951,10.922020873263891
2952,31.0
2953,10.911892407986112
2954,31.0
2955,10.7239173125
2956,31.0
2957,10.543588793402774
2958,10.362909289930558
2959,10.259247723958334
2960,10.105130717013887
2961,10.181251645833338
2962,10.107044414930556
2963,10.160047503472219
2964,10.246943048611106
2965,10.603427831597221
2966,10.775615994791666
2967,10.792044253472222
2968,10.924716432291664
2969,11.006812906250001
2970,11.059535532986112
2971,11.117097043402776
2972,11.059982961805554
2973,10.775197465277776
2974,11.003665373263887
2975,10.78708820486111
2976,10.82748330902778
2977,10.820330305555554
2978,11.069456137152777
2979,11.06819373090278
2980,10.974821131944443
2981,10.942513810763884
2982,10.852434128472224
2983,11.006120939236114
2984,10.83831950347222
2985,10.94845774652778
2986,10.911480513888888
2987,11.15173891319444
2988,11.201199454861111
2989,10.986712175347222
2990,10.906052718750002
2991,11.043172060763892
2992,11.061239875
2993,10.90640994965278
2994,11.07385259895833
2995,11.34032114930556
2996,11.451876394097221
2997,10.939339651041667
2998,11.087362769097224
2999,11.320086069444445
3000,11.225445899305557
3001,11.137523055555556
3002,11.400547095486111
3003,11.332489170138887
3004,11.378928652777777
3005,11.371414529513894
3006,11.387347902777774
3007,11.418169230902771
3008,11.223462274305554
3009,11.173553635416669
3010,11.066607999999999
3011,11.072105479166666
3012,11.046281543402776
3013,11.025091765625
3014,10.84619507465277
3015,10.809061763888886
3016,10.734163805555559
3017,11.13784673263889
3018,11.178453149305557
3019,11.296474109374996
3020,11.161125706597225
3021,11.265341815972223
3022,11.397385817708333
3023,11.528765961805556
3024,31.0
3025,31.0
3026,31.0
3027,11.653647651041668
3028,31.0
3029,31.0
3030,11.147685548611113
3031,10.814525531249998
3032,10.591460553819443
3033,10.610865331597223
3034,10.92923321875
3035,11.21240310069444
3036,11.184150663194442
3037,11.318302381944441
3038,11.234381046875004
3039,11.297606262152776
3040,11.17187417013889
3041,11.187433201388888
3042,11.324757572916667
3043,11.228359284722217
3044,11.548883961805553
3045,11.699237715277775
3046,11.775915678819445
3047,11.836903810763886
3048,31.0
3049,31.0
3050,31.0
3051,11.45162089409722
3052,31.0
3053,31.0
3054,11.165358008680554
3055,10.988533196180562
3056,11.204238876736111
3057,11.266332291666666
3058,14.164377559028152
3059,11.591810817708328
3060,11.74485586458333
3061,11.809587331597218
3062,11.553489840277779
3063,11.236781572916668
3064,11.609548562499999
3065,11.253123887152777
3066,11.408196564236112
3067,10.944510852430552
3068,10.592653555555556
3069,10.740525322916668
3070,10.43885165798611
3071,9.68091287673611
3072,9.32715080208333
3073,9.226256350694443
3074,9.20507126388889
3075,9.052348921875
3076,9.050862564236112
3077,8.863659291666668
3078,8.80587688020833
3079,8.653961118055555
3080,31.0
3081,31.0
3082,31.0
3083,31.0
3084,10.101122791666665
3085,31.0
3086,31.0
3087,31.0
3088,31.0
3089,9.26701231944444
3090,9.321209807291666
3091,9.141608717013888
3092,9.336883621527775
3093,9.368725126736113
3094,9.11362129513889
3095,9.151487211805556
3096,8.982220102430555
3097,9.480085404513886
3098,9.585313086805554
3099,9.563267911458334
3100,9.496074473958336
3101,9.472391444444446
3102,9.456424444444442
3103,9.428452772569445
3104,31.0
3105,31.0
3106,31.0
3107,31.0
3108,9.789156744791667
3109,31.0
3110,31.0
3111,31.0
3112,31.0
3113,10.215850251736109
3114,10.187816248263887
3115,10.271436546875002
3116,10.10058723090278
3117,9.886795236111114
3118,9.638219293402779
3119,9.345136986111108
3120,9.036552352430558
3121,9.013067862847219
3122,9.034130340277779
3123,8.871622630208332
3124,8.65500097048611
3125,8.597122576388891
3126,8.562110362847218
3127,8.549204550347227
3128,8.498248743055553
3129,8.490939697916666
3130,31.0
3131,8.374024628472222
3132,8.364353885416667
3133,8.157054196180555
3134,15.70479908506934
3135,8.251091600694444
3136,8.369553621527775
3137,8.466707046875003
3138,8.542012439236109
3139,8.621078934027777
3140,8.594987612847222
3141,8.643436776041664
3142,8.762633967013889
3143,8.835787369791664
3144,8.787799562499998
3145,31.0
3146,8.57622531597222
3147,31.0
3148,8.289816803819443
3149,8.176496623263887
3150,31.0
3151,31.0
3152,31.0
3153,31.0
3154,31.0
3155,31.0
3156,31.0
3157,31.0
3158,31.0
3159,31.0
3160,31.0
3161,11.339662699652777
3162,31.0
3163,9.106294762152777
3164,9.198492880208331
3165,31.0
3166,9.182734069444443
3167,31.0
3168,9.120958279513887
3169,8.690091277777775
3170,8.987177293402777
3171,9.142557374999999
3172,8.940578293402776
3173,8.979872197916665
3174,8.893255012152776
3175,8.827825927083333
3176,8.593554010416666
3177,8.293827657986109
3178,31.0
3179,9.167423210069444
3180,9.156139319444444
3181,9.340403442708329
3182,31.0
3183,9.463436135416668
3184,9.615171173611113
3185,9.609354987847222
3186,10.35842380902778
3187,10.487838885416664
3188,10.216737744791665
3189,10.193712326388885
3190,10.06836339930555
3191,9.890959118055557
3192,9.648582039930552
3193,9.489777305555554
3194,9.764266713541664
3195,9.849406729166668
3196,9.645333237847224
3197,9.602837003472219
3198,9.534729956597221
3199,9.479616769097223
3200,9.338560230902775
3201,9.223339720486113
3202,31.0
3203,9.343173121527776
3204,9.603840008680555
3205,9.701425526041668
3206,31.0
3207,9.797931597222219
3208,9.577241552083333
3209,9.28676589409722
3210,9.580068798611114
3211,9.66915226909722
3212,9.549043534722221
3213,9.349189852430555
3214,9.34607394097222
3215,9.272343354166665
3216,8.97689068402778
3217,8.864410697916666
3218,8.844317258680553
3219,8.787287845486109
3220,8.876906196180558
3221,8.871394887152778
3222,8.840170329861113
3223,8.83244243923611
3224,8.774107501736113
3225,8.786908362847221
3226,8.873095498263886
3227,8.968858524305558
3228,9.119288135416665
3229,9.186483590277776
3230,9.170369480902778
3231,9.11816596006944
3232,9.347266493055555
3233,9.494857519097225
3234,9.47793241840278
3235,9.416068204861114
3236,9.311894289930557
3237,9.253247342013887
3238,9.489949935763887
3239,9.569337178819442
3240,9.477921006944444
3241,9.341481078124998
3242,9.115367953125002
3243,8.998997874999999
3244,8.9567401875
3245,8.94167525173611
3246,8.916024991319443
3247,8.860283602430558
3248,8.789489649305558
3249,31.0
3250,31.0
3251,31.0
3252,8.65032775347222
3253,8.84449759375
3254,31.0
3255,8.82373454861111
3256,9.037804902777776
3257,9.057071552083334
3258,9.330130699652777
3259,9.291116965277778
3260,9.176921456597222
3261,9.283762079861113
3262,9.403971026041665
3263,9.430041967013887
3264,9.65398727951389
3265,9.079106081597219
3266,9.030485296875
3267,9.23535392013889
3268,9.416588003472222
3269,9.234747654513887
3270,9.149315546874998
3271,9.168083057291666
3272,9.224089571180556
3273,31.0
3274,31.0
3275,31.0
3276,9.688834190972221
3277,9.654329927083333
3278,31.0
3279,31.0
3280,10.022050269097221
3281,10.10008281770833
3282,9.968009843749998
3283,9.992467661458331
3284,9.231418534722225
3285,9.130145366319445
3286,9.042534314236107
3287,9.46003531423611
3288,9.597730029513887
3289,9.62341772048611
3290,9.650705190972221
3291,9.31464881423611
3292,9.71272160590278
3293,9.730007145833333
3294,9.707565473958331
3295,9.722064211805558
3296,9.755162289930558
3297,26.346267609373243
3298,31.0
3299,31.0
3300,9.867484690972223
3301,9.834009949652774
3302,31.0
3303,9.489989578124996
3304,9.551151664930556
3305,10.023069437499995
3306,10.150069185763886
3307,10.149680479166664
3308,10.073672887152778
3309,9.29143994965278
3310,9.321699491319443
3311,9.602128909722223
3312,9.499684128472223
3313,9.410308590277777
3314,9.439948777777778
3315,9.600943527777778
3316,9.21749305555556
3317,8.978134253472222
3318,9.047446467013886
3319,8.993852802083332
3320,8.998686289930555
3321,8.98910476041667
3322,31.0
3323,31.0
3324,7.905031920138887
3325,8.164736477430555
3326,31.0
3327,31.0
3328,9.122888128472221
3329,9.466521725694445
3330,9.312636241319444
3331,9.134002269097223
3332,8.816683470486112
3333,8.84443431423611
3334,8.965275946180553
3335,9.165167168402775
3336,9.047848383680554
3337,9.162202085069444
3338,9.000612152777778
3339,8.933008862847222
3340,8.767221312499998
3341,8.833269095486113
3342,9.021187194444444
3343,8.975418192708334
3344,8.945944960069443
3345,31.0
3346,31.0
3347,31.0
3348,9.295897977430553
3349,8.789238427083331
3350,31.0
3351,31.0
3352,9.051507159722222
3353,8.74639796527778
3354,8.894060218749997
3355,8.816747065972221
3356,8.598949102430554
3357,8.353038081597223
3358,8.506461991319442
3359,8.813810237847218
3360,8.839863763888888
3361,8.964136440972219
3362,9.080660045138885
3363,9.009130934027779
3364,8.922558118055553
3365,8.976837710069445
3366,8.77548676909722
3367,8.614427196180555
3368,8.483949444444443
3369,8.469394803819446
3370,8.619445515624998
3371,8.519366564236106
3372,9.017717515624998
3373,8.838112135416667
3374,9.017634937499999
3375,9.507791246527777
3376,9.527044552083334
3377,9.568546750000001
3378,9.583923149305557
3379,9.754868229166663
3380,9.961385607638888
3381,9.92079467361111
3382,9.761967529513889
3383,9.745149312499999
3384,9.447014123263887
3385,9.844503083333333
3386,9.481229394097221
3387,9.628370390625
3388,9.690944970486111
3389,9.685701010416667
3390,9.973589913194441
3391,9.858507555555555
3392,9.897674657986114
3393,31.0
3394,31.0
3395,31.0
3396,10.046981984374998
3397,9.834041194444442
3398,31.0
3399,31.0
3400,31.0
3401,9.850140392361112
3402,10.038307829861115
3403,10.099853154513886
3404,10.180162939236109
3405,10.122910595486113
3406,9.653935751736112
3407,9.42810350173611
3408,9.288860947916666
3409,9.525229376736108
3410,9.496598319444443
3411,9.674998217013888
3412,9.70534688715278
3413,10.042601345486112
3414,9.87279027777778
3415,9.86811025520833
3416,9.888263595486109
3417,31.0
3418,31.0
3419,31.0
3420,11.362082350694443
3421,11.01869594097222
3422,31.0
3423,31.0
3424,14.81419705555499
3425,10.13497345486111
3426,10.287461685763889
3427,9.903676914930557
3428,9.730363282986113
3429,9.296898491319443
3430,9.187083135416668
3431,8.825034932291667
3432,8.611942755208336
3433,8.650691145833331
3434,8.686912828125003
3435,8.843023826388889
3436,8.746625623263887
3437,8.746394623263887
3438,8.635465392361114
3439,8.630954645833336
3440,8.619470355902772
3441,31.0
3442,31.0
3443,31.0
3444,9.434720604166666
3445,9.072587720486109
3446,31.0
3447,31.0
3448,31.0
3449,9.221066288194441
3450,9.74399228298611
3451,9.359253956597218
3452,8.987161895833335
3453,8.748621012152777
3454,8.680910644097223
3455,8.722657854166666
3456,8.575519421874995
3457,8.798777944444444
3458,8.910181753472223
3459,8.954250630208332
3460,8.829204647569442
3461,8.847613237847222
3462,8.797236680555553
3463,8.665141199652778
3464,8.535318336805554
3465,31.0
3466,31.0
3467,31.0
3468,8.461397048611113
3469,8.610694713541667
3470,31.0
3471,31.0
3472,8.34825841840278
3473,8.291563145833331
3474,8.448725687499998
3475,8.374331328125
3476,8.515951208333334
3477,8.694364498263889
3478,8.770378604166668
3479,8.711459883680554
3480,8.324128628472222
3481,7.832900359375
3482,7.839823796874999
3483,7.99970006597222
3484,8.576218595486113
3485,8.468499569444445
3486,8.699943960069445
3487,8.126992331597222
3488,7.912099598958331
3489,7.951730256944449
3490,8.076546515625
3491,8.054924645833333
3492,7.8048473003472205
3493,7.852819503472222
3494,8.012174467013889
3495,7.904564888888889
3496,7.916759654513887
3497,8.136636277777775
3498,8.186818791666665
3499,8.30346274479167
3500,8.677878453124999
3501,8.663359675347222
3502,8.854191840277778
3503,9.074799197916667
3504,8.963389008680554
3505,8.829520048611112
3506,8.821471336805557
3507,8.689090727430553
3508,8.761312571180556
3509,8.80973695486111
3510,8.451792744791668
3511,8.425304890625
3512,8.4707595
3513,8.408302729166666
3514,8.237404352430556
3515,8.253275479166666
3516,8.450987866319442
3517,8.189012902777778
3518,8.62506866666667
3519,9.369868447916668
3520,9.470444229166668
3521,9.010154137152778
3522,8.678143821180557
3523,9.342931548611114
3524,9.267053274305555
3525,9.040289708333333
3526,8.730907147569443
3527,9.060557819444442
3528,8.831504171875
3529,9.524400447916664
3530,9.18916406770833
3531,9.120575977430557
3532,9.090322706597224
3533,8.957806034722225
3534,8.986844793402778
3535,8.940189015624995
3536,8.757245899305554
3537,8.652434765625
3538,8.571142319444442
3539,8.471446557291666
3540,8.574299197916666
3541,8.99046335590278
3542,9.075179956597221
3543,8.978755065972223
3544,9.434007369791665
3545,9.254504401041668
3546,9.644957340277777
3547,9.609601980902777
3548,9.317789517361112
3549,9.392832130208333
3550,9.394403909722222
3551,9.55631215972222
3552,9.62983102083333
3553,9.80584706597222
3554,9.820296937499997
3555,10.053140416666663
3556,9.918852538194447
3557,9.702638458333332
3558,9.176742434027778
3559,31.0
3560,31.0
3561,31.0
3562,31.0
3563,31.0
3564,31.0
3565,31.0
3566,31.0
3567,31.0
3568,31.0
3569,31.0
3570,9.288364348958332
3571,9.288434397569445
3572,8.917478682291668
3573,9.206218559027777
3574,9.375274222222224
3575,9.51601190798611
3576,9.660782626736113
3577,9.870740213541668
3578,9.896998246527778
3579,9.992747892361113
3580,10.009964866319445
3581,9.808901217013887
3582,9.756350065972216
3583,31.0
3584,31.0
3585,31.0
3586,31.0
3587,31.0
3588,12.793078081596763
3589,31.0
3590,31.0
3591,31.0
3592,31.0
3593,31.0
3594,9.79878784548611
3595,9.792432513888885
3596,9.704696616319442
3597,9.682001000000001
3598,9.56785440625
3599,9.661643444444442
3600,9.805572157986106
3601,10.001087444444448
3602,10.026632631944446
3603,9.735047437500002
3604,9.589561612847218
3605,9.582174401041668
3606,9.475362361111113
3607,9.101483392361114
3608,9.003048736111111
3609,8.947868684027776
3610,9.144614050347222
3611,9.240256824652777
3612,9.711042942708332
3613,10.282067104166664
3614,10.23266643923611
3615,11.487221630208328
3616,10.841984453125
3617,10.595467251736109
3618,10.311385935763886
3619,10.528308230902777
3620,10.59238472395833
3621,10.604958230902778
3622,10.386398276041662
3623,10.24282862847222
3624,10.02786497222222
3625,9.942686930555556
3626,9.653632734375
3627,9.351469020833337
3628,9.237184213541667
3629,8.986841378472219
3630,9.033552585069444
3631,9.000042163194449
3632,8.971945815972223
3633,31.0
3634,31.0
3635,31.0
3636,9.278100671875
3637,31.0
3638,31.0
3639,31.0
3640,31.0
3641,9.304799425347223
3642,9.215789284722224
3643,9.252634817708332
3644,9.194380039930554
3645,9.28218025
3646,9.182497807291666
3647,9.039663500000001
3648,9.212155215277775
3649,9.182877909722224
3650,8.886947939236109
3651,8.602848953125001
3652,8.797767258680556
3653,8.656231694444445
3654,8.655085164930556
3655,8.570121121527777
3656,31.0
3657,31.0
3658,31.0
3659,31.0
3660,8.627214300347223
3661,31.0
3662,31.0
3663,31.0
3664,31.0
3665,10.011073904513886
3666,10.043276322916666
3667,9.951815355902772
3668,9.735376401041664
3669,9.56038743576389
3670,9.650531333333333
3671,9.678242255208332
3672,9.762116935763888
3673,9.51184797743055
3674,9.404576914930555
3675,9.296628723958333
3676,9.201090487847223
3677,9.178704256944444
3678,9.10953217708333
3679,8.973720631944444
3680,9.440745732638888
3681,9.676748399305556
3682,9.920135032986114
3683,10.608103078125
3684,10.586383196180554
3685,9.371943182291664
3686,9.467862213541663
3687,9.63247068923611
3688,9.850885782986113
3689,9.816849486111114
3690,9.760595395833333
3691,9.854121520833331
3692,9.408705687500001
3693,9.370222239583335
3694,9.424660364583332
3695,9.505941350694444
3696,9.322869390624996
3697,9.349069552083332
3698,9.597798874999999
3699,9.74242210763889
3700,9.711683394097225
3701,9.637861333333332
3702,9.65533650520833
3703,9.543649633680554
3704,15.929941118054003
3705,31.0
3706,31.0
3707,31.0
3708,9.149664635416666
3709,31.0
3710,31.0
3711,31.0
3712,31.0
3713,9.885262637152778
3714,9.987402274305555
3715,9.885625555555558
3716,9.810959484375
3717,9.816015805555555
3718,9.893830005208333
3719,9.829310118055554
3720,9.789762074652778
3721,9.886006435763887
3722,10.05047240798611
3723,10.091123461805557
3724,9.956893612847223
3725,9.853893461805555
3726,9.846005154513888
3727,9.393343786458331
3728,9.11530924305556
3729,31.0
3730,31.0
3731,31.0
3732,10.041991239583332
3733,9.892236690972222
3734,31.0
3735,31.0
3736,9.382905704861114
3737,9.617995163194443
3738,9.495885586979167
3739,9.817595605902778
3740,9.843626406250007
3741,9.893639668402777
3742,10.057459489583332
3743,9.99637963454861
3744,9.904196993055553
3745,9.770479646788194
3746,9.702065223958334
3747,9.631133020833335
3748,9.138871092968747
3749,9.021602770833335
3750,8.881005364583332
3751,8.132883136631943
3752,4.872970182986109
3753,4.601321180555554
3754,4.605210069444443
3755,4.609098958333332
3756,4.612987847222221
3757,4.374264357847222
3758,6.940194563020835
3759,8.012168769791668
3760,7.864454978819442
3761,7.834540571180555
3762,7.833171354166664
3763,7.837086979166667
3764,7.8355974375
3765,7.828765157986112
3766,7.85390926736111
3767,7.904572970486111
3768,7.842923168402777
3769,7.835226388888889
3770,7.843669288194445
3771,7.84670265798611
3772,7.852721527777779
3773,7.854535925347222
3774,7.867180902777777
3775,7.878743055555557
3776,7.839742762152779
3777,31.0
3778,31.0
3779,31.0
3780,9.367639810763889
3781,9.233548102430554
3782,31.0
3783,31.0
3784,10.376442561077184
3785,9.72659727083333
3786,10.524936260416668
3787,10.815636756944441
3788,11.092617168402779
3789,10.176168916666668
3790,10.182308147569447
3791,10.148998173611112
3792,10.083640923611114
3793,10.106133722222223
3794,10.141736098958333
3795,10.069881512152778
3796,10.122523723958333
3797,9.929329362847222
3798,9.613708562499998
3799,9.640684071180553
3800,9.540524838541666
3801,31.0
3802,31.0
3803,31.0
3804,9.548736883680558
3805,9.480415996527777
3806,31.0
3807,31.0
3808,31.0
3809,9.634776520833336
3810,9.788824196180554
3811,9.927124496527776
3812,9.878107190972223
3813,9.97055035763889
3814,9.822498012152774
3815,9.962571743055555
3816,9.874484362847221
3817,9.764807196180552
3818,9.731965128472224
3819,9.753660267361106
3820,9.593683555555554
3821,9.449425052083331
3822,9.43668407986111
3823,9.329546916666667
3824,9.088764696180556
3825,31.0
3826,31.0
3827,31.0
3828,9.537997911458334
3829,9.566212177083337
3830,31.0
3831,31.0
3832,31.0
3833,9.665277890624997
3834,9.795361296874999
3835,9.654006213541667
3836,9.767290409722222
3837,9.729230340277777
3838,9.763986130208336
3839,9.742332991319447
3840,9.668188565972226
3841,9.549358619791667
3842,9.363358751736111
3843,9.474931824652781
3844,9.52409376041667
3845,9.33785978125
3846,9.516638578125
3847,9.41279877951389
3848,9.515611194444446
3849,31.0
3850,31.0
3851,31.0
3852,8.612772340277775
3853,8.65298678125
3854,31.0
3855,31.0
3856,31.0
3857,8.955443145833334
3858,8.971389972222227
3859,8.939038026041668
3860,8.932579967013888
3861,8.96603028125
3862,9.09370737673611
3863,9.292230670138887
3864,9.199348630208332
3865,9.252369498263889
3866,9.237445060763887
3867,9.335173397569443
3868,9.296743324652773
3869,9.251163565972224
3870,9.249464680555555
3871,9.251178927083332
3872,9.160707256944445
3873,31.0
3874,31.0
3875,31.0
3876,8.607015277777778
3877,10.289875954861015
3878,31.0
3879,31.0
3880,31.0
3881,8.379645397569444
3882,8.373601772569444
3883,8.333723623263891
3884,8.329787703125003
3885,8.340574496527777
3886,8.402596671875001
3887,8.635676315972221
3888,8.486403357638888
3889,8.352538942708334
3890,8.346361649305553
3891,8.298404710069445
3892,8.278877371527777
3893,8.246358178819442
3894,8.28079737673611
3895,8.32676911111111
3896,8.28647634548611
3897,8.269328532986108
3898,8.183290451388888
3899,8.192241434027778
3900,8.32489589409722
3901,8.37299296701389
3902,8.378690894097224
3903,8.43111476909722
3904,8.452253006944446
3905,8.492805854166667
3906,8.456773390624999
3907,8.432210536458335
3908,8.494335123263888
3909,8.557662798611112
3910,8.543558333333333
3911,8.794867605902775
3912,8.692338253472222
3913,8.511690079861106
3914,8.404771156250002
3915,8.389178364583334
3916,8.370248092013888
3917,8.320363685763892
3918,8.243562942708332
3919,8.273082805555555
3920,31.0
3921,31.0
3922,31.0
3923,31.0
3924,8.62886757638889
3925,31.0
3926,31.0
3927,31.0
3928,31.0
3929,8.968213928819445
3930,9.005122085069445
3931,8.83584559375
3932,8.883479281249999
3933,8.880871319444445
3934,8.757121892361114
3935,8.819397963541666
3936,8.763496461805554
3937,8.76309425347222
3938,8.660502107638884
3939,8.598691475694443
3940,8.580870581597221
3941,8.405638378472222
3942,8.33422970138889
3943,8.403755597222224
3944,8.321554196180555
3945,8.230146798611111
3946,8.821107093750001
3947,8.903693762152775
3948,8.995330506944446
3949,9.017003369791667
3950,8.826471706597221
3951,8.843648430555556
3952,8.812415038194443
3953,8.717465057291667
3954,8.659887565972221
3955,8.722078968749999
3956,8.616928967013889
3957,8.563994796874999
3958,8.60828197395833
3959,8.717359668402777
3960,8.617642104166666
3961,8.662258998263889
3962,8.637112361111116
3963,8.553658871527778
3964,8.529479315972223
3965,8.589181902777776
3966,8.530361194444444
3967,31.0
3968,31.0
3969,31.0
3970,31.0
3971,31.0
3972,8.403246006944446
3973,31.0
3974,31.0
3975,31.0
3976,31.0
3977,14.301798947915866
3978,8.348353939236114
3979,8.375868557291668
3980,8.379049036458333
3981,8.381289145833332
3982,8.320752914930555
3983,8.427820940972222
3984,8.166443493055557
3985,8.160408788194443
3986,8.16876259548611
3987,8.164461326388889
3988,8.169481954861109
3989,8.212340815972224
3990,8.216470342013887
3991,31.0
3992,31.0
3993,31.0
3994,31.0
3995,31.0
3996,8.366417074652777
3997,31.0
3998,31.0
3999,31.0
4000,31.0
4001,31.0
4002,8.564818427083333
4003,8.615557914930555
4004,8.662389470486112
4005,8.639025171875
4006,8.906336164930554
4007,8.911851545138887
4008,8.901450286458335
4009,8.792236723958336
4010,8.966706328124998
4011,8.823974395833334
4012,8.637773958333332
4013,8.568256423611112
4014,8.569930687500001
4015,8.477395706597223
4016,8.497789866319444
4017,8.548342128472225
4018,8.65375681770833
4019,8.580953135416665
4020,8.40664594097222
4021,8.428465852430556
4022,8.435999881944447
4023,8.380275993055555
4024,8.68990128125
4025,8.570665894097223
4026,8.509234088541668
4027,8.241613309027779
4028,8.26808969097222
4029,8.277864947916669
4030,8.291173868055553
4031,8.381727897569444
4032,8.106714960069445
4033,8.091193578125
4034,8.20097516145833
4035,8.254067354166668
4036,8.264038805555556
4037,8.209230604166667
4038,8.188040911458332
4039,8.111654736111111
4040,8.111840661458334
4041,8.092188246527778
4042,8.06620411284722
4043,8.028905998263888
4044,8.078117043402779
4045,8.18594264930555
4046,8.983916204861112
4047,9.113219743055557
4048,9.196626274305556
4049,9.228819881944444
4050,9.0025018125
4051,8.985246934027776
4052,9.045540218749998
4053,8.393748173611112
4054,8.274806932291664
4055,8.17142161111111
4056,8.011097791666664
4057,8.227249029513889
4058,8.349431963541667
4059,8.314682590277778
4060,8.359094527777778
4061,8.233841255208334
4062,8.319774251736108
4063,8.356151890624998
4064,8.366831824652776
4065,8.31051111284722
4066,8.243682854166666
4067,8.438218092013885
4068,8.346293642361111
4069,8.419130526041663
4070,8.659535864583336
4071,8.795006645833332
4072,8.990504189236113
4073,9.062570307291665
4074,8.981340217013887
4075,8.88437610763889
4076,9.033290473958337
4077,9.00594707638889
4078,9.14052679166667
4079,9.557742444444447
4080,9.40144676041667
4081,9.514673072916667
4082,9.605748395833333
4083,9.713012385416665
4084,9.63540072395833
4085,9.61411504861111
4086,9.375529843749998
4087,9.142764008680553
4088,9.128882303819445
4089,9.138715493055555
4090,9.004409895833334
4091,8.984325425347224
4092,9.04827246701389
4093,9.12517321527778
4094,9.18649124652778
4095,9.343471131944442
4096,9.435170427083335
4097,9.676502755208332
4098,9.834458423611109
4099,9.76664983680555
4100,9.603059435763889
4101,9.474203399305557
4102,9.55175477083333
4103,9.740283315972224
4104,9.561934824652777
4105,9.506117480902777
4106,9.44202540798611
4107,9.426013661458331
4108,9.367665331597221
4109,9.35067091145833
4110,9.392017019097217
4111,9.408561081597226
4112,9.405783685763886
4113,9.339236314236109
4114,9.464756802083334
4115,9.42398740451389
4116,9.456978586805553
4117,9.556284208333334
4118,9.236421019097222
4119,9.285801401041665
4120,8.854715989583333
4121,8.996990940972221
4122,9.09516041145833
4123,9.139238038194444
4124,9.143572508680556
4125,8.880171635416668
4126,9.068985418402779
4127,9.232560020833334
4128,9.157078729166669
4129,9.279332829861108
4130,9.288546920138884
4131,9.245999401041665
4132,9.206321809027779
4133,9.167283453125002
4134,9.075782309027774
4135,9.034812524305554
4136,9.024566881944443
4137,31.0
4138,31.0
4139,31.0
4140,9.58025872222222
4141,9.492781496527776
4142,31.0
4143,31.0
4144,9.342413913194441
4145,9.317400944444442
4146,9.304611118055554
4147,9.3648506875
4148,9.357176269097224
4149,9.339676305555555
4150,9.290128640625001
4151,9.209843210069444
4152,9.164105829861114
4153,9.170129196180554
4154,9.161010967013889
4155,9.079388913194448
4156,8.866323180555554
4157,8.877463947916663
4158,8.792954345486113
4159,8.709696953124999
4160,15.186967064235674
4161,31.0
4162,31.0
4163,31.0
4164,8.92423037673611
4165,9.072890871527775
4166,31.0
4167,31.0
4168,9.311382147569445
4169,9.401459387152777
4170,9.284737133680558
4171,9.333841246527776
4172,9.266304663194443
4173,9.541712225694443
4174,9.539986385416668
4175,9.735640043402775
4176,9.650916953125
4177,9.676252821180556
4178,9.799825802083333
4179,9.743380123263885
4180,9.701585991319446
4181,9.473037583333332
4182,9.406227322916665
4183,31.0
4184,31.0
4185,31.0
4186,31.0
4187,31.0
4188,31.0
4189,31.0
4190,31.0
4191,31.0
4192,31.0
4193,31.0
4194,31.0
4195,9.675929824652776
4196,9.585618486111109
4197,9.574241104166667
4198,9.733177149305556
4199,9.84751732465278
4200,9.832833876736109
4201,9.817575347222224
4202,9.751201760416665
4203,9.709853124999999
4204,9.696359118055556
4205,9.703039524305554
4206,9.636264725694446
4207,31.0
4208,31.0
4209,31.0
4210,31.0
4211,31.0
4212,31.0
4213,31.0
4214,31.0
4215,31.0
4216,31.0
4217,31.0
4218,9.476212302083331
4219,9.230403729166667
4220,9.373610118055554
4221,9.626109111111111
4222,9.640313848958332
4223,9.59006648784722
4224,9.618080694444444
4225,9.387057105902777
4226,9.244329755208334
4227,9.166954137152777
4228,9.177994802083333
4229,9.119653059027776
4230,9.10198823090278
4231,9.002301388888887
4232,9.015935553819444
4233,9.01898220659722
4234,9.1398995625
4235,9.033947684027776
4236,8.953947467013888
4237,8.963700423611114
4238,9.003990564236107
4239,8.99046990625
4240,9.021455734375
4241,9.024792097222221
4242,8.987378178819442
4243,8.901892671875
4244,8.946148737847222
4245,8.759738786458332
4246,8.535448335069443
4247,8.776339541666665
4248,8.875449515625004
4249,8.911189984375
4250,8.90055671701389
4251,8.898697342013888
4252,8.893834602430555
4253,8.938239649305553
4254,8.904127604166668
4255,8.908898784722224
4256,8.911143402777778
4257,8.915214984375003
4258,8.919402430555555
4259,8.922854621527778
4260,8.927483213541667
4261,8.930084321180557
4262,18.173990842013072
4263,8.962423677083331
4264,8.960292468750003
4265,8.983253124999997
4266,9.03281175173611
4267,8.957321126736112
4268,9.165990859375
4269,9.187204809027778
4270,9.245274256944443
4271,9.327277190972225
4272,9.29685065798611
4273,9.285624833333333
4274,9.174013685763889
4275,9.08368889409722
4276,9.10790163888889
4277,9.076812925347225
4278,9.084199857638884
4279,31.0
4280,31.0
4281,31.0
4282,31.0
4283,31.0
4284,31.0
4285,31.0
4286,31.0
4287,31.0
4288,31.0
4289,31.0
4290,9.457612840277774
4291,9.347775281249998
4292,9.527266984375002
4293,9.732126687500003
4294,10.040245845486112
4295,10.065291906249998
4296,9.80196709722222
4297,9.742063612847222
4298,9.687360387152774
4299,9.754475730902776
4300,9.644375125
4301,9.739881885416665
4302,9.72189606597222
4303,9.774297725694444
4304,9.817925335069443
4305,10.001899760416665
4306,10.062121708333333
4307,9.928983519097224
4308,9.800506321180553
4309,9.522061973958335
4310,9.795018637152777
4311,9.638508663194445
4312,9.586920133680554
4313,9.430543755208337
4314,9.601818539930553
4315,9.512041911458333
4316,9.261893217013888
4317,9.182080310763888
4318,9.211854166666665
4319,9.142789164930553
4320,9.091740085069445
4321,8.996295461805554
4322,8.995853197916668
4323,9.015485135416663
4324,9.006103920138889
4325,8.987122204861112
4326,8.965544741319443
4327,8.903863536458331
4328,8.88023205902778
4329,9.284511857638888
4330,9.30259338020833
4331,9.392617038194444
4332,9.339295109374996
4333,9.301266187499998
4334,9.287852388888886
4335,9.372159052083331
4336,9.226036142361114
4337,9.29371727083333
4338,9.39737203125
4339,9.640495690972221
4340,9.623802210069442
4341,9.748783248263887
4342,9.86893412847222
4343,10.065880112847223
4344,9.804489211805553
4345,9.600620810763887
4346,9.297908848958334
4347,9.33824342013889
4348,9.279904119791667
4349,9.284949114583332
4350,9.210051083333331
4351,31.0
4352,31.0
4353,31.0
4354,31.0
4355,31.0
4356,31.0
4357,31.0
4358,31.0
4359,31.0
4360,31.0
4361,31.0
4362,9.961303369791665
4363,9.845775479166669
4364,9.851411074652777
4365,9.55325765625
4366,9.47518709375
4367,9.335453932291667
4368,9.22942654861111
4369,9.308822711805558
4370,9.432596347222223
4371,9.287645463541667
4372,9.213322234375005
4373,8.812419498263889
4374,8.540748282986112
4375,8.507652210069443
4376,8.541832991319442
4377,8.91771931944444
4378,9.14529143402778
4379,9.33314706770833
4380,9.40999879166667
4381,9.405933663194443
4382,9.302722126736107
4383,9.277437397569447
4384,9.312487321180553
4385,9.355500072916664
4386,9.27646233159722
4387,8.832583727430555
4388,8.803079310763891
4389,8.727410368055557
4390,8.667863482638888
4391,8.704597708333333
4392,8.732861374999997
4393,8.795409291666667
4394,8.665688840277776
4395,8.78534950173611
4396,8.652073354166667
4397,8.70832242534722
4398,8.603127968749998
4399,8.625861453125
4400,8.574963541666666
4401,8.578852430555555
4402,8.582741319444445
4403,8.586630208333332
4404,8.590519097222222
4405,8.594407986111111
4406,8.598296874999999
4407,8.602185763888889
4408,8.606074652777776
4409,8.609963541666668
4410,8.613852430555555
4411,8.617741319444443
4412,8.621630208333332
4413,8.625519097222222
4414,8.62940798611111
4415,8.633296875
4416,8.546769097222223
4417,8.550657986111112
4418,8.554546875
4419,8.558435763888887
4420,8.562324652777777
4421,8.563296874999999
4422,8.567185763888888
4423,31.0
4424,31.0
4425,31.0
4426,31.0
4427,31.0
4428,10.265912670138217
4429,31.0
4430,31.0
4431,31.0
4432,31.0
4433,31.0
4434,8.613852430555555
4435,8.617741319444443
4436,8.621630208333332
4437,8.625519097222222
4438,8.62940798611111
4439,8.633296875
4440,8.546769097222223
4441,8.550657986111112
4442,8.554546875
4443,8.558435763888887
4444,8.562324652777777
4445,8.563296874999999
4446,8.567185763888888
4447,8.571074652777778
4448,8.574963541666666
4449,31.0
4450,31.0
4451,31.0
4452,8.590519097222222
4453,8.594407986111111
4454,31.0
4455,31.0
4456,8.606074652777776
4457,8.609963541666668
4458,8.613852430555555
4459,8.617741319444443
4460,8.621630208333332
4461,8.625519097222222
4462,8.62940798611111
4463,8.633296875
4464,8.546769097222223
4465,8.550657986111112
4466,8.554546875
4467,8.558435763888887
4468,8.562324652777777
4469,8.563296874999999
4470,8.567185763888888
4471,8.571074652777778
4472,8.574963541666666
4473,31.0
4474,31.0
4475,31.0
4476,8.590519097222222
4477,8.594407986111111
4478,31.0
4479,31.0
4480,8.606074652777776
4481,8.609963541666668
4482,8.613852430555555
4483,8.617741319444443
4484,8.621630208333332
4485,8.625519097222222
4486,8.62940798611111
4487,8.633296875
4488,8.546769097222223
4489,8.550657986111112
4490,8.554546875
4491,8.558435763888887
4492,8.562324652777777
4493,8.563296874999999
4494,8.567185763888888
4495,8.571074652777778
4496,8.574963541666666
4497,31.0
4498,31.0
4499,31.0
4500,8.590519097222222
4501,17.768932536457154
4502,31.0
4503,31.0
4504,8.63979336111111
4505,8.643169791666667
4506,8.640321180555553
4507,8.624977885416667
4508,8.619977029513887
4509,8.615515331597221
4510,8.611307638888889
4511,8.619674826388888
4512,8.535178993055554
4513,8.544802789930555
4514,8.583729340277777
4515,8.541583105902777
4516,8.545137793402779
4517,8.548244444444443
4518,8.550043468749998
4519,8.554462607638888
4520,8.558396060763886
4521,31.0
4522,31.0
4523,31.0
4524,9.41168308159722
4525,9.579575723958335
4526,31.0
4527,31.0
4528,9.413500663194446
4529,9.224911913194441
4530,9.396543053819444
4531,9.382625789930557
4532,9.180976401041669
4533,8.957719701388884
4534,8.97688393923611
4535,9.089352465277777
4536,9.157974510416663
4537,9.287999862847224
4538,9.218422305555555
4539,9.21411655208333
4540,9.31486145138889
4541,9.302474586805557
4542,9.237896767361109
4543,9.211707506944443
4544,9.19175228125
4545,9.220287270833333
4546,9.291698281250001
4547,9.71858369270833
4548,9.834532519097216
4549,9.412163104166666
4550,9.350485994791665
4551,9.706569784722223
4552,9.94130281423611
4553,9.869942954861108
4554,9.621019454861111
4555,9.514091598958334
4556,9.144971743055553
4557,9.151544755208333
4558,9.262871175347222
4559,9.30036281076389
4560,8.730566395833332
4561,8.560853461805557
4562,8.56434130902778
4563,8.709334484374999
4564,8.630377048611113
4565,8.576299654513889
4566,8.514390876736112
4567,8.544641583333332
4568,8.479341755208331
4569,8.73486201388889
4570,9.106987482638887
4571,9.298817779513893
4572,9.676905291666664
4573,9.524539487847223
4574,9.33796476909722
4575,9.339942026041664
4576,9.609435888888887
4577,9.601360842013888
4578,9.767194779513892
4579,9.55518966840278
4580,9.501947717013886
4581,9.284804921875002
4582,9.216902782986113
4583,9.18335222048611
4584,9.040634105902779
4585,9.327613762152776
4586,9.23448630902778
4587,9.228064015624998
4588,9.035981572916665
4589,8.857157835069444
4590,8.675814644097219
4591,8.548353430555554
4592,8.520791696180556
4593,8.601310836805553
4594,8.877440201388888
4595,9.817467041666665
4596,9.771038763888889
4597,9.669257560763887
4598,9.464680458333332
4599,9.463231166666665
4600,9.311841777777778
4601,9.28342394097222
4602,9.294010225694443
4603,9.271818086805556
4604,9.196380897569444
4605,9.082969437500001
4606,9.206961434027779
4607,9.155101204861108
4608,8.936750958333333
4609,8.834599897569442
4610,8.777548451388888
4611,8.678984428819447
4612,8.626593779513888
4613,8.586178453125
4614,8.465312151041667
4615,31.0
4616,31.0
4617,31.0
4618,31.0
4619,31.0
4620,8.794533586805555
4621,31.0
4622,31.0
4623,31.0
4624,31.0
4625,31.0
4626,8.45737042013889
4627,8.635926456597222
4628,8.464114458333333
4629,8.496544085069441
4630,8.399152222222222
4631,8.433221598958333
4632,8.293881105902775
4633,8.278823024305556
4634,8.242603274305555
4635,8.292870395833333
4636,8.332679262152777
4637,8.279479748263888
4638,8.294513147569443
4639,8.321862901041667
4640,8.397048053819441
4641,8.413520694444445
4642,8.49889251215278
4643,8.451719755208336
4644,8.540687494791664
4645,8.686625293402779
4646,8.659553741319446
4647,8.604489565972223
4648,8.730063307291669
4649,8.769279640625
4650,8.723902711805554
4651,8.673036081597223
4652,8.641713487847221
4653,8.639502034722222
4654,8.620077144097225
4655,8.272011793402779
4656,8.095138236111111
4657,8.124555638888888
4658,8.143951557291668
4659,8.09437718055555
4660,8.070616348958332
4661,8.069766104166668
4662,8.019296067708332
4663,27.112000774305518
4664,31.0
4665,31.0
4666,31.0
4667,31.0
4668,8.296640236111113
4669,31.0
4670,31.0
4671,31.0
4672,31.0
4673,31.0
4674,8.508432078125
4675,8.470305046875
4676,8.523798256944442
4677,8.41864844965278
4678,8.360286763888887
4679,8.29224656944444
4680,8.415575024305557
4681,8.42844719791667
4682,8.507424539930556
4683,8.167781112847225
4684,8.19726976736111
4685,7.79739204513889
4686,7.801796442708335
4687,7.748896689236112
4688,31.0
4689,31.0
4690,31.0
4691,31.0
4692,8.210964744791669
4693,29.96286007638856
4694,31.0
4695,31.0
4696,31.0
4697,8.623526479166669
4698,8.280156560763889
4699,8.50142234375
4700,8.422503711805556
4701,8.481204946180556
4702,8.215356345486114
4703,8.230865368055557
4704,10.73545332465278
4705,10.832205538194446
4706,10.962177467013891
4707,10.739829722222222
4708,10.566440475694442
4709,10.708309949652776
4710,10.746911243055555
4711,10.740390803819443
4712,31.0
4713,31.0
4714,31.0
4715,31.0
4716,10.383439852430556
4717,31.0
4718,31.0
4719,31.0
4720,31.0
4721,10.400945904513886
4722,10.599683293402776
4723,10.616980171875001
4724,10.552870246527778
4725,10.313513984375
4726,10.805100723958333
4727,11.148502567708334
4728,11.036042852430555
4729,10.902356548611111
4730,10.969980036458333
4731,10.79560561284722
4732,10.845387145833334
4733,10.782315565972219
4734,10.619829998263887
4735,10.862093666666667
4736,10.624684644097222
4737,10.576879286458334
4738,10.76402626736111
4739,10.778783543402776
4740,10.59363923090278
4741,10.634535272569444
4742,10.381173784722225
4743,10.157288847222222
4744,10.185440744791668
4745,10.165494354166668
4746,10.048264211805554
4747,9.952668164930556
4748,9.908267140624998
4749,9.793193666666667
4750,9.979333680555554
4751,10.045914326388889
4752,10.12399826909722
4753,10.258510949652774
4754,10.3349526875
4755,10.343181782986111
4756,10.352489206597221
4757,10.452013262152779
4758,10.430779005208333
4759,10.354824958333332
4760,10.179644246527777
4761,10.277038248263885
4762,10.301456059027775
4763,10.271430166666667
4764,10.226374119791663
4765,10.112909369791662
4766,9.865937678819442
4767,10.458070085069444
4768,10.420326340277779
4769,10.265340543402775
4770,10.416687907986114
4771,10.406250725694441
4772,10.390354770833332
4773,10.425560590277778
4774,10.533466416666668
4775,10.512495157986109
4776,10.434827800347222
4777,10.304519409722218
4778,10.225775668402779
4779,10.256423017361108
4780,10.322371013888887
4781,10.217711291666664
4782,10.065679652777778
4783,9.880361385416665
4784,31.0
4785,31.0
4786,31.0
4787,31.0
4788,10.098308147569444
4789,31.0
4790,31.0
4791,31.0
4792,31.0
4793,10.352633824652777
4794,10.545159321180554
4795,10.495665031249995
4796,10.357518487847221
4797,10.468703826388888
4798,10.385334920138888
4799,10.387748765624998
4800,10.118183310763893
4801,10.153143935763888
4802,10.059191953125
4803,10.025440991319448
4804,10.213537067708335
4805,10.136152772569446
4806,10.188701225694444
4807,10.337749491319446
4808,31.0
4809,31.0
4810,31.0
4811,31.0
4812,10.614408668402778
4813,31.0
4814,31.0
4815,31.0
4816,31.0
4817,10.332260907986111
4818,10.352186930555556
4819,10.405689230902778
4820,10.482429647569447
4821,10.419674295138886
4822,10.456078572916667
4823,10.643172276041662
4824,10.852321095486113
4825,10.814421552083333
4826,10.881202536458328
4827,10.640393677083331
4828,10.606740727430553
4829,10.466887229166668
4830,10.40607043923611
4831,10.44108899652778
4832,10.409708494791664
4833,10.467773749999997
4834,10.708424197916667
4835,10.691766324652779
4836,10.635543539930554
4837,10.880102114583332
4838,10.963807045138887
4839,10.92323835069444
4840,10.857118744791666
4841,10.934892767361108
4842,10.895259678819446
4843,10.943107255208334
4844,11.105354227430558
4845,11.089338057291664
4846,11.094510255208329
4847,10.646104315972222
4848,10.543986954861106
4849,10.660024897569446
4850,10.488106076388886
4851,10.60858218923611
4852,10.747327998263886
4853,10.841714272569442
4854,10.82326498263889
4855,11.04773140625
4856,11.132603890625
4857,11.086309171875
4858,11.007685961805553
4859,11.031221395833327
4860,10.829113057291666
4861,10.954473104166668
4862,11.047651416666666
4863,10.873772072916669
4864,10.86466264236111
4865,10.639886505208333
4866,10.623754555555557
4867,10.4961241875
4868,10.303783182291665
4869,10.467473940972221
4870,10.40515074131944
4871,10.440797828124996
4872,10.37911881076389
4873,10.60178928472222
4874,10.747045421874999
4875,10.747306949652778
4876,10.72009745138889
4877,10.663272824652777
4878,10.308960289930557
4879,10.281937932291667
4880,20.36792424826493
4881,31.0
4882,31.0
4883,31.0
4884,10.689737697916664
4885,31.0
4886,31.0
4887,31.0
4888,10.639152684027781
4889,10.266258296874998
4890,10.76345066319444
4891,10.793193468749998
4892,10.846103053819443
4893,11.025768298611103
4894,10.991687680555556
4895,10.904522258680554
4896,10.657816069444442
4897,10.93078167708333
4898,10.647190361111111
4899,10.616563015625
4900,10.579474427083332
4901,10.483191881944446
4902,10.338414649305554
4903,31.0
4904,31.0
4905,31.0
4906,31.0
4907,31.0
4908,31.0
4909,31.0
4910,31.0
4911,31.0
4912,31.0
4913,31.0
4914,31.0
4915,10.160626060763892
4916,9.993029447916664
4917,10.09141717013889
4918,10.212828998263888
4919,10.319718730902773
4920,10.233959506944444
4921,10.210376968749996
4922,10.25815328125
4923,10.153600430555555
4924,10.127246342013889
4925,10.043641404513886
4926,10.065024618055556
4927,9.984560991319443
4928,10.276638470486109
4929,10.598357413194442
4930,31.0
4931,29.109201260416008
4932,10.522650420138886
4933,10.438140708333336
4934,31.0
4935,31.0
4936,9.907304956597217
4937,9.98531531423611
4938,10.078164116319442
4939,9.78012211458333
4940,9.650138810763888
4941,9.84645198784722
4942,9.911018480902776
4943,10.172322513888886
4944,10.280765578125001
4945,10.345265048611111
4946,10.30191144791667
4947,10.179984548611113
4948,9.984355244791667
4949,9.959119467013887
4950,9.801976977430556
4951,9.645168251736113
4952,9.508015282986111
4953,31.0
4954,31.0
4955,31.0
4956,9.404078371527778
4957,9.375086328124997
4958,31.0
4959,31.0
4960,9.714769482638888
4961,9.649910763888888
4962,9.598054909722222
4963,9.733650293402778
4964,9.7630098125
4965,9.659455154513891
4966,9.499482951388888
4967,9.523976461805555
4968,9.394940223958331
4969,9.355988930555554
4970,9.337628927083335
4971,9.30184148784722
4972,9.31274406076389
4973,9.267380682291664
4974,9.026402376736112
4975,8.957898833333337
4976,8.96099901909722
4977,9.00641348784722
4978,31.0
4979,9.178114835069445
4980,9.253335692708333
4981,9.260718128472222
4982,31.0
4983,31.0
4984,9.06680621875
4985,8.940878041666666
4986,8.841592241319445
4987,9.048047276041665
4988,9.017896671874997
4989,9.093580975694444
4990,9.107963800347223
4991,9.432944378472223
4992,9.386687770833337
4993,9.400259555555555
4994,9.305068828124998
4995,9.331656602430558
4996,9.340210894097218
4997,9.328962829861116
4998,9.224093593749998
4999,31.0
5000,31.0
5001,31.0
5002,31.0
5003,31.0
5004,31.0
5005,31.0
5006,31.0
5007,31.0
5008,31.0
5009,31.0
5010,9.636608381944441
5011,9.561973263888888
5012,9.711961559027776
5013,9.791518126736113
5014,10.018167845486108
5015,10.210737906249998
5016,10.13400209548611
5017,9.627988744791663
5018,9.35670962673611
5019,9.228727119791664
5020,9.067948276041667
5021,9.064743296875003
5022,9.01356011111111
5023,8.962020642361116
5024,8.784384741319442
5025,8.672327939236107
5026,8.935757565972224
5027,9.144561039930554
5028,9.439151592013888
5029,9.400619217013888
5030,9.639295652777777
5031,9.53791115277778
5032,9.765073269097218
5033,9.585989182291668
5034,9.666739967013891
5035,9.735615446180551
5036,9.25776856423611
5037,9.430299861111111
5038,9.850060171875
5039,9.793119875000002
5040,9.94049052256944
5041,10.063604602430557
5042,10.158877652777779
5043,10.353920852430553
5044,9.754513781250001
5045,9.755546329861108
5046,9.406612055555556
5047,9.182308260416667
5048,9.140376012152778
5049,31.0
5050,31.0
5051,31.0
5052,9.156706975694446
5053,9.435434142361112
5054,31.0
5055,26.85979549305634
5056,9.717523168402781
5057,9.351620468749998
5058,9.314161973958335
5059,9.290503651041668
5060,9.068427958333332
5061,9.274138829861112
5062,9.600469678819447
5063,9.783949413194446
5064,9.646241840277774
5065,9.649422295138892
5066,9.466247461805557
5067,9.382606600694443
5068,9.252899626736113
5069,9.149264918402773
5070,9.115905895833336
5071,8.806042145833333
5072,8.993879854166666
5073,31.0
5074,31.0
5075,9.398696756944442
5076,9.442511446180557
5077,9.490875758680557
5078,31.0
5079,9.665513763888887
5080,9.700006506944446
5081,9.271697263888887
5082,9.574402274305552
5083,9.699717708333333
5084,9.770437942708332
5085,10.138098432291667
5086,10.053111967013887
5087,9.64436921875
5088,10.013645079861107
5089,10.52005263020833
5090,10.492709074652778
5091,10.584639977430557
5092,10.483166385416668
5093,10.622166236111108
5094,10.138000663194441
5095,9.90359961111111
5096,9.844836749999997
5097,31.0
5098,31.0
5099,9.945873340277776
5100,10.19484772395833
5101,10.123180387152777
5102,31.0
5103,10.534985355902778
5104,10.302143881944442
5105,10.549322534722222
5106,10.59830181423611
5107,10.677702461805556
5108,10.660621246527773
5109,10.69399556944444
5110,10.529585171875
5111,11.015708788194441
5112,10.830705046875002
5113,10.940843107638889
5114,10.726070809027778
5115,10.577256387152776
5116,10.790925857638888
5117,10.521656104166667
5118,10.120920930555556
5119,10.087673190972222
5120,10.207850807291669
5121,10.56931735416667
5122,31.0
5123,31.0
5124,10.547813548611108
5125,10.509878203124998
5126,31.0
5127,10.164832854166667
5128,10.157866881944443
5129,10.272563461805555
5130,10.743389793402775
5131,10.683753572916663
5132,10.746867456597222
5133,10.657229029513884
5134,10.787619730902776
5135,10.79133494444444
5136,10.85021347569444
5137,11.029148144097222
5138,11.219089060763888
5139,10.988841086805555
5140,10.929695012152777
5141,10.728838810763888
5142,10.559598012152776
5143,31.0
5144,31.0
5145,31.0
5146,31.0
5147,31.0
5148,31.0
5149,31.0
5150,31.0
5151,31.0
5152,31.0
5153,31.0
5154,10.047408753472222
5155,10.358201303819442
5156,10.751247852430554
5157,10.690502046875
5158,10.665707572916666
5159,10.688137967013892
5160,10.565946161458333
5161,10.744016402777778
5162,10.912559644097222
5163,10.700211314236112
5164,10.572233255208332
5165,10.459178296875002
5166,10.30387602951389
5167,10.116254263888887
5168,10.106151100694445
5169,31.0
5170,31.0
5171,31.0
5172,10.314233623263885
5173,10.600914637152778
5174,31.0
5175,31.0
5176,10.976713842013886
5177,10.755903411458336
5178,10.61201296701389
5179,10.663697102430557
5180,10.768055861111108
5181,10.771672953124998
5182,10.817394777777775
5183,10.920452447916665
5184,10.543643894097224
5185,10.673058776041666
5186,10.694932244791664
5187,10.3665891875
5188,10.162783227430555
5189,10.165018803819443
5190,10.183483394097221
5191,10.242408592013888
5192,10.283661159722216
5193,31.0
5194,31.0
5195,31.0
5196,9.502351359375002
5197,9.528355398940972
5198,31.0
5199,31.0
5200,9.699788194444444
5201,9.703677083333332
5202,9.70756597222222
5203,9.711454861111111
5204,9.715343749999999
5205,9.719232638888888
5206,9.723121527777776
5207,9.727010416666666
5208,9.637565972222221
5209,9.641454861111109
5210,9.645343749999997
5211,9.649232638888888
5212,9.653121527777778
5213,9.657010416666667
5214,9.660899305555553
5215,9.664788194444444
5216,9.680222635416666
5217,28.823647043594026
5218,31.0
5219,31.0
5220,9.562712505208331
5221,9.52827073090278
5222,31.0
5223,31.0
5224,9.171224331597223
5225,9.523208260416666
5226,9.493784149305556
5227,9.635069791666668
5228,10.144944043402779
5229,10.179565970486111
5230,10.496058076388886
5231,10.64996765972222
5232,10.514532753472219
5233,10.686208531250001
5234,10.72968917708333
5235,10.076016635416666
5236,9.872094737847222
5237,9.761512967013891
5238,9.290443762152774
5239,9.193635487847223
5240,9.36144353472222
5241,31.0
5242,31.0
5243,31.0
5244,9.433733190972221
5245,9.571551998263887
5246,31.0
5247,31.0
5248,9.89620940972222
5249,9.791549881944443
5250,9.794284548611106
5251,9.848143253472223
5252,10.328986621527775
5253,10.777229579861112
5254,10.882372545138889
5255,10.546984692708333
5256,10.452469380208331
5257,11.115644008680555
5258,11.348585609374995
5259,10.90560251909722
5260,10.646296718749996
5261,10.619292079861115
5262,10.565671496527779
5263,10.48529698611111
5264,10.42539369618055
5265,31.0
5266,31.0
5267,31.0
5268,10.913385279513891
5269,10.704454723958328
5270,31.0
5271,31.0
5272,9.962292314236109
5273,10.35807892534722
5274,11.443590751736114
5275,11.457474461805555
5276,11.242015774305553
5277,11.423062619791665
5278,11.385341272569443
5279,11.400120642361111
5280,11.739296175347226
5281,11.686504411458335
5282,11.695999012152775
5283,11.52378609375
5284,11.292361499999998
5285,11.165002953124999
5286,11.052317901041667
5287,11.03258987152778
5288,31.0
5289,31.0
5290,31.0
5291,31.0
5292,11.613145006944443
5293,31.0
5294,31.0
5295,31.0
5296,31.0
5297,31.0
5298,10.755274067708335
5299,10.724053897569446
5300,10.676841121527774
5301,10.60294581597222
5302,10.485047149305556
5303,10.922020873263891
5304,10.815541199652777
5305,10.911892407986112
5306,10.79967092361111
5307,10.7239173125
5308,10.510432770833331
5309,10.543588793402774
5310,10.362909289930558
5311,10.259247723958334
5312,10.105130717013887
5313,10.181251645833338
5314,10.107044414930556
5315,10.160047503472219
5316,10.246943048611106
5317,10.603427831597221
5318,10.775615994791666
5319,10.792044253472222
5320,10.924716432291664
5321,11.006812906250001
5322,11.059535532986112
5323,11.117097043402776
5324,11.059982961805554
5325,10.775197465277776
5326,11.003665373263887
5327,10.78708820486111
5328,10.82748330902778
5329,10.820330305555554
5330,11.069456137152777
5331,11.06819373090278
5332,10.974821131944443
5333,10.942513810763884
5334,10.852434128472224
5335,31.0
5336,31.0
5337,31.0
5338,31.0
5339,31.0
5340,11.201199454861111
5341,31.0
5342,31.0
5343,31.0
5344,31.0
5345,17.143029982637916
5346,11.07385259895833
5347,11.34032114930556
5348,11.451876394097221
5349,10.939339651041667
5350,11.087362769097224
5351,11.320086069444445
5352,11.225445899305557
5353,11.137523055555556
5354,11.400547095486111
5355,11.332489170138887
5356,11.378928652777777
5357,11.371414529513894
5358,11.387347902777774
5359,31.0
5360,31.0
5361,31.0
5362,31.0
5363,31.0
5364,11.046281543402776
5365,31.0
5366,31.0
5367,31.0
5368,31.0
5369,31.0
5370,11.178453149305557
5371,11.296474109374996
5372,11.161125706597225
5373,11.265341815972223
5374,11.397385817708333
5375,11.528765961805556
5376,11.34915832118055
5377,11.618492192708334
5378,11.687813411458333
5379,11.653647651041668
5380,11.464457362847218
5381,11.272762654513894
5382,11.147685548611113
5383,10.814525531249998
5384,10.591460553819443
5385,10.610865331597223
5386,10.92923321875
5387,11.21240310069444
5388,11.184150663194442
5389,11.318302381944441
5390,11.234381046875004
5391,11.297606262152776
5392,11.17187417013889
5393,11.187433201388888
5394,11.324757572916667
5395,11.228359284722217
5396,11.548883961805553
5397,11.699237715277775
5398,11.775915678819445
5399,11.836903810763886
5400,11.840585895833332
5401,11.693384512152777
5402,11.908315088541663
5403,11.45162089409722
5404,11.28619892361111
5405,11.268297748263894
5406,11.165358008680554
5407,10.988533196180562
5408,11.204238876736111
5409,11.266332291666666
5410,11.138042319444445
5411,11.591810817708328
5412,11.74485586458333
5413,11.809587331597218
5414,11.553489840277779
5415,11.236781572916668
5416,11.609548562499999
5417,11.253123887152777
5418,11.408196564236112
5419,10.944510852430552
5420,10.592653555555556
5421,10.740525322916668
5422,10.43885165798611
5423,9.68091287673611
5424,9.32715080208333
5425,9.226256350694443
5426,9.20507126388889
5427,9.052348921875
5428,9.050862564236112
5429,8.863659291666668
5430,8.80587688020833
5431,29.34737040104019
5432,31.0
5433,31.0
5434,31.0
5435,31.0
5436,31.0
5437,31.0
5438,31.0
5439,31.0
5440,31.0
5441,9.26701231944444
5442,9.321209807291666
5443,9.141608717013888
5444,9.336883621527775
5445,9.368725126736113
5446,9.11362129513889
5447,9.151487211805556
5448,8.982220102430555
5449,9.480085404513886
5450,9.585313086805554
5451,9.563267911458334
5452,9.496074473958336
5453,9.472391444444446
5454,31.0
5455,31.0
5456,31.0
5457,31.0
5458,31.0
5459,31.0
5460,31.0
5461,31.0
5462,31.0
5463,31.0
5464,31.0
5465,31.0
5466,31.0
5467,10.271436546875002
5468,10.10058723090278
5469,9.886795236111114
5470,9.638219293402779
5471,9.345136986111108
5472,9.036552352430558
5473,9.013067862847219
5474,9.034130340277779
5475,8.871622630208332
5476,8.65500097048611
5477,8.597122576388891
5478,8.562110362847218
5479,8.549204550347227
5480,8.498248743055553
5481,8.490939697916666
5482,8.446454017361111
5483,8.374024628472222
5484,8.364353885416667
5485,8.157054196180555
5486,8.22968620833333
5487,8.251091600694444
5488,8.369553621527775
5489,8.466707046875003
5490,8.542012439236109
5491,8.621078934027777
5492,8.594987612847222
5493,8.643436776041664
5494,8.762633967013889
5495,8.835787369791664
5496,8.787799562499998
5497,8.795444826388893
5498,8.57622531597222
5499,8.518429524305555
5500,8.289816803819443
5501,8.176496623263887
5502,8.165662847222222
5503,8.15720854861111
5504,8.241198826388889
5505,8.382720791666664
5506,8.500041994791667
5507,8.605755302083335
5508,8.4125724375
5509,8.535766859374998
5510,9.989924874999998
5511,11.084754053819443
5512,11.131046342013889
5513,11.339662699652777
5514,9.246402119791664
5515,9.106294762152777
5516,9.198492880208331
5517,9.09545086284722
5518,9.182734069444443
5519,9.335333583333332
5520,9.120958279513887
5521,8.690091277777775
5522,8.987177293402777
5523,9.142557374999999
5524,8.940578293402776
5525,8.979872197916665
5526,8.893255012152776
5527,8.827825927083333
5528,8.593554010416666
5529,8.293827657986109
5530,8.703744473958336
5531,9.167423210069444
5532,9.156139319444444
5533,9.340403442708329
5534,9.491015515625003
5535,9.463436135416668
5536,9.615171173611113
5537,9.609354987847222
5538,10.35842380902778
5539,10.487838885416664
5540,10.216737744791665
5541,10.193712326388885
5542,10.06836339930555
5543,9.890959118055557
5544,9.648582039930552
5545,9.489777305555554
5546,9.764266713541664
5547,9.849406729166668
5548,9.645333237847224
5549,9.602837003472219
5550,9.534729956597221
5551,9.479616769097223
5552,9.338560230902775
5553,9.223339720486113
5554,9.1624693125
5555,9.343173121527776
5556,9.603840008680555
5557,9.701425526041668
5558,9.69519932986111
5559,9.797931597222219
5560,9.577241552083333
5561,9.28676589409722
5562,9.580068798611114
5563,9.66915226909722
5564,9.549043534722221
5565,9.349189852430555
5566,9.34607394097222
5567,9.272343354166665
5568,8.97689068402778
5569,8.864410697916666
5570,8.844317258680553
5571,8.787287845486109
5572,8.876906196180558
5573,8.871394887152778
5574,8.840170329861113
5575,8.83244243923611
5576,8.774107501736113
5577,31.0
5578,31.0
5579,31.0
5580,9.119288135416665
5581,9.186483590277776
5582,31.0
5583,31.0
5584,9.347266493055555
5585,9.494857519097225
5586,9.47793241840278
5587,9.416068204861114
5588,9.311894289930557
5589,9.253247342013887
5590,9.489949935763887
5591,9.569337178819442
5592,9.477921006944444
5593,9.341481078124998
5594,9.115367953125002
5595,8.998997874999999
5596,8.9567401875
5597,8.94167525173611
5598,8.916024991319443
5599,8.860283602430558
5600,9.991019706595765
5601,31.0
5602,31.0
5603,31.0
5604,8.65032775347222
5605,8.84449759375
5606,31.0
5607,31.0
5608,9.037804902777776
5609,9.057071552083334
5610,9.330130699652777
5611,9.291116965277778
5612,9.176921456597222
5613,9.283762079861113
5614,9.403971026041665
5615,9.430041967013887
5616,9.65398727951389
5617,9.079106081597219
5618,9.030485296875
5619,9.23535392013889
5620,9.416588003472222
5621,9.234747654513887
5622,9.149315546874998
5623,31.0
5624,31.0
5625,31.0
5626,31.0
5627,31.0
5628,31.0
5629,31.0
5630,31.0
5631,31.0
5632,31.0
5633,31.0
5634,31.0
5635,9.992467661458331
5636,9.231418534722225
5637,9.130145366319445
5638,9.042534314236107
5639,9.46003531423611
5640,9.597730029513887
5641,9.62341772048611
5642,9.650705190972221
5643,9.31464881423611
5644,9.71272160590278
5645,9.730007145833333
5646,9.707565473958331
5647,9.722064211805558
5648,9.755162289930558
5649,31.0
5650,31.0
5651,31.0
5652,9.867484690972223
5653,9.834009949652774
5654,31.0
5655,9.489989578124996
5656,9.551151664930556
5657,10.023069437499995
5658,10.150069185763886
5659,10.149680479166664
5660,10.073672887152778
5661,9.29143994965278
5662,9.321699491319443
5663,9.602128909722223
5664,9.499684128472223
5665,9.410308590277777
5666,9.439948777777778
5667,9.600943527777778
5668,9.21749305555556
5669,8.978134253472222
5670,9.047446467013886
5671,8.993852802083332
5672,8.998686289930555
5673,31.0
5674,31.0
5675,31.0
5676,7.905031920138887
5677,8.164736477430555
5678,31.0
5679,31.0
5680,9.122888128472221
5681,9.466521725694445
5682,9.312636241319444
5683,9.134002269097223
5684,8.816683470486112
5685,8.84443431423611
5686,8.965275946180553
5687,9.165167168402775
5688,9.047848383680554
5689,9.162202085069444
5690,9.000612152777778
5691,8.933008862847222
5692,8.767221312499998
5693,8.833269095486113
5694,9.021187194444444
5695,8.975418192708334
5696,8.945944960069443
5697,12.202072616318988
5698,31.0
5699,31.0
5700,9.295897977430553
5701,8.789238427083331
5702,31.0
5703,8.99560315451389
5704,9.051507159722222
5705,8.74639796527778
5706,8.894060218749997
5707,8.816747065972221
5708,8.598949102430554
5709,8.353038081597223
5710,8.506461991319442
5711,8.813810237847218
5712,8.839863763888888
5713,8.964136440972219
5714,9.080660045138885
5715,9.009130934027779
5716,8.922558118055553
5717,8.976837710069445
5718,8.77548676909722
5719,8.614427196180555
5720,8.483949444444443
5721,31.0
5722,31.0
5723,31.0
5724,9.017717515624998
5725,8.838112135416667
5726,31.0
5727,31.0
5728,9.527044552083334
5729,9.568546750000001
5730,9.583923149305557
5731,9.754868229166663
5732,9.961385607638888
5733,9.92079467361111
5734,9.761967529513889
5735,9.745149312499999
5736,9.447014123263887
5737,9.844503083333333
5738,9.481229394097221
5739,9.628370390625
5740,9.690944970486111
5741,9.685701010416667
5742,9.973589913194441
5743,9.858507555555555
5744,9.897674657986114
5745,31.0
5746,31.0
5747,31.0
5748,10.046981984374998
5749,9.834041194444442
5750,31.0
5751,31.0
5752,9.935969057291667
5753,9.850140392361112
5754,10.038307829861115
5755,10.099853154513886
5756,10.180162939236109
5757,10.122910595486113
5758,9.653935751736112
5759,9.42810350173611
5760,9.288860947916666
5761,9.525229376736108
5762,9.496598319444443
5763,9.674998217013888
5764,9.70534688715278
5765,10.042601345486112
5766,9.87279027777778
5767,31.0
5768,31.0
5769,31.0
5770,31.0
5771,31.0
5772,15.144883751735858
5773,31.0
5774,31.0
5775,31.0
5776,31.0
5777,31.0
5778,10.287461685763889
5779,9.903676914930557
5780,9.730363282986113
5781,9.296898491319443
5782,9.187083135416668
5783,8.825034932291667
5784,8.611942755208336
5785,8.650691145833331
5786,8.686912828125003
5787,8.843023826388889
5788,8.746625623263887
5789,8.746394623263887
5790,8.635465392361114
5791,8.630954645833336
5792,8.619470355902772
5793,8.649012531250001
5794,8.858889654513892
5795,9.094460265624999
5796,9.434720604166666
5797,9.072587720486109
5798,8.626895678819444
5799,8.894972989583334
5800,8.60643552951389
5801,9.221066288194441
5802,9.74399228298611
5803,9.359253956597218
5804,8.987161895833335
5805,8.748621012152777
5806,8.680910644097223
5807,8.722657854166666
5808,8.575519421874995
5809,8.798777944444444
5810,8.910181753472223
5811,8.954250630208332
5812,8.829204647569442
5813,8.847613237847222
5814,8.797236680555553
5815,8.665141199652778
5816,8.535318336805554
5817,8.537349078124997
5818,8.556486446180553
5819,8.443944177083335
5820,8.461397048611113
5821,8.610694713541667
5822,8.87834881597222
5823,8.66411545659722
5824,8.34825841840278
5825,8.291563145833331
5826,8.448725687499998
5827,8.374331328125
5828,8.515951208333334
5829,8.694364498263889
5830,8.770378604166668
5831,8.711459883680554
5832,8.324128628472222
5833,7.832900359375
5834,7.839823796874999
5835,7.99970006597222
5836,8.576218595486113
5837,8.468499569444445
5838,8.699943960069445
5839,8.126992331597222
5840,7.912099598958331
5841,7.951730256944449
5842,8.076546515625
5843,8.054924645833333
5844,7.8048473003472205
5845,7.852819503472222
5846,8.012174467013889
5847,7.904564888888889
5848,7.916759654513887
5849,8.136636277777775
5850,8.186818791666665
5851,8.30346274479167
5852,8.677878453124999
5853,8.663359675347222
5854,8.854191840277778
5855,9.074799197916667
5856,8.963389008680554
5857,8.829520048611112
5858,8.821471336805557
5859,8.689090727430553
5860,8.761312571180556
5861,8.80973695486111
5862,8.451792744791668
5863,31.0
5864,31.0
5865,31.0
5866,31.0
5867,31.0
5868,31.0
5869,31.0
5870,31.0
5871,31.0
5872,31.0
5873,31.0
5874,8.678143821180557
5875,9.342931548611114
5876,9.267053274305555
5877,9.040289708333333
5878,8.730907147569443
5879,9.060557819444442
5880,8.831504171875
5881,9.524400447916664
5882,9.18916406770833
5883,9.120575977430557
5884,9.090322706597224
5885,8.957806034722225
5886,8.986844793402778
5887,8.940189015624995
5888,8.757245899305554
5889,31.0
5890,31.0
5891,8.471446557291666
5892,8.574299197916666
5893,8.99046335590278
5894,31.0
5895,15.211656845485837
5896,9.434007369791665
5897,9.254504401041668
5898,9.644957340277777
5899,9.609601980902777
5900,9.317789517361112
5901,9.392832130208333
5902,9.394403909722222
5903,9.55631215972222
5904,9.62983102083333
5905,9.80584706597222
5906,9.820296937499997
5907,10.053140416666663
5908,9.918852538194447
5909,9.702638458333332
5910,9.176742434027778
5911,8.766760734374998
5912,8.55255434201389
5913,8.507417977430556
5914,31.0
5915,9.241798501736108
5916,9.125263546875004
5917,8.967501460069444
5918,31.0
5919,9.375750513888887
5920,9.435540211805554
5921,9.23533465798611
5922,9.288364348958332
5923,9.288434397569445
5924,8.917478682291668
5925,9.206218559027777
5926,9.375274222222224
5927,9.51601190798611
5928,9.660782626736113
5929,9.870740213541668
5930,9.896998246527778
5931,9.992747892361113
5932,10.009964866319445
5933,9.808901217013887
5934,9.756350065972216
5935,31.0
5936,31.0
5937,31.0
5938,31.0
5939,31.0
5940,31.0
5941,31.0
5942,31.0
5943,31.0
5944,31.0
5945,31.0
5946,9.79878784548611
5947,9.792432513888885
5948,9.704696616319442
5949,9.682001000000001
5950,9.56785440625
5951,9.661643444444442
5952,9.805572157986106
5953,10.001087444444448
5954,10.026632631944446
5955,9.735047437500002
5956,9.589561612847218
5957,9.582174401041668
5958,9.475362361111113
5959,9.101483392361114
5960,9.003048736111111
5961,31.0
5962,31.0
5963,9.240256824652777
5964,9.711042942708332
5965,10.282067104166664
5966,31.0
5967,11.487221630208328
5968,10.841984453125
5969,10.595467251736109
5970,10.311385935763886
5971,10.528308230902777
5972,10.59238472395833
5973,10.604958230902778
5974,10.386398276041662
5975,10.24282862847222
5976,10.02786497222222
5977,9.942686930555556
5978,9.653632734375
5979,9.351469020833337
5980,9.237184213541667
5981,8.986841378472219
5982,9.033552585069444
5983,9.000042163194449
5984,8.971945815972223
5985,8.94318102951389
5986,31.0
5987,9.264849598958332
5988,9.278100671875
5989,9.344748133680556
5990,31.0
5991,31.0
5992,9.469316913194442
5993,9.304799425347223
5994,9.215789284722224
5995,9.252634817708332
5996,9.194380039930554
5997,9.28218025
5998,9.182497807291666
5999,9.039663500000001
6000,9.212155215277775
6001,9.182877909722224
6002,8.886947939236109
6003,8.602848953125001
6004,8.797767258680556
6005,8.656231694444445
6006,8.655085164930556
6007,8.570121121527777
6008,8.401245635416664
6009,8.331971217013889
6010,8.328146713541665
6011,8.216036536458333
6012,8.627214300347223
6013,8.950604213541665
6014,9.21865917534722
6015,9.328182524305555
6016,9.684823288194448
6017,10.011073904513886
6018,10.043276322916666
6019,9.951815355902772
6020,9.735376401041664
6021,9.56038743576389
6022,9.650531333333333
6023,9.678242255208332
6024,9.762116935763888
6025,9.51184797743055
6026,9.404576914930555
6027,9.296628723958333
6028,9.201090487847223
6029,9.178704256944444
6030,9.10953217708333
6031,8.973720631944444
6032,9.440745732638888
6033,9.676748399305556
6034,9.920135032986114
6035,10.608103078125
6036,10.586383196180554
6037,9.371943182291664
6038,9.467862213541663
6039,9.63247068923611
6040,9.850885782986113
6041,9.816849486111114
6042,9.760595395833333
6043,9.854121520833331
6044,9.408705687500001
6045,9.370222239583335
6046,9.424660364583332
6047,9.505941350694444
6048,9.322869390624996
6049,31.0
6050,9.597798874999999
6051,9.74242210763889
6052,9.711683394097225
6053,9.637861333333332
6054,9.65533650520833
6055,31.0
6056,31.0
6057,31.0
6058,8.994219038194446
6059,31.0
6060,31.0
6061,31.0
6062,31.0
6063,31.0
6064,31.0
6065,9.885262637152778
6066,9.987402274305555
6067,9.885625555555558
6068,9.810959484375
6069,31.0
6070,9.893830005208333
6071,9.829310118055554
6072,9.789762074652778
6073,31.0
6074,10.05047240798611
6075,10.091123461805557
6076,9.956893612847223
6077,9.853893461805555
6078,9.846005154513888
6079,31.0
6080,31.0
6081,31.0
6082,10.586666416666665
6083,31.0
6084,31.0
6085,31.0
6086,31.0
6087,31.0
6088,31.0
6089,9.617995163194443
6090,9.495885586979167
6091,9.817595605902778
6092,9.843626406250007
6093,28.24039148468766
6094,10.057459489583332
6095,9.99637963454861
6096,9.904196993055553
6097,9.770479646788194
6098,9.702065223958334
6099,9.631133020833335
6100,9.138871092968747
6101,9.021602770833335
6102,8.881005364583332
6103,8.132883136631943
6104,4.872970182986109
6105,4.601321180555554
6106,4.605210069444443
6107,4.609098958333332
6108,4.612987847222221
6109,4.374264357847222
6110,6.940194563020835
6111,8.012168769791668
6112,7.864454978819442
6113,7.834540571180555
6114,7.833171354166664
6115,7.837086979166667
6116,7.8355974375
6117,7.828765157986112
6118,7.85390926736111
6119,7.904572970486111
6120,7.842923168402777
6121,7.835226388888889
6122,7.843669288194445
6123,7.84670265798611
6124,7.852721527777779
6125,7.854535925347222
6126,7.867180902777777
6127,31.0
6128,31.0
6129,31.0
6130,9.145990947916665
6131,31.0
6132,31.0
6133,9.233548102430554
6134,31.0
6135,31.0
6136,9.723938133680555
6137,9.72659727083333
6138,10.524936260416668
6139,10.815636756944441
6140,11.092617168402779
6141,10.176168916666668
6142,10.182308147569447
6143,10.148998173611112
6144,10.083640923611114
6145,10.106133722222223
6146,10.141736098958333
6147,10.069881512152778
6148,10.122523723958333
6149,9.929329362847222
6150,9.613708562499998
6151,9.640684071180553
6152,9.540524838541666
6153,9.643127946180552
6154,9.52722559201389
6155,9.473805699652777
6156,9.548736883680558
6157,9.480415996527777
6158,9.493332831597222
6159,9.616584991319446
6160,9.523212307291667
6161,9.634776520833336
6162,9.788824196180554
6163,9.927124496527776
6164,9.878107190972223
6165,9.97055035763889
6166,9.822498012152774
6167,9.962571743055555
6168,9.874484362847221
6169,9.764807196180552
6170,9.731965128472224
6171,9.753660267361106
6172,9.593683555555554
6173,9.449425052083331
6174,9.43668407986111
6175,9.329546916666667
6176,9.088764696180556
6177,9.248480597222217
6178,9.529373607638886
6179,9.6035961875
6180,9.537997911458334
6181,9.566212177083337
6182,9.669153885416666
6183,9.78715696875
6184,9.582535338541668
6185,9.665277890624997
6186,9.795361296874999
6187,9.654006213541667
6188,9.767290409722222
6189,9.729230340277777
6190,9.763986130208336
6191,9.742332991319447
6192,9.668188565972226
6193,9.549358619791667
6194,9.363358751736111
6195,9.474931824652781
6196,9.52409376041667
6197,9.33785978125
6198,9.516638578125
6199,9.41279877951389
6200,9.515611194444446
6201,9.266469491319446
6202,9.122133428819444
6203,8.743018605902774
6204,8.612772340277775
6205,8.65298678125
6206,8.823049703125003
6207,8.833871970486111
6208,8.88443318923611
6209,8.955443145833334
6210,8.971389972222227
6211,8.939038026041668
6212,8.932579967013888
6213,8.96603028125
6214,9.09370737673611
6215,9.292230670138887
6216,31.0
6217,31.0
6218,9.237445060763887
6219,9.335173397569443
6220,9.296743324652773
6221,31.0
6222,20.160413659722533
6223,31.0
6224,31.0
6225,31.0
6226,8.7666635
6227,8.533501095486113
6228,8.607015277777778
6229,8.626718612847222
6230,8.407957967013889
6231,8.388671180555557
6232,31.0
6233,31.0
6234,31.0
6235,31.0
6236,31.0
6237,31.0
6238,31.0
6239,31.0
6240,8.486403357638888
6241,8.352538942708334
6242,8.346361649305553
6243,8.298404710069445
6244,8.278877371527777
6245,8.246358178819442
6246,8.28079737673611
6247,8.32676911111111
6248,8.28647634548611
6249,8.269328532986108
6250,31.0
6251,31.0
6252,8.32489589409722
6253,8.37299296701389
6254,31.0
6255,8.43111476909722
6256,8.452253006944446
6257,8.492805854166667
6258,8.456773390624999
6259,8.432210536458335
6260,8.494335123263888
6261,8.557662798611112
6262,8.543558333333333
6263,8.794867605902775
6264,8.692338253472222
6265,8.511690079861106
6266,8.404771156250002
6267,8.389178364583334
6268,8.370248092013888
6269,8.320363685763892
6270,8.243562942708332
6271,8.273082805555555
6272,8.389383722222222
6273,8.259658895833336
6274,31.0
6275,31.0
6276,8.62886757638889
6277,8.545454178819442
6278,31.0
6279,31.0
6280,9.145809835069441
6281,8.968213928819445
6282,9.005122085069445
6283,8.83584559375
6284,8.883479281249999
6285,8.880871319444445
6286,8.757121892361114
6287,8.819397963541666
6288,8.763496461805554
6289,8.76309425347222
6290,8.660502107638884
6291,8.598691475694443
6292,8.580870581597221
6293,8.405638378472222
6294,8.33422970138889
6295,8.403755597222224
6296,8.321554196180555
6297,16.389417973957915
6298,31.0
6299,31.0
6300,8.995330506944446
6301,9.017003369791667
6302,31.0
6303,8.843648430555556
6304,8.812415038194443
6305,8.717465057291667
6306,8.659887565972221
6307,8.722078968749999
6308,8.616928967013889
6309,8.563994796874999
6310,8.60828197395833
6311,8.717359668402777
6312,8.617642104166666
6313,8.662258998263889
6314,8.637112361111116
6315,8.553658871527778
6316,8.529479315972223
6317,8.589181902777776
6318,8.530361194444444
6319,8.544895588541662
6320,8.475429496527774
6321,8.429687255208334
6322,31.0
6323,31.0
6324,8.403246006944446
6325,8.33090139583333
6326,31.0
6327,31.0
6328,8.338521916666668
6329,8.36563114236111
6330,8.348353939236114
6331,8.375868557291668
6332,8.379049036458333
6333,8.381289145833332
6334,8.320752914930555
6335,8.427820940972222
6336,8.166443493055557
6337,8.160408788194443
6338,8.16876259548611
6339,8.164461326388889
6340,8.169481954861109
6341,8.212340815972224
6342,8.216470342013887
6343,8.222052635416667
6344,8.200314840277779
6345,31.0
6346,31.0
6347,31.0
6348,8.366417074652777
6349,8.367752701388891
6350,31.0
6351,31.0
6352,8.48063775173611
6353,8.506383362847222
6354,8.564818427083333
6355,8.615557914930555
6356,8.662389470486112
6357,8.639025171875
6358,8.906336164930554
6359,8.911851545138887
6360,8.901450286458335
6361,8.792236723958336
6362,8.966706328124998
6363,8.823974395833334
6364,8.637773958333332
6365,8.568256423611112
6366,8.569930687500001
6367,8.477395706597223
6368,8.497789866319444
6369,31.0
6370,31.0
6371,31.0
6372,8.40664594097222
6373,8.428465852430556
6374,31.0
6375,31.0
6376,8.68990128125
6377,8.570665894097223
6378,8.509234088541668
6379,8.241613309027779
6380,8.26808969097222
6381,8.277864947916669
6382,8.291173868055553
6383,8.381727897569444
6384,8.106714960069445
6385,8.091193578125
6386,8.20097516145833
6387,8.254067354166668
6388,8.264038805555556
6389,8.209230604166667
6390,8.188040911458332
6391,8.111654736111111
6392,8.111840661458334
6393,8.092188246527778
6394,8.06620411284722
6395,8.028905998263888
6396,8.078117043402779
6397,8.18594264930555
6398,8.983916204861112
6399,9.113219743055557
6400,9.196626274305556
6401,9.228819881944444
6402,9.0025018125
6403,8.985246934027776
6404,9.045540218749998
6405,8.393748173611112
6406,8.274806932291664
6407,8.17142161111111
6408,8.011097791666664
6409,8.227249029513889
6410,8.349431963541667
6411,8.314682590277778
6412,8.359094527777778
6413,8.233841255208334
6414,8.319774251736108
6415,8.356151890624998
6416,8.366831824652776
6417,31.0
6418,31.0
6419,31.0
6420,8.346293642361111
6421,8.419130526041663
6422,31.0
6423,31.0
6424,8.990504189236113
6425,9.062570307291665
6426,8.981340217013887
6427,8.88437610763889
6428,9.033290473958337
6429,9.00594707638889
6430,9.14052679166667
6431,9.557742444444447
6432,9.40144676041667
6433,9.514673072916667
6434,9.605748395833333
6435,9.713012385416665
6436,9.63540072395833
6437,9.61411504861111
6438,9.375529843749998
6439,9.142764008680553
6440,9.128882303819445
6441,31.0
6442,31.0
6443,31.0
6444,9.04827246701389
6445,9.12517321527778
6446,31.0
6447,31.0
6448,9.435170427083335
6449,9.676502755208332
6450,9.834458423611109
6451,9.76664983680555
6452,9.603059435763889
6453,9.474203399305557
6454,9.55175477083333
6455,9.740283315972224
6456,9.561934824652777
6457,9.506117480902777
6458,9.44202540798611
6459,9.426013661458331
6460,9.367665331597221
6461,9.35067091145833
6462,9.392017019097217
6463,9.408561081597226
6464,9.405783685763886
6465,31.0
6466,31.0
6467,31.0
6468,9.456978586805553
6469,9.556284208333334
6470,31.0
6471,31.0
6472,21.782407394096634
6473,8.996990940972221
6474,9.09516041145833
6475,9.139238038194444
6476,9.143572508680556
6477,8.880171635416668
6478,9.068985418402779
6479,9.232560020833334
6480,9.157078729166669
6481,9.279332829861108
6482,9.288546920138884
6483,9.245999401041665
6484,9.206321809027779
6485,9.167283453125002
6486,9.075782309027774
6487,9.034812524305554
6488,9.024566881944443
6489,9.219868510416665
6490,9.509584218750001
6491,9.597366612847221
6492,9.58025872222222
6493,9.492781496527776
6494,9.393388776041666
6495,9.36562653298611
6496,9.342413913194441
6497,9.317400944444442
6498,9.304611118055554
6499,9.3648506875
6500,9.357176269097224
6501,9.339676305555555
6502,9.290128640625001
6503,9.209843210069444
6504,9.164105829861114
6505,9.170129196180554
6506,9.161010967013889
6507,9.079388913194448
6508,8.866323180555554
6509,8.877463947916663
6510,8.792954345486113
6511,8.709696953124999
6512,8.787640385416665
6513,8.804554244791667
6514,8.867347173611112
6515,8.88599443229167
6516,8.92423037673611
6517,9.072890871527775
6518,9.090731465277775
6519,9.169009086805554
6520,9.311382147569445
6521,9.401459387152777
6522,9.284737133680558
6523,9.333841246527776
6524,9.266304663194443
6525,9.541712225694443
6526,9.539986385416668
6527,9.735640043402775
6528,9.650916953125
6529,9.676252821180556
6530,9.799825802083333
6531,9.743380123263885
6532,9.701585991319446
6533,9.473037583333332
6534,9.406227322916665
6535,9.391258345486115
6536,9.43822352083333
6537,9.484569220486112
6538,9.427174592013893
6539,9.685484350694441
6540,9.70930053819444
6541,9.630334364583334
6542,9.797750083333332
6543,9.748033166666664
6544,9.707433130208333
6545,9.744666409722221
6546,9.697538277777776
6547,9.675929824652776
6548,9.585618486111109
6549,9.574241104166667
6550,9.733177149305556
6551,9.84751732465278
6552,9.832833876736109
6553,31.0
6554,9.751201760416665
6555,9.709853124999999
6556,9.696359118055556
6557,9.703039524305554
6558,9.636264725694446
6559,31.0
6560,31.0
6561,31.0
6562,10.092262128472221
6563,31.0
6564,31.0
6565,31.0
6566,31.0
6567,31.0
6568,31.0
6569,9.730759123263889
6570,14.98120681944376
6571,9.230403729166667
6572,9.373610118055554
6573,31.0
6574,9.640313848958332
6575,9.59006648784722
6576,9.618080694444444
6577,31.0
6578,9.244329755208334
6579,9.166954137152777
6580,9.177994802083333
6581,9.119653059027776
6582,9.10198823090278
6583,31.0
6584,31.0
6585,31.0
6586,9.1398995625
6587,31.0
6588,31.0
6589,31.0
6590,31.0
6591,31.0
6592,31.0
6593,9.024792097222221
6594,8.987378178819442
6595,8.901892671875
6596,8.946148737847222
6597,31.0
6598,8.535448335069443
6599,8.776339541666665
6600,8.875449515625004
6601,8.911189984375
6602,8.90055671701389
6603,8.898697342013888
6604,8.893834602430555
6605,8.938239649305553
6606,8.904127604166668
6607,8.908898784722224
6608,8.911143402777778
6609,31.0
6610,8.919402430555555
6611,31.0
6612,31.0
6613,8.930084321180557
6614,31.0
6615,31.0
6616,8.960292468750003
6617,8.983253124999997
6618,9.03281175173611
6619,8.957321126736112
6620,9.165990859375
6621,9.187204809027778
6622,9.245274256944443
6623,9.327277190972225
6624,9.29685065798611
6625,9.285624833333333
6626,9.174013685763889
6627,9.08368889409722
6628,9.10790163888889
6629,9.076812925347225
6630,9.084199857638884
6631,9.150379401041667
6632,9.413069409722224
6633,9.279142383680556
6634,9.47795095138889
6635,31.0
6636,31.0
6637,9.631461546875002
6638,31.0
6639,31.0
6640,9.182491876736114
6641,9.237125916666667
6642,9.457612840277774
6643,9.347775281249998
6644,9.527266984375002
6645,9.732126687500003
6646,10.040245845486112
6647,10.065291906249998
6648,9.80196709722222
6649,9.742063612847222
6650,9.687360387152774
6651,9.754475730902776
6652,9.644375125
6653,9.739881885416665
6654,9.72189606597222
6655,9.774297725694444
6656,9.817925335069443
6657,10.001899760416665
6658,10.062121708333333
6659,31.0
6660,31.0
6661,9.522061973958335
6662,31.0
6663,31.0
6664,9.586920133680554
6665,9.430543755208337
6666,9.601818539930553
6667,9.512041911458333
6668,9.261893217013888
6669,9.182080310763888
6670,9.211854166666665
6671,9.142789164930553
6672,9.091740085069445
6673,8.996295461805554
6674,8.995853197916668
6675,9.015485135416663
6676,9.006103920138889
6677,8.987122204861112
6678,8.965544741319443
6679,8.903863536458331
6680,8.88023205902778
6681,31.0
6682,9.30259338020833
6683,31.0
6684,31.0
6685,9.301266187499998
6686,31.0
6687,31.0
6688,9.226036142361114
6689,9.29371727083333
6690,9.39737203125
6691,9.640495690972221
6692,9.623802210069442
6693,9.748783248263887
6694,9.86893412847222
6695,10.065880112847223
6696,9.804489211805553
6697,9.600620810763887
6698,9.297908848958334
6699,9.33824342013889
6700,9.279904119791667
6701,9.284949114583332
6702,9.210051083333331
6703,9.188482697916667
6704,9.099200723958333
6705,14.229350246526703
6706,9.21473398611111
6707,31.0
6708,31.0
6709,9.310837703125001
6710,31.0
6711,31.0
6712,9.760887572916666
6713,9.865500312499998
6714,9.961303369791665
6715,9.845775479166669
6716,9.851411074652777
6717,9.55325765625
6718,9.47518709375
6719,9.335453932291667
6720,9.22942654861111
6721,9.308822711805558
6722,9.432596347222223
6723,9.287645463541667
6724,9.213322234375005
6725,8.812419498263889
6726,8.540748282986112
6727,8.507652210069443
6728,8.541832991319442
6729,8.91771931944444
6730,31.0
6731,31.0
6732,9.40999879166667
6733,9.405933663194443
6734,31.0
6735,9.277437397569447
6736,9.312487321180553
6737,9.355500072916664
6738,9.27646233159722
6739,8.832583727430555
6740,8.803079310763891
6741,8.727410368055557
6742,8.667863482638888
6743,8.704597708333333
6744,8.732861374999997
6745,8.795409291666667
6746,8.665688840277776
6747,8.78534950173611
6748,8.652073354166667
6749,8.70832242534722
6750,8.603127968749998
6751,8.625861453125
6752,8.574963541666666
6753,31.0
6754,31.0
6755,31.0
6756,8.590519097222222
6757,8.594407986111111
6758,31.0
6759,31.0
6760,8.606074652777776
6761,8.609963541666668
6762,8.613852430555555
6763,8.617741319444443
6764,8.621630208333332
6765,8.625519097222222
6766,8.62940798611111
6767,8.633296875
6768,8.546769097222223
6769,8.550657986111112
6770,8.554546875
6771,8.558435763888887
6772,8.562324652777777
6773,8.563296874999999
6774,8.567185763888888
6775,8.571074652777778
6776,8.574963541666666
6777,9.396064375000309
6778,31.0
6779,31.0
6780,8.590519097222222
6781,8.594407986111111
6782,31.0
6783,8.602185763888889
6784,8.606074652777776
6785,8.609963541666668
6786,8.613852430555555
6787,8.617741319444443
6788,8.621630208333332
6789,8.625519097222222
6790,8.62940798611111
6791,8.633296875
6792,8.546769097222223
6793,8.550657986111112
6794,8.554546875
6795,8.558435763888887
6796,8.562324652777777
6797,8.563296874999999
6798,8.567185763888888
6799,8.571074652777778
6800,8.574963541666666
6801,8.578852430555555
6802,31.0
6803,31.0
6804,8.590519097222222
6805,8.594407986111111
6806,31.0
6807,31.0
6808,8.606074652777776
6809,8.609963541666668
6810,8.613852430555555
6811,8.617741319444443
6812,8.621630208333332
6813,8.625519097222222
6814,8.62940798611111
6815,8.633296875
6816,8.546769097222223
6817,8.550657986111112
6818,8.554546875
6819,8.558435763888887
6820,8.562324652777777
6821,8.563296874999999
6822,8.567185763888888
6823,8.571074652777778
6824,8.574963541666666
6825,31.0
6826,31.0
6827,31.0
6828,8.590519097222222
6829,8.594407986111111
6830,31.0
6831,31.0
6832,8.606074652777776
6833,8.609963541666668
6834,8.613852430555555
6835,8.617741319444443
6836,8.621630208333332
6837,8.625519097222222
6838,8.62940798611111
6839,8.633296875
6840,8.546769097222223
6841,8.550657986111112
6842,8.554546875
6843,8.558435763888887
6844,8.562324652777777
6845,8.563296874999999
6846,8.567185763888888
6847,8.571074652777778
6848,8.574963541666666
6849,8.578852430555555
6850,8.582741319444445
6851,8.586630208333332
6852,8.590519097222222
6853,8.594407986111111
6854,8.59997232986111
6855,8.635088996527776
6856,8.63979336111111
6857,8.643169791666667
6858,8.640321180555553
6859,8.624977885416667
6860,8.619977029513887
6861,8.615515331597221
6862,8.611307638888889
6863,8.619674826388888
6864,8.535178993055554
6865,8.544802789930555
6866,8.583729340277777
6867,8.541583105902777
6868,8.545137793402779
6869,8.548244444444443
6870,8.550043468749998
6871,31.0
6872,31.0
6873,31.0
6874,9.731886220486112
6875,31.0
6876,31.0
6877,9.579575723958335
6878,31.0
6879,31.0
6880,14.115945725694312
6881,9.224911913194441
6882,9.396543053819444
6883,9.382625789930557
6884,9.180976401041669
6885,8.957719701388884
6886,8.97688393923611
6887,9.089352465277777
6888,9.157974510416663
6889,9.287999862847224
6890,9.218422305555555
6891,9.21411655208333
6892,9.31486145138889
6893,9.302474586805557
6894,9.237896767361109
6895,9.211707506944443
6896,9.19175228125
6897,9.220287270833333
6898,9.291698281250001
6899,9.71858369270833
6900,9.834532519097216
6901,9.412163104166666
6902,9.350485994791665
6903,9.706569784722223
6904,9.94130281423611
6905,9.869942954861108
6906,9.621019454861111
6907,9.514091598958334
6908,9.144971743055553
6909,9.151544755208333
6910,9.262871175347222
6911,9.30036281076389
6912,8.730566395833332
6913,8.560853461805557
6914,8.56434130902778
6915,8.709334484374999
6916,8.630377048611113
6917,8.576299654513889
6918,8.514390876736112
6919,31.0
6920,31.0
6921,31.0
6922,9.106987482638887
6923,31.0
6924,31.0
6925,9.524539487847223
6926,31.0
6927,31.0
6928,9.609435888888887
6929,9.601360842013888
6930,9.767194779513892
6931,9.55518966840278
6932,9.501947717013886
6933,9.284804921875002
6934,9.216902782986113
6935,9.18335222048611
6936,9.040634105902779
6937,9.327613762152776
6938,9.23448630902778
6939,9.228064015624998
6940,9.035981572916665
6941,8.857157835069444
6942,8.675814644097219
6943,31.0
6944,31.0
6945,31.0
6946,8.877440201388888
6947,31.0
6948,31.0
6949,9.669257560763887
6950,31.0
6951,31.0
6952,9.311841777777778
6953,9.28342394097222
6954,9.294010225694443
6955,9.271818086805556
6956,9.196380897569444
6957,9.082969437500001
6958,9.206961434027779
6959,9.155101204861108
6960,8.936750958333333
6961,8.834599897569442
6962,8.777548451388888
6963,8.678984428819447
6964,8.626593779513888
6965,8.586178453125
6966,8.465312151041667
6967,31.0
6968,11.049590531249352
6969,31.0
6970,8.34196043576389
6971,31.0
6972,31.0
6973,8.788013147569446
6974,31.0
6975,31.0
6976,8.776080626736114
6977,8.524537170138888
6978,8.45737042013889
6979,8.635926456597222
6980,8.464114458333333
6981,8.496544085069441
6982,8.399152222222222
6983,8.433221598958333
6984,8.293881105902775
6985,8.278823024305556
6986,8.242603274305555
6987,8.292870395833333
6988,8.332679262152777
6989,8.279479748263888
6990,8.294513147569443
6991,31.0
6992,31.0
6993,31.0
6994,8.49889251215278
6995,31.0
6996,31.0
6997,8.686625293402779
6998,31.0
6999,31.0
7000,8.730063307291669
7001,8.769279640625
7002,8.723902711805554
7003,8.673036081597223
7004,8.641713487847221
7005,8.639502034722222
7006,8.620077144097225
7007,8.272011793402779
7008,8.095138236111111
7009,8.124555638888888
7010,8.143951557291668
7011,8.09437718055555
7012,8.070616348958332
7013,8.069766104166668
7014,8.019296067708332
7015,31.0
7016,31.0
7017,31.0
7018,7.964722706597222
7019,31.0
7020,31.0
7021,8.451369767361111
7022,31.0
7023,31.0
7024,8.510773699652779
7025,8.513410463541666
7026,8.508432078125
7027,8.470305046875
7028,8.523798256944442
7029,8.41864844965278
7030,8.360286763888887
7031,8.29224656944444
7032,8.415575024305557
7033,8.42844719791667
7034,8.507424539930556
7035,8.167781112847225
7036,8.19726976736111
7037,7.79739204513889
7038,7.801796442708335
7039,7.748896689236112
7040,7.843847557291666
7041,7.928799192708336
7042,7.916609579861111
7043,8.01564656423611
7044,8.210964744791669
7045,8.303553902777777
7046,8.480664937500002
7047,8.595614355902777
7048,8.582119048611112
7049,8.623526479166669
7050,8.280156560763889
7051,8.50142234375
7052,8.422503711805556
7053,8.481204946180556
7054,8.215356345486114
7055,8.230865368055557
7056,10.73545332465278
7057,10.832205538194446
7058,10.962177467013891
7059,10.739829722222222
7060,10.566440475694442
7061,10.708309949652776
7062,10.746911243055555
7063,10.740390803819443
7064,10.752407592013888
7065,10.748529555555555
7066,10.790584133680557
7067,10.476834654513887
7068,10.383439852430556
7069,10.158561194444443
7070,10.312693659722221
7071,10.522807178819443
7072,10.439843689236108
7073,10.400945904513886
7074,10.599683293402776
7075,10.616980171875001
7076,10.552870246527778
7077,10.313513984375
7078,10.805100723958333
7079,11.148502567708334
7080,11.036042852430555
7081,10.902356548611111
7082,10.969980036458333
7083,10.79560561284722
7084,10.845387145833334
7085,10.782315565972219
7086,10.619829998263887
7087,31.0
7088,31.0
7089,31.0
7090,10.76402626736111
7091,31.0
7092,31.0
7093,10.634535272569444
7094,31.0
7095,31.0
7096,10.185440744791668
7097,10.165494354166668
7098,10.048264211805554
7099,9.952668164930556
7100,9.908267140624998
7101,9.793193666666667
7102,9.979333680555554
7103,10.045914326388889
7104,10.12399826909722
7105,10.258510949652774
7106,10.3349526875
7107,10.343181782986111
7108,10.352489206597221
7109,10.452013262152779
7110,10.430779005208333
7111,10.354824958333332
7112,10.179644246527777
7113,10.277038248263885
7114,10.301456059027775
7115,10.271430166666667
7116,10.226374119791663
7117,10.112909369791662
7118,9.865937678819442
7119,10.458070085069444
7120,10.420326340277779
7121,10.265340543402775
7122,10.416687907986114
7123,10.406250725694441
7124,10.390354770833332
7125,10.425560590277778
7126,10.533466416666668
7127,10.512495157986109
7128,10.434827800347222
7129,10.304519409722218
7130,10.225775668402779
7131,10.256423017361108
7132,10.322371013888887
7133,10.217711291666664
7134,10.065679652777778
7135,31.0
7136,31.0
7137,31.0
7138,9.929752704861109
7139,31.0
7140,31.0
7141,10.146703862847223
7142,31.0
7143,31.0
7144,10.13206665625
7145,10.352633824652777
7146,10.545159321180554
7147,10.495665031249995
7148,10.357518487847221
7149,10.468703826388888
7150,10.385334920138888
7151,10.387748765624998
7152,10.118183310763893
7153,10.153143935763888
7154,10.059191953125
7155,10.025440991319448
7156,10.213537067708335
7157,10.136152772569446
7158,10.188701225694444
7159,31.0
7160,31.0
7161,31.0
7162,10.6791125
7163,10.606086118055552
7164,10.614408668402778
7165,10.666560576388889
7166,10.674402107638889
7167,10.605555296874998
7168,31.0
7169,31.0
7170,31.0
7171,10.405689230902778
7172,10.482429647569447
7173,10.419674295138886
7174,10.456078572916667
7175,10.643172276041662
7176,10.852321095486113
7177,10.814421552083333
7178,10.881202536458328
7179,10.640393677083331
7180,10.606740727430553
7181,10.466887229166668
7182,10.40607043923611
7183,31.0
7184,31.0
7185,31.0
7186,10.708424197916667
7187,10.691766324652779
7188,10.635543539930554
7189,10.880102114583332
7190,10.963807045138887
7191,10.92323835069444
7192,31.0
7193,31.0
7194,31.0
7195,10.943107255208334
7196,11.105354227430558
7197,11.089338057291664
7198,12.314164675348183
7199,10.646104315972222
7200,10.543986954861106
7201,10.660024897569446
7202,10.488106076388886
7203,10.60858218923611
7204,10.747327998263886
7205,10.841714272569442
7206,10.82326498263889
7207,31.0
7208,31.0
7209,31.0
7210,11.007685961805553
7211,11.031221395833327
7212,10.829113057291666
7213,10.954473104166668
7214,11.047651416666666
7215,10.873772072916669
7216,10.86466264236111
7217,31.0
7218,10.623754555555557
7219,10.4961241875
7220,10.303783182291665
7221,10.467473940972221
7222,10.40515074131944
7223,10.440797828124996
7224,10.37911881076389
7225,10.60178928472222
7226,10.747045421874999
7227,10.747306949652778
7228,10.72009745138889
7229,10.663272824652777
7230,10.308960289930557
7231,31.0
7232,31.0
7233,31.0
7234,10.604327124999996
7235,10.900766953124998
7236,10.689737697916664
7237,10.948640013888888
7238,10.886914184027777
7239,10.741477359375
7240,10.639152684027781
7241,31.0
7242,31.0
7243,10.793193468749998
7244,10.846103053819443
7245,11.025768298611103
7246,10.991687680555556
7247,10.904522258680554
7248,10.657816069444442
7249,10.93078167708333
7250,10.647190361111111
7251,10.616563015625
7252,10.579474427083332
7253,10.483191881944446
7254,10.338414649305554
7255,31.0
7256,10.34132203125
7257,31.0
7258,10.151421899305552
7259,31.0
7260,31.0
7261,9.973765654513892
7262,31.0
7263,31.0
7264,10.549706963541665
7265,10.43553348784722
7266,10.19451523611111
7267,10.160626060763892
7268,9.993029447916664
7269,10.09141717013889
7270,10.212828998263888
7271,10.319718730902773
7272,10.233959506944444
7273,10.210376968749996
7274,10.25815328125
7275,10.153600430555555
7276,10.127246342013889
7277,10.043641404513886
7278,10.065024618055556
7279,31.0
7280,10.276638470486109
7281,31.0
7282,10.85013457986111
7283,31.0
7284,31.0
7285,10.438140708333336
7286,31.0
7287,31.0
7288,9.907304956597217
7289,9.98531531423611
7290,10.078164116319442
7291,9.78012211458333
7292,9.650138810763888
7293,9.84645198784722
7294,9.911018480902776
7295,10.172322513888886
7296,10.280765578125001
7297,10.345265048611111
7298,10.30191144791667
7299,10.179984548611113
7300,9.984355244791667
7301,9.959119467013887
7302,9.801976977430556
7303,31.0
7304,31.0
7305,31.0
7306,9.53326525520833
7307,9.373560145833332
7308,9.404078371527778
7309,9.375086328124997
7310,9.120040380208332
7311,9.244673958333333
7312,9.714769482638888
7313,31.0
7314,22.360588809026652
7315,9.733650293402778
7316,9.7630098125
7317,9.659455154513891
7318,9.499482951388888
7319,9.523976461805555
7320,9.394940223958331
7321,9.355988930555554
7322,9.337628927083335
7323,9.30184148784722
7324,9.31274406076389
7325,9.267380682291664
7326,9.026402376736112
7327,31.0
7328,31.0
7329,31.0
7330,9.167693305555552
7331,9.178114835069445
7332,9.253335692708333
7333,9.260718128472222
7334,9.30338777083333
7335,9.268201711805553
7336,9.06680621875
7337,31.0
7338,8.841592241319445
7339,9.048047276041665
7340,9.017896671874997
7341,9.093580975694444
7342,9.107963800347223
7343,9.432944378472223
7344,9.386687770833337
7345,9.400259555555555
7346,9.305068828124998
7347,9.331656602430558
7348,9.340210894097218
7349,9.328962829861116
7350,9.224093593749998
7351,31.0
7352,31.0
7353,31.0
7354,8.747352772569444
7355,8.687199670138888
7356,8.959581519097222
7357,9.702853124999999
7358,10.008191618055553
7359,9.96871459548611
7360,9.817948498263886
7361,31.0
7362,31.0
7363,9.561973263888888
7364,9.711961559027776
7365,9.791518126736113
7366,10.018167845486108
7367,10.210737906249998
7368,10.13400209548611
7369,9.627988744791663
7370,9.35670962673611
7371,9.228727119791664
7372,9.067948276041667
7373,9.064743296875003
7374,9.01356011111111
7375,31.0
7376,31.0
7377,31.0
7378,8.935757565972224
7379,9.144561039930554
7380,9.439151592013888
7381,9.400619217013888
7382,9.639295652777777
7383,9.53791115277778
7384,9.765073269097218
7385,31.0
7386,9.666739967013891
7387,9.735615446180551
7388,9.25776856423611
7389,9.430299861111111
7390,9.850060171875
7391,9.793119875000002
7392,9.94049052256944
7393,10.063604602430557
7394,10.158877652777779
7395,10.353920852430553
7396,9.754513781250001
7397,9.755546329861108
7398,9.406612055555556
7399,31.0
7400,31.0
7401,31.0
7402,9.404503986111113
7403,9.366599885416665
7404,9.156706975694446
7405,9.435434142361112
7406,9.476441649305562
7407,9.591365510416667
7408,9.717523168402781
7409,31.0
7410,31.0
7411,9.290503651041668
7412,9.068427958333332
7413,9.274138829861112
7414,9.600469678819447
7415,9.783949413194446
7416,9.646241840277774
7417,9.649422295138892
7418,9.466247461805557
7419,9.382606600694443
7420,9.252899626736113
7421,9.149264918402773
7422,9.115905895833336
7423,31.0
7424,31.0
7425,31.0
7426,9.089205100694443
7427,9.398696756944442
7428,9.442511446180557
7429,9.490875758680557
7430,9.68816051388889
7431,9.665513763888887
7432,9.700006506944446
7433,31.0
7434,11.295289574652925
7435,9.699717708333333
7436,9.770437942708332
7437,10.138098432291667
7438,10.053111967013887
7439,9.64436921875
7440,10.013645079861107
7441,10.52005263020833
7442,10.492709074652778
7443,10.584639977430557
7444,10.483166385416668
7445,10.622166236111108
7446,10.138000663194441
7447,31.0
7448,31.0
7449,31.0
7450,9.666032347222222
7451,9.945873340277776
7452,10.19484772395833
7453,10.123180387152777
7454,10.331988333333333
7455,10.534985355902778
7456,10.302143881944442
7457,31.0
7458,10.59830181423611
7459,10.677702461805556
7460,10.660621246527773
7461,10.69399556944444
7462,10.529585171875
7463,11.015708788194441
7464,10.830705046875002
7465,10.940843107638889
7466,10.726070809027778
7467,10.577256387152776
7468,10.790925857638888
7469,10.521656104166667
7470,10.120920930555556
7471,31.0
7472,31.0
7473,25.850312798801404
7474,10.892667248263887
7475,10.506115265624999
7476,10.547813548611108
7477,10.509878203124998
7478,10.369472178819445
7479,10.164832854166667
7480,10.157866881944443
7481,31.0
7482,10.743389793402775
7483,10.683753572916663
7484,10.746867456597222
7485,10.657229029513884
7486,10.787619730902776
7487,10.79133494444444
7488,10.85021347569444
7489,11.029148144097222
7490,11.219089060763888
7491,10.988841086805555
7492,10.929695012152777
7493,10.728838810763888
7494,10.559598012152776
7495,31.0
7496,10.485621270833333
7497,31.0
7498,10.547566154513888
7499,31.0
7500,31.0
7501,10.583255520833335
7502,31.0
7503,31.0
7504,10.166997263888888
7505,10.113479322916666
7506,10.047408753472222
7507,10.358201303819442
7508,10.751247852430554
7509,10.690502046875
7510,10.665707572916666
7511,10.688137967013892
7512,10.565946161458333
7513,10.744016402777778
7514,10.912559644097222
7515,10.700211314236112
7516,10.572233255208332
7517,10.459178296875002
7518,10.30387602951389
7519,31.0
7520,10.106151100694445
7521,31.0
7522,10.111794522569445
7523,31.0
7524,31.0
7525,10.600914637152778
7526,31.0
7527,31.0
7528,10.976713842013886
7529,10.755903411458336
7530,10.61201296701389
7531,10.663697102430557
7532,10.768055861111108
7533,10.771672953124998
7534,10.817394777777775
7535,10.920452447916665
7536,10.543643894097224
7537,10.673058776041666
7538,10.694932244791664
7539,10.3665891875
7540,10.162783227430555
7541,10.165018803819443
7542,10.183483394097221
7543,31.0
7544,10.283661159722216
7545,31.0
7546,10.162258920138886
7547,31.0
7548,31.0
7549,9.528355398940972
7550,31.0
7551,31.0
7552,9.699788194444444
7553,9.703677083333332
7554,9.70756597222222
7555,9.711454861111111
7556,9.715343749999999
7557,9.719232638888888
7558,9.723121527777776
7559,9.727010416666666
7560,9.637565972222221
7561,9.641454861111109
7562,9.645343749999997
7563,9.649232638888888
7564,9.653121527777778
7565,9.657010416666667
7566,9.660899305555553
7567,28.513367821180836
7568,9.680222635416666
7569,31.0
7570,9.378926435763887
7571,31.0
7572,31.0
7573,9.52827073090278
7574,31.0
7575,31.0
7576,9.171224331597223
7577,9.523208260416666
7578,9.493784149305556
7579,9.635069791666668
7580,10.144944043402779
7581,10.179565970486111
7582,10.496058076388886
7583,10.64996765972222
7584,10.514532753472219
7585,10.686208531250001
7586,10.72968917708333
7587,10.076016635416666
7588,9.872094737847222
7589,9.761512967013891
7590,9.290443762152774
7591,9.193635487847223
7592,9.36144353472222
7593,31.0
7594,9.65631363715278
7595,31.0
7596,31.0
7597,9.571551998263887
7598,31.0
7599,31.0
7600,9.89620940972222
7601,9.791549881944443
7602,9.794284548611106
7603,9.848143253472223
7604,10.328986621527775
7605,10.777229579861112
7606,10.882372545138889
7607,10.546984692708333
7608,10.452469380208331
7609,11.115644008680555
7610,11.348585609374995
7611,10.90560251909722
7612,10.646296718749996
7613,10.619292079861115
7614,10.565671496527779
7615,10.48529698611111
7616,10.42539369618055
7617,10.328206814236108
7618,10.551973383680552
7619,10.693865255208332
7620,10.913385279513891
7621,10.704454723958328
7622,10.53170697395833
7623,10.352551647569445
7624,9.962292314236109
7625,10.35807892534722
7626,11.443590751736114
7627,11.457474461805555
7628,11.242015774305553
7629,11.423062619791665
7630,11.385341272569443
7631,11.400120642361111
7632,11.739296175347226
7633,11.686504411458335
7634,11.695999012152775
7635,11.52378609375
7636,11.292361499999998
7637,11.165002953124999
7638,31.0
7639,31.0
7640,31.0
7641,31.0
7642,31.0
7643,31.0
7644,31.0
7645,31.0
7646,31.0
7647,31.0
7648,31.0
7649,31.0
7650,31.0
7651,31.0
7652,10.676841121527774
7653,31.0
7654,10.485047149305556
7655,10.922020873263891
7656,10.815541199652777
7657,10.911892407986112
7658,10.79967092361111
7659,10.7239173125
7660,10.510432770833331
7661,10.543588793402774
7662,10.362909289930558
7663,10.259247723958334
7664,10.105130717013887
7665,10.181251645833338
7666,10.107044414930556
7667,10.160047503472219
7668,10.246943048611106
7669,10.603427831597221
7670,10.775615994791666
7671,10.792044253472222
7672,10.924716432291664
7673,11.006812906250001
7674,11.059535532986112
7675,11.117097043402776
7676,11.059982961805554
7677,10.775197465277776
7678,11.003665373263887
7679,10.78708820486111
7680,10.82748330902778
7681,10.820330305555554
7682,11.069456137152777
7683,11.06819373090278
7684,10.974821131944443
7685,10.942513810763884
7686,10.852434128472224
7687,31.0
7688,31.0
7689,31.0
7690,31.0
7691,31.0
7692,31.0
7693,31.0
7694,31.0
7695,31.0
7696,31.0
7697,31.0
7698,21.980884631944843
7699,11.34032114930556
7700,11.451876394097221
7701,10.939339651041667
7702,11.087362769097224
7703,11.320086069444445
7704,11.225445899305557
7705,11.137523055555556
7706,11.400547095486111
7707,11.332489170138887
7708,11.378928652777777
7709,11.371414529513894
7710,11.387347902777774
7711,31.0
7712,31.0
7713,31.0
7714,31.0
7715,31.0
7716,31.0
7717,31.0
7718,31.0
7719,31.0
7720,31.0
7721,31.0
7722,31.0
7723,11.296474109374996
7724,11.161125706597225
7725,11.265341815972223
7726,11.397385817708333
7727,11.528765961805556
7728,11.34915832118055
7729,11.618492192708334
7730,11.687813411458333
7731,11.653647651041668
7732,11.464457362847218
7733,11.272762654513894
7734,11.147685548611113
7735,10.814525531249998
7736,10.591460553819443
7737,10.610865331597223
7738,10.92923321875
7739,11.21240310069444
7740,11.184150663194442
7741,11.318302381944441
7742,11.234381046875004
7743,11.297606262152776
7744,11.17187417013889
7745,11.187433201388888
7746,11.324757572916667
7747,11.228359284722217
7748,11.548883961805553
7749,11.699237715277775
7750,11.775915678819445
7751,11.836903810763886
7752,11.840585895833332
7753,11.693384512152777
7754,11.908315088541663
7755,11.45162089409722
7756,11.28619892361111
7757,11.268297748263894
7758,11.165358008680554
7759,10.988533196180562
7760,11.204238876736111
7761,11.266332291666666
7762,11.138042319444445
7763,11.591810817708328
7764,11.74485586458333
7765,11.809587331597218
7766,11.553489840277779
7767,11.236781572916668
7768,11.609548562499999
7769,11.253123887152777
7770,11.408196564236112
7771,10.944510852430552
7772,10.592653555555556
7773,10.740525322916668
7774,10.43885165798611
7775,9.68091287673611
7776,9.32715080208333
7777,9.226256350694443
7778,9.20507126388889
7779,9.052348921875
7780,9.050862564236112
7781,8.863659291666668
7782,8.80587688020833
7783,8.653961118055555
7784,8.554844666666666
7785,8.571468803819444
7786,8.802543300347224
7787,31.0
7788,31.0
7789,10.016069279513887
7790,31.0
7791,31.0
7792,9.379314170138889
7793,9.26701231944444
7794,9.321209807291666
7795,9.141608717013888
7796,9.336883621527775
7797,9.368725126736113
7798,9.11362129513889
7799,9.151487211805556
7800,8.982220102430555
7801,9.480085404513886
7802,9.585313086805554
7803,9.563267911458334
7804,9.496074473958336
7805,9.472391444444446
7806,9.456424444444442
7807,31.0
7808,31.0
7809,31.0
7810,9.227932850694446
7811,9.321842104166665
7812,9.789156744791667
7813,9.958751784722221
7814,10.004553927083334
7815,10.302678215277776
7816,10.303162612847222
7817,31.0
7818,26.003070293402935
7819,10.271436546875002
7820,10.10058723090278
7821,9.886795236111114
7822,9.638219293402779
7823,9.345136986111108
7824,9.036552352430558
7825,9.013067862847219
7826,9.034130340277779
7827,8.871622630208332
7828,8.65500097048611
7829,8.597122576388891
7830,8.562110362847218
7831,31.0
7832,31.0
7833,31.0
7834,8.446454017361111
7835,8.374024628472222
7836,8.364353885416667
7837,8.157054196180555
7838,8.22968620833333
7839,8.251091600694444
7840,8.369553621527775
7841,31.0
7842,8.542012439236109
7843,8.621078934027777
7844,8.594987612847222
7845,8.643436776041664
7846,8.762633967013889
7847,8.835787369791664
7848,8.787799562499998
7849,8.795444826388893
7850,8.57622531597222
7851,8.518429524305555
7852,8.289816803819443
7853,8.176496623263887
7854,8.165662847222222
7855,31.0
7856,31.0
7857,31.0
7858,8.500041994791667
7859,8.605755302083335
7860,8.4125724375
7861,8.535766859374998
7862,9.989924874999998
7863,11.084754053819443
7864,11.131046342013889
7865,31.0
7866,9.246402119791664
7867,9.106294762152777
7868,9.198492880208331
7869,9.09545086284722
7870,9.182734069444443
7871,9.335333583333332
7872,9.120958279513887
7873,8.690091277777775
7874,8.987177293402777
7875,9.142557374999999
7876,8.940578293402776
7877,8.979872197916665
7878,8.893255012152776
7879,31.0
7880,31.0
7881,31.0
7882,8.703744473958336
7883,9.167423210069444
7884,9.156139319444444
7885,9.340403442708329
7886,9.491015515625003
7887,9.463436135416668
7888,9.615171173611113
7889,31.0
7890,10.35842380902778
7891,10.487838885416664
7892,10.216737744791665
7893,10.193712326388885
7894,10.06836339930555
7895,9.890959118055557
7896,9.648582039930552
7897,9.489777305555554
7898,9.764266713541664
7899,9.849406729166668
7900,9.645333237847224
7901,9.602837003472219
7902,9.534729956597221
7903,9.479616769097223
7904,9.338560230902775
7905,9.223339720486113
7906,9.1624693125
7907,9.343173121527776
7908,9.603840008680555
7909,31.0
7910,9.69519932986111
7911,31.0
7912,31.0
7913,31.0
7914,31.0
7915,9.66915226909722
7916,9.549043534722221
7917,9.349189852430555
7918,9.34607394097222
7919,9.272343354166665
7920,8.97689068402778
7921,8.864410697916666
7922,8.844317258680553
7923,8.787287845486109
7924,8.876906196180558
7925,8.871394887152778
7926,8.840170329861113
7927,8.83244243923611
7928,8.774107501736113
7929,8.786908362847221
7930,8.873095498263886
7931,8.968858524305558
7932,9.119288135416665
7933,9.186483590277776
7934,9.170369480902778
7935,9.11816596006944
7936,9.347266493055555
7937,9.494857519097225
7938,9.47793241840278
7939,9.416068204861114
7940,9.311894289930557
7941,9.253247342013887
7942,9.489949935763887
7943,9.569337178819442
7944,9.477921006944444
7945,9.341481078124998
7946,9.115367953125002
7947,8.998997874999999
7948,8.9567401875
7949,8.94167525173611
7950,8.916024991319443
7951,8.860283602430558
7952,8.789489649305558
7953,31.0
7954,31.0
7955,31.0
7956,8.65032775347222
7957,8.84449759375
7958,31.0
7959,31.0
7960,31.0
7961,9.057071552083334
7962,9.330130699652777
7963,9.291116965277778
7964,9.176921456597222
7965,9.283762079861113
7966,9.403971026041665
7967,9.430041967013887
7968,9.65398727951389
7969,9.079106081597219
7970,9.030485296875
7971,9.23535392013889
7972,9.416588003472222
7973,9.234747654513887
7974,9.149315546874998
7975,9.168083057291666
7976,9.224089571180556
7977,29.243227942707517
7978,31.0
7979,31.0
7980,9.688834190972221
7981,9.654329927083333
7982,31.0
7983,31.0
7984,31.0
7985,10.10008281770833
7986,9.968009843749998
7987,9.992467661458331
7988,9.231418534722225
7989,9.130145366319445
7990,9.042534314236107
7991,9.46003531423611
7992,9.597730029513887
7993,9.62341772048611
7994,9.650705190972221
7995,9.31464881423611
7996,9.71272160590278
7997,9.730007145833333
7998,9.707565473958331
7999,9.722064211805558
8000,9.755162289930558
8001,9.727404701388888
8002,31.0
8003,31.0
8004,9.867484690972223
8005,9.834009949652774
8006,31.0
8007,31.0
8008,31.0
8009,10.023069437499995
8010,10.150069185763886
8011,10.149680479166664
8012,10.073672887152778
8013,9.29143994965278
8014,9.321699491319443
8015,9.602128909722223
8016,9.499684128472223
8017,9.410308590277777
8018,9.439948777777778
8019,9.600943527777778
8020,9.21749305555556
8021,8.978134253472222
8022,9.047446467013886
8023,8.993852802083332
8024,8.998686289930555
8025,8.98910476041667
8026,31.0
8027,31.0
8028,7.905031920138887
8029,8.164736477430555
8030,31.0
8031,31.0
8032,31.0
8033,9.466521725694445
8034,9.312636241319444
8035,9.134002269097223
8036,8.816683470486112
8037,8.84443431423611
8038,8.965275946180553
8039,9.165167168402775
8040,9.047848383680554
8041,9.162202085069444
8042,9.000612152777778
8043,8.933008862847222
8044,8.767221312499998
8045,8.833269095486113
8046,9.021187194444444
8047,8.975418192708334
8048,8.945944960069443
8049,8.894494437499997
8050,31.0
8051,31.0
8052,9.295897977430553
8053,8.789238427083331
8054,31.0
8055,31.0
8056,31.0
8057,8.74639796527778
8058,8.894060218749997
8059,8.816747065972221
8060,8.598949102430554
8061,8.353038081597223
8062,8.506461991319442
8063,8.813810237847218
8064,8.839863763888888
8065,8.964136440972219
8066,9.080660045138885
8067,9.009130934027779
8068,8.922558118055553
8069,8.976837710069445
8070,8.77548676909722
8071,8.614427196180555
8072,8.483949444444443
8073,31.0
8074,31.0
8075,31.0
8076,9.017717515624998
8077,8.838112135416667
8078,31.0
8079,31.0
8080,31.0
8081,9.568546750000001
8082,9.583923149305557
8083,9.754868229166663
8084,9.961385607638888
8085,9.92079467361111
8086,9.761967529513889
8087,9.745149312499999
8088,9.447014123263887
8089,9.844503083333333
8090,9.481229394097221
8091,9.628370390625
8092,9.690944970486111
8093,9.685701010416667
8094,9.973589913194441
8095,9.858507555555555
8096,9.897674657986114
8097,10.289740696180555
8098,10.350809328124997
8099,10.275795456597221
8100,10.046981984374998
8101,9.834041194444442
8102,9.998894730902776
8103,9.987499460069444
8104,9.935969057291667
8105,9.850140392361112
8106,10.038307829861115
8107,10.099853154513886
8108,10.180162939236109
8109,10.122910595486113
8110,9.653935751736112
8111,9.42810350173611
8112,9.288860947916666
8113,9.525229376736108
8114,9.496598319444443
8115,9.674998217013888
8116,9.70534688715278
8117,10.042601345486112
8118,9.87279027777778
8119,9.86811025520833
8120,9.888263595486109
8121,12.863776642360792
8122,31.0
8123,31.0
8124,11.362082350694443
8125,11.01869594097222
8126,31.0
8127,31.0
8128,31.0
8129,10.13497345486111
8130,10.287461685763889
8131,9.903676914930557
8132,9.730363282986113
8133,9.296898491319443
8134,9.187083135416668
8135,8.825034932291667
8136,8.611942755208336
8137,8.650691145833331
8138,8.686912828125003
8139,8.843023826388889
8140,8.746625623263887
8141,8.746394623263887
8142,8.635465392361114
8143,8.630954645833336
8144,8.619470355902772
8145,31.0
8146,31.0
8147,31.0
8148,9.434720604166666
8149,9.072587720486109
8150,31.0
8151,31.0
8152,31.0
8153,9.221066288194441
8154,9.74399228298611
8155,9.359253956597218
8156,8.987161895833335
8157,8.748621012152777
8158,8.680910644097223
8159,8.722657854166666
8160,8.575519421874995
8161,8.798777944444444
8162,8.910181753472223
8163,8.954250630208332
8164,8.829204647569442
8165,8.847613237847222
8166,8.797236680555553
8167,8.665141199652778
8168,8.535318336805554
8169,8.537349078124997
8170,31.0
8171,31.0
8172,8.461397048611113
8173,8.610694713541667
8174,31.0
8175,31.0
8176,8.34825841840278
8177,8.291563145833331
8178,8.448725687499998
8179,8.374331328125
8180,8.515951208333334
8181,8.694364498263889
8182,8.770378604166668
8183,8.711459883680554
8184,8.324128628472222
8185,7.832900359375
8186,7.839823796874999
8187,7.99970006597222
8188,8.576218595486113
8189,8.468499569444445
8190,8.699943960069445
8191,8.126992331597222
8192,7.912099598958331
8193,7.951730256944449
8194,31.0
8195,31.0
8196,7.8048473003472205
8197,7.852819503472222
8198,31.0
8199,31.0
8200,7.916759654513887
8201,8.136636277777775
8202,8.186818791666665
8203,8.30346274479167
8204,8.677878453124999
8205,8.663359675347222
8206,8.854191840277778
8207,9.074799197916667
8208,8.963389008680554
8209,8.829520048611112
8210,8.821471336805557
8211,8.689090727430553
8212,8.761312571180556
8213,8.80973695486111
8214,8.451792744791668
8215,8.425304890625
8216,8.4707595
8217,8.408302729166666
8218,31.0
8219,31.0
8220,8.450987866319442
8221,8.189012902777778
8222,31.0
8223,31.0
8224,9.470444229166668
8225,9.010154137152778
8226,8.678143821180557
8227,9.342931548611114
8228,9.267053274305555
8229,9.040289708333333
8230,8.730907147569443
8231,9.060557819444442
8232,8.831504171875
8233,9.524400447916664
8234,9.18916406770833
8235,9.120575977430557
8236,9.090322706597224
8237,8.957806034722225
8238,8.986844793402778
8239,8.940189015624995
8240,8.757245899305554
8241,8.652434765625
8242,31.0
8243,31.0
8244,8.574299197916666
8245,8.99046335590278
8246,31.0
8247,31.0
8248,14.626325374999794
8249,9.254504401041668
8250,9.644957340277777
8251,9.609601980902777
8252,9.317789517361112
8253,9.392832130208333
8254,9.394403909722222
8255,9.55631215972222
8256,9.62983102083333
8257,9.80584706597222
8258,9.820296937499997
8259,10.053140416666663
8260,9.918852538194447
8261,9.702638458333332
8262,9.176742434027778
8263,8.766760734374998
8264,8.55255434201389
8265,8.507417977430556
8266,31.0
8267,31.0
8268,9.125263546875004
8269,8.967501460069444
8270,31.0
8271,31.0
8272,9.435540211805554
8273,9.23533465798611
8274,9.288364348958332
8275,9.288434397569445
8276,8.917478682291668
8277,9.206218559027777
8278,9.375274222222224
8279,9.51601190798611
8280,9.660782626736113
8281,31.0
8282,31.0
8283,31.0
8284,31.0
8285,31.0
8286,31.0
8287,31.0
8288,31.0
8289,31.0
8290,31.0
8291,31.0
8292,31.0
8293,31.0
8294,31.0
8295,31.0
8296,31.0
8297,31.0
8298,31.0
8299,31.0
8300,9.704696616319442
8301,31.0
8302,31.0
8303,31.0
8304,9.805572157986106
8305,10.001087444444448
8306,10.026632631944446
8307,9.735047437500002
8308,9.589561612847218
8309,9.582174401041668
8310,9.475362361111113
8311,9.101483392361114
8312,9.003048736111111
8313,8.947868684027776
8314,9.144614050347222
8315,9.240256824652777
8316,9.711042942708332
8317,10.282067104166664
8318,10.23266643923611
8319,11.487221630208328
8320,10.841984453125
8321,10.595467251736109
8322,10.311385935763886
8323,10.528308230902777
8324,10.59238472395833
8325,10.604958230902778
8326,10.386398276041662
8327,10.24282862847222
8328,10.02786497222222
8329,9.942686930555556
8330,9.653632734375
8331,9.351469020833337
8332,9.237184213541667
8333,8.986841378472219
8334,9.033552585069444
8335,9.000042163194449
8336,8.971945815972223
8337,8.94318102951389
8338,9.045868744791665
8339,9.264849598958332
8340,9.278100671875
8341,9.344748133680556
8342,9.269560465277777
8343,9.349803239583334
8344,9.469316913194442
8345,9.304799425347223
8346,9.215789284722224
8347,9.252634817708332
8348,9.194380039930554
8349,9.28218025
8350,9.182497807291666
8351,9.039663500000001
8352,9.212155215277775
8353,9.182877909722224
8354,8.886947939236109
8355,8.602848953125001
8356,8.797767258680556
8357,8.656231694444445
8358,8.655085164930556
8359,8.570121121527777
8360,8.401245635416664
8361,8.331971217013889
8362,8.328146713541665
8363,8.216036536458333
8364,8.627214300347223
8365,8.950604213541665
8366,9.21865917534722
8367,9.328182524305555
8368,9.684823288194448
8369,10.011073904513886
8370,10.043276322916666
8371,9.951815355902772
8372,9.735376401041664
8373,9.56038743576389
8374,9.650531333333333
8375,9.678242255208332
8376,9.762116935763888
8377,9.51184797743055
8378,9.404576914930555
8379,9.296628723958333
8380,9.201090487847223
8381,9.178704256944444
8382,9.10953217708333
8383,8.973720631944444
8384,9.440745732638888
8385,9.676748399305556
8386,9.920135032986114
8387,10.608103078125
8388,10.586383196180554
8389,9.371943182291664
8390,9.467862213541663
8391,9.63247068923611
8392,9.850885782986113
8393,26.87412303472186
8394,9.760595395833333
8395,9.854121520833331
8396,9.408705687500001
8397,9.370222239583335
8398,9.424660364583332
8399,9.505941350694444
8400,9.322869390624996
8401,9.349069552083332
8402,9.597798874999999
8403,9.74242210763889
8404,9.711683394097225
8405,9.637861333333332
8406,9.65533650520833
8407,9.543649633680554
8408,9.492012164930557
8409,9.289823520833334
8410,8.994219038194446
8411,9.00660987673611
8412,9.149664635416666
8413,9.045054083333332
8414,9.383799322916666
8415,9.615889937499999
8416,9.516555052083334
8417,9.885262637152778
8418,9.987402274305555
8419,9.885625555555558
8420,9.810959484375
8421,9.816015805555555
8422,9.893830005208333
8423,9.829310118055554
8424,9.789762074652778
8425,9.886006435763887
8426,10.05047240798611
8427,10.091123461805557
8428,9.956893612847223
8429,9.853893461805555
8430,9.846005154513888
8431,9.393343786458331
8432,9.11530924305556
8433,31.0
8434,10.586666416666665
8435,31.0
8436,31.0
8437,9.892236690972222
8438,31.0
8439,31.0
8440,9.382905704861114
8441,9.617995163194443
8442,9.495885586979167
8443,9.817595605902778
8444,9.843626406250007
8445,9.893639668402777
8446,10.057459489583332
8447,9.99637963454861
8448,9.904196993055553
8449,9.770479646788194
8450,9.702065223958334
8451,9.631133020833335
8452,9.138871092968747
8453,9.021602770833335
8454,8.881005364583332
8455,8.132883136631943
8456,4.872970182986109
8457,4.601321180555554
8458,4.605210069444443
8459,4.609098958333332
8460,4.612987847222221
8461,23.99406266059024
8462,6.940194563020835
8463,31.0
8464,31.0
8465,7.834540571180555
8466,7.833171354166664
8467,7.837086979166667
8468,7.8355974375
8469,7.828765157986112
8470,7.85390926736111
8471,7.904572970486111
8472,7.842923168402777
8473,7.835226388888889
8474,7.843669288194445
8475,7.84670265798611
8476,7.852721527777779
8477,7.854535925347222
8478,7.867180902777777
8479,7.878743055555557
8480,7.839742762152779
8481,8.846592246527777
8482,9.145990947916665
8483,9.44856684722222
8484,9.367639810763889
8485,9.233548102430554
8486,9.508305126736111
8487,9.525860409722222
8488,9.723938133680555
8489,9.72659727083333
8490,10.524936260416668
8491,10.815636756944441
8492,11.092617168402779
8493,10.176168916666668
8494,10.182308147569447
8495,10.148998173611112
8496,10.083640923611114
8497,10.106133722222223
8498,10.141736098958333
8499,10.069881512152778
8500,10.122523723958333
8501,9.929329362847222
8502,31.0
8503,31.0
8504,31.0
8505,31.0
8506,31.0
8507,31.0
8508,31.0
8509,31.0
8510,31.0
8511,31.0
8512,31.0
8513,31.0
8514,31.0
8515,31.0
8516,9.878107190972223
8517,9.97055035763889
8518,9.822498012152774
8519,9.962571743055555
8520,9.874484362847221
8521,9.764807196180552
8522,9.731965128472224
8523,9.753660267361106
8524,9.593683555555554
8525,9.449425052083331
8526,9.43668407986111
8527,9.329546916666667
8528,9.088764696180556
8529,9.248480597222217
8530,9.529373607638886
8531,9.6035961875
8532,9.537997911458334
8533,9.566212177083337
8534,9.669153885416666
8535,9.78715696875
8536,9.582535338541668
8537,9.665277890624997
8538,9.795361296874999
8539,9.654006213541667
8540,9.767290409722222
8541,9.729230340277777
8542,9.763986130208336
8543,9.742332991319447
8544,9.668188565972226
8545,9.549358619791667
8546,9.363358751736111
8547,9.474931824652781
8548,9.52409376041667
8549,9.33785978125
8550,9.516638578125
8551,9.41279877951389
8552,9.515611194444446
8553,9.266469491319446
8554,9.122133428819444
8555,8.743018605902774
8556,8.612772340277775
8557,8.65298678125
8558,8.823049703125003
8559,8.833871970486111
8560,8.88443318923611
8561,8.955443145833334
8562,8.971389972222227
8563,8.939038026041668
8564,8.932579967013888
8565,8.96603028125
8566,9.09370737673611
8567,9.292230670138887
8568,9.199348630208332
8569,9.252369498263889
8570,9.237445060763887
8571,9.335173397569443
8572,9.296743324652773
8573,9.251163565972224
8574,9.249464680555555
8575,9.251178927083332
8576,31.0
8577,31.0
8578,31.0
8579,31.0
8580,8.607015277777778
8581,31.0
8582,31.0
8583,31.0
8584,31.0
8585,31.0
8586,8.373601772569444
8587,8.333723623263891
8588,8.329787703125003
8589,8.340574496527777
8590,8.402596671875001
8591,8.635676315972221
8592,8.486403357638888
8593,8.352538942708334
8594,8.346361649305553
8595,8.298404710069445
8596,8.278877371527777
8597,8.246358178819442
8598,8.28079737673611
8599,8.32676911111111
8600,8.28647634548611
8601,8.269328532986108
8602,8.183290451388888
8603,8.192241434027778
8604,8.32489589409722
8605,8.37299296701389
8606,31.0
8607,18.149253423611285
8608,31.0
8609,8.492805854166667
8610,8.456773390624999
8611,8.432210536458335
8612,8.494335123263888
8613,8.557662798611112
8614,8.543558333333333
8615,8.794867605902775
8616,8.692338253472222
8617,8.511690079861106
8618,8.404771156250002
8619,8.389178364583334
8620,8.370248092013888
8621,8.320363685763892
8622,8.243562942708332
8623,8.273082805555555
8624,31.0
8625,31.0
8626,31.0
8627,31.0
8628,8.62886757638889
8629,31.0
8630,31.0
8631,31.0
8632,31.0
8633,31.0
8634,9.005122085069445
8635,8.83584559375
8636,8.883479281249999
8637,8.880871319444445
8638,8.757121892361114
8639,8.819397963541666
8640,8.763496461805554
8641,8.76309425347222
8642,8.660502107638884
8643,8.598691475694443
8644,8.580870581597221
8645,8.405638378472222
8646,8.33422970138889
8647,8.403755597222224
8648,18.39312153992988
8649,31.0
8650,31.0
8651,31.0
8652,8.995330506944446
8653,9.017003369791667
8654,31.0
8655,31.0
8656,31.0
8657,8.717465057291667
8658,8.659887565972221
8659,8.722078968749999
8660,8.616928967013889
8661,8.563994796874999
8662,8.60828197395833
8663,8.717359668402777
8664,8.617642104166666
8665,8.662258998263889
8666,8.637112361111116
8667,8.553658871527778
8668,8.529479315972223
8669,8.589181902777776
8670,8.530361194444444
8671,8.544895588541662
8672,8.475429496527774
8673,31.0
8674,31.0
8675,31.0
8676,8.403246006944446
8677,8.33090139583333
8678,31.0
8679,31.0
8680,31.0
8681,8.36563114236111
8682,8.348353939236114
8683,8.375868557291668
8684,8.379049036458333
8685,8.381289145833332
8686,8.320752914930555
8687,8.427820940972222
8688,8.166443493055557
8689,8.160408788194443
8690,8.16876259548611
8691,8.164461326388889
8692,8.169481954861109
8693,8.212340815972224
8694,8.216470342013887
8695,8.222052635416667
8696,8.200314840277779
8697,8.176790453124996
8698,8.17430708159722
8699,8.200449383680555
8700,8.366417074652777
8701,8.367752701388891
8702,8.339246282986108
8703,8.510458553819443
8704,8.48063775173611
8705,8.506383362847222
8706,8.564818427083333
8707,8.615557914930555
8708,8.662389470486112
8709,8.639025171875
8710,8.906336164930554
8711,8.911851545138887
8712,8.901450286458335
8713,8.792236723958336
8714,8.966706328124998
8715,8.823974395833334
8716,8.637773958333332
8717,8.568256423611112
8718,8.569930687500001
8719,8.477395706597223
8720,8.497789866319444
8721,8.548342128472225
8722,8.65375681770833
8723,8.580953135416665
8724,8.40664594097222
8725,8.428465852430556
8726,8.435999881944447
8727,8.380275993055555
8728,8.68990128125
8729,8.570665894097223
8730,8.509234088541668
8731,8.241613309027779
8732,8.26808969097222
8733,8.277864947916669
8734,8.291173868055553
8735,8.381727897569444
8736,8.106714960069445
8737,8.091193578125
8738,8.20097516145833
8739,8.254067354166668
8740,8.264038805555556
8741,8.209230604166667
8742,8.188040911458332
8743,8.111654736111111
8744,31.0
8745,31.0
8746,31.0
8747,31.0
8748,8.078117043402779
8749,8.18594264930555
8750,31.0
8751,31.0
8752,31.0
8753,9.228819881944444
8754,9.0025018125
8755,8.985246934027776
8756,9.045540218749998
8757,8.393748173611112
8758,8.274806932291664
8759,8.17142161111111
