param : PeriodOfYear TimeOfYear := 
1      1   1
2      1   2
3      1   3
4      1   4
5      1   5
6      1   6
7      1   7
8      1   8
9      1   9
10     1  10
11     1  11
12     1  12
13     1  13
14     1  14
15     1  15
16     1  16
17     1  17
18     1  18
19     1  19
20     1  20
21     1  21
22     1  22
23     1  23
24     1  24
25     1   1
26     1   2
27     1   3
28     1   4
29     1   5
30     1   6
31     1   7
32     1   8
33     1   9
34     1  10
35     1  11
36     1  12
37     1  13
38     1  14
39     1  15
40     1  16
41     1  17
42     1  18
43     1  19
44     1  20
45     1  21
46     1  22
47     1  23
48     1  24
49     1   1
50     1   2
51     1   3
52     1   4
53     1   5
54     1   6
55     1   7
56     1   8
57     1   9
58     1  10
59     1  11
60     1  12
61     1  13
62     1  14
63     1  15
64     1  16
65     1  17
66     1  18
67     1  19
68     1  20
69     1  21
70     1  22
71     1  23
72     1  24
73     1   1
74     1   2
75     1   3
76     1   4
77     1   5
78     1   6
79     1   7
80     1   8
81     1   9
82     1  10
83     1  11
84     1  12
85     1  13
86     1  14
87     1  15
88     1  16
89     1  17
90     1  18
91     1  19
92     1  20
93     1  21
94     1  22
95     1  23
96     1  24
97     1   1
98     1   2
99     1   3
100    1   4
101    1   5
102    1   6
103    1   7
104    1   8
105    1   9
106    1  10
107    1  11
108    1  12
109    1  13
110    1  14
111    1  15
112    1  16
113    1  17
114    1  18
115    1  19
116    1  20
117    1  21
118    1  22
119    1  23
120    1  24
121    1   1
122    1   2
123    1   3
124    1   4
125    1   5
126    1   6
127    1   7
128    1   8
129    1   9
130    1  10
131    1  11
132    1  12
133    1  13
134    1  14
135    1  15
136    1  16
137    1  17
138    1  18
139    1  19
140    1  20
141    1  21
142    1  22
143    1  23
144    1  24
145    1   1
146    1   2
147    1   3
148    1   4
149    1   5
150    1   6
151    1   7
152    1   8
153    1   9
154    1  10
155    1  11
156    1  12
157    1  13
158    1  14
159    1  15
160    1  16
161    1  17
162    1  18
163    1  19
164    1  20
165    1  21
166    1  22
167    1  23
168    1  24
169    1   1
170    1   2
171    1   3
172    1   4
173    1   5
174    1   6
175    1   7
176    1   8
177    1   9
178    1  10
179    1  11
180    1  12
181    1  13
182    1  14
183    1  15
184    1  16
185    1  17
186    1  18
187    1  19
188    1  20
189    1  21
190    1  22
191    1  23
192    1  24
193    2   1
194    2   2
195    2   3
196    2   4
197    2   5
198    2   6
199    2   7
200    2   8
201    2   9
202    2  10
203    2  11
204    2  12
205    2  13
206    2  14
207    2  15
208    2  16
209    2  17
210    2  18
211    2  19
212    2  20
213    2  21
214    2  22
215    2  23
216    2  24
217    1   1
218    1   2
219    1   3
220    1   4
221    1   5
222    1   6
223    1   7
224    1   8
225    1   9
226    1  10
227    1  11
228    1  12
229    1  13
230    1  14
231    1  15
232    1  16
233    1  17
234    1  18
235    1  19
236    1  20
237    1  21
238    1  22
239    1  23
240    1  24
241    1   1
242    1   2
243    1   3
244    1   4
245    1   5
246    1   6
247    1   7
248    1   8
249    1   9
250    1  10
251    1  11
252    1  12
253    1  13
254    1  14
255    1  15
256    1  16
257    1  17
258    1  18
259    1  19
260    1  20
261    1  21
262    1  22
263    1  23
264    1  24
265    1   1
266    1   2
267    1   3
268    1   4
269    1   5
270    1   6
271    1   7
272    1   8
273    1   9
274    1  10
275    1  11
276    1  12
277    1  13
278    1  14
279    1  15
280    1  16
281    1  17
282    1  18
283    1  19
284    1  20
285    1  21
286    1  22
287    1  23
288    1  24
289    1   1
290    1   2
291    1   3
292    1   4
293    1   5
294    1   6
295    1   7
296    1   8
297    1   9
298    1  10
299    1  11
300    1  12
301    1  13
302    1  14
303    1  15
304    1  16
305    1  17
306    1  18
307    1  19
308    1  20
309    1  21
310    1  22
311    1  23
312    1  24
313    1   1
314    1   2
315    1   3
316    1   4
317    1   5
318    1   6
319    1   7
320    1   8
321    1   9
322    1  10
323    1  11
324    1  12
325    1  13
326    1  14
327    1  15
328    1  16
329    1  17
330    1  18
331    1  19
332    1  20
333    1  21
334    1  22
335    1  23
336    1  24
337    3   1
338    3   2
339    3   3
340    3   4
341    3   5
342    3   6
343    3   7
344    3   8
345    3   9
346    3  10
347    3  11
348    3  12
349    3  13
350    3  14
351    3  15
352    3  16
353    3  17
354    3  18
355    3  19
356    3  20
357    3  21
358    3  22
359    3  23
360    3  24
361    1   1
362    1   2
363    1   3
364    1   4
365    1   5
366    1   6
367    1   7
368    1   8
369    1   9
370    1  10
371    1  11
372    1  12
373    1  13
374    1  14
375    1  15
376    1  16
377    1  17
378    1  18
379    1  19
380    1  20
381    1  21
382    1  22
383    1  23
384    1  24
385    3   1
386    3   2
387    3   3
388    3   4
389    3   5
390    3   6
391    3   7
392    3   8
393    3   9
394    3  10
395    3  11
396    3  12
397    3  13
398    3  14
399    3  15
400    3  16
401    3  17
402    3  18
403    3  19
404    3  20
405    3  21
406    3  22
407    3  23
408    3  24
409    1   1
410    1   2
411    1   3
412    1   4
413    1   5
414    1   6
415    1   7
416    1   8
417    1   9
418    1  10
419    1  11
420    1  12
421    1  13
422    1  14
423    1  15
424    1  16
425    1  17
426    1  18
427    1  19
428    1  20
429    1  21
430    1  22
431    1  23
432    1  24
433    1   1
434    1   2
435    1   3
436    1   4
437    1   5
438    1   6
439    1   7
440    1   8
441    1   9
442    1  10
443    1  11
444    1  12
445    1  13
446    1  14
447    1  15
448    1  16
449    1  17
450    1  18
451    1  19
452    1  20
453    1  21
454    1  22
455    1  23
456    1  24
457    1   1
458    1   2
459    1   3
460    1   4
461    1   5
462    1   6
463    1   7
464    1   8
465    1   9
466    1  10
467    1  11
468    1  12
469    1  13
470    1  14
471    1  15
472    1  16
473    1  17
474    1  18
475    1  19
476    1  20
477    1  21
478    1  22
479    1  23
480    1  24
481    2   1
482    2   2
483    2   3
484    2   4
485    2   5
486    2   6
487    2   7
488    2   8
489    2   9
490    2  10
491    2  11
492    2  12
493    2  13
494    2  14
495    2  15
496    2  16
497    2  17
498    2  18
499    2  19
500    2  20
501    2  21
502    2  22
503    2  23
504    2  24
505    2   1
506    2   2
507    2   3
508    2   4
509    2   5
510    2   6
511    2   7
512    2   8
513    2   9
514    2  10
515    2  11
516    2  12
517    2  13
518    2  14
519    2  15
520    2  16
521    2  17
522    2  18
523    2  19
524    2  20
525    2  21
526    2  22
527    2  23
528    2  24
529    2   1
530    2   2
531    2   3
532    2   4
533    2   5
534    2   6
535    2   7
536    2   8
537    2   9
538    2  10
539    2  11
540    2  12
541    2  13
542    2  14
543    2  15
544    2  16
545    2  17
546    2  18
547    2  19
548    2  20
549    2  21
550    2  22
551    2  23
552    2  24
553    1   1
554    1   2
555    1   3
556    1   4
557    1   5
558    1   6
559    1   7
560    1   8
561    1   9
562    1  10
563    1  11
564    1  12
565    1  13
566    1  14
567    1  15
568    1  16
569    1  17
570    1  18
571    1  19
572    1  20
573    1  21
574    1  22
575    1  23
576    1  24
577    2   1
578    2   2
579    2   3
580    2   4
581    2   5
582    2   6
583    2   7
584    2   8
585    2   9
586    2  10
587    2  11
588    2  12
589    2  13
590    2  14
591    2  15
592    2  16
593    2  17
594    2  18
595    2  19
596    2  20
597    2  21
598    2  22
599    2  23
600    2  24
601    2   1
602    2   2
603    2   3
604    2   4
605    2   5
606    2   6
607    2   7
608    2   8
609    2   9
610    2  10
611    2  11
612    2  12
613    2  13
614    2  14
615    2  15
616    2  16
617    2  17
618    2  18
619    2  19
620    2  20
621    2  21
622    2  22
623    2  23
624    2  24
625    2   1
626    2   2
627    2   3
628    2   4
629    2   5
630    2   6
631    2   7
632    2   8
633    2   9
634    2  10
635    2  11
636    2  12
637    2  13
638    2  14
639    2  15
640    2  16
641    2  17
642    2  18
643    2  19
644    2  20
645    2  21
646    2  22
647    2  23
648    2  24
649    2   1
650    2   2
651    2   3
652    2   4
653    2   5
654    2   6
655    2   7
656    2   8
657    2   9
658    2  10
659    2  11
660    2  12
661    2  13
662    2  14
663    2  15
664    2  16
665    2  17
666    2  18
667    2  19
668    2  20
669    2  21
670    2  22
671    2  23
672    2  24
673    2   1
674    2   2
675    2   3
676    2   4
677    2   5
678    2   6
679    2   7
680    2   8
681    2   9
682    2  10
683    2  11
684    2  12
685    2  13
686    2  14
687    2  15
688    2  16
689    2  17
690    2  18
691    2  19
692    2  20
693    2  21
694    2  22
695    2  23
696    2  24
697    1   1
698    1   2
699    1   3
700    1   4
701    1   5
702    1   6
703    1   7
704    1   8
705    1   9
706    1  10
707    1  11
708    1  12
709    1  13
710    1  14
711    1  15
712    1  16
713    1  17
714    1  18
715    1  19
716    1  20
717    1  21
718    1  22
719    1  23
720    1  24
721    1   1
722    1   2
723    1   3
724    1   4
725    1   5
726    1   6
727    1   7
728    1   8
729    1   9
730    1  10
731    1  11
732    1  12
733    1  13
734    1  14
735    1  15
736    1  16
737    1  17
738    1  18
739    1  19
740    1  20
741    1  21
742    1  22
743    1  23
744    1  24
745    3   1
746    3   2
747    3   3
748    3   4
749    3   5
750    3   6
751    3   7
752    3   8
753    3   9
754    3  10
755    3  11
756    3  12
757    3  13
758    3  14
759    3  15
760    3  16
761    3  17
762    3  18
763    3  19
764    3  20
765    3  21
766    3  22
767    3  23
768    3  24
769    1   1
770    1   2
771    1   3
772    1   4
773    1   5
774    1   6
775    1   7
776    1   8
777    1   9
778    1  10
779    1  11
780    1  12
781    1  13
782    1  14
783    1  15
784    1  16
785    1  17
786    1  18
787    1  19
788    1  20
789    1  21
790    1  22
791    1  23
792    1  24
793    1   1
794    1   2
795    1   3
796    1   4
797    1   5
798    1   6
799    1   7
800    1   8
801    1   9
802    1  10
803    1  11
804    1  12
805    1  13
806    1  14
807    1  15
808    1  16
809    1  17
810    1  18
811    1  19
812    1  20
813    1  21
814    1  22
815    1  23
816    1  24
817    2   1
818    2   2
819    2   3
820    2   4
821    2   5
822    2   6
823    2   7
824    2   8
825    2   9
826    2  10
827    2  11
828    2  12
829    2  13
830    2  14
831    2  15
832    2  16
833    2  17
834    2  18
835    2  19
836    2  20
837    2  21
838    2  22
839    2  23
840    2  24
841    1   1
842    1   2
843    1   3
844    1   4
845    1   5
846    1   6
847    1   7
848    1   8
849    1   9
850    1  10
851    1  11
852    1  12
853    1  13
854    1  14
855    1  15
856    1  16
857    1  17
858    1  18
859    1  19
860    1  20
861    1  21
862    1  22
863    1  23
864    1  24
865    3   1
866    3   2
867    3   3
868    3   4
869    3   5
870    3   6
871    3   7
872    3   8
873    3   9
874    3  10
875    3  11
876    3  12
877    3  13
878    3  14
879    3  15
880    3  16
881    3  17
882    3  18
883    3  19
884    3  20
885    3  21
886    3  22
887    3  23
888    3  24
889    1   1
890    1   2
891    1   3
892    1   4
893    1   5
894    1   6
895    1   7
896    1   8
897    1   9
898    1  10
899    1  11
900    1  12
901    1  13
902    1  14
903    1  15
904    1  16
905    1  17
906    1  18
907    1  19
908    1  20
909    1  21
910    1  22
911    1  23
912    1  24
913    2   1
914    2   2
915    2   3
916    2   4
917    2   5
918    2   6
919    2   7
920    2   8
921    2   9
922    2  10
923    2  11
924    2  12
925    2  13
926    2  14
927    2  15
928    2  16
929    2  17
930    2  18
931    2  19
932    2  20
933    2  21
934    2  22
935    2  23
936    2  24
937    1   1
938    1   2
939    1   3
940    1   4
941    1   5
942    1   6
943    1   7
944    1   8
945    1   9
946    1  10
947    1  11
948    1  12
949    1  13
950    1  14
951    1  15
952    1  16
953    1  17
954    1  18
955    1  19
956    1  20
957    1  21
958    1  22
959    1  23
960    1  24
961    1   1
962    1   2
963    1   3
964    1   4
965    1   5
966    1   6
967    1   7
968    1   8
969    1   9
970    1  10
971    1  11
972    1  12
973    1  13
974    1  14
975    1  15
976    1  16
977    1  17
978    1  18
979    1  19
980    1  20
981    1  21
982    1  22
983    1  23
984    1  24
985    2   1
986    2   2
987    2   3
988    2   4
989    2   5
990    2   6
991    2   7
992    2   8
993    2   9
994    2  10
995    2  11
996    2  12
997    2  13
998    2  14
999    2  15
1000   2  16
1001   2  17
1002   2  18
1003   2  19
1004   2  20
1005   2  21
1006   2  22
1007   2  23
1008   2  24
1009   2   1
1010   2   2
1011   2   3
1012   2   4
1013   2   5
1014   2   6
1015   2   7
1016   2   8
1017   2   9
1018   2  10
1019   2  11
1020   2  12
1021   2  13
1022   2  14
1023   2  15
1024   2  16
1025   2  17
1026   2  18
1027   2  19
1028   2  20
1029   2  21
1030   2  22
1031   2  23
1032   2  24
1033   2   1
1034   2   2
1035   2   3
1036   2   4
1037   2   5
1038   2   6
1039   2   7
1040   2   8
1041   2   9
1042   2  10
1043   2  11
1044   2  12
1045   2  13
1046   2  14
1047   2  15
1048   2  16
1049   2  17
1050   2  18
1051   2  19
1052   2  20
1053   2  21
1054   2  22
1055   2  23
1056   2  24
1057   2   1
1058   2   2
1059   2   3
1060   2   4
1061   2   5
1062   2   6
1063   2   7
1064   2   8
1065   2   9
1066   2  10
1067   2  11
1068   2  12
1069   2  13
1070   2  14
1071   2  15
1072   2  16
1073   2  17
1074   2  18
1075   2  19
1076   2  20
1077   2  21
1078   2  22
1079   2  23
1080   2  24
1081   2   1
1082   2   2
1083   2   3
1084   2   4
1085   2   5
1086   2   6
1087   2   7
1088   2   8
1089   2   9
1090   2  10
1091   2  11
1092   2  12
1093   2  13
1094   2  14
1095   2  15
1096   2  16
1097   2  17
1098   2  18
1099   2  19
1100   2  20
1101   2  21
1102   2  22
1103   2  23
1104   2  24
1105   2   1
1106   2   2
1107   2   3
1108   2   4
1109   2   5
1110   2   6
1111   2   7
1112   2   8
1113   2   9
1114   2  10
1115   2  11
1116   2  12
1117   2  13
1118   2  14
1119   2  15
1120   2  16
1121   2  17
1122   2  18
1123   2  19
1124   2  20
1125   2  21
1126   2  22
1127   2  23
1128   2  24
1129   1   1
1130   1   2
1131   1   3
1132   1   4
1133   1   5
1134   1   6
1135   1   7
1136   1   8
1137   1   9
1138   1  10
1139   1  11
1140   1  12
1141   1  13
1142   1  14
1143   1  15
1144   1  16
1145   1  17
1146   1  18
1147   1  19
1148   1  20
1149   1  21
1150   1  22
1151   1  23
1152   1  24
1153   1   1
1154   1   2
1155   1   3
1156   1   4
1157   1   5
1158   1   6
1159   1   7
1160   1   8
1161   1   9
1162   1  10
1163   1  11
1164   1  12
1165   1  13
1166   1  14
1167   1  15
1168   1  16
1169   1  17
1170   1  18
1171   1  19
1172   1  20
1173   1  21
1174   1  22
1175   1  23
1176   1  24
1177   1   1
1178   1   2
1179   1   3
1180   1   4
1181   1   5
1182   1   6
1183   1   7
1184   1   8
1185   1   9
1186   1  10
1187   1  11
1188   1  12
1189   1  13
1190   1  14
1191   1  15
1192   1  16
1193   1  17
1194   1  18
1195   1  19
1196   1  20
1197   1  21
1198   1  22
1199   1  23
1200   1  24
1201   3   1
1202   3   2
1203   3   3
1204   3   4
1205   3   5
1206   3   6
1207   3   7
1208   3   8
1209   3   9
1210   3  10
1211   3  11
1212   3  12
1213   3  13
1214   3  14
1215   3  15
1216   3  16
1217   3  17
1218   3  18
1219   3  19
1220   3  20
1221   3  21
1222   3  22
1223   3  23
1224   3  24
1225   3   1
1226   3   2
1227   3   3
1228   3   4
1229   3   5
1230   3   6
1231   3   7
1232   3   8
1233   3   9
1234   3  10
1235   3  11
1236   3  12
1237   3  13
1238   3  14
1239   3  15
1240   3  16
1241   3  17
1242   3  18
1243   3  19
1244   3  20
1245   3  21
1246   3  22
1247   3  23
1248   3  24
1249   1   1
1250   1   2
1251   1   3
1252   1   4
1253   1   5
1254   1   6
1255   1   7
1256   1   8
1257   1   9
1258   1  10
1259   1  11
1260   1  12
1261   1  13
1262   1  14
1263   1  15
1264   1  16
1265   1  17
1266   1  18
1267   1  19
1268   1  20
1269   1  21
1270   1  22
1271   1  23
1272   1  24
1273   4   1
1274   4   2
1275   4   3
1276   4   4
1277   4   5
1278   4   6
1279   4   7
1280   4   8
1281   4   9
1282   4  10
1283   4  11
1284   4  12
1285   4  13
1286   4  14
1287   4  15
1288   4  16
1289   4  17
1290   4  18
1291   4  19
1292   4  20
1293   4  21
1294   4  22
1295   4  23
1296   4  24
1297   4   1
1298   4   2
1299   4   3
1300   4   4
1301   4   5
1302   4   6
1303   4   7
1304   4   8
1305   4   9
1306   4  10
1307   4  11
1308   4  12
1309   4  13
1310   4  14
1311   4  15
1312   4  16
1313   4  17
1314   4  18
1315   4  19
1316   4  20
1317   4  21
1318   4  22
1319   4  23
1320   4  24
1321   4   1
1322   4   2
1323   4   3
1324   4   4
1325   4   5
1326   4   6
1327   4   7
1328   4   8
1329   4   9
1330   4  10
1331   4  11
1332   4  12
1333   4  13
1334   4  14
1335   4  15
1336   4  16
1337   4  17
1338   4  18
1339   4  19
1340   4  20
1341   4  21
1342   4  22
1343   4  23
1344   4  24
1345   4   1
1346   4   2
1347   4   3
1348   4   4
1349   4   5
1350   4   6
1351   4   7
1352   4   8
1353   4   9
1354   4  10
1355   4  11
1356   4  12
1357   4  13
1358   4  14
1359   4  15
1360   4  16
1361   4  17
1362   4  18
1363   4  19
1364   4  20
1365   4  21
1366   4  22
1367   4  23
1368   4  24
1369   1   1
1370   1   2
1371   1   3
1372   1   4
1373   1   5
1374   1   6
1375   1   7
1376   1   8
1377   1   9
1378   1  10
1379   1  11
1380   1  12
1381   1  13
1382   1  14
1383   1  15
1384   1  16
1385   1  17
1386   1  18
1387   1  19
1388   1  20
1389   1  21
1390   1  22
1391   1  23
1392   1  24
1393   2   1
1394   2   2
1395   2   3
1396   2   4
1397   2   5
1398   2   6
1399   2   7
1400   2   8
1401   2   9
1402   2  10
1403   2  11
1404   2  12
1405   2  13
1406   2  14
1407   2  15
1408   2  16
1409   2  17
1410   2  18
1411   2  19
1412   2  20
1413   2  21
1414   2  22
1415   2  23
1416   2  24
1417   2   1
1418   2   2
1419   2   3
1420   2   4
1421   2   5
1422   2   6
1423   2   7
1424   2   8
1425   2   9
1426   2  10
1427   2  11
1428   2  12
1429   2  13
1430   2  14
1431   2  15
1432   2  16
1433   2  17
1434   2  18
1435   2  19
1436   2  20
1437   2  21
1438   2  22
1439   2  23
1440   2  24
1441   1   1
1442   1   2
1443   1   3
1444   1   4
1445   1   5
1446   1   6
1447   1   7
1448   1   8
1449   1   9
1450   1  10
1451   1  11
1452   1  12
1453   1  13
1454   1  14
1455   1  15
1456   1  16
1457   1  17
1458   1  18
1459   1  19
1460   1  20
1461   1  21
1462   1  22
1463   1  23
1464   1  24
1465   1   1
1466   1   2
1467   1   3
1468   1   4
1469   1   5
1470   1   6
1471   1   7
1472   1   8
1473   1   9
1474   1  10
1475   1  11
1476   1  12
1477   1  13
1478   1  14
1479   1  15
1480   1  16
1481   1  17
1482   1  18
1483   1  19
1484   1  20
1485   1  21
1486   1  22
1487   1  23
1488   1  24
1489   1   1
1490   1   2
1491   1   3
1492   1   4
1493   1   5
1494   1   6
1495   1   7
1496   1   8
1497   1   9
1498   1  10
1499   1  11
1500   1  12
1501   1  13
1502   1  14
1503   1  15
1504   1  16
1505   1  17
1506   1  18
1507   1  19
1508   1  20
1509   1  21
1510   1  22
1511   1  23
1512   1  24
1513   1   1
1514   1   2
1515   1   3
1516   1   4
1517   1   5
1518   1   6
1519   1   7
1520   1   8
1521   1   9
1522   1  10
1523   1  11
1524   1  12
1525   1  13
1526   1  14
1527   1  15
1528   1  16
1529   1  17
1530   1  18
1531   1  19
1532   1  20
1533   1  21
1534   1  22
1535   1  23
1536   1  24
1537   2   1
1538   2   2
1539   2   3
1540   2   4
1541   2   5
1542   2   6
1543   2   7
1544   2   8
1545   2   9
1546   2  10
1547   2  11
1548   2  12
1549   2  13
1550   2  14
1551   2  15
1552   2  16
1553   2  17
1554   2  18
1555   2  19
1556   2  20
1557   2  21
1558   2  22
1559   2  23
1560   2  24
1561   1   1
1562   1   2
1563   1   3
1564   1   4
1565   1   5
1566   1   6
1567   1   7
1568   1   8
1569   1   9
1570   1  10
1571   1  11
1572   1  12
1573   1  13
1574   1  14
1575   1  15
1576   1  16
1577   1  17
1578   1  18
1579   1  19
1580   1  20
1581   1  21
1582   1  22
1583   1  23
1584   1  24
1585   4   1
1586   4   2
1587   4   3
1588   4   4
1589   4   5
1590   4   6
1591   4   7
1592   4   8
1593   4   9
1594   4  10
1595   4  11
1596   4  12
1597   4  13
1598   4  14
1599   4  15
1600   4  16
1601   4  17
1602   4  18
1603   4  19
1604   4  20
1605   4  21
1606   4  22
1607   4  23
1608   4  24
1609   3   1
1610   3   2
1611   3   3
1612   3   4
1613   3   5
1614   3   6
1615   3   7
1616   3   8
1617   3   9
1618   3  10
1619   3  11
1620   3  12
1621   3  13
1622   3  14
1623   3  15
1624   3  16
1625   3  17
1626   3  18
1627   3  19
1628   3  20
1629   3  21
1630   3  22
1631   3  23
1632   3  24
1633   3   1
1634   3   2
1635   3   3
1636   3   4
1637   3   5
1638   3   6
1639   3   7
1640   3   8
1641   3   9
1642   3  10
1643   3  11
1644   3  12
1645   3  13
1646   3  14
1647   3  15
1648   3  16
1649   3  17
1650   3  18
1651   3  19
1652   3  20
1653   3  21
1654   3  22
1655   3  23
1656   3  24
1657   3   1
1658   3   2
1659   3   3
1660   3   4
1661   3   5
1662   3   6
1663   3   7
1664   3   8
1665   3   9
1666   3  10
1667   3  11
1668   3  12
1669   3  13
1670   3  14
1671   3  15
1672   3  16
1673   3  17
1674   3  18
1675   3  19
1676   3  20
1677   3  21
1678   3  22
1679   3  23
1680   3  24
1681   3   1
1682   3   2
1683   3   3
1684   3   4
1685   3   5
1686   3   6
1687   3   7
1688   3   8
1689   3   9
1690   3  10
1691   3  11
1692   3  12
1693   3  13
1694   3  14
1695   3  15
1696   3  16
1697   3  17
1698   3  18
1699   3  19
1700   3  20
1701   3  21
1702   3  22
1703   3  23
1704   3  24
1705   4   1
1706   4   2
1707   4   3
1708   4   4
1709   4   5
1710   4   6
1711   4   7
1712   4   8
1713   4   9
1714   4  10
1715   4  11
1716   4  12
1717   4  13
1718   4  14
1719   4  15
1720   4  16
1721   4  17
1722   4  18
1723   4  19
1724   4  20
1725   4  21
1726   4  22
1727   4  23
1728   4  24
1729   5   1
1730   5   2
1731   5   3
1732   5   4
1733   5   5
1734   5   6
1735   5   7
1736   5   8
1737   5   9
1738   5  10
1739   5  11
1740   5  12
1741   5  13
1742   5  14
1743   5  15
1744   5  16
1745   5  17
1746   5  18
1747   5  19
1748   5  20
1749   5  21
1750   5  22
1751   5  23
1752   5  24
1753   5   1
1754   5   2
1755   5   3
1756   5   4
1757   5   5
1758   5   6
1759   5   7
1760   5   8
1761   5   9
1762   5  10
1763   5  11
1764   5  12
1765   5  13
1766   5  14
1767   5  15
1768   5  16
1769   5  17
1770   5  18
1771   5  19
1772   5  20
1773   5  21
1774   5  22
1775   5  23
1776   5  24
1777   3   1
1778   3   2
1779   3   3
1780   3   4
1781   3   5
1782   3   6
1783   3   7
1784   3   8
1785   3   9
1786   3  10
1787   3  11
1788   3  12
1789   3  13
1790   3  14
1791   3  15
1792   3  16
1793   3  17
1794   3  18
1795   3  19
1796   3  20
1797   3  21
1798   3  22
1799   3  23
1800   3  24
1801   3   1
1802   3   2
1803   3   3
1804   3   4
1805   3   5
1806   3   6
1807   3   7
1808   3   8
1809   3   9
1810   3  10
1811   3  11
1812   3  12
1813   3  13
1814   3  14
1815   3  15
1816   3  16
1817   3  17
1818   3  18
1819   3  19
1820   3  20
1821   3  21
1822   3  22
1823   3  23
1824   3  24
1825   3   1
1826   3   2
1827   3   3
1828   3   4
1829   3   5
1830   3   6
1831   3   7
1832   3   8
1833   3   9
1834   3  10
1835   3  11
1836   3  12
1837   3  13
1838   3  14
1839   3  15
1840   3  16
1841   3  17
1842   3  18
1843   3  19
1844   3  20
1845   3  21
1846   3  22
1847   3  23
1848   3  24
1849   3   1
1850   3   2
1851   3   3
1852   3   4
1853   3   5
1854   3   6
1855   3   7
1856   3   8
1857   3   9
1858   3  10
1859   3  11
1860   3  12
1861   3  13
1862   3  14
1863   3  15
1864   3  16
1865   3  17
1866   3  18
1867   3  19
1868   3  20
1869   3  21
1870   3  22
1871   3  23
1872   3  24
1873   4   1
1874   4   2
1875   4   3
1876   4   4
1877   4   5
1878   4   6
1879   4   7
1880   4   8
1881   4   9
1882   4  10
1883   4  11
1884   4  12
1885   4  13
1886   4  14
1887   4  15
1888   4  16
1889   4  17
1890   4  18
1891   4  19
1892   4  20
1893   4  21
1894   4  22
1895   4  23
1896   4  24
1897   1   1
1898   1   2
1899   1   3
1900   1   4
1901   1   5
1902   1   6
1903   1   7
1904   1   8
1905   1   9
1906   1  10
1907   1  11
1908   1  12
1909   1  13
1910   1  14
1911   1  15
1912   1  16
1913   1  17
1914   1  18
1915   1  19
1916   1  20
1917   1  21
1918   1  22
1919   1  23
1920   1  24
1921   3   1
1922   3   2
1923   3   3
1924   3   4
1925   3   5
1926   3   6
1927   3   7
1928   3   8
1929   3   9
1930   3  10
1931   3  11
1932   3  12
1933   3  13
1934   3  14
1935   3  15
1936   3  16
1937   3  17
1938   3  18
1939   3  19
1940   3  20
1941   3  21
1942   3  22
1943   3  23
1944   3  24
1945   3   1
1946   3   2
1947   3   3
1948   3   4
1949   3   5
1950   3   6
1951   3   7
1952   3   8
1953   3   9
1954   3  10
1955   3  11
1956   3  12
1957   3  13
1958   3  14
1959   3  15
1960   3  16
1961   3  17
1962   3  18
1963   3  19
1964   3  20
1965   3  21
1966   3  22
1967   3  23
1968   3  24
1969   1   1
1970   1   2
1971   1   3
1972   1   4
1973   1   5
1974   1   6
1975   1   7
1976   1   8
1977   1   9
1978   1  10
1979   1  11
1980   1  12
1981   1  13
1982   1  14
1983   1  15
1984   1  16
1985   1  17
1986   1  18
1987   1  19
1988   1  20
1989   1  21
1990   1  22
1991   1  23
1992   1  24
1993   3   1
1994   3   2
1995   3   3
1996   3   4
1997   3   5
1998   3   6
1999   3   7
2000   3   8
2001   3   9
2002   3  10
2003   3  11
2004   3  12
2005   3  13
2006   3  14
2007   3  15
2008   3  16
2009   3  17
2010   3  18
2011   3  19
2012   3  20
2013   3  21
2014   3  22
2015   3  23
2016   3  24
2017   4   1
2018   4   2
2019   4   3
2020   4   4
2021   4   5
2022   4   6
2023   4   7
2024   4   8
2025   4   9
2026   4  10
2027   4  11
2028   4  12
2029   4  13
2030   4  14
2031   4  15
2032   4  16
2033   4  17
2034   4  18
2035   4  19
2036   4  20
2037   4  21
2038   4  22
2039   4  23
2040   4  24
2041   4   1
2042   4   2
2043   4   3
2044   4   4
2045   4   5
2046   4   6
2047   4   7
2048   4   8
2049   4   9
2050   4  10
2051   4  11
2052   4  12
2053   4  13
2054   4  14
2055   4  15
2056   4  16
2057   4  17
2058   4  18
2059   4  19
2060   4  20
2061   4  21
2062   4  22
2063   4  23
2064   4  24
2065   4   1
2066   4   2
2067   4   3
2068   4   4
2069   4   5
2070   4   6
2071   4   7
2072   4   8
2073   4   9
2074   4  10
2075   4  11
2076   4  12
2077   4  13
2078   4  14
2079   4  15
2080   4  16
2081   4  17
2082   4  18
2083   4  19
2084   4  20
2085   4  21
2086   4  22
2087   4  23
2088   4  24
2089   5   1
2090   5   2
2091   5   3
2092   5   4
2093   5   5
2094   5   6
2095   5   7
2096   5   8
2097   5   9
2098   5  10
2099   5  11
2100   5  12
2101   5  13
2102   5  14
2103   5  15
2104   5  16
2105   5  17
2106   5  18
2107   5  19
2108   5  20
2109   5  21
2110   5  22
2111   5  23
2112   5  24
2113   5   1
2114   5   2
2115   5   3
2116   5   4
2117   5   5
2118   5   6
2119   5   7
2120   5   8
2121   5   9
2122   5  10
2123   5  11
2124   5  12
2125   5  13
2126   5  14
2127   5  15
2128   5  16
2129   5  17
2130   5  18
2131   5  19
2132   5  20
2133   5  21
2134   5  22
2135   5  23
2136   5  24
2137   3   1
2138   3   2
2139   3   3
2140   3   4
2141   3   5
2142   3   6
2143   3   7
2144   3   8
2145   3   9
2146   3  10
2147   3  11
2148   3  12
2149   3  13
2150   3  14
2151   3  15
2152   3  16
2153   3  17
2154   3  18
2155   3  19
2156   3  20
2157   3  21
2158   3  22
2159   3  23
2160   3  24
2161   5   1
2162   5   2
2163   5   3
2164   5   4
2165   5   5
2166   5   6
2167   5   7
2168   5   8
2169   5   9
2170   5  10
2171   5  11
2172   5  12
2173   5  13
2174   5  14
2175   5  15
2176   5  16
2177   5  17
2178   5  18
2179   5  19
2180   5  20
2181   5  21
2182   5  22
2183   5  23
2184   5  24
2185   5   1
2186   5   2
2187   5   3
2188   5   4
2189   5   5
2190   5   6
2191   5   7
2192   5   8
2193   5   9
2194   5  10
2195   5  11
2196   5  12
2197   5  13
2198   5  14
2199   5  15
2200   5  16
2201   5  17
2202   5  18
2203   5  19
2204   5  20
2205   5  21
2206   5  22
2207   5  23
2208   5  24
2209   5   1
2210   5   2
2211   5   3
2212   5   4
2213   5   5
2214   5   6
2215   5   7
2216   5   8
2217   5   9
2218   5  10
2219   5  11
2220   5  12
2221   5  13
2222   5  14
2223   5  15
2224   5  16
2225   5  17
2226   5  18
2227   5  19
2228   5  20
2229   5  21
2230   5  22
2231   5  23
2232   5  24
2233   4   1
2234   4   2
2235   4   3
2236   4   4
2237   4   5
2238   4   6
2239   4   7
2240   4   8
2241   4   9
2242   4  10
2243   4  11
2244   4  12
2245   4  13
2246   4  14
2247   4  15
2248   4  16
2249   4  17
2250   4  18
2251   4  19
2252   4  20
2253   4  21
2254   4  22
2255   4  23
2256   4  24
2257   4   1
2258   4   2
2259   4   3
2260   4   4
2261   4   5
2262   4   6
2263   4   7
2264   4   8
2265   4   9
2266   4  10
2267   4  11
2268   4  12
2269   4  13
2270   4  14
2271   4  15
2272   4  16
2273   4  17
2274   4  18
2275   4  19
2276   4  20
2277   4  21
2278   4  22
2279   4  23
2280   4  24
2281   4   1
2282   4   2
2283   4   3
2284   4   4
2285   4   5
2286   4   6
2287   4   7
2288   4   8
2289   4   9
2290   4  10
2291   4  11
2292   4  12
2293   4  13
2294   4  14
2295   4  15
2296   4  16
2297   4  17
2298   4  18
2299   4  19
2300   4  20
2301   4  21
2302   4  22
2303   4  23
2304   4  24
2305   3   1
2306   3   2
2307   3   3
2308   3   4
2309   3   5
2310   3   6
2311   3   7
2312   3   8
2313   3   9
2314   3  10
2315   3  11
2316   3  12
2317   3  13
2318   3  14
2319   3  15
2320   3  16
2321   3  17
2322   3  18
2323   3  19
2324   3  20
2325   3  21
2326   3  22
2327   3  23
2328   3  24
2329   3   1
2330   3   2
2331   3   3
2332   3   4
2333   3   5
2334   3   6
2335   3   7
2336   3   8
2337   3   9
2338   3  10
2339   3  11
2340   3  12
2341   3  13
2342   3  14
2343   3  15
2344   3  16
2345   3  17
2346   3  18
2347   3  19
2348   3  20
2349   3  21
2350   3  22
2351   3  23
2352   3  24
2353   6   1
2354   6   2
2355   6   3
2356   6   4
2357   6   5
2358   6   6
2359   6   7
2360   6   8
2361   6   9
2362   6  10
2363   6  11
2364   6  12
2365   6  13
2366   6  14
2367   6  15
2368   6  16
2369   6  17
2370   6  18
2371   6  19
2372   6  20
2373   6  21
2374   6  22
2375   6  23
2376   6  24
2377   6   1
2378   6   2
2379   6   3
2380   6   4
2381   6   5
2382   6   6
2383   6   7
2384   6   8
2385   6   9
2386   6  10
2387   6  11
2388   6  12
2389   6  13
2390   6  14
2391   6  15
2392   6  16
2393   6  17
2394   6  18
2395   6  19
2396   6  20
2397   6  21
2398   6  22
2399   6  23
2400   6  24
2401   4   1
2402   4   2
2403   4   3
2404   4   4
2405   4   5
2406   4   6
2407   4   7
2408   4   8
2409   4   9
2410   4  10
2411   4  11
2412   4  12
2413   4  13
2414   4  14
2415   4  15
2416   4  16
2417   4  17
2418   4  18
2419   4  19
2420   4  20
2421   4  21
2422   4  22
2423   4  23
2424   4  24
2425   6   1
2426   6   2
2427   6   3
2428   6   4
2429   6   5
2430   6   6
2431   6   7
2432   6   8
2433   6   9
2434   6  10
2435   6  11
2436   6  12
2437   6  13
2438   6  14
2439   6  15
2440   6  16
2441   6  17
2442   6  18
2443   6  19
2444   6  20
2445   6  21
2446   6  22
2447   6  23
2448   6  24
2449   6   1
2450   6   2
2451   6   3
2452   6   4
2453   6   5
2454   6   6
2455   6   7
2456   6   8
2457   6   9
2458   6  10
2459   6  11
2460   6  12
2461   6  13
2462   6  14
2463   6  15
2464   6  16
2465   6  17
2466   6  18
2467   6  19
2468   6  20
2469   6  21
2470   6  22
2471   6  23
2472   6  24
2473   1   1
2474   1   2
2475   1   3
2476   1   4
2477   1   5
2478   1   6
2479   1   7
2480   1   8
2481   1   9
2482   1  10
2483   1  11
2484   1  12
2485   1  13
2486   1  14
2487   1  15
2488   1  16
2489   1  17
2490   1  18
2491   1  19
2492   1  20
2493   1  21
2494   1  22
2495   1  23
2496   1  24
2497   1   1
2498   1   2
2499   1   3
2500   1   4
2501   1   5
2502   1   6
2503   1   7
2504   1   8
2505   1   9
2506   1  10
2507   1  11
2508   1  12
2509   1  13
2510   1  14
2511   1  15
2512   1  16
2513   1  17
2514   1  18
2515   1  19
2516   1  20
2517   1  21
2518   1  22
2519   1  23
2520   1  24
2521   4   1
2522   4   2
2523   4   3
2524   4   4
2525   4   5
2526   4   6
2527   4   7
2528   4   8
2529   4   9
2530   4  10
2531   4  11
2532   4  12
2533   4  13
2534   4  14
2535   4  15
2536   4  16
2537   4  17
2538   4  18
2539   4  19
2540   4  20
2541   4  21
2542   4  22
2543   4  23
2544   4  24
2545   4   1
2546   4   2
2547   4   3
2548   4   4
2549   4   5
2550   4   6
2551   4   7
2552   4   8
2553   4   9
2554   4  10
2555   4  11
2556   4  12
2557   4  13
2558   4  14
2559   4  15
2560   4  16
2561   4  17
2562   4  18
2563   4  19
2564   4  20
2565   4  21
2566   4  22
2567   4  23
2568   4  24
2569   4   1
2570   4   2
2571   4   3
2572   4   4
2573   4   5
2574   4   6
2575   4   7
2576   4   8
2577   4   9
2578   4  10
2579   4  11
2580   4  12
2581   4  13
2582   4  14
2583   4  15
2584   4  16
2585   4  17
2586   4  18
2587   4  19
2588   4  20
2589   4  21
2590   4  22
2591   4  23
2592   4  24
2593   4   1
2594   4   2
2595   4   3
2596   4   4
2597   4   5
2598   4   6
2599   4   7
2600   4   8
2601   4   9
2602   4  10
2603   4  11
2604   4  12
2605   4  13
2606   4  14
2607   4  15
2608   4  16
2609   4  17
2610   4  18
2611   4  19
2612   4  20
2613   4  21
2614   4  22
2615   4  23
2616   4  24
2617   4   1
2618   4   2
2619   4   3
2620   4   4
2621   4   5
2622   4   6
2623   4   7
2624   4   8
2625   4   9
2626   4  10
2627   4  11
2628   4  12
2629   4  13
2630   4  14
2631   4  15
2632   4  16
2633   4  17
2634   4  18
2635   4  19
2636   4  20
2637   4  21
2638   4  22
2639   4  23
2640   4  24
2641   4   1
2642   4   2
2643   4   3
2644   4   4
2645   4   5
2646   4   6
2647   4   7
2648   4   8
2649   4   9
2650   4  10
2651   4  11
2652   4  12
2653   4  13
2654   4  14
2655   4  15
2656   4  16
2657   4  17
2658   4  18
2659   4  19
2660   4  20
2661   4  21
2662   4  22
2663   4  23
2664   4  24
2665   4   1
2666   4   2
2667   4   3
2668   4   4
2669   4   5
2670   4   6
2671   4   7
2672   4   8
2673   4   9
2674   4  10
2675   4  11
2676   4  12
2677   4  13
2678   4  14
2679   4  15
2680   4  16
2681   4  17
2682   4  18
2683   4  19
2684   4  20
2685   4  21
2686   4  22
2687   4  23
2688   4  24
2689   4   1
2690   4   2
2691   4   3
2692   4   4
2693   4   5
2694   4   6
2695   4   7
2696   4   8
2697   4   9
2698   4  10
2699   4  11
2700   4  12
2701   4  13
2702   4  14
2703   4  15
2704   4  16
2705   4  17
2706   4  18
2707   4  19
2708   4  20
2709   4  21
2710   4  22
2711   4  23
2712   4  24
2713   4   1
2714   4   2
2715   4   3
2716   4   4
2717   4   5
2718   4   6
2719   4   7
2720   4   8
2721   4   9
2722   4  10
2723   4  11
2724   4  12
2725   4  13
2726   4  14
2727   4  15
2728   4  16
2729   4  17
2730   4  18
2731   4  19
2732   4  20
2733   4  21
2734   4  22
2735   4  23
2736   4  24
2737   6   1
2738   6   2
2739   6   3
2740   6   4
2741   6   5
2742   6   6
2743   6   7
2744   6   8
2745   6   9
2746   6  10
2747   6  11
2748   6  12
2749   6  13
2750   6  14
2751   6  15
2752   6  16
2753   6  17
2754   6  18
2755   6  19
2756   6  20
2757   6  21
2758   6  22
2759   6  23
2760   6  24
2761   7   1
2762   7   2
2763   7   3
2764   7   4
2765   7   5
2766   7   6
2767   7   7
2768   7   8
2769   7   9
2770   7  10
2771   7  11
2772   7  12
2773   7  13
2774   7  14
2775   7  15
2776   7  16
2777   7  17
2778   7  18
2779   7  19
2780   7  20
2781   7  21
2782   7  22
2783   7  23
2784   7  24
2785   8   1
2786   8   2
2787   8   3
2788   8   4
2789   8   5
2790   8   6
2791   8   7
2792   8   8
2793   8   9
2794   8  10
2795   8  11
2796   8  12
2797   8  13
2798   8  14
2799   8  15
2800   8  16
2801   8  17
2802   8  18
2803   8  19
2804   8  20
2805   8  21
2806   8  22
2807   8  23
2808   8  24
2809   8   1
2810   8   2
2811   8   3
2812   8   4
2813   8   5
2814   8   6
2815   8   7
2816   8   8
2817   8   9
2818   8  10
2819   8  11
2820   8  12
2821   8  13
2822   8  14
2823   8  15
2824   8  16
2825   8  17
2826   8  18
2827   8  19
2828   8  20
2829   8  21
2830   8  22
2831   8  23
2832   8  24
2833   7   1
2834   7   2
2835   7   3
2836   7   4
2837   7   5
2838   7   6
2839   7   7
2840   7   8
2841   7   9
2842   7  10
2843   7  11
2844   7  12
2845   7  13
2846   7  14
2847   7  15
2848   7  16
2849   7  17
2850   7  18
2851   7  19
2852   7  20
2853   7  21
2854   7  22
2855   7  23
2856   7  24
2857   5   1
2858   5   2
2859   5   3
2860   5   4
2861   5   5
2862   5   6
2863   5   7
2864   5   8
2865   5   9
2866   5  10
2867   5  11
2868   5  12
2869   5  13
2870   5  14
2871   5  15
2872   5  16
2873   5  17
2874   5  18
2875   5  19
2876   5  20
2877   5  21
2878   5  22
2879   5  23
2880   5  24
2881   8   1
2882   8   2
2883   8   3
2884   8   4
2885   8   5
2886   8   6
2887   8   7
2888   8   8
2889   8   9
2890   8  10
2891   8  11
2892   8  12
2893   8  13
2894   8  14
2895   8  15
2896   8  16
2897   8  17
2898   8  18
2899   8  19
2900   8  20
2901   8  21
2902   8  22
2903   8  23
2904   8  24
2905   8   1
2906   8   2
2907   8   3
2908   8   4
2909   8   5
2910   8   6
2911   8   7
2912   8   8
2913   8   9
2914   8  10
2915   8  11
2916   8  12
2917   8  13
2918   8  14
2919   8  15
2920   8  16
2921   8  17
2922   8  18
2923   8  19
2924   8  20
2925   8  21
2926   8  22
2927   8  23
2928   8  24
2929   6   1
2930   6   2
2931   6   3
2932   6   4
2933   6   5
2934   6   6
2935   6   7
2936   6   8
2937   6   9
2938   6  10
2939   6  11
2940   6  12
2941   6  13
2942   6  14
2943   6  15
2944   6  16
2945   6  17
2946   6  18
2947   6  19
2948   6  20
2949   6  21
2950   6  22
2951   6  23
2952   6  24
2953   8   1
2954   8   2
2955   8   3
2956   8   4
2957   8   5
2958   8   6
2959   8   7
2960   8   8
2961   8   9
2962   8  10
2963   8  11
2964   8  12
2965   8  13
2966   8  14
2967   8  15
2968   8  16
2969   8  17
2970   8  18
2971   8  19
2972   8  20
2973   8  21
2974   8  22
2975   8  23
2976   8  24
2977   8   1
2978   8   2
2979   8   3
2980   8   4
2981   8   5
2982   8   6
2983   8   7
2984   8   8
2985   8   9
2986   8  10
2987   8  11
2988   8  12
2989   8  13
2990   8  14
2991   8  15
2992   8  16
2993   8  17
2994   8  18
2995   8  19
2996   8  20
2997   8  21
2998   8  22
2999   8  23
3000   8  24
3001   8   1
3002   8   2
3003   8   3
3004   8   4
3005   8   5
3006   8   6
3007   8   7
3008   8   8
3009   8   9
3010   8  10
3011   8  11
3012   8  12
3013   8  13
3014   8  14
3015   8  15
3016   8  16
3017   8  17
3018   8  18
3019   8  19
3020   8  20
3021   8  21
3022   8  22
3023   8  23
3024   8  24
3025   9   1
3026   9   2
3027   9   3
3028   9   4
3029   9   5
3030   9   6
3031   9   7
3032   9   8
3033   9   9
3034   9  10
3035   9  11
3036   9  12
3037   9  13
3038   9  14
3039   9  15
3040   9  16
3041   9  17
3042   9  18
3043   9  19
3044   9  20
3045   9  21
3046   9  22
3047   9  23
3048   9  24
3049   9   1
3050   9   2
3051   9   3
3052   9   4
3053   9   5
3054   9   6
3055   9   7
3056   9   8
3057   9   9
3058   9  10
3059   9  11
3060   9  12
3061   9  13
3062   9  14
3063   9  15
3064   9  16
3065   9  17
3066   9  18
3067   9  19
3068   9  20
3069   9  21
3070   9  22
3071   9  23
3072   9  24
3073  10   1
3074  10   2
3075  10   3
3076  10   4
3077  10   5
3078  10   6
3079  10   7
3080  10   8
3081  10   9
3082  10  10
3083  10  11
3084  10  12
3085  10  13
3086  10  14
3087  10  15
3088  10  16
3089  10  17
3090  10  18
3091  10  19
3092  10  20
3093  10  21
3094  10  22
3095  10  23
3096  10  24
3097   8   1
3098   8   2
3099   8   3
3100   8   4
3101   8   5
3102   8   6
3103   8   7
3104   8   8
3105   8   9
3106   8  10
3107   8  11
3108   8  12
3109   8  13
3110   8  14
3111   8  15
3112   8  16
3113   8  17
3114   8  18
3115   8  19
3116   8  20
3117   8  21
3118   8  22
3119   8  23
3120   8  24
3121   8   1
3122   8   2
3123   8   3
3124   8   4
3125   8   5
3126   8   6
3127   8   7
3128   8   8
3129   8   9
3130   8  10
3131   8  11
3132   8  12
3133   8  13
3134   8  14
3135   8  15
3136   8  16
3137   8  17
3138   8  18
3139   8  19
3140   8  20
3141   8  21
3142   8  22
3143   8  23
3144   8  24
3145   7   1
3146   7   2
3147   7   3
3148   7   4
3149   7   5
3150   7   6
3151   7   7
3152   7   8
3153   7   9
3154   7  10
3155   7  11
3156   7  12
3157   7  13
3158   7  14
3159   7  15
3160   7  16
3161   7  17
3162   7  18
3163   7  19
3164   7  20
3165   7  21
3166   7  22
3167   7  23
3168   7  24
3169   8   1
3170   8   2
3171   8   3
3172   8   4
3173   8   5
3174   8   6
3175   8   7
3176   8   8
3177   8   9
3178   8  10
3179   8  11
3180   8  12
3181   8  13
3182   8  14
3183   8  15
3184   8  16
3185   8  17
3186   8  18
3187   8  19
3188   8  20
3189   8  21
3190   8  22
3191   8  23
3192   8  24
3193   5   1
3194   5   2
3195   5   3
3196   5   4
3197   5   5
3198   5   6
3199   5   7
3200   5   8
3201   5   9
3202   5  10
3203   5  11
3204   5  12
3205   5  13
3206   5  14
3207   5  15
3208   5  16
3209   5  17
3210   5  18
3211   5  19
3212   5  20
3213   5  21
3214   5  22
3215   5  23
3216   5  24
3217   5   1
3218   5   2
3219   5   3
3220   5   4
3221   5   5
3222   5   6
3223   5   7
3224   5   8
3225   5   9
3226   5  10
3227   5  11
3228   5  12
3229   5  13
3230   5  14
3231   5  15
3232   5  16
3233   5  17
3234   5  18
3235   5  19
3236   5  20
3237   5  21
3238   5  22
3239   5  23
3240   5  24
3241   7   1
3242   7   2
3243   7   3
3244   7   4
3245   7   5
3246   7   6
3247   7   7
3248   7   8
3249   7   9
3250   7  10
3251   7  11
3252   7  12
3253   7  13
3254   7  14
3255   7  15
3256   7  16
3257   7  17
3258   7  18
3259   7  19
3260   7  20
3261   7  21
3262   7  22
3263   7  23
3264   7  24
3265   8   1
3266   8   2
3267   8   3
3268   8   4
3269   8   5
3270   8   6
3271   8   7
3272   8   8
3273   8   9
3274   8  10
3275   8  11
3276   8  12
3277   8  13
3278   8  14
3279   8  15
3280   8  16
3281   8  17
3282   8  18
3283   8  19
3284   8  20
3285   8  21
3286   8  22
3287   8  23
3288   8  24
3289   8   1
3290   8   2
3291   8   3
3292   8   4
3293   8   5
3294   8   6
3295   8   7
3296   8   8
3297   8   9
3298   8  10
3299   8  11
3300   8  12
3301   8  13
3302   8  14
3303   8  15
3304   8  16
3305   8  17
3306   8  18
3307   8  19
3308   8  20
3309   8  21
3310   8  22
3311   8  23
3312   8  24
3313   7   1
3314   7   2
3315   7   3
3316   7   4
3317   7   5
3318   7   6
3319   7   7
3320   7   8
3321   7   9
3322   7  10
3323   7  11
3324   7  12
3325   7  13
3326   7  14
3327   7  15
3328   7  16
3329   7  17
3330   7  18
3331   7  19
3332   7  20
3333   7  21
3334   7  22
3335   7  23
3336   7  24
3337   8   1
3338   8   2
3339   8   3
3340   8   4
3341   8   5
3342   8   6
3343   8   7
3344   8   8
3345   8   9
3346   8  10
3347   8  11
3348   8  12
3349   8  13
3350   8  14
3351   8  15
3352   8  16
3353   8  17
3354   8  18
3355   8  19
3356   8  20
3357   8  21
3358   8  22
3359   8  23
3360   8  24
3361  10   1
3362  10   2
3363  10   3
3364  10   4
3365  10   5
3366  10   6
3367  10   7
3368  10   8
3369  10   9
3370  10  10
3371  10  11
3372  10  12
3373  10  13
3374  10  14
3375  10  15
3376  10  16
3377  10  17
3378  10  18
3379  10  19
3380  10  20
3381  10  21
3382  10  22
3383  10  23
3384  10  24
3385   8   1
3386   8   2
3387   8   3
3388   8   4
3389   8   5
3390   8   6
3391   8   7
3392   8   8
3393   8   9
3394   8  10
3395   8  11
3396   8  12
3397   8  13
3398   8  14
3399   8  15
3400   8  16
3401   8  17
3402   8  18
3403   8  19
3404   8  20
3405   8  21
3406   8  22
3407   8  23
3408   8  24
3409  10   1
3410  10   2
3411  10   3
3412  10   4
3413  10   5
3414  10   6
3415  10   7
3416  10   8
3417  10   9
3418  10  10
3419  10  11
3420  10  12
3421  10  13
3422  10  14
3423  10  15
3424  10  16
3425  10  17
3426  10  18
3427  10  19
3428  10  20
3429  10  21
3430  10  22
3431  10  23
3432  10  24
3433  10   1
3434  10   2
3435  10   3
3436  10   4
3437  10   5
3438  10   6
3439  10   7
3440  10   8
3441  10   9
3442  10  10
3443  10  11
3444  10  12
3445  10  13
3446  10  14
3447  10  15
3448  10  16
3449  10  17
3450  10  18
3451  10  19
3452  10  20
3453  10  21
3454  10  22
3455  10  23
3456  10  24
3457  10   1
3458  10   2
3459  10   3
3460  10   4
3461  10   5
3462  10   6
3463  10   7
3464  10   8
3465  10   9
3466  10  10
3467  10  11
3468  10  12
3469  10  13
3470  10  14
3471  10  15
3472  10  16
3473  10  17
3474  10  18
3475  10  19
3476  10  20
3477  10  21
3478  10  22
3479  10  23
3480  10  24
3481  10   1
3482  10   2
3483  10   3
3484  10   4
3485  10   5
3486  10   6
3487  10   7
3488  10   8
3489  10   9
3490  10  10
3491  10  11
3492  10  12
3493  10  13
3494  10  14
3495  10  15
3496  10  16
3497  10  17
3498  10  18
3499  10  19
3500  10  20
3501  10  21
3502  10  22
3503  10  23
3504  10  24
3505   5   1
3506   5   2
3507   5   3
3508   5   4
3509   5   5
3510   5   6
3511   5   7
3512   5   8
3513   5   9
3514   5  10
3515   5  11
3516   5  12
3517   5  13
3518   5  14
3519   5  15
3520   5  16
3521   5  17
3522   5  18
3523   5  19
3524   5  20
3525   5  21
3526   5  22
3527   5  23
3528   5  24
3529   8   1
3530   8   2
3531   8   3
3532   8   4
3533   8   5
3534   8   6
3535   8   7
3536   8   8
3537   8   9
3538   8  10
3539   8  11
3540   8  12
3541   8  13
3542   8  14
3543   8  15
3544   8  16
3545   8  17
3546   8  18
3547   8  19
3548   8  20
3549   8  21
3550   8  22
3551   8  23
3552   8  24
3553  10   1
3554  10   2
3555  10   3
3556  10   4
3557  10   5
3558  10   6
3559  10   7
3560  10   8
3561  10   9
3562  10  10
3563  10  11
3564  10  12
3565  10  13
3566  10  14
3567  10  15
3568  10  16
3569  10  17
3570  10  18
3571  10  19
3572  10  20
3573  10  21
3574  10  22
3575  10  23
3576  10  24
3577  10   1
3578  10   2
3579  10   3
3580  10   4
3581  10   5
3582  10   6
3583  10   7
3584  10   8
3585  10   9
3586  10  10
3587  10  11
3588  10  12
3589  10  13
3590  10  14
3591  10  15
3592  10  16
3593  10  17
3594  10  18
3595  10  19
3596  10  20
3597  10  21
3598  10  22
3599  10  23
3600  10  24
3601   5   1
3602   5   2
3603   5   3
3604   5   4
3605   5   5
3606   5   6
3607   5   7
3608   5   8
3609   5   9
3610   5  10
3611   5  11
3612   5  12
3613   5  13
3614   5  14
3615   5  15
3616   5  16
3617   5  17
3618   5  18
3619   5  19
3620   5  20
3621   5  21
3622   5  22
3623   5  23
3624   5  24
3625   7   1
3626   7   2
3627   7   3
3628   7   4
3629   7   5
3630   7   6
3631   7   7
3632   7   8
3633   7   9
3634   7  10
3635   7  11
3636   7  12
3637   7  13
3638   7  14
3639   7  15
3640   7  16
3641   7  17
3642   7  18
3643   7  19
3644   7  20
3645   7  21
3646   7  22
3647   7  23
3648   7  24
3649   7   1
3650   7   2
3651   7   3
3652   7   4
3653   7   5
3654   7   6
3655   7   7
3656   7   8
3657   7   9
3658   7  10
3659   7  11
3660   7  12
3661   7  13
3662   7  14
3663   7  15
3664   7  16
3665   7  17
3666   7  18
3667   7  19
3668   7  20
3669   7  21
3670   7  22
3671   7  23
3672   7  24
3673   8   1
3674   8   2
3675   8   3
3676   8   4
3677   8   5
3678   8   6
3679   8   7
3680   8   8
3681   8   9
3682   8  10
3683   8  11
3684   8  12
3685   8  13
3686   8  14
3687   8  15
3688   8  16
3689   8  17
3690   8  18
3691   8  19
3692   8  20
3693   8  21
3694   8  22
3695   8  23
3696   8  24
3697   5   1
3698   5   2
3699   5   3
3700   5   4
3701   5   5
3702   5   6
3703   5   7
3704   5   8
3705   5   9
3706   5  10
3707   5  11
3708   5  12
3709   5  13
3710   5  14
3711   5  15
3712   5  16
3713   5  17
3714   5  18
3715   5  19
3716   5  20
3717   5  21
3718   5  22
3719   5  23
3720   5  24
3721   6   1
3722   6   2
3723   6   3
3724   6   4
3725   6   5
3726   6   6
3727   6   7
3728   6   8
3729   6   9
3730   6  10
3731   6  11
3732   6  12
3733   6  13
3734   6  14
3735   6  15
3736   6  16
3737   6  17
3738   6  18
3739   6  19
3740   6  20
3741   6  21
3742   6  22
3743   6  23
3744   6  24
3745   3   1
3746   3   2
3747   3   3
3748   3   4
3749   3   5
3750   3   6
3751   3   7
3752   3   8
3753   3   9
3754   3  10
3755   3  11
3756   3  12
3757   3  13
3758   3  14
3759   3  15
3760   3  16
3761   3  17
3762   3  18
3763   3  19
3764   3  20
3765   3  21
3766   3  22
3767   3  23
3768   3  24
3769   5   1
3770   5   2
3771   5   3
3772   5   4
3773   5   5
3774   5   6
3775   5   7
3776   5   8
3777   5   9
3778   5  10
3779   5  11
3780   5  12
3781   5  13
3782   5  14
3783   5  15
3784   5  16
3785   5  17
3786   5  18
3787   5  19
3788   5  20
3789   5  21
3790   5  22
3791   5  23
3792   5  24
3793   5   1
3794   5   2
3795   5   3
3796   5   4
3797   5   5
3798   5   6
3799   5   7
3800   5   8
3801   5   9
3802   5  10
3803   5  11
3804   5  12
3805   5  13
3806   5  14
3807   5  15
3808   5  16
3809   5  17
3810   5  18
3811   5  19
3812   5  20
3813   5  21
3814   5  22
3815   5  23
3816   5  24
3817   8   1
3818   8   2
3819   8   3
3820   8   4
3821   8   5
3822   8   6
3823   8   7
3824   8   8
3825   8   9
3826   8  10
3827   8  11
3828   8  12
3829   8  13
3830   8  14
3831   8  15
3832   8  16
3833   8  17
3834   8  18
3835   8  19
3836   8  20
3837   8  21
3838   8  22
3839   8  23
3840   8  24
3841   7   1
3842   7   2
3843   7   3
3844   7   4
3845   7   5
3846   7   6
3847   7   7
3848   7   8
3849   7   9
3850   7  10
3851   7  11
3852   7  12
3853   7  13
3854   7  14
3855   7  15
3856   7  16
3857   7  17
3858   7  18
3859   7  19
3860   7  20
3861   7  21
3862   7  22
3863   7  23
3864   7  24
3865   7   1
3866   7   2
3867   7   3
3868   7   4
3869   7   5
3870   7   6
3871   7   7
3872   7   8
3873   7   9
3874   7  10
3875   7  11
3876   7  12
3877   7  13
3878   7  14
3879   7  15
3880   7  16
3881   7  17
3882   7  18
3883   7  19
3884   7  20
3885   7  21
3886   7  22
3887   7  23
3888   7  24
3889   8   1
3890   8   2
3891   8   3
3892   8   4
3893   8   5
3894   8   6
3895   8   7
3896   8   8
3897   8   9
3898   8  10
3899   8  11
3900   8  12
3901   8  13
3902   8  14
3903   8  15
3904   8  16
3905   8  17
3906   8  18
3907   8  19
3908   8  20
3909   8  21
3910   8  22
3911   8  23
3912   8  24
3913   8   1
3914   8   2
3915   8   3
3916   8   4
3917   8   5
3918   8   6
3919   8   7
3920   8   8
3921   8   9
3922   8  10
3923   8  11
3924   8  12
3925   8  13
3926   8  14
3927   8  15
3928   8  16
3929   8  17
3930   8  18
3931   8  19
3932   8  20
3933   8  21
3934   8  22
3935   8  23
3936   8  24
3937   8   1
3938   8   2
3939   8   3
3940   8   4
3941   8   5
3942   8   6
3943   8   7
3944   8   8
3945   8   9
3946   8  10
3947   8  11
3948   8  12
3949   8  13
3950   8  14
3951   8  15
3952   8  16
3953   8  17
3954   8  18
3955   8  19
3956   8  20
3957   8  21
3958   8  22
3959   8  23
3960   8  24
3961   5   1
3962   5   2
3963   5   3
3964   5   4
3965   5   5
3966   5   6
3967   5   7
3968   5   8
3969   5   9
3970   5  10
3971   5  11
3972   5  12
3973   5  13
3974   5  14
3975   5  15
3976   5  16
3977   5  17
3978   5  18
3979   5  19
3980   5  20
3981   5  21
3982   5  22
3983   5  23
3984   5  24
3985   5   1
3986   5   2
3987   5   3
3988   5   4
3989   5   5
3990   5   6
3991   5   7
3992   5   8
3993   5   9
3994   5  10
3995   5  11
3996   5  12
3997   5  13
3998   5  14
3999   5  15
4000   5  16
4001   5  17
4002   5  18
4003   5  19
4004   5  20
4005   5  21
4006   5  22
4007   5  23
4008   5  24
4009   7   1
4010   7   2
4011   7   3
4012   7   4
4013   7   5
4014   7   6
4015   7   7
4016   7   8
4017   7   9
4018   7  10
4019   7  11
4020   7  12
4021   7  13
4022   7  14
4023   7  15
4024   7  16
4025   7  17
4026   7  18
4027   7  19
4028   7  20
4029   7  21
4030   7  22
4031   7  23
4032   7  24
4033  10   1
4034  10   2
4035  10   3
4036  10   4
4037  10   5
4038  10   6
4039  10   7
4040  10   8
4041  10   9
4042  10  10
4043  10  11
4044  10  12
4045  10  13
4046  10  14
4047  10  15
4048  10  16
4049  10  17
4050  10  18
4051  10  19
4052  10  20
4053  10  21
4054  10  22
4055  10  23
4056  10  24
4057  10   1
4058  10   2
4059  10   3
4060  10   4
4061  10   5
4062  10   6
4063  10   7
4064  10   8
4065  10   9
4066  10  10
4067  10  11
4068  10  12
4069  10  13
4070  10  14
4071  10  15
4072  10  16
4073  10  17
4074  10  18
4075  10  19
4076  10  20
4077  10  21
4078  10  22
4079  10  23
4080  10  24
4081  10   1
4082  10   2
4083  10   3
4084  10   4
4085  10   5
4086  10   6
4087  10   7
4088  10   8
4089  10   9
4090  10  10
4091  10  11
4092  10  12
4093  10  13
4094  10  14
4095  10  15
4096  10  16
4097  10  17
4098  10  18
4099  10  19
4100  10  20
4101  10  21
4102  10  22
4103  10  23
4104  10  24
4105   9   1
4106   9   2
4107   9   3
4108   9   4
4109   9   5
4110   9   6
4111   9   7
4112   9   8
4113   9   9
4114   9  10
4115   9  11
4116   9  12
4117   9  13
4118   9  14
4119   9  15
4120   9  16
4121   9  17
4122   9  18
4123   9  19
4124   9  20
4125   9  21
4126   9  22
4127   9  23
4128   9  24
4129   9   1
4130   9   2
4131   9   3
4132   9   4
4133   9   5
4134   9   6
4135   9   7
4136   9   8
4137   9   9
4138   9  10
4139   9  11
4140   9  12
4141   9  13
4142   9  14
4143   9  15
4144   9  16
4145   9  17
4146   9  18
4147   9  19
4148   9  20
4149   9  21
4150   9  22
4151   9  23
4152   9  24
4153   9   1
4154   9   2
4155   9   3
4156   9   4
4157   9   5
4158   9   6
4159   9   7
4160   9   8
4161   9   9
4162   9  10
4163   9  11
4164   9  12
4165   9  13
4166   9  14
4167   9  15
4168   9  16
4169   9  17
4170   9  18
4171   9  19
4172   9  20
4173   9  21
4174   9  22
4175   9  23
4176   9  24
4177   9   1
4178   9   2
4179   9   3
4180   9   4
4181   9   5
4182   9   6
4183   9   7
4184   9   8
4185   9   9
4186   9  10
4187   9  11
4188   9  12
4189   9  13
4190   9  14
4191   9  15
4192   9  16
4193   9  17
4194   9  18
4195   9  19
4196   9  20
4197   9  21
4198   9  22
4199   9  23
4200   9  24
4201  10   1
4202  10   2
4203  10   3
4204  10   4
4205  10   5
4206  10   6
4207  10   7
4208  10   8
4209  10   9
4210  10  10
4211  10  11
4212  10  12
4213  10  13
4214  10  14
4215  10  15
4216  10  16
4217  10  17
4218  10  18
4219  10  19
4220  10  20
4221  10  21
4222  10  22
4223  10  23
4224  10  24
4225  10   1
4226  10   2
4227  10   3
4228  10   4
4229  10   5
4230  10   6
4231  10   7
4232  10   8
4233  10   9
4234  10  10
4235  10  11
4236  10  12
4237  10  13
4238  10  14
4239  10  15
4240  10  16
4241  10  17
4242  10  18
4243  10  19
4244  10  20
4245  10  21
4246  10  22
4247  10  23
4248  10  24
4249  10   1
4250  10   2
4251  10   3
4252  10   4
4253  10   5
4254  10   6
4255  10   7
4256  10   8
4257  10   9
4258  10  10
4259  10  11
4260  10  12
4261  10  13
4262  10  14
4263  10  15
4264  10  16
4265  10  17
4266  10  18
4267  10  19
4268  10  20
4269  10  21
4270  10  22
4271  10  23
4272  10  24
4273  10   1
4274  10   2
4275  10   3
4276  10   4
4277  10   5
4278  10   6
4279  10   7
4280  10   8
4281  10   9
4282  10  10
4283  10  11
4284  10  12
4285  10  13
4286  10  14
4287  10  15
4288  10  16
4289  10  17
4290  10  18
4291  10  19
4292  10  20
4293  10  21
4294  10  22
4295  10  23
4296  10  24
4297   9   1
4298   9   2
4299   9   3
4300   9   4
4301   9   5
4302   9   6
4303   9   7
4304   9   8
4305   9   9
4306   9  10
4307   9  11
4308   9  12
4309   9  13
4310   9  14
4311   9  15
4312   9  16
4313   9  17
4314   9  18
4315   9  19
4316   9  20
4317   9  21
4318   9  22
4319   9  23
4320   9  24
4321  10   1
4322  10   2
4323  10   3
4324  10   4
4325  10   5
4326  10   6
4327  10   7
4328  10   8
4329  10   9
4330  10  10
4331  10  11
4332  10  12
4333  10  13
4334  10  14
4335  10  15
4336  10  16
4337  10  17
4338  10  18
4339  10  19
4340  10  20
4341  10  21
4342  10  22
4343  10  23
4344  10  24
4345  10   1
4346  10   2
4347  10   3
4348  10   4
4349  10   5
4350  10   6
4351  10   7
4352  10   8
4353  10   9
4354  10  10
4355  10  11
4356  10  12
4357  10  13
4358  10  14
4359  10  15
4360  10  16
4361  10  17
4362  10  18
4363  10  19
4364  10  20
4365  10  21
4366  10  22
4367  10  23
4368  10  24
4369  10   1
4370  10   2
4371  10   3
4372  10   4
4373  10   5
4374  10   6
4375  10   7
4376  10   8
4377  10   9
4378  10  10
4379  10  11
4380  10  12
4381  10  13
4382  10  14
4383  10  15
4384  10  16
4385  10  17
4386  10  18
4387  10  19
4388  10  20
4389  10  21
4390  10  22
4391  10  23
4392  10  24
4393   7   1
4394   7   2
4395   7   3
4396   7   4
4397   7   5
4398   7   6
4399   7   7
4400   7   8
4401   7   9
4402   7  10
4403   7  11
4404   7  12
4405   7  13
4406   7  14
4407   7  15
4408   7  16
4409   7  17
4410   7  18
4411   7  19
4412   7  20
4413   7  21
4414   7  22
4415   7  23
4416   7  24
4417   7   1
4418   7   2
4419   7   3
4420   7   4
4421   7   5
4422   7   6
4423   7   7
4424   7   8
4425   7   9
4426   7  10
4427   7  11
4428   7  12
4429   7  13
4430   7  14
4431   7  15
4432   7  16
4433   7  17
4434   7  18
4435   7  19
4436   7  20
4437   7  21
4438   7  22
4439   7  23
4440   7  24
4441  10   1
4442  10   2
4443  10   3
4444  10   4
4445  10   5
4446  10   6
4447  10   7
4448  10   8
4449  10   9
4450  10  10
4451  10  11
4452  10  12
4453  10  13
4454  10  14
4455  10  15
4456  10  16
4457  10  17
4458  10  18
4459  10  19
4460  10  20
4461  10  21
4462  10  22
4463  10  23
4464  10  24
4465  10   1
4466  10   2
4467  10   3
4468  10   4
4469  10   5
4470  10   6
4471  10   7
4472  10   8
4473  10   9
4474  10  10
4475  10  11
4476  10  12
4477  10  13
4478  10  14
4479  10  15
4480  10  16
4481  10  17
4482  10  18
4483  10  19
4484  10  20
4485  10  21
4486  10  22
4487  10  23
4488  10  24
4489  10   1
4490  10   2
4491  10   3
4492  10   4
4493  10   5
4494  10   6
4495  10   7
4496  10   8
4497  10   9
4498  10  10
4499  10  11
4500  10  12
4501  10  13
4502  10  14
4503  10  15
4504  10  16
4505  10  17
4506  10  18
4507  10  19
4508  10  20
4509  10  21
4510  10  22
4511  10  23
4512  10  24
4513  10   1
4514  10   2
4515  10   3
4516  10   4
4517  10   5
4518  10   6
4519  10   7
4520  10   8
4521  10   9
4522  10  10
4523  10  11
4524  10  12
4525  10  13
4526  10  14
4527  10  15
4528  10  16
4529  10  17
4530  10  18
4531  10  19
4532  10  20
4533  10  21
4534  10  22
4535  10  23
4536  10  24
4537   8   1
4538   8   2
4539   8   3
4540   8   4
4541   8   5
4542   8   6
4543   8   7
4544   8   8
4545   8   9
4546   8  10
4547   8  11
4548   8  12
4549   8  13
4550   8  14
4551   8  15
4552   8  16
4553   8  17
4554   8  18
4555   8  19
4556   8  20
4557   8  21
4558   8  22
4559   8  23
4560   8  24
4561  10   1
4562  10   2
4563  10   3
4564  10   4
4565  10   5
4566  10   6
4567  10   7
4568  10   8
4569  10   9
4570  10  10
4571  10  11
4572  10  12
4573  10  13
4574  10  14
4575  10  15
4576  10  16
4577  10  17
4578  10  18
4579  10  19
4580  10  20
4581  10  21
4582  10  22
4583  10  23
4584  10  24
4585  10   1
4586  10   2
4587  10   3
4588  10   4
4589  10   5
4590  10   6
4591  10   7
4592  10   8
4593  10   9
4594  10  10
4595  10  11
4596  10  12
4597  10  13
4598  10  14
4599  10  15
4600  10  16
4601  10  17
4602  10  18
4603  10  19
4604  10  20
4605  10  21
4606  10  22
4607  10  23
4608  10  24
4609  10   1
4610  10   2
4611  10   3
4612  10   4
4613  10   5
4614  10   6
4615  10   7
4616  10   8
4617  10   9
4618  10  10
4619  10  11
4620  10  12
4621  10  13
4622  10  14
4623  10  15
4624  10  16
4625  10  17
4626  10  18
4627  10  19
4628  10  20
4629  10  21
4630  10  22
4631  10  23
4632  10  24
4633  10   1
4634  10   2
4635  10   3
4636  10   4
4637  10   5
4638  10   6
4639  10   7
4640  10   8
4641  10   9
4642  10  10
4643  10  11
4644  10  12
4645  10  13
4646  10  14
4647  10  15
4648  10  16
4649  10  17
4650  10  18
4651  10  19
4652  10  20
4653  10  21
4654  10  22
4655  10  23
4656  10  24
4657  10   1
4658  10   2
4659  10   3
4660  10   4
4661  10   5
4662  10   6
4663  10   7
4664  10   8
4665  10   9
4666  10  10
4667  10  11
4668  10  12
4669  10  13
4670  10  14
4671  10  15
4672  10  16
4673  10  17
4674  10  18
4675  10  19
4676  10  20
4677  10  21
4678  10  22
4679  10  23
4680  10  24
4681  10   1
4682  10   2
4683  10   3
4684  10   4
4685  10   5
4686  10   6
4687  10   7
4688  10   8
4689  10   9
4690  10  10
4691  10  11
4692  10  12
4693  10  13
4694  10  14
4695  10  15
4696  10  16
4697  10  17
4698  10  18
4699  10  19
4700  10  20
4701  10  21
4702  10  22
4703  10  23
4704  10  24
4705   9   1
4706   9   2
4707   9   3
4708   9   4
4709   9   5
4710   9   6
4711   9   7
4712   9   8
4713   9   9
4714   9  10
4715   9  11
4716   9  12
4717   9  13
4718   9  14
4719   9  15
4720   9  16
4721   9  17
4722   9  18
4723   9  19
4724   9  20
4725   9  21
4726   9  22
4727   9  23
4728   9  24
4729   9   1
4730   9   2
4731   9   3
4732   9   4
4733   9   5
4734   9   6
4735   9   7
4736   9   8
4737   9   9
4738   9  10
4739   9  11
4740   9  12
4741   9  13
4742   9  14
4743   9  15
4744   9  16
4745   9  17
4746   9  18
4747   9  19
4748   9  20
4749   9  21
4750   9  22
4751   9  23
4752   9  24
4753   8   1
4754   8   2
4755   8   3
4756   8   4
4757   8   5
4758   8   6
4759   8   7
4760   8   8
4761   8   9
4762   8  10
4763   8  11
4764   8  12
4765   8  13
4766   8  14
4767   8  15
4768   8  16
4769   8  17
4770   8  18
4771   8  19
4772   8  20
4773   8  21
4774   8  22
4775   8  23
4776   8  24
4777  10   1
4778  10   2
4779  10   3
4780  10   4
4781  10   5
4782  10   6
4783  10   7
4784  10   8
4785  10   9
4786  10  10
4787  10  11
4788  10  12
4789  10  13
4790  10  14
4791  10  15
4792  10  16
4793  10  17
4794  10  18
4795  10  19
4796  10  20
4797  10  21
4798  10  22
4799  10  23
4800  10  24
4801   9   1
4802   9   2
4803   9   3
4804   9   4
4805   9   5
4806   9   6
4807   9   7
4808   9   8
4809   9   9
4810   9  10
4811   9  11
4812   9  12
4813   9  13
4814   9  14
4815   9  15
4816   9  16
4817   9  17
4818   9  18
4819   9  19
4820   9  20
4821   9  21
4822   9  22
4823   9  23
4824   9  24
4825   9   1
4826   9   2
4827   9   3
4828   9   4
4829   9   5
4830   9   6
4831   9   7
4832   9   8
4833   9   9
4834   9  10
4835   9  11
4836   9  12
4837   9  13
4838   9  14
4839   9  15
4840   9  16
4841   9  17
4842   9  18
4843   9  19
4844   9  20
4845   9  21
4846   9  22
4847   9  23
4848   9  24
4849   9   1
4850   9   2
4851   9   3
4852   9   4
4853   9   5
4854   9   6
4855   9   7
4856   9   8
4857   9   9
4858   9  10
4859   9  11
4860   9  12
4861   9  13
4862   9  14
4863   9  15
4864   9  16
4865   9  17
4866   9  18
4867   9  19
4868   9  20
4869   9  21
4870   9  22
4871   9  23
4872   9  24
4873   9   1
4874   9   2
4875   9   3
4876   9   4
4877   9   5
4878   9   6
4879   9   7
4880   9   8
4881   9   9
4882   9  10
4883   9  11
4884   9  12
4885   9  13
4886   9  14
4887   9  15
4888   9  16
4889   9  17
4890   9  18
4891   9  19
4892   9  20
4893   9  21
4894   9  22
4895   9  23
4896   9  24
4897   9   1
4898   9   2
4899   9   3
4900   9   4
4901   9   5
4902   9   6
4903   9   7
4904   9   8
4905   9   9
4906   9  10
4907   9  11
4908   9  12
4909   9  13
4910   9  14
4911   9  15
4912   9  16
4913   9  17
4914   9  18
4915   9  19
4916   9  20
4917   9  21
4918   9  22
4919   9  23
4920   9  24
4921   9   1
4922   9   2
4923   9   3
4924   9   4
4925   9   5
4926   9   6
4927   9   7
4928   9   8
4929   9   9
4930   9  10
4931   9  11
4932   9  12
4933   9  13
4934   9  14
4935   9  15
4936   9  16
4937   9  17
4938   9  18
4939   9  19
4940   9  20
4941   9  21
4942   9  22
4943   9  23
4944   9  24
4945   9   1
4946   9   2
4947   9   3
4948   9   4
4949   9   5
4950   9   6
4951   9   7
4952   9   8
4953   9   9
4954   9  10
4955   9  11
4956   9  12
4957   9  13
4958   9  14
4959   9  15
4960   9  16
4961   9  17
4962   9  18
4963   9  19
4964   9  20
4965   9  21
4966   9  22
4967   9  23
4968   9  24
4969   9   1
4970   9   2
4971   9   3
4972   9   4
4973   9   5
4974   9   6
4975   9   7
4976   9   8
4977   9   9
4978   9  10
4979   9  11
4980   9  12
4981   9  13
4982   9  14
4983   9  15
4984   9  16
4985   9  17
4986   9  18
4987   9  19
4988   9  20
4989   9  21
4990   9  22
4991   9  23
4992   9  24
4993  10   1
4994  10   2
4995  10   3
4996  10   4
4997  10   5
4998  10   6
4999  10   7
5000  10   8
5001  10   9
5002  10  10
5003  10  11
5004  10  12
5005  10  13
5006  10  14
5007  10  15
5008  10  16
5009  10  17
5010  10  18
5011  10  19
5012  10  20
5013  10  21
5014  10  22
5015  10  23
5016  10  24
5017   7   1
5018   7   2
5019   7   3
5020   7   4
5021   7   5
5022   7   6
5023   7   7
5024   7   8
5025   7   9
5026   7  10
5027   7  11
5028   7  12
5029   7  13
5030   7  14
5031   7  15
5032   7  16
5033   7  17
5034   7  18
5035   7  19
5036   7  20
5037   7  21
5038   7  22
5039   7  23
5040   7  24
5041  10   1
5042  10   2
5043  10   3
5044  10   4
5045  10   5
5046  10   6
5047  10   7
5048  10   8
5049  10   9
5050  10  10
5051  10  11
5052  10  12
5053  10  13
5054  10  14
5055  10  15
5056  10  16
5057  10  17
5058  10  18
5059  10  19
5060  10  20
5061  10  21
5062  10  22
5063  10  23
5064  10  24
5065  10   1
5066  10   2
5067  10   3
5068  10   4
5069  10   5
5070  10   6
5071  10   7
5072  10   8
5073  10   9
5074  10  10
5075  10  11
5076  10  12
5077  10  13
5078  10  14
5079  10  15
5080  10  16
5081  10  17
5082  10  18
5083  10  19
5084  10  20
5085  10  21
5086  10  22
5087  10  23
5088  10  24
5089   9   1
5090   9   2
5091   9   3
5092   9   4
5093   9   5
5094   9   6
5095   9   7
5096   9   8
5097   9   9
5098   9  10
5099   9  11
5100   9  12
5101   9  13
5102   9  14
5103   9  15
5104   9  16
5105   9  17
5106   9  18
5107   9  19
5108   9  20
5109   9  21
5110   9  22
5111   9  23
5112   9  24
5113   7   1
5114   7   2
5115   7   3
5116   7   4
5117   7   5
5118   7   6
5119   7   7
5120   7   8
5121   7   9
5122   7  10
5123   7  11
5124   7  12
5125   7  13
5126   7  14
5127   7  15
5128   7  16
5129   7  17
5130   7  18
5131   7  19
5132   7  20
5133   7  21
5134   7  22
5135   7  23
5136   7  24
5137   8   1
5138   8   2
5139   8   3
5140   8   4
5141   8   5
5142   8   6
5143   8   7
5144   8   8
5145   8   9
5146   8  10
5147   8  11
5148   8  12
5149   8  13
5150   8  14
5151   8  15
5152   8  16
5153   8  17
5154   8  18
5155   8  19
5156   8  20
5157   8  21
5158   8  22
5159   8  23
5160   8  24
5161  10   1
5162  10   2
5163  10   3
5164  10   4
5165  10   5
5166  10   6
5167  10   7
5168  10   8
5169  10   9
5170  10  10
5171  10  11
5172  10  12
5173  10  13
5174  10  14
5175  10  15
5176  10  16
5177  10  17
5178  10  18
5179  10  19
5180  10  20
5181  10  21
5182  10  22
5183  10  23
5184  10  24
5185   9   1
5186   9   2
5187   9   3
5188   9   4
5189   9   5
5190   9   6
5191   9   7
5192   9   8
5193   9   9
5194   9  10
5195   9  11
5196   9  12
5197   9  13
5198   9  14
5199   9  15
5200   9  16
5201   9  17
5202   9  18
5203   9  19
5204   9  20
5205   9  21
5206   9  22
5207   9  23
5208   9  24
5209  10   1
5210  10   2
5211  10   3
5212  10   4
5213  10   5
5214  10   6
5215  10   7
5216  10   8
5217  10   9
5218  10  10
5219  10  11
5220  10  12
5221  10  13
5222  10  14
5223  10  15
5224  10  16
5225  10  17
5226  10  18
5227  10  19
5228  10  20
5229  10  21
5230  10  22
5231  10  23
5232  10  24
5233   7   1
5234   7   2
5235   7   3
5236   7   4
5237   7   5
5238   7   6
5239   7   7
5240   7   8
5241   7   9
5242   7  10
5243   7  11
5244   7  12
5245   7  13
5246   7  14
5247   7  15
5248   7  16
5249   7  17
5250   7  18
5251   7  19
5252   7  20
5253   7  21
5254   7  22
5255   7  23
5256   7  24
5257   6   1
5258   6   2
5259   6   3
5260   6   4
5261   6   5
5262   6   6
5263   6   7
5264   6   8
5265   6   9
5266   6  10
5267   6  11
5268   6  12
5269   6  13
5270   6  14
5271   6  15
5272   6  16
5273   6  17
5274   6  18
5275   6  19
5276   6  20
5277   6  21
5278   6  22
5279   6  23
5280   6  24
5281   6   1
5282   6   2
5283   6   3
5284   6   4
5285   6   5
5286   6   6
5287   6   7
5288   6   8
5289   6   9
5290   6  10
5291   6  11
5292   6  12
5293   6  13
5294   6  14
5295   6  15
5296   6  16
5297   6  17
5298   6  18
5299   6  19
5300   6  20
5301   6  21
5302   6  22
5303   6  23
5304   6  24
5305   7   1
5306   7   2
5307   7   3
5308   7   4
5309   7   5
5310   7   6
5311   7   7
5312   7   8
5313   7   9
5314   7  10
5315   7  11
5316   7  12
5317   7  13
5318   7  14
5319   7  15
5320   7  16
5321   7  17
5322   7  18
5323   7  19
5324   7  20
5325   7  21
5326   7  22
5327   7  23
5328   7  24
5329   8   1
5330   8   2
5331   8   3
5332   8   4
5333   8   5
5334   8   6
5335   8   7
5336   8   8
5337   8   9
5338   8  10
5339   8  11
5340   8  12
5341   8  13
5342   8  14
5343   8  15
5344   8  16
5345   8  17
5346   8  18
5347   8  19
5348   8  20
5349   8  21
5350   8  22
5351   8  23
5352   8  24
5353   9   1
5354   9   2
5355   9   3
5356   9   4
5357   9   5
5358   9   6
5359   9   7
5360   9   8
5361   9   9
5362   9  10
5363   9  11
5364   9  12
5365   9  13
5366   9  14
5367   9  15
5368   9  16
5369   9  17
5370   9  18
5371   9  19
5372   9  20
5373   9  21
5374   9  22
5375   9  23
5376   9  24
5377   9   1
5378   9   2
5379   9   3
5380   9   4
5381   9   5
5382   9   6
5383   9   7
5384   9   8
5385   9   9
5386   9  10
5387   9  11
5388   9  12
5389   9  13
5390   9  14
5391   9  15
5392   9  16
5393   9  17
5394   9  18
5395   9  19
5396   9  20
5397   9  21
5398   9  22
5399   9  23
5400   9  24
5401   9   1
5402   9   2
5403   9   3
5404   9   4
5405   9   5
5406   9   6
5407   9   7
5408   9   8
5409   9   9
5410   9  10
5411   9  11
5412   9  12
5413   9  13
5414   9  14
5415   9  15
5416   9  16
5417   9  17
5418   9  18
5419   9  19
5420   9  20
5421   9  21
5422   9  22
5423   9  23
5424   9  24
5425   9   1
5426   9   2
5427   9   3
5428   9   4
5429   9   5
5430   9   6
5431   9   7
5432   9   8
5433   9   9
5434   9  10
5435   9  11
5436   9  12
5437   9  13
5438   9  14
5439   9  15
5440   9  16
5441   9  17
5442   9  18
5443   9  19
5444   9  20
5445   9  21
5446   9  22
5447   9  23
5448   9  24
5449   7   1
5450   7   2
5451   7   3
5452   7   4
5453   7   5
5454   7   6
5455   7   7
5456   7   8
5457   7   9
5458   7  10
5459   7  11
5460   7  12
5461   7  13
5462   7  14
5463   7  15
5464   7  16
5465   7  17
5466   7  18
5467   7  19
5468   7  20
5469   7  21
5470   7  22
5471   7  23
5472   7  24
5473   8   1
5474   8   2
5475   8   3
5476   8   4
5477   8   5
5478   8   6
5479   8   7
5480   8   8
5481   8   9
5482   8  10
5483   8  11
5484   8  12
5485   8  13
5486   8  14
5487   8  15
5488   8  16
5489   8  17
5490   8  18
5491   8  19
5492   8  20
5493   8  21
5494   8  22
5495   8  23
5496   8  24
5497   8   1
5498   8   2
5499   8   3
5500   8   4
5501   8   5
5502   8   6
5503   8   7
5504   8   8
5505   8   9
5506   8  10
5507   8  11
5508   8  12
5509   8  13
5510   8  14
5511   8  15
5512   8  16
5513   8  17
5514   8  18
5515   8  19
5516   8  20
5517   8  21
5518   8  22
5519   8  23
5520   8  24
5521   8   1
5522   8   2
5523   8   3
5524   8   4
5525   8   5
5526   8   6
5527   8   7
5528   8   8
5529   8   9
5530   8  10
5531   8  11
5532   8  12
5533   8  13
5534   8  14
5535   8  15
5536   8  16
5537   8  17
5538   8  18
5539   8  19
5540   8  20
5541   8  21
5542   8  22
5543   8  23
5544   8  24
5545   5   1
5546   5   2
5547   5   3
5548   5   4
5549   5   5
5550   5   6
5551   5   7
5552   5   8
5553   5   9
5554   5  10
5555   5  11
5556   5  12
5557   5  13
5558   5  14
5559   5  15
5560   5  16
5561   5  17
5562   5  18
5563   5  19
5564   5  20
5565   5  21
5566   5  22
5567   5  23
5568   5  24
5569   5   1
5570   5   2
5571   5   3
5572   5   4
5573   5   5
5574   5   6
5575   5   7
5576   5   8
5577   5   9
5578   5  10
5579   5  11
5580   5  12
5581   5  13
5582   5  14
5583   5  15
5584   5  16
5585   5  17
5586   5  18
5587   5  19
5588   5  20
5589   5  21
5590   5  22
5591   5  23
5592   5  24
5593   8   1
5594   8   2
5595   8   3
5596   8   4
5597   8   5
5598   8   6
5599   8   7
5600   8   8
5601   8   9
5602   8  10
5603   8  11
5604   8  12
5605   8  13
5606   8  14
5607   8  15
5608   8  16
5609   8  17
5610   8  18
5611   8  19
5612   8  20
5613   8  21
5614   8  22
5615   8  23
5616   8  24
5617   8   1
5618   8   2
5619   8   3
5620   8   4
5621   8   5
5622   8   6
5623   8   7
5624   8   8
5625   8   9
5626   8  10
5627   8  11
5628   8  12
5629   8  13
5630   8  14
5631   8  15
5632   8  16
5633   8  17
5634   8  18
5635   8  19
5636   8  20
5637   8  21
5638   8  22
5639   8  23
5640   8  24
5641   8   1
5642   8   2
5643   8   3
5644   8   4
5645   8   5
5646   8   6
5647   8   7
5648   8   8
5649   8   9
5650   8  10
5651   8  11
5652   8  12
5653   8  13
5654   8  14
5655   8  15
5656   8  16
5657   8  17
5658   8  18
5659   8  19
5660   8  20
5661   8  21
5662   8  22
5663   8  23
5664   8  24
5665  10   1
5666  10   2
5667  10   3
5668  10   4
5669  10   5
5670  10   6
5671  10   7
5672  10   8
5673  10   9
5674  10  10
5675  10  11
5676  10  12
5677  10  13
5678  10  14
5679  10  15
5680  10  16
5681  10  17
5682  10  18
5683  10  19
5684  10  20
5685  10  21
5686  10  22
5687  10  23
5688  10  24
5689  10   1
5690  10   2
5691  10   3
5692  10   4
5693  10   5
5694  10   6
5695  10   7
5696  10   8
5697  10   9
5698  10  10
5699  10  11
5700  10  12
5701  10  13
5702  10  14
5703  10  15
5704  10  16
5705  10  17
5706  10  18
5707  10  19
5708  10  20
5709  10  21
5710  10  22
5711  10  23
5712  10  24
5713  10   1
5714  10   2
5715  10   3
5716  10   4
5717  10   5
5718  10   6
5719  10   7
5720  10   8
5721  10   9
5722  10  10
5723  10  11
5724  10  12
5725  10  13
5726  10  14
5727  10  15
5728  10  16
5729  10  17
5730  10  18
5731  10  19
5732  10  20
5733  10  21
5734  10  22
5735  10  23
5736  10  24
5737   8   1
5738   8   2
5739   8   3
5740   8   4
5741   8   5
5742   8   6
5743   8   7
5744   8   8
5745   8   9
5746   8  10
5747   8  11
5748   8  12
5749   8  13
5750   8  14
5751   8  15
5752   8  16
5753   8  17
5754   8  18
5755   8  19
5756   8  20
5757   8  21
5758   8  22
5759   8  23
5760   8  24
5761   7   1
5762   7   2
5763   7   3
5764   7   4
5765   7   5
5766   7   6
5767   7   7
5768   7   8
5769   7   9
5770   7  10
5771   7  11
5772   7  12
5773   7  13
5774   7  14
5775   7  15
5776   7  16
5777   7  17
5778   7  18
5779   7  19
5780   7  20
5781   7  21
5782   7  22
5783   7  23
5784   7  24
5785   5   1
5786   5   2
5787   5   3
5788   5   4
5789   5   5
5790   5   6
5791   5   7
5792   5   8
5793   5   9
5794   5  10
5795   5  11
5796   5  12
5797   5  13
5798   5  14
5799   5  15
5800   5  16
5801   5  17
5802   5  18
5803   5  19
5804   5  20
5805   5  21
5806   5  22
5807   5  23
5808   5  24
5809   8   1
5810   8   2
5811   8   3
5812   8   4
5813   8   5
5814   8   6
5815   8   7
5816   8   8
5817   8   9
5818   8  10
5819   8  11
5820   8  12
5821   8  13
5822   8  14
5823   8  15
5824   8  16
5825   8  17
5826   8  18
5827   8  19
5828   8  20
5829   8  21
5830   8  22
5831   8  23
5832   8  24
5833   8   1
5834   8   2
5835   8   3
5836   8   4
5837   8   5
5838   8   6
5839   8   7
5840   8   8
5841   8   9
5842   8  10
5843   8  11
5844   8  12
5845   8  13
5846   8  14
5847   8  15
5848   8  16
5849   8  17
5850   8  18
5851   8  19
5852   8  20
5853   8  21
5854   8  22
5855   8  23
5856   8  24
5857   8   1
5858   8   2
5859   8   3
5860   8   4
5861   8   5
5862   8   6
5863   8   7
5864   8   8
5865   8   9
5866   8  10
5867   8  11
5868   8  12
5869   8  13
5870   8  14
5871   8  15
5872   8  16
5873   8  17
5874   8  18
5875   8  19
5876   8  20
5877   8  21
5878   8  22
5879   8  23
5880   8  24
5881   8   1
5882   8   2
5883   8   3
5884   8   4
5885   8   5
5886   8   6
5887   8   7
5888   8   8
5889   8   9
5890   8  10
5891   8  11
5892   8  12
5893   8  13
5894   8  14
5895   8  15
5896   8  16
5897   8  17
5898   8  18
5899   8  19
5900   8  20
5901   8  21
5902   8  22
5903   8  23
5904   8  24
5905  10   1
5906  10   2
5907  10   3
5908  10   4
5909  10   5
5910  10   6
5911  10   7
5912  10   8
5913  10   9
5914  10  10
5915  10  11
5916  10  12
5917  10  13
5918  10  14
5919  10  15
5920  10  16
5921  10  17
5922  10  18
5923  10  19
5924  10  20
5925  10  21
5926  10  22
5927  10  23
5928  10  24
5929  10   1
5930  10   2
5931  10   3
5932  10   4
5933  10   5
5934  10   6
5935  10   7
5936  10   8
5937  10   9
5938  10  10
5939  10  11
5940  10  12
5941  10  13
5942  10  14
5943  10  15
5944  10  16
5945  10  17
5946  10  18
5947  10  19
5948  10  20
5949  10  21
5950  10  22
5951  10  23
5952  10  24
5953  10   1
5954  10   2
5955  10   3
5956  10   4
5957  10   5
5958  10   6
5959  10   7
5960  10   8
5961  10   9
5962  10  10
5963  10  11
5964  10  12
5965  10  13
5966  10  14
5967  10  15
5968  10  16
5969  10  17
5970  10  18
5971  10  19
5972  10  20
5973  10  21
5974  10  22
5975  10  23
5976  10  24
5977   8   1
5978   8   2
5979   8   3
5980   8   4
5981   8   5
5982   8   6
5983   8   7
5984   8   8
5985   8   9
5986   8  10
5987   8  11
5988   8  12
5989   8  13
5990   8  14
5991   8  15
5992   8  16
5993   8  17
5994   8  18
5995   8  19
5996   8  20
5997   8  21
5998   8  22
5999   8  23
6000   8  24
6001   7   1
6002   7   2
6003   7   3
6004   7   4
6005   7   5
6006   7   6
6007   7   7
6008   7   8
6009   7   9
6010   7  10
6011   7  11
6012   7  12
6013   7  13
6014   7  14
6015   7  15
6016   7  16
6017   7  17
6018   7  18
6019   7  19
6020   7  20
6021   7  21
6022   7  22
6023   7  23
6024   7  24
6025   8   1
6026   8   2
6027   8   3
6028   8   4
6029   8   5
6030   8   6
6031   8   7
6032   8   8
6033   8   9
6034   8  10
6035   8  11
6036   8  12
6037   8  13
6038   8  14
6039   8  15
6040   8  16
6041   8  17
6042   8  18
6043   8  19
6044   8  20
6045   8  21
6046   8  22
6047   8  23
6048   8  24
6049   5   1
6050   5   2
6051   5   3
6052   5   4
6053   5   5
6054   5   6
6055   5   7
6056   5   8
6057   5   9
6058   5  10
6059   5  11
6060   5  12
6061   5  13
6062   5  14
6063   5  15
6064   5  16
6065   5  17
6066   5  18
6067   5  19
6068   5  20
6069   5  21
6070   5  22
6071   5  23
6072   5  24
6073   5   1
6074   5   2
6075   5   3
6076   5   4
6077   5   5
6078   5   6
6079   5   7
6080   5   8
6081   5   9
6082   5  10
6083   5  11
6084   5  12
6085   5  13
6086   5  14
6087   5  15
6088   5  16
6089   5  17
6090   5  18
6091   5  19
6092   5  20
6093   5  21
6094   5  22
6095   5  23
6096   5  24
6097   7   1
6098   7   2
6099   7   3
6100   7   4
6101   7   5
6102   7   6
6103   7   7
6104   7   8
6105   7   9
6106   7  10
6107   7  11
6108   7  12
6109   7  13
6110   7  14
6111   7  15
6112   7  16
6113   7  17
6114   7  18
6115   7  19
6116   7  20
6117   7  21
6118   7  22
6119   7  23
6120   7  24
6121   7   1
6122   7   2
6123   7   3
6124   7   4
6125   7   5
6126   7   6
6127   7   7
6128   7   8
6129   7   9
6130   7  10
6131   7  11
6132   7  12
6133   7  13
6134   7  14
6135   7  15
6136   7  16
6137   7  17
6138   7  18
6139   7  19
6140   7  20
6141   7  21
6142   7  22
6143   7  23
6144   7  24
6145   7   1
6146   7   2
6147   7   3
6148   7   4
6149   7   5
6150   7   6
6151   7   7
6152   7   8
6153   7   9
6154   7  10
6155   7  11
6156   7  12
6157   7  13
6158   7  14
6159   7  15
6160   7  16
6161   7  17
6162   7  18
6163   7  19
6164   7  20
6165   7  21
6166   7  22
6167   7  23
6168   7  24
6169   5   1
6170   5   2
6171   5   3
6172   5   4
6173   5   5
6174   5   6
6175   5   7
6176   5   8
6177   5   9
6178   5  10
6179   5  11
6180   5  12
6181   5  13
6182   5  14
6183   5  15
6184   5  16
6185   5  17
6186   5  18
6187   5  19
6188   5  20
6189   5  21
6190   5  22
6191   5  23
6192   5  24
6193   6   1
6194   6   2
6195   6   3
6196   6   4
6197   6   5
6198   6   6
6199   6   7
6200   6   8
6201   6   9
6202   6  10
6203   6  11
6204   6  12
6205   6  13
6206   6  14
6207   6  15
6208   6  16
6209   6  17
6210   6  18
6211   6  19
6212   6  20
6213   6  21
6214   6  22
6215   6  23
6216   6  24
6217   5   1
6218   5   2
6219   5   3
6220   5   4
6221   5   5
6222   5   6
6223   5   7
6224   5   8
6225   5   9
6226   5  10
6227   5  11
6228   5  12
6229   5  13
6230   5  14
6231   5  15
6232   5  16
6233   5  17
6234   5  18
6235   5  19
6236   5  20
6237   5  21
6238   5  22
6239   5  23
6240   5  24
6241   5   1
6242   5   2
6243   5   3
6244   5   4
6245   5   5
6246   5   6
6247   5   7
6248   5   8
6249   5   9
6250   5  10
6251   5  11
6252   5  12
6253   5  13
6254   5  14
6255   5  15
6256   5  16
6257   5  17
6258   5  18
6259   5  19
6260   5  20
6261   5  21
6262   5  22
6263   5  23
6264   5  24
6265   7   1
6266   7   2
6267   7   3
6268   7   4
6269   7   5
6270   7   6
6271   7   7
6272   7   8
6273   7   9
6274   7  10
6275   7  11
6276   7  12
6277   7  13
6278   7  14
6279   7  15
6280   7  16
6281   7  17
6282   7  18
6283   7  19
6284   7  20
6285   7  21
6286   7  22
6287   7  23
6288   7  24
6289   7   1
6290   7   2
6291   7   3
6292   7   4
6293   7   5
6294   7   6
6295   7   7
6296   7   8
6297   7   9
6298   7  10
6299   7  11
6300   7  12
6301   7  13
6302   7  14
6303   7  15
6304   7  16
6305   7  17
6306   7  18
6307   7  19
6308   7  20
6309   7  21
6310   7  22
6311   7  23
6312   7  24
6313   7   1
6314   7   2
6315   7   3
6316   7   4
6317   7   5
6318   7   6
6319   7   7
6320   7   8
6321   7   9
6322   7  10
6323   7  11
6324   7  12
6325   7  13
6326   7  14
6327   7  15
6328   7  16
6329   7  17
6330   7  18
6331   7  19
6332   7  20
6333   7  21
6334   7  22
6335   7  23
6336   7  24
6337   7   1
6338   7   2
6339   7   3
6340   7   4
6341   7   5
6342   7   6
6343   7   7
6344   7   8
6345   7   9
6346   7  10
6347   7  11
6348   7  12
6349   7  13
6350   7  14
6351   7  15
6352   7  16
6353   7  17
6354   7  18
6355   7  19
6356   7  20
6357   7  21
6358   7  22
6359   7  23
6360   7  24
6361   7   1
6362   7   2
6363   7   3
6364   7   4
6365   7   5
6366   7   6
6367   7   7
6368   7   8
6369   7   9
6370   7  10
6371   7  11
6372   7  12
6373   7  13
6374   7  14
6375   7  15
6376   7  16
6377   7  17
6378   7  18
6379   7  19
6380   7  20
6381   7  21
6382   7  22
6383   7  23
6384   7  24
6385   7   1
6386   7   2
6387   7   3
6388   7   4
6389   7   5
6390   7   6
6391   7   7
6392   7   8
6393   7   9
6394   7  10
6395   7  11
6396   7  12
6397   7  13
6398   7  14
6399   7  15
6400   7  16
6401   7  17
6402   7  18
6403   7  19
6404   7  20
6405   7  21
6406   7  22
6407   7  23
6408   7  24
6409   7   1
6410   7   2
6411   7   3
6412   7   4
6413   7   5
6414   7   6
6415   7   7
6416   7   8
6417   7   9
6418   7  10
6419   7  11
6420   7  12
6421   7  13
6422   7  14
6423   7  15
6424   7  16
6425   7  17
6426   7  18
6427   7  19
6428   7  20
6429   7  21
6430   7  22
6431   7  23
6432   7  24
6433   7   1
6434   7   2
6435   7   3
6436   7   4
6437   7   5
6438   7   6
6439   7   7
6440   7   8
6441   7   9
6442   7  10
6443   7  11
6444   7  12
6445   7  13
6446   7  14
6447   7  15
6448   7  16
6449   7  17
6450   7  18
6451   7  19
6452   7  20
6453   7  21
6454   7  22
6455   7  23
6456   7  24
6457   7   1
6458   7   2
6459   7   3
6460   7   4
6461   7   5
6462   7   6
6463   7   7
6464   7   8
6465   7   9
6466   7  10
6467   7  11
6468   7  12
6469   7  13
6470   7  14
6471   7  15
6472   7  16
6473   7  17
6474   7  18
6475   7  19
6476   7  20
6477   7  21
6478   7  22
6479   7  23
6480   7  24
6481   7   1
6482   7   2
6483   7   3
6484   7   4
6485   7   5
6486   7   6
6487   7   7
6488   7   8
6489   7   9
6490   7  10
6491   7  11
6492   7  12
6493   7  13
6494   7  14
6495   7  15
6496   7  16
6497   7  17
6498   7  18
6499   7  19
6500   7  20
6501   7  21
6502   7  22
6503   7  23
6504   7  24
6505   7   1
6506   7   2
6507   7   3
6508   7   4
6509   7   5
6510   7   6
6511   7   7
6512   7   8
6513   7   9
6514   7  10
6515   7  11
6516   7  12
6517   7  13
6518   7  14
6519   7  15
6520   7  16
6521   7  17
6522   7  18
6523   7  19
6524   7  20
6525   7  21
6526   7  22
6527   7  23
6528   7  24
6529   7   1
6530   7   2
6531   7   3
6532   7   4
6533   7   5
6534   7   6
6535   7   7
6536   7   8
6537   7   9
6538   7  10
6539   7  11
6540   7  12
6541   7  13
6542   7  14
6543   7  15
6544   7  16
6545   7  17
6546   7  18
6547   7  19
6548   7  20
6549   7  21
6550   7  22
6551   7  23
6552   7  24
6553   7   1
6554   7   2
6555   7   3
6556   7   4
6557   7   5
6558   7   6
6559   7   7
6560   7   8
6561   7   9
6562   7  10
6563   7  11
6564   7  12
6565   7  13
6566   7  14
6567   7  15
6568   7  16
6569   7  17
6570   7  18
6571   7  19
6572   7  20
6573   7  21
6574   7  22
6575   7  23
6576   7  24
6577   7   1
6578   7   2
6579   7   3
6580   7   4
6581   7   5
6582   7   6
6583   7   7
6584   7   8
6585   7   9
6586   7  10
6587   7  11
6588   7  12
6589   7  13
6590   7  14
6591   7  15
6592   7  16
6593   7  17
6594   7  18
6595   7  19
6596   7  20
6597   7  21
6598   7  22
6599   7  23
6600   7  24
6601   7   1
6602   7   2
6603   7   3
6604   7   4
6605   7   5
6606   7   6
6607   7   7
6608   7   8
6609   7   9
6610   7  10
6611   7  11
6612   7  12
6613   7  13
6614   7  14
6615   7  15
6616   7  16
6617   7  17
6618   7  18
6619   7  19
6620   7  20
6621   7  21
6622   7  22
6623   7  23
6624   7  24
6625   7   1
6626   7   2
6627   7   3
6628   7   4
6629   7   5
6630   7   6
6631   7   7
6632   7   8
6633   7   9
6634   7  10
6635   7  11
6636   7  12
6637   7  13
6638   7  14
6639   7  15
6640   7  16
6641   7  17
6642   7  18
6643   7  19
6644   7  20
6645   7  21
6646   7  22
6647   7  23
6648   7  24
6649   5   1
6650   5   2
6651   5   3
6652   5   4
6653   5   5
6654   5   6
6655   5   7
6656   5   8
6657   5   9
6658   5  10
6659   5  11
6660   5  12
6661   5  13
6662   5  14
6663   5  15
6664   5  16
6665   5  17
6666   5  18
6667   5  19
6668   5  20
6669   5  21
6670   5  22
6671   5  23
6672   5  24
6673   5   1
6674   5   2
6675   5   3
6676   5   4
6677   5   5
6678   5   6
6679   5   7
6680   5   8
6681   5   9
6682   5  10
6683   5  11
6684   5  12
6685   5  13
6686   5  14
6687   5  15
6688   5  16
6689   5  17
6690   5  18
6691   5  19
6692   5  20
6693   5  21
6694   5  22
6695   5  23
6696   5  24
6697   5   1
6698   5   2
6699   5   3
6700   5   4
6701   5   5
6702   5   6
6703   5   7
6704   5   8
6705   5   9
6706   5  10
6707   5  11
6708   5  12
6709   5  13
6710   5  14
6711   5  15
6712   5  16
6713   5  17
6714   5  18
6715   5  19
6716   5  20
6717   5  21
6718   5  22
6719   5  23
6720   5  24
6721   5   1
6722   5   2
6723   5   3
6724   5   4
6725   5   5
6726   5   6
6727   5   7
6728   5   8
6729   5   9
6730   5  10
6731   5  11
6732   5  12
6733   5  13
6734   5  14
6735   5  15
6736   5  16
6737   5  17
6738   5  18
6739   5  19
6740   5  20
6741   5  21
6742   5  22
6743   5  23
6744   5  24
6745   5   1
6746   5   2
6747   5   3
6748   5   4
6749   5   5
6750   5   6
6751   5   7
6752   5   8
6753   5   9
6754   5  10
6755   5  11
6756   5  12
6757   5  13
6758   5  14
6759   5  15
6760   5  16
6761   5  17
6762   5  18
6763   5  19
6764   5  20
6765   5  21
6766   5  22
6767   5  23
6768   5  24
6769   3   1
6770   3   2
6771   3   3
6772   3   4
6773   3   5
6774   3   6
6775   3   7
6776   3   8
6777   3   9
6778   3  10
6779   3  11
6780   3  12
6781   3  13
6782   3  14
6783   3  15
6784   3  16
6785   3  17
6786   3  18
6787   3  19
6788   3  20
6789   3  21
6790   3  22
6791   3  23
6792   3  24
6793   3   1
6794   3   2
6795   3   3
6796   3   4
6797   3   5
6798   3   6
6799   3   7
6800   3   8
6801   3   9
6802   3  10
6803   3  11
6804   3  12
6805   3  13
6806   3  14
6807   3  15
6808   3  16
6809   3  17
6810   3  18
6811   3  19
6812   3  20
6813   3  21
6814   3  22
6815   3  23
6816   3  24
6817   4   1
6818   4   2
6819   4   3
6820   4   4
6821   4   5
6822   4   6
6823   4   7
6824   4   8
6825   4   9
6826   4  10
6827   4  11
6828   4  12
6829   4  13
6830   4  14
6831   4  15
6832   4  16
6833   4  17
6834   4  18
6835   4  19
6836   4  20
6837   4  21
6838   4  22
6839   4  23
6840   4  24
6841   5   1
6842   5   2
6843   5   3
6844   5   4
6845   5   5
6846   5   6
6847   5   7
6848   5   8
6849   5   9
6850   5  10
6851   5  11
6852   5  12
6853   5  13
6854   5  14
6855   5  15
6856   5  16
6857   5  17
6858   5  18
6859   5  19
6860   5  20
6861   5  21
6862   5  22
6863   5  23
6864   5  24
6865   6   1
6866   6   2
6867   6   3
6868   6   4
6869   6   5
6870   6   6
6871   6   7
6872   6   8
6873   6   9
6874   6  10
6875   6  11
6876   6  12
6877   6  13
6878   6  14
6879   6  15
6880   6  16
6881   6  17
6882   6  18
6883   6  19
6884   6  20
6885   6  21
6886   6  22
6887   6  23
6888   6  24
6889   6   1
6890   6   2
6891   6   3
6892   6   4
6893   6   5
6894   6   6
6895   6   7
6896   6   8
6897   6   9
6898   6  10
6899   6  11
6900   6  12
6901   6  13
6902   6  14
6903   6  15
6904   6  16
6905   6  17
6906   6  18
6907   6  19
6908   6  20
6909   6  21
6910   6  22
6911   6  23
6912   6  24
6913   5   1
6914   5   2
6915   5   3
6916   5   4
6917   5   5
6918   5   6
6919   5   7
6920   5   8
6921   5   9
6922   5  10
6923   5  11
6924   5  12
6925   5  13
6926   5  14
6927   5  15
6928   5  16
6929   5  17
6930   5  18
6931   5  19
6932   5  20
6933   5  21
6934   5  22
6935   5  23
6936   5  24
6937   5   1
6938   5   2
6939   5   3
6940   5   4
6941   5   5
6942   5   6
6943   5   7
6944   5   8
6945   5   9
6946   5  10
6947   5  11
6948   5  12
6949   5  13
6950   5  14
6951   5  15
6952   5  16
6953   5  17
6954   5  18
6955   5  19
6956   5  20
6957   5  21
6958   5  22
6959   5  23
6960   5  24
6961   5   1
6962   5   2
6963   5   3
6964   5   4
6965   5   5
6966   5   6
6967   5   7
6968   5   8
6969   5   9
6970   5  10
6971   5  11
6972   5  12
6973   5  13
6974   5  14
6975   5  15
6976   5  16
6977   5  17
6978   5  18
6979   5  19
6980   5  20
6981   5  21
6982   5  22
6983   5  23
6984   5  24
6985   7   1
6986   7   2
6987   7   3
6988   7   4
6989   7   5
6990   7   6
6991   7   7
6992   7   8
6993   7   9
6994   7  10
6995   7  11
6996   7  12
6997   7  13
6998   7  14
6999   7  15
7000   7  16
7001   7  17
7002   7  18
7003   7  19
7004   7  20
7005   7  21
7006   7  22
7007   7  23
7008   7  24
7009   5   1
7010   5   2
7011   5   3
7012   5   4
7013   5   5
7014   5   6
7015   5   7
7016   5   8
7017   5   9
7018   5  10
7019   5  11
7020   5  12
7021   5  13
7022   5  14
7023   5  15
7024   5  16
7025   5  17
7026   5  18
7027   5  19
7028   5  20
7029   5  21
7030   5  22
7031   5  23
7032   5  24
7033   7   1
7034   7   2
7035   7   3
7036   7   4
7037   7   5
7038   7   6
7039   7   7
7040   7   8
7041   7   9
7042   7  10
7043   7  11
7044   7  12
7045   7  13
7046   7  14
7047   7  15
7048   7  16
7049   7  17
7050   7  18
7051   7  19
7052   7  20
7053   7  21
7054   7  22
7055   7  23
7056   7  24
7057   7   1
7058   7   2
7059   7   3
7060   7   4
7061   7   5
7062   7   6
7063   7   7
7064   7   8
7065   7   9
7066   7  10
7067   7  11
7068   7  12
7069   7  13
7070   7  14
7071   7  15
7072   7  16
7073   7  17
7074   7  18
7075   7  19
7076   7  20
7077   7  21
7078   7  22
7079   7  23
7080   7  24
7081   6   1
7082   6   2
7083   6   3
7084   6   4
7085   6   5
7086   6   6
7087   6   7
7088   6   8
7089   6   9
7090   6  10
7091   6  11
7092   6  12
7093   6  13
7094   6  14
7095   6  15
7096   6  16
7097   6  17
7098   6  18
7099   6  19
7100   6  20
7101   6  21
7102   6  22
7103   6  23
7104   6  24
7105   5   1
7106   5   2
7107   5   3
7108   5   4
7109   5   5
7110   5   6
7111   5   7
7112   5   8
7113   5   9
7114   5  10
7115   5  11
7116   5  12
7117   5  13
7118   5  14
7119   5  15
7120   5  16
7121   5  17
7122   5  18
7123   5  19
7124   5  20
7125   5  21
7126   5  22
7127   5  23
7128   5  24
7129   7   1
7130   7   2
7131   7   3
7132   7   4
7133   7   5
7134   7   6
7135   7   7
7136   7   8
7137   7   9
7138   7  10
7139   7  11
7140   7  12
7141   7  13
7142   7  14
7143   7  15
7144   7  16
7145   7  17
7146   7  18
7147   7  19
7148   7  20
7149   7  21
7150   7  22
7151   7  23
7152   7  24
7153   7   1
7154   7   2
7155   7   3
7156   7   4
7157   7   5
7158   7   6
7159   7   7
7160   7   8
7161   7   9
7162   7  10
7163   7  11
7164   7  12
7165   7  13
7166   7  14
7167   7  15
7168   7  16
7169   7  17
7170   7  18
7171   7  19
7172   7  20
7173   7  21
7174   7  22
7175   7  23
7176   7  24
7177   6   1
7178   6   2
7179   6   3
7180   6   4
7181   6   5
7182   6   6
7183   6   7
7184   6   8
7185   6   9
7186   6  10
7187   6  11
7188   6  12
7189   6  13
7190   6  14
7191   6  15
7192   6  16
7193   6  17
7194   6  18
7195   6  19
7196   6  20
7197   6  21
7198   6  22
7199   6  23
7200   6  24
7201   7   1
7202   7   2
7203   7   3
7204   7   4
7205   7   5
7206   7   6
7207   7   7
7208   7   8
7209   7   9
7210   7  10
7211   7  11
7212   7  12
7213   7  13
7214   7  14
7215   7  15
7216   7  16
7217   7  17
7218   7  18
7219   7  19
7220   7  20
7221   7  21
7222   7  22
7223   7  23
7224   7  24
7225   6   1
7226   6   2
7227   6   3
7228   6   4
7229   6   5
7230   6   6
7231   6   7
7232   6   8
7233   6   9
7234   6  10
7235   6  11
7236   6  12
7237   6  13
7238   6  14
7239   6  15
7240   6  16
7241   6  17
7242   6  18
7243   6  19
7244   6  20
7245   6  21
7246   6  22
7247   6  23
7248   6  24
7249   6   1
7250   6   2
7251   6   3
7252   6   4
7253   6   5
7254   6   6
7255   6   7
7256   6   8
7257   6   9
7258   6  10
7259   6  11
7260   6  12
7261   6  13
7262   6  14
7263   6  15
7264   6  16
7265   6  17
7266   6  18
7267   6  19
7268   6  20
7269   6  21
7270   6  22
7271   6  23
7272   6  24
7273   6   1
7274   6   2
7275   6   3
7276   6   4
7277   6   5
7278   6   6
7279   6   7
7280   6   8
7281   6   9
7282   6  10
7283   6  11
7284   6  12
7285   6  13
7286   6  14
7287   6  15
7288   6  16
7289   6  17
7290   6  18
7291   6  19
7292   6  20
7293   6  21
7294   6  22
7295   6  23
7296   6  24
7297   5   1
7298   5   2
7299   5   3
7300   5   4
7301   5   5
7302   5   6
7303   5   7
7304   5   8
7305   5   9
7306   5  10
7307   5  11
7308   5  12
7309   5  13
7310   5  14
7311   5  15
7312   5  16
7313   5  17
7314   5  18
7315   5  19
7316   5  20
7317   5  21
7318   5  22
7319   5  23
7320   5  24
7321   5   1
7322   5   2
7323   5   3
7324   5   4
7325   5   5
7326   5   6
7327   5   7
7328   5   8
7329   5   9
7330   5  10
7331   5  11
7332   5  12
7333   5  13
7334   5  14
7335   5  15
7336   5  16
7337   5  17
7338   5  18
7339   5  19
7340   5  20
7341   5  21
7342   5  22
7343   5  23
7344   5  24
7345   5   1
7346   5   2
7347   5   3
7348   5   4
7349   5   5
7350   5   6
7351   5   7
7352   5   8
7353   5   9
7354   5  10
7355   5  11
7356   5  12
7357   5  13
7358   5  14
7359   5  15
7360   5  16
7361   5  17
7362   5  18
7363   5  19
7364   5  20
7365   5  21
7366   5  22
7367   5  23
7368   5  24
7369   6   1
7370   6   2
7371   6   3
7372   6   4
7373   6   5
7374   6   6
7375   6   7
7376   6   8
7377   6   9
7378   6  10
7379   6  11
7380   6  12
7381   6  13
7382   6  14
7383   6  15
7384   6  16
7385   6  17
7386   6  18
7387   6  19
7388   6  20
7389   6  21
7390   6  22
7391   6  23
7392   6  24
7393   6   1
7394   6   2
7395   6   3
7396   6   4
7397   6   5
7398   6   6
7399   6   7
7400   6   8
7401   6   9
7402   6  10
7403   6  11
7404   6  12
7405   6  13
7406   6  14
7407   6  15
7408   6  16
7409   6  17
7410   6  18
7411   6  19
7412   6  20
7413   6  21
7414   6  22
7415   6  23
7416   6  24
7417   5   1
7418   5   2
7419   5   3
7420   5   4
7421   5   5
7422   5   6
7423   5   7
7424   5   8
7425   5   9
7426   5  10
7427   5  11
7428   5  12
7429   5  13
7430   5  14
7431   5  15
7432   5  16
7433   5  17
7434   5  18
7435   5  19
7436   5  20
7437   5  21
7438   5  22
7439   5  23
7440   5  24
7441   6   1
7442   6   2
7443   6   3
7444   6   4
7445   6   5
7446   6   6
7447   6   7
7448   6   8
7449   6   9
7450   6  10
7451   6  11
7452   6  12
7453   6  13
7454   6  14
7455   6  15
7456   6  16
7457   6  17
7458   6  18
7459   6  19
7460   6  20
7461   6  21
7462   6  22
7463   6  23
7464   6  24
7465   6   1
7466   6   2
7467   6   3
7468   6   4
7469   6   5
7470   6   6
7471   6   7
7472   6   8
7473   6   9
7474   6  10
7475   6  11
7476   6  12
7477   6  13
7478   6  14
7479   6  15
7480   6  16
7481   6  17
7482   6  18
7483   6  19
7484   6  20
7485   6  21
7486   6  22
7487   6  23
7488   6  24
7489   6   1
7490   6   2
7491   6   3
7492   6   4
7493   6   5
7494   6   6
7495   6   7
7496   6   8
7497   6   9
7498   6  10
7499   6  11
7500   6  12
7501   6  13
7502   6  14
7503   6  15
7504   6  16
7505   6  17
7506   6  18
7507   6  19
7508   6  20
7509   6  21
7510   6  22
7511   6  23
7512   6  24
7513   6   1
7514   6   2
7515   6   3
7516   6   4
7517   6   5
7518   6   6
7519   6   7
7520   6   8
7521   6   9
7522   6  10
7523   6  11
7524   6  12
7525   6  13
7526   6  14
7527   6  15
7528   6  16
7529   6  17
7530   6  18
7531   6  19
7532   6  20
7533   6  21
7534   6  22
7535   6  23
7536   6  24
7537   6   1
7538   6   2
7539   6   3
7540   6   4
7541   6   5
7542   6   6
7543   6   7
7544   6   8
7545   6   9
7546   6  10
7547   6  11
7548   6  12
7549   6  13
7550   6  14
7551   6  15
7552   6  16
7553   6  17
7554   6  18
7555   6  19
7556   6  20
7557   6  21
7558   6  22
7559   6  23
7560   6  24
7561   5   1
7562   5   2
7563   5   3
7564   5   4
7565   5   5
7566   5   6
7567   5   7
7568   5   8
7569   5   9
7570   5  10
7571   5  11
7572   5  12
7573   5  13
7574   5  14
7575   5  15
7576   5  16
7577   5  17
7578   5  18
7579   5  19
7580   5  20
7581   5  21
7582   5  22
7583   5  23
7584   5  24
7585   6   1
7586   6   2
7587   6   3
7588   6   4
7589   6   5
7590   6   6
7591   6   7
7592   6   8
7593   6   9
7594   6  10
7595   6  11
7596   6  12
7597   6  13
7598   6  14
7599   6  15
7600   6  16
7601   6  17
7602   6  18
7603   6  19
7604   6  20
7605   6  21
7606   6  22
7607   6  23
7608   6  24
7609   6   1
7610   6   2
7611   6   3
7612   6   4
7613   6   5
7614   6   6
7615   6   7
7616   6   8
7617   6   9
7618   6  10
7619   6  11
7620   6  12
7621   6  13
7622   6  14
7623   6  15
7624   6  16
7625   6  17
7626   6  18
7627   6  19
7628   6  20
7629   6  21
7630   6  22
7631   6  23
7632   6  24
7633   6   1
7634   6   2
7635   6   3
7636   6   4
7637   6   5
7638   6   6
7639   6   7
7640   6   8
7641   6   9
7642   6  10
7643   6  11
7644   6  12
7645   6  13
7646   6  14
7647   6  15
7648   6  16
7649   6  17
7650   6  18
7651   6  19
7652   6  20
7653   6  21
7654   6  22
7655   6  23
7656   6  24
7657   6   1
7658   6   2
7659   6   3
7660   6   4
7661   6   5
7662   6   6
7663   6   7
7664   6   8
7665   6   9
7666   6  10
7667   6  11
7668   6  12
7669   6  13
7670   6  14
7671   6  15
7672   6  16
7673   6  17
7674   6  18
7675   6  19
7676   6  20
7677   6  21
7678   6  22
7679   6  23
7680   6  24
7681   6   1
7682   6   2
7683   6   3
7684   6   4
7685   6   5
7686   6   6
7687   6   7
7688   6   8
7689   6   9
7690   6  10
7691   6  11
7692   6  12
7693   6  13
7694   6  14
7695   6  15
7696   6  16
7697   6  17
7698   6  18
7699   6  19
7700   6  20
7701   6  21
7702   6  22
7703   6  23
7704   6  24
7705   6   1
7706   6   2
7707   6   3
7708   6   4
7709   6   5
7710   6   6
7711   6   7
7712   6   8
7713   6   9
7714   6  10
7715   6  11
7716   6  12
7717   6  13
7718   6  14
7719   6  15
7720   6  16
7721   6  17
7722   6  18
7723   6  19
7724   6  20
7725   6  21
7726   6  22
7727   6  23
7728   6  24
7729   6   1
7730   6   2
7731   6   3
7732   6   4
7733   6   5
7734   6   6
7735   6   7
7736   6   8
7737   6   9
7738   6  10
7739   6  11
7740   6  12
7741   6  13
7742   6  14
7743   6  15
7744   6  16
7745   6  17
7746   6  18
7747   6  19
7748   6  20
7749   6  21
7750   6  22
7751   6  23
7752   6  24
7753   6   1
7754   6   2
7755   6   3
7756   6   4
7757   6   5
7758   6   6
7759   6   7
7760   6   8
7761   6   9
7762   6  10
7763   6  11
7764   6  12
7765   6  13
7766   6  14
7767   6  15
7768   6  16
7769   6  17
7770   6  18
7771   6  19
7772   6  20
7773   6  21
7774   6  22
7775   6  23
7776   6  24
7777   5   1
7778   5   2
7779   5   3
7780   5   4
7781   5   5
7782   5   6
7783   5   7
7784   5   8
7785   5   9
7786   5  10
7787   5  11
7788   5  12
7789   5  13
7790   5  14
7791   5  15
7792   5  16
7793   5  17
7794   5  18
7795   5  19
7796   5  20
7797   5  21
7798   5  22
7799   5  23
7800   5  24
7801   6   1
7802   6   2
7803   6   3
7804   6   4
7805   6   5
7806   6   6
7807   6   7
7808   6   8
7809   6   9
7810   6  10
7811   6  11
7812   6  12
7813   6  13
7814   6  14
7815   6  15
7816   6  16
7817   6  17
7818   6  18
7819   6  19
7820   6  20
7821   6  21
7822   6  22
7823   6  23
7824   6  24
7825   3   1
7826   3   2
7827   3   3
7828   3   4
7829   3   5
7830   3   6
7831   3   7
7832   3   8
7833   3   9
7834   3  10
7835   3  11
7836   3  12
7837   3  13
7838   3  14
7839   3  15
7840   3  16
7841   3  17
7842   3  18
7843   3  19
7844   3  20
7845   3  21
7846   3  22
7847   3  23
7848   3  24
7849   3   1
7850   3   2
7851   3   3
7852   3   4
7853   3   5
7854   3   6
7855   3   7
7856   3   8
7857   3   9
7858   3  10
7859   3  11
7860   3  12
7861   3  13
7862   3  14
7863   3  15
7864   3  16
7865   3  17
7866   3  18
7867   3  19
7868   3  20
7869   3  21
7870   3  22
7871   3  23
7872   3  24
7873   3   1
7874   3   2
7875   3   3
7876   3   4
7877   3   5
7878   3   6
7879   3   7
7880   3   8
7881   3   9
7882   3  10
7883   3  11
7884   3  12
7885   3  13
7886   3  14
7887   3  15
7888   3  16
7889   3  17
7890   3  18
7891   3  19
7892   3  20
7893   3  21
7894   3  22
7895   3  23
7896   3  24
7897   3   1
7898   3   2
7899   3   3
7900   3   4
7901   3   5
7902   3   6
7903   3   7
7904   3   8
7905   3   9
7906   3  10
7907   3  11
7908   3  12
7909   3  13
7910   3  14
7911   3  15
7912   3  16
7913   3  17
7914   3  18
7915   3  19
7916   3  20
7917   3  21
7918   3  22
7919   3  23
7920   3  24
7921   3   1
7922   3   2
7923   3   3
7924   3   4
7925   3   5
7926   3   6
7927   3   7
7928   3   8
7929   3   9
7930   3  10
7931   3  11
7932   3  12
7933   3  13
7934   3  14
7935   3  15
7936   3  16
7937   3  17
7938   3  18
7939   3  19
7940   3  20
7941   3  21
7942   3  22
7943   3  23
7944   3  24
7945   3   1
7946   3   2
7947   3   3
7948   3   4
7949   3   5
7950   3   6
7951   3   7
7952   3   8
7953   3   9
7954   3  10
7955   3  11
7956   3  12
7957   3  13
7958   3  14
7959   3  15
7960   3  16
7961   3  17
7962   3  18
7963   3  19
7964   3  20
7965   3  21
7966   3  22
7967   3  23
7968   3  24
7969   3   1
7970   3   2
7971   3   3
7972   3   4
7973   3   5
7974   3   6
7975   3   7
7976   3   8
7977   3   9
7978   3  10
7979   3  11
7980   3  12
7981   3  13
7982   3  14
7983   3  15
7984   3  16
7985   3  17
7986   3  18
7987   3  19
7988   3  20
7989   3  21
7990   3  22
7991   3  23
7992   3  24
7993   6   1
7994   6   2
7995   6   3
7996   6   4
7997   6   5
7998   6   6
7999   6   7
8000   6   8
8001   6   9
8002   6  10
8003   6  11
8004   6  12
8005   6  13
8006   6  14
8007   6  15
8008   6  16
8009   6  17
8010   6  18
8011   6  19
8012   6  20
8013   6  21
8014   6  22
8015   6  23
8016   6  24
8017   3   1
8018   3   2
8019   3   3
8020   3   4
8021   3   5
8022   3   6
8023   3   7
8024   3   8
8025   3   9
8026   3  10
8027   3  11
8028   3  12
8029   3  13
8030   3  14
8031   3  15
8032   3  16
8033   3  17
8034   3  18
8035   3  19
8036   3  20
8037   3  21
8038   3  22
8039   3  23
8040   3  24
8041   3   1
8042   3   2
8043   3   3
8044   3   4
8045   3   5
8046   3   6
8047   3   7
8048   3   8
8049   3   9
8050   3  10
8051   3  11
8052   3  12
8053   3  13
8054   3  14
8055   3  15
8056   3  16
8057   3  17
8058   3  18
8059   3  19
8060   3  20
8061   3  21
8062   3  22
8063   3  23
8064   3  24
8065   3   1
8066   3   2
8067   3   3
8068   3   4
8069   3   5
8070   3   6
8071   3   7
8072   3   8
8073   3   9
8074   3  10
8075   3  11
8076   3  12
8077   3  13
8078   3  14
8079   3  15
8080   3  16
8081   3  17
8082   3  18
8083   3  19
8084   3  20
8085   3  21
8086   3  22
8087   3  23
8088   3  24
8089   3   1
8090   3   2
8091   3   3
8092   3   4
8093   3   5
8094   3   6
8095   3   7
8096   3   8
8097   3   9
8098   3  10
8099   3  11
8100   3  12
8101   3  13
8102   3  14
8103   3  15
8104   3  16
8105   3  17
8106   3  18
8107   3  19
8108   3  20
8109   3  21
8110   3  22
8111   3  23
8112   3  24
8113   3   1
8114   3   2
8115   3   3
8116   3   4
8117   3   5
8118   3   6
8119   3   7
8120   3   8
8121   3   9
8122   3  10
8123   3  11
8124   3  12
8125   3  13
8126   3  14
8127   3  15
8128   3  16
8129   3  17
8130   3  18
8131   3  19
8132   3  20
8133   3  21
8134   3  22
8135   3  23
8136   3  24
8137   3   1
8138   3   2
8139   3   3
8140   3   4
8141   3   5
8142   3   6
8143   3   7
8144   3   8
8145   3   9
8146   3  10
8147   3  11
8148   3  12
8149   3  13
8150   3  14
8151   3  15
8152   3  16
8153   3  17
8154   3  18
8155   3  19
8156   3  20
8157   3  21
8158   3  22
8159   3  23
8160   3  24
8161   3   1
8162   3   2
8163   3   3
8164   3   4
8165   3   5
8166   3   6
8167   3   7
8168   3   8
8169   3   9
8170   3  10
8171   3  11
8172   3  12
8173   3  13
8174   3  14
8175   3  15
8176   3  16
8177   3  17
8178   3  18
8179   3  19
8180   3  20
8181   3  21
8182   3  22
8183   3  23
8184   3  24
8185   3   1
8186   3   2
8187   3   3
8188   3   4
8189   3   5
8190   3   6
8191   3   7
8192   3   8
8193   3   9
8194   3  10
8195   3  11
8196   3  12
8197   3  13
8198   3  14
8199   3  15
8200   3  16
8201   3  17
8202   3  18
8203   3  19
8204   3  20
8205   3  21
8206   3  22
8207   3  23
8208   3  24
8209   3   1
8210   3   2
8211   3   3
8212   3   4
8213   3   5
8214   3   6
8215   3   7
8216   3   8
8217   3   9
8218   3  10
8219   3  11
8220   3  12
8221   3  13
8222   3  14
8223   3  15
8224   3  16
8225   3  17
8226   3  18
8227   3  19
8228   3  20
8229   3  21
8230   3  22
8231   3  23
8232   3  24
8233   3   1
8234   3   2
8235   3   3
8236   3   4
8237   3   5
8238   3   6
8239   3   7
8240   3   8
8241   3   9
8242   3  10
8243   3  11
8244   3  12
8245   3  13
8246   3  14
8247   3  15
8248   3  16
8249   3  17
8250   3  18
8251   3  19
8252   3  20
8253   3  21
8254   3  22
8255   3  23
8256   3  24
8257   3   1
8258   3   2
8259   3   3
8260   3   4
8261   3   5
8262   3   6
8263   3   7
8264   3   8
8265   3   9
8266   3  10
8267   3  11
8268   3  12
8269   3  13
8270   3  14
8271   3  15
8272   3  16
8273   3  17
8274   3  18
8275   3  19
8276   3  20
8277   3  21
8278   3  22
8279   3  23
8280   3  24
8281   3   1
8282   3   2
8283   3   3
8284   3   4
8285   3   5
8286   3   6
8287   3   7
8288   3   8
8289   3   9
8290   3  10
8291   3  11
8292   3  12
8293   3  13
8294   3  14
8295   3  15
8296   3  16
8297   3  17
8298   3  18
8299   3  19
8300   3  20
8301   3  21
8302   3  22
8303   3  23
8304   3  24
8305   3   1
8306   3   2
8307   3   3
8308   3   4
8309   3   5
8310   3   6
8311   3   7
8312   3   8
8313   3   9
8314   3  10
8315   3  11
8316   3  12
8317   3  13
8318   3  14
8319   3  15
8320   3  16
8321   3  17
8322   3  18
8323   3  19
8324   3  20
8325   3  21
8326   3  22
8327   3  23
8328   3  24
8329   3   1
8330   3   2
8331   3   3
8332   3   4
8333   3   5
8334   3   6
8335   3   7
8336   3   8
8337   3   9
8338   3  10
8339   3  11
8340   3  12
8341   3  13
8342   3  14
8343   3  15
8344   3  16
8345   3  17
8346   3  18
8347   3  19
8348   3  20
8349   3  21
8350   3  22
8351   3  23
8352   3  24
8353   3   1
8354   3   2
8355   3   3
8356   3   4
8357   3   5
8358   3   6
8359   3   7
8360   3   8
8361   3   9
8362   3  10
8363   3  11
8364   3  12
8365   3  13
8366   3  14
8367   3  15
8368   3  16
8369   3  17
8370   3  18
8371   3  19
8372   3  20
8373   3  21
8374   3  22
8375   3  23
8376   3  24
8377   3   1
8378   3   2
8379   3   3
8380   3   4
8381   3   5
8382   3   6
8383   3   7
8384   3   8
8385   3   9
8386   3  10
8387   3  11
8388   3  12
8389   3  13
8390   3  14
8391   3  15
8392   3  16
8393   3  17
8394   3  18
8395   3  19
8396   3  20
8397   3  21
8398   3  22
8399   3  23
8400   3  24
8401   1   1
8402   1   2
8403   1   3
8404   1   4
8405   1   5
8406   1   6
8407   1   7
8408   1   8
8409   1   9
8410   1  10
8411   1  11
8412   1  12
8413   1  13
8414   1  14
8415   1  15
8416   1  16
8417   1  17
8418   1  18
8419   1  19
8420   1  20
8421   1  21
8422   1  22
8423   1  23
8424   1  24
8425   1   1
8426   1   2
8427   1   3
8428   1   4
8429   1   5
8430   1   6
8431   1   7
8432   1   8
8433   1   9
8434   1  10
8435   1  11
8436   1  12
8437   1  13
8438   1  14
8439   1  15
8440   1  16
8441   1  17
8442   1  18
8443   1  19
8444   1  20
8445   1  21
8446   1  22
8447   1  23
8448   1  24
8449   2   1
8450   2   2
8451   2   3
8452   2   4
8453   2   5
8454   2   6
8455   2   7
8456   2   8
8457   2   9
8458   2  10
8459   2  11
8460   2  12
8461   2  13
8462   2  14
8463   2  15
8464   2  16
8465   2  17
8466   2  18
8467   2  19
8468   2  20
8469   2  21
8470   2  22
8471   2  23
8472   2  24
8473   1   1
8474   1   2
8475   1   3
8476   1   4
8477   1   5
8478   1   6
8479   1   7
8480   1   8
8481   1   9
8482   1  10
8483   1  11
8484   1  12
8485   1  13
8486   1  14
8487   1  15
8488   1  16
8489   1  17
8490   1  18
8491   1  19
8492   1  20
8493   1  21
8494   1  22
8495   1  23
8496   1  24
8497   1   1
8498   1   2
8499   1   3
8500   1   4
8501   1   5
8502   1   6
8503   1   7
8504   1   8
8505   1   9
8506   1  10
8507   1  11
8508   1  12
8509   1  13
8510   1  14
8511   1  15
8512   1  16
8513   1  17
8514   1  18
8515   1  19
8516   1  20
8517   1  21
8518   1  22
8519   1  23
8520   1  24
8521   3   1
8522   3   2
8523   3   3
8524   3   4
8525   3   5
8526   3   6
8527   3   7
8528   3   8
8529   3   9
8530   3  10
8531   3  11
8532   3  12
8533   3  13
8534   3  14
8535   3  15
8536   3  16
8537   3  17
8538   3  18
8539   3  19
8540   3  20
8541   3  21
8542   3  22
8543   3  23
8544   3  24
8545   3   1
8546   3   2
8547   3   3
8548   3   4
8549   3   5
8550   3   6
8551   3   7
8552   3   8
8553   3   9
8554   3  10
8555   3  11
8556   3  12
8557   3  13
8558   3  14
8559   3  15
8560   3  16
8561   3  17
8562   3  18
8563   3  19
8564   3  20
8565   3  21
8566   3  22
8567   3  23
8568   3  24
8569   3   1
8570   3   2
8571   3   3
8572   3   4
8573   3   5
8574   3   6
8575   3   7
8576   3   8
8577   3   9
8578   3  10
8579   3  11
8580   3  12
8581   3  13
8582   3  14
8583   3  15
8584   3  16
8585   3  17
8586   3  18
8587   3  19
8588   3  20
8589   3  21
8590   3  22
8591   3  23
8592   3  24
8593   3   1
8594   3   2
8595   3   3
8596   3   4
8597   3   5
8598   3   6
8599   3   7
8600   3   8
8601   3   9
8602   3  10
8603   3  11
8604   3  12
8605   3  13
8606   3  14
8607   3  15
8608   3  16
8609   3  17
8610   3  18
8611   3  19
8612   3  20
8613   3  21
8614   3  22
8615   3  23
8616   3  24
8617   3   1
8618   3   2
8619   3   3
8620   3   4
8621   3   5
8622   3   6
8623   3   7
8624   3   8
8625   3   9
8626   3  10
8627   3  11
8628   3  12
8629   3  13
8630   3  14
8631   3  15
8632   3  16
8633   3  17
8634   3  18
8635   3  19
8636   3  20
8637   3  21
8638   3  22
8639   3  23
8640   3  24
8641   3   1
8642   3   2
8643   3   3
8644   3   4
8645   3   5
8646   3   6
8647   3   7
8648   3   8
8649   3   9
8650   3  10
8651   3  11
8652   3  12
8653   3  13
8654   3  14
8655   3  15
8656   3  16
8657   3  17
8658   3  18
8659   3  19
8660   3  20
8661   3  21
8662   3  22
8663   3  23
8664   3  24
8665   3   1
8666   3   2
8667   3   3
8668   3   4
8669   3   5
8670   3   6
8671   3   7
8672   3   8
8673   3   9
8674   3  10
8675   3  11
8676   3  12
8677   3  13
8678   3  14
8679   3  15
8680   3  16
8681   3  17
8682   3  18
8683   3  19
8684   3  20
8685   3  21
8686   3  22
8687   3  23
8688   3  24
8689   3   1
8690   3   2
8691   3   3
8692   3   4
8693   3   5
8694   3   6
8695   3   7
8696   3   8
8697   3   9
8698   3  10
8699   3  11
8700   3  12
8701   3  13
8702   3  14
8703   3  15
8704   3  16
8705   3  17
8706   3  18
8707   3  19
8708   3  20
8709   3  21
8710   3  22
8711   3  23
8712   3  24
8713   1   1
8714   1   2
8715   1   3
8716   1   4
8717   1   5
8718   1   6
8719   1   7
8720   1   8
8721   1   9
8722   1  10
8723   1  11
8724   1  12
8725   1  13
8726   1  14
8727   1  15
8728   1  16
8729   1  17
8730   1  18
8731   1  19
8732   1  20
8733   1  21
8734   1  22
8735   1  23
8736   1  24
8737   3   1
8738   3   2
8739   3   3
8740   3   4
8741   3   5
8742   3   6
8743   3   7
8744   3   8
8745   3   9
8746   3  10
8747   3  11
8748   3  12
8749   3  13
8750   3  14
8751   3  15
8752   3  16
8753   3  17
8754   3  18
8755   3  19
8756   3  20
8757   3  21
8758   3  22
8759   3  23
8760   3  24
;